
/home/Tashifeen/git/University/lab6/build/lab6_red.elf:     file format elf32-littlearm

Sections:
Idx Name          Size      VMA       LMA       File off  Algn
  0 .boot2        00000100  10000000  10000000  00001000  2**0
                  CONTENTS, ALLOC, LOAD, READONLY, CODE
  1 .text         00004bc0  10000100  10000100  00001100  2**3
                  CONTENTS, ALLOC, LOAD, READONLY, CODE
  2 .rodata       00000470  10004cc0  10004cc0  00005cc0  2**2
                  CONTENTS, ALLOC, LOAD, READONLY, DATA
  3 .binary_info  0000002c  10005130  10005130  00006130  2**2
                  CONTENTS, ALLOC, LOAD, READONLY, DATA
  4 .ram_vector_table 000000c0  20000000  20000000  00009000  2**2
                  ALLOC
  5 .uninitialized_data 00000000  200000c0  200000c0  000080c8  2**0
                  CONTENTS
  6 .data         00001008  200000c0  1000515c  000070c0  2**4
                  CONTENTS, ALLOC, LOAD, READONLY, CODE
  7 .tdata        00000000  200010c8  200010c8  000080c8  2**0
                  CONTENTS, ALLOC, LOAD, DATA, THREAD_LOCAL
  8 .tbss         00000000  200010c8  200010c8  00000000  2**0
                  ALLOC, THREAD_LOCAL
  9 .bss          000010a4  200010c8  10006164  000080c8  2**3
                  ALLOC
 10 .heap         00000800  2000216c  10006164  0000816c  2**2
                  ALLOC, READONLY
 11 .scratch_x    00000000  20040000  20040000  000080c8  2**0
                  CONTENTS
 12 .scratch_y    00000000  20041000  20041000  000080c8  2**0
                  CONTENTS
 13 .stack_dummy  00000800  20041000  20041000  00009000  2**5
                  ALLOC, READONLY
 14 .ARM.attributes 00000028  00000000  00000000  000080c8  2**0
                  CONTENTS, READONLY
 15 .comment      0000004c  00000000  00000000  000080f0  2**0
                  CONTENTS, READONLY
 16 .debug_info   00033f23  00000000  00000000  0000813c  2**0
                  CONTENTS, READONLY, DEBUGGING, OCTETS
 17 .debug_abbrev 00009790  00000000  00000000  0003c05f  2**0
                  CONTENTS, READONLY, DEBUGGING, OCTETS
 18 .debug_loclists 0001c3f0  00000000  00000000  000457ef  2**0
                  CONTENTS, READONLY, DEBUGGING, OCTETS
 19 .debug_aranges 00001740  00000000  00000000  00061be0  2**3
                  CONTENTS, READONLY, DEBUGGING, OCTETS
 20 .debug_rnglists 00004a00  00000000  00000000  00063320  2**0
                  CONTENTS, READONLY, DEBUGGING, OCTETS
 21 .debug_line   000238af  00000000  00000000  00067d20  2**0
                  CONTENTS, READONLY, DEBUGGING, OCTETS
 22 .debug_str    00008fe5  00000000  00000000  0008b5cf  2**0
                  CONTENTS, READONLY, DEBUGGING, OCTETS
 23 .debug_frame  0000326c  00000000  00000000  000945b4  2**2
                  CONTENTS, READONLY, DEBUGGING, OCTETS
 24 .debug_line_str 000002c1  00000000  00000000  00097820  2**0
                  CONTENTS, READONLY, DEBUGGING, OCTETS

/home/Tashifeen/git/University/lab6/build/lab6_red.elf:     file format elf32-littlearm


Disassembly of section .boot2:

10000000 <__boot2_start__>:
10000000:	4b32b500 	.word	0x4b32b500
10000004:	60582021 	.word	0x60582021
10000008:	21026898 	.word	0x21026898
1000000c:	60984388 	.word	0x60984388
10000010:	611860d8 	.word	0x611860d8
10000014:	4b2e6158 	.word	0x4b2e6158
10000018:	60992100 	.word	0x60992100
1000001c:	61592102 	.word	0x61592102
10000020:	22f02101 	.word	0x22f02101
10000024:	492b5099 	.word	0x492b5099
10000028:	21016019 	.word	0x21016019
1000002c:	20356099 	.word	0x20356099
10000030:	f844f000 	.word	0xf844f000
10000034:	42902202 	.word	0x42902202
10000038:	2106d014 	.word	0x2106d014
1000003c:	f0006619 	.word	0xf0006619
10000040:	6e19f834 	.word	0x6e19f834
10000044:	66192101 	.word	0x66192101
10000048:	66182000 	.word	0x66182000
1000004c:	f000661a 	.word	0xf000661a
10000050:	6e19f82c 	.word	0x6e19f82c
10000054:	6e196e19 	.word	0x6e196e19
10000058:	f0002005 	.word	0xf0002005
1000005c:	2101f82f 	.word	0x2101f82f
10000060:	d1f94208 	.word	0xd1f94208
10000064:	60992100 	.word	0x60992100
10000068:	6019491b 	.word	0x6019491b
1000006c:	60592100 	.word	0x60592100
10000070:	481b491a 	.word	0x481b491a
10000074:	21016001 	.word	0x21016001
10000078:	21eb6099 	.word	0x21eb6099
1000007c:	21a06619 	.word	0x21a06619
10000080:	f0006619 	.word	0xf0006619
10000084:	2100f812 	.word	0x2100f812
10000088:	49166099 	.word	0x49166099
1000008c:	60014814 	.word	0x60014814
10000090:	60992101 	.word	0x60992101
10000094:	2800bc01 	.word	0x2800bc01
10000098:	4700d000 	.word	0x4700d000
1000009c:	49134812 	.word	0x49134812
100000a0:	c8036008 	.word	0xc8036008
100000a4:	8808f380 	.word	0x8808f380
100000a8:	b5034708 	.word	0xb5034708
100000ac:	20046a99 	.word	0x20046a99
100000b0:	d0fb4201 	.word	0xd0fb4201
100000b4:	42012001 	.word	0x42012001
100000b8:	bd03d1f8 	.word	0xbd03d1f8
100000bc:	6618b502 	.word	0x6618b502
100000c0:	f7ff6618 	.word	0xf7ff6618
100000c4:	6e18fff2 	.word	0x6e18fff2
100000c8:	bd026e18 	.word	0xbd026e18
100000cc:	40020000 	.word	0x40020000
100000d0:	18000000 	.word	0x18000000
100000d4:	00070000 	.word	0x00070000
100000d8:	005f0300 	.word	0x005f0300
100000dc:	00002221 	.word	0x00002221
100000e0:	180000f4 	.word	0x180000f4
100000e4:	a0002022 	.word	0xa0002022
100000e8:	10000100 	.word	0x10000100
100000ec:	e000ed08 	.word	0xe000ed08
	...
100000fc:	7a4eb274 	.word	0x7a4eb274

Disassembly of section .text:

10000100 <__VECTOR_TABLE>:
10000100:	20042000 	.word	0x20042000
10000104:	100001f7 	.word	0x100001f7
10000108:	100001cb 	.word	0x100001cb
1000010c:	100001cd 	.word	0x100001cd
10000110:	100001c9 	.word	0x100001c9
10000114:	100001c9 	.word	0x100001c9
10000118:	100001c9 	.word	0x100001c9
1000011c:	100001c9 	.word	0x100001c9
10000120:	100001c9 	.word	0x100001c9
10000124:	100001c9 	.word	0x100001c9
10000128:	100001c9 	.word	0x100001c9
1000012c:	100001cf 	.word	0x100001cf
10000130:	100001c9 	.word	0x100001c9
10000134:	100001c9 	.word	0x100001c9
10000138:	100001d1 	.word	0x100001d1
1000013c:	100001d3 	.word	0x100001d3
10000140:	100001c1 	.word	0x100001c1
10000144:	100001c1 	.word	0x100001c1
10000148:	100001c1 	.word	0x100001c1
1000014c:	100001c1 	.word	0x100001c1
10000150:	100001c1 	.word	0x100001c1
10000154:	100001c1 	.word	0x100001c1
10000158:	100001c1 	.word	0x100001c1
1000015c:	100001c1 	.word	0x100001c1
10000160:	100001c1 	.word	0x100001c1
10000164:	100001c1 	.word	0x100001c1
10000168:	100001c1 	.word	0x100001c1
1000016c:	100001c1 	.word	0x100001c1
10000170:	100001c1 	.word	0x100001c1
10000174:	100001c1 	.word	0x100001c1
10000178:	100001c1 	.word	0x100001c1
1000017c:	100001c1 	.word	0x100001c1
10000180:	100001c1 	.word	0x100001c1
10000184:	100001c1 	.word	0x100001c1
10000188:	100001c1 	.word	0x100001c1
1000018c:	100001c1 	.word	0x100001c1
10000190:	100001c1 	.word	0x100001c1
10000194:	100001c1 	.word	0x100001c1
10000198:	100001c1 	.word	0x100001c1
1000019c:	100001c1 	.word	0x100001c1
100001a0:	100001c1 	.word	0x100001c1
100001a4:	100001c1 	.word	0x100001c1
100001a8:	100001c1 	.word	0x100001c1
100001ac:	100001c1 	.word	0x100001c1
100001b0:	100001c1 	.word	0x100001c1
100001b4:	100001c1 	.word	0x100001c1
100001b8:	100001c1 	.word	0x100001c1
100001bc:	100001c1 	.word	0x100001c1

100001c0 <__unhandled_user_irq>:
100001c0:	f3ef 8005 	mrs	r0, IPSR
100001c4:	3810      	subs	r0, #16

100001c6 <unhandled_user_irq_num_in_r0>:
100001c6:	be00      	bkpt	0x0000

100001c8 <isr_invalid>:
100001c8:	be00      	bkpt	0x0000

100001ca <isr_nmi>:
100001ca:	be00      	bkpt	0x0000

100001cc <isr_hardfault>:
100001cc:	be00      	bkpt	0x0000

100001ce <isr_svcall>:
100001ce:	be00      	bkpt	0x0000

100001d0 <isr_pendsv>:
100001d0:	be00      	bkpt	0x0000

100001d2 <isr_systick>:
100001d2:	be00      	bkpt	0x0000

100001d4 <__default_isrs_end>:
100001d4:	7188ebf2 	.word	0x7188ebf2
100001d8:	10005130 	.word	0x10005130
100001dc:	1000515c 	.word	0x1000515c
100001e0:	10000238 	.word	0x10000238
100001e4:	e71aa390 	.word	0xe71aa390

100001e8 <_entry_point>:
100001e8:	481e      	ldr	r0, [pc, #120]	@ (10000264 <data_cpy_table+0x2c>)

100001ea <_enter_vtable_in_r0>:
100001ea:	491f      	ldr	r1, [pc, #124]	@ (10000268 <data_cpy_table+0x30>)
100001ec:	6008      	str	r0, [r1, #0]
100001ee:	c806      	ldmia	r0!, {r1, r2}
100001f0:	f381 8808 	msr	MSP, r1
100001f4:	4710      	bx	r2

100001f6 <_reset_handler>:
100001f6:	481d      	ldr	r0, [pc, #116]	@ (1000026c <data_cpy_table+0x34>)
100001f8:	6800      	ldr	r0, [r0, #0]
100001fa:	2800      	cmp	r0, #0
100001fc:	d001      	beq.n	10000202 <hold_non_core0_in_bootrom+0x4>

100001fe <hold_non_core0_in_bootrom>:
100001fe:	4819      	ldr	r0, [pc, #100]	@ (10000264 <data_cpy_table+0x2c>)
10000200:	e7f3      	b.n	100001ea <_enter_vtable_in_r0>
10000202:	a40d      	add	r4, pc, #52	@ (adr r4, 10000238 <data_cpy_table>)
10000204:	cc0e      	ldmia	r4!, {r1, r2, r3}
10000206:	2900      	cmp	r1, #0
10000208:	d002      	beq.n	10000210 <hold_non_core0_in_bootrom+0x12>
1000020a:	f000 f812 	bl	10000232 <data_cpy>
1000020e:	e7f9      	b.n	10000204 <hold_non_core0_in_bootrom+0x6>
10000210:	4917      	ldr	r1, [pc, #92]	@ (10000270 <data_cpy_table+0x38>)
10000212:	4a18      	ldr	r2, [pc, #96]	@ (10000274 <data_cpy_table+0x3c>)
10000214:	2000      	movs	r0, #0
10000216:	e000      	b.n	1000021a <bss_fill_test>

10000218 <bss_fill_loop>:
10000218:	c101      	stmia	r1!, {r0}

1000021a <bss_fill_test>:
1000021a:	4291      	cmp	r1, r2
1000021c:	d1fc      	bne.n	10000218 <bss_fill_loop>

1000021e <platform_entry>:
1000021e:	4916      	ldr	r1, [pc, #88]	@ (10000278 <data_cpy_table+0x40>)
10000220:	4788      	blx	r1
10000222:	4916      	ldr	r1, [pc, #88]	@ (1000027c <data_cpy_table+0x44>)
10000224:	4788      	blx	r1
10000226:	4916      	ldr	r1, [pc, #88]	@ (10000280 <data_cpy_table+0x48>)
10000228:	4788      	blx	r1
1000022a:	be00      	bkpt	0x0000
1000022c:	e7fd      	b.n	1000022a <platform_entry+0xc>

1000022e <data_cpy_loop>:
1000022e:	c901      	ldmia	r1!, {r0}
10000230:	c201      	stmia	r2!, {r0}

10000232 <data_cpy>:
10000232:	429a      	cmp	r2, r3
10000234:	d3fb      	bcc.n	1000022e <data_cpy_loop>
10000236:	4770      	bx	lr

10000238 <data_cpy_table>:
10000238:	1000515c 	.word	0x1000515c
1000023c:	200000c0 	.word	0x200000c0
10000240:	200010c8 	.word	0x200010c8
10000244:	10006164 	.word	0x10006164
10000248:	20040000 	.word	0x20040000
1000024c:	20040000 	.word	0x20040000
10000250:	10006164 	.word	0x10006164
10000254:	20041000 	.word	0x20041000
10000258:	20041000 	.word	0x20041000
1000025c:	00000000 	.word	0x00000000
10000260:	4770      	bx	lr
10000262:	0000      	.short	0x0000
10000264:	00000000 	.word	0x00000000
10000268:	e000ed08 	.word	0xe000ed08
1000026c:	d0000000 	.word	0xd0000000
10000270:	200010c8 	.word	0x200010c8
10000274:	2000216c 	.word	0x2000216c
10000278:	10001e15 	.word	0x10001e15
1000027c:	10000349 	.word	0x10000349
10000280:	10001e0d 	.word	0x10001e0d

10000284 <_init>:
10000284:	b5f8      	push	{r3, r4, r5, r6, r7, lr}
10000286:	46c0      	nop			@ (mov r8, r8)

10000288 <deregister_tm_clones>:
10000288:	4804      	ldr	r0, [pc, #16]	@ (1000029c <deregister_tm_clones+0x14>)
1000028a:	4b05      	ldr	r3, [pc, #20]	@ (100002a0 <deregister_tm_clones+0x18>)
1000028c:	b510      	push	{r4, lr}
1000028e:	4283      	cmp	r3, r0
10000290:	d003      	beq.n	1000029a <deregister_tm_clones+0x12>
10000292:	4b04      	ldr	r3, [pc, #16]	@ (100002a4 <deregister_tm_clones+0x1c>)
10000294:	2b00      	cmp	r3, #0
10000296:	d000      	beq.n	1000029a <deregister_tm_clones+0x12>
10000298:	4798      	blx	r3
1000029a:	bd10      	pop	{r4, pc}
1000029c:	200010c8 	.word	0x200010c8
100002a0:	200010c8 	.word	0x200010c8
100002a4:	00000000 	.word	0x00000000

100002a8 <register_tm_clones>:
100002a8:	4806      	ldr	r0, [pc, #24]	@ (100002c4 <register_tm_clones+0x1c>)
100002aa:	4907      	ldr	r1, [pc, #28]	@ (100002c8 <register_tm_clones+0x20>)
100002ac:	1a09      	subs	r1, r1, r0
100002ae:	108b      	asrs	r3, r1, #2
100002b0:	0fc9      	lsrs	r1, r1, #31
100002b2:	18c9      	adds	r1, r1, r3
100002b4:	b510      	push	{r4, lr}
100002b6:	1049      	asrs	r1, r1, #1
100002b8:	d003      	beq.n	100002c2 <register_tm_clones+0x1a>
100002ba:	4b04      	ldr	r3, [pc, #16]	@ (100002cc <register_tm_clones+0x24>)
100002bc:	2b00      	cmp	r3, #0
100002be:	d000      	beq.n	100002c2 <register_tm_clones+0x1a>
100002c0:	4798      	blx	r3
100002c2:	bd10      	pop	{r4, pc}
100002c4:	200010c8 	.word	0x200010c8
100002c8:	200010c8 	.word	0x200010c8
100002cc:	00000000 	.word	0x00000000

100002d0 <__do_global_dtors_aux>:
100002d0:	b510      	push	{r4, lr}
100002d2:	4c07      	ldr	r4, [pc, #28]	@ (100002f0 <__do_global_dtors_aux+0x20>)
100002d4:	7823      	ldrb	r3, [r4, #0]
100002d6:	2b00      	cmp	r3, #0
100002d8:	d109      	bne.n	100002ee <__do_global_dtors_aux+0x1e>
100002da:	f7ff ffd5 	bl	10000288 <deregister_tm_clones>
100002de:	4b05      	ldr	r3, [pc, #20]	@ (100002f4 <__do_global_dtors_aux+0x24>)
100002e0:	2b00      	cmp	r3, #0
100002e2:	d002      	beq.n	100002ea <__do_global_dtors_aux+0x1a>
100002e4:	4804      	ldr	r0, [pc, #16]	@ (100002f8 <__do_global_dtors_aux+0x28>)
100002e6:	e000      	b.n	100002ea <__do_global_dtors_aux+0x1a>
100002e8:	bf00      	nop
100002ea:	2301      	movs	r3, #1
100002ec:	7023      	strb	r3, [r4, #0]
100002ee:	bd10      	pop	{r4, pc}
100002f0:	20001350 	.word	0x20001350
100002f4:	00000000 	.word	0x00000000
100002f8:	10004cc0 	.word	0x10004cc0

100002fc <frame_dummy>:
100002fc:	4b05      	ldr	r3, [pc, #20]	@ (10000314 <frame_dummy+0x18>)
100002fe:	b510      	push	{r4, lr}
10000300:	2b00      	cmp	r3, #0
10000302:	d003      	beq.n	1000030c <frame_dummy+0x10>
10000304:	4904      	ldr	r1, [pc, #16]	@ (10000318 <frame_dummy+0x1c>)
10000306:	4805      	ldr	r0, [pc, #20]	@ (1000031c <frame_dummy+0x20>)
10000308:	e000      	b.n	1000030c <frame_dummy+0x10>
1000030a:	bf00      	nop
1000030c:	f7ff ffcc 	bl	100002a8 <register_tm_clones>
10000310:	bd10      	pop	{r4, pc}
10000312:	46c0      	nop			@ (mov r8, r8)
10000314:	00000000 	.word	0x00000000
10000318:	20001354 	.word	0x20001354
1000031c:	10004cc0 	.word	0x10004cc0

10000320 <setup>:
10000320:	b510      	push	{r4, lr}
10000322:	f001 fe83 	bl	1000202c <stdio_init_all>
10000326:	2196      	movs	r1, #150	@ 0x96
10000328:	4806      	ldr	r0, [pc, #24]	@ (10000344 <setup+0x24>)
1000032a:	0189      	lsls	r1, r1, #6
1000032c:	f001 f8a8 	bl	10001480 <uart_init>
10000330:	2102      	movs	r1, #2
10000332:	2000      	movs	r0, #0
10000334:	f000 f852 	bl	100003dc <gpio_set_function>
10000338:	2102      	movs	r1, #2
1000033a:	2001      	movs	r0, #1
1000033c:	f000 f84e 	bl	100003dc <gpio_set_function>
10000340:	bd10      	pop	{r4, pc}
10000342:	46c0      	nop			@ (mov r8, r8)
10000344:	40034000 	.word	0x40034000

10000348 <main>:
10000348:	b5f8      	push	{r3, r4, r5, r6, r7, lr}
1000034a:	46ce      	mov	lr, r9
1000034c:	4647      	mov	r7, r8
1000034e:	b580      	push	{r7, lr}
10000350:	f7ff ffe6 	bl	10000320 <setup>
10000354:	20fa      	movs	r0, #250	@ 0xfa
10000356:	0080      	lsls	r0, r0, #2
10000358:	f000 ff2e 	bl	100011b8 <sleep_ms>
1000035c:	4b1d      	ldr	r3, [pc, #116]	@ (100003d4 <main+0x8c>)
1000035e:	4698      	mov	r8, r3
10000360:	2200      	movs	r2, #0
10000362:	5e9b      	ldrsh	r3, [r3, r2]
10000364:	2b61      	cmp	r3, #97	@ 0x61
10000366:	d02d      	beq.n	100003c4 <main+0x7c>
10000368:	2120      	movs	r1, #32
1000036a:	4a1b      	ldr	r2, [pc, #108]	@ (100003d8 <main+0x90>)
1000036c:	6993      	ldr	r3, [r2, #24]
1000036e:	4219      	tst	r1, r3
10000370:	d1fc      	bne.n	1000036c <main+0x24>
10000372:	2361      	movs	r3, #97	@ 0x61
10000374:	2610      	movs	r6, #16
10000376:	2520      	movs	r5, #32
10000378:	4c17      	ldr	r4, [pc, #92]	@ (100003d8 <main+0x90>)
1000037a:	6013      	str	r3, [r2, #0]
1000037c:	69a3      	ldr	r3, [r4, #24]
1000037e:	421e      	tst	r6, r3
10000380:	d1fc      	bne.n	1000037c <main+0x34>
10000382:	6823      	ldr	r3, [r4, #0]
10000384:	b2db      	uxtb	r3, r3
10000386:	2b7a      	cmp	r3, #122	@ 0x7a
10000388:	d018      	beq.n	100003bc <main+0x74>
1000038a:	3301      	adds	r3, #1
1000038c:	b2df      	uxtb	r7, r3
1000038e:	46b9      	mov	r9, r7
10000390:	4648      	mov	r0, r9
10000392:	f001 fe53 	bl	1000203c <__wrap_putchar>
10000396:	4643      	mov	r3, r8
10000398:	2200      	movs	r2, #0
1000039a:	5e9b      	ldrsh	r3, [r3, r2]
1000039c:	454b      	cmp	r3, r9
1000039e:	d007      	beq.n	100003b0 <main+0x68>
100003a0:	69a3      	ldr	r3, [r4, #24]
100003a2:	421d      	tst	r5, r3
100003a4:	d1fc      	bne.n	100003a0 <main+0x58>
100003a6:	20fa      	movs	r0, #250	@ 0xfa
100003a8:	6027      	str	r7, [r4, #0]
100003aa:	f000 ff05 	bl	100011b8 <sleep_ms>
100003ae:	e7e5      	b.n	1000037c <main+0x34>
100003b0:	69a3      	ldr	r3, [r4, #24]
100003b2:	421d      	tst	r5, r3
100003b4:	d1fc      	bne.n	100003b0 <main+0x68>
100003b6:	230d      	movs	r3, #13
100003b8:	6023      	str	r3, [r4, #0]
100003ba:	e7f1      	b.n	100003a0 <main+0x58>
100003bc:	2361      	movs	r3, #97	@ 0x61
100003be:	2761      	movs	r7, #97	@ 0x61
100003c0:	4699      	mov	r9, r3
100003c2:	e7e5      	b.n	10000390 <main+0x48>
100003c4:	2120      	movs	r1, #32
100003c6:	4a04      	ldr	r2, [pc, #16]	@ (100003d8 <main+0x90>)
100003c8:	6993      	ldr	r3, [r2, #24]
100003ca:	4219      	tst	r1, r3
100003cc:	d1fc      	bne.n	100003c8 <main+0x80>
100003ce:	230d      	movs	r3, #13
100003d0:	6013      	str	r3, [r2, #0]
100003d2:	e7c9      	b.n	10000368 <main+0x20>
100003d4:	20002148 	.word	0x20002148
100003d8:	40034000 	.word	0x40034000

100003dc <gpio_set_function>:
100003dc:	4a09      	ldr	r2, [pc, #36]	@ (10000404 <gpio_set_function+0x28>)
100003de:	0083      	lsls	r3, r0, #2
100003e0:	189a      	adds	r2, r3, r2
100003e2:	b510      	push	{r4, lr}
100003e4:	6814      	ldr	r4, [r2, #0]
100003e6:	2240      	movs	r2, #64	@ 0x40
100003e8:	4054      	eors	r4, r2
100003ea:	3280      	adds	r2, #128	@ 0x80
100003ec:	4022      	ands	r2, r4
100003ee:	4c06      	ldr	r4, [pc, #24]	@ (10000408 <gpio_set_function+0x2c>)
100003f0:	00c0      	lsls	r0, r0, #3
100003f2:	46a4      	mov	ip, r4
100003f4:	4463      	add	r3, ip
100003f6:	601a      	str	r2, [r3, #0]
100003f8:	4b04      	ldr	r3, [pc, #16]	@ (1000040c <gpio_set_function+0x30>)
100003fa:	469c      	mov	ip, r3
100003fc:	4460      	add	r0, ip
100003fe:	6041      	str	r1, [r0, #4]
10000400:	bd10      	pop	{r4, pc}
10000402:	46c0      	nop			@ (mov r8, r8)
10000404:	4001c004 	.word	0x4001c004
10000408:	4001d004 	.word	0x4001d004
1000040c:	40014000 	.word	0x40014000

10000410 <rp2040_chip_version>:
10000410:	2380      	movs	r3, #128	@ 0x80
10000412:	05db      	lsls	r3, r3, #23
10000414:	6818      	ldr	r0, [r3, #0]
10000416:	0f00      	lsrs	r0, r0, #28
10000418:	4770      	bx	lr
1000041a:	46c0      	nop			@ (mov r8, r8)

1000041c <panic>:
1000041c:	b40f      	push	{r0, r1, r2, r3}
1000041e:	b500      	push	{lr}
10000420:	4808      	ldr	r0, [pc, #32]	@ (10000444 <panic+0x28>)
10000422:	b083      	sub	sp, #12
10000424:	f001 fe54 	bl	100020d0 <__wrap_puts>
10000428:	9b04      	ldr	r3, [sp, #16]
1000042a:	2b00      	cmp	r3, #0
1000042c:	d007      	beq.n	1000043e <panic+0x22>
1000042e:	a905      	add	r1, sp, #20
10000430:	0018      	movs	r0, r3
10000432:	9101      	str	r1, [sp, #4]
10000434:	f001 fcd0 	bl	10001dd8 <weak_raw_vprintf>
10000438:	4803      	ldr	r0, [pc, #12]	@ (10000448 <panic+0x2c>)
1000043a:	f001 fe49 	bl	100020d0 <__wrap_puts>
1000043e:	2001      	movs	r0, #1
10000440:	f001 fce2 	bl	10001e08 <_exit>
10000444:	10004cc0 	.word	0x10004cc0
10000448:	10004cd0 	.word	0x10004cd0

1000044c <hw_claim_or_assert>:
1000044c:	b570      	push	{r4, r5, r6, lr}
1000044e:	f3ef 8c10 	mrs	ip, PRIMASK
10000452:	b672      	cpsid	i
10000454:	4d0d      	ldr	r5, [pc, #52]	@ (1000048c <hw_claim_or_assert+0x40>)
10000456:	682b      	ldr	r3, [r5, #0]
10000458:	2b00      	cmp	r3, #0
1000045a:	d0fc      	beq.n	10000456 <hw_claim_or_assert+0xa>
1000045c:	f3bf 8f5f 	dmb	sy
10000460:	2407      	movs	r4, #7
10000462:	08cb      	lsrs	r3, r1, #3
10000464:	18c6      	adds	r6, r0, r3
10000466:	5cc0      	ldrb	r0, [r0, r3]
10000468:	2301      	movs	r3, #1
1000046a:	400c      	ands	r4, r1
1000046c:	40a3      	lsls	r3, r4
1000046e:	001c      	movs	r4, r3
10000470:	4004      	ands	r4, r0
10000472:	4203      	tst	r3, r0
10000474:	d107      	bne.n	10000486 <hw_claim_or_assert+0x3a>
10000476:	4318      	orrs	r0, r3
10000478:	7030      	strb	r0, [r6, #0]
1000047a:	f3bf 8f5f 	dmb	sy
1000047e:	602c      	str	r4, [r5, #0]
10000480:	f38c 8810 	msr	PRIMASK, ip
10000484:	bd70      	pop	{r4, r5, r6, pc}
10000486:	0010      	movs	r0, r2
10000488:	f7ff ffc8 	bl	1000041c <panic>
1000048c:	d000012c 	.word	0xd000012c

10000490 <hw_claim_unused_from_range>:
10000490:	b5f8      	push	{r3, r4, r5, r6, r7, lr}
10000492:	4647      	mov	r7, r8
10000494:	46ce      	mov	lr, r9
10000496:	4688      	mov	r8, r1
10000498:	b580      	push	{r7, lr}
1000049a:	f3ef 8c10 	mrs	ip, PRIMASK
1000049e:	b672      	cpsid	i
100004a0:	4d1c      	ldr	r5, [pc, #112]	@ (10000514 <hw_claim_unused_from_range+0x84>)
100004a2:	682c      	ldr	r4, [r5, #0]
100004a4:	2c00      	cmp	r4, #0
100004a6:	d0fc      	beq.n	100004a2 <hw_claim_unused_from_range+0x12>
100004a8:	f3bf 8f5f 	dmb	sy
100004ac:	429a      	cmp	r2, r3
100004ae:	d822      	bhi.n	100004f6 <hw_claim_unused_from_range+0x66>
100004b0:	2107      	movs	r1, #7
100004b2:	2601      	movs	r6, #1
100004b4:	4689      	mov	r9, r1
100004b6:	e002      	b.n	100004be <hw_claim_unused_from_range+0x2e>
100004b8:	3201      	adds	r2, #1
100004ba:	4293      	cmp	r3, r2
100004bc:	d318      	bcc.n	100004f0 <hw_claim_unused_from_range+0x60>
100004be:	464d      	mov	r5, r9
100004c0:	0037      	movs	r7, r6
100004c2:	4015      	ands	r5, r2
100004c4:	40af      	lsls	r7, r5
100004c6:	08d4      	lsrs	r4, r2, #3
100004c8:	1901      	adds	r1, r0, r4
100004ca:	5d04      	ldrb	r4, [r0, r4]
100004cc:	4227      	tst	r7, r4
100004ce:	d1f3      	bne.n	100004b8 <hw_claim_unused_from_range+0x28>
100004d0:	0010      	movs	r0, r2
100004d2:	433c      	orrs	r4, r7
100004d4:	700c      	strb	r4, [r1, #0]
100004d6:	f3bf 8f5f 	dmb	sy
100004da:	2200      	movs	r2, #0
100004dc:	4b0d      	ldr	r3, [pc, #52]	@ (10000514 <hw_claim_unused_from_range+0x84>)
100004de:	601a      	str	r2, [r3, #0]
100004e0:	f38c 8810 	msr	PRIMASK, ip
100004e4:	2800      	cmp	r0, #0
100004e6:	db0e      	blt.n	10000506 <hw_claim_unused_from_range+0x76>
100004e8:	bcc0      	pop	{r6, r7}
100004ea:	46b9      	mov	r9, r7
100004ec:	46b0      	mov	r8, r6
100004ee:	bdf8      	pop	{r3, r4, r5, r6, r7, pc}
100004f0:	2001      	movs	r0, #1
100004f2:	4240      	negs	r0, r0
100004f4:	e7ef      	b.n	100004d6 <hw_claim_unused_from_range+0x46>
100004f6:	f3bf 8f5f 	dmb	sy
100004fa:	2300      	movs	r3, #0
100004fc:	602b      	str	r3, [r5, #0]
100004fe:	f38c 8810 	msr	PRIMASK, ip
10000502:	2001      	movs	r0, #1
10000504:	4240      	negs	r0, r0
10000506:	4643      	mov	r3, r8
10000508:	2b00      	cmp	r3, #0
1000050a:	d0ed      	beq.n	100004e8 <hw_claim_unused_from_range+0x58>
1000050c:	9808      	ldr	r0, [sp, #32]
1000050e:	f7ff ff85 	bl	1000041c <panic>
10000512:	46c0      	nop			@ (mov r8, r8)
10000514:	d000012c 	.word	0xd000012c

10000518 <next_striped_spin_lock_num>:
10000518:	4a04      	ldr	r2, [pc, #16]	@ (1000052c <next_striped_spin_lock_num+0x14>)
1000051a:	7810      	ldrb	r0, [r2, #0]
1000051c:	1c43      	adds	r3, r0, #1
1000051e:	b2db      	uxtb	r3, r3
10000520:	2b17      	cmp	r3, #23
10000522:	d900      	bls.n	10000526 <next_striped_spin_lock_num+0xe>
10000524:	2310      	movs	r3, #16
10000526:	7013      	strb	r3, [r2, #0]
10000528:	4770      	bx	lr
1000052a:	46c0      	nop			@ (mov r8, r8)
1000052c:	20000fe0 	.word	0x20000fe0

10000530 <spin_lock_claim_unused>:
10000530:	b510      	push	{r4, lr}
10000532:	4b06      	ldr	r3, [pc, #24]	@ (1000054c <spin_lock_claim_unused+0x1c>)
10000534:	4c06      	ldr	r4, [pc, #24]	@ (10000550 <spin_lock_claim_unused+0x20>)
10000536:	b082      	sub	sp, #8
10000538:	0001      	movs	r1, r0
1000053a:	9300      	str	r3, [sp, #0]
1000053c:	2218      	movs	r2, #24
1000053e:	231f      	movs	r3, #31
10000540:	0020      	movs	r0, r4
10000542:	f7ff ffa5 	bl	10000490 <hw_claim_unused_from_range>
10000546:	b002      	add	sp, #8
10000548:	bd10      	pop	{r4, pc}
1000054a:	46c0      	nop			@ (mov r8, r8)
1000054c:	10004cd4 	.word	0x10004cd4
10000550:	20001ba8 	.word	0x20001ba8

10000554 <spin_locks_reset>:
10000554:	2100      	movs	r1, #0
10000556:	4b04      	ldr	r3, [pc, #16]	@ (10000568 <spin_locks_reset+0x14>)
10000558:	4a04      	ldr	r2, [pc, #16]	@ (1000056c <spin_locks_reset+0x18>)
1000055a:	f3bf 8f5f 	dmb	sy
1000055e:	c302      	stmia	r3!, {r1}
10000560:	4293      	cmp	r3, r2
10000562:	d1fa      	bne.n	1000055a <spin_locks_reset+0x6>
10000564:	4770      	bx	lr
10000566:	46c0      	nop			@ (mov r8, r8)
10000568:	d0000100 	.word	0xd0000100
1000056c:	d0000180 	.word	0xd0000180

10000570 <runtime_init_per_core_irq_priorities>:
10000570:	4b05      	ldr	r3, [pc, #20]	@ (10000588 <runtime_init_per_core_irq_priorities+0x18>)
10000572:	4a06      	ldr	r2, [pc, #24]	@ (1000058c <runtime_init_per_core_irq_priorities+0x1c>)
10000574:	6013      	str	r3, [r2, #0]
10000576:	4a06      	ldr	r2, [pc, #24]	@ (10000590 <runtime_init_per_core_irq_priorities+0x20>)
10000578:	6013      	str	r3, [r2, #0]
1000057a:	6053      	str	r3, [r2, #4]
1000057c:	6093      	str	r3, [r2, #8]
1000057e:	60d3      	str	r3, [r2, #12]
10000580:	6113      	str	r3, [r2, #16]
10000582:	6153      	str	r3, [r2, #20]
10000584:	6193      	str	r3, [r2, #24]
10000586:	4770      	bx	lr
10000588:	80808080 	.word	0x80808080
1000058c:	e000e400 	.word	0xe000e400
10000590:	e000e404 	.word	0xe000e404

10000594 <irq_set_enabled>:
10000594:	231f      	movs	r3, #31
10000596:	4018      	ands	r0, r3
10000598:	3b1e      	subs	r3, #30
1000059a:	4083      	lsls	r3, r0
1000059c:	2900      	cmp	r1, #0
1000059e:	d005      	beq.n	100005ac <irq_set_enabled+0x18>
100005a0:	21c0      	movs	r1, #192	@ 0xc0
100005a2:	4a04      	ldr	r2, [pc, #16]	@ (100005b4 <irq_set_enabled+0x20>)
100005a4:	0049      	lsls	r1, r1, #1
100005a6:	5053      	str	r3, [r2, r1]
100005a8:	6013      	str	r3, [r2, #0]
100005aa:	4770      	bx	lr
100005ac:	2280      	movs	r2, #128	@ 0x80
100005ae:	4901      	ldr	r1, [pc, #4]	@ (100005b4 <irq_set_enabled+0x20>)
100005b0:	508b      	str	r3, [r1, r2]
100005b2:	e7fa      	b.n	100005aa <irq_set_enabled+0x16>
100005b4:	e000e100 	.word	0xe000e100

100005b8 <irq_is_enabled>:
100005b8:	2201      	movs	r2, #1
100005ba:	4082      	lsls	r2, r0
100005bc:	4b03      	ldr	r3, [pc, #12]	@ (100005cc <irq_is_enabled+0x14>)
100005be:	681b      	ldr	r3, [r3, #0]
100005c0:	4013      	ands	r3, r2
100005c2:	1e5a      	subs	r2, r3, #1
100005c4:	4193      	sbcs	r3, r2
100005c6:	b2d8      	uxtb	r0, r3
100005c8:	4770      	bx	lr
100005ca:	46c0      	nop			@ (mov r8, r8)
100005cc:	e000e100 	.word	0xe000e100

100005d0 <irq_set_pending>:
100005d0:	2301      	movs	r3, #1
100005d2:	4083      	lsls	r3, r0
100005d4:	4a01      	ldr	r2, [pc, #4]	@ (100005dc <irq_set_pending+0xc>)
100005d6:	6013      	str	r3, [r2, #0]
100005d8:	4770      	bx	lr
100005da:	46c0      	nop			@ (mov r8, r8)
100005dc:	e000e200 	.word	0xe000e200

100005e0 <irq_has_shared_handler>:
100005e0:	4b06      	ldr	r3, [pc, #24]	@ (100005fc <irq_has_shared_handler+0x1c>)
100005e2:	3010      	adds	r0, #16
100005e4:	689b      	ldr	r3, [r3, #8]
100005e6:	0080      	lsls	r0, r0, #2
100005e8:	58c3      	ldr	r3, [r0, r3]
100005ea:	4a05      	ldr	r2, [pc, #20]	@ (10000600 <irq_has_shared_handler+0x20>)
100005ec:	2000      	movs	r0, #0
100005ee:	1a9b      	subs	r3, r3, r2
100005f0:	222f      	movs	r2, #47	@ 0x2f
100005f2:	429a      	cmp	r2, r3
100005f4:	4140      	adcs	r0, r0
100005f6:	b2c0      	uxtb	r0, r0
100005f8:	4770      	bx	lr
100005fa:	46c0      	nop			@ (mov r8, r8)
100005fc:	e000ed00 	.word	0xe000ed00
10000600:	20000fe4 	.word	0x20000fe4

10000604 <irq_set_exclusive_handler>:
10000604:	b570      	push	{r4, r5, r6, lr}
10000606:	000d      	movs	r5, r1
10000608:	f3ef 8610 	mrs	r6, PRIMASK
1000060c:	b672      	cpsid	i
1000060e:	4a0f      	ldr	r2, [pc, #60]	@ (1000064c <irq_set_exclusive_handler+0x48>)
10000610:	6813      	ldr	r3, [r2, #0]
10000612:	2b00      	cmp	r3, #0
10000614:	d0fc      	beq.n	10000610 <irq_set_exclusive_handler+0xc>
10000616:	f3bf 8f5f 	dmb	sy
1000061a:	4b0d      	ldr	r3, [pc, #52]	@ (10000650 <irq_set_exclusive_handler+0x4c>)
1000061c:	3010      	adds	r0, #16
1000061e:	689b      	ldr	r3, [r3, #8]
10000620:	0084      	lsls	r4, r0, #2
10000622:	591b      	ldr	r3, [r3, r4]
10000624:	4a0b      	ldr	r2, [pc, #44]	@ (10000654 <irq_set_exclusive_handler+0x50>)
10000626:	4293      	cmp	r3, r2
10000628:	d003      	beq.n	10000632 <irq_set_exclusive_handler+0x2e>
1000062a:	429d      	cmp	r5, r3
1000062c:	d001      	beq.n	10000632 <irq_set_exclusive_handler+0x2e>
1000062e:	f001 f9ad 	bl	1000198c <hard_assertion_failure>
10000632:	4b07      	ldr	r3, [pc, #28]	@ (10000650 <irq_set_exclusive_handler+0x4c>)
10000634:	689b      	ldr	r3, [r3, #8]
10000636:	511d      	str	r5, [r3, r4]
10000638:	f3bf 8f5f 	dmb	sy
1000063c:	f3bf 8f5f 	dmb	sy
10000640:	2200      	movs	r2, #0
10000642:	4b02      	ldr	r3, [pc, #8]	@ (1000064c <irq_set_exclusive_handler+0x48>)
10000644:	601a      	str	r2, [r3, #0]
10000646:	f386 8810 	msr	PRIMASK, r6
1000064a:	bd70      	pop	{r4, r5, r6, pc}
1000064c:	d0000124 	.word	0xd0000124
10000650:	e000ed00 	.word	0xe000ed00
10000654:	100001c1 	.word	0x100001c1

10000658 <irq_add_shared_handler>:
10000658:	b5f0      	push	{r4, r5, r6, r7, lr}
1000065a:	4657      	mov	r7, sl
1000065c:	464e      	mov	r6, r9
1000065e:	46de      	mov	lr, fp
10000660:	4645      	mov	r5, r8
10000662:	b5e0      	push	{r5, r6, r7, lr}
10000664:	b085      	sub	sp, #20
10000666:	0006      	movs	r6, r0
10000668:	9100      	str	r1, [sp, #0]
1000066a:	0017      	movs	r7, r2
1000066c:	f3ef 8b10 	mrs	fp, PRIMASK
10000670:	b672      	cpsid	i
10000672:	4a6a      	ldr	r2, [pc, #424]	@ (1000081c <irq_add_shared_handler+0x1c4>)
10000674:	6813      	ldr	r3, [r2, #0]
10000676:	2b00      	cmp	r3, #0
10000678:	d0fc      	beq.n	10000674 <irq_add_shared_handler+0x1c>
1000067a:	f3bf 8f5f 	dmb	sy
1000067e:	2500      	movs	r5, #0
10000680:	4b67      	ldr	r3, [pc, #412]	@ (10000820 <irq_add_shared_handler+0x1c8>)
10000682:	575d      	ldrsb	r5, [r3, r5]
10000684:	469a      	mov	sl, r3
10000686:	2d00      	cmp	r5, #0
10000688:	da00      	bge.n	1000068c <irq_add_shared_handler+0x34>
1000068a:	e0a9      	b.n	100007e0 <irq_add_shared_handler+0x188>
1000068c:	006b      	lsls	r3, r5, #1
1000068e:	4c65      	ldr	r4, [pc, #404]	@ (10000824 <irq_add_shared_handler+0x1cc>)
10000690:	9301      	str	r3, [sp, #4]
10000692:	195b      	adds	r3, r3, r5
10000694:	009b      	lsls	r3, r3, #2
10000696:	4698      	mov	r8, r3
10000698:	46a1      	mov	r9, r4
1000069a:	44c1      	add	r9, r8
1000069c:	464b      	mov	r3, r9
1000069e:	4652      	mov	r2, sl
100006a0:	799b      	ldrb	r3, [r3, #6]
100006a2:	3610      	adds	r6, #16
100006a4:	7013      	strb	r3, [r2, #0]
100006a6:	4b60      	ldr	r3, [pc, #384]	@ (10000828 <irq_add_shared_handler+0x1d0>)
100006a8:	00b6      	lsls	r6, r6, #2
100006aa:	689b      	ldr	r3, [r3, #8]
100006ac:	5999      	ldr	r1, [r3, r6]
100006ae:	1b0b      	subs	r3, r1, r4
100006b0:	2b2f      	cmp	r3, #47	@ 0x2f
100006b2:	d933      	bls.n	1000071c <irq_add_shared_handler+0xc4>
100006b4:	4b5d      	ldr	r3, [pc, #372]	@ (1000082c <irq_add_shared_handler+0x1d4>)
100006b6:	4299      	cmp	r1, r3
100006b8:	d000      	beq.n	100006bc <irq_add_shared_handler+0x64>
100006ba:	e0ac      	b.n	10000816 <irq_add_shared_handler+0x1be>
100006bc:	9b01      	ldr	r3, [sp, #4]
100006be:	4642      	mov	r2, r8
100006c0:	469c      	mov	ip, r3
100006c2:	4b5b      	ldr	r3, [pc, #364]	@ (10000830 <irq_add_shared_handler+0x1d8>)
100006c4:	4465      	add	r5, ip
100006c6:	00ad      	lsls	r5, r5, #2
100006c8:	5363      	strh	r3, [r4, r5]
100006ca:	4b5a      	ldr	r3, [pc, #360]	@ (10000834 <irq_add_shared_handler+0x1dc>)
100006cc:	3202      	adds	r2, #2
100006ce:	18a2      	adds	r2, r4, r2
100006d0:	3b04      	subs	r3, #4
100006d2:	1a9b      	subs	r3, r3, r2
100006d4:	051b      	lsls	r3, r3, #20
100006d6:	4a58      	ldr	r2, [pc, #352]	@ (10000838 <irq_add_shared_handler+0x1e0>)
100006d8:	0d5b      	lsrs	r3, r3, #21
100006da:	1965      	adds	r5, r4, r5
100006dc:	4313      	orrs	r3, r2
100006de:	806b      	strh	r3, [r5, #2]
100006e0:	4b56      	ldr	r3, [pc, #344]	@ (1000083c <irq_add_shared_handler+0x1e4>)
100006e2:	2101      	movs	r1, #1
100006e4:	80ab      	strh	r3, [r5, #4]
100006e6:	23ff      	movs	r3, #255	@ 0xff
100006e8:	71ab      	strb	r3, [r5, #6]
100006ea:	9b00      	ldr	r3, [sp, #0]
100006ec:	71ef      	strb	r7, [r5, #7]
100006ee:	60ab      	str	r3, [r5, #8]
100006f0:	464b      	mov	r3, r9
100006f2:	430b      	orrs	r3, r1
100006f4:	0019      	movs	r1, r3
100006f6:	4b4c      	ldr	r3, [pc, #304]	@ (10000828 <irq_add_shared_handler+0x1d0>)
100006f8:	689b      	ldr	r3, [r3, #8]
100006fa:	5199      	str	r1, [r3, r6]
100006fc:	f3bf 8f5f 	dmb	sy
10000700:	f3bf 8f5f 	dmb	sy
10000704:	2200      	movs	r2, #0
10000706:	4b45      	ldr	r3, [pc, #276]	@ (1000081c <irq_add_shared_handler+0x1c4>)
10000708:	601a      	str	r2, [r3, #0]
1000070a:	f38b 8810 	msr	PRIMASK, fp
1000070e:	b005      	add	sp, #20
10000710:	bcf0      	pop	{r4, r5, r6, r7}
10000712:	46bb      	mov	fp, r7
10000714:	46b2      	mov	sl, r6
10000716:	46a9      	mov	r9, r5
10000718:	46a0      	mov	r8, r4
1000071a:	bdf0      	pop	{r4, r5, r6, r7, pc}
1000071c:	2001      	movs	r0, #1
1000071e:	000a      	movs	r2, r1
10000720:	4382      	bics	r2, r0
10000722:	79d3      	ldrb	r3, [r2, #7]
10000724:	468c      	mov	ip, r1
10000726:	42bb      	cmp	r3, r7
10000728:	d831      	bhi.n	1000078e <irq_add_shared_handler+0x136>
1000072a:	4645      	mov	r5, r8
1000072c:	0013      	movs	r3, r2
1000072e:	4944      	ldr	r1, [pc, #272]	@ (10000840 <irq_add_shared_handler+0x1e8>)
10000730:	1b1b      	subs	r3, r3, r4
10000732:	415b      	adcs	r3, r3
10000734:	4359      	muls	r1, r3
10000736:	0d09      	lsrs	r1, r1, #20
10000738:	4b3d      	ldr	r3, [pc, #244]	@ (10000830 <irq_add_shared_handler+0x1d8>)
1000073a:	5363      	strh	r3, [r4, r5]
1000073c:	4b3d      	ldr	r3, [pc, #244]	@ (10000834 <irq_add_shared_handler+0x1dc>)
1000073e:	3502      	adds	r5, #2
10000740:	1965      	adds	r5, r4, r5
10000742:	3b04      	subs	r3, #4
10000744:	1b5b      	subs	r3, r3, r5
10000746:	051b      	lsls	r3, r3, #20
10000748:	4d3b      	ldr	r5, [pc, #236]	@ (10000838 <irq_add_shared_handler+0x1e0>)
1000074a:	0d5b      	lsrs	r3, r3, #21
1000074c:	432b      	orrs	r3, r5
1000074e:	46aa      	mov	sl, r5
10000750:	464d      	mov	r5, r9
10000752:	806b      	strh	r3, [r5, #2]
10000754:	2504      	movs	r5, #4
10000756:	46ac      	mov	ip, r5
10000758:	4655      	mov	r5, sl
1000075a:	44e0      	add	r8, ip
1000075c:	1f13      	subs	r3, r2, #4
1000075e:	4444      	add	r4, r8
10000760:	1b1b      	subs	r3, r3, r4
10000762:	051b      	lsls	r3, r3, #20
10000764:	0d5b      	lsrs	r3, r3, #21
10000766:	431d      	orrs	r5, r3
10000768:	464b      	mov	r3, r9
1000076a:	7199      	strb	r1, [r3, #6]
1000076c:	9900      	ldr	r1, [sp, #0]
1000076e:	809d      	strh	r5, [r3, #4]
10000770:	6099      	str	r1, [r3, #8]
10000772:	4649      	mov	r1, r9
10000774:	71df      	strb	r7, [r3, #7]
10000776:	4b33      	ldr	r3, [pc, #204]	@ (10000844 <irq_add_shared_handler+0x1ec>)
10000778:	4301      	orrs	r1, r0
1000077a:	6013      	str	r3, [r2, #0]
1000077c:	e7bb      	b.n	100006f6 <irq_add_shared_handler+0x9e>
1000077e:	0058      	lsls	r0, r3, #1
10000780:	18c0      	adds	r0, r0, r3
10000782:	0080      	lsls	r0, r0, #2
10000784:	1820      	adds	r0, r4, r0
10000786:	79c1      	ldrb	r1, [r0, #7]
10000788:	42b9      	cmp	r1, r7
1000078a:	d92f      	bls.n	100007ec <irq_add_shared_handler+0x194>
1000078c:	0002      	movs	r2, r0
1000078e:	2306      	movs	r3, #6
10000790:	56d3      	ldrsb	r3, [r2, r3]
10000792:	2b00      	cmp	r3, #0
10000794:	daf3      	bge.n	1000077e <irq_add_shared_handler+0x126>
10000796:	9302      	str	r3, [sp, #8]
10000798:	4b2b      	ldr	r3, [pc, #172]	@ (10000848 <irq_add_shared_handler+0x1f0>)
1000079a:	4661      	mov	r1, ip
1000079c:	9303      	str	r3, [sp, #12]
1000079e:	1d13      	adds	r3, r2, #4
100007a0:	469a      	mov	sl, r3
100007a2:	2304      	movs	r3, #4
100007a4:	425b      	negs	r3, r3
100007a6:	469c      	mov	ip, r3
100007a8:	44e1      	add	r9, ip
100007aa:	4650      	mov	r0, sl
100007ac:	464b      	mov	r3, r9
100007ae:	1a1b      	subs	r3, r3, r0
100007b0:	051b      	lsls	r3, r3, #20
100007b2:	0d5b      	lsrs	r3, r3, #21
100007b4:	469c      	mov	ip, r3
100007b6:	4b20      	ldr	r3, [pc, #128]	@ (10000838 <irq_add_shared_handler+0x1e0>)
100007b8:	7195      	strb	r5, [r2, #6]
100007ba:	4698      	mov	r8, r3
100007bc:	4663      	mov	r3, ip
100007be:	4640      	mov	r0, r8
100007c0:	4303      	orrs	r3, r0
100007c2:	8093      	strh	r3, [r2, #4]
100007c4:	9b01      	ldr	r3, [sp, #4]
100007c6:	195a      	adds	r2, r3, r5
100007c8:	0092      	lsls	r2, r2, #2
100007ca:	9b03      	ldr	r3, [sp, #12]
100007cc:	18a4      	adds	r4, r4, r2
100007ce:	80a3      	strh	r3, [r4, #4]
100007d0:	9b02      	ldr	r3, [sp, #8]
100007d2:	4a1c      	ldr	r2, [pc, #112]	@ (10000844 <irq_add_shared_handler+0x1ec>)
100007d4:	71a3      	strb	r3, [r4, #6]
100007d6:	9b00      	ldr	r3, [sp, #0]
100007d8:	6022      	str	r2, [r4, #0]
100007da:	71e7      	strb	r7, [r4, #7]
100007dc:	60a3      	str	r3, [r4, #8]
100007de:	e78a      	b.n	100006f6 <irq_add_shared_handler+0x9e>
100007e0:	f001 f8d4 	bl	1000198c <hard_assertion_failure>
100007e4:	2500      	movs	r5, #0
100007e6:	4653      	mov	r3, sl
100007e8:	575d      	ldrsb	r5, [r3, r5]
100007ea:	e74f      	b.n	1000068c <irq_add_shared_handler+0x34>
100007ec:	8890      	ldrh	r0, [r2, #4]
100007ee:	9302      	str	r3, [sp, #8]
100007f0:	0540      	lsls	r0, r0, #21
100007f2:	1d13      	adds	r3, r2, #4
100007f4:	469a      	mov	sl, r3
100007f6:	1503      	asrs	r3, r0, #20
100007f8:	4661      	mov	r1, ip
100007fa:	469c      	mov	ip, r3
100007fc:	4640      	mov	r0, r8
100007fe:	44d4      	add	ip, sl
10000800:	4663      	mov	r3, ip
10000802:	3004      	adds	r0, #4
10000804:	1820      	adds	r0, r4, r0
10000806:	1a18      	subs	r0, r3, r0
10000808:	23e0      	movs	r3, #224	@ 0xe0
1000080a:	0500      	lsls	r0, r0, #20
1000080c:	0d40      	lsrs	r0, r0, #21
1000080e:	021b      	lsls	r3, r3, #8
10000810:	4318      	orrs	r0, r3
10000812:	9003      	str	r0, [sp, #12]
10000814:	e7c5      	b.n	100007a2 <irq_add_shared_handler+0x14a>
10000816:	f001 f8b9 	bl	1000198c <hard_assertion_failure>
1000081a:	e74f      	b.n	100006bc <irq_add_shared_handler+0x64>
1000081c:	d0000124 	.word	0xd0000124
10000820:	20002165 	.word	0x20002165
10000824:	20000fe4 	.word	0x20000fe4
10000828:	e000ed00 	.word	0xe000ed00
1000082c:	100001c1 	.word	0x100001c1
10000830:	ffffa100 	.word	0xffffa100
10000834:	20001014 	.word	0x20001014
10000838:	ffffe000 	.word	0xffffe000
1000083c:	ffffbd01 	.word	0xffffbd01
10000840:	0000aaaa 	.word	0x0000aaaa
10000844:	47804801 	.word	0x47804801
10000848:	0000bd01 	.word	0x0000bd01

1000084c <irq_remove_handler>:
1000084c:	b5f0      	push	{r4, r5, r6, r7, lr}
1000084e:	46de      	mov	lr, fp
10000850:	4657      	mov	r7, sl
10000852:	464e      	mov	r6, r9
10000854:	4645      	mov	r5, r8
10000856:	b5e0      	push	{r5, r6, r7, lr}
10000858:	000c      	movs	r4, r1
1000085a:	b083      	sub	sp, #12
1000085c:	f3ef 8810 	mrs	r8, PRIMASK
10000860:	b672      	cpsid	i
10000862:	4a63      	ldr	r2, [pc, #396]	@ (100009f0 <irq_remove_handler+0x1a4>)
10000864:	6813      	ldr	r3, [r2, #0]
10000866:	2b00      	cmp	r3, #0
10000868:	d0fc      	beq.n	10000864 <irq_remove_handler+0x18>
1000086a:	f3bf 8f5f 	dmb	sy
1000086e:	4b61      	ldr	r3, [pc, #388]	@ (100009f4 <irq_remove_handler+0x1a8>)
10000870:	4961      	ldr	r1, [pc, #388]	@ (100009f8 <irq_remove_handler+0x1ac>)
10000872:	689a      	ldr	r2, [r3, #8]
10000874:	0003      	movs	r3, r0
10000876:	3310      	adds	r3, #16
10000878:	009f      	lsls	r7, r3, #2
1000087a:	59d5      	ldr	r5, [r2, r7]
1000087c:	9301      	str	r3, [sp, #4]
1000087e:	428d      	cmp	r5, r1
10000880:	d043      	beq.n	1000090a <irq_remove_handler+0xbe>
10000882:	42a5      	cmp	r5, r4
10000884:	d054      	beq.n	10000930 <irq_remove_handler+0xe4>
10000886:	4e5d      	ldr	r6, [pc, #372]	@ (100009fc <irq_remove_handler+0x1b0>)
10000888:	1baa      	subs	r2, r5, r6
1000088a:	2a2f      	cmp	r2, #47	@ 0x2f
1000088c:	d83d      	bhi.n	1000090a <irq_remove_handler+0xbe>
1000088e:	4b5c      	ldr	r3, [pc, #368]	@ (10000a00 <irq_remove_handler+0x1b4>)
10000890:	469b      	mov	fp, r3
10000892:	681b      	ldr	r3, [r3, #0]
10000894:	4699      	mov	r9, r3
10000896:	2301      	movs	r3, #1
10000898:	001a      	movs	r2, r3
1000089a:	469c      	mov	ip, r3
1000089c:	4082      	lsls	r2, r0
1000089e:	464b      	mov	r3, r9
100008a0:	4013      	ands	r3, r2
100008a2:	221f      	movs	r2, #31
100008a4:	4699      	mov	r9, r3
100008a6:	4663      	mov	r3, ip
100008a8:	4002      	ands	r2, r0
100008aa:	4093      	lsls	r3, r2
100008ac:	469a      	mov	sl, r3
100008ae:	2280      	movs	r2, #128	@ 0x80
100008b0:	465b      	mov	r3, fp
100008b2:	4650      	mov	r0, sl
100008b4:	5098      	str	r0, [r3, r2]
100008b6:	f3bf 8f5f 	dmb	sy
100008ba:	f3ef 8305 	mrs	r3, IPSR
100008be:	469b      	mov	fp, r3
100008c0:	2b00      	cmp	r3, #0
100008c2:	d037      	beq.n	10000934 <irq_remove_handler+0xe8>
100008c4:	9b01      	ldr	r3, [sp, #4]
100008c6:	455b      	cmp	r3, fp
100008c8:	d001      	beq.n	100008ce <irq_remove_handler+0x82>
100008ca:	f001 f85f 	bl	1000198c <hard_assertion_failure>
100008ce:	2301      	movs	r3, #1
100008d0:	002a      	movs	r2, r5
100008d2:	439a      	bics	r2, r3
100008d4:	6890      	ldr	r0, [r2, #8]
100008d6:	4284      	cmp	r4, r0
100008d8:	d108      	bne.n	100008ec <irq_remove_handler+0xa0>
100008da:	e076      	b.n	100009ca <irq_remove_handler+0x17e>
100008dc:	004b      	lsls	r3, r1, #1
100008de:	185b      	adds	r3, r3, r1
100008e0:	009b      	lsls	r3, r3, #2
100008e2:	18f3      	adds	r3, r6, r3
100008e4:	6898      	ldr	r0, [r3, #8]
100008e6:	4284      	cmp	r4, r0
100008e8:	d036      	beq.n	10000958 <irq_remove_handler+0x10c>
100008ea:	001a      	movs	r2, r3
100008ec:	2106      	movs	r1, #6
100008ee:	5651      	ldrsb	r1, [r2, r1]
100008f0:	2900      	cmp	r1, #0
100008f2:	daf3      	bge.n	100008dc <irq_remove_handler+0x90>
100008f4:	4284      	cmp	r4, r0
100008f6:	d054      	beq.n	100009a2 <irq_remove_handler+0x156>
100008f8:	464b      	mov	r3, r9
100008fa:	2b00      	cmp	r3, #0
100008fc:	d027      	beq.n	1000094e <irq_remove_handler+0x102>
100008fe:	22c0      	movs	r2, #192	@ 0xc0
10000900:	4651      	mov	r1, sl
10000902:	4b3f      	ldr	r3, [pc, #252]	@ (10000a00 <irq_remove_handler+0x1b4>)
10000904:	0052      	lsls	r2, r2, #1
10000906:	5099      	str	r1, [r3, r2]
10000908:	6019      	str	r1, [r3, #0]
1000090a:	4b3a      	ldr	r3, [pc, #232]	@ (100009f4 <irq_remove_handler+0x1a8>)
1000090c:	689b      	ldr	r3, [r3, #8]
1000090e:	51dd      	str	r5, [r3, r7]
10000910:	f3bf 8f5f 	dmb	sy
10000914:	f3bf 8f5f 	dmb	sy
10000918:	2200      	movs	r2, #0
1000091a:	4b35      	ldr	r3, [pc, #212]	@ (100009f0 <irq_remove_handler+0x1a4>)
1000091c:	601a      	str	r2, [r3, #0]
1000091e:	f388 8810 	msr	PRIMASK, r8
10000922:	b003      	add	sp, #12
10000924:	bcf0      	pop	{r4, r5, r6, r7}
10000926:	46bb      	mov	fp, r7
10000928:	46b2      	mov	sl, r6
1000092a:	46a9      	mov	r9, r5
1000092c:	46a0      	mov	r8, r4
1000092e:	bdf0      	pop	{r4, r5, r6, r7, pc}
10000930:	000d      	movs	r5, r1
10000932:	e7ea      	b.n	1000090a <irq_remove_handler+0xbe>
10000934:	002a      	movs	r2, r5
10000936:	4663      	mov	r3, ip
10000938:	439a      	bics	r2, r3
1000093a:	6890      	ldr	r0, [r2, #8]
1000093c:	4284      	cmp	r4, r0
1000093e:	d1d5      	bne.n	100008ec <irq_remove_handler+0xa0>
10000940:	2006      	movs	r0, #6
10000942:	5610      	ldrsb	r0, [r2, r0]
10000944:	0013      	movs	r3, r2
10000946:	2800      	cmp	r0, #0
10000948:	da0a      	bge.n	10000960 <irq_remove_handler+0x114>
1000094a:	000d      	movs	r5, r1
1000094c:	e031      	b.n	100009b2 <irq_remove_handler+0x166>
1000094e:	2380      	movs	r3, #128	@ 0x80
10000950:	4651      	mov	r1, sl
10000952:	4a2b      	ldr	r2, [pc, #172]	@ (10000a00 <irq_remove_handler+0x1b4>)
10000954:	50d1      	str	r1, [r2, r3]
10000956:	e7d8      	b.n	1000090a <irq_remove_handler+0xbe>
10000958:	2006      	movs	r0, #6
1000095a:	5618      	ldrsb	r0, [r3, r0]
1000095c:	2800      	cmp	r0, #0
1000095e:	db21      	blt.n	100009a4 <irq_remove_handler+0x158>
10000960:	0042      	lsls	r2, r0, #1
10000962:	1811      	adds	r1, r2, r0
10000964:	0089      	lsls	r1, r1, #2
10000966:	1874      	adds	r4, r6, r1
10000968:	468b      	mov	fp, r1
1000096a:	68a1      	ldr	r1, [r4, #8]
1000096c:	6099      	str	r1, [r3, #8]
1000096e:	79e1      	ldrb	r1, [r4, #7]
10000970:	71d9      	strb	r1, [r3, #7]
10000972:	2106      	movs	r1, #6
10000974:	5661      	ldrsb	r1, [r4, r1]
10000976:	7199      	strb	r1, [r3, #6]
10000978:	2900      	cmp	r1, #0
1000097a:	db24      	blt.n	100009c6 <irq_remove_handler+0x17a>
1000097c:	88a4      	ldrh	r4, [r4, #4]
1000097e:	1af1      	subs	r1, r6, r3
10000980:	0564      	lsls	r4, r4, #21
10000982:	1524      	asrs	r4, r4, #20
10000984:	445c      	add	r4, fp
10000986:	1909      	adds	r1, r1, r4
10000988:	0509      	lsls	r1, r1, #20
1000098a:	4c1e      	ldr	r4, [pc, #120]	@ (10000a04 <irq_remove_handler+0x1b8>)
1000098c:	0d49      	lsrs	r1, r1, #21
1000098e:	4321      	orrs	r1, r4
10000990:	8099      	strh	r1, [r3, #4]
10000992:	1813      	adds	r3, r2, r0
10000994:	4a1c      	ldr	r2, [pc, #112]	@ (10000a08 <irq_remove_handler+0x1bc>)
10000996:	009b      	lsls	r3, r3, #2
10000998:	7811      	ldrb	r1, [r2, #0]
1000099a:	18f3      	adds	r3, r6, r3
1000099c:	7199      	strb	r1, [r3, #6]
1000099e:	7010      	strb	r0, [r2, #0]
100009a0:	e7aa      	b.n	100008f8 <irq_remove_handler+0xac>
100009a2:	0013      	movs	r3, r2
100009a4:	4659      	mov	r1, fp
100009a6:	2900      	cmp	r1, #0
100009a8:	d114      	bne.n	100009d4 <irq_remove_handler+0x188>
100009aa:	31ff      	adds	r1, #255	@ 0xff
100009ac:	7191      	strb	r1, [r2, #6]
100009ae:	4917      	ldr	r1, [pc, #92]	@ (10000a0c <irq_remove_handler+0x1c0>)
100009b0:	8091      	strh	r1, [r2, #4]
100009b2:	4915      	ldr	r1, [pc, #84]	@ (10000a08 <irq_remove_handler+0x1bc>)
100009b4:	780a      	ldrb	r2, [r1, #0]
100009b6:	719a      	strb	r2, [r3, #6]
100009b8:	4a15      	ldr	r2, [pc, #84]	@ (10000a10 <irq_remove_handler+0x1c4>)
100009ba:	1b9b      	subs	r3, r3, r6
100009bc:	415b      	adcs	r3, r3
100009be:	435a      	muls	r2, r3
100009c0:	0d12      	lsrs	r2, r2, #20
100009c2:	700a      	strb	r2, [r1, #0]
100009c4:	e798      	b.n	100008f8 <irq_remove_handler+0xac>
100009c6:	4911      	ldr	r1, [pc, #68]	@ (10000a0c <irq_remove_handler+0x1c0>)
100009c8:	e7e2      	b.n	10000990 <irq_remove_handler+0x144>
100009ca:	2006      	movs	r0, #6
100009cc:	5610      	ldrsb	r0, [r2, r0]
100009ce:	0013      	movs	r3, r2
100009d0:	2800      	cmp	r0, #0
100009d2:	dac5      	bge.n	10000960 <irq_remove_handler+0x114>
100009d4:	4a0f      	ldr	r2, [pc, #60]	@ (10000a14 <irq_remove_handler+0x1c8>)
100009d6:	4910      	ldr	r1, [pc, #64]	@ (10000a18 <irq_remove_handler+0x1cc>)
100009d8:	1ad2      	subs	r2, r2, r3
100009da:	3a08      	subs	r2, #8
100009dc:	0250      	lsls	r0, r2, #9
100009de:	0d40      	lsrs	r0, r0, #21
100009e0:	4301      	orrs	r1, r0
100009e2:	8099      	strh	r1, [r3, #4]
100009e4:	490d      	ldr	r1, [pc, #52]	@ (10000a1c <irq_remove_handler+0x1d0>)
100009e6:	0852      	lsrs	r2, r2, #1
100009e8:	430a      	orrs	r2, r1
100009ea:	80da      	strh	r2, [r3, #6]
100009ec:	e784      	b.n	100008f8 <irq_remove_handler+0xac>
100009ee:	46c0      	nop			@ (mov r8, r8)
100009f0:	d0000124 	.word	0xd0000124
100009f4:	e000ed00 	.word	0xe000ed00
100009f8:	100001c1 	.word	0x100001c1
100009fc:	20000fe4 	.word	0x20000fe4
10000a00:	e000e100 	.word	0xe000e100
10000a04:	ffffe000 	.word	0xffffe000
10000a08:	20002165 	.word	0x20002165
10000a0c:	ffffbd01 	.word	0xffffbd01
10000a10:	0000aaaa 	.word	0x0000aaaa
10000a14:	2000101e 	.word	0x2000101e
10000a18:	fffff000 	.word	0xfffff000
10000a1c:	fffff800 	.word	0xfffff800

10000a20 <irq_add_tail_to_free_list>:
10000a20:	b570      	push	{r4, r5, r6, lr}
10000a22:	2401      	movs	r4, #1
10000a24:	4304      	orrs	r4, r0
10000a26:	f3ef 8105 	mrs	r1, IPSR
10000a2a:	f3ef 8c10 	mrs	ip, PRIMASK
10000a2e:	b672      	cpsid	i
10000a30:	4a21      	ldr	r2, [pc, #132]	@ (10000ab8 <irq_add_tail_to_free_list+0x98>)
10000a32:	6813      	ldr	r3, [r2, #0]
10000a34:	2b00      	cmp	r3, #0
10000a36:	d0fc      	beq.n	10000a32 <irq_add_tail_to_free_list+0x12>
10000a38:	f3bf 8f5f 	dmb	sy
10000a3c:	4b1f      	ldr	r3, [pc, #124]	@ (10000abc <irq_add_tail_to_free_list+0x9c>)
10000a3e:	0005      	movs	r5, r0
10000a40:	4a1f      	ldr	r2, [pc, #124]	@ (10000ac0 <irq_add_tail_to_free_list+0xa0>)
10000a42:	1aed      	subs	r5, r5, r3
10000a44:	416d      	adcs	r5, r5
10000a46:	436a      	muls	r2, r5
10000a48:	0d12      	lsrs	r2, r2, #20
10000a4a:	4d1e      	ldr	r5, [pc, #120]	@ (10000ac4 <irq_add_tail_to_free_list+0xa4>)
10000a4c:	0089      	lsls	r1, r1, #2
10000a4e:	68ae      	ldr	r6, [r5, #8]
10000a50:	b252      	sxtb	r2, r2
10000a52:	5876      	ldr	r6, [r6, r1]
10000a54:	42a6      	cmp	r6, r4
10000a56:	d01c      	beq.n	10000a92 <irq_add_tail_to_free_list+0x72>
10000a58:	2106      	movs	r1, #6
10000a5a:	5659      	ldrsb	r1, [r3, r1]
10000a5c:	4291      	cmp	r1, r2
10000a5e:	d01c      	beq.n	10000a9a <irq_add_tail_to_free_list+0x7a>
10000a60:	2112      	movs	r1, #18
10000a62:	5659      	ldrsb	r1, [r3, r1]
10000a64:	4291      	cmp	r1, r2
10000a66:	d022      	beq.n	10000aae <irq_add_tail_to_free_list+0x8e>
10000a68:	211e      	movs	r1, #30
10000a6a:	5659      	ldrsb	r1, [r3, r1]
10000a6c:	4291      	cmp	r1, r2
10000a6e:	d020      	beq.n	10000ab2 <irq_add_tail_to_free_list+0x92>
10000a70:	212a      	movs	r1, #42	@ 0x2a
10000a72:	5659      	ldrsb	r1, [r3, r1]
10000a74:	2403      	movs	r4, #3
10000a76:	4291      	cmp	r1, r2
10000a78:	d010      	beq.n	10000a9c <irq_add_tail_to_free_list+0x7c>
10000a7a:	4b13      	ldr	r3, [pc, #76]	@ (10000ac8 <irq_add_tail_to_free_list+0xa8>)
10000a7c:	7819      	ldrb	r1, [r3, #0]
10000a7e:	701a      	strb	r2, [r3, #0]
10000a80:	7181      	strb	r1, [r0, #6]
10000a82:	f3bf 8f5f 	dmb	sy
10000a86:	2200      	movs	r2, #0
10000a88:	4b0b      	ldr	r3, [pc, #44]	@ (10000ab8 <irq_add_tail_to_free_list+0x98>)
10000a8a:	601a      	str	r2, [r3, #0]
10000a8c:	f38c 8810 	msr	PRIMASK, ip
10000a90:	bd70      	pop	{r4, r5, r6, pc}
10000a92:	68ab      	ldr	r3, [r5, #8]
10000a94:	4c0d      	ldr	r4, [pc, #52]	@ (10000acc <irq_add_tail_to_free_list+0xac>)
10000a96:	505c      	str	r4, [r3, r1]
10000a98:	e7ef      	b.n	10000a7a <irq_add_tail_to_free_list+0x5a>
10000a9a:	2400      	movs	r4, #0
10000a9c:	0061      	lsls	r1, r4, #1
10000a9e:	1909      	adds	r1, r1, r4
10000aa0:	0089      	lsls	r1, r1, #2
10000aa2:	185b      	adds	r3, r3, r1
10000aa4:	21ff      	movs	r1, #255	@ 0xff
10000aa6:	7199      	strb	r1, [r3, #6]
10000aa8:	4909      	ldr	r1, [pc, #36]	@ (10000ad0 <irq_add_tail_to_free_list+0xb0>)
10000aaa:	8099      	strh	r1, [r3, #4]
10000aac:	e7e5      	b.n	10000a7a <irq_add_tail_to_free_list+0x5a>
10000aae:	2401      	movs	r4, #1
10000ab0:	e7f4      	b.n	10000a9c <irq_add_tail_to_free_list+0x7c>
10000ab2:	2402      	movs	r4, #2
10000ab4:	e7f2      	b.n	10000a9c <irq_add_tail_to_free_list+0x7c>
10000ab6:	46c0      	nop			@ (mov r8, r8)
10000ab8:	d0000124 	.word	0xd0000124
10000abc:	20000fe4 	.word	0x20000fe4
10000ac0:	0000aaaa 	.word	0x0000aaaa
10000ac4:	e000ed00 	.word	0xe000ed00
10000ac8:	20002165 	.word	0x20002165
10000acc:	100001c1 	.word	0x100001c1
10000ad0:	ffffbd01 	.word	0xffffbd01

10000ad4 <user_irq_claim_unused>:
10000ad4:	b510      	push	{r4, lr}
10000ad6:	4b08      	ldr	r3, [pc, #32]	@ (10000af8 <user_irq_claim_unused+0x24>)
10000ad8:	4c08      	ldr	r4, [pc, #32]	@ (10000afc <user_irq_claim_unused+0x28>)
10000ada:	b082      	sub	sp, #8
10000adc:	0001      	movs	r1, r0
10000ade:	9300      	str	r3, [sp, #0]
10000ae0:	2200      	movs	r2, #0
10000ae2:	2305      	movs	r3, #5
10000ae4:	0020      	movs	r0, r4
10000ae6:	f7ff fcd3 	bl	10000490 <hw_claim_unused_from_range>
10000aea:	2800      	cmp	r0, #0
10000aec:	db01      	blt.n	10000af2 <user_irq_claim_unused+0x1e>
10000aee:	231f      	movs	r3, #31
10000af0:	1a18      	subs	r0, r3, r0
10000af2:	b002      	add	sp, #8
10000af4:	bd10      	pop	{r4, pc}
10000af6:	46c0      	nop			@ (mov r8, r8)
10000af8:	10004cf0 	.word	0x10004cf0
10000afc:	20002169 	.word	0x20002169

10000b00 <lock_init>:
10000b00:	4b02      	ldr	r3, [pc, #8]	@ (10000b0c <lock_init+0xc>)
10000b02:	469c      	mov	ip, r3
10000b04:	4461      	add	r1, ip
10000b06:	0089      	lsls	r1, r1, #2
10000b08:	6001      	str	r1, [r0, #0]
10000b0a:	4770      	bx	lr
10000b0c:	34000040 	.word	0x34000040

10000b10 <runtime_init_mutex>:
10000b10:	b570      	push	{r4, r5, r6, lr}
10000b12:	4c11      	ldr	r4, [pc, #68]	@ (10000b58 <runtime_init_mutex+0x48>)
10000b14:	4d11      	ldr	r5, [pc, #68]	@ (10000b5c <runtime_init_mutex+0x4c>)
10000b16:	42ac      	cmp	r4, r5
10000b18:	d20f      	bcs.n	10000b3a <runtime_init_mutex+0x2a>
10000b1a:	26ff      	movs	r6, #255	@ 0xff
10000b1c:	6823      	ldr	r3, [r4, #0]
10000b1e:	2b00      	cmp	r3, #0
10000b20:	d00c      	beq.n	10000b3c <runtime_init_mutex+0x2c>
10000b22:	f7ff fcf9 	bl	10000518 <next_striped_spin_lock_num>
10000b26:	0001      	movs	r1, r0
10000b28:	0020      	movs	r0, r4
10000b2a:	f7ff ffe9 	bl	10000b00 <lock_init>
10000b2e:	80a6      	strh	r6, [r4, #4]
10000b30:	f3bf 8f5f 	dmb	sy
10000b34:	3408      	adds	r4, #8
10000b36:	42ac      	cmp	r4, r5
10000b38:	d3f0      	bcc.n	10000b1c <runtime_init_mutex+0xc>
10000b3a:	bd70      	pop	{r4, r5, r6, pc}
10000b3c:	f7ff fcec 	bl	10000518 <next_striped_spin_lock_num>
10000b40:	0001      	movs	r1, r0
10000b42:	0020      	movs	r0, r4
10000b44:	f7ff ffdc 	bl	10000b00 <lock_init>
10000b48:	7126      	strb	r6, [r4, #4]
10000b4a:	f3bf 8f5f 	dmb	sy
10000b4e:	3408      	adds	r4, #8
10000b50:	42ac      	cmp	r4, r5
10000b52:	d3e3      	bcc.n	10000b1c <runtime_init_mutex+0xc>
10000b54:	e7f1      	b.n	10000b3a <runtime_init_mutex+0x2a>
10000b56:	46c0      	nop			@ (mov r8, r8)
10000b58:	200010c0 	.word	0x200010c0
10000b5c:	200010c8 	.word	0x200010c8

10000b60 <mutex_init>:
10000b60:	b510      	push	{r4, lr}
10000b62:	0004      	movs	r4, r0
10000b64:	f7ff fcd8 	bl	10000518 <next_striped_spin_lock_num>
10000b68:	0001      	movs	r1, r0
10000b6a:	0020      	movs	r0, r4
10000b6c:	f7ff ffc8 	bl	10000b00 <lock_init>
10000b70:	23ff      	movs	r3, #255	@ 0xff
10000b72:	7123      	strb	r3, [r4, #4]
10000b74:	f3bf 8f5f 	dmb	sy
10000b78:	bd10      	pop	{r4, pc}
10000b7a:	46c0      	nop			@ (mov r8, r8)

10000b7c <critical_section_init>:
10000b7c:	b510      	push	{r4, lr}
10000b7e:	0004      	movs	r4, r0
10000b80:	2001      	movs	r0, #1
10000b82:	f7ff fcd5 	bl	10000530 <spin_lock_claim_unused>
10000b86:	4b03      	ldr	r3, [pc, #12]	@ (10000b94 <critical_section_init+0x18>)
10000b88:	18c3      	adds	r3, r0, r3
10000b8a:	009b      	lsls	r3, r3, #2
10000b8c:	6023      	str	r3, [r4, #0]
10000b8e:	f3bf 8f5f 	dmb	sy
10000b92:	bd10      	pop	{r4, pc}
10000b94:	34000040 	.word	0x34000040

10000b98 <critical_section_init_with_lock_num>:
10000b98:	4b03      	ldr	r3, [pc, #12]	@ (10000ba8 <critical_section_init_with_lock_num+0x10>)
10000b9a:	469c      	mov	ip, r3
10000b9c:	4461      	add	r1, ip
10000b9e:	0089      	lsls	r1, r1, #2
10000ba0:	6001      	str	r1, [r0, #0]
10000ba2:	f3bf 8f5f 	dmb	sy
10000ba6:	4770      	bx	lr
10000ba8:	34000040 	.word	0x34000040

10000bac <sleep_until_callback>:
10000bac:	4b0a      	ldr	r3, [pc, #40]	@ (10000bd8 <sleep_until_callback+0x2c>)
10000bae:	6819      	ldr	r1, [r3, #0]
10000bb0:	f3ef 8010 	mrs	r0, PRIMASK
10000bb4:	b672      	cpsid	i
10000bb6:	680a      	ldr	r2, [r1, #0]
10000bb8:	2a00      	cmp	r2, #0
10000bba:	d0fc      	beq.n	10000bb6 <sleep_until_callback+0xa>
10000bbc:	f3bf 8f5f 	dmb	sy
10000bc0:	681b      	ldr	r3, [r3, #0]
10000bc2:	f3bf 8f5f 	dmb	sy
10000bc6:	2200      	movs	r2, #0
10000bc8:	601a      	str	r2, [r3, #0]
10000bca:	f380 8810 	msr	PRIMASK, r0
10000bce:	bf40      	sev
10000bd0:	2000      	movs	r0, #0
10000bd2:	2100      	movs	r1, #0
10000bd4:	4770      	bx	lr
10000bd6:	46c0      	nop			@ (mov r8, r8)
10000bd8:	2000213c 	.word	0x2000213c

10000bdc <alarm_pool_irq_handler>:
10000bdc:	b5f0      	push	{r4, r5, r6, r7, lr}
10000bde:	46de      	mov	lr, fp
10000be0:	4657      	mov	r7, sl
10000be2:	464e      	mov	r6, r9
10000be4:	4645      	mov	r5, r8
10000be6:	b5e0      	push	{r5, r6, r7, lr}
10000be8:	b087      	sub	sp, #28
10000bea:	f3ef 8305 	mrs	r3, IPSR
10000bee:	2203      	movs	r2, #3
10000bf0:	2501      	movs	r5, #1
10000bf2:	401a      	ands	r2, r3
10000bf4:	4095      	lsls	r5, r2
10000bf6:	0091      	lsls	r1, r2, #2
10000bf8:	4688      	mov	r8, r1
10000bfa:	46a9      	mov	r9, r5
10000bfc:	4bb3      	ldr	r3, [pc, #716]	@ (10000ecc <alarm_pool_irq_handler+0x2f0>)
10000bfe:	9203      	str	r2, [sp, #12]
10000c00:	585c      	ldr	r4, [r3, r1]
10000c02:	4bb3      	ldr	r3, [pc, #716]	@ (10000ed0 <alarm_pool_irq_handler+0x2f4>)
10000c04:	601d      	str	r5, [r3, #0]
10000c06:	4bb3      	ldr	r3, [pc, #716]	@ (10000ed4 <alarm_pool_irq_handler+0x2f8>)
10000c08:	9304      	str	r3, [sp, #16]
10000c0a:	464b      	mov	r3, r9
10000c0c:	48b2      	ldr	r0, [pc, #712]	@ (10000ed8 <alarm_pool_irq_handler+0x2fc>)
10000c0e:	6343      	str	r3, [r0, #52]	@ 0x34
10000c10:	2308      	movs	r3, #8
10000c12:	5ee5      	ldrsh	r5, [r4, r3]
10000c14:	2d00      	cmp	r5, #0
10000c16:	da37      	bge.n	10000c88 <alarm_pool_irq_handler+0xac>
10000c18:	88a3      	ldrh	r3, [r4, #4]
10000c1a:	b21b      	sxth	r3, r3
10000c1c:	2b00      	cmp	r3, #0
10000c1e:	db00      	blt.n	10000c22 <alarm_pool_irq_handler+0x46>
10000c20:	e0ad      	b.n	10000d7e <alarm_pool_irq_handler+0x1a2>
10000c22:	79a3      	ldrb	r3, [r4, #6]
10000c24:	2b00      	cmp	r3, #0
10000c26:	d000      	beq.n	10000c2a <alarm_pool_irq_handler+0x4e>
10000c28:	e0ee      	b.n	10000e08 <alarm_pool_irq_handler+0x22c>
10000c2a:	2308      	movs	r3, #8
10000c2c:	5ee0      	ldrsh	r0, [r4, r3]
10000c2e:	2800      	cmp	r0, #0
10000c30:	db20      	blt.n	10000c74 <alarm_pool_irq_handler+0x98>
10000c32:	0043      	lsls	r3, r0, #1
10000c34:	6962      	ldr	r2, [r4, #20]
10000c36:	181b      	adds	r3, r3, r0
10000c38:	00db      	lsls	r3, r3, #3
10000c3a:	18d3      	adds	r3, r2, r3
10000c3c:	689e      	ldr	r6, [r3, #8]
10000c3e:	68dd      	ldr	r5, [r3, #12]
10000c40:	1c73      	adds	r3, r6, #1
10000c42:	d100      	bne.n	10000c46 <alarm_pool_irq_handler+0x6a>
10000c44:	e111      	b.n	10000e6a <alarm_pool_irq_handler+0x28e>
10000c46:	48a4      	ldr	r0, [pc, #656]	@ (10000ed8 <alarm_pool_irq_handler+0x2fc>)
10000c48:	0001      	movs	r1, r0
10000c4a:	4441      	add	r1, r8
10000c4c:	6a82      	ldr	r2, [r0, #40]	@ 0x28
10000c4e:	690b      	ldr	r3, [r1, #16]
10000c50:	1ab7      	subs	r7, r6, r2
10000c52:	1a9b      	subs	r3, r3, r2
10000c54:	429f      	cmp	r7, r3
10000c56:	d315      	bcc.n	10000c84 <alarm_pool_irq_handler+0xa8>
10000c58:	2301      	movs	r3, #1
10000c5a:	6a02      	ldr	r2, [r0, #32]
10000c5c:	9803      	ldr	r0, [sp, #12]
10000c5e:	4083      	lsls	r3, r0
10000c60:	421a      	tst	r2, r3
10000c62:	d00f      	beq.n	10000c84 <alarm_pool_irq_handler+0xa8>
10000c64:	489c      	ldr	r0, [pc, #624]	@ (10000ed8 <alarm_pool_irq_handler+0x2fc>)
10000c66:	f000 fbb5 	bl	100013d4 <timer_time_us_64>
10000c6a:	428d      	cmp	r5, r1
10000c6c:	dc02      	bgt.n	10000c74 <alarm_pool_irq_handler+0x98>
10000c6e:	d1cc      	bne.n	10000c0a <alarm_pool_irq_handler+0x2e>
10000c70:	4286      	cmp	r6, r0
10000c72:	d9ca      	bls.n	10000c0a <alarm_pool_irq_handler+0x2e>
10000c74:	bf40      	sev
10000c76:	b007      	add	sp, #28
10000c78:	bcf0      	pop	{r4, r5, r6, r7}
10000c7a:	46bb      	mov	fp, r7
10000c7c:	46b2      	mov	sl, r6
10000c7e:	46a9      	mov	r9, r5
10000c80:	46a0      	mov	r8, r4
10000c82:	bdf0      	pop	{r4, r5, r6, r7, pc}
10000c84:	610e      	str	r6, [r1, #16]
10000c86:	e7ed      	b.n	10000c64 <alarm_pool_irq_handler+0x88>
10000c88:	6962      	ldr	r2, [r4, #20]
10000c8a:	006b      	lsls	r3, r5, #1
10000c8c:	4692      	mov	sl, r2
10000c8e:	195b      	adds	r3, r3, r5
10000c90:	00db      	lsls	r3, r3, #3
10000c92:	449a      	add	sl, r3
10000c94:	4653      	mov	r3, sl
10000c96:	689e      	ldr	r6, [r3, #8]
10000c98:	68df      	ldr	r7, [r3, #12]
10000c9a:	f000 fb9b 	bl	100013d4 <timer_time_us_64>
10000c9e:	428f      	cmp	r7, r1
10000ca0:	dcba      	bgt.n	10000c18 <alarm_pool_irq_handler+0x3c>
10000ca2:	d100      	bne.n	10000ca6 <alarm_pool_irq_handler+0xca>
10000ca4:	e103      	b.n	10000eae <alarm_pool_irq_handler+0x2d2>
10000ca6:	2f00      	cmp	r7, #0
10000ca8:	da00      	bge.n	10000cac <alarm_pool_irq_handler+0xd0>
10000caa:	e0e8      	b.n	10000e7e <alarm_pool_irq_handler+0x2a2>
10000cac:	4652      	mov	r2, sl
10000cae:	4653      	mov	r3, sl
10000cb0:	6952      	ldr	r2, [r2, #20]
10000cb2:	691b      	ldr	r3, [r3, #16]
10000cb4:	4693      	mov	fp, r2
10000cb6:	9a04      	ldr	r2, [sp, #16]
10000cb8:	4293      	cmp	r3, r2
10000cba:	d100      	bne.n	10000cbe <alarm_pool_irq_handler+0xe2>
10000cbc:	e0d9      	b.n	10000e72 <alarm_pool_irq_handler+0x296>
10000cbe:	4652      	mov	r2, sl
10000cc0:	2108      	movs	r1, #8
10000cc2:	5e60      	ldrsh	r0, [r4, r1]
10000cc4:	8852      	ldrh	r2, [r2, #2]
10000cc6:	0400      	lsls	r0, r0, #16
10000cc8:	4659      	mov	r1, fp
10000cca:	4310      	orrs	r0, r2
10000ccc:	4798      	blx	r3
10000cce:	9000      	str	r0, [sp, #0]
10000cd0:	9101      	str	r1, [sp, #4]
10000cd2:	9900      	ldr	r1, [sp, #0]
10000cd4:	9a01      	ldr	r2, [sp, #4]
10000cd6:	000b      	movs	r3, r1
10000cd8:	0010      	movs	r0, r2
10000cda:	4313      	orrs	r3, r2
10000cdc:	d100      	bne.n	10000ce0 <alarm_pool_irq_handler+0x104>
10000cde:	e0ce      	b.n	10000e7e <alarm_pool_irq_handler+0x2a2>
10000ce0:	0013      	movs	r3, r2
10000ce2:	000a      	movs	r2, r1
10000ce4:	1ab6      	subs	r6, r6, r2
10000ce6:	419f      	sbcs	r7, r3
10000ce8:	2800      	cmp	r0, #0
10000cea:	db06      	blt.n	10000cfa <alarm_pool_irq_handler+0x11e>
10000cec:	487a      	ldr	r0, [pc, #488]	@ (10000ed8 <alarm_pool_irq_handler+0x2fc>)
10000cee:	f000 fb71 	bl	100013d4 <timer_time_us_64>
10000cf2:	9e00      	ldr	r6, [sp, #0]
10000cf4:	9f01      	ldr	r7, [sp, #4]
10000cf6:	1836      	adds	r6, r6, r0
10000cf8:	414f      	adcs	r7, r1
10000cfa:	4653      	mov	r3, sl
10000cfc:	609e      	str	r6, [r3, #8]
10000cfe:	60df      	str	r7, [r3, #12]
10000d00:	2200      	movs	r2, #0
10000d02:	5e9a      	ldrsh	r2, [r3, r2]
10000d04:	2a00      	cmp	r2, #0
10000d06:	da00      	bge.n	10000d0a <alarm_pool_irq_handler+0x12e>
10000d08:	e786      	b.n	10000c18 <alarm_pool_irq_handler+0x3c>
10000d0a:	0053      	lsls	r3, r2, #1
10000d0c:	1899      	adds	r1, r3, r2
10000d0e:	6960      	ldr	r0, [r4, #20]
10000d10:	00c9      	lsls	r1, r1, #3
10000d12:	1841      	adds	r1, r0, r1
10000d14:	9302      	str	r3, [sp, #8]
10000d16:	688b      	ldr	r3, [r1, #8]
10000d18:	68c9      	ldr	r1, [r1, #12]
10000d1a:	469b      	mov	fp, r3
10000d1c:	42b9      	cmp	r1, r7
10000d1e:	dd00      	ble.n	10000d22 <alarm_pool_irq_handler+0x146>
10000d20:	e77a      	b.n	10000c18 <alarm_pool_irq_handler+0x3c>
10000d22:	d102      	bne.n	10000d2a <alarm_pool_irq_handler+0x14e>
10000d24:	42b3      	cmp	r3, r6
10000d26:	d900      	bls.n	10000d2a <alarm_pool_irq_handler+0x14e>
10000d28:	e776      	b.n	10000c18 <alarm_pool_irq_handler+0x3c>
10000d2a:	2308      	movs	r3, #8
10000d2c:	469c      	mov	ip, r3
10000d2e:	44a4      	add	ip, r4
10000d30:	9505      	str	r5, [sp, #20]
10000d32:	4665      	mov	r5, ip
10000d34:	8122      	strh	r2, [r4, #8]
10000d36:	46a4      	mov	ip, r4
10000d38:	9b02      	ldr	r3, [sp, #8]
10000d3a:	002c      	movs	r4, r5
10000d3c:	e006      	b.n	10000d4c <alarm_pool_irq_handler+0x170>
10000d3e:	0053      	lsls	r3, r2, #1
10000d40:	1899      	adds	r1, r3, r2
10000d42:	00c9      	lsls	r1, r1, #3
10000d44:	1841      	adds	r1, r0, r1
10000d46:	688d      	ldr	r5, [r1, #8]
10000d48:	68c9      	ldr	r1, [r1, #12]
10000d4a:	46ab      	mov	fp, r5
10000d4c:	189b      	adds	r3, r3, r2
10000d4e:	00db      	lsls	r3, r3, #3
10000d50:	18c3      	adds	r3, r0, r3
10000d52:	42b9      	cmp	r1, r7
10000d54:	dc06      	bgt.n	10000d64 <alarm_pool_irq_handler+0x188>
10000d56:	d100      	bne.n	10000d5a <alarm_pool_irq_handler+0x17e>
10000d58:	e0b3      	b.n	10000ec2 <alarm_pool_irq_handler+0x2e6>
10000d5a:	001c      	movs	r4, r3
10000d5c:	2300      	movs	r3, #0
10000d5e:	5ee2      	ldrsh	r2, [r4, r3]
10000d60:	2a00      	cmp	r2, #0
10000d62:	daec      	bge.n	10000d3e <alarm_pool_irq_handler+0x162>
10000d64:	0023      	movs	r3, r4
10000d66:	4664      	mov	r4, ip
10000d68:	469c      	mov	ip, r3
10000d6a:	4653      	mov	r3, sl
10000d6c:	801a      	strh	r2, [r3, #0]
10000d6e:	4663      	mov	r3, ip
10000d70:	9d05      	ldr	r5, [sp, #20]
10000d72:	801d      	strh	r5, [r3, #0]
10000d74:	88a3      	ldrh	r3, [r4, #4]
10000d76:	b21b      	sxth	r3, r3
10000d78:	2b00      	cmp	r3, #0
10000d7a:	da00      	bge.n	10000d7e <alarm_pool_irq_handler+0x1a2>
10000d7c:	e751      	b.n	10000c22 <alarm_pool_irq_handler+0x46>
10000d7e:	6922      	ldr	r2, [r4, #16]
10000d80:	f3ef 8110 	mrs	r1, PRIMASK
10000d84:	b672      	cpsid	i
10000d86:	6813      	ldr	r3, [r2, #0]
10000d88:	2b00      	cmp	r3, #0
10000d8a:	d0fc      	beq.n	10000d86 <alarm_pool_irq_handler+0x1aa>
10000d8c:	f3bf 8f5f 	dmb	sy
10000d90:	2301      	movs	r3, #1
10000d92:	88a7      	ldrh	r7, [r4, #4]
10000d94:	425b      	negs	r3, r3
10000d96:	80a3      	strh	r3, [r4, #4]
10000d98:	b23f      	sxth	r7, r7
10000d9a:	6923      	ldr	r3, [r4, #16]
10000d9c:	f3bf 8f5f 	dmb	sy
10000da0:	2200      	movs	r2, #0
10000da2:	601a      	str	r2, [r3, #0]
10000da4:	f381 8810 	msr	PRIMASK, r1
10000da8:	2f00      	cmp	r7, #0
10000daa:	da00      	bge.n	10000dae <alarm_pool_irq_handler+0x1d2>
10000dac:	e739      	b.n	10000c22 <alarm_pool_irq_handler+0x46>
10000dae:	0023      	movs	r3, r4
10000db0:	3308      	adds	r3, #8
10000db2:	0022      	movs	r2, r4
10000db4:	469a      	mov	sl, r3
10000db6:	6966      	ldr	r6, [r4, #20]
10000db8:	007b      	lsls	r3, r7, #1
10000dba:	19db      	adds	r3, r3, r7
10000dbc:	00db      	lsls	r3, r3, #3
10000dbe:	18f3      	adds	r3, r6, r3
10000dc0:	6899      	ldr	r1, [r3, #8]
10000dc2:	4650      	mov	r0, sl
10000dc4:	468c      	mov	ip, r1
10000dc6:	2408      	movs	r4, #8
10000dc8:	5f11      	ldrsh	r1, [r2, r4]
10000dca:	68dd      	ldr	r5, [r3, #12]
10000dcc:	2900      	cmp	r1, #0
10000dce:	db10      	blt.n	10000df2 <alarm_pool_irq_handler+0x216>
10000dd0:	9302      	str	r3, [sp, #8]
10000dd2:	e006      	b.n	10000de2 <alarm_pool_irq_handler+0x206>
10000dd4:	42ab      	cmp	r3, r5
10000dd6:	d044      	beq.n	10000e62 <alarm_pool_irq_handler+0x286>
10000dd8:	2300      	movs	r3, #0
10000dda:	5ee1      	ldrsh	r1, [r4, r3]
10000ddc:	0020      	movs	r0, r4
10000dde:	2900      	cmp	r1, #0
10000de0:	db06      	blt.n	10000df0 <alarm_pool_irq_handler+0x214>
10000de2:	004c      	lsls	r4, r1, #1
10000de4:	1864      	adds	r4, r4, r1
10000de6:	00e4      	lsls	r4, r4, #3
10000de8:	1934      	adds	r4, r6, r4
10000dea:	68e3      	ldr	r3, [r4, #12]
10000dec:	42ab      	cmp	r3, r5
10000dee:	ddf1      	ble.n	10000dd4 <alarm_pool_irq_handler+0x1f8>
10000df0:	9b02      	ldr	r3, [sp, #8]
10000df2:	8007      	strh	r7, [r0, #0]
10000df4:	2000      	movs	r0, #0
10000df6:	5e1f      	ldrsh	r7, [r3, r0]
10000df8:	8019      	strh	r1, [r3, #0]
10000dfa:	2f00      	cmp	r7, #0
10000dfc:	dadc      	bge.n	10000db8 <alarm_pool_irq_handler+0x1dc>
10000dfe:	0014      	movs	r4, r2
10000e00:	79a3      	ldrb	r3, [r4, #6]
10000e02:	2b00      	cmp	r3, #0
10000e04:	d100      	bne.n	10000e08 <alarm_pool_irq_handler+0x22c>
10000e06:	e710      	b.n	10000c2a <alarm_pool_irq_handler+0x4e>
10000e08:	2300      	movs	r3, #0
10000e0a:	71a3      	strb	r3, [r4, #6]
10000e0c:	0026      	movs	r6, r4
10000e0e:	2308      	movs	r3, #8
10000e10:	5ee1      	ldrsh	r1, [r4, r3]
10000e12:	3608      	adds	r6, #8
10000e14:	1c4b      	adds	r3, r1, #1
10000e16:	d100      	bne.n	10000e1a <alarm_pool_irq_handler+0x23e>
10000e18:	e72c      	b.n	10000c74 <alarm_pool_irq_handler+0x98>
10000e1a:	0008      	movs	r0, r1
10000e1c:	46a2      	mov	sl, r4
10000e1e:	6965      	ldr	r5, [r4, #20]
10000e20:	e002      	b.n	10000e28 <alarm_pool_irq_handler+0x24c>
10000e22:	003e      	movs	r6, r7
10000e24:	1c4b      	adds	r3, r1, #1
10000e26:	d01a      	beq.n	10000e5e <alarm_pool_irq_handler+0x282>
10000e28:	004b      	lsls	r3, r1, #1
10000e2a:	185b      	adds	r3, r3, r1
10000e2c:	00db      	lsls	r3, r3, #3
10000e2e:	18ef      	adds	r7, r5, r3
10000e30:	000a      	movs	r2, r1
10000e32:	468c      	mov	ip, r1
10000e34:	5ee9      	ldrsh	r1, [r5, r3]
10000e36:	887b      	ldrh	r3, [r7, #2]
10000e38:	b21b      	sxth	r3, r3
10000e3a:	2b00      	cmp	r3, #0
10000e3c:	daf1      	bge.n	10000e22 <alarm_pool_irq_handler+0x246>
10000e3e:	2301      	movs	r3, #1
10000e40:	425b      	negs	r3, r3
10000e42:	17dc      	asrs	r4, r3, #31
10000e44:	60bb      	str	r3, [r7, #8]
10000e46:	60fc      	str	r4, [r7, #12]
10000e48:	4282      	cmp	r2, r0
10000e4a:	d005      	beq.n	10000e58 <alarm_pool_irq_handler+0x27c>
10000e4c:	4653      	mov	r3, sl
10000e4e:	8031      	strh	r1, [r6, #0]
10000e50:	891b      	ldrh	r3, [r3, #8]
10000e52:	803b      	strh	r3, [r7, #0]
10000e54:	4653      	mov	r3, sl
10000e56:	811a      	strh	r2, [r3, #8]
10000e58:	4660      	mov	r0, ip
10000e5a:	1c4b      	adds	r3, r1, #1
10000e5c:	d1e4      	bne.n	10000e28 <alarm_pool_irq_handler+0x24c>
10000e5e:	4654      	mov	r4, sl
10000e60:	e6e5      	b.n	10000c2e <alarm_pool_irq_handler+0x52>
10000e62:	68a3      	ldr	r3, [r4, #8]
10000e64:	4563      	cmp	r3, ip
10000e66:	d9b7      	bls.n	10000dd8 <alarm_pool_irq_handler+0x1fc>
10000e68:	e7c2      	b.n	10000df0 <alarm_pool_irq_handler+0x214>
10000e6a:	1c6b      	adds	r3, r5, #1
10000e6c:	d000      	beq.n	10000e70 <alarm_pool_irq_handler+0x294>
10000e6e:	e6ea      	b.n	10000c46 <alarm_pool_irq_handler+0x6a>
10000e70:	e6f8      	b.n	10000c64 <alarm_pool_irq_handler+0x88>
10000e72:	465b      	mov	r3, fp
10000e74:	4658      	mov	r0, fp
10000e76:	691b      	ldr	r3, [r3, #16]
10000e78:	4798      	blx	r3
10000e7a:	2800      	cmp	r0, #0
10000e7c:	d11b      	bne.n	10000eb6 <alarm_pool_irq_handler+0x2da>
10000e7e:	4653      	mov	r3, sl
10000e80:	881b      	ldrh	r3, [r3, #0]
10000e82:	6922      	ldr	r2, [r4, #16]
10000e84:	8123      	strh	r3, [r4, #8]
10000e86:	f3ef 8310 	mrs	r3, PRIMASK
10000e8a:	b672      	cpsid	i
10000e8c:	6811      	ldr	r1, [r2, #0]
10000e8e:	2900      	cmp	r1, #0
10000e90:	d0fc      	beq.n	10000e8c <alarm_pool_irq_handler+0x2b0>
10000e92:	f3bf 8f5f 	dmb	sy
10000e96:	4651      	mov	r1, sl
10000e98:	8862      	ldrh	r2, [r4, #2]
10000e9a:	800a      	strh	r2, [r1, #0]
10000e9c:	6922      	ldr	r2, [r4, #16]
10000e9e:	8065      	strh	r5, [r4, #2]
10000ea0:	f3bf 8f5f 	dmb	sy
10000ea4:	2100      	movs	r1, #0
10000ea6:	6011      	str	r1, [r2, #0]
10000ea8:	f383 8810 	msr	PRIMASK, r3
10000eac:	e6b4      	b.n	10000c18 <alarm_pool_irq_handler+0x3c>
10000eae:	4286      	cmp	r6, r0
10000eb0:	d800      	bhi.n	10000eb4 <alarm_pool_irq_handler+0x2d8>
10000eb2:	e6f8      	b.n	10000ca6 <alarm_pool_irq_handler+0xca>
10000eb4:	e6b0      	b.n	10000c18 <alarm_pool_irq_handler+0x3c>
10000eb6:	465b      	mov	r3, fp
10000eb8:	681a      	ldr	r2, [r3, #0]
10000eba:	685b      	ldr	r3, [r3, #4]
10000ebc:	9200      	str	r2, [sp, #0]
10000ebe:	9301      	str	r3, [sp, #4]
10000ec0:	e707      	b.n	10000cd2 <alarm_pool_irq_handler+0xf6>
10000ec2:	45b3      	cmp	fp, r6
10000ec4:	d800      	bhi.n	10000ec8 <alarm_pool_irq_handler+0x2ec>
10000ec6:	e748      	b.n	10000d5a <alarm_pool_irq_handler+0x17e>
10000ec8:	e74c      	b.n	10000d64 <alarm_pool_irq_handler+0x188>
10000eca:	46c0      	nop			@ (mov r8, r8)
10000ecc:	20002020 	.word	0x20002020
10000ed0:	4005703c 	.word	0x4005703c
10000ed4:	10000bdd 	.word	0x10000bdd
10000ed8:	40054000 	.word	0x40054000

10000edc <runtime_init_default_alarm_pool>:
10000edc:	b570      	push	{r4, r5, r6, lr}
10000ede:	4c2e      	ldr	r4, [pc, #184]	@ (10000f98 <runtime_init_default_alarm_pool+0xbc>)
10000ee0:	6925      	ldr	r5, [r4, #16]
10000ee2:	2d00      	cmp	r5, #0
10000ee4:	d004      	beq.n	10000ef0 <runtime_init_default_alarm_pool+0x14>
10000ee6:	210a      	movs	r1, #10
10000ee8:	482c      	ldr	r0, [pc, #176]	@ (10000f9c <runtime_init_default_alarm_pool+0xc0>)
10000eea:	f7ff fe09 	bl	10000b00 <lock_init>
10000eee:	bd70      	pop	{r4, r5, r6, pc}
10000ef0:	4e2b      	ldr	r6, [pc, #172]	@ (10000fa0 <runtime_init_default_alarm_pool+0xc4>)
10000ef2:	2103      	movs	r1, #3
10000ef4:	0030      	movs	r0, r6
10000ef6:	f000 fa63 	bl	100013c0 <timer_hardware_alarm_claim>
10000efa:	60e6      	str	r6, [r4, #12]
10000efc:	f7ff fb0c 	bl	10000518 <next_striped_spin_lock_num>
10000f00:	4b28      	ldr	r3, [pc, #160]	@ (10000fa4 <runtime_init_default_alarm_pool+0xc8>)
10000f02:	2203      	movs	r2, #3
10000f04:	469c      	mov	ip, r3
10000f06:	23d0      	movs	r3, #208	@ 0xd0
10000f08:	7022      	strb	r2, [r4, #0]
10000f0a:	061b      	lsls	r3, r3, #24
10000f0c:	681b      	ldr	r3, [r3, #0]
10000f0e:	2101      	movs	r1, #1
10000f10:	7063      	strb	r3, [r4, #1]
10000f12:	4b25      	ldr	r3, [pc, #148]	@ (10000fa8 <runtime_init_default_alarm_pool+0xcc>)
10000f14:	4460      	add	r0, ip
10000f16:	60a3      	str	r3, [r4, #8]
10000f18:	230f      	movs	r3, #15
10000f1a:	0080      	lsls	r0, r0, #2
10000f1c:	6120      	str	r0, [r4, #16]
10000f1e:	2002      	movs	r0, #2
10000f20:	8063      	strh	r3, [r4, #2]
10000f22:	6963      	ldr	r3, [r4, #20]
10000f24:	4249      	negs	r1, r1
10000f26:	80a1      	strh	r1, [r4, #4]
10000f28:	8019      	strh	r1, [r3, #0]
10000f2a:	3102      	adds	r1, #2
10000f2c:	8619      	strh	r1, [r3, #48]	@ 0x30
10000f2e:	3147      	adds	r1, #71	@ 0x47
10000f30:	831d      	strh	r5, [r3, #24]
10000f32:	5258      	strh	r0, [r3, r1]
10000f34:	3118      	adds	r1, #24
10000f36:	525a      	strh	r2, [r3, r1]
10000f38:	3275      	adds	r2, #117	@ 0x75
10000f3a:	395c      	subs	r1, #92	@ 0x5c
10000f3c:	5299      	strh	r1, [r3, r2]
10000f3e:	3218      	adds	r2, #24
10000f40:	3101      	adds	r1, #1
10000f42:	5299      	strh	r1, [r3, r2]
10000f44:	3218      	adds	r2, #24
10000f46:	3101      	adds	r1, #1
10000f48:	5299      	strh	r1, [r3, r2]
10000f4a:	3218      	adds	r2, #24
10000f4c:	3101      	adds	r1, #1
10000f4e:	5299      	strh	r1, [r3, r2]
10000f50:	3508      	adds	r5, #8
10000f52:	3218      	adds	r2, #24
10000f54:	529d      	strh	r5, [r3, r2]
10000f56:	3102      	adds	r1, #2
10000f58:	3218      	adds	r2, #24
10000f5a:	5299      	strh	r1, [r3, r2]
10000f5c:	3218      	adds	r2, #24
10000f5e:	3101      	adds	r1, #1
10000f60:	5299      	strh	r1, [r3, r2]
10000f62:	3218      	adds	r2, #24
10000f64:	3101      	adds	r1, #1
10000f66:	5299      	strh	r1, [r3, r2]
10000f68:	3218      	adds	r2, #24
10000f6a:	3101      	adds	r1, #1
10000f6c:	5299      	strh	r1, [r3, r2]
10000f6e:	3218      	adds	r2, #24
10000f70:	3101      	adds	r1, #1
10000f72:	5299      	strh	r1, [r3, r2]
10000f74:	3218      	adds	r2, #24
10000f76:	3101      	adds	r1, #1
10000f78:	5299      	strh	r1, [r3, r2]
10000f7a:	4b0c      	ldr	r3, [pc, #48]	@ (10000fac <runtime_init_default_alarm_pool+0xd0>)
10000f7c:	490c      	ldr	r1, [pc, #48]	@ (10000fb0 <runtime_init_default_alarm_pool+0xd4>)
10000f7e:	60dc      	str	r4, [r3, #12]
10000f80:	3001      	adds	r0, #1
10000f82:	6235      	str	r5, [r6, #32]
10000f84:	f7ff fb3e 	bl	10000604 <irq_set_exclusive_handler>
10000f88:	2101      	movs	r1, #1
10000f8a:	2003      	movs	r0, #3
10000f8c:	f7ff fb02 	bl	10000594 <irq_set_enabled>
10000f90:	4b08      	ldr	r3, [pc, #32]	@ (10000fb4 <runtime_init_default_alarm_pool+0xd8>)
10000f92:	601d      	str	r5, [r3, #0]
10000f94:	e7a7      	b.n	10000ee6 <runtime_init_default_alarm_pool+0xa>
10000f96:	46c0      	nop			@ (mov r8, r8)
10000f98:	2000102c 	.word	0x2000102c
10000f9c:	2000213c 	.word	0x2000213c
10000fa0:	40054000 	.word	0x40054000
10000fa4:	34000040 	.word	0x34000040
10000fa8:	0010ffff 	.word	0x0010ffff
10000fac:	20002020 	.word	0x20002020
10000fb0:	10000bdd 	.word	0x10000bdd
10000fb4:	40056038 	.word	0x40056038

10000fb8 <alarm_pool_get_default>:
10000fb8:	4800      	ldr	r0, [pc, #0]	@ (10000fbc <alarm_pool_get_default+0x4>)
10000fba:	4770      	bx	lr
10000fbc:	2000102c 	.word	0x2000102c

10000fc0 <alarm_pool_add_alarm_at>:
10000fc0:	b5f8      	push	{r3, r4, r5, r6, r7, lr}
10000fc2:	001f      	movs	r7, r3
10000fc4:	ab08      	add	r3, sp, #32
10000fc6:	781b      	ldrb	r3, [r3, #0]
10000fc8:	0004      	movs	r4, r0
10000fca:	0016      	movs	r6, r2
10000fcc:	2b00      	cmp	r3, #0
10000fce:	d108      	bne.n	10000fe2 <alarm_pool_add_alarm_at+0x22>
10000fd0:	f000 fa08 	bl	100013e4 <time_us_64>
10000fd4:	0032      	movs	r2, r6
10000fd6:	003b      	movs	r3, r7
10000fd8:	1a12      	subs	r2, r2, r0
10000fda:	418b      	sbcs	r3, r1
10000fdc:	2b00      	cmp	r3, #0
10000fde:	da00      	bge.n	10000fe2 <alarm_pool_add_alarm_at+0x22>
10000fe0:	e052      	b.n	10001088 <alarm_pool_add_alarm_at+0xc8>
10000fe2:	6922      	ldr	r2, [r4, #16]
10000fe4:	f3ef 8010 	mrs	r0, PRIMASK
10000fe8:	b672      	cpsid	i
10000fea:	6813      	ldr	r3, [r2, #0]
10000fec:	2b00      	cmp	r3, #0
10000fee:	d0fc      	beq.n	10000fea <alarm_pool_add_alarm_at+0x2a>
10000ff0:	f3bf 8f5f 	dmb	sy
10000ff4:	2302      	movs	r3, #2
10000ff6:	5ee1      	ldrsh	r1, [r4, r3]
10000ff8:	6963      	ldr	r3, [r4, #20]
10000ffa:	004a      	lsls	r2, r1, #1
10000ffc:	1852      	adds	r2, r2, r1
10000ffe:	00d2      	lsls	r2, r2, #3
10001000:	189b      	adds	r3, r3, r2
10001002:	6922      	ldr	r2, [r4, #16]
10001004:	2900      	cmp	r1, #0
10001006:	db36      	blt.n	10001076 <alarm_pool_add_alarm_at+0xb6>
10001008:	881d      	ldrh	r5, [r3, #0]
1000100a:	8065      	strh	r5, [r4, #2]
1000100c:	f3bf 8f5f 	dmb	sy
10001010:	2500      	movs	r5, #0
10001012:	6015      	str	r5, [r2, #0]
10001014:	f380 8810 	msr	PRIMASK, r0
10001018:	9a06      	ldr	r2, [sp, #24]
1000101a:	609e      	str	r6, [r3, #8]
1000101c:	60df      	str	r7, [r3, #12]
1000101e:	611a      	str	r2, [r3, #16]
10001020:	9a07      	ldr	r2, [sp, #28]
10001022:	615a      	str	r2, [r3, #20]
10001024:	885a      	ldrh	r2, [r3, #2]
10001026:	3201      	adds	r2, #1
10001028:	0452      	lsls	r2, r2, #17
1000102a:	0c52      	lsrs	r2, r2, #17
1000102c:	1c10      	adds	r0, r2, #0
1000102e:	2a00      	cmp	r2, #0
10001030:	d01f      	beq.n	10001072 <alarm_pool_add_alarm_at+0xb2>
10001032:	b282      	uxth	r2, r0
10001034:	8058      	strh	r0, [r3, #2]
10001036:	0408      	lsls	r0, r1, #16
10001038:	4310      	orrs	r0, r2
1000103a:	6926      	ldr	r6, [r4, #16]
1000103c:	f3ef 8710 	mrs	r7, PRIMASK
10001040:	b672      	cpsid	i
10001042:	6832      	ldr	r2, [r6, #0]
10001044:	2a00      	cmp	r2, #0
10001046:	d0fc      	beq.n	10001042 <alarm_pool_add_alarm_at+0x82>
10001048:	f3bf 8f5f 	dmb	sy
1000104c:	88a2      	ldrh	r2, [r4, #4]
1000104e:	801a      	strh	r2, [r3, #0]
10001050:	80a1      	strh	r1, [r4, #4]
10001052:	6923      	ldr	r3, [r4, #16]
10001054:	f3bf 8f5f 	dmb	sy
10001058:	2200      	movs	r2, #0
1000105a:	601a      	str	r2, [r3, #0]
1000105c:	f387 8810 	msr	PRIMASK, r7
10001060:	490a      	ldr	r1, [pc, #40]	@ (1000108c <alarm_pool_add_alarm_at+0xcc>)
10001062:	7823      	ldrb	r3, [r4, #0]
10001064:	468c      	mov	ip, r1
10001066:	3201      	adds	r2, #1
10001068:	409a      	lsls	r2, r3
1000106a:	68e3      	ldr	r3, [r4, #12]
1000106c:	4463      	add	r3, ip
1000106e:	601a      	str	r2, [r3, #0]
10001070:	bdf8      	pop	{r3, r4, r5, r6, r7, pc}
10001072:	2001      	movs	r0, #1
10001074:	e7dd      	b.n	10001032 <alarm_pool_add_alarm_at+0x72>
10001076:	f3bf 8f5f 	dmb	sy
1000107a:	2300      	movs	r3, #0
1000107c:	6013      	str	r3, [r2, #0]
1000107e:	f380 8810 	msr	PRIMASK, r0
10001082:	2001      	movs	r0, #1
10001084:	4240      	negs	r0, r0
10001086:	e7f3      	b.n	10001070 <alarm_pool_add_alarm_at+0xb0>
10001088:	2000      	movs	r0, #0
1000108a:	e7f1      	b.n	10001070 <alarm_pool_add_alarm_at+0xb0>
1000108c:	0000203c 	.word	0x0000203c

10001090 <alarm_pool_add_alarm_at_force_in_context>:
10001090:	b570      	push	{r4, r5, r6, lr}
10001092:	0001      	movs	r1, r0
10001094:	6904      	ldr	r4, [r0, #16]
10001096:	f3ef 8c10 	mrs	ip, PRIMASK
1000109a:	b672      	cpsid	i
1000109c:	6820      	ldr	r0, [r4, #0]
1000109e:	2800      	cmp	r0, #0
100010a0:	d0fc      	beq.n	1000109c <alarm_pool_add_alarm_at_force_in_context+0xc>
100010a2:	f3bf 8f5f 	dmb	sy
100010a6:	2002      	movs	r0, #2
100010a8:	5e0d      	ldrsh	r5, [r1, r0]
100010aa:	694c      	ldr	r4, [r1, #20]
100010ac:	0068      	lsls	r0, r5, #1
100010ae:	1940      	adds	r0, r0, r5
100010b0:	00c0      	lsls	r0, r0, #3
100010b2:	1824      	adds	r4, r4, r0
100010b4:	6908      	ldr	r0, [r1, #16]
100010b6:	2d00      	cmp	r5, #0
100010b8:	db36      	blt.n	10001128 <alarm_pool_add_alarm_at_force_in_context+0x98>
100010ba:	8826      	ldrh	r6, [r4, #0]
100010bc:	804e      	strh	r6, [r1, #2]
100010be:	f3bf 8f5f 	dmb	sy
100010c2:	2600      	movs	r6, #0
100010c4:	6006      	str	r6, [r0, #0]
100010c6:	f38c 8810 	msr	PRIMASK, ip
100010ca:	60e3      	str	r3, [r4, #12]
100010cc:	8863      	ldrh	r3, [r4, #2]
100010ce:	9804      	ldr	r0, [sp, #16]
100010d0:	3301      	adds	r3, #1
100010d2:	6120      	str	r0, [r4, #16]
100010d4:	045b      	lsls	r3, r3, #17
100010d6:	9805      	ldr	r0, [sp, #20]
100010d8:	0c5b      	lsrs	r3, r3, #17
100010da:	60a2      	str	r2, [r4, #8]
100010dc:	6160      	str	r0, [r4, #20]
100010de:	1c1a      	adds	r2, r3, #0
100010e0:	2b00      	cmp	r3, #0
100010e2:	d01f      	beq.n	10001124 <alarm_pool_add_alarm_at_force_in_context+0x94>
100010e4:	b293      	uxth	r3, r2
100010e6:	0428      	lsls	r0, r5, #16
100010e8:	8062      	strh	r2, [r4, #2]
100010ea:	4318      	orrs	r0, r3
100010ec:	690a      	ldr	r2, [r1, #16]
100010ee:	f3ef 8c10 	mrs	ip, PRIMASK
100010f2:	b672      	cpsid	i
100010f4:	6813      	ldr	r3, [r2, #0]
100010f6:	2b00      	cmp	r3, #0
100010f8:	d0fc      	beq.n	100010f4 <alarm_pool_add_alarm_at_force_in_context+0x64>
100010fa:	f3bf 8f5f 	dmb	sy
100010fe:	888b      	ldrh	r3, [r1, #4]
10001100:	8023      	strh	r3, [r4, #0]
10001102:	808d      	strh	r5, [r1, #4]
10001104:	690b      	ldr	r3, [r1, #16]
10001106:	f3bf 8f5f 	dmb	sy
1000110a:	2200      	movs	r2, #0
1000110c:	601a      	str	r2, [r3, #0]
1000110e:	f38c 8810 	msr	PRIMASK, ip
10001112:	780b      	ldrb	r3, [r1, #0]
10001114:	3201      	adds	r2, #1
10001116:	409a      	lsls	r2, r3
10001118:	68cb      	ldr	r3, [r1, #12]
1000111a:	4908      	ldr	r1, [pc, #32]	@ (1000113c <alarm_pool_add_alarm_at_force_in_context+0xac>)
1000111c:	468c      	mov	ip, r1
1000111e:	4463      	add	r3, ip
10001120:	601a      	str	r2, [r3, #0]
10001122:	bd70      	pop	{r4, r5, r6, pc}
10001124:	2201      	movs	r2, #1
10001126:	e7dd      	b.n	100010e4 <alarm_pool_add_alarm_at_force_in_context+0x54>
10001128:	f3bf 8f5f 	dmb	sy
1000112c:	2300      	movs	r3, #0
1000112e:	6003      	str	r3, [r0, #0]
10001130:	f38c 8810 	msr	PRIMASK, ip
10001134:	2001      	movs	r0, #1
10001136:	4240      	negs	r0, r0
10001138:	e7f3      	b.n	10001122 <alarm_pool_add_alarm_at_force_in_context+0x92>
1000113a:	46c0      	nop			@ (mov r8, r8)
1000113c:	0000203c 	.word	0x0000203c

10001140 <alarm_pool_cancel_alarm>:
10001140:	b510      	push	{r4, lr}
10001142:	8943      	ldrh	r3, [r0, #10]
10001144:	140a      	asrs	r2, r1, #16
10001146:	4293      	cmp	r3, r2
10001148:	dd1a      	ble.n	10001180 <alarm_pool_cancel_alarm+0x40>
1000114a:	0053      	lsls	r3, r2, #1
1000114c:	189b      	adds	r3, r3, r2
1000114e:	6942      	ldr	r2, [r0, #20]
10001150:	00db      	lsls	r3, r3, #3
10001152:	18d3      	adds	r3, r2, r3
10001154:	6904      	ldr	r4, [r0, #16]
10001156:	f3ef 8c10 	mrs	ip, PRIMASK
1000115a:	b672      	cpsid	i
1000115c:	6822      	ldr	r2, [r4, #0]
1000115e:	2a00      	cmp	r2, #0
10001160:	d0fc      	beq.n	1000115c <alarm_pool_cancel_alarm+0x1c>
10001162:	f3bf 8f5f 	dmb	sy
10001166:	885a      	ldrh	r2, [r3, #2]
10001168:	0409      	lsls	r1, r1, #16
1000116a:	b294      	uxth	r4, r2
1000116c:	0c09      	lsrs	r1, r1, #16
1000116e:	428a      	cmp	r2, r1
10001170:	d008      	beq.n	10001184 <alarm_pool_cancel_alarm+0x44>
10001172:	6903      	ldr	r3, [r0, #16]
10001174:	f3bf 8f5f 	dmb	sy
10001178:	2200      	movs	r2, #0
1000117a:	601a      	str	r2, [r3, #0]
1000117c:	f38c 8810 	msr	PRIMASK, ip
10001180:	2000      	movs	r0, #0
10001182:	bd10      	pop	{r4, pc}
10001184:	2280      	movs	r2, #128	@ 0x80
10001186:	0212      	lsls	r2, r2, #8
10001188:	4314      	orrs	r4, r2
1000118a:	805c      	strh	r4, [r3, #2]
1000118c:	2301      	movs	r3, #1
1000118e:	6902      	ldr	r2, [r0, #16]
10001190:	7183      	strb	r3, [r0, #6]
10001192:	f3bf 8f5f 	dmb	sy
10001196:	2100      	movs	r1, #0
10001198:	6011      	str	r1, [r2, #0]
1000119a:	f38c 8810 	msr	PRIMASK, ip
1000119e:	4904      	ldr	r1, [pc, #16]	@ (100011b0 <alarm_pool_cancel_alarm+0x70>)
100011a0:	7802      	ldrb	r2, [r0, #0]
100011a2:	468c      	mov	ip, r1
100011a4:	4093      	lsls	r3, r2
100011a6:	68c2      	ldr	r2, [r0, #12]
100011a8:	2001      	movs	r0, #1
100011aa:	4462      	add	r2, ip
100011ac:	6013      	str	r3, [r2, #0]
100011ae:	e7e8      	b.n	10001182 <alarm_pool_cancel_alarm+0x42>
100011b0:	0000203c 	.word	0x0000203c

100011b4 <alarm_pool_core_num>:
100011b4:	7840      	ldrb	r0, [r0, #1]
100011b6:	4770      	bx	lr

100011b8 <sleep_ms>:
100011b8:	b5f0      	push	{r4, r5, r6, r7, lr}
100011ba:	46c6      	mov	lr, r8
100011bc:	b500      	push	{lr}
100011be:	b082      	sub	sp, #8
100011c0:	0004      	movs	r4, r0
100011c2:	f000 f90f 	bl	100013e4 <time_us_64>
100011c6:	22fa      	movs	r2, #250	@ 0xfa
100011c8:	0006      	movs	r6, r0
100011ca:	000f      	movs	r7, r1
100011cc:	0020      	movs	r0, r4
100011ce:	2300      	movs	r3, #0
100011d0:	2100      	movs	r1, #0
100011d2:	0092      	lsls	r2, r2, #2
100011d4:	f000 fd96 	bl	10001d04 <__wrap___aeabi_lmul>
100011d8:	1980      	adds	r0, r0, r6
100011da:	4179      	adcs	r1, r7
100011dc:	0004      	movs	r4, r0
100011de:	1e0d      	subs	r5, r1, #0
100011e0:	da02      	bge.n	100011e8 <sleep_ms+0x30>
100011e2:	2401      	movs	r4, #1
100011e4:	4d2e      	ldr	r5, [pc, #184]	@ (100012a0 <sleep_ms+0xe8>)
100011e6:	4264      	negs	r4, r4
100011e8:	2606      	movs	r6, #6
100011ea:	4276      	negs	r6, r6
100011ec:	17f7      	asrs	r7, r6, #31
100011ee:	1936      	adds	r6, r6, r4
100011f0:	416f      	adcs	r7, r5
100011f2:	42af      	cmp	r7, r5
100011f4:	d814      	bhi.n	10001220 <sleep_ms+0x68>
100011f6:	d011      	beq.n	1000121c <sleep_ms+0x64>
100011f8:	f000 f8f4 	bl	100013e4 <time_us_64>
100011fc:	0032      	movs	r2, r6
100011fe:	003b      	movs	r3, r7
10001200:	1a12      	subs	r2, r2, r0
10001202:	418b      	sbcs	r3, r1
10001204:	2b00      	cmp	r3, #0
10001206:	dc15      	bgt.n	10001234 <sleep_ms+0x7c>
10001208:	2b00      	cmp	r3, #0
1000120a:	d046      	beq.n	1000129a <sleep_ms+0xe2>
1000120c:	0020      	movs	r0, r4
1000120e:	0029      	movs	r1, r5
10001210:	f000 f926 	bl	10001460 <busy_wait_until>
10001214:	b002      	add	sp, #8
10001216:	bc80      	pop	{r7}
10001218:	46b8      	mov	r8, r7
1000121a:	bdf0      	pop	{r4, r5, r6, r7, pc}
1000121c:	42a6      	cmp	r6, r4
1000121e:	d9eb      	bls.n	100011f8 <sleep_ms+0x40>
10001220:	2600      	movs	r6, #0
10001222:	2700      	movs	r7, #0
10001224:	f000 f8de 	bl	100013e4 <time_us_64>
10001228:	0032      	movs	r2, r6
1000122a:	003b      	movs	r3, r7
1000122c:	1a12      	subs	r2, r2, r0
1000122e:	418b      	sbcs	r3, r1
10001230:	2b00      	cmp	r3, #0
10001232:	dde9      	ble.n	10001208 <sleep_ms+0x50>
10001234:	f000 f8d6 	bl	100013e4 <time_us_64>
10001238:	0032      	movs	r2, r6
1000123a:	003b      	movs	r3, r7
1000123c:	1a12      	subs	r2, r2, r0
1000123e:	418b      	sbcs	r3, r1
10001240:	2b00      	cmp	r3, #0
10001242:	db0a      	blt.n	1000125a <sleep_ms+0xa2>
10001244:	2300      	movs	r3, #0
10001246:	9301      	str	r3, [sp, #4]
10001248:	4b16      	ldr	r3, [pc, #88]	@ (100012a4 <sleep_ms+0xec>)
1000124a:	0032      	movs	r2, r6
1000124c:	9300      	str	r3, [sp, #0]
1000124e:	4816      	ldr	r0, [pc, #88]	@ (100012a8 <sleep_ms+0xf0>)
10001250:	003b      	movs	r3, r7
10001252:	f7ff ff1d 	bl	10001090 <alarm_pool_add_alarm_at_force_in_context>
10001256:	3001      	adds	r0, #1
10001258:	d0d8      	beq.n	1000120c <sleep_ms+0x54>
1000125a:	2300      	movs	r3, #0
1000125c:	0039      	movs	r1, r7
1000125e:	46b0      	mov	r8, r6
10001260:	469c      	mov	ip, r3
10001262:	4a12      	ldr	r2, [pc, #72]	@ (100012ac <sleep_ms+0xf4>)
10001264:	4812      	ldr	r0, [pc, #72]	@ (100012b0 <sleep_ms+0xf8>)
10001266:	6a53      	ldr	r3, [r2, #36]	@ 0x24
10001268:	4299      	cmp	r1, r3
1000126a:	d804      	bhi.n	10001276 <sleep_ms+0xbe>
1000126c:	6a96      	ldr	r6, [r2, #40]	@ 0x28
1000126e:	4546      	cmp	r6, r8
10001270:	d2cc      	bcs.n	1000120c <sleep_ms+0x54>
10001272:	4299      	cmp	r1, r3
10001274:	d1ca      	bne.n	1000120c <sleep_ms+0x54>
10001276:	6806      	ldr	r6, [r0, #0]
10001278:	f3ef 8710 	mrs	r7, PRIMASK
1000127c:	b672      	cpsid	i
1000127e:	6833      	ldr	r3, [r6, #0]
10001280:	2b00      	cmp	r3, #0
10001282:	d0fc      	beq.n	1000127e <sleep_ms+0xc6>
10001284:	f3bf 8f5f 	dmb	sy
10001288:	6803      	ldr	r3, [r0, #0]
1000128a:	f3bf 8f5f 	dmb	sy
1000128e:	4666      	mov	r6, ip
10001290:	601e      	str	r6, [r3, #0]
10001292:	f387 8810 	msr	PRIMASK, r7
10001296:	bf20      	wfe
10001298:	e7e5      	b.n	10001266 <sleep_ms+0xae>
1000129a:	2a00      	cmp	r2, #0
1000129c:	d0b6      	beq.n	1000120c <sleep_ms+0x54>
1000129e:	e7c9      	b.n	10001234 <sleep_ms+0x7c>
100012a0:	7fffffff 	.word	0x7fffffff
100012a4:	10000bad 	.word	0x10000bad
100012a8:	2000102c 	.word	0x2000102c
100012ac:	40054000 	.word	0x40054000
100012b0:	2000213c 	.word	0x2000213c

100012b4 <best_effort_wfe_or_timeout>:
100012b4:	b5f0      	push	{r4, r5, r6, r7, lr}
100012b6:	4657      	mov	r7, sl
100012b8:	464e      	mov	r6, r9
100012ba:	46de      	mov	lr, fp
100012bc:	4645      	mov	r5, r8
100012be:	b5e0      	push	{r5, r6, r7, lr}
100012c0:	0006      	movs	r6, r0
100012c2:	000f      	movs	r7, r1
100012c4:	b085      	sub	sp, #20
100012c6:	f3ef 8305 	mrs	r3, IPSR
100012ca:	4699      	mov	r9, r3
100012cc:	468b      	mov	fp, r1
100012ce:	2b00      	cmp	r3, #0
100012d0:	d012      	beq.n	100012f8 <best_effort_wfe_or_timeout+0x44>
100012d2:	4938      	ldr	r1, [pc, #224]	@ (100013b4 <best_effort_wfe_or_timeout+0x100>)
100012d4:	2000      	movs	r0, #0
100012d6:	6a4b      	ldr	r3, [r1, #36]	@ 0x24
100012d8:	42bb      	cmp	r3, r7
100012da:	d306      	bcc.n	100012ea <best_effort_wfe_or_timeout+0x36>
100012dc:	6a8a      	ldr	r2, [r1, #40]	@ 0x28
100012de:	1bdb      	subs	r3, r3, r7
100012e0:	1e59      	subs	r1, r3, #1
100012e2:	418b      	sbcs	r3, r1
100012e4:	42b2      	cmp	r2, r6
100012e6:	4140      	adcs	r0, r0
100012e8:	4318      	orrs	r0, r3
100012ea:	b005      	add	sp, #20
100012ec:	bcf0      	pop	{r4, r5, r6, r7}
100012ee:	46bb      	mov	fp, r7
100012f0:	46b2      	mov	sl, r6
100012f2:	46a9      	mov	r9, r5
100012f4:	46a0      	mov	r8, r4
100012f6:	bdf0      	pop	{r4, r5, r6, r7, pc}
100012f8:	4b2f      	ldr	r3, [pc, #188]	@ (100013b8 <best_effort_wfe_or_timeout+0x104>)
100012fa:	469a      	mov	sl, r3
100012fc:	68db      	ldr	r3, [r3, #12]
100012fe:	4698      	mov	r8, r3
10001300:	4653      	mov	r3, sl
10001302:	781b      	ldrb	r3, [r3, #0]
10001304:	4640      	mov	r0, r8
10001306:	9303      	str	r3, [sp, #12]
10001308:	f000 f864 	bl	100013d4 <timer_time_us_64>
1000130c:	4642      	mov	r2, r8
1000130e:	9b03      	ldr	r3, [sp, #12]
10001310:	0004      	movs	r4, r0
10001312:	3304      	adds	r3, #4
10001314:	009b      	lsls	r3, r3, #2
10001316:	589b      	ldr	r3, [r3, r2]
10001318:	000d      	movs	r5, r1
1000131a:	1a1b      	subs	r3, r3, r0
1000131c:	0039      	movs	r1, r7
1000131e:	0030      	movs	r0, r6
10001320:	1b00      	subs	r0, r0, r4
10001322:	41a9      	sbcs	r1, r5
10001324:	4589      	cmp	r9, r1
10001326:	dc10      	bgt.n	1000134a <best_effort_wfe_or_timeout+0x96>
10001328:	d00d      	beq.n	10001346 <best_effort_wfe_or_timeout+0x92>
1000132a:	bf20      	wfe
1000132c:	4a21      	ldr	r2, [pc, #132]	@ (100013b4 <best_effort_wfe_or_timeout+0x100>)
1000132e:	2000      	movs	r0, #0
10001330:	6a53      	ldr	r3, [r2, #36]	@ 0x24
10001332:	455b      	cmp	r3, fp
10001334:	d3d9      	bcc.n	100012ea <best_effort_wfe_or_timeout+0x36>
10001336:	6a92      	ldr	r2, [r2, #40]	@ 0x28
10001338:	1bdb      	subs	r3, r3, r7
1000133a:	1e59      	subs	r1, r3, #1
1000133c:	418b      	sbcs	r3, r1
1000133e:	42b2      	cmp	r2, r6
10001340:	4140      	adcs	r0, r0
10001342:	4318      	orrs	r0, r3
10001344:	e7d1      	b.n	100012ea <best_effort_wfe_or_timeout+0x36>
10001346:	4283      	cmp	r3, r0
10001348:	d9ef      	bls.n	1000132a <best_effort_wfe_or_timeout+0x76>
1000134a:	f000 f84b 	bl	100013e4 <time_us_64>
1000134e:	0032      	movs	r2, r6
10001350:	003b      	movs	r3, r7
10001352:	1a12      	subs	r2, r2, r0
10001354:	418b      	sbcs	r3, r1
10001356:	2b00      	cmp	r3, #0
10001358:	db1a      	blt.n	10001390 <best_effort_wfe_or_timeout+0xdc>
1000135a:	2300      	movs	r3, #0
1000135c:	9301      	str	r3, [sp, #4]
1000135e:	4b17      	ldr	r3, [pc, #92]	@ (100013bc <best_effort_wfe_or_timeout+0x108>)
10001360:	0032      	movs	r2, r6
10001362:	9300      	str	r3, [sp, #0]
10001364:	4650      	mov	r0, sl
10001366:	003b      	movs	r3, r7
10001368:	f7ff fe92 	bl	10001090 <alarm_pool_add_alarm_at_force_in_context>
1000136c:	1e01      	subs	r1, r0, #0
1000136e:	dd0f      	ble.n	10001390 <best_effort_wfe_or_timeout+0xdc>
10001370:	4b10      	ldr	r3, [pc, #64]	@ (100013b4 <best_effort_wfe_or_timeout+0x100>)
10001372:	6a5a      	ldr	r2, [r3, #36]	@ 0x24
10001374:	455a      	cmp	r2, fp
10001376:	d31b      	bcc.n	100013b0 <best_effort_wfe_or_timeout+0xfc>
10001378:	6a9b      	ldr	r3, [r3, #40]	@ 0x28
1000137a:	42b3      	cmp	r3, r6
1000137c:	d316      	bcc.n	100013ac <best_effort_wfe_or_timeout+0xf8>
1000137e:	4650      	mov	r0, sl
10001380:	f7ff fede 	bl	10001140 <alarm_pool_cancel_alarm>
10001384:	4a0b      	ldr	r2, [pc, #44]	@ (100013b4 <best_effort_wfe_or_timeout+0x100>)
10001386:	2000      	movs	r0, #0
10001388:	6a53      	ldr	r3, [r2, #36]	@ 0x24
1000138a:	455b      	cmp	r3, fp
1000138c:	d3ad      	bcc.n	100012ea <best_effort_wfe_or_timeout+0x36>
1000138e:	e7d2      	b.n	10001336 <best_effort_wfe_or_timeout+0x82>
10001390:	4a08      	ldr	r2, [pc, #32]	@ (100013b4 <best_effort_wfe_or_timeout+0x100>)
10001392:	2000      	movs	r0, #0
10001394:	6a53      	ldr	r3, [r2, #36]	@ 0x24
10001396:	455b      	cmp	r3, fp
10001398:	d3a7      	bcc.n	100012ea <best_effort_wfe_or_timeout+0x36>
1000139a:	2000      	movs	r0, #0
1000139c:	6a92      	ldr	r2, [r2, #40]	@ 0x28
1000139e:	1bdb      	subs	r3, r3, r7
100013a0:	42b2      	cmp	r2, r6
100013a2:	4140      	adcs	r0, r0
100013a4:	1e5a      	subs	r2, r3, #1
100013a6:	4193      	sbcs	r3, r2
100013a8:	4318      	orrs	r0, r3
100013aa:	e79e      	b.n	100012ea <best_effort_wfe_or_timeout+0x36>
100013ac:	455a      	cmp	r2, fp
100013ae:	d1e6      	bne.n	1000137e <best_effort_wfe_or_timeout+0xca>
100013b0:	bf20      	wfe
100013b2:	e7e4      	b.n	1000137e <best_effort_wfe_or_timeout+0xca>
100013b4:	40054000 	.word	0x40054000
100013b8:	2000102c 	.word	0x2000102c
100013bc:	10000bad 	.word	0x10000bad

100013c0 <timer_hardware_alarm_claim>:
100013c0:	b510      	push	{r4, lr}
100013c2:	4a02      	ldr	r2, [pc, #8]	@ (100013cc <timer_hardware_alarm_claim+0xc>)
100013c4:	4802      	ldr	r0, [pc, #8]	@ (100013d0 <timer_hardware_alarm_claim+0x10>)
100013c6:	f7ff f841 	bl	1000044c <hw_claim_or_assert>
100013ca:	bd10      	pop	{r4, pc}
100013cc:	10004d0c 	.word	0x10004d0c
100013d0:	20001bac 	.word	0x20001bac

100013d4 <timer_time_us_64>:
100013d4:	0003      	movs	r3, r0
100013d6:	6a41      	ldr	r1, [r0, #36]	@ 0x24
100013d8:	000a      	movs	r2, r1
100013da:	6a98      	ldr	r0, [r3, #40]	@ 0x28
100013dc:	6a59      	ldr	r1, [r3, #36]	@ 0x24
100013de:	428a      	cmp	r2, r1
100013e0:	d1fa      	bne.n	100013d8 <timer_time_us_64+0x4>
100013e2:	4770      	bx	lr

100013e4 <time_us_64>:
100013e4:	4b03      	ldr	r3, [pc, #12]	@ (100013f4 <time_us_64+0x10>)
100013e6:	6a59      	ldr	r1, [r3, #36]	@ 0x24
100013e8:	000a      	movs	r2, r1
100013ea:	6a98      	ldr	r0, [r3, #40]	@ 0x28
100013ec:	6a59      	ldr	r1, [r3, #36]	@ 0x24
100013ee:	4291      	cmp	r1, r2
100013f0:	d1fa      	bne.n	100013e8 <time_us_64+0x4>
100013f2:	4770      	bx	lr
100013f4:	40054000 	.word	0x40054000

100013f8 <busy_wait_us>:
100013f8:	b570      	push	{r4, r5, r6, lr}
100013fa:	0004      	movs	r4, r0
100013fc:	000d      	movs	r5, r1
100013fe:	4a17      	ldr	r2, [pc, #92]	@ (1000145c <busy_wait_us+0x64>)
10001400:	6a53      	ldr	r3, [r2, #36]	@ 0x24
10001402:	0019      	movs	r1, r3
10001404:	6a96      	ldr	r6, [r2, #40]	@ 0x28
10001406:	6a53      	ldr	r3, [r2, #36]	@ 0x24
10001408:	428b      	cmp	r3, r1
1000140a:	d1fa      	bne.n	10001402 <busy_wait_us+0xa>
1000140c:	0030      	movs	r0, r6
1000140e:	0019      	movs	r1, r3
10001410:	1824      	adds	r4, r4, r0
10001412:	414d      	adcs	r5, r1
10001414:	42ab      	cmp	r3, r5
10001416:	d816      	bhi.n	10001446 <busy_wait_us+0x4e>
10001418:	d013      	beq.n	10001442 <busy_wait_us+0x4a>
1000141a:	4b10      	ldr	r3, [pc, #64]	@ (1000145c <busy_wait_us+0x64>)
1000141c:	002a      	movs	r2, r5
1000141e:	6a5b      	ldr	r3, [r3, #36]	@ 0x24
10001420:	429d      	cmp	r5, r3
10001422:	d903      	bls.n	1000142c <busy_wait_us+0x34>
10001424:	490d      	ldr	r1, [pc, #52]	@ (1000145c <busy_wait_us+0x64>)
10001426:	6a4b      	ldr	r3, [r1, #36]	@ 0x24
10001428:	4293      	cmp	r3, r2
1000142a:	d3fc      	bcc.n	10001426 <busy_wait_us+0x2e>
1000142c:	4293      	cmp	r3, r2
1000142e:	d107      	bne.n	10001440 <busy_wait_us+0x48>
10001430:	4a0a      	ldr	r2, [pc, #40]	@ (1000145c <busy_wait_us+0x64>)
10001432:	e002      	b.n	1000143a <busy_wait_us+0x42>
10001434:	6a51      	ldr	r1, [r2, #36]	@ 0x24
10001436:	4299      	cmp	r1, r3
10001438:	d102      	bne.n	10001440 <busy_wait_us+0x48>
1000143a:	6a91      	ldr	r1, [r2, #40]	@ 0x28
1000143c:	42a1      	cmp	r1, r4
1000143e:	d3f9      	bcc.n	10001434 <busy_wait_us+0x3c>
10001440:	bd70      	pop	{r4, r5, r6, pc}
10001442:	42a6      	cmp	r6, r4
10001444:	d9e9      	bls.n	1000141a <busy_wait_us+0x22>
10001446:	4b05      	ldr	r3, [pc, #20]	@ (1000145c <busy_wait_us+0x64>)
10001448:	6a5b      	ldr	r3, [r3, #36]	@ 0x24
1000144a:	001c      	movs	r4, r3
1000144c:	1c5a      	adds	r2, r3, #1
1000144e:	d0ef      	beq.n	10001430 <busy_wait_us+0x38>
10001450:	2201      	movs	r2, #1
10001452:	2401      	movs	r4, #1
10001454:	4264      	negs	r4, r4
10001456:	17e5      	asrs	r5, r4, #31
10001458:	4252      	negs	r2, r2
1000145a:	e7e3      	b.n	10001424 <busy_wait_us+0x2c>
1000145c:	40054000 	.word	0x40054000

10001460 <busy_wait_until>:
10001460:	4a06      	ldr	r2, [pc, #24]	@ (1000147c <busy_wait_until+0x1c>)
10001462:	6a53      	ldr	r3, [r2, #36]	@ 0x24
10001464:	4299      	cmp	r1, r3
10001466:	d8fc      	bhi.n	10001462 <busy_wait_until+0x2>
10001468:	d107      	bne.n	1000147a <busy_wait_until+0x1a>
1000146a:	4b04      	ldr	r3, [pc, #16]	@ (1000147c <busy_wait_until+0x1c>)
1000146c:	e002      	b.n	10001474 <busy_wait_until+0x14>
1000146e:	6a5a      	ldr	r2, [r3, #36]	@ 0x24
10001470:	4291      	cmp	r1, r2
10001472:	d102      	bne.n	1000147a <busy_wait_until+0x1a>
10001474:	6a9a      	ldr	r2, [r3, #40]	@ 0x28
10001476:	4290      	cmp	r0, r2
10001478:	d8f9      	bhi.n	1000146e <busy_wait_until+0xe>
1000147a:	4770      	bx	lr
1000147c:	40054000 	.word	0x40054000

10001480 <uart_init>:
10001480:	b5f8      	push	{r3, r4, r5, r6, r7, lr}
10001482:	0004      	movs	r4, r0
10001484:	2006      	movs	r0, #6
10001486:	000d      	movs	r5, r1
10001488:	f000 f978 	bl	1000177c <clock_get_hz>
1000148c:	2800      	cmp	r0, #0
1000148e:	d044      	beq.n	1000151a <uart_init+0x9a>
10001490:	4b37      	ldr	r3, [pc, #220]	@ (10001570 <uart_init+0xf0>)
10001492:	4938      	ldr	r1, [pc, #224]	@ (10001574 <uart_init+0xf4>)
10001494:	18e3      	adds	r3, r4, r3
10001496:	1e5a      	subs	r2, r3, #1
10001498:	4193      	sbcs	r3, r2
1000149a:	2280      	movs	r2, #128	@ 0x80
1000149c:	0412      	lsls	r2, r2, #16
1000149e:	4694      	mov	ip, r2
100014a0:	425b      	negs	r3, r3
100014a2:	0d9b      	lsrs	r3, r3, #22
100014a4:	4a34      	ldr	r2, [pc, #208]	@ (10001578 <uart_init+0xf8>)
100014a6:	059b      	lsls	r3, r3, #22
100014a8:	4463      	add	r3, ip
100014aa:	6013      	str	r3, [r2, #0]
100014ac:	4a33      	ldr	r2, [pc, #204]	@ (1000157c <uart_init+0xfc>)
100014ae:	6013      	str	r3, [r2, #0]
100014b0:	0018      	movs	r0, r3
100014b2:	680a      	ldr	r2, [r1, #0]
100014b4:	4390      	bics	r0, r2
100014b6:	d1fb      	bne.n	100014b0 <uart_init+0x30>
100014b8:	4b2d      	ldr	r3, [pc, #180]	@ (10001570 <uart_init+0xf0>)
100014ba:	4a31      	ldr	r2, [pc, #196]	@ (10001580 <uart_init+0x100>)
100014bc:	18e3      	adds	r3, r4, r3
100014be:	4259      	negs	r1, r3
100014c0:	414b      	adcs	r3, r1
100014c2:	2180      	movs	r1, #128	@ 0x80
100014c4:	005b      	lsls	r3, r3, #1
100014c6:	0049      	lsls	r1, r1, #1
100014c8:	2006      	movs	r0, #6
100014ca:	5299      	strh	r1, [r3, r2]
100014cc:	f000 f956 	bl	1000177c <clock_get_hz>
100014d0:	0029      	movs	r1, r5
100014d2:	00c0      	lsls	r0, r0, #3
100014d4:	f000 fb84 	bl	10001be0 <__wrap___aeabi_uidiv>
100014d8:	3001      	adds	r0, #1
100014da:	09c3      	lsrs	r3, r0, #7
100014dc:	d11e      	bne.n	1000151c <uart_init+0x9c>
100014de:	2740      	movs	r7, #64	@ 0x40
100014e0:	2201      	movs	r2, #1
100014e2:	6262      	str	r2, [r4, #36]	@ 0x24
100014e4:	62a3      	str	r3, [r4, #40]	@ 0x28
100014e6:	6b26      	ldr	r6, [r4, #48]	@ 0x30
100014e8:	07f3      	lsls	r3, r6, #31
100014ea:	d422      	bmi.n	10001532 <uart_init+0xb2>
100014ec:	6ae3      	ldr	r3, [r4, #44]	@ 0x2c
100014ee:	4b25      	ldr	r3, [pc, #148]	@ (10001584 <uart_init+0x104>)
100014f0:	2006      	movs	r0, #6
100014f2:	18e5      	adds	r5, r4, r3
100014f4:	2300      	movs	r3, #0
100014f6:	602b      	str	r3, [r5, #0]
100014f8:	6326      	str	r6, [r4, #48]	@ 0x30
100014fa:	f000 f93f 	bl	1000177c <clock_get_hz>
100014fe:	0039      	movs	r1, r7
10001500:	0080      	lsls	r0, r0, #2
10001502:	f000 fb6d 	bl	10001be0 <__wrap___aeabi_uidiv>
10001506:	2370      	movs	r3, #112	@ 0x70
10001508:	6ae2      	ldr	r2, [r4, #44]	@ 0x2c
1000150a:	405a      	eors	r2, r3
1000150c:	330e      	adds	r3, #14
1000150e:	4013      	ands	r3, r2
10001510:	602b      	str	r3, [r5, #0]
10001512:	4b1d      	ldr	r3, [pc, #116]	@ (10001588 <uart_init+0x108>)
10001514:	6323      	str	r3, [r4, #48]	@ 0x30
10001516:	2303      	movs	r3, #3
10001518:	64a3      	str	r3, [r4, #72]	@ 0x48
1000151a:	bdf8      	pop	{r3, r4, r5, r6, r7, pc}
1000151c:	4a1b      	ldr	r2, [pc, #108]	@ (1000158c <uart_init+0x10c>)
1000151e:	4293      	cmp	r3, r2
10001520:	d91e      	bls.n	10001560 <uart_init+0xe0>
10001522:	2300      	movs	r3, #0
10001524:	4a1a      	ldr	r2, [pc, #104]	@ (10001590 <uart_init+0x110>)
10001526:	4f1b      	ldr	r7, [pc, #108]	@ (10001594 <uart_init+0x114>)
10001528:	6262      	str	r2, [r4, #36]	@ 0x24
1000152a:	62a3      	str	r3, [r4, #40]	@ 0x28
1000152c:	6b26      	ldr	r6, [r4, #48]	@ 0x30
1000152e:	07f3      	lsls	r3, r6, #31
10001530:	d5dc      	bpl.n	100014ec <uart_init+0x6c>
10001532:	4b19      	ldr	r3, [pc, #100]	@ (10001598 <uart_init+0x118>)
10001534:	4a14      	ldr	r2, [pc, #80]	@ (10001588 <uart_init+0x108>)
10001536:	18e3      	adds	r3, r4, r3
10001538:	601a      	str	r2, [r3, #0]
1000153a:	6a65      	ldr	r5, [r4, #36]	@ 0x24
1000153c:	6aa3      	ldr	r3, [r4, #40]	@ 0x28
1000153e:	2006      	movs	r0, #6
10001540:	01ad      	lsls	r5, r5, #6
10001542:	18ed      	adds	r5, r5, r3
10001544:	f000 f91a 	bl	1000177c <clock_get_hz>
10001548:	4914      	ldr	r1, [pc, #80]	@ (1000159c <uart_init+0x11c>)
1000154a:	f000 fb49 	bl	10001be0 <__wrap___aeabi_uidiv>
1000154e:	02ad      	lsls	r5, r5, #10
10001550:	0001      	movs	r1, r0
10001552:	0028      	movs	r0, r5
10001554:	f000 fb44 	bl	10001be0 <__wrap___aeabi_uidiv>
10001558:	2100      	movs	r1, #0
1000155a:	f7ff ff4d 	bl	100013f8 <busy_wait_us>
1000155e:	e7c5      	b.n	100014ec <uart_init+0x6c>
10001560:	0640      	lsls	r0, r0, #25
10001562:	0e80      	lsrs	r0, r0, #26
10001564:	019f      	lsls	r7, r3, #6
10001566:	001a      	movs	r2, r3
10001568:	183f      	adds	r7, r7, r0
1000156a:	0003      	movs	r3, r0
1000156c:	e7b9      	b.n	100014e2 <uart_init+0x62>
1000156e:	46c0      	nop			@ (mov r8, r8)
10001570:	bffc8000 	.word	0xbffc8000
10001574:	4000c008 	.word	0x4000c008
10001578:	4000e000 	.word	0x4000e000
1000157c:	4000f000 	.word	0x4000f000
10001580:	20002148 	.word	0x20002148
10001584:	0000102c 	.word	0x0000102c
10001588:	00000301 	.word	0x00000301
1000158c:	0000fffe 	.word	0x0000fffe
10001590:	0000ffff 	.word	0x0000ffff
10001594:	003fffc0 	.word	0x003fffc0
10001598:	00003030 	.word	0x00003030
1000159c:	00000e4e 	.word	0x00000e4e

100015a0 <clock_configure_int_divider>:
100015a0:	b5f8      	push	{r3, r4, r5, r6, r7, lr}
100015a2:	46de      	mov	lr, fp
100015a4:	464e      	mov	r6, r9
100015a6:	4657      	mov	r7, sl
100015a8:	4645      	mov	r5, r8
100015aa:	b5e0      	push	{r5, r6, r7, lr}
100015ac:	468b      	mov	fp, r1
100015ae:	0005      	movs	r5, r0
100015b0:	990a      	ldr	r1, [sp, #40]	@ 0x28
100015b2:	0018      	movs	r0, r3
100015b4:	0016      	movs	r6, r2
100015b6:	f000 fb13 	bl	10001be0 <__wrap___aeabi_uidiv>
100015ba:	9b0a      	ldr	r3, [sp, #40]	@ 0x28
100015bc:	006c      	lsls	r4, r5, #1
100015be:	021f      	lsls	r7, r3, #8
100015c0:	4b32      	ldr	r3, [pc, #200]	@ (1000168c <clock_configure_int_divider+0xec>)
100015c2:	1964      	adds	r4, r4, r5
100015c4:	469c      	mov	ip, r3
100015c6:	00a4      	lsls	r4, r4, #2
100015c8:	4464      	add	r4, ip
100015ca:	6863      	ldr	r3, [r4, #4]
100015cc:	4681      	mov	r9, r0
100015ce:	429f      	cmp	r7, r3
100015d0:	d900      	bls.n	100015d4 <clock_configure_int_divider+0x34>
100015d2:	6067      	str	r7, [r4, #4]
100015d4:	1f2b      	subs	r3, r5, #4
100015d6:	b2db      	uxtb	r3, r3
100015d8:	4698      	mov	r8, r3
100015da:	2b01      	cmp	r3, #1
100015dc:	d930      	bls.n	10001640 <clock_configure_int_divider+0xa0>
100015de:	23c0      	movs	r3, #192	@ 0xc0
100015e0:	2280      	movs	r2, #128	@ 0x80
100015e2:	019b      	lsls	r3, r3, #6
100015e4:	18e3      	adds	r3, r4, r3
100015e6:	0112      	lsls	r2, r2, #4
100015e8:	601a      	str	r2, [r3, #0]
100015ea:	4b29      	ldr	r3, [pc, #164]	@ (10001690 <clock_configure_int_divider+0xf0>)
100015ec:	00ad      	lsls	r5, r5, #2
100015ee:	5959      	ldr	r1, [r3, r5]
100015f0:	469a      	mov	sl, r3
100015f2:	2900      	cmp	r1, #0
100015f4:	d11b      	bne.n	1000162e <clock_configure_int_divider+0x8e>
100015f6:	0173      	lsls	r3, r6, #5
100015f8:	26e0      	movs	r6, #224	@ 0xe0
100015fa:	6822      	ldr	r2, [r4, #0]
100015fc:	4053      	eors	r3, r2
100015fe:	401e      	ands	r6, r3
10001600:	2380      	movs	r3, #128	@ 0x80
10001602:	4642      	mov	r2, r8
10001604:	015b      	lsls	r3, r3, #5
10001606:	18e3      	adds	r3, r4, r3
10001608:	601e      	str	r6, [r3, #0]
1000160a:	2a01      	cmp	r2, #1
1000160c:	d930      	bls.n	10001670 <clock_configure_int_divider+0xd0>
1000160e:	2380      	movs	r3, #128	@ 0x80
10001610:	2280      	movs	r2, #128	@ 0x80
10001612:	019b      	lsls	r3, r3, #6
10001614:	18e3      	adds	r3, r4, r3
10001616:	0112      	lsls	r2, r2, #4
10001618:	601a      	str	r2, [r3, #0]
1000161a:	4653      	mov	r3, sl
1000161c:	464a      	mov	r2, r9
1000161e:	6067      	str	r7, [r4, #4]
10001620:	515a      	str	r2, [r3, r5]
10001622:	bcf0      	pop	{r4, r5, r6, r7}
10001624:	46bb      	mov	fp, r7
10001626:	46b2      	mov	sl, r6
10001628:	46a9      	mov	r9, r5
1000162a:	46a0      	mov	r8, r4
1000162c:	bdf8      	pop	{r3, r4, r5, r6, r7, pc}
1000162e:	6958      	ldr	r0, [r3, #20]
10001630:	f000 fad6 	bl	10001be0 <__wrap___aeabi_uidiv>
10001634:	3001      	adds	r0, #1
10001636:	0043      	lsls	r3, r0, #1
10001638:	181b      	adds	r3, r3, r0
1000163a:	3b03      	subs	r3, #3
1000163c:	d2fd      	bcs.n	1000163a <clock_configure_int_divider+0x9a>
1000163e:	e7da      	b.n	100015f6 <clock_configure_int_divider+0x56>
10001640:	465b      	mov	r3, fp
10001642:	2b01      	cmp	r3, #1
10001644:	d1cb      	bne.n	100015de <clock_configure_int_divider+0x3e>
10001646:	23c0      	movs	r3, #192	@ 0xc0
10001648:	2203      	movs	r2, #3
1000164a:	019b      	lsls	r3, r3, #6
1000164c:	18e3      	adds	r3, r4, r3
1000164e:	601a      	str	r2, [r3, #0]
10001650:	3a02      	subs	r2, #2
10001652:	68a3      	ldr	r3, [r4, #8]
10001654:	421a      	tst	r2, r3
10001656:	d0fc      	beq.n	10001652 <clock_configure_int_divider+0xb2>
10001658:	0173      	lsls	r3, r6, #5
1000165a:	26e0      	movs	r6, #224	@ 0xe0
1000165c:	6822      	ldr	r2, [r4, #0]
1000165e:	00ad      	lsls	r5, r5, #2
10001660:	4053      	eors	r3, r2
10001662:	401e      	ands	r6, r3
10001664:	2380      	movs	r3, #128	@ 0x80
10001666:	4a0a      	ldr	r2, [pc, #40]	@ (10001690 <clock_configure_int_divider+0xf0>)
10001668:	015b      	lsls	r3, r3, #5
1000166a:	4692      	mov	sl, r2
1000166c:	18e3      	adds	r3, r4, r3
1000166e:	601e      	str	r6, [r3, #0]
10001670:	465a      	mov	r2, fp
10001672:	6821      	ldr	r1, [r4, #0]
10001674:	4051      	eors	r1, r2
10001676:	2203      	movs	r2, #3
10001678:	400a      	ands	r2, r1
1000167a:	601a      	str	r2, [r3, #0]
1000167c:	2201      	movs	r2, #1
1000167e:	465b      	mov	r3, fp
10001680:	409a      	lsls	r2, r3
10001682:	68a3      	ldr	r3, [r4, #8]
10001684:	421a      	tst	r2, r3
10001686:	d0fc      	beq.n	10001682 <clock_configure_int_divider+0xe2>
10001688:	e7c1      	b.n	1000160e <clock_configure_int_divider+0x6e>
1000168a:	46c0      	nop			@ (mov r8, r8)
1000168c:	40008000 	.word	0x40008000
10001690:	20001bb0 	.word	0x20001bb0

10001694 <clock_configure_undivided>:
10001694:	b5f0      	push	{r4, r5, r6, r7, lr}
10001696:	4646      	mov	r6, r8
10001698:	464f      	mov	r7, r9
1000169a:	46d6      	mov	lr, sl
1000169c:	b5c0      	push	{r6, r7, lr}
1000169e:	001f      	movs	r7, r3
100016a0:	4b34      	ldr	r3, [pc, #208]	@ (10001774 <clock_configure_undivided+0xe0>)
100016a2:	0044      	lsls	r4, r0, #1
100016a4:	469c      	mov	ip, r3
100016a6:	1824      	adds	r4, r4, r0
100016a8:	00a4      	lsls	r4, r4, #2
100016aa:	4464      	add	r4, ip
100016ac:	6863      	ldr	r3, [r4, #4]
100016ae:	4688      	mov	r8, r1
100016b0:	0016      	movs	r6, r2
100016b2:	2bff      	cmp	r3, #255	@ 0xff
100016b4:	d802      	bhi.n	100016bc <clock_configure_undivided+0x28>
100016b6:	2380      	movs	r3, #128	@ 0x80
100016b8:	005b      	lsls	r3, r3, #1
100016ba:	6063      	str	r3, [r4, #4]
100016bc:	1f03      	subs	r3, r0, #4
100016be:	b2db      	uxtb	r3, r3
100016c0:	469a      	mov	sl, r3
100016c2:	2b01      	cmp	r3, #1
100016c4:	d930      	bls.n	10001728 <clock_configure_undivided+0x94>
100016c6:	23c0      	movs	r3, #192	@ 0xc0
100016c8:	2280      	movs	r2, #128	@ 0x80
100016ca:	019b      	lsls	r3, r3, #6
100016cc:	18e3      	adds	r3, r4, r3
100016ce:	0112      	lsls	r2, r2, #4
100016d0:	601a      	str	r2, [r3, #0]
100016d2:	4b29      	ldr	r3, [pc, #164]	@ (10001778 <clock_configure_undivided+0xe4>)
100016d4:	0085      	lsls	r5, r0, #2
100016d6:	5959      	ldr	r1, [r3, r5]
100016d8:	4699      	mov	r9, r3
100016da:	2900      	cmp	r1, #0
100016dc:	d11b      	bne.n	10001716 <clock_configure_undivided+0x82>
100016de:	0173      	lsls	r3, r6, #5
100016e0:	26e0      	movs	r6, #224	@ 0xe0
100016e2:	6822      	ldr	r2, [r4, #0]
100016e4:	4053      	eors	r3, r2
100016e6:	401e      	ands	r6, r3
100016e8:	2380      	movs	r3, #128	@ 0x80
100016ea:	4652      	mov	r2, sl
100016ec:	015b      	lsls	r3, r3, #5
100016ee:	18e3      	adds	r3, r4, r3
100016f0:	601e      	str	r6, [r3, #0]
100016f2:	2a01      	cmp	r2, #1
100016f4:	d930      	bls.n	10001758 <clock_configure_undivided+0xc4>
100016f6:	2380      	movs	r3, #128	@ 0x80
100016f8:	2280      	movs	r2, #128	@ 0x80
100016fa:	019b      	lsls	r3, r3, #6
100016fc:	18e3      	adds	r3, r4, r3
100016fe:	0112      	lsls	r2, r2, #4
10001700:	601a      	str	r2, [r3, #0]
10001702:	2380      	movs	r3, #128	@ 0x80
10001704:	005b      	lsls	r3, r3, #1
10001706:	6063      	str	r3, [r4, #4]
10001708:	464b      	mov	r3, r9
1000170a:	515f      	str	r7, [r3, r5]
1000170c:	bce0      	pop	{r5, r6, r7}
1000170e:	46ba      	mov	sl, r7
10001710:	46b1      	mov	r9, r6
10001712:	46a8      	mov	r8, r5
10001714:	bdf0      	pop	{r4, r5, r6, r7, pc}
10001716:	6958      	ldr	r0, [r3, #20]
10001718:	f000 fa62 	bl	10001be0 <__wrap___aeabi_uidiv>
1000171c:	3001      	adds	r0, #1
1000171e:	0043      	lsls	r3, r0, #1
10001720:	181b      	adds	r3, r3, r0
10001722:	3b03      	subs	r3, #3
10001724:	d2fd      	bcs.n	10001722 <clock_configure_undivided+0x8e>
10001726:	e7da      	b.n	100016de <clock_configure_undivided+0x4a>
10001728:	4643      	mov	r3, r8
1000172a:	2b01      	cmp	r3, #1
1000172c:	d1cb      	bne.n	100016c6 <clock_configure_undivided+0x32>
1000172e:	23c0      	movs	r3, #192	@ 0xc0
10001730:	2203      	movs	r2, #3
10001732:	019b      	lsls	r3, r3, #6
10001734:	18e3      	adds	r3, r4, r3
10001736:	601a      	str	r2, [r3, #0]
10001738:	3a02      	subs	r2, #2
1000173a:	68a3      	ldr	r3, [r4, #8]
1000173c:	421a      	tst	r2, r3
1000173e:	d0fc      	beq.n	1000173a <clock_configure_undivided+0xa6>
10001740:	0173      	lsls	r3, r6, #5
10001742:	26e0      	movs	r6, #224	@ 0xe0
10001744:	6822      	ldr	r2, [r4, #0]
10001746:	0085      	lsls	r5, r0, #2
10001748:	4053      	eors	r3, r2
1000174a:	401e      	ands	r6, r3
1000174c:	2380      	movs	r3, #128	@ 0x80
1000174e:	4a0a      	ldr	r2, [pc, #40]	@ (10001778 <clock_configure_undivided+0xe4>)
10001750:	015b      	lsls	r3, r3, #5
10001752:	4691      	mov	r9, r2
10001754:	18e3      	adds	r3, r4, r3
10001756:	601e      	str	r6, [r3, #0]
10001758:	4642      	mov	r2, r8
1000175a:	6821      	ldr	r1, [r4, #0]
1000175c:	4051      	eors	r1, r2
1000175e:	2203      	movs	r2, #3
10001760:	400a      	ands	r2, r1
10001762:	601a      	str	r2, [r3, #0]
10001764:	2301      	movs	r3, #1
10001766:	4642      	mov	r2, r8
10001768:	4093      	lsls	r3, r2
1000176a:	68a2      	ldr	r2, [r4, #8]
1000176c:	4213      	tst	r3, r2
1000176e:	d0fc      	beq.n	1000176a <clock_configure_undivided+0xd6>
10001770:	e7c1      	b.n	100016f6 <clock_configure_undivided+0x62>
10001772:	46c0      	nop			@ (mov r8, r8)
10001774:	40008000 	.word	0x40008000
10001778:	20001bb0 	.word	0x20001bb0

1000177c <clock_get_hz>:
1000177c:	4b01      	ldr	r3, [pc, #4]	@ (10001784 <clock_get_hz+0x8>)
1000177e:	0080      	lsls	r0, r0, #2
10001780:	58c0      	ldr	r0, [r0, r3]
10001782:	4770      	bx	lr
10001784:	20001bb0 	.word	0x20001bb0

10001788 <pll_init>:
10001788:	b5f8      	push	{r3, r4, r5, r6, r7, lr}
1000178a:	0004      	movs	r4, r0
1000178c:	4821      	ldr	r0, [pc, #132]	@ (10001814 <pll_init+0x8c>)
1000178e:	001e      	movs	r6, r3
10001790:	0017      	movs	r7, r2
10001792:	000d      	movs	r5, r1
10001794:	f000 fa24 	bl	10001be0 <__wrap___aeabi_uidiv>
10001798:	0001      	movs	r1, r0
1000179a:	0038      	movs	r0, r7
1000179c:	f000 fa20 	bl	10001be0 <__wrap___aeabi_uidiv>
100017a0:	9b06      	ldr	r3, [sp, #24]
100017a2:	0436      	lsls	r6, r6, #16
100017a4:	031b      	lsls	r3, r3, #12
100017a6:	431e      	orrs	r6, r3
100017a8:	6823      	ldr	r3, [r4, #0]
100017aa:	2b00      	cmp	r3, #0
100017ac:	db20      	blt.n	100017f0 <pll_init+0x68>
100017ae:	4b1a      	ldr	r3, [pc, #104]	@ (10001818 <pll_init+0x90>)
100017b0:	491a      	ldr	r1, [pc, #104]	@ (1000181c <pll_init+0x94>)
100017b2:	18e3      	adds	r3, r4, r3
100017b4:	1e5a      	subs	r2, r3, #1
100017b6:	4193      	sbcs	r3, r2
100017b8:	2280      	movs	r2, #128	@ 0x80
100017ba:	0192      	lsls	r2, r2, #6
100017bc:	4694      	mov	ip, r2
100017be:	425b      	negs	r3, r3
100017c0:	0b1b      	lsrs	r3, r3, #12
100017c2:	4a17      	ldr	r2, [pc, #92]	@ (10001820 <pll_init+0x98>)
100017c4:	031b      	lsls	r3, r3, #12
100017c6:	4463      	add	r3, ip
100017c8:	6013      	str	r3, [r2, #0]
100017ca:	4a16      	ldr	r2, [pc, #88]	@ (10001824 <pll_init+0x9c>)
100017cc:	6013      	str	r3, [r2, #0]
100017ce:	001f      	movs	r7, r3
100017d0:	680a      	ldr	r2, [r1, #0]
100017d2:	4397      	bics	r7, r2
100017d4:	d1fb      	bne.n	100017ce <pll_init+0x46>
100017d6:	4b14      	ldr	r3, [pc, #80]	@ (10001828 <pll_init+0xa0>)
100017d8:	6025      	str	r5, [r4, #0]
100017da:	18e2      	adds	r2, r4, r3
100017dc:	2321      	movs	r3, #33	@ 0x21
100017de:	60a0      	str	r0, [r4, #8]
100017e0:	6013      	str	r3, [r2, #0]
100017e2:	6823      	ldr	r3, [r4, #0]
100017e4:	2b00      	cmp	r3, #0
100017e6:	dafc      	bge.n	100017e2 <pll_init+0x5a>
100017e8:	2308      	movs	r3, #8
100017ea:	60e6      	str	r6, [r4, #12]
100017ec:	6013      	str	r3, [r2, #0]
100017ee:	bdf8      	pop	{r3, r4, r5, r6, r7, pc}
100017f0:	233f      	movs	r3, #63	@ 0x3f
100017f2:	6822      	ldr	r2, [r4, #0]
100017f4:	4013      	ands	r3, r2
100017f6:	42ab      	cmp	r3, r5
100017f8:	d1d9      	bne.n	100017ae <pll_init+0x26>
100017fa:	68a3      	ldr	r3, [r4, #8]
100017fc:	051b      	lsls	r3, r3, #20
100017fe:	0d1b      	lsrs	r3, r3, #20
10001800:	4283      	cmp	r3, r0
10001802:	d1d4      	bne.n	100017ae <pll_init+0x26>
10001804:	22ee      	movs	r2, #238	@ 0xee
10001806:	68e3      	ldr	r3, [r4, #12]
10001808:	02d2      	lsls	r2, r2, #11
1000180a:	4013      	ands	r3, r2
1000180c:	42b3      	cmp	r3, r6
1000180e:	d1ce      	bne.n	100017ae <pll_init+0x26>
10001810:	e7ed      	b.n	100017ee <pll_init+0x66>
10001812:	46c0      	nop			@ (mov r8, r8)
10001814:	00b71b00 	.word	0x00b71b00
10001818:	bffd4000 	.word	0xbffd4000
1000181c:	4000c008 	.word	0x4000c008
10001820:	4000e000 	.word	0x4000e000
10001824:	4000f000 	.word	0x4000f000
10001828:	00003004 	.word	0x00003004

1000182c <watchdog_reboot>:
1000182c:	b510      	push	{r4, lr}
1000182e:	2480      	movs	r4, #128	@ 0x80
10001830:	4b1c      	ldr	r3, [pc, #112]	@ (100018a4 <watchdog_reboot+0x78>)
10001832:	05e4      	lsls	r4, r4, #23
10001834:	601c      	str	r4, [r3, #0]
10001836:	2800      	cmp	r0, #0
10001838:	d01a      	beq.n	10001870 <watchdog_reboot+0x44>
1000183a:	2301      	movs	r3, #1
1000183c:	4c1a      	ldr	r4, [pc, #104]	@ (100018a8 <watchdog_reboot+0x7c>)
1000183e:	4318      	orrs	r0, r3
10001840:	4b1a      	ldr	r3, [pc, #104]	@ (100018ac <watchdog_reboot+0x80>)
10001842:	61dc      	str	r4, [r3, #28]
10001844:	4c1a      	ldr	r4, [pc, #104]	@ (100018b0 <watchdog_reboot+0x84>)
10001846:	4044      	eors	r4, r0
10001848:	621c      	str	r4, [r3, #32]
1000184a:	6259      	str	r1, [r3, #36]	@ 0x24
1000184c:	6298      	str	r0, [r3, #40]	@ 0x28
1000184e:	2180      	movs	r1, #128	@ 0x80
10001850:	4b14      	ldr	r3, [pc, #80]	@ (100018a4 <watchdog_reboot+0x78>)
10001852:	05c9      	lsls	r1, r1, #23
10001854:	6019      	str	r1, [r3, #0]
10001856:	4817      	ldr	r0, [pc, #92]	@ (100018b4 <watchdog_reboot+0x88>)
10001858:	4917      	ldr	r1, [pc, #92]	@ (100018b8 <watchdog_reboot+0x8c>)
1000185a:	6008      	str	r0, [r1, #0]
1000185c:	21e0      	movs	r1, #224	@ 0xe0
1000185e:	04c9      	lsls	r1, r1, #19
10001860:	6019      	str	r1, [r3, #0]
10001862:	2a00      	cmp	r2, #0
10001864:	d107      	bne.n	10001876 <watchdog_reboot+0x4a>
10001866:	2280      	movs	r2, #128	@ 0x80
10001868:	4b14      	ldr	r3, [pc, #80]	@ (100018bc <watchdog_reboot+0x90>)
1000186a:	0612      	lsls	r2, r2, #24
1000186c:	601a      	str	r2, [r3, #0]
1000186e:	bd10      	pop	{r4, pc}
10001870:	4b0e      	ldr	r3, [pc, #56]	@ (100018ac <watchdog_reboot+0x80>)
10001872:	61d8      	str	r0, [r3, #28]
10001874:	e7eb      	b.n	1000184e <watchdog_reboot+0x22>
10001876:	0153      	lsls	r3, r2, #5
10001878:	1a9b      	subs	r3, r3, r2
1000187a:	009b      	lsls	r3, r3, #2
1000187c:	189a      	adds	r2, r3, r2
1000187e:	2380      	movs	r3, #128	@ 0x80
10001880:	0112      	lsls	r2, r2, #4
10001882:	045b      	lsls	r3, r3, #17
10001884:	429a      	cmp	r2, r3
10001886:	d209      	bcs.n	1000189c <watchdog_reboot+0x70>
10001888:	0013      	movs	r3, r2
1000188a:	490d      	ldr	r1, [pc, #52]	@ (100018c0 <watchdog_reboot+0x94>)
1000188c:	600b      	str	r3, [r1, #0]
1000188e:	4b07      	ldr	r3, [pc, #28]	@ (100018ac <watchdog_reboot+0x80>)
10001890:	605a      	str	r2, [r3, #4]
10001892:	2280      	movs	r2, #128	@ 0x80
10001894:	4b09      	ldr	r3, [pc, #36]	@ (100018bc <watchdog_reboot+0x90>)
10001896:	05d2      	lsls	r2, r2, #23
10001898:	601a      	str	r2, [r3, #0]
1000189a:	e7e8      	b.n	1000186e <watchdog_reboot+0x42>
1000189c:	4b09      	ldr	r3, [pc, #36]	@ (100018c4 <watchdog_reboot+0x98>)
1000189e:	001a      	movs	r2, r3
100018a0:	e7f3      	b.n	1000188a <watchdog_reboot+0x5e>
100018a2:	46c0      	nop			@ (mov r8, r8)
100018a4:	4005b000 	.word	0x4005b000
100018a8:	b007c0d3 	.word	0xb007c0d3
100018ac:	40058000 	.word	0x40058000
100018b0:	4ff83f2d 	.word	0x4ff83f2d
100018b4:	0001fffc 	.word	0x0001fffc
100018b8:	40012008 	.word	0x40012008
100018bc:	4005a000 	.word	0x4005a000
100018c0:	20002010 	.word	0x20002010
100018c4:	00ffffff 	.word	0x00ffffff

100018c8 <tick_start>:
100018c8:	2380      	movs	r3, #128	@ 0x80
100018ca:	4a02      	ldr	r2, [pc, #8]	@ (100018d4 <tick_start+0xc>)
100018cc:	009b      	lsls	r3, r3, #2
100018ce:	430b      	orrs	r3, r1
100018d0:	62d3      	str	r3, [r2, #44]	@ 0x2c
100018d2:	4770      	bx	lr
100018d4:	40058000 	.word	0x40058000

100018d8 <rom_func_lookup>:
100018d8:	2300      	movs	r3, #0
100018da:	b510      	push	{r4, lr}
100018dc:	0001      	movs	r1, r0
100018de:	8a98      	ldrh	r0, [r3, #20]
100018e0:	8b1b      	ldrh	r3, [r3, #24]
100018e2:	4798      	blx	r3
100018e4:	bd10      	pop	{r4, pc}
100018e6:	46c0      	nop			@ (mov r8, r8)

100018e8 <rom_data_lookup>:
100018e8:	2316      	movs	r3, #22
100018ea:	b510      	push	{r4, lr}
100018ec:	0001      	movs	r1, r0
100018ee:	8818      	ldrh	r0, [r3, #0]
100018f0:	3302      	adds	r3, #2
100018f2:	881b      	ldrh	r3, [r3, #0]
100018f4:	4798      	blx	r3
100018f6:	bd10      	pop	{r4, pc}

100018f8 <rom_funcs_lookup>:
100018f8:	b5f8      	push	{r3, r4, r5, r6, r7, lr}
100018fa:	4647      	mov	r7, r8
100018fc:	46ce      	mov	lr, r9
100018fe:	b580      	push	{r7, lr}
10001900:	1e0f      	subs	r7, r1, #0
10001902:	d018      	beq.n	10001936 <rom_funcs_lookup+0x3e>
10001904:	2314      	movs	r3, #20
10001906:	4699      	mov	r9, r3
10001908:	3304      	adds	r3, #4
1000190a:	0004      	movs	r4, r0
1000190c:	2500      	movs	r5, #0
1000190e:	2601      	movs	r6, #1
10001910:	4698      	mov	r8, r3
10001912:	464b      	mov	r3, r9
10001914:	8818      	ldrh	r0, [r3, #0]
10001916:	4643      	mov	r3, r8
10001918:	6821      	ldr	r1, [r4, #0]
1000191a:	881b      	ldrh	r3, [r3, #0]
1000191c:	4798      	blx	r3
1000191e:	c401      	stmia	r4!, {r0}
10001920:	1e43      	subs	r3, r0, #1
10001922:	4198      	sbcs	r0, r3
10001924:	3501      	adds	r5, #1
10001926:	4006      	ands	r6, r0
10001928:	42af      	cmp	r7, r5
1000192a:	d1f2      	bne.n	10001912 <rom_funcs_lookup+0x1a>
1000192c:	0030      	movs	r0, r6
1000192e:	bcc0      	pop	{r6, r7}
10001930:	46b9      	mov	r9, r7
10001932:	46b0      	mov	r8, r6
10001934:	bdf8      	pop	{r3, r4, r5, r6, r7, pc}
10001936:	2601      	movs	r6, #1
10001938:	e7f8      	b.n	1000192c <rom_funcs_lookup+0x34>
1000193a:	46c0      	nop			@ (mov r8, r8)

1000193c <rom_reset_usb_boot_extra>:
1000193c:	2300      	movs	r3, #0
1000193e:	b570      	push	{r4, r5, r6, lr}
10001940:	0004      	movs	r4, r0
10001942:	000d      	movs	r5, r1
10001944:	8a98      	ldrh	r0, [r3, #20]
10001946:	4905      	ldr	r1, [pc, #20]	@ (1000195c <rom_reset_usb_boot_extra+0x20>)
10001948:	8b1b      	ldrh	r3, [r3, #24]
1000194a:	4798      	blx	r3
1000194c:	0003      	movs	r3, r0
1000194e:	2000      	movs	r0, #0
10001950:	2c00      	cmp	r4, #0
10001952:	db01      	blt.n	10001958 <rom_reset_usb_boot_extra+0x1c>
10001954:	3001      	adds	r0, #1
10001956:	40a0      	lsls	r0, r4
10001958:	0029      	movs	r1, r5
1000195a:	4798      	blx	r3
1000195c:	00004255 	.word	0x00004255

10001960 <xosc_init>:
10001960:	23aa      	movs	r3, #170	@ 0xaa
10001962:	4a06      	ldr	r2, [pc, #24]	@ (1000197c <xosc_init+0x1c>)
10001964:	011b      	lsls	r3, r3, #4
10001966:	6013      	str	r3, [r2, #0]
10001968:	238d      	movs	r3, #141	@ 0x8d
1000196a:	005b      	lsls	r3, r3, #1
1000196c:	60d3      	str	r3, [r2, #12]
1000196e:	4904      	ldr	r1, [pc, #16]	@ (10001980 <xosc_init+0x20>)
10001970:	4b04      	ldr	r3, [pc, #16]	@ (10001984 <xosc_init+0x24>)
10001972:	6019      	str	r1, [r3, #0]
10001974:	6853      	ldr	r3, [r2, #4]
10001976:	2b00      	cmp	r3, #0
10001978:	dafc      	bge.n	10001974 <xosc_init+0x14>
1000197a:	4770      	bx	lr
1000197c:	40024000 	.word	0x40024000
10001980:	00fab000 	.word	0x00fab000
10001984:	40026000 	.word	0x40026000

10001988 <first_per_core_initializer>:
10001988:	4770      	bx	lr
1000198a:	46c0      	nop			@ (mov r8, r8)

1000198c <hard_assertion_failure>:
1000198c:	b510      	push	{r4, lr}
1000198e:	4801      	ldr	r0, [pc, #4]	@ (10001994 <hard_assertion_failure+0x8>)
10001990:	f7fe fd44 	bl	1000041c <panic>
10001994:	10004d30 	.word	0x10004d30

10001998 <runtime_run_initializers>:
10001998:	b570      	push	{r4, r5, r6, lr}
1000199a:	4d07      	ldr	r5, [pc, #28]	@ (100019b8 <runtime_run_initializers+0x20>)
1000199c:	4e07      	ldr	r6, [pc, #28]	@ (100019bc <runtime_run_initializers+0x24>)
1000199e:	42b5      	cmp	r5, r6
100019a0:	d209      	bcs.n	100019b6 <runtime_run_initializers+0x1e>
100019a2:	2400      	movs	r4, #0
100019a4:	3e01      	subs	r6, #1
100019a6:	1b76      	subs	r6, r6, r5
100019a8:	08b6      	lsrs	r6, r6, #2
100019aa:	cd08      	ldmia	r5!, {r3}
100019ac:	4798      	blx	r3
100019ae:	0023      	movs	r3, r4
100019b0:	3401      	adds	r4, #1
100019b2:	42b3      	cmp	r3, r6
100019b4:	d1f9      	bne.n	100019aa <runtime_run_initializers+0x12>
100019b6:	bd70      	pop	{r4, r5, r6, pc}
100019b8:	10004c78 	.word	0x10004c78
100019bc:	10004cb4 	.word	0x10004cb4

100019c0 <runtime_init_early_resets>:
100019c0:	4b05      	ldr	r3, [pc, #20]	@ (100019d8 <runtime_init_early_resets+0x18>)
100019c2:	4a06      	ldr	r2, [pc, #24]	@ (100019dc <runtime_init_early_resets+0x1c>)
100019c4:	4906      	ldr	r1, [pc, #24]	@ (100019e0 <runtime_init_early_resets+0x20>)
100019c6:	601a      	str	r2, [r3, #0]
100019c8:	4a06      	ldr	r2, [pc, #24]	@ (100019e4 <runtime_init_early_resets+0x24>)
100019ca:	4b07      	ldr	r3, [pc, #28]	@ (100019e8 <runtime_init_early_resets+0x28>)
100019cc:	601a      	str	r2, [r3, #0]
100019ce:	0010      	movs	r0, r2
100019d0:	680b      	ldr	r3, [r1, #0]
100019d2:	4398      	bics	r0, r3
100019d4:	d1fb      	bne.n	100019ce <runtime_init_early_resets+0xe>
100019d6:	4770      	bx	lr
100019d8:	4000e000 	.word	0x4000e000
100019dc:	fefbcdbf 	.word	0xfefbcdbf
100019e0:	4000c008 	.word	0x4000c008
100019e4:	003c7ffe 	.word	0x003c7ffe
100019e8:	4000f000 	.word	0x4000f000

100019ec <runtime_init_usb_power_down>:
100019ec:	4b04      	ldr	r3, [pc, #16]	@ (10001a00 <runtime_init_usb_power_down+0x14>)
100019ee:	6cdb      	ldr	r3, [r3, #76]	@ 0x4c
100019f0:	2b00      	cmp	r3, #0
100019f2:	d103      	bne.n	100019fc <runtime_init_usb_power_down+0x10>
100019f4:	2280      	movs	r2, #128	@ 0x80
100019f6:	4b03      	ldr	r3, [pc, #12]	@ (10001a04 <runtime_init_usb_power_down+0x18>)
100019f8:	02d2      	lsls	r2, r2, #11
100019fa:	601a      	str	r2, [r3, #0]
100019fc:	4770      	bx	lr
100019fe:	46c0      	nop			@ (mov r8, r8)
10001a00:	50110000 	.word	0x50110000
10001a04:	5011204c 	.word	0x5011204c

10001a08 <runtime_init_post_clock_resets>:
10001a08:	4a04      	ldr	r2, [pc, #16]	@ (10001a1c <runtime_init_post_clock_resets+0x14>)
10001a0a:	4b05      	ldr	r3, [pc, #20]	@ (10001a20 <runtime_init_post_clock_resets+0x18>)
10001a0c:	601a      	str	r2, [r3, #0]
10001a0e:	4a05      	ldr	r2, [pc, #20]	@ (10001a24 <runtime_init_post_clock_resets+0x1c>)
10001a10:	6813      	ldr	r3, [r2, #0]
10001a12:	01db      	lsls	r3, r3, #7
10001a14:	3380      	adds	r3, #128	@ 0x80
10001a16:	d1fb      	bne.n	10001a10 <runtime_init_post_clock_resets+0x8>
10001a18:	4770      	bx	lr
10001a1a:	46c0      	nop			@ (mov r8, r8)
10001a1c:	01ffffff 	.word	0x01ffffff
10001a20:	4000f000 	.word	0x4000f000
10001a24:	4000c008 	.word	0x4000c008

10001a28 <runtime_init_rp2040_gpio_ie_disable>:
10001a28:	2240      	movs	r2, #64	@ 0x40
10001a2a:	4b03      	ldr	r3, [pc, #12]	@ (10001a38 <runtime_init_rp2040_gpio_ie_disable+0x10>)
10001a2c:	679a      	str	r2, [r3, #120]	@ 0x78
10001a2e:	675a      	str	r2, [r3, #116]	@ 0x74
10001a30:	671a      	str	r2, [r3, #112]	@ 0x70
10001a32:	66da      	str	r2, [r3, #108]	@ 0x6c
10001a34:	4770      	bx	lr
10001a36:	46c0      	nop			@ (mov r8, r8)
10001a38:	4001f000 	.word	0x4001f000

10001a3c <runtime_init_spin_locks_reset>:
10001a3c:	b510      	push	{r4, lr}
10001a3e:	f7fe fd89 	bl	10000554 <spin_locks_reset>
10001a42:	bd10      	pop	{r4, pc}

10001a44 <runtime_init_install_ram_vector_table>:
10001a44:	b5f8      	push	{r3, r4, r5, r6, r7, lr}
10001a46:	4927      	ldr	r1, [pc, #156]	@ (10001ae4 <runtime_init_install_ram_vector_table+0xa0>)
10001a48:	4c27      	ldr	r4, [pc, #156]	@ (10001ae8 <runtime_init_install_ram_vector_table+0xa4>)
10001a4a:	4d28      	ldr	r5, [pc, #160]	@ (10001aec <runtime_init_install_ram_vector_table+0xa8>)
10001a4c:	1a64      	subs	r4, r4, r1
10001a4e:	10a6      	asrs	r6, r4, #2
10001a50:	0032      	movs	r2, r6
10001a52:	2e30      	cmp	r6, #48	@ 0x30
10001a54:	d900      	bls.n	10001a58 <runtime_init_install_ram_vector_table+0x14>
10001a56:	2230      	movs	r2, #48	@ 0x30
10001a58:	0028      	movs	r0, r5
10001a5a:	0092      	lsls	r2, r2, #2
10001a5c:	f000 f9ae 	bl	10001dbc <__wrap___aeabi_memcpy>
10001a60:	2cbc      	cmp	r4, #188	@ 0xbc
10001a62:	d83b      	bhi.n	10001adc <runtime_init_install_ram_vector_table+0x98>
10001a64:	2030      	movs	r0, #48	@ 0x30
10001a66:	232f      	movs	r3, #47	@ 0x2f
10001a68:	192c      	adds	r4, r5, r4
10001a6a:	0764      	lsls	r4, r4, #29
10001a6c:	4a20      	ldr	r2, [pc, #128]	@ (10001af0 <runtime_init_install_ram_vector_table+0xac>)
10001a6e:	1b80      	subs	r0, r0, r6
10001a70:	0fe4      	lsrs	r4, r4, #31
10001a72:	1b9b      	subs	r3, r3, r6
10001a74:	2b05      	cmp	r3, #5
10001a76:	d916      	bls.n	10001aa6 <runtime_init_install_ram_vector_table+0x62>
10001a78:	0037      	movs	r7, r6
10001a7a:	2c00      	cmp	r4, #0
10001a7c:	d002      	beq.n	10001a84 <runtime_init_install_ram_vector_table+0x40>
10001a7e:	00b3      	lsls	r3, r6, #2
10001a80:	1c77      	adds	r7, r6, #1
10001a82:	50ea      	str	r2, [r5, r3]
10001a84:	1b00      	subs	r0, r0, r4
10001a86:	1933      	adds	r3, r6, r4
10001a88:	009b      	lsls	r3, r3, #2
10001a8a:	0841      	lsrs	r1, r0, #1
10001a8c:	18eb      	adds	r3, r5, r3
10001a8e:	00c9      	lsls	r1, r1, #3
10001a90:	18c9      	adds	r1, r1, r3
10001a92:	601a      	str	r2, [r3, #0]
10001a94:	605a      	str	r2, [r3, #4]
10001a96:	3308      	adds	r3, #8
10001a98:	4299      	cmp	r1, r3
10001a9a:	d1fa      	bne.n	10001a92 <runtime_init_install_ram_vector_table+0x4e>
10001a9c:	2301      	movs	r3, #1
10001a9e:	4203      	tst	r3, r0
10001aa0:	d01c      	beq.n	10001adc <runtime_init_install_ram_vector_table+0x98>
10001aa2:	4398      	bics	r0, r3
10001aa4:	19c6      	adds	r6, r0, r7
10001aa6:	00b3      	lsls	r3, r6, #2
10001aa8:	50ea      	str	r2, [r5, r3]
10001aaa:	1c73      	adds	r3, r6, #1
10001aac:	2e2f      	cmp	r6, #47	@ 0x2f
10001aae:	d015      	beq.n	10001adc <runtime_init_install_ram_vector_table+0x98>
10001ab0:	009b      	lsls	r3, r3, #2
10001ab2:	50ea      	str	r2, [r5, r3]
10001ab4:	1cb3      	adds	r3, r6, #2
10001ab6:	2e2e      	cmp	r6, #46	@ 0x2e
10001ab8:	d010      	beq.n	10001adc <runtime_init_install_ram_vector_table+0x98>
10001aba:	009b      	lsls	r3, r3, #2
10001abc:	50ea      	str	r2, [r5, r3]
10001abe:	1cf3      	adds	r3, r6, #3
10001ac0:	2e2d      	cmp	r6, #45	@ 0x2d
10001ac2:	d00b      	beq.n	10001adc <runtime_init_install_ram_vector_table+0x98>
10001ac4:	009b      	lsls	r3, r3, #2
10001ac6:	50ea      	str	r2, [r5, r3]
10001ac8:	1d33      	adds	r3, r6, #4
10001aca:	2e2c      	cmp	r6, #44	@ 0x2c
10001acc:	d006      	beq.n	10001adc <runtime_init_install_ram_vector_table+0x98>
10001ace:	009b      	lsls	r3, r3, #2
10001ad0:	50ea      	str	r2, [r5, r3]
10001ad2:	1d73      	adds	r3, r6, #5
10001ad4:	2e2b      	cmp	r6, #43	@ 0x2b
10001ad6:	d001      	beq.n	10001adc <runtime_init_install_ram_vector_table+0x98>
10001ad8:	009b      	lsls	r3, r3, #2
10001ada:	50ea      	str	r2, [r5, r3]
10001adc:	4b05      	ldr	r3, [pc, #20]	@ (10001af4 <runtime_init_install_ram_vector_table+0xb0>)
10001ade:	609d      	str	r5, [r3, #8]
10001ae0:	bdf8      	pop	{r3, r4, r5, r6, r7, pc}
10001ae2:	46c0      	nop			@ (mov r8, r8)
10001ae4:	10000100 	.word	0x10000100
10001ae8:	100001c0 	.word	0x100001c0
10001aec:	20000000 	.word	0x20000000
10001af0:	100001c1 	.word	0x100001c1
10001af4:	e000ed00 	.word	0xe000ed00

10001af8 <runtime_init_clocks>:
10001af8:	2300      	movs	r3, #0
10001afa:	b510      	push	{r4, lr}
10001afc:	4c29      	ldr	r4, [pc, #164]	@ (10001ba4 <runtime_init_clocks+0xac>)
10001afe:	b082      	sub	sp, #8
10001b00:	67a3      	str	r3, [r4, #120]	@ 0x78
10001b02:	f7ff ff2d 	bl	10001960 <xosc_init>
10001b06:	2201      	movs	r2, #1
10001b08:	4b27      	ldr	r3, [pc, #156]	@ (10001ba8 <runtime_init_clocks+0xb0>)
10001b0a:	601a      	str	r2, [r3, #0]
10001b0c:	6c63      	ldr	r3, [r4, #68]	@ 0x44
10001b0e:	2b01      	cmp	r3, #1
10001b10:	d1fc      	bne.n	10001b0c <runtime_init_clocks+0x14>
10001b12:	2203      	movs	r2, #3
10001b14:	4b25      	ldr	r3, [pc, #148]	@ (10001bac <runtime_init_clocks+0xb4>)
10001b16:	601a      	str	r2, [r3, #0]
10001b18:	4a22      	ldr	r2, [pc, #136]	@ (10001ba4 <runtime_init_clocks+0xac>)
10001b1a:	6b93      	ldr	r3, [r2, #56]	@ 0x38
10001b1c:	2b01      	cmp	r3, #1
10001b1e:	d1fc      	bne.n	10001b1a <runtime_init_clocks+0x22>
10001b20:	3301      	adds	r3, #1
10001b22:	9300      	str	r3, [sp, #0]
10001b24:	2101      	movs	r1, #1
10001b26:	4a22      	ldr	r2, [pc, #136]	@ (10001bb0 <runtime_init_clocks+0xb8>)
10001b28:	4822      	ldr	r0, [pc, #136]	@ (10001bb4 <runtime_init_clocks+0xbc>)
10001b2a:	3304      	adds	r3, #4
10001b2c:	f7ff fe2c 	bl	10001788 <pll_init>
10001b30:	2305      	movs	r3, #5
10001b32:	2101      	movs	r1, #1
10001b34:	9300      	str	r3, [sp, #0]
10001b36:	4a20      	ldr	r2, [pc, #128]	@ (10001bb8 <runtime_init_clocks+0xc0>)
10001b38:	4820      	ldr	r0, [pc, #128]	@ (10001bbc <runtime_init_clocks+0xc4>)
10001b3a:	f7ff fe25 	bl	10001788 <pll_init>
10001b3e:	2200      	movs	r2, #0
10001b40:	2102      	movs	r1, #2
10001b42:	2004      	movs	r0, #4
10001b44:	4b1e      	ldr	r3, [pc, #120]	@ (10001bc0 <runtime_init_clocks+0xc8>)
10001b46:	f7ff fda5 	bl	10001694 <clock_configure_undivided>
10001b4a:	2200      	movs	r2, #0
10001b4c:	2101      	movs	r1, #1
10001b4e:	2005      	movs	r0, #5
10001b50:	4b1c      	ldr	r3, [pc, #112]	@ (10001bc4 <runtime_init_clocks+0xcc>)
10001b52:	f7ff fd9f 	bl	10001694 <clock_configure_undivided>
10001b56:	2200      	movs	r2, #0
10001b58:	2100      	movs	r1, #0
10001b5a:	2007      	movs	r0, #7
10001b5c:	4b1a      	ldr	r3, [pc, #104]	@ (10001bc8 <runtime_init_clocks+0xd0>)
10001b5e:	f7ff fd99 	bl	10001694 <clock_configure_undivided>
10001b62:	2200      	movs	r2, #0
10001b64:	2100      	movs	r1, #0
10001b66:	2008      	movs	r0, #8
10001b68:	4b17      	ldr	r3, [pc, #92]	@ (10001bc8 <runtime_init_clocks+0xd0>)
10001b6a:	f7ff fd93 	bl	10001694 <clock_configure_undivided>
10001b6e:	2380      	movs	r3, #128	@ 0x80
10001b70:	00db      	lsls	r3, r3, #3
10001b72:	9300      	str	r3, [sp, #0]
10001b74:	2200      	movs	r2, #0
10001b76:	2100      	movs	r1, #0
10001b78:	2009      	movs	r0, #9
10001b7a:	4b13      	ldr	r3, [pc, #76]	@ (10001bc8 <runtime_init_clocks+0xd0>)
10001b7c:	f7ff fd10 	bl	100015a0 <clock_configure_int_divider>
10001b80:	2200      	movs	r2, #0
10001b82:	4b10      	ldr	r3, [pc, #64]	@ (10001bc4 <runtime_init_clocks+0xcc>)
10001b84:	2100      	movs	r1, #0
10001b86:	2006      	movs	r0, #6
10001b88:	f7ff fd84 	bl	10001694 <clock_configure_undivided>
10001b8c:	2004      	movs	r0, #4
10001b8e:	f7ff fdf5 	bl	1000177c <clock_get_hz>
10001b92:	490e      	ldr	r1, [pc, #56]	@ (10001bcc <runtime_init_clocks+0xd4>)
10001b94:	f000 f824 	bl	10001be0 <__wrap___aeabi_uidiv>
10001b98:	0001      	movs	r1, r0
10001b9a:	2000      	movs	r0, #0
10001b9c:	f7ff fe94 	bl	100018c8 <tick_start>
10001ba0:	b002      	add	sp, #8
10001ba2:	bd10      	pop	{r4, pc}
10001ba4:	40008000 	.word	0x40008000
10001ba8:	4000b03c 	.word	0x4000b03c
10001bac:	4000b030 	.word	0x4000b030
10001bb0:	59682f00 	.word	0x59682f00
10001bb4:	40028000 	.word	0x40028000
10001bb8:	47868c00 	.word	0x47868c00
10001bbc:	4002c000 	.word	0x4002c000
10001bc0:	00b71b00 	.word	0x00b71b00
10001bc4:	07735940 	.word	0x07735940
10001bc8:	02dc6c00 	.word	0x02dc6c00
10001bcc:	000f4240 	.word	0x000f4240

10001bd0 <__aeabi_bits_init>:
10001bd0:	4801      	ldr	r0, [pc, #4]	@ (10001bd8 <__aeabi_bits_init+0x8>)
10001bd2:	2104      	movs	r1, #4
10001bd4:	4b01      	ldr	r3, [pc, #4]	@ (10001bdc <__aeabi_bits_init+0xc>)
10001bd6:	4718      	bx	r3
10001bd8:	20001050 	.word	0x20001050
10001bdc:	100018f9 	.word	0x100018f9

10001be0 <__wrap___aeabi_uidiv>:
10001be0:	4a11      	ldr	r2, [pc, #68]	@ (10001c28 <divmod_u32u32_savestate+0x18>)
10001be2:	6f93      	ldr	r3, [r2, #120]	@ 0x78
10001be4:	089b      	lsrs	r3, r3, #2
10001be6:	d213      	bcs.n	10001c10 <divmod_u32u32_savestate>

10001be8 <divmod_u32u32_unsafe>:
10001be8:	6610      	str	r0, [r2, #96]	@ 0x60
10001bea:	6651      	str	r1, [r2, #100]	@ 0x64
10001bec:	2900      	cmp	r1, #0
10001bee:	d005      	beq.n	10001bfc <divmod_u32u32_unsafe+0x14>
10001bf0:	e7ff      	b.n	10001bf2 <divmod_u32u32_unsafe+0xa>
10001bf2:	e7ff      	b.n	10001bf4 <divmod_u32u32_unsafe+0xc>
10001bf4:	e7ff      	b.n	10001bf6 <divmod_u32u32_unsafe+0xe>
10001bf6:	6f51      	ldr	r1, [r2, #116]	@ 0x74
10001bf8:	6f10      	ldr	r0, [r2, #112]	@ 0x70
10001bfa:	4770      	bx	lr
10001bfc:	b504      	push	{r2, lr}
10001bfe:	2800      	cmp	r0, #0
10001c00:	d001      	beq.n	10001c06 <divmod_u32u32_unsafe+0x1e>
10001c02:	2000      	movs	r0, #0
10001c04:	43c0      	mvns	r0, r0
10001c06:	f002 fff7 	bl	10004bf8 <____aeabi_idiv0_veneer>
10001c0a:	2100      	movs	r1, #0
10001c0c:	bd04      	pop	{r2, pc}
10001c0e:	46c0      	nop			@ (mov r8, r8)

10001c10 <divmod_u32u32_savestate>:
10001c10:	b5f0      	push	{r4, r5, r6, r7, lr}
10001c12:	6e14      	ldr	r4, [r2, #96]	@ 0x60
10001c14:	6e55      	ldr	r5, [r2, #100]	@ 0x64
10001c16:	6f57      	ldr	r7, [r2, #116]	@ 0x74
10001c18:	6f16      	ldr	r6, [r2, #112]	@ 0x70
10001c1a:	f7ff ffe5 	bl	10001be8 <divmod_u32u32_unsafe>
10001c1e:	6614      	str	r4, [r2, #96]	@ 0x60
10001c20:	6655      	str	r5, [r2, #100]	@ 0x64
10001c22:	6757      	str	r7, [r2, #116]	@ 0x74
10001c24:	6716      	str	r6, [r2, #112]	@ 0x70
10001c26:	bdf0      	pop	{r4, r5, r6, r7, pc}
10001c28:	d0000000 	.word	0xd0000000

10001c2c <missing_double_func_shim>:
10001c2c:	b510      	push	{r4, lr}
10001c2e:	4801      	ldr	r0, [pc, #4]	@ (10001c34 <missing_double_func_shim+0x8>)
10001c30:	f7fe fbf4 	bl	1000041c <panic>
10001c34:	10004d3c 	.word	0x10004d3c

10001c38 <__aeabi_double_init>:
10001c38:	2313      	movs	r3, #19
10001c3a:	b570      	push	{r4, r5, r6, lr}
10001c3c:	781d      	ldrb	r5, [r3, #0]
10001c3e:	2d01      	cmp	r5, #1
10001c40:	d019      	beq.n	10001c76 <__aeabi_double_init+0x3e>
10001c42:	dd14      	ble.n	10001c6e <__aeabi_double_init+0x36>
10001c44:	481d      	ldr	r0, [pc, #116]	@ (10001cbc <__aeabi_double_init+0x84>)
10001c46:	f7ff fe4f 	bl	100018e8 <rom_data_lookup>
10001c4a:	0006      	movs	r6, r0
10001c4c:	481c      	ldr	r0, [pc, #112]	@ (10001cc0 <__aeabi_double_init+0x88>)
10001c4e:	f7ff fe4b 	bl	100018e8 <rom_data_lookup>
10001c52:	4c1c      	ldr	r4, [pc, #112]	@ (10001cc4 <__aeabi_double_init+0x8c>)
10001c54:	2280      	movs	r2, #128	@ 0x80
10001c56:	0031      	movs	r1, r6
10001c58:	0020      	movs	r0, r4
10001c5a:	f000 f8af 	bl	10001dbc <__wrap___aeabi_memcpy>
10001c5e:	2d02      	cmp	r5, #2
10001c60:	d006      	beq.n	10001c70 <__aeabi_double_init+0x38>
10001c62:	4819      	ldr	r0, [pc, #100]	@ (10001cc8 <__aeabi_double_init+0x90>)
10001c64:	f7ff fe38 	bl	100018d8 <rom_func_lookup>
10001c68:	4b18      	ldr	r3, [pc, #96]	@ (10001ccc <__aeabi_double_init+0x94>)
10001c6a:	6018      	str	r0, [r3, #0]
10001c6c:	bd70      	pop	{r4, r5, r6, pc}
10001c6e:	4c15      	ldr	r4, [pc, #84]	@ (10001cc4 <__aeabi_double_init+0x8c>)
10001c70:	4b17      	ldr	r3, [pc, #92]	@ (10001cd0 <__aeabi_double_init+0x98>)
10001c72:	64a3      	str	r3, [r4, #72]	@ 0x48
10001c74:	e7f5      	b.n	10001c62 <__aeabi_double_init+0x2a>
10001c76:	4b17      	ldr	r3, [pc, #92]	@ (10001cd4 <__aeabi_double_init+0x9c>)
10001c78:	4c12      	ldr	r4, [pc, #72]	@ (10001cc4 <__aeabi_double_init+0x8c>)
10001c7a:	6023      	str	r3, [r4, #0]
10001c7c:	6063      	str	r3, [r4, #4]
10001c7e:	60a3      	str	r3, [r4, #8]
10001c80:	60e3      	str	r3, [r4, #12]
10001c82:	6123      	str	r3, [r4, #16]
10001c84:	6163      	str	r3, [r4, #20]
10001c86:	61a3      	str	r3, [r4, #24]
10001c88:	61e3      	str	r3, [r4, #28]
10001c8a:	6223      	str	r3, [r4, #32]
10001c8c:	6263      	str	r3, [r4, #36]	@ 0x24
10001c8e:	62a3      	str	r3, [r4, #40]	@ 0x28
10001c90:	62e3      	str	r3, [r4, #44]	@ 0x2c
10001c92:	6323      	str	r3, [r4, #48]	@ 0x30
10001c94:	6363      	str	r3, [r4, #52]	@ 0x34
10001c96:	63a3      	str	r3, [r4, #56]	@ 0x38
10001c98:	63e3      	str	r3, [r4, #60]	@ 0x3c
10001c9a:	6423      	str	r3, [r4, #64]	@ 0x40
10001c9c:	6463      	str	r3, [r4, #68]	@ 0x44
10001c9e:	64a3      	str	r3, [r4, #72]	@ 0x48
10001ca0:	64e3      	str	r3, [r4, #76]	@ 0x4c
10001ca2:	6523      	str	r3, [r4, #80]	@ 0x50
10001ca4:	6563      	str	r3, [r4, #84]	@ 0x54
10001ca6:	65a3      	str	r3, [r4, #88]	@ 0x58
10001ca8:	65e3      	str	r3, [r4, #92]	@ 0x5c
10001caa:	6623      	str	r3, [r4, #96]	@ 0x60
10001cac:	6663      	str	r3, [r4, #100]	@ 0x64
10001cae:	66a3      	str	r3, [r4, #104]	@ 0x68
10001cb0:	66e3      	str	r3, [r4, #108]	@ 0x6c
10001cb2:	6723      	str	r3, [r4, #112]	@ 0x70
10001cb4:	6763      	str	r3, [r4, #116]	@ 0x74
10001cb6:	67a3      	str	r3, [r4, #120]	@ 0x78
10001cb8:	67e3      	str	r3, [r4, #124]	@ 0x7c
10001cba:	e7d9      	b.n	10001c70 <__aeabi_double_init+0x38>
10001cbc:	00004453 	.word	0x00004453
10001cc0:	00004653 	.word	0x00004653
10001cc4:	20001250 	.word	0x20001250
10001cc8:	0000334c 	.word	0x0000334c
10001ccc:	20002038 	.word	0x20002038
10001cd0:	10001cd9 	.word	0x10001cd9
10001cd4:	10001c2d 	.word	0x10001c2d

10001cd8 <double_table_shim_on_use_helper>:
10001cd8:	b507      	push	{r0, r1, r2, lr}
10001cda:	4660      	mov	r0, ip
10001cdc:	8801      	ldrh	r1, [r0, #0]
10001cde:	0a0a      	lsrs	r2, r1, #8
10001ce0:	3002      	adds	r0, #2
10001ce2:	2adf      	cmp	r2, #223	@ 0xdf
10001ce4:	d1fa      	bne.n	10001cdc <double_table_shim_on_use_helper+0x4>
10001ce6:	b2c9      	uxtb	r1, r1
10001ce8:	0882      	lsrs	r2, r0, #2
10001cea:	d304      	bcc.n	10001cf6 <double_table_shim_on_use_helper+0x1e>
10001cec:	8802      	ldrh	r2, [r0, #0]
10001cee:	8840      	ldrh	r0, [r0, #2]
10001cf0:	0400      	lsls	r0, r0, #16
10001cf2:	4310      	orrs	r0, r2
10001cf4:	e000      	b.n	10001cf8 <double_table_shim_on_use_helper+0x20>
10001cf6:	6800      	ldr	r0, [r0, #0]
10001cf8:	4a01      	ldr	r2, [pc, #4]	@ (10001d00 <double_table_shim_on_use_helper+0x28>)
10001cfa:	5050      	str	r0, [r2, r1]
10001cfc:	9003      	str	r0, [sp, #12]
10001cfe:	bd07      	pop	{r0, r1, r2, pc}
10001d00:	20001250 	.word	0x20001250

10001d04 <__wrap___aeabi_lmul>:
10001d04:	4351      	muls	r1, r2
10001d06:	4343      	muls	r3, r0
10001d08:	18c9      	adds	r1, r1, r3
10001d0a:	468c      	mov	ip, r1
10001d0c:	0c11      	lsrs	r1, r2, #16
10001d0e:	b283      	uxth	r3, r0
10001d10:	434b      	muls	r3, r1
10001d12:	b410      	push	{r4}
10001d14:	0c04      	lsrs	r4, r0, #16
10001d16:	4361      	muls	r1, r4
10001d18:	b292      	uxth	r2, r2
10001d1a:	b280      	uxth	r0, r0
10001d1c:	4350      	muls	r0, r2
10001d1e:	4362      	muls	r2, r4
10001d20:	041c      	lsls	r4, r3, #16
10001d22:	0c1b      	lsrs	r3, r3, #16
10001d24:	1900      	adds	r0, r0, r4
10001d26:	bc10      	pop	{r4}
10001d28:	4159      	adcs	r1, r3
10001d2a:	0413      	lsls	r3, r2, #16
10001d2c:	0c12      	lsrs	r2, r2, #16
10001d2e:	18c0      	adds	r0, r0, r3
10001d30:	4151      	adcs	r1, r2
10001d32:	4461      	add	r1, ip
10001d34:	4770      	bx	lr
	...

10001d38 <missing_float_func_shim>:
10001d38:	b510      	push	{r4, lr}
10001d3a:	4801      	ldr	r0, [pc, #4]	@ (10001d40 <missing_float_func_shim+0x8>)
10001d3c:	f7fe fb6e 	bl	1000041c <panic>
10001d40:	10004d84 	.word	0x10004d84

10001d44 <__aeabi_float_init>:
10001d44:	2313      	movs	r3, #19
10001d46:	b510      	push	{r4, lr}
10001d48:	4810      	ldr	r0, [pc, #64]	@ (10001d8c <__aeabi_float_init+0x48>)
10001d4a:	781c      	ldrb	r4, [r3, #0]
10001d4c:	f7ff fdcc 	bl	100018e8 <rom_data_lookup>
10001d50:	0001      	movs	r1, r0
10001d52:	2c01      	cmp	r4, #1
10001d54:	d00a      	beq.n	10001d6c <__aeabi_float_init+0x28>
10001d56:	dd03      	ble.n	10001d60 <__aeabi_float_init+0x1c>
10001d58:	2280      	movs	r2, #128	@ 0x80
10001d5a:	480d      	ldr	r0, [pc, #52]	@ (10001d90 <__aeabi_float_init+0x4c>)
10001d5c:	f000 f82e 	bl	10001dbc <__wrap___aeabi_memcpy>
10001d60:	480c      	ldr	r0, [pc, #48]	@ (10001d94 <__aeabi_float_init+0x50>)
10001d62:	f7ff fdb9 	bl	100018d8 <rom_func_lookup>
10001d66:	4b0c      	ldr	r3, [pc, #48]	@ (10001d98 <__aeabi_float_init+0x54>)
10001d68:	6018      	str	r0, [r3, #0]
10001d6a:	bd10      	pop	{r4, pc}
10001d6c:	4c08      	ldr	r4, [pc, #32]	@ (10001d90 <__aeabi_float_init+0x4c>)
10001d6e:	2254      	movs	r2, #84	@ 0x54
10001d70:	0020      	movs	r0, r4
10001d72:	f000 f823 	bl	10001dbc <__wrap___aeabi_memcpy>
10001d76:	0022      	movs	r2, r4
10001d78:	4908      	ldr	r1, [pc, #32]	@ (10001d9c <__aeabi_float_init+0x58>)
10001d7a:	3280      	adds	r2, #128	@ 0x80
10001d7c:	6823      	ldr	r3, [r4, #0]
10001d7e:	2b00      	cmp	r3, #0
10001d80:	d100      	bne.n	10001d84 <__aeabi_float_init+0x40>
10001d82:	6021      	str	r1, [r4, #0]
10001d84:	3404      	adds	r4, #4
10001d86:	4294      	cmp	r4, r2
10001d88:	d1f8      	bne.n	10001d7c <__aeabi_float_init+0x38>
10001d8a:	e7e9      	b.n	10001d60 <__aeabi_float_init+0x1c>
10001d8c:	00004653 	.word	0x00004653
10001d90:	2000203c 	.word	0x2000203c
10001d94:	0000334c 	.word	0x0000334c
10001d98:	20002038 	.word	0x20002038
10001d9c:	10001d39 	.word	0x10001d39

10001da0 <__aeabi_mem_init>:
10001da0:	4801      	ldr	r0, [pc, #4]	@ (10001da8 <__aeabi_mem_init+0x8>)
10001da2:	2104      	movs	r1, #4
10001da4:	4b01      	ldr	r3, [pc, #4]	@ (10001dac <__aeabi_mem_init+0xc>)
10001da6:	4718      	bx	r3
10001da8:	20001060 	.word	0x20001060
10001dac:	100018f9 	.word	0x100018f9

10001db0 <__wrap_memset>:
10001db0:	4b01      	ldr	r3, [pc, #4]	@ (10001db8 <__wrap_memset+0x8>)
10001db2:	681b      	ldr	r3, [r3, #0]
10001db4:	4718      	bx	r3
10001db6:	0000      	.short	0x0000
10001db8:	20001060 	.word	0x20001060

10001dbc <__wrap___aeabi_memcpy>:
10001dbc:	4b01      	ldr	r3, [pc, #4]	@ (10001dc4 <__wrap___aeabi_memcpy+0x8>)
10001dbe:	685b      	ldr	r3, [r3, #4]
10001dc0:	4718      	bx	r3
10001dc2:	0000      	.short	0x0000
10001dc4:	20001060 	.word	0x20001060

10001dc8 <_out_char>:
10001dc8:	b510      	push	{r4, lr}
10001dca:	2800      	cmp	r0, #0
10001dcc:	d100      	bne.n	10001dd0 <_out_char+0x8>
10001dce:	bd10      	pop	{r4, pc}
10001dd0:	f000 f934 	bl	1000203c <__wrap_putchar>
10001dd4:	e7fb      	b.n	10001dce <_out_char+0x6>
10001dd6:	46c0      	nop			@ (mov r8, r8)

10001dd8 <weak_raw_vprintf>:
10001dd8:	b510      	push	{r4, lr}
10001dda:	4a09      	ldr	r2, [pc, #36]	@ (10001e00 <weak_raw_vprintf+0x28>)
10001ddc:	0003      	movs	r3, r0
10001dde:	6814      	ldr	r4, [r2, #0]
10001de0:	b084      	sub	sp, #16
10001de2:	2c00      	cmp	r4, #0
10001de4:	d008      	beq.n	10001df8 <weak_raw_vprintf+0x20>
10001de6:	2201      	movs	r2, #1
10001de8:	9100      	str	r1, [sp, #0]
10001dea:	4806      	ldr	r0, [pc, #24]	@ (10001e04 <weak_raw_vprintf+0x2c>)
10001dec:	4252      	negs	r2, r2
10001dee:	a903      	add	r1, sp, #12
10001df0:	47a0      	blx	r4
10001df2:	2001      	movs	r0, #1
10001df4:	b004      	add	sp, #16
10001df6:	bd10      	pop	{r4, pc}
10001df8:	f000 f96a 	bl	100020d0 <__wrap_puts>
10001dfc:	2000      	movs	r0, #0
10001dfe:	e7f9      	b.n	10001df4 <weak_raw_vprintf+0x1c>
10001e00:	2000200c 	.word	0x2000200c
10001e04:	10001dc9 	.word	0x10001dc9

10001e08 <_exit>:
10001e08:	be00      	bkpt	0x0000
10001e0a:	e7fd      	b.n	10001e08 <_exit>

10001e0c <exit>:
10001e0c:	b510      	push	{r4, lr}
10001e0e:	f7ff fffb 	bl	10001e08 <_exit>
10001e12:	46c0      	nop			@ (mov r8, r8)

10001e14 <runtime_init>:
10001e14:	b570      	push	{r4, r5, r6, lr}
10001e16:	f7ff fdbf 	bl	10001998 <runtime_run_initializers>
10001e1a:	4d07      	ldr	r5, [pc, #28]	@ (10001e38 <runtime_init+0x24>)
10001e1c:	4e07      	ldr	r6, [pc, #28]	@ (10001e3c <runtime_init+0x28>)
10001e1e:	42b5      	cmp	r5, r6
10001e20:	d209      	bcs.n	10001e36 <runtime_init+0x22>
10001e22:	2400      	movs	r4, #0
10001e24:	3e01      	subs	r6, #1
10001e26:	1b76      	subs	r6, r6, r5
10001e28:	08b6      	lsrs	r6, r6, #2
10001e2a:	cd08      	ldmia	r5!, {r3}
10001e2c:	4798      	blx	r3
10001e2e:	0023      	movs	r3, r4
10001e30:	3401      	adds	r4, #1
10001e32:	42b3      	cmp	r3, r6
10001e34:	d1f9      	bne.n	10001e2a <runtime_init+0x16>
10001e36:	bd70      	pop	{r4, r5, r6, pc}
10001e38:	10004cb4 	.word	0x10004cb4
10001e3c:	10004cc0 	.word	0x10004cc0

10001e40 <stdio_out_chars_no_crlf>:
10001e40:	0003      	movs	r3, r0
10001e42:	b510      	push	{r4, lr}
10001e44:	0008      	movs	r0, r1
10001e46:	0011      	movs	r1, r2
10001e48:	681b      	ldr	r3, [r3, #0]
10001e4a:	4798      	blx	r3
10001e4c:	bd10      	pop	{r4, pc}
10001e4e:	46c0      	nop			@ (mov r8, r8)

10001e50 <stdio_out_chars_crlf>:
10001e50:	b5f0      	push	{r4, r5, r6, r7, lr}
10001e52:	46c6      	mov	lr, r8
10001e54:	b500      	push	{lr}
10001e56:	7d43      	ldrb	r3, [r0, #21]
10001e58:	0007      	movs	r7, r0
10001e5a:	000c      	movs	r4, r1
10001e5c:	0016      	movs	r6, r2
10001e5e:	2b00      	cmp	r3, #0
10001e60:	d046      	beq.n	10001ef0 <stdio_out_chars_crlf+0xa0>
10001e62:	2a00      	cmp	r2, #0
10001e64:	dd17      	ble.n	10001e96 <stdio_out_chars_crlf+0x46>
10001e66:	780b      	ldrb	r3, [r1, #0]
10001e68:	2b0a      	cmp	r3, #10
10001e6a:	d024      	beq.n	10001eb6 <stdio_out_chars_crlf+0x66>
10001e6c:	2300      	movs	r3, #0
10001e6e:	4698      	mov	r8, r3
10001e70:	2e01      	cmp	r6, #1
10001e72:	d013      	beq.n	10001e9c <stdio_out_chars_crlf+0x4c>
10001e74:	2501      	movs	r5, #1
10001e76:	0029      	movs	r1, r5
10001e78:	5c63      	ldrb	r3, [r4, r1]
10001e7a:	3501      	adds	r5, #1
10001e7c:	2b0a      	cmp	r3, #10
10001e7e:	d026      	beq.n	10001ece <stdio_out_chars_crlf+0x7e>
10001e80:	42b5      	cmp	r5, r6
10001e82:	d1f8      	bne.n	10001e76 <stdio_out_chars_crlf+0x26>
10001e84:	4546      	cmp	r6, r8
10001e86:	dc09      	bgt.n	10001e9c <stdio_out_chars_crlf+0x4c>
10001e88:	19a4      	adds	r4, r4, r6
10001e8a:	3c01      	subs	r4, #1
10001e8c:	7823      	ldrb	r3, [r4, #0]
10001e8e:	3b0d      	subs	r3, #13
10001e90:	425a      	negs	r2, r3
10001e92:	4153      	adcs	r3, r2
10001e94:	753b      	strb	r3, [r7, #20]
10001e96:	bc80      	pop	{r7}
10001e98:	46b8      	mov	r8, r7
10001e9a:	bdf0      	pop	{r4, r5, r6, r7, pc}
10001e9c:	4643      	mov	r3, r8
10001e9e:	18e0      	adds	r0, r4, r3
10001ea0:	19a4      	adds	r4, r4, r6
10001ea2:	1af1      	subs	r1, r6, r3
10001ea4:	3c01      	subs	r4, #1
10001ea6:	683b      	ldr	r3, [r7, #0]
10001ea8:	4798      	blx	r3
10001eaa:	7823      	ldrb	r3, [r4, #0]
10001eac:	3b0d      	subs	r3, #13
10001eae:	425a      	negs	r2, r3
10001eb0:	4153      	adcs	r3, r2
10001eb2:	753b      	strb	r3, [r7, #20]
10001eb4:	e7ef      	b.n	10001e96 <stdio_out_chars_crlf+0x46>
10001eb6:	7d03      	ldrb	r3, [r0, #20]
10001eb8:	2b00      	cmp	r3, #0
10001eba:	d1d7      	bne.n	10001e6c <stdio_out_chars_crlf+0x1c>
10001ebc:	2102      	movs	r1, #2
10001ebe:	480f      	ldr	r0, [pc, #60]	@ (10001efc <stdio_out_chars_crlf+0xac>)
10001ec0:	683b      	ldr	r3, [r7, #0]
10001ec2:	4798      	blx	r3
10001ec4:	2e01      	cmp	r6, #1
10001ec6:	d0df      	beq.n	10001e88 <stdio_out_chars_crlf+0x38>
10001ec8:	2301      	movs	r3, #1
10001eca:	4698      	mov	r8, r3
10001ecc:	e7d2      	b.n	10001e74 <stdio_out_chars_crlf+0x24>
10001ece:	1e63      	subs	r3, r4, #1
10001ed0:	5c5b      	ldrb	r3, [r3, r1]
10001ed2:	2b0d      	cmp	r3, #13
10001ed4:	d0d4      	beq.n	10001e80 <stdio_out_chars_crlf+0x30>
10001ed6:	4588      	cmp	r8, r1
10001ed8:	da04      	bge.n	10001ee4 <stdio_out_chars_crlf+0x94>
10001eda:	4643      	mov	r3, r8
10001edc:	1ac9      	subs	r1, r1, r3
10001ede:	18e0      	adds	r0, r4, r3
10001ee0:	683b      	ldr	r3, [r7, #0]
10001ee2:	4798      	blx	r3
10001ee4:	2102      	movs	r1, #2
10001ee6:	4805      	ldr	r0, [pc, #20]	@ (10001efc <stdio_out_chars_crlf+0xac>)
10001ee8:	683b      	ldr	r3, [r7, #0]
10001eea:	46a8      	mov	r8, r5
10001eec:	4798      	blx	r3
10001eee:	e7c7      	b.n	10001e80 <stdio_out_chars_crlf+0x30>
10001ef0:	6803      	ldr	r3, [r0, #0]
10001ef2:	0011      	movs	r1, r2
10001ef4:	0020      	movs	r0, r4
10001ef6:	4798      	blx	r3
10001ef8:	e7cd      	b.n	10001e96 <stdio_out_chars_crlf+0x46>
10001efa:	46c0      	nop			@ (mov r8, r8)
10001efc:	10004eb0 	.word	0x10004eb0

10001f00 <stdio_put_string>:
10001f00:	b5f0      	push	{r4, r5, r6, r7, lr}
10001f02:	4645      	mov	r5, r8
10001f04:	46de      	mov	lr, fp
10001f06:	464e      	mov	r6, r9
10001f08:	4657      	mov	r7, sl
10001f0a:	b5e0      	push	{r5, r6, r7, lr}
10001f0c:	b083      	sub	sp, #12
10001f0e:	4691      	mov	r9, r2
10001f10:	001c      	movs	r4, r3
10001f12:	4680      	mov	r8, r0
10001f14:	000d      	movs	r5, r1
10001f16:	f7ff fa65 	bl	100013e4 <time_us_64>
10001f1a:	2300      	movs	r3, #0
10001f1c:	4a30      	ldr	r2, [pc, #192]	@ (10001fe0 <stdio_put_string+0xe0>)
10001f1e:	1812      	adds	r2, r2, r0
10001f20:	414b      	adcs	r3, r1
10001f22:	2b00      	cmp	r3, #0
10001f24:	da02      	bge.n	10001f2c <stdio_put_string+0x2c>
10001f26:	2201      	movs	r2, #1
10001f28:	4b2e      	ldr	r3, [pc, #184]	@ (10001fe4 <stdio_put_string+0xe4>)
10001f2a:	4252      	negs	r2, r2
10001f2c:	492e      	ldr	r1, [pc, #184]	@ (10001fe8 <stdio_put_string+0xe8>)
10001f2e:	0008      	movs	r0, r1
10001f30:	468a      	mov	sl, r1
10001f32:	f002 fe81 	bl	10004c38 <__mutex_try_enter_block_until_veneer>
10001f36:	0007      	movs	r7, r0
10001f38:	1c6b      	adds	r3, r5, #1
10001f3a:	d103      	bne.n	10001f44 <stdio_put_string+0x44>
10001f3c:	4640      	mov	r0, r8
10001f3e:	f002 fdaf 	bl	10004aa0 <strlen>
10001f42:	0005      	movs	r5, r0
10001f44:	2c00      	cmp	r4, #0
10001f46:	d027      	beq.n	10001f98 <stdio_put_string+0x98>
10001f48:	4e28      	ldr	r6, [pc, #160]	@ (10001fec <stdio_put_string+0xec>)
10001f4a:	4b29      	ldr	r3, [pc, #164]	@ (10001ff0 <stdio_put_string+0xf0>)
10001f4c:	681c      	ldr	r4, [r3, #0]
10001f4e:	2c00      	cmp	r4, #0
10001f50:	d018      	beq.n	10001f84 <stdio_put_string+0x84>
10001f52:	464b      	mov	r3, r9
10001f54:	2b00      	cmp	r3, #0
10001f56:	d121      	bne.n	10001f9c <stdio_put_string+0x9c>
10001f58:	4b26      	ldr	r3, [pc, #152]	@ (10001ff4 <stdio_put_string+0xf4>)
10001f5a:	4699      	mov	r9, r3
10001f5c:	e002      	b.n	10001f64 <stdio_put_string+0x64>
10001f5e:	6924      	ldr	r4, [r4, #16]
10001f60:	2c00      	cmp	r4, #0
10001f62:	d00f      	beq.n	10001f84 <stdio_put_string+0x84>
10001f64:	6823      	ldr	r3, [r4, #0]
10001f66:	2b00      	cmp	r3, #0
10001f68:	d0f9      	beq.n	10001f5e <stdio_put_string+0x5e>
10001f6a:	464b      	mov	r3, r9
10001f6c:	681b      	ldr	r3, [r3, #0]
10001f6e:	2b00      	cmp	r3, #0
10001f70:	d001      	beq.n	10001f76 <stdio_put_string+0x76>
10001f72:	429c      	cmp	r4, r3
10001f74:	d1f3      	bne.n	10001f5e <stdio_put_string+0x5e>
10001f76:	0020      	movs	r0, r4
10001f78:	002a      	movs	r2, r5
10001f7a:	4641      	mov	r1, r8
10001f7c:	47b0      	blx	r6
10001f7e:	6924      	ldr	r4, [r4, #16]
10001f80:	2c00      	cmp	r4, #0
10001f82:	d1ef      	bne.n	10001f64 <stdio_put_string+0x64>
10001f84:	2f00      	cmp	r7, #0
10001f86:	d126      	bne.n	10001fd6 <stdio_put_string+0xd6>
10001f88:	0028      	movs	r0, r5
10001f8a:	b003      	add	sp, #12
10001f8c:	bcf0      	pop	{r4, r5, r6, r7}
10001f8e:	46bb      	mov	fp, r7
10001f90:	46b2      	mov	sl, r6
10001f92:	46a9      	mov	r9, r5
10001f94:	46a0      	mov	r8, r4
10001f96:	bdf0      	pop	{r4, r5, r6, r7, pc}
10001f98:	4e17      	ldr	r6, [pc, #92]	@ (10001ff8 <stdio_put_string+0xf8>)
10001f9a:	e7d6      	b.n	10001f4a <stdio_put_string+0x4a>
10001f9c:	4b15      	ldr	r3, [pc, #84]	@ (10001ff4 <stdio_put_string+0xf4>)
10001f9e:	4699      	mov	r9, r3
10001fa0:	230a      	movs	r3, #10
10001fa2:	469b      	mov	fp, r3
10001fa4:	e002      	b.n	10001fac <stdio_put_string+0xac>
10001fa6:	6924      	ldr	r4, [r4, #16]
10001fa8:	2c00      	cmp	r4, #0
10001faa:	d0eb      	beq.n	10001f84 <stdio_put_string+0x84>
10001fac:	6823      	ldr	r3, [r4, #0]
10001fae:	2b00      	cmp	r3, #0
10001fb0:	d0f9      	beq.n	10001fa6 <stdio_put_string+0xa6>
10001fb2:	464b      	mov	r3, r9
10001fb4:	681b      	ldr	r3, [r3, #0]
10001fb6:	2b00      	cmp	r3, #0
10001fb8:	d001      	beq.n	10001fbe <stdio_put_string+0xbe>
10001fba:	42a3      	cmp	r3, r4
10001fbc:	d1f3      	bne.n	10001fa6 <stdio_put_string+0xa6>
10001fbe:	002a      	movs	r2, r5
10001fc0:	4641      	mov	r1, r8
10001fc2:	0020      	movs	r0, r4
10001fc4:	47b0      	blx	r6
10001fc6:	466b      	mov	r3, sp
10001fc8:	465a      	mov	r2, fp
10001fca:	0020      	movs	r0, r4
10001fcc:	71da      	strb	r2, [r3, #7]
10001fce:	1dd9      	adds	r1, r3, #7
10001fd0:	2201      	movs	r2, #1
10001fd2:	47b0      	blx	r6
10001fd4:	e7e7      	b.n	10001fa6 <stdio_put_string+0xa6>
10001fd6:	4650      	mov	r0, sl
10001fd8:	f002 fdfe 	bl	10004bd8 <__mutex_exit_veneer>
10001fdc:	e7d4      	b.n	10001f88 <stdio_put_string+0x88>
10001fde:	46c0      	nop			@ (mov r8, r8)
10001fe0:	000f4240 	.word	0x000f4240
10001fe4:	7fffffff 	.word	0x7fffffff
10001fe8:	200010c0 	.word	0x200010c0
10001fec:	10001e51 	.word	0x10001e51
10001ff0:	20001c00 	.word	0x20001c00
10001ff4:	20001c08 	.word	0x20001c08
10001ff8:	10001e41 	.word	0x10001e41

10001ffc <stdio_set_driver_enabled>:
10001ffc:	4a0a      	ldr	r2, [pc, #40]	@ (10002028 <stdio_set_driver_enabled+0x2c>)
10001ffe:	6813      	ldr	r3, [r2, #0]
10002000:	2b00      	cmp	r3, #0
10002002:	d105      	bne.n	10002010 <stdio_set_driver_enabled+0x14>
10002004:	e00c      	b.n	10002020 <stdio_set_driver_enabled+0x24>
10002006:	001a      	movs	r2, r3
10002008:	691b      	ldr	r3, [r3, #16]
1000200a:	3210      	adds	r2, #16
1000200c:	2b00      	cmp	r3, #0
1000200e:	d007      	beq.n	10002020 <stdio_set_driver_enabled+0x24>
10002010:	4283      	cmp	r3, r0
10002012:	d1f8      	bne.n	10002006 <stdio_set_driver_enabled+0xa>
10002014:	2900      	cmp	r1, #0
10002016:	d102      	bne.n	1000201e <stdio_set_driver_enabled+0x22>
10002018:	6918      	ldr	r0, [r3, #16]
1000201a:	6010      	str	r0, [r2, #0]
1000201c:	6119      	str	r1, [r3, #16]
1000201e:	4770      	bx	lr
10002020:	2900      	cmp	r1, #0
10002022:	d0fc      	beq.n	1000201e <stdio_set_driver_enabled+0x22>
10002024:	6010      	str	r0, [r2, #0]
10002026:	e7fa      	b.n	1000201e <stdio_set_driver_enabled+0x22>
10002028:	20001c00 	.word	0x20001c00

1000202c <stdio_init_all>:
1000202c:	b510      	push	{r4, lr}
1000202e:	f000 f93b 	bl	100022a8 <stdio_uart_init>
10002032:	f000 fb77 	bl	10002724 <stdio_usb_init>
10002036:	2001      	movs	r0, #1
10002038:	bd10      	pop	{r4, pc}
1000203a:	46c0      	nop			@ (mov r8, r8)

1000203c <__wrap_putchar>:
1000203c:	b5f0      	push	{r4, r5, r6, r7, lr}
1000203e:	46ce      	mov	lr, r9
10002040:	4647      	mov	r7, r8
10002042:	b580      	push	{r7, lr}
10002044:	b083      	sub	sp, #12
10002046:	466b      	mov	r3, sp
10002048:	0006      	movs	r6, r0
1000204a:	1ddd      	adds	r5, r3, #7
1000204c:	7028      	strb	r0, [r5, #0]
1000204e:	f7ff f9c9 	bl	100013e4 <time_us_64>
10002052:	2300      	movs	r3, #0
10002054:	4a19      	ldr	r2, [pc, #100]	@ (100020bc <__wrap_putchar+0x80>)
10002056:	1812      	adds	r2, r2, r0
10002058:	414b      	adcs	r3, r1
1000205a:	2b00      	cmp	r3, #0
1000205c:	da02      	bge.n	10002064 <__wrap_putchar+0x28>
1000205e:	2201      	movs	r2, #1
10002060:	4b17      	ldr	r3, [pc, #92]	@ (100020c0 <__wrap_putchar+0x84>)
10002062:	4252      	negs	r2, r2
10002064:	4917      	ldr	r1, [pc, #92]	@ (100020c4 <__wrap_putchar+0x88>)
10002066:	0008      	movs	r0, r1
10002068:	4688      	mov	r8, r1
1000206a:	f002 fde5 	bl	10004c38 <__mutex_try_enter_block_until_veneer>
1000206e:	4b16      	ldr	r3, [pc, #88]	@ (100020c8 <__wrap_putchar+0x8c>)
10002070:	4681      	mov	r9, r0
10002072:	681c      	ldr	r4, [r3, #0]
10002074:	2c00      	cmp	r4, #0
10002076:	d014      	beq.n	100020a2 <__wrap_putchar+0x66>
10002078:	4f14      	ldr	r7, [pc, #80]	@ (100020cc <__wrap_putchar+0x90>)
1000207a:	e002      	b.n	10002082 <__wrap_putchar+0x46>
1000207c:	6924      	ldr	r4, [r4, #16]
1000207e:	2c00      	cmp	r4, #0
10002080:	d00f      	beq.n	100020a2 <__wrap_putchar+0x66>
10002082:	6823      	ldr	r3, [r4, #0]
10002084:	2b00      	cmp	r3, #0
10002086:	d0f9      	beq.n	1000207c <__wrap_putchar+0x40>
10002088:	683b      	ldr	r3, [r7, #0]
1000208a:	2b00      	cmp	r3, #0
1000208c:	d001      	beq.n	10002092 <__wrap_putchar+0x56>
1000208e:	429c      	cmp	r4, r3
10002090:	d1f4      	bne.n	1000207c <__wrap_putchar+0x40>
10002092:	0020      	movs	r0, r4
10002094:	2201      	movs	r2, #1
10002096:	0029      	movs	r1, r5
10002098:	f7ff feda 	bl	10001e50 <stdio_out_chars_crlf>
1000209c:	6924      	ldr	r4, [r4, #16]
1000209e:	2c00      	cmp	r4, #0
100020a0:	d1ef      	bne.n	10002082 <__wrap_putchar+0x46>
100020a2:	464b      	mov	r3, r9
100020a4:	2b00      	cmp	r3, #0
100020a6:	d105      	bne.n	100020b4 <__wrap_putchar+0x78>
100020a8:	0030      	movs	r0, r6
100020aa:	b003      	add	sp, #12
100020ac:	bcc0      	pop	{r6, r7}
100020ae:	46b9      	mov	r9, r7
100020b0:	46b0      	mov	r8, r6
100020b2:	bdf0      	pop	{r4, r5, r6, r7, pc}
100020b4:	4640      	mov	r0, r8
100020b6:	f002 fd8f 	bl	10004bd8 <__mutex_exit_veneer>
100020ba:	e7f5      	b.n	100020a8 <__wrap_putchar+0x6c>
100020bc:	000f4240 	.word	0x000f4240
100020c0:	7fffffff 	.word	0x7fffffff
100020c4:	200010c0 	.word	0x200010c0
100020c8:	20001c00 	.word	0x20001c00
100020cc:	20001c08 	.word	0x20001c08

100020d0 <__wrap_puts>:
100020d0:	b570      	push	{r4, r5, r6, lr}
100020d2:	0004      	movs	r4, r0
100020d4:	f002 fce4 	bl	10004aa0 <strlen>
100020d8:	2301      	movs	r3, #1
100020da:	0001      	movs	r1, r0
100020dc:	0005      	movs	r5, r0
100020de:	2201      	movs	r2, #1
100020e0:	0020      	movs	r0, r4
100020e2:	f7ff ff0d 	bl	10001f00 <stdio_put_string>
100020e6:	4b08      	ldr	r3, [pc, #32]	@ (10002108 <__wrap_puts+0x38>)
100020e8:	681c      	ldr	r4, [r3, #0]
100020ea:	2c00      	cmp	r4, #0
100020ec:	d006      	beq.n	100020fc <__wrap_puts+0x2c>
100020ee:	6863      	ldr	r3, [r4, #4]
100020f0:	2b00      	cmp	r3, #0
100020f2:	d005      	beq.n	10002100 <__wrap_puts+0x30>
100020f4:	4798      	blx	r3
100020f6:	6924      	ldr	r4, [r4, #16]
100020f8:	2c00      	cmp	r4, #0
100020fa:	d1f8      	bne.n	100020ee <__wrap_puts+0x1e>
100020fc:	0028      	movs	r0, r5
100020fe:	bd70      	pop	{r4, r5, r6, pc}
10002100:	6924      	ldr	r4, [r4, #16]
10002102:	2c00      	cmp	r4, #0
10002104:	d1f3      	bne.n	100020ee <__wrap_puts+0x1e>
10002106:	e7f9      	b.n	100020fc <__wrap_puts+0x2c>
10002108:	20001c00 	.word	0x20001c00

1000210c <stdio_uart_out_chars>:
1000210c:	b5f0      	push	{r4, r5, r6, r7, lr}
1000210e:	2900      	cmp	r1, #0
10002110:	dd15      	ble.n	1000213e <stdio_uart_out_chars+0x32>
10002112:	4b0e      	ldr	r3, [pc, #56]	@ (1000214c <stdio_uart_out_chars+0x40>)
10002114:	270d      	movs	r7, #13
10002116:	681a      	ldr	r2, [r3, #0]
10002118:	4b0d      	ldr	r3, [pc, #52]	@ (10002150 <stdio_uart_out_chars+0x44>)
1000211a:	4c0e      	ldr	r4, [pc, #56]	@ (10002154 <stdio_uart_out_chars+0x48>)
1000211c:	18d3      	adds	r3, r2, r3
1000211e:	425d      	negs	r5, r3
10002120:	416b      	adcs	r3, r5
10002122:	1845      	adds	r5, r0, r1
10002124:	2120      	movs	r1, #32
10002126:	005b      	lsls	r3, r3, #1
10002128:	5f1e      	ldrsh	r6, [r3, r4]
1000212a:	7804      	ldrb	r4, [r0, #0]
1000212c:	42a6      	cmp	r6, r4
1000212e:	d007      	beq.n	10002140 <stdio_uart_out_chars+0x34>
10002130:	6993      	ldr	r3, [r2, #24]
10002132:	4219      	tst	r1, r3
10002134:	d1fc      	bne.n	10002130 <stdio_uart_out_chars+0x24>
10002136:	3001      	adds	r0, #1
10002138:	6014      	str	r4, [r2, #0]
1000213a:	42a8      	cmp	r0, r5
1000213c:	d1f5      	bne.n	1000212a <stdio_uart_out_chars+0x1e>
1000213e:	bdf0      	pop	{r4, r5, r6, r7, pc}
10002140:	6993      	ldr	r3, [r2, #24]
10002142:	4219      	tst	r1, r3
10002144:	d1fc      	bne.n	10002140 <stdio_uart_out_chars+0x34>
10002146:	6017      	str	r7, [r2, #0]
10002148:	e7f2      	b.n	10002130 <stdio_uart_out_chars+0x24>
1000214a:	46c0      	nop			@ (mov r8, r8)
1000214c:	2000214c 	.word	0x2000214c
10002150:	bffc8000 	.word	0xbffc8000
10002154:	20002148 	.word	0x20002148

10002158 <stdio_uart_in_chars>:
10002158:	4b20      	ldr	r3, [pc, #128]	@ (100021dc <stdio_uart_in_chars+0x84>)
1000215a:	b570      	push	{r4, r5, r6, lr}
1000215c:	0004      	movs	r4, r0
1000215e:	1e0d      	subs	r5, r1, #0
10002160:	681e      	ldr	r6, [r3, #0]
10002162:	dd2a      	ble.n	100021ba <stdio_uart_in_chars+0x62>
10002164:	2000      	movs	r0, #0
10002166:	2110      	movs	r1, #16
10002168:	4b1d      	ldr	r3, [pc, #116]	@ (100021e0 <stdio_uart_in_chars+0x88>)
1000216a:	3c01      	subs	r4, #1
1000216c:	681a      	ldr	r2, [r3, #0]
1000216e:	6993      	ldr	r3, [r2, #24]
10002170:	4219      	tst	r1, r3
10002172:	d114      	bne.n	1000219e <stdio_uart_in_chars+0x46>
10002174:	3001      	adds	r0, #1
10002176:	6993      	ldr	r3, [r2, #24]
10002178:	4219      	tst	r1, r3
1000217a:	d1fc      	bne.n	10002176 <stdio_uart_in_chars+0x1e>
1000217c:	6813      	ldr	r3, [r2, #0]
1000217e:	5423      	strb	r3, [r4, r0]
10002180:	4285      	cmp	r5, r0
10002182:	d1f4      	bne.n	1000216e <stdio_uart_in_chars+0x16>
10002184:	2e00      	cmp	r6, #0
10002186:	d008      	beq.n	1000219a <stdio_uart_in_chars+0x42>
10002188:	2350      	movs	r3, #80	@ 0x50
1000218a:	6393      	str	r3, [r2, #56]	@ 0x38
1000218c:	6b51      	ldr	r1, [r2, #52]	@ 0x34
1000218e:	3b18      	subs	r3, #24
10002190:	400b      	ands	r3, r1
10002192:	4914      	ldr	r1, [pc, #80]	@ (100021e4 <stdio_uart_in_chars+0x8c>)
10002194:	468c      	mov	ip, r1
10002196:	4462      	add	r2, ip
10002198:	6013      	str	r3, [r2, #0]
1000219a:	0028      	movs	r0, r5
1000219c:	bd70      	pop	{r4, r5, r6, pc}
1000219e:	2e00      	cmp	r6, #0
100021a0:	d008      	beq.n	100021b4 <stdio_uart_in_chars+0x5c>
100021a2:	2350      	movs	r3, #80	@ 0x50
100021a4:	6393      	str	r3, [r2, #56]	@ 0x38
100021a6:	6b51      	ldr	r1, [r2, #52]	@ 0x34
100021a8:	3b18      	subs	r3, #24
100021aa:	400b      	ands	r3, r1
100021ac:	490d      	ldr	r1, [pc, #52]	@ (100021e4 <stdio_uart_in_chars+0x8c>)
100021ae:	468c      	mov	ip, r1
100021b0:	4462      	add	r2, ip
100021b2:	6013      	str	r3, [r2, #0]
100021b4:	2800      	cmp	r0, #0
100021b6:	d1f1      	bne.n	1000219c <stdio_uart_in_chars+0x44>
100021b8:	e00c      	b.n	100021d4 <stdio_uart_in_chars+0x7c>
100021ba:	2e00      	cmp	r6, #0
100021bc:	d00a      	beq.n	100021d4 <stdio_uart_in_chars+0x7c>
100021be:	2250      	movs	r2, #80	@ 0x50
100021c0:	4b07      	ldr	r3, [pc, #28]	@ (100021e0 <stdio_uart_in_chars+0x88>)
100021c2:	681b      	ldr	r3, [r3, #0]
100021c4:	639a      	str	r2, [r3, #56]	@ 0x38
100021c6:	6b59      	ldr	r1, [r3, #52]	@ 0x34
100021c8:	3a18      	subs	r2, #24
100021ca:	400a      	ands	r2, r1
100021cc:	4905      	ldr	r1, [pc, #20]	@ (100021e4 <stdio_uart_in_chars+0x8c>)
100021ce:	468c      	mov	ip, r1
100021d0:	4463      	add	r3, ip
100021d2:	601a      	str	r2, [r3, #0]
100021d4:	2003      	movs	r0, #3
100021d6:	4240      	negs	r0, r0
100021d8:	e7e0      	b.n	1000219c <stdio_uart_in_chars+0x44>
100021da:	46c0      	nop			@ (mov r8, r8)
100021dc:	20001b98 	.word	0x20001b98
100021e0:	2000214c 	.word	0x2000214c
100021e4:	00001034 	.word	0x00001034

100021e8 <on_uart_rx>:
100021e8:	4b06      	ldr	r3, [pc, #24]	@ (10002204 <on_uart_rx+0x1c>)
100021ea:	b510      	push	{r4, lr}
100021ec:	681b      	ldr	r3, [r3, #0]
100021ee:	2b00      	cmp	r3, #0
100021f0:	d006      	beq.n	10002200 <on_uart_rx+0x18>
100021f2:	2100      	movs	r1, #0
100021f4:	4a04      	ldr	r2, [pc, #16]	@ (10002208 <on_uart_rx+0x20>)
100021f6:	6812      	ldr	r2, [r2, #0]
100021f8:	6391      	str	r1, [r2, #56]	@ 0x38
100021fa:	4a04      	ldr	r2, [pc, #16]	@ (1000220c <on_uart_rx+0x24>)
100021fc:	6810      	ldr	r0, [r2, #0]
100021fe:	4798      	blx	r3
10002200:	bd10      	pop	{r4, pc}
10002202:	46c0      	nop			@ (mov r8, r8)
10002204:	20001b98 	.word	0x20001b98
10002208:	2000214c 	.word	0x2000214c
1000220c:	20001ba0 	.word	0x20001ba0

10002210 <stdio_uart_out_flush>:
10002210:	2208      	movs	r2, #8
10002212:	4b03      	ldr	r3, [pc, #12]	@ (10002220 <stdio_uart_out_flush+0x10>)
10002214:	6819      	ldr	r1, [r3, #0]
10002216:	698b      	ldr	r3, [r1, #24]
10002218:	421a      	tst	r2, r3
1000221a:	d1fc      	bne.n	10002216 <stdio_uart_out_flush+0x6>
1000221c:	4770      	bx	lr
1000221e:	46c0      	nop			@ (mov r8, r8)
10002220:	2000214c 	.word	0x2000214c

10002224 <stdio_uart_set_chars_available_callback>:
10002224:	b5f8      	push	{r3, r4, r5, r6, r7, lr}
10002226:	4f1a      	ldr	r7, [pc, #104]	@ (10002290 <stdio_uart_set_chars_available_callback+0x6c>)
10002228:	4b1a      	ldr	r3, [pc, #104]	@ (10002294 <stdio_uart_set_chars_available_callback+0x70>)
1000222a:	683a      	ldr	r2, [r7, #0]
1000222c:	0005      	movs	r5, r0
1000222e:	18d3      	adds	r3, r2, r3
10002230:	4258      	negs	r0, r3
10002232:	4143      	adcs	r3, r0
10002234:	4e18      	ldr	r6, [pc, #96]	@ (10002298 <stdio_uart_set_chars_available_callback+0x74>)
10002236:	3314      	adds	r3, #20
10002238:	001c      	movs	r4, r3
1000223a:	6833      	ldr	r3, [r6, #0]
1000223c:	2d00      	cmp	r5, #0
1000223e:	d002      	beq.n	10002246 <stdio_uart_set_chars_available_callback+0x22>
10002240:	2b00      	cmp	r3, #0
10002242:	d00f      	beq.n	10002264 <stdio_uart_set_chars_available_callback+0x40>
10002244:	bdf8      	pop	{r3, r4, r5, r6, r7, pc}
10002246:	2b00      	cmp	r3, #0
10002248:	d0fc      	beq.n	10002244 <stdio_uart_set_chars_available_callback+0x20>
1000224a:	2100      	movs	r1, #0
1000224c:	0020      	movs	r0, r4
1000224e:	6395      	str	r5, [r2, #56]	@ 0x38
10002250:	f7fe f9a0 	bl	10000594 <irq_set_enabled>
10002254:	0020      	movs	r0, r4
10002256:	4911      	ldr	r1, [pc, #68]	@ (1000229c <stdio_uart_set_chars_available_callback+0x78>)
10002258:	f7fe faf8 	bl	1000084c <irq_remove_handler>
1000225c:	4b10      	ldr	r3, [pc, #64]	@ (100022a0 <stdio_uart_set_chars_available_callback+0x7c>)
1000225e:	6035      	str	r5, [r6, #0]
10002260:	601d      	str	r5, [r3, #0]
10002262:	e7ef      	b.n	10002244 <stdio_uart_set_chars_available_callback+0x20>
10002264:	4b0e      	ldr	r3, [pc, #56]	@ (100022a0 <stdio_uart_set_chars_available_callback+0x7c>)
10002266:	0020      	movs	r0, r4
10002268:	6019      	str	r1, [r3, #0]
1000226a:	490c      	ldr	r1, [pc, #48]	@ (1000229c <stdio_uart_set_chars_available_callback+0x78>)
1000226c:	6035      	str	r5, [r6, #0]
1000226e:	f7fe f9c9 	bl	10000604 <irq_set_exclusive_handler>
10002272:	2101      	movs	r1, #1
10002274:	0020      	movs	r0, r4
10002276:	f7fe f98d 	bl	10000594 <irq_set_enabled>
1000227a:	2250      	movs	r2, #80	@ 0x50
1000227c:	683b      	ldr	r3, [r7, #0]
1000227e:	639a      	str	r2, [r3, #56]	@ 0x38
10002280:	6b59      	ldr	r1, [r3, #52]	@ 0x34
10002282:	3a18      	subs	r2, #24
10002284:	400a      	ands	r2, r1
10002286:	4907      	ldr	r1, [pc, #28]	@ (100022a4 <stdio_uart_set_chars_available_callback+0x80>)
10002288:	468c      	mov	ip, r1
1000228a:	4463      	add	r3, ip
1000228c:	601a      	str	r2, [r3, #0]
1000228e:	e7d9      	b.n	10002244 <stdio_uart_set_chars_available_callback+0x20>
10002290:	2000214c 	.word	0x2000214c
10002294:	bffc8000 	.word	0xbffc8000
10002298:	20001b98 	.word	0x20001b98
1000229c:	100021e9 	.word	0x100021e9
100022a0:	20001ba0 	.word	0x20001ba0
100022a4:	00001034 	.word	0x00001034

100022a8 <stdio_uart_init>:
100022a8:	4b0d      	ldr	r3, [pc, #52]	@ (100022e0 <stdio_uart_init+0x38>)
100022aa:	b510      	push	{r4, lr}
100022ac:	781b      	ldrb	r3, [r3, #0]
100022ae:	4b0d      	ldr	r3, [pc, #52]	@ (100022e4 <stdio_uart_init+0x3c>)
100022b0:	4c0d      	ldr	r4, [pc, #52]	@ (100022e8 <stdio_uart_init+0x40>)
100022b2:	781b      	ldrb	r3, [r3, #0]
100022b4:	4b0d      	ldr	r3, [pc, #52]	@ (100022ec <stdio_uart_init+0x44>)
100022b6:	2102      	movs	r1, #2
100022b8:	781b      	ldrb	r3, [r3, #0]
100022ba:	4b0d      	ldr	r3, [pc, #52]	@ (100022f0 <stdio_uart_init+0x48>)
100022bc:	2000      	movs	r0, #0
100022be:	6023      	str	r3, [r4, #0]
100022c0:	f7fe f88c 	bl	100003dc <gpio_set_function>
100022c4:	2102      	movs	r1, #2
100022c6:	2001      	movs	r0, #1
100022c8:	f7fe f888 	bl	100003dc <gpio_set_function>
100022cc:	21e1      	movs	r1, #225	@ 0xe1
100022ce:	6820      	ldr	r0, [r4, #0]
100022d0:	0249      	lsls	r1, r1, #9
100022d2:	f7ff f8d5 	bl	10001480 <uart_init>
100022d6:	2101      	movs	r1, #1
100022d8:	4806      	ldr	r0, [pc, #24]	@ (100022f4 <stdio_uart_init+0x4c>)
100022da:	f7ff fe8f 	bl	10001ffc <stdio_set_driver_enabled>
100022de:	bd10      	pop	{r4, pc}
100022e0:	10005154 	.word	0x10005154
100022e4:	10005150 	.word	0x10005150
100022e8:	2000214c 	.word	0x2000214c
100022ec:	1000514c 	.word	0x1000514c
100022f0:	40034000 	.word	0x40034000
100022f4:	20001070 	.word	0x20001070

100022f8 <resetd_init>:
100022f8:	4770      	bx	lr
100022fa:	46c0      	nop			@ (mov r8, r8)

100022fc <resetd_reset>:
100022fc:	2200      	movs	r2, #0
100022fe:	4b01      	ldr	r3, [pc, #4]	@ (10002304 <resetd_reset+0x8>)
10002300:	701a      	strb	r2, [r3, #0]
10002302:	4770      	bx	lr
10002304:	20002166 	.word	0x20002166

10002308 <resetd_open>:
10002308:	794b      	ldrb	r3, [r1, #5]
1000230a:	2000      	movs	r0, #0
1000230c:	2bff      	cmp	r3, #255	@ 0xff
1000230e:	d10b      	bne.n	10002328 <resetd_open+0x20>
10002310:	798b      	ldrb	r3, [r1, #6]
10002312:	2b00      	cmp	r3, #0
10002314:	d108      	bne.n	10002328 <resetd_open+0x20>
10002316:	79cb      	ldrb	r3, [r1, #7]
10002318:	2b01      	cmp	r3, #1
1000231a:	d105      	bne.n	10002328 <resetd_open+0x20>
1000231c:	2a08      	cmp	r2, #8
1000231e:	d903      	bls.n	10002328 <resetd_open+0x20>
10002320:	4b02      	ldr	r3, [pc, #8]	@ (1000232c <resetd_open+0x24>)
10002322:	788a      	ldrb	r2, [r1, #2]
10002324:	3009      	adds	r0, #9
10002326:	701a      	strb	r2, [r3, #0]
10002328:	4770      	bx	lr
1000232a:	46c0      	nop			@ (mov r8, r8)
1000232c:	20002166 	.word	0x20002166

10002330 <resetd_xfer_cb>:
10002330:	2001      	movs	r0, #1
10002332:	4770      	bx	lr

10002334 <resetd_control_xfer_cb>:
10002334:	b510      	push	{r4, lr}
10002336:	2901      	cmp	r1, #1
10002338:	d113      	bne.n	10002362 <resetd_control_xfer_cb+0x2e>
1000233a:	4912      	ldr	r1, [pc, #72]	@ (10002384 <resetd_control_xfer_cb+0x50>)
1000233c:	7953      	ldrb	r3, [r2, #5]
1000233e:	7910      	ldrb	r0, [r2, #4]
10002340:	7809      	ldrb	r1, [r1, #0]
10002342:	021b      	lsls	r3, r3, #8
10002344:	4303      	orrs	r3, r0
10002346:	2000      	movs	r0, #0
10002348:	4299      	cmp	r1, r3
1000234a:	d000      	beq.n	1000234e <resetd_control_xfer_cb+0x1a>
1000234c:	bd10      	pop	{r4, pc}
1000234e:	7853      	ldrb	r3, [r2, #1]
10002350:	2b01      	cmp	r3, #1
10002352:	d008      	beq.n	10002366 <resetd_control_xfer_cb+0x32>
10002354:	2b02      	cmp	r3, #2
10002356:	d1f9      	bne.n	1000234c <resetd_control_xfer_cb+0x18>
10002358:	2264      	movs	r2, #100	@ 0x64
1000235a:	2100      	movs	r1, #0
1000235c:	2000      	movs	r0, #0
1000235e:	f7ff fa65 	bl	1000182c <watchdog_reboot>
10002362:	2001      	movs	r0, #1
10002364:	e7f2      	b.n	1000234c <resetd_control_xfer_cb+0x18>
10002366:	78d3      	ldrb	r3, [r2, #3]
10002368:	7891      	ldrb	r1, [r2, #2]
1000236a:	021b      	lsls	r3, r3, #8
1000236c:	4319      	orrs	r1, r3
1000236e:	0a48      	lsrs	r0, r1, #9
10002370:	05db      	lsls	r3, r3, #23
10002372:	d401      	bmi.n	10002378 <resetd_control_xfer_cb+0x44>
10002374:	2001      	movs	r0, #1
10002376:	4240      	negs	r0, r0
10002378:	237f      	movs	r3, #127	@ 0x7f
1000237a:	058a      	lsls	r2, r1, #22
1000237c:	0fd2      	lsrs	r2, r2, #31
1000237e:	4019      	ands	r1, r3
10002380:	f7ff fadc 	bl	1000193c <rom_reset_usb_boot_extra>
10002384:	20002166 	.word	0x20002166

10002388 <tud_descriptor_bos_cb>:
10002388:	4800      	ldr	r0, [pc, #0]	@ (1000238c <tud_descriptor_bos_cb+0x4>)
1000238a:	4770      	bx	lr
1000238c:	10004f98 	.word	0x10004f98

10002390 <tud_vendor_control_xfer_cb>:
10002390:	b570      	push	{r4, r5, r6, lr}
10002392:	0005      	movs	r5, r0
10002394:	0014      	movs	r4, r2
10002396:	2001      	movs	r0, #1
10002398:	2901      	cmp	r1, #1
1000239a:	d109      	bne.n	100023b0 <tud_vendor_control_xfer_cb+0x20>
1000239c:	7853      	ldrb	r3, [r2, #1]
1000239e:	2000      	movs	r0, #0
100023a0:	2b01      	cmp	r3, #1
100023a2:	d105      	bne.n	100023b0 <tud_vendor_control_xfer_cb+0x20>
100023a4:	7963      	ldrb	r3, [r4, #5]
100023a6:	7912      	ldrb	r2, [r2, #4]
100023a8:	021b      	lsls	r3, r3, #8
100023aa:	4313      	orrs	r3, r2
100023ac:	2b07      	cmp	r3, #7
100023ae:	d000      	beq.n	100023b2 <tud_vendor_control_xfer_cb+0x22>
100023b0:	bd70      	pop	{r4, r5, r6, pc}
100023b2:	0021      	movs	r1, r4
100023b4:	0028      	movs	r0, r5
100023b6:	4a02      	ldr	r2, [pc, #8]	@ (100023c0 <tud_vendor_control_xfer_cb+0x30>)
100023b8:	339f      	adds	r3, #159	@ 0x9f
100023ba:	f001 fa55 	bl	10003868 <tud_control_xfer>
100023be:	e7f7      	b.n	100023b0 <tud_vendor_control_xfer_cb+0x20>
100023c0:	10004ef0 	.word	0x10004ef0

100023c4 <usbd_app_driver_get_cb>:
100023c4:	2301      	movs	r3, #1
100023c6:	7003      	strb	r3, [r0, #0]
100023c8:	4800      	ldr	r0, [pc, #0]	@ (100023cc <usbd_app_driver_get_cb+0x8>)
100023ca:	4770      	bx	lr
100023cc:	10004ed0 	.word	0x10004ed0

100023d0 <tud_cdc_line_coding_cb>:
100023d0:	784b      	ldrb	r3, [r1, #1]
100023d2:	780a      	ldrb	r2, [r1, #0]
100023d4:	021b      	lsls	r3, r3, #8
100023d6:	4313      	orrs	r3, r2
100023d8:	788a      	ldrb	r2, [r1, #2]
100023da:	b510      	push	{r4, lr}
100023dc:	0412      	lsls	r2, r2, #16
100023de:	431a      	orrs	r2, r3
100023e0:	78cb      	ldrb	r3, [r1, #3]
100023e2:	061b      	lsls	r3, r3, #24
100023e4:	4313      	orrs	r3, r2
100023e6:	2296      	movs	r2, #150	@ 0x96
100023e8:	00d2      	lsls	r2, r2, #3
100023ea:	4293      	cmp	r3, r2
100023ec:	d000      	beq.n	100023f0 <tud_cdc_line_coding_cb+0x20>
100023ee:	bd10      	pop	{r4, pc}
100023f0:	2200      	movs	r2, #0
100023f2:	2001      	movs	r0, #1
100023f4:	0011      	movs	r1, r2
100023f6:	4240      	negs	r0, r0
100023f8:	f7ff faa0 	bl	1000193c <rom_reset_usb_boot_extra>

100023fc <stdio_usb_set_chars_available_callback>:
100023fc:	4b02      	ldr	r3, [pc, #8]	@ (10002408 <stdio_usb_set_chars_available_callback+0xc>)
100023fe:	6018      	str	r0, [r3, #0]
10002400:	4b02      	ldr	r3, [pc, #8]	@ (1000240c <stdio_usb_set_chars_available_callback+0x10>)
10002402:	6019      	str	r1, [r3, #0]
10002404:	4770      	bx	lr
10002406:	46c0      	nop			@ (mov r8, r8)
10002408:	20001b9c 	.word	0x20001b9c
1000240c:	20001ba4 	.word	0x20001ba4

10002410 <usb_irq>:
10002410:	b510      	push	{r4, lr}
10002412:	4b02      	ldr	r3, [pc, #8]	@ (1000241c <usb_irq+0xc>)
10002414:	7818      	ldrb	r0, [r3, #0]
10002416:	f7fe f8db 	bl	100005d0 <irq_set_pending>
1000241a:	bd10      	pop	{r4, pc}
1000241c:	20002167 	.word	0x20002167

10002420 <timer_task>:
10002420:	4b15      	ldr	r3, [pc, #84]	@ (10002478 <timer_task+0x58>)
10002422:	b570      	push	{r4, r5, r6, lr}
10002424:	681a      	ldr	r2, [r3, #0]
10002426:	2a00      	cmp	r2, #0
10002428:	d022      	beq.n	10002470 <timer_task+0x50>
1000242a:	f3ef 8110 	mrs	r1, PRIMASK
1000242e:	b672      	cpsid	i
10002430:	6810      	ldr	r0, [r2, #0]
10002432:	2800      	cmp	r0, #0
10002434:	d0fc      	beq.n	10002430 <timer_task+0x10>
10002436:	f3bf 8f5f 	dmb	sy
1000243a:	2000      	movs	r0, #0
1000243c:	4a0f      	ldr	r2, [pc, #60]	@ (1000247c <timer_task+0x5c>)
1000243e:	6059      	str	r1, [r3, #4]
10002440:	7010      	strb	r0, [r2, #0]
10002442:	681b      	ldr	r3, [r3, #0]
10002444:	f3bf 8f5f 	dmb	sy
10002448:	6018      	str	r0, [r3, #0]
1000244a:	f381 8810 	msr	PRIMASK, r1
1000244e:	2400      	movs	r4, #0
10002450:	2500      	movs	r5, #0
10002452:	4e0b      	ldr	r6, [pc, #44]	@ (10002480 <timer_task+0x60>)
10002454:	7830      	ldrb	r0, [r6, #0]
10002456:	f7fe f8af 	bl	100005b8 <irq_is_enabled>
1000245a:	2800      	cmp	r0, #0
1000245c:	d104      	bne.n	10002468 <timer_task+0x48>
1000245e:	2400      	movs	r4, #0
10002460:	2500      	movs	r5, #0
10002462:	0029      	movs	r1, r5
10002464:	0020      	movs	r0, r4
10002466:	bd70      	pop	{r4, r5, r6, pc}
10002468:	7830      	ldrb	r0, [r6, #0]
1000246a:	f7fe f8b1 	bl	100005d0 <irq_set_pending>
1000246e:	e7f8      	b.n	10002462 <timer_task+0x42>
10002470:	24fa      	movs	r4, #250	@ 0xfa
10002472:	2500      	movs	r5, #0
10002474:	00a4      	lsls	r4, r4, #2
10002476:	e7ec      	b.n	10002452 <timer_task+0x32>
10002478:	20002018 	.word	0x20002018
1000247c:	20002168 	.word	0x20002168
10002480:	20002167 	.word	0x20002167

10002484 <stdio_usb_in_chars>:
10002484:	b570      	push	{r4, r5, r6, lr}
10002486:	0004      	movs	r4, r0
10002488:	2000      	movs	r0, #0
1000248a:	000e      	movs	r6, r1
1000248c:	f001 fb0a 	bl	10003aa4 <tud_cdc_n_connected>
10002490:	2800      	cmp	r0, #0
10002492:	d034      	beq.n	100024fe <stdio_usb_in_chars+0x7a>
10002494:	2000      	movs	r0, #0
10002496:	f001 fb1b 	bl	10003ad0 <tud_cdc_n_available>
1000249a:	2800      	cmp	r0, #0
1000249c:	d02f      	beq.n	100024fe <stdio_usb_in_chars+0x7a>
1000249e:	f7fe ffa1 	bl	100013e4 <time_us_64>
100024a2:	2300      	movs	r3, #0
100024a4:	4a17      	ldr	r2, [pc, #92]	@ (10002504 <stdio_usb_in_chars+0x80>)
100024a6:	1812      	adds	r2, r2, r0
100024a8:	414b      	adcs	r3, r1
100024aa:	2b00      	cmp	r3, #0
100024ac:	db16      	blt.n	100024dc <stdio_usb_in_chars+0x58>
100024ae:	4d16      	ldr	r5, [pc, #88]	@ (10002508 <stdio_usb_in_chars+0x84>)
100024b0:	0028      	movs	r0, r5
100024b2:	f002 fbc1 	bl	10004c38 <__mutex_try_enter_block_until_veneer>
100024b6:	2800      	cmp	r0, #0
100024b8:	d021      	beq.n	100024fe <stdio_usb_in_chars+0x7a>
100024ba:	2000      	movs	r0, #0
100024bc:	f001 faf2 	bl	10003aa4 <tud_cdc_n_connected>
100024c0:	2800      	cmp	r0, #0
100024c2:	d10f      	bne.n	100024e4 <stdio_usb_in_chars+0x60>
100024c4:	2001      	movs	r0, #1
100024c6:	2100      	movs	r1, #0
100024c8:	4240      	negs	r0, r0
100024ca:	f000 fd01 	bl	10002ed0 <tud_task_ext>
100024ce:	2403      	movs	r4, #3
100024d0:	4264      	negs	r4, r4
100024d2:	0028      	movs	r0, r5
100024d4:	f002 fb80 	bl	10004bd8 <__mutex_exit_veneer>
100024d8:	0020      	movs	r0, r4
100024da:	bd70      	pop	{r4, r5, r6, pc}
100024dc:	2201      	movs	r2, #1
100024de:	4b0b      	ldr	r3, [pc, #44]	@ (1000250c <stdio_usb_in_chars+0x88>)
100024e0:	4252      	negs	r2, r2
100024e2:	e7e4      	b.n	100024ae <stdio_usb_in_chars+0x2a>
100024e4:	2000      	movs	r0, #0
100024e6:	f001 faf3 	bl	10003ad0 <tud_cdc_n_available>
100024ea:	2800      	cmp	r0, #0
100024ec:	d0ea      	beq.n	100024c4 <stdio_usb_in_chars+0x40>
100024ee:	0021      	movs	r1, r4
100024f0:	0032      	movs	r2, r6
100024f2:	2000      	movs	r0, #0
100024f4:	f001 faf6 	bl	10003ae4 <tud_cdc_n_read>
100024f8:	1e04      	subs	r4, r0, #0
100024fa:	d1ea      	bne.n	100024d2 <stdio_usb_in_chars+0x4e>
100024fc:	e7e7      	b.n	100024ce <stdio_usb_in_chars+0x4a>
100024fe:	2403      	movs	r4, #3
10002500:	4264      	negs	r4, r4
10002502:	e7e9      	b.n	100024d8 <stdio_usb_in_chars+0x54>
10002504:	000f4240 	.word	0x000f4240
10002508:	20002140 	.word	0x20002140
1000250c:	7fffffff 	.word	0x7fffffff

10002510 <stdio_usb_out_flush>:
10002510:	b510      	push	{r4, lr}
10002512:	f7fe ff67 	bl	100013e4 <time_us_64>
10002516:	2300      	movs	r3, #0
10002518:	4a0d      	ldr	r2, [pc, #52]	@ (10002550 <stdio_usb_out_flush+0x40>)
1000251a:	1812      	adds	r2, r2, r0
1000251c:	414b      	adcs	r3, r1
1000251e:	2b00      	cmp	r3, #0
10002520:	da02      	bge.n	10002528 <stdio_usb_out_flush+0x18>
10002522:	2201      	movs	r2, #1
10002524:	4b0b      	ldr	r3, [pc, #44]	@ (10002554 <stdio_usb_out_flush+0x44>)
10002526:	4252      	negs	r2, r2
10002528:	4c0b      	ldr	r4, [pc, #44]	@ (10002558 <stdio_usb_out_flush+0x48>)
1000252a:	0020      	movs	r0, r4
1000252c:	f002 fb84 	bl	10004c38 <__mutex_try_enter_block_until_veneer>
10002530:	2800      	cmp	r0, #0
10002532:	d00c      	beq.n	1000254e <stdio_usb_out_flush+0x3e>
10002534:	2001      	movs	r0, #1
10002536:	2100      	movs	r1, #0
10002538:	4240      	negs	r0, r0
1000253a:	f000 fcc9 	bl	10002ed0 <tud_task_ext>
1000253e:	2000      	movs	r0, #0
10002540:	f001 fb14 	bl	10003b6c <tud_cdc_n_write_flush>
10002544:	2800      	cmp	r0, #0
10002546:	d1f5      	bne.n	10002534 <stdio_usb_out_flush+0x24>
10002548:	0020      	movs	r0, r4
1000254a:	f002 fb45 	bl	10004bd8 <__mutex_exit_veneer>
1000254e:	bd10      	pop	{r4, pc}
10002550:	000f4240 	.word	0x000f4240
10002554:	7fffffff 	.word	0x7fffffff
10002558:	20002140 	.word	0x20002140

1000255c <stdio_usb_out_chars>:
1000255c:	b5f8      	push	{r3, r4, r5, r6, r7, lr}
1000255e:	46de      	mov	lr, fp
10002560:	4657      	mov	r7, sl
10002562:	b580      	push	{r7, lr}
10002564:	0005      	movs	r5, r0
10002566:	000c      	movs	r4, r1
10002568:	f7fe ff3c 	bl	100013e4 <time_us_64>
1000256c:	2300      	movs	r3, #0
1000256e:	4a36      	ldr	r2, [pc, #216]	@ (10002648 <stdio_usb_out_chars+0xec>)
10002570:	1812      	adds	r2, r2, r0
10002572:	414b      	adcs	r3, r1
10002574:	2b00      	cmp	r3, #0
10002576:	da02      	bge.n	1000257e <stdio_usb_out_chars+0x22>
10002578:	2201      	movs	r2, #1
1000257a:	4b34      	ldr	r3, [pc, #208]	@ (1000264c <stdio_usb_out_chars+0xf0>)
1000257c:	4252      	negs	r2, r2
1000257e:	4934      	ldr	r1, [pc, #208]	@ (10002650 <stdio_usb_out_chars+0xf4>)
10002580:	0008      	movs	r0, r1
10002582:	468a      	mov	sl, r1
10002584:	f002 fb58 	bl	10004c38 <__mutex_try_enter_block_until_veneer>
10002588:	2800      	cmp	r0, #0
1000258a:	d103      	bne.n	10002594 <stdio_usb_out_chars+0x38>
1000258c:	bcc0      	pop	{r6, r7}
1000258e:	46bb      	mov	fp, r7
10002590:	46b2      	mov	sl, r6
10002592:	bdf8      	pop	{r3, r4, r5, r6, r7, pc}
10002594:	2000      	movs	r0, #0
10002596:	f001 fa85 	bl	10003aa4 <tud_cdc_n_connected>
1000259a:	2800      	cmp	r0, #0
1000259c:	d04a      	beq.n	10002634 <stdio_usb_out_chars+0xd8>
1000259e:	2600      	movs	r6, #0
100025a0:	2c00      	cmp	r4, #0
100025a2:	dd43      	ble.n	1000262c <stdio_usb_out_chars+0xd0>
100025a4:	4b2b      	ldr	r3, [pc, #172]	@ (10002654 <stdio_usb_out_chars+0xf8>)
100025a6:	469b      	mov	fp, r3
100025a8:	e014      	b.n	100025d4 <stdio_usb_out_chars+0x78>
100025aa:	19a9      	adds	r1, r5, r6
100025ac:	2000      	movs	r0, #0
100025ae:	f001 fb17 	bl	10003be0 <tud_cdc_n_write>
100025b2:	0007      	movs	r7, r0
100025b4:	2001      	movs	r0, #1
100025b6:	2100      	movs	r1, #0
100025b8:	4240      	negs	r0, r0
100025ba:	f000 fc89 	bl	10002ed0 <tud_task_ext>
100025be:	2000      	movs	r0, #0
100025c0:	f001 fad4 	bl	10003b6c <tud_cdc_n_write_flush>
100025c4:	f7fe ff0e 	bl	100013e4 <time_us_64>
100025c8:	4b22      	ldr	r3, [pc, #136]	@ (10002654 <stdio_usb_out_chars+0xf8>)
100025ca:	19f6      	adds	r6, r6, r7
100025cc:	6018      	str	r0, [r3, #0]
100025ce:	6059      	str	r1, [r3, #4]
100025d0:	42b4      	cmp	r4, r6
100025d2:	dd2b      	ble.n	1000262c <stdio_usb_out_chars+0xd0>
100025d4:	2000      	movs	r0, #0
100025d6:	f001 fb23 	bl	10003c20 <tud_cdc_n_write_available>
100025da:	1ba7      	subs	r7, r4, r6
100025dc:	0002      	movs	r2, r0
100025de:	42b8      	cmp	r0, r7
100025e0:	dd00      	ble.n	100025e4 <stdio_usb_out_chars+0x88>
100025e2:	003a      	movs	r2, r7
100025e4:	2a00      	cmp	r2, #0
100025e6:	d1e0      	bne.n	100025aa <stdio_usb_out_chars+0x4e>
100025e8:	2001      	movs	r0, #1
100025ea:	2100      	movs	r1, #0
100025ec:	4240      	negs	r0, r0
100025ee:	f000 fc6f 	bl	10002ed0 <tud_task_ext>
100025f2:	2000      	movs	r0, #0
100025f4:	f001 faba 	bl	10003b6c <tud_cdc_n_write_flush>
100025f8:	2000      	movs	r0, #0
100025fa:	f001 fa53 	bl	10003aa4 <tud_cdc_n_connected>
100025fe:	2800      	cmp	r0, #0
10002600:	d014      	beq.n	1000262c <stdio_usb_out_chars+0xd0>
10002602:	2000      	movs	r0, #0
10002604:	f001 fb0c 	bl	10003c20 <tud_cdc_n_write_available>
10002608:	2800      	cmp	r0, #0
1000260a:	d1e1      	bne.n	100025d0 <stdio_usb_out_chars+0x74>
1000260c:	f7fe feea 	bl	100013e4 <time_us_64>
10002610:	465b      	mov	r3, fp
10002612:	000f      	movs	r7, r1
10002614:	681a      	ldr	r2, [r3, #0]
10002616:	685b      	ldr	r3, [r3, #4]
10002618:	2100      	movs	r1, #0
1000261a:	4684      	mov	ip, r0
1000261c:	480e      	ldr	r0, [pc, #56]	@ (10002658 <stdio_usb_out_chars+0xfc>)
1000261e:	1812      	adds	r2, r2, r0
10002620:	414b      	adcs	r3, r1
10002622:	429f      	cmp	r7, r3
10002624:	d802      	bhi.n	1000262c <stdio_usb_out_chars+0xd0>
10002626:	d1d3      	bne.n	100025d0 <stdio_usb_out_chars+0x74>
10002628:	4594      	cmp	ip, r2
1000262a:	d9d1      	bls.n	100025d0 <stdio_usb_out_chars+0x74>
1000262c:	4650      	mov	r0, sl
1000262e:	f002 fad3 	bl	10004bd8 <__mutex_exit_veneer>
10002632:	e7ab      	b.n	1000258c <stdio_usb_out_chars+0x30>
10002634:	2000      	movs	r0, #0
10002636:	2100      	movs	r1, #0
10002638:	4b06      	ldr	r3, [pc, #24]	@ (10002654 <stdio_usb_out_chars+0xf8>)
1000263a:	6018      	str	r0, [r3, #0]
1000263c:	6059      	str	r1, [r3, #4]
1000263e:	4650      	mov	r0, sl
10002640:	f002 faca 	bl	10004bd8 <__mutex_exit_veneer>
10002644:	e7a2      	b.n	1000258c <stdio_usb_out_chars+0x30>
10002646:	46c0      	nop			@ (mov r8, r8)
10002648:	000f4240 	.word	0x000f4240
1000264c:	7fffffff 	.word	0x7fffffff
10002650:	20002140 	.word	0x20002140
10002654:	20001248 	.word	0x20001248
10002658:	0007a120 	.word	0x0007a120

1000265c <low_priority_worker_irq>:
1000265c:	b530      	push	{r4, r5, lr}
1000265e:	4c2a      	ldr	r4, [pc, #168]	@ (10002708 <low_priority_worker_irq+0xac>)
10002660:	b085      	sub	sp, #20
10002662:	2100      	movs	r1, #0
10002664:	0020      	movs	r0, r4
10002666:	f002 facf 	bl	10004c08 <__mutex_try_enter_veneer>
1000266a:	2800      	cmp	r0, #0
1000266c:	d11c      	bne.n	100026a8 <low_priority_worker_irq+0x4c>
1000266e:	4b27      	ldr	r3, [pc, #156]	@ (1000270c <low_priority_worker_irq+0xb0>)
10002670:	681a      	ldr	r2, [r3, #0]
10002672:	2a00      	cmp	r2, #0
10002674:	d016      	beq.n	100026a4 <low_priority_worker_irq+0x48>
10002676:	f3ef 8110 	mrs	r1, PRIMASK
1000267a:	b672      	cpsid	i
1000267c:	6810      	ldr	r0, [r2, #0]
1000267e:	2800      	cmp	r0, #0
10002680:	d0fc      	beq.n	1000267c <low_priority_worker_irq+0x20>
10002682:	f3bf 8f5f 	dmb	sy
10002686:	2401      	movs	r4, #1
10002688:	4821      	ldr	r0, [pc, #132]	@ (10002710 <low_priority_worker_irq+0xb4>)
1000268a:	6059      	str	r1, [r3, #4]
1000268c:	7802      	ldrb	r2, [r0, #0]
1000268e:	681b      	ldr	r3, [r3, #0]
10002690:	b2d2      	uxtb	r2, r2
10002692:	7004      	strb	r4, [r0, #0]
10002694:	f3bf 8f5f 	dmb	sy
10002698:	2000      	movs	r0, #0
1000269a:	6018      	str	r0, [r3, #0]
1000269c:	f381 8810 	msr	PRIMASK, r1
100026a0:	2a00      	cmp	r2, #0
100026a2:	d017      	beq.n	100026d4 <low_priority_worker_irq+0x78>
100026a4:	b005      	add	sp, #20
100026a6:	bd30      	pop	{r4, r5, pc}
100026a8:	2001      	movs	r0, #1
100026aa:	2100      	movs	r1, #0
100026ac:	4240      	negs	r0, r0
100026ae:	f000 fc0f 	bl	10002ed0 <tud_task_ext>
100026b2:	2000      	movs	r0, #0
100026b4:	f001 fa0c 	bl	10003ad0 <tud_cdc_n_available>
100026b8:	0005      	movs	r5, r0
100026ba:	0020      	movs	r0, r4
100026bc:	f002 fa8c 	bl	10004bd8 <__mutex_exit_veneer>
100026c0:	2d00      	cmp	r5, #0
100026c2:	d0ef      	beq.n	100026a4 <low_priority_worker_irq+0x48>
100026c4:	4b13      	ldr	r3, [pc, #76]	@ (10002714 <low_priority_worker_irq+0xb8>)
100026c6:	681b      	ldr	r3, [r3, #0]
100026c8:	2b00      	cmp	r3, #0
100026ca:	d0eb      	beq.n	100026a4 <low_priority_worker_irq+0x48>
100026cc:	4a12      	ldr	r2, [pc, #72]	@ (10002718 <low_priority_worker_irq+0xbc>)
100026ce:	6810      	ldr	r0, [r2, #0]
100026d0:	4798      	blx	r3
100026d2:	e7e7      	b.n	100026a4 <low_priority_worker_irq+0x48>
100026d4:	f7fe fc70 	bl	10000fb8 <alarm_pool_get_default>
100026d8:	0004      	movs	r4, r0
100026da:	f7fe fe83 	bl	100013e4 <time_us_64>
100026de:	22fa      	movs	r2, #250	@ 0xfa
100026e0:	2300      	movs	r3, #0
100026e2:	0092      	lsls	r2, r2, #2
100026e4:	1812      	adds	r2, r2, r0
100026e6:	414b      	adcs	r3, r1
100026e8:	2b00      	cmp	r3, #0
100026ea:	da02      	bge.n	100026f2 <low_priority_worker_irq+0x96>
100026ec:	2201      	movs	r2, #1
100026ee:	4b0b      	ldr	r3, [pc, #44]	@ (1000271c <low_priority_worker_irq+0xc0>)
100026f0:	4252      	negs	r2, r2
100026f2:	2101      	movs	r1, #1
100026f4:	9102      	str	r1, [sp, #8]
100026f6:	2100      	movs	r1, #0
100026f8:	9101      	str	r1, [sp, #4]
100026fa:	4909      	ldr	r1, [pc, #36]	@ (10002720 <low_priority_worker_irq+0xc4>)
100026fc:	0020      	movs	r0, r4
100026fe:	9100      	str	r1, [sp, #0]
10002700:	f7fe fc5e 	bl	10000fc0 <alarm_pool_add_alarm_at>
10002704:	e7ce      	b.n	100026a4 <low_priority_worker_irq+0x48>
10002706:	46c0      	nop			@ (mov r8, r8)
10002708:	20002140 	.word	0x20002140
1000270c:	20002018 	.word	0x20002018
10002710:	20002168 	.word	0x20002168
10002714:	20001b9c 	.word	0x20001b9c
10002718:	20001ba4 	.word	0x20001ba4
1000271c:	7fffffff 	.word	0x7fffffff
10002720:	10002421 	.word	0x10002421

10002724 <stdio_usb_init>:
10002724:	23d0      	movs	r3, #208	@ 0xd0
10002726:	b510      	push	{r4, lr}
10002728:	061b      	lsls	r3, r3, #24
1000272a:	b084      	sub	sp, #16
1000272c:	681c      	ldr	r4, [r3, #0]
1000272e:	f7fe fc43 	bl	10000fb8 <alarm_pool_get_default>
10002732:	f7fe fd3f 	bl	100011b4 <alarm_pool_core_num>
10002736:	42a0      	cmp	r0, r4
10002738:	d002      	beq.n	10002740 <stdio_usb_init+0x1c>
1000273a:	2000      	movs	r0, #0
1000273c:	b004      	add	sp, #16
1000273e:	bd10      	pop	{r4, pc}
10002740:	4b29      	ldr	r3, [pc, #164]	@ (100027e8 <stdio_usb_init+0xc4>)
10002742:	2100      	movs	r1, #0
10002744:	2000      	movs	r0, #0
10002746:	781b      	ldrb	r3, [r3, #0]
10002748:	f001 fd5e 	bl	10004208 <tusb_rhport_init>
1000274c:	4827      	ldr	r0, [pc, #156]	@ (100027ec <stdio_usb_init+0xc8>)
1000274e:	6803      	ldr	r3, [r0, #0]
10002750:	2b00      	cmp	r3, #0
10002752:	d045      	beq.n	100027e0 <stdio_usb_init+0xbc>
10002754:	2001      	movs	r0, #1
10002756:	f7fe f9bd 	bl	10000ad4 <user_irq_claim_unused>
1000275a:	23ff      	movs	r3, #255	@ 0xff
1000275c:	4c24      	ldr	r4, [pc, #144]	@ (100027f0 <stdio_usb_init+0xcc>)
1000275e:	4925      	ldr	r1, [pc, #148]	@ (100027f4 <stdio_usb_init+0xd0>)
10002760:	7020      	strb	r0, [r4, #0]
10002762:	4018      	ands	r0, r3
10002764:	f7fd ff4e 	bl	10000604 <irq_set_exclusive_handler>
10002768:	7820      	ldrb	r0, [r4, #0]
1000276a:	2101      	movs	r1, #1
1000276c:	f7fd ff12 	bl	10000594 <irq_set_enabled>
10002770:	2005      	movs	r0, #5
10002772:	f7fd ff35 	bl	100005e0 <irq_has_shared_handler>
10002776:	2800      	cmp	r0, #0
10002778:	d124      	bne.n	100027c4 <stdio_usb_init+0xa0>
1000277a:	2208      	movs	r2, #8
1000277c:	2100      	movs	r1, #0
1000277e:	481e      	ldr	r0, [pc, #120]	@ (100027f8 <stdio_usb_init+0xd4>)
10002780:	f7ff fb16 	bl	10001db0 <__wrap_memset>
10002784:	f7fe fc18 	bl	10000fb8 <alarm_pool_get_default>
10002788:	0004      	movs	r4, r0
1000278a:	f7fe fe2b 	bl	100013e4 <time_us_64>
1000278e:	22fa      	movs	r2, #250	@ 0xfa
10002790:	2300      	movs	r3, #0
10002792:	0092      	lsls	r2, r2, #2
10002794:	1812      	adds	r2, r2, r0
10002796:	414b      	adcs	r3, r1
10002798:	2b00      	cmp	r3, #0
1000279a:	da02      	bge.n	100027a2 <stdio_usb_init+0x7e>
1000279c:	2201      	movs	r2, #1
1000279e:	4b17      	ldr	r3, [pc, #92]	@ (100027fc <stdio_usb_init+0xd8>)
100027a0:	4252      	negs	r2, r2
100027a2:	2101      	movs	r1, #1
100027a4:	9102      	str	r1, [sp, #8]
100027a6:	2100      	movs	r1, #0
100027a8:	9101      	str	r1, [sp, #4]
100027aa:	4915      	ldr	r1, [pc, #84]	@ (10002800 <stdio_usb_init+0xdc>)
100027ac:	0020      	movs	r0, r4
100027ae:	9100      	str	r1, [sp, #0]
100027b0:	f7fe fc06 	bl	10000fc0 <alarm_pool_add_alarm_at>
100027b4:	2800      	cmp	r0, #0
100027b6:	dbc0      	blt.n	1000273a <stdio_usb_init+0x16>
100027b8:	4812      	ldr	r0, [pc, #72]	@ (10002804 <stdio_usb_init+0xe0>)
100027ba:	2101      	movs	r1, #1
100027bc:	f7ff fc1e 	bl	10001ffc <stdio_set_driver_enabled>
100027c0:	2001      	movs	r0, #1
100027c2:	e7bb      	b.n	1000273c <stdio_usb_init+0x18>
100027c4:	2001      	movs	r0, #1
100027c6:	f7fd feb3 	bl	10000530 <spin_lock_claim_unused>
100027ca:	4b0b      	ldr	r3, [pc, #44]	@ (100027f8 <stdio_usb_init+0xd4>)
100027cc:	0001      	movs	r1, r0
100027ce:	0018      	movs	r0, r3
100027d0:	f7fe f9e2 	bl	10000b98 <critical_section_init_with_lock_num>
100027d4:	2200      	movs	r2, #0
100027d6:	2005      	movs	r0, #5
100027d8:	490b      	ldr	r1, [pc, #44]	@ (10002808 <stdio_usb_init+0xe4>)
100027da:	f7fd ff3d 	bl	10000658 <irq_add_shared_handler>
100027de:	e7eb      	b.n	100027b8 <stdio_usb_init+0x94>
100027e0:	f7fe f9be 	bl	10000b60 <mutex_init>
100027e4:	e7b6      	b.n	10002754 <stdio_usb_init+0x30>
100027e6:	46c0      	nop			@ (mov r8, r8)
100027e8:	10005158 	.word	0x10005158
100027ec:	20002140 	.word	0x20002140
100027f0:	20002167 	.word	0x20002167
100027f4:	1000265d 	.word	0x1000265d
100027f8:	20002018 	.word	0x20002018
100027fc:	7fffffff 	.word	0x7fffffff
10002800:	10002421 	.word	0x10002421
10002804:	20001088 	.word	0x20001088
10002808:	10002411 	.word	0x10002411

1000280c <tud_descriptor_device_cb>:
1000280c:	4800      	ldr	r0, [pc, #0]	@ (10002810 <tud_descriptor_device_cb+0x4>)
1000280e:	4770      	bx	lr
10002810:	10005034 	.word	0x10005034

10002814 <tud_descriptor_configuration_cb>:
10002814:	4800      	ldr	r0, [pc, #0]	@ (10002818 <tud_descriptor_configuration_cb+0x4>)
10002816:	4770      	bx	lr
10002818:	10004fe0 	.word	0x10004fe0

1000281c <tud_descriptor_string_cb>:
1000281c:	b510      	push	{r4, lr}
1000281e:	0004      	movs	r4, r0
10002820:	4817      	ldr	r0, [pc, #92]	@ (10002880 <tud_descriptor_string_cb+0x64>)
10002822:	7803      	ldrb	r3, [r0, #0]
10002824:	2b00      	cmp	r3, #0
10002826:	d020      	beq.n	1000286a <tud_descriptor_string_cb+0x4e>
10002828:	2c00      	cmp	r4, #0
1000282a:	d106      	bne.n	1000283a <tud_descriptor_string_cb+0x1e>
1000282c:	4b15      	ldr	r3, [pc, #84]	@ (10002884 <tud_descriptor_string_cb+0x68>)
1000282e:	4816      	ldr	r0, [pc, #88]	@ (10002888 <tud_descriptor_string_cb+0x6c>)
10002830:	8043      	strh	r3, [r0, #2]
10002832:	3b06      	subs	r3, #6
10002834:	3bff      	subs	r3, #255	@ 0xff
10002836:	8003      	strh	r3, [r0, #0]
10002838:	bd10      	pop	{r4, pc}
1000283a:	2c05      	cmp	r4, #5
1000283c:	d81d      	bhi.n	1000287a <tud_descriptor_string_cb+0x5e>
1000283e:	4b13      	ldr	r3, [pc, #76]	@ (1000288c <tud_descriptor_string_cb+0x70>)
10002840:	00a4      	lsls	r4, r4, #2
10002842:	58e0      	ldr	r0, [r4, r3]
10002844:	4912      	ldr	r1, [pc, #72]	@ (10002890 <tud_descriptor_string_cb+0x74>)
10002846:	2301      	movs	r3, #1
10002848:	3801      	subs	r0, #1
1000284a:	e004      	b.n	10002856 <tud_descriptor_string_cb+0x3a>
1000284c:	3301      	adds	r3, #1
1000284e:	800a      	strh	r2, [r1, #0]
10002850:	3102      	adds	r1, #2
10002852:	2b14      	cmp	r3, #20
10002854:	d00d      	beq.n	10002872 <tud_descriptor_string_cb+0x56>
10002856:	5cc2      	ldrb	r2, [r0, r3]
10002858:	2a00      	cmp	r2, #0
1000285a:	d1f7      	bne.n	1000284c <tud_descriptor_string_cb+0x30>
1000285c:	22c0      	movs	r2, #192	@ 0xc0
1000285e:	b2db      	uxtb	r3, r3
10002860:	005b      	lsls	r3, r3, #1
10002862:	0092      	lsls	r2, r2, #2
10002864:	4808      	ldr	r0, [pc, #32]	@ (10002888 <tud_descriptor_string_cb+0x6c>)
10002866:	4313      	orrs	r3, r2
10002868:	e7e5      	b.n	10002836 <tud_descriptor_string_cb+0x1a>
1000286a:	2111      	movs	r1, #17
1000286c:	f000 f81a 	bl	100028a4 <pico_get_unique_board_id_string>
10002870:	e7da      	b.n	10002828 <tud_descriptor_string_cb+0xc>
10002872:	23ca      	movs	r3, #202	@ 0xca
10002874:	4804      	ldr	r0, [pc, #16]	@ (10002888 <tud_descriptor_string_cb+0x6c>)
10002876:	009b      	lsls	r3, r3, #2
10002878:	e7dd      	b.n	10002836 <tud_descriptor_string_cb+0x1a>
1000287a:	2000      	movs	r0, #0
1000287c:	e7dc      	b.n	10002838 <tud_descriptor_string_cb+0x1c>
1000287e:	46c0      	nop			@ (mov r8, r8)
10002880:	20002150 	.word	0x20002150
10002884:	00000409 	.word	0x00000409
10002888:	20001bd8 	.word	0x20001bd8
1000288c:	10004fc8 	.word	0x10004fc8
10002890:	20001bda 	.word	0x20001bda

10002894 <_retrieve_unique_id_on_boot>:
10002894:	b510      	push	{r4, lr}
10002896:	4802      	ldr	r0, [pc, #8]	@ (100028a0 <_retrieve_unique_id_on_boot+0xc>)
10002898:	f000 f8d8 	bl	10002a4c <flash_get_unique_id>
1000289c:	bd10      	pop	{r4, pc}
1000289e:	46c0      	nop			@ (mov r8, r8)
100028a0:	20002030 	.word	0x20002030

100028a4 <pico_get_unique_board_id_string>:
100028a4:	b530      	push	{r4, r5, lr}
100028a6:	1e4b      	subs	r3, r1, #1
100028a8:	2901      	cmp	r1, #1
100028aa:	d100      	bne.n	100028ae <pico_get_unique_board_id_string+0xa>
100028ac:	e0a7      	b.n	100029fe <pico_get_unique_board_id_string+0x15a>
100028ae:	4a66      	ldr	r2, [pc, #408]	@ (10002a48 <pico_get_unique_board_id_string+0x1a4>)
100028b0:	7811      	ldrb	r1, [r2, #0]
100028b2:	090d      	lsrs	r5, r1, #4
100028b4:	002c      	movs	r4, r5
100028b6:	3430      	adds	r4, #48	@ 0x30
100028b8:	299f      	cmp	r1, #159	@ 0x9f
100028ba:	d900      	bls.n	100028be <pico_get_unique_board_id_string+0x1a>
100028bc:	e0a2      	b.n	10002a04 <pico_get_unique_board_id_string+0x160>
100028be:	7004      	strb	r4, [r0, #0]
100028c0:	2b01      	cmp	r3, #1
100028c2:	d100      	bne.n	100028c6 <pico_get_unique_board_id_string+0x22>
100028c4:	e0be      	b.n	10002a44 <pico_get_unique_board_id_string+0x1a0>
100028c6:	210f      	movs	r1, #15
100028c8:	7814      	ldrb	r4, [r2, #0]
100028ca:	4021      	ands	r1, r4
100028cc:	000c      	movs	r4, r1
100028ce:	3430      	adds	r4, #48	@ 0x30
100028d0:	2909      	cmp	r1, #9
100028d2:	d900      	bls.n	100028d6 <pico_get_unique_board_id_string+0x32>
100028d4:	e098      	b.n	10002a08 <pico_get_unique_board_id_string+0x164>
100028d6:	7044      	strb	r4, [r0, #1]
100028d8:	2b02      	cmp	r3, #2
100028da:	d100      	bne.n	100028de <pico_get_unique_board_id_string+0x3a>
100028dc:	e0b2      	b.n	10002a44 <pico_get_unique_board_id_string+0x1a0>
100028de:	7854      	ldrb	r4, [r2, #1]
100028e0:	0925      	lsrs	r5, r4, #4
100028e2:	0029      	movs	r1, r5
100028e4:	3130      	adds	r1, #48	@ 0x30
100028e6:	2c9f      	cmp	r4, #159	@ 0x9f
100028e8:	d900      	bls.n	100028ec <pico_get_unique_board_id_string+0x48>
100028ea:	e090      	b.n	10002a0e <pico_get_unique_board_id_string+0x16a>
100028ec:	7081      	strb	r1, [r0, #2]
100028ee:	2b03      	cmp	r3, #3
100028f0:	d100      	bne.n	100028f4 <pico_get_unique_board_id_string+0x50>
100028f2:	e0a7      	b.n	10002a44 <pico_get_unique_board_id_string+0x1a0>
100028f4:	210f      	movs	r1, #15
100028f6:	4021      	ands	r1, r4
100028f8:	000c      	movs	r4, r1
100028fa:	3430      	adds	r4, #48	@ 0x30
100028fc:	2909      	cmp	r1, #9
100028fe:	d900      	bls.n	10002902 <pico_get_unique_board_id_string+0x5e>
10002900:	e087      	b.n	10002a12 <pico_get_unique_board_id_string+0x16e>
10002902:	70c4      	strb	r4, [r0, #3]
10002904:	2b04      	cmp	r3, #4
10002906:	d100      	bne.n	1000290a <pico_get_unique_board_id_string+0x66>
10002908:	e09c      	b.n	10002a44 <pico_get_unique_board_id_string+0x1a0>
1000290a:	7894      	ldrb	r4, [r2, #2]
1000290c:	0925      	lsrs	r5, r4, #4
1000290e:	0029      	movs	r1, r5
10002910:	3130      	adds	r1, #48	@ 0x30
10002912:	2c9f      	cmp	r4, #159	@ 0x9f
10002914:	d900      	bls.n	10002918 <pico_get_unique_board_id_string+0x74>
10002916:	e07f      	b.n	10002a18 <pico_get_unique_board_id_string+0x174>
10002918:	7101      	strb	r1, [r0, #4]
1000291a:	2b05      	cmp	r3, #5
1000291c:	d100      	bne.n	10002920 <pico_get_unique_board_id_string+0x7c>
1000291e:	e091      	b.n	10002a44 <pico_get_unique_board_id_string+0x1a0>
10002920:	210f      	movs	r1, #15
10002922:	4021      	ands	r1, r4
10002924:	000c      	movs	r4, r1
10002926:	3430      	adds	r4, #48	@ 0x30
10002928:	2909      	cmp	r1, #9
1000292a:	d900      	bls.n	1000292e <pico_get_unique_board_id_string+0x8a>
1000292c:	e076      	b.n	10002a1c <pico_get_unique_board_id_string+0x178>
1000292e:	7144      	strb	r4, [r0, #5]
10002930:	2b06      	cmp	r3, #6
10002932:	d100      	bne.n	10002936 <pico_get_unique_board_id_string+0x92>
10002934:	e086      	b.n	10002a44 <pico_get_unique_board_id_string+0x1a0>
10002936:	78d4      	ldrb	r4, [r2, #3]
10002938:	0925      	lsrs	r5, r4, #4
1000293a:	0029      	movs	r1, r5
1000293c:	3130      	adds	r1, #48	@ 0x30
1000293e:	2c9f      	cmp	r4, #159	@ 0x9f
10002940:	d900      	bls.n	10002944 <pico_get_unique_board_id_string+0xa0>
10002942:	e06e      	b.n	10002a22 <pico_get_unique_board_id_string+0x17e>
10002944:	7181      	strb	r1, [r0, #6]
10002946:	2b07      	cmp	r3, #7
10002948:	d100      	bne.n	1000294c <pico_get_unique_board_id_string+0xa8>
1000294a:	e07b      	b.n	10002a44 <pico_get_unique_board_id_string+0x1a0>
1000294c:	210f      	movs	r1, #15
1000294e:	4021      	ands	r1, r4
10002950:	000c      	movs	r4, r1
10002952:	3430      	adds	r4, #48	@ 0x30
10002954:	2909      	cmp	r1, #9
10002956:	d866      	bhi.n	10002a26 <pico_get_unique_board_id_string+0x182>
10002958:	71c4      	strb	r4, [r0, #7]
1000295a:	2b08      	cmp	r3, #8
1000295c:	d100      	bne.n	10002960 <pico_get_unique_board_id_string+0xbc>
1000295e:	e071      	b.n	10002a44 <pico_get_unique_board_id_string+0x1a0>
10002960:	7914      	ldrb	r4, [r2, #4]
10002962:	0925      	lsrs	r5, r4, #4
10002964:	0029      	movs	r1, r5
10002966:	3130      	adds	r1, #48	@ 0x30
10002968:	2c9f      	cmp	r4, #159	@ 0x9f
1000296a:	d85f      	bhi.n	10002a2c <pico_get_unique_board_id_string+0x188>
1000296c:	7201      	strb	r1, [r0, #8]
1000296e:	2b09      	cmp	r3, #9
10002970:	d068      	beq.n	10002a44 <pico_get_unique_board_id_string+0x1a0>
10002972:	210f      	movs	r1, #15
10002974:	4021      	ands	r1, r4
10002976:	000c      	movs	r4, r1
10002978:	3430      	adds	r4, #48	@ 0x30
1000297a:	2909      	cmp	r1, #9
1000297c:	d858      	bhi.n	10002a30 <pico_get_unique_board_id_string+0x18c>
1000297e:	7244      	strb	r4, [r0, #9]
10002980:	2b0a      	cmp	r3, #10
10002982:	d05f      	beq.n	10002a44 <pico_get_unique_board_id_string+0x1a0>
10002984:	7954      	ldrb	r4, [r2, #5]
10002986:	0925      	lsrs	r5, r4, #4
10002988:	0029      	movs	r1, r5
1000298a:	3130      	adds	r1, #48	@ 0x30
1000298c:	2c9f      	cmp	r4, #159	@ 0x9f
1000298e:	d852      	bhi.n	10002a36 <pico_get_unique_board_id_string+0x192>
10002990:	7281      	strb	r1, [r0, #10]
10002992:	2b0b      	cmp	r3, #11
10002994:	d056      	beq.n	10002a44 <pico_get_unique_board_id_string+0x1a0>
10002996:	210f      	movs	r1, #15
10002998:	4021      	ands	r1, r4
1000299a:	000c      	movs	r4, r1
1000299c:	3430      	adds	r4, #48	@ 0x30
1000299e:	2909      	cmp	r1, #9
100029a0:	d84b      	bhi.n	10002a3a <pico_get_unique_board_id_string+0x196>
100029a2:	72c4      	strb	r4, [r0, #11]
100029a4:	2b0c      	cmp	r3, #12
100029a6:	d04d      	beq.n	10002a44 <pico_get_unique_board_id_string+0x1a0>
100029a8:	7994      	ldrb	r4, [r2, #6]
100029aa:	0925      	lsrs	r5, r4, #4
100029ac:	0029      	movs	r1, r5
100029ae:	3130      	adds	r1, #48	@ 0x30
100029b0:	2c9f      	cmp	r4, #159	@ 0x9f
100029b2:	d900      	bls.n	100029b6 <pico_get_unique_board_id_string+0x112>
100029b4:	3107      	adds	r1, #7
100029b6:	7301      	strb	r1, [r0, #12]
100029b8:	2b0d      	cmp	r3, #13
100029ba:	d043      	beq.n	10002a44 <pico_get_unique_board_id_string+0x1a0>
100029bc:	210f      	movs	r1, #15
100029be:	4021      	ands	r1, r4
100029c0:	000c      	movs	r4, r1
100029c2:	3430      	adds	r4, #48	@ 0x30
100029c4:	2909      	cmp	r1, #9
100029c6:	d901      	bls.n	100029cc <pico_get_unique_board_id_string+0x128>
100029c8:	3137      	adds	r1, #55	@ 0x37
100029ca:	000c      	movs	r4, r1
100029cc:	7344      	strb	r4, [r0, #13]
100029ce:	2b0e      	cmp	r3, #14
100029d0:	d038      	beq.n	10002a44 <pico_get_unique_board_id_string+0x1a0>
100029d2:	79d1      	ldrb	r1, [r2, #7]
100029d4:	090c      	lsrs	r4, r1, #4
100029d6:	0022      	movs	r2, r4
100029d8:	3230      	adds	r2, #48	@ 0x30
100029da:	299f      	cmp	r1, #159	@ 0x9f
100029dc:	d900      	bls.n	100029e0 <pico_get_unique_board_id_string+0x13c>
100029de:	3207      	adds	r2, #7
100029e0:	7382      	strb	r2, [r0, #14]
100029e2:	2b0f      	cmp	r3, #15
100029e4:	d02e      	beq.n	10002a44 <pico_get_unique_board_id_string+0x1a0>
100029e6:	220f      	movs	r2, #15
100029e8:	400a      	ands	r2, r1
100029ea:	0011      	movs	r1, r2
100029ec:	3137      	adds	r1, #55	@ 0x37
100029ee:	2a09      	cmp	r2, #9
100029f0:	d801      	bhi.n	100029f6 <pico_get_unique_board_id_string+0x152>
100029f2:	3230      	adds	r2, #48	@ 0x30
100029f4:	0011      	movs	r1, r2
100029f6:	73c1      	strb	r1, [r0, #15]
100029f8:	2b10      	cmp	r3, #16
100029fa:	d023      	beq.n	10002a44 <pico_get_unique_board_id_string+0x1a0>
100029fc:	3010      	adds	r0, #16
100029fe:	2300      	movs	r3, #0
10002a00:	7003      	strb	r3, [r0, #0]
10002a02:	bd30      	pop	{r4, r5, pc}
10002a04:	3407      	adds	r4, #7
10002a06:	e75a      	b.n	100028be <pico_get_unique_board_id_string+0x1a>
10002a08:	3137      	adds	r1, #55	@ 0x37
10002a0a:	000c      	movs	r4, r1
10002a0c:	e763      	b.n	100028d6 <pico_get_unique_board_id_string+0x32>
10002a0e:	3107      	adds	r1, #7
10002a10:	e76c      	b.n	100028ec <pico_get_unique_board_id_string+0x48>
10002a12:	3137      	adds	r1, #55	@ 0x37
10002a14:	000c      	movs	r4, r1
10002a16:	e774      	b.n	10002902 <pico_get_unique_board_id_string+0x5e>
10002a18:	3107      	adds	r1, #7
10002a1a:	e77d      	b.n	10002918 <pico_get_unique_board_id_string+0x74>
10002a1c:	3137      	adds	r1, #55	@ 0x37
10002a1e:	000c      	movs	r4, r1
10002a20:	e785      	b.n	1000292e <pico_get_unique_board_id_string+0x8a>
10002a22:	3107      	adds	r1, #7
10002a24:	e78e      	b.n	10002944 <pico_get_unique_board_id_string+0xa0>
10002a26:	3137      	adds	r1, #55	@ 0x37
10002a28:	000c      	movs	r4, r1
10002a2a:	e795      	b.n	10002958 <pico_get_unique_board_id_string+0xb4>
10002a2c:	3107      	adds	r1, #7
10002a2e:	e79d      	b.n	1000296c <pico_get_unique_board_id_string+0xc8>
10002a30:	3137      	adds	r1, #55	@ 0x37
10002a32:	000c      	movs	r4, r1
10002a34:	e7a3      	b.n	1000297e <pico_get_unique_board_id_string+0xda>
10002a36:	3107      	adds	r1, #7
10002a38:	e7aa      	b.n	10002990 <pico_get_unique_board_id_string+0xec>
10002a3a:	3137      	adds	r1, #55	@ 0x37
10002a3c:	000c      	movs	r4, r1
10002a3e:	72c4      	strb	r4, [r0, #11]
10002a40:	2b0c      	cmp	r3, #12
10002a42:	d1b1      	bne.n	100029a8 <pico_get_unique_board_id_string+0x104>
10002a44:	18c0      	adds	r0, r0, r3
10002a46:	e7da      	b.n	100029fe <pico_get_unique_board_id_string+0x15a>
10002a48:	20002030 	.word	0x20002030

10002a4c <flash_get_unique_id>:
10002a4c:	b510      	push	{r4, lr}
10002a4e:	b088      	sub	sp, #32
10002a50:	0004      	movs	r4, r0
10002a52:	220d      	movs	r2, #13
10002a54:	2100      	movs	r1, #0
10002a56:	4668      	mov	r0, sp
10002a58:	f7ff f9aa 	bl	10001db0 <__wrap_memset>
10002a5c:	220d      	movs	r2, #13
10002a5e:	2100      	movs	r1, #0
10002a60:	a804      	add	r0, sp, #16
10002a62:	f7ff f9a5 	bl	10001db0 <__wrap_memset>
10002a66:	234b      	movs	r3, #75	@ 0x4b
10002a68:	466a      	mov	r2, sp
10002a6a:	4668      	mov	r0, sp
10002a6c:	7013      	strb	r3, [r2, #0]
10002a6e:	a904      	add	r1, sp, #16
10002a70:	220d      	movs	r2, #13
10002a72:	f002 f8a9 	bl	10004bc8 <__flash_do_cmd_veneer>
10002a76:	2115      	movs	r1, #21
10002a78:	2208      	movs	r2, #8
10002a7a:	0020      	movs	r0, r4
10002a7c:	4469      	add	r1, sp
10002a7e:	f7ff f99d 	bl	10001dbc <__wrap___aeabi_memcpy>
10002a82:	b008      	add	sp, #32
10002a84:	bd10      	pop	{r4, pc}
10002a86:	46c0      	nop			@ (mov r8, r8)

10002a88 <dcd_init>:
10002a88:	b5f8      	push	{r3, r4, r5, r6, r7, lr}
10002a8a:	f000 f947 	bl	10002d1c <rp2040_usb_init>
10002a8e:	230c      	movs	r3, #12
10002a90:	4d19      	ldr	r5, [pc, #100]	@ (10002af8 <dcd_init+0x70>)
10002a92:	22ff      	movs	r2, #255	@ 0xff
10002a94:	67ab      	str	r3, [r5, #120]	@ 0x78
10002a96:	2005      	movs	r0, #5
10002a98:	4918      	ldr	r1, [pc, #96]	@ (10002afc <dcd_init+0x74>)
10002a9a:	f7fd fddd 	bl	10000658 <irq_add_shared_handler>
10002a9e:	4c18      	ldr	r4, [pc, #96]	@ (10002b00 <dcd_init+0x78>)
10002aa0:	2240      	movs	r2, #64	@ 0x40
10002aa2:	2100      	movs	r1, #0
10002aa4:	0020      	movs	r0, r4
10002aa6:	f7ff f983 	bl	10001db0 <__wrap_memset>
10002aaa:	2740      	movs	r7, #64	@ 0x40
10002aac:	2300      	movs	r3, #0
10002aae:	2601      	movs	r6, #1
10002ab0:	2121      	movs	r1, #33	@ 0x21
10002ab2:	4a14      	ldr	r2, [pc, #80]	@ (10002b04 <dcd_init+0x7c>)
10002ab4:	7066      	strb	r6, [r4, #1]
10002ab6:	8327      	strh	r7, [r4, #24]
10002ab8:	60a2      	str	r2, [r4, #8]
10002aba:	6013      	str	r3, [r2, #0]
10002abc:	5463      	strb	r3, [r4, r1]
10002abe:	315f      	adds	r1, #95	@ 0x5f
10002ac0:	8461      	strh	r1, [r4, #34]	@ 0x22
10002ac2:	3945      	subs	r1, #69	@ 0x45
10002ac4:	5463      	strb	r3, [r4, r1]
10002ac6:	4a10      	ldr	r2, [pc, #64]	@ (10002b08 <dcd_init+0x80>)
10002ac8:	4910      	ldr	r1, [pc, #64]	@ (10002b0c <dcd_init+0x84>)
10002aca:	6063      	str	r3, [r4, #4]
10002acc:	60e2      	str	r2, [r4, #12]
10002ace:	8727      	strh	r7, [r4, #56]	@ 0x38
10002ad0:	62a1      	str	r1, [r4, #40]	@ 0x28
10002ad2:	600b      	str	r3, [r1, #0]
10002ad4:	6263      	str	r3, [r4, #36]	@ 0x24
10002ad6:	62e2      	str	r2, [r4, #44]	@ 0x2c
10002ad8:	f002 f8be 	bl	10004c58 <__reset_non_control_endpoints_veneer>
10002adc:	2380      	movs	r3, #128	@ 0x80
10002ade:	059b      	lsls	r3, r3, #22
10002ae0:	642e      	str	r6, [r5, #64]	@ 0x40
10002ae2:	64eb      	str	r3, [r5, #76]	@ 0x4c
10002ae4:	2390      	movs	r3, #144	@ 0x90
10002ae6:	4a0a      	ldr	r2, [pc, #40]	@ (10002b10 <dcd_init+0x88>)
10002ae8:	2001      	movs	r0, #1
10002aea:	50ea      	str	r2, [r5, r3]
10002aec:	2280      	movs	r2, #128	@ 0x80
10002aee:	4b09      	ldr	r3, [pc, #36]	@ (10002b14 <dcd_init+0x8c>)
10002af0:	0252      	lsls	r2, r2, #9
10002af2:	64da      	str	r2, [r3, #76]	@ 0x4c
10002af4:	bdf8      	pop	{r3, r4, r5, r6, r7, pc}
10002af6:	46c0      	nop			@ (mov r8, r8)
10002af8:	50110000 	.word	0x50110000
10002afc:	20000545 	.word	0x20000545
10002b00:	20001c0c 	.word	0x20001c0c
10002b04:	50100084 	.word	0x50100084
10002b08:	50100100 	.word	0x50100100
10002b0c:	50100080 	.word	0x50100080
10002b10:	0001d010 	.word	0x0001d010
10002b14:	50112000 	.word	0x50112000

10002b18 <dcd_int_enable>:
10002b18:	b510      	push	{r4, lr}
10002b1a:	2101      	movs	r1, #1
10002b1c:	2005      	movs	r0, #5
10002b1e:	f7fd fd39 	bl	10000594 <irq_set_enabled>
10002b22:	bd10      	pop	{r4, pc}

10002b24 <dcd_set_address>:
10002b24:	b510      	push	{r4, lr}
10002b26:	2200      	movs	r2, #0
10002b28:	2100      	movs	r1, #0
10002b2a:	4802      	ldr	r0, [pc, #8]	@ (10002b34 <dcd_set_address+0x10>)
10002b2c:	f000 f916 	bl	10002d5c <hw_endpoint_xfer_start>
10002b30:	bd10      	pop	{r4, pc}
10002b32:	46c0      	nop			@ (mov r8, r8)
10002b34:	20001c2c 	.word	0x20001c2c

10002b38 <dcd_sof_enable>:
10002b38:	4b04      	ldr	r3, [pc, #16]	@ (10002b4c <dcd_sof_enable+0x14>)
10002b3a:	7019      	strb	r1, [r3, #0]
10002b3c:	2900      	cmp	r1, #0
10002b3e:	d004      	beq.n	10002b4a <dcd_sof_enable+0x12>
10002b40:	2180      	movs	r1, #128	@ 0x80
10002b42:	2390      	movs	r3, #144	@ 0x90
10002b44:	4a02      	ldr	r2, [pc, #8]	@ (10002b50 <dcd_sof_enable+0x18>)
10002b46:	0289      	lsls	r1, r1, #10
10002b48:	50d1      	str	r1, [r2, r3]
10002b4a:	4770      	bx	lr
10002b4c:	20002162 	.word	0x20002162
10002b50:	50112000 	.word	0x50112000

10002b54 <dcd_edpt0_status_complete>:
10002b54:	780b      	ldrb	r3, [r1, #0]
10002b56:	065b      	lsls	r3, r3, #25
10002b58:	d102      	bne.n	10002b60 <dcd_edpt0_status_complete+0xc>
10002b5a:	784b      	ldrb	r3, [r1, #1]
10002b5c:	2b05      	cmp	r3, #5
10002b5e:	d000      	beq.n	10002b62 <dcd_edpt0_status_complete+0xe>
10002b60:	4770      	bx	lr
10002b62:	788a      	ldrb	r2, [r1, #2]
10002b64:	4b01      	ldr	r3, [pc, #4]	@ (10002b6c <dcd_edpt0_status_complete+0x18>)
10002b66:	601a      	str	r2, [r3, #0]
10002b68:	e7fa      	b.n	10002b60 <dcd_edpt0_status_complete+0xc>
10002b6a:	46c0      	nop			@ (mov r8, r8)
10002b6c:	50110000 	.word	0x50110000

10002b70 <dcd_edpt_open>:
10002b70:	b5f0      	push	{r4, r5, r6, r7, lr}
10002b72:	46c6      	mov	lr, r8
10002b74:	78c8      	ldrb	r0, [r1, #3]
10002b76:	b500      	push	{lr}
10002b78:	0780      	lsls	r0, r0, #30
10002b7a:	0f83      	lsrs	r3, r0, #30
10002b7c:	0018      	movs	r0, r3
10002b7e:	2b01      	cmp	r3, #1
10002b80:	d060      	beq.n	10002c44 <dcd_edpt_open+0xd4>
10002b82:	788f      	ldrb	r7, [r1, #2]
10002b84:	790a      	ldrb	r2, [r1, #4]
10002b86:	794b      	ldrb	r3, [r1, #5]
10002b88:	217f      	movs	r1, #127	@ 0x7f
10002b8a:	4039      	ands	r1, r7
10002b8c:	09fc      	lsrs	r4, r7, #7
10002b8e:	021b      	lsls	r3, r3, #8
10002b90:	004e      	lsls	r6, r1, #1
10002b92:	4313      	orrs	r3, r2
10002b94:	4d33      	ldr	r5, [pc, #204]	@ (10002c64 <dcd_edpt_open+0xf4>)
10002b96:	1932      	adds	r2, r6, r4
10002b98:	0152      	lsls	r2, r2, #5
10002b9a:	18aa      	adds	r2, r5, r2
10002b9c:	7097      	strb	r7, [r2, #2]
10002b9e:	2701      	movs	r7, #1
10002ba0:	4067      	eors	r7, r4
10002ba2:	7057      	strb	r7, [r2, #1]
10002ba4:	2700      	movs	r7, #0
10002ba6:	055b      	lsls	r3, r3, #21
10002ba8:	0d5b      	lsrs	r3, r3, #21
10002baa:	70d7      	strb	r7, [r2, #3]
10002bac:	8313      	strh	r3, [r2, #24]
10002bae:	76d0      	strb	r0, [r2, #27]
10002bb0:	46b8      	mov	r8, r7
10002bb2:	00ca      	lsls	r2, r1, #3
10002bb4:	2c01      	cmp	r4, #1
10002bb6:	d032      	beq.n	10002c1e <dcd_edpt_open+0xae>
10002bb8:	4f2b      	ldr	r7, [pc, #172]	@ (10002c68 <dcd_edpt_open+0xf8>)
10002bba:	46bc      	mov	ip, r7
10002bbc:	018f      	lsls	r7, r1, #6
10002bbe:	4462      	add	r2, ip
10002bc0:	46bc      	mov	ip, r7
10002bc2:	44ac      	add	ip, r5
10002bc4:	4667      	mov	r7, ip
10002bc6:	60ba      	str	r2, [r7, #8]
10002bc8:	4647      	mov	r7, r8
10002bca:	6017      	str	r7, [r2, #0]
10002bcc:	2900      	cmp	r1, #0
10002bce:	d032      	beq.n	10002c36 <dcd_edpt_open+0xc6>
10002bd0:	4a26      	ldr	r2, [pc, #152]	@ (10002c6c <dcd_edpt_open+0xfc>)
10002bd2:	00c9      	lsls	r1, r1, #3
10002bd4:	4690      	mov	r8, r2
10002bd6:	4662      	mov	r2, ip
10002bd8:	4441      	add	r1, r8
10002bda:	6051      	str	r1, [r2, #4]
10002bdc:	223f      	movs	r2, #63	@ 0x3f
10002bde:	333f      	adds	r3, #63	@ 0x3f
10002be0:	4393      	bics	r3, r2
10002be2:	2802      	cmp	r0, #2
10002be4:	d037      	beq.n	10002c56 <dcd_edpt_open+0xe6>
10002be6:	4922      	ldr	r1, [pc, #136]	@ (10002c70 <dcd_edpt_open+0x100>)
10002be8:	1937      	adds	r7, r6, r4
10002bea:	680a      	ldr	r2, [r1, #0]
10002bec:	017f      	lsls	r7, r7, #5
10002bee:	18d3      	adds	r3, r2, r3
10002bf0:	600b      	str	r3, [r1, #0]
10002bf2:	4920      	ldr	r1, [pc, #128]	@ (10002c74 <dcd_edpt_open+0x104>)
10002bf4:	19ef      	adds	r7, r5, r7
10002bf6:	60fa      	str	r2, [r7, #12]
10002bf8:	428b      	cmp	r3, r1
10002bfa:	d82e      	bhi.n	10002c5a <dcd_edpt_open+0xea>
10002bfc:	1936      	adds	r6, r6, r4
10002bfe:	0176      	lsls	r6, r6, #5
10002c00:	19ad      	adds	r5, r5, r6
10002c02:	7eeb      	ldrb	r3, [r5, #27]
10002c04:	491c      	ldr	r1, [pc, #112]	@ (10002c78 <dcd_edpt_open+0x108>)
10002c06:	069b      	lsls	r3, r3, #26
10002c08:	404a      	eors	r2, r1
10002c0a:	4313      	orrs	r3, r2
10002c0c:	2280      	movs	r2, #128	@ 0x80
10002c0e:	0612      	lsls	r2, r2, #24
10002c10:	4313      	orrs	r3, r2
10002c12:	686a      	ldr	r2, [r5, #4]
10002c14:	6013      	str	r3, [r2, #0]
10002c16:	2001      	movs	r0, #1
10002c18:	bc80      	pop	{r7}
10002c1a:	46b8      	mov	r8, r7
10002c1c:	bdf0      	pop	{r4, r5, r6, r7, pc}
10002c1e:	4f17      	ldr	r7, [pc, #92]	@ (10002c7c <dcd_edpt_open+0x10c>)
10002c20:	46bc      	mov	ip, r7
10002c22:	018f      	lsls	r7, r1, #6
10002c24:	4462      	add	r2, ip
10002c26:	46bc      	mov	ip, r7
10002c28:	44ac      	add	ip, r5
10002c2a:	4667      	mov	r7, ip
10002c2c:	62ba      	str	r2, [r7, #40]	@ 0x28
10002c2e:	4647      	mov	r7, r8
10002c30:	6017      	str	r7, [r2, #0]
10002c32:	2900      	cmp	r1, #0
10002c34:	d108      	bne.n	10002c48 <dcd_edpt_open+0xd8>
10002c36:	2300      	movs	r3, #0
10002c38:	0164      	lsls	r4, r4, #5
10002c3a:	192c      	adds	r4, r5, r4
10002c3c:	6063      	str	r3, [r4, #4]
10002c3e:	4b10      	ldr	r3, [pc, #64]	@ (10002c80 <dcd_edpt_open+0x110>)
10002c40:	60e3      	str	r3, [r4, #12]
10002c42:	e7e8      	b.n	10002c16 <dcd_edpt_open+0xa6>
10002c44:	2000      	movs	r0, #0
10002c46:	e7e7      	b.n	10002c18 <dcd_edpt_open+0xa8>
10002c48:	4a0b      	ldr	r2, [pc, #44]	@ (10002c78 <dcd_edpt_open+0x108>)
10002c4a:	00c9      	lsls	r1, r1, #3
10002c4c:	4690      	mov	r8, r2
10002c4e:	4662      	mov	r2, ip
10002c50:	4441      	add	r1, r8
10002c52:	6251      	str	r1, [r2, #36]	@ 0x24
10002c54:	e7c2      	b.n	10002bdc <dcd_edpt_open+0x6c>
10002c56:	005b      	lsls	r3, r3, #1
10002c58:	e7c5      	b.n	10002be6 <dcd_edpt_open+0x76>
10002c5a:	f7fe fe97 	bl	1000198c <hard_assertion_failure>
10002c5e:	68fa      	ldr	r2, [r7, #12]
10002c60:	e7cc      	b.n	10002bfc <dcd_edpt_open+0x8c>
10002c62:	46c0      	nop			@ (mov r8, r8)
10002c64:	20001c0c 	.word	0x20001c0c
10002c68:	50100084 	.word	0x50100084
10002c6c:	50100004 	.word	0x50100004
10002c70:	20002014 	.word	0x20002014
10002c74:	50100fff 	.word	0x50100fff
10002c78:	50100000 	.word	0x50100000
10002c7c:	50100080 	.word	0x50100080
10002c80:	50100100 	.word	0x50100100

10002c84 <dcd_edpt_close_all>:
10002c84:	b510      	push	{r4, lr}
10002c86:	f001 ffe7 	bl	10004c58 <__reset_non_control_endpoints_veneer>
10002c8a:	bd10      	pop	{r4, pc}

10002c8c <dcd_edpt_xfer>:
10002c8c:	b510      	push	{r4, lr}
10002c8e:	207f      	movs	r0, #127	@ 0x7f
10002c90:	000c      	movs	r4, r1
10002c92:	4020      	ands	r0, r4
10002c94:	0040      	lsls	r0, r0, #1
10002c96:	09e4      	lsrs	r4, r4, #7
10002c98:	0011      	movs	r1, r2
10002c9a:	1900      	adds	r0, r0, r4
10002c9c:	001a      	movs	r2, r3
10002c9e:	4b03      	ldr	r3, [pc, #12]	@ (10002cac <dcd_edpt_xfer+0x20>)
10002ca0:	0140      	lsls	r0, r0, #5
10002ca2:	18c0      	adds	r0, r0, r3
10002ca4:	f000 f85a 	bl	10002d5c <hw_endpoint_xfer_start>
10002ca8:	2001      	movs	r0, #1
10002caa:	bd10      	pop	{r4, pc}
10002cac:	20001c0c 	.word	0x20001c0c

10002cb0 <dcd_edpt_stall>:
10002cb0:	237f      	movs	r3, #127	@ 0x7f
10002cb2:	0018      	movs	r0, r3
10002cb4:	b500      	push	{lr}
10002cb6:	4008      	ands	r0, r1
10002cb8:	b083      	sub	sp, #12
10002cba:	420b      	tst	r3, r1
10002cbc:	d104      	bne.n	10002cc8 <dcd_edpt_stall+0x18>
10002cbe:	424b      	negs	r3, r1
10002cc0:	414b      	adcs	r3, r1
10002cc2:	4a08      	ldr	r2, [pc, #32]	@ (10002ce4 <dcd_edpt_stall+0x34>)
10002cc4:	3301      	adds	r3, #1
10002cc6:	6693      	str	r3, [r2, #104]	@ 0x68
10002cc8:	2280      	movs	r2, #128	@ 0x80
10002cca:	09c9      	lsrs	r1, r1, #7
10002ccc:	0040      	lsls	r0, r0, #1
10002cce:	4b06      	ldr	r3, [pc, #24]	@ (10002ce8 <dcd_edpt_stall+0x38>)
10002cd0:	1840      	adds	r0, r0, r1
10002cd2:	0140      	lsls	r0, r0, #5
10002cd4:	2100      	movs	r1, #0
10002cd6:	18c0      	adds	r0, r0, r3
10002cd8:	0112      	lsls	r2, r2, #4
10002cda:	f001 ffc5 	bl	10004c68 <___hw_endpoint_buffer_control_update32_veneer>
10002cde:	b003      	add	sp, #12
10002ce0:	bd00      	pop	{pc}
10002ce2:	46c0      	nop			@ (mov r8, r8)
10002ce4:	50112000 	.word	0x50112000
10002ce8:	20001c0c 	.word	0x20001c0c

10002cec <dcd_edpt_clear_stall>:
10002cec:	227f      	movs	r2, #127	@ 0x7f
10002cee:	0013      	movs	r3, r2
10002cf0:	b510      	push	{r4, lr}
10002cf2:	400b      	ands	r3, r1
10002cf4:	420a      	tst	r2, r1
10002cf6:	d100      	bne.n	10002cfa <dcd_edpt_clear_stall+0xe>
10002cf8:	bd10      	pop	{r4, pc}
10002cfa:	09c9      	lsrs	r1, r1, #7
10002cfc:	005b      	lsls	r3, r3, #1
10002cfe:	185b      	adds	r3, r3, r1
10002d00:	4804      	ldr	r0, [pc, #16]	@ (10002d14 <dcd_edpt_clear_stall+0x28>)
10002d02:	015b      	lsls	r3, r3, #5
10002d04:	18c0      	adds	r0, r0, r3
10002d06:	2300      	movs	r3, #0
10002d08:	2200      	movs	r2, #0
10002d0a:	4903      	ldr	r1, [pc, #12]	@ (10002d18 <dcd_edpt_clear_stall+0x2c>)
10002d0c:	70c3      	strb	r3, [r0, #3]
10002d0e:	f001 ffab 	bl	10004c68 <___hw_endpoint_buffer_control_update32_veneer>
10002d12:	e7f1      	b.n	10002cf8 <dcd_edpt_clear_stall+0xc>
10002d14:	20001c0c 	.word	0x20001c0c
10002d18:	fffff7ff 	.word	0xfffff7ff

10002d1c <rp2040_usb_init>:
10002d1c:	2280      	movs	r2, #128	@ 0x80
10002d1e:	4b0a      	ldr	r3, [pc, #40]	@ (10002d48 <rp2040_usb_init+0x2c>)
10002d20:	0452      	lsls	r2, r2, #17
10002d22:	b510      	push	{r4, lr}
10002d24:	601a      	str	r2, [r3, #0]
10002d26:	4b09      	ldr	r3, [pc, #36]	@ (10002d4c <rp2040_usb_init+0x30>)
10002d28:	4909      	ldr	r1, [pc, #36]	@ (10002d50 <rp2040_usb_init+0x34>)
10002d2a:	601a      	str	r2, [r3, #0]
10002d2c:	0010      	movs	r0, r2
10002d2e:	680b      	ldr	r3, [r1, #0]
10002d30:	4398      	bics	r0, r3
10002d32:	d1fb      	bne.n	10002d2c <rp2040_usb_init+0x10>
10002d34:	2280      	movs	r2, #128	@ 0x80
10002d36:	2100      	movs	r1, #0
10002d38:	0152      	lsls	r2, r2, #5
10002d3a:	4806      	ldr	r0, [pc, #24]	@ (10002d54 <rp2040_usb_init+0x38>)
10002d3c:	f7ff f838 	bl	10001db0 <__wrap_memset>
10002d40:	2209      	movs	r2, #9
10002d42:	4b05      	ldr	r3, [pc, #20]	@ (10002d58 <rp2040_usb_init+0x3c>)
10002d44:	675a      	str	r2, [r3, #116]	@ 0x74
10002d46:	bd10      	pop	{r4, pc}
10002d48:	4000e000 	.word	0x4000e000
10002d4c:	4000f000 	.word	0x4000f000
10002d50:	4000c008 	.word	0x4000c008
10002d54:	50100000 	.word	0x50100000
10002d58:	50110000 	.word	0x50110000

10002d5c <hw_endpoint_xfer_start>:
10002d5c:	2300      	movs	r3, #0
10002d5e:	b510      	push	{r4, lr}
10002d60:	82c3      	strh	r3, [r0, #22]
10002d62:	3301      	adds	r3, #1
10002d64:	8282      	strh	r2, [r0, #20]
10002d66:	7683      	strb	r3, [r0, #26]
10002d68:	6101      	str	r1, [r0, #16]
10002d6a:	0004      	movs	r4, r0
10002d6c:	f001 ff3c 	bl	10004be8 <__e15_is_bulkin_ep_veneer>
10002d70:	2800      	cmp	r0, #0
10002d72:	d004      	beq.n	10002d7e <hw_endpoint_xfer_start+0x22>
10002d74:	2180      	movs	r1, #128	@ 0x80
10002d76:	2390      	movs	r3, #144	@ 0x90
10002d78:	4a07      	ldr	r2, [pc, #28]	@ (10002d98 <hw_endpoint_xfer_start+0x3c>)
10002d7a:	0289      	lsls	r1, r1, #10
10002d7c:	50d1      	str	r1, [r2, r3]
10002d7e:	0020      	movs	r0, r4
10002d80:	f001 ff4a 	bl	10004c18 <__e15_is_critical_frame_period_veneer>
10002d84:	2800      	cmp	r0, #0
10002d86:	d002      	beq.n	10002d8e <hw_endpoint_xfer_start+0x32>
10002d88:	2301      	movs	r3, #1
10002d8a:	7723      	strb	r3, [r4, #28]
10002d8c:	bd10      	pop	{r4, pc}
10002d8e:	0020      	movs	r0, r4
10002d90:	f001 ff5a 	bl	10004c48 <__hw_endpoint_start_next_buffer_veneer>
10002d94:	e7fa      	b.n	10002d8c <hw_endpoint_xfer_start+0x30>
10002d96:	46c0      	nop			@ (mov r8, r8)
10002d98:	50112000 	.word	0x50112000

10002d9c <tud_event_hook_cb>:
10002d9c:	4770      	bx	lr
10002d9e:	46c0      	nop			@ (mov r8, r8)

10002da0 <tud_sof_cb>:
10002da0:	4770      	bx	lr
10002da2:	46c0      	nop			@ (mov r8, r8)

10002da4 <tud_descriptor_device_qualifier_cb>:
10002da4:	2000      	movs	r0, #0
10002da6:	4770      	bx	lr

10002da8 <tud_descriptor_other_speed_configuration_cb>:
10002da8:	2000      	movs	r0, #0
10002daa:	4770      	bx	lr

10002dac <tud_mount_cb>:
10002dac:	4770      	bx	lr
10002dae:	46c0      	nop			@ (mov r8, r8)

10002db0 <tud_umount_cb>:
10002db0:	4770      	bx	lr
10002db2:	46c0      	nop			@ (mov r8, r8)

10002db4 <tud_suspend_cb>:
10002db4:	4770      	bx	lr
10002db6:	46c0      	nop			@ (mov r8, r8)

10002db8 <tud_resume_cb>:
10002db8:	4770      	bx	lr
10002dba:	46c0      	nop			@ (mov r8, r8)

10002dbc <tud_mounted>:
10002dbc:	4b02      	ldr	r3, [pc, #8]	@ (10002dc8 <tud_mounted+0xc>)
10002dbe:	7858      	ldrb	r0, [r3, #1]
10002dc0:	1e43      	subs	r3, r0, #1
10002dc2:	4198      	sbcs	r0, r3
10002dc4:	b2c0      	uxtb	r0, r0
10002dc6:	4770      	bx	lr
10002dc8:	200016b0 	.word	0x200016b0

10002dcc <tud_suspended>:
10002dcc:	4b02      	ldr	r3, [pc, #8]	@ (10002dd8 <tud_suspended+0xc>)
10002dce:	7818      	ldrb	r0, [r3, #0]
10002dd0:	0740      	lsls	r0, r0, #29
10002dd2:	0fc0      	lsrs	r0, r0, #31
10002dd4:	4770      	bx	lr
10002dd6:	46c0      	nop			@ (mov r8, r8)
10002dd8:	200016b0 	.word	0x200016b0

10002ddc <tud_rhport_init>:
10002ddc:	b5f0      	push	{r4, r5, r6, r7, lr}
10002dde:	46d6      	mov	lr, sl
10002de0:	464f      	mov	r7, r9
10002de2:	4646      	mov	r6, r8
10002de4:	b5c0      	push	{r6, r7, lr}
10002de6:	4b2f      	ldr	r3, [pc, #188]	@ (10002ea4 <tud_rhport_init+0xc8>)
10002de8:	0007      	movs	r7, r0
10002dea:	469a      	mov	sl, r3
10002dec:	781b      	ldrb	r3, [r3, #0]
10002dee:	000e      	movs	r6, r1
10002df0:	2bff      	cmp	r3, #255	@ 0xff
10002df2:	d150      	bne.n	10002e96 <tud_rhport_init+0xba>
10002df4:	2900      	cmp	r1, #0
10002df6:	d041      	beq.n	10002e7c <tud_rhport_init+0xa0>
10002df8:	2100      	movs	r1, #0
10002dfa:	2254      	movs	r2, #84	@ 0x54
10002dfc:	482a      	ldr	r0, [pc, #168]	@ (10002ea8 <tud_rhport_init+0xcc>)
10002dfe:	f7fe ffd7 	bl	10001db0 <__wrap_memset>
10002e02:	2200      	movs	r2, #0
10002e04:	4c29      	ldr	r4, [pc, #164]	@ (10002eac <tud_rhport_init+0xd0>)
10002e06:	4b2a      	ldr	r3, [pc, #168]	@ (10002eb0 <tud_rhport_init+0xd4>)
10002e08:	0020      	movs	r0, r4
10002e0a:	701a      	strb	r2, [r3, #0]
10002e0c:	f7fd fea8 	bl	10000b60 <mutex_init>
10002e10:	4b28      	ldr	r3, [pc, #160]	@ (10002eb4 <tud_rhport_init+0xd8>)
10002e12:	601c      	str	r4, [r3, #0]
10002e14:	4c28      	ldr	r4, [pc, #160]	@ (10002eb8 <tud_rhport_init+0xdc>)
10002e16:	0020      	movs	r0, r4
10002e18:	3c14      	subs	r4, #20
10002e1a:	f7fd feaf 	bl	10000b7c <critical_section_init>
10002e1e:	0020      	movs	r0, r4
10002e20:	f001 fdfa 	bl	10004a18 <tu_fifo_clear>
10002e24:	4b25      	ldr	r3, [pc, #148]	@ (10002ebc <tud_rhport_init+0xe0>)
10002e26:	4d26      	ldr	r5, [pc, #152]	@ (10002ec0 <tud_rhport_init+0xe4>)
10002e28:	601c      	str	r4, [r3, #0]
10002e2a:	4b26      	ldr	r3, [pc, #152]	@ (10002ec4 <tud_rhport_init+0xe8>)
10002e2c:	2b00      	cmp	r3, #0
10002e2e:	d004      	beq.n	10002e3a <tud_rhport_init+0x5e>
10002e30:	0028      	movs	r0, r5
10002e32:	f7ff fac7 	bl	100023c4 <usbd_app_driver_get_cb>
10002e36:	4b24      	ldr	r3, [pc, #144]	@ (10002ec8 <tud_rhport_init+0xec>)
10002e38:	6018      	str	r0, [r3, #0]
10002e3a:	4924      	ldr	r1, [pc, #144]	@ (10002ecc <tud_rhport_init+0xf0>)
10002e3c:	2400      	movs	r4, #0
10002e3e:	4689      	mov	r9, r1
10002e40:	4921      	ldr	r1, [pc, #132]	@ (10002ec8 <tud_rhport_init+0xec>)
10002e42:	2300      	movs	r3, #0
10002e44:	4688      	mov	r8, r1
10002e46:	782a      	ldrb	r2, [r5, #0]
10002e48:	e010      	b.n	10002e6c <tud_rhport_init+0x90>
10002e4a:	4643      	mov	r3, r8
10002e4c:	681b      	ldr	r3, [r3, #0]
10002e4e:	0162      	lsls	r2, r4, #5
10002e50:	189b      	adds	r3, r3, r2
10002e52:	2b00      	cmp	r3, #0
10002e54:	d012      	beq.n	10002e7c <tud_rhport_init+0xa0>
10002e56:	685b      	ldr	r3, [r3, #4]
10002e58:	2b00      	cmp	r3, #0
10002e5a:	d00f      	beq.n	10002e7c <tud_rhport_init+0xa0>
10002e5c:	4798      	blx	r3
10002e5e:	782a      	ldrb	r2, [r5, #0]
10002e60:	3401      	adds	r4, #1
10002e62:	b2e4      	uxtb	r4, r4
10002e64:	1c51      	adds	r1, r2, #1
10002e66:	0023      	movs	r3, r4
10002e68:	42a1      	cmp	r1, r4
10002e6a:	db09      	blt.n	10002e80 <tud_rhport_init+0xa4>
10002e6c:	42a2      	cmp	r2, r4
10002e6e:	d8ec      	bhi.n	10002e4a <tud_rhport_init+0x6e>
10002e70:	1a9b      	subs	r3, r3, r2
10002e72:	015b      	lsls	r3, r3, #5
10002e74:	444b      	add	r3, r9
10002e76:	685b      	ldr	r3, [r3, #4]
10002e78:	2b00      	cmp	r3, #0
10002e7a:	d1ef      	bne.n	10002e5c <tud_rhport_init+0x80>
10002e7c:	2000      	movs	r0, #0
10002e7e:	e00b      	b.n	10002e98 <tud_rhport_init+0xbc>
10002e80:	4653      	mov	r3, sl
10002e82:	0031      	movs	r1, r6
10002e84:	0038      	movs	r0, r7
10002e86:	701f      	strb	r7, [r3, #0]
10002e88:	f7ff fdfe 	bl	10002a88 <dcd_init>
10002e8c:	2800      	cmp	r0, #0
10002e8e:	d0f5      	beq.n	10002e7c <tud_rhport_init+0xa0>
10002e90:	0038      	movs	r0, r7
10002e92:	f7ff fe41 	bl	10002b18 <dcd_int_enable>
10002e96:	2001      	movs	r0, #1
10002e98:	bce0      	pop	{r5, r6, r7}
10002e9a:	46ba      	mov	sl, r7
10002e9c:	46b1      	mov	r9, r6
10002e9e:	46a8      	mov	r8, r5
10002ea0:	bdf0      	pop	{r4, r5, r6, r7, pc}
10002ea2:	46c0      	nop			@ (mov r8, r8)
10002ea4:	200010bc 	.word	0x200010bc
10002ea8:	200016b0 	.word	0x200016b0
10002eac:	200016a8 	.word	0x200016a8
10002eb0:	20002163 	.word	0x20002163
10002eb4:	20001704 	.word	0x20001704
10002eb8:	200010b4 	.word	0x200010b4
10002ebc:	20001708 	.word	0x20001708
10002ec0:	20002161 	.word	0x20002161
10002ec4:	100023c5 	.word	0x100023c5
10002ec8:	20001500 	.word	0x20001500
10002ecc:	100050f0 	.word	0x100050f0

10002ed0 <tud_task_ext>:
10002ed0:	b5f0      	push	{r4, r5, r6, r7, lr}
10002ed2:	46de      	mov	lr, fp
10002ed4:	4657      	mov	r7, sl
10002ed6:	464e      	mov	r6, r9
10002ed8:	4645      	mov	r5, r8
10002eda:	b5e0      	push	{r5, r6, r7, lr}
10002edc:	4bc8      	ldr	r3, [pc, #800]	@ (10003200 <tud_task_ext+0x330>)
10002ede:	b091      	sub	sp, #68	@ 0x44
10002ee0:	9302      	str	r3, [sp, #8]
10002ee2:	781b      	ldrb	r3, [r3, #0]
10002ee4:	2bff      	cmp	r3, #255	@ 0xff
10002ee6:	d100      	bne.n	10002eea <tud_task_ext+0x1a>
10002ee8:	e13e      	b.n	10003168 <tud_task_ext+0x298>
10002eea:	4bc6      	ldr	r3, [pc, #792]	@ (10003204 <tud_task_ext+0x334>)
10002eec:	4ec6      	ldr	r6, [pc, #792]	@ (10003208 <tud_task_ext+0x338>)
10002eee:	469b      	mov	fp, r3
10002ef0:	465f      	mov	r7, fp
10002ef2:	4bc6      	ldr	r3, [pc, #792]	@ (1000320c <tud_task_ext+0x33c>)
10002ef4:	ac0d      	add	r4, sp, #52	@ 0x34
10002ef6:	9301      	str	r3, [sp, #4]
10002ef8:	4bc5      	ldr	r3, [pc, #788]	@ (10003210 <tud_task_ext+0x340>)
10002efa:	9300      	str	r3, [sp, #0]
10002efc:	6835      	ldr	r5, [r6, #0]
10002efe:	696a      	ldr	r2, [r5, #20]
10002f00:	f3ef 8110 	mrs	r1, PRIMASK
10002f04:	b672      	cpsid	i
10002f06:	6813      	ldr	r3, [r2, #0]
10002f08:	2b00      	cmp	r3, #0
10002f0a:	d0fc      	beq.n	10002f06 <tud_task_ext+0x36>
10002f0c:	f3bf 8f5f 	dmb	sy
10002f10:	61a9      	str	r1, [r5, #24]
10002f12:	0028      	movs	r0, r5
10002f14:	0021      	movs	r1, r4
10002f16:	f001 fbaf 	bl	10004678 <tu_fifo_read>
10002f1a:	696a      	ldr	r2, [r5, #20]
10002f1c:	69ab      	ldr	r3, [r5, #24]
10002f1e:	f3bf 8f5f 	dmb	sy
10002f22:	2100      	movs	r1, #0
10002f24:	6011      	str	r1, [r2, #0]
10002f26:	f383 8810 	msr	PRIMASK, r3
10002f2a:	2800      	cmp	r0, #0
10002f2c:	d100      	bne.n	10002f30 <tud_task_ext+0x60>
10002f2e:	e11b      	b.n	10003168 <tud_task_ext+0x298>
10002f30:	7863      	ldrb	r3, [r4, #1]
10002f32:	2b08      	cmp	r3, #8
10002f34:	d8e2      	bhi.n	10002efc <tud_task_ext+0x2c>
10002f36:	009b      	lsls	r3, r3, #2
10002f38:	58fb      	ldr	r3, [r7, r3]
10002f3a:	469f      	mov	pc, r3
10002f3c:	6863      	ldr	r3, [r4, #4]
10002f3e:	2b00      	cmp	r3, #0
10002f40:	d0dc      	beq.n	10002efc <tud_task_ext+0x2c>
10002f42:	68a0      	ldr	r0, [r4, #8]
10002f44:	4798      	blx	r3
10002f46:	e7d9      	b.n	10002efc <tud_task_ext+0x2c>
10002f48:	227f      	movs	r2, #127	@ 0x7f
10002f4a:	7921      	ldrb	r1, [r4, #4]
10002f4c:	4daf      	ldr	r5, [pc, #700]	@ (1000320c <tud_task_ext+0x33c>)
10002f4e:	400a      	ands	r2, r1
10002f50:	0053      	lsls	r3, r2, #1
10002f52:	18eb      	adds	r3, r5, r3
10002f54:	4698      	mov	r8, r3
10002f56:	09c8      	lsrs	r0, r1, #7
10002f58:	4480      	add	r8, r0
10002f5a:	4640      	mov	r0, r8
10002f5c:	2301      	movs	r3, #1
10002f5e:	3030      	adds	r0, #48	@ 0x30
10002f60:	7905      	ldrb	r5, [r0, #4]
10002f62:	439d      	bics	r5, r3
10002f64:	7105      	strb	r5, [r0, #4]
10002f66:	7905      	ldrb	r5, [r0, #4]
10002f68:	3303      	adds	r3, #3
10002f6a:	439d      	bics	r5, r3
10002f6c:	7105      	strb	r5, [r0, #4]
10002f6e:	2a00      	cmp	r2, #0
10002f70:	d100      	bne.n	10002f74 <tud_task_ext+0xa4>
10002f72:	e100      	b.n	10003176 <tud_task_ext+0x2a6>
10002f74:	4643      	mov	r3, r8
10002f76:	4aa7      	ldr	r2, [pc, #668]	@ (10003214 <tud_task_ext+0x344>)
10002f78:	7d1b      	ldrb	r3, [r3, #20]
10002f7a:	7812      	ldrb	r2, [r2, #0]
10002f7c:	4293      	cmp	r3, r2
10002f7e:	d300      	bcc.n	10002f82 <tud_task_ext+0xb2>
10002f80:	e0ef      	b.n	10003162 <tud_task_ext+0x292>
10002f82:	4aa5      	ldr	r2, [pc, #660]	@ (10003218 <tud_task_ext+0x348>)
10002f84:	015b      	lsls	r3, r3, #5
10002f86:	6815      	ldr	r5, [r2, #0]
10002f88:	18ed      	adds	r5, r5, r3
10002f8a:	2d00      	cmp	r5, #0
10002f8c:	d100      	bne.n	10002f90 <tud_task_ext+0xc0>
10002f8e:	e0eb      	b.n	10003168 <tud_task_ext+0x298>
10002f90:	68a3      	ldr	r3, [r4, #8]
10002f92:	7962      	ldrb	r2, [r4, #5]
10002f94:	7820      	ldrb	r0, [r4, #0]
10002f96:	69ad      	ldr	r5, [r5, #24]
10002f98:	47a8      	blx	r5
10002f9a:	e7af      	b.n	10002efc <tud_task_ext+0x2c>
10002f9c:	4a9f      	ldr	r2, [pc, #636]	@ (1000321c <tud_task_ext+0x34c>)
10002f9e:	7813      	ldrb	r3, [r2, #0]
10002fa0:	2b00      	cmp	r3, #0
10002fa2:	d100      	bne.n	10002fa6 <tud_task_ext+0xd6>
10002fa4:	e0e0      	b.n	10003168 <tud_task_ext+0x298>
10002fa6:	7813      	ldrb	r3, [r2, #0]
10002fa8:	3b01      	subs	r3, #1
10002faa:	b2db      	uxtb	r3, r3
10002fac:	7013      	strb	r3, [r2, #0]
10002fae:	7813      	ldrb	r3, [r2, #0]
10002fb0:	2b00      	cmp	r3, #0
10002fb2:	d1a3      	bne.n	10002efc <tud_task_ext+0x2c>
10002fb4:	2201      	movs	r2, #1
10002fb6:	4d95      	ldr	r5, [pc, #596]	@ (1000320c <tud_task_ext+0x33c>)
10002fb8:	2101      	movs	r1, #1
10002fba:	782b      	ldrb	r3, [r5, #0]
10002fbc:	2004      	movs	r0, #4
10002fbe:	4313      	orrs	r3, r2
10002fc0:	702b      	strb	r3, [r5, #0]
10002fc2:	2334      	movs	r3, #52	@ 0x34
10002fc4:	5cea      	ldrb	r2, [r5, r3]
10002fc6:	438a      	bics	r2, r1
10002fc8:	54ea      	strb	r2, [r5, r3]
10002fca:	5cea      	ldrb	r2, [r5, r3]
10002fcc:	4382      	bics	r2, r0
10002fce:	54ea      	strb	r2, [r5, r3]
10002fd0:	3301      	adds	r3, #1
10002fd2:	5cea      	ldrb	r2, [r5, r3]
10002fd4:	438a      	bics	r2, r1
10002fd6:	54ea      	strb	r2, [r5, r3]
10002fd8:	5cea      	ldrb	r2, [r5, r3]
10002fda:	4382      	bics	r2, r0
10002fdc:	54ea      	strb	r2, [r5, r3]
10002fde:	7823      	ldrb	r3, [r4, #0]
10002fe0:	2000      	movs	r0, #0
10002fe2:	469b      	mov	fp, r3
10002fe4:	f000 fc9e 	bl	10003924 <usbd_control_set_complete_callback>
10002fe8:	2260      	movs	r2, #96	@ 0x60
10002fea:	7923      	ldrb	r3, [r4, #4]
10002fec:	401a      	ands	r2, r3
10002fee:	2a60      	cmp	r2, #96	@ 0x60
10002ff0:	d100      	bne.n	10002ff4 <tud_task_ext+0x124>
10002ff2:	e0ef      	b.n	100031d4 <tud_task_ext+0x304>
10002ff4:	2a40      	cmp	r2, #64	@ 0x40
10002ff6:	d100      	bne.n	10002ffa <tud_task_ext+0x12a>
10002ff8:	e0f5      	b.n	100031e6 <tud_task_ext+0x316>
10002ffa:	06db      	lsls	r3, r3, #27
10002ffc:	0edb      	lsrs	r3, r3, #27
10002ffe:	2b01      	cmp	r3, #1
10003000:	d100      	bne.n	10003004 <tud_task_ext+0x134>
10003002:	e113      	b.n	1000322c <tud_task_ext+0x35c>
10003004:	2b02      	cmp	r3, #2
10003006:	d100      	bne.n	1000300a <tud_task_ext+0x13a>
10003008:	e0c7      	b.n	1000319a <tud_task_ext+0x2ca>
1000300a:	2b00      	cmp	r3, #0
1000300c:	d000      	beq.n	10003010 <tud_task_ext+0x140>
1000300e:	e0e1      	b.n	100031d4 <tud_task_ext+0x304>
10003010:	2a20      	cmp	r2, #32
10003012:	d100      	bne.n	10003016 <tud_task_ext+0x146>
10003014:	e21c      	b.n	10003450 <tud_task_ext+0x580>
10003016:	2a00      	cmp	r2, #0
10003018:	d000      	beq.n	1000301c <tud_task_ext+0x14c>
1000301a:	e0db      	b.n	100031d4 <tud_task_ext+0x304>
1000301c:	7963      	ldrb	r3, [r4, #5]
1000301e:	2b09      	cmp	r3, #9
10003020:	d900      	bls.n	10003024 <tud_task_ext+0x154>
10003022:	e0d7      	b.n	100031d4 <tud_task_ext+0x304>
10003024:	4a7e      	ldr	r2, [pc, #504]	@ (10003220 <tud_task_ext+0x350>)
10003026:	009b      	lsls	r3, r3, #2
10003028:	58d3      	ldr	r3, [r2, r3]
1000302a:	469f      	mov	pc, r3
1000302c:	4d77      	ldr	r5, [pc, #476]	@ (1000320c <tud_task_ext+0x33c>)
1000302e:	782b      	ldrb	r3, [r5, #0]
10003030:	07db      	lsls	r3, r3, #31
10003032:	d400      	bmi.n	10003036 <tud_task_ext+0x166>
10003034:	e762      	b.n	10002efc <tud_task_ext+0x2c>
10003036:	f7ff febf 	bl	10002db8 <tud_resume_cb>
1000303a:	e75f      	b.n	10002efc <tud_task_ext+0x2c>
1000303c:	9b01      	ldr	r3, [sp, #4]
1000303e:	78db      	ldrb	r3, [r3, #3]
10003040:	07db      	lsls	r3, r3, #31
10003042:	d400      	bmi.n	10003046 <tud_task_ext+0x176>
10003044:	e75a      	b.n	10002efc <tud_task_ext+0x2c>
10003046:	6860      	ldr	r0, [r4, #4]
10003048:	f7ff feaa 	bl	10002da0 <tud_sof_cb>
1000304c:	e756      	b.n	10002efc <tud_task_ext+0x2c>
1000304e:	4d6f      	ldr	r5, [pc, #444]	@ (1000320c <tud_task_ext+0x33c>)
10003050:	782b      	ldrb	r3, [r5, #0]
10003052:	07db      	lsls	r3, r3, #31
10003054:	d400      	bmi.n	10003058 <tud_task_ext+0x188>
10003056:	e751      	b.n	10002efc <tud_task_ext+0x2c>
10003058:	7828      	ldrb	r0, [r5, #0]
1000305a:	0700      	lsls	r0, r0, #28
1000305c:	0fc0      	lsrs	r0, r0, #31
1000305e:	f7ff fea9 	bl	10002db4 <tud_suspend_cb>
10003062:	e74b      	b.n	10002efc <tud_task_ext+0x2c>
10003064:	7823      	ldrb	r3, [r4, #0]
10003066:	496a      	ldr	r1, [pc, #424]	@ (10003210 <tud_task_ext+0x340>)
10003068:	4699      	mov	r9, r3
1000306a:	468b      	mov	fp, r1
1000306c:	4b69      	ldr	r3, [pc, #420]	@ (10003214 <tud_task_ext+0x344>)
1000306e:	496a      	ldr	r1, [pc, #424]	@ (10003218 <tud_task_ext+0x348>)
10003070:	4698      	mov	r8, r3
10003072:	468a      	mov	sl, r1
10003074:	0039      	movs	r1, r7
10003076:	781a      	ldrb	r2, [r3, #0]
10003078:	4647      	mov	r7, r8
1000307a:	2300      	movs	r3, #0
1000307c:	46b0      	mov	r8, r6
1000307e:	2500      	movs	r5, #0
10003080:	464e      	mov	r6, r9
10003082:	4689      	mov	r9, r1
10003084:	e010      	b.n	100030a8 <tud_task_ext+0x1d8>
10003086:	4653      	mov	r3, sl
10003088:	681b      	ldr	r3, [r3, #0]
1000308a:	016a      	lsls	r2, r5, #5
1000308c:	189b      	adds	r3, r3, r2
1000308e:	2b00      	cmp	r3, #0
10003090:	d100      	bne.n	10003094 <tud_task_ext+0x1c4>
10003092:	e076      	b.n	10003182 <tud_task_ext+0x2b2>
10003094:	68db      	ldr	r3, [r3, #12]
10003096:	0030      	movs	r0, r6
10003098:	4798      	blx	r3
1000309a:	783a      	ldrb	r2, [r7, #0]
1000309c:	3501      	adds	r5, #1
1000309e:	b2ed      	uxtb	r5, r5
100030a0:	1c51      	adds	r1, r2, #1
100030a2:	002b      	movs	r3, r5
100030a4:	428d      	cmp	r5, r1
100030a6:	dc44      	bgt.n	10003132 <tud_task_ext+0x262>
100030a8:	4295      	cmp	r5, r2
100030aa:	d3ec      	bcc.n	10003086 <tud_task_ext+0x1b6>
100030ac:	1a9b      	subs	r3, r3, r2
100030ae:	015b      	lsls	r3, r3, #5
100030b0:	445b      	add	r3, fp
100030b2:	e7ef      	b.n	10003094 <tud_task_ext+0x1c4>
100030b4:	7823      	ldrb	r3, [r4, #0]
100030b6:	4958      	ldr	r1, [pc, #352]	@ (10003218 <tud_task_ext+0x348>)
100030b8:	4699      	mov	r9, r3
100030ba:	4b56      	ldr	r3, [pc, #344]	@ (10003214 <tud_task_ext+0x344>)
100030bc:	468a      	mov	sl, r1
100030be:	4698      	mov	r8, r3
100030c0:	0031      	movs	r1, r6
100030c2:	46bb      	mov	fp, r7
100030c4:	464e      	mov	r6, r9
100030c6:	781a      	ldrb	r2, [r3, #0]
100030c8:	2500      	movs	r5, #0
100030ca:	2300      	movs	r3, #0
100030cc:	4647      	mov	r7, r8
100030ce:	4689      	mov	r9, r1
100030d0:	e00f      	b.n	100030f2 <tud_task_ext+0x222>
100030d2:	4653      	mov	r3, sl
100030d4:	681b      	ldr	r3, [r3, #0]
100030d6:	016a      	lsls	r2, r5, #5
100030d8:	189b      	adds	r3, r3, r2
100030da:	2b00      	cmp	r3, #0
100030dc:	d055      	beq.n	1000318a <tud_task_ext+0x2ba>
100030de:	68db      	ldr	r3, [r3, #12]
100030e0:	0030      	movs	r0, r6
100030e2:	4798      	blx	r3
100030e4:	783a      	ldrb	r2, [r7, #0]
100030e6:	3501      	adds	r5, #1
100030e8:	b2ed      	uxtb	r5, r5
100030ea:	1c51      	adds	r1, r2, #1
100030ec:	002b      	movs	r3, r5
100030ee:	428d      	cmp	r5, r1
100030f0:	dc07      	bgt.n	10003102 <tud_task_ext+0x232>
100030f2:	4295      	cmp	r5, r2
100030f4:	d3ed      	bcc.n	100030d2 <tud_task_ext+0x202>
100030f6:	1a9b      	subs	r3, r3, r2
100030f8:	9a00      	ldr	r2, [sp, #0]
100030fa:	015b      	lsls	r3, r3, #5
100030fc:	4694      	mov	ip, r2
100030fe:	4463      	add	r3, ip
10003100:	e7ed      	b.n	100030de <tud_task_ext+0x20e>
10003102:	9d01      	ldr	r5, [sp, #4]
10003104:	2254      	movs	r2, #84	@ 0x54
10003106:	2100      	movs	r1, #0
10003108:	0028      	movs	r0, r5
1000310a:	f7fe fe51 	bl	10001db0 <__wrap_memset>
1000310e:	2210      	movs	r2, #16
10003110:	21ff      	movs	r1, #255	@ 0xff
10003112:	4844      	ldr	r0, [pc, #272]	@ (10003224 <tud_task_ext+0x354>)
10003114:	f7fe fe4c 	bl	10001db0 <__wrap_memset>
10003118:	0028      	movs	r0, r5
1000311a:	2220      	movs	r2, #32
1000311c:	21ff      	movs	r1, #255	@ 0xff
1000311e:	3014      	adds	r0, #20
10003120:	464e      	mov	r6, r9
10003122:	465f      	mov	r7, fp
10003124:	f7fe fe44 	bl	10001db0 <__wrap_memset>
10003128:	f000 fbf2 	bl	10003910 <usbd_control_reset>
1000312c:	f7ff fe40 	bl	10002db0 <tud_umount_cb>
10003130:	e6e4      	b.n	10002efc <tud_task_ext+0x2c>
10003132:	4d36      	ldr	r5, [pc, #216]	@ (1000320c <tud_task_ext+0x33c>)
10003134:	2254      	movs	r2, #84	@ 0x54
10003136:	2100      	movs	r1, #0
10003138:	0028      	movs	r0, r5
1000313a:	f7fe fe39 	bl	10001db0 <__wrap_memset>
1000313e:	2210      	movs	r2, #16
10003140:	21ff      	movs	r1, #255	@ 0xff
10003142:	1d28      	adds	r0, r5, #4
10003144:	f7fe fe34 	bl	10001db0 <__wrap_memset>
10003148:	0028      	movs	r0, r5
1000314a:	2220      	movs	r2, #32
1000314c:	21ff      	movs	r1, #255	@ 0xff
1000314e:	3014      	adds	r0, #20
10003150:	4646      	mov	r6, r8
10003152:	464f      	mov	r7, r9
10003154:	f7fe fe2c 	bl	10001db0 <__wrap_memset>
10003158:	f000 fbda 	bl	10003910 <usbd_control_reset>
1000315c:	7923      	ldrb	r3, [r4, #4]
1000315e:	70ab      	strb	r3, [r5, #2]
10003160:	e6cc      	b.n	10002efc <tud_task_ext+0x2c>
10003162:	1c50      	adds	r0, r2, #1
10003164:	4298      	cmp	r0, r3
10003166:	da13      	bge.n	10003190 <tud_task_ext+0x2c0>
10003168:	b011      	add	sp, #68	@ 0x44
1000316a:	bcf0      	pop	{r4, r5, r6, r7}
1000316c:	46bb      	mov	fp, r7
1000316e:	46b2      	mov	sl, r6
10003170:	46a9      	mov	r9, r5
10003172:	46a0      	mov	r8, r4
10003174:	bdf0      	pop	{r4, r5, r6, r7, pc}
10003176:	68a3      	ldr	r3, [r4, #8]
10003178:	7962      	ldrb	r2, [r4, #5]
1000317a:	7820      	ldrb	r0, [r4, #0]
1000317c:	f000 fbe6 	bl	1000394c <usbd_control_xfer_cb>
10003180:	e6bc      	b.n	10002efc <tud_task_ext+0x2c>
10003182:	4646      	mov	r6, r8
10003184:	464f      	mov	r7, r9
10003186:	4d21      	ldr	r5, [pc, #132]	@ (1000320c <tud_task_ext+0x33c>)
10003188:	e7e6      	b.n	10003158 <tud_task_ext+0x288>
1000318a:	464e      	mov	r6, r9
1000318c:	465f      	mov	r7, fp
1000318e:	e7cb      	b.n	10003128 <tud_task_ext+0x258>
10003190:	4d1f      	ldr	r5, [pc, #124]	@ (10003210 <tud_task_ext+0x340>)
10003192:	1a9b      	subs	r3, r3, r2
10003194:	015b      	lsls	r3, r3, #5
10003196:	195d      	adds	r5, r3, r5
10003198:	e6fa      	b.n	10002f90 <tud_task_ext+0xc0>
1000319a:	2370      	movs	r3, #112	@ 0x70
1000319c:	7a21      	ldrb	r1, [r4, #8]
1000319e:	420b      	tst	r3, r1
100031a0:	d118      	bne.n	100031d4 <tud_task_ext+0x304>
100031a2:	09c8      	lsrs	r0, r1, #7
100031a4:	4682      	mov	sl, r0
100031a6:	330f      	adds	r3, #15
100031a8:	400b      	ands	r3, r1
100031aa:	005b      	lsls	r3, r3, #1
100031ac:	4698      	mov	r8, r3
100031ae:	4819      	ldr	r0, [pc, #100]	@ (10003214 <tud_task_ext+0x344>)
100031b0:	18eb      	adds	r3, r5, r3
100031b2:	4453      	add	r3, sl
100031b4:	7d1b      	ldrb	r3, [r3, #20]
100031b6:	7800      	ldrb	r0, [r0, #0]
100031b8:	4699      	mov	r9, r3
100031ba:	4283      	cmp	r3, r0
100031bc:	d266      	bcs.n	1000328c <tud_task_ext+0x3bc>
100031be:	4816      	ldr	r0, [pc, #88]	@ (10003218 <tud_task_ext+0x348>)
100031c0:	015b      	lsls	r3, r3, #5
100031c2:	6800      	ldr	r0, [r0, #0]
100031c4:	4681      	mov	r9, r0
100031c6:	4499      	add	r9, r3
100031c8:	2a00      	cmp	r2, #0
100031ca:	d100      	bne.n	100031ce <tud_task_ext+0x2fe>
100031cc:	e15f      	b.n	1000348e <tud_task_ext+0x5be>
100031ce:	464b      	mov	r3, r9
100031d0:	2b00      	cmp	r3, #0
100031d2:	d168      	bne.n	100032a6 <tud_task_ext+0x3d6>
100031d4:	7820      	ldrb	r0, [r4, #0]
100031d6:	2100      	movs	r1, #0
100031d8:	f7ff fd6a 	bl	10002cb0 <dcd_edpt_stall>
100031dc:	2180      	movs	r1, #128	@ 0x80
100031de:	7820      	ldrb	r0, [r4, #0]
100031e0:	f7ff fd66 	bl	10002cb0 <dcd_edpt_stall>
100031e4:	e68a      	b.n	10002efc <tud_task_ext+0x2c>
100031e6:	4810      	ldr	r0, [pc, #64]	@ (10003228 <tud_task_ext+0x358>)
100031e8:	f000 fb9c 	bl	10003924 <usbd_control_set_complete_callback>
100031ec:	2101      	movs	r1, #1
100031ee:	4658      	mov	r0, fp
100031f0:	aa0e      	add	r2, sp, #56	@ 0x38
100031f2:	f7ff f8cd 	bl	10002390 <tud_vendor_control_xfer_cb>
100031f6:	2800      	cmp	r0, #0
100031f8:	d000      	beq.n	100031fc <tud_task_ext+0x32c>
100031fa:	e67f      	b.n	10002efc <tud_task_ext+0x2c>
100031fc:	e7ea      	b.n	100031d4 <tud_task_ext+0x304>
100031fe:	46c0      	nop			@ (mov r8, r8)
10003200:	200010bc 	.word	0x200010bc
10003204:	10005048 	.word	0x10005048
10003208:	20001708 	.word	0x20001708
1000320c:	200016b0 	.word	0x200016b0
10003210:	100050f0 	.word	0x100050f0
10003214:	20002161 	.word	0x20002161
10003218:	20001500 	.word	0x20001500
1000321c:	20002163 	.word	0x20002163
10003220:	1000506c 	.word	0x1000506c
10003224:	200016b4 	.word	0x200016b4
10003228:	10002391 	.word	0x10002391
1000322c:	7a23      	ldrb	r3, [r4, #8]
1000322e:	2b0f      	cmp	r3, #15
10003230:	d8d0      	bhi.n	100031d4 <tud_task_ext+0x304>
10003232:	4acf      	ldr	r2, [pc, #828]	@ (10003570 <tud_task_ext+0x6a0>)
10003234:	18eb      	adds	r3, r5, r3
10003236:	791b      	ldrb	r3, [r3, #4]
10003238:	7815      	ldrb	r5, [r2, #0]
1000323a:	42ab      	cmp	r3, r5
1000323c:	d33e      	bcc.n	100032bc <tud_task_ext+0x3ec>
1000323e:	1c69      	adds	r1, r5, #1
10003240:	4299      	cmp	r1, r3
10003242:	dbc7      	blt.n	100031d4 <tud_task_ext+0x304>
10003244:	1b5d      	subs	r5, r3, r5
10003246:	4bcb      	ldr	r3, [pc, #812]	@ (10003574 <tud_task_ext+0x6a4>)
10003248:	016d      	lsls	r5, r5, #5
1000324a:	18ed      	adds	r5, r5, r3
1000324c:	6968      	ldr	r0, [r5, #20]
1000324e:	f000 fb69 	bl	10003924 <usbd_control_set_complete_callback>
10003252:	2101      	movs	r1, #1
10003254:	4658      	mov	r0, fp
10003256:	696b      	ldr	r3, [r5, #20]
10003258:	aa0e      	add	r2, sp, #56	@ 0x38
1000325a:	4798      	blx	r3
1000325c:	2800      	cmp	r0, #0
1000325e:	d000      	beq.n	10003262 <tud_task_ext+0x392>
10003260:	e64c      	b.n	10002efc <tud_task_ext+0x2c>
10003262:	2260      	movs	r2, #96	@ 0x60
10003264:	0015      	movs	r5, r2
10003266:	7923      	ldrb	r3, [r4, #4]
10003268:	401d      	ands	r5, r3
1000326a:	421a      	tst	r2, r3
1000326c:	d1b2      	bne.n	100031d4 <tud_task_ext+0x304>
1000326e:	7963      	ldrb	r3, [r4, #5]
10003270:	3b0a      	subs	r3, #10
10003272:	2b01      	cmp	r3, #1
10003274:	d8ae      	bhi.n	100031d4 <tud_task_ext+0x304>
10003276:	f000 fb55 	bl	10003924 <usbd_control_set_complete_callback>
1000327a:	7963      	ldrb	r3, [r4, #5]
1000327c:	2b0a      	cmp	r3, #10
1000327e:	d100      	bne.n	10003282 <tud_task_ext+0x3b2>
10003280:	e199      	b.n	100035b6 <tud_task_ext+0x6e6>
10003282:	4658      	mov	r0, fp
10003284:	a90e      	add	r1, sp, #56	@ 0x38
10003286:	f000 fad9 	bl	1000383c <tud_control_status>
1000328a:	e637      	b.n	10002efc <tud_task_ext+0x2c>
1000328c:	1c43      	adds	r3, r0, #1
1000328e:	454b      	cmp	r3, r9
10003290:	da00      	bge.n	10003294 <tud_task_ext+0x3c4>
10003292:	e0f7      	b.n	10003484 <tud_task_ext+0x5b4>
10003294:	464b      	mov	r3, r9
10003296:	1a1b      	subs	r3, r3, r0
10003298:	015b      	lsls	r3, r3, #5
1000329a:	4699      	mov	r9, r3
1000329c:	48b5      	ldr	r0, [pc, #724]	@ (10003574 <tud_task_ext+0x6a4>)
1000329e:	4481      	add	r9, r0
100032a0:	2a00      	cmp	r2, #0
100032a2:	d100      	bne.n	100032a6 <tud_task_ext+0x3d6>
100032a4:	e0f3      	b.n	1000348e <tud_task_ext+0x5be>
100032a6:	464b      	mov	r3, r9
100032a8:	6958      	ldr	r0, [r3, #20]
100032aa:	f000 fb3b 	bl	10003924 <usbd_control_set_complete_callback>
100032ae:	464b      	mov	r3, r9
100032b0:	2101      	movs	r1, #1
100032b2:	4658      	mov	r0, fp
100032b4:	695b      	ldr	r3, [r3, #20]
100032b6:	aa0e      	add	r2, sp, #56	@ 0x38
100032b8:	4798      	blx	r3
100032ba:	e79c      	b.n	100031f6 <tud_task_ext+0x326>
100032bc:	4aae      	ldr	r2, [pc, #696]	@ (10003578 <tud_task_ext+0x6a8>)
100032be:	015b      	lsls	r3, r3, #5
100032c0:	6815      	ldr	r5, [r2, #0]
100032c2:	18ed      	adds	r5, r5, r3
100032c4:	2d00      	cmp	r5, #0
100032c6:	d1c1      	bne.n	1000324c <tud_task_ext+0x37c>
100032c8:	e784      	b.n	100031d4 <tud_task_ext+0x304>
100032ca:	79a3      	ldrb	r3, [r4, #6]
100032cc:	4699      	mov	r9, r3
100032ce:	786b      	ldrb	r3, [r5, #1]
100032d0:	4599      	cmp	r9, r3
100032d2:	d0d6      	beq.n	10003282 <tud_task_ext+0x3b2>
100032d4:	786b      	ldrb	r3, [r5, #1]
100032d6:	2b00      	cmp	r3, #0
100032d8:	d000      	beq.n	100032dc <tud_task_ext+0x40c>
100032da:	e133      	b.n	10003544 <tud_task_ext+0x674>
100032dc:	464b      	mov	r3, r9
100032de:	706b      	strb	r3, [r5, #1]
100032e0:	2b00      	cmp	r3, #0
100032e2:	d100      	bne.n	100032e6 <tud_task_ext+0x416>
100032e4:	e12b      	b.n	1000353e <tud_task_ext+0x66e>
100032e6:	4648      	mov	r0, r9
100032e8:	3801      	subs	r0, #1
100032ea:	b2c0      	uxtb	r0, r0
100032ec:	f7ff fa92 	bl	10002814 <tud_descriptor_configuration_cb>
100032f0:	2800      	cmp	r0, #0
100032f2:	d100      	bne.n	100032f6 <tud_task_ext+0x426>
100032f4:	e17e      	b.n	100035f4 <tud_task_ext+0x724>
100032f6:	7843      	ldrb	r3, [r0, #1]
100032f8:	9307      	str	r3, [sp, #28]
100032fa:	2b02      	cmp	r3, #2
100032fc:	d000      	beq.n	10003300 <tud_task_ext+0x430>
100032fe:	e179      	b.n	100035f4 <tud_task_ext+0x724>
10003300:	2201      	movs	r2, #1
10003302:	79c1      	ldrb	r1, [r0, #7]
10003304:	46b1      	mov	r9, r6
10003306:	118b      	asrs	r3, r1, #6
10003308:	1149      	asrs	r1, r1, #5
1000330a:	4013      	ands	r3, r2
1000330c:	400a      	ands	r2, r1
1000330e:	2130      	movs	r1, #48	@ 0x30
10003310:	0112      	lsls	r2, r2, #4
10003312:	015b      	lsls	r3, r3, #5
10003314:	4313      	orrs	r3, r2
10003316:	782a      	ldrb	r2, [r5, #0]
10003318:	46a8      	mov	r8, r5
1000331a:	438a      	bics	r2, r1
1000331c:	4313      	orrs	r3, r2
1000331e:	702b      	strb	r3, [r5, #0]
10003320:	2309      	movs	r3, #9
10003322:	469a      	mov	sl, r3
10003324:	4482      	add	sl, r0
10003326:	4656      	mov	r6, sl
10003328:	46ba      	mov	sl, r7
1000332a:	78c3      	ldrb	r3, [r0, #3]
1000332c:	7882      	ldrb	r2, [r0, #2]
1000332e:	021b      	lsls	r3, r3, #8
10003330:	4313      	orrs	r3, r2
10003332:	18c3      	adds	r3, r0, r3
10003334:	9305      	str	r3, [sp, #20]
10003336:	4b8e      	ldr	r3, [pc, #568]	@ (10003570 <tud_task_ext+0x6a0>)
10003338:	9304      	str	r3, [sp, #16]
1000333a:	4b8e      	ldr	r3, [pc, #568]	@ (10003574 <tud_task_ext+0x6a4>)
1000333c:	9308      	str	r3, [sp, #32]
1000333e:	4b8e      	ldr	r3, [pc, #568]	@ (10003578 <tud_task_ext+0x6a8>)
10003340:	9309      	str	r3, [sp, #36]	@ 0x24
10003342:	4b8e      	ldr	r3, [pc, #568]	@ (1000357c <tud_task_ext+0x6ac>)
10003344:	930a      	str	r3, [sp, #40]	@ 0x28
10003346:	9b05      	ldr	r3, [sp, #20]
10003348:	42b3      	cmp	r3, r6
1000334a:	d800      	bhi.n	1000334e <tud_task_ext+0x47e>
1000334c:	e155      	b.n	100035fa <tud_task_ext+0x72a>
1000334e:	7873      	ldrb	r3, [r6, #1]
10003350:	2201      	movs	r2, #1
10003352:	2b0b      	cmp	r3, #11
10003354:	d103      	bne.n	1000335e <tud_task_ext+0x48e>
10003356:	7833      	ldrb	r3, [r6, #0]
10003358:	78f2      	ldrb	r2, [r6, #3]
1000335a:	18f6      	adds	r6, r6, r3
1000335c:	7873      	ldrb	r3, [r6, #1]
1000335e:	2b04      	cmp	r3, #4
10003360:	d000      	beq.n	10003364 <tud_task_ext+0x494>
10003362:	e144      	b.n	100035ee <tud_task_ext+0x71e>
10003364:	9b05      	ldr	r3, [sp, #20]
10003366:	2700      	movs	r7, #0
10003368:	1b9b      	subs	r3, r3, r6
1000336a:	b29b      	uxth	r3, r3
1000336c:	9306      	str	r3, [sp, #24]
1000336e:	9b04      	ldr	r3, [sp, #16]
10003370:	920b      	str	r2, [sp, #44]	@ 0x2c
10003372:	781d      	ldrb	r5, [r3, #0]
10003374:	2300      	movs	r3, #0
10003376:	9303      	str	r3, [sp, #12]
10003378:	e01b      	b.n	100033b2 <tud_task_ext+0x4e2>
1000337a:	9a09      	ldr	r2, [sp, #36]	@ 0x24
1000337c:	017b      	lsls	r3, r7, #5
1000337e:	6815      	ldr	r5, [r2, #0]
10003380:	18ed      	adds	r5, r5, r3
10003382:	2d00      	cmp	r5, #0
10003384:	d100      	bne.n	10003388 <tud_task_ext+0x4b8>
10003386:	e132      	b.n	100035ee <tud_task_ext+0x71e>
10003388:	0031      	movs	r1, r6
1000338a:	4658      	mov	r0, fp
1000338c:	692b      	ldr	r3, [r5, #16]
1000338e:	9a06      	ldr	r2, [sp, #24]
10003390:	4798      	blx	r3
10003392:	4684      	mov	ip, r0
10003394:	2808      	cmp	r0, #8
10003396:	d903      	bls.n	100033a0 <tud_task_ext+0x4d0>
10003398:	9a06      	ldr	r2, [sp, #24]
1000339a:	4282      	cmp	r2, r0
1000339c:	d300      	bcc.n	100033a0 <tud_task_ext+0x4d0>
1000339e:	e113      	b.n	100035c8 <tud_task_ext+0x6f8>
100033a0:	9b04      	ldr	r3, [sp, #16]
100033a2:	3701      	adds	r7, #1
100033a4:	781d      	ldrb	r5, [r3, #0]
100033a6:	b2ff      	uxtb	r7, r7
100033a8:	1c6b      	adds	r3, r5, #1
100033aa:	9703      	str	r7, [sp, #12]
100033ac:	429f      	cmp	r7, r3
100033ae:	dd00      	ble.n	100033b2 <tud_task_ext+0x4e2>
100033b0:	e11d      	b.n	100035ee <tud_task_ext+0x71e>
100033b2:	42bd      	cmp	r5, r7
100033b4:	d8e1      	bhi.n	1000337a <tud_task_ext+0x4aa>
100033b6:	9b03      	ldr	r3, [sp, #12]
100033b8:	1b5d      	subs	r5, r3, r5
100033ba:	9b08      	ldr	r3, [sp, #32]
100033bc:	016d      	lsls	r5, r5, #5
100033be:	469c      	mov	ip, r3
100033c0:	4465      	add	r5, ip
100033c2:	e7e1      	b.n	10003388 <tud_task_ext+0x4b8>
100033c4:	786b      	ldrb	r3, [r5, #1]
100033c6:	aa0c      	add	r2, sp, #48	@ 0x30
100033c8:	3202      	adds	r2, #2
100033ca:	7013      	strb	r3, [r2, #0]
100033cc:	4658      	mov	r0, fp
100033ce:	2301      	movs	r3, #1
100033d0:	a90e      	add	r1, sp, #56	@ 0x38
100033d2:	f000 fa49 	bl	10003868 <tud_control_xfer>
100033d6:	e591      	b.n	10002efc <tud_task_ext+0x2c>
100033d8:	88e3      	ldrh	r3, [r4, #6]
100033da:	0a1a      	lsrs	r2, r3, #8
100033dc:	b2d8      	uxtb	r0, r3
100033de:	2a0f      	cmp	r2, #15
100033e0:	d900      	bls.n	100033e4 <tud_task_ext+0x514>
100033e2:	e6f7      	b.n	100031d4 <tud_task_ext+0x304>
100033e4:	4966      	ldr	r1, [pc, #408]	@ (10003580 <tud_task_ext+0x6b0>)
100033e6:	0093      	lsls	r3, r2, #2
100033e8:	58cb      	ldr	r3, [r1, r3]
100033ea:	469f      	mov	pc, r3
100033ec:	a80e      	add	r0, sp, #56	@ 0x38
100033ee:	f000 fa9f 	bl	10003930 <usbd_control_set_request>
100033f2:	4658      	mov	r0, fp
100033f4:	79a1      	ldrb	r1, [r4, #6]
100033f6:	f7ff fb95 	bl	10002b24 <dcd_set_address>
100033fa:	2202      	movs	r2, #2
100033fc:	782b      	ldrb	r3, [r5, #0]
100033fe:	4313      	orrs	r3, r2
10003400:	702b      	strb	r3, [r5, #0]
10003402:	e57b      	b.n	10002efc <tud_task_ext+0x2c>
10003404:	88e3      	ldrh	r3, [r4, #6]
10003406:	2b01      	cmp	r3, #1
10003408:	d000      	beq.n	1000340c <tud_task_ext+0x53c>
1000340a:	e6e3      	b.n	100031d4 <tud_task_ext+0x304>
1000340c:	2208      	movs	r2, #8
1000340e:	782b      	ldrb	r3, [r5, #0]
10003410:	4658      	mov	r0, fp
10003412:	4393      	bics	r3, r2
10003414:	a90e      	add	r1, sp, #56	@ 0x38
10003416:	702b      	strb	r3, [r5, #0]
10003418:	f000 fa10 	bl	1000383c <tud_control_status>
1000341c:	e56e      	b.n	10002efc <tud_task_ext+0x2c>
1000341e:	2002      	movs	r0, #2
10003420:	7829      	ldrb	r1, [r5, #0]
10003422:	ab0c      	add	r3, sp, #48	@ 0x30
10003424:	1c9a      	adds	r2, r3, #2
10003426:	068b      	lsls	r3, r1, #26
10003428:	0889      	lsrs	r1, r1, #2
1000342a:	0fdb      	lsrs	r3, r3, #31
1000342c:	4001      	ands	r1, r0
1000342e:	430b      	orrs	r3, r1
10003430:	8013      	strh	r3, [r2, #0]
10003432:	4658      	mov	r0, fp
10003434:	2302      	movs	r3, #2
10003436:	a90e      	add	r1, sp, #56	@ 0x38
10003438:	f000 fa16 	bl	10003868 <tud_control_xfer>
1000343c:	e55e      	b.n	10002efc <tud_task_ext+0x2c>
1000343e:	88e3      	ldrh	r3, [r4, #6]
10003440:	2b01      	cmp	r3, #1
10003442:	d000      	beq.n	10003446 <tud_task_ext+0x576>
10003444:	e6c6      	b.n	100031d4 <tud_task_ext+0x304>
10003446:	2208      	movs	r2, #8
10003448:	782b      	ldrb	r3, [r5, #0]
1000344a:	4313      	orrs	r3, r2
1000344c:	702b      	strb	r3, [r5, #0]
1000344e:	e718      	b.n	10003282 <tud_task_ext+0x3b2>
10003450:	7a23      	ldrb	r3, [r4, #8]
10003452:	2b0f      	cmp	r3, #15
10003454:	d900      	bls.n	10003458 <tud_task_ext+0x588>
10003456:	e6bd      	b.n	100031d4 <tud_task_ext+0x304>
10003458:	18eb      	adds	r3, r5, r3
1000345a:	791d      	ldrb	r5, [r3, #4]
1000345c:	4b44      	ldr	r3, [pc, #272]	@ (10003570 <tud_task_ext+0x6a0>)
1000345e:	781b      	ldrb	r3, [r3, #0]
10003460:	429d      	cmp	r5, r3
10003462:	d228      	bcs.n	100034b6 <tud_task_ext+0x5e6>
10003464:	4b44      	ldr	r3, [pc, #272]	@ (10003578 <tud_task_ext+0x6a8>)
10003466:	016d      	lsls	r5, r5, #5
10003468:	681b      	ldr	r3, [r3, #0]
1000346a:	195d      	adds	r5, r3, r5
1000346c:	2d00      	cmp	r5, #0
1000346e:	d100      	bne.n	10003472 <tud_task_ext+0x5a2>
10003470:	e6b0      	b.n	100031d4 <tud_task_ext+0x304>
10003472:	6968      	ldr	r0, [r5, #20]
10003474:	f000 fa56 	bl	10003924 <usbd_control_set_complete_callback>
10003478:	2101      	movs	r1, #1
1000347a:	4658      	mov	r0, fp
1000347c:	696b      	ldr	r3, [r5, #20]
1000347e:	aa0e      	add	r2, sp, #56	@ 0x38
10003480:	4798      	blx	r3
10003482:	e6b8      	b.n	100031f6 <tud_task_ext+0x326>
10003484:	2a00      	cmp	r2, #0
10003486:	d000      	beq.n	1000348a <tud_task_ext+0x5ba>
10003488:	e6a4      	b.n	100031d4 <tud_task_ext+0x304>
1000348a:	2300      	movs	r3, #0
1000348c:	4699      	mov	r9, r3
1000348e:	7962      	ldrb	r2, [r4, #5]
10003490:	2002      	movs	r0, #2
10003492:	0013      	movs	r3, r2
10003494:	9203      	str	r2, [sp, #12]
10003496:	4383      	bics	r3, r0
10003498:	2b01      	cmp	r3, #1
1000349a:	d015      	beq.n	100034c8 <tud_task_ext+0x5f8>
1000349c:	2a00      	cmp	r2, #0
1000349e:	d000      	beq.n	100034a2 <tud_task_ext+0x5d2>
100034a0:	e698      	b.n	100031d4 <tud_task_ext+0x304>
100034a2:	002b      	movs	r3, r5
100034a4:	4443      	add	r3, r8
100034a6:	4453      	add	r3, sl
100034a8:	3330      	adds	r3, #48	@ 0x30
100034aa:	791b      	ldrb	r3, [r3, #4]
100034ac:	aa0c      	add	r2, sp, #48	@ 0x30
100034ae:	079b      	lsls	r3, r3, #30
100034b0:	0fdb      	lsrs	r3, r3, #31
100034b2:	3202      	adds	r2, #2
100034b4:	e7bc      	b.n	10003430 <tud_task_ext+0x560>
100034b6:	1c5a      	adds	r2, r3, #1
100034b8:	42aa      	cmp	r2, r5
100034ba:	da00      	bge.n	100034be <tud_task_ext+0x5ee>
100034bc:	e68a      	b.n	100031d4 <tud_task_ext+0x304>
100034be:	1aed      	subs	r5, r5, r3
100034c0:	4b2c      	ldr	r3, [pc, #176]	@ (10003574 <tud_task_ext+0x6a4>)
100034c2:	016d      	lsls	r5, r5, #5
100034c4:	18ed      	adds	r5, r5, r3
100034c6:	e7d4      	b.n	10003472 <tud_task_ext+0x5a2>
100034c8:	88e3      	ldrh	r3, [r4, #6]
100034ca:	2b00      	cmp	r3, #0
100034cc:	d112      	bne.n	100034f4 <tud_task_ext+0x624>
100034ce:	9b02      	ldr	r3, [sp, #8]
100034d0:	7818      	ldrb	r0, [r3, #0]
100034d2:	9b03      	ldr	r3, [sp, #12]
100034d4:	2b01      	cmp	r3, #1
100034d6:	d023      	beq.n	10003520 <tud_task_ext+0x650>
100034d8:	f7ff fbea 	bl	10002cb0 <dcd_edpt_stall>
100034dc:	4643      	mov	r3, r8
100034de:	2102      	movs	r1, #2
100034e0:	18eb      	adds	r3, r5, r3
100034e2:	4453      	add	r3, sl
100034e4:	3330      	adds	r3, #48	@ 0x30
100034e6:	791a      	ldrb	r2, [r3, #4]
100034e8:	430a      	orrs	r2, r1
100034ea:	2101      	movs	r1, #1
100034ec:	711a      	strb	r2, [r3, #4]
100034ee:	791a      	ldrb	r2, [r3, #4]
100034f0:	430a      	orrs	r2, r1
100034f2:	711a      	strb	r2, [r3, #4]
100034f4:	464b      	mov	r3, r9
100034f6:	2b00      	cmp	r3, #0
100034f8:	d100      	bne.n	100034fc <tud_task_ext+0x62c>
100034fa:	e4ff      	b.n	10002efc <tud_task_ext+0x2c>
100034fc:	6958      	ldr	r0, [r3, #20]
100034fe:	f000 fa11 	bl	10003924 <usbd_control_set_complete_callback>
10003502:	464b      	mov	r3, r9
10003504:	2101      	movs	r1, #1
10003506:	695b      	ldr	r3, [r3, #20]
10003508:	aa0e      	add	r2, sp, #56	@ 0x38
1000350a:	4658      	mov	r0, fp
1000350c:	4798      	blx	r3
1000350e:	2000      	movs	r0, #0
10003510:	f000 fa08 	bl	10003924 <usbd_control_set_complete_callback>
10003514:	2335      	movs	r3, #53	@ 0x35
10003516:	5ceb      	ldrb	r3, [r5, r3]
10003518:	07db      	lsls	r3, r3, #31
1000351a:	d500      	bpl.n	1000351e <tud_task_ext+0x64e>
1000351c:	e4ee      	b.n	10002efc <tud_task_ext+0x2c>
1000351e:	e6b0      	b.n	10003282 <tud_task_ext+0x3b2>
10003520:	f7ff fbe4 	bl	10002cec <dcd_edpt_clear_stall>
10003524:	4643      	mov	r3, r8
10003526:	2102      	movs	r1, #2
10003528:	18eb      	adds	r3, r5, r3
1000352a:	4453      	add	r3, sl
1000352c:	3330      	adds	r3, #48	@ 0x30
1000352e:	791a      	ldrb	r2, [r3, #4]
10003530:	438a      	bics	r2, r1
10003532:	711a      	strb	r2, [r3, #4]
10003534:	791a      	ldrb	r2, [r3, #4]
10003536:	9903      	ldr	r1, [sp, #12]
10003538:	438a      	bics	r2, r1
1000353a:	711a      	strb	r2, [r3, #4]
1000353c:	e7da      	b.n	100034f4 <tud_task_ext+0x624>
1000353e:	f7ff fc37 	bl	10002db0 <tud_umount_cb>
10003542:	e69e      	b.n	10003282 <tud_task_ext+0x3b2>
10003544:	2100      	movs	r1, #0
10003546:	4658      	mov	r0, fp
10003548:	f7ff faf6 	bl	10002b38 <dcd_sof_enable>
1000354c:	4658      	mov	r0, fp
1000354e:	f7ff fb99 	bl	10002c84 <dcd_edpt_close_all>
10003552:	78ab      	ldrb	r3, [r5, #2]
10003554:	4907      	ldr	r1, [pc, #28]	@ (10003574 <tud_task_ext+0x6a4>)
10003556:	9303      	str	r3, [sp, #12]
10003558:	9104      	str	r1, [sp, #16]
1000355a:	4b05      	ldr	r3, [pc, #20]	@ (10003570 <tud_task_ext+0x6a0>)
1000355c:	4906      	ldr	r1, [pc, #24]	@ (10003578 <tud_task_ext+0x6a8>)
1000355e:	4698      	mov	r8, r3
10003560:	781a      	ldrb	r2, [r3, #0]
10003562:	9105      	str	r1, [sp, #20]
10003564:	2300      	movs	r3, #0
10003566:	0029      	movs	r1, r5
10003568:	001d      	movs	r5, r3
1000356a:	468a      	mov	sl, r1
1000356c:	e01b      	b.n	100035a6 <tud_task_ext+0x6d6>
1000356e:	46c0      	nop			@ (mov r8, r8)
10003570:	20002161 	.word	0x20002161
10003574:	100050f0 	.word	0x100050f0
10003578:	20001500 	.word	0x20001500
1000357c:	200016c4 	.word	0x200016c4
10003580:	10005094 	.word	0x10005094
10003584:	9b05      	ldr	r3, [sp, #20]
10003586:	016a      	lsls	r2, r5, #5
10003588:	681b      	ldr	r3, [r3, #0]
1000358a:	189b      	adds	r3, r3, r2
1000358c:	2b00      	cmp	r3, #0
1000358e:	d04d      	beq.n	1000362c <tud_task_ext+0x75c>
10003590:	68db      	ldr	r3, [r3, #12]
10003592:	4658      	mov	r0, fp
10003594:	4798      	blx	r3
10003596:	4643      	mov	r3, r8
10003598:	781a      	ldrb	r2, [r3, #0]
1000359a:	3501      	adds	r5, #1
1000359c:	b2ed      	uxtb	r5, r5
1000359e:	1c51      	adds	r1, r2, #1
100035a0:	002b      	movs	r3, r5
100035a2:	428d      	cmp	r5, r1
100035a4:	dc2e      	bgt.n	10003604 <tud_task_ext+0x734>
100035a6:	4295      	cmp	r5, r2
100035a8:	d3ec      	bcc.n	10003584 <tud_task_ext+0x6b4>
100035aa:	1a9b      	subs	r3, r3, r2
100035ac:	9a04      	ldr	r2, [sp, #16]
100035ae:	015b      	lsls	r3, r3, #5
100035b0:	4694      	mov	ip, r2
100035b2:	4463      	add	r3, ip
100035b4:	e7ec      	b.n	10003590 <tud_task_ext+0x6c0>
100035b6:	ab0c      	add	r3, sp, #48	@ 0x30
100035b8:	1c9a      	adds	r2, r3, #2
100035ba:	4658      	mov	r0, fp
100035bc:	2301      	movs	r3, #1
100035be:	a90e      	add	r1, sp, #56	@ 0x38
100035c0:	7015      	strb	r5, [r2, #0]
100035c2:	f000 f951 	bl	10003868 <tud_control_xfer>
100035c6:	e499      	b.n	10002efc <tud_task_ext+0x2c>
100035c8:	9a0b      	ldr	r2, [sp, #44]	@ 0x2c
100035ca:	2a01      	cmp	r2, #1
100035cc:	d04f      	beq.n	1000366e <tud_task_ext+0x79e>
100035ce:	2a00      	cmp	r2, #0
100035d0:	d03c      	beq.n	1000364c <tud_task_ext+0x77c>
100035d2:	2300      	movs	r3, #0
100035d4:	78b0      	ldrb	r0, [r6, #2]
100035d6:	e004      	b.n	100035e2 <tud_task_ext+0x712>
100035d8:	3301      	adds	r3, #1
100035da:	b2db      	uxtb	r3, r3
100035dc:	710f      	strb	r7, [r1, #4]
100035de:	4293      	cmp	r3, r2
100035e0:	d234      	bcs.n	1000364c <tud_task_ext+0x77c>
100035e2:	18c1      	adds	r1, r0, r3
100035e4:	b2c9      	uxtb	r1, r1
100035e6:	4441      	add	r1, r8
100035e8:	790d      	ldrb	r5, [r1, #4]
100035ea:	2dff      	cmp	r5, #255	@ 0xff
100035ec:	d0f4      	beq.n	100035d8 <tud_task_ext+0x708>
100035ee:	464e      	mov	r6, r9
100035f0:	4645      	mov	r5, r8
100035f2:	4657      	mov	r7, sl
100035f4:	2300      	movs	r3, #0
100035f6:	706b      	strb	r3, [r5, #1]
100035f8:	e5ec      	b.n	100031d4 <tud_task_ext+0x304>
100035fa:	464e      	mov	r6, r9
100035fc:	4657      	mov	r7, sl
100035fe:	f7ff fbd5 	bl	10002dac <tud_mount_cb>
10003602:	e63e      	b.n	10003282 <tud_task_ext+0x3b2>
10003604:	4655      	mov	r5, sl
10003606:	2254      	movs	r2, #84	@ 0x54
10003608:	2100      	movs	r1, #0
1000360a:	0028      	movs	r0, r5
1000360c:	f7fe fbd0 	bl	10001db0 <__wrap_memset>
10003610:	2210      	movs	r2, #16
10003612:	21ff      	movs	r1, #255	@ 0xff
10003614:	1d28      	adds	r0, r5, #4
10003616:	f7fe fbcb 	bl	10001db0 <__wrap_memset>
1000361a:	0028      	movs	r0, r5
1000361c:	2220      	movs	r2, #32
1000361e:	21ff      	movs	r1, #255	@ 0xff
10003620:	3014      	adds	r0, #20
10003622:	f7fe fbc5 	bl	10001db0 <__wrap_memset>
10003626:	9b03      	ldr	r3, [sp, #12]
10003628:	70ab      	strb	r3, [r5, #2]
1000362a:	e657      	b.n	100032dc <tud_task_ext+0x40c>
1000362c:	4655      	mov	r5, sl
1000362e:	e7fa      	b.n	10003626 <tud_task_ext+0x756>
10003630:	f7fe feaa 	bl	10002388 <tud_descriptor_bos_cb>
10003634:	1e02      	subs	r2, r0, #0
10003636:	d100      	bne.n	1000363a <tud_task_ext+0x76a>
10003638:	e5cc      	b.n	100031d4 <tud_task_ext+0x304>
1000363a:	78d3      	ldrb	r3, [r2, #3]
1000363c:	7891      	ldrb	r1, [r2, #2]
1000363e:	021b      	lsls	r3, r3, #8
10003640:	430b      	orrs	r3, r1
10003642:	4658      	mov	r0, fp
10003644:	a90e      	add	r1, sp, #56	@ 0x38
10003646:	f000 f90f 	bl	10003868 <tud_control_xfer>
1000364a:	e5d4      	b.n	100031f6 <tud_task_ext+0x326>
1000364c:	4665      	mov	r5, ip
1000364e:	003b      	movs	r3, r7
10003650:	002a      	movs	r2, r5
10003652:	0031      	movs	r1, r6
10003654:	980a      	ldr	r0, [sp, #40]	@ 0x28
10003656:	f000 fe7f 	bl	10004358 <tu_edpt_bind_driver>
1000365a:	46ac      	mov	ip, r5
1000365c:	9b04      	ldr	r3, [sp, #16]
1000365e:	9a03      	ldr	r2, [sp, #12]
10003660:	781b      	ldrb	r3, [r3, #0]
10003662:	4466      	add	r6, ip
10003664:	3301      	adds	r3, #1
10003666:	4293      	cmp	r3, r2
10003668:	db00      	blt.n	1000366c <tud_task_ext+0x79c>
1000366a:	e66c      	b.n	10003346 <tud_task_ext+0x476>
1000366c:	e7bf      	b.n	100035ee <tud_task_ext+0x71e>
1000366e:	4b17      	ldr	r3, [pc, #92]	@ (100036cc <tud_task_ext+0x7fc>)
10003670:	6929      	ldr	r1, [r5, #16]
10003672:	4299      	cmp	r1, r3
10003674:	d1ad      	bne.n	100035d2 <tud_task_ext+0x702>
10003676:	9a07      	ldr	r2, [sp, #28]
10003678:	e7ab      	b.n	100035d2 <tud_task_ext+0x702>
1000367a:	f7ff fb93 	bl	10002da4 <tud_descriptor_device_qualifier_cb>
1000367e:	1e02      	subs	r2, r0, #0
10003680:	d100      	bne.n	10003684 <tud_task_ext+0x7b4>
10003682:	e5a7      	b.n	100031d4 <tud_task_ext+0x304>
10003684:	4658      	mov	r0, fp
10003686:	7813      	ldrb	r3, [r2, #0]
10003688:	a90e      	add	r1, sp, #56	@ 0x38
1000368a:	f000 f8ed 	bl	10003868 <tud_control_xfer>
1000368e:	e5b2      	b.n	100031f6 <tud_task_ext+0x326>
10003690:	8921      	ldrh	r1, [r4, #8]
10003692:	f7ff f8c3 	bl	1000281c <tud_descriptor_string_cb>
10003696:	1e02      	subs	r2, r0, #0
10003698:	d1f4      	bne.n	10003684 <tud_task_ext+0x7b4>
1000369a:	e59b      	b.n	100031d4 <tud_task_ext+0x304>
1000369c:	2a02      	cmp	r2, #2
1000369e:	d00f      	beq.n	100036c0 <tud_task_ext+0x7f0>
100036a0:	f7ff fb82 	bl	10002da8 <tud_descriptor_other_speed_configuration_cb>
100036a4:	1e02      	subs	r2, r0, #0
100036a6:	d1c8      	bne.n	1000363a <tud_task_ext+0x76a>
100036a8:	e594      	b.n	100031d4 <tud_task_ext+0x304>
100036aa:	f7ff f8af 	bl	1000280c <tud_descriptor_device_cb>
100036ae:	1e02      	subs	r2, r0, #0
100036b0:	d100      	bne.n	100036b4 <tud_task_ext+0x7e4>
100036b2:	e58f      	b.n	100031d4 <tud_task_ext+0x304>
100036b4:	2312      	movs	r3, #18
100036b6:	4658      	mov	r0, fp
100036b8:	a90e      	add	r1, sp, #56	@ 0x38
100036ba:	f000 f8d5 	bl	10003868 <tud_control_xfer>
100036be:	e59a      	b.n	100031f6 <tud_task_ext+0x326>
100036c0:	f7ff f8a8 	bl	10002814 <tud_descriptor_configuration_cb>
100036c4:	1e02      	subs	r2, r0, #0
100036c6:	d1b8      	bne.n	1000363a <tud_task_ext+0x76a>
100036c8:	e584      	b.n	100031d4 <tud_task_ext+0x304>
100036ca:	46c0      	nop			@ (mov r8, r8)
100036cc:	10003d21 	.word	0x10003d21

100036d0 <usbd_open_edpt_pair>:
100036d0:	b5f8      	push	{r3, r4, r5, r6, r7, lr}
100036d2:	4657      	mov	r7, sl
100036d4:	464e      	mov	r6, r9
100036d6:	46de      	mov	lr, fp
100036d8:	4645      	mov	r5, r8
100036da:	000c      	movs	r4, r1
100036dc:	b5e0      	push	{r5, r6, r7, lr}
100036de:	0016      	movs	r6, r2
100036e0:	001f      	movs	r7, r3
100036e2:	2a00      	cmp	r2, #0
100036e4:	d03c      	beq.n	10003760 <usbd_open_edpt_pair+0x90>
100036e6:	2370      	movs	r3, #112	@ 0x70
100036e8:	4698      	mov	r8, r3
100036ea:	4b1e      	ldr	r3, [pc, #120]	@ (10003764 <usbd_open_edpt_pair+0x94>)
100036ec:	2500      	movs	r5, #0
100036ee:	469b      	mov	fp, r3
100036f0:	4b1d      	ldr	r3, [pc, #116]	@ (10003768 <usbd_open_edpt_pair+0x98>)
100036f2:	469a      	mov	sl, r3
100036f4:	e01a      	b.n	1000372c <usbd_open_edpt_pair+0x5c>
100036f6:	465b      	mov	r3, fp
100036f8:	781b      	ldrb	r3, [r3, #0]
100036fa:	0020      	movs	r0, r4
100036fc:	4699      	mov	r9, r3
100036fe:	4653      	mov	r3, sl
10003700:	7899      	ldrb	r1, [r3, #2]
10003702:	f000 fdeb 	bl	100042dc <tu_edpt_validate>
10003706:	2800      	cmp	r0, #0
10003708:	d01c      	beq.n	10003744 <usbd_open_edpt_pair+0x74>
1000370a:	0021      	movs	r1, r4
1000370c:	4648      	mov	r0, r9
1000370e:	f7ff fa2f 	bl	10002b70 <dcd_edpt_open>
10003712:	2800      	cmp	r0, #0
10003714:	d016      	beq.n	10003744 <usbd_open_edpt_pair+0x74>
10003716:	78a3      	ldrb	r3, [r4, #2]
10003718:	09da      	lsrs	r2, r3, #7
1000371a:	2a01      	cmp	r2, #1
1000371c:	d019      	beq.n	10003752 <usbd_open_edpt_pair+0x82>
1000371e:	9a0a      	ldr	r2, [sp, #40]	@ 0x28
10003720:	3501      	adds	r5, #1
10003722:	7013      	strb	r3, [r2, #0]
10003724:	7823      	ldrb	r3, [r4, #0]
10003726:	18e4      	adds	r4, r4, r3
10003728:	42b5      	cmp	r5, r6
1000372a:	da19      	bge.n	10003760 <usbd_open_edpt_pair+0x90>
1000372c:	7863      	ldrb	r3, [r4, #1]
1000372e:	2b05      	cmp	r3, #5
10003730:	d108      	bne.n	10003744 <usbd_open_edpt_pair+0x74>
10003732:	78e3      	ldrb	r3, [r4, #3]
10003734:	079b      	lsls	r3, r3, #30
10003736:	0f9b      	lsrs	r3, r3, #30
10003738:	42bb      	cmp	r3, r7
1000373a:	d103      	bne.n	10003744 <usbd_open_edpt_pair+0x74>
1000373c:	4642      	mov	r2, r8
1000373e:	78a3      	ldrb	r3, [r4, #2]
10003740:	421a      	tst	r2, r3
10003742:	d0d8      	beq.n	100036f6 <usbd_open_edpt_pair+0x26>
10003744:	2000      	movs	r0, #0
10003746:	bcf0      	pop	{r4, r5, r6, r7}
10003748:	46bb      	mov	fp, r7
1000374a:	46b2      	mov	sl, r6
1000374c:	46a9      	mov	r9, r5
1000374e:	46a0      	mov	r8, r4
10003750:	bdf8      	pop	{r3, r4, r5, r6, r7, pc}
10003752:	9a0b      	ldr	r2, [sp, #44]	@ 0x2c
10003754:	3501      	adds	r5, #1
10003756:	7013      	strb	r3, [r2, #0]
10003758:	7823      	ldrb	r3, [r4, #0]
1000375a:	18e4      	adds	r4, r4, r3
1000375c:	42b5      	cmp	r5, r6
1000375e:	dbe5      	blt.n	1000372c <usbd_open_edpt_pair+0x5c>
10003760:	2001      	movs	r0, #1
10003762:	e7f0      	b.n	10003746 <usbd_open_edpt_pair+0x76>
10003764:	200010bc 	.word	0x200010bc
10003768:	200016b0 	.word	0x200016b0

1000376c <usbd_edpt_open>:
1000376c:	2270      	movs	r2, #112	@ 0x70
1000376e:	b570      	push	{r4, r5, r6, lr}
10003770:	788b      	ldrb	r3, [r1, #2]
10003772:	000c      	movs	r4, r1
10003774:	421a      	tst	r2, r3
10003776:	d001      	beq.n	1000377c <usbd_edpt_open+0x10>
10003778:	2000      	movs	r0, #0
1000377a:	bd70      	pop	{r4, r5, r6, pc}
1000377c:	4b06      	ldr	r3, [pc, #24]	@ (10003798 <usbd_edpt_open+0x2c>)
1000377e:	0020      	movs	r0, r4
10003780:	781d      	ldrb	r5, [r3, #0]
10003782:	4b06      	ldr	r3, [pc, #24]	@ (1000379c <usbd_edpt_open+0x30>)
10003784:	7899      	ldrb	r1, [r3, #2]
10003786:	f000 fda9 	bl	100042dc <tu_edpt_validate>
1000378a:	2800      	cmp	r0, #0
1000378c:	d0f4      	beq.n	10003778 <usbd_edpt_open+0xc>
1000378e:	0021      	movs	r1, r4
10003790:	0028      	movs	r0, r5
10003792:	f7ff f9ed 	bl	10002b70 <dcd_edpt_open>
10003796:	e7f0      	b.n	1000377a <usbd_edpt_open+0xe>
10003798:	200010bc 	.word	0x200010bc
1000379c:	200016b0 	.word	0x200016b0

100037a0 <usbd_edpt_claim>:
100037a0:	000b      	movs	r3, r1
100037a2:	207f      	movs	r0, #127	@ 0x7f
100037a4:	b510      	push	{r4, lr}
100037a6:	4018      	ands	r0, r3
100037a8:	09db      	lsrs	r3, r3, #7
100037aa:	3334      	adds	r3, #52	@ 0x34
100037ac:	0040      	lsls	r0, r0, #1
100037ae:	4a04      	ldr	r2, [pc, #16]	@ (100037c0 <usbd_edpt_claim+0x20>)
100037b0:	18c0      	adds	r0, r0, r3
100037b2:	4b04      	ldr	r3, [pc, #16]	@ (100037c4 <usbd_edpt_claim+0x24>)
100037b4:	6811      	ldr	r1, [r2, #0]
100037b6:	18c0      	adds	r0, r0, r3
100037b8:	f000 fd4c 	bl	10004254 <tu_edpt_claim>
100037bc:	bd10      	pop	{r4, pc}
100037be:	46c0      	nop			@ (mov r8, r8)
100037c0:	20001704 	.word	0x20001704
100037c4:	200016b0 	.word	0x200016b0

100037c8 <usbd_edpt_release>:
100037c8:	000b      	movs	r3, r1
100037ca:	207f      	movs	r0, #127	@ 0x7f
100037cc:	b510      	push	{r4, lr}
100037ce:	4018      	ands	r0, r3
100037d0:	09db      	lsrs	r3, r3, #7
100037d2:	3334      	adds	r3, #52	@ 0x34
100037d4:	0040      	lsls	r0, r0, #1
100037d6:	4a04      	ldr	r2, [pc, #16]	@ (100037e8 <usbd_edpt_release+0x20>)
100037d8:	18c0      	adds	r0, r0, r3
100037da:	4b04      	ldr	r3, [pc, #16]	@ (100037ec <usbd_edpt_release+0x24>)
100037dc:	6811      	ldr	r1, [r2, #0]
100037de:	18c0      	adds	r0, r0, r3
100037e0:	f000 fd60 	bl	100042a4 <tu_edpt_release>
100037e4:	bd10      	pop	{r4, pc}
100037e6:	46c0      	nop			@ (mov r8, r8)
100037e8:	20001704 	.word	0x20001704
100037ec:	200016b0 	.word	0x200016b0

100037f0 <usbd_edpt_xfer>:
100037f0:	b570      	push	{r4, r5, r6, lr}
100037f2:	247f      	movs	r4, #127	@ 0x7f
100037f4:	480f      	ldr	r0, [pc, #60]	@ (10003834 <usbd_edpt_xfer+0x44>)
100037f6:	400c      	ands	r4, r1
100037f8:	0064      	lsls	r4, r4, #1
100037fa:	1904      	adds	r4, r0, r4
100037fc:	09cd      	lsrs	r5, r1, #7
100037fe:	1964      	adds	r4, r4, r5
10003800:	3430      	adds	r4, #48	@ 0x30
10003802:	7920      	ldrb	r0, [r4, #4]
10003804:	07c0      	lsls	r0, r0, #31
10003806:	d501      	bpl.n	1000380c <usbd_edpt_xfer+0x1c>
10003808:	2000      	movs	r0, #0
1000380a:	bd70      	pop	{r4, r5, r6, pc}
1000380c:	2601      	movs	r6, #1
1000380e:	7925      	ldrb	r5, [r4, #4]
10003810:	4809      	ldr	r0, [pc, #36]	@ (10003838 <usbd_edpt_xfer+0x48>)
10003812:	4335      	orrs	r5, r6
10003814:	7800      	ldrb	r0, [r0, #0]
10003816:	7125      	strb	r5, [r4, #4]
10003818:	f7ff fa38 	bl	10002c8c <dcd_edpt_xfer>
1000381c:	2800      	cmp	r0, #0
1000381e:	d1f4      	bne.n	1000380a <usbd_edpt_xfer+0x1a>
10003820:	2201      	movs	r2, #1
10003822:	7923      	ldrb	r3, [r4, #4]
10003824:	4393      	bics	r3, r2
10003826:	7123      	strb	r3, [r4, #4]
10003828:	7923      	ldrb	r3, [r4, #4]
1000382a:	3203      	adds	r2, #3
1000382c:	4393      	bics	r3, r2
1000382e:	7123      	strb	r3, [r4, #4]
10003830:	e7ea      	b.n	10003808 <usbd_edpt_xfer+0x18>
10003832:	46c0      	nop			@ (mov r8, r8)
10003834:	200016b0 	.word	0x200016b0
10003838:	200010bc 	.word	0x200010bc

1000383c <tud_control_status>:
1000383c:	b570      	push	{r4, r5, r6, lr}
1000383e:	4c09      	ldr	r4, [pc, #36]	@ (10003864 <tud_control_status+0x28>)
10003840:	0006      	movs	r6, r0
10003842:	2208      	movs	r2, #8
10003844:	0020      	movs	r0, r4
10003846:	000d      	movs	r5, r1
10003848:	f7fe fab8 	bl	10001dbc <__wrap___aeabi_memcpy>
1000384c:	2300      	movs	r3, #0
1000384e:	2180      	movs	r1, #128	@ 0x80
10003850:	60e3      	str	r3, [r4, #12]
10003852:	60a3      	str	r3, [r4, #8]
10003854:	782b      	ldrb	r3, [r5, #0]
10003856:	0030      	movs	r0, r6
10003858:	4399      	bics	r1, r3
1000385a:	2200      	movs	r2, #0
1000385c:	2300      	movs	r3, #0
1000385e:	f7ff ffc7 	bl	100037f0 <usbd_edpt_xfer>
10003862:	bd70      	pop	{r4, r5, r6, pc}
10003864:	20001690 	.word	0x20001690

10003868 <tud_control_xfer>:
10003868:	b5f8      	push	{r3, r4, r5, r6, r7, lr}
1000386a:	46ce      	mov	lr, r9
1000386c:	4647      	mov	r7, r8
1000386e:	4690      	mov	r8, r2
10003870:	4e25      	ldr	r6, [pc, #148]	@ (10003908 <tud_control_xfer+0xa0>)
10003872:	b580      	push	{r7, lr}
10003874:	4681      	mov	r9, r0
10003876:	2208      	movs	r2, #8
10003878:	0030      	movs	r0, r6
1000387a:	000d      	movs	r5, r1
1000387c:	001f      	movs	r7, r3
1000387e:	f7fe fa9d 	bl	10001dbc <__wrap___aeabi_memcpy>
10003882:	4643      	mov	r3, r8
10003884:	60b3      	str	r3, [r6, #8]
10003886:	2300      	movs	r3, #0
10003888:	81f3      	strh	r3, [r6, #14]
1000388a:	79ec      	ldrb	r4, [r5, #7]
1000388c:	79ab      	ldrb	r3, [r5, #6]
1000388e:	0224      	lsls	r4, r4, #8
10003890:	431c      	orrs	r4, r3
10003892:	1c23      	adds	r3, r4, #0
10003894:	42bc      	cmp	r4, r7
10003896:	d900      	bls.n	1000389a <tud_control_xfer+0x32>
10003898:	1c3b      	adds	r3, r7, #0
1000389a:	b29f      	uxth	r7, r3
1000389c:	81b3      	strh	r3, [r6, #12]
1000389e:	2c00      	cmp	r4, #0
100038a0:	d00d      	beq.n	100038be <tud_control_xfer+0x56>
100038a2:	2f00      	cmp	r7, #0
100038a4:	d017      	beq.n	100038d6 <tud_control_xfer+0x6e>
100038a6:	4642      	mov	r2, r8
100038a8:	2a00      	cmp	r2, #0
100038aa:	d02b      	beq.n	10003904 <tud_control_xfer+0x9c>
100038ac:	2f40      	cmp	r7, #64	@ 0x40
100038ae:	d81b      	bhi.n	100038e8 <tud_control_xfer+0x80>
100038b0:	b29f      	uxth	r7, r3
100038b2:	7833      	ldrb	r3, [r6, #0]
100038b4:	2b7f      	cmp	r3, #127	@ 0x7f
100038b6:	d81c      	bhi.n	100038f2 <tud_control_xfer+0x8a>
100038b8:	2100      	movs	r1, #0
100038ba:	4a14      	ldr	r2, [pc, #80]	@ (1000390c <tud_control_xfer+0xa4>)
100038bc:	e00f      	b.n	100038de <tud_control_xfer+0x76>
100038be:	2180      	movs	r1, #128	@ 0x80
100038c0:	782b      	ldrb	r3, [r5, #0]
100038c2:	2200      	movs	r2, #0
100038c4:	4399      	bics	r1, r3
100038c6:	4648      	mov	r0, r9
100038c8:	2300      	movs	r3, #0
100038ca:	f7ff ff91 	bl	100037f0 <usbd_edpt_xfer>
100038ce:	bcc0      	pop	{r6, r7}
100038d0:	46b9      	mov	r9, r7
100038d2:	46b0      	mov	r8, r6
100038d4:	bdf8      	pop	{r3, r4, r5, r6, r7, pc}
100038d6:	237f      	movs	r3, #127	@ 0x7f
100038d8:	2200      	movs	r2, #0
100038da:	7831      	ldrb	r1, [r6, #0]
100038dc:	4399      	bics	r1, r3
100038de:	003b      	movs	r3, r7
100038e0:	4648      	mov	r0, r9
100038e2:	f7ff ff85 	bl	100037f0 <usbd_edpt_xfer>
100038e6:	e7f2      	b.n	100038ce <tud_control_xfer+0x66>
100038e8:	2340      	movs	r3, #64	@ 0x40
100038ea:	b29f      	uxth	r7, r3
100038ec:	7833      	ldrb	r3, [r6, #0]
100038ee:	2b7f      	cmp	r3, #127	@ 0x7f
100038f0:	d9e2      	bls.n	100038b8 <tud_control_xfer+0x50>
100038f2:	4c06      	ldr	r4, [pc, #24]	@ (1000390c <tud_control_xfer+0xa4>)
100038f4:	003a      	movs	r2, r7
100038f6:	4641      	mov	r1, r8
100038f8:	0020      	movs	r0, r4
100038fa:	f7fe fa5f 	bl	10001dbc <__wrap___aeabi_memcpy>
100038fe:	2180      	movs	r1, #128	@ 0x80
10003900:	0022      	movs	r2, r4
10003902:	e7ec      	b.n	100038de <tud_control_xfer+0x76>
10003904:	2000      	movs	r0, #0
10003906:	e7e2      	b.n	100038ce <tud_control_xfer+0x66>
10003908:	20001690 	.word	0x20001690
1000390c:	20001650 	.word	0x20001650

10003910 <usbd_control_reset>:
10003910:	b510      	push	{r4, lr}
10003912:	2214      	movs	r2, #20
10003914:	2100      	movs	r1, #0
10003916:	4802      	ldr	r0, [pc, #8]	@ (10003920 <usbd_control_reset+0x10>)
10003918:	f7fe fa4a 	bl	10001db0 <__wrap_memset>
1000391c:	bd10      	pop	{r4, pc}
1000391e:	46c0      	nop			@ (mov r8, r8)
10003920:	20001690 	.word	0x20001690

10003924 <usbd_control_set_complete_callback>:
10003924:	4b01      	ldr	r3, [pc, #4]	@ (1000392c <usbd_control_set_complete_callback+0x8>)
10003926:	6118      	str	r0, [r3, #16]
10003928:	4770      	bx	lr
1000392a:	46c0      	nop			@ (mov r8, r8)
1000392c:	20001690 	.word	0x20001690

10003930 <usbd_control_set_request>:
10003930:	b510      	push	{r4, lr}
10003932:	4c05      	ldr	r4, [pc, #20]	@ (10003948 <usbd_control_set_request+0x18>)
10003934:	0001      	movs	r1, r0
10003936:	2208      	movs	r2, #8
10003938:	0020      	movs	r0, r4
1000393a:	f7fe fa3f 	bl	10001dbc <__wrap___aeabi_memcpy>
1000393e:	2300      	movs	r3, #0
10003940:	60a3      	str	r3, [r4, #8]
10003942:	60e3      	str	r3, [r4, #12]
10003944:	bd10      	pop	{r4, pc}
10003946:	46c0      	nop			@ (mov r8, r8)
10003948:	20001690 	.word	0x20001690

1000394c <usbd_control_xfer_cb>:
1000394c:	b570      	push	{r4, r5, r6, lr}
1000394e:	4c38      	ldr	r4, [pc, #224]	@ (10003a30 <usbd_control_xfer_cb+0xe4>)
10003950:	001d      	movs	r5, r3
10003952:	7823      	ldrb	r3, [r4, #0]
10003954:	0006      	movs	r6, r0
10003956:	09da      	lsrs	r2, r3, #7
10003958:	09c9      	lsrs	r1, r1, #7
1000395a:	428a      	cmp	r2, r1
1000395c:	d010      	beq.n	10003980 <usbd_control_xfer_cb+0x34>
1000395e:	2000      	movs	r0, #0
10003960:	2d00      	cmp	r5, #0
10003962:	d000      	beq.n	10003966 <usbd_control_xfer_cb+0x1a>
10003964:	bd70      	pop	{r4, r5, r6, pc}
10003966:	0021      	movs	r1, r4
10003968:	0030      	movs	r0, r6
1000396a:	f7ff f8f3 	bl	10002b54 <dcd_edpt0_status_complete>
1000396e:	6923      	ldr	r3, [r4, #16]
10003970:	2b00      	cmp	r3, #0
10003972:	d003      	beq.n	1000397c <usbd_control_xfer_cb+0x30>
10003974:	0022      	movs	r2, r4
10003976:	2103      	movs	r1, #3
10003978:	0030      	movs	r0, r6
1000397a:	4798      	blx	r3
1000397c:	2001      	movs	r0, #1
1000397e:	e7f1      	b.n	10003964 <usbd_control_xfer_cb+0x18>
10003980:	2b7f      	cmp	r3, #127	@ 0x7f
10003982:	d806      	bhi.n	10003992 <usbd_control_xfer_cb+0x46>
10003984:	68a0      	ldr	r0, [r4, #8]
10003986:	2800      	cmp	r0, #0
10003988:	d034      	beq.n	100039f4 <usbd_control_xfer_cb+0xa8>
1000398a:	002a      	movs	r2, r5
1000398c:	4929      	ldr	r1, [pc, #164]	@ (10003a34 <usbd_control_xfer_cb+0xe8>)
1000398e:	f7fe fa15 	bl	10001dbc <__wrap___aeabi_memcpy>
10003992:	89e2      	ldrh	r2, [r4, #14]
10003994:	68a1      	ldr	r1, [r4, #8]
10003996:	1952      	adds	r2, r2, r5
10003998:	88e3      	ldrh	r3, [r4, #6]
1000399a:	b292      	uxth	r2, r2
1000399c:	1949      	adds	r1, r1, r5
1000399e:	81e2      	strh	r2, [r4, #14]
100039a0:	60a1      	str	r1, [r4, #8]
100039a2:	4293      	cmp	r3, r2
100039a4:	d014      	beq.n	100039d0 <usbd_control_xfer_cb+0x84>
100039a6:	2d3f      	cmp	r5, #63	@ 0x3f
100039a8:	d912      	bls.n	100039d0 <usbd_control_xfer_cb+0x84>
100039aa:	89a3      	ldrh	r3, [r4, #12]
100039ac:	1a98      	subs	r0, r3, r2
100039ae:	1c05      	adds	r5, r0, #0
100039b0:	b280      	uxth	r0, r0
100039b2:	2840      	cmp	r0, #64	@ 0x40
100039b4:	d82a      	bhi.n	10003a0c <usbd_control_xfer_cb+0xc0>
100039b6:	7820      	ldrb	r0, [r4, #0]
100039b8:	b2ad      	uxth	r5, r5
100039ba:	287f      	cmp	r0, #127	@ 0x7f
100039bc:	d828      	bhi.n	10003a10 <usbd_control_xfer_cb+0xc4>
100039be:	2100      	movs	r1, #0
100039c0:	429a      	cmp	r2, r3
100039c2:	d032      	beq.n	10003a2a <usbd_control_xfer_cb+0xde>
100039c4:	4a1b      	ldr	r2, [pc, #108]	@ (10003a34 <usbd_control_xfer_cb+0xe8>)
100039c6:	002b      	movs	r3, r5
100039c8:	0030      	movs	r0, r6
100039ca:	f7ff ff11 	bl	100037f0 <usbd_edpt_xfer>
100039ce:	e7c9      	b.n	10003964 <usbd_control_xfer_cb+0x18>
100039d0:	6923      	ldr	r3, [r4, #16]
100039d2:	2b00      	cmp	r3, #0
100039d4:	d005      	beq.n	100039e2 <usbd_control_xfer_cb+0x96>
100039d6:	0022      	movs	r2, r4
100039d8:	2102      	movs	r1, #2
100039da:	0030      	movs	r0, r6
100039dc:	4798      	blx	r3
100039de:	2800      	cmp	r0, #0
100039e0:	d00a      	beq.n	100039f8 <usbd_control_xfer_cb+0xac>
100039e2:	2180      	movs	r1, #128	@ 0x80
100039e4:	7823      	ldrb	r3, [r4, #0]
100039e6:	2200      	movs	r2, #0
100039e8:	4399      	bics	r1, r3
100039ea:	0030      	movs	r0, r6
100039ec:	2300      	movs	r3, #0
100039ee:	f7ff feff 	bl	100037f0 <usbd_edpt_xfer>
100039f2:	e7b7      	b.n	10003964 <usbd_control_xfer_cb+0x18>
100039f4:	2000      	movs	r0, #0
100039f6:	e7b5      	b.n	10003964 <usbd_control_xfer_cb+0x18>
100039f8:	2100      	movs	r1, #0
100039fa:	0030      	movs	r0, r6
100039fc:	f7ff f958 	bl	10002cb0 <dcd_edpt_stall>
10003a00:	0030      	movs	r0, r6
10003a02:	2180      	movs	r1, #128	@ 0x80
10003a04:	f7ff f954 	bl	10002cb0 <dcd_edpt_stall>
10003a08:	2001      	movs	r0, #1
10003a0a:	e7ab      	b.n	10003964 <usbd_control_xfer_cb+0x18>
10003a0c:	2540      	movs	r5, #64	@ 0x40
10003a0e:	e7d2      	b.n	100039b6 <usbd_control_xfer_cb+0x6a>
10003a10:	429a      	cmp	r2, r3
10003a12:	d007      	beq.n	10003a24 <usbd_control_xfer_cb+0xd8>
10003a14:	4c07      	ldr	r4, [pc, #28]	@ (10003a34 <usbd_control_xfer_cb+0xe8>)
10003a16:	002a      	movs	r2, r5
10003a18:	0020      	movs	r0, r4
10003a1a:	f7fe f9cf 	bl	10001dbc <__wrap___aeabi_memcpy>
10003a1e:	2180      	movs	r1, #128	@ 0x80
10003a20:	0022      	movs	r2, r4
10003a22:	e7d0      	b.n	100039c6 <usbd_control_xfer_cb+0x7a>
10003a24:	2180      	movs	r1, #128	@ 0x80
10003a26:	2200      	movs	r2, #0
10003a28:	e7cd      	b.n	100039c6 <usbd_control_xfer_cb+0x7a>
10003a2a:	2200      	movs	r2, #0
10003a2c:	e7cb      	b.n	100039c6 <usbd_control_xfer_cb+0x7a>
10003a2e:	46c0      	nop			@ (mov r8, r8)
10003a30:	20001690 	.word	0x20001690
10003a34:	20001650 	.word	0x20001650

10003a38 <_prep_out_transaction.isra.0>:
10003a38:	b570      	push	{r4, r5, r6, lr}
10003a3a:	0004      	movs	r4, r0
10003a3c:	f7ff f9be 	bl	10002dbc <tud_mounted>
10003a40:	2800      	cmp	r0, #0
10003a42:	d100      	bne.n	10003a46 <_prep_out_transaction.isra.0+0xe>
10003a44:	bd70      	pop	{r4, r5, r6, pc}
10003a46:	f7ff f9c1 	bl	10002dcc <tud_suspended>
10003a4a:	2800      	cmp	r0, #0
10003a4c:	d1fa      	bne.n	10003a44 <_prep_out_transaction.isra.0+0xc>
10003a4e:	23c8      	movs	r3, #200	@ 0xc8
10003a50:	4363      	muls	r3, r4
10003a52:	4d12      	ldr	r5, [pc, #72]	@ (10003a9c <_prep_out_transaction.isra.0+0x64>)
10003a54:	18ee      	adds	r6, r5, r3
10003a56:	78f1      	ldrb	r1, [r6, #3]
10003a58:	2900      	cmp	r1, #0
10003a5a:	d0f3      	beq.n	10003a44 <_prep_out_transaction.isra.0+0xc>
10003a5c:	3310      	adds	r3, #16
10003a5e:	195d      	adds	r5, r3, r5
10003a60:	0028      	movs	r0, r5
10003a62:	f000 fdf3 	bl	1000464c <tu_fifo_remaining>
10003a66:	283f      	cmp	r0, #63	@ 0x3f
10003a68:	d9ec      	bls.n	10003a44 <_prep_out_transaction.isra.0+0xc>
10003a6a:	2000      	movs	r0, #0
10003a6c:	78f1      	ldrb	r1, [r6, #3]
10003a6e:	f7ff fe97 	bl	100037a0 <usbd_edpt_claim>
10003a72:	2800      	cmp	r0, #0
10003a74:	d0e6      	beq.n	10003a44 <_prep_out_transaction.isra.0+0xc>
10003a76:	0028      	movs	r0, r5
10003a78:	f000 fde8 	bl	1000464c <tu_fifo_remaining>
10003a7c:	78f1      	ldrb	r1, [r6, #3]
10003a7e:	283f      	cmp	r0, #63	@ 0x3f
10003a80:	d907      	bls.n	10003a92 <_prep_out_transaction.isra.0+0x5a>
10003a82:	4b07      	ldr	r3, [pc, #28]	@ (10003aa0 <_prep_out_transaction.isra.0+0x68>)
10003a84:	01e2      	lsls	r2, r4, #7
10003a86:	18d2      	adds	r2, r2, r3
10003a88:	2000      	movs	r0, #0
10003a8a:	2340      	movs	r3, #64	@ 0x40
10003a8c:	f7ff feb0 	bl	100037f0 <usbd_edpt_xfer>
10003a90:	e7d8      	b.n	10003a44 <_prep_out_transaction.isra.0+0xc>
10003a92:	2000      	movs	r0, #0
10003a94:	f7ff fe98 	bl	100037c8 <usbd_edpt_release>
10003a98:	e7d4      	b.n	10003a44 <_prep_out_transaction.isra.0+0xc>
10003a9a:	46c0      	nop			@ (mov r8, r8)
10003a9c:	20001588 	.word	0x20001588
10003aa0:	20001504 	.word	0x20001504

10003aa4 <tud_cdc_n_connected>:
10003aa4:	b510      	push	{r4, lr}
10003aa6:	0004      	movs	r4, r0
10003aa8:	f7ff f988 	bl	10002dbc <tud_mounted>
10003aac:	2800      	cmp	r0, #0
10003aae:	d101      	bne.n	10003ab4 <tud_cdc_n_connected+0x10>
10003ab0:	2000      	movs	r0, #0
10003ab2:	bd10      	pop	{r4, pc}
10003ab4:	f7ff f98a 	bl	10002dcc <tud_suspended>
10003ab8:	2800      	cmp	r0, #0
10003aba:	d1f9      	bne.n	10003ab0 <tud_cdc_n_connected+0xc>
10003abc:	22c8      	movs	r2, #200	@ 0xc8
10003abe:	4362      	muls	r2, r4
10003ac0:	4b02      	ldr	r3, [pc, #8]	@ (10003acc <tud_cdc_n_connected+0x28>)
10003ac2:	3001      	adds	r0, #1
10003ac4:	189b      	adds	r3, r3, r2
10003ac6:	791b      	ldrb	r3, [r3, #4]
10003ac8:	4018      	ands	r0, r3
10003aca:	e7f2      	b.n	10003ab2 <tud_cdc_n_connected+0xe>
10003acc:	20001588 	.word	0x20001588

10003ad0 <tud_cdc_n_available>:
10003ad0:	23c8      	movs	r3, #200	@ 0xc8
10003ad2:	b510      	push	{r4, lr}
10003ad4:	4343      	muls	r3, r0
10003ad6:	4802      	ldr	r0, [pc, #8]	@ (10003ae0 <tud_cdc_n_available+0x10>)
10003ad8:	1818      	adds	r0, r3, r0
10003ada:	f000 fd99 	bl	10004610 <tu_fifo_count>
10003ade:	bd10      	pop	{r4, pc}
10003ae0:	20001598 	.word	0x20001598

10003ae4 <tud_cdc_n_read>:
10003ae4:	b5f8      	push	{r3, r4, r5, r6, r7, lr}
10003ae6:	24c8      	movs	r4, #200	@ 0xc8
10003ae8:	2380      	movs	r3, #128	@ 0x80
10003aea:	4344      	muls	r4, r0
10003aec:	4f1c      	ldr	r7, [pc, #112]	@ (10003b60 <tud_cdc_n_read+0x7c>)
10003aee:	3410      	adds	r4, #16
10003af0:	0005      	movs	r5, r0
10003af2:	193c      	adds	r4, r7, r4
10003af4:	025b      	lsls	r3, r3, #9
10003af6:	429a      	cmp	r2, r3
10003af8:	d300      	bcc.n	10003afc <tud_cdc_n_read+0x18>
10003afa:	4a1a      	ldr	r2, [pc, #104]	@ (10003b64 <tud_cdc_n_read+0x80>)
10003afc:	0020      	movs	r0, r4
10003afe:	b292      	uxth	r2, r2
10003b00:	f000 fe08 	bl	10004714 <tu_fifo_read_n>
10003b04:	0006      	movs	r6, r0
10003b06:	f7ff f959 	bl	10002dbc <tud_mounted>
10003b0a:	2800      	cmp	r0, #0
10003b0c:	d101      	bne.n	10003b12 <tud_cdc_n_read+0x2e>
10003b0e:	0030      	movs	r0, r6
10003b10:	bdf8      	pop	{r3, r4, r5, r6, r7, pc}
10003b12:	f7ff f95b 	bl	10002dcc <tud_suspended>
10003b16:	2800      	cmp	r0, #0
10003b18:	d1f9      	bne.n	10003b0e <tud_cdc_n_read+0x2a>
10003b1a:	23c8      	movs	r3, #200	@ 0xc8
10003b1c:	436b      	muls	r3, r5
10003b1e:	18ff      	adds	r7, r7, r3
10003b20:	78fb      	ldrb	r3, [r7, #3]
10003b22:	2b00      	cmp	r3, #0
10003b24:	d0f3      	beq.n	10003b0e <tud_cdc_n_read+0x2a>
10003b26:	0020      	movs	r0, r4
10003b28:	f000 fd90 	bl	1000464c <tu_fifo_remaining>
10003b2c:	283f      	cmp	r0, #63	@ 0x3f
10003b2e:	d9ee      	bls.n	10003b0e <tud_cdc_n_read+0x2a>
10003b30:	2000      	movs	r0, #0
10003b32:	78f9      	ldrb	r1, [r7, #3]
10003b34:	f7ff fe34 	bl	100037a0 <usbd_edpt_claim>
10003b38:	2800      	cmp	r0, #0
10003b3a:	d0e8      	beq.n	10003b0e <tud_cdc_n_read+0x2a>
10003b3c:	0020      	movs	r0, r4
10003b3e:	f000 fd85 	bl	1000464c <tu_fifo_remaining>
10003b42:	78f9      	ldrb	r1, [r7, #3]
10003b44:	283f      	cmp	r0, #63	@ 0x3f
10003b46:	d907      	bls.n	10003b58 <tud_cdc_n_read+0x74>
10003b48:	4b07      	ldr	r3, [pc, #28]	@ (10003b68 <tud_cdc_n_read+0x84>)
10003b4a:	01ea      	lsls	r2, r5, #7
10003b4c:	18d2      	adds	r2, r2, r3
10003b4e:	2000      	movs	r0, #0
10003b50:	2340      	movs	r3, #64	@ 0x40
10003b52:	f7ff fe4d 	bl	100037f0 <usbd_edpt_xfer>
10003b56:	e7da      	b.n	10003b0e <tud_cdc_n_read+0x2a>
10003b58:	2000      	movs	r0, #0
10003b5a:	f7ff fe35 	bl	100037c8 <usbd_edpt_release>
10003b5e:	e7d6      	b.n	10003b0e <tud_cdc_n_read+0x2a>
10003b60:	20001588 	.word	0x20001588
10003b64:	0000ffff 	.word	0x0000ffff
10003b68:	20001504 	.word	0x20001504

10003b6c <tud_cdc_n_write_flush>:
10003b6c:	b5f8      	push	{r3, r4, r5, r6, r7, lr}
10003b6e:	0004      	movs	r4, r0
10003b70:	f7ff f924 	bl	10002dbc <tud_mounted>
10003b74:	2800      	cmp	r0, #0
10003b76:	d101      	bne.n	10003b7c <tud_cdc_n_write_flush+0x10>
10003b78:	2000      	movs	r0, #0
10003b7a:	bdf8      	pop	{r3, r4, r5, r6, r7, pc}
10003b7c:	f7ff f926 	bl	10002dcc <tud_suspended>
10003b80:	2800      	cmp	r0, #0
10003b82:	d1f9      	bne.n	10003b78 <tud_cdc_n_write_flush+0xc>
10003b84:	25c8      	movs	r5, #200	@ 0xc8
10003b86:	4365      	muls	r5, r4
10003b88:	002e      	movs	r6, r5
10003b8a:	4f13      	ldr	r7, [pc, #76]	@ (10003bd8 <tud_cdc_n_write_flush+0x6c>)
10003b8c:	3624      	adds	r6, #36	@ 0x24
10003b8e:	19f6      	adds	r6, r6, r7
10003b90:	0030      	movs	r0, r6
10003b92:	f000 fd3d 	bl	10004610 <tu_fifo_count>
10003b96:	2800      	cmp	r0, #0
10003b98:	d0ee      	beq.n	10003b78 <tud_cdc_n_write_flush+0xc>
10003b9a:	197f      	adds	r7, r7, r5
10003b9c:	2000      	movs	r0, #0
10003b9e:	78b9      	ldrb	r1, [r7, #2]
10003ba0:	f7ff fdfe 	bl	100037a0 <usbd_edpt_claim>
10003ba4:	2800      	cmp	r0, #0
10003ba6:	d0e7      	beq.n	10003b78 <tud_cdc_n_write_flush+0xc>
10003ba8:	4d0c      	ldr	r5, [pc, #48]	@ (10003bdc <tud_cdc_n_write_flush+0x70>)
10003baa:	01e4      	lsls	r4, r4, #7
10003bac:	1965      	adds	r5, r4, r5
10003bae:	0029      	movs	r1, r5
10003bb0:	2240      	movs	r2, #64	@ 0x40
10003bb2:	0030      	movs	r0, r6
10003bb4:	f000 fdae 	bl	10004714 <tu_fifo_read_n>
10003bb8:	78b9      	ldrb	r1, [r7, #2]
10003bba:	1e04      	subs	r4, r0, #0
10003bbc:	d008      	beq.n	10003bd0 <tud_cdc_n_write_flush+0x64>
10003bbe:	0003      	movs	r3, r0
10003bc0:	002a      	movs	r2, r5
10003bc2:	2000      	movs	r0, #0
10003bc4:	f7ff fe14 	bl	100037f0 <usbd_edpt_xfer>
10003bc8:	2800      	cmp	r0, #0
10003bca:	d0d5      	beq.n	10003b78 <tud_cdc_n_write_flush+0xc>
10003bcc:	0020      	movs	r0, r4
10003bce:	e7d4      	b.n	10003b7a <tud_cdc_n_write_flush+0xe>
10003bd0:	2000      	movs	r0, #0
10003bd2:	f7ff fdf9 	bl	100037c8 <usbd_edpt_release>
10003bd6:	e7cf      	b.n	10003b78 <tud_cdc_n_write_flush+0xc>
10003bd8:	20001588 	.word	0x20001588
10003bdc:	20001544 	.word	0x20001544

10003be0 <tud_cdc_n_write>:
10003be0:	b570      	push	{r4, r5, r6, lr}
10003be2:	24c8      	movs	r4, #200	@ 0xc8
10003be4:	4344      	muls	r4, r0
10003be6:	4b0c      	ldr	r3, [pc, #48]	@ (10003c18 <tud_cdc_n_write+0x38>)
10003be8:	0005      	movs	r5, r0
10003bea:	18e4      	adds	r4, r4, r3
10003bec:	2380      	movs	r3, #128	@ 0x80
10003bee:	025b      	lsls	r3, r3, #9
10003bf0:	429a      	cmp	r2, r3
10003bf2:	d300      	bcc.n	10003bf6 <tud_cdc_n_write+0x16>
10003bf4:	4a09      	ldr	r2, [pc, #36]	@ (10003c1c <tud_cdc_n_write+0x3c>)
10003bf6:	0020      	movs	r0, r4
10003bf8:	b292      	uxth	r2, r2
10003bfa:	f000 fe51 	bl	100048a0 <tu_fifo_write_n>
10003bfe:	0006      	movs	r6, r0
10003c00:	0020      	movs	r0, r4
10003c02:	f000 fd05 	bl	10004610 <tu_fifo_count>
10003c06:	283f      	cmp	r0, #63	@ 0x3f
10003c08:	d801      	bhi.n	10003c0e <tud_cdc_n_write+0x2e>
10003c0a:	0030      	movs	r0, r6
10003c0c:	bd70      	pop	{r4, r5, r6, pc}
10003c0e:	0028      	movs	r0, r5
10003c10:	f7ff ffac 	bl	10003b6c <tud_cdc_n_write_flush>
10003c14:	e7f9      	b.n	10003c0a <tud_cdc_n_write+0x2a>
10003c16:	46c0      	nop			@ (mov r8, r8)
10003c18:	200015ac 	.word	0x200015ac
10003c1c:	0000ffff 	.word	0x0000ffff

10003c20 <tud_cdc_n_write_available>:
10003c20:	23c8      	movs	r3, #200	@ 0xc8
10003c22:	b510      	push	{r4, lr}
10003c24:	4343      	muls	r3, r0
10003c26:	4802      	ldr	r0, [pc, #8]	@ (10003c30 <tud_cdc_n_write_available+0x10>)
10003c28:	1818      	adds	r0, r3, r0
10003c2a:	f000 fd0f 	bl	1000464c <tu_fifo_remaining>
10003c2e:	bd10      	pop	{r4, pc}
10003c30:	200015ac 	.word	0x200015ac

10003c34 <cdcd_init>:
10003c34:	b5f0      	push	{r4, r5, r6, r7, lr}
10003c36:	2500      	movs	r5, #0
10003c38:	4c18      	ldr	r4, [pc, #96]	@ (10003c9c <cdcd_init+0x68>)
10003c3a:	b083      	sub	sp, #12
10003c3c:	22c8      	movs	r2, #200	@ 0xc8
10003c3e:	2100      	movs	r1, #0
10003c40:	0020      	movs	r0, r4
10003c42:	f7fe f8b5 	bl	10001db0 <__wrap_memset>
10003c46:	4b16      	ldr	r3, [pc, #88]	@ (10003ca0 <cdcd_init+0x6c>)
10003c48:	0021      	movs	r1, r4
10003c4a:	701d      	strb	r5, [r3, #0]
10003c4c:	23ff      	movs	r3, #255	@ 0xff
10003c4e:	7163      	strb	r3, [r4, #5]
10003c50:	23e1      	movs	r3, #225	@ 0xe1
10003c52:	025b      	lsls	r3, r3, #9
10003c54:	60a3      	str	r3, [r4, #8]
10003c56:	0020      	movs	r0, r4
10003c58:	2308      	movs	r3, #8
10003c5a:	2240      	movs	r2, #64	@ 0x40
10003c5c:	73a3      	strb	r3, [r4, #14]
10003c5e:	3138      	adds	r1, #56	@ 0x38
10003c60:	9500      	str	r5, [sp, #0]
10003c62:	3b07      	subs	r3, #7
10003c64:	3010      	adds	r0, #16
10003c66:	f000 fc9d 	bl	100045a4 <tu_fifo_config>
10003c6a:	0027      	movs	r7, r4
10003c6c:	2301      	movs	r3, #1
10003c6e:	0021      	movs	r1, r4
10003c70:	0020      	movs	r0, r4
10003c72:	0026      	movs	r6, r4
10003c74:	2240      	movs	r2, #64	@ 0x40
10003c76:	3178      	adds	r1, #120	@ 0x78
10003c78:	9300      	str	r3, [sp, #0]
10003c7a:	37b8      	adds	r7, #184	@ 0xb8
10003c7c:	3024      	adds	r0, #36	@ 0x24
10003c7e:	f000 fc91 	bl	100045a4 <tu_fifo_config>
10003c82:	36c0      	adds	r6, #192	@ 0xc0
10003c84:	0038      	movs	r0, r7
10003c86:	f7fc ff6b 	bl	10000b60 <mutex_init>
10003c8a:	0030      	movs	r0, r6
10003c8c:	f7fc ff68 	bl	10000b60 <mutex_init>
10003c90:	61e5      	str	r5, [r4, #28]
10003c92:	6227      	str	r7, [r4, #32]
10003c94:	6326      	str	r6, [r4, #48]	@ 0x30
10003c96:	6365      	str	r5, [r4, #52]	@ 0x34
10003c98:	b003      	add	sp, #12
10003c9a:	bdf0      	pop	{r4, r5, r6, r7, pc}
10003c9c:	20001588 	.word	0x20001588
10003ca0:	20001584 	.word	0x20001584

10003ca4 <cdcd_deinit>:
10003ca4:	4a0a      	ldr	r2, [pc, #40]	@ (10003cd0 <cdcd_deinit+0x2c>)
10003ca6:	6b11      	ldr	r1, [r2, #48]	@ 0x30
10003ca8:	6a13      	ldr	r3, [r2, #32]
10003caa:	2900      	cmp	r1, #0
10003cac:	d00c      	beq.n	10003cc8 <cdcd_deinit+0x24>
10003cae:	2b00      	cmp	r3, #0
10003cb0:	d007      	beq.n	10003cc2 <cdcd_deinit+0x1e>
10003cb2:	2300      	movs	r3, #0
10003cb4:	61d3      	str	r3, [r2, #28]
10003cb6:	6353      	str	r3, [r2, #52]	@ 0x34
10003cb8:	6313      	str	r3, [r2, #48]	@ 0x30
10003cba:	2300      	movs	r3, #0
10003cbc:	6213      	str	r3, [r2, #32]
10003cbe:	2001      	movs	r0, #1
10003cc0:	4770      	bx	lr
10003cc2:	6353      	str	r3, [r2, #52]	@ 0x34
10003cc4:	6313      	str	r3, [r2, #48]	@ 0x30
10003cc6:	e7fa      	b.n	10003cbe <cdcd_deinit+0x1a>
10003cc8:	2b00      	cmp	r3, #0
10003cca:	d0f8      	beq.n	10003cbe <cdcd_deinit+0x1a>
10003ccc:	61d1      	str	r1, [r2, #28]
10003cce:	e7f4      	b.n	10003cba <cdcd_deinit+0x16>
10003cd0:	20001588 	.word	0x20001588

10003cd4 <cdcd_reset>:
10003cd4:	b570      	push	{r4, r5, r6, lr}
10003cd6:	4c0f      	ldr	r4, [pc, #60]	@ (10003d14 <cdcd_reset+0x40>)
10003cd8:	2205      	movs	r2, #5
10003cda:	2100      	movs	r1, #0
10003cdc:	0020      	movs	r0, r4
10003cde:	f7fe f867 	bl	10001db0 <__wrap_memset>
10003ce2:	4d0d      	ldr	r5, [pc, #52]	@ (10003d18 <cdcd_reset+0x44>)
10003ce4:	782b      	ldrb	r3, [r5, #0]
10003ce6:	07da      	lsls	r2, r3, #31
10003ce8:	d507      	bpl.n	10003cfa <cdcd_reset+0x26>
10003cea:	4c0c      	ldr	r4, [pc, #48]	@ (10003d1c <cdcd_reset+0x48>)
10003cec:	079b      	lsls	r3, r3, #30
10003cee:	d50c      	bpl.n	10003d0a <cdcd_reset+0x36>
10003cf0:	2101      	movs	r1, #1
10003cf2:	0020      	movs	r0, r4
10003cf4:	f000 feb0 	bl	10004a58 <tu_fifo_set_overwritable>
10003cf8:	bd70      	pop	{r4, r5, r6, pc}
10003cfa:	0020      	movs	r0, r4
10003cfc:	3010      	adds	r0, #16
10003cfe:	f000 fe8b 	bl	10004a18 <tu_fifo_clear>
10003d02:	782b      	ldrb	r3, [r5, #0]
10003d04:	4c05      	ldr	r4, [pc, #20]	@ (10003d1c <cdcd_reset+0x48>)
10003d06:	079b      	lsls	r3, r3, #30
10003d08:	d4f2      	bmi.n	10003cf0 <cdcd_reset+0x1c>
10003d0a:	0020      	movs	r0, r4
10003d0c:	f000 fe84 	bl	10004a18 <tu_fifo_clear>
10003d10:	e7ee      	b.n	10003cf0 <cdcd_reset+0x1c>
10003d12:	46c0      	nop			@ (mov r8, r8)
10003d14:	20001588 	.word	0x20001588
10003d18:	20001584 	.word	0x20001584
10003d1c:	200015ac 	.word	0x200015ac

10003d20 <cdcd_open>:
10003d20:	b5f0      	push	{r4, r5, r6, r7, lr}
10003d22:	794b      	ldrb	r3, [r1, #5]
10003d24:	0006      	movs	r6, r0
10003d26:	b083      	sub	sp, #12
10003d28:	2b02      	cmp	r3, #2
10003d2a:	d102      	bne.n	10003d32 <cdcd_open+0x12>
10003d2c:	798b      	ldrb	r3, [r1, #6]
10003d2e:	2b02      	cmp	r3, #2
10003d30:	d003      	beq.n	10003d3a <cdcd_open+0x1a>
10003d32:	2500      	movs	r5, #0
10003d34:	0028      	movs	r0, r5
10003d36:	b003      	add	sp, #12
10003d38:	bdf0      	pop	{r4, r5, r6, r7, pc}
10003d3a:	4f20      	ldr	r7, [pc, #128]	@ (10003dbc <cdcd_open+0x9c>)
10003d3c:	78bb      	ldrb	r3, [r7, #2]
10003d3e:	2b00      	cmp	r3, #0
10003d40:	d1f7      	bne.n	10003d32 <cdcd_open+0x12>
10003d42:	788b      	ldrb	r3, [r1, #2]
10003d44:	2509      	movs	r5, #9
10003d46:	703b      	strb	r3, [r7, #0]
10003d48:	780c      	ldrb	r4, [r1, #0]
10003d4a:	190c      	adds	r4, r1, r4
10003d4c:	7863      	ldrb	r3, [r4, #1]
10003d4e:	2b24      	cmp	r3, #36	@ 0x24
10003d50:	d007      	beq.n	10003d62 <cdcd_open+0x42>
10003d52:	e00c      	b.n	10003d6e <cdcd_open+0x4e>
10003d54:	7823      	ldrb	r3, [r4, #0]
10003d56:	18e4      	adds	r4, r4, r3
10003d58:	195d      	adds	r5, r3, r5
10003d5a:	7863      	ldrb	r3, [r4, #1]
10003d5c:	b2ad      	uxth	r5, r5
10003d5e:	2b24      	cmp	r3, #36	@ 0x24
10003d60:	d105      	bne.n	10003d6e <cdcd_open+0x4e>
10003d62:	4295      	cmp	r5, r2
10003d64:	d9f6      	bls.n	10003d54 <cdcd_open+0x34>
10003d66:	2000      	movs	r0, #0
10003d68:	f7ff fe66 	bl	10003a38 <_prep_out_transaction.isra.0>
10003d6c:	e7e2      	b.n	10003d34 <cdcd_open+0x14>
10003d6e:	001a      	movs	r2, r3
10003d70:	2b05      	cmp	r3, #5
10003d72:	d015      	beq.n	10003da0 <cdcd_open+0x80>
10003d74:	2a04      	cmp	r2, #4
10003d76:	d1f6      	bne.n	10003d66 <cdcd_open+0x46>
10003d78:	7963      	ldrb	r3, [r4, #5]
10003d7a:	2b0a      	cmp	r3, #10
10003d7c:	d1f3      	bne.n	10003d66 <cdcd_open+0x46>
10003d7e:	4b10      	ldr	r3, [pc, #64]	@ (10003dc0 <cdcd_open+0xa0>)
10003d80:	7827      	ldrb	r7, [r4, #0]
10003d82:	9301      	str	r3, [sp, #4]
10003d84:	3301      	adds	r3, #1
10003d86:	9300      	str	r3, [sp, #0]
10003d88:	0030      	movs	r0, r6
10003d8a:	2302      	movs	r3, #2
10003d8c:	19e1      	adds	r1, r4, r7
10003d8e:	3a02      	subs	r2, #2
10003d90:	f7ff fc9e 	bl	100036d0 <usbd_open_edpt_pair>
10003d94:	2800      	cmp	r0, #0
10003d96:	d0cc      	beq.n	10003d32 <cdcd_open+0x12>
10003d98:	350e      	adds	r5, #14
10003d9a:	19ed      	adds	r5, r5, r7
10003d9c:	b2ad      	uxth	r5, r5
10003d9e:	e7e2      	b.n	10003d66 <cdcd_open+0x46>
10003da0:	0021      	movs	r1, r4
10003da2:	0030      	movs	r0, r6
10003da4:	f7ff fce2 	bl	1000376c <usbd_edpt_open>
10003da8:	2800      	cmp	r0, #0
10003daa:	d0c2      	beq.n	10003d32 <cdcd_open+0x12>
10003dac:	78a3      	ldrb	r3, [r4, #2]
10003dae:	707b      	strb	r3, [r7, #1]
10003db0:	7823      	ldrb	r3, [r4, #0]
10003db2:	195d      	adds	r5, r3, r5
10003db4:	18e4      	adds	r4, r4, r3
10003db6:	7862      	ldrb	r2, [r4, #1]
10003db8:	b2ad      	uxth	r5, r5
10003dba:	e7db      	b.n	10003d74 <cdcd_open+0x54>
10003dbc:	20001588 	.word	0x20001588
10003dc0:	2000158a 	.word	0x2000158a

10003dc4 <cdcd_control_xfer_cb>:
10003dc4:	b5f8      	push	{r3, r4, r5, r6, r7, lr}
10003dc6:	2360      	movs	r3, #96	@ 0x60
10003dc8:	0014      	movs	r4, r2
10003dca:	7812      	ldrb	r2, [r2, #0]
10003dcc:	0005      	movs	r5, r0
10003dce:	4013      	ands	r3, r2
10003dd0:	2000      	movs	r0, #0
10003dd2:	2b20      	cmp	r3, #32
10003dd4:	d107      	bne.n	10003de6 <cdcd_control_xfer_cb+0x22>
10003dd6:	4a30      	ldr	r2, [pc, #192]	@ (10003e98 <cdcd_control_xfer_cb+0xd4>)
10003dd8:	7963      	ldrb	r3, [r4, #5]
10003dda:	7927      	ldrb	r7, [r4, #4]
10003ddc:	7816      	ldrb	r6, [r2, #0]
10003dde:	021b      	lsls	r3, r3, #8
10003de0:	433b      	orrs	r3, r7
10003de2:	429e      	cmp	r6, r3
10003de4:	d000      	beq.n	10003de8 <cdcd_control_xfer_cb+0x24>
10003de6:	bdf8      	pop	{r3, r4, r5, r6, r7, pc}
10003de8:	7863      	ldrb	r3, [r4, #1]
10003dea:	2b22      	cmp	r3, #34	@ 0x22
10003dec:	d01a      	beq.n	10003e24 <cdcd_control_xfer_cb+0x60>
10003dee:	d807      	bhi.n	10003e00 <cdcd_control_xfer_cb+0x3c>
10003df0:	2b20      	cmp	r3, #32
10003df2:	d034      	beq.n	10003e5e <cdcd_control_xfer_cb+0x9a>
10003df4:	2b21      	cmp	r3, #33	@ 0x21
10003df6:	d1f6      	bne.n	10003de6 <cdcd_control_xfer_cb+0x22>
10003df8:	2901      	cmp	r1, #1
10003dfa:	d03e      	beq.n	10003e7a <cdcd_control_xfer_cb+0xb6>
10003dfc:	2001      	movs	r0, #1
10003dfe:	e7f2      	b.n	10003de6 <cdcd_control_xfer_cb+0x22>
10003e00:	2b23      	cmp	r3, #35	@ 0x23
10003e02:	d1f0      	bne.n	10003de6 <cdcd_control_xfer_cb+0x22>
10003e04:	2901      	cmp	r1, #1
10003e06:	d040      	beq.n	10003e8a <cdcd_control_xfer_cb+0xc6>
10003e08:	2903      	cmp	r1, #3
10003e0a:	d1f7      	bne.n	10003dfc <cdcd_control_xfer_cb+0x38>
10003e0c:	4b23      	ldr	r3, [pc, #140]	@ (10003e9c <cdcd_control_xfer_cb+0xd8>)
10003e0e:	2b00      	cmp	r3, #0
10003e10:	d0f4      	beq.n	10003dfc <cdcd_control_xfer_cb+0x38>
10003e12:	78e1      	ldrb	r1, [r4, #3]
10003e14:	78a3      	ldrb	r3, [r4, #2]
10003e16:	0209      	lsls	r1, r1, #8
10003e18:	2000      	movs	r0, #0
10003e1a:	4319      	orrs	r1, r3
10003e1c:	e000      	b.n	10003e20 <cdcd_control_xfer_cb+0x5c>
10003e1e:	bf00      	nop
10003e20:	2001      	movs	r0, #1
10003e22:	e7e0      	b.n	10003de6 <cdcd_control_xfer_cb+0x22>
10003e24:	2901      	cmp	r1, #1
10003e26:	d030      	beq.n	10003e8a <cdcd_control_xfer_cb+0xc6>
10003e28:	2903      	cmp	r1, #3
10003e2a:	d1e7      	bne.n	10003dfc <cdcd_control_xfer_cb+0x38>
10003e2c:	2501      	movs	r5, #1
10003e2e:	002e      	movs	r6, r5
10003e30:	78a3      	ldrb	r3, [r4, #2]
10003e32:	78e4      	ldrb	r4, [r4, #3]
10003e34:	3902      	subs	r1, #2
10003e36:	0224      	lsls	r4, r4, #8
10003e38:	431c      	orrs	r4, r3
10003e3a:	7114      	strb	r4, [r2, #4]
10003e3c:	4026      	ands	r6, r4
10003e3e:	3224      	adds	r2, #36	@ 0x24
10003e40:	0010      	movs	r0, r2
10003e42:	4071      	eors	r1, r6
10003e44:	f000 fe08 	bl	10004a58 <tu_fifo_set_overwritable>
10003e48:	4b15      	ldr	r3, [pc, #84]	@ (10003ea0 <cdcd_control_xfer_cb+0xdc>)
10003e4a:	2b00      	cmp	r3, #0
10003e4c:	d0d6      	beq.n	10003dfc <cdcd_control_xfer_cb+0x38>
10003e4e:	0862      	lsrs	r2, r4, #1
10003e50:	2000      	movs	r0, #0
10003e52:	0031      	movs	r1, r6
10003e54:	402a      	ands	r2, r5
10003e56:	e000      	b.n	10003e5a <cdcd_control_xfer_cb+0x96>
10003e58:	bf00      	nop
10003e5a:	2001      	movs	r0, #1
10003e5c:	e7c3      	b.n	10003de6 <cdcd_control_xfer_cb+0x22>
10003e5e:	2901      	cmp	r1, #1
10003e60:	d00b      	beq.n	10003e7a <cdcd_control_xfer_cb+0xb6>
10003e62:	2903      	cmp	r1, #3
10003e64:	d1ca      	bne.n	10003dfc <cdcd_control_xfer_cb+0x38>
10003e66:	4b0f      	ldr	r3, [pc, #60]	@ (10003ea4 <cdcd_control_xfer_cb+0xe0>)
10003e68:	2b00      	cmp	r3, #0
10003e6a:	d0c7      	beq.n	10003dfc <cdcd_control_xfer_cb+0x38>
10003e6c:	3208      	adds	r2, #8
10003e6e:	2000      	movs	r0, #0
10003e70:	0011      	movs	r1, r2
10003e72:	f7fe faad 	bl	100023d0 <tud_cdc_line_coding_cb>
10003e76:	2001      	movs	r0, #1
10003e78:	e7b5      	b.n	10003de6 <cdcd_control_xfer_cb+0x22>
10003e7a:	2307      	movs	r3, #7
10003e7c:	0021      	movs	r1, r4
10003e7e:	0028      	movs	r0, r5
10003e80:	4a09      	ldr	r2, [pc, #36]	@ (10003ea8 <cdcd_control_xfer_cb+0xe4>)
10003e82:	f7ff fcf1 	bl	10003868 <tud_control_xfer>
10003e86:	2001      	movs	r0, #1
10003e88:	e7ad      	b.n	10003de6 <cdcd_control_xfer_cb+0x22>
10003e8a:	0021      	movs	r1, r4
10003e8c:	0028      	movs	r0, r5
10003e8e:	f7ff fcd5 	bl	1000383c <tud_control_status>
10003e92:	2001      	movs	r0, #1
10003e94:	e7a7      	b.n	10003de6 <cdcd_control_xfer_cb+0x22>
10003e96:	46c0      	nop			@ (mov r8, r8)
10003e98:	20001588 	.word	0x20001588
	...
10003ea4:	100023d1 	.word	0x100023d1
10003ea8:	20001590 	.word	0x20001590

10003eac <cdcd_xfer_cb>:
10003eac:	b5f0      	push	{r4, r5, r6, r7, lr}
10003eae:	464f      	mov	r7, r9
10003eb0:	4646      	mov	r6, r8
10003eb2:	46d6      	mov	lr, sl
10003eb4:	b5c0      	push	{r6, r7, lr}
10003eb6:	4d36      	ldr	r5, [pc, #216]	@ (10003f90 <cdcd_xfer_cb+0xe4>)
10003eb8:	4680      	mov	r8, r0
10003eba:	78ea      	ldrb	r2, [r5, #3]
10003ebc:	000c      	movs	r4, r1
10003ebe:	001f      	movs	r7, r3
10003ec0:	428a      	cmp	r2, r1
10003ec2:	d03c      	beq.n	10003f3e <cdcd_xfer_cb+0x92>
10003ec4:	78ab      	ldrb	r3, [r5, #2]
10003ec6:	428b      	cmp	r3, r1
10003ec8:	d010      	beq.n	10003eec <cdcd_xfer_cb+0x40>
10003eca:	2000      	movs	r0, #0
10003ecc:	bce0      	pop	{r5, r6, r7}
10003ece:	46ba      	mov	sl, r7
10003ed0:	46b1      	mov	r9, r6
10003ed2:	46a8      	mov	r8, r5
10003ed4:	bdf0      	pop	{r4, r5, r6, r7, pc}
10003ed6:	4b2f      	ldr	r3, [pc, #188]	@ (10003f94 <cdcd_xfer_cb+0xe8>)
10003ed8:	2b00      	cmp	r3, #0
10003eda:	d004      	beq.n	10003ee6 <cdcd_xfer_cb+0x3a>
10003edc:	482e      	ldr	r0, [pc, #184]	@ (10003f98 <cdcd_xfer_cb+0xec>)
10003ede:	f000 fbad 	bl	1000463c <tu_fifo_empty>
10003ee2:	2800      	cmp	r0, #0
10003ee4:	d051      	beq.n	10003f8a <cdcd_xfer_cb+0xde>
10003ee6:	2000      	movs	r0, #0
10003ee8:	f7ff fda6 	bl	10003a38 <_prep_out_transaction.isra.0>
10003eec:	78ab      	ldrb	r3, [r5, #2]
10003eee:	42a3      	cmp	r3, r4
10003ef0:	d001      	beq.n	10003ef6 <cdcd_xfer_cb+0x4a>
10003ef2:	2001      	movs	r0, #1
10003ef4:	e7ea      	b.n	10003ecc <cdcd_xfer_cb+0x20>
10003ef6:	4b29      	ldr	r3, [pc, #164]	@ (10003f9c <cdcd_xfer_cb+0xf0>)
10003ef8:	2b00      	cmp	r3, #0
10003efa:	d002      	beq.n	10003f02 <cdcd_xfer_cb+0x56>
10003efc:	2000      	movs	r0, #0
10003efe:	e000      	b.n	10003f02 <cdcd_xfer_cb+0x56>
10003f00:	bf00      	nop
10003f02:	2000      	movs	r0, #0
10003f04:	f7ff fe32 	bl	10003b6c <tud_cdc_n_write_flush>
10003f08:	2800      	cmp	r0, #0
10003f0a:	d1f2      	bne.n	10003ef2 <cdcd_xfer_cb+0x46>
10003f0c:	4c24      	ldr	r4, [pc, #144]	@ (10003fa0 <cdcd_xfer_cb+0xf4>)
10003f0e:	0020      	movs	r0, r4
10003f10:	f000 fb7e 	bl	10004610 <tu_fifo_count>
10003f14:	2800      	cmp	r0, #0
10003f16:	d1ec      	bne.n	10003ef2 <cdcd_xfer_cb+0x46>
10003f18:	2f00      	cmp	r7, #0
10003f1a:	d0ea      	beq.n	10003ef2 <cdcd_xfer_cb+0x46>
10003f1c:	06bf      	lsls	r7, r7, #26
10003f1e:	d1e8      	bne.n	10003ef2 <cdcd_xfer_cb+0x46>
10003f20:	3c24      	subs	r4, #36	@ 0x24
10003f22:	4640      	mov	r0, r8
10003f24:	78a1      	ldrb	r1, [r4, #2]
10003f26:	f7ff fc3b 	bl	100037a0 <usbd_edpt_claim>
10003f2a:	2800      	cmp	r0, #0
10003f2c:	d0e1      	beq.n	10003ef2 <cdcd_xfer_cb+0x46>
10003f2e:	2300      	movs	r3, #0
10003f30:	2200      	movs	r2, #0
10003f32:	4640      	mov	r0, r8
10003f34:	78a1      	ldrb	r1, [r4, #2]
10003f36:	f7ff fc5b 	bl	100037f0 <usbd_edpt_xfer>
10003f3a:	2001      	movs	r0, #1
10003f3c:	e7c6      	b.n	10003ecc <cdcd_xfer_cb+0x20>
10003f3e:	b29a      	uxth	r2, r3
10003f40:	2310      	movs	r3, #16
10003f42:	469a      	mov	sl, r3
10003f44:	4e17      	ldr	r6, [pc, #92]	@ (10003fa4 <cdcd_xfer_cb+0xf8>)
10003f46:	44aa      	add	sl, r5
10003f48:	0031      	movs	r1, r6
10003f4a:	4650      	mov	r0, sl
10003f4c:	f000 fca8 	bl	100048a0 <tu_fifo_write_n>
10003f50:	4b15      	ldr	r3, [pc, #84]	@ (10003fa8 <cdcd_xfer_cb+0xfc>)
10003f52:	2b00      	cmp	r3, #0
10003f54:	d0bf      	beq.n	10003ed6 <cdcd_xfer_cb+0x2a>
10003f56:	796b      	ldrb	r3, [r5, #5]
10003f58:	2bff      	cmp	r3, #255	@ 0xff
10003f5a:	d0bc      	beq.n	10003ed6 <cdcd_xfer_cb+0x2a>
10003f5c:	2f00      	cmp	r7, #0
10003f5e:	d0ba      	beq.n	10003ed6 <cdcd_xfer_cb+0x2a>
10003f60:	19f2      	adds	r2, r6, r7
10003f62:	4691      	mov	r9, r2
10003f64:	e003      	b.n	10003f6e <cdcd_xfer_cb+0xc2>
10003f66:	3601      	adds	r6, #1
10003f68:	454e      	cmp	r6, r9
10003f6a:	d0b4      	beq.n	10003ed6 <cdcd_xfer_cb+0x2a>
10003f6c:	796b      	ldrb	r3, [r5, #5]
10003f6e:	7832      	ldrb	r2, [r6, #0]
10003f70:	429a      	cmp	r2, r3
10003f72:	d1f8      	bne.n	10003f66 <cdcd_xfer_cb+0xba>
10003f74:	4650      	mov	r0, sl
10003f76:	f000 fb61 	bl	1000463c <tu_fifo_empty>
10003f7a:	2800      	cmp	r0, #0
10003f7c:	d1f3      	bne.n	10003f66 <cdcd_xfer_cb+0xba>
10003f7e:	4653      	mov	r3, sl
10003f80:	3b10      	subs	r3, #16
10003f82:	7959      	ldrb	r1, [r3, #5]
10003f84:	e000      	b.n	10003f88 <cdcd_xfer_cb+0xdc>
10003f86:	bf00      	nop
10003f88:	e7ed      	b.n	10003f66 <cdcd_xfer_cb+0xba>
10003f8a:	e000      	b.n	10003f8e <cdcd_xfer_cb+0xe2>
10003f8c:	bf00      	nop
10003f8e:	e7aa      	b.n	10003ee6 <cdcd_xfer_cb+0x3a>
10003f90:	20001588 	.word	0x20001588
10003f94:	00000000 	.word	0x00000000
10003f98:	20001598 	.word	0x20001598
10003f9c:	00000000 	.word	0x00000000
10003fa0:	200015ac 	.word	0x200015ac
10003fa4:	20001504 	.word	0x20001504
10003fa8:	00000000 	.word	0x00000000

10003fac <vendord_init>:
10003fac:	2293      	movs	r2, #147	@ 0x93
10003fae:	b5f0      	push	{r4, r5, r6, r7, lr}
10003fb0:	4c13      	ldr	r4, [pc, #76]	@ (10004000 <vendord_init+0x54>)
10003fb2:	b085      	sub	sp, #20
10003fb4:	2100      	movs	r1, #0
10003fb6:	0020      	movs	r0, r4
10003fb8:	0092      	lsls	r2, r2, #2
10003fba:	f7fd fef9 	bl	10001db0 <__wrap_memset>
10003fbe:	0023      	movs	r3, r4
10003fc0:	0020      	movs	r0, r4
10003fc2:	2680      	movs	r6, #128	@ 0x80
10003fc4:	2740      	movs	r7, #64	@ 0x40
10003fc6:	4d0f      	ldr	r5, [pc, #60]	@ (10004004 <vendord_init+0x58>)
10003fc8:	334d      	adds	r3, #77	@ 0x4d
10003fca:	0076      	lsls	r6, r6, #1
10003fcc:	33ff      	adds	r3, #255	@ 0xff
10003fce:	3029      	adds	r0, #41	@ 0x29
10003fd0:	9502      	str	r5, [sp, #8]
10003fd2:	9300      	str	r3, [sp, #0]
10003fd4:	2200      	movs	r2, #0
10003fd6:	2300      	movs	r3, #0
10003fd8:	2100      	movs	r1, #0
10003fda:	9703      	str	r7, [sp, #12]
10003fdc:	9601      	str	r6, [sp, #4]
10003fde:	30ff      	adds	r0, #255	@ 0xff
10003fe0:	f000 f9d4 	bl	1000438c <tu_edpt_stream_init>
10003fe4:	3540      	adds	r5, #64	@ 0x40
10003fe6:	1d20      	adds	r0, r4, #4
10003fe8:	3428      	adds	r4, #40	@ 0x28
10003fea:	2300      	movs	r3, #0
10003fec:	2201      	movs	r2, #1
10003fee:	2100      	movs	r1, #0
10003ff0:	9703      	str	r7, [sp, #12]
10003ff2:	9502      	str	r5, [sp, #8]
10003ff4:	9601      	str	r6, [sp, #4]
10003ff6:	9400      	str	r4, [sp, #0]
10003ff8:	f000 f9c8 	bl	1000438c <tu_edpt_stream_init>
10003ffc:	b005      	add	sp, #20
10003ffe:	bdf0      	pop	{r4, r5, r6, r7, pc}
10004000:	2000184c 	.word	0x2000184c
10004004:	200017cc 	.word	0x200017cc

10004008 <vendord_deinit>:
10004008:	b510      	push	{r4, lr}
1000400a:	4c05      	ldr	r4, [pc, #20]	@ (10004020 <vendord_deinit+0x18>)
1000400c:	0020      	movs	r0, r4
1000400e:	f000 f9f3 	bl	100043f8 <tu_edpt_stream_deinit>
10004012:	0020      	movs	r0, r4
10004014:	3825      	subs	r0, #37	@ 0x25
10004016:	38ff      	subs	r0, #255	@ 0xff
10004018:	f000 f9ee 	bl	100043f8 <tu_edpt_stream_deinit>
1000401c:	2001      	movs	r0, #1
1000401e:	bd10      	pop	{r4, pc}
10004020:	20001974 	.word	0x20001974

10004024 <vendord_reset>:
10004024:	b570      	push	{r4, r5, r6, lr}
10004026:	4c08      	ldr	r4, [pc, #32]	@ (10004048 <vendord_reset+0x24>)
10004028:	2500      	movs	r5, #0
1000402a:	0020      	movs	r0, r4
1000402c:	3031      	adds	r0, #49	@ 0x31
1000402e:	30ff      	adds	r0, #255	@ 0xff
10004030:	7025      	strb	r5, [r4, #0]
10004032:	f000 fcf1 	bl	10004a18 <tu_fifo_clear>
10004036:	0020      	movs	r0, r4
10004038:	300c      	adds	r0, #12
1000403a:	f000 fced 	bl	10004a18 <tu_fifo_clear>
1000403e:	232a      	movs	r3, #42	@ 0x2a
10004040:	33ff      	adds	r3, #255	@ 0xff
10004042:	54e5      	strb	r5, [r4, r3]
10004044:	7165      	strb	r5, [r4, #5]
10004046:	bd70      	pop	{r4, r5, r6, pc}
10004048:	2000184c 	.word	0x2000184c

1000404c <vendord_open>:
1000404c:	b5f8      	push	{r3, r4, r5, r6, r7, lr}
1000404e:	4657      	mov	r7, sl
10004050:	4645      	mov	r5, r8
10004052:	46de      	mov	lr, fp
10004054:	464e      	mov	r6, r9
10004056:	b5e0      	push	{r5, r6, r7, lr}
10004058:	794b      	ldrb	r3, [r1, #5]
1000405a:	4680      	mov	r8, r0
1000405c:	000f      	movs	r7, r1
1000405e:	2bff      	cmp	r3, #255	@ 0xff
10004060:	d15b      	bne.n	1000411a <vendord_open+0xce>
10004062:	4b40      	ldr	r3, [pc, #256]	@ (10004164 <vendord_open+0x118>)
10004064:	4699      	mov	r9, r3
10004066:	232a      	movs	r3, #42	@ 0x2a
10004068:	4649      	mov	r1, r9
1000406a:	33ff      	adds	r3, #255	@ 0xff
1000406c:	5ccb      	ldrb	r3, [r1, r3]
1000406e:	2b00      	cmp	r3, #0
10004070:	d153      	bne.n	1000411a <vendord_open+0xce>
10004072:	794e      	ldrb	r6, [r1, #5]
10004074:	2e00      	cmp	r6, #0
10004076:	d150      	bne.n	1000411a <vendord_open+0xce>
10004078:	78bb      	ldrb	r3, [r7, #2]
1000407a:	783c      	ldrb	r4, [r7, #0]
1000407c:	700b      	strb	r3, [r1, #0]
1000407e:	793b      	ldrb	r3, [r7, #4]
10004080:	193c      	adds	r4, r7, r4
10004082:	2b00      	cmp	r3, #0
10004084:	d046      	beq.n	10004114 <vendord_open+0xc8>
10004086:	2398      	movs	r3, #152	@ 0x98
10004088:	005b      	lsls	r3, r3, #1
1000408a:	444b      	add	r3, r9
1000408c:	469a      	mov	sl, r3
1000408e:	230c      	movs	r3, #12
10004090:	444b      	add	r3, r9
10004092:	469b      	mov	fp, r3
10004094:	18a5      	adds	r5, r4, r2
10004096:	e003      	b.n	100040a0 <vendord_open+0x54>
10004098:	42ac      	cmp	r4, r5
1000409a:	d23b      	bcs.n	10004114 <vendord_open+0xc8>
1000409c:	7823      	ldrb	r3, [r4, #0]
1000409e:	18e4      	adds	r4, r4, r3
100040a0:	7863      	ldrb	r3, [r4, #1]
100040a2:	2b05      	cmp	r3, #5
100040a4:	d1f8      	bne.n	10004098 <vendord_open+0x4c>
100040a6:	42ac      	cmp	r4, r5
100040a8:	d234      	bcs.n	10004114 <vendord_open+0xc8>
100040aa:	0021      	movs	r1, r4
100040ac:	4640      	mov	r0, r8
100040ae:	f7ff fb5d 	bl	1000376c <usbd_edpt_open>
100040b2:	2800      	cmp	r0, #0
100040b4:	d031      	beq.n	1000411a <vendord_open+0xce>
100040b6:	78a3      	ldrb	r3, [r4, #2]
100040b8:	3601      	adds	r6, #1
100040ba:	b2f6      	uxtb	r6, r6
100040bc:	09db      	lsrs	r3, r3, #7
100040be:	2b01      	cmp	r3, #1
100040c0:	d032      	beq.n	10004128 <vendord_open+0xdc>
100040c2:	4650      	mov	r0, sl
100040c4:	f000 fca8 	bl	10004a18 <tu_fifo_clear>
100040c8:	232a      	movs	r3, #42	@ 0x2a
100040ca:	4649      	mov	r1, r9
100040cc:	78a2      	ldrb	r2, [r4, #2]
100040ce:	33ff      	adds	r3, #255	@ 0xff
100040d0:	54ca      	strb	r2, [r1, r3]
100040d2:	7963      	ldrb	r3, [r4, #5]
100040d4:	7922      	ldrb	r2, [r4, #4]
100040d6:	021b      	lsls	r3, r3, #8
100040d8:	4313      	orrs	r3, r2
100040da:	4a23      	ldr	r2, [pc, #140]	@ (10004168 <vendord_open+0x11c>)
100040dc:	055b      	lsls	r3, r3, #21
100040de:	4694      	mov	ip, r2
100040e0:	0d5b      	lsrs	r3, r3, #21
100040e2:	2194      	movs	r1, #148	@ 0x94
100040e4:	4463      	add	r3, ip
100040e6:	425a      	negs	r2, r3
100040e8:	4153      	adcs	r3, r2
100040ea:	464a      	mov	r2, r9
100040ec:	2002      	movs	r0, #2
100040ee:	0049      	lsls	r1, r1, #1
100040f0:	5c52      	ldrb	r2, [r2, r1]
100040f2:	005b      	lsls	r3, r3, #1
100040f4:	4382      	bics	r2, r0
100040f6:	4313      	orrs	r3, r2
100040f8:	464a      	mov	r2, r9
100040fa:	5453      	strb	r3, [r2, r1]
100040fc:	4651      	mov	r1, sl
100040fe:	4640      	mov	r0, r8
10004100:	3908      	subs	r1, #8
10004102:	f000 f9e3 	bl	100044cc <tu_edpt_stream_read_xfer>
10004106:	2800      	cmp	r0, #0
10004108:	d007      	beq.n	1000411a <vendord_open+0xce>
1000410a:	7823      	ldrb	r3, [r4, #0]
1000410c:	18e4      	adds	r4, r4, r3
1000410e:	793b      	ldrb	r3, [r7, #4]
10004110:	42b3      	cmp	r3, r6
10004112:	d8c5      	bhi.n	100040a0 <vendord_open+0x54>
10004114:	1be0      	subs	r0, r4, r7
10004116:	b280      	uxth	r0, r0
10004118:	e000      	b.n	1000411c <vendord_open+0xd0>
1000411a:	2000      	movs	r0, #0
1000411c:	bcf0      	pop	{r4, r5, r6, r7}
1000411e:	46bb      	mov	fp, r7
10004120:	46b2      	mov	sl, r6
10004122:	46a9      	mov	r9, r5
10004124:	46a0      	mov	r8, r4
10004126:	bdf8      	pop	{r3, r4, r5, r6, r7, pc}
10004128:	4658      	mov	r0, fp
1000412a:	f000 fc75 	bl	10004a18 <tu_fifo_clear>
1000412e:	465a      	mov	r2, fp
10004130:	78a3      	ldrb	r3, [r4, #2]
10004132:	3a0c      	subs	r2, #12
10004134:	7153      	strb	r3, [r2, #5]
10004136:	7963      	ldrb	r3, [r4, #5]
10004138:	7921      	ldrb	r1, [r4, #4]
1000413a:	021b      	lsls	r3, r3, #8
1000413c:	430b      	orrs	r3, r1
1000413e:	490a      	ldr	r1, [pc, #40]	@ (10004168 <vendord_open+0x11c>)
10004140:	055b      	lsls	r3, r3, #21
10004142:	468c      	mov	ip, r1
10004144:	0d5b      	lsrs	r3, r3, #21
10004146:	4463      	add	r3, ip
10004148:	4259      	negs	r1, r3
1000414a:	414b      	adcs	r3, r1
1000414c:	2002      	movs	r0, #2
1000414e:	7911      	ldrb	r1, [r2, #4]
10004150:	005b      	lsls	r3, r3, #1
10004152:	4381      	bics	r1, r0
10004154:	430b      	orrs	r3, r1
10004156:	4659      	mov	r1, fp
10004158:	2000      	movs	r0, #0
1000415a:	3908      	subs	r1, #8
1000415c:	7113      	strb	r3, [r2, #4]
1000415e:	f000 f981 	bl	10004464 <tu_edpt_stream_write_xfer>
10004162:	e7d2      	b.n	1000410a <vendord_open+0xbe>
10004164:	2000184c 	.word	0x2000184c
10004168:	fffffe00 	.word	0xfffffe00

1000416c <vendord_xfer_cb>:
1000416c:	b5f8      	push	{r3, r4, r5, r6, r7, lr}
1000416e:	252a      	movs	r5, #42	@ 0x2a
10004170:	0006      	movs	r6, r0
10004172:	481f      	ldr	r0, [pc, #124]	@ (100041f0 <vendord_xfer_cb+0x84>)
10004174:	35ff      	adds	r5, #255	@ 0xff
10004176:	5d45      	ldrb	r5, [r0, r5]
10004178:	001f      	movs	r7, r3
1000417a:	428d      	cmp	r5, r1
1000417c:	d015      	beq.n	100041aa <vendord_xfer_cb+0x3e>
1000417e:	7943      	ldrb	r3, [r0, #5]
10004180:	428b      	cmp	r3, r1
10004182:	d001      	beq.n	10004188 <vendord_xfer_cb+0x1c>
10004184:	2000      	movs	r0, #0
10004186:	bdf8      	pop	{r3, r4, r5, r6, r7, pc}
10004188:	4b1a      	ldr	r3, [pc, #104]	@ (100041f4 <vendord_xfer_cb+0x88>)
1000418a:	2b00      	cmp	r3, #0
1000418c:	d004      	beq.n	10004198 <vendord_xfer_cb+0x2c>
1000418e:	0439      	lsls	r1, r7, #16
10004190:	2000      	movs	r0, #0
10004192:	0c09      	lsrs	r1, r1, #16
10004194:	e000      	b.n	10004198 <vendord_xfer_cb+0x2c>
10004196:	bf00      	nop
10004198:	4c17      	ldr	r4, [pc, #92]	@ (100041f8 <vendord_xfer_cb+0x8c>)
1000419a:	0030      	movs	r0, r6
1000419c:	0021      	movs	r1, r4
1000419e:	f000 f961 	bl	10004464 <tu_edpt_stream_write_xfer>
100041a2:	2800      	cmp	r0, #0
100041a4:	d01d      	beq.n	100041e2 <vendord_xfer_cb+0x76>
100041a6:	2001      	movs	r0, #1
100041a8:	e7ed      	b.n	10004186 <vendord_xfer_cb+0x1a>
100041aa:	239a      	movs	r3, #154	@ 0x9a
100041ac:	005b      	lsls	r3, r3, #1
100041ae:	5ac3      	ldrh	r3, [r0, r3]
100041b0:	2b00      	cmp	r3, #0
100041b2:	d10d      	bne.n	100041d0 <vendord_xfer_cb+0x64>
100041b4:	4b11      	ldr	r3, [pc, #68]	@ (100041fc <vendord_xfer_cb+0x90>)
100041b6:	2b00      	cmp	r3, #0
100041b8:	d004      	beq.n	100041c4 <vendord_xfer_cb+0x58>
100041ba:	2000      	movs	r0, #0
100041bc:	4910      	ldr	r1, [pc, #64]	@ (10004200 <vendord_xfer_cb+0x94>)
100041be:	b2ba      	uxth	r2, r7
100041c0:	e000      	b.n	100041c4 <vendord_xfer_cb+0x58>
100041c2:	bf00      	nop
100041c4:	0030      	movs	r0, r6
100041c6:	490f      	ldr	r1, [pc, #60]	@ (10004204 <vendord_xfer_cb+0x98>)
100041c8:	f000 f980 	bl	100044cc <tu_edpt_stream_read_xfer>
100041cc:	2001      	movs	r0, #1
100041ce:	e7da      	b.n	10004186 <vendord_xfer_cb+0x1a>
100041d0:	2396      	movs	r3, #150	@ 0x96
100041d2:	005b      	lsls	r3, r3, #1
100041d4:	58c1      	ldr	r1, [r0, r3]
100041d6:	3031      	adds	r0, #49	@ 0x31
100041d8:	b2ba      	uxth	r2, r7
100041da:	30ff      	adds	r0, #255	@ 0xff
100041dc:	f000 fb60 	bl	100048a0 <tu_fifo_write_n>
100041e0:	e7e8      	b.n	100041b4 <vendord_xfer_cb+0x48>
100041e2:	003a      	movs	r2, r7
100041e4:	0021      	movs	r1, r4
100041e6:	0030      	movs	r0, r6
100041e8:	f000 f908 	bl	100043fc <tu_edpt_stream_write_zlp_if_needed>
100041ec:	2001      	movs	r0, #1
100041ee:	e7ca      	b.n	10004186 <vendord_xfer_cb+0x1a>
100041f0:	2000184c 	.word	0x2000184c
100041f4:	00000000 	.word	0x00000000
100041f8:	20001850 	.word	0x20001850
100041fc:	00000000 	.word	0x00000000
10004200:	200017cc 	.word	0x200017cc
10004204:	20001974 	.word	0x20001974

10004208 <tusb_rhport_init>:
10004208:	b500      	push	{lr}
1000420a:	0003      	movs	r3, r0
1000420c:	b083      	sub	sp, #12
1000420e:	2900      	cmp	r1, #0
10004210:	d010      	beq.n	10004234 <tusb_rhport_init+0x2c>
10004212:	2000      	movs	r0, #0
10004214:	2b01      	cmp	r3, #1
10004216:	d807      	bhi.n	10004228 <tusb_rhport_init+0x20>
10004218:	780a      	ldrb	r2, [r1, #0]
1000421a:	2a00      	cmp	r2, #0
1000421c:	d004      	beq.n	10004228 <tusb_rhport_init+0x20>
1000421e:	480c      	ldr	r0, [pc, #48]	@ (10004250 <tusb_rhport_init+0x48>)
10004220:	54c2      	strb	r2, [r0, r3]
10004222:	2001      	movs	r0, #1
10004224:	2a01      	cmp	r2, #1
10004226:	d001      	beq.n	1000422c <tusb_rhport_init+0x24>
10004228:	b003      	add	sp, #12
1000422a:	bd00      	pop	{pc}
1000422c:	0018      	movs	r0, r3
1000422e:	f7fe fdd5 	bl	10002ddc <tud_rhport_init>
10004232:	e7f9      	b.n	10004228 <tusb_rhport_init+0x20>
10004234:	2301      	movs	r3, #1
10004236:	466a      	mov	r2, sp
10004238:	2000      	movs	r0, #0
1000423a:	a901      	add	r1, sp, #4
1000423c:	8093      	strh	r3, [r2, #4]
1000423e:	f7fe fdcd 	bl	10002ddc <tud_rhport_init>
10004242:	2800      	cmp	r0, #0
10004244:	d0f0      	beq.n	10004228 <tusb_rhport_init+0x20>
10004246:	2201      	movs	r2, #1
10004248:	4b01      	ldr	r3, [pc, #4]	@ (10004250 <tusb_rhport_init+0x48>)
1000424a:	701a      	strb	r2, [r3, #0]
1000424c:	e7ec      	b.n	10004228 <tusb_rhport_init+0x20>
1000424e:	46c0      	nop			@ (mov r8, r8)
10004250:	200016a4 	.word	0x200016a4

10004254 <tu_edpt_claim>:
10004254:	7803      	ldrb	r3, [r0, #0]
10004256:	b570      	push	{r4, r5, r6, lr}
10004258:	07db      	lsls	r3, r3, #31
1000425a:	0004      	movs	r4, r0
1000425c:	000e      	movs	r6, r1
1000425e:	0fdd      	lsrs	r5, r3, #31
10004260:	2b00      	cmp	r3, #0
10004262:	d117      	bne.n	10004294 <tu_edpt_claim+0x40>
10004264:	7803      	ldrb	r3, [r0, #0]
10004266:	075b      	lsls	r3, r3, #29
10004268:	d501      	bpl.n	1000426e <tu_edpt_claim+0x1a>
1000426a:	0028      	movs	r0, r5
1000426c:	bd70      	pop	{r4, r5, r6, pc}
1000426e:	2101      	movs	r1, #1
10004270:	0030      	movs	r0, r6
10004272:	4249      	negs	r1, r1
10004274:	f000 fcd8 	bl	10004c28 <__mutex_enter_timeout_ms_veneer>
10004278:	7823      	ldrb	r3, [r4, #0]
1000427a:	07db      	lsls	r3, r3, #31
1000427c:	0fdd      	lsrs	r5, r3, #31
1000427e:	2b00      	cmp	r3, #0
10004280:	d10a      	bne.n	10004298 <tu_edpt_claim+0x44>
10004282:	7823      	ldrb	r3, [r4, #0]
10004284:	075b      	lsls	r3, r3, #29
10004286:	d408      	bmi.n	1000429a <tu_edpt_claim+0x46>
10004288:	2204      	movs	r2, #4
1000428a:	7823      	ldrb	r3, [r4, #0]
1000428c:	2501      	movs	r5, #1
1000428e:	4313      	orrs	r3, r2
10004290:	7023      	strb	r3, [r4, #0]
10004292:	e002      	b.n	1000429a <tu_edpt_claim+0x46>
10004294:	2500      	movs	r5, #0
10004296:	e7e8      	b.n	1000426a <tu_edpt_claim+0x16>
10004298:	2500      	movs	r5, #0
1000429a:	0030      	movs	r0, r6
1000429c:	f000 fc9c 	bl	10004bd8 <__mutex_exit_veneer>
100042a0:	e7e3      	b.n	1000426a <tu_edpt_claim+0x16>
100042a2:	46c0      	nop			@ (mov r8, r8)

100042a4 <tu_edpt_release>:
100042a4:	b570      	push	{r4, r5, r6, lr}
100042a6:	000c      	movs	r4, r1
100042a8:	2101      	movs	r1, #1
100042aa:	0006      	movs	r6, r0
100042ac:	4249      	negs	r1, r1
100042ae:	0020      	movs	r0, r4
100042b0:	f000 fcba 	bl	10004c28 <__mutex_enter_timeout_ms_veneer>
100042b4:	7833      	ldrb	r3, [r6, #0]
100042b6:	075b      	lsls	r3, r3, #29
100042b8:	0fdd      	lsrs	r5, r3, #31
100042ba:	2b00      	cmp	r3, #0
100042bc:	db04      	blt.n	100042c8 <tu_edpt_release+0x24>
100042be:	0020      	movs	r0, r4
100042c0:	f000 fc8a 	bl	10004bd8 <__mutex_exit_veneer>
100042c4:	0028      	movs	r0, r5
100042c6:	bd70      	pop	{r4, r5, r6, pc}
100042c8:	7833      	ldrb	r3, [r6, #0]
100042ca:	07db      	lsls	r3, r3, #31
100042cc:	d404      	bmi.n	100042d8 <tu_edpt_release+0x34>
100042ce:	2204      	movs	r2, #4
100042d0:	7833      	ldrb	r3, [r6, #0]
100042d2:	4393      	bics	r3, r2
100042d4:	7033      	strb	r3, [r6, #0]
100042d6:	e7f2      	b.n	100042be <tu_edpt_release+0x1a>
100042d8:	2500      	movs	r5, #0
100042da:	e7f0      	b.n	100042be <tu_edpt_release+0x1a>

100042dc <tu_edpt_validate>:
100042dc:	7943      	ldrb	r3, [r0, #5]
100042de:	7902      	ldrb	r2, [r0, #4]
100042e0:	021b      	lsls	r3, r3, #8
100042e2:	4313      	orrs	r3, r2
100042e4:	78c2      	ldrb	r2, [r0, #3]
100042e6:	055b      	lsls	r3, r3, #21
100042e8:	0792      	lsls	r2, r2, #30
100042ea:	0d5b      	lsrs	r3, r3, #21
100042ec:	0f92      	lsrs	r2, r2, #30
100042ee:	2a02      	cmp	r2, #2
100042f0:	d01d      	beq.n	1000432e <tu_edpt_validate+0x52>
100042f2:	2a03      	cmp	r2, #3
100042f4:	d00c      	beq.n	10004310 <tu_edpt_validate+0x34>
100042f6:	2000      	movs	r0, #0
100042f8:	2a01      	cmp	r2, #1
100042fa:	d108      	bne.n	1000430e <tu_edpt_validate+0x32>
100042fc:	3902      	subs	r1, #2
100042fe:	424a      	negs	r2, r1
10004300:	4151      	adcs	r1, r2
10004302:	4a12      	ldr	r2, [pc, #72]	@ (1000434c <tu_edpt_validate+0x70>)
10004304:	4694      	mov	ip, r2
10004306:	4461      	add	r1, ip
10004308:	4299      	cmp	r1, r3
1000430a:	4140      	adcs	r0, r0
1000430c:	b2c0      	uxtb	r0, r0
1000430e:	4770      	bx	lr
10004310:	3902      	subs	r1, #2
10004312:	1e4a      	subs	r2, r1, #1
10004314:	4191      	sbcs	r1, r2
10004316:	4a0e      	ldr	r2, [pc, #56]	@ (10004350 <tu_edpt_validate+0x74>)
10004318:	4249      	negs	r1, r1
1000431a:	4011      	ands	r1, r2
1000431c:	2280      	movs	r2, #128	@ 0x80
1000431e:	00d2      	lsls	r2, r2, #3
10004320:	4694      	mov	ip, r2
10004322:	2000      	movs	r0, #0
10004324:	4461      	add	r1, ip
10004326:	4299      	cmp	r1, r3
10004328:	4140      	adcs	r0, r0
1000432a:	b2c0      	uxtb	r0, r0
1000432c:	e7ef      	b.n	1000430e <tu_edpt_validate+0x32>
1000432e:	2902      	cmp	r1, #2
10004330:	d005      	beq.n	1000433e <tu_edpt_validate+0x62>
10004332:	2000      	movs	r0, #0
10004334:	2240      	movs	r2, #64	@ 0x40
10004336:	429a      	cmp	r2, r3
10004338:	4140      	adcs	r0, r0
1000433a:	b2c0      	uxtb	r0, r0
1000433c:	e7e7      	b.n	1000430e <tu_edpt_validate+0x32>
1000433e:	4a05      	ldr	r2, [pc, #20]	@ (10004354 <tu_edpt_validate+0x78>)
10004340:	1898      	adds	r0, r3, r2
10004342:	4243      	negs	r3, r0
10004344:	4158      	adcs	r0, r3
10004346:	b2c0      	uxtb	r0, r0
10004348:	e7e1      	b.n	1000430e <tu_edpt_validate+0x32>
1000434a:	46c0      	nop			@ (mov r8, r8)
1000434c:	000003ff 	.word	0x000003ff
10004350:	fffffc40 	.word	0xfffffc40
10004354:	fffffe00 	.word	0xfffffe00

10004358 <tu_edpt_bind_driver>:
10004358:	188a      	adds	r2, r1, r2
1000435a:	b570      	push	{r4, r5, r6, lr}
1000435c:	4291      	cmp	r1, r2
1000435e:	d207      	bcs.n	10004370 <tu_edpt_bind_driver+0x18>
10004360:	267f      	movs	r6, #127	@ 0x7f
10004362:	784c      	ldrb	r4, [r1, #1]
10004364:	2c05      	cmp	r4, #5
10004366:	d004      	beq.n	10004372 <tu_edpt_bind_driver+0x1a>
10004368:	780c      	ldrb	r4, [r1, #0]
1000436a:	1909      	adds	r1, r1, r4
1000436c:	428a      	cmp	r2, r1
1000436e:	d8f8      	bhi.n	10004362 <tu_edpt_bind_driver+0xa>
10004370:	bd70      	pop	{r4, r5, r6, pc}
10004372:	0034      	movs	r4, r6
10004374:	788d      	ldrb	r5, [r1, #2]
10004376:	402c      	ands	r4, r5
10004378:	0064      	lsls	r4, r4, #1
1000437a:	1904      	adds	r4, r0, r4
1000437c:	09ed      	lsrs	r5, r5, #7
1000437e:	5563      	strb	r3, [r4, r5]
10004380:	780c      	ldrb	r4, [r1, #0]
10004382:	1909      	adds	r1, r1, r4
10004384:	428a      	cmp	r2, r1
10004386:	d8ec      	bhi.n	10004362 <tu_edpt_bind_driver+0xa>
10004388:	e7f2      	b.n	10004370 <tu_edpt_bind_driver+0x18>
1000438a:	46c0      	nop			@ (mov r8, r8)

1000438c <tu_edpt_stream_init>:
1000438c:	b5f0      	push	{r4, r5, r6, r7, lr}
1000438e:	46c6      	mov	lr, r8
10004390:	b500      	push	{lr}
10004392:	b082      	sub	sp, #8
10004394:	0015      	movs	r5, r2
10004396:	aa08      	add	r2, sp, #32
10004398:	ca40      	ldmia	r2!, {r6}
1000439a:	0004      	movs	r4, r0
1000439c:	8817      	ldrh	r7, [r2, #0]
1000439e:	466a      	mov	r2, sp
100043a0:	8d92      	ldrh	r2, [r2, #44]	@ 0x2c
100043a2:	2001      	movs	r0, #1
100043a4:	4690      	mov	r8, r2
100043a6:	000a      	movs	r2, r1
100043a8:	7821      	ldrb	r1, [r4, #0]
100043aa:	4002      	ands	r2, r0
100043ac:	4381      	bics	r1, r0
100043ae:	0020      	movs	r0, r4
100043b0:	4311      	orrs	r1, r2
100043b2:	7021      	strb	r1, [r4, #0]
100043b4:	003a      	movs	r2, r7
100043b6:	9300      	str	r3, [sp, #0]
100043b8:	0031      	movs	r1, r6
100043ba:	2301      	movs	r3, #1
100043bc:	3008      	adds	r0, #8
100043be:	f000 f8f1 	bl	100045a4 <tu_fifo_config>
100043c2:	2e00      	cmp	r6, #0
100043c4:	d001      	beq.n	100043ca <tu_edpt_stream_init+0x3e>
100043c6:	2f00      	cmp	r7, #0
100043c8:	d108      	bne.n	100043dc <tu_edpt_stream_init+0x50>
100043ca:	9b0a      	ldr	r3, [sp, #40]	@ 0x28
100043cc:	2001      	movs	r0, #1
100043ce:	6063      	str	r3, [r4, #4]
100043d0:	4643      	mov	r3, r8
100043d2:	8063      	strh	r3, [r4, #2]
100043d4:	b002      	add	sp, #8
100043d6:	bc80      	pop	{r7}
100043d8:	46b8      	mov	r8, r7
100043da:	bdf0      	pop	{r4, r5, r6, r7, pc}
100043dc:	0026      	movs	r6, r4
100043de:	361c      	adds	r6, #28
100043e0:	0030      	movs	r0, r6
100043e2:	f7fc fbbd 	bl	10000b60 <mutex_init>
100043e6:	2300      	movs	r3, #0
100043e8:	2d00      	cmp	r5, #0
100043ea:	d001      	beq.n	100043f0 <tu_edpt_stream_init+0x64>
100043ec:	0033      	movs	r3, r6
100043ee:	2600      	movs	r6, #0
100043f0:	6163      	str	r3, [r4, #20]
100043f2:	61a6      	str	r6, [r4, #24]
100043f4:	e7e9      	b.n	100043ca <tu_edpt_stream_init+0x3e>
100043f6:	46c0      	nop			@ (mov r8, r8)

100043f8 <tu_edpt_stream_deinit>:
100043f8:	2001      	movs	r0, #1
100043fa:	4770      	bx	lr

100043fc <tu_edpt_stream_write_zlp_if_needed>:
100043fc:	b5f8      	push	{r3, r4, r5, r6, r7, lr}
100043fe:	2402      	movs	r4, #2
10004400:	780b      	ldrb	r3, [r1, #0]
10004402:	0007      	movs	r7, r0
10004404:	401c      	ands	r4, r3
10004406:	4263      	negs	r3, r4
10004408:	415c      	adcs	r4, r3
1000440a:	4b14      	ldr	r3, [pc, #80]	@ (1000445c <tu_edpt_stream_write_zlp_if_needed+0x60>)
1000440c:	4264      	negs	r4, r4
1000440e:	401c      	ands	r4, r3
10004410:	4b13      	ldr	r3, [pc, #76]	@ (10004460 <tu_edpt_stream_write_zlp_if_needed+0x64>)
10004412:	0008      	movs	r0, r1
10004414:	469c      	mov	ip, r3
10004416:	3008      	adds	r0, #8
10004418:	000d      	movs	r5, r1
1000441a:	0016      	movs	r6, r2
1000441c:	4464      	add	r4, ip
1000441e:	f000 f8f7 	bl	10004610 <tu_fifo_count>
10004422:	2800      	cmp	r0, #0
10004424:	d107      	bne.n	10004436 <tu_edpt_stream_write_zlp_if_needed+0x3a>
10004426:	2e00      	cmp	r6, #0
10004428:	d005      	beq.n	10004436 <tu_edpt_stream_write_zlp_if_needed+0x3a>
1000442a:	4234      	tst	r4, r6
1000442c:	d103      	bne.n	10004436 <tu_edpt_stream_write_zlp_if_needed+0x3a>
1000442e:	2401      	movs	r4, #1
10004430:	782b      	ldrb	r3, [r5, #0]
10004432:	421c      	tst	r4, r3
10004434:	d001      	beq.n	1000443a <tu_edpt_stream_write_zlp_if_needed+0x3e>
10004436:	2000      	movs	r0, #0
10004438:	bdf8      	pop	{r3, r4, r5, r6, r7, pc}
1000443a:	0038      	movs	r0, r7
1000443c:	7869      	ldrb	r1, [r5, #1]
1000443e:	f7ff f9af 	bl	100037a0 <usbd_edpt_claim>
10004442:	2800      	cmp	r0, #0
10004444:	d0f7      	beq.n	10004436 <tu_edpt_stream_write_zlp_if_needed+0x3a>
10004446:	782b      	ldrb	r3, [r5, #0]
10004448:	421c      	tst	r4, r3
1000444a:	d1f4      	bne.n	10004436 <tu_edpt_stream_write_zlp_if_needed+0x3a>
1000444c:	2300      	movs	r3, #0
1000444e:	2200      	movs	r2, #0
10004450:	0038      	movs	r0, r7
10004452:	7869      	ldrb	r1, [r5, #1]
10004454:	f7ff f9cc 	bl	100037f0 <usbd_edpt_xfer>
10004458:	e7ee      	b.n	10004438 <tu_edpt_stream_write_zlp_if_needed+0x3c>
1000445a:	46c0      	nop			@ (mov r8, r8)
1000445c:	fffffe40 	.word	0xfffffe40
10004460:	000001ff 	.word	0x000001ff

10004464 <tu_edpt_stream_write_xfer>:
10004464:	b5f8      	push	{r3, r4, r5, r6, r7, lr}
10004466:	000d      	movs	r5, r1
10004468:	3508      	adds	r5, #8
1000446a:	0006      	movs	r6, r0
1000446c:	0028      	movs	r0, r5
1000446e:	000c      	movs	r4, r1
10004470:	f000 f8ce 	bl	10004610 <tu_fifo_count>
10004474:	2800      	cmp	r0, #0
10004476:	d003      	beq.n	10004480 <tu_edpt_stream_write_xfer+0x1c>
10004478:	2701      	movs	r7, #1
1000447a:	7823      	ldrb	r3, [r4, #0]
1000447c:	421f      	tst	r7, r3
1000447e:	d001      	beq.n	10004484 <tu_edpt_stream_write_xfer+0x20>
10004480:	2000      	movs	r0, #0
10004482:	bdf8      	pop	{r3, r4, r5, r6, r7, pc}
10004484:	0030      	movs	r0, r6
10004486:	7861      	ldrb	r1, [r4, #1]
10004488:	f7ff f98a 	bl	100037a0 <usbd_edpt_claim>
1000448c:	2800      	cmp	r0, #0
1000448e:	d0f7      	beq.n	10004480 <tu_edpt_stream_write_xfer+0x1c>
10004490:	0028      	movs	r0, r5
10004492:	8862      	ldrh	r2, [r4, #2]
10004494:	6861      	ldr	r1, [r4, #4]
10004496:	f000 f93d 	bl	10004714 <tu_fifo_read_n>
1000449a:	7823      	ldrb	r3, [r4, #0]
1000449c:	0005      	movs	r5, r0
1000449e:	401f      	ands	r7, r3
100044a0:	2800      	cmp	r0, #0
100044a2:	d00b      	beq.n	100044bc <tu_edpt_stream_write_xfer+0x58>
100044a4:	2f00      	cmp	r7, #0
100044a6:	d1eb      	bne.n	10004480 <tu_edpt_stream_write_xfer+0x1c>
100044a8:	0003      	movs	r3, r0
100044aa:	6862      	ldr	r2, [r4, #4]
100044ac:	0030      	movs	r0, r6
100044ae:	7861      	ldrb	r1, [r4, #1]
100044b0:	f7ff f99e 	bl	100037f0 <usbd_edpt_xfer>
100044b4:	2800      	cmp	r0, #0
100044b6:	d0e3      	beq.n	10004480 <tu_edpt_stream_write_xfer+0x1c>
100044b8:	0028      	movs	r0, r5
100044ba:	e7e2      	b.n	10004482 <tu_edpt_stream_write_xfer+0x1e>
100044bc:	2f00      	cmp	r7, #0
100044be:	d1df      	bne.n	10004480 <tu_edpt_stream_write_xfer+0x1c>
100044c0:	0030      	movs	r0, r6
100044c2:	7861      	ldrb	r1, [r4, #1]
100044c4:	f7ff f980 	bl	100037c8 <usbd_edpt_release>
100044c8:	e7da      	b.n	10004480 <tu_edpt_stream_write_xfer+0x1c>
100044ca:	46c0      	nop			@ (mov r8, r8)

100044cc <tu_edpt_stream_read_xfer>:
100044cc:	b5f8      	push	{r3, r4, r5, r6, r7, lr}
100044ce:	46ce      	mov	lr, r9
100044d0:	4647      	mov	r7, r8
100044d2:	b580      	push	{r7, lr}
100044d4:	898a      	ldrh	r2, [r1, #12]
100044d6:	0006      	movs	r6, r0
100044d8:	000c      	movs	r4, r1
100044da:	780b      	ldrb	r3, [r1, #0]
100044dc:	2a00      	cmp	r2, #0
100044de:	d107      	bne.n	100044f0 <tu_edpt_stream_read_xfer+0x24>
100044e0:	2501      	movs	r5, #1
100044e2:	421d      	tst	r5, r3
100044e4:	d040      	beq.n	10004568 <tu_edpt_stream_read_xfer+0x9c>
100044e6:	2000      	movs	r0, #0
100044e8:	bcc0      	pop	{r6, r7}
100044ea:	46b9      	mov	r9, r7
100044ec:	46b0      	mov	r8, r6
100044ee:	bdf8      	pop	{r3, r4, r5, r6, r7, pc}
100044f0:	079b      	lsls	r3, r3, #30
100044f2:	d433      	bmi.n	1000455c <tu_edpt_stream_read_xfer+0x90>
100044f4:	4b2a      	ldr	r3, [pc, #168]	@ (100045a0 <tu_edpt_stream_read_xfer+0xd4>)
100044f6:	2540      	movs	r5, #64	@ 0x40
100044f8:	4699      	mov	r9, r3
100044fa:	0027      	movs	r7, r4
100044fc:	3708      	adds	r7, #8
100044fe:	0038      	movs	r0, r7
10004500:	f000 f8a4 	bl	1000464c <tu_fifo_remaining>
10004504:	4285      	cmp	r5, r0
10004506:	d8ee      	bhi.n	100044e6 <tu_edpt_stream_read_xfer+0x1a>
10004508:	2201      	movs	r2, #1
1000450a:	7823      	ldrb	r3, [r4, #0]
1000450c:	4690      	mov	r8, r2
1000450e:	421a      	tst	r2, r3
10004510:	d1e9      	bne.n	100044e6 <tu_edpt_stream_read_xfer+0x1a>
10004512:	0030      	movs	r0, r6
10004514:	7861      	ldrb	r1, [r4, #1]
10004516:	f7ff f943 	bl	100037a0 <usbd_edpt_claim>
1000451a:	2800      	cmp	r0, #0
1000451c:	d0e3      	beq.n	100044e6 <tu_edpt_stream_read_xfer+0x1a>
1000451e:	0038      	movs	r0, r7
10004520:	f000 f894 	bl	1000464c <tu_fifo_remaining>
10004524:	4642      	mov	r2, r8
10004526:	7823      	ldrb	r3, [r4, #0]
10004528:	401a      	ands	r2, r3
1000452a:	4285      	cmp	r5, r0
1000452c:	d831      	bhi.n	10004592 <tu_edpt_stream_read_xfer+0xc6>
1000452e:	2a00      	cmp	r2, #0
10004530:	d1d9      	bne.n	100044e6 <tu_edpt_stream_read_xfer+0x1a>
10004532:	464a      	mov	r2, r9
10004534:	8863      	ldrh	r3, [r4, #2]
10004536:	4002      	ands	r2, r0
10004538:	1c1d      	adds	r5, r3, #0
1000453a:	4293      	cmp	r3, r2
1000453c:	d900      	bls.n	10004540 <tu_edpt_stream_read_xfer+0x74>
1000453e:	1c15      	adds	r5, r2, #0
10004540:	b2ad      	uxth	r5, r5
10004542:	2200      	movs	r2, #0
10004544:	7861      	ldrb	r1, [r4, #1]
10004546:	2d00      	cmp	r5, #0
10004548:	d000      	beq.n	1000454c <tu_edpt_stream_read_xfer+0x80>
1000454a:	6862      	ldr	r2, [r4, #4]
1000454c:	002b      	movs	r3, r5
1000454e:	0030      	movs	r0, r6
10004550:	f7ff f94e 	bl	100037f0 <usbd_edpt_xfer>
10004554:	2800      	cmp	r0, #0
10004556:	d0c6      	beq.n	100044e6 <tu_edpt_stream_read_xfer+0x1a>
10004558:	0028      	movs	r0, r5
1000455a:	e7c5      	b.n	100044e8 <tu_edpt_stream_read_xfer+0x1c>
1000455c:	23fe      	movs	r3, #254	@ 0xfe
1000455e:	2580      	movs	r5, #128	@ 0x80
10004560:	021b      	lsls	r3, r3, #8
10004562:	4699      	mov	r9, r3
10004564:	00ad      	lsls	r5, r5, #2
10004566:	e7c8      	b.n	100044fa <tu_edpt_stream_read_xfer+0x2e>
10004568:	7849      	ldrb	r1, [r1, #1]
1000456a:	f7ff f919 	bl	100037a0 <usbd_edpt_claim>
1000456e:	2800      	cmp	r0, #0
10004570:	d0b9      	beq.n	100044e6 <tu_edpt_stream_read_xfer+0x1a>
10004572:	7823      	ldrb	r3, [r4, #0]
10004574:	421d      	tst	r5, r3
10004576:	d1b6      	bne.n	100044e6 <tu_edpt_stream_read_xfer+0x1a>
10004578:	8863      	ldrh	r3, [r4, #2]
1000457a:	2200      	movs	r2, #0
1000457c:	7861      	ldrb	r1, [r4, #1]
1000457e:	2b00      	cmp	r3, #0
10004580:	d000      	beq.n	10004584 <tu_edpt_stream_read_xfer+0xb8>
10004582:	6862      	ldr	r2, [r4, #4]
10004584:	0030      	movs	r0, r6
10004586:	f7ff f933 	bl	100037f0 <usbd_edpt_xfer>
1000458a:	2800      	cmp	r0, #0
1000458c:	d0ab      	beq.n	100044e6 <tu_edpt_stream_read_xfer+0x1a>
1000458e:	8860      	ldrh	r0, [r4, #2]
10004590:	e7aa      	b.n	100044e8 <tu_edpt_stream_read_xfer+0x1c>
10004592:	2a00      	cmp	r2, #0
10004594:	d1a7      	bne.n	100044e6 <tu_edpt_stream_read_xfer+0x1a>
10004596:	0030      	movs	r0, r6
10004598:	7861      	ldrb	r1, [r4, #1]
1000459a:	f7ff f915 	bl	100037c8 <usbd_edpt_release>
1000459e:	e7a2      	b.n	100044e6 <tu_edpt_stream_read_xfer+0x1a>
100045a0:	0000ffc0 	.word	0x0000ffc0

100045a4 <tu_fifo_config>:
100045a4:	b5f0      	push	{r4, r5, r6, r7, lr}
100045a6:	46c6      	mov	lr, r8
100045a8:	b500      	push	{lr}
100045aa:	0004      	movs	r4, r0
100045ac:	4668      	mov	r0, sp
100045ae:	7e05      	ldrb	r5, [r0, #24]
100045b0:	2080      	movs	r0, #128	@ 0x80
100045b2:	4688      	mov	r8, r1
100045b4:	0017      	movs	r7, r2
100045b6:	001e      	movs	r6, r3
100045b8:	0200      	lsls	r0, r0, #8
100045ba:	4282      	cmp	r2, r0
100045bc:	d826      	bhi.n	1000460c <tu_fifo_config+0x68>
100045be:	68e0      	ldr	r0, [r4, #12]
100045c0:	2800      	cmp	r0, #0
100045c2:	d003      	beq.n	100045cc <tu_fifo_config+0x28>
100045c4:	2101      	movs	r1, #1
100045c6:	4249      	negs	r1, r1
100045c8:	f000 fb2e 	bl	10004c28 <__mutex_enter_timeout_ms_veneer>
100045cc:	6920      	ldr	r0, [r4, #16]
100045ce:	2800      	cmp	r0, #0
100045d0:	d003      	beq.n	100045da <tu_fifo_config+0x36>
100045d2:	2101      	movs	r1, #1
100045d4:	4249      	negs	r1, r1
100045d6:	f000 fb27 	bl	10004c28 <__mutex_enter_timeout_ms_veneer>
100045da:	4643      	mov	r3, r8
100045dc:	6023      	str	r3, [r4, #0]
100045de:	0473      	lsls	r3, r6, #17
100045e0:	0c5b      	lsrs	r3, r3, #17
100045e2:	03ed      	lsls	r5, r5, #15
100045e4:	431d      	orrs	r5, r3
100045e6:	2300      	movs	r3, #0
100045e8:	68e0      	ldr	r0, [r4, #12]
100045ea:	8163      	strh	r3, [r4, #10]
100045ec:	80a7      	strh	r7, [r4, #4]
100045ee:	80e5      	strh	r5, [r4, #6]
100045f0:	8123      	strh	r3, [r4, #8]
100045f2:	2800      	cmp	r0, #0
100045f4:	d001      	beq.n	100045fa <tu_fifo_config+0x56>
100045f6:	f000 faef 	bl	10004bd8 <__mutex_exit_veneer>
100045fa:	6920      	ldr	r0, [r4, #16]
100045fc:	2800      	cmp	r0, #0
100045fe:	d001      	beq.n	10004604 <tu_fifo_config+0x60>
10004600:	f000 faea 	bl	10004bd8 <__mutex_exit_veneer>
10004604:	2001      	movs	r0, #1
10004606:	bc80      	pop	{r7}
10004608:	46b8      	mov	r8, r7
1000460a:	bdf0      	pop	{r4, r5, r6, r7, pc}
1000460c:	2000      	movs	r0, #0
1000460e:	e7fa      	b.n	10004606 <tu_fifo_config+0x62>

10004610 <tu_fifo_count>:
10004610:	b510      	push	{r4, lr}
10004612:	8904      	ldrh	r4, [r0, #8]
10004614:	8941      	ldrh	r1, [r0, #10]
10004616:	8882      	ldrh	r2, [r0, #4]
10004618:	b2a3      	uxth	r3, r4
1000461a:	b288      	uxth	r0, r1
1000461c:	428c      	cmp	r4, r1
1000461e:	d307      	bcc.n	10004630 <tu_fifo_count+0x20>
10004620:	1a1b      	subs	r3, r3, r0
10004622:	b29b      	uxth	r3, r3
10004624:	1c10      	adds	r0, r2, #0
10004626:	429a      	cmp	r2, r3
10004628:	d900      	bls.n	1000462c <tu_fifo_count+0x1c>
1000462a:	1c18      	adds	r0, r3, #0
1000462c:	b280      	uxth	r0, r0
1000462e:	bd10      	pop	{r4, pc}
10004630:	0051      	lsls	r1, r2, #1
10004632:	1a09      	subs	r1, r1, r0
10004634:	185b      	adds	r3, r3, r1
10004636:	b29b      	uxth	r3, r3
10004638:	e7f4      	b.n	10004624 <tu_fifo_count+0x14>
1000463a:	46c0      	nop			@ (mov r8, r8)

1000463c <tu_fifo_empty>:
1000463c:	8903      	ldrh	r3, [r0, #8]
1000463e:	8940      	ldrh	r0, [r0, #10]
10004640:	1a18      	subs	r0, r3, r0
10004642:	4243      	negs	r3, r0
10004644:	4158      	adcs	r0, r3
10004646:	b2c0      	uxtb	r0, r0
10004648:	4770      	bx	lr
1000464a:	46c0      	nop			@ (mov r8, r8)

1000464c <tu_fifo_remaining>:
1000464c:	b510      	push	{r4, lr}
1000464e:	8904      	ldrh	r4, [r0, #8]
10004650:	8941      	ldrh	r1, [r0, #10]
10004652:	8882      	ldrh	r2, [r0, #4]
10004654:	b2a3      	uxth	r3, r4
10004656:	b288      	uxth	r0, r1
10004658:	428c      	cmp	r4, r1
1000465a:	d307      	bcc.n	1000466c <tu_fifo_remaining+0x20>
1000465c:	1a1b      	subs	r3, r3, r0
1000465e:	b29b      	uxth	r3, r3
10004660:	2000      	movs	r0, #0
10004662:	429a      	cmp	r2, r3
10004664:	d901      	bls.n	1000466a <tu_fifo_remaining+0x1e>
10004666:	1ad2      	subs	r2, r2, r3
10004668:	b290      	uxth	r0, r2
1000466a:	bd10      	pop	{r4, pc}
1000466c:	0051      	lsls	r1, r2, #1
1000466e:	1a09      	subs	r1, r1, r0
10004670:	185b      	adds	r3, r3, r1
10004672:	b29b      	uxth	r3, r3
10004674:	e7f4      	b.n	10004660 <tu_fifo_remaining+0x14>
10004676:	46c0      	nop			@ (mov r8, r8)

10004678 <tu_fifo_read>:
10004678:	b570      	push	{r4, r5, r6, lr}
1000467a:	0004      	movs	r4, r0
1000467c:	6900      	ldr	r0, [r0, #16]
1000467e:	000e      	movs	r6, r1
10004680:	2800      	cmp	r0, #0
10004682:	d003      	beq.n	1000468c <tu_fifo_read+0x14>
10004684:	2101      	movs	r1, #1
10004686:	4249      	negs	r1, r1
10004688:	f000 face 	bl	10004c28 <__mutex_enter_timeout_ms_veneer>
1000468c:	8925      	ldrh	r5, [r4, #8]
1000468e:	8960      	ldrh	r0, [r4, #10]
10004690:	88a2      	ldrh	r2, [r4, #4]
10004692:	b2a9      	uxth	r1, r5
10004694:	b283      	uxth	r3, r0
10004696:	4285      	cmp	r5, r0
10004698:	d332      	bcc.n	10004700 <tu_fifo_read+0x88>
1000469a:	1acd      	subs	r5, r1, r3
1000469c:	b2ad      	uxth	r5, r5
1000469e:	2d00      	cmp	r5, #0
100046a0:	d028      	beq.n	100046f4 <tu_fifo_read+0x7c>
100046a2:	42aa      	cmp	r2, r5
100046a4:	d208      	bcs.n	100046b8 <tu_fifo_read+0x40>
100046a6:	4291      	cmp	r1, r2
100046a8:	d32f      	bcc.n	1000470a <tu_fifo_read+0x92>
100046aa:	1a89      	subs	r1, r1, r2
100046ac:	b28b      	uxth	r3, r1
100046ae:	8163      	strh	r3, [r4, #10]
100046b0:	429a      	cmp	r2, r3
100046b2:	d803      	bhi.n	100046bc <tu_fifo_read+0x44>
100046b4:	1a9b      	subs	r3, r3, r2
100046b6:	b29b      	uxth	r3, r3
100046b8:	429a      	cmp	r2, r3
100046ba:	d9fb      	bls.n	100046b4 <tu_fifo_read+0x3c>
100046bc:	88e2      	ldrh	r2, [r4, #6]
100046be:	6821      	ldr	r1, [r4, #0]
100046c0:	0452      	lsls	r2, r2, #17
100046c2:	0c52      	lsrs	r2, r2, #17
100046c4:	4353      	muls	r3, r2
100046c6:	0030      	movs	r0, r6
100046c8:	18c9      	adds	r1, r1, r3
100046ca:	f7fd fb77 	bl	10001dbc <__wrap___aeabi_memcpy>
100046ce:	8963      	ldrh	r3, [r4, #10]
100046d0:	2501      	movs	r5, #1
100046d2:	1c59      	adds	r1, r3, #1
100046d4:	b289      	uxth	r1, r1
100046d6:	88a2      	ldrh	r2, [r4, #4]
100046d8:	428b      	cmp	r3, r1
100046da:	d90d      	bls.n	100046f8 <tu_fifo_read+0x80>
100046dc:	2100      	movs	r1, #0
100046de:	0052      	lsls	r2, r2, #1
100046e0:	1a89      	subs	r1, r1, r2
100046e2:	b289      	uxth	r1, r1
100046e4:	6920      	ldr	r0, [r4, #16]
100046e6:	8161      	strh	r1, [r4, #10]
100046e8:	2800      	cmp	r0, #0
100046ea:	d001      	beq.n	100046f0 <tu_fifo_read+0x78>
100046ec:	f000 fa74 	bl	10004bd8 <__mutex_exit_veneer>
100046f0:	0028      	movs	r0, r5
100046f2:	bd70      	pop	{r4, r5, r6, pc}
100046f4:	8961      	ldrh	r1, [r4, #10]
100046f6:	b289      	uxth	r1, r1
100046f8:	0052      	lsls	r2, r2, #1
100046fa:	4291      	cmp	r1, r2
100046fc:	dbf2      	blt.n	100046e4 <tu_fifo_read+0x6c>
100046fe:	e7ef      	b.n	100046e0 <tu_fifo_read+0x68>
10004700:	0055      	lsls	r5, r2, #1
10004702:	1aed      	subs	r5, r5, r3
10004704:	194d      	adds	r5, r1, r5
10004706:	b2ad      	uxth	r5, r5
10004708:	e7c9      	b.n	1000469e <tu_fifo_read+0x26>
1000470a:	1889      	adds	r1, r1, r2
1000470c:	b28b      	uxth	r3, r1
1000470e:	8163      	strh	r3, [r4, #10]
10004710:	e7ce      	b.n	100046b0 <tu_fifo_read+0x38>
10004712:	46c0      	nop			@ (mov r8, r8)

10004714 <tu_fifo_read_n>:
10004714:	b5f0      	push	{r4, r5, r6, r7, lr}
10004716:	4646      	mov	r6, r8
10004718:	464f      	mov	r7, r9
1000471a:	46d6      	mov	lr, sl
1000471c:	b5c0      	push	{r6, r7, lr}
1000471e:	0006      	movs	r6, r0
10004720:	6900      	ldr	r0, [r0, #16]
10004722:	4689      	mov	r9, r1
10004724:	4690      	mov	r8, r2
10004726:	2800      	cmp	r0, #0
10004728:	d003      	beq.n	10004732 <tu_fifo_read_n+0x1e>
1000472a:	2101      	movs	r1, #1
1000472c:	4249      	negs	r1, r1
1000472e:	f000 fa7b 	bl	10004c28 <__mutex_enter_timeout_ms_veneer>
10004732:	8931      	ldrh	r1, [r6, #8]
10004734:	8972      	ldrh	r2, [r6, #10]
10004736:	88b5      	ldrh	r5, [r6, #4]
10004738:	b28b      	uxth	r3, r1
1000473a:	b294      	uxth	r4, r2
1000473c:	4291      	cmp	r1, r2
1000473e:	d354      	bcc.n	100047ea <tu_fifo_read_n+0xd6>
10004740:	1b1f      	subs	r7, r3, r4
10004742:	b2bf      	uxth	r7, r7
10004744:	2f00      	cmp	r7, #0
10004746:	d04a      	beq.n	100047de <tu_fifo_read_n+0xca>
10004748:	42bd      	cmp	r5, r7
1000474a:	d205      	bcs.n	10004758 <tu_fifo_read_n+0x44>
1000474c:	42ab      	cmp	r3, r5
1000474e:	d251      	bcs.n	100047f4 <tu_fifo_read_n+0xe0>
10004750:	195b      	adds	r3, r3, r5
10004752:	b29c      	uxth	r4, r3
10004754:	002f      	movs	r7, r5
10004756:	8174      	strh	r4, [r6, #10]
10004758:	4643      	mov	r3, r8
1000475a:	45b8      	cmp	r8, r7
1000475c:	d83d      	bhi.n	100047da <tu_fifo_read_n+0xc6>
1000475e:	b29f      	uxth	r7, r3
10004760:	42a5      	cmp	r5, r4
10004762:	d803      	bhi.n	1000476c <tu_fifo_read_n+0x58>
10004764:	1b64      	subs	r4, r4, r5
10004766:	b2a4      	uxth	r4, r4
10004768:	42a5      	cmp	r5, r4
1000476a:	d9fb      	bls.n	10004764 <tu_fifo_read_n+0x50>
1000476c:	88f2      	ldrh	r2, [r6, #6]
1000476e:	6831      	ldr	r1, [r6, #0]
10004770:	0452      	lsls	r2, r2, #17
10004772:	0c52      	lsrs	r2, r2, #17
10004774:	4690      	mov	r8, r2
10004776:	4362      	muls	r2, r4
10004778:	1b2b      	subs	r3, r5, r4
1000477a:	b29b      	uxth	r3, r3
1000477c:	1889      	adds	r1, r1, r2
1000477e:	4642      	mov	r2, r8
10004780:	429f      	cmp	r7, r3
10004782:	d925      	bls.n	100047d0 <tu_fifo_read_n+0xbc>
10004784:	4353      	muls	r3, r2
10004786:	b29b      	uxth	r3, r3
10004788:	001a      	movs	r2, r3
1000478a:	4648      	mov	r0, r9
1000478c:	469a      	mov	sl, r3
1000478e:	f7fd fb15 	bl	10001dbc <__wrap___aeabi_memcpy>
10004792:	4643      	mov	r3, r8
10004794:	4648      	mov	r0, r9
10004796:	1b7d      	subs	r5, r7, r5
10004798:	1964      	adds	r4, r4, r5
1000479a:	435c      	muls	r4, r3
1000479c:	6831      	ldr	r1, [r6, #0]
1000479e:	4450      	add	r0, sl
100047a0:	b2a2      	uxth	r2, r4
100047a2:	f7fd fb0b 	bl	10001dbc <__wrap___aeabi_memcpy>
100047a6:	8971      	ldrh	r1, [r6, #10]
100047a8:	88b5      	ldrh	r5, [r6, #4]
100047aa:	19cb      	adds	r3, r1, r7
100047ac:	b29b      	uxth	r3, r3
100047ae:	006a      	lsls	r2, r5, #1
100047b0:	4299      	cmp	r1, r3
100047b2:	d916      	bls.n	100047e2 <tu_fifo_read_n+0xce>
100047b4:	1a9b      	subs	r3, r3, r2
100047b6:	b29b      	uxth	r3, r3
100047b8:	6930      	ldr	r0, [r6, #16]
100047ba:	8173      	strh	r3, [r6, #10]
100047bc:	2800      	cmp	r0, #0
100047be:	d001      	beq.n	100047c4 <tu_fifo_read_n+0xb0>
100047c0:	f000 fa0a 	bl	10004bd8 <__mutex_exit_veneer>
100047c4:	0038      	movs	r0, r7
100047c6:	bce0      	pop	{r5, r6, r7}
100047c8:	46ba      	mov	sl, r7
100047ca:	46b1      	mov	r9, r6
100047cc:	46a8      	mov	r8, r5
100047ce:	bdf0      	pop	{r4, r5, r6, r7, pc}
100047d0:	4648      	mov	r0, r9
100047d2:	437a      	muls	r2, r7
100047d4:	f7fd faf2 	bl	10001dbc <__wrap___aeabi_memcpy>
100047d8:	e7e5      	b.n	100047a6 <tu_fifo_read_n+0x92>
100047da:	1c3b      	adds	r3, r7, #0
100047dc:	e7bf      	b.n	1000475e <tu_fifo_read_n+0x4a>
100047de:	8973      	ldrh	r3, [r6, #10]
100047e0:	b29b      	uxth	r3, r3
100047e2:	006a      	lsls	r2, r5, #1
100047e4:	4293      	cmp	r3, r2
100047e6:	dbe7      	blt.n	100047b8 <tu_fifo_read_n+0xa4>
100047e8:	e7e4      	b.n	100047b4 <tu_fifo_read_n+0xa0>
100047ea:	006f      	lsls	r7, r5, #1
100047ec:	1b3f      	subs	r7, r7, r4
100047ee:	19df      	adds	r7, r3, r7
100047f0:	b2bf      	uxth	r7, r7
100047f2:	e7a7      	b.n	10004744 <tu_fifo_read_n+0x30>
100047f4:	1b5b      	subs	r3, r3, r5
100047f6:	b29c      	uxth	r4, r3
100047f8:	e7ac      	b.n	10004754 <tu_fifo_read_n+0x40>
100047fa:	46c0      	nop			@ (mov r8, r8)

100047fc <tu_fifo_write>:
100047fc:	b5f8      	push	{r3, r4, r5, r6, r7, lr}
100047fe:	0004      	movs	r4, r0
10004800:	68c0      	ldr	r0, [r0, #12]
10004802:	000e      	movs	r6, r1
10004804:	2800      	cmp	r0, #0
10004806:	d003      	beq.n	10004810 <tu_fifo_write+0x14>
10004808:	2101      	movs	r1, #1
1000480a:	4249      	negs	r1, r1
1000480c:	f000 fa0c 	bl	10004c28 <__mutex_enter_timeout_ms_veneer>
10004810:	8925      	ldrh	r5, [r4, #8]
10004812:	8920      	ldrh	r0, [r4, #8]
10004814:	8961      	ldrh	r1, [r4, #10]
10004816:	88a2      	ldrh	r2, [r4, #4]
10004818:	b2ad      	uxth	r5, r5
1000481a:	b283      	uxth	r3, r0
1000481c:	b28f      	uxth	r7, r1
1000481e:	4288      	cmp	r0, r1
10004820:	d329      	bcc.n	10004876 <tu_fifo_write+0x7a>
10004822:	1bdb      	subs	r3, r3, r7
10004824:	b29b      	uxth	r3, r3
10004826:	429a      	cmp	r2, r3
10004828:	d809      	bhi.n	1000483e <tu_fifo_write+0x42>
1000482a:	79e7      	ldrb	r7, [r4, #7]
1000482c:	09ff      	lsrs	r7, r7, #7
1000482e:	d106      	bne.n	1000483e <tu_fifo_write+0x42>
10004830:	68e0      	ldr	r0, [r4, #12]
10004832:	2800      	cmp	r0, #0
10004834:	d001      	beq.n	1000483a <tu_fifo_write+0x3e>
10004836:	f000 f9cf 	bl	10004bd8 <__mutex_exit_veneer>
1000483a:	0038      	movs	r0, r7
1000483c:	bdf8      	pop	{r3, r4, r5, r6, r7, pc}
1000483e:	002b      	movs	r3, r5
10004840:	4295      	cmp	r5, r2
10004842:	d31d      	bcc.n	10004880 <tu_fifo_write+0x84>
10004844:	1a9b      	subs	r3, r3, r2
10004846:	b29b      	uxth	r3, r3
10004848:	4293      	cmp	r3, r2
1000484a:	d2fb      	bcs.n	10004844 <tu_fifo_write+0x48>
1000484c:	88e2      	ldrh	r2, [r4, #6]
1000484e:	6820      	ldr	r0, [r4, #0]
10004850:	0452      	lsls	r2, r2, #17
10004852:	0c52      	lsrs	r2, r2, #17
10004854:	4353      	muls	r3, r2
10004856:	0031      	movs	r1, r6
10004858:	18c0      	adds	r0, r0, r3
1000485a:	f7fd faaf 	bl	10001dbc <__wrap___aeabi_memcpy>
1000485e:	1c6b      	adds	r3, r5, #1
10004860:	b29b      	uxth	r3, r3
10004862:	88a2      	ldrh	r2, [r4, #4]
10004864:	429d      	cmp	r5, r3
10004866:	d917      	bls.n	10004898 <tu_fifo_write+0x9c>
10004868:	2300      	movs	r3, #0
1000486a:	0052      	lsls	r2, r2, #1
1000486c:	1a9b      	subs	r3, r3, r2
1000486e:	b29b      	uxth	r3, r3
10004870:	2701      	movs	r7, #1
10004872:	8123      	strh	r3, [r4, #8]
10004874:	e7dc      	b.n	10004830 <tu_fifo_write+0x34>
10004876:	0051      	lsls	r1, r2, #1
10004878:	1bc9      	subs	r1, r1, r7
1000487a:	185b      	adds	r3, r3, r1
1000487c:	b29b      	uxth	r3, r3
1000487e:	e7d2      	b.n	10004826 <tu_fifo_write+0x2a>
10004880:	88e2      	ldrh	r2, [r4, #6]
10004882:	6820      	ldr	r0, [r4, #0]
10004884:	0452      	lsls	r2, r2, #17
10004886:	0c52      	lsrs	r2, r2, #17
10004888:	4353      	muls	r3, r2
1000488a:	0031      	movs	r1, r6
1000488c:	18c0      	adds	r0, r0, r3
1000488e:	f7fd fa95 	bl	10001dbc <__wrap___aeabi_memcpy>
10004892:	3501      	adds	r5, #1
10004894:	88a2      	ldrh	r2, [r4, #4]
10004896:	b2ab      	uxth	r3, r5
10004898:	0052      	lsls	r2, r2, #1
1000489a:	4293      	cmp	r3, r2
1000489c:	dbe8      	blt.n	10004870 <tu_fifo_write+0x74>
1000489e:	e7e5      	b.n	1000486c <tu_fifo_write+0x70>

100048a0 <tu_fifo_write_n>:
100048a0:	b5f0      	push	{r4, r5, r6, r7, lr}
100048a2:	464e      	mov	r6, r9
100048a4:	4657      	mov	r7, sl
100048a6:	46de      	mov	lr, fp
100048a8:	4645      	mov	r5, r8
100048aa:	b5e0      	push	{r5, r6, r7, lr}
100048ac:	4689      	mov	r9, r1
100048ae:	0006      	movs	r6, r0
100048b0:	0017      	movs	r7, r2
100048b2:	b083      	sub	sp, #12
100048b4:	2a00      	cmp	r2, #0
100048b6:	d067      	beq.n	10004988 <tu_fifo_write_n+0xe8>
100048b8:	68c0      	ldr	r0, [r0, #12]
100048ba:	2800      	cmp	r0, #0
100048bc:	d003      	beq.n	100048c6 <tu_fifo_write_n+0x26>
100048be:	2101      	movs	r1, #1
100048c0:	4249      	negs	r1, r1
100048c2:	f000 f9b1 	bl	10004c28 <__mutex_enter_timeout_ms_veneer>
100048c6:	8933      	ldrh	r3, [r6, #8]
100048c8:	79f2      	ldrb	r2, [r6, #7]
100048ca:	b29b      	uxth	r3, r3
100048cc:	4698      	mov	r8, r3
100048ce:	8973      	ldrh	r3, [r6, #10]
100048d0:	88b5      	ldrh	r5, [r6, #4]
100048d2:	b29b      	uxth	r3, r3
100048d4:	09d2      	lsrs	r2, r2, #7
100048d6:	d140      	bne.n	1000495a <tu_fifo_write_n+0xba>
100048d8:	4598      	cmp	r8, r3
100048da:	d25e      	bcs.n	1000499a <tu_fifo_write_n+0xfa>
100048dc:	006a      	lsls	r2, r5, #1
100048de:	1ad3      	subs	r3, r2, r3
100048e0:	4443      	add	r3, r8
100048e2:	b29b      	uxth	r3, r3
100048e4:	42ab      	cmp	r3, r5
100048e6:	d25d      	bcs.n	100049a4 <tu_fifo_write_n+0x104>
100048e8:	1aeb      	subs	r3, r5, r3
100048ea:	1c1a      	adds	r2, r3, #0
100048ec:	b29b      	uxth	r3, r3
100048ee:	42bb      	cmp	r3, r7
100048f0:	d900      	bls.n	100048f4 <tu_fifo_write_n+0x54>
100048f2:	1c3a      	adds	r2, r7, #0
100048f4:	b297      	uxth	r7, r2
100048f6:	1b7b      	subs	r3, r7, r5
100048f8:	b29b      	uxth	r3, r3
100048fa:	9301      	str	r3, [sp, #4]
100048fc:	88f3      	ldrh	r3, [r6, #6]
100048fe:	045b      	lsls	r3, r3, #17
10004900:	0c5b      	lsrs	r3, r3, #17
10004902:	469a      	mov	sl, r3
10004904:	4643      	mov	r3, r8
10004906:	19db      	adds	r3, r3, r7
10004908:	b29b      	uxth	r3, r3
1000490a:	469b      	mov	fp, r3
1000490c:	4644      	mov	r4, r8
1000490e:	45a8      	cmp	r8, r5
10004910:	d303      	bcc.n	1000491a <tu_fifo_write_n+0x7a>
10004912:	1b64      	subs	r4, r4, r5
10004914:	b2a4      	uxth	r4, r4
10004916:	42ac      	cmp	r4, r5
10004918:	d2fb      	bcs.n	10004912 <tu_fifo_write_n+0x72>
1000491a:	4653      	mov	r3, sl
1000491c:	4363      	muls	r3, r4
1000491e:	6830      	ldr	r0, [r6, #0]
10004920:	1b2d      	subs	r5, r5, r4
10004922:	b2ad      	uxth	r5, r5
10004924:	18c0      	adds	r0, r0, r3
10004926:	42bd      	cmp	r5, r7
10004928:	d34b      	bcc.n	100049c2 <tu_fifo_write_n+0x122>
1000492a:	4652      	mov	r2, sl
1000492c:	4649      	mov	r1, r9
1000492e:	437a      	muls	r2, r7
10004930:	f7fd fa44 	bl	10001dbc <__wrap___aeabi_memcpy>
10004934:	88b3      	ldrh	r3, [r6, #4]
10004936:	005b      	lsls	r3, r3, #1
10004938:	45d8      	cmp	r8, fp
1000493a:	d801      	bhi.n	10004940 <tu_fifo_write_n+0xa0>
1000493c:	459b      	cmp	fp, r3
1000493e:	db03      	blt.n	10004948 <tu_fifo_write_n+0xa8>
10004940:	465a      	mov	r2, fp
10004942:	1ad3      	subs	r3, r2, r3
10004944:	b29b      	uxth	r3, r3
10004946:	469b      	mov	fp, r3
10004948:	465b      	mov	r3, fp
1000494a:	003d      	movs	r5, r7
1000494c:	8133      	strh	r3, [r6, #8]
1000494e:	68f0      	ldr	r0, [r6, #12]
10004950:	2800      	cmp	r0, #0
10004952:	d01a      	beq.n	1000498a <tu_fifo_write_n+0xea>
10004954:	f000 f940 	bl	10004bd8 <__mutex_exit_veneer>
10004958:	e017      	b.n	1000498a <tu_fifo_write_n+0xea>
1000495a:	88f2      	ldrh	r2, [r6, #6]
1000495c:	0452      	lsls	r2, r2, #17
1000495e:	0c52      	lsrs	r2, r2, #17
10004960:	4692      	mov	sl, r2
10004962:	42af      	cmp	r7, r5
10004964:	d220      	bcs.n	100049a8 <tu_fifo_write_n+0x108>
10004966:	4598      	cmp	r8, r3
10004968:	d34d      	bcc.n	10004a06 <tu_fifo_write_n+0x166>
1000496a:	4642      	mov	r2, r8
1000496c:	1ad2      	subs	r2, r2, r3
1000496e:	b292      	uxth	r2, r2
10004970:	0069      	lsls	r1, r5, #1
10004972:	1b78      	subs	r0, r7, r5
10004974:	b280      	uxth	r0, r0
10004976:	19d2      	adds	r2, r2, r7
10004978:	9001      	str	r0, [sp, #4]
1000497a:	428a      	cmp	r2, r1
1000497c:	da33      	bge.n	100049e6 <tu_fifo_write_n+0x146>
1000497e:	4643      	mov	r3, r8
10004980:	18fb      	adds	r3, r7, r3
10004982:	b29b      	uxth	r3, r3
10004984:	469b      	mov	fp, r3
10004986:	e7c1      	b.n	1000490c <tu_fifo_write_n+0x6c>
10004988:	2500      	movs	r5, #0
1000498a:	0028      	movs	r0, r5
1000498c:	b003      	add	sp, #12
1000498e:	bcf0      	pop	{r4, r5, r6, r7}
10004990:	46bb      	mov	fp, r7
10004992:	46b2      	mov	sl, r6
10004994:	46a9      	mov	r9, r5
10004996:	46a0      	mov	r8, r4
10004998:	bdf0      	pop	{r4, r5, r6, r7, pc}
1000499a:	4642      	mov	r2, r8
1000499c:	1ad3      	subs	r3, r2, r3
1000499e:	b29b      	uxth	r3, r3
100049a0:	42ab      	cmp	r3, r5
100049a2:	d3a1      	bcc.n	100048e8 <tu_fifo_write_n+0x48>
100049a4:	2500      	movs	r5, #0
100049a6:	e7d2      	b.n	1000494e <tu_fifo_write_n+0xae>
100049a8:	2d00      	cmp	r5, #0
100049aa:	d0d0      	beq.n	1000494e <tu_fifo_write_n+0xae>
100049ac:	1b7f      	subs	r7, r7, r5
100049ae:	4357      	muls	r7, r2
100049b0:	4698      	mov	r8, r3
100049b2:	195a      	adds	r2, r3, r5
100049b4:	2300      	movs	r3, #0
100049b6:	b292      	uxth	r2, r2
100049b8:	44b9      	add	r9, r7
100049ba:	4693      	mov	fp, r2
100049bc:	002f      	movs	r7, r5
100049be:	9301      	str	r3, [sp, #4]
100049c0:	e7a4      	b.n	1000490c <tu_fifo_write_n+0x6c>
100049c2:	4653      	mov	r3, sl
100049c4:	435d      	muls	r5, r3
100049c6:	b2ad      	uxth	r5, r5
100049c8:	002a      	movs	r2, r5
100049ca:	4649      	mov	r1, r9
100049cc:	f7fd f9f6 	bl	10001dbc <__wrap___aeabi_memcpy>
100049d0:	9b01      	ldr	r3, [sp, #4]
100049d2:	0029      	movs	r1, r5
100049d4:	18e2      	adds	r2, r4, r3
100049d6:	4653      	mov	r3, sl
100049d8:	435a      	muls	r2, r3
100049da:	6830      	ldr	r0, [r6, #0]
100049dc:	b292      	uxth	r2, r2
100049de:	4449      	add	r1, r9
100049e0:	f7fd f9ec 	bl	10001dbc <__wrap___aeabi_memcpy>
100049e4:	e7a6      	b.n	10004934 <tu_fifo_write_n+0x94>
100049e6:	195a      	adds	r2, r3, r5
100049e8:	b292      	uxth	r2, r2
100049ea:	4693      	mov	fp, r2
100049ec:	1bd2      	subs	r2, r2, r7
100049ee:	b292      	uxth	r2, r2
100049f0:	4690      	mov	r8, r2
100049f2:	4293      	cmp	r3, r2
100049f4:	d90c      	bls.n	10004a10 <tu_fifo_write_n+0x170>
100049f6:	4643      	mov	r3, r8
100049f8:	1a59      	subs	r1, r3, r1
100049fa:	b28b      	uxth	r3, r1
100049fc:	4698      	mov	r8, r3
100049fe:	18fb      	adds	r3, r7, r3
10004a00:	b29b      	uxth	r3, r3
10004a02:	469b      	mov	fp, r3
10004a04:	e782      	b.n	1000490c <tu_fifo_write_n+0x6c>
10004a06:	0069      	lsls	r1, r5, #1
10004a08:	1aca      	subs	r2, r1, r3
10004a0a:	4442      	add	r2, r8
10004a0c:	b292      	uxth	r2, r2
10004a0e:	e7b0      	b.n	10004972 <tu_fifo_write_n+0xd2>
10004a10:	4291      	cmp	r1, r2
10004a12:	dd00      	ble.n	10004a16 <tu_fifo_write_n+0x176>
10004a14:	e77a      	b.n	1000490c <tu_fifo_write_n+0x6c>
10004a16:	e7ee      	b.n	100049f6 <tu_fifo_write_n+0x156>

10004a18 <tu_fifo_clear>:
10004a18:	b510      	push	{r4, lr}
10004a1a:	0004      	movs	r4, r0
10004a1c:	68c0      	ldr	r0, [r0, #12]
10004a1e:	2800      	cmp	r0, #0
10004a20:	d003      	beq.n	10004a2a <tu_fifo_clear+0x12>
10004a22:	2101      	movs	r1, #1
10004a24:	4249      	negs	r1, r1
10004a26:	f000 f8ff 	bl	10004c28 <__mutex_enter_timeout_ms_veneer>
10004a2a:	6920      	ldr	r0, [r4, #16]
10004a2c:	2800      	cmp	r0, #0
10004a2e:	d003      	beq.n	10004a38 <tu_fifo_clear+0x20>
10004a30:	2101      	movs	r1, #1
10004a32:	4249      	negs	r1, r1
10004a34:	f000 f8f8 	bl	10004c28 <__mutex_enter_timeout_ms_veneer>
10004a38:	2300      	movs	r3, #0
10004a3a:	68e0      	ldr	r0, [r4, #12]
10004a3c:	8163      	strh	r3, [r4, #10]
10004a3e:	8123      	strh	r3, [r4, #8]
10004a40:	2800      	cmp	r0, #0
10004a42:	d001      	beq.n	10004a48 <tu_fifo_clear+0x30>
10004a44:	f000 f8c8 	bl	10004bd8 <__mutex_exit_veneer>
10004a48:	6920      	ldr	r0, [r4, #16]
10004a4a:	2800      	cmp	r0, #0
10004a4c:	d001      	beq.n	10004a52 <tu_fifo_clear+0x3a>
10004a4e:	f000 f8c3 	bl	10004bd8 <__mutex_exit_veneer>
10004a52:	2001      	movs	r0, #1
10004a54:	bd10      	pop	{r4, pc}
10004a56:	46c0      	nop			@ (mov r8, r8)

10004a58 <tu_fifo_set_overwritable>:
10004a58:	b570      	push	{r4, r5, r6, lr}
10004a5a:	0004      	movs	r4, r0
10004a5c:	68c0      	ldr	r0, [r0, #12]
10004a5e:	000d      	movs	r5, r1
10004a60:	2800      	cmp	r0, #0
10004a62:	d003      	beq.n	10004a6c <tu_fifo_set_overwritable+0x14>
10004a64:	2101      	movs	r1, #1
10004a66:	4249      	negs	r1, r1
10004a68:	f000 f8de 	bl	10004c28 <__mutex_enter_timeout_ms_veneer>
10004a6c:	6920      	ldr	r0, [r4, #16]
10004a6e:	2800      	cmp	r0, #0
10004a70:	d003      	beq.n	10004a7a <tu_fifo_set_overwritable+0x22>
10004a72:	2101      	movs	r1, #1
10004a74:	4249      	negs	r1, r1
10004a76:	f000 f8d7 	bl	10004c28 <__mutex_enter_timeout_ms_veneer>
10004a7a:	217f      	movs	r1, #127	@ 0x7f
10004a7c:	79e3      	ldrb	r3, [r4, #7]
10004a7e:	01ed      	lsls	r5, r5, #7
10004a80:	4019      	ands	r1, r3
10004a82:	68e0      	ldr	r0, [r4, #12]
10004a84:	4329      	orrs	r1, r5
10004a86:	71e1      	strb	r1, [r4, #7]
10004a88:	2800      	cmp	r0, #0
10004a8a:	d001      	beq.n	10004a90 <tu_fifo_set_overwritable+0x38>
10004a8c:	f000 f8a4 	bl	10004bd8 <__mutex_exit_veneer>
10004a90:	6920      	ldr	r0, [r4, #16]
10004a92:	2800      	cmp	r0, #0
10004a94:	d001      	beq.n	10004a9a <tu_fifo_set_overwritable+0x42>
10004a96:	f000 f89f 	bl	10004bd8 <__mutex_exit_veneer>
10004a9a:	2001      	movs	r0, #1
10004a9c:	bd70      	pop	{r4, r5, r6, pc}
10004a9e:	46c0      	nop			@ (mov r8, r8)

10004aa0 <strlen>:
10004aa0:	b510      	push	{r4, lr}
10004aa2:	0783      	lsls	r3, r0, #30
10004aa4:	d00a      	beq.n	10004abc <strlen+0x1c>
10004aa6:	0003      	movs	r3, r0
10004aa8:	2103      	movs	r1, #3
10004aaa:	e002      	b.n	10004ab2 <strlen+0x12>
10004aac:	3301      	adds	r3, #1
10004aae:	420b      	tst	r3, r1
10004ab0:	d005      	beq.n	10004abe <strlen+0x1e>
10004ab2:	781a      	ldrb	r2, [r3, #0]
10004ab4:	2a00      	cmp	r2, #0
10004ab6:	d1f9      	bne.n	10004aac <strlen+0xc>
10004ab8:	1a18      	subs	r0, r3, r0
10004aba:	bd10      	pop	{r4, pc}
10004abc:	0003      	movs	r3, r0
10004abe:	6819      	ldr	r1, [r3, #0]
10004ac0:	4a0c      	ldr	r2, [pc, #48]	@ (10004af4 <strlen+0x54>)
10004ac2:	4c0d      	ldr	r4, [pc, #52]	@ (10004af8 <strlen+0x58>)
10004ac4:	188a      	adds	r2, r1, r2
10004ac6:	438a      	bics	r2, r1
10004ac8:	4222      	tst	r2, r4
10004aca:	d10f      	bne.n	10004aec <strlen+0x4c>
10004acc:	6859      	ldr	r1, [r3, #4]
10004ace:	4a09      	ldr	r2, [pc, #36]	@ (10004af4 <strlen+0x54>)
10004ad0:	3304      	adds	r3, #4
10004ad2:	188a      	adds	r2, r1, r2
10004ad4:	438a      	bics	r2, r1
10004ad6:	4222      	tst	r2, r4
10004ad8:	d108      	bne.n	10004aec <strlen+0x4c>
10004ada:	6859      	ldr	r1, [r3, #4]
10004adc:	4a05      	ldr	r2, [pc, #20]	@ (10004af4 <strlen+0x54>)
10004ade:	3304      	adds	r3, #4
10004ae0:	188a      	adds	r2, r1, r2
10004ae2:	438a      	bics	r2, r1
10004ae4:	4222      	tst	r2, r4
10004ae6:	d0f1      	beq.n	10004acc <strlen+0x2c>
10004ae8:	e000      	b.n	10004aec <strlen+0x4c>
10004aea:	3301      	adds	r3, #1
10004aec:	781a      	ldrb	r2, [r3, #0]
10004aee:	2a00      	cmp	r2, #0
10004af0:	d1fb      	bne.n	10004aea <strlen+0x4a>
10004af2:	e7e1      	b.n	10004ab8 <strlen+0x18>
10004af4:	fefefeff 	.word	0xfefefeff
10004af8:	80808080 	.word	0x80808080

10004afc <__libc_fini_array>:
10004afc:	b570      	push	{r4, r5, r6, lr}
10004afe:	4c07      	ldr	r4, [pc, #28]	@ (10004b1c <__libc_fini_array+0x20>)
10004b00:	4d07      	ldr	r5, [pc, #28]	@ (10004b20 <__libc_fini_array+0x24>)
10004b02:	1b64      	subs	r4, r4, r5
10004b04:	10a4      	asrs	r4, r4, #2
10004b06:	d005      	beq.n	10004b14 <__libc_fini_array+0x18>
10004b08:	3c01      	subs	r4, #1
10004b0a:	00a3      	lsls	r3, r4, #2
10004b0c:	58eb      	ldr	r3, [r5, r3]
10004b0e:	4798      	blx	r3
10004b10:	2c00      	cmp	r4, #0
10004b12:	d1f9      	bne.n	10004b08 <__libc_fini_array+0xc>
10004b14:	f000 f856 	bl	10004bc4 <_fini>
10004b18:	bd70      	pop	{r4, r5, r6, pc}
10004b1a:	46c0      	nop			@ (mov r8, r8)
10004b1c:	10004cc0 	.word	0x10004cc0
10004b20:	10004cc0 	.word	0x10004cc0

10004b24 <atexit>:
10004b24:	b510      	push	{r4, lr}
10004b26:	0001      	movs	r1, r0
10004b28:	2300      	movs	r3, #0
10004b2a:	2200      	movs	r2, #0
10004b2c:	2000      	movs	r0, #0
10004b2e:	f000 f801 	bl	10004b34 <__register_exitproc>
10004b32:	bd10      	pop	{r4, pc}

10004b34 <__register_exitproc>:
10004b34:	b5f0      	push	{r4, r5, r6, r7, lr}
10004b36:	46c6      	mov	lr, r8
10004b38:	4c1a      	ldr	r4, [pc, #104]	@ (10004ba4 <__register_exitproc+0x70>)
10004b3a:	b500      	push	{lr}
10004b3c:	6825      	ldr	r5, [r4, #0]
10004b3e:	2d00      	cmp	r5, #0
10004b40:	d02a      	beq.n	10004b98 <__register_exitproc+0x64>
10004b42:	686c      	ldr	r4, [r5, #4]
10004b44:	2c1f      	cmp	r4, #31
10004b46:	dc2a      	bgt.n	10004b9e <__register_exitproc+0x6a>
10004b48:	2800      	cmp	r0, #0
10004b4a:	d108      	bne.n	10004b5e <__register_exitproc+0x2a>
10004b4c:	2000      	movs	r0, #0
10004b4e:	1c63      	adds	r3, r4, #1
10004b50:	3402      	adds	r4, #2
10004b52:	00a4      	lsls	r4, r4, #2
10004b54:	606b      	str	r3, [r5, #4]
10004b56:	5161      	str	r1, [r4, r5]
10004b58:	bc80      	pop	{r7}
10004b5a:	46b8      	mov	r8, r7
10004b5c:	bdf0      	pop	{r4, r5, r6, r7, pc}
10004b5e:	2788      	movs	r7, #136	@ 0x88
10004b60:	00a6      	lsls	r6, r4, #2
10004b62:	19ae      	adds	r6, r5, r6
10004b64:	51f2      	str	r2, [r6, r7]
10004b66:	3701      	adds	r7, #1
10004b68:	37ff      	adds	r7, #255	@ 0xff
10004b6a:	46bc      	mov	ip, r7
10004b6c:	2201      	movs	r2, #1
10004b6e:	44ac      	add	ip, r5
10004b70:	4667      	mov	r7, ip
10004b72:	40a2      	lsls	r2, r4
10004b74:	683f      	ldr	r7, [r7, #0]
10004b76:	4690      	mov	r8, r2
10004b78:	4317      	orrs	r7, r2
10004b7a:	4662      	mov	r2, ip
10004b7c:	6017      	str	r7, [r2, #0]
10004b7e:	2784      	movs	r7, #132	@ 0x84
10004b80:	007f      	lsls	r7, r7, #1
10004b82:	51f3      	str	r3, [r6, r7]
10004b84:	2802      	cmp	r0, #2
10004b86:	d1e1      	bne.n	10004b4c <__register_exitproc+0x18>
10004b88:	0028      	movs	r0, r5
10004b8a:	4642      	mov	r2, r8
10004b8c:	308d      	adds	r0, #141	@ 0x8d
10004b8e:	30ff      	adds	r0, #255	@ 0xff
10004b90:	6803      	ldr	r3, [r0, #0]
10004b92:	4313      	orrs	r3, r2
10004b94:	6003      	str	r3, [r0, #0]
10004b96:	e7d9      	b.n	10004b4c <__register_exitproc+0x18>
10004b98:	4d03      	ldr	r5, [pc, #12]	@ (10004ba8 <__register_exitproc+0x74>)
10004b9a:	6025      	str	r5, [r4, #0]
10004b9c:	e7d1      	b.n	10004b42 <__register_exitproc+0xe>
10004b9e:	2001      	movs	r0, #1
10004ba0:	4240      	negs	r0, r0
10004ba2:	e7d9      	b.n	10004b58 <__register_exitproc+0x24>
10004ba4:	200014fc 	.word	0x200014fc
10004ba8:	2000136c 	.word	0x2000136c

10004bac <register_fini>:
10004bac:	4b03      	ldr	r3, [pc, #12]	@ (10004bbc <register_fini+0x10>)
10004bae:	b510      	push	{r4, lr}
10004bb0:	2b00      	cmp	r3, #0
10004bb2:	d002      	beq.n	10004bba <register_fini+0xe>
10004bb4:	4802      	ldr	r0, [pc, #8]	@ (10004bc0 <register_fini+0x14>)
10004bb6:	f7ff ffb5 	bl	10004b24 <atexit>
10004bba:	bd10      	pop	{r4, pc}
10004bbc:	00000000 	.word	0x00000000
10004bc0:	10004afd 	.word	0x10004afd

10004bc4 <_fini>:
10004bc4:	b5f8      	push	{r3, r4, r5, r6, r7, lr}
10004bc6:	46c0      	nop			@ (mov r8, r8)

10004bc8 <__flash_do_cmd_veneer>:
10004bc8:	b401      	push	{r0}
10004bca:	4802      	ldr	r0, [pc, #8]	@ (10004bd4 <__flash_do_cmd_veneer+0xc>)
10004bcc:	4684      	mov	ip, r0
10004bce:	bc01      	pop	{r0}
10004bd0:	4760      	bx	ip
10004bd2:	bf00      	nop
10004bd4:	20000301 	.word	0x20000301

10004bd8 <__mutex_exit_veneer>:
10004bd8:	b401      	push	{r0}
10004bda:	4802      	ldr	r0, [pc, #8]	@ (10004be4 <__mutex_exit_veneer+0xc>)
10004bdc:	4684      	mov	ip, r0
10004bde:	bc01      	pop	{r0}
10004be0:	4760      	bx	ip
10004be2:	bf00      	nop
10004be4:	20000225 	.word	0x20000225

10004be8 <__e15_is_bulkin_ep_veneer>:
10004be8:	b401      	push	{r0}
10004bea:	4802      	ldr	r0, [pc, #8]	@ (10004bf4 <__e15_is_bulkin_ep_veneer+0xc>)
10004bec:	4684      	mov	ip, r0
10004bee:	bc01      	pop	{r0}
10004bf0:	4760      	bx	ip
10004bf2:	bf00      	nop
10004bf4:	20000c19 	.word	0x20000c19

10004bf8 <____aeabi_idiv0_veneer>:
10004bf8:	b401      	push	{r0}
10004bfa:	4802      	ldr	r0, [pc, #8]	@ (10004c04 <____aeabi_idiv0_veneer+0xc>)
10004bfc:	4684      	mov	ip, r0
10004bfe:	bc01      	pop	{r0}
10004c00:	4760      	bx	ip
10004c02:	bf00      	nop
10004c04:	20000f5d 	.word	0x20000f5d

10004c08 <__mutex_try_enter_veneer>:
10004c08:	b401      	push	{r0}
10004c0a:	4802      	ldr	r0, [pc, #8]	@ (10004c14 <__mutex_try_enter_veneer+0xc>)
10004c0c:	4684      	mov	ip, r0
10004c0e:	bc01      	pop	{r0}
10004c10:	4760      	bx	ip
10004c12:	bf00      	nop
10004c14:	200000c1 	.word	0x200000c1

10004c18 <__e15_is_critical_frame_period_veneer>:
10004c18:	b401      	push	{r0}
10004c1a:	4802      	ldr	r0, [pc, #8]	@ (10004c24 <__e15_is_critical_frame_period_veneer+0xc>)
10004c1c:	4684      	mov	ip, r0
10004c1e:	bc01      	pop	{r0}
10004c20:	4760      	bx	ip
10004c22:	bf00      	nop
10004c24:	20000c41 	.word	0x20000c41

10004c28 <__mutex_enter_timeout_ms_veneer>:
10004c28:	b401      	push	{r0}
10004c2a:	4802      	ldr	r0, [pc, #8]	@ (10004c34 <__mutex_enter_timeout_ms_veneer+0xc>)
10004c2c:	4684      	mov	ip, r0
10004c2e:	bc01      	pop	{r0}
10004c30:	4760      	bx	ip
10004c32:	bf00      	nop
10004c34:	20000199 	.word	0x20000199

10004c38 <__mutex_try_enter_block_until_veneer>:
10004c38:	b401      	push	{r0}
10004c3a:	4802      	ldr	r0, [pc, #8]	@ (10004c44 <__mutex_try_enter_block_until_veneer+0xc>)
10004c3c:	4684      	mov	ip, r0
10004c3e:	bc01      	pop	{r0}
10004c40:	4760      	bx	ip
10004c42:	bf00      	nop
10004c44:	20000101 	.word	0x20000101

10004c48 <__hw_endpoint_start_next_buffer_veneer>:
10004c48:	b401      	push	{r0}
10004c4a:	4802      	ldr	r0, [pc, #8]	@ (10004c54 <__hw_endpoint_start_next_buffer_veneer+0xc>)
10004c4c:	4684      	mov	ip, r0
10004c4e:	bc01      	pop	{r0}
10004c50:	4760      	bx	ip
10004c52:	bf00      	nop
10004c54:	20000cd1 	.word	0x20000cd1

10004c58 <__reset_non_control_endpoints_veneer>:
10004c58:	b401      	push	{r0}
10004c5a:	4802      	ldr	r0, [pc, #8]	@ (10004c64 <__reset_non_control_endpoints_veneer+0xc>)
10004c5c:	4684      	mov	ip, r0
10004c5e:	bc01      	pop	{r0}
10004c60:	4760      	bx	ip
10004c62:	bf00      	nop
10004c64:	2000043d 	.word	0x2000043d

10004c68 <___hw_endpoint_buffer_control_update32_veneer>:
10004c68:	b401      	push	{r0}
10004c6a:	4802      	ldr	r0, [pc, #8]	@ (10004c74 <___hw_endpoint_buffer_control_update32_veneer+0xc>)
10004c6c:	4684      	mov	ip, r0
10004c6e:	bc01      	pop	{r0}
10004c70:	4760      	bx	ip
10004c72:	bf00      	nop
10004c74:	20000c81 	.word	0x20000c81

10004c78 <__pre_init_runtime_init_early_resets>:
10004c78:	100019c1                                ....

10004c7c <__pre_init_runtime_init_usb_power_down>:
10004c7c:	100019ed 10001bd1 10001da1 10001c39     ............9...
10004c8c:	10001d45                                E...

10004c90 <__pre_init_runtime_init_clocks>:
10004c90:	10001af9                                ....

10004c94 <__pre_init_runtime_init_post_clock_resets>:
10004c94:	10001a09                                ....

10004c98 <__pre_init_runtime_init_rp2040_gpio_ie_disable>:
10004c98:	10001a29                                )...

10004c9c <__pre_init_runtime_init_spin_locks_reset>:
10004c9c:	10001a3d                                =...

10004ca0 <__pre_init_runtime_init_mutex>:
10004ca0:	10000b11                                ....

10004ca4 <__pre_init_runtime_init_install_ram_vector_table>:
10004ca4:	10001a45                                E...

10004ca8 <__pre_init_runtime_init_default_alarm_pool>:
10004ca8:	10000edd                                ....

10004cac <__pre_init_first_per_core_initializer>:
10004cac:	10001989                                ....

10004cb0 <__pre_init_runtime_init_per_core_irq_priorities>:
10004cb0:	10000571                                q...

10004cb4 <__init_array_start>:
10004cb4:	10004bad 	.word	0x10004bad
10004cb8:	10002895 	.word	0x10002895

10004cbc <__frame_dummy_init_array_entry>:
10004cbc:	100002fd                                ....

Disassembly of section .data:

200000c0 <mutex_try_enter>:
200000c0:	0003      	movs	r3, r0
200000c2:	6800      	ldr	r0, [r0, #0]
200000c4:	f3ef 8c10 	mrs	ip, PRIMASK
200000c8:	b672      	cpsid	i
200000ca:	6802      	ldr	r2, [r0, #0]
200000cc:	2a00      	cmp	r2, #0
200000ce:	d0fc      	beq.n	200000ca <mutex_try_enter+0xa>
200000d0:	f3bf 8f5f 	dmb	sy
200000d4:	2204      	movs	r2, #4
200000d6:	569a      	ldrsb	r2, [r3, r2]
200000d8:	2a00      	cmp	r2, #0
200000da:	db0b      	blt.n	200000f4 <mutex_try_enter+0x34>
200000dc:	2900      	cmp	r1, #0
200000de:	d000      	beq.n	200000e2 <mutex_try_enter+0x22>
200000e0:	600a      	str	r2, [r1, #0]
200000e2:	2000      	movs	r0, #0
200000e4:	681b      	ldr	r3, [r3, #0]
200000e6:	f3bf 8f5f 	dmb	sy
200000ea:	2200      	movs	r2, #0
200000ec:	601a      	str	r2, [r3, #0]
200000ee:	f38c 8810 	msr	PRIMASK, ip
200000f2:	4770      	bx	lr
200000f4:	22d0      	movs	r2, #208	@ 0xd0
200000f6:	0612      	lsls	r2, r2, #24
200000f8:	6812      	ldr	r2, [r2, #0]
200000fa:	2001      	movs	r0, #1
200000fc:	711a      	strb	r2, [r3, #4]
200000fe:	e7f1      	b.n	200000e4 <mutex_try_enter+0x24>

20000100 <mutex_try_enter_block_until>:
20000100:	b5f0      	push	{r4, r5, r6, r7, lr}
20000102:	46c6      	mov	lr, r8
20000104:	0015      	movs	r5, r2
20000106:	b500      	push	{lr}
20000108:	0004      	movs	r4, r0
2000010a:	001e      	movs	r6, r3
2000010c:	6802      	ldr	r2, [r0, #0]
2000010e:	f3ef 8110 	mrs	r1, PRIMASK
20000112:	b672      	cpsid	i
20000114:	6813      	ldr	r3, [r2, #0]
20000116:	2b00      	cmp	r3, #0
20000118:	d0fc      	beq.n	20000114 <mutex_try_enter_block_until+0x14>
2000011a:	f3bf 8f5f 	dmb	sy
2000011e:	2304      	movs	r3, #4
20000120:	56e3      	ldrsb	r3, [r4, r3]
20000122:	6822      	ldr	r2, [r4, #0]
20000124:	2b00      	cmp	r3, #0
20000126:	db2b      	blt.n	20000180 <mutex_try_enter_block_until+0x80>
20000128:	f3bf 8f5f 	dmb	sy
2000012c:	2000      	movs	r0, #0
2000012e:	6010      	str	r0, [r2, #0]
20000130:	f381 8810 	msr	PRIMASK, r1
20000134:	22d0      	movs	r2, #208	@ 0xd0
20000136:	0612      	lsls	r2, r2, #24
20000138:	7812      	ldrb	r2, [r2, #0]
2000013a:	2700      	movs	r7, #0
2000013c:	b252      	sxtb	r2, r2
2000013e:	4690      	mov	r8, r2
20000140:	429a      	cmp	r2, r3
20000142:	d10e      	bne.n	20000162 <mutex_try_enter_block_until+0x62>
20000144:	2000      	movs	r0, #0
20000146:	bc80      	pop	{r7}
20000148:	46b8      	mov	r8, r7
2000014a:	bdf0      	pop	{r4, r5, r6, r7, pc}
2000014c:	f3bf 8f5f 	dmb	sy
20000150:	6017      	str	r7, [r2, #0]
20000152:	f381 8810 	msr	PRIMASK, r1
20000156:	0028      	movs	r0, r5
20000158:	0031      	movs	r1, r6
2000015a:	f000 ff39 	bl	20000fd0 <__best_effort_wfe_or_timeout_veneer>
2000015e:	2800      	cmp	r0, #0
20000160:	d1f0      	bne.n	20000144 <mutex_try_enter_block_until+0x44>
20000162:	6822      	ldr	r2, [r4, #0]
20000164:	f3ef 8110 	mrs	r1, PRIMASK
20000168:	b672      	cpsid	i
2000016a:	6813      	ldr	r3, [r2, #0]
2000016c:	2b00      	cmp	r3, #0
2000016e:	d0fc      	beq.n	2000016a <mutex_try_enter_block_until+0x6a>
20000170:	f3bf 8f5f 	dmb	sy
20000174:	7923      	ldrb	r3, [r4, #4]
20000176:	6822      	ldr	r2, [r4, #0]
20000178:	2b7f      	cmp	r3, #127	@ 0x7f
2000017a:	d9e7      	bls.n	2000014c <mutex_try_enter_block_until+0x4c>
2000017c:	4643      	mov	r3, r8
2000017e:	e002      	b.n	20000186 <mutex_try_enter_block_until+0x86>
20000180:	23d0      	movs	r3, #208	@ 0xd0
20000182:	061b      	lsls	r3, r3, #24
20000184:	681b      	ldr	r3, [r3, #0]
20000186:	7123      	strb	r3, [r4, #4]
20000188:	f3bf 8f5f 	dmb	sy
2000018c:	2300      	movs	r3, #0
2000018e:	6013      	str	r3, [r2, #0]
20000190:	f381 8810 	msr	PRIMASK, r1
20000194:	2001      	movs	r0, #1
20000196:	e7d6      	b.n	20000146 <mutex_try_enter_block_until+0x46>

20000198 <mutex_enter_timeout_ms>:
20000198:	b5f0      	push	{r4, r5, r6, r7, lr}
2000019a:	46c6      	mov	lr, r8
2000019c:	b500      	push	{lr}
2000019e:	000d      	movs	r5, r1
200001a0:	0004      	movs	r4, r0
200001a2:	f000 feed 	bl	20000f80 <__time_us_64_veneer>
200001a6:	22fa      	movs	r2, #250	@ 0xfa
200001a8:	0006      	movs	r6, r0
200001aa:	000f      	movs	r7, r1
200001ac:	2300      	movs	r3, #0
200001ae:	0028      	movs	r0, r5
200001b0:	2100      	movs	r1, #0
200001b2:	0092      	lsls	r2, r2, #2
200001b4:	f000 feec 	bl	20000f90 <____wrap___aeabi_lmul_veneer>
200001b8:	1836      	adds	r6, r6, r0
200001ba:	414f      	adcs	r7, r1
200001bc:	2f00      	cmp	r7, #0
200001be:	da02      	bge.n	200001c6 <mutex_enter_timeout_ms+0x2e>
200001c0:	2601      	movs	r6, #1
200001c2:	4f17      	ldr	r7, [pc, #92]	@ (20000220 <mutex_enter_timeout_ms+0x88>)
200001c4:	4276      	negs	r6, r6
200001c6:	23d0      	movs	r3, #208	@ 0xd0
200001c8:	061b      	lsls	r3, r3, #24
200001ca:	681b      	ldr	r3, [r3, #0]
200001cc:	2500      	movs	r5, #0
200001ce:	4698      	mov	r8, r3
200001d0:	e00a      	b.n	200001e8 <mutex_enter_timeout_ms+0x50>
200001d2:	f3bf 8f5f 	dmb	sy
200001d6:	6015      	str	r5, [r2, #0]
200001d8:	f381 8810 	msr	PRIMASK, r1
200001dc:	0030      	movs	r0, r6
200001de:	0039      	movs	r1, r7
200001e0:	f000 fef6 	bl	20000fd0 <__best_effort_wfe_or_timeout_veneer>
200001e4:	2800      	cmp	r0, #0
200001e6:	d118      	bne.n	2000021a <mutex_enter_timeout_ms+0x82>
200001e8:	6822      	ldr	r2, [r4, #0]
200001ea:	f3ef 8110 	mrs	r1, PRIMASK
200001ee:	b672      	cpsid	i
200001f0:	6813      	ldr	r3, [r2, #0]
200001f2:	2b00      	cmp	r3, #0
200001f4:	d0fc      	beq.n	200001f0 <mutex_enter_timeout_ms+0x58>
200001f6:	f3bf 8f5f 	dmb	sy
200001fa:	7923      	ldrb	r3, [r4, #4]
200001fc:	6822      	ldr	r2, [r4, #0]
200001fe:	2b7f      	cmp	r3, #127	@ 0x7f
20000200:	d9e7      	bls.n	200001d2 <mutex_enter_timeout_ms+0x3a>
20000202:	4643      	mov	r3, r8
20000204:	7123      	strb	r3, [r4, #4]
20000206:	f3bf 8f5f 	dmb	sy
2000020a:	2300      	movs	r3, #0
2000020c:	6013      	str	r3, [r2, #0]
2000020e:	f381 8810 	msr	PRIMASK, r1
20000212:	2001      	movs	r0, #1
20000214:	bc80      	pop	{r7}
20000216:	46b8      	mov	r8, r7
20000218:	bdf0      	pop	{r4, r5, r6, r7, pc}
2000021a:	2000      	movs	r0, #0
2000021c:	e7fa      	b.n	20000214 <mutex_enter_timeout_ms+0x7c>
2000021e:	46c0      	nop			@ (mov r8, r8)
20000220:	7fffffff 	.word	0x7fffffff

20000224 <mutex_exit>:
20000224:	6802      	ldr	r2, [r0, #0]
20000226:	f3ef 8110 	mrs	r1, PRIMASK
2000022a:	b672      	cpsid	i
2000022c:	6813      	ldr	r3, [r2, #0]
2000022e:	2b00      	cmp	r3, #0
20000230:	d0fc      	beq.n	2000022c <mutex_exit+0x8>
20000232:	f3bf 8f5f 	dmb	sy
20000236:	23ff      	movs	r3, #255	@ 0xff
20000238:	7103      	strb	r3, [r0, #4]
2000023a:	6803      	ldr	r3, [r0, #0]
2000023c:	f3bf 8f5f 	dmb	sy
20000240:	2200      	movs	r2, #0
20000242:	601a      	str	r2, [r3, #0]
20000244:	f381 8810 	msr	PRIMASK, r1
20000248:	bf40      	sev
2000024a:	4770      	bx	lr

2000024c <flash_init_boot2_copyout>:
2000024c:	b510      	push	{r4, lr}
2000024e:	4c08      	ldr	r4, [pc, #32]	@ (20000270 <flash_init_boot2_copyout+0x24>)
20000250:	7823      	ldrb	r3, [r4, #0]
20000252:	2b00      	cmp	r3, #0
20000254:	d10a      	bne.n	2000026c <flash_init_boot2_copyout+0x20>
20000256:	2380      	movs	r3, #128	@ 0x80
20000258:	4806      	ldr	r0, [pc, #24]	@ (20000274 <flash_init_boot2_copyout+0x28>)
2000025a:	4907      	ldr	r1, [pc, #28]	@ (20000278 <flash_init_boot2_copyout+0x2c>)
2000025c:	055b      	lsls	r3, r3, #21
2000025e:	681a      	ldr	r2, [r3, #0]
20000260:	50c2      	str	r2, [r0, r3]
20000262:	3304      	adds	r3, #4
20000264:	428b      	cmp	r3, r1
20000266:	d1fa      	bne.n	2000025e <flash_init_boot2_copyout+0x12>
20000268:	2301      	movs	r3, #1
2000026a:	7023      	strb	r3, [r4, #0]
2000026c:	bd10      	pop	{r4, pc}
2000026e:	46c0      	nop			@ (mov r8, r8)
20000270:	20002164 	.word	0x20002164
20000274:	10001a98 	.word	0x10001a98
20000278:	10000100 	.word	0x10000100

2000027c <flash_enable_xip_via_boot2>:
2000027c:	b510      	push	{r4, lr}
2000027e:	4b01      	ldr	r3, [pc, #4]	@ (20000284 <flash_enable_xip_via_boot2+0x8>)
20000280:	4798      	blx	r3
20000282:	bd10      	pop	{r4, pc}
20000284:	20001a99 	.word	0x20001a99

20000288 <flash_save_hardware_state>:
20000288:	4b06      	ldr	r3, [pc, #24]	@ (200002a4 <flash_save_hardware_state+0x1c>)
2000028a:	685a      	ldr	r2, [r3, #4]
2000028c:	6002      	str	r2, [r0, #0]
2000028e:	689a      	ldr	r2, [r3, #8]
20000290:	6042      	str	r2, [r0, #4]
20000292:	68da      	ldr	r2, [r3, #12]
20000294:	6082      	str	r2, [r0, #8]
20000296:	691a      	ldr	r2, [r3, #16]
20000298:	60c2      	str	r2, [r0, #12]
2000029a:	695a      	ldr	r2, [r3, #20]
2000029c:	6102      	str	r2, [r0, #16]
2000029e:	699b      	ldr	r3, [r3, #24]
200002a0:	6143      	str	r3, [r0, #20]
200002a2:	4770      	bx	lr
200002a4:	40020000 	.word	0x40020000

200002a8 <flash_restore_hardware_state>:
200002a8:	6802      	ldr	r2, [r0, #0]
200002aa:	4b06      	ldr	r3, [pc, #24]	@ (200002c4 <flash_restore_hardware_state+0x1c>)
200002ac:	605a      	str	r2, [r3, #4]
200002ae:	6842      	ldr	r2, [r0, #4]
200002b0:	609a      	str	r2, [r3, #8]
200002b2:	6882      	ldr	r2, [r0, #8]
200002b4:	60da      	str	r2, [r3, #12]
200002b6:	68c2      	ldr	r2, [r0, #12]
200002b8:	611a      	str	r2, [r3, #16]
200002ba:	6902      	ldr	r2, [r0, #16]
200002bc:	615a      	str	r2, [r3, #20]
200002be:	6942      	ldr	r2, [r0, #20]
200002c0:	619a      	str	r2, [r3, #24]
200002c2:	4770      	bx	lr
200002c4:	40020000 	.word	0x40020000

200002c8 <flash_cs_force.constprop.0>:
200002c8:	4b03      	ldr	r3, [pc, #12]	@ (200002d8 <flash_cs_force.constprop.0+0x10>)
200002ca:	681a      	ldr	r2, [r3, #0]
200002cc:	23c0      	movs	r3, #192	@ 0xc0
200002ce:	009b      	lsls	r3, r3, #2
200002d0:	4393      	bics	r3, r2
200002d2:	4a02      	ldr	r2, [pc, #8]	@ (200002dc <flash_cs_force.constprop.0+0x14>)
200002d4:	6013      	str	r3, [r2, #0]
200002d6:	4770      	bx	lr
200002d8:	4001800c 	.word	0x4001800c
200002dc:	4001900c 	.word	0x4001900c

200002e0 <flash_cs_force.constprop.1>:
200002e0:	4b05      	ldr	r3, [pc, #20]	@ (200002f8 <flash_cs_force.constprop.1+0x18>)
200002e2:	681a      	ldr	r2, [r3, #0]
200002e4:	2380      	movs	r3, #128	@ 0x80
200002e6:	009b      	lsls	r3, r3, #2
200002e8:	4053      	eors	r3, r2
200002ea:	22c0      	movs	r2, #192	@ 0xc0
200002ec:	0092      	lsls	r2, r2, #2
200002ee:	4013      	ands	r3, r2
200002f0:	4a02      	ldr	r2, [pc, #8]	@ (200002fc <flash_cs_force.constprop.1+0x1c>)
200002f2:	6013      	str	r3, [r2, #0]
200002f4:	4770      	bx	lr
200002f6:	46c0      	nop			@ (mov r8, r8)
200002f8:	4001800c 	.word	0x4001800c
200002fc:	4001900c 	.word	0x4001900c

20000300 <flash_do_cmd>:
20000300:	2300      	movs	r3, #0
20000302:	b5f0      	push	{r4, r5, r6, r7, lr}
20000304:	46de      	mov	lr, fp
20000306:	4657      	mov	r7, sl
20000308:	464e      	mov	r6, r9
2000030a:	4645      	mov	r5, r8
2000030c:	469a      	mov	sl, r3
2000030e:	b5e0      	push	{r5, r6, r7, lr}
20000310:	b089      	sub	sp, #36	@ 0x24
20000312:	9001      	str	r0, [sp, #4]
20000314:	000e      	movs	r6, r1
20000316:	8a98      	ldrh	r0, [r3, #20]
20000318:	4945      	ldr	r1, [pc, #276]	@ (20000430 <flash_do_cmd+0x130>)
2000031a:	8b1b      	ldrh	r3, [r3, #24]
2000031c:	0014      	movs	r4, r2
2000031e:	4798      	blx	r3
20000320:	4653      	mov	r3, sl
20000322:	4681      	mov	r9, r0
20000324:	4943      	ldr	r1, [pc, #268]	@ (20000434 <flash_do_cmd+0x134>)
20000326:	8a98      	ldrh	r0, [r3, #20]
20000328:	8b1b      	ldrh	r3, [r3, #24]
2000032a:	4798      	blx	r3
2000032c:	4653      	mov	r3, sl
2000032e:	4942      	ldr	r1, [pc, #264]	@ (20000438 <flash_do_cmd+0x138>)
20000330:	0005      	movs	r5, r0
20000332:	8a98      	ldrh	r0, [r3, #20]
20000334:	8b1b      	ldrh	r3, [r3, #24]
20000336:	4798      	blx	r3
20000338:	4680      	mov	r8, r0
2000033a:	f7ff ff87 	bl	2000024c <flash_init_boot2_copyout>
2000033e:	a802      	add	r0, sp, #8
20000340:	f7ff ffa2 	bl	20000288 <flash_save_hardware_state>
20000344:	47c8      	blx	r9
20000346:	47a8      	blx	r5
20000348:	f7ff ffca 	bl	200002e0 <flash_cs_force.constprop.1>
2000034c:	1e25      	subs	r5, r4, #0
2000034e:	d022      	beq.n	20000396 <flash_do_cmd+0x96>
20000350:	2308      	movs	r3, #8
20000352:	21c0      	movs	r1, #192	@ 0xc0
20000354:	469c      	mov	ip, r3
20000356:	2002      	movs	r0, #2
20000358:	0549      	lsls	r1, r1, #21
2000035a:	4662      	mov	r2, ip
2000035c:	6a8b      	ldr	r3, [r1, #40]	@ 0x28
2000035e:	401a      	ands	r2, r3
20000360:	4218      	tst	r0, r3
20000362:	d03f      	beq.n	200003e4 <flash_do_cmd+0xe4>
20000364:	1b63      	subs	r3, r4, r5
20000366:	2d00      	cmp	r5, #0
20000368:	d12f      	bne.n	200003ca <flash_do_cmd+0xca>
2000036a:	2a00      	cmp	r2, #0
2000036c:	d111      	bne.n	20000392 <flash_do_cmd+0x92>
2000036e:	2c00      	cmp	r4, #0
20000370:	d011      	beq.n	20000396 <flash_do_cmd+0x96>
20000372:	23c0      	movs	r3, #192	@ 0xc0
20000374:	055b      	lsls	r3, r3, #21
20000376:	469b      	mov	fp, r3
20000378:	2302      	movs	r3, #2
2000037a:	469a      	mov	sl, r3
2000037c:	3306      	adds	r3, #6
2000037e:	4699      	mov	r9, r3
20000380:	465b      	mov	r3, fp
20000382:	464a      	mov	r2, r9
20000384:	4657      	mov	r7, sl
20000386:	6a9b      	ldr	r3, [r3, #40]	@ 0x28
20000388:	401a      	ands	r2, r3
2000038a:	421f      	tst	r7, r3
2000038c:	d042      	beq.n	20000414 <flash_do_cmd+0x114>
2000038e:	2a00      	cmp	r2, #0
20000390:	d0f6      	beq.n	20000380 <flash_do_cmd+0x80>
20000392:	2c00      	cmp	r4, #0
20000394:	d130      	bne.n	200003f8 <flash_do_cmd+0xf8>
20000396:	f7ff ff97 	bl	200002c8 <flash_cs_force.constprop.0>
2000039a:	47c0      	blx	r8
2000039c:	f7ff ff6e 	bl	2000027c <flash_enable_xip_via_boot2>
200003a0:	a802      	add	r0, sp, #8
200003a2:	f7ff ff81 	bl	200002a8 <flash_restore_hardware_state>
200003a6:	b009      	add	sp, #36	@ 0x24
200003a8:	bcf0      	pop	{r4, r5, r6, r7}
200003aa:	46bb      	mov	fp, r7
200003ac:	46b2      	mov	sl, r6
200003ae:	46a9      	mov	r9, r5
200003b0:	46a0      	mov	r8, r4
200003b2:	bdf0      	pop	{r4, r5, r6, r7, pc}
200003b4:	2c00      	cmp	r4, #0
200003b6:	d12f      	bne.n	20000418 <flash_do_cmd+0x118>
200003b8:	22c0      	movs	r2, #192	@ 0xc0
200003ba:	0552      	lsls	r2, r2, #21
200003bc:	6a92      	ldr	r2, [r2, #40]	@ 0x28
200003be:	4691      	mov	r9, r2
200003c0:	2208      	movs	r2, #8
200003c2:	464f      	mov	r7, r9
200003c4:	403a      	ands	r2, r7
200003c6:	07bf      	lsls	r7, r7, #30
200003c8:	d52d      	bpl.n	20000426 <flash_do_cmd+0x126>
200003ca:	2b0d      	cmp	r3, #13
200003cc:	d91b      	bls.n	20000406 <flash_do_cmd+0x106>
200003ce:	2a00      	cmp	r2, #0
200003d0:	d1f0      	bne.n	200003b4 <flash_do_cmd+0xb4>
200003d2:	22c0      	movs	r2, #192	@ 0xc0
200003d4:	0552      	lsls	r2, r2, #21
200003d6:	6a92      	ldr	r2, [r2, #40]	@ 0x28
200003d8:	4691      	mov	r9, r2
200003da:	2208      	movs	r2, #8
200003dc:	464f      	mov	r7, r9
200003de:	403a      	ands	r2, r7
200003e0:	07bf      	lsls	r7, r7, #30
200003e2:	d4f2      	bmi.n	200003ca <flash_do_cmd+0xca>
200003e4:	2a00      	cmp	r2, #0
200003e6:	d104      	bne.n	200003f2 <flash_do_cmd+0xf2>
200003e8:	002b      	movs	r3, r5
200003ea:	4323      	orrs	r3, r4
200003ec:	2b00      	cmp	r3, #0
200003ee:	d1b4      	bne.n	2000035a <flash_do_cmd+0x5a>
200003f0:	e7d1      	b.n	20000396 <flash_do_cmd+0x96>
200003f2:	002b      	movs	r3, r5
200003f4:	2c00      	cmp	r4, #0
200003f6:	d0f9      	beq.n	200003ec <flash_do_cmd+0xec>
200003f8:	6e0b      	ldr	r3, [r1, #96]	@ 0x60
200003fa:	3c01      	subs	r4, #1
200003fc:	7033      	strb	r3, [r6, #0]
200003fe:	0023      	movs	r3, r4
20000400:	3601      	adds	r6, #1
20000402:	432b      	orrs	r3, r5
20000404:	e7f2      	b.n	200003ec <flash_do_cmd+0xec>
20000406:	9f01      	ldr	r7, [sp, #4]
20000408:	3d01      	subs	r5, #1
2000040a:	783b      	ldrb	r3, [r7, #0]
2000040c:	3701      	adds	r7, #1
2000040e:	660b      	str	r3, [r1, #96]	@ 0x60
20000410:	9701      	str	r7, [sp, #4]
20000412:	e7e7      	b.n	200003e4 <flash_do_cmd+0xe4>
20000414:	2500      	movs	r5, #0
20000416:	e7e5      	b.n	200003e4 <flash_do_cmd+0xe4>
20000418:	23c0      	movs	r3, #192	@ 0xc0
2000041a:	055b      	lsls	r3, r3, #21
2000041c:	6e1b      	ldr	r3, [r3, #96]	@ 0x60
2000041e:	3c01      	subs	r4, #1
20000420:	7033      	strb	r3, [r6, #0]
20000422:	3601      	adds	r6, #1
20000424:	e799      	b.n	2000035a <flash_do_cmd+0x5a>
20000426:	002b      	movs	r3, r5
20000428:	2a00      	cmp	r2, #0
2000042a:	d1df      	bne.n	200003ec <flash_do_cmd+0xec>
2000042c:	e7dc      	b.n	200003e8 <flash_do_cmd+0xe8>
2000042e:	46c0      	nop			@ (mov r8, r8)
20000430:	00004649 	.word	0x00004649
20000434:	00005845 	.word	0x00005845
20000438:	00004346 	.word	0x00004346

2000043c <reset_non_control_endpoints>:
2000043c:	2200      	movs	r2, #0
2000043e:	4b15      	ldr	r3, [pc, #84]	@ (20000494 <reset_non_control_endpoints+0x58>)
20000440:	b510      	push	{r4, lr}
20000442:	609a      	str	r2, [r3, #8]
20000444:	60da      	str	r2, [r3, #12]
20000446:	611a      	str	r2, [r3, #16]
20000448:	615a      	str	r2, [r3, #20]
2000044a:	619a      	str	r2, [r3, #24]
2000044c:	61da      	str	r2, [r3, #28]
2000044e:	621a      	str	r2, [r3, #32]
20000450:	625a      	str	r2, [r3, #36]	@ 0x24
20000452:	629a      	str	r2, [r3, #40]	@ 0x28
20000454:	62da      	str	r2, [r3, #44]	@ 0x2c
20000456:	631a      	str	r2, [r3, #48]	@ 0x30
20000458:	635a      	str	r2, [r3, #52]	@ 0x34
2000045a:	639a      	str	r2, [r3, #56]	@ 0x38
2000045c:	63da      	str	r2, [r3, #60]	@ 0x3c
2000045e:	641a      	str	r2, [r3, #64]	@ 0x40
20000460:	645a      	str	r2, [r3, #68]	@ 0x44
20000462:	649a      	str	r2, [r3, #72]	@ 0x48
20000464:	64da      	str	r2, [r3, #76]	@ 0x4c
20000466:	651a      	str	r2, [r3, #80]	@ 0x50
20000468:	655a      	str	r2, [r3, #84]	@ 0x54
2000046a:	659a      	str	r2, [r3, #88]	@ 0x58
2000046c:	65da      	str	r2, [r3, #92]	@ 0x5c
2000046e:	661a      	str	r2, [r3, #96]	@ 0x60
20000470:	665a      	str	r2, [r3, #100]	@ 0x64
20000472:	669a      	str	r2, [r3, #104]	@ 0x68
20000474:	66da      	str	r2, [r3, #108]	@ 0x6c
20000476:	671a      	str	r2, [r3, #112]	@ 0x70
20000478:	675a      	str	r2, [r3, #116]	@ 0x74
2000047a:	679a      	str	r2, [r3, #120]	@ 0x78
2000047c:	67da      	str	r2, [r3, #124]	@ 0x7c
2000047e:	32f0      	adds	r2, #240	@ 0xf0
20000480:	0092      	lsls	r2, r2, #2
20000482:	2100      	movs	r1, #0
20000484:	4804      	ldr	r0, [pc, #16]	@ (20000498 <reset_non_control_endpoints+0x5c>)
20000486:	f000 fd93 	bl	20000fb0 <____wrap_memset_veneer>
2000048a:	4b04      	ldr	r3, [pc, #16]	@ (2000049c <reset_non_control_endpoints+0x60>)
2000048c:	4a04      	ldr	r2, [pc, #16]	@ (200004a0 <reset_non_control_endpoints+0x64>)
2000048e:	601a      	str	r2, [r3, #0]
20000490:	bd10      	pop	{r4, pc}
20000492:	46c0      	nop			@ (mov r8, r8)
20000494:	50100000 	.word	0x50100000
20000498:	20001c4c 	.word	0x20001c4c
2000049c:	20002014 	.word	0x20002014
200004a0:	50100180 	.word	0x50100180

200004a4 <hw_handle_buff_status>:
200004a4:	b5f0      	push	{r4, r5, r6, r7, lr}
200004a6:	464e      	mov	r6, r9
200004a8:	4645      	mov	r5, r8
200004aa:	46de      	mov	lr, fp
200004ac:	4657      	mov	r7, sl
200004ae:	b5e0      	push	{r5, r6, r7, lr}
200004b0:	4b21      	ldr	r3, [pc, #132]	@ (20000538 <hw_handle_buff_status+0x94>)
200004b2:	2400      	movs	r4, #0
200004b4:	6d9e      	ldr	r6, [r3, #88]	@ 0x58
200004b6:	2501      	movs	r5, #1
200004b8:	b085      	sub	sp, #20
200004ba:	2e00      	cmp	r6, #0
200004bc:	d022      	beq.n	20000504 <hw_handle_buff_status+0x60>
200004be:	4b1f      	ldr	r3, [pc, #124]	@ (2000053c <hw_handle_buff_status+0x98>)
200004c0:	469a      	mov	sl, r3
200004c2:	2301      	movs	r3, #1
200004c4:	4699      	mov	r9, r3
200004c6:	4b1e      	ldr	r3, [pc, #120]	@ (20000540 <hw_handle_buff_status+0x9c>)
200004c8:	4698      	mov	r8, r3
200004ca:	e001      	b.n	200004d0 <hw_handle_buff_status+0x2c>
200004cc:	2c20      	cmp	r4, #32
200004ce:	d019      	beq.n	20000504 <hw_handle_buff_status+0x60>
200004d0:	002a      	movs	r2, r5
200004d2:	0023      	movs	r3, r4
200004d4:	3401      	adds	r4, #1
200004d6:	002f      	movs	r7, r5
200004d8:	4032      	ands	r2, r6
200004da:	b2e4      	uxtb	r4, r4
200004dc:	006d      	lsls	r5, r5, #1
200004de:	2a00      	cmp	r2, #0
200004e0:	d0f4      	beq.n	200004cc <hw_handle_buff_status+0x28>
200004e2:	4652      	mov	r2, sl
200004e4:	6597      	str	r7, [r2, #88]	@ 0x58
200004e6:	464a      	mov	r2, r9
200004e8:	085b      	lsrs	r3, r3, #1
200004ea:	005b      	lsls	r3, r3, #1
200004ec:	4022      	ands	r2, r4
200004ee:	189b      	adds	r3, r3, r2
200004f0:	015b      	lsls	r3, r3, #5
200004f2:	4443      	add	r3, r8
200004f4:	0018      	movs	r0, r3
200004f6:	469b      	mov	fp, r3
200004f8:	f000 fc1e 	bl	20000d38 <hw_endpoint_xfer_continue>
200004fc:	2800      	cmp	r0, #0
200004fe:	d108      	bne.n	20000512 <hw_handle_buff_status+0x6e>
20000500:	43be      	bics	r6, r7
20000502:	d1e3      	bne.n	200004cc <hw_handle_buff_status+0x28>
20000504:	b005      	add	sp, #20
20000506:	bcf0      	pop	{r4, r5, r6, r7}
20000508:	46bb      	mov	fp, r7
2000050a:	46b2      	mov	sl, r6
2000050c:	46a9      	mov	r9, r5
2000050e:	46a0      	mov	r8, r4
20000510:	bdf0      	pop	{r4, r5, r6, r7, pc}
20000512:	465b      	mov	r3, fp
20000514:	21e0      	movs	r1, #224	@ 0xe0
20000516:	789a      	ldrb	r2, [r3, #2]
20000518:	8adb      	ldrh	r3, [r3, #22]
2000051a:	a801      	add	r0, sp, #4
2000051c:	6083      	str	r3, [r0, #8]
2000051e:	2300      	movs	r3, #0
20000520:	00c9      	lsls	r1, r1, #3
20000522:	8001      	strh	r1, [r0, #0]
20000524:	2101      	movs	r1, #1
20000526:	7102      	strb	r2, [r0, #4]
20000528:	7143      	strb	r3, [r0, #5]
2000052a:	f000 fc25 	bl	20000d78 <dcd_event_handler>
2000052e:	4658      	mov	r0, fp
20000530:	f000 fba0 	bl	20000c74 <hw_endpoint_reset_transfer>
20000534:	e7e4      	b.n	20000500 <hw_handle_buff_status+0x5c>
20000536:	46c0      	nop			@ (mov r8, r8)
20000538:	50110000 	.word	0x50110000
2000053c:	50113000 	.word	0x50113000
20000540:	20001c0c 	.word	0x20001c0c

20000544 <dcd_rp2040_irq>:
20000544:	2398      	movs	r3, #152	@ 0x98
20000546:	b5f0      	push	{r4, r5, r6, r7, lr}
20000548:	46c6      	mov	lr, r8
2000054a:	4ac8      	ldr	r2, [pc, #800]	@ (2000086c <dcd_rp2040_irq+0x328>)
2000054c:	b500      	push	{lr}
2000054e:	58d5      	ldr	r5, [r2, r3]
20000550:	2380      	movs	r3, #128	@ 0x80
20000552:	002e      	movs	r6, r5
20000554:	029b      	lsls	r3, r3, #10
20000556:	2410      	movs	r4, #16
20000558:	b084      	sub	sp, #16
2000055a:	401e      	ands	r6, r3
2000055c:	421d      	tst	r5, r3
2000055e:	d074      	beq.n	2000064a <dcd_rp2040_irq+0x106>
20000560:	4bc3      	ldr	r3, [pc, #780]	@ (20000870 <dcd_rp2040_irq+0x32c>)
20000562:	4cc4      	ldr	r4, [pc, #784]	@ (20000874 <dcd_rp2040_irq+0x330>)
20000564:	6a9a      	ldr	r2, [r3, #40]	@ 0x28
20000566:	4bc4      	ldr	r3, [pc, #784]	@ (20000878 <dcd_rp2040_irq+0x334>)
20000568:	2600      	movs	r6, #0
2000056a:	601a      	str	r2, [r3, #0]
2000056c:	233b      	movs	r3, #59	@ 0x3b
2000056e:	5ce3      	ldrb	r3, [r4, r3]
20000570:	2b02      	cmp	r3, #2
20000572:	d100      	bne.n	20000576 <dcd_rp2040_irq+0x32>
20000574:	e14f      	b.n	20000816 <dcd_rp2040_irq+0x2d2>
20000576:	237b      	movs	r3, #123	@ 0x7b
20000578:	5ce3      	ldrb	r3, [r4, r3]
2000057a:	2b02      	cmp	r3, #2
2000057c:	d100      	bne.n	20000580 <dcd_rp2040_irq+0x3c>
2000057e:	e0f3      	b.n	20000768 <dcd_rp2040_irq+0x224>
20000580:	23bb      	movs	r3, #187	@ 0xbb
20000582:	5ce3      	ldrb	r3, [r4, r3]
20000584:	2b02      	cmp	r3, #2
20000586:	d100      	bne.n	2000058a <dcd_rp2040_irq+0x46>
20000588:	e0fa      	b.n	20000780 <dcd_rp2040_irq+0x23c>
2000058a:	23fb      	movs	r3, #251	@ 0xfb
2000058c:	5ce3      	ldrb	r3, [r4, r3]
2000058e:	2b02      	cmp	r3, #2
20000590:	d100      	bne.n	20000594 <dcd_rp2040_irq+0x50>
20000592:	e101      	b.n	20000798 <dcd_rp2040_irq+0x254>
20000594:	233c      	movs	r3, #60	@ 0x3c
20000596:	33ff      	adds	r3, #255	@ 0xff
20000598:	5ce3      	ldrb	r3, [r4, r3]
2000059a:	2b02      	cmp	r3, #2
2000059c:	d100      	bne.n	200005a0 <dcd_rp2040_irq+0x5c>
2000059e:	e12d      	b.n	200007fc <dcd_rp2040_irq+0x2b8>
200005a0:	237c      	movs	r3, #124	@ 0x7c
200005a2:	33ff      	adds	r3, #255	@ 0xff
200005a4:	5ce3      	ldrb	r3, [r4, r3]
200005a6:	2b02      	cmp	r3, #2
200005a8:	d100      	bne.n	200005ac <dcd_rp2040_irq+0x68>
200005aa:	e10e      	b.n	200007ca <dcd_rp2040_irq+0x286>
200005ac:	23bc      	movs	r3, #188	@ 0xbc
200005ae:	33ff      	adds	r3, #255	@ 0xff
200005b0:	5ce3      	ldrb	r3, [r4, r3]
200005b2:	2b02      	cmp	r3, #2
200005b4:	d100      	bne.n	200005b8 <dcd_rp2040_irq+0x74>
200005b6:	e13f      	b.n	20000838 <dcd_rp2040_irq+0x2f4>
200005b8:	23fc      	movs	r3, #252	@ 0xfc
200005ba:	33ff      	adds	r3, #255	@ 0xff
200005bc:	5ce3      	ldrb	r3, [r4, r3]
200005be:	2b02      	cmp	r3, #2
200005c0:	d100      	bne.n	200005c4 <dcd_rp2040_irq+0x80>
200005c2:	e0f5      	b.n	200007b0 <dcd_rp2040_irq+0x26c>
200005c4:	4bad      	ldr	r3, [pc, #692]	@ (2000087c <dcd_rp2040_irq+0x338>)
200005c6:	5ce3      	ldrb	r3, [r4, r3]
200005c8:	2b02      	cmp	r3, #2
200005ca:	d100      	bne.n	200005ce <dcd_rp2040_irq+0x8a>
200005cc:	e174      	b.n	200008b8 <dcd_rp2040_irq+0x374>
200005ce:	4bac      	ldr	r3, [pc, #688]	@ (20000880 <dcd_rp2040_irq+0x33c>)
200005d0:	5ce3      	ldrb	r3, [r4, r3]
200005d2:	2b02      	cmp	r3, #2
200005d4:	d100      	bne.n	200005d8 <dcd_rp2040_irq+0x94>
200005d6:	e105      	b.n	200007e4 <dcd_rp2040_irq+0x2a0>
200005d8:	4baa      	ldr	r3, [pc, #680]	@ (20000884 <dcd_rp2040_irq+0x340>)
200005da:	5ce3      	ldrb	r3, [r4, r3]
200005dc:	2b02      	cmp	r3, #2
200005de:	d100      	bne.n	200005e2 <dcd_rp2040_irq+0x9e>
200005e0:	e175      	b.n	200008ce <dcd_rp2040_irq+0x38a>
200005e2:	4ba9      	ldr	r3, [pc, #676]	@ (20000888 <dcd_rp2040_irq+0x344>)
200005e4:	5ce3      	ldrb	r3, [r4, r3]
200005e6:	2b02      	cmp	r3, #2
200005e8:	d100      	bne.n	200005ec <dcd_rp2040_irq+0xa8>
200005ea:	e132      	b.n	20000852 <dcd_rp2040_irq+0x30e>
200005ec:	4ba7      	ldr	r3, [pc, #668]	@ (2000088c <dcd_rp2040_irq+0x348>)
200005ee:	5ce3      	ldrb	r3, [r4, r3]
200005f0:	2b02      	cmp	r3, #2
200005f2:	d100      	bne.n	200005f6 <dcd_rp2040_irq+0xb2>
200005f4:	e1a0      	b.n	20000938 <dcd_rp2040_irq+0x3f4>
200005f6:	4ba6      	ldr	r3, [pc, #664]	@ (20000890 <dcd_rp2040_irq+0x34c>)
200005f8:	5ce3      	ldrb	r3, [r4, r3]
200005fa:	2b02      	cmp	r3, #2
200005fc:	d100      	bne.n	20000600 <dcd_rp2040_irq+0xbc>
200005fe:	e171      	b.n	200008e4 <dcd_rp2040_irq+0x3a0>
20000600:	4ba4      	ldr	r3, [pc, #656]	@ (20000894 <dcd_rp2040_irq+0x350>)
20000602:	5ce3      	ldrb	r3, [r4, r3]
20000604:	2b02      	cmp	r3, #2
20000606:	d100      	bne.n	2000060a <dcd_rp2040_irq+0xc6>
20000608:	e1a1      	b.n	2000094e <dcd_rp2040_irq+0x40a>
2000060a:	4ba3      	ldr	r3, [pc, #652]	@ (20000898 <dcd_rp2040_irq+0x354>)
2000060c:	5ce3      	ldrb	r3, [r4, r3]
2000060e:	2b02      	cmp	r3, #2
20000610:	d100      	bne.n	20000614 <dcd_rp2040_irq+0xd0>
20000612:	e17f      	b.n	20000914 <dcd_rp2040_irq+0x3d0>
20000614:	2e00      	cmp	r6, #0
20000616:	d108      	bne.n	2000062a <dcd_rp2040_irq+0xe6>
20000618:	4ba0      	ldr	r3, [pc, #640]	@ (2000089c <dcd_rp2040_irq+0x358>)
2000061a:	781b      	ldrb	r3, [r3, #0]
2000061c:	2b00      	cmp	r3, #0
2000061e:	d104      	bne.n	2000062a <dcd_rp2040_irq+0xe6>
20000620:	2180      	movs	r1, #128	@ 0x80
20000622:	4a9f      	ldr	r2, [pc, #636]	@ (200008a0 <dcd_rp2040_irq+0x35c>)
20000624:	3390      	adds	r3, #144	@ 0x90
20000626:	0289      	lsls	r1, r1, #10
20000628:	50d1      	str	r1, [r2, r3]
2000062a:	22c0      	movs	r2, #192	@ 0xc0
2000062c:	4669      	mov	r1, sp
2000062e:	4b8f      	ldr	r3, [pc, #572]	@ (2000086c <dcd_rp2040_irq+0x328>)
20000630:	0092      	lsls	r2, r2, #2
20000632:	6c9b      	ldr	r3, [r3, #72]	@ 0x48
20000634:	2680      	movs	r6, #128	@ 0x80
20000636:	055b      	lsls	r3, r3, #21
20000638:	808a      	strh	r2, [r1, #4]
2000063a:	0d5b      	lsrs	r3, r3, #21
2000063c:	2101      	movs	r1, #1
2000063e:	a801      	add	r0, sp, #4
20000640:	9302      	str	r3, [sp, #8]
20000642:	f000 fb99 	bl	20000d78 <dcd_event_handler>
20000646:	4c97      	ldr	r4, [pc, #604]	@ (200008a4 <dcd_rp2040_irq+0x360>)
20000648:	02b6      	lsls	r6, r6, #10
2000064a:	06eb      	lsls	r3, r5, #27
2000064c:	d500      	bpl.n	20000650 <dcd_rp2040_irq+0x10c>
2000064e:	e07f      	b.n	20000750 <dcd_rp2040_irq+0x20c>
20000650:	2380      	movs	r3, #128	@ 0x80
20000652:	025b      	lsls	r3, r3, #9
20000654:	421d      	tst	r5, r3
20000656:	d031      	beq.n	200006bc <dcd_rp2040_irq+0x178>
20000658:	431e      	orrs	r6, r3
2000065a:	2301      	movs	r3, #1
2000065c:	2402      	movs	r4, #2
2000065e:	4698      	mov	r8, r3
20000660:	4f84      	ldr	r7, [pc, #528]	@ (20000874 <dcd_rp2040_irq+0x330>)
20000662:	7ebb      	ldrb	r3, [r7, #26]
20000664:	2b00      	cmp	r3, #0
20000666:	d014      	beq.n	20000692 <dcd_rp2040_irq+0x14e>
20000668:	f000 fc7a 	bl	20000f60 <__rp2040_chip_version_veneer>
2000066c:	2801      	cmp	r0, #1
2000066e:	d900      	bls.n	20000672 <dcd_rp2040_irq+0x12e>
20000670:	e072      	b.n	20000758 <dcd_rp2040_irq+0x214>
20000672:	22c0      	movs	r2, #192	@ 0xc0
20000674:	2100      	movs	r1, #0
20000676:	0038      	movs	r0, r7
20000678:	0192      	lsls	r2, r2, #6
2000067a:	f000 fb01 	bl	20000c80 <_hw_endpoint_buffer_control_update32>
2000067e:	0038      	movs	r0, r7
20000680:	f000 faf8 	bl	20000c74 <hw_endpoint_reset_transfer>
20000684:	f000 fc6c 	bl	20000f60 <__rp2040_chip_version_veneer>
20000688:	2801      	cmp	r0, #1
2000068a:	d902      	bls.n	20000692 <dcd_rp2040_irq+0x14e>
2000068c:	4b84      	ldr	r3, [pc, #528]	@ (200008a0 <dcd_rp2040_irq+0x35c>)
2000068e:	665c      	str	r4, [r3, #100]	@ 0x64
20000690:	661c      	str	r4, [r3, #96]	@ 0x60
20000692:	4643      	mov	r3, r8
20000694:	70fb      	strb	r3, [r7, #3]
20000696:	3720      	adds	r7, #32
20000698:	2c01      	cmp	r4, #1
2000069a:	d122      	bne.n	200006e2 <dcd_rp2040_irq+0x19e>
2000069c:	23c0      	movs	r3, #192	@ 0xc0
2000069e:	466a      	mov	r2, sp
200006a0:	00db      	lsls	r3, r3, #3
200006a2:	8093      	strh	r3, [r2, #4]
200006a4:	4a80      	ldr	r2, [pc, #512]	@ (200008a8 <dcd_rp2040_irq+0x364>)
200006a6:	ab02      	add	r3, sp, #8
200006a8:	ca03      	ldmia	r2!, {r0, r1}
200006aa:	c303      	stmia	r3!, {r0, r1}
200006ac:	2101      	movs	r1, #1
200006ae:	a801      	add	r0, sp, #4
200006b0:	f000 fb62 	bl	20000d78 <dcd_event_handler>
200006b4:	2280      	movs	r2, #128	@ 0x80
200006b6:	4b7a      	ldr	r3, [pc, #488]	@ (200008a0 <dcd_rp2040_irq+0x35c>)
200006b8:	0292      	lsls	r2, r2, #10
200006ba:	651a      	str	r2, [r3, #80]	@ 0x50
200006bc:	2380      	movs	r3, #128	@ 0x80
200006be:	015b      	lsls	r3, r3, #5
200006c0:	421d      	tst	r5, r3
200006c2:	d110      	bne.n	200006e6 <dcd_rp2040_irq+0x1a2>
200006c4:	2380      	movs	r3, #128	@ 0x80
200006c6:	01db      	lsls	r3, r3, #7
200006c8:	421d      	tst	r5, r3
200006ca:	d123      	bne.n	20000714 <dcd_rp2040_irq+0x1d0>
200006cc:	2380      	movs	r3, #128	@ 0x80
200006ce:	021b      	lsls	r3, r3, #8
200006d0:	421d      	tst	r5, r3
200006d2:	d12f      	bne.n	20000734 <dcd_rp2040_irq+0x1f0>
200006d4:	42ae      	cmp	r6, r5
200006d6:	d000      	beq.n	200006da <dcd_rp2040_irq+0x196>
200006d8:	e1c0      	b.n	20000a5c <dcd_rp2040_irq+0x518>
200006da:	b004      	add	sp, #16
200006dc:	bc80      	pop	{r7}
200006de:	46b8      	mov	r8, r7
200006e0:	bdf0      	pop	{r4, r5, r6, r7, pc}
200006e2:	2401      	movs	r4, #1
200006e4:	e7bd      	b.n	20000662 <dcd_rp2040_irq+0x11e>
200006e6:	2400      	movs	r4, #0
200006e8:	431e      	orrs	r6, r3
200006ea:	4b60      	ldr	r3, [pc, #384]	@ (2000086c <dcd_rp2040_irq+0x328>)
200006ec:	601c      	str	r4, [r3, #0]
200006ee:	f7ff fea5 	bl	2000043c <reset_non_control_endpoints>
200006f2:	2380      	movs	r3, #128	@ 0x80
200006f4:	466a      	mov	r2, sp
200006f6:	005b      	lsls	r3, r3, #1
200006f8:	8093      	strh	r3, [r2, #4]
200006fa:	7214      	strb	r4, [r2, #8]
200006fc:	2101      	movs	r1, #1
200006fe:	a801      	add	r0, sp, #4
20000700:	f000 fb3a 	bl	20000d78 <dcd_event_handler>
20000704:	2280      	movs	r2, #128	@ 0x80
20000706:	4b66      	ldr	r3, [pc, #408]	@ (200008a0 <dcd_rp2040_irq+0x35c>)
20000708:	0312      	lsls	r2, r2, #12
2000070a:	651a      	str	r2, [r3, #80]	@ 0x50
2000070c:	2380      	movs	r3, #128	@ 0x80
2000070e:	01db      	lsls	r3, r3, #7
20000710:	421d      	tst	r5, r3
20000712:	d0db      	beq.n	200006cc <dcd_rp2040_irq+0x188>
20000714:	431e      	orrs	r6, r3
20000716:	2380      	movs	r3, #128	@ 0x80
20000718:	466a      	mov	r2, sp
2000071a:	00db      	lsls	r3, r3, #3
2000071c:	8093      	strh	r3, [r2, #4]
2000071e:	2101      	movs	r1, #1
20000720:	a801      	add	r0, sp, #4
20000722:	f000 fb29 	bl	20000d78 <dcd_event_handler>
20000726:	2210      	movs	r2, #16
20000728:	4b5d      	ldr	r3, [pc, #372]	@ (200008a0 <dcd_rp2040_irq+0x35c>)
2000072a:	651a      	str	r2, [r3, #80]	@ 0x50
2000072c:	2380      	movs	r3, #128	@ 0x80
2000072e:	021b      	lsls	r3, r3, #8
20000730:	421d      	tst	r5, r3
20000732:	d0cf      	beq.n	200006d4 <dcd_rp2040_irq+0x190>
20000734:	431e      	orrs	r6, r3
20000736:	23a0      	movs	r3, #160	@ 0xa0
20000738:	466a      	mov	r2, sp
2000073a:	00db      	lsls	r3, r3, #3
2000073c:	8093      	strh	r3, [r2, #4]
2000073e:	2101      	movs	r1, #1
20000740:	a801      	add	r0, sp, #4
20000742:	f000 fb19 	bl	20000d78 <dcd_event_handler>
20000746:	2280      	movs	r2, #128	@ 0x80
20000748:	4b55      	ldr	r3, [pc, #340]	@ (200008a0 <dcd_rp2040_irq+0x35c>)
2000074a:	0112      	lsls	r2, r2, #4
2000074c:	651a      	str	r2, [r3, #80]	@ 0x50
2000074e:	e7c1      	b.n	200006d4 <dcd_rp2040_irq+0x190>
20000750:	f7ff fea8 	bl	200004a4 <hw_handle_buff_status>
20000754:	0026      	movs	r6, r4
20000756:	e77b      	b.n	20000650 <dcd_rp2040_irq+0x10c>
20000758:	4b54      	ldr	r3, [pc, #336]	@ (200008ac <dcd_rp2040_irq+0x368>)
2000075a:	4a44      	ldr	r2, [pc, #272]	@ (2000086c <dcd_rp2040_irq+0x328>)
2000075c:	661c      	str	r4, [r3, #96]	@ 0x60
2000075e:	6e53      	ldr	r3, [r2, #100]	@ 0x64
20000760:	4023      	ands	r3, r4
20000762:	42a3      	cmp	r3, r4
20000764:	d1fb      	bne.n	2000075e <dcd_rp2040_irq+0x21a>
20000766:	e784      	b.n	20000672 <dcd_rp2040_irq+0x12e>
20000768:	3378      	adds	r3, #120	@ 0x78
2000076a:	5ce7      	ldrb	r7, [r4, r3]
2000076c:	2f00      	cmp	r7, #0
2000076e:	d100      	bne.n	20000772 <dcd_rp2040_irq+0x22e>
20000770:	e706      	b.n	20000580 <dcd_rp2040_irq+0x3c>
20000772:	3302      	adds	r3, #2
20000774:	5ce2      	ldrb	r2, [r4, r3]
20000776:	2a00      	cmp	r2, #0
20000778:	d000      	beq.n	2000077c <dcd_rp2040_irq+0x238>
2000077a:	e10d      	b.n	20000998 <dcd_rp2040_irq+0x454>
2000077c:	003e      	movs	r6, r7
2000077e:	e6ff      	b.n	20000580 <dcd_rp2040_irq+0x3c>
20000780:	33b8      	adds	r3, #184	@ 0xb8
20000782:	5ce7      	ldrb	r7, [r4, r3]
20000784:	2f00      	cmp	r7, #0
20000786:	d100      	bne.n	2000078a <dcd_rp2040_irq+0x246>
20000788:	e6ff      	b.n	2000058a <dcd_rp2040_irq+0x46>
2000078a:	3302      	adds	r3, #2
2000078c:	5ce2      	ldrb	r2, [r4, r3]
2000078e:	2a00      	cmp	r2, #0
20000790:	d000      	beq.n	20000794 <dcd_rp2040_irq+0x250>
20000792:	e0f9      	b.n	20000988 <dcd_rp2040_irq+0x444>
20000794:	003e      	movs	r6, r7
20000796:	e6f8      	b.n	2000058a <dcd_rp2040_irq+0x46>
20000798:	33f8      	adds	r3, #248	@ 0xf8
2000079a:	5ce7      	ldrb	r7, [r4, r3]
2000079c:	2f00      	cmp	r7, #0
2000079e:	d100      	bne.n	200007a2 <dcd_rp2040_irq+0x25e>
200007a0:	e6f8      	b.n	20000594 <dcd_rp2040_irq+0x50>
200007a2:	3302      	adds	r3, #2
200007a4:	5ce2      	ldrb	r2, [r4, r3]
200007a6:	2a00      	cmp	r2, #0
200007a8:	d000      	beq.n	200007ac <dcd_rp2040_irq+0x268>
200007aa:	e141      	b.n	20000a30 <dcd_rp2040_irq+0x4ec>
200007ac:	003e      	movs	r6, r7
200007ae:	e6f1      	b.n	20000594 <dcd_rp2040_irq+0x50>
200007b0:	33f9      	adds	r3, #249	@ 0xf9
200007b2:	33ff      	adds	r3, #255	@ 0xff
200007b4:	5ce7      	ldrb	r7, [r4, r3]
200007b6:	2f00      	cmp	r7, #0
200007b8:	d100      	bne.n	200007bc <dcd_rp2040_irq+0x278>
200007ba:	e703      	b.n	200005c4 <dcd_rp2040_irq+0x80>
200007bc:	3302      	adds	r3, #2
200007be:	5ce2      	ldrb	r2, [r4, r3]
200007c0:	2a00      	cmp	r2, #0
200007c2:	d000      	beq.n	200007c6 <dcd_rp2040_irq+0x282>
200007c4:	e12b      	b.n	20000a1e <dcd_rp2040_irq+0x4da>
200007c6:	003e      	movs	r6, r7
200007c8:	e6fc      	b.n	200005c4 <dcd_rp2040_irq+0x80>
200007ca:	3379      	adds	r3, #121	@ 0x79
200007cc:	33ff      	adds	r3, #255	@ 0xff
200007ce:	5ce7      	ldrb	r7, [r4, r3]
200007d0:	2f00      	cmp	r7, #0
200007d2:	d100      	bne.n	200007d6 <dcd_rp2040_irq+0x292>
200007d4:	e6ea      	b.n	200005ac <dcd_rp2040_irq+0x68>
200007d6:	3302      	adds	r3, #2
200007d8:	5ce2      	ldrb	r2, [r4, r3]
200007da:	2a00      	cmp	r2, #0
200007dc:	d000      	beq.n	200007e0 <dcd_rp2040_irq+0x29c>
200007de:	e115      	b.n	20000a0c <dcd_rp2040_irq+0x4c8>
200007e0:	003e      	movs	r6, r7
200007e2:	e6e3      	b.n	200005ac <dcd_rp2040_irq+0x68>
200007e4:	4b32      	ldr	r3, [pc, #200]	@ (200008b0 <dcd_rp2040_irq+0x36c>)
200007e6:	5ce7      	ldrb	r7, [r4, r3]
200007e8:	2f00      	cmp	r7, #0
200007ea:	d100      	bne.n	200007ee <dcd_rp2040_irq+0x2aa>
200007ec:	e6f4      	b.n	200005d8 <dcd_rp2040_irq+0x94>
200007ee:	3302      	adds	r3, #2
200007f0:	5ce2      	ldrb	r2, [r4, r3]
200007f2:	2a00      	cmp	r2, #0
200007f4:	d000      	beq.n	200007f8 <dcd_rp2040_irq+0x2b4>
200007f6:	e101      	b.n	200009fc <dcd_rp2040_irq+0x4b8>
200007f8:	003e      	movs	r6, r7
200007fa:	e6ed      	b.n	200005d8 <dcd_rp2040_irq+0x94>
200007fc:	3339      	adds	r3, #57	@ 0x39
200007fe:	33ff      	adds	r3, #255	@ 0xff
20000800:	5ce7      	ldrb	r7, [r4, r3]
20000802:	2f00      	cmp	r7, #0
20000804:	d100      	bne.n	20000808 <dcd_rp2040_irq+0x2c4>
20000806:	e6cb      	b.n	200005a0 <dcd_rp2040_irq+0x5c>
20000808:	3302      	adds	r3, #2
2000080a:	5ce2      	ldrb	r2, [r4, r3]
2000080c:	2a00      	cmp	r2, #0
2000080e:	d000      	beq.n	20000812 <dcd_rp2040_irq+0x2ce>
20000810:	e0eb      	b.n	200009ea <dcd_rp2040_irq+0x4a6>
20000812:	003e      	movs	r6, r7
20000814:	e6c4      	b.n	200005a0 <dcd_rp2040_irq+0x5c>
20000816:	3338      	adds	r3, #56	@ 0x38
20000818:	5ce6      	ldrb	r6, [r4, r3]
2000081a:	2e00      	cmp	r6, #0
2000081c:	d100      	bne.n	20000820 <dcd_rp2040_irq+0x2dc>
2000081e:	e6aa      	b.n	20000576 <dcd_rp2040_irq+0x32>
20000820:	3302      	adds	r3, #2
20000822:	5ce2      	ldrb	r2, [r4, r3]
20000824:	2a00      	cmp	r2, #0
20000826:	d100      	bne.n	2000082a <dcd_rp2040_irq+0x2e6>
20000828:	e6a5      	b.n	20000576 <dcd_rp2040_irq+0x32>
2000082a:	0020      	movs	r0, r4
2000082c:	2200      	movs	r2, #0
2000082e:	3020      	adds	r0, #32
20000830:	54e2      	strb	r2, [r4, r3]
20000832:	f000 fa4d 	bl	20000cd0 <hw_endpoint_start_next_buffer>
20000836:	e69e      	b.n	20000576 <dcd_rp2040_irq+0x32>
20000838:	33b9      	adds	r3, #185	@ 0xb9
2000083a:	33ff      	adds	r3, #255	@ 0xff
2000083c:	5ce7      	ldrb	r7, [r4, r3]
2000083e:	2f00      	cmp	r7, #0
20000840:	d100      	bne.n	20000844 <dcd_rp2040_irq+0x300>
20000842:	e6b9      	b.n	200005b8 <dcd_rp2040_irq+0x74>
20000844:	3302      	adds	r3, #2
20000846:	5ce2      	ldrb	r2, [r4, r3]
20000848:	2a00      	cmp	r2, #0
2000084a:	d000      	beq.n	2000084e <dcd_rp2040_irq+0x30a>
2000084c:	e0c4      	b.n	200009d8 <dcd_rp2040_irq+0x494>
2000084e:	003e      	movs	r6, r7
20000850:	e6b2      	b.n	200005b8 <dcd_rp2040_irq+0x74>
20000852:	4b18      	ldr	r3, [pc, #96]	@ (200008b4 <dcd_rp2040_irq+0x370>)
20000854:	5ce7      	ldrb	r7, [r4, r3]
20000856:	2f00      	cmp	r7, #0
20000858:	d100      	bne.n	2000085c <dcd_rp2040_irq+0x318>
2000085a:	e6c7      	b.n	200005ec <dcd_rp2040_irq+0xa8>
2000085c:	3302      	adds	r3, #2
2000085e:	5ce2      	ldrb	r2, [r4, r3]
20000860:	2a00      	cmp	r2, #0
20000862:	d000      	beq.n	20000866 <dcd_rp2040_irq+0x322>
20000864:	e0b0      	b.n	200009c8 <dcd_rp2040_irq+0x484>
20000866:	003e      	movs	r6, r7
20000868:	e6c0      	b.n	200005ec <dcd_rp2040_irq+0xa8>
2000086a:	46c0      	nop			@ (mov r8, r8)
2000086c:	50110000 	.word	0x50110000
20000870:	40054000 	.word	0x40054000
20000874:	20001c0c 	.word	0x20001c0c
20000878:	20001c04 	.word	0x20001c04
2000087c:	0000023b 	.word	0x0000023b
20000880:	0000027b 	.word	0x0000027b
20000884:	000002bb 	.word	0x000002bb
20000888:	000002fb 	.word	0x000002fb
2000088c:	0000033b 	.word	0x0000033b
20000890:	0000037b 	.word	0x0000037b
20000894:	000003bb 	.word	0x000003bb
20000898:	000003fb 	.word	0x000003fb
2000089c:	20002162 	.word	0x20002162
200008a0:	50113000 	.word	0x50113000
200008a4:	00020010 	.word	0x00020010
200008a8:	50100000 	.word	0x50100000
200008ac:	50112000 	.word	0x50112000
200008b0:	0000027a 	.word	0x0000027a
200008b4:	000002fa 	.word	0x000002fa
200008b8:	4b6b      	ldr	r3, [pc, #428]	@ (20000a68 <dcd_rp2040_irq+0x524>)
200008ba:	5ce7      	ldrb	r7, [r4, r3]
200008bc:	2f00      	cmp	r7, #0
200008be:	d100      	bne.n	200008c2 <dcd_rp2040_irq+0x37e>
200008c0:	e685      	b.n	200005ce <dcd_rp2040_irq+0x8a>
200008c2:	3302      	adds	r3, #2
200008c4:	5ce2      	ldrb	r2, [r4, r3]
200008c6:	2a00      	cmp	r2, #0
200008c8:	d176      	bne.n	200009b8 <dcd_rp2040_irq+0x474>
200008ca:	003e      	movs	r6, r7
200008cc:	e67f      	b.n	200005ce <dcd_rp2040_irq+0x8a>
200008ce:	4b67      	ldr	r3, [pc, #412]	@ (20000a6c <dcd_rp2040_irq+0x528>)
200008d0:	5ce7      	ldrb	r7, [r4, r3]
200008d2:	2f00      	cmp	r7, #0
200008d4:	d100      	bne.n	200008d8 <dcd_rp2040_irq+0x394>
200008d6:	e684      	b.n	200005e2 <dcd_rp2040_irq+0x9e>
200008d8:	3302      	adds	r3, #2
200008da:	5ce2      	ldrb	r2, [r4, r3]
200008dc:	2a00      	cmp	r2, #0
200008de:	d163      	bne.n	200009a8 <dcd_rp2040_irq+0x464>
200008e0:	003e      	movs	r6, r7
200008e2:	e67e      	b.n	200005e2 <dcd_rp2040_irq+0x9e>
200008e4:	4b62      	ldr	r3, [pc, #392]	@ (20000a70 <dcd_rp2040_irq+0x52c>)
200008e6:	5ce7      	ldrb	r7, [r4, r3]
200008e8:	2f00      	cmp	r7, #0
200008ea:	d100      	bne.n	200008ee <dcd_rp2040_irq+0x3aa>
200008ec:	e688      	b.n	20000600 <dcd_rp2040_irq+0xbc>
200008ee:	3302      	adds	r3, #2
200008f0:	5ce2      	ldrb	r2, [r4, r3]
200008f2:	2a00      	cmp	r2, #0
200008f4:	d000      	beq.n	200008f8 <dcd_rp2040_irq+0x3b4>
200008f6:	e0a3      	b.n	20000a40 <dcd_rp2040_irq+0x4fc>
200008f8:	4b5e      	ldr	r3, [pc, #376]	@ (20000a74 <dcd_rp2040_irq+0x530>)
200008fa:	5ce3      	ldrb	r3, [r4, r3]
200008fc:	2b02      	cmp	r3, #2
200008fe:	d130      	bne.n	20000962 <dcd_rp2040_irq+0x41e>
20000900:	4b5d      	ldr	r3, [pc, #372]	@ (20000a78 <dcd_rp2040_irq+0x534>)
20000902:	5ce3      	ldrb	r3, [r4, r3]
20000904:	2b00      	cmp	r3, #0
20000906:	d127      	bne.n	20000958 <dcd_rp2040_irq+0x414>
20000908:	4b5c      	ldr	r3, [pc, #368]	@ (20000a7c <dcd_rp2040_irq+0x538>)
2000090a:	5ce3      	ldrb	r3, [r4, r3]
2000090c:	2b02      	cmp	r3, #2
2000090e:	d000      	beq.n	20000912 <dcd_rp2040_irq+0x3ce>
20000910:	e68b      	b.n	2000062a <dcd_rp2040_irq+0xe6>
20000912:	003e      	movs	r6, r7
20000914:	4b5a      	ldr	r3, [pc, #360]	@ (20000a80 <dcd_rp2040_irq+0x53c>)
20000916:	5ce3      	ldrb	r3, [r4, r3]
20000918:	2b00      	cmp	r3, #0
2000091a:	d100      	bne.n	2000091e <dcd_rp2040_irq+0x3da>
2000091c:	e67a      	b.n	20000614 <dcd_rp2040_irq+0xd0>
2000091e:	23ff      	movs	r3, #255	@ 0xff
20000920:	009b      	lsls	r3, r3, #2
20000922:	5ce2      	ldrb	r2, [r4, r3]
20000924:	2a00      	cmp	r2, #0
20000926:	d100      	bne.n	2000092a <dcd_rp2040_irq+0x3e6>
20000928:	e67f      	b.n	2000062a <dcd_rp2040_irq+0xe6>
2000092a:	2200      	movs	r2, #0
2000092c:	54e2      	strb	r2, [r4, r3]
2000092e:	3b1c      	subs	r3, #28
20000930:	18e0      	adds	r0, r4, r3
20000932:	f000 f9cd 	bl	20000cd0 <hw_endpoint_start_next_buffer>
20000936:	e678      	b.n	2000062a <dcd_rp2040_irq+0xe6>
20000938:	4b52      	ldr	r3, [pc, #328]	@ (20000a84 <dcd_rp2040_irq+0x540>)
2000093a:	5ce7      	ldrb	r7, [r4, r3]
2000093c:	2f00      	cmp	r7, #0
2000093e:	d100      	bne.n	20000942 <dcd_rp2040_irq+0x3fe>
20000940:	e659      	b.n	200005f6 <dcd_rp2040_irq+0xb2>
20000942:	3302      	adds	r3, #2
20000944:	5ce2      	ldrb	r2, [r4, r3]
20000946:	2a00      	cmp	r2, #0
20000948:	d116      	bne.n	20000978 <dcd_rp2040_irq+0x434>
2000094a:	003e      	movs	r6, r7
2000094c:	e653      	b.n	200005f6 <dcd_rp2040_irq+0xb2>
2000094e:	4b4a      	ldr	r3, [pc, #296]	@ (20000a78 <dcd_rp2040_irq+0x534>)
20000950:	5ce3      	ldrb	r3, [r4, r3]
20000952:	2b00      	cmp	r3, #0
20000954:	d100      	bne.n	20000958 <dcd_rp2040_irq+0x414>
20000956:	e658      	b.n	2000060a <dcd_rp2040_irq+0xc6>
20000958:	23ef      	movs	r3, #239	@ 0xef
2000095a:	009b      	lsls	r3, r3, #2
2000095c:	5ce2      	ldrb	r2, [r4, r3]
2000095e:	2a00      	cmp	r2, #0
20000960:	d175      	bne.n	20000a4e <dcd_rp2040_irq+0x50a>
20000962:	4b46      	ldr	r3, [pc, #280]	@ (20000a7c <dcd_rp2040_irq+0x538>)
20000964:	5ce3      	ldrb	r3, [r4, r3]
20000966:	2b02      	cmp	r3, #2
20000968:	d000      	beq.n	2000096c <dcd_rp2040_irq+0x428>
2000096a:	e65e      	b.n	2000062a <dcd_rp2040_irq+0xe6>
2000096c:	4b44      	ldr	r3, [pc, #272]	@ (20000a80 <dcd_rp2040_irq+0x53c>)
2000096e:	5ce3      	ldrb	r3, [r4, r3]
20000970:	2b00      	cmp	r3, #0
20000972:	d100      	bne.n	20000976 <dcd_rp2040_irq+0x432>
20000974:	e659      	b.n	2000062a <dcd_rp2040_irq+0xe6>
20000976:	e7d2      	b.n	2000091e <dcd_rp2040_irq+0x3da>
20000978:	2200      	movs	r2, #0
2000097a:	54e2      	strb	r2, [r4, r3]
2000097c:	3b1c      	subs	r3, #28
2000097e:	18e0      	adds	r0, r4, r3
20000980:	f000 f9a6 	bl	20000cd0 <hw_endpoint_start_next_buffer>
20000984:	003e      	movs	r6, r7
20000986:	e636      	b.n	200005f6 <dcd_rp2040_irq+0xb2>
20000988:	0020      	movs	r0, r4
2000098a:	2200      	movs	r2, #0
2000098c:	30a0      	adds	r0, #160	@ 0xa0
2000098e:	54e2      	strb	r2, [r4, r3]
20000990:	003e      	movs	r6, r7
20000992:	f000 f99d 	bl	20000cd0 <hw_endpoint_start_next_buffer>
20000996:	e5f8      	b.n	2000058a <dcd_rp2040_irq+0x46>
20000998:	0020      	movs	r0, r4
2000099a:	2200      	movs	r2, #0
2000099c:	3060      	adds	r0, #96	@ 0x60
2000099e:	54e2      	strb	r2, [r4, r3]
200009a0:	003e      	movs	r6, r7
200009a2:	f000 f995 	bl	20000cd0 <hw_endpoint_start_next_buffer>
200009a6:	e5eb      	b.n	20000580 <dcd_rp2040_irq+0x3c>
200009a8:	2200      	movs	r2, #0
200009aa:	54e2      	strb	r2, [r4, r3]
200009ac:	3b1c      	subs	r3, #28
200009ae:	18e0      	adds	r0, r4, r3
200009b0:	f000 f98e 	bl	20000cd0 <hw_endpoint_start_next_buffer>
200009b4:	003e      	movs	r6, r7
200009b6:	e614      	b.n	200005e2 <dcd_rp2040_irq+0x9e>
200009b8:	2200      	movs	r2, #0
200009ba:	54e2      	strb	r2, [r4, r3]
200009bc:	3b1c      	subs	r3, #28
200009be:	18e0      	adds	r0, r4, r3
200009c0:	f000 f986 	bl	20000cd0 <hw_endpoint_start_next_buffer>
200009c4:	003e      	movs	r6, r7
200009c6:	e602      	b.n	200005ce <dcd_rp2040_irq+0x8a>
200009c8:	2200      	movs	r2, #0
200009ca:	54e2      	strb	r2, [r4, r3]
200009cc:	3b1c      	subs	r3, #28
200009ce:	18e0      	adds	r0, r4, r3
200009d0:	f000 f97e 	bl	20000cd0 <hw_endpoint_start_next_buffer>
200009d4:	003e      	movs	r6, r7
200009d6:	e609      	b.n	200005ec <dcd_rp2040_irq+0xa8>
200009d8:	0020      	movs	r0, r4
200009da:	2200      	movs	r2, #0
200009dc:	30a1      	adds	r0, #161	@ 0xa1
200009de:	30ff      	adds	r0, #255	@ 0xff
200009e0:	54e2      	strb	r2, [r4, r3]
200009e2:	003e      	movs	r6, r7
200009e4:	f000 f974 	bl	20000cd0 <hw_endpoint_start_next_buffer>
200009e8:	e5e6      	b.n	200005b8 <dcd_rp2040_irq+0x74>
200009ea:	0020      	movs	r0, r4
200009ec:	2200      	movs	r2, #0
200009ee:	3021      	adds	r0, #33	@ 0x21
200009f0:	30ff      	adds	r0, #255	@ 0xff
200009f2:	54e2      	strb	r2, [r4, r3]
200009f4:	003e      	movs	r6, r7
200009f6:	f000 f96b 	bl	20000cd0 <hw_endpoint_start_next_buffer>
200009fa:	e5d1      	b.n	200005a0 <dcd_rp2040_irq+0x5c>
200009fc:	2200      	movs	r2, #0
200009fe:	54e2      	strb	r2, [r4, r3]
20000a00:	3b1c      	subs	r3, #28
20000a02:	18e0      	adds	r0, r4, r3
20000a04:	f000 f964 	bl	20000cd0 <hw_endpoint_start_next_buffer>
20000a08:	003e      	movs	r6, r7
20000a0a:	e5e5      	b.n	200005d8 <dcd_rp2040_irq+0x94>
20000a0c:	0020      	movs	r0, r4
20000a0e:	2200      	movs	r2, #0
20000a10:	3061      	adds	r0, #97	@ 0x61
20000a12:	30ff      	adds	r0, #255	@ 0xff
20000a14:	54e2      	strb	r2, [r4, r3]
20000a16:	003e      	movs	r6, r7
20000a18:	f000 f95a 	bl	20000cd0 <hw_endpoint_start_next_buffer>
20000a1c:	e5c6      	b.n	200005ac <dcd_rp2040_irq+0x68>
20000a1e:	0020      	movs	r0, r4
20000a20:	2200      	movs	r2, #0
20000a22:	30e1      	adds	r0, #225	@ 0xe1
20000a24:	30ff      	adds	r0, #255	@ 0xff
20000a26:	54e2      	strb	r2, [r4, r3]
20000a28:	003e      	movs	r6, r7
20000a2a:	f000 f951 	bl	20000cd0 <hw_endpoint_start_next_buffer>
20000a2e:	e5c9      	b.n	200005c4 <dcd_rp2040_irq+0x80>
20000a30:	0020      	movs	r0, r4
20000a32:	2200      	movs	r2, #0
20000a34:	30e0      	adds	r0, #224	@ 0xe0
20000a36:	54e2      	strb	r2, [r4, r3]
20000a38:	003e      	movs	r6, r7
20000a3a:	f000 f949 	bl	20000cd0 <hw_endpoint_start_next_buffer>
20000a3e:	e5a9      	b.n	20000594 <dcd_rp2040_irq+0x50>
20000a40:	2200      	movs	r2, #0
20000a42:	54e2      	strb	r2, [r4, r3]
20000a44:	3b1c      	subs	r3, #28
20000a46:	18e0      	adds	r0, r4, r3
20000a48:	f000 f942 	bl	20000cd0 <hw_endpoint_start_next_buffer>
20000a4c:	e754      	b.n	200008f8 <dcd_rp2040_irq+0x3b4>
20000a4e:	2200      	movs	r2, #0
20000a50:	54e2      	strb	r2, [r4, r3]
20000a52:	3b1c      	subs	r3, #28
20000a54:	18e0      	adds	r0, r4, r3
20000a56:	f000 f93b 	bl	20000cd0 <hw_endpoint_start_next_buffer>
20000a5a:	e782      	b.n	20000962 <dcd_rp2040_irq+0x41e>
20000a5c:	0031      	movs	r1, r6
20000a5e:	480a      	ldr	r0, [pc, #40]	@ (20000a88 <dcd_rp2040_irq+0x544>)
20000a60:	4069      	eors	r1, r5
20000a62:	f000 fa85 	bl	20000f70 <__panic_veneer>
20000a66:	46c0      	nop			@ (mov r8, r8)
20000a68:	0000023a 	.word	0x0000023a
20000a6c:	000002ba 	.word	0x000002ba
20000a70:	0000037a 	.word	0x0000037a
20000a74:	000003bb 	.word	0x000003bb
20000a78:	000003ba 	.word	0x000003ba
20000a7c:	000003fb 	.word	0x000003fb
20000a80:	000003fa 	.word	0x000003fa
20000a84:	0000033a 	.word	0x0000033a
20000a88:	10004e00 	.word	0x10004e00

20000a8c <prepare_ep_buffer>:
20000a8c:	b5f0      	push	{r4, r5, r6, r7, lr}
20000a8e:	46c6      	mov	lr, r8
20000a90:	b500      	push	{lr}
20000a92:	0002      	movs	r2, r0
20000a94:	8a83      	ldrh	r3, [r0, #20]
20000a96:	8b00      	ldrh	r0, [r0, #24]
20000a98:	468c      	mov	ip, r1
20000a9a:	1c01      	adds	r1, r0, #0
20000a9c:	4298      	cmp	r0, r3
20000a9e:	d900      	bls.n	20000aa2 <prepare_ep_buffer+0x16>
20000aa0:	1c19      	adds	r1, r3, #0
20000aa2:	78d4      	ldrb	r4, [r2, #3]
20000aa4:	2580      	movs	r5, #128	@ 0x80
20000aa6:	0020      	movs	r0, r4
20000aa8:	1e46      	subs	r6, r0, #1
20000aaa:	41b0      	sbcs	r0, r6
20000aac:	b289      	uxth	r1, r1
20000aae:	00ed      	lsls	r5, r5, #3
20000ab0:	430d      	orrs	r5, r1
20000ab2:	0340      	lsls	r0, r0, #13
20000ab4:	4328      	orrs	r0, r5
20000ab6:	2501      	movs	r5, #1
20000ab8:	406c      	eors	r4, r5
20000aba:	1a5b      	subs	r3, r3, r1
20000abc:	70d4      	strb	r4, [r2, #3]
20000abe:	7854      	ldrb	r4, [r2, #1]
20000ac0:	b29b      	uxth	r3, r3
20000ac2:	8293      	strh	r3, [r2, #20]
20000ac4:	2c00      	cmp	r4, #0
20000ac6:	d131      	bne.n	20000b2c <prepare_ep_buffer+0xa0>
20000ac8:	4664      	mov	r4, ip
20000aca:	68d5      	ldr	r5, [r2, #12]
20000acc:	01a4      	lsls	r4, r4, #6
20000ace:	1e4e      	subs	r6, r1, #1
20000ad0:	192d      	adds	r5, r5, r4
20000ad2:	46b0      	mov	r8, r6
20000ad4:	6914      	ldr	r4, [r2, #16]
20000ad6:	2900      	cmp	r1, #0
20000ad8:	d023      	beq.n	20000b22 <prepare_ep_buffer+0x96>
20000ada:	2e06      	cmp	r6, #6
20000adc:	d932      	bls.n	20000b44 <prepare_ep_buffer+0xb8>
20000ade:	002b      	movs	r3, r5
20000ae0:	4323      	orrs	r3, r4
20000ae2:	079b      	lsls	r3, r3, #30
20000ae4:	d12e      	bne.n	20000b44 <prepare_ep_buffer+0xb8>
20000ae6:	1c63      	adds	r3, r4, #1
20000ae8:	1aeb      	subs	r3, r5, r3
20000aea:	2b02      	cmp	r3, #2
20000aec:	d92a      	bls.n	20000b44 <prepare_ep_buffer+0xb8>
20000aee:	2300      	movs	r3, #0
20000af0:	088f      	lsrs	r7, r1, #2
20000af2:	00bf      	lsls	r7, r7, #2
20000af4:	58e6      	ldr	r6, [r4, r3]
20000af6:	50ee      	str	r6, [r5, r3]
20000af8:	3304      	adds	r3, #4
20000afa:	429f      	cmp	r7, r3
20000afc:	d1fa      	bne.n	20000af4 <prepare_ep_buffer+0x68>
20000afe:	4643      	mov	r3, r8
20000b00:	19ed      	adds	r5, r5, r7
20000b02:	1bdb      	subs	r3, r3, r7
20000b04:	19e4      	adds	r4, r4, r7
20000b06:	42b9      	cmp	r1, r7
20000b08:	d009      	beq.n	20000b1e <prepare_ep_buffer+0x92>
20000b0a:	7826      	ldrb	r6, [r4, #0]
20000b0c:	702e      	strb	r6, [r5, #0]
20000b0e:	2b00      	cmp	r3, #0
20000b10:	d005      	beq.n	20000b1e <prepare_ep_buffer+0x92>
20000b12:	7866      	ldrb	r6, [r4, #1]
20000b14:	706e      	strb	r6, [r5, #1]
20000b16:	2b01      	cmp	r3, #1
20000b18:	d001      	beq.n	20000b1e <prepare_ep_buffer+0x92>
20000b1a:	78a3      	ldrb	r3, [r4, #2]
20000b1c:	70ab      	strb	r3, [r5, #2]
20000b1e:	6914      	ldr	r4, [r2, #16]
20000b20:	8a93      	ldrh	r3, [r2, #20]
20000b22:	1864      	adds	r4, r4, r1
20000b24:	6114      	str	r4, [r2, #16]
20000b26:	2280      	movs	r2, #128	@ 0x80
20000b28:	0212      	lsls	r2, r2, #8
20000b2a:	4310      	orrs	r0, r2
20000b2c:	2b00      	cmp	r3, #0
20000b2e:	d102      	bne.n	20000b36 <prepare_ep_buffer+0xaa>
20000b30:	2380      	movs	r3, #128	@ 0x80
20000b32:	01db      	lsls	r3, r3, #7
20000b34:	4318      	orrs	r0, r3
20000b36:	4663      	mov	r3, ip
20000b38:	2b00      	cmp	r3, #0
20000b3a:	d000      	beq.n	20000b3e <prepare_ep_buffer+0xb2>
20000b3c:	0400      	lsls	r0, r0, #16
20000b3e:	bc80      	pop	{r7}
20000b40:	46b8      	mov	r8, r7
20000b42:	bdf0      	pop	{r4, r5, r6, r7, pc}
20000b44:	2300      	movs	r3, #0
20000b46:	5ce6      	ldrb	r6, [r4, r3]
20000b48:	54ee      	strb	r6, [r5, r3]
20000b4a:	3301      	adds	r3, #1
20000b4c:	4299      	cmp	r1, r3
20000b4e:	d1fa      	bne.n	20000b46 <prepare_ep_buffer+0xba>
20000b50:	e7e5      	b.n	20000b1e <prepare_ep_buffer+0x92>
20000b52:	46c0      	nop			@ (mov r8, r8)

20000b54 <sync_ep_buffer>:
20000b54:	6883      	ldr	r3, [r0, #8]
20000b56:	b5f0      	push	{r4, r5, r6, r7, lr}
20000b58:	681a      	ldr	r2, [r3, #0]
20000b5a:	0004      	movs	r4, r0
20000b5c:	2900      	cmp	r1, #0
20000b5e:	d000      	beq.n	20000b62 <sync_ep_buffer+0xe>
20000b60:	0c12      	lsrs	r2, r2, #16
20000b62:	7863      	ldrb	r3, [r4, #1]
20000b64:	0592      	lsls	r2, r2, #22
20000b66:	0d90      	lsrs	r0, r2, #22
20000b68:	2b00      	cmp	r3, #0
20000b6a:	d108      	bne.n	20000b7e <sync_ep_buffer+0x2a>
20000b6c:	8ae3      	ldrh	r3, [r4, #22]
20000b6e:	18c3      	adds	r3, r0, r3
20000b70:	82e3      	strh	r3, [r4, #22]
20000b72:	8b23      	ldrh	r3, [r4, #24]
20000b74:	4283      	cmp	r3, r0
20000b76:	d901      	bls.n	20000b7c <sync_ep_buffer+0x28>
20000b78:	2300      	movs	r3, #0
20000b7a:	82a3      	strh	r3, [r4, #20]
20000b7c:	bdf0      	pop	{r4, r5, r6, r7, pc}
20000b7e:	68e3      	ldr	r3, [r4, #12]
20000b80:	0189      	lsls	r1, r1, #6
20000b82:	6925      	ldr	r5, [r4, #16]
20000b84:	185e      	adds	r6, r3, r1
20000b86:	1e47      	subs	r7, r0, #1
20000b88:	2800      	cmp	r0, #0
20000b8a:	d022      	beq.n	20000bd2 <sync_ep_buffer+0x7e>
20000b8c:	2f06      	cmp	r7, #6
20000b8e:	d926      	bls.n	20000bde <sync_ep_buffer+0x8a>
20000b90:	3101      	adds	r1, #1
20000b92:	185b      	adds	r3, r3, r1
20000b94:	1aeb      	subs	r3, r5, r3
20000b96:	2b02      	cmp	r3, #2
20000b98:	d921      	bls.n	20000bde <sync_ep_buffer+0x8a>
20000b9a:	002b      	movs	r3, r5
20000b9c:	4333      	orrs	r3, r6
20000b9e:	079b      	lsls	r3, r3, #30
20000ba0:	d11d      	bne.n	20000bde <sync_ep_buffer+0x8a>
20000ba2:	2300      	movs	r3, #0
20000ba4:	0e12      	lsrs	r2, r2, #24
20000ba6:	0092      	lsls	r2, r2, #2
20000ba8:	58f1      	ldr	r1, [r6, r3]
20000baa:	50e9      	str	r1, [r5, r3]
20000bac:	3304      	adds	r3, #4
20000bae:	429a      	cmp	r2, r3
20000bb0:	d1fa      	bne.n	20000ba8 <sync_ep_buffer+0x54>
20000bb2:	1abf      	subs	r7, r7, r2
20000bb4:	18ad      	adds	r5, r5, r2
20000bb6:	18b6      	adds	r6, r6, r2
20000bb8:	4290      	cmp	r0, r2
20000bba:	d009      	beq.n	20000bd0 <sync_ep_buffer+0x7c>
20000bbc:	7832      	ldrb	r2, [r6, #0]
20000bbe:	702a      	strb	r2, [r5, #0]
20000bc0:	2f00      	cmp	r7, #0
20000bc2:	d005      	beq.n	20000bd0 <sync_ep_buffer+0x7c>
20000bc4:	7872      	ldrb	r2, [r6, #1]
20000bc6:	706a      	strb	r2, [r5, #1]
20000bc8:	2f01      	cmp	r7, #1
20000bca:	d001      	beq.n	20000bd0 <sync_ep_buffer+0x7c>
20000bcc:	78b2      	ldrb	r2, [r6, #2]
20000bce:	70aa      	strb	r2, [r5, #2]
20000bd0:	6925      	ldr	r5, [r4, #16]
20000bd2:	8ae3      	ldrh	r3, [r4, #22]
20000bd4:	182d      	adds	r5, r5, r0
20000bd6:	18c3      	adds	r3, r0, r3
20000bd8:	82e3      	strh	r3, [r4, #22]
20000bda:	6125      	str	r5, [r4, #16]
20000bdc:	e7c9      	b.n	20000b72 <sync_ep_buffer+0x1e>
20000bde:	2200      	movs	r2, #0
20000be0:	5cb3      	ldrb	r3, [r6, r2]
20000be2:	54ab      	strb	r3, [r5, r2]
20000be4:	3201      	adds	r2, #1
20000be6:	4290      	cmp	r0, r2
20000be8:	d1fa      	bne.n	20000be0 <sync_ep_buffer+0x8c>
20000bea:	6925      	ldr	r5, [r4, #16]
20000bec:	e7f1      	b.n	20000bd2 <sync_ep_buffer+0x7e>
20000bee:	46c0      	nop			@ (mov r8, r8)

20000bf0 <_hw_endpoint_xfer_sync>:
20000bf0:	b510      	push	{r4, lr}
20000bf2:	0004      	movs	r4, r0
20000bf4:	6883      	ldr	r3, [r0, #8]
20000bf6:	2100      	movs	r1, #0
20000bf8:	681b      	ldr	r3, [r3, #0]
20000bfa:	f7ff ffab 	bl	20000b54 <sync_ep_buffer>
20000bfe:	6863      	ldr	r3, [r4, #4]
20000c00:	681b      	ldr	r3, [r3, #0]
20000c02:	005b      	lsls	r3, r3, #1
20000c04:	d502      	bpl.n	20000c0c <_hw_endpoint_xfer_sync+0x1c>
20000c06:	8b23      	ldrh	r3, [r4, #24]
20000c08:	4283      	cmp	r3, r0
20000c0a:	d000      	beq.n	20000c0e <_hw_endpoint_xfer_sync+0x1e>
20000c0c:	bd10      	pop	{r4, pc}
20000c0e:	2101      	movs	r1, #1
20000c10:	0020      	movs	r0, r4
20000c12:	f7ff ff9f 	bl	20000b54 <sync_ep_buffer>
20000c16:	e7f9      	b.n	20000c0c <_hw_endpoint_xfer_sync+0x1c>

20000c18 <e15_is_bulkin_ep>:
20000c18:	4a08      	ldr	r2, [pc, #32]	@ (20000c3c <e15_is_bulkin_ep+0x24>)
20000c1a:	0003      	movs	r3, r0
20000c1c:	6c12      	ldr	r2, [r2, #64]	@ 0x40
20000c1e:	2000      	movs	r0, #0
20000c20:	0792      	lsls	r2, r2, #30
20000c22:	d403      	bmi.n	20000c2c <e15_is_bulkin_ep+0x14>
20000c24:	789a      	ldrb	r2, [r3, #2]
20000c26:	09d2      	lsrs	r2, r2, #7
20000c28:	2a01      	cmp	r2, #1
20000c2a:	d000      	beq.n	20000c2e <e15_is_bulkin_ep+0x16>
20000c2c:	4770      	bx	lr
20000c2e:	7ed8      	ldrb	r0, [r3, #27]
20000c30:	3802      	subs	r0, #2
20000c32:	4243      	negs	r3, r0
20000c34:	4158      	adcs	r0, r3
20000c36:	b2c0      	uxtb	r0, r0
20000c38:	e7f8      	b.n	20000c2c <e15_is_bulkin_ep+0x14>
20000c3a:	46c0      	nop			@ (mov r8, r8)
20000c3c:	50110000 	.word	0x50110000

20000c40 <e15_is_critical_frame_period>:
20000c40:	b510      	push	{r4, lr}
20000c42:	f7ff ffe9 	bl	20000c18 <e15_is_bulkin_ep>
20000c46:	2800      	cmp	r0, #0
20000c48:	d00c      	beq.n	20000c64 <e15_is_critical_frame_period+0x24>
20000c4a:	4907      	ldr	r1, [pc, #28]	@ (20000c68 <e15_is_critical_frame_period+0x28>)
20000c4c:	4b07      	ldr	r3, [pc, #28]	@ (20000c6c <e15_is_critical_frame_period+0x2c>)
20000c4e:	468c      	mov	ip, r1
20000c50:	4a07      	ldr	r2, [pc, #28]	@ (20000c70 <e15_is_critical_frame_period+0x30>)
20000c52:	6a9b      	ldr	r3, [r3, #40]	@ 0x28
20000c54:	6812      	ldr	r2, [r2, #0]
20000c56:	4463      	add	r3, ip
20000c58:	1a9b      	subs	r3, r3, r2
20000c5a:	2000      	movs	r0, #0
20000c5c:	22c6      	movs	r2, #198	@ 0xc6
20000c5e:	429a      	cmp	r2, r3
20000c60:	4140      	adcs	r0, r0
20000c62:	b2c0      	uxtb	r0, r0
20000c64:	bd10      	pop	{r4, pc}
20000c66:	46c0      	nop			@ (mov r8, r8)
20000c68:	fffffce0 	.word	0xfffffce0
20000c6c:	40054000 	.word	0x40054000
20000c70:	20001c04 	.word	0x20001c04

20000c74 <hw_endpoint_reset_transfer>:
20000c74:	2300      	movs	r3, #0
20000c76:	7683      	strb	r3, [r0, #26]
20000c78:	6143      	str	r3, [r0, #20]
20000c7a:	6103      	str	r3, [r0, #16]
20000c7c:	4770      	bx	lr
20000c7e:	46c0      	nop			@ (mov r8, r8)

20000c80 <_hw_endpoint_buffer_control_update32>:
20000c80:	b510      	push	{r4, lr}
20000c82:	6883      	ldr	r3, [r0, #8]
20000c84:	2900      	cmp	r1, #0
20000c86:	d001      	beq.n	20000c8c <_hw_endpoint_buffer_control_update32+0xc>
20000c88:	681c      	ldr	r4, [r3, #0]
20000c8a:	4021      	ands	r1, r4
20000c8c:	2a00      	cmp	r2, #0
20000c8e:	d012      	beq.n	20000cb6 <_hw_endpoint_buffer_control_update32+0x36>
20000c90:	2480      	movs	r4, #128	@ 0x80
20000c92:	00e4      	lsls	r4, r4, #3
20000c94:	4311      	orrs	r1, r2
20000c96:	4222      	tst	r2, r4
20000c98:	d00d      	beq.n	20000cb6 <_hw_endpoint_buffer_control_update32+0x36>
20000c9a:	681a      	ldr	r2, [r3, #0]
20000c9c:	4222      	tst	r2, r4
20000c9e:	d10c      	bne.n	20000cba <_hw_endpoint_buffer_control_update32+0x3a>
20000ca0:	4a08      	ldr	r2, [pc, #32]	@ (20000cc4 <_hw_endpoint_buffer_control_update32+0x44>)
20000ca2:	400a      	ands	r2, r1
20000ca4:	601a      	str	r2, [r3, #0]
20000ca6:	4a08      	ldr	r2, [pc, #32]	@ (20000cc8 <_hw_endpoint_buffer_control_update32+0x48>)
20000ca8:	6c12      	ldr	r2, [r2, #64]	@ 0x40
20000caa:	0792      	lsls	r2, r2, #30
20000cac:	d403      	bmi.n	20000cb6 <_hw_endpoint_buffer_control_update32+0x36>
20000cae:	230c      	movs	r3, #12
20000cb0:	3b03      	subs	r3, #3
20000cb2:	d2fd      	bcs.n	20000cb0 <_hw_endpoint_buffer_control_update32+0x30>
20000cb4:	6883      	ldr	r3, [r0, #8]
20000cb6:	6019      	str	r1, [r3, #0]
20000cb8:	bd10      	pop	{r4, pc}
20000cba:	7881      	ldrb	r1, [r0, #2]
20000cbc:	4803      	ldr	r0, [pc, #12]	@ (20000ccc <_hw_endpoint_buffer_control_update32+0x4c>)
20000cbe:	f000 f957 	bl	20000f70 <__panic_veneer>
20000cc2:	46c0      	nop			@ (mov r8, r8)
20000cc4:	fffffbff 	.word	0xfffffbff
20000cc8:	50110000 	.word	0x50110000
20000ccc:	10004e14 	.word	0x10004e14

20000cd0 <hw_endpoint_start_next_buffer>:
20000cd0:	6843      	ldr	r3, [r0, #4]
20000cd2:	b570      	push	{r4, r5, r6, lr}
20000cd4:	2100      	movs	r1, #0
20000cd6:	2580      	movs	r5, #128	@ 0x80
20000cd8:	0004      	movs	r4, r0
20000cda:	681e      	ldr	r6, [r3, #0]
20000cdc:	f7ff fed6 	bl	20000a8c <prepare_ep_buffer>
20000ce0:	4b12      	ldr	r3, [pc, #72]	@ (20000d2c <hw_endpoint_start_next_buffer+0x5c>)
20000ce2:	016d      	lsls	r5, r5, #5
20000ce4:	6c1a      	ldr	r2, [r3, #64]	@ 0x40
20000ce6:	4305      	orrs	r5, r0
20000ce8:	78a3      	ldrb	r3, [r4, #2]
20000cea:	0792      	lsls	r2, r2, #30
20000cec:	d50e      	bpl.n	20000d0c <hw_endpoint_start_next_buffer+0x3c>
20000cee:	065b      	lsls	r3, r3, #25
20000cf0:	d00e      	beq.n	20000d10 <hw_endpoint_start_next_buffer+0x40>
20000cf2:	4b0f      	ldr	r3, [pc, #60]	@ (20000d30 <hw_endpoint_start_next_buffer+0x60>)
20000cf4:	401e      	ands	r6, r3
20000cf6:	2380      	movs	r3, #128	@ 0x80
20000cf8:	059b      	lsls	r3, r3, #22
20000cfa:	4333      	orrs	r3, r6
20000cfc:	6862      	ldr	r2, [r4, #4]
20000cfe:	2100      	movs	r1, #0
20000d00:	6013      	str	r3, [r2, #0]
20000d02:	0020      	movs	r0, r4
20000d04:	002a      	movs	r2, r5
20000d06:	f7ff ffbb 	bl	20000c80 <_hw_endpoint_buffer_control_update32>
20000d0a:	bd70      	pop	{r4, r5, r6, pc}
20000d0c:	09db      	lsrs	r3, r3, #7
20000d0e:	d0f0      	beq.n	20000cf2 <hw_endpoint_start_next_buffer+0x22>
20000d10:	8aa3      	ldrh	r3, [r4, #20]
20000d12:	2b00      	cmp	r3, #0
20000d14:	d0ed      	beq.n	20000cf2 <hw_endpoint_start_next_buffer+0x22>
20000d16:	2101      	movs	r1, #1
20000d18:	0020      	movs	r0, r4
20000d1a:	f7ff feb7 	bl	20000a8c <prepare_ep_buffer>
20000d1e:	23a0      	movs	r3, #160	@ 0xa0
20000d20:	4a04      	ldr	r2, [pc, #16]	@ (20000d34 <hw_endpoint_start_next_buffer+0x64>)
20000d22:	05db      	lsls	r3, r3, #23
20000d24:	4032      	ands	r2, r6
20000d26:	4305      	orrs	r5, r0
20000d28:	4313      	orrs	r3, r2
20000d2a:	e7e7      	b.n	20000cfc <hw_endpoint_start_next_buffer+0x2c>
20000d2c:	50110000 	.word	0x50110000
20000d30:	afffffff 	.word	0xafffffff
20000d34:	dfffffff 	.word	0xdfffffff

20000d38 <hw_endpoint_xfer_continue>:
20000d38:	b570      	push	{r4, r5, r6, lr}
20000d3a:	7e85      	ldrb	r5, [r0, #26]
20000d3c:	0004      	movs	r4, r0
20000d3e:	2d00      	cmp	r5, #0
20000d40:	d014      	beq.n	20000d6c <hw_endpoint_xfer_continue+0x34>
20000d42:	f7ff ff55 	bl	20000bf0 <_hw_endpoint_xfer_sync>
20000d46:	8aa3      	ldrh	r3, [r4, #20]
20000d48:	2b00      	cmp	r3, #0
20000d4a:	d101      	bne.n	20000d50 <hw_endpoint_xfer_continue+0x18>
20000d4c:	0028      	movs	r0, r5
20000d4e:	bd70      	pop	{r4, r5, r6, pc}
20000d50:	0020      	movs	r0, r4
20000d52:	f7ff ff75 	bl	20000c40 <e15_is_critical_frame_period>
20000d56:	2800      	cmp	r0, #0
20000d58:	d003      	beq.n	20000d62 <hw_endpoint_xfer_continue+0x2a>
20000d5a:	2301      	movs	r3, #1
20000d5c:	2500      	movs	r5, #0
20000d5e:	7723      	strb	r3, [r4, #28]
20000d60:	e7f4      	b.n	20000d4c <hw_endpoint_xfer_continue+0x14>
20000d62:	0020      	movs	r0, r4
20000d64:	f7ff ffb4 	bl	20000cd0 <hw_endpoint_start_next_buffer>
20000d68:	2500      	movs	r5, #0
20000d6a:	e7ef      	b.n	20000d4c <hw_endpoint_xfer_continue+0x14>
20000d6c:	7881      	ldrb	r1, [r0, #2]
20000d6e:	4801      	ldr	r0, [pc, #4]	@ (20000d74 <hw_endpoint_xfer_continue+0x3c>)
20000d70:	f000 f8fe 	bl	20000f70 <__panic_veneer>
20000d74:	10004e34 	.word	0x10004e34

20000d78 <dcd_event_handler>:
20000d78:	b5f0      	push	{r4, r5, r6, r7, lr}
20000d7a:	46ce      	mov	lr, r9
20000d7c:	4647      	mov	r7, r8
20000d7e:	b580      	push	{r7, lr}
20000d80:	7843      	ldrb	r3, [r0, #1]
20000d82:	0005      	movs	r5, r0
20000d84:	000e      	movs	r6, r1
20000d86:	b085      	sub	sp, #20
20000d88:	2b06      	cmp	r3, #6
20000d8a:	d808      	bhi.n	20000d9e <dcd_event_handler+0x26>
20000d8c:	4a6c      	ldr	r2, [pc, #432]	@ (20000f40 <dcd_event_handler+0x1c8>)
20000d8e:	009b      	lsls	r3, r3, #2
20000d90:	58d3      	ldr	r3, [r2, r3]
20000d92:	469f      	mov	pc, r3
20000d94:	4a6b      	ldr	r2, [pc, #428]	@ (20000f44 <dcd_event_handler+0x1cc>)
20000d96:	7813      	ldrb	r3, [r2, #0]
20000d98:	3301      	adds	r3, #1
20000d9a:	b2db      	uxtb	r3, r3
20000d9c:	7013      	strb	r3, [r2, #0]
20000d9e:	4b6a      	ldr	r3, [pc, #424]	@ (20000f48 <dcd_event_handler+0x1d0>)
20000da0:	681c      	ldr	r4, [r3, #0]
20000da2:	6962      	ldr	r2, [r4, #20]
20000da4:	f3ef 8110 	mrs	r1, PRIMASK
20000da8:	b672      	cpsid	i
20000daa:	6813      	ldr	r3, [r2, #0]
20000dac:	2b00      	cmp	r3, #0
20000dae:	d0fc      	beq.n	20000daa <dcd_event_handler+0x32>
20000db0:	f3bf 8f5f 	dmb	sy
20000db4:	61a1      	str	r1, [r4, #24]
20000db6:	0020      	movs	r0, r4
20000db8:	0029      	movs	r1, r5
20000dba:	f000 f8f1 	bl	20000fa0 <__tu_fifo_write_veneer>
20000dbe:	6962      	ldr	r2, [r4, #20]
20000dc0:	69a3      	ldr	r3, [r4, #24]
20000dc2:	f3bf 8f5f 	dmb	sy
20000dc6:	2100      	movs	r1, #0
20000dc8:	6011      	str	r1, [r2, #0]
20000dca:	f383 8810 	msr	PRIMASK, r3
20000dce:	2800      	cmp	r0, #0
20000dd0:	d104      	bne.n	20000ddc <dcd_event_handler+0x64>
20000dd2:	b005      	add	sp, #20
20000dd4:	bcc0      	pop	{r6, r7}
20000dd6:	46b9      	mov	r9, r7
20000dd8:	46b0      	mov	r8, r6
20000dda:	bdf0      	pop	{r4, r5, r6, r7, pc}
20000ddc:	0032      	movs	r2, r6
20000dde:	7869      	ldrb	r1, [r5, #1]
20000de0:	7828      	ldrb	r0, [r5, #0]
20000de2:	f000 f8ed 	bl	20000fc0 <__tud_event_hook_cb_veneer>
20000de6:	e7f4      	b.n	20000dd2 <dcd_event_handler+0x5a>
20000de8:	2101      	movs	r1, #1
20000dea:	4b58      	ldr	r3, [pc, #352]	@ (20000f4c <dcd_event_handler+0x1d4>)
20000dec:	781a      	ldrb	r2, [r3, #0]
20000dee:	438a      	bics	r2, r1
20000df0:	701a      	strb	r2, [r3, #0]
20000df2:	781a      	ldrb	r2, [r3, #0]
20000df4:	3101      	adds	r1, #1
20000df6:	438a      	bics	r2, r1
20000df8:	701a      	strb	r2, [r3, #0]
20000dfa:	2200      	movs	r2, #0
20000dfc:	705a      	strb	r2, [r3, #1]
20000dfe:	781a      	ldrb	r2, [r3, #0]
20000e00:	3102      	adds	r1, #2
20000e02:	438a      	bics	r2, r1
20000e04:	701a      	strb	r2, [r3, #0]
20000e06:	e7ca      	b.n	20000d9e <dcd_event_handler+0x26>
20000e08:	4951      	ldr	r1, [pc, #324]	@ (20000f50 <dcd_event_handler+0x1d8>)
20000e0a:	4f52      	ldr	r7, [pc, #328]	@ (20000f54 <dcd_event_handler+0x1dc>)
20000e0c:	4689      	mov	r9, r1
20000e0e:	4952      	ldr	r1, [pc, #328]	@ (20000f58 <dcd_event_handler+0x1e0>)
20000e10:	2400      	movs	r4, #0
20000e12:	2300      	movs	r3, #0
20000e14:	4688      	mov	r8, r1
20000e16:	783a      	ldrb	r2, [r7, #0]
20000e18:	e012      	b.n	20000e40 <dcd_event_handler+0xc8>
20000e1a:	4643      	mov	r3, r8
20000e1c:	681b      	ldr	r3, [r3, #0]
20000e1e:	0161      	lsls	r1, r4, #5
20000e20:	185b      	adds	r3, r3, r1
20000e22:	2b00      	cmp	r3, #0
20000e24:	d006      	beq.n	20000e34 <dcd_event_handler+0xbc>
20000e26:	69db      	ldr	r3, [r3, #28]
20000e28:	2b00      	cmp	r3, #0
20000e2a:	d003      	beq.n	20000e34 <dcd_event_handler+0xbc>
20000e2c:	6869      	ldr	r1, [r5, #4]
20000e2e:	7828      	ldrb	r0, [r5, #0]
20000e30:	4798      	blx	r3
20000e32:	783a      	ldrb	r2, [r7, #0]
20000e34:	3401      	adds	r4, #1
20000e36:	b2e4      	uxtb	r4, r4
20000e38:	1c51      	adds	r1, r2, #1
20000e3a:	0023      	movs	r3, r4
20000e3c:	42a1      	cmp	r1, r4
20000e3e:	db17      	blt.n	20000e70 <dcd_event_handler+0xf8>
20000e40:	42a2      	cmp	r2, r4
20000e42:	d8ea      	bhi.n	20000e1a <dcd_event_handler+0xa2>
20000e44:	1a9b      	subs	r3, r3, r2
20000e46:	015b      	lsls	r3, r3, #5
20000e48:	444b      	add	r3, r9
20000e4a:	e7ec      	b.n	20000e26 <dcd_event_handler+0xae>
20000e4c:	4b3f      	ldr	r3, [pc, #252]	@ (20000f4c <dcd_event_handler+0x1d4>)
20000e4e:	781a      	ldrb	r2, [r3, #0]
20000e50:	07d2      	lsls	r2, r2, #31
20000e52:	d5be      	bpl.n	20000dd2 <dcd_event_handler+0x5a>
20000e54:	2104      	movs	r1, #4
20000e56:	781a      	ldrb	r2, [r3, #0]
20000e58:	430a      	orrs	r2, r1
20000e5a:	701a      	strb	r2, [r3, #0]
20000e5c:	e79f      	b.n	20000d9e <dcd_event_handler+0x26>
20000e5e:	4b3b      	ldr	r3, [pc, #236]	@ (20000f4c <dcd_event_handler+0x1d4>)
20000e60:	781a      	ldrb	r2, [r3, #0]
20000e62:	07d2      	lsls	r2, r2, #31
20000e64:	d5b5      	bpl.n	20000dd2 <dcd_event_handler+0x5a>
20000e66:	2104      	movs	r1, #4
20000e68:	781a      	ldrb	r2, [r3, #0]
20000e6a:	438a      	bics	r2, r1
20000e6c:	701a      	strb	r2, [r3, #0]
20000e6e:	e796      	b.n	20000d9e <dcd_event_handler+0x26>
20000e70:	4f36      	ldr	r7, [pc, #216]	@ (20000f4c <dcd_event_handler+0x1d4>)
20000e72:	783b      	ldrb	r3, [r7, #0]
20000e74:	075b      	lsls	r3, r3, #29
20000e76:	d52b      	bpl.n	20000ed0 <dcd_event_handler+0x158>
20000e78:	2204      	movs	r2, #4
20000e7a:	783b      	ldrb	r3, [r7, #0]
20000e7c:	2100      	movs	r1, #0
20000e7e:	4393      	bics	r3, r2
20000e80:	703b      	strb	r3, [r7, #0]
20000e82:	466b      	mov	r3, sp
20000e84:	3206      	adds	r2, #6
20000e86:	1d98      	adds	r0, r3, #6
20000e88:	f000 f892 	bl	20000fb0 <____wrap_memset_veneer>
20000e8c:	782b      	ldrb	r3, [r5, #0]
20000e8e:	ac01      	add	r4, sp, #4
20000e90:	7023      	strb	r3, [r4, #0]
20000e92:	2305      	movs	r3, #5
20000e94:	7063      	strb	r3, [r4, #1]
20000e96:	4b2c      	ldr	r3, [pc, #176]	@ (20000f48 <dcd_event_handler+0x1d0>)
20000e98:	681b      	ldr	r3, [r3, #0]
20000e9a:	4698      	mov	r8, r3
20000e9c:	695a      	ldr	r2, [r3, #20]
20000e9e:	f3ef 8110 	mrs	r1, PRIMASK
20000ea2:	b672      	cpsid	i
20000ea4:	6813      	ldr	r3, [r2, #0]
20000ea6:	2b00      	cmp	r3, #0
20000ea8:	d0fc      	beq.n	20000ea4 <dcd_event_handler+0x12c>
20000eaa:	f3bf 8f5f 	dmb	sy
20000eae:	4643      	mov	r3, r8
20000eb0:	4640      	mov	r0, r8
20000eb2:	6199      	str	r1, [r3, #24]
20000eb4:	0021      	movs	r1, r4
20000eb6:	f000 f873 	bl	20000fa0 <__tu_fifo_write_veneer>
20000eba:	4643      	mov	r3, r8
20000ebc:	695a      	ldr	r2, [r3, #20]
20000ebe:	699b      	ldr	r3, [r3, #24]
20000ec0:	f3bf 8f5f 	dmb	sy
20000ec4:	2100      	movs	r1, #0
20000ec6:	6011      	str	r1, [r2, #0]
20000ec8:	f383 8810 	msr	PRIMASK, r3
20000ecc:	2800      	cmp	r0, #0
20000ece:	d131      	bne.n	20000f34 <dcd_event_handler+0x1bc>
20000ed0:	78fb      	ldrb	r3, [r7, #3]
20000ed2:	07db      	lsls	r3, r3, #31
20000ed4:	d400      	bmi.n	20000ed8 <dcd_event_handler+0x160>
20000ed6:	e77c      	b.n	20000dd2 <dcd_event_handler+0x5a>
20000ed8:	466b      	mov	r3, sp
20000eda:	220a      	movs	r2, #10
20000edc:	2100      	movs	r1, #0
20000ede:	1d98      	adds	r0, r3, #6
20000ee0:	f000 f866 	bl	20000fb0 <____wrap_memset_veneer>
20000ee4:	782b      	ldrb	r3, [r5, #0]
20000ee6:	ac01      	add	r4, sp, #4
20000ee8:	7023      	strb	r3, [r4, #0]
20000eea:	2303      	movs	r3, #3
20000eec:	7063      	strb	r3, [r4, #1]
20000eee:	686b      	ldr	r3, [r5, #4]
20000ef0:	6063      	str	r3, [r4, #4]
20000ef2:	4b15      	ldr	r3, [pc, #84]	@ (20000f48 <dcd_event_handler+0x1d0>)
20000ef4:	681d      	ldr	r5, [r3, #0]
20000ef6:	696a      	ldr	r2, [r5, #20]
20000ef8:	f3ef 8110 	mrs	r1, PRIMASK
20000efc:	b672      	cpsid	i
20000efe:	6813      	ldr	r3, [r2, #0]
20000f00:	2b00      	cmp	r3, #0
20000f02:	d0fc      	beq.n	20000efe <dcd_event_handler+0x186>
20000f04:	f3bf 8f5f 	dmb	sy
20000f08:	61a9      	str	r1, [r5, #24]
20000f0a:	0028      	movs	r0, r5
20000f0c:	0021      	movs	r1, r4
20000f0e:	f000 f847 	bl	20000fa0 <__tu_fifo_write_veneer>
20000f12:	696a      	ldr	r2, [r5, #20]
20000f14:	69ab      	ldr	r3, [r5, #24]
20000f16:	f3bf 8f5f 	dmb	sy
20000f1a:	2100      	movs	r1, #0
20000f1c:	6011      	str	r1, [r2, #0]
20000f1e:	f383 8810 	msr	PRIMASK, r3
20000f22:	2800      	cmp	r0, #0
20000f24:	d100      	bne.n	20000f28 <dcd_event_handler+0x1b0>
20000f26:	e754      	b.n	20000dd2 <dcd_event_handler+0x5a>
20000f28:	0032      	movs	r2, r6
20000f2a:	7861      	ldrb	r1, [r4, #1]
20000f2c:	7820      	ldrb	r0, [r4, #0]
20000f2e:	f000 f847 	bl	20000fc0 <__tud_event_hook_cb_veneer>
20000f32:	e74e      	b.n	20000dd2 <dcd_event_handler+0x5a>
20000f34:	0032      	movs	r2, r6
20000f36:	7861      	ldrb	r1, [r4, #1]
20000f38:	7820      	ldrb	r0, [r4, #0]
20000f3a:	f000 f841 	bl	20000fc0 <__tud_event_hook_cb_veneer>
20000f3e:	e7c7      	b.n	20000ed0 <dcd_event_handler+0x158>
20000f40:	100050d4 	.word	0x100050d4
20000f44:	20002163 	.word	0x20002163
20000f48:	20001708 	.word	0x20001708
20000f4c:	200016b0 	.word	0x200016b0
20000f50:	100050f0 	.word	0x100050f0
20000f54:	20002161 	.word	0x20002161
20000f58:	20001500 	.word	0x20001500

20000f5c <__aeabi_idiv0>:
20000f5c:	4770      	bx	lr
20000f5e:	46c0      	nop			@ (mov r8, r8)

20000f60 <__rp2040_chip_version_veneer>:
20000f60:	b401      	push	{r0}
20000f62:	4802      	ldr	r0, [pc, #8]	@ (20000f6c <__rp2040_chip_version_veneer+0xc>)
20000f64:	4684      	mov	ip, r0
20000f66:	bc01      	pop	{r0}
20000f68:	4760      	bx	ip
20000f6a:	bf00      	nop
20000f6c:	10000411 	.word	0x10000411

20000f70 <__panic_veneer>:
20000f70:	b401      	push	{r0}
20000f72:	4802      	ldr	r0, [pc, #8]	@ (20000f7c <__panic_veneer+0xc>)
20000f74:	4684      	mov	ip, r0
20000f76:	bc01      	pop	{r0}
20000f78:	4760      	bx	ip
20000f7a:	bf00      	nop
20000f7c:	1000041d 	.word	0x1000041d

20000f80 <__time_us_64_veneer>:
20000f80:	b401      	push	{r0}
20000f82:	4802      	ldr	r0, [pc, #8]	@ (20000f8c <__time_us_64_veneer+0xc>)
20000f84:	4684      	mov	ip, r0
20000f86:	bc01      	pop	{r0}
20000f88:	4760      	bx	ip
20000f8a:	bf00      	nop
20000f8c:	100013e5 	.word	0x100013e5

20000f90 <____wrap___aeabi_lmul_veneer>:
20000f90:	b401      	push	{r0}
20000f92:	4802      	ldr	r0, [pc, #8]	@ (20000f9c <____wrap___aeabi_lmul_veneer+0xc>)
20000f94:	4684      	mov	ip, r0
20000f96:	bc01      	pop	{r0}
20000f98:	4760      	bx	ip
20000f9a:	bf00      	nop
20000f9c:	10001d05 	.word	0x10001d05

20000fa0 <__tu_fifo_write_veneer>:
20000fa0:	b401      	push	{r0}
20000fa2:	4802      	ldr	r0, [pc, #8]	@ (20000fac <__tu_fifo_write_veneer+0xc>)
20000fa4:	4684      	mov	ip, r0
20000fa6:	bc01      	pop	{r0}
20000fa8:	4760      	bx	ip
20000faa:	bf00      	nop
20000fac:	100047fd 	.word	0x100047fd

20000fb0 <____wrap_memset_veneer>:
20000fb0:	b401      	push	{r0}
20000fb2:	4802      	ldr	r0, [pc, #8]	@ (20000fbc <____wrap_memset_veneer+0xc>)
20000fb4:	4684      	mov	ip, r0
20000fb6:	bc01      	pop	{r0}
20000fb8:	4760      	bx	ip
20000fba:	bf00      	nop
20000fbc:	10001db1 	.word	0x10001db1

20000fc0 <__tud_event_hook_cb_veneer>:
20000fc0:	b401      	push	{r0}
20000fc2:	4802      	ldr	r0, [pc, #8]	@ (20000fcc <__tud_event_hook_cb_veneer+0xc>)
20000fc4:	4684      	mov	ip, r0
20000fc6:	bc01      	pop	{r0}
20000fc8:	4760      	bx	ip
20000fca:	bf00      	nop
20000fcc:	10002d9d 	.word	0x10002d9d

20000fd0 <__best_effort_wfe_or_timeout_veneer>:
20000fd0:	b401      	push	{r0}
20000fd2:	4802      	ldr	r0, [pc, #8]	@ (20000fdc <__best_effort_wfe_or_timeout_veneer+0xc>)
20000fd4:	4684      	mov	ip, r0
20000fd6:	bc01      	pop	{r0}
20000fd8:	4760      	bx	ip
20000fda:	bf00      	nop
20000fdc:	100012b5 	.word	0x100012b5

20000fe0 <striped_spin_lock_num>:
20000fe0:	00000010                                ....

20000fe4 <irq_handler_chain_slots>:
20000fe4:	00000000 	.word	0x00000000
20000fe8:	00010000 	.word	0x00010000
	...
20000ff4:	00020000 	.word	0x00020000
	...
20001000:	00030000 	.word	0x00030000
	...
2000100c:	00ff0000 	.word	0x00ff0000
20001010:	00000000 	.word	0x00000000

20001014 <irq_handler_chain_first_slot>:
20001014:	b501      	push	{r0, lr}
20001016:	6848      	ldr	r0, [r1, #4]
20001018:	3101      	adds	r1, #1
2000101a:	468e      	mov	lr, r1
2000101c:	4700      	bx	r0

2000101e <irq_handler_chain_remove_tail>:
2000101e:	4670      	mov	r0, lr
20001020:	3809      	subs	r0, #9
20001022:	4901      	ldr	r1, [pc, #4]	@ (20001028 <irq_handler_chain_remove_tail+0xa>)
20001024:	4788      	blx	r1
20001026:	bd01      	pop	{r0, pc}
20001028:	10000a21 	.word	0x10000a21

2000102c <default_alarm_pool>:
	...
20001040:	200010c8 00000000 00000000 00000000     ... ............

20001050 <aeabi_bits_funcs>:
20001050:	00003350 	.word	0x00003350
20001054:	0000334c 	.word	0x0000334c
20001058:	00003354 	.word	0x00003354
2000105c:	00003352 	.word	0x00003352

20001060 <aeabi_bits_funcs_end>:
20001060:	0000534d 	.word	0x0000534d
20001064:	0000434d 	.word	0x0000434d
20001068:	00003453 	.word	0x00003453
2000106c:	00003443 	.word	0x00003443

20001070 <stdio_uart>:
20001070:	1000210d 10002211 10002159 10002225     .!..."..Y!..%"..
20001080:	00000000 00000100                       ........

20001088 <stdio_usb>:
20001088:	1000255d 10002511 10002485 100023fd     ]%...%...$...#..
20001098:	00000000 00000100                       ........

200010a0 <_usbd_qdef>:
200010a0:	2000170c 000c0010 00000000 00000000     ... ............
	...

200010bc <_usbd_rhport>:
200010bc:	000000ff                                ....

200010c0 <print_mutex>:
	...
