"faculty","building","room","capacity"
"Faculty of Art","B59","R1000","240"
"Faculty of Art","B59","R1001","360"
"Faculty of Art","B59","R1002","210"
"Faculty of Art","B59","R1003","120"
"Faculty of Art","B59","R1004","450"
"Faculty of Art","B59","R1005","20"
"Faculty of Art","B59","R1006","360"
"Faculty of Art","B59","R1007","380"
"Faculty of Art","B59","R1008","480"
"Faculty of Art","B59","R1009","320"
"Faculty of Art","B59","R1010","320"
"Faculty of Art","B59","R1011","390"
"Faculty of Art","B59","R1012","330"
"Faculty of Art","B59","R1013","320"
"Faculty of Art","B59","R1014","340"
"Faculty of Art","B59","R1015","370"
"Faculty of Art","B59","R1016","420"
"Faculty of Art","B59","R1017","480"
"Faculty of Art","B59","R1018","410"
"Faculty of Art","B59","R1019","400"
"Faculty of Art","B59","R1020","200"
"Faculty of Art","B59","R1021","260"
"Faculty of Art","B2","R1000","310"
"Faculty of Art","B2","R1001","430"
"Faculty of Art","B2","R2002","90"
"Faculty of Art","B2","R2003","290"
"Faculty of Art","B2","R2004","400"
"Faculty of Art","B2","R2005","480"
"Faculty of Art","B2","R2006","80"
"Faculty of Art","B2","R2007","250"
"Faculty of Art","B2","R2008","70"
"Faculty of Art","B2","R2009","410"
"Faculty of Art","B2","R2010","110"
"Faculty of Art","B2","R2011","80"
"Faculty of Art","B2","R2012","460"
"Faculty of Art","B2","R2013","430"
"Faculty of Art","B2","R3014","100"
"Faculty of Art","B2","R3015","100"
"Faculty of Art","B37","R1000","110"
"Faculty of Art","B37","R1001","100"
"Faculty of Art","B37","R1002","310"
"Faculty of Art","B37","R1003","40"
"Faculty of Art","B37","R1004","70"
"Faculty of Art","B37","R1005","440"
"Faculty of Art","B37","R1006","70"
"Faculty of Art","B37","R1007","160"
"Faculty of Art","B37","R1008","370"
"Faculty of Art","B37","R1009","280"
"Faculty of Art","B37","R1010","290"
"Faculty of Art","B37","R1011","470"
"Faculty of Art","B37","R1012","260"
"Faculty of Art","B37","R1013","380"
"Faculty of Art","B37","R1014","100"
"Faculty of Art","B37","R1015","480"
"Faculty of Art","B37","R1016","480"
"Faculty of Art","B37","R1017","440"
"Faculty of Art","B37","R1018","230"
"Faculty of Art","B37","R1019","50"
"Faculty of Art","B37","R1020","480"
"Faculty of Art","B37","R1021","440"
"Faculty of Art","B37","R1022","10"
"Faculty of Art","B37","R1023","350"
"Faculty of Art","B37","R1024","310"
"Faculty of Art","B37","R1025","120"
"Faculty of Art","B37","R1026","230"
"Faculty of Art","B37","R2027","400"
"Faculty of Art","B37","R2028","260"
"Faculty of Art","B37","R2029","490"
"Faculty of Art","B37","R3030","200"
"Faculty of Art","B37","R3031","40"
"Faculty of Art","B37","R3032","340"
"Faculty of Art","B37","R4033","160"
"Faculty of Art","B37","R5034","230"
"Faculty of Art","B37","R5035","290"
"Faculty of Art","B37","R5036","420"
"Faculty of Art","B37","R5037","90"
"Faculty of Art","B37","R5038","340"
"Faculty of Art","B37","R5039","90"
"Faculty of Art","B37","R5040","440"
"Faculty of Art","B37","R5041","350"
"Faculty of Art","B37","R5042","80"
"Faculty of Art","B37","R6043","240"
"Faculty of Art","B37","R6044","450"
"Faculty of Art","B37","R6045","450"
"Faculty of Art","B37","R6046","340"
"Faculty of Art","B37","R6047","340"
"Faculty of Art","B37","R6048","200"
"Faculty of Art","B37","R6049","430"
"Faculty of Art","B37","R6050","370"
"Faculty of Art","B37","R6051","290"
"Faculty of Art","B37","R6052","350"
"Faculty of Art","B37","R6053","440"
"Faculty of Art","B37","R6054","210"
"Faculty of Art","B37","R6055","410"
"Faculty of Art","B37","R6056","370"
"Faculty of Art","B37","R6057","100"
"Faculty of Art","B37","R6058","290"
"Faculty of Art","B37","R6059","420"
"Faculty of Art","B37","R6060","100"
"Faculty of Art","B37","R6061","120"
"Faculty of Art","B37","R6062","180"
"Faculty of Art","B37","R6063","360"
"Faculty of Art","B37","R6064","200"
"Faculty of Art","B37","R6065","80"
"Faculty of Art","B37","R6066","250"
"Faculty of Art","B37","R6067","400"
"Faculty of Art","B37","R6068","380"
"Faculty of Art","B37","R7069","160"
"Faculty of Art","B37","R7070","280"
"Faculty of Art","B37","R7071","80"
"Faculty of Art","B37","R8072","10"
"Faculty of Art","B37","R9073","140"
"Faculty of Art","B37","R9074","410"
"Faculty of Art","B37","R9075","370"
"Faculty of Art","B37","R9076","180"
"Faculty of Art","B37","R9077","360"
"Faculty of Art","B37","R9078","190"
"Faculty of Art","B37","R9079","400"
"Faculty of Art","B37","R9080","370"
"Faculty of Art","B37","R9081","280"
"Faculty of Art","B37","R9082","220"
"Faculty of Art","B37","R9083","200"
"Faculty of Art","B37","R9084","120"
"Faculty of Art","B37","R10085","300"
"Faculty of Art","B37","R10086","460"
"Faculty of Art","B37","R11087","250"
"Faculty of Art","B37","R11088","320"
"Faculty of Art","B37","R11089","380"
"Faculty of Art","B37","R11090","30"
"Faculty of Art","B37","R11091","140"
"Faculty of Art","B37","R11092","240"
"Faculty of Art","B37","R11093","40"
"Faculty of Art","B37","R11094","240"
"Faculty of Art","B37","R11095","20"
"Faculty of Art","B37","R11096","70"
"Faculty of Art","B37","R11097","230"
"Faculty of Art","B37","R11098","260"
"Faculty of Art","B100","R1000","450"
"Faculty of Art","B100","R1001","340"
"Faculty of Art","B100","R1002","40"
"Faculty of Art","B100","R1003","80"
"Faculty of Art","B100","R1004","210"
"Faculty of Art","B100","R1005","410"
"Faculty of Art","B100","R1006","70"
"Faculty of Art","B100","R1007","420"
"Faculty of Art","B100","R1008","140"
"Faculty of Art","B100","R1009","230"
"Faculty of Art","B100","R1010","270"
"Faculty of Art","B100","R1011","360"
"Faculty of Art","B100","R1012","30"
"Faculty of Art","B100","R1013","340"
"Faculty of Art","B100","R1014","360"
"Faculty of Art","B100","R1015","480"
"Faculty of Art","B100","R1016","60"
"Faculty of Art","B100","R1017","70"
"Faculty of Art","B100","R1018","160"
"Faculty of Art","B100","R1019","370"
"Faculty of Art","B100","R1020","380"
"Faculty of Art","B100","R1021","220"
"Faculty of Art","B100","R1022","400"
"Faculty of Art","B100","R1023","130"
"Faculty of Art","B100","R1024","410"
"Faculty of Art","B100","R1025","450"
"Faculty of Art","B100","R1026","280"
"Faculty of Art","B100","R1027","30"
"Faculty of Art","B100","R1028","130"
"Faculty of Art","B100","R2029","290"
"Faculty of Art","B100","R2030","110"
"Faculty of Art","B100","R2031","360"
"Faculty of Art","B100","R2032","280"
"Faculty of Art","B100","R2033","80"
"Faculty of Art","B100","R2034","340"
"Faculty of Art","B100","R2035","90"
"Faculty of Art","B100","R2036","250"
"Faculty of Art","B100","R2037","150"
"Faculty of Art","B100","R2038","10"
"Faculty of Art","B100","R2039","170"
"Faculty of Art","B100","R2040","90"
"Faculty of Art","B100","R2041","310"
"Faculty of Art","B100","R2042","170"
"Faculty of Art","B100","R2043","470"
"Faculty of Art","B100","R2044","310"
"Faculty of Art","B100","R2045","160"
"Faculty of Art","B100","R2046","300"
"Faculty of Art","B100","R2047","220"
"Faculty of Art","B100","R2048","220"
"Faculty of Art","B100","R2049","350"
"Faculty of Art","B100","R2050","30"
"Faculty of Art","B5","R1000","200"
"Faculty of Art","B5","R1001","440"
"Faculty of Art","B5","R1002","20"
"Faculty of Art","B5","R2003","210"
"Faculty of Art","B5","R2004","350"
"Faculty of Art","B5","R2005","290"
"Faculty of Art","B5","R2006","250"
"Faculty of Art","B5","R2007","230"
"Faculty of Art","B5","R2008","110"
"Faculty of Art","B5","R2009","240"
"Faculty of Art","B5","R3010","230"
"Faculty of Art","B5","R3011","80"
"Faculty of Art","B5","R3012","460"
"Faculty of Art","B5","R3013","40"
"Faculty of Art","B5","R3014","270"
"Faculty of Art","B5","R3015","80"
"Faculty of Art","B5","R3016","130"
"Faculty of Art","B5","R3017","250"
"Faculty of Art","B5","R3018","300"
"Faculty of Art","B5","R4019","330"
"Faculty of Art","B5","R4020","330"
"Faculty of Art","B5","R4021","30"
"Faculty of Art","B5","R4022","90"
"Faculty of Art","B5","R4023","440"
"Faculty of Art","B5","R4024","270"
"Faculty of Art","B5","R4025","40"
"Faculty of Art","B5","R4026","140"
"Faculty of Art","B5","R4027","300"
"Faculty of Art","B5","R4028","360"
"Faculty of Art","B5","R4029","80"
"Faculty of Art","B5","R4030","320"
"Faculty of Art","B5","R4031","10"
"Faculty of Art","B5","R4032","340"
"Faculty of Art","B5","R4033","430"
"Faculty of Art","B5","R4034","220"
"Faculty of Art","B5","R4035","90"
"Faculty of Art","B5","R4036","260"
"Faculty of Art","B5","R5037","110"
"Faculty of Art","B5","R5038","350"
"Faculty of Art","B5","R5039","110"
"Faculty of Art","B5","R6040","60"
"Faculty of Art","B5","R6041","430"
"Faculty of Art","B5","R6042","460"
"Faculty of Art","B5","R6043","110"
"Faculty of Art","B5","R6044","270"
"Faculty of Art","B5","R6045","360"
"Faculty of Art","B5","R6046","160"
"Faculty of Art","B5","R7047","210"
"Faculty of Art","B5","R7048","460"
"Faculty of Art","B5","R7049","450"
"Faculty of Art","B5","R7050","90"
"Faculty of Art","B5","R7051","260"
"Faculty of Art","B5","R7052","470"
"Faculty of Art","B5","R7053","460"
"Faculty of Art","B5","R7054","40"
"Faculty of Art","B5","R8055","360"
"Faculty of Art","B5","R8056","320"
"Faculty of Art","B5","R8057","410"
"Faculty of Art","B5","R9058","20"
"Faculty of Art","B5","R10059","60"
"Faculty of Art","B5","R10060","430"
"Faculty of Art","B5","R10061","40"
"Faculty of Art","B5","R10062","380"
"Faculty of Art","B73","R1000","480"
"Faculty of Art","B73","R1001","70"
"Faculty of Art","B73","R1002","80"
"Faculty of Art","B73","R1003","260"
"Faculty of Art","B73","R1004","380"
"Faculty of Art","B73","R1005","260"
"Faculty of Art","B73","R1006","460"
"Faculty of Art","B73","R1007","130"
"Faculty of Art","B73","R1008","40"
"Faculty of Art","B73","R2009","460"
"Faculty of Art","B73","R2010","460"
"Faculty of Art","B73","R2011","100"
"Faculty of Art","B73","R2012","160"
"Faculty of Art","B73","R2013","440"
"Faculty of Art","B73","R2014","140"
"Faculty of Art","B73","R2015","340"
"Faculty of Art","B73","R2016","240"
"Faculty of Art","B73","R2017","250"
"Faculty of Art","B73","R2018","460"
"Faculty of Art","B73","R2019","320"
"Faculty of Art","B73","R2020","70"
"Faculty of Art","B73","R2021","140"
"Faculty of Art","B73","R2022","80"
"Faculty of Art","B73","R2023","450"
"Faculty of Art","B73","R3024","190"
"Faculty of Art","B73","R3025","10"
"Faculty of Art","B73","R3026","110"
"Faculty of Art","B73","R3027","260"
"Faculty of Art","B73","R3028","190"
"Faculty of Art","B73","R3029","40"
"Faculty of Art","B73","R3030","240"
"Faculty of Art","B73","R3031","10"
"Faculty of Art","B73","R3032","340"
"Faculty of Art","B73","R3033","200"
"Faculty of Art","B73","R3034","400"
"Faculty of Art","B73","R3035","280"
"Faculty of Art","B73","R3036","60"
"Faculty of Art","B73","R3037","150"
"Faculty of Art","B73","R3038","340"
"Faculty of Art","B73","R3039","400"
"Faculty of Art","B73","R3040","400"
"Faculty of Art","B73","R3041","140"
"Faculty of Art","B73","R3042","220"
"Faculty of Art","B73","R3043","90"
"Faculty of Art","B73","R3044","350"
"Faculty of Art","B73","R3045","450"
"Faculty of Art","B73","R3046","140"
"Faculty of Art","B73","R3047","200"
"Faculty of Art","B73","R3048","450"
"Faculty of Art","B73","R3049","10"
"Faculty of Art","B73","R3050","220"
"Faculty of Art","B73","R3051","80"
"Faculty of Art","B73","R3052","150"
"Faculty of Art","B73","R3053","400"
"Faculty of Art","B73","R3054","340"
"Faculty of Art","B73","R3055","150"
"Faculty of Art","B73","R3056","110"
"Faculty of Art","B73","R3057","140"
"Faculty of Art","B73","R3058","120"
"Faculty of Art","B73","R3059","420"
"Faculty of Art","B73","R3060","310"
"Faculty of Art","B73","R3061","170"
"Faculty of Art","B73","R3062","60"
"Faculty of Art","B73","R3063","40"
"Faculty of Art","B73","R3064","310"
"Faculty of Art","B73","R3065","80"
"Faculty of Art","B73","R3066","220"
"Faculty of Art","B73","R3067","330"
"Faculty of Art","B73","R3068","140"
"Faculty of Art","B73","R3069","250"
"Faculty of Art","B73","R3070","100"
"Faculty of Art","B73","R3071","310"
"Faculty of Art","B73","R3072","60"
"Faculty of Art","B73","R4073","450"
"Faculty of Art","B73","R5074","430"
"Faculty of Art","B73","R5075","20"
"Faculty of Art","B73","R5076","320"
"Faculty of Art","B10","R1000","460"
"Faculty of Art","B10","R1001","200"
"Faculty of Art","B10","R1002","340"
"Faculty of Art","B10","R2003","480"
"Faculty of Art","B10","R2004","250"
"Faculty of Art","B10","R3005","50"
"Faculty of Art","B10","R3006","20"
"Faculty of Art","B10","R3007","430"
"Faculty of Art","B10","R3008","140"
"Faculty of Art","B10","R3009","410"
"Faculty of Art","B10","R3010","20"
"Faculty of Art","B10","R3011","80"
"Faculty of Art","B10","R4012","260"
"Faculty of Art","B10","R4013","150"
"Faculty of Art","B10","R4014","450"
"Faculty of Art","B10","R4015","160"
"Faculty of Art","B10","R4016","10"
"Faculty of Art","B10","R4017","90"
"Faculty of Art","B10","R5018","280"
"Faculty of Art","B10","R5019","350"
"Faculty of Art","B10","R5020","340"
"Faculty of Art","B10","R6021","470"
"Faculty of Art","B10","R6022","110"
"Faculty of Art","B10","R6023","400"
"Faculty of Art","B10","R6024","440"
"Faculty of Art","B10","R6025","310"
"Faculty of Art","B10","R6026","250"
"Faculty of Art","B10","R7027","250"
"Faculty of Art","B10","R7028","470"
"Faculty of Art","B10","R7029","60"
"Faculty of Art","B10","R8030","310"
"Faculty of Art","B10","R8031","370"
"Faculty of Art","B10","R8032","250"
"Faculty of Art","B43","R1000","310"
"Faculty of Art","B43","R1001","280"
"Faculty of Art","B43","R1002","170"
"Faculty of Art","B43","R1003","390"
"Faculty of Art","B43","R1004","320"
"Faculty of Art","B43","R1005","290"
"Faculty of Art","B43","R1006","380"
"Faculty of Art","B43","R1007","20"
"Faculty of Art","B43","R1008","10"
"Faculty of Art","B43","R1009","70"
"Faculty of Art","B43","R1010","290"
"Faculty of Art","B43","R1011","140"
"Faculty of Art","B43","R1012","10"
"Faculty of Art","B43","R1013","70"
"Faculty of Art","B43","R1014","210"
"Faculty of Art","B43","R1015","270"
"Faculty of Art","B43","R1016","430"
"Faculty of Art","B43","R1017","310"
"Faculty of Art","B43","R1018","110"
"Faculty of Art","B43","R1019","460"
"Faculty of Art","B43","R1020","230"
"Faculty of Art","B43","R1021","30"
"Faculty of Art","B43","R1022","210"
"Faculty of Art","B43","R1023","280"
"Faculty of Art","B43","R1024","450"
"Faculty of Art","B43","R1025","140"
"Faculty of Art","B43","R1026","90"
"Faculty of Art","B43","R1027","320"
"Faculty of Art","B43","R1028","190"
"Faculty of Art","B43","R1029","280"
"Faculty of Art","B43","R1030","450"
"Faculty of Art","B43","R1031","360"
"Faculty of Art","B43","R1032","260"
"Faculty of Art","B43","R1033","380"
"Faculty of Art","B43","R1034","220"
"Faculty of Art","B43","R1035","110"
"Faculty of Art","B43","R1036","230"
"Faculty of Art","B43","R1037","420"
"Faculty of Art","B43","R1038","200"
"Faculty of Art","B43","R1039","310"
"Faculty of Art","B43","R1040","80"
"Faculty of Art","B43","R2041","460"
"Faculty of Art","B43","R2042","420"
"Faculty of Art","B43","R2043","110"
"Faculty of Art","B43","R3044","320"
"Faculty of Art","B43","R3045","10"
"Faculty of Art","B43","R3046","150"
"Faculty of Art","B43","R3047","440"
"Faculty of Art","B43","R3048","480"
"Faculty of Art","B43","R3049","350"
"Faculty of Art","B43","R3050","150"
"Faculty of Art","B43","R3051","150"
"Faculty of Art","B43","R3052","130"
"Faculty of Art","B43","R3053","260"
"Faculty of Art","B43","R3054","230"
"Faculty of Art","B43","R3055","460"
"Faculty of Art","B43","R3056","250"
"Faculty of Art","B43","R3057","80"
"Faculty of Art","B29","R1000","440"
"Faculty of Art","B29","R1001","210"
"Faculty of Art","B29","R1002","200"
"Faculty of Art","B29","R1003","150"
"Faculty of Art","B29","R1004","200"
"Faculty of Art","B29","R1005","100"
"Faculty of Art","B29","R1006","420"
"Faculty of Art","B29","R1007","10"
"Faculty of Art","B29","R1008","40"
"Faculty of Art","B29","R2009","170"
"Faculty of Art","B29","R2010","490"
"Faculty of Art","B29","R2011","460"
"Faculty of Art","B29","R2012","240"
"Faculty of Art","B29","R3013","190"
"Faculty of Art","B29","R3014","370"
"Faculty of Art","B29","R3015","470"
"Faculty of Art","B29","R3016","260"
"Faculty of Art","B29","R3017","110"
"Faculty of Art","B29","R3018","210"
"Faculty of Art","B29","R3019","410"
"Faculty of Art","B29","R3020","490"
"Faculty of Art","B29","R3021","220"
"Faculty of Art","B29","R3022","310"
"Faculty of Art","B29","R3023","390"
"Faculty of Art","B29","R3024","140"
"Faculty of Art","B29","R4025","410"
"Faculty of Art","B29","R4026","420"
"Faculty of Art","B29","R4027","440"
"Faculty of Art","B29","R4028","180"
"Faculty of Art","B29","R4029","210"
"Faculty of Art","B29","R4030","430"
"Faculty of Art","B29","R4031","100"
"Faculty of Art","B29","R4032","470"
"Faculty of Art","B29","R4033","270"
"Faculty of Art","B29","R4034","370"
"Faculty of Art","B29","R4035","240"
"Faculty of Art","B29","R4036","140"
"Faculty of Art","B29","R4037","160"
"Faculty of Art","B29","R4038","60"
"Faculty of Art","B29","R4039","350"
"Faculty of Art","B29","R4040","230"
"Faculty of Art","B29","R5041","20"
"Faculty of Art","B29","R5042","10"
"Faculty of Art","B29","R5043","400"
"Faculty of Art","B29","R5044","340"
"Faculty of Art","B29","R5045","70"
"Faculty of Art","B29","R5046","330"
"Faculty of Art","B29","R5047","100"
"Faculty of Art","B29","R5048","290"
"Faculty of Art","B29","R5049","160"
"Faculty of Art","B29","R5050","460"
"Faculty of Art","B29","R5051","40"
"Faculty of Art","B63","R1000","430"
"Faculty of Art","B63","R1001","350"
"Faculty of Art","B63","R1002","70"
"Faculty of Art","B63","R1003","60"
"Faculty of Art","B63","R1004","280"
"Faculty of Art","B63","R1005","210"
"Faculty of Art","B63","R1006","50"
"Faculty of Art","B63","R1007","450"
"Faculty of Art","B63","R2008","60"
"Faculty of Art","B63","R2009","460"
"Faculty of Art","B63","R2010","80"
"Faculty of Art","B63","R2011","160"
"Faculty of Art","B63","R2012","220"
"Faculty of Art","B63","R2013","390"
"Faculty of Art","B63","R3014","250"
"Faculty of Art","B63","R4015","20"
"Faculty of Art","B63","R5016","60"
"Faculty of Art","B63","R5017","310"
"Faculty of Art","B63","R5018","80"
"Faculty of Art","B63","R5019","120"
"Faculty of Art","B63","R5020","10"
"Faculty of Art","B63","R5021","330"
"Faculty of Art","B63","R5022","160"
"Faculty of Art","B63","R5023","90"
"Faculty of Art","B8","R1000","390"
"Faculty of Art","B8","R1001","480"
"Faculty of Art","B8","R1002","50"
"Faculty of Art","B8","R1003","310"
"Faculty of Art","B8","R1004","400"
"Faculty of Art","B8","R1005","400"
"Faculty of Art","B8","R1006","350"
"Faculty of Art","B8","R1007","250"
"Faculty of Art","B8","R1008","30"
"Faculty of Art","B8","R1009","450"
"Faculty of Art","B8","R1010","470"
"Faculty of Art","B8","R2011","470"
"Faculty of Art","B8","R2012","150"
"Faculty of Art","B8","R2013","10"
"Faculty of Art","B8","R2014","490"
"Faculty of Art","B8","R2015","380"
"Faculty of Art","B8","R2016","270"
"Faculty of Art","B8","R2017","350"
"Faculty of Art","B8","R2018","330"
"Faculty of Art","B8","R2019","120"
"Faculty of Art","B8","R2020","150"
"Faculty of Art","B8","R2021","380"
"Faculty of Art","B8","R2022","10"
"Faculty of Art","B8","R2023","410"
"Faculty of Art","B8","R3024","170"
"Faculty of Art","B8","R3025","390"
"Faculty of Art","B8","R3026","360"
"Faculty of Art","B8","R3027","30"
"Faculty of Art","B8","R3028","100"
"Faculty of Art","B8","R3029","330"
"Faculty of Art","B8","R3030","190"
"Faculty of Art","B8","R3031","400"
"Faculty of Art","B8","R3032","10"
"Faculty of Art","B8","R3033","310"
"Faculty of Art","B8","R3034","110"
"Faculty of Art","B8","R3035","280"
"Faculty of Art","B8","R3036","430"
"Faculty of Art","B8","R3037","180"
"Faculty of Art","B8","R4038","480"
"Faculty of Art","B8","R4039","70"
"Faculty of Art","B8","R4040","340"
"Faculty of Art","B8","R4041","320"
"Faculty of Art","B8","R4042","420"
"Faculty of Art","B8","R4043","110"
"Faculty of Art","B8","R4044","50"
"Faculty of Art","B8","R4045","220"
"Faculty of Art","B8","R4046","30"
"Faculty of Art","B8","R4047","390"
"Faculty of Art","B8","R4048","40"
"Faculty of Art","B8","R4049","280"
"Faculty of Art","B8","R4050","230"
"Faculty of Art","B8","R4051","220"
"Faculty of Art","B8","R4052","130"
"Faculty of Art","B8","R5053","130"
"Faculty of Art","B8","R5054","350"
"Faculty of Art","B8","R6055","240"
"Faculty of Art","B8","R7056","340"
"Faculty of Art","B8","R7057","490"
"Faculty of Art","B8","R7058","340"
"Faculty of Art","B8","R7059","440"
"Faculty of Art","B8","R7060","430"
"Faculty of Art","B8","R7061","20"
"Faculty of Art","B8","R7062","10"
"Faculty of Art","B8","R7063","150"
"Faculty of Art","B8","R7064","350"
"Faculty of Art","B8","R7065","450"
"Faculty of Art","B8","R8066","450"
"Faculty of Art","B8","R8067","180"
"Faculty of Art","B8","R8068","260"
"Faculty of Art","B8","R8069","80"
"Faculty of Art","B8","R8070","380"
"Faculty of Art","B8","R8071","290"
"Faculty of Art","B8","R9072","340"
"Faculty of Art","B8","R9073","140"
"Faculty of Art","B8","R9074","300"
"Faculty of Art","B8","R9075","10"
"Faculty of Art","B8","R9076","400"
"Faculty of Art","B8","R9077","460"
"Faculty of Art","B8","R9078","410"
"Faculty of Art","B8","R9079","220"
"Faculty of Art","B8","R9080","320"
"Faculty of Art","B8","R9081","440"
"Faculty of Art","B8","R9082","340"
"Faculty of Art","B8","R10083","460"
"Faculty of Art","B8","R10084","10"
"Faculty of Art","B8","R10085","400"
"Faculty of Art","B8","R10086","330"
"Faculty of Art","B8","R10087","90"
"Faculty of Art","B8","R10088","50"
"Faculty of Art","B8","R10089","370"
"Faculty of Art","B8","R10090","150"
"Faculty of Art","B8","R10091","460"
"Faculty of Art","B8","R10092","490"
"Faculty of Art","B51","R1000","230"
"Faculty of Art","B51","R1001","150"
"Faculty of Art","B51","R1002","160"
"Faculty of Art","B51","R1003","460"
"Faculty of Art","B51","R1004","430"
"Faculty of Art","B51","R1005","200"
"Faculty of Art","B51","R1006","280"
"Faculty of Art","B51","R1007","10"
"Faculty of Art","B51","R1008","240"
"Faculty of Art","B51","R1009","210"
"Faculty of Art","B51","R1010","300"
"Faculty of Art","B51","R1011","350"
"Faculty of Art","B51","R1012","270"
"Faculty of Art","B51","R1013","450"
"Faculty of Art","B51","R1014","120"
"Faculty of Art","B51","R1015","110"
"Faculty of Art","B51","R1016","380"
"Faculty of Art","B51","R1017","40"
"Faculty of Art","B51","R1018","490"
"Faculty of Art","B3","R1000","80"
"Faculty of Art","B3","R2001","90"
"Faculty of Art","B3","R2002","340"
"Faculty of Art","B3","R2003","370"
"Faculty of Art","B3","R2004","310"
"Faculty of Art","B3","R2005","260"
"Faculty of Art","B3","R2006","250"
"Faculty of Art","B3","R2007","300"
"Faculty of Art","B3","R2008","30"
"Faculty of Art","B3","R2009","360"
"Faculty of Art","B3","R2010","350"
"Faculty of Art","B3","R2011","100"
"Faculty of Art","B3","R3012","210"
"Faculty of Art","B3","R4013","490"
"Faculty of Art","B3","R4014","40"
"Faculty of Art","B3","R4015","220"
"Faculty of Art","B3","R5016","170"
"Faculty of Art","B3","R5017","310"
"Faculty of Art","B3","R5018","190"
"Faculty of Art","B3","R5019","170"
"Faculty of Art","B3","R5020","470"
"Faculty of Art","B3","R5021","440"
"Faculty of Art","B3","R5022","430"
"Faculty of Art","B3","R5023","90"
"Faculty of Art","B3","R5024","440"
"Faculty of Art","B3","R5025","190"
"Faculty of Art","B3","R5026","470"
"Faculty of Art","B3","R5027","120"
"Faculty of Art","B3","R6028","250"
"Faculty of Art","B3","R6029","320"
"Faculty of Art","B3","R6030","410"
"Faculty of Art","B3","R6031","320"
"Faculty of Art","B3","R6032","70"
"Faculty of Art","B3","R6033","240"
"Faculty of Art","B3","R6034","250"
"Faculty of Art","B3","R6035","80"
"Faculty of Art","B3","R6036","370"
"Faculty of Art","B3","R6037","450"
"Faculty of Art","B3","R6038","420"
"Faculty of Art","B3","R6039","250"
"Faculty of Art","B3","R6040","420"
"Faculty of Art","B3","R6041","460"
"Faculty of Art","B3","R6042","240"
"Faculty of Art","B3","R6043","130"
"Faculty of Art","B3","R6044","190"
"Faculty of Art","B3","R6045","220"
"Faculty of Art","B3","R6046","150"
"Faculty of Art","B3","R6047","340"
"Faculty of Art","B3","R6048","360"
"Faculty of Art","B3","R6049","420"
"Faculty of Art","B3","R6050","330"
"Faculty of Art","B3","R6051","320"
"Faculty of Art","B3","R7052","440"
"Faculty of Art","B3","R7053","60"
"Faculty of Art","B3","R8054","370"
"Faculty of Art","B3","R8055","150"
"Faculty of Art","B3","R8056","30"
"Faculty of Art","B3","R8057","330"
"Faculty of Art","B3","R8058","490"
"Faculty of Art","B3","R8059","480"
"Faculty of Art","B3","R8060","40"
"Faculty of Art","B3","R8061","370"
"Faculty of Art","B3","R8062","270"
"Faculty of Art","B3","R8063","90"
"Faculty of Art","B3","R8064","220"
"Faculty of Art","B3","R8065","10"
"Faculty of Art","B3","R8066","110"
"Faculty of Art","B3","R8067","380"
"Faculty of Art","B3","R8068","100"
"Faculty of Art","B3","R8069","290"
"Faculty of Art","B3","R8070","400"
"Faculty of Art","B3","R8071","40"
"Faculty of Art","B3","R8072","470"
"Faculty of Art","B3","R8073","380"
"Faculty of Art","B3","R8074","320"
"Faculty of Art","B3","R8075","420"
"Faculty of Art","B3","R8076","350"
"Faculty of Art","B3","R8077","410"
"Faculty of Art","B3","R8078","250"
"Faculty of Art","B3","R8079","160"
"Faculty of Art","B3","R8080","60"
"Faculty of Art","B3","R8081","460"
"Faculty of Art","B3","R8082","480"
"Faculty of Art","B3","R8083","380"
"Faculty of Art","B3","R9084","250"
"Faculty of Art","B3","R9085","230"
"Faculty of Art","B3","R9086","100"
"Faculty of Art","B3","R9087","130"
"Faculty of Art","B3","R10088","80"
"Faculty of Art","B3","R11089","30"
"Faculty of Art","B3","R11090","290"
"Faculty of Art","B3","R11091","310"
"Faculty of Art","B3","R11092","50"
"Faculty of Art","B3","R11093","40"
"Faculty of Art","B3","R11094","40"
"Faculty of Art","B3","R11095","50"
"Faculty of Art","B15","R1000","420"
"Faculty of Art","B15","R1001","220"
"Faculty of Art","B15","R1002","90"
"Faculty of Art","B15","R1003","290"
"Faculty of Art","B15","R2004","440"
"Faculty of Art","B15","R3005","300"
"Faculty of Art","B15","R4006","340"
"Faculty of Art","B15","R4007","150"
"Faculty of Art","B15","R4008","140"
"Faculty of Art","B15","R4009","30"
"Faculty of Art","B15","R4010","60"
"Faculty of Art","B15","R4011","60"
"Faculty of Art","B15","R4012","430"
"Faculty of Art","B15","R4013","310"
"Faculty of Art","B15","R4014","240"
"Faculty of Art","B15","R4015","20"
"Faculty of Art","B15","R4016","490"
"Faculty of Art","B15","R4017","310"
"Faculty of Art","B15","R4018","240"
"Faculty of Art","B15","R4019","240"
"Faculty of Art","B15","R4020","360"
"Faculty of Art","B15","R4021","170"
"Faculty of Art","B15","R4022","330"
"Faculty of Art","B15","R4023","400"
"Faculty of Art","B15","R4024","250"
"Faculty of Art","B15","R5025","390"
"Faculty of Art","B15","R5026","220"
"Faculty of Art","B15","R5027","400"
"Faculty of Art","B15","R5028","260"
"Faculty of Art","B15","R5029","220"
"Faculty of Art","B15","R5030","80"
"Faculty of Art","B15","R5031","30"
"Faculty of Art","B15","R5032","300"
"Faculty of Art","B15","R5033","390"
"Faculty of Art","B15","R5034","120"
"Faculty of Art","B15","R5035","480"
"Faculty of Art","B15","R6036","250"
"Faculty of Art","B15","R6037","250"
"Faculty of Art","B15","R6038","20"
"Faculty of Art","B15","R6039","30"
"Faculty of Art","B15","R6040","390"
"Faculty of Art","B15","R6041","470"
"Faculty of Art","B15","R7042","320"
"Faculty of Art","B15","R7043","370"
"Faculty of Art","B15","R7044","100"
"Faculty of Art","B15","R7045","450"
"Faculty of Art","B15","R7046","90"
"Faculty of Art","B15","R7047","210"
"Faculty of Art","B15","R7048","400"
"Faculty of Art","B15","R7049","210"
"Faculty of Art","B15","R8050","330"
"Faculty of Art","B15","R8051","330"
"Faculty of Art","B15","R8052","260"
"Faculty of Art","B15","R8053","120"
"Faculty of Art","B15","R8054","400"
"Faculty of Art","B15","R8055","430"
"Faculty of Art","B15","R8056","320"
"Faculty of Art","B15","R9057","230"
"Faculty of Art","B15","R9058","270"
"Faculty of Art","B92","R1000","20"
"Faculty of Art","B92","R1001","170"
"Faculty of Art","B92","R1002","250"
"Faculty of Art","B92","R1003","80"
"Faculty of Art","B92","R1004","220"
"Faculty of Art","B92","R1005","120"
"Faculty of Art","B92","R1006","200"
"Faculty of Art","B92","R2007","410"
"Faculty of Art","B92","R2008","390"
"Faculty of Art","B92","R2009","270"
"Faculty of Art","B92","R2010","30"
"Faculty of Art","B92","R2011","420"
"Faculty of Art","B49","R1000","200"
"Faculty of Art","B49","R1001","80"
"Faculty of Art","B49","R1002","250"
"Faculty of Art","B49","R1003","410"
"Faculty of Art","B49","R1004","490"
"Faculty of Art","B49","R1005","70"
"Faculty of Art","B49","R2006","80"
"Faculty of Art","B49","R2007","270"
"Faculty of Art","B49","R2008","440"
"Faculty of Art","B49","R2009","380"
"Faculty of Art","B49","R3010","120"
"Faculty of Art","B49","R3011","420"
"Faculty of Art","B49","R3012","470"
"Faculty of Art","B49","R3013","280"
"Faculty of Art","B49","R3014","350"
"Faculty of Art","B49","R3015","270"
"Faculty of Art","B49","R3016","190"
"Faculty of Art","B49","R3017","250"
"Faculty of Art","B49","R3018","140"
"Faculty of Art","B49","R4019","70"
"Faculty of Art","B49","R4020","410"
"Faculty of Art","B49","R4021","290"
"Faculty of Art","B49","R4022","240"
"Faculty of Art","B49","R4023","440"
"Faculty of Art","B49","R4024","360"
"Faculty of Art","B49","R4025","320"
"Faculty of Art","B49","R4026","210"
"Faculty of Art","B49","R5027","20"
"Faculty of Art","B49","R5028","250"
"Faculty of Art","B49","R5029","140"
"Faculty of Art","B49","R5030","220"
"Faculty of Art","B49","R5031","110"
"Faculty of Art","B49","R5032","480"
"Faculty of Art","B49","R5033","150"
"Faculty of Art","B49","R5034","100"
"Faculty of Art","B49","R5035","370"
"Faculty of Art","B49","R5036","210"
"Faculty of Art","B49","R5037","210"
"Faculty of Art","B49","R5038","270"
"Faculty of Art","B49","R5039","10"
"Faculty of Art","B49","R5040","400"
"Faculty of Art","B49","R5041","120"
"Faculty of Art","B49","R5042","470"
"Faculty of Art","B49","R5043","170"
"Faculty of Art","B49","R5044","150"
"Faculty of Art","B49","R5045","150"
"Faculty of Art","B49","R5046","180"
"Faculty of Art","B49","R6047","430"
"Faculty of Art","B49","R6048","370"
"Faculty of Art","B49","R6049","20"
"Faculty of Art","B49","R6050","380"
"Faculty of Art","B49","R6051","370"
"Faculty of Art","B49","R6052","330"
"Faculty of Art","B49","R7053","390"
"Faculty of Art","B49","R7054","480"
"Faculty of Art","B49","R7055","170"
"Faculty of Art","B49","R7056","270"
"Faculty of Art","B49","R7057","450"
"Faculty of Art","B49","R7058","310"
"Faculty of Art","B49","R7059","410"
"Faculty of Art","B49","R8060","110"
"Faculty of Art","B49","R8061","150"
"Faculty of Art","B49","R8062","370"
"Faculty of Art","B49","R8063","250"
"Faculty of Art","B49","R8064","230"
"Faculty of Art","B49","R8065","240"
"Faculty of Art","B49","R8066","190"
"Faculty of Art","B49","R8067","150"
"Faculty of Art","B49","R8068","150"
"Faculty of Art","B49","R9069","60"
"Faculty of Art","B49","R9070","330"
"Faculty of Art","B49","R9071","140"
"Faculty of Art","B49","R9072","150"
"Faculty of Art","B49","R9073","490"
"Faculty of Art","B49","R9074","490"
"Faculty of Art","B49","R9075","420"
"Faculty of Art","B42","R1000","440"
"Faculty of Art","B42","R1001","140"
"Faculty of Art","B42","R1002","240"
"Faculty of Art","B42","R1003","430"
"Faculty of Art","B42","R1004","110"
"Faculty of Art","B42","R1005","90"
"Faculty of Art","B42","R1006","170"
"Faculty of Art","B42","R2007","170"
"Faculty of Art","B42","R2008","40"
"Faculty of Art","B42","R2009","140"
"Faculty of Art","B42","R2010","450"
"Faculty of Art","B42","R2011","400"
"Faculty of Art","B42","R2012","80"
"Faculty of Art","B42","R2013","420"
"Faculty of Art","B42","R2014","330"
"Faculty of Art","B42","R2015","380"
"Faculty of Art","B42","R2016","180"
"Faculty of Art","B42","R2017","490"
"Faculty of Art","B42","R2018","460"
"Faculty of Art","B42","R2019","290"
"Faculty of Art","B42","R2020","360"
"Faculty of Art","B42","R2021","220"
"Faculty of Art","B42","R2022","120"
"Faculty of Art","B42","R2023","150"
"Faculty of Art","B42","R3024","490"
"Faculty of Art","B42","R3025","10"
"Faculty of Art","B42","R3026","60"
"Faculty of Art","B42","R4027","250"
"Faculty of Art","B42","R4028","170"
"Faculty of Art","B42","R4029","340"
"Faculty of Art","B42","R4030","60"
"Faculty of Art","B42","R4031","220"
"Faculty of Art","B42","R4032","40"
"Faculty of Art","B42","R4033","480"
"Faculty of Art","B42","R4034","320"
"Faculty of Art","B42","R4035","360"
"Faculty of Art","B42","R4036","380"
"Faculty of Art","B42","R4037","350"
"Faculty of Art","B42","R4038","180"
"Faculty of Art","B42","R4039","210"
"Faculty of Art","B42","R4040","410"
"Faculty of Art","B42","R4041","400"
"Faculty of Art","B42","R4042","320"
"Faculty of Art","B42","R4043","270"
"Faculty of Art","B42","R4044","120"
"Faculty of Art","B93","R1000","380"
"Faculty of Art","B93","R1001","100"
"Faculty of Art","B93","R1002","150"
"Faculty of Art","B93","R1003","170"
"Faculty of Art","B93","R1004","250"
"Faculty of Art","B93","R1005","470"
"Faculty of Art","B93","R1006","300"
"Faculty of Art","B93","R1007","120"
"Faculty of Art","B93","R1008","180"
"Faculty of Art","B93","R2009","480"
"Faculty of Art","B93","R2010","300"
"Faculty of Art","B93","R2011","370"
"Faculty of Art","B93","R2012","230"
"Faculty of Art","B93","R2013","300"
"Faculty of Art","B93","R2014","80"
"Faculty of Art","B93","R2015","340"
"Faculty of Art","B93","R2016","390"
"Faculty of Art","B93","R2017","410"
"Faculty of Art","B93","R2018","450"
"Faculty of Art","B93","R2019","150"
"Faculty of Art","B93","R2020","400"
"Faculty of Art","B93","R2021","210"
"Faculty of Art","B93","R2022","130"
"Faculty of Art","B93","R2023","350"
"Faculty of Art","B93","R2024","450"
"Faculty of Art","B93","R2025","430"
"Faculty of Art","B93","R2026","380"
"Faculty of Art","B93","R2027","130"
"Faculty of Art","B93","R2028","140"
"Faculty of Art","B93","R2029","120"
"Faculty of Art","B93","R2030","180"
"Faculty of Art","B93","R2031","280"
"Faculty of Art","B93","R2032","350"
"Faculty of Art","B93","R2033","240"
"Faculty of Art","B93","R2034","250"
"Faculty of Art","B93","R2035","110"
"Faculty of Art","B93","R2036","410"
"Faculty of Art","B93","R2037","240"
"Faculty of Art","B93","R2038","280"
"Faculty of Art","B93","R2039","180"
"Faculty of Art","B93","R2040","400"
"Faculty of Art","B93","R3041","420"
"Faculty of Art","B93","R3042","150"
"Faculty of Art","B93","R3043","90"
"Faculty of Art","B93","R3044","40"
"Faculty of Art","B93","R3045","110"
"Faculty of Art","B93","R3046","310"
"Faculty of Art","B75","R1000","290"
"Faculty of Art","B75","R1001","440"
"Faculty of Art","B75","R1002","430"
"Faculty of Art","B75","R1003","370"
"Faculty of Art","B75","R1004","340"
"Faculty of Art","B75","R1005","450"
"Faculty of Art","B75","R1006","350"
"Faculty of Art","B75","R1007","200"
"Faculty of Art","B75","R1008","480"
"Faculty of Art","B75","R1009","320"
"Faculty of Art","B75","R1010","190"
"Faculty of Art","B75","R1011","330"
"Faculty of Art","B75","R1012","310"
"Faculty of Art","B75","R1013","460"
"Faculty of Art","B75","R1014","10"
"Faculty of Art","B75","R1015","190"
"Faculty of Art","B75","R1016","350"
"Faculty of Art","B75","R1017","230"
"Faculty of Art","B75","R1018","250"
"Faculty of Art","B75","R1019","230"
"Faculty of Art","B75","R1020","40"
"Faculty of Art","B70","R1000","300"
"Faculty of Art","B70","R1001","350"
"Faculty of Art","B70","R1002","30"
"Faculty of Art","B70","R1003","90"
"Faculty of Art","B70","R1004","250"
"Faculty of Art","B70","R1005","410"
"Faculty of Art","B70","R1006","60"
"Faculty of Art","B70","R2007","230"
"Faculty of Art","B70","R2008","30"
"Faculty of Art","B70","R2009","390"
"Faculty of Art","B70","R3010","60"
"Faculty of Art","B70","R3011","230"
"Faculty of Art","B70","R3012","360"
"Faculty of Art","B70","R3013","320"
"Faculty of Art","B70","R3014","490"
"Faculty of Art","B70","R3015","210"
"Faculty of Art","B70","R3016","80"
"Faculty of Art","B70","R3017","360"
"Faculty of Art","B70","R3018","180"
"Faculty of Art","B70","R3019","240"
"Faculty of Art","B70","R3020","220"
"Faculty of Art","B70","R3021","120"
"Faculty of Art","B70","R3022","120"
"Faculty of Art","B70","R3023","250"
"Faculty of Art","B70","R3024","110"
"Faculty of Art","B70","R3025","380"
"Faculty of Art","B70","R3026","240"
"Faculty of Art","B70","R3027","280"
"Faculty of Art","B70","R3028","140"
"Faculty of Art","B70","R3029","210"
"Faculty of Art","B70","R3030","410"
"Faculty of Art","B70","R3031","330"
"Faculty of Art","B70","R3032","190"
"Faculty of Art","B70","R3033","100"
"Faculty of Art","B70","R4034","60"
"Faculty of Art","B70","R4035","100"
"Faculty of Art","B70","R4036","220"
"Faculty of Art","B70","R4037","70"
"Faculty of Art","B70","R4038","290"
"Faculty of Art","B70","R4039","280"
"Faculty of Art","B70","R4040","120"
"Faculty of Art","B70","R4041","110"
"Faculty of Art","B70","R4042","250"
"Faculty of Art","B70","R4043","120"
"Faculty of Art","B70","R4044","400"
"Faculty of Art","B70","R5045","480"
"Faculty of Art","B70","R5046","130"
"Faculty of Art","B70","R5047","70"
"Faculty of Art","B70","R5048","50"
"Faculty of Art","B70","R5049","200"
"Faculty of Art","B70","R5050","410"
"Faculty of Art","B70","R6051","10"
"Faculty of Art","B70","R6052","210"
"Faculty of Art","B70","R7053","20"
"Faculty of Art","B70","R7054","170"
"Faculty of Art","B70","R7055","440"
"Faculty of Art","B70","R7056","130"
"Faculty of Art","B70","R7057","450"
"Faculty of Art","B70","R7058","380"
"Faculty of Art","B70","R7059","20"
"Faculty of Art","B70","R7060","360"
"Faculty of Art","B70","R7061","250"
"Faculty of Art","B70","R7062","320"
"Faculty of Art","B70","R8063","380"
"Faculty of Art","B70","R8064","290"
"Faculty of Art","B70","R8065","180"
"Faculty of Art","B70","R8066","280"
"Faculty of Art","B70","R8067","60"
"Faculty of Art","B70","R8068","340"
"Faculty of Art","B70","R8069","240"
"Faculty of Art","B70","R8070","200"
"Faculty of Art","B70","R8071","230"
"Faculty of Art","B70","R8072","40"
"Faculty of Art","B70","R9073","50"
"Faculty of Art","B70","R9074","270"
"Faculty of Art","B70","R9075","470"
"Faculty of Art","B70","R9076","20"
"Faculty of Art","B70","R9077","330"
"Faculty of Art","B70","R9078","250"
"Faculty of Art","B70","R9079","320"
"Faculty of Art","B70","R9080","300"
"Faculty of Art","B70","R9081","410"
"Faculty of Art","B70","R9082","190"
"Faculty of Art","B70","R9083","120"
"Faculty of Art","B70","R10084","310"
"Faculty of Art","B86","R1000","390"
"Faculty of Art","B86","R1001","270"
"Faculty of Art","B86","R1002","420"
"Faculty of Art","B86","R1003","250"
"Faculty of Art","B86","R1004","480"
"Faculty of Art","B86","R1005","420"
"Faculty of Art","B86","R1006","370"
"Faculty of Art","B86","R1007","440"
"Faculty of Art","B86","R1008","140"
"Faculty of Art","B86","R1009","220"
"Faculty of Art","B86","R1010","250"
"Faculty of Art","B86","R1011","290"
"Faculty of Art","B86","R1012","150"
"Faculty of Art","B86","R1013","280"
"Faculty of Art","B86","R1014","270"
"Faculty of Art","B86","R1015","120"
"Faculty of Art","B86","R1016","210"
"Faculty of Art","B86","R1017","100"
"Faculty of Art","B86","R2018","90"
"Faculty of Art","B86","R2019","60"
"Faculty of Art","B86","R2020","280"
"Faculty of Art","B86","R2021","290"
"Faculty of Art","B86","R2022","210"
"Faculty of Art","B86","R2023","40"
"Faculty of Art","B86","R3024","190"
"Faculty of Art","B86","R3025","80"
"Faculty of Art","B86","R3026","480"
"Faculty of Art","B86","R3027","160"
"Faculty of Art","B86","R3028","360"
"Faculty of Art","B86","R3029","150"
"Faculty of Art","B86","R3030","300"
"Faculty of Art","B86","R3031","350"
"Faculty of Art","B86","R3032","140"
"Faculty of Art","B86","R3033","130"
"Faculty of Art","B86","R3034","430"
"Faculty of Art","B86","R3035","410"
"Faculty of Art","B86","R3036","350"
"Faculty of Art","B86","R3037","230"
"Faculty of Art","B86","R3038","420"
"Faculty of Art","B86","R3039","350"
"Faculty of Art","B86","R3040","350"
"Faculty of Art","B86","R3041","270"
"Faculty of Art","B86","R3042","360"
"Faculty of Art","B86","R3043","90"
"Faculty of Art","B86","R3044","150"
"Faculty of Art","B86","R3045","50"
"Faculty of Art","B86","R3046","440"
"Faculty of Art","B86","R3047","220"
"Faculty of Art","B86","R3048","40"
"Faculty of Art","B86","R3049","40"
"Faculty of Art","B86","R3050","300"
"Faculty of Art","B86","R3051","190"
"Faculty of Art","B86","R3052","460"
"Faculty of Art","B86","R3053","10"
"Faculty of Art","B86","R3054","70"
"Faculty of Art","B86","R3055","40"
"Faculty of Art","B86","R3056","190"
"Faculty of Art","B86","R3057","180"
"Faculty of Art","B86","R3058","250"
"Faculty of Art","B86","R3059","480"
"Faculty of Art","B86","R3060","40"
"Faculty of Art","B86","R3061","410"
"Faculty of Art","B86","R3062","120"
"Faculty of Art","B86","R3063","210"
"Faculty of Art","B86","R4064","60"
"Faculty of Art","B86","R4065","50"
"Faculty of Art","B86","R4066","170"
"Faculty of Art","B86","R4067","40"
"Faculty of Art","B86","R4068","260"
"Faculty of Art","B86","R4069","200"
"Faculty of Art","B47","R1000","300"
"Faculty of Art","B47","R1001","90"
"Faculty of Art","B47","R2002","360"
"Faculty of Art","B47","R2003","20"
"Faculty of Art","B47","R3004","170"
"Faculty of Art","B47","R3005","440"
"Faculty of Art","B47","R3006","60"
"Faculty of Art","B47","R3007","340"
"Faculty of Art","B47","R3008","230"
"Faculty of Art","B47","R3009","70"
"Faculty of Art","B47","R3010","390"
"Faculty of Art","B47","R3011","410"
"Faculty of Art","B47","R3012","20"
"Faculty of Art","B61","R1000","470"
"Faculty of Art","B61","R1001","230"
"Faculty of Art","B61","R1002","170"
"Faculty of Art","B61","R1003","280"
"Faculty of Art","B61","R1004","180"
"Faculty of Art","B61","R1005","300"
"Faculty of Art","B61","R1006","160"
"Faculty of Art","B61","R1007","220"
"Faculty of Art","B61","R1008","300"
"Faculty of Art","B61","R2009","230"
"Faculty of Art","B61","R3010","50"
"Faculty of Art","B61","R3011","350"
"Faculty of Art","B61","R4012","340"
"Faculty of Art","B61","R4013","210"
"Faculty of Art","B61","R4014","410"
"Faculty of Art","B61","R4015","150"
"Faculty of Art","B61","R4016","90"
"Faculty of Art","B61","R4017","120"
"Faculty of Art","B61","R4018","50"
"Faculty of Art","B61","R4019","100"
"Faculty of Art","B61","R4020","300"
"Faculty of Art","B61","R4021","420"
"Faculty of Art","B61","R5022","20"
"Faculty of Art","B61","R5023","110"
"Faculty of Art","B61","R5024","310"
"Faculty of Art","B61","R5025","420"
"Faculty of Art","B61","R5026","60"
"Faculty of Art","B61","R6027","350"
"Faculty of Art","B61","R6028","420"
"Faculty of Art","B61","R6029","140"
"Faculty of Art","B61","R6030","170"
"Faculty of Art","B61","R6031","190"
"Faculty of Art","B61","R6032","410"
"Faculty of Art","B61","R6033","410"
"Faculty of Art","B61","R6034","490"
"Faculty of Art","B61","R6035","90"
"Faculty of Art","B61","R6036","350"
"Faculty of Art","B61","R6037","30"
"Faculty of Art","B61","R7038","140"
"Faculty of Art","B61","R7039","430"
"Faculty of Art","B61","R7040","10"
"Faculty of Art","B61","R7041","130"
"Faculty of Art","B61","R8042","420"
"Faculty of Art","B81","R1000","180"
"Faculty of Art","B81","R1001","110"
"Faculty of Art","B81","R1002","480"
"Faculty of Art","B81","R1003","480"
"Faculty of Art","B81","R2004","50"
"Faculty of Art","B81","R2005","170"
"Faculty of Art","B81","R2006","420"
"Faculty of Art","B81","R2007","490"
"Faculty of Art","B81","R2008","350"
"Faculty of Art","B81","R2009","420"
"Faculty of Art","B81","R2010","240"
"Faculty of Art","B81","R2011","100"
"Faculty of Art","B81","R2012","230"
"Faculty of Art","B81","R2013","10"
"Faculty of Art","B81","R3014","190"
"Faculty of Art","B81","R3015","250"
"Faculty of Art","B81","R3016","460"
"Faculty of Art","B81","R4017","350"
"Faculty of Art","B81","R4018","250"
"Faculty of Art","B81","R4019","50"
"Faculty of Art","B81","R4020","220"
"Faculty of Art","B81","R4021","330"
"Faculty of Art","B81","R4022","310"
"Faculty of Art","B81","R4023","310"
"Faculty of Art","B81","R4024","330"
"Faculty of Art","B81","R4025","210"
"Faculty of Art","B81","R4026","220"
"Faculty of Art","B81","R5027","240"
"Faculty of Art","B81","R5028","410"
"Faculty of Art","B81","R5029","480"
"Faculty of Art","B81","R5030","480"
"Faculty of Art","B81","R5031","280"
"Faculty of Art","B81","R5032","90"
"Faculty of Art","B81","R5033","60"
"Faculty of Art","B81","R5034","290"
"Faculty of Art","B81","R5035","420"
"Faculty of Art","B81","R5036","400"
"Faculty of Art","B81","R5037","150"
"Faculty of Art","B81","R5038","60"
"Faculty of Art","B81","R5039","120"
"Faculty of Art","B81","R5040","120"
"Faculty of Art","B81","R6041","140"
"Faculty of Art","B81","R7042","330"
"Faculty of Art","B81","R8043","330"
"Faculty of Art","B81","R9044","200"
"Faculty of Art","B81","R10045","330"
"Faculty of Art","B81","R10046","440"
"Faculty of Art","B81","R10047","20"
"Faculty of Art","B81","R10048","150"
"Faculty of Art","B81","R10049","310"
"Faculty of Art","B81","R10050","390"
"Faculty of Art","B81","R11051","350"
"Faculty of Art","B81","R11052","140"
"Faculty of Art","B81","R11053","120"
"Faculty of Art","B81","R11054","360"
"Faculty of Art","B81","R11055","260"
"Faculty of Art","B81","R11056","140"
"Faculty of Art","B81","R11057","150"
"Faculty of Art","B81","R11058","140"
"Faculty of Art","B81","R11059","410"
"Faculty of Art","B81","R11060","360"
"Faculty of Art","B81","R11061","450"
"Faculty of Art","B81","R11062","380"
"Faculty of Art","B81","R11063","400"
"Faculty of Art","B81","R11064","130"
"Faculty of Art","B81","R11065","250"
"Faculty of Art","B81","R11066","150"
"Faculty of Art","B81","R11067","360"
"Faculty of Art","B81","R11068","100"
"Faculty of Art","B81","R11069","390"
"Faculty of Art","B81","R11070","390"
"Faculty of Art","B81","R11071","260"
"Faculty of Art","B81","R11072","180"
"Faculty of Art","B81","R11073","20"
"Faculty of Art","B33","R1000","280"
"Faculty of Art","B33","R1001","70"
"Faculty of Art","B33","R2002","200"
"Faculty of Art","B33","R2003","170"
"Faculty of Art","B33","R2004","450"
"Faculty of Art","B33","R2005","390"
"Faculty of Art","B33","R3006","250"
"Faculty of Art","B33","R3007","160"
"Faculty of Art","B33","R3008","50"
"Faculty of Art","B33","R3009","300"
"Faculty of Art","B33","R3010","200"
"Faculty of Art","B33","R3011","200"
"Faculty of Art","B33","R3012","420"
"Faculty of Art","B33","R3013","10"
"Faculty of Art","B33","R3014","50"
"Faculty of Art","B33","R3015","40"
"Faculty of Art","B33","R3016","300"
"Faculty of Art","B33","R3017","490"
"Faculty of Art","B33","R3018","420"
"Faculty of Art","B33","R3019","240"
"Faculty of Art","B33","R4020","140"
"Faculty of Art","B33","R4021","480"
"Faculty of Art","B33","R4022","170"
"Faculty of Art","B33","R4023","160"
"Faculty of Art","B33","R4024","40"
"Faculty of Art","B33","R4025","470"
"Faculty of Art","B33","R4026","230"
"Faculty of Art","B33","R4027","400"
"Faculty of Art","B33","R4028","230"
"Faculty of Art","B33","R4029","450"
"Faculty of Art","B33","R4030","240"
"Faculty of Art","B33","R4031","170"
"Faculty of Art","B33","R4032","20"
"Faculty of Art","B33","R4033","260"
"Faculty of Art","B33","R4034","320"
"Faculty of Art","B33","R4035","460"
"Faculty of Art","B33","R4036","380"
"Faculty of Art","B33","R4037","120"
"Faculty of Art","B33","R4038","130"
"Faculty of Art","B33","R4039","150"
"Faculty of Art","B33","R5040","460"
"Faculty of Art","B33","R5041","340"
"Faculty of Art","B33","R5042","490"
"Faculty of Art","B33","R5043","110"
"Faculty of Art","B33","R5044","430"
"Faculty of Art","B33","R5045","210"
"Faculty of Art","B33","R5046","390"
"Faculty of Art","B33","R5047","490"
"Faculty of Art","B4","R1000","490"
"Faculty of Art","B4","R1001","410"
"Faculty of Art","B4","R1002","270"
"Faculty of Art","B4","R1003","10"
"Faculty of Art","B4","R2004","10"
"Faculty of Art","B4","R2005","280"
"Faculty of Art","B4","R3006","400"
"Faculty of Art","B4","R3007","110"
"Faculty of Art","B4","R3008","390"
"Faculty of Art","B4","R3009","60"
"Faculty of Art","B4","R3010","230"
"Faculty of Art","B4","R3011","250"
"Faculty of Art","B4","R3012","50"
"Faculty of Art","B4","R3013","100"
"Faculty of Art","B4","R3014","180"
"Faculty of Art","B4","R3015","430"
"Faculty of Art","B4","R3016","420"
"Faculty of Art","B4","R3017","270"
"Faculty of Art","B4","R4018","260"
"Faculty of Art","B4","R4019","380"
"Faculty of Art","B4","R4020","150"
"Faculty of Art","B4","R4021","330"
"Faculty of Art","B4","R4022","440"
"Faculty of Art","B4","R4023","340"
"Faculty of Art","B4","R4024","420"
"Faculty of Art","B4","R4025","290"
"Faculty of Art","B4","R4026","30"
"Faculty of Art","B4","R4027","50"
"Faculty of Art","B4","R5028","220"
"Faculty of Art","B4","R5029","130"
"Faculty of Art","B4","R5030","340"
"Faculty of Art","B4","R5031","110"
"Faculty of Art","B4","R5032","90"
"Faculty of Art","B4","R5033","140"
"Faculty of Art","B4","R5034","110"
"Faculty of Art","B4","R5035","440"
"Faculty of Art","B4","R5036","240"
"Faculty of Art","B4","R5037","220"
"Faculty of Art","B4","R5038","240"
"Faculty of Art","B4","R5039","370"
"Faculty of Art","B4","R5040","140"
"Faculty of Art","B4","R5041","200"
"Faculty of Art","B4","R5042","70"
"Faculty of Art","B4","R5043","60"
"Faculty of Art","B4","R5044","70"
"Faculty of Art","B4","R5045","480"
"Faculty of Art","B4","R5046","50"
"Faculty of Art","B4","R5047","50"
"Faculty of Art","B4","R5048","420"
"Faculty of Art","B4","R5049","190"
"Faculty of Art","B4","R5050","230"
"Faculty of Art","B4","R5051","190"
"Faculty of Art","B4","R5052","60"
"Faculty of Art","B4","R5053","350"
"Faculty of Art","B4","R5054","80"
"Faculty of Art","B4","R6055","260"
"Faculty of Art","B4","R6056","490"
"Faculty of Art","B4","R6057","270"
"Faculty of Art","B4","R6058","170"
"Faculty of Art","B4","R6059","40"
"Faculty of Art","B4","R6060","210"
"Faculty of Art","B4","R6061","480"
"Faculty of Art","B4","R6062","460"
"Faculty of Art","B4","R6063","150"
"Faculty of Art","B4","R6064","210"
"Faculty of Art","B4","R6065","30"
"Faculty of Art","B4","R7066","300"
"Faculty of Art","B55","R1000","270"
"Faculty of Art","B55","R1001","100"
"Faculty of Art","B55","R1002","310"
"Faculty of Art","B55","R1003","350"
"Faculty of Art","B55","R1004","330"
"Faculty of Art","B55","R1005","420"
"Faculty of Art","B55","R1006","310"
"Faculty of Art","B55","R1007","220"
"Faculty of Art","B55","R1008","90"
"Faculty of Art","B55","R2009","480"
"Faculty of Art","B55","R2010","110"
"Faculty of Art","B55","R3011","30"
"Faculty of Art","B55","R4012","310"
"Faculty of Art","B55","R4013","260"
"Faculty of Art","B55","R4014","240"
"Faculty of Art","B55","R4015","390"
"Faculty of Art","B55","R4016","200"
"Faculty of Art","B55","R4017","360"
"Faculty of Art","B55","R4018","140"
"Faculty of Art","B55","R4019","10"
"Faculty of Art","B55","R4020","310"
"Faculty of Art","B55","R5021","160"
"Faculty of Art","B55","R5022","20"
"Faculty of Art","B55","R5023","160"
"Faculty of Art","B55","R5024","350"
"Faculty of Art","B55","R5025","210"
"Faculty of Art","B48","R1000","140"
"Faculty of Art","B48","R1001","100"
"Faculty of Art","B48","R1002","110"
"Faculty of Art","B48","R2003","70"
"Faculty of Art","B48","R2004","220"
"Faculty of Art","B48","R2005","110"
"Faculty of Art","B48","R2006","150"
"Faculty of Art","B48","R2007","160"
"Faculty of Art","B48","R2008","30"
"Faculty of Art","B48","R2009","130"
"Faculty of Art","B48","R3010","480"
"Faculty of Art","B48","R3011","310"
"Faculty of Art","B48","R4012","280"
"Faculty of Art","B48","R4013","20"
"Faculty of Art","B48","R4014","230"
"Faculty of Art","B48","R4015","400"
"Faculty of Art","B48","R4016","470"
"Faculty of Art","B48","R4017","70"
"Faculty of Art","B48","R4018","20"
"Faculty of Art","B48","R4019","420"
"Faculty of Art","B48","R4020","430"
"Faculty of Art","B48","R5021","90"
"Faculty of Art","B48","R5022","430"
"Faculty of Art","B48","R5023","460"
"Faculty of Art","B48","R5024","320"
"Faculty of Art","B48","R5025","340"
"Faculty of Art","B48","R5026","110"
"Faculty of Art","B48","R5027","330"
"Faculty of Art","B48","R5028","480"
"Faculty of Art","B48","R5029","330"
"Faculty of Art","B48","R5030","470"
"Faculty of Art","B48","R5031","360"
"Faculty of Art","B48","R5032","90"
"Faculty of Art","B48","R5033","260"
"Faculty of Art","B48","R5034","450"
"Faculty of Art","B48","R5035","80"
"Faculty of Art","B48","R5036","230"
"Faculty of Art","B48","R5037","390"
"Faculty of Art","B48","R5038","380"
"Faculty of Art","B48","R5039","240"
"Faculty of Art","B48","R6040","290"
"Faculty of Art","B48","R6041","20"
"Faculty of Art","B48","R6042","390"
"Faculty of Art","B48","R6043","280"
"Faculty of Art","B48","R6044","200"
"Faculty of Art","B48","R6045","10"
"Faculty of Art","B48","R6046","120"
"Faculty of Art","B48","R6047","410"
"Faculty of Art","B48","R6048","430"
"Faculty of Art","B48","R7049","240"
"Faculty of Art","B48","R7050","80"
"Faculty of Art","B48","R7051","330"
"Faculty of Art","B48","R7052","420"
"Faculty of Art","B48","R7053","420"
"Faculty of Art","B48","R7054","470"
"Faculty of Art","B48","R7055","190"
"Faculty of Art","B48","R7056","270"
"Faculty of Art","B48","R7057","180"
"Faculty of Art","B48","R7058","270"
"Faculty of Art","B48","R8059","280"
"Faculty of Art","B48","R8060","270"
"Faculty of Art","B48","R8061","470"
"Faculty of Art","B48","R8062","420"
"Faculty of Art","B48","R8063","330"
"Faculty of Art","B48","R8064","170"
"Faculty of Art","B48","R8065","460"
"Faculty of Art","B48","R8066","150"
"Faculty of Art","B48","R8067","110"
"Faculty of Art","B48","R8068","70"
"Faculty of Art","B48","R8069","170"
"Faculty of Art","B48","R8070","50"
"Faculty of Art","B48","R8071","450"
"Faculty of Art","B48","R8072","410"
"Faculty of Art","B48","R8073","470"
"Faculty of Art","B48","R8074","280"
"Faculty of Art","B48","R8075","120"
"Faculty of Art","B48","R8076","380"
"Faculty of Art","B48","R9077","130"
"Faculty of Art","B48","R9078","110"
"Faculty of Art","B48","R9079","320"
"Faculty of Art","B48","R9080","270"
"Faculty of Art","B48","R9081","70"
"Faculty of Art","B48","R9082","200"
"Faculty of Art","B48","R9083","10"
"Faculty of Art","B48","R9084","390"
"Faculty of Art","B48","R9085","330"
"Faculty of Art","B48","R9086","240"
"Faculty of Art","B89","R1000","470"
"Faculty of Art","B89","R1001","90"
"Faculty of Art","B89","R1002","50"
"Faculty of Art","B89","R1003","70"
"Faculty of Art","B89","R1004","490"
"Faculty of Art","B89","R1005","320"
"Faculty of Art","B89","R1006","320"
"Faculty of Art","B89","R1007","460"
"Faculty of Art","B89","R1008","60"
"Faculty of Art","B89","R1009","410"
"Faculty of Art","B89","R1010","360"
"Faculty of Art","B89","R1011","30"
"Faculty of Art","B89","R2012","380"
"Faculty of Art","B89","R2013","10"
"Faculty of Art","B89","R2014","80"
"Faculty of Art","B89","R2015","250"
"Faculty of Art","B89","R2016","490"
"Faculty of Art","B89","R2017","430"
"Faculty of Art","B89","R2018","110"
"Faculty of Art","B89","R2019","260"
"Faculty of Art","B89","R2020","270"
"Faculty of Art","B89","R2021","410"
"Faculty of Art","B89","R2022","170"
"Faculty of Art","B89","R2023","220"
"Faculty of Art","B89","R2024","160"
"Faculty of Art","B89","R2025","150"
"Faculty of Art","B89","R2026","470"
"Faculty of Art","B89","R2027","40"
"Faculty of Art","B89","R2028","120"
"Faculty of Art","B89","R2029","170"
"Faculty of Art","B31","R1000","360"
"Faculty of Art","B31","R1001","220"
"Faculty of Art","B31","R1002","270"
"Faculty of Art","B31","R2003","150"
"Faculty of Art","B31","R2004","170"
"Faculty of Art","B31","R2005","130"
"Faculty of Art","B31","R2006","60"
"Faculty of Art","B31","R2007","160"
"Faculty of Art","B31","R2008","320"
"Faculty of Art","B31","R2009","250"
"Faculty of Art","B31","R3010","280"
"Faculty of Art","B31","R3011","80"
"Faculty of Art","B31","R3012","430"
"Faculty of Art","B31","R4013","410"
"Faculty of Art","B31","R4014","170"
"Faculty of Art","B31","R4015","80"
"Faculty of Art","B31","R4016","300"
"Faculty of Art","B31","R4017","420"
"Faculty of Art","B31","R4018","290"
"Faculty of Art","B31","R4019","100"
"Faculty of Art","B31","R4020","440"
"Faculty of Art","B31","R4021","110"
"Faculty of Art","B31","R4022","340"
"Faculty of Art","B31","R4023","180"
"Faculty of Art","B31","R4024","390"
"Faculty of Art","B31","R4025","310"
"Faculty of Art","B31","R4026","390"
"Faculty of Art","B31","R4027","280"
"Faculty of Art","B31","R4028","220"
"Faculty of Art","B31","R4029","190"
"Faculty of Art","B31","R4030","120"
"Faculty of Art","B31","R4031","110"
"Faculty of Art","B31","R5032","80"
"Faculty of Art","B31","R5033","230"
"Faculty of Art","B31","R5034","260"
"Faculty of Art","B31","R5035","210"
"Faculty of Art","B31","R5036","470"
"Faculty of Art","B31","R5037","140"
"Faculty of Art","B31","R5038","20"
"Faculty of Art","B31","R5039","260"
"Faculty of Art","B31","R5040","470"
"Faculty of Art","B31","R5041","420"
"Faculty of Art","B31","R5042","120"
"Faculty of Art","B31","R5043","370"
"Faculty of Art","B31","R5044","430"
"Faculty of Art","B31","R5045","470"
"Faculty of Art","B31","R5046","420"
"Faculty of Art","B31","R5047","290"
"Faculty of Art","B31","R5048","110"
"Faculty of Art","B31","R5049","230"
"Faculty of Art","B31","R5050","300"
"Faculty of Art","B31","R5051","240"
"Faculty of Art","B31","R6052","60"
"Faculty of Art","B31","R6053","480"
"Faculty of Art","B31","R6054","90"
"Faculty of Art","B31","R6055","110"
"Faculty of Art","B31","R7056","60"
"Faculty of Art","B31","R7057","290"
"Faculty of Art","B31","R7058","170"
"Faculty of Art","B31","R7059","30"
"Faculty of Art","B31","R8060","250"
"Faculty of Art","B31","R8061","120"
"Faculty of Art","B31","R8062","170"
"Faculty of Art","B31","R8063","270"
"Faculty of Art","B31","R8064","410"
"Faculty of Art","B31","R8065","210"
"Faculty of Art","B31","R8066","380"
"Faculty of Art","B69","R1000","280"
"Faculty of Art","B69","R1001","340"
"Faculty of Art","B69","R1002","330"
"Faculty of Art","B69","R1003","180"
"Faculty of Art","B69","R2004","220"
"Faculty of Art","B69","R2005","220"
"Faculty of Art","B69","R2006","240"
"Faculty of Art","B69","R2007","60"
"Faculty of Art","B69","R2008","370"
"Faculty of Art","B69","R2009","130"
"Faculty of Art","B69","R2010","100"
"Faculty of Art","B69","R2011","410"
"Faculty of Art","B69","R2012","20"
"Faculty of Art","B69","R2013","190"
"Faculty of Art","B69","R2014","190"
"Faculty of Art","B69","R2015","150"
"Faculty of Art","B69","R2016","90"
"Faculty of Art","B69","R2017","450"
"Faculty of Art","B69","R2018","210"
"Faculty of Art","B69","R2019","320"
"Faculty of Art","B69","R3020","290"
"Faculty of Art","B69","R3021","200"
"Faculty of Art","B69","R3022","300"
"Faculty of Art","B69","R4023","370"
"Faculty of Art","B69","R4024","390"
"Faculty of Art","B69","R5025","260"
"Faculty of Art","B69","R6026","380"
"Faculty of Art","B69","R6027","190"
"Faculty of Art","B69","R6028","50"
"Faculty of Art","B69","R6029","350"
"Faculty of Art","B69","R6030","140"
"Faculty of Art","B69","R6031","400"
"Faculty of Art","B69","R6032","400"
"Faculty of Art","B69","R6033","390"
"Faculty of Art","B69","R6034","30"
"Faculty of Art","B69","R6035","120"
"Faculty of Art","B69","R6036","240"
"Faculty of Art","B69","R6037","90"
"Faculty of Art","B69","R6038","460"
"Faculty of Art","B71","R1000","380"
"Faculty of Art","B71","R1001","50"
"Faculty of Art","B71","R1002","450"
"Faculty of Art","B71","R2003","330"
"Faculty of Art","B71","R2004","270"
"Faculty of Art","B71","R2005","110"
"Faculty of Art","B71","R2006","80"
"Faculty of Art","B71","R2007","70"
"Faculty of Art","B71","R2008","170"
"Faculty of Art","B71","R2009","90"
"Faculty of Art","B71","R2010","430"
"Faculty of Art","B71","R2011","320"
"Faculty of Art","B71","R2012","460"
"Faculty of Art","B71","R2013","320"
"Faculty of Art","B71","R2014","430"
"Faculty of Art","B71","R2015","410"
"Faculty of Art","B71","R2016","150"
"Faculty of Art","B71","R3017","320"
"Faculty of Art","B71","R3018","20"
"Faculty of Art","B71","R3019","20"
"Faculty of Art","B71","R3020","260"
"Faculty of Art","B71","R3021","340"
"Faculty of Art","B12","R1000","130"
"Faculty of Art","B12","R2001","430"
"Faculty of Art","B12","R2002","450"
"Faculty of Art","B12","R2003","280"
"Faculty of Art","B12","R2004","430"
"Faculty of Art","B12","R2005","400"
"Faculty of Art","B12","R3006","120"
"Faculty of Art","B12","R3007","450"
"Faculty of Art","B12","R3008","340"
"Faculty of Art","B12","R3009","20"
"Faculty of Art","B12","R3010","200"
"Faculty of Art","B12","R3011","190"
"Faculty of Art","B12","R3012","320"
"Faculty of Art","B12","R3013","270"
"Faculty of Art","B12","R3014","150"
"Faculty of Art","B12","R3015","380"
"Faculty of Art","B12","R3016","440"
"Faculty of Art","B12","R3017","100"
"Faculty of Art","B12","R3018","170"
"Faculty of Art","B12","R3019","280"
"Faculty of Art","B12","R3020","260"
"Faculty of Art","B12","R3021","210"
"Faculty of Art","B12","R3022","100"
"Faculty of Art","B12","R3023","40"
"Faculty of Art","B12","R3024","200"
"Faculty of Art","B12","R3025","170"
"Faculty of Art","B12","R3026","290"
"Faculty of Art","B12","R3027","280"
"Faculty of Art","B12","R3028","370"
"Faculty of Art","B12","R3029","130"
"Faculty of Art","B12","R3030","330"
"Faculty of Art","B12","R3031","100"
"Faculty of Art","B12","R3032","320"
"Faculty of Art","B91","R1000","190"
"Faculty of Art","B91","R2001","280"
"Faculty of Art","B91","R2002","110"
"Faculty of Art","B91","R2003","40"
"Faculty of Art","B91","R3004","370"
"Faculty of Art","B91","R3005","110"
"Faculty of Art","B91","R3006","130"
"Faculty of Art","B91","R3007","470"
"Faculty of Art","B91","R3008","270"
"Faculty of Art","B91","R3009","30"
"Faculty of Art","B91","R3010","290"
"Faculty of Art","B91","R3011","440"
"Faculty of Art","B91","R3012","110"
"Faculty of Art","B91","R3013","450"
"Faculty of Art","B91","R4014","90"
"Faculty of Art","B91","R4015","60"
"Faculty of Art","B91","R4016","50"
"Faculty of Art","B91","R4017","210"
"Faculty of Art","B91","R4018","290"
"Faculty of Art","B91","R4019","220"
"Faculty of Art","B91","R4020","480"
"Faculty of Art","B91","R4021","30"
"Faculty of Art","B91","R4022","390"
"Faculty of Art","B91","R4023","440"
"Faculty of Art","B91","R4024","180"
"Faculty of Art","B91","R4025","310"
"Faculty of Art","B91","R4026","300"
"Faculty of Art","B91","R4027","120"
"Faculty of Art","B91","R4028","60"
"Faculty of Art","B91","R4029","370"
"Faculty of Art","B91","R4030","260"
"Faculty of Art","B91","R4031","140"
"Faculty of Art","B91","R4032","390"
"Faculty of Art","B91","R4033","90"
"Faculty of Art","B91","R4034","320"
"Faculty of Art","B91","R4035","370"
"Faculty of Art","B91","R4036","90"
"Faculty of Art","B91","R4037","440"
"Faculty of Art","B91","R5038","90"
"Faculty of Art","B91","R5039","170"
"Faculty of Art","B91","R5040","290"
"Faculty of Art","B91","R5041","60"
"Faculty of Art","B91","R5042","370"
"Faculty of Art","B91","R5043","300"
"Faculty of Art","B91","R5044","330"
"Faculty of Art","B91","R5045","220"
"Faculty of Art","B91","R5046","180"
"Faculty of Art","B91","R5047","450"
"Faculty of Art","B91","R5048","240"
"Faculty of Art","B91","R5049","450"
"Faculty of Art","B91","R5050","370"
"Faculty of Art","B91","R5051","490"
"Faculty of Art","B91","R5052","110"
"Faculty of Art","B91","R5053","280"
"Faculty of Art","B91","R5054","450"
"Faculty of Art","B91","R6055","20"
"Faculty of Art","B91","R6056","100"
"Faculty of Art","B91","R6057","430"
"Faculty of Art","B91","R6058","10"
"Faculty of Art","B91","R6059","170"
"Faculty of Art","B91","R6060","170"
"Faculty of Art","B91","R6061","250"
"Faculty of Art","B91","R6062","270"
"Faculty of Art","B91","R6063","280"
"Faculty of Art","B91","R6064","130"
"Faculty of Art","B91","R6065","120"
"Faculty of Art","B91","R6066","140"
"Faculty of Art","B91","R6067","440"
"Faculty of Art","B91","R6068","430"
"Faculty of Art","B91","R6069","30"
"Faculty of Art","B91","R6070","70"
"Faculty of Art","B91","R6071","60"
"Faculty of Art","B91","R6072","150"
"Faculty of Art","B91","R6073","390"
"Faculty of Art","B91","R7074","90"
"Faculty of Art","B91","R7075","150"
"Faculty of Art","B91","R7076","180"
"Faculty of Art","B91","R7077","200"
"Faculty of Art","B91","R7078","470"
"Faculty of Art","B91","R7079","60"
"Faculty of Art","B91","R7080","220"
"Faculty of Art","B91","R7081","400"
"Faculty of Art","B91","R7082","110"
"Faculty of Art","B91","R7083","300"
"Faculty of Art","B91","R7084","320"
"Faculty of Art","B91","R7085","350"
"Faculty of Art","B91","R7086","240"
"Faculty of Art","B91","R7087","110"
"Faculty of Art","B91","R7088","100"
"Faculty of Art","B91","R7089","400"
"Faculty of Art","B91","R7090","30"
"Faculty of Art","B91","R7091","310"
"Faculty of Art","B91","R7092","20"
"Faculty of Art","B91","R7093","210"
"Faculty of Art","B91","R7094","60"
"Faculty of Art","B91","R7095","290"
"Faculty of Art","B91","R7096","110"
"Faculty of Art","B91","R8097","190"
"Faculty of Art","B91","R8098","10"
"Faculty of Languages","B82","R1000","250"
"Faculty of Languages","B82","R1001","460"
"Faculty of Languages","B82","R1002","70"
"Faculty of Languages","B82","R1003","450"
"Faculty of Languages","B82","R1004","150"
"Faculty of Languages","B82","R1005","440"
"Faculty of Languages","B82","R1006","290"
"Faculty of Languages","B82","R1007","150"
"Faculty of Languages","B82","R1008","460"
"Faculty of Languages","B82","R1009","40"
"Faculty of Languages","B82","R1010","50"
"Faculty of Languages","B82","R1011","310"
"Faculty of Languages","B82","R1012","110"
"Faculty of Languages","B82","R1013","120"
"Faculty of Languages","B82","R1014","400"
"Faculty of Languages","B82","R1015","290"
"Faculty of Languages","B82","R1016","250"
"Faculty of Languages","B82","R1017","400"
"Faculty of Languages","B82","R1018","170"
"Faculty of Languages","B82","R1019","450"
"Faculty of Languages","B82","R1020","450"
"Faculty of Languages","B82","R1021","460"
"Faculty of Languages","B82","R1022","120"
"Faculty of Languages","B82","R1023","30"
"Faculty of Languages","B82","R1024","40"
"Faculty of Languages","B82","R1025","390"
"Faculty of Languages","B82","R1026","30"
"Faculty of Languages","B82","R1027","280"
"Faculty of Languages","B82","R1028","450"
"Faculty of Languages","B82","R1029","440"
"Faculty of Languages","B82","R1030","450"
"Faculty of Languages","B82","R1031","410"
"Faculty of Languages","B82","R1032","460"
"Faculty of Languages","B82","R1033","380"
"Faculty of Languages","B82","R1034","10"
"Faculty of Languages","B82","R1035","280"
"Faculty of Languages","B82","R1036","340"
"Faculty of Languages","B41","R1000","160"
"Faculty of Languages","B41","R1001","110"
"Faculty of Languages","B41","R2002","220"
"Faculty of Languages","B41","R3003","80"
"Faculty of Languages","B41","R3004","80"
"Faculty of Languages","B41","R3005","280"
"Faculty of Languages","B41","R3006","330"
"Faculty of Languages","B41","R3007","450"
"Faculty of Languages","B41","R3008","440"
"Faculty of Languages","B41","R3009","30"
"Faculty of Languages","B41","R3010","180"
"Faculty of Languages","B41","R3011","290"
"Faculty of Languages","B41","R3012","150"
"Faculty of Languages","B41","R4013","210"
"Faculty of Languages","B41","R4014","450"
"Faculty of Languages","B41","R4015","200"
"Faculty of Languages","B41","R4016","470"
"Faculty of Languages","B41","R4017","30"
"Faculty of Languages","B41","R4018","170"
"Faculty of Languages","B41","R5019","240"
"Faculty of Languages","B41","R5020","150"
"Faculty of Languages","B41","R5021","300"
"Faculty of Languages","B41","R5022","380"
"Faculty of Languages","B41","R5023","30"
"Faculty of Languages","B41","R5024","160"
"Faculty of Languages","B41","R5025","180"
"Faculty of Languages","B41","R5026","60"
"Faculty of Languages","B41","R5027","330"
"Faculty of Languages","B41","R5028","270"
"Faculty of Languages","B41","R5029","150"
"Faculty of Languages","B41","R5030","380"
"Faculty of Languages","B41","R5031","200"
"Faculty of Languages","B41","R5032","80"
"Faculty of Languages","B41","R5033","20"
"Faculty of Languages","B41","R5034","270"
"Faculty of Languages","B41","R5035","10"
"Faculty of Languages","B41","R6036","300"
"Faculty of Languages","B41","R6037","110"
"Faculty of Languages","B41","R6038","100"
"Faculty of Languages","B41","R6039","50"
"Faculty of Languages","B41","R6040","430"
"Faculty of Languages","B41","R6041","420"
"Faculty of Languages","B41","R6042","270"
"Faculty of Languages","B41","R6043","290"
"Faculty of Languages","B41","R6044","210"
"Faculty of Languages","B41","R6045","10"
"Faculty of Languages","B41","R6046","170"
"Faculty of Languages","B41","R6047","400"
"Faculty of Languages","B41","R6048","230"
"Faculty of Languages","B41","R6049","270"
"Faculty of Languages","B41","R6050","140"
"Faculty of Languages","B41","R6051","420"
"Faculty of Languages","B41","R7052","460"
"Faculty of Languages","B41","R7053","230"
"Faculty of Languages","B41","R8054","410"
"Faculty of Languages","B41","R8055","350"
"Faculty of Languages","B41","R9056","330"
"Faculty of Languages","B41","R9057","120"
"Faculty of Languages","B41","R9058","190"
"Faculty of Languages","B41","R9059","160"
"Faculty of Languages","B41","R9060","10"
"Faculty of Languages","B41","R9061","30"
"Faculty of Languages","B41","R9062","400"
"Faculty of Languages","B41","R9063","280"
"Faculty of Languages","B41","R9064","490"
"Faculty of Languages","B41","R9065","250"
"Faculty of Languages","B41","R9066","300"
"Faculty of Languages","B41","R9067","90"
"Faculty of Languages","B41","R9068","450"
"Faculty of Languages","B41","R9069","140"
"Faculty of Languages","B41","R9070","50"
"Faculty of Languages","B41","R9071","440"
"Faculty of Languages","B41","R9072","30"
"Faculty of Languages","B41","R10073","480"
"Faculty of Languages","B41","R10074","280"
"Faculty of Languages","B41","R11075","240"
"Faculty of Languages","B41","R12076","480"
"Faculty of Languages","B41","R12077","460"
"Faculty of Languages","B41","R12078","430"
"Faculty of Languages","B41","R12079","140"
"Faculty of Languages","B41","R12080","80"
"Faculty of Languages","B41","R12081","360"
"Faculty of Languages","B41","R12082","100"
"Faculty of Languages","B41","R12083","20"
"Faculty of Languages","B41","R12084","100"
"Faculty of Languages","B41","R12085","220"
"Faculty of Languages","B41","R12086","110"
"Faculty of Languages","B41","R12087","170"
"Faculty of Languages","B41","R12088","220"
"Faculty of Languages","B41","R12089","490"
"Faculty of Languages","B41","R12090","80"
"Faculty of Languages","B41","R12091","170"
"Faculty of Languages","B41","R12092","170"
"Faculty of Languages","B41","R13093","490"
"Faculty of Languages","B41","R13094","370"
"Faculty of Languages","B41","R13095","10"
"Faculty of Languages","B41","R14096","20"
"Faculty of Languages","B41","R14097","200"
"Faculty of Languages","B41","R14098","300"
"Faculty of Languages","B88","R1000","60"
"Faculty of Languages","B88","R1001","490"
"Faculty of Languages","B88","R1002","320"
"Faculty of Languages","B88","R1003","260"
"Faculty of Languages","B88","R1004","460"
"Faculty of Languages","B88","R1005","320"
"Faculty of Languages","B88","R1006","50"
"Faculty of Languages","B88","R1007","100"
"Faculty of Languages","B88","R1008","140"
"Faculty of Languages","B88","R2009","460"
"Faculty of Languages","B88","R2010","230"
"Faculty of Languages","B88","R2011","70"
"Faculty of Languages","B88","R2012","70"
"Faculty of Languages","B88","R2013","460"
"Faculty of Languages","B88","R2014","160"
"Faculty of Languages","B88","R2015","120"
"Faculty of Languages","B88","R2016","430"
"Faculty of Languages","B88","R2017","220"
"Faculty of Languages","B88","R2018","80"
"Faculty of Languages","B88","R2019","490"
"Faculty of Languages","B88","R2020","250"
"Faculty of Languages","B88","R2021","370"
"Faculty of Languages","B88","R2022","200"
"Faculty of Languages","B88","R2023","350"
"Faculty of Languages","B88","R2024","50"
"Faculty of Languages","B88","R2025","70"
"Faculty of Languages","B88","R2026","280"
"Faculty of Languages","B88","R2027","40"
"Faculty of Languages","B88","R2028","40"
"Faculty of Languages","B88","R2029","300"
"Faculty of Languages","B88","R2030","430"
"Faculty of Languages","B88","R2031","280"
"Faculty of Languages","B88","R2032","80"
"Faculty of Languages","B88","R2033","240"
"Faculty of Languages","B88","R2034","310"
"Faculty of Languages","B88","R2035","360"
"Faculty of Languages","B88","R3036","190"
"Faculty of Languages","B88","R3037","280"
"Faculty of Languages","B88","R3038","260"
"Faculty of Languages","B88","R3039","320"
"Faculty of Languages","B88","R3040","480"
"Faculty of Languages","B88","R3041","440"
"Faculty of Languages","B88","R3042","140"
"Faculty of Languages","B88","R3043","430"
"Faculty of Languages","B88","R3044","300"
"Faculty of Languages","B38","R1000","320"
"Faculty of Languages","B38","R1001","460"
"Faculty of Languages","B38","R1002","200"
"Faculty of Languages","B38","R1003","90"
"Faculty of Languages","B38","R2004","310"
"Faculty of Languages","B38","R2005","70"
"Faculty of Languages","B38","R2006","370"
"Faculty of Languages","B38","R2007","10"
"Faculty of Languages","B38","R2008","250"
"Faculty of Languages","B38","R3009","430"
"Faculty of Languages","B38","R4010","200"
"Faculty of Languages","B38","R4011","220"
"Faculty of Languages","B38","R4012","270"
"Faculty of Languages","B38","R4013","70"
"Faculty of Languages","B38","R4014","360"
"Faculty of Languages","B38","R5015","110"
"Faculty of Languages","B38","R5016","60"
"Faculty of Languages","B38","R5017","250"
"Faculty of Languages","B38","R5018","70"
"Faculty of Languages","B38","R5019","150"
"Faculty of Languages","B38","R6020","160"
"Faculty of Languages","B38","R6021","470"
"Faculty of Languages","B38","R6022","450"
"Faculty of Languages","B38","R6023","270"
"Faculty of Languages","B38","R6024","180"
"Faculty of Languages","B38","R7025","170"
"Faculty of Languages","B38","R7026","360"
"Faculty of Languages","B38","R8027","340"
"Faculty of Languages","B38","R8028","160"
"Faculty of Languages","B38","R8029","450"
"Faculty of Languages","B38","R8030","20"
"Faculty of Languages","B38","R8031","20"
"Faculty of Languages","B38","R8032","460"
"Faculty of Languages","B38","R8033","410"
"Faculty of Languages","B38","R8034","430"
"Faculty of Languages","B38","R8035","460"
"Faculty of Languages","B38","R8036","160"
"Faculty of Languages","B38","R8037","200"
"Faculty of Languages","B38","R9038","440"
"Faculty of Languages","B38","R9039","230"
"Faculty of Languages","B38","R9040","150"
"Faculty of Languages","B16","R1000","50"
"Faculty of Languages","B16","R1001","480"
"Faculty of Languages","B16","R1002","260"
"Faculty of Languages","B16","R1003","410"
"Faculty of Languages","B16","R1004","310"
"Faculty of Languages","B16","R1005","180"
"Faculty of Languages","B16","R1006","430"
"Faculty of Languages","B16","R1007","420"
"Faculty of Languages","B16","R1008","150"
"Faculty of Languages","B16","R1009","320"
"Faculty of Languages","B16","R1010","370"
"Faculty of Languages","B16","R2011","150"
"Faculty of Languages","B16","R2012","240"
"Faculty of Languages","B16","R2013","60"
"Faculty of Languages","B16","R2014","430"
"Faculty of Languages","B16","R2015","10"
"Faculty of Languages","B16","R2016","80"
"Faculty of Languages","B16","R2017","100"
"Faculty of Languages","B16","R2018","20"
"Faculty of Languages","B16","R2019","320"
"Faculty of Languages","B16","R2020","460"
"Faculty of Languages","B16","R2021","380"
"Faculty of Languages","B16","R2022","460"
"Faculty of Languages","B16","R2023","100"
"Faculty of Languages","B16","R3024","480"
"Faculty of Languages","B16","R3025","250"
"Faculty of Languages","B16","R3026","80"
"Faculty of Languages","B16","R3027","70"
"Faculty of Languages","B16","R3028","470"
"Faculty of Languages","B16","R3029","280"
"Faculty of Languages","B16","R3030","60"
"Faculty of Languages","B16","R3031","300"
"Faculty of Languages","B16","R3032","170"
"Faculty of Languages","B16","R3033","370"
"Faculty of Languages","B16","R3034","180"
"Faculty of Languages","B16","R3035","120"
"Faculty of Languages","B16","R3036","150"
"Faculty of Languages","B16","R3037","330"
"Faculty of Languages","B16","R3038","170"
"Faculty of Languages","B16","R4039","360"
"Faculty of Languages","B16","R4040","110"
"Faculty of Languages","B16","R4041","160"
"Faculty of Languages","B16","R4042","430"
"Faculty of Languages","B16","R4043","30"
"Faculty of Languages","B16","R4044","30"
"Faculty of Languages","B16","R4045","230"
"Faculty of Languages","B16","R4046","130"
"Faculty of Languages","B16","R4047","140"
"Faculty of Languages","B16","R4048","410"
"Faculty of Languages","B16","R4049","330"
"Faculty of Languages","B16","R4050","10"
"Faculty of Languages","B16","R4051","390"
"Faculty of Languages","B16","R4052","310"
"Faculty of Languages","B16","R4053","370"
"Faculty of Languages","B16","R4054","490"
"Faculty of Languages","B16","R4055","440"
"Faculty of Languages","B16","R4056","430"
"Faculty of Languages","B16","R4057","210"
"Faculty of Languages","B16","R4058","320"
"Faculty of Languages","B16","R5059","150"
"Faculty of Languages","B16","R6060","210"
"Faculty of Languages","B16","R6061","250"
"Faculty of Languages","B16","R6062","300"
"Faculty of Languages","B16","R6063","30"
"Faculty of Languages","B16","R6064","240"
"Faculty of Languages","B16","R6065","100"
"Faculty of Languages","B16","R6066","480"
"Faculty of Languages","B16","R6067","280"
"Faculty of Languages","B16","R6068","180"
"Faculty of Languages","B16","R6069","50"
"Faculty of Languages","B16","R6070","10"
"Faculty of Languages","B16","R6071","170"
"Faculty of Languages","B16","R6072","40"
"Faculty of Languages","B16","R6073","370"
"Faculty of Languages","B16","R6074","300"
"Faculty of Languages","B16","R6075","380"
"Faculty of Languages","B16","R6076","240"
"Faculty of Languages","B16","R6077","50"
"Faculty of Languages","B16","R6078","250"
"Faculty of Languages","B16","R6079","490"
"Faculty of Languages","B16","R6080","420"
"Faculty of Languages","B16","R7081","70"
"Faculty of Languages","B16","R7082","60"
"Faculty of Languages","B16","R7083","350"
"Faculty of Languages","B16","R7084","320"
"Faculty of Languages","B16","R7085","150"
"Faculty of Languages","B26","R1000","430"
"Faculty of Languages","B26","R1001","470"
"Faculty of Languages","B26","R1002","80"
"Faculty of Languages","B26","R2003","390"
"Faculty of Languages","B26","R2004","290"
"Faculty of Languages","B26","R2005","210"
"Faculty of Languages","B26","R2006","220"
"Faculty of Languages","B26","R2007","60"
"Faculty of Languages","B26","R2008","200"
"Faculty of Languages","B26","R2009","460"
"Faculty of Languages","B26","R2010","440"
"Faculty of Languages","B26","R2011","290"
"Faculty of Languages","B26","R2012","60"
"Faculty of Languages","B26","R2013","450"
"Faculty of Languages","B26","R2014","100"
"Faculty of Languages","B26","R3015","320"
"Faculty of Languages","B26","R3016","220"
"Faculty of Languages","B26","R3017","490"
"Faculty of Languages","B26","R3018","380"
"Faculty of Languages","B26","R3019","320"
"Faculty of Languages","B26","R4020","10"
"Faculty of Languages","B26","R4021","30"
"Faculty of Languages","B26","R4022","360"
"Faculty of Languages","B26","R4023","80"
"Faculty of Languages","B26","R4024","440"
"Faculty of Languages","B26","R4025","300"
"Faculty of Languages","B26","R4026","260"
"Faculty of Languages","B26","R4027","100"
"Faculty of Languages","B26","R4028","200"
"Faculty of Languages","B26","R4029","320"
"Faculty of Languages","B26","R5030","70"
"Faculty of Languages","B26","R5031","190"
"Faculty of Languages","B26","R5032","360"
"Faculty of Languages","B26","R5033","10"
"Faculty of Languages","B26","R5034","390"
"Faculty of Languages","B26","R5035","350"
"Faculty of Languages","B26","R5036","60"
"Faculty of Languages","B26","R6037","210"
"Faculty of Languages","B26","R6038","200"
"Faculty of Languages","B26","R6039","60"
"Faculty of Languages","B26","R6040","310"
"Faculty of Languages","B26","R6041","420"
"Faculty of Languages","B56","R1000","160"
"Faculty of Languages","B56","R1001","240"
"Faculty of Languages","B56","R1002","460"
"Faculty of Languages","B56","R2003","70"
"Faculty of Languages","B56","R2004","310"
"Faculty of Languages","B56","R2005","110"
"Faculty of Languages","B56","R2006","460"
"Faculty of Languages","B56","R2007","260"
"Faculty of Languages","B56","R3008","100"
"Faculty of Languages","B56","R4009","430"
"Faculty of Languages","B56","R4010","470"
"Faculty of Languages","B56","R4011","150"
"Faculty of Languages","B56","R4012","470"
"Faculty of Languages","B56","R5013","430"
"Faculty of Languages","B56","R5014","90"
"Faculty of Languages","B56","R5015","10"
"Faculty of Languages","B56","R5016","230"
"Faculty of Languages","B56","R5017","220"
"Faculty of Languages","B56","R5018","320"
"Faculty of Languages","B56","R5019","320"
"Faculty of Languages","B56","R6020","160"
"Faculty of Languages","B56","R6021","210"
"Faculty of Languages","B56","R6022","350"
"Faculty of Languages","B56","R6023","210"
"Faculty of Languages","B56","R6024","440"
"Faculty of Languages","B56","R6025","350"
"Faculty of Languages","B56","R6026","460"
"Faculty of Languages","B56","R6027","480"
"Faculty of Languages","B56","R6028","450"
"Faculty of Languages","B56","R6029","390"
"Faculty of Languages","B56","R6030","380"
"Faculty of Languages","B56","R6031","180"
"Faculty of Languages","B56","R6032","30"
"Faculty of Languages","B56","R6033","310"
"Faculty of Languages","B56","R6034","460"
"Faculty of Languages","B56","R6035","50"
"Faculty of Languages","B56","R6036","260"
"Faculty of Languages","B56","R6037","70"
"Faculty of Languages","B56","R6038","450"
"Faculty of Languages","B56","R7039","150"
"Faculty of Languages","B56","R7040","180"
"Faculty of Languages","B56","R7041","110"
"Faculty of Languages","B56","R8042","140"
"Faculty of Languages","B56","R8043","440"
"Faculty of Languages","B56","R8044","270"
"Faculty of Languages","B56","R8045","50"
"Faculty of Languages","B56","R8046","90"
"Faculty of Languages","B56","R8047","80"
"Faculty of Languages","B56","R8048","20"
"Faculty of Languages","B56","R8049","160"
"Faculty of Languages","B56","R8050","380"
"Faculty of Languages","B56","R8051","400"
"Faculty of Languages","B56","R8052","360"
"Faculty of Languages","B56","R8053","10"
"Faculty of Languages","B56","R8054","470"
"Faculty of Languages","B56","R8055","440"
"Faculty of Languages","B56","R8056","380"
"Faculty of Languages","B56","R8057","480"
"Faculty of Languages","B56","R8058","450"
"Faculty of Languages","B56","R8059","90"
"Faculty of Languages","B56","R8060","180"
"Faculty of Languages","B56","R9061","230"
"Faculty of Languages","B56","R9062","10"
"Faculty of Languages","B56","R10063","220"
"Faculty of Languages","B56","R10064","400"
"Faculty of Languages","B56","R10065","320"
"Faculty of Languages","B56","R10066","40"
"Faculty of Languages","B56","R10067","330"
"Faculty of Languages","B19","R1000","330"
"Faculty of Languages","B19","R1001","80"
"Faculty of Languages","B19","R1002","270"
"Faculty of Languages","B19","R1003","260"
"Faculty of Languages","B19","R1004","160"
"Faculty of Languages","B19","R1005","220"
"Faculty of Languages","B19","R1006","70"
"Faculty of Languages","B19","R1007","210"
"Faculty of Languages","B19","R1008","290"
"Faculty of Languages","B19","R1009","110"
"Faculty of Languages","B19","R1010","270"
"Faculty of Languages","B19","R1011","190"
"Faculty of Languages","B19","R1012","410"
"Faculty of Languages","B19","R1013","190"
"Faculty of Languages","B19","R2014","480"
"Faculty of Languages","B19","R2015","50"
"Faculty of Languages","B19","R2016","190"
"Faculty of Languages","B19","R2017","60"
"Faculty of Languages","B19","R2018","480"
"Faculty of Languages","B19","R2019","450"
"Faculty of Languages","B19","R2020","150"
"Faculty of Languages","B19","R2021","140"
"Faculty of Languages","B19","R2022","30"
"Faculty of Languages","B19","R2023","160"
"Faculty of Languages","B19","R2024","440"
"Faculty of Languages","B19","R2025","50"
"Faculty of Languages","B19","R3026","200"
"Faculty of Languages","B19","R3027","330"
"Faculty of Languages","B19","R3028","380"
"Faculty of Languages","B19","R3029","430"
"Faculty of Languages","B19","R3030","160"
"Faculty of Languages","B19","R3031","410"
"Faculty of Languages","B19","R3032","400"
"Faculty of Languages","B19","R3033","80"
"Faculty of Languages","B19","R3034","460"
"Faculty of Languages","B19","R3035","90"
"Faculty of Languages","B19","R3036","400"
"Faculty of Languages","B19","R3037","480"
"Faculty of Languages","B19","R3038","370"
"Faculty of Languages","B19","R3039","40"
"Faculty of Languages","B19","R3040","120"
"Faculty of Languages","B19","R3041","50"
"Faculty of Languages","B19","R3042","10"
"Faculty of Languages","B19","R3043","300"
"Faculty of Languages","B19","R3044","10"
"Faculty of Languages","B19","R3045","70"
"Faculty of Languages","B19","R3046","110"
"Faculty of Languages","B19","R3047","100"
"Faculty of Languages","B19","R3048","480"
"Faculty of Languages","B19","R3049","150"
"Faculty of Languages","B19","R3050","440"
"Faculty of Languages","B19","R4051","160"
"Faculty of Languages","B19","R5052","470"
"Faculty of Languages","B19","R5053","280"
"Faculty of Languages","B19","R5054","90"
"Faculty of Languages","B19","R5055","110"
"Faculty of Languages","B19","R5056","300"
"Faculty of Languages","B19","R5057","330"
"Faculty of Languages","B19","R5058","90"
"Faculty of Languages","B19","R5059","400"
"Faculty of Languages","B19","R5060","430"
"Faculty of Languages","B19","R5061","430"
"Faculty of Languages","B19","R5062","390"
"Faculty of Languages","B19","R5063","110"
"Faculty of Languages","B19","R5064","10"
"Faculty of Languages","B19","R5065","450"
"Faculty of Languages","B19","R6066","380"
"Faculty of Languages","B19","R6067","280"
"Faculty of Languages","B19","R6068","480"
"Faculty of Languages","B19","R7069","40"
"Faculty of Languages","B19","R7070","440"
"Faculty of Languages","B19","R8071","370"
"Faculty of Languages","B19","R8072","180"
"Faculty of Languages","B19","R8073","140"
"Faculty of Languages","B19","R8074","140"
"Faculty of Languages","B19","R9075","60"
"Faculty of Languages","B19","R9076","220"
"Faculty of Languages","B19","R9077","300"
"Faculty of Languages","B19","R9078","380"
"Faculty of Languages","B19","R9079","230"
"Faculty of Languages","B19","R9080","80"
"Faculty of Languages","B32","R1000","130"
"Faculty of Languages","B32","R1001","60"
"Faculty of Languages","B32","R1002","350"
"Faculty of Languages","B32","R1003","230"
"Faculty of Languages","B32","R1004","490"
"Faculty of Languages","B32","R1005","130"
"Faculty of Languages","B32","R1006","110"
"Faculty of Languages","B32","R1007","200"
"Faculty of Languages","B32","R1008","380"
"Faculty of Languages","B32","R1009","290"
"Faculty of Languages","B32","R1010","450"
"Faculty of Languages","B32","R1011","140"
"Faculty of Languages","B18","R1000","300"
"Faculty of Languages","B18","R1001","160"
"Faculty of Languages","B18","R1002","470"
"Faculty of Languages","B18","R2003","300"
"Faculty of Languages","B18","R2004","280"
"Faculty of Languages","B18","R2005","360"
"Faculty of Languages","B18","R2006","260"
"Faculty of Languages","B18","R2007","210"
"Faculty of Languages","B18","R2008","350"
"Faculty of Languages","B18","R2009","60"
"Faculty of Languages","B18","R2010","130"
"Faculty of Languages","B18","R2011","300"
"Faculty of Languages","B18","R2012","330"
"Faculty of Languages","B18","R2013","410"
"Faculty of Languages","B18","R2014","160"
"Faculty of Languages","B18","R3015","420"
"Faculty of Languages","B18","R4016","370"
"Faculty of Languages","B18","R4017","260"
"Faculty of Languages","B18","R4018","420"
"Faculty of Languages","B18","R4019","440"
"Faculty of Languages","B18","R5020","400"
"Faculty of Languages","B18","R5021","140"
"Faculty of Languages","B18","R5022","180"
"Faculty of Languages","B18","R5023","280"
"Faculty of Languages","B18","R6024","460"
"Faculty of Languages","B18","R6025","400"
"Faculty of Languages","B18","R7026","490"
"Faculty of Languages","B18","R7027","20"
"Faculty of Languages","B18","R8028","230"
"Faculty of Languages","B18","R8029","110"
"Faculty of Languages","B18","R8030","180"
"Faculty of Languages","B18","R8031","260"
"Faculty of Languages","B18","R8032","460"
"Faculty of Languages","B18","R8033","330"
"Faculty of Languages","B18","R8034","490"
"Faculty of Languages","B18","R9035","180"
"Faculty of Languages","B18","R9036","60"
"Faculty of Languages","B18","R9037","80"
"Faculty of Languages","B18","R9038","220"
"Faculty of Languages","B83","R1000","50"
"Faculty of Languages","B83","R1001","400"
"Faculty of Languages","B83","R1002","490"
"Faculty of Languages","B83","R2003","450"
"Faculty of Languages","B83","R3004","310"
"Faculty of Languages","B83","R3005","110"
"Faculty of Languages","B83","R3006","330"
"Faculty of Languages","B83","R3007","250"
"Faculty of Languages","B83","R3008","380"
"Faculty of Languages","B83","R3009","390"
"Faculty of Languages","B83","R3010","290"
"Faculty of Languages","B83","R3011","270"
"Faculty of Languages","B83","R4012","310"
"Faculty of Languages","B52","R1000","420"
"Faculty of Languages","B52","R1001","160"
"Faculty of Languages","B52","R1002","390"
"Faculty of Languages","B52","R1003","340"
"Faculty of Languages","B52","R1004","50"
"Faculty of Languages","B52","R1005","390"
"Faculty of Languages","B52","R1006","230"
"Faculty of Languages","B52","R1007","60"
"Faculty of Languages","B52","R1008","310"
"Faculty of Languages","B52","R1009","280"
"Faculty of Languages","B52","R1010","160"
"Faculty of Languages","B52","R1011","340"
"Faculty of Languages","B52","R1012","390"
"Faculty of Languages","B52","R1013","370"
"Faculty of Languages","B52","R1014","330"
"Faculty of Languages","B52","R1015","240"
"Faculty of Languages","B52","R1016","120"
"Faculty of Languages","B52","R2017","280"
"Faculty of Languages","B52","R2018","490"
"Faculty of Languages","B52","R2019","120"
"Faculty of Languages","B52","R2020","490"
"Faculty of Languages","B52","R2021","340"
"Faculty of Languages","B52","R2022","110"
"Faculty of Languages","B52","R2023","490"
"Faculty of Languages","B52","R2024","200"
"Faculty of Languages","B52","R2025","270"
"Faculty of Languages","B52","R2026","360"
"Faculty of Languages","B52","R2027","420"
"Faculty of Languages","B52","R2028","250"
"Faculty of Languages","B52","R2029","460"
"Faculty of Languages","B52","R2030","200"
"Faculty of Languages","B52","R2031","140"
"Faculty of Languages","B52","R2032","420"
"Faculty of Languages","B52","R2033","410"
"Faculty of Languages","B52","R2034","280"
"Faculty of Languages","B52","R2035","280"
"Faculty of Languages","B52","R2036","410"
"Faculty of Languages","B52","R2037","90"
"Faculty of Languages","B52","R2038","230"
"Faculty of Languages","B52","R2039","70"
"Faculty of Languages","B52","R2040","300"
"Faculty of Languages","B52","R2041","450"
"Faculty of Languages","B52","R2042","290"
"Faculty of Languages","B52","R2043","20"
"Faculty of Languages","B52","R2044","230"
"Faculty of Languages","B52","R2045","80"
"Faculty of Languages","B52","R2046","320"
"Faculty of Languages","B52","R2047","300"
"Faculty of Languages","B52","R2048","340"
"Faculty of Languages","B52","R2049","20"
"Faculty of Languages","B52","R2050","370"
"Faculty of Languages","B52","R3051","20"
"Faculty of Languages","B52","R4052","60"
"Faculty of Languages","B52","R4053","70"
"Faculty of Languages","B52","R4054","50"
"Faculty of Languages","B52","R4055","70"
"Faculty of Languages","B52","R4056","440"
"Faculty of Languages","B52","R4057","300"
"Faculty of Languages","B52","R4058","300"
"Faculty of Languages","B52","R4059","140"
"Faculty of Languages","B52","R4060","60"
"Faculty of Languages","B52","R4061","110"
"Faculty of Languages","B52","R4062","160"
"Faculty of Languages","B52","R4063","140"
"Faculty of Languages","B52","R5064","280"
"Faculty of Languages","B52","R6065","200"
"Faculty of Languages","B52","R6066","280"
"Faculty of Languages","B52","R6067","330"
"Faculty of Languages","B78","R1000","360"
"Faculty of Languages","B78","R2001","450"
"Faculty of Languages","B78","R2002","250"
"Faculty of Languages","B78","R2003","40"
"Faculty of Languages","B78","R2004","480"
"Faculty of Languages","B78","R2005","480"
"Faculty of Languages","B78","R2006","440"
"Faculty of Languages","B78","R3007","430"
"Faculty of Languages","B78","R3008","310"
"Faculty of Languages","B78","R3009","320"
"Faculty of Languages","B78","R3010","260"
"Faculty of Languages","B78","R4011","100"
"Faculty of Languages","B78","R4012","100"
"Faculty of Languages","B78","R4013","160"
"Faculty of Languages","B78","R4014","250"
"Faculty of Languages","B78","R4015","280"
"Faculty of Languages","B78","R4016","440"
"Faculty of Languages","B78","R4017","290"
"Faculty of Languages","B78","R4018","320"
"Faculty of Languages","B78","R4019","370"
"Faculty of Languages","B78","R5020","90"
"Faculty of Languages","B78","R6021","130"
"Faculty of Languages","B78","R6022","340"
"Faculty of Languages","B78","R6023","30"
"Faculty of Languages","B78","R6024","440"
"Faculty of Languages","B78","R6025","420"
"Faculty of Languages","B78","R6026","240"
"Faculty of Languages","B78","R6027","470"
"Faculty of Languages","B78","R6028","210"
"Faculty of Languages","B78","R6029","280"
"Faculty of Languages","B78","R6030","390"
"Faculty of Languages","B78","R6031","50"
"Faculty of Languages","B78","R6032","410"
"Faculty of Languages","B78","R6033","160"
"Faculty of Languages","B78","R6034","130"
"Faculty of Languages","B78","R7035","220"
"Faculty of Languages","B78","R8036","200"
"Faculty of Languages","B78","R8037","420"
"Faculty of Languages","B78","R8038","160"
"Faculty of Languages","B78","R9039","240"
"Faculty of Languages","B78","R9040","440"
"Faculty of Languages","B78","R9041","70"
"Faculty of Languages","B78","R9042","160"
"Faculty of Languages","B78","R9043","10"
"Faculty of Languages","B78","R9044","60"
"Faculty of Languages","B78","R9045","310"
"Faculty of Languages","B78","R10046","60"
"Faculty of Languages","B78","R10047","190"
"Faculty of Languages","B78","R10048","400"
"Faculty of Languages","B78","R10049","170"
"Faculty of Languages","B78","R10050","120"
"Faculty of Languages","B78","R10051","370"
"Faculty of Languages","B78","R10052","30"
"Faculty of Languages","B78","R10053","440"
"Faculty of Languages","B78","R10054","10"
"Faculty of Languages","B78","R10055","250"
"Faculty of Languages","B78","R11056","120"
"Faculty of Languages","B78","R11057","40"
"Faculty of Languages","B78","R11058","130"
"Faculty of Languages","B78","R11059","180"
"Faculty of Languages","B78","R11060","20"
"Faculty of Languages","B78","R11061","260"
"Faculty of Languages","B78","R11062","260"
"Faculty of Languages","B78","R11063","260"
"Faculty of Languages","B78","R11064","80"
"Faculty of Languages","B78","R11065","450"
"Faculty of Languages","B78","R11066","60"
"Faculty of Languages","B78","R12067","200"
"Faculty of Languages","B78","R12068","340"
"Faculty of Languages","B78","R12069","240"
"Faculty of Languages","B78","R12070","270"
"Faculty of Languages","B78","R12071","180"
"Faculty of Languages","B78","R12072","450"
"Faculty of Languages","B78","R12073","220"
"Faculty of Languages","B78","R12074","220"
"Faculty of Languages","B78","R12075","470"
"Faculty of Languages","B78","R12076","370"
"Faculty of Languages","B78","R12077","260"
"Faculty of Languages","B78","R12078","450"
"Faculty of Languages","B78","R12079","330"
"Faculty of Languages","B78","R12080","330"
"Faculty of Languages","B78","R12081","240"
"Faculty of Languages","B78","R12082","200"
"Faculty of Languages","B78","R12083","190"
"Faculty of Languages","B78","R12084","310"
"Faculty of Languages","B78","R13085","160"
"Faculty of Languages","B78","R13086","110"
"Faculty of Languages","B78","R13087","60"
"Faculty of Languages","B78","R13088","140"
"Faculty of Languages","B78","R13089","140"
"Faculty of Languages","B97","R1000","120"
"Faculty of Languages","B97","R1001","180"
"Faculty of Languages","B97","R1002","210"
"Faculty of Languages","B97","R1003","390"
"Faculty of Languages","B97","R1004","410"
"Faculty of Languages","B97","R1005","150"
"Faculty of Languages","B97","R1006","70"
"Faculty of Languages","B97","R1007","90"
"Faculty of Languages","B97","R1008","130"
"Faculty of Languages","B97","R2009","100"
"Faculty of Languages","B97","R2010","380"
"Faculty of Languages","B97","R2011","30"
"Faculty of Languages","B97","R2012","430"
"Faculty of Languages","B97","R2013","60"
"Faculty of Languages","B97","R2014","60"
"Faculty of Languages","B97","R2015","400"
"Faculty of Languages","B97","R2016","490"
"Faculty of Languages","B97","R2017","430"
"Faculty of Languages","B13","R1000","410"
"Faculty of Languages","B13","R1001","40"
"Faculty of Languages","B13","R1002","260"
"Faculty of Languages","B13","R1003","420"
"Faculty of Languages","B13","R1004","420"
"Faculty of Languages","B13","R1005","230"
"Faculty of Languages","B13","R1006","70"
"Faculty of Languages","B13","R1007","430"
"Faculty of Languages","B13","R1008","450"
"Faculty of Languages","B13","R2009","240"
"Faculty of Languages","B13","R2010","80"
"Faculty of Languages","B13","R2011","150"
"Faculty of Languages","B13","R2012","200"
"Faculty of Languages","B13","R2013","400"
"Faculty of Languages","B13","R2014","120"
"Faculty of Languages","B13","R2015","110"
"Faculty of Languages","B13","R2016","410"
"Faculty of Languages","B13","R2017","160"
"Faculty of Languages","B13","R2018","480"
"Faculty of Languages","B13","R2019","450"
"Faculty of Languages","B13","R2020","120"
"Faculty of Languages","B13","R2021","170"
"Faculty of Languages","B13","R2022","410"
"Faculty of Languages","B13","R2023","440"
"Faculty of Languages","B13","R2024","370"
"Faculty of Languages","B13","R2025","230"
"Faculty of Languages","B13","R3026","210"
"Faculty of Languages","B13","R3027","260"
"Faculty of Languages","B13","R3028","10"
"Faculty of Languages","B13","R3029","240"
"Faculty of Languages","B13","R3030","340"
"Faculty of Languages","B13","R3031","140"
"Faculty of Languages","B13","R3032","100"
"Faculty of Languages","B13","R3033","190"
"Faculty of Languages","B13","R3034","30"
"Faculty of Languages","B13","R3035","360"
"Faculty of Languages","B13","R3036","470"
"Faculty of Languages","B13","R3037","370"
"Faculty of Languages","B13","R3038","280"
"Faculty of Languages","B13","R3039","140"
"Faculty of Languages","B13","R3040","130"
"Faculty of Languages","B13","R3041","190"
"Faculty of Languages","B13","R3042","440"
"Faculty of Languages","B13","R3043","130"
"Faculty of Languages","B13","R3044","470"
"Faculty of Languages","B13","R3045","250"
"Faculty of Languages","B13","R3046","190"
"Faculty of Languages","B13","R3047","300"
"Faculty of Languages","B13","R3048","110"
"Faculty of Languages","B13","R3049","480"
"Faculty of Languages","B13","R3050","90"
"Faculty of Languages","B13","R3051","250"
"Faculty of Languages","B13","R4052","30"
"Faculty of Languages","B13","R4053","260"
"Faculty of Languages","B13","R4054","400"
"Faculty of Languages","B13","R4055","180"
"Faculty of Languages","B13","R4056","100"
"Faculty of Languages","B13","R4057","430"
"Faculty of Languages","B13","R4058","260"
"Faculty of Languages","B13","R4059","370"
"Faculty of Languages","B13","R4060","90"
"Faculty of Languages","B13","R4061","80"
"Faculty of Languages","B13","R4062","190"
"Faculty of Languages","B13","R4063","350"
"Faculty of Languages","B13","R4064","290"
"Faculty of Languages","B13","R4065","120"
"Faculty of Languages","B13","R4066","490"
"Faculty of Languages","B13","R4067","480"
"Faculty of Languages","B13","R4068","380"
"Faculty of Languages","B13","R4069","360"
"Faculty of Languages","B13","R4070","430"
"Faculty of Languages","B13","R4071","40"
"Faculty of Languages","B13","R5072","340"
"Faculty of Languages","B13","R6073","290"
"Faculty of Languages","B13","R6074","400"
"Faculty of Languages","B13","R6075","10"
"Faculty of Languages","B13","R6076","80"
"Faculty of Languages","B13","R6077","180"
"Faculty of Languages","B13","R6078","460"
"Faculty of Languages","B13","R6079","240"
"Faculty of Languages","B13","R6080","280"
"Faculty of Languages","B13","R6081","340"
"Faculty of Languages","B13","R6082","200"
"Faculty of Languages","B13","R7083","420"
"Faculty of Languages","B13","R7084","400"
"Faculty of Languages","B13","R7085","270"
"Faculty of Languages","B13","R7086","200"
"Faculty of Languages","B13","R7087","210"
"Faculty of Languages","B13","R7088","470"
"Faculty of Languages","B35","R1000","490"
"Faculty of Languages","B35","R2001","420"
"Faculty of Languages","B35","R2002","400"
"Faculty of Languages","B35","R2003","460"
"Faculty of Languages","B35","R2004","450"
"Faculty of Languages","B35","R2005","170"
"Faculty of Languages","B35","R2006","380"
"Faculty of Languages","B35","R2007","40"
"Faculty of Languages","B35","R2008","410"
"Faculty of Languages","B35","R2009","20"
"Faculty of Languages","B35","R2010","240"
"Faculty of Languages","B35","R2011","130"
"Faculty of Languages","B35","R2012","480"
"Faculty of Languages","B35","R2013","50"
"Faculty of Languages","B35","R2014","380"
"Faculty of Languages","B35","R2015","450"
"Faculty of Languages","B35","R2016","40"
"Faculty of Languages","B36","R1000","110"
"Faculty of Languages","B36","R1001","300"
"Faculty of Languages","B36","R1002","350"
"Faculty of Languages","B36","R1003","340"
"Faculty of Languages","B36","R1004","300"
"Faculty of Languages","B36","R1005","300"
"Faculty of Languages","B36","R1006","480"
"Faculty of Languages","B36","R1007","180"
"Faculty of Languages","B36","R1008","280"
"Faculty of Languages","B36","R1009","460"
"Faculty of Languages","B36","R1010","130"
"Faculty of Languages","B36","R1011","170"
"Faculty of Languages","B36","R1012","380"
"Faculty of Languages","B36","R1013","240"
"Faculty of Languages","B36","R1014","260"
"Faculty of Languages","B36","R1015","330"
"Faculty of Languages","B36","R1016","270"
"Faculty of Languages","B36","R1017","310"
"Faculty of Languages","B36","R1018","60"
"Faculty of Languages","B23","R1000","430"
"Faculty of Languages","B23","R1001","100"
"Faculty of Languages","B23","R1002","300"
"Faculty of Languages","B23","R1003","130"
"Faculty of Languages","B23","R1004","420"
"Faculty of Languages","B23","R1005","20"
"Faculty of Languages","B23","R1006","170"
"Faculty of Languages","B23","R1007","400"
"Faculty of Languages","B23","R1008","230"
"Faculty of Languages","B23","R1009","330"
"Faculty of Languages","B23","R1010","130"
"Faculty of Languages","B23","R1011","330"
"Faculty of Languages","B23","R1012","230"
"Faculty of Languages","B23","R1013","490"
"Faculty of Languages","B23","R1014","10"
"Faculty of Languages","B23","R2015","40"
"Faculty of Languages","B23","R2016","260"
"Faculty of Languages","B23","R2017","470"
"Faculty of Languages","B23","R2018","40"
"Faculty of Languages","B23","R2019","60"
"Faculty of Languages","B23","R2020","50"
"Faculty of Languages","B23","R2021","390"
"Faculty of Languages","B23","R2022","170"
"Faculty of Languages","B23","R2023","480"
"Faculty of Languages","B23","R2024","150"
"Faculty of Languages","B66","R1000","170"
"Faculty of Languages","B66","R1001","370"
"Faculty of Languages","B66","R1002","480"
"Faculty of Languages","B66","R1003","110"
"Faculty of Languages","B66","R1004","230"
"Faculty of Languages","B66","R1005","20"
"Faculty of Languages","B66","R2006","180"
"Faculty of Languages","B66","R2007","100"
"Faculty of Languages","B66","R2008","20"
"Faculty of Languages","B66","R2009","80"
"Faculty of Languages","B66","R2010","440"
"Faculty of Languages","B66","R2011","190"
"Faculty of Languages","B66","R2012","90"
"Faculty of Languages","B66","R2013","350"
"Faculty of Languages","B66","R2014","220"
"Faculty of Languages","B66","R2015","330"
"Faculty of Languages","B66","R2016","430"
"Faculty of Languages","B66","R2017","390"
"Faculty of Languages","B66","R3018","240"
"Faculty of Languages","B66","R3019","460"
"Faculty of Languages","B66","R3020","80"
"Faculty of Languages","B66","R3021","70"
"Faculty of Languages","B66","R3022","20"
"Faculty of Languages","B66","R3023","270"
"Faculty of Languages","B66","R3024","200"
"Faculty of Languages","B66","R4025","430"
"Faculty of Languages","B66","R5026","250"
"Faculty of Languages","B66","R5027","130"
"Faculty of Languages","B66","R5028","110"
"Faculty of Languages","B66","R6029","90"
"Faculty of Languages","B66","R6030","340"
"Faculty of Languages","B66","R6031","150"
"Faculty of Languages","B66","R6032","200"
"Faculty of Languages","B66","R7033","160"
"Faculty of Languages","B66","R7034","200"
"Faculty of Languages","B39","R1000","90"
"Faculty of Languages","B39","R1001","290"
"Faculty of Languages","B39","R2002","370"
"Faculty of Languages","B39","R2003","20"
"Faculty of Languages","B39","R2004","460"
"Faculty of Languages","B39","R2005","170"
"Faculty of Languages","B39","R2006","50"
"Faculty of Languages","B39","R2007","360"
"Faculty of Languages","B39","R2008","30"
"Faculty of Languages","B39","R2009","400"
"Faculty of Languages","B39","R3010","360"
"Faculty of Languages","B39","R3011","210"
"Faculty of Languages","B39","R3012","220"
"Faculty of Languages","B39","R3013","490"
"Faculty of Languages","B39","R3014","250"
"Faculty of Languages","B39","R3015","210"
"Faculty of Languages","B39","R3016","210"
"Faculty of Languages","B39","R3017","250"
"Faculty of Languages","B39","R3018","240"
"Faculty of Languages","B39","R3019","260"
"Faculty of Languages","B39","R3020","420"
"Faculty of Languages","B39","R3021","290"
"Faculty of Languages","B39","R3022","290"
"Faculty of Languages","B39","R3023","450"
"Faculty of Languages","B39","R3024","230"
"Faculty of Languages","B39","R4025","220"
"Faculty of Languages","B39","R4026","220"
"Faculty of Languages","B39","R4027","50"
"Faculty of Languages","B39","R4028","430"
"Faculty of Languages","B39","R4029","240"
"Faculty of Languages","B39","R4030","200"
"Faculty of Languages","B39","R4031","270"
"Faculty of Languages","B39","R4032","150"
"Faculty of Languages","B39","R4033","20"
"Faculty of Languages","B39","R4034","310"
"Faculty of Languages","B39","R4035","180"
"Faculty of Languages","B39","R4036","280"
"Faculty of Languages","B39","R4037","160"
"Faculty of Languages","B39","R4038","270"
"Faculty of Languages","B39","R4039","280"
"Faculty of Languages","B39","R4040","290"
"Faculty of Languages","B39","R4041","240"
"Faculty of Languages","B39","R4042","160"
"Faculty of Languages","B39","R5043","440"
"Faculty of Languages","B39","R5044","220"
"Faculty of Languages","B39","R5045","160"
"Faculty of Languages","B39","R5046","330"
"Faculty of Languages","B39","R5047","90"
"Faculty of Languages","B39","R5048","420"
"Faculty of Languages","B39","R6049","300"
"Faculty of Languages","B39","R6050","230"
"Faculty of Languages","B39","R6051","230"
"Faculty of Languages","B39","R6052","10"
"Faculty of Languages","B39","R6053","90"
"Faculty of Languages","B39","R6054","300"
"Faculty of Languages","B39","R6055","140"
"Faculty of Languages","B39","R6056","160"
"Faculty of Languages","B39","R6057","440"
"Faculty of Languages","B39","R6058","330"
"Faculty of Languages","B39","R6059","430"
"Faculty of Languages","B39","R6060","180"
"Faculty of Languages","B39","R6061","470"
"Faculty of Languages","B39","R6062","70"
"Faculty of Languages","B20","R1000","270"
"Faculty of Languages","B20","R1001","110"
"Faculty of Languages","B20","R1002","450"
"Faculty of Languages","B20","R1003","370"
"Faculty of Languages","B20","R1004","490"
"Faculty of Languages","B20","R1005","300"
"Faculty of Languages","B20","R1006","420"
"Faculty of Languages","B20","R1007","450"
"Faculty of Languages","B20","R1008","220"
"Faculty of Languages","B20","R1009","220"
"Faculty of Languages","B20","R1010","70"
"Faculty of Languages","B20","R1011","230"
"Faculty of Languages","B20","R1012","280"
"Faculty of Languages","B20","R1013","410"
"Faculty of Languages","B20","R1014","390"
"Faculty of Languages","B20","R1015","210"
"Faculty of Languages","B20","R1016","160"
"Faculty of Languages","B20","R1017","60"
"Faculty of Languages","B20","R1018","430"
"Faculty of Languages","B20","R1019","110"
"Faculty of Languages","B20","R1020","40"
"Faculty of Languages","B20","R1021","170"
"Faculty of Languages","B20","R1022","390"
"Faculty of Languages","B20","R1023","50"
"Faculty of Languages","B20","R1024","130"
"Faculty of Languages","B20","R1025","220"
"Faculty of Languages","B20","R1026","430"
"Faculty of Languages","B20","R1027","340"
"Faculty of Languages","B20","R1028","340"
"Faculty of Languages","B20","R1029","450"
"Faculty of Languages","B20","R1030","470"
"Faculty of Languages","B20","R1031","180"
"Faculty of Languages","B20","R1032","320"
"Faculty of Languages","B20","R1033","410"
"Faculty of Languages","B20","R1034","190"
"Faculty of Languages","B20","R1035","480"
"Faculty of Languages","B20","R1036","130"
"Faculty of Languages","B20","R1037","90"
"Faculty of Languages","B9","R1000","260"
"Faculty of Languages","B9","R1001","60"
"Faculty of Languages","B9","R1002","10"
"Faculty of Languages","B9","R1003","310"
"Faculty of Languages","B9","R1004","160"
"Faculty of Languages","B9","R2005","240"
"Faculty of Languages","B9","R2006","50"
"Faculty of Languages","B9","R2007","480"
"Faculty of Languages","B9","R2008","100"
"Faculty of Languages","B9","R2009","180"
"Faculty of Languages","B9","R2010","50"
"Faculty of Languages","B9","R3011","110"
"Faculty of Languages","B9","R3012","270"
"Faculty of Languages","B9","R4013","170"
"Faculty of Languages","B9","R4014","290"
"Faculty of Languages","B9","R4015","260"
"Faculty of Languages","B9","R5016","480"
"Faculty of Languages","B9","R6017","260"
"Faculty of Languages","B9","R6018","360"
"Faculty of Languages","B9","R6019","70"
"Faculty of Languages","B9","R6020","190"
"Faculty of Languages","B9","R7021","200"
"Faculty of Languages","B9","R7022","120"
"Faculty of Languages","B9","R7023","180"
"Faculty of Languages","B9","R7024","140"
"Faculty of Languages","B9","R7025","350"
"Faculty of Languages","B9","R7026","50"
"Faculty of Languages","B9","R7027","480"
"Faculty of Languages","B9","R7028","380"
"Faculty of Languages","B9","R7029","70"
"Faculty of Languages","B9","R7030","440"
"Faculty of Languages","B9","R7031","10"
"Faculty of Languages","B9","R7032","340"
"Faculty of Languages","B9","R7033","150"
"Faculty of Languages","B9","R7034","390"
"Faculty of Languages","B9","R8035","260"
"Faculty of Languages","B9","R8036","430"
"Faculty of Languages","B9","R8037","410"
"Faculty of Languages","B9","R8038","380"
"Faculty of Languages","B9","R8039","210"
"Faculty of Languages","B9","R8040","320"
"Faculty of Languages","B9","R8041","380"
"Faculty of Languages","B9","R8042","290"
"Faculty of Languages","B9","R8043","350"
"Faculty of Languages","B9","R9044","80"
"Faculty of Languages","B9","R9045","260"
"Faculty of Languages","B9","R9046","440"
"Faculty of Languages","B9","R9047","230"
"Faculty of Languages","B9","R9048","360"
"Faculty of Languages","B9","R9049","480"
"Faculty of Languages","B9","R9050","450"
"Faculty of Languages","B9","R9051","350"
"Faculty of Languages","B9","R9052","60"
"Faculty of Languages","B9","R9053","310"
"Faculty of Languages","B9","R9054","370"
"Faculty of Languages","B9","R10055","210"
"Faculty of Languages","B9","R10056","260"
"Faculty of Languages","B9","R10057","420"
"Faculty of Languages","B9","R10058","120"
"Faculty of Languages","B9","R10059","190"
"Faculty of Languages","B9","R10060","410"
"Faculty of Languages","B9","R11061","270"
"Faculty of Languages","B9","R11062","310"
"Faculty of Languages","B9","R11063","470"
"Faculty of Languages","B9","R11064","50"
"Faculty of Languages","B9","R11065","270"
"Faculty of Languages","B9","R11066","400"
"Faculty of Languages","B9","R11067","160"
"Faculty of Languages","B9","R11068","130"
"Faculty of Languages","B9","R11069","120"
"Faculty of Languages","B9","R11070","410"
"Faculty of Languages","B9","R11071","440"
"Faculty of Languages","B9","R11072","210"
"Faculty of Languages","B9","R12073","30"
"Faculty of Languages","B9","R12074","100"
"Faculty of Languages","B9","R12075","20"
"Faculty of Languages","B9","R12076","80"
"Faculty of Languages","B9","R12077","20"
"Faculty of Languages","B9","R12078","120"
"Faculty of Languages","B9","R12079","350"
"Faculty of Languages","B9","R12080","80"
"Faculty of Languages","B9","R12081","380"
"Faculty of Languages","B9","R12082","100"
"Faculty of Languages","B9","R13083","180"
"Faculty of Languages","B9","R13084","70"
"Faculty of Languages","B9","R14085","430"
"Faculty of Languages","B9","R14086","250"
"Faculty of Languages","B9","R14087","260"
"Faculty of Languages","B9","R14088","30"
"Faculty of Languages","B9","R14089","290"
"Faculty of Languages","B9","R14090","360"
"Faculty of Languages","B9","R14091","410"
"Faculty of Languages","B9","R14092","40"
"Faculty of Languages","B9","R14093","190"
"Faculty of Languages","B9","R14094","130"
"Faculty of Languages","B9","R14095","390"
"Faculty of Languages","B6","R1000","440"
"Faculty of Languages","B6","R1001","30"
"Faculty of Languages","B6","R1002","240"
"Faculty of Languages","B6","R1003","490"
"Faculty of Languages","B6","R1004","70"
"Faculty of Languages","B6","R1005","230"
"Faculty of Languages","B6","R1006","80"
"Faculty of Languages","B6","R1007","280"
"Faculty of Languages","B6","R1008","370"
"Faculty of Languages","B6","R1009","390"
"Faculty of Languages","B6","R1010","150"
"Faculty of Languages","B6","R1011","30"
"Faculty of Languages","B6","R1012","190"
"Faculty of Languages","B6","R1013","150"
"Faculty of Languages","B6","R1014","260"
"Faculty of Languages","B6","R1015","190"
"Faculty of Languages","B6","R1016","440"
"Faculty of Languages","B6","R1017","250"
"Faculty of Languages","B6","R2018","290"
"Faculty of Languages","B6","R2019","270"
"Faculty of Languages","B6","R2020","230"
"Faculty of Languages","B6","R2021","350"
"Faculty of Languages","B6","R3022","70"
"Faculty of Languages","B6","R3023","30"
"Faculty of Languages","B6","R3024","190"
"Faculty of Languages","B6","R3025","440"
"Faculty of Languages","B6","R4026","210"
"Faculty of Languages","B6","R4027","280"
"Faculty of Languages","B6","R4028","430"
"Faculty of Languages","B6","R4029","10"
"Faculty of Languages","B6","R4030","40"
"Faculty of Languages","B6","R4031","310"
"Faculty of Languages","B6","R4032","100"
"Faculty of Languages","B6","R5033","360"
"Faculty of Languages","B6","R5034","110"
"Faculty of Languages","B6","R6035","190"
"Faculty of Languages","B6","R6036","460"
"Faculty of Languages","B6","R6037","40"
"Faculty of Languages","B6","R6038","30"
"Faculty of Languages","B6","R6039","270"
"Faculty of Languages","B6","R6040","470"
"Faculty of Languages","B6","R6041","450"
"Faculty of Languages","B6","R6042","100"
"Faculty of Languages","B6","R7043","380"
"Faculty of Languages","B6","R7044","260"
"Faculty of Languages","B6","R7045","100"
"Faculty of Languages","B6","R7046","60"
"Faculty of Languages","B6","R7047","100"
"Faculty of Languages","B6","R7048","190"
"Faculty of Languages","B6","R7049","370"
"Faculty of Languages","B6","R8050","10"
"Faculty of Languages","B6","R8051","210"
"Faculty of Languages","B6","R9052","50"
"Faculty of Languages","B6","R9053","330"
"Faculty of Languages","B6","R9054","200"
"Faculty of Languages","B6","R9055","30"
"Faculty of Languages","B6","R10056","480"
"Faculty of Languages","B6","R10057","290"
"Faculty of Languages","B6","R10058","400"
"Faculty of Languages","B6","R10059","120"
"Faculty of Languages","B6","R10060","370"
"Faculty of Languages","B6","R11061","180"
"Faculty of Languages","B6","R11062","460"
"Faculty of Languages","B6","R11063","160"
"Faculty of Languages","B6","R11064","250"
"Faculty of Languages","B6","R11065","40"
"Faculty of Languages","B6","R11066","190"
"Faculty of Languages","B6","R11067","330"
"Faculty of Languages","B6","R11068","340"
"Faculty of Languages","B6","R11069","70"
"Faculty of Languages","B6","R12070","440"
"Faculty of Languages","B6","R12071","280"
"Faculty of Languages","B6","R12072","250"
"Faculty of Languages","B6","R12073","50"
"Faculty of Languages","B6","R12074","340"
"Faculty of Languages","B6","R12075","410"
"Faculty of Languages","B6","R12076","440"
"Faculty of Languages","B6","R12077","350"
"Faculty of Languages","B6","R12078","300"
"Faculty of Languages","B6","R12079","60"
"Faculty of Languages","B6","R12080","50"
"Faculty of Languages","B6","R12081","20"
"Faculty of Languages","B6","R12082","130"
"Faculty of Languages","B6","R12083","270"
"Faculty of Languages","B6","R12084","370"
"Faculty of Languages","B6","R12085","490"
"Faculty of Languages","B6","R12086","200"
"Faculty of Languages","B6","R12087","340"
"Faculty of Languages","B6","R13088","270"
"Faculty of Languages","B6","R13089","280"
"Faculty of Languages","B6","R13090","230"
"Faculty of Languages","B6","R13091","410"
"Faculty of Languages","B6","R13092","460"
"Faculty of Languages","B76","R1000","180"
"Faculty of Languages","B76","R2001","440"
"Faculty of Languages","B76","R2002","310"
"Faculty of Languages","B76","R2003","170"
"Faculty of Languages","B76","R2004","220"
"Faculty of Languages","B76","R3005","70"
"Faculty of Languages","B76","R3006","380"
"Faculty of Languages","B76","R3007","420"
"Faculty of Languages","B76","R3008","380"
"Faculty of Languages","B76","R3009","10"
"Faculty of Languages","B76","R3010","210"
"Faculty of Languages","B76","R3011","300"
"Faculty of Languages","B76","R3012","90"
"Faculty of Languages","B76","R4013","80"
"Faculty of Languages","B76","R4014","80"
"Faculty of Languages","B76","R4015","470"
"Faculty of Languages","B79","R1000","190"
"Faculty of Languages","B79","R1001","440"
"Faculty of Languages","B79","R2002","240"
"Faculty of Languages","B79","R2003","410"
"Faculty of Languages","B79","R2004","210"
"Faculty of Languages","B79","R2005","160"
"Faculty of Languages","B79","R3006","100"
"Faculty of Languages","B79","R3007","260"
"Faculty of Languages","B79","R3008","190"
"Faculty of Languages","B79","R3009","70"
"Faculty of Languages","B79","R3010","340"
"Faculty of Languages","B79","R3011","350"
"Faculty of Languages","B79","R3012","330"
"Faculty of Languages","B79","R3013","290"
"Faculty of Languages","B79","R3014","140"
"Faculty of Languages","B79","R3015","140"
"Faculty of Languages","B79","R3016","70"
"Faculty of Languages","B79","R4017","280"
"Faculty of Languages","B79","R4018","90"
"Faculty of Languages","B79","R4019","340"
"Faculty of Languages","B79","R4020","470"
"Faculty of Languages","B79","R4021","250"
"Faculty of Languages","B79","R4022","360"
"Faculty of Languages","B79","R4023","260"
"Faculty of Languages","B79","R4024","460"
"Faculty of Languages","B79","R5025","260"
"Faculty of Languages","B79","R5026","10"
"Faculty of Languages","B79","R6027","180"
"Faculty of Languages","B79","R6028","70"
"Faculty of Languages","B79","R6029","220"
"Faculty of Languages","B79","R6030","20"
"Faculty of Languages","B79","R6031","120"
"Faculty of Languages","B79","R6032","210"
"Faculty of Languages","B79","R6033","80"
"Faculty of Languages","B79","R6034","200"
"Faculty of Languages","B79","R6035","350"
"Faculty of Languages","B79","R6036","100"
"Faculty of Languages","B79","R6037","70"
"Faculty of Languages","B79","R6038","10"
"Faculty of Languages","B79","R6039","40"
"Faculty of Languages","B79","R6040","290"
"Faculty of Languages","B79","R6041","160"
"Faculty of Languages","B79","R6042","200"
"Faculty of Languages","B79","R6043","140"
"Faculty of Languages","B79","R7044","150"
"Faculty of Languages","B79","R7045","320"
"Faculty of Languages","B79","R7046","50"
"Faculty of Languages","B79","R7047","440"
"Faculty of Languages","B79","R7048","80"
"Faculty of Languages","B79","R7049","40"
"Faculty of Languages","B79","R7050","150"
"Faculty of Languages","B79","R7051","130"
"Faculty of Languages","B79","R7052","110"
"Faculty of Languages","B79","R7053","320"
"Faculty of Languages","B79","R7054","480"
"Faculty of Languages","B79","R7055","250"
"Faculty of Languages","B79","R7056","140"
"Faculty of Languages","B79","R7057","50"
"Faculty of Languages","B79","R7058","90"
"Faculty of Languages","B79","R8059","120"
"Faculty of Languages","B79","R8060","110"
"Faculty of Languages","B79","R8061","310"
"Faculty of Languages","B79","R8062","160"
"Faculty of Languages","B79","R8063","410"
"Faculty of Languages","B79","R8064","290"
"Faculty of Languages","B79","R8065","20"
"Faculty of Languages","B79","R9066","10"
"Faculty of Languages","B79","R10067","40"
"Faculty of Languages","B79","R10068","270"
"Faculty of Languages","B79","R10069","60"
"Faculty of Languages","B79","R10070","440"
"Faculty of Languages","B79","R11071","100"
"Faculty of Languages","B79","R11072","360"
"Faculty of Languages","B79","R11073","360"
"Faculty of Languages","B79","R11074","360"
"Faculty of Languages","B79","R11075","280"
"Faculty of Languages","B79","R11076","300"
"Faculty of Languages","B79","R11077","410"
"Faculty of Languages","B79","R11078","470"
"Faculty of Languages","B79","R11079","140"
"Faculty of Languages","B79","R11080","110"
"Faculty of Languages","B79","R11081","100"
"Faculty of Languages","B79","R11082","300"
"Faculty of Languages","B79","R11083","70"
"Faculty of Languages","B79","R12084","170"
"Faculty of Languages","B79","R12085","300"
"Faculty of Languages","B79","R12086","410"
"Faculty of Languages","B79","R12087","380"
"Faculty of Languages","B79","R12088","50"
"Faculty of Languages","B95","R1000","250"
"Faculty of Languages","B95","R1001","200"
"Faculty of Languages","B95","R1002","40"
"Faculty of Languages","B95","R1003","80"
"Faculty of Languages","B95","R1004","300"
"Faculty of Languages","B95","R1005","380"
"Faculty of Languages","B95","R1006","490"
"Faculty of Languages","B95","R1007","490"
"Faculty of Languages","B95","R1008","90"
"Faculty of Languages","B95","R1009","390"
"Faculty of Languages","B95","R1010","50"
"Faculty of Languages","B98","R1000","50"
"Faculty of Languages","B98","R1001","80"
"Faculty of Languages","B98","R1002","330"
"Faculty of Languages","B98","R1003","90"
"Faculty of Languages","B98","R1004","410"
"Faculty of Languages","B98","R1005","480"
"Faculty of Languages","B98","R1006","480"
"Faculty of Languages","B98","R1007","80"
"Faculty of Languages","B98","R1008","330"
"Faculty of Languages","B98","R1009","260"
"Faculty of Languages","B98","R1010","440"
"Faculty of Languages","B98","R1011","100"
"Faculty of Languages","B98","R1012","270"
"Faculty of Languages","B98","R1013","200"
"Faculty of Languages","B98","R2014","240"
"Faculty of Languages","B98","R2015","160"
"Faculty of Languages","B98","R2016","140"
"Faculty of Languages","B98","R2017","450"
"Faculty of Languages","B98","R2018","420"
"Faculty of Languages","B98","R2019","240"
"Faculty of Languages","B98","R2020","360"
"Faculty of Languages","B98","R2021","80"
"Faculty of Languages","B98","R2022","90"
"Faculty of Languages","B98","R2023","20"
"Faculty of Languages","B98","R2024","480"
"Faculty of Languages","B98","R2025","20"
"Faculty of Languages","B98","R2026","280"
"Faculty of Languages","B98","R3027","210"
"Faculty of Languages","B98","R4028","190"
"Faculty of Languages","B98","R4029","400"
"Faculty of Languages","B98","R4030","260"
"Faculty of Languages","B98","R4031","60"
"Faculty of Languages","B98","R4032","420"
"Faculty of Languages","B98","R4033","110"
"Faculty of Languages","B98","R4034","270"
"Faculty of Languages","B98","R4035","40"
"Faculty of Languages","B98","R4036","390"
"Faculty of Languages","B98","R4037","380"
"Faculty of Languages","B98","R4038","10"
"Faculty of Languages","B98","R4039","160"
"Faculty of Languages","B98","R4040","120"
"Faculty of Languages","B98","R5041","30"
"Faculty of Languages","B98","R6042","140"
"Faculty of Languages","B98","R6043","440"
"Faculty of Languages","B98","R7044","150"
"Faculty of Languages","B98","R7045","290"
"Faculty of Languages","B98","R7046","480"
"Faculty of Languages","B98","R7047","410"
"Faculty of Languages","B98","R7048","20"
"Faculty of Languages","B98","R7049","100"
"Faculty of Languages","B98","R7050","120"
"Faculty of Languages","B98","R7051","370"
"Faculty of Languages","B98","R7052","230"
"Faculty of Languages","B98","R7053","300"
"Faculty of Languages","B45","R1000","60"
"Faculty of Languages","B45","R1001","10"
"Faculty of Languages","B45","R1002","320"
"Faculty of Languages","B45","R1003","490"
"Faculty of Languages","B45","R1004","300"
"Faculty of Languages","B45","R1005","300"
"Faculty of Languages","B45","R1006","280"
"Faculty of Languages","B45","R1007","240"
"Faculty of Languages","B45","R1008","460"
"Faculty of Languages","B45","R1009","50"
"Faculty of Languages","B45","R1010","100"
"Faculty of Languages","B45","R1011","450"
"Faculty of Languages","B45","R1012","300"
"Faculty of Languages","B45","R1013","240"
"Faculty of Languages","B45","R1014","410"
"Faculty of Languages","B45","R1015","200"
"Faculty of Languages","B45","R2016","200"
"Faculty of Languages","B45","R2017","360"
"Faculty of Languages","B45","R3018","310"
"Faculty of Languages","B45","R3019","220"
"Faculty of Languages","B45","R3020","170"
"Faculty of Languages","B45","R4021","120"
"Faculty of Languages","B45","R4022","10"
"Faculty of Languages","B45","R4023","200"
"Faculty of Languages","B45","R4024","410"
"Faculty of Languages","B45","R4025","150"
"Faculty of Languages","B45","R4026","160"
"Faculty of Languages","B45","R4027","410"
"Faculty of Languages","B45","R4028","100"
"Faculty of Languages","B45","R4029","430"
"Faculty of Languages","B45","R4030","380"
"Faculty of Languages","B45","R4031","390"
"Faculty of Languages","B45","R4032","40"
"Faculty of Languages","B45","R4033","270"
"Faculty of Languages","B45","R4034","250"
"Faculty of Languages","B45","R4035","120"
"Faculty of Languages","B45","R4036","40"
"Faculty of Languages","B45","R4037","470"
"Faculty of Languages","B45","R4038","190"
"Faculty of Languages","B45","R4039","290"
"Faculty of Languages","B45","R4040","290"
"Faculty of Languages","B45","R4041","480"
"Faculty of Languages","B45","R4042","180"
"Faculty of Languages","B45","R4043","280"
"Faculty of Languages","B45","R4044","80"
"Faculty of Languages","B45","R5045","290"
"Faculty of Languages","B45","R5046","180"
"Faculty of Languages","B45","R5047","370"
"Faculty of Languages","B45","R5048","360"
"Faculty of Languages","B45","R5049","130"
"Faculty of Languages","B45","R5050","480"
"Faculty of Languages","B45","R5051","100"
"Faculty of Languages","B45","R5052","80"
"Faculty of Languages","B45","R5053","130"
"Faculty of Languages","B45","R5054","80"
"Faculty of Languages","B45","R5055","400"
"Faculty of Languages","B45","R5056","400"
"Faculty of Languages","B45","R5057","210"
"Faculty of Languages","B45","R5058","150"
"Faculty of Languages","B45","R6059","290"
"Faculty of Languages","B45","R6060","140"
"Faculty of Languages","B45","R6061","130"
"Faculty of Languages","B45","R6062","160"
"Faculty of Languages","B45","R6063","70"
"Faculty of Languages","B45","R6064","420"
"Faculty of Languages","B45","R6065","290"
"Faculty of Languages","B45","R6066","360"
"Faculty of Languages","B45","R6067","300"
"Faculty of Languages","B45","R6068","380"
"Faculty of Languages","B45","R6069","250"
"Faculty of Languages","B45","R6070","10"
"Faculty of Languages","B45","R7071","300"
"Faculty of Languages","B45","R7072","480"
"Faculty of Languages","B45","R7073","290"
"Faculty of Languages","B45","R7074","270"
"Faculty of Languages","B45","R7075","270"
"Faculty of Languages","B45","R7076","110"
"Faculty of Languages","B45","R7077","70"
"Faculty of Languages","B45","R7078","50"
"Faculty of Languages","B45","R8079","280"
"Faculty of Languages","B45","R8080","110"
"Faculty of Languages","B45","R8081","450"
"Faculty of Languages","B45","R8082","110"
"Faculty of Languages","B45","R8083","390"
"Faculty of Languages","B45","R8084","390"
"Faculty of Languages","B45","R8085","250"
"Faculty of Languages","B30","R1000","380"
"Faculty of Languages","B30","R1001","310"
"Faculty of Languages","B30","R1002","100"
"Faculty of Languages","B30","R1003","470"
"Faculty of Languages","B30","R1004","140"
"Faculty of Languages","B30","R1005","350"
"Faculty of Languages","B30","R1006","370"
"Faculty of Languages","B30","R1007","10"
"Faculty of Languages","B30","R1008","400"
"Faculty of Languages","B30","R1009","200"
"Faculty of Languages","B30","R1010","340"
"Faculty of Languages","B30","R1011","320"
"Faculty of Languages","B30","R1012","380"
"Faculty of Languages","B30","R1013","350"
"Faculty of Languages","B30","R1014","360"
"Faculty of Languages","B30","R1015","400"
"Faculty of Languages","B30","R2016","130"
"Faculty of Languages","B30","R2017","230"
"Faculty of Languages","B30","R2018","410"
"Faculty of Languages","B30","R2019","360"
"Faculty of Languages","B30","R2020","300"
"Faculty of Languages","B30","R2021","40"
"Faculty of Languages","B30","R2022","440"
"Faculty of Languages","B30","R2023","250"
"Faculty of Languages","B30","R2024","390"
"Faculty of Languages","B30","R2025","210"
"Faculty of Languages","B30","R2026","220"
"Faculty of Languages","B30","R2027","470"
"Faculty of Languages","B30","R2028","180"
"Faculty of Languages","B30","R2029","440"
"Faculty of Languages","B30","R2030","320"
"Faculty of Languages","B30","R2031","240"
"Faculty of Languages","B30","R2032","40"
"Faculty of Languages","B30","R2033","450"
"Faculty of Languages","B30","R2034","340"
"Faculty of Languages","B30","R2035","390"
"Faculty of Languages","B30","R2036","200"
"Faculty of Languages","B30","R2037","310"
"Faculty of Languages","B30","R2038","470"
"Faculty of Languages","B30","R3039","180"
"Faculty of Languages","B30","R4040","350"
"Faculty of Languages","B30","R4041","450"
"Faculty of Languages","B30","R4042","10"
"Faculty of Languages","B30","R4043","150"
"Faculty of Languages","B30","R4044","10"
"Faculty of Languages","B30","R4045","420"
"Faculty of Languages","B30","R4046","90"
"Faculty of Languages","B30","R4047","280"
"Faculty of Languages","B30","R4048","330"
"Faculty of Languages","B30","R4049","390"
"Faculty of Languages","B30","R4050","230"
"Faculty of Languages","B30","R4051","40"
"Faculty of Languages","B30","R4052","80"
"Faculty of Languages","B30","R4053","190"
"Faculty of Languages","B30","R4054","350"
"Faculty of Languages","B30","R4055","90"
"Faculty of Languages","B30","R4056","190"
"Faculty of Languages","B30","R5057","300"
"Faculty of Languages","B30","R5058","460"
"Faculty of Languages","B30","R5059","20"
"Faculty of Languages","B30","R6060","290"
"Faculty of Languages","B30","R6061","310"
"Faculty of Languages","B30","R6062","100"
"Faculty of Languages","B30","R6063","140"
"Faculty of Languages","B30","R6064","240"
"Faculty of Languages","B30","R6065","320"
"Faculty of Languages","B30","R6066","390"
"Faculty of Languages","B30","R7067","40"
"Faculty of Languages","B30","R7068","450"
"Faculty of Languages","B30","R7069","130"
"Faculty of Languages","B30","R7070","350"
"Faculty of Languages","B30","R7071","400"
"Faculty of Languages","B30","R7072","260"
"Faculty of Languages","B30","R7073","260"
"Faculty of Languages","B30","R8074","180"
"Faculty of Languages","B30","R8075","130"
"Faculty of Languages","B30","R8076","430"
"Faculty of Languages","B30","R8077","340"
"Faculty of Languages","B30","R8078","10"
"Faculty of Languages","B30","R8079","90"
"Faculty of Languages","B30","R8080","360"
"Faculty of Languages","B30","R8081","140"
"Faculty of Languages","B30","R8082","40"
"Faculty of Languages","B30","R8083","420"
"Faculty of Languages","B30","R8084","260"
"Faculty of Languages","B30","R8085","360"
"Faculty of Languages","B30","R8086","60"
"Faculty of Languages","B27","R1000","400"
"Faculty of Languages","B27","R1001","220"
"Faculty of Languages","B27","R1002","450"
"Faculty of Languages","B27","R1003","460"
"Faculty of Languages","B27","R2004","310"
"Faculty of Languages","B27","R2005","80"
"Faculty of Languages","B27","R2006","150"
"Faculty of Languages","B27","R2007","180"
"Faculty of Languages","B27","R2008","270"
"Faculty of Languages","B27","R2009","60"
"Faculty of Languages","B27","R3010","320"
"Faculty of Languages","B27","R3011","60"
"Faculty of Languages","B27","R3012","110"
"Faculty of Languages","B27","R3013","420"
"Faculty of Languages","B27","R3014","20"
"Faculty of Languages","B27","R3015","110"
"Faculty of Languages","B27","R3016","330"
"Faculty of Languages","B27","R4017","140"
"Faculty of Languages","B27","R4018","360"
"Faculty of Languages","B27","R4019","190"
"Faculty of Languages","B27","R4020","240"
"Faculty of Languages","B27","R4021","350"
"Faculty of Languages","B27","R4022","130"
"Faculty of Languages","B27","R4023","260"
"Faculty of Languages","B27","R4024","200"
"Faculty of Languages","B27","R4025","320"
"Faculty of Languages","B27","R4026","80"
"Faculty of Languages","B27","R4027","150"
"Faculty of Languages","B27","R4028","420"
"Faculty of Languages","B27","R4029","400"
"Faculty of Languages","B27","R5030","150"
"Faculty of Languages","B27","R5031","170"
"Faculty of Languages","B27","R5032","210"
"Faculty of Languages","B27","R6033","90"
"Faculty of Languages","B27","R6034","350"
"Faculty of Languages","B27","R6035","420"
"Faculty of Languages","B27","R7036","160"
"Faculty of Languages","B27","R7037","30"
"Faculty of Languages","B27","R7038","190"
"Faculty of Languages","B27","R7039","200"
"Faculty of Languages","B27","R7040","300"
"Faculty of Languages","B27","R7041","440"
"Faculty of Languages","B27","R7042","80"
"Faculty of Languages","B27","R7043","50"
"Faculty of Languages","B27","R7044","60"
"Faculty of Languages","B27","R7045","10"
"Faculty of Languages","B27","R7046","200"
"Faculty of Languages","B27","R7047","300"
"Faculty of Languages","B27","R7048","220"
"Faculty of Languages","B27","R8049","430"
"Faculty of Languages","B27","R8050","470"
"Faculty of Languages","B27","R8051","300"
"Faculty of Languages","B27","R8052","480"
"Faculty of Languages","B27","R8053","310"
"Faculty of Languages","B27","R8054","440"
"Faculty of Languages","B27","R8055","310"
"Faculty of Languages","B27","R8056","140"
"Faculty of Languages","B27","R8057","320"
"Faculty of Languages","B27","R8058","100"
"Faculty of Languages","B27","R8059","320"
"Faculty of Languages","B27","R8060","210"
"Faculty of Languages","B27","R8061","140"
"Faculty of Languages","B27","R8062","230"
"Faculty of Languages","B27","R9063","10"
"Faculty of Languages","B27","R9064","90"
"Faculty of Languages","B27","R9065","380"
"Faculty of Languages","B27","R9066","60"
"Faculty of Languages","B27","R9067","450"
"Faculty of Languages","B27","R9068","490"
"Faculty of Languages","B27","R9069","170"
"Faculty of Languages","B27","R10070","190"
"Faculty of Languages","B27","R11071","200"
"Faculty of Languages","B27","R11072","330"
"Faculty of Languages","B27","R11073","60"
"Faculty of Languages","B27","R11074","180"
"Faculty of Languages","B27","R11075","190"
"Faculty of Languages","B27","R11076","20"
"Faculty of Languages","B27","R11077","290"
"Faculty of Languages","B27","R11078","440"
"Faculty of Languages","B27","R11079","320"
"Faculty of Languages","B27","R11080","170"
"Faculty of Languages","B27","R12081","260"
"Faculty of Languages","B27","R12082","290"
"Faculty of Languages","B27","R12083","80"
"Faculty of Languages","B27","R12084","390"
"Faculty of Languages","B27","R12085","410"
"Faculty of Languages","B27","R12086","370"
"Faculty of Languages","B27","R12087","410"
"Faculty of Languages","B27","R12088","110"
"Faculty of Languages","B27","R12089","380"
"Faculty of Languages","B27","R12090","290"
"Faculty of Languages","B27","R12091","40"
"Faculty of Languages","B27","R12092","180"
"Faculty of Languages","B27","R12093","360"
"Faculty of Languages","B27","R13094","320"
"Faculty of Languages","B27","R13095","150"
"Faculty of Languages","B27","R13096","350"
"Faculty of Languages","B27","R13097","430"
"Faculty of Languages","B28","R1000","290"
"Faculty of Languages","B28","R1001","100"
"Faculty of Languages","B28","R2002","260"
"Faculty of Languages","B28","R2003","160"
"Faculty of Languages","B28","R2004","290"
"Faculty of Languages","B28","R2005","340"
"Faculty of Languages","B28","R2006","100"
"Faculty of Languages","B28","R2007","470"
"Faculty of Languages","B28","R2008","20"
"Faculty of Languages","B28","R2009","200"
"Faculty of Languages","B28","R2010","450"
"Faculty of Languages","B28","R2011","130"
"Faculty of Languages","B28","R2012","350"
"Faculty of Languages","B28","R2013","70"
"Faculty of Languages","B28","R2014","390"
"Faculty of Languages","B28","R2015","10"
"Faculty of Languages","B28","R2016","120"
"Faculty of Languages","B28","R2017","80"
"Faculty of Languages","B28","R2018","180"
"Faculty of Languages","B28","R2019","120"
"Faculty of Languages","B28","R2020","470"
"Faculty of Languages","B28","R2021","490"
"Faculty of Languages","B53","R1000","100"
"Faculty of Languages","B53","R1001","490"
"Faculty of Languages","B53","R1002","400"
"Faculty of Languages","B53","R1003","240"
"Faculty of Languages","B53","R2004","320"
"Faculty of Languages","B53","R2005","250"
"Faculty of Languages","B53","R2006","10"
"Faculty of Languages","B53","R2007","70"
"Faculty of Languages","B53","R2008","80"
"Faculty of Languages","B53","R3009","120"
"Faculty of Languages","B53","R3010","300"
"Faculty of Languages","B53","R4011","350"
"Faculty of Languages","B53","R5012","260"
"Faculty of Languages","B53","R5013","170"
"Faculty of Languages","B53","R5014","380"
"Faculty of Languages","B53","R5015","110"
"Faculty of Languages","B53","R5016","160"
"Faculty of Languages","B53","R5017","440"
"Faculty of Languages","B53","R5018","140"
"Faculty of Languages","B53","R5019","160"
"Faculty of Languages","B53","R5020","110"
"Faculty of Languages","B53","R5021","430"
"Faculty of Languages","B53","R5022","120"
"Faculty of Languages","B53","R5023","270"
"Faculty of Languages","B53","R5024","100"
"Faculty of Languages","B53","R5025","360"
"Faculty of Languages","B53","R5026","80"
"Faculty of Languages","B53","R6027","140"
"Faculty of Languages","B53","R6028","90"
"Faculty of Languages","B53","R6029","30"
"Faculty of Languages","B53","R6030","140"
"Faculty of Languages","B53","R6031","190"
"Faculty of Languages","B53","R6032","420"
"Faculty of Languages","B53","R6033","270"
"Faculty of Languages","B53","R6034","300"
"Faculty of Languages","B53","R6035","270"
"Faculty of Languages","B53","R6036","170"
"Faculty of Languages","B53","R6037","450"
"Faculty of Languages","B53","R6038","170"
"Faculty of Languages","B53","R6039","430"
"Faculty of Languages","B53","R6040","460"
"Faculty of Languages","B53","R7041","480"
"Faculty of Languages","B53","R7042","200"
"Faculty of Languages","B53","R7043","30"
"Faculty of Languages","B53","R7044","50"
"Faculty of Languages","B53","R7045","400"
"Faculty of Languages","B53","R7046","380"
"Faculty of Languages","B53","R7047","460"
"Faculty of Languages","B53","R7048","340"
"Faculty of Languages","B53","R7049","220"
"Faculty of Languages","B96","R1000","480"
"Faculty of Languages","B96","R1001","30"
"Faculty of Languages","B96","R1002","40"
"Faculty of Languages","B96","R1003","230"
"Faculty of Languages","B96","R1004","240"
"Faculty of Languages","B96","R1005","200"
"Faculty of Languages","B96","R1006","110"
"Faculty of Languages","B96","R1007","30"
"Faculty of Languages","B96","R1008","480"
"Faculty of Languages","B96","R1009","460"
"Faculty of Languages","B96","R1010","270"
"Faculty of Languages","B96","R1011","310"
"Faculty of Languages","B96","R1012","260"
"Faculty of Languages","B96","R1013","400"
"Faculty of Languages","B96","R1014","290"
"Faculty of Languages","B96","R1015","230"
"Faculty of Languages","B96","R1016","380"
"Faculty of Languages","B96","R1017","260"
"Faculty of Languages","B96","R1018","390"
"Faculty of Languages","B96","R1019","260"
"Faculty of Languages","B96","R1020","30"
"Faculty of Languages","B96","R1021","460"
"Faculty of Languages","B96","R1022","280"
"Faculty of Languages","B96","R1023","420"
"Faculty of Languages","B96","R1024","460"
"Faculty of Languages","B96","R1025","70"
"Faculty of Languages","B96","R1026","340"
"Faculty of Languages","B96","R1027","260"
"Faculty of Languages","B96","R1028","290"
"Faculty of Languages","B96","R1029","440"
"Faculty of Languages","B96","R1030","210"
"Faculty of Languages","B96","R1031","210"
"Faculty of Languages","B96","R1032","310"
"Faculty of Languages","B96","R1033","260"
"Faculty of Languages","B96","R1034","130"
"Faculty of Languages","B96","R2035","140"
"Faculty of Languages","B96","R2036","210"
"Faculty of Languages","B96","R2037","110"
"Faculty of Languages","B99","R1000","490"
"Faculty of Languages","B99","R2001","430"
"Faculty of Languages","B99","R2002","460"
"Faculty of Languages","B99","R2003","40"
"Faculty of Languages","B99","R2004","240"
"Faculty of Languages","B99","R2005","300"
"Faculty of Languages","B99","R2006","400"
"Faculty of Languages","B99","R2007","40"
"Faculty of Languages","B99","R2008","290"
"Faculty of Languages","B99","R2009","270"
"Faculty of Languages","B99","R2010","290"
"Faculty of Languages","B99","R2011","120"
"Faculty of Languages","B99","R2012","130"
"Faculty of Languages","B99","R2013","240"
"Faculty of Languages","B99","R2014","240"
"Faculty of Languages","B99","R2015","60"
"Faculty of Languages","B99","R2016","290"
"Faculty of Languages","B99","R2017","30"
"Faculty of Languages","B99","R2018","470"
"Faculty of Languages","B99","R2019","30"
"Faculty of Languages","B99","R2020","100"
"Faculty of Languages","B99","R2021","190"
"Faculty of Languages","B99","R2022","100"
"Faculty of Languages","B99","R2023","410"
"Faculty of Languages","B99","R2024","390"
"Faculty of Languages","B99","R2025","430"
"Faculty of Languages","B99","R2026","210"
"Faculty of Languages","B99","R2027","330"
"Faculty of Languages","B99","R2028","240"
"Faculty of Languages","B99","R2029","80"
"Faculty of Languages","B99","R2030","330"
"Faculty of Languages","B99","R2031","280"
"Faculty of Languages","B99","R2032","280"
"Faculty of Languages","B99","R2033","370"
"Faculty of Languages","B99","R2034","240"
"Faculty of Languages","B99","R2035","100"
"Faculty of Languages","B99","R2036","400"
"Faculty of Languages","B99","R2037","120"
"Faculty of Languages","B99","R2038","180"
"Faculty of Languages","B99","R2039","360"
"Faculty of Languages","B99","R2040","90"
"Faculty of Languages","B99","R2041","360"
"Faculty of Languages","B99","R2042","120"
"Faculty of Languages","B99","R2043","200"
"Faculty of Languages","B99","R2044","190"
"Faculty of Languages","B99","R2045","330"
"Faculty of Languages","B99","R2046","440"
"Faculty of Languages","B99","R2047","170"
"Faculty of Languages","B99","R2048","490"
"Faculty of Languages","B99","R2049","470"
"Faculty of Languages","B99","R2050","400"
"Faculty of Languages","B99","R2051","190"
"Faculty of Languages","B99","R2052","80"
"Faculty of Languages","B99","R2053","260"
"Faculty of Languages","B99","R2054","180"
"Faculty of Languages","B99","R2055","250"
"Faculty of Languages","B99","R3056","310"
"Faculty of Languages","B99","R3057","150"
"Faculty of Languages","B99","R3058","20"
"Faculty of Languages","B99","R3059","300"
"Faculty of Languages","B99","R3060","370"
"Faculty of Languages","B99","R3061","460"
"Faculty of Languages","B99","R3062","350"
"Faculty of Languages","B99","R3063","350"
"Faculty of Languages","B99","R3064","490"
"Faculty of Languages","B99","R3065","70"
"Faculty of Languages","B99","R3066","400"
"Faculty of Languages","B99","R3067","260"
"Faculty of Languages","B99","R3068","80"
"Faculty of Languages","B99","R3069","240"
"Faculty of Languages","B99","R3070","250"
"Faculty of Languages","B99","R3071","300"
"Faculty of Languages","B99","R3072","40"
"Faculty of Languages","B99","R3073","380"
"Faculty of Languages","B99","R3074","470"
"Faculty of Languages","B99","R3075","110"
"Faculty of Languages","B99","R3076","310"
"Faculty of Languages","B99","R3077","130"
"Faculty of Languages","B99","R3078","50"
"Faculty of Languages","B99","R3079","420"
"Faculty of Languages","B99","R3080","340"
"Faculty of Languages","B99","R3081","290"
"Faculty of Languages","B99","R3082","120"
"Faculty of Languages","B99","R3083","430"
"Faculty of Languages","B99","R4084","80"
"Faculty of Languages","B99","R4085","240"
"Faculty of Languages","B99","R4086","380"
"Faculty of Languages","B99","R4087","210"
"Faculty of Languages","B99","R4088","230"
"Faculty of Languages","B99","R4089","90"
"Faculty of Technology","B40","R1000","40"
"Faculty of Technology","B40","R1001","100"
"Faculty of Technology","B40","R1002","420"
"Faculty of Technology","B40","R2003","300"
"Faculty of Technology","B40","R2004","400"
"Faculty of Technology","B40","R3005","140"
"Faculty of Technology","B40","R4006","430"
"Faculty of Technology","B40","R4007","440"
"Faculty of Technology","B40","R5008","200"
"Faculty of Technology","B40","R5009","70"
"Faculty of Technology","B40","R5010","410"
"Faculty of Technology","B40","R6011","200"
"Faculty of Technology","B40","R6012","60"
"Faculty of Technology","B40","R6013","440"
"Faculty of Technology","B40","R6014","430"
"Faculty of Technology","B40","R6015","320"
"Faculty of Technology","B40","R6016","350"
"Faculty of Technology","B40","R6017","340"
"Faculty of Technology","B40","R6018","290"
"Faculty of Technology","B40","R7019","390"
"Faculty of Technology","B40","R7020","320"
"Faculty of Technology","B40","R8021","250"
"Faculty of Technology","B40","R8022","170"
"Faculty of Technology","B40","R8023","360"
"Faculty of Technology","B40","R9024","110"
"Faculty of Technology","B40","R9025","250"
"Faculty of Technology","B40","R9026","30"
"Faculty of Technology","B40","R10027","10"
"Faculty of Technology","B40","R10028","230"
"Faculty of Technology","B40","R10029","40"
"Faculty of Technology","B40","R10030","220"
"Faculty of Technology","B40","R10031","240"
"Faculty of Technology","B40","R11032","370"
"Faculty of Technology","B40","R11033","380"
"Faculty of Technology","B40","R11034","10"
"Faculty of Technology","B40","R11035","370"
"Faculty of Technology","B40","R11036","320"
"Faculty of Technology","B40","R11037","440"
"Faculty of Technology","B40","R11038","450"
"Faculty of Technology","B40","R11039","110"
"Faculty of Technology","B40","R11040","40"
"Faculty of Technology","B40","R11041","200"
"Faculty of Technology","B40","R11042","170"
"Faculty of Technology","B40","R11043","310"
"Faculty of Technology","B40","R11044","370"
"Faculty of Technology","B40","R11045","220"
"Faculty of Technology","B40","R11046","110"
"Faculty of Technology","B40","R11047","420"
"Faculty of Technology","B40","R11048","310"
"Faculty of Technology","B40","R11049","300"
"Faculty of Technology","B40","R11050","330"
"Faculty of Technology","B40","R11051","190"
"Faculty of Technology","B40","R11052","280"
"Faculty of Technology","B40","R11053","490"
"Faculty of Technology","B40","R12054","110"
"Faculty of Technology","B40","R12055","490"
"Faculty of Technology","B40","R12056","370"
"Faculty of Technology","B40","R12057","60"
"Faculty of Technology","B40","R12058","90"
"Faculty of Technology","B40","R12059","420"
"Faculty of Technology","B40","R12060","380"
"Faculty of Technology","B40","R12061","110"
"Faculty of Technology","B40","R12062","440"
"Faculty of Technology","B40","R12063","180"
"Faculty of Technology","B40","R12064","430"
"Faculty of Technology","B40","R12065","70"
"Faculty of Technology","B40","R12066","400"
"Faculty of Technology","B40","R12067","460"
"Faculty of Technology","B40","R12068","60"
"Faculty of Technology","B40","R12069","120"
"Faculty of Technology","B40","R12070","360"
"Faculty of Technology","B40","R12071","220"
"Faculty of Technology","B40","R12072","430"
"Faculty of Technology","B40","R12073","450"
"Faculty of Technology","B40","R12074","260"
"Faculty of Technology","B40","R12075","50"
"Faculty of Technology","B40","R12076","370"
"Faculty of Technology","B65","R1000","260"
"Faculty of Technology","B65","R1001","470"
"Faculty of Technology","B65","R1002","240"
"Faculty of Technology","B65","R1003","160"
"Faculty of Technology","B65","R1004","260"
"Faculty of Technology","B65","R1005","370"
"Faculty of Technology","B65","R1006","410"
"Faculty of Technology","B65","R1007","300"
"Faculty of Technology","B65","R1008","400"
"Faculty of Technology","B65","R1009","150"
"Faculty of Technology","B65","R1010","20"
"Faculty of Technology","B65","R1011","330"
"Faculty of Technology","B65","R1012","210"
"Faculty of Technology","B65","R1013","420"
"Faculty of Technology","B65","R1014","440"
"Faculty of Technology","B65","R2015","430"
"Faculty of Technology","B65","R3016","470"
"Faculty of Technology","B65","R3017","10"
"Faculty of Technology","B65","R3018","30"
"Faculty of Technology","B65","R3019","50"
"Faculty of Technology","B65","R3020","330"
"Faculty of Technology","B65","R3021","440"
"Faculty of Technology","B65","R3022","200"
"Faculty of Technology","B65","R3023","160"
"Faculty of Technology","B65","R4024","150"
"Faculty of Technology","B65","R4025","310"
"Faculty of Technology","B65","R4026","180"
"Faculty of Technology","B65","R4027","220"
"Faculty of Technology","B65","R4028","230"
"Faculty of Technology","B65","R4029","330"
"Faculty of Technology","B65","R4030","150"
"Faculty of Technology","B65","R4031","330"
"Faculty of Technology","B65","R4032","380"
"Faculty of Technology","B65","R4033","130"
"Faculty of Technology","B65","R4034","450"
"Faculty of Technology","B65","R4035","380"
"Faculty of Technology","B65","R5036","70"
"Faculty of Technology","B65","R5037","90"
"Faculty of Technology","B65","R5038","460"
"Faculty of Technology","B65","R5039","280"
"Faculty of Technology","B65","R5040","350"
"Faculty of Technology","B65","R5041","120"
"Faculty of Technology","B65","R5042","70"
"Faculty of Technology","B65","R6043","30"
"Faculty of Technology","B65","R6044","170"
"Faculty of Technology","B65","R7045","200"
"Faculty of Technology","B65","R7046","100"
"Faculty of Technology","B65","R7047","160"
"Faculty of Technology","B65","R8048","130"
"Faculty of Technology","B65","R8049","190"
"Faculty of Technology","B65","R8050","70"
"Faculty of Technology","B65","R8051","60"
"Faculty of Technology","B65","R8052","300"
"Faculty of Technology","B65","R8053","340"
"Faculty of Technology","B65","R8054","440"
"Faculty of Technology","B65","R8055","30"
"Faculty of Technology","B65","R8056","380"
"Faculty of Technology","B65","R8057","440"
"Faculty of Technology","B65","R8058","140"
"Faculty of Technology","B65","R8059","80"
"Faculty of Technology","B65","R8060","140"
"Faculty of Technology","B65","R8061","450"
"Faculty of Technology","B65","R8062","140"
"Faculty of Technology","B65","R8063","180"
"Faculty of Technology","B65","R8064","130"
"Faculty of Technology","B65","R8065","220"
"Faculty of Technology","B65","R8066","180"
"Faculty of Technology","B62","R1000","330"
"Faculty of Technology","B62","R1001","420"
"Faculty of Technology","B62","R2002","80"
"Faculty of Technology","B62","R2003","210"
"Faculty of Technology","B62","R2004","310"
"Faculty of Technology","B62","R2005","310"
"Faculty of Technology","B62","R2006","30"
"Faculty of Technology","B62","R2007","290"
"Faculty of Technology","B62","R2008","350"
"Faculty of Technology","B62","R2009","120"
"Faculty of Technology","B62","R2010","70"
"Faculty of Technology","B62","R2011","450"
"Faculty of Technology","B62","R2012","80"
"Faculty of Technology","B62","R2013","90"
"Faculty of Technology","B62","R2014","290"
"Faculty of Technology","B62","R2015","50"
"Faculty of Technology","B62","R2016","440"
"Faculty of Technology","B62","R2017","440"
"Faculty of Technology","B14","R1000","470"
"Faculty of Technology","B14","R1001","490"
"Faculty of Technology","B14","R1002","480"
"Faculty of Technology","B14","R2003","440"
"Faculty of Technology","B14","R2004","380"
"Faculty of Technology","B14","R2005","480"
"Faculty of Technology","B14","R2006","40"
"Faculty of Technology","B14","R2007","210"
"Faculty of Technology","B14","R2008","160"
"Faculty of Technology","B14","R2009","50"
"Faculty of Technology","B14","R2010","340"
"Faculty of Technology","B14","R2011","410"
"Faculty of Technology","B14","R2012","200"
"Faculty of Technology","B14","R3013","480"
"Faculty of Technology","B14","R3014","440"
"Faculty of Technology","B14","R3015","480"
"Faculty of Technology","B14","R3016","60"
"Faculty of Technology","B14","R3017","400"
"Faculty of Technology","B14","R3018","100"
"Faculty of Technology","B14","R3019","480"
"Faculty of Technology","B14","R3020","240"
"Faculty of Technology","B14","R3021","260"
"Faculty of Technology","B14","R3022","280"
"Faculty of Technology","B14","R3023","360"
"Faculty of Technology","B14","R3024","100"
"Faculty of Technology","B14","R4025","460"
"Faculty of Technology","B14","R5026","50"
"Faculty of Technology","B14","R5027","440"
"Faculty of Technology","B14","R5028","280"
"Faculty of Technology","B14","R5029","210"
"Faculty of Technology","B14","R5030","220"
"Faculty of Technology","B14","R6031","270"
"Faculty of Technology","B14","R6032","310"
"Faculty of Technology","B14","R6033","490"
"Faculty of Technology","B14","R6034","470"
"Faculty of Technology","B14","R6035","180"
"Faculty of Technology","B14","R6036","270"
"Faculty of Technology","B14","R6037","220"
"Faculty of Technology","B14","R6038","470"
"Faculty of Technology","B14","R6039","200"
"Faculty of Technology","B14","R6040","230"
"Faculty of Technology","B14","R6041","360"
"Faculty of Technology","B14","R6042","100"
"Faculty of Technology","B14","R6043","60"
"Faculty of Technology","B14","R6044","260"
"Faculty of Technology","B14","R6045","330"
"Faculty of Technology","B14","R6046","170"
"Faculty of Technology","B14","R6047","350"
"Faculty of Technology","B14","R6048","380"
"Faculty of Technology","B14","R6049","80"
"Faculty of Technology","B14","R6050","480"
"Faculty of Technology","B14","R6051","350"
"Faculty of Technology","B14","R6052","280"
"Faculty of Technology","B14","R6053","350"
"Faculty of Technology","B14","R7054","260"
"Faculty of Technology","B14","R7055","400"
"Faculty of Technology","B14","R7056","370"
"Faculty of Technology","B14","R7057","120"
"Faculty of Technology","B14","R7058","250"
"Faculty of Technology","B14","R7059","270"
"Faculty of Technology","B14","R8060","50"
"Faculty of Technology","B14","R8061","280"
"Faculty of Technology","B14","R8062","100"
"Faculty of Technology","B14","R8063","360"
"Faculty of Technology","B14","R8064","340"
"Faculty of Technology","B14","R9065","300"
"Faculty of Technology","B14","R9066","270"
"Faculty of Technology","B14","R9067","70"
"Faculty of Technology","B14","R9068","300"
"Faculty of Technology","B14","R9069","370"
"Faculty of Technology","B14","R9070","250"
"Faculty of Technology","B14","R9071","70"
"Faculty of Technology","B14","R9072","200"
"Faculty of Technology","B14","R9073","430"
"Faculty of Technology","B14","R9074","250"
"Faculty of Technology","B14","R10075","270"
"Faculty of Technology","B14","R10076","150"
"Faculty of Technology","B85","R1000","390"
"Faculty of Technology","B85","R1001","90"
"Faculty of Technology","B85","R1002","200"
"Faculty of Technology","B85","R1003","250"
"Faculty of Technology","B85","R1004","490"
"Faculty of Technology","B85","R1005","20"
"Faculty of Technology","B85","R1006","380"
"Faculty of Technology","B85","R1007","210"
"Faculty of Technology","B85","R1008","330"
"Faculty of Technology","B85","R1009","320"
"Faculty of Technology","B85","R1010","100"
"Faculty of Technology","B85","R1011","360"
"Faculty of Technology","B85","R1012","210"
"Faculty of Technology","B85","R1013","70"
"Faculty of Technology","B85","R1014","200"
"Faculty of Technology","B85","R1015","30"
"Faculty of Technology","B85","R1016","450"
"Faculty of Technology","B85","R1017","100"
"Faculty of Technology","B85","R1018","130"
"Faculty of Technology","B85","R1019","390"
"Faculty of Technology","B85","R1020","160"
"Faculty of Technology","B85","R1021","320"
"Faculty of Technology","B85","R1022","40"
"Faculty of Technology","B85","R1023","200"
"Faculty of Technology","B85","R1024","180"
"Faculty of Technology","B85","R1025","190"
"Faculty of Technology","B85","R1026","40"
"Faculty of Technology","B85","R1027","130"
"Faculty of Technology","B85","R1028","490"
"Faculty of Technology","B85","R1029","120"
"Faculty of Technology","B85","R2030","440"
"Faculty of Technology","B85","R2031","250"
"Faculty of Technology","B85","R2032","450"
"Faculty of Technology","B85","R2033","280"
"Faculty of Technology","B85","R3034","230"
"Faculty of Technology","B85","R3035","400"
"Faculty of Technology","B85","R3036","470"
"Faculty of Technology","B85","R3037","210"
"Faculty of Technology","B85","R3038","480"
"Faculty of Technology","B85","R3039","20"
"Faculty of Technology","B85","R3040","420"
"Faculty of Technology","B85","R3041","360"
"Faculty of Technology","B84","R1000","150"
"Faculty of Technology","B84","R1001","30"
"Faculty of Technology","B84","R1002","50"
"Faculty of Technology","B84","R1003","390"
"Faculty of Technology","B84","R1004","30"
"Faculty of Technology","B84","R1005","480"
"Faculty of Technology","B84","R1006","30"
"Faculty of Technology","B84","R1007","420"
"Faculty of Technology","B84","R1008","160"
"Faculty of Technology","B84","R1009","220"
"Faculty of Technology","B84","R1010","100"
"Faculty of Technology","B84","R1011","360"
"Faculty of Technology","B84","R1012","190"
"Faculty of Technology","B84","R2013","90"
"Faculty of Technology","B84","R2014","390"
"Faculty of Technology","B84","R2015","450"
"Faculty of Technology","B84","R2016","100"
"Faculty of Technology","B84","R2017","460"
"Faculty of Technology","B84","R2018","300"
"Faculty of Technology","B84","R2019","250"
"Faculty of Technology","B84","R2020","230"
"Faculty of Technology","B84","R2021","100"
"Faculty of Technology","B84","R3022","290"
"Faculty of Technology","B84","R3023","10"
"Faculty of Technology","B84","R3024","240"
"Faculty of Technology","B84","R3025","130"
"Faculty of Technology","B84","R3026","450"
"Faculty of Technology","B84","R3027","480"
"Faculty of Technology","B84","R3028","80"
"Faculty of Technology","B84","R4029","280"
"Faculty of Technology","B84","R4030","70"
"Faculty of Technology","B84","R4031","230"
"Faculty of Technology","B84","R5032","260"
"Faculty of Technology","B84","R5033","340"
"Faculty of Technology","B84","R5034","360"
"Faculty of Technology","B84","R5035","490"
"Faculty of Technology","B84","R5036","400"
"Faculty of Technology","B84","R5037","200"
"Faculty of Technology","B84","R5038","240"
"Faculty of Technology","B84","R5039","130"
"Faculty of Technology","B84","R5040","130"
"Faculty of Technology","B84","R5041","390"
"Faculty of Technology","B84","R5042","210"
"Faculty of Technology","B84","R5043","380"
"Faculty of Technology","B84","R5044","320"
"Faculty of Technology","B84","R5045","180"
"Faculty of Technology","B84","R6046","350"
"Faculty of Technology","B84","R6047","90"
"Faculty of Technology","B84","R6048","240"
"Faculty of Technology","B84","R6049","20"
"Faculty of Technology","B84","R6050","320"
"Faculty of Technology","B84","R6051","360"
"Faculty of Technology","B84","R7052","60"
"Faculty of Technology","B84","R7053","340"
"Faculty of Technology","B84","R7054","300"
"Faculty of Technology","B84","R7055","420"
"Faculty of Technology","B84","R7056","130"
"Faculty of Technology","B84","R7057","180"
"Faculty of Technology","B84","R7058","370"
"Faculty of Technology","B84","R7059","200"
"Faculty of Technology","B84","R7060","370"
"Faculty of Technology","B84","R7061","300"
"Faculty of Technology","B84","R8062","40"
"Faculty of Technology","B84","R8063","30"
"Faculty of Technology","B84","R8064","50"
"Faculty of Technology","B84","R8065","100"
"Faculty of Technology","B84","R8066","300"
"Faculty of Technology","B84","R8067","390"
"Faculty of Technology","B84","R8068","380"
"Faculty of Technology","B84","R8069","320"
"Faculty of Technology","B84","R8070","370"
"Faculty of Technology","B84","R8071","260"
"Faculty of Technology","B84","R8072","20"
"Faculty of Technology","B84","R8073","10"
"Faculty of Technology","B67","R1000","340"
"Faculty of Technology","B67","R1001","110"
"Faculty of Technology","B67","R1002","90"
"Faculty of Technology","B67","R1003","420"
"Faculty of Technology","B67","R1004","90"
"Faculty of Technology","B67","R1005","110"
"Faculty of Technology","B67","R2006","390"
"Faculty of Technology","B67","R3007","50"
"Faculty of Technology","B67","R3008","470"
"Faculty of Technology","B67","R3009","40"
"Faculty of Technology","B67","R3010","270"
"Faculty of Technology","B67","R3011","140"
"Faculty of Technology","B67","R4012","50"
"Faculty of Technology","B67","R4013","160"
"Faculty of Technology","B67","R4014","340"
"Faculty of Technology","B67","R4015","100"
"Faculty of Technology","B67","R4016","260"
"Faculty of Technology","B67","R4017","70"
"Faculty of Technology","B67","R4018","20"
"Faculty of Technology","B67","R4019","40"
"Faculty of Technology","B67","R4020","240"
"Faculty of Technology","B67","R4021","80"
"Faculty of Technology","B67","R5022","370"
"Faculty of Technology","B67","R5023","320"
"Faculty of Technology","B67","R5024","270"
"Faculty of Technology","B67","R5025","330"
"Faculty of Technology","B67","R6026","170"
"Faculty of Technology","B67","R6027","150"
"Faculty of Technology","B67","R6028","220"
"Faculty of Technology","B67","R6029","460"
"Faculty of Technology","B67","R6030","30"
"Faculty of Technology","B67","R6031","280"
"Faculty of Technology","B67","R6032","430"
"Faculty of Technology","B67","R6033","320"
"Faculty of Technology","B67","R6034","140"
"Faculty of Technology","B67","R6035","430"
"Faculty of Technology","B67","R6036","30"
"Faculty of Technology","B67","R6037","140"
"Faculty of Technology","B67","R7038","160"
"Faculty of Technology","B67","R7039","240"
"Faculty of Technology","B67","R7040","380"
"Faculty of Technology","B67","R7041","210"
"Faculty of Technology","B67","R7042","390"
"Faculty of Technology","B67","R7043","70"
"Faculty of Technology","B67","R7044","30"
"Faculty of Technology","B67","R7045","160"
"Faculty of Technology","B67","R7046","390"
"Faculty of Technology","B67","R7047","330"
"Faculty of Technology","B67","R7048","130"
"Faculty of Technology","B67","R7049","370"
"Faculty of Technology","B67","R7050","370"
"Faculty of Technology","B67","R7051","20"
"Faculty of Technology","B67","R7052","160"
"Faculty of Technology","B67","R7053","60"
"Faculty of Technology","B67","R7054","200"
"Faculty of Technology","B67","R7055","90"
"Faculty of Technology","B67","R7056","260"
"Faculty of Technology","B67","R7057","420"
"Faculty of Technology","B67","R7058","440"
"Faculty of Technology","B67","R7059","130"
"Faculty of Technology","B67","R7060","240"
"Faculty of Technology","B67","R7061","50"
"Faculty of Technology","B67","R7062","350"
"Faculty of Technology","B67","R7063","450"
"Faculty of Technology","B67","R7064","380"
"Faculty of Technology","B67","R7065","200"
"Faculty of Technology","B67","R7066","140"
"Faculty of Technology","B67","R7067","310"
"Faculty of Technology","B67","R7068","110"
"Faculty of Technology","B67","R8069","180"
"Faculty of Technology","B67","R8070","120"
"Faculty of Technology","B67","R8071","440"
"Faculty of Technology","B67","R8072","360"
"Faculty of Technology","B67","R8073","460"
"Faculty of Technology","B67","R8074","400"
"Faculty of Technology","B67","R8075","290"
"Faculty of Technology","B67","R8076","370"
"Faculty of Technology","B67","R8077","40"
"Faculty of Technology","B67","R8078","370"
"Faculty of Technology","B67","R8079","150"
"Faculty of Technology","B67","R8080","230"
"Faculty of Technology","B67","R9081","100"
"Faculty of Technology","B67","R9082","230"
"Faculty of Technology","B67","R9083","270"
"Faculty of Technology","B67","R9084","140"
"Faculty of Technology","B44","R1000","320"
"Faculty of Technology","B44","R1001","110"
"Faculty of Technology","B44","R1002","120"
"Faculty of Technology","B44","R1003","260"
"Faculty of Technology","B44","R2004","300"
"Faculty of Technology","B44","R2005","300"
"Faculty of Technology","B44","R2006","400"
"Faculty of Technology","B44","R2007","410"
"Faculty of Technology","B44","R2008","300"
"Faculty of Technology","B44","R2009","80"
"Faculty of Technology","B44","R2010","130"
"Faculty of Technology","B44","R2011","30"
"Faculty of Technology","B44","R2012","400"
"Faculty of Technology","B44","R2013","200"
"Faculty of Technology","B44","R2014","450"
"Faculty of Technology","B44","R2015","360"
"Faculty of Technology","B44","R3016","160"
"Faculty of Technology","B44","R3017","120"
"Faculty of Technology","B44","R3018","490"
"Faculty of Technology","B44","R3019","190"
"Faculty of Technology","B44","R3020","40"
"Faculty of Technology","B44","R3021","330"
"Faculty of Technology","B44","R4022","190"
"Faculty of Technology","B44","R4023","80"
"Faculty of Technology","B44","R4024","320"
"Faculty of Technology","B44","R4025","430"
"Faculty of Technology","B44","R4026","330"
"Faculty of Technology","B44","R4027","270"
"Faculty of Technology","B44","R4028","300"
"Faculty of Technology","B44","R4029","370"
"Faculty of Technology","B44","R4030","100"
"Faculty of Technology","B44","R4031","380"
"Faculty of Technology","B44","R4032","100"
"Faculty of Technology","B44","R4033","60"
"Faculty of Technology","B44","R5034","20"
"Faculty of Technology","B44","R5035","180"
"Faculty of Technology","B44","R5036","390"
"Faculty of Technology","B44","R5037","70"
"Faculty of Technology","B44","R5038","90"
"Faculty of Technology","B44","R5039","270"
"Faculty of Technology","B44","R5040","340"
"Faculty of Technology","B44","R5041","380"
"Faculty of Technology","B44","R5042","350"
"Faculty of Technology","B44","R5043","410"
"Faculty of Technology","B44","R5044","190"
"Faculty of Technology","B44","R5045","360"
"Faculty of Technology","B44","R5046","190"
"Faculty of Technology","B44","R5047","240"
"Faculty of Technology","B44","R5048","410"
"Faculty of Technology","B44","R5049","90"
"Faculty of Technology","B44","R5050","70"
"Faculty of Technology","B44","R5051","350"
"Faculty of Technology","B44","R5052","140"
"Faculty of Technology","B44","R5053","140"
"Faculty of Technology","B44","R6054","390"
"Faculty of Technology","B44","R6055","90"
"Faculty of Technology","B44","R6056","180"
"Faculty of Technology","B44","R6057","180"
"Faculty of Technology","B44","R6058","230"
"Faculty of Technology","B44","R6059","390"
"Faculty of Technology","B44","R6060","240"
"Faculty of Technology","B44","R6061","480"
"Faculty of Technology","B44","R6062","180"
"Faculty of Technology","B44","R6063","290"
"Faculty of Technology","B44","R6064","80"
"Faculty of Technology","B44","R6065","120"
"Faculty of Technology","B44","R6066","220"
"Faculty of Technology","B44","R6067","260"
"Faculty of Technology","B44","R7068","40"
"Faculty of Technology","B44","R7069","160"
"Faculty of Technology","B44","R7070","450"
"Faculty of Technology","B44","R7071","240"
"Faculty of Technology","B44","R7072","350"
"Faculty of Technology","B44","R7073","220"
"Faculty of Technology","B44","R8074","220"
"Faculty of Technology","B44","R8075","40"
"Faculty of Technology","B44","R8076","400"
"Faculty of Technology","B58","R1000","190"
"Faculty of Technology","B58","R1001","410"
"Faculty of Technology","B58","R1002","400"
"Faculty of Technology","B58","R1003","40"
"Faculty of Technology","B58","R1004","390"
"Faculty of Technology","B58","R1005","190"
"Faculty of Technology","B58","R1006","100"
"Faculty of Technology","B58","R1007","270"
"Faculty of Technology","B58","R1008","220"
"Faculty of Technology","B58","R1009","460"
"Faculty of Technology","B58","R1010","310"
"Faculty of Technology","B58","R1011","470"
"Faculty of Technology","B58","R1012","310"
"Faculty of Technology","B58","R2013","420"
"Faculty of Technology","B58","R2014","320"
"Faculty of Technology","B58","R2015","390"
"Faculty of Technology","B58","R2016","230"
"Faculty of Technology","B58","R2017","300"
"Faculty of Technology","B58","R2018","450"
"Faculty of Technology","B58","R2019","400"
"Faculty of Technology","B87","R1000","70"
"Faculty of Technology","B87","R1001","240"
"Faculty of Technology","B87","R1002","170"
"Faculty of Technology","B87","R1003","190"
"Faculty of Technology","B87","R1004","470"
"Faculty of Technology","B87","R1005","220"
"Faculty of Technology","B87","R1006","270"
"Faculty of Technology","B87","R1007","140"
"Faculty of Technology","B87","R1008","190"
"Faculty of Technology","B87","R1009","370"
"Faculty of Technology","B87","R1010","40"
"Faculty of Technology","B87","R1011","290"
"Faculty of Technology","B87","R1012","330"
"Faculty of Technology","B87","R1013","380"
"Faculty of Technology","B87","R1014","370"
"Faculty of Technology","B87","R1015","40"
"Faculty of Technology","B87","R1016","390"
"Faculty of Technology","B87","R1017","490"
"Faculty of Technology","B87","R1018","350"
"Faculty of Technology","B87","R2019","200"
"Faculty of Technology","B87","R2020","300"
"Faculty of Technology","B87","R2021","360"
"Faculty of Technology","B87","R2022","470"
"Faculty of Technology","B87","R3023","200"
"Faculty of Technology","B87","R3024","170"
"Faculty of Technology","B87","R3025","40"
"Faculty of Technology","B87","R4026","490"
"Faculty of Technology","B87","R4027","360"
"Faculty of Technology","B87","R4028","260"
"Faculty of Technology","B87","R4029","230"
"Faculty of Technology","B87","R4030","390"
"Faculty of Technology","B87","R4031","450"
"Faculty of Technology","B87","R4032","450"
"Faculty of Technology","B87","R4033","480"
"Faculty of Technology","B87","R5034","410"
"Faculty of Technology","B87","R5035","320"
"Faculty of Technology","B87","R5036","290"
"Faculty of Technology","B87","R5037","30"
"Faculty of Technology","B87","R5038","320"
"Faculty of Technology","B87","R5039","360"
"Faculty of Technology","B87","R5040","80"
"Faculty of Technology","B87","R5041","120"
"Faculty of Technology","B87","R5042","110"
"Faculty of Technology","B87","R5043","270"
"Faculty of Technology","B87","R5044","180"
"Faculty of Technology","B87","R6045","50"
"Faculty of Technology","B87","R6046","260"
"Faculty of Technology","B87","R7047","80"
"Faculty of Technology","B87","R7048","300"
"Faculty of Technology","B87","R7049","390"
"Faculty of Technology","B87","R7050","450"
"Faculty of Technology","B87","R7051","110"
"Faculty of Technology","B87","R7052","90"
"Faculty of Technology","B87","R7053","70"
"Faculty of Technology","B87","R7054","380"
"Faculty of Technology","B87","R7055","200"
"Faculty of Technology","B87","R7056","170"
"Faculty of Technology","B87","R7057","360"
"Faculty of Technology","B87","R7058","230"
"Faculty of Technology","B87","R7059","50"
"Faculty of Technology","B87","R7060","270"
"Faculty of Technology","B87","R7061","380"
"Faculty of Technology","B87","R7062","150"
"Faculty of Technology","B87","R7063","480"
"Faculty of Technology","B87","R7064","200"
"Faculty of Technology","B87","R7065","260"
"Faculty of Technology","B87","R7066","400"
"Faculty of Technology","B87","R7067","260"
"Faculty of Technology","B87","R7068","210"
"Faculty of Technology","B87","R7069","480"
"Faculty of Technology","B87","R7070","430"
"Faculty of Technology","B87","R7071","180"
"Faculty of Technology","B87","R7072","260"
"Faculty of Technology","B87","R7073","350"
"Faculty of Technology","B87","R7074","380"
"Faculty of Technology","B87","R7075","390"
"Faculty of Technology","B87","R7076","90"
"Faculty of Technology","B25","R1000","210"
"Faculty of Technology","B25","R1001","230"
"Faculty of Technology","B25","R1002","420"
"Faculty of Technology","B25","R1003","350"
"Faculty of Technology","B25","R1004","460"
"Faculty of Technology","B25","R1005","310"
"Faculty of Technology","B25","R1006","10"
"Faculty of Technology","B25","R1007","470"
"Faculty of Technology","B25","R1008","270"
"Faculty of Technology","B25","R1009","190"
"Faculty of Technology","B25","R1010","460"
"Faculty of Technology","B25","R1011","220"
"Faculty of Technology","B25","R1012","370"
"Faculty of Technology","B25","R1013","140"
"Faculty of Technology","B25","R2014","30"
"Faculty of Technology","B25","R3015","80"
"Faculty of Technology","B25","R3016","240"
"Faculty of Technology","B25","R3017","20"
"Faculty of Technology","B25","R3018","110"
"Faculty of Technology","B25","R3019","400"
"Faculty of Technology","B25","R4020","80"
"Faculty of Technology","B25","R5021","440"
"Faculty of Technology","B25","R5022","430"
"Faculty of Technology","B25","R5023","270"
"Faculty of Technology","B25","R5024","430"
"Faculty of Technology","B25","R5025","180"
"Faculty of Technology","B25","R5026","330"
"Faculty of Technology","B25","R5027","440"
"Faculty of Technology","B25","R5028","90"
"Faculty of Technology","B25","R5029","260"
"Faculty of Technology","B25","R6030","440"
"Faculty of Technology","B25","R6031","320"
"Faculty of Technology","B25","R6032","100"
"Faculty of Technology","B25","R6033","360"
"Faculty of Technology","B25","R6034","270"
"Faculty of Technology","B25","R6035","30"
"Faculty of Technology","B25","R6036","180"
"Faculty of Technology","B25","R6037","170"
"Faculty of Technology","B25","R6038","140"
"Faculty of Technology","B25","R6039","210"
"Faculty of Technology","B25","R6040","350"
"Faculty of Technology","B25","R6041","400"
"Faculty of Technology","B25","R6042","180"
"Faculty of Technology","B25","R6043","60"
"Faculty of Technology","B25","R6044","230"
"Faculty of Technology","B25","R6045","360"
"Faculty of Technology","B25","R6046","250"
"Faculty of Technology","B25","R6047","170"
"Faculty of Technology","B25","R6048","400"
"Faculty of Technology","B25","R6049","20"
"Faculty of Technology","B25","R6050","20"
"Faculty of Technology","B25","R6051","330"
"Faculty of Technology","B25","R6052","110"
"Faculty of Technology","B25","R6053","380"
"Faculty of Technology","B25","R6054","150"
"Faculty of Technology","B25","R6055","290"
"Faculty of Technology","B22","R1000","150"
"Faculty of Technology","B22","R1001","450"
"Faculty of Technology","B22","R1002","190"
"Faculty of Technology","B22","R1003","30"
"Faculty of Technology","B22","R1004","230"
"Faculty of Technology","B22","R1005","180"
"Faculty of Technology","B22","R1006","70"
"Faculty of Technology","B22","R1007","340"
"Faculty of Technology","B22","R1008","380"
"Faculty of Technology","B22","R1009","160"
"Faculty of Technology","B22","R1010","350"
"Faculty of Technology","B22","R1011","100"
"Faculty of Technology","B22","R1012","460"
"Faculty of Technology","B22","R1013","280"
"Faculty of Technology","B22","R1014","130"
"Faculty of Technology","B11","R1000","140"
"Faculty of Technology","B11","R1001","390"
"Faculty of Technology","B11","R1002","360"
"Faculty of Technology","B11","R1003","260"
"Faculty of Technology","B11","R1004","170"
"Faculty of Technology","B11","R1005","30"
"Faculty of Technology","B11","R1006","490"
"Faculty of Technology","B11","R1007","480"
"Faculty of Technology","B11","R1008","290"
"Faculty of Technology","B11","R1009","150"
"Faculty of Technology","B11","R1010","40"
"Faculty of Technology","B11","R1011","100"
"Faculty of Technology","B11","R1012","300"
"Faculty of Technology","B11","R1013","280"
"Faculty of Technology","B11","R1014","240"
"Faculty of Technology","B11","R1015","250"
"Faculty of Technology","B11","R1016","230"
"Faculty of Technology","B11","R1017","90"
"Faculty of Technology","B11","R1018","440"
"Faculty of Technology","B11","R1019","450"
"Faculty of Technology","B11","R1020","240"
"Faculty of Technology","B11","R1021","170"
"Faculty of Technology","B11","R1022","110"
"Faculty of Technology","B11","R1023","400"
"Faculty of Technology","B11","R2024","340"
"Faculty of Technology","B11","R3025","240"
"Faculty of Technology","B11","R3026","250"
"Faculty of Technology","B11","R4027","190"
"Faculty of Technology","B11","R4028","370"
"Faculty of Technology","B11","R4029","100"
"Faculty of Technology","B11","R5030","160"
"Faculty of Technology","B11","R5031","220"
"Faculty of Technology","B11","R5032","280"
"Faculty of Technology","B11","R5033","130"
"Faculty of Technology","B11","R5034","410"
"Faculty of Technology","B11","R5035","70"
"Faculty of Technology","B11","R6036","130"
"Faculty of Technology","B11","R6037","200"
"Faculty of Technology","B11","R6038","350"
"Faculty of Technology","B11","R6039","10"
"Faculty of Technology","B11","R6040","400"
"Faculty of Technology","B11","R6041","370"
"Faculty of Technology","B11","R6042","90"
"Faculty of Technology","B11","R6043","140"
"Faculty of Technology","B11","R6044","90"
"Faculty of Technology","B11","R6045","80"
"Faculty of Technology","B11","R6046","330"
"Faculty of Technology","B11","R6047","180"
"Faculty of Technology","B11","R6048","180"
"Faculty of Technology","B11","R6049","220"
"Faculty of Technology","B11","R6050","400"
"Faculty of Technology","B11","R6051","180"
"Faculty of Technology","B11","R6052","460"
"Faculty of Technology","B11","R6053","430"
"Faculty of Technology","B11","R6054","200"
"Faculty of Technology","B11","R6055","150"
"Faculty of Technology","B11","R6056","450"
"Faculty of Technology","B11","R6057","270"
"Faculty of Technology","B11","R6058","270"
"Faculty of Technology","B11","R6059","30"
"Faculty of Technology","B11","R6060","460"
"Faculty of Technology","B11","R6061","140"
"Faculty of Technology","B11","R6062","360"
"Faculty of Technology","B11","R7063","470"
"Faculty of Technology","B11","R7064","230"
"Faculty of Technology","B11","R7065","10"
"Faculty of Technology","B11","R7066","130"
"Faculty of Technology","B11","R7067","130"
"Faculty of Technology","B11","R7068","30"
"Faculty of Technology","B11","R7069","220"
"Faculty of Technology","B64","R1000","290"
"Faculty of Technology","B64","R1001","60"
"Faculty of Technology","B64","R1002","110"
"Faculty of Technology","B64","R1003","320"
"Faculty of Technology","B64","R2004","60"
"Faculty of Technology","B64","R2005","40"
"Faculty of Technology","B64","R2006","470"
"Faculty of Technology","B64","R2007","340"
"Faculty of Technology","B64","R2008","260"
"Faculty of Technology","B64","R2009","260"
"Faculty of Technology","B1","R1000","330"
"Faculty of Technology","B1","R1001","270"
"Faculty of Technology","B1","R1002","250"
"Faculty of Technology","B1","R1003","470"
"Faculty of Technology","B1","R1004","480"
"Faculty of Technology","B1","R1005","270"
"Faculty of Technology","B1","R1006","280"
"Faculty of Technology","B1","R2007","110"
"Faculty of Technology","B1","R2008","470"
"Faculty of Technology","B1","R2009","130"
"Faculty of Technology","B1","R2010","190"
"Faculty of Technology","B1","R2011","350"
"Faculty of Technology","B1","R2012","10"
"Faculty of Technology","B1","R3013","210"
"Faculty of Technology","B1","R4014","20"
"Faculty of Technology","B1","R4015","200"
"Faculty of Technology","B1","R4016","280"
"Faculty of Technology","B1","R5017","260"
"Faculty of Technology","B1","R6018","130"
"Faculty of Technology","B1","R6019","490"
"Faculty of Technology","B1","R6020","70"
"Faculty of Technology","B1","R6021","240"
"Faculty of Technology","B1","R6022","220"
"Faculty of Technology","B1","R6023","50"
"Faculty of Technology","B1","R7024","90"
"Faculty of Technology","B1","R7025","460"
"Faculty of Technology","B1","R7026","480"
"Faculty of Technology","B1","R7027","450"
"Faculty of Technology","B1","R7028","360"
"Faculty of Technology","B1","R7029","320"
"Faculty of Technology","B1","R7030","240"
"Faculty of Technology","B1","R7031","250"
"Faculty of Technology","B1","R7032","30"
"Faculty of Technology","B1","R7033","390"
"Faculty of Technology","B1","R8034","180"
"Faculty of Technology","B1","R8035","170"
"Faculty of Technology","B1","R9036","360"
"Faculty of Technology","B1","R9037","160"
"Faculty of Technology","B1","R9038","300"
"Faculty of Technology","B1","R9039","190"
"Faculty of Technology","B1","R9040","370"
"Faculty of Technology","B1","R9041","110"
"Faculty of Technology","B1","R9042","80"
"Faculty of Technology","B1","R10043","350"
"Faculty of Technology","B1","R10044","40"
"Faculty of Technology","B1","R10045","250"
"Faculty of Technology","B1","R10046","170"
"Faculty of Technology","B1","R10047","120"
"Faculty of Technology","B1","R10048","290"
"Faculty of Technology","B1","R10049","160"
"Faculty of Technology","B1","R10050","370"
"Faculty of Technology","B1","R10051","80"
"Faculty of Technology","B1","R10052","90"
"Faculty of Technology","B1","R10053","440"
"Faculty of Technology","B1","R10054","170"
"Faculty of Technology","B1","R10055","120"
"Faculty of Technology","B1","R11056","60"
"Faculty of Technology","B1","R11057","230"
"Faculty of Technology","B1","R11058","450"
"Faculty of Technology","B1","R12059","70"
"Faculty of Technology","B1","R12060","490"
"Faculty of Technology","B1","R12061","190"
"Faculty of Technology","B1","R12062","110"
"Faculty of Technology","B1","R12063","10"
"Faculty of Technology","B1","R13064","390"
"Faculty of Technology","B1","R13065","310"
"Faculty of Technology","B1","R13066","90"
"Faculty of Technology","B1","R13067","230"
"Faculty of Technology","B1","R13068","100"
"Faculty of Technology","B1","R13069","310"
"Faculty of Technology","B1","R13070","430"
"Faculty of Technology","B46","R1000","40"
"Faculty of Technology","B46","R1001","170"
"Faculty of Technology","B46","R1002","230"
"Faculty of Technology","B46","R1003","370"
"Faculty of Technology","B46","R1004","250"
"Faculty of Technology","B46","R1005","110"
"Faculty of Technology","B46","R1006","210"
"Faculty of Technology","B46","R1007","330"
"Faculty of Technology","B46","R1008","380"
"Faculty of Technology","B46","R2009","320"
"Faculty of Technology","B46","R2010","240"
"Faculty of Technology","B46","R2011","450"
"Faculty of Technology","B46","R2012","330"
"Faculty of Technology","B46","R2013","180"
"Faculty of Technology","B46","R2014","30"
"Faculty of Technology","B46","R2015","40"
"Faculty of Technology","B46","R2016","330"
"Faculty of Technology","B46","R2017","140"
"Faculty of Technology","B46","R2018","50"
"Faculty of Technology","B46","R3019","460"
"Faculty of Technology","B46","R3020","280"
"Faculty of Technology","B46","R3021","200"
"Faculty of Technology","B46","R3022","330"
"Faculty of Technology","B46","R3023","100"
"Faculty of Technology","B46","R4024","210"
"Faculty of Technology","B46","R4025","90"
"Faculty of Technology","B46","R4026","150"
"Faculty of Technology","B46","R4027","300"
"Faculty of Technology","B46","R4028","200"
"Faculty of Technology","B46","R4029","430"
"Faculty of Technology","B46","R4030","110"
"Faculty of Technology","B46","R4031","340"
"Faculty of Technology","B46","R4032","410"
"Faculty of Technology","B46","R4033","90"
"Faculty of Technology","B46","R4034","170"
"Faculty of Technology","B46","R5035","180"
"Faculty of Technology","B46","R5036","170"
"Faculty of Technology","B46","R5037","130"
"Faculty of Technology","B17","R1000","260"
"Faculty of Technology","B17","R1001","150"
"Faculty of Technology","B17","R1002","90"
"Faculty of Technology","B17","R1003","230"
"Faculty of Technology","B17","R2004","430"
"Faculty of Technology","B17","R2005","370"
"Faculty of Technology","B17","R2006","290"
"Faculty of Technology","B17","R2007","360"
"Faculty of Technology","B17","R2008","200"
"Faculty of Technology","B17","R2009","360"
"Faculty of Technology","B17","R2010","280"
"Faculty of Technology","B17","R2011","380"
"Faculty of Technology","B17","R2012","250"
"Faculty of Technology","B17","R2013","240"
"Faculty of Technology","B17","R2014","130"
"Faculty of Technology","B17","R2015","230"
"Faculty of Technology","B17","R2016","100"
"Faculty of Technology","B17","R2017","20"
"Faculty of Technology","B17","R2018","10"
"Faculty of Technology","B17","R2019","480"
"Faculty of Technology","B17","R2020","60"
"Faculty of Technology","B17","R3021","110"
"Faculty of Technology","B17","R3022","370"
"Faculty of Technology","B17","R4023","460"
"Faculty of Technology","B17","R4024","220"
"Faculty of Technology","B17","R4025","40"
"Faculty of Technology","B17","R4026","390"
"Faculty of Technology","B17","R4027","390"
"Faculty of Technology","B17","R4028","130"
"Faculty of Technology","B17","R4029","440"
"Faculty of Technology","B17","R4030","70"
"Faculty of Technology","B17","R4031","350"
"Faculty of Technology","B17","R4032","300"
"Faculty of Technology","B17","R4033","150"
"Faculty of Technology","B17","R4034","370"
"Faculty of Technology","B17","R4035","20"
"Faculty of Technology","B17","R4036","430"
"Faculty of Technology","B17","R4037","320"
"Faculty of Technology","B17","R5038","460"
"Faculty of Technology","B17","R5039","140"
"Faculty of Technology","B17","R6040","450"
"Faculty of Technology","B17","R6041","240"
"Faculty of Technology","B17","R7042","410"
"Faculty of Technology","B17","R7043","420"
"Faculty of Technology","B17","R7044","100"
"Faculty of Technology","B17","R7045","420"
"Faculty of Technology","B17","R7046","390"
"Faculty of Technology","B17","R7047","170"
"Faculty of Technology","B17","R8048","350"
"Faculty of Technology","B17","R8049","50"
"Faculty of Technology","B17","R8050","470"
"Faculty of Technology","B17","R8051","270"
"Faculty of Technology","B17","R8052","460"
"Faculty of Technology","B17","R8053","400"
"Faculty of Technology","B17","R8054","130"
"Faculty of Technology","B17","R8055","110"
"Faculty of Technology","B17","R9056","20"
"Faculty of Technology","B17","R10057","80"
"Faculty of Technology","B17","R10058","320"
"Faculty of Technology","B17","R10059","440"
"Faculty of Technology","B17","R10060","360"
"Faculty of Technology","B17","R10061","250"
"Faculty of Technology","B17","R10062","230"
"Faculty of Technology","B17","R10063","480"
"Faculty of Technology","B17","R10064","90"
"Faculty of Technology","B17","R11065","150"
"Faculty of Technology","B17","R11066","190"
"Faculty of Technology","B17","R12067","290"
"Faculty of Technology","B17","R12068","40"
"Faculty of Technology","B17","R12069","70"
"Faculty of Technology","B17","R12070","490"
"Faculty of Technology","B17","R12071","430"
"Faculty of Technology","B17","R12072","430"
"Faculty of Technology","B17","R12073","350"
"Faculty of Technology","B17","R12074","420"
"Faculty of Technology","B17","R12075","150"
"Faculty of Technology","B17","R12076","350"
"Faculty of Technology","B17","R12077","60"
"Faculty of Technology","B17","R12078","10"
"Faculty of Technology","B17","R12079","340"
"Faculty of Technology","B17","R13080","440"
"Faculty of Technology","B17","R13081","230"
"Faculty of Technology","B17","R13082","470"
"Faculty of Technology","B54","R1000","90"
"Faculty of Technology","B54","R1001","60"
"Faculty of Technology","B54","R1002","230"
"Faculty of Technology","B54","R1003","490"
"Faculty of Technology","B54","R1004","270"
"Faculty of Technology","B54","R1005","170"
"Faculty of Technology","B54","R1006","160"
"Faculty of Technology","B54","R1007","220"
"Faculty of Technology","B54","R1008","470"
"Faculty of Technology","B54","R1009","370"
"Faculty of Technology","B54","R1010","280"
"Faculty of Technology","B54","R1011","430"
"Faculty of Technology","B54","R1012","330"
"Faculty of Technology","B54","R1013","50"
"Faculty of Technology","B54","R1014","140"
"Faculty of Technology","B54","R1015","410"
"Faculty of Technology","B54","R1016","210"
"Faculty of Technology","B54","R1017","60"
"Faculty of Technology","B54","R1018","180"
"Faculty of Technology","B54","R1019","450"
"Faculty of Technology","B54","R2020","400"
"Faculty of Technology","B54","R2021","400"
"Faculty of Technology","B54","R2022","140"
"Faculty of Technology","B7","R1000","320"
"Faculty of Technology","B7","R1001","200"
"Faculty of Technology","B7","R1002","460"
"Faculty of Technology","B7","R1003","260"
"Faculty of Technology","B7","R1004","30"
"Faculty of Technology","B7","R1005","420"
"Faculty of Technology","B7","R1006","360"
"Faculty of Technology","B7","R1007","410"
"Faculty of Technology","B7","R1008","300"
"Faculty of Technology","B7","R2009","120"
"Faculty of Technology","B7","R2010","310"
"Faculty of Technology","B7","R2011","440"
"Faculty of Technology","B7","R3012","410"
"Faculty of Technology","B7","R3013","410"
"Faculty of Technology","B7","R3014","260"
"Faculty of Technology","B7","R3015","430"
"Faculty of Technology","B7","R3016","420"
"Faculty of Technology","B7","R3017","350"
"Faculty of Technology","B7","R3018","50"
"Faculty of Technology","B7","R3019","290"
"Faculty of Technology","B7","R3020","230"
"Faculty of Technology","B7","R3021","310"
"Faculty of Technology","B7","R3022","80"
"Faculty of Technology","B7","R3023","140"
"Faculty of Technology","B7","R3024","40"
"Faculty of Technology","B7","R3025","430"
"Faculty of Technology","B7","R4026","200"
"Faculty of Technology","B7","R4027","20"
"Faculty of Technology","B7","R4028","70"
"Faculty of Technology","B7","R4029","460"
"Faculty of Technology","B7","R4030","330"
"Faculty of Technology","B7","R4031","170"
"Faculty of Technology","B7","R4032","470"
"Faculty of Technology","B7","R4033","210"
"Faculty of Technology","B7","R4034","250"
"Faculty of Technology","B7","R4035","440"
"Faculty of Technology","B7","R4036","490"
"Faculty of Technology","B7","R5037","460"
"Faculty of Technology","B7","R5038","190"
"Faculty of Technology","B7","R5039","430"
"Faculty of Technology","B7","R5040","470"
"Faculty of Technology","B7","R5041","10"
"Faculty of Technology","B7","R5042","80"
"Faculty of Technology","B7","R5043","110"
"Faculty of Technology","B7","R6044","90"
"Faculty of Technology","B7","R7045","250"
"Faculty of Technology","B7","R7046","120"
"Faculty of Technology","B7","R7047","250"
"Faculty of Technology","B7","R7048","20"
"Faculty of Technology","B7","R8049","230"
"Faculty of Technology","B7","R8050","120"
"Faculty of Technology","B7","R8051","70"
"Faculty of Technology","B7","R8052","200"
"Faculty of Technology","B7","R9053","300"
"Faculty of Technology","B7","R10054","160"
"Faculty of Technology","B7","R10055","170"
"Faculty of Technology","B7","R10056","400"
"Faculty of Technology","B7","R10057","160"
"Faculty of Technology","B7","R10058","230"
"Faculty of Technology","B7","R10059","420"
"Faculty of Technology","B7","R10060","180"
"Faculty of Technology","B7","R10061","380"
"Faculty of Technology","B7","R10062","210"
"Faculty of Technology","B7","R10063","410"
"Faculty of Technology","B7","R10064","300"
"Faculty of Technology","B7","R10065","140"
"Faculty of Technology","B7","R11066","280"
"Faculty of Technology","B7","R12067","20"
"Faculty of Technology","B7","R12068","400"
"Faculty of Technology","B7","R13069","20"
"Faculty of Technology","B7","R13070","50"
"Faculty of Technology","B7","R13071","450"
"Faculty of Technology","B7","R13072","170"
"Faculty of Technology","B7","R13073","250"
"Faculty of Technology","B7","R13074","60"
"Faculty of Technology","B7","R13075","90"
"Faculty of Technology","B7","R13076","230"
"Faculty of Technology","B7","R13077","490"
"Faculty of Technology","B7","R13078","250"
"Faculty of Technology","B7","R13079","400"
"Faculty of Technology","B7","R13080","20"
"Faculty of Technology","B7","R13081","280"
"Faculty of Technology","B7","R13082","450"
"Faculty of Technology","B7","R13083","80"
"Faculty of Technology","B7","R13084","190"
"Faculty of Technology","B7","R13085","90"
"Faculty of Technology","B7","R13086","40"
"Faculty of Technology","B34","R1000","190"
"Faculty of Technology","B34","R1001","280"
"Faculty of Technology","B34","R1002","340"
"Faculty of Technology","B34","R2003","150"
"Faculty of Technology","B34","R3004","390"
"Faculty of Technology","B34","R3005","160"
"Faculty of Technology","B34","R3006","400"
"Faculty of Technology","B34","R3007","360"
"Faculty of Technology","B34","R3008","380"
"Faculty of Technology","B34","R4009","380"
"Faculty of Technology","B34","R4010","230"
"Faculty of Technology","B34","R4011","460"
"Faculty of Technology","B34","R4012","400"
"Faculty of Technology","B34","R4013","100"
"Faculty of Technology","B34","R4014","140"
"Faculty of Technology","B34","R4015","470"
"Faculty of Technology","B34","R4016","410"
"Faculty of Technology","B34","R4017","430"
"Faculty of Technology","B34","R5018","110"
"Faculty of Technology","B34","R5019","130"
"Faculty of Technology","B34","R5020","210"
"Faculty of Technology","B34","R5021","360"
"Faculty of Technology","B34","R6022","480"
"Faculty of Technology","B34","R6023","400"
"Faculty of Technology","B34","R6024","450"
"Faculty of Technology","B34","R6025","70"
"Faculty of Technology","B34","R6026","140"
"Faculty of Technology","B34","R6027","370"
"Faculty of Technology","B34","R7028","290"
"Faculty of Technology","B34","R7029","330"
"Faculty of Technology","B34","R7030","180"
"Faculty of Technology","B34","R7031","230"
"Faculty of Technology","B60","R1000","140"
"Faculty of Technology","B60","R1001","150"
"Faculty of Technology","B60","R1002","190"
"Faculty of Technology","B60","R1003","310"
"Faculty of Technology","B60","R1004","280"
"Faculty of Technology","B60","R1005","390"
"Faculty of Technology","B60","R1006","400"
"Faculty of Technology","B60","R1007","190"
"Faculty of Technology","B60","R1008","430"
"Faculty of Technology","B60","R1009","310"
"Faculty of Technology","B60","R1010","470"
"Faculty of Technology","B60","R1011","130"
"Faculty of Technology","B60","R1012","410"
"Faculty of Technology","B60","R1013","490"
"Faculty of Technology","B60","R1014","140"
"Faculty of Technology","B60","R1015","480"
"Faculty of Technology","B60","R1016","300"
"Faculty of Technology","B60","R1017","230"
"Faculty of Technology","B60","R1018","400"
"Faculty of Technology","B60","R1019","200"
"Faculty of Technology","B60","R2020","180"
"Faculty of Technology","B60","R2021","30"
"Faculty of Technology","B60","R2022","130"
"Faculty of Technology","B60","R2023","130"
"Faculty of Technology","B60","R2024","180"
"Faculty of Technology","B60","R2025","200"
"Faculty of Technology","B60","R2026","170"
"Faculty of Technology","B60","R2027","420"
"Faculty of Technology","B60","R2028","320"
"Faculty of Technology","B60","R3029","30"
"Faculty of Technology","B60","R3030","120"
"Faculty of Technology","B21","R1000","370"
"Faculty of Technology","B21","R1001","70"
"Faculty of Technology","B21","R1002","290"
"Faculty of Technology","B21","R1003","130"
"Faculty of Technology","B21","R1004","310"
"Faculty of Technology","B21","R1005","190"
"Faculty of Technology","B21","R2006","360"
"Faculty of Technology","B21","R2007","420"
"Faculty of Technology","B21","R2008","70"
"Faculty of Technology","B21","R3009","130"
"Faculty of Technology","B21","R3010","50"
"Faculty of Technology","B21","R3011","240"
"Faculty of Technology","B21","R3012","270"
"Faculty of Technology","B21","R3013","110"
"Faculty of Technology","B21","R3014","410"
"Faculty of Technology","B21","R3015","430"
"Faculty of Technology","B21","R3016","160"
"Faculty of Technology","B21","R3017","220"
"Faculty of Technology","B21","R3018","450"
"Faculty of Technology","B21","R4019","310"
"Faculty of Technology","B21","R5020","370"
"Faculty of Technology","B21","R6021","340"
"Faculty of Technology","B21","R6022","250"
"Faculty of Technology","B21","R6023","250"
"Faculty of Technology","B21","R7024","130"
"Faculty of Technology","B94","R1000","60"
"Faculty of Technology","B94","R1001","180"
"Faculty of Technology","B94","R1002","300"
"Faculty of Technology","B94","R2003","20"
"Faculty of Technology","B94","R2004","80"
"Faculty of Technology","B94","R2005","130"
"Faculty of Technology","B94","R2006","300"
"Faculty of Technology","B94","R2007","360"
"Faculty of Technology","B94","R2008","190"
"Faculty of Technology","B94","R2009","240"
"Faculty of Technology","B94","R2010","420"
"Faculty of Technology","B94","R2011","180"
"Faculty of Technology","B94","R2012","180"
"Faculty of Technology","B94","R2013","200"
"Faculty of Technology","B94","R2014","30"
"Faculty of Technology","B94","R3015","440"
"Faculty of Technology","B94","R3016","390"
"Faculty of Technology","B94","R3017","170"
"Faculty of Technology","B94","R3018","120"
"Faculty of Technology","B94","R3019","440"
"Faculty of Technology","B94","R3020","300"
"Faculty of Technology","B94","R3021","330"
"Faculty of Technology","B94","R3022","10"
"Faculty of Technology","B94","R3023","200"
"Faculty of Technology","B94","R4024","20"
"Faculty of Technology","B94","R4025","370"
"Faculty of Technology","B94","R5026","160"
"Faculty of Technology","B94","R5027","160"
"Faculty of Technology","B94","R5028","210"
"Faculty of Technology","B94","R6029","90"
"Faculty of Technology","B94","R6030","110"
"Faculty of Technology","B94","R6031","340"
"Faculty of Technology","B94","R7032","480"
"Faculty of Technology","B94","R7033","430"
"Faculty of Technology","B94","R7034","340"
"Faculty of Technology","B94","R7035","490"
"Faculty of Technology","B94","R7036","110"
"Faculty of Technology","B94","R7037","310"
"Faculty of Technology","B94","R7038","430"
"Faculty of Technology","B94","R7039","470"
"Faculty of Technology","B94","R7040","390"
"Faculty of Technology","B94","R7041","10"
"Faculty of Technology","B94","R7042","280"
"Faculty of Technology","B94","R7043","440"
"Faculty of Technology","B94","R7044","320"
"Faculty of Technology","B94","R7045","240"
"Faculty of Technology","B94","R7046","280"
"Faculty of Technology","B94","R7047","490"
"Faculty of Technology","B94","R7048","200"
"Faculty of Technology","B94","R7049","130"
"Faculty of Technology","B94","R7050","270"
"Faculty of Technology","B94","R7051","140"
"Faculty of Technology","B94","R7052","150"
"Faculty of Technology","B94","R7053","260"
"Faculty of Technology","B94","R7054","50"
"Faculty of Technology","B94","R8055","310"
"Faculty of Technology","B77","R1000","100"
"Faculty of Technology","B77","R2001","370"
"Faculty of Technology","B77","R2002","80"
"Faculty of Technology","B77","R3003","140"
"Faculty of Technology","B77","R3004","150"
"Faculty of Technology","B77","R3005","190"
"Faculty of Technology","B77","R3006","400"
"Faculty of Technology","B77","R4007","180"
"Faculty of Technology","B77","R4008","250"
"Faculty of Technology","B77","R4009","130"
"Faculty of Technology","B77","R4010","470"
"Faculty of Technology","B77","R4011","380"
"Faculty of Technology","B77","R4012","410"
"Faculty of Technology","B77","R5013","330"
"Faculty of Technology","B77","R5014","310"
"Faculty of Technology","B77","R5015","280"
"Faculty of Technology","B77","R5016","100"
"Faculty of Technology","B68","R1000","280"
"Faculty of Technology","B68","R1001","30"
"Faculty of Technology","B68","R1002","460"
"Faculty of Technology","B68","R2003","350"
"Faculty of Technology","B68","R2004","250"
"Faculty of Technology","B68","R2005","230"
"Faculty of Technology","B68","R2006","400"
"Faculty of Technology","B68","R2007","380"
"Faculty of Technology","B68","R2008","400"
"Faculty of Technology","B68","R2009","220"
"Faculty of Technology","B68","R2010","10"
"Faculty of Technology","B68","R2011","440"
"Faculty of Technology","B68","R2012","330"
"Faculty of Technology","B68","R3013","180"
"Faculty of Technology","B68","R3014","400"
"Faculty of Technology","B68","R3015","50"
"Faculty of Technology","B68","R3016","190"
"Faculty of Technology","B68","R3017","90"
"Faculty of Technology","B68","R3018","360"
"Faculty of Technology","B68","R4019","130"
"Faculty of Technology","B68","R4020","210"
"Faculty of Technology","B68","R4021","240"
"Faculty of Technology","B68","R4022","210"
"Faculty of Technology","B68","R4023","170"
"Faculty of Technology","B68","R5024","220"
"Faculty of Technology","B68","R5025","80"
"Faculty of Technology","B68","R5026","220"
"Faculty of Technology","B68","R6027","350"
"Faculty of Technology","B68","R6028","480"
"Faculty of Technology","B68","R6029","200"
"Faculty of Technology","B68","R6030","210"
"Faculty of Technology","B68","R6031","70"
"Faculty of Technology","B68","R6032","30"
"Faculty of Technology","B68","R6033","340"
"Faculty of Technology","B68","R6034","440"
"Faculty of Technology","B68","R6035","20"
"Faculty of Technology","B68","R7036","10"
"Faculty of Technology","B68","R7037","360"
"Faculty of Technology","B68","R7038","330"
"Faculty of Technology","B68","R7039","220"
"Faculty of Technology","B68","R7040","20"
"Faculty of Technology","B68","R7041","440"
"Faculty of Technology","B68","R7042","490"
"Faculty of Technology","B68","R7043","90"
"Faculty of Technology","B68","R7044","440"
"Faculty of Technology","B68","R7045","20"
"Faculty of Technology","B68","R7046","290"
"Faculty of Technology","B68","R7047","330"
"Faculty of Technology","B68","R7048","370"
"Faculty of Technology","B68","R7049","350"
"Faculty of Technology","B68","R7050","340"
"Faculty of Technology","B68","R7051","130"
"Faculty of Technology","B68","R7052","450"
"Faculty of Technology","B68","R7053","100"
"Faculty of Technology","B68","R7054","60"
"Faculty of Technology","B68","R7055","430"
"Faculty of Technology","B68","R7056","340"
"Faculty of Technology","B68","R7057","360"
"Faculty of Technology","B68","R7058","40"
"Faculty of Technology","B68","R7059","120"
"Faculty of Technology","B68","R7060","190"
"Faculty of Technology","B68","R7061","160"
"Faculty of Technology","B68","R7062","310"
"Faculty of Technology","B68","R8063","280"
"Faculty of Technology","B68","R8064","480"
"Faculty of Technology","B68","R8065","380"
"Faculty of Technology","B68","R9066","430"
"Faculty of Technology","B68","R9067","50"
"Faculty of Technology","B68","R9068","380"
"Faculty of Technology","B68","R9069","360"
"Faculty of Technology","B68","R9070","250"
"Faculty of Technology","B68","R9071","460"
"Faculty of Technology","B68","R9072","490"
"Faculty of Technology","B68","R9073","260"
"Faculty of Technology","B68","R9074","400"
"Faculty of Technology","B68","R9075","260"
"Faculty of Technology","B68","R9076","490"
"Faculty of Technology","B68","R9077","330"
"Faculty of Technology","B68","R9078","340"
"Faculty of Technology","B68","R9079","240"
"Faculty of Technology","B68","R9080","40"
"Faculty of Technology","B68","R9081","270"
"Faculty of Technology","B68","R9082","280"
"Faculty of Technology","B68","R9083","180"
"Faculty of Technology","B68","R9084","200"
"Faculty of Technology","B68","R10085","290"
"Faculty of Technology","B68","R10086","280"
"Faculty of Technology","B68","R11087","380"
"Faculty of Technology","B68","R12088","270"
"Faculty of Technology","B68","R12089","390"
"Faculty of Technology","B68","R12090","140"
"Faculty of Technology","B68","R12091","410"
"Faculty of Technology","B74","R1000","90"
"Faculty of Technology","B74","R1001","240"
"Faculty of Technology","B74","R1002","490"
"Faculty of Technology","B74","R1003","50"
"Faculty of Technology","B74","R1004","470"
"Faculty of Technology","B74","R1005","220"
"Faculty of Technology","B74","R1006","80"
"Faculty of Technology","B74","R2007","200"
"Faculty of Technology","B74","R2008","50"
"Faculty of Technology","B74","R2009","470"
"Faculty of Technology","B74","R2010","180"
"Faculty of Technology","B74","R2011","340"
"Faculty of Technology","B74","R2012","180"
"Faculty of Technology","B74","R2013","90"
"Faculty of Technology","B74","R2014","90"
"Faculty of Technology","B74","R2015","200"
"Faculty of Technology","B74","R2016","210"
"Faculty of Technology","B74","R2017","420"
"Faculty of Technology","B74","R3018","60"
"Faculty of Technology","B74","R3019","270"
"Faculty of Technology","B74","R3020","470"
"Faculty of Technology","B74","R3021","330"
"Faculty of Technology","B74","R4022","390"
"Faculty of Technology","B74","R4023","310"
"Faculty of Technology","B74","R4024","440"
"Faculty of Technology","B74","R4025","120"
"Faculty of Technology","B57","R1000","60"
"Faculty of Technology","B57","R1001","370"
"Faculty of Technology","B57","R1002","50"
"Faculty of Technology","B57","R1003","280"
"Faculty of Technology","B57","R1004","150"
"Faculty of Technology","B57","R1005","40"
"Faculty of Technology","B57","R1006","370"
"Faculty of Technology","B57","R1007","110"
"Faculty of Technology","B57","R1008","330"
"Faculty of Technology","B57","R2009","250"
"Faculty of Technology","B57","R2010","320"
"Faculty of Technology","B57","R2011","20"
"Faculty of Technology","B57","R2012","100"
"Faculty of Technology","B57","R2013","390"
"Faculty of Technology","B57","R2014","210"
"Faculty of Technology","B57","R2015","200"
"Faculty of Technology","B57","R2016","420"
"Faculty of Technology","B57","R2017","30"
"Faculty of Technology","B57","R2018","340"
"Faculty of Technology","B57","R2019","70"
"Faculty of Technology","B57","R2020","340"
"Faculty of Technology","B57","R2021","80"
"Faculty of Technology","B57","R2022","210"
"Faculty of Technology","B57","R3023","370"
"Faculty of Technology","B57","R3024","190"
"Faculty of Technology","B57","R3025","280"
"Faculty of Technology","B57","R3026","190"
"Faculty of Technology","B57","R3027","70"
"Faculty of Technology","B57","R4028","70"
"Faculty of Technology","B57","R4029","170"
"Faculty of Technology","B57","R4030","60"
"Faculty of Technology","B57","R5031","280"
"Faculty of Technology","B57","R6032","110"
"Faculty of Technology","B57","R6033","380"
"Faculty of Technology","B57","R6034","60"
"Faculty of Technology","B57","R6035","420"
"Faculty of Technology","B57","R6036","370"
"Faculty of Technology","B57","R6037","110"
"Faculty of Technology","B57","R6038","190"
"Faculty of Technology","B57","R6039","140"
"Faculty of Technology","B57","R6040","160"
"Faculty of Technology","B57","R6041","190"
"Faculty of Technology","B57","R6042","480"
"Faculty of Technology","B57","R6043","40"
"Faculty of Technology","B57","R6044","100"
"Faculty of Technology","B57","R6045","90"
"Faculty of Technology","B57","R6046","160"
"Faculty of Technology","B57","R6047","250"
"Faculty of Technology","B57","R6048","300"
"Faculty of Technology","B57","R6049","10"
"Faculty of Technology","B57","R6050","70"
"Faculty of Technology","B57","R6051","130"
"Faculty of Technology","B57","R6052","360"
"Faculty of Technology","B57","R6053","430"
"Faculty of Technology","B57","R6054","130"
"Faculty of Technology","B57","R6055","380"
"Faculty of Technology","B57","R7056","40"
"Faculty of Technology","B57","R7057","360"
"Faculty of Technology","B57","R7058","330"
"Faculty of Technology","B57","R7059","240"
"Faculty of Technology","B57","R7060","460"
"Faculty of Technology","B57","R7061","470"
"Faculty of Technology","B57","R7062","150"
"Faculty of Technology","B57","R7063","200"
"Faculty of Technology","B57","R7064","60"
"Faculty of Technology","B57","R7065","240"
"Faculty of Technology","B57","R8066","20"
"Faculty of Technology","B57","R8067","490"
"Faculty of Technology","B57","R8068","300"
"Faculty of Technology","B57","R8069","350"
"Faculty of Technology","B57","R8070","380"
"Faculty of Technology","B57","R8071","250"
"Faculty of Technology","B57","R8072","10"
"Faculty of Technology","B57","R8073","160"
"Faculty of Technology","B57","R8074","470"
"Faculty of Technology","B57","R8075","280"
"Faculty of Technology","B57","R8076","190"
"Faculty of Technology","B57","R8077","310"
"Faculty of Technology","B57","R8078","50"
"Faculty of Technology","B57","R8079","340"
"Faculty of Technology","B57","R8080","170"
"Faculty of Technology","B57","R8081","100"
"Faculty of Technology","B57","R8082","120"
"Faculty of Technology","B57","R8083","100"
"Faculty of Technology","B57","R8084","40"
"Faculty of Technology","B57","R8085","160"
"Faculty of Technology","B57","R8086","210"
"Faculty of Technology","B57","R8087","170"
"Faculty of Technology","B57","R8088","490"
"Faculty of Technology","B57","R8089","430"
"Faculty of Technology","B57","R8090","180"
"Faculty of Technology","B57","R8091","370"
"Faculty of Technology","B57","R9092","40"
"Faculty of Technology","B57","R9093","120"
"Faculty of Technology","B57","R9094","230"
"Faculty of Technology","B57","R9095","200"
"Faculty of Technology","B24","R1000","190"
"Faculty of Technology","B24","R1001","40"
"Faculty of Technology","B24","R1002","180"
"Faculty of Technology","B24","R1003","30"
"Faculty of Technology","B24","R1004","30"
"Faculty of Technology","B24","R1005","430"
"Faculty of Technology","B24","R1006","90"
"Faculty of Technology","B24","R1007","130"
"Faculty of Technology","B24","R1008","420"
"Faculty of Technology","B24","R1009","30"
"Faculty of Technology","B24","R1010","190"
"Faculty of Technology","B24","R1011","230"
"Faculty of Technology","B24","R1012","140"
"Faculty of Technology","B24","R1013","150"
"Faculty of Technology","B24","R1014","450"
"Faculty of Technology","B24","R1015","410"
"Faculty of Technology","B24","R1016","20"
"Faculty of Technology","B24","R1017","190"
"Faculty of Technology","B24","R1018","180"
"Faculty of Technology","B24","R1019","20"
"Faculty of Technology","B24","R1020","470"
"Faculty of Technology","B24","R1021","440"
"Faculty of Technology","B24","R1022","110"
"Faculty of Technology","B24","R1023","270"
"Faculty of Technology","B24","R1024","70"
"Faculty of Technology","B24","R1025","30"
"Faculty of Technology","B24","R2026","300"
"Faculty of Technology","B24","R3027","460"
"Faculty of Technology","B24","R3028","310"
"Faculty of Technology","B24","R3029","400"
"Faculty of Technology","B24","R3030","290"
"Faculty of Technology","B24","R3031","450"
"Faculty of Technology","B24","R3032","140"
"Faculty of Technology","B24","R3033","470"
"Faculty of Technology","B24","R3034","70"
"Faculty of Technology","B24","R3035","200"
"Faculty of Technology","B24","R3036","70"
"Faculty of Technology","B24","R3037","10"
"Faculty of Technology","B24","R3038","200"
"Faculty of Technology","B24","R3039","310"
"Faculty of Technology","B24","R3040","320"
"Faculty of Technology","B24","R3041","490"
"Faculty of Technology","B24","R3042","350"
"Faculty of Technology","B24","R3043","460"
"Faculty of Technology","B24","R3044","360"
"Faculty of Technology","B24","R3045","360"
"Faculty of Technology","B24","R3046","330"
"Faculty of Technology","B50","R1000","300"
"Faculty of Technology","B50","R1001","170"
"Faculty of Technology","B50","R1002","60"
"Faculty of Technology","B50","R1003","430"
"Faculty of Technology","B50","R1004","300"
"Faculty of Technology","B50","R1005","150"
"Faculty of Technology","B50","R1006","90"
"Faculty of Technology","B50","R1007","220"
"Faculty of Technology","B50","R1008","160"
"Faculty of Technology","B50","R1009","110"
"Faculty of Technology","B50","R1010","340"
"Faculty of Technology","B50","R1011","70"
"Faculty of Technology","B50","R1012","90"
"Faculty of Technology","B50","R1013","200"
"Faculty of Technology","B50","R2014","260"
"Faculty of Technology","B50","R2015","100"
"Faculty of Technology","B50","R2016","440"
"Faculty of Technology","B50","R3017","270"
"Faculty of Technology","B50","R3018","210"
"Faculty of Technology","B50","R3019","40"
"Faculty of Technology","B50","R3020","140"
"Faculty of Technology","B50","R3021","160"
"Faculty of Technology","B50","R3022","460"
"Faculty of Technology","B50","R3023","30"
"Faculty of Technology","B50","R3024","160"
"Faculty of Technology","B50","R3025","330"
"Faculty of Technology","B50","R3026","290"
"Faculty of Technology","B50","R4027","60"
"Faculty of Technology","B50","R5028","470"
"Faculty of Technology","B50","R5029","270"
"Faculty of Technology","B50","R5030","280"
"Faculty of Technology","B50","R5031","40"
"Faculty of Technology","B50","R5032","470"
"Faculty of Technology","B50","R6033","170"
"Faculty of Technology","B50","R6034","420"
"Faculty of Technology","B50","R6035","400"
"Faculty of Technology","B50","R6036","50"
"Faculty of Technology","B90","R1000","10"
"Faculty of Technology","B90","R1001","360"
"Faculty of Technology","B90","R1002","260"
"Faculty of Technology","B90","R1003","280"
"Faculty of Technology","B90","R1004","420"
"Faculty of Technology","B90","R2005","230"
"Faculty of Technology","B90","R2006","340"
"Faculty of Technology","B90","R2007","70"
"Faculty of Technology","B90","R2008","210"
"Faculty of Technology","B90","R2009","140"
"Faculty of Technology","B90","R3010","150"
"Faculty of Technology","B90","R3011","450"
"Faculty of Technology","B90","R3012","290"
"Faculty of Technology","B90","R3013","220"
"Faculty of Technology","B90","R3014","120"
"Faculty of Technology","B90","R4015","80"
"Faculty of Technology","B90","R5016","70"
"Faculty of Technology","B90","R5017","130"
"Faculty of Technology","B90","R5018","190"
"Faculty of Technology","B90","R5019","210"
"Faculty of Technology","B90","R5020","180"
"Faculty of Technology","B90","R6021","90"
"Faculty of Technology","B90","R6022","490"
"Faculty of Technology","B90","R6023","450"
"Faculty of Technology","B90","R6024","70"
"Faculty of Technology","B90","R6025","320"
"Faculty of Technology","B90","R6026","130"
"Faculty of Technology","B90","R6027","130"
"Faculty of Technology","B90","R6028","450"
"Faculty of Technology","B90","R6029","390"
"Faculty of Technology","B90","R7030","280"
"Faculty of Technology","B90","R7031","230"
"Faculty of Technology","B90","R8032","190"
"Faculty of Technology","B90","R8033","370"
"Faculty of Technology","B90","R8034","20"
"Faculty of Technology","B90","R8035","340"
"Faculty of Technology","B90","R8036","180"
"Faculty of Technology","B90","R8037","260"
"Faculty of Technology","B90","R8038","170"
"Faculty of Technology","B90","R8039","30"
"Faculty of Technology","B90","R9040","470"
"Faculty of Technology","B90","R9041","360"
"Faculty of Technology","B90","R10042","380"
"Faculty of Technology","B90","R10043","200"
"Faculty of Technology","B90","R10044","20"
"Faculty of Technology","B90","R10045","400"
"Faculty of Technology","B90","R10046","350"
"Faculty of Technology","B90","R10047","360"
"Faculty of Technology","B90","R10048","100"
"Faculty of Technology","B90","R10049","220"
"Faculty of Technology","B90","R10050","430"
"Faculty of Technology","B90","R10051","310"
"Faculty of Technology","B90","R10052","460"
"Faculty of Technology","B90","R10053","440"
"Faculty of Technology","B90","R10054","450"
"Faculty of Technology","B90","R10055","390"
"Faculty of Technology","B90","R10056","160"
"Faculty of Technology","B90","R10057","40"
"Faculty of Technology","B90","R11058","60"
"Faculty of Technology","B90","R11059","100"
"Faculty of Technology","B90","R11060","480"
"Faculty of Technology","B90","R11061","450"
"Faculty of Technology","B90","R11062","420"
"Faculty of Technology","B90","R11063","230"
"Faculty of Technology","B90","R11064","430"
"Faculty of Technology","B90","R11065","190"
"Faculty of Technology","B90","R11066","300"
"Faculty of Technology","B90","R11067","70"
"Faculty of Technology","B90","R11068","310"
"Faculty of Technology","B90","R11069","100"
"Faculty of Technology","B90","R11070","460"
"Faculty of Technology","B90","R11071","250"
"Faculty of Technology","B90","R11072","130"
"Faculty of Technology","B90","R11073","280"
"Faculty of Technology","B90","R12074","390"
"Faculty of Technology","B90","R12075","20"
"Faculty of Technology","B90","R12076","420"
"Faculty of Technology","B90","R12077","390"
"Faculty of Technology","B90","R12078","340"
"Faculty of Technology","B90","R12079","270"
"Faculty of Technology","B90","R12080","470"
"Faculty of Technology","B90","R13081","200"
"Faculty of Technology","B90","R13082","400"
"Faculty of Technology","B90","R13083","290"
"Faculty of Technology","B90","R13084","440"
"Faculty of Technology","B90","R13085","410"
"Faculty of Technology","B90","R13086","460"
"Faculty of Technology","B90","R13087","370"
"Faculty of Technology","B90","R14088","10"
"Faculty of Technology","B90","R14089","290"
"Faculty of Technology","B90","R14090","340"
"Faculty of Technology","B90","R14091","430"
"Faculty of Technology","B90","R14092","370"
"Faculty of Technology","B90","R14093","190"
"Faculty of Technology","B90","R14094","140"
"Faculty of Technology","B90","R14095","470"
"Faculty of Technology","B90","R14096","400"
"Faculty of Technology","B90","R14097","50"
"Faculty of Technology","B80","R1000","140"
"Faculty of Technology","B80","R1001","130"
"Faculty of Technology","B80","R1002","300"
"Faculty of Technology","B80","R1003","60"
"Faculty of Technology","B80","R1004","410"
"Faculty of Technology","B80","R1005","90"
"Faculty of Technology","B80","R1006","360"
"Faculty of Technology","B80","R1007","330"
"Faculty of Technology","B80","R1008","160"
"Faculty of Technology","B80","R1009","330"
"Faculty of Technology","B80","R1010","340"
"Faculty of Technology","B80","R1011","450"
"Faculty of Technology","B80","R1012","210"
"Faculty of Technology","B80","R1013","360"
"Faculty of Technology","B80","R1014","270"
"Faculty of Technology","B80","R2015","20"
"Faculty of Technology","B80","R2016","30"
"Faculty of Technology","B80","R2017","330"
"Faculty of Technology","B80","R2018","450"
"Faculty of Technology","B80","R2019","420"
"Faculty of Technology","B80","R2020","160"
"Faculty of Technology","B80","R2021","330"
"Faculty of Technology","B80","R2022","110"
"Faculty of Technology","B80","R2023","170"
"Faculty of Technology","B80","R2024","90"
"Faculty of Technology","B80","R2025","140"
"Faculty of Technology","B80","R2026","420"
"Faculty of Technology","B80","R2027","80"
"Faculty of Technology","B80","R2028","210"
"Faculty of Technology","B80","R2029","470"
"Faculty of Technology","B80","R2030","40"
"Faculty of Technology","B80","R2031","400"
"Faculty of Technology","B80","R2032","340"
"Faculty of Technology","B80","R3033","240"
"Faculty of Technology","B80","R3034","130"
"Faculty of Technology","B80","R3035","490"
"Faculty of Technology","B80","R3036","280"
"Faculty of Technology","B80","R3037","380"
"Faculty of Technology","B80","R3038","130"
"Faculty of Technology","B80","R3039","340"
"Faculty of Technology","B80","R3040","170"
"Faculty of Technology","B80","R3041","460"
"Faculty of Technology","B80","R3042","270"
"Faculty of Technology","B80","R3043","400"
"Faculty of Technology","B80","R3044","80"
"Faculty of Technology","B80","R3045","240"
"Faculty of Technology","B80","R3046","210"
"Faculty of Technology","B80","R3047","340"
"Faculty of Technology","B80","R4048","30"
"Faculty of Technology","B80","R4049","200"
"Faculty of Technology","B80","R4050","440"
"Faculty of Technology","B80","R4051","10"
"Faculty of Technology","B80","R4052","340"
"Faculty of Technology","B80","R4053","340"
"Faculty of Technology","B80","R5054","130"
"Faculty of Technology","B80","R6055","260"
"Faculty of Technology","B80","R7056","200"
"Faculty of Technology","B80","R7057","120"
"Faculty of Technology","B80","R8058","300"
"Faculty of Technology","B80","R8059","330"
"Faculty of Technology","B80","R8060","410"
"Faculty of Technology","B80","R9061","220"
"Faculty of Technology","B80","R9062","260"
"Faculty of Technology","B80","R9063","30"
"Faculty of Technology","B80","R9064","260"
"Faculty of Technology","B80","R9065","390"
"Faculty of Technology","B80","R9066","330"
"Faculty of Technology","B80","R9067","160"
"Faculty of Technology","B80","R10068","250"
"Faculty of Technology","B80","R10069","100"
"Faculty of Technology","B80","R10070","100"
"Faculty of Technology","B80","R10071","110"
"Faculty of Technology","B80","R10072","340"
"Faculty of Technology","B80","R10073","120"
"Faculty of Technology","B80","R10074","430"
"Faculty of Technology","B80","R10075","480"
"Faculty of Technology","B80","R10076","60"
"Faculty of Technology","B80","R11077","350"
"Faculty of Technology","B80","R11078","430"
"Faculty of Technology","B80","R11079","230"
"Faculty of Technology","B80","R11080","310"
"Faculty of Technology","B80","R11081","340"
"Faculty of Technology","B80","R11082","490"
"Faculty of Technology","B80","R11083","100"
"Faculty of Technology","B80","R11084","10"
"Faculty of Technology","B80","R11085","460"
"Faculty of Technology","B72","R1000","460"
"Faculty of Technology","B72","R1001","10"
"Faculty of Technology","B72","R1002","320"
"Faculty of Technology","B72","R1003","290"
"Faculty of Technology","B72","R1004","50"
"Faculty of Technology","B72","R1005","360"
"Faculty of Technology","B72","R1006","20"
"Faculty of Technology","B72","R1007","180"
"Faculty of Technology","B72","R1008","230"
"Faculty of Technology","B72","R1009","480"
"Faculty of Technology","B72","R1010","450"
"Faculty of Technology","B72","R1011","290"
"Faculty of Technology","B72","R1012","370"
"Faculty of Technology","B72","R2013","90"
"Faculty of Technology","B72","R2014","60"
"Faculty of Technology","B72","R2015","80"
"Faculty of Technology","B72","R2016","490"
"Faculty of Technology","B72","R2017","150"
"Faculty of Technology","B72","R2018","490"
"Faculty of Technology","B72","R2019","320"
"Faculty of Technology","B72","R2020","450"
"Faculty of Technology","B72","R2021","220"
"Faculty of Technology","B72","R2022","200"
"Faculty of Technology","B72","R2023","220"
"Faculty of Technology","B72","R2024","290"
"Faculty of Technology","B72","R2025","70"
"Faculty of Technology","B72","R2026","280"
"Faculty of Technology","B72","R2027","190"
"Faculty of Technology","B72","R2028","180"
"Faculty of Technology","B72","R2029","300"
"Faculty of Technology","B72","R2030","290"
"Faculty of Technology","B72","R2031","440"
"Faculty of Technology","B72","R2032","180"
"Faculty of Technology","B72","R2033","170"
"Faculty of Technology","B72","R2034","290"
