:020000041000EA
:1000000000B5324B212058609868022188439860DF
:10001000D860186158612E4B002199600221596106
:100020000121F02299502B49196001219960352056
:1000300000F044F80222904214D00621196600F024
:1000400034F8196E01211966002018661A6600F04E
:100050002CF8196E196E196E052000F02FF8012189
:100060000842F9D1002199601B49196000215960AB
:100070001A491B48016001219960EB211966A021F2
:10008000196600F012F800219960164914480160C1
:100090000121996001BC002800D000471248134993
:1000A000086003C880F30888084703B5996A0420EC
:1000B0000142FBD001200142F8D103BD02B5186610
:1000C0001866FFF7F2FF186E186E02BD00000240BE
:1000D000000000180000070000035F00212200005C
:1000E000F4000018222000A00001001008ED00E03C
:1000F00000000000000000000000000074B24E7A12
:1001000000200420F7010010CB010010CD010010E9
:10011000C9010010C9010010C9010010C901001077
:10012000C9010010C9010010C9010010CF01001061
:10013000C9010010C9010010D1010010D301001045
:10014000C1010010C1010010C1010010C101001067
:10015000C1010010C1010010C1010010C101001057
:10016000C1010010C1010010C1010010C101001047
:10017000C1010010C1010010C1010010C101001037
:10018000C1010010C1010010C1010010C101001027
:10019000C1010010C1010010C1010010C101001017
:1001A000C1010010C1010010C1010010C101001007
:1001B000C1010010C1010010C1010010C1010010F7
:1001C000EFF30580103800BE00BE00BE00BE00BECA
:1001D00000BE00BEF2EB8871502904107029041093
:1001E0003802001090A31AE71E481F49086006C88D
:1001F00081F3088810471D480068002801D019487D
:10020000F3E70DA40ECC002902D000F012F8F9E7B4
:100210001749184A002000E001C19142FCD116495B
:100220008847164988471649884700BEFDE701C937
:1002300001C29A42FBD3704770290410C00000200D
:1002400068120020183B0410000004200000042065
:10025000183B0410001004200010042000000000CF
:10026000704700000000000008ED00E0000000D032
:1002700068120020702C0020E93E001035030010A9
:10028000E13E0010F8B5C0460448054B10B5834266
:1002900003D0044B002B00D0984710BD68120020FB
:1002A000681200200000000006480749091A8B1058
:1002B000C90FC91810B5491003D0044B002B00D04A
:1002C000984710BD6812002068120020000000004E
:1002D00010B5074C2378002B09D1FFF7D5FF054B4C
:1002E000002B02D0044800E000BF0123237010BDA2
:1002F0003815002000000000B0A90010054B10B513
:10030000002B03D00449054800E000BFFFF7CCFFF5
:1003100010BDC046000000003C150020B0A9001030
:1003200010B503F01FFF06F0EDFB0021002006F0E2
:10033000D9FB10BD10B5FFF7F3FF0121002006F037
:10034000D1FB4E20FF3001F0F5F80021002006F02F
:10035000C9FB4E20FF3001F0EDF80121002006F02E
:10036000C1FB4E20FF3001F0E5F80021002006F02F
:10037000B9FB4E20FF3001F0DDF80121002006F02E
:10038000B1FB4E20FF3001F0D5F80021002006F02F
:10039000A9FB4E20FF3001F0CDF80121002006F02E
:1003A000A1FB2E4801F0C6F80021002006F09AFBC0
:1003B0004E20FF3001F0BEF80121002006F092FB34
:1003C000264801F0B7F80021002006F08BFB4E20F4
:1003D000FF3001F0AFF80121002006F083FB1F4839
:1003E00001F0A8F80021002006F07CFB4E20FF3031
:1003F00001F0A0F80121002006F074FB4E20FF3030
:1004000001F098F80021002006F06CFB4E20FF3030
:1004100001F090F80121002006F064FB4E20FF302F
:1004200001F088F80021002006F05CFB4E20FF3030
:1004300001F080F80121002006F054FB4E20FF302F
:1004400001F078F80021002006F04CFB4E20FF3030
:1004500001F070F8014801F06DF86EE7E703000065
:10046000094A83009A1810B514684022544080321B
:100470002240064CC000A44663441A60044B9C46CC
:100480006044416010BDC04604C0014004D001403A
:1004900000400140074B8000C3181B68C900920050
:1004A0000A435A400C231340034A944660440360B5
:1004B0007047C04604C0014004D0014080000029BC
:1004C00005D0064B9C460223604403607047044BF2
:1004D0009C46022360440360F8E7C04604E0014004
:1004E00004F00140D0231B061B6830B505005842BC
:1004F00043412F205B4283430E48EC08844607208B
:1005000028408000814020000B4D3C306344800037
:10051000A40041511B19002A05D080229201944663
:100520006344196030BDC02292019446634419604F
:10053000F8E7C0463041014000400140D023F0B50B
:10054000C6461B0698461B680C4F9B001600FA58BF
:1005500004000D0000B5104209D1290014430D20FC
:100560003200FC5000F092F980BCB846F0BD01F0BA
:1005700007FB43461B689B00FA58EEE7302B002030
:1005800010B504000D2000F07BFAD0231B061B6879
:1005900002499B005A58A2435A5010BD302B0020EC
:1005A0000123D0228340120693629361094A83009B
:1005B0009A1811684022514080320A400649C00012
:1005C0008C4663441A60054B9C4605236044436097
:1005D0007047C04604C0014004D0014000400140C3
:1005E0008023DB051868000F7047C0460FB400B5C4
:1005F000084883B003F004FE049B002B07D005A934
:100600001800019103F052FC034803F0F9FD0120AA
:1006100003F064FCB0A90010ECAB0010EFF3108005
:1006200072B6034A1368002BFCD0BFF35F8F70478C
:100630002C0100D0BFF35F8F0022024B1A6080F3C1
:10064000108870472C0100D070B5EFF3108C72B693
:100650000D4D2B68002BFCD0BFF35F8F0724CB0818
:10066000C618C05C01230C40A3401C000440034298
:1006700007D118433070BFF35F8F2C608CF3108864
:1006800070BD1000FFF7B2FF2C0100D0F8B547464F
:10069000CE46884680B5EFF3108C72B61C4D2C68A0
:1006A000002CFCD0BFF35F8F9A4222D8072101268D
:1006B000894602E00132934218D34D463700154077
:1006C000AF40D4080119045D2742F3D110003C4328
:1006D0000C70BFF35F8F00220D4B1A608CF31088F3
:1006E00000280EDBC0BCB946B046F8BD0120404230
:1006F000EFE7BFF35F8F00232B608CF3108801209E
:1007000040424346002BEDD00898FFF76FFFC046EC
:100710002C0100D030B5EFF3108C72B60A4C236870
:10072000002BFCD0BFF35F8F072301220B409A40C0
:10073000CD08435D93434355BFF35F8F0023236090
:100740008CF3108830BDC0462C0100D0044A1078CC
:10075000431CDBB2172B00D9102313707047C0461F
:100760007811002010B5064B064C82B001000093B2
:1007700018221F232000FFF789FF02B010BDC046DA
:10078000C0A90010BC1D00200021044B044ABFF387
:100790005F8F02C39342FAD17047C046000100D078
:1007A000800100D0054B064A1360064A136053606F
:1007B0009360D36013615361936170478080808040
:1007C00000E400E004E400E01F2318401E3B8340E7
:1007D000002905D0C021044A4900535013607047D6
:1007E000802201498B50FAE700E100E001228240BB
:1007F000034B1B6813405A1E9341D8B27047C04642
:1008000000E100E001238340014A13607047C046C5
:1008100000E200E0064B10309B688000C358054A98
:1008200000209B1A2F229A424041C0B27047C04616
:1008300000ED00E07C11002070B50D00EFF3108694
:1008400072B60F4A1368002BFCD0BFF35F8F0D4BBD
:1008500010309B6884001B590B4A934203D09D4281
:1008600001D001F08DF9074B9B681D51BFF35F8FDD
:10087000BFF35F8F0022024B1A6086F3108870BDB1
:10088000240100D000ED00E0C1010010F0B5574692
:100890004E46DE464546E0B585B00600009117009D
:1008A000EFF3108B72B66A4A1368002BFCD0BFF3CB
:1008B0005F8F0025674B5D579A46002D00DAA9E04F
:1008C0006B00654C01935B199B009846A146C1449F
:1008D0004B4652469B7910361370604BB6009B68AE
:1008E00099590B1B2F2B33D95D4B994200D0ACE0AB
:1008F000019B42469C465B4B6544AD0063535A4B9B
:100900000232A218043B9B1A1B05584A5B0D65195D
:1009100013436B80564B0121AB80FF23AB71009BCF
:10092000EF71AB604B460B4319004C4B9B689951E0
:10093000BFF35F8FBFF35F8F0022454B1A608BF3CD
:10094000108805B0F0BCBB46B246A946A046F0BD33
:1009500001200A008243D3798C46BB4231D84546F8
:10096000130044491B1B5B415943090D3D4B635325
:100970003D4B02356519043B5B1B1B053B4D5B0D75
:100980002B43AA464D466B800425AC465546E044B1
:10099000131F44441B1B1B055B0D1D434B469971E4
:1009A00000999D8099604946DF71334B0143136084
:1009B000BBE75800C01880002018C179B9422FD970
:1009C00002000623D356002BF3DA02932B4B614629
:1009D0000393131D9A4604235B429C46E144504610
:1009E0004B461B1A1B055B0D9C46204B9571984688
:1009F0006346404603439380019B5A199200039B30
:100A0000A418A380029B1C4AA371009B2260E7717B
:100A1000A3608AE701F0B4F8002553465D574FE71D
:100A2000908802934005131D9A46031561469C4623
:100A30004046D444634604302018181AE0230005C9
:100A4000400D1B0218430390C5E701F099F84FE7EA
:100A5000240100D06A2C00207C11002000ED00E071
:100A6000C101001000A1FFFFAC11002000E0FFFF5A
:100A700001BDFFFFAAAA00000148804701BD000098
:100A8000F0B5DE4657464E464546E0B50C0083B00D
:100A9000EFF3108872B6634A1368002BFCD0BFF3E3
:100AA0005F8F614B61499A68030010339F00D559ED
:100AB00001938D4243D0A54254D05D4EAA1B2F2AEC
:100AC0003DD85C4B9B461B68994601231A009C4607
:100AD00082404B4613401F22994663460240934092
:100AE0009A4680225B4650469850BFF35F8FEFF3E3
:100AF00005839B46002B37D0019B5B4501D001F05D
:100B00003FF801232A009A439068844208D176E096
:100B10004B005B189B00F3189868844236D01A008B
:100B2000062151560029F3DA844254D04B46002B5B
:100B300027D0C02251463F4B5200995019603A4B82
:100B40009B68DD51BFF35F8FBFF35F8F0022354B92
:100B50001A6088F3108803B0F0BCBB46B246A946C1
:100B6000A046F0BD0D00EAE72A0063469A4390686C
:100B70008442D5D106201056130000280ADA0D0051
:100B800031E0802351462B4AD150D8E70620185631
:100B9000002821DB42001118890074188B46A168D7
:100BA0009960E179D971062161569971002924DB98
:100BB000A488F11A640524155C44091909051E4C22
:100BC000490D2143998013181C4A9B001178F31892
:100BD00099711070AAE713005946002914D1FF310A
:100BE00091711749918015490A789A71154A9B1B92
:100BF0005B415A43120D0A7098E71149E2E706205B
:100C0000105613000028C5DA0F4A1049D21A083AC4
:100C10005002400D014399800D4952080A43DA8081
:100C200084E7C046240100D000ED00E0C1010010BF
:100C30007C11002000E100E000E0FFFF6A2C0020B2
:100C400001BDFFFFAAAA0000B611002000F0FFFFBF
:100C500000F8FFFF10B58308040003202040FF24A4
:100C6000054AC0009446844081409B0063441A6852
:100C7000A2430A431A6010BD00E400E070B50124ED
:100C80000443EFF30581EFF3108C72B6214A136829
:100C9000002BFCD0BFF35F8F1F4B05001F4AED1ADE
:100CA0006D416A43120D1E4D8900AE6852B27658EE
:100CB000A6421CD00621595691421CD012215956E9
:100CC000914222D01E215956914220D02A215956B4
:100CD0000324914210D0134B19781A708171BFF31D
:100CE0005F8F00220B4B1A608CF3108870BDAB68CD
:100CF0000D4C5C50EFE700246100091989005B1876
:100D0000FF21997109499980E5E70124F4E702245C
:100D1000F2E7C046240100D07C110020AAAA0000FE
:100D200000ED00E06A2C0020C101001001BDFFFFB2
:100D30001F2110B5091A0248FFF7ECFC10BDC04690
:100D40006E2C002010B5084B084C82B001000093B7
:100D5000002205232000FFF799FC002801DB1F2358
:100D6000181A02B010BDC046DCA900106E2C00207D
:100D700070B504000E001500FFF7E8FC010020002C
:100D800000F006F8A680E580BFF35F8F70BDC04617
:100D9000024B9C466144890001607047400000346A
:100DA00070B5114C114DAC420FD2FF262368002BB9
:100DB0000CD0FFF7CBFC01002000FFF7E9FFA68075
:100DC000BFF35F8F0834AC42F0D370BDFFF7BEFCB9
:100DD00001002000FFF7DCFF2671BFF35F8F0834AE
:100DE000AC42E3D3F1E7C046601200206812002055
:100DF00010B50400FFF7AAFC01002000FFF7C8FFB0
:100E0000FF232371BFF35F8F10BDC04610B50400F0
:100E1000FFF79CFC01002000FFF7BAFFFF23A3802F
:100E2000BFF35F8F10BDC04610B504000120FFF76F
:100E300099FC034BC3189B002360BFF35F8F10BD69
:100E400040000034034B9C46614489000160BFF3BD
:100E50005F8F7047400000340A4B1968EFF3108031
:100E600072B60A68002AFCD0BFF35F8F1B68BFF31D
:100E70005F8F00221A6080F3108840BF002000219D
:100E80007047C046442C0020F0B5DE4657464E461B
:100E90004546E0B587B0EFF30583032201251A40EC
:100EA000954091008846A946B34B03925C58B34BDA
:100EB0001D60B34B04934B46B24843630823E55E81
:100EC000002D37DAA3881BB2002B00DBADE0A3793D
:100ED000002B00D0EEE00823E05E002820DB43007A
:100EE00062691B18DB00D3189E68DD68731C00D193
:100EF00011E1A44801004144826A0B69B71A9B1AA8
:100F00009F4215D30123026A039883401A420FD0EF
:100F10009C4800F01DFC8D4202DCCCD18642CAD92F
:100F200040BF07B0F0BCBB46B246A946A046F0BDE4
:100F30000E61EDE762696B0092465B19DB009A4433
:100F400053469E68DF6800F003FC8F42BADC00D194
:100F500003E1002F00DAE8E05246534652691B696C
:100F60009346049A934200D1D9E052460821605E2C
:100F70005288000459461043984700900191009907
:100F8000019A0B001000134300D1CEE013000A00B9
:100F9000B61A9F41002806DB7A4800F0D9FB009E74
:100FA000019F36184F4153469E60DF6000229A5ED3
:100FB000002A00DA86E7530099186069C9004118D1
:100FC00002938B68C9689B46B94200DD7AE702D17B
:100FD000B34200D976E708239C46A44405956546AC
:100FE0002281A446029B2C0006E053009918C900F8
:100FF00041188D68C968AB469B18DB00C318B9421D
:1010000006DC00D1B3E01C000023E25E002AECDA2B
:10101000230064469C4653461A806346059D1D8006
:10102000A3881BB2002B00DA51E72269EFF310818D
:1010300072B61368002BFCD0BFF35F8F0123A78823
:101040005B42A3803FB22369BFF35F8F00221A6027
:1010500081F31088002F00DA39E7230008332200DB
:101060009A4666697B00DB19DB00F31899685046E5
:101070008C460824115FDD68002910DB029306E02E
:10108000AB4244D00023E15E2000002906DB4C0087
:101090006418E4003419E368AB42F1DD029B078079
:1010A00000201F5E1980002FDCDA1400A379002BCA
:1010B00000D110E70023A37126000823E15E083663
:1010C0004B1C00D12CE70800A246656902E03E00F7
:1010D0004B1C1AD04B005B18DB00EF180A008C4643
:1010E000E95E7B881BB2002BF1DA01235B42DC173F
:1010F000BB60FC60824205D0534631801B893B8037
:1011000053461A8160464B1CE4D15446E5E6A36879
:101110006345B7D9C2E76B1C00D0EAE6F8E65B4648
:1011200058461B69984700281BD153461B882269E3
:101130002381EFF3108372B611680029FCD0BFF34E
:101140005F8F514662880A8022696580BFF35F8F96
:101150000021116083F31088B4E6864200D8F8E6D7
:10116000B0E65B461A685B680092019307E7B345F7
:1011700000D848E74CE7C046202B00203C700540D3
:10118000890E00100040054070B52E4C2569002DD9
:1011900004D00A212C48FFF7FBFD70BD2B4E032124
:1011A000300000F0CBFAE660FFF7D0FA284B0322BC
:1011B0009C46D02322701B061B6801216370254BBF
:1011C0006044A3600F238000206102206380636974
:1011D0004942A18019800231198647311D83585236
:1011E00018315A5275325C3999521832013199527C
:1011F000183201319952183201319952083518329A
:101200009D520231183299521832013199521832D6
:1012100001319952183201319952183201319952E3
:101220001832013199520C4B0C49DC6001303562A7
:10123000FFF702FB01210320FFF7C6FA084B1D60F0
:10124000A7E7C046C4110020442C00200040054000
:1012500040000034FFFF1000202B0020890E0010FA
:101260003860054000487047C4110020F8B51F00E1
:1012700008AB1B7804001600002B08D100F070FAB0
:1012800032003B00121A8B41002B00DA52E0226937
:10129000EFF3108072B61368002BFCD0BFF35F8FA2
:1012A0000223E15E63694A005218D2009B1822694A
:1012B000002936DB1D886580BFF35F8F0025156030
:1012C00080F31088069A9E60DF601A61079A5A615F
:1012D0005A8801325204520C101C002A1FD082B2CC
:1012E0005880080410432669EFF3108772B63268FD
:1012F000002AFCD0BFF35F8FA2881A80A1802369E7
:10130000BFF35F8F00221A6087F310880A492378A1
:101310008C4601329A40E36863441A60F8BD0120AC
:10132000DDE7BFF35F8F0023136080F31088012097
:101330004042F3E70020F1E73C20000070B50100D7
:101340000469EFF3108C72B620680028FCD0BFF35C
:101350005F8F02200D5E4C6968004019C0002418A0
:101360000869002D36DB26884E80BFF35F8F00268C
:1013700006608CF31088E360638804980133206171
:101380005B0405985B0CA26060611A1C002B1FD0E7
:1013900093B22804628018430A69EFF3108C72B686
:1013A0001368002BFCD0BFF35F8F8B8823808D8068
:1013B0000B69BFF35F8F00221A608CF310880B78E3
:1013C00001329A40CB6808498C4663441A6070BD6C
:1013D0000122DDE7BFF35F8F002303608CF31088E9
:1013E00001204042F3E7C0463C20000010B543898D
:1013F0000A1493421ADD53009B184269DB00D3188C
:101400000469EFF3108C72B62268002AFCD0BFF397
:101410005F8F5A88090494B2090C8A4208D0036984
:10142000BFF35F8F00221A608CF31088002010BD7C
:101430008022120214435C80012302698371BFF38E
:101440005F8F002111608CF31088044902788C466C
:101450009340C268012062441360E8E73C2000002A
:1014600040787047F0B506000F0006246442E51787
:10147000C646A4197D4100B582B08D4214D811D062
:1014800000F06EF922002B00121A8B41002B15DCA4
:10149000002B44D03000390000F06CF902B080BC61
:1014A000B846F0BD8442EBD90024002500F058F97D
:1014B00022002B00121A8B41002BE9DD00F050F9BD
:1014C00022002B00121A8B41002B0ADB0023019310
:1014D000144B2200009314482B00FFF72FFF01301C
:1014E000D8D0A04629000024104A1148536A9942D6
:1014F00004D8956A4545CDD29942CBD10568EFF322
:10150000108C72B62B68002BFCD0BFF35F8F036882
:10151000BFF35F8F1C608CF3108820BFE6E7002AC2
:10152000B8D0CBE7590E0010C41100200040054090
:10153000442C0020F0B5C64600B582B0040000F08F
:101540000FF9FA2206000F0020000023002192006C
:1015500000F0E8FF8019794104000D1E02DA012431
:101560002E4D644206267642F71736196F41AF4278
:1015700014D811D000F0F4F832003B00121A8B415D
:10158000002B15DC002B46D02000290000F0F2F8DB
:1015900002B080BCB846F0BDA642EBD900260027B9
:1015A00000F0DEF832003B00121A8B41002BE9DD1F
:1015B00000F0D6F832003B00121A8B41002B0ADBF8
:1015C00000230193164B3200009316483B00FFF7AF
:1015D000B5FE0130D8D000233900B0469C46124AEF
:1015E0001248536A994204D8966A4645CCD2994229
:1015F000CAD10668EFF3108772B63368002BFCD0AF
:10160000BFF35F8F0368BFF35F8F66461E6087F38B
:10161000108820BFE5E7002AB6D0C9E7FFFFFF7FAB
:10162000590E0010C411002000400540442C002039
:10163000F0B557464E46DE464546E0B506000F007B
:1016400085B0EFF3058399468B46002B12D03849BD
:1016500000204B6ABB4206D38A6ADB1B591E8B41B2
:10166000B2424041184305B0F0BCBB46B246A94661
:10167000A046F0BD2F4B9A46DB68984653461B7830
:101680004046039300F064F84246039B0400043391
:101690009B009B580D001B1A39003000001BA9410C
:1016A000894510DC0DD020BF214A0020536A5B45DC
:1016B000D9D3926ADB1B591E8B41B2424041184379
:1016C000D1E78342EFD900F04BF832003B00121A09
:1016D0008B41002B1ADB00230193174B3200009340
:1016E00050463B00FFF72AFE011E0FDD104B5A6AE1
:1016F0005A451BD39B6AB34216D35046FFF776FE7A
:101700000B4A0020536A5B45ADD3D2E7084A00205C
:10171000536A5B45A7D30020926ADB1BB24240416B
:101720005A1E934118439EE75A45E6D120BFE4E78D
:1017300000400540C4110020590E001010B5024AA7
:101740000248FEF781FF10BDF8A90010C01D00205F
:101750000300416A0A00986A596A8A42FAD17047BE
:10176000034B596A0A00986A596A9142FAD1704744
:1017700000400540064A536A9942FCD807D1044B01
:1017800002E05A6A914202D19A6A9042F9D87047AF
:1017900000400540F8B5DE464E4657464546E0B5A2
:1017A0008B4605000A991800160000F041FB0A9BC1
:1017B0006C001F02324B64199C46A40064446368A9
:1017C00081469F4200D967602B1FDBB29846012BF0
:1017D00030D9C02380229B01E31812011A60294BE3
:1017E000AD0059599A4600291BD17301E0262268A1
:1017F00053401E40802342465B01E3181E60012ACD
:1018000030D9802380229B01E31812011A605346CD
:101810004A4667605A51F0BCBB46B246A946A0464C
:10182000F8BD586900F004FB013043001B18033B6E
:10183000FDD2DAE75B46012BCBD1C02303229B010B
:10184000E3181A60023AA3681A42FCD07301E0263A
:101850002268AD0053401E4080230A4A5B01924635
:10186000E3181E605A462168514003220A401A605C
:1018700001225B469A40A3681A42FCD0C1E7C046E9
:1018800000800040C81D0020F0B546464F46D646B1
:10189000C0B51F00344B44009C462418A400644487
:1018A000636888461600FF2B02D880235B006360C4
:1018B000031FDBB29A46012B30D9C02380229B0143
:1018C000E31812011A60294B8500595999460029DD
:1018D0001BD17301E026226853401E4080235246EC
:1018E0005B01E3181E60012A30D9802380229B010E
:1018F000E31812011A6080235B0063604B465F515E
:10190000E0BCBA46B146A846F0BD586900F090FA6E
:10191000013043001B18033BFDD2DAE74346012B9D
:10192000CBD1C02303229B01E3181A60023AA368BB
:101930001A42FCD07301E0262268850053401E4005
:1019400080230A4A5B019146E3181E6042462168E3
:10195000514003220A401A60012342469340A26884
:101960001342FCD0C1E7C04600800040C81D0020E3
:10197000014B8000C0587047C81D0020F8B5040016
:1019800021481E0017000D0000F052FA0100380037
:1019900000F04EFA069B36041B031E432368002BFF
:1019A00020DB1A4B1A49E3185A1E934180229201F8
:1019B00094465B421B0B174A1B0363441360164A91
:1019C00013601F000A689743FBD1144B2560E2188F
:1019D0002123A06013602368002BFCDA0823E66053
:1019E0001360F8BD3F2322681340AB42D9D1A368EE
:1019F0001B051B0D8342D4D1EE22E368D2021340B3
:101A0000B342CED1EDE7C046001BB7000040FDBF9A
:101A100008C0004000E0004000F00040043000003A
:101A200010B580241C4BE4051C6000281AD001234B
:101A30001A4C18431A4BDC611A4C44401C62596220
:101A400098628021144BC90519601748174908602E
:101A5000E021C9041960002A07D18022144B120624
:101A60001A6010BD0E4BD861EBE753019B1A9B0027
:101A70009A18802312015B049A4209D213000D497F
:101A80000B60074B5A608022094BD2051A60E8E7C9
:101A9000094B1A00F3E7C04600B00540D3C007B0B9
:101AA000008005402D3FF84FFCFF01000820014059
:101AB00000A00540102B0020FFFFFF008023024AFA
:101AC0009B000B43D362704700800540002310B594
:101AD0000100988A1B8B984710BDC046162310B58D
:101AE0000100188802331B88984710BDF8B5474697
:101AF000CE4680B50F1E18D0142399460433040037
:101B00000025012698464B461888434621681B88C5
:101B1000984701C4431E984101350640AF42F2D1B7
:101B20003000C0BCB946B046F8BD0126F8E7C04653
:101B3000002370B504000D00988A05491B8B984757
:101B400003000020002C01DB0130A0402900984751
:101B500055420000AA23064A1B0113608D235B0037
:101B6000D3600449044B19605368002BFCDA7047BA
:101B70000040024000B0FA00006002407047C046DA
:101B800010B50148FEF732FD1CAA001070B5074DD4
:101B9000074EB54209D20024013E761BB60808CD97
:101BA000984723000134B342F9D170BD68A90010F1
:101BB000A4A90010054B064A06491A60064A074BBD
:101BC0001A6010000B689843FBD1704700E000409A
:101BD000BFCDFBFE08C00040FE7F3C0000F000408F
:101BE000044BDB6C002B03D18022034BD2021A6022
:101BF0007047C046000011504C201150044A054B5C
:101C00001A60054A1368DB018033FBD17047C04678
:101C1000FFFFFF0100F0004008C000404022034BDE
:101C20009A675A671A67DA667047C04600F0014043
:101C300010B5FEF7A9FD10BDF8B52749274C284D72
:101C4000641AA6103200302E00D9302228009200EB
:101C500000F0C4FCBC2C3BD830202F232C19640787
:101C6000204A801BE40F9B1B052B16D93700002C44
:101C700002D0B300771CEA50001B33199B004108C7
:101C8000EB18C900C9181A605A6008339942FAD192
:101C9000012303421CD09843C619B300EA50731CB9
:101CA0002F2E15D09B00EA50B31C2E2E10D09B0077
:101CB000EA50F31C2D2E0BD09B00EA50331D2C2E26
:101CC00006D09B00EA50731D2B2E01D09B00EA50DA
:101CD000054B9D60F8BDC04600010010C00100101A
:101CE00000000020C101001000ED00E0002310B54D
:101CF000294C82B0A367FFF72DFF0122274B1A6002
:101D0000636C012BFCD10322254B1A60224A936B92
:101D1000012BFCD1013300930121224A22480433D4
:101D2000FFF72CFE052301210093204A2048FFF7EE
:101D300025FE0022022104201E4BFFF7A5FD0022F4
:101D4000012105201C4BFFF79FFD002200210720E9
:101D50001A4BFFF799FD002200210820174BFFF7CF
:101D600093FD8023DB000093002200210920134B08
:101D7000FFF710FD0022104B00210620FFF784FD25
:101D80000420FFF7F5FD0E4900F052F80100002095
:101D9000FFF794FE02B010BD008000403CB0004050
:101DA00030B00040002F685900800240008C864708
:101DB00000C00240001BB70040597307006CDC02F2
:101DC00040420F0001480421014B1847E011002058
:101DD000ED1A0010014B9B6818470000E01100202D
:101DE000124A936F9B0815D29066D166002905D0E0
:101DF000FFE7FFE7FFE7516F106F704704B58021E1
:101E00000906C2175140002800D0C84308F04CFD15
:101E1000002104BDF0B5146E556E576F166FFFF7B5
:101E2000E3FF1466556657671667F0BD000000D0E3
:101E3000114A936F9B0813D210665166002905D092
:101E4000FFE7FFE7FFE7516F106F704704B5002809
:101E500001D00020C04308F027FD002104BDC0468A
:101E6000F0B5146E556E576F166FFFF7E5FF1466E9
:101E7000556657671667F0BD000000D094464A4A81
:101E8000926F9208624601D228E0C046F0B5464EF5
:101E9000346E756E776F366F00F020F89446424AC4
:101EA00014665566576716676246F0BD94463E4A0B
:101EB000926F9208624601D254E0C046F0B53A4EA5
:101EC000346E756E776F366F00F04CF89446364A74
:101ED00014665566576716676246F0BD002B24DB13
:101EE00011D000293EDA00B5C943404200D101318A
:101EF00000F038F8C943404200D10131DB4352427F
:101F000000D1013300BD002AEBD1002801D1002906
:101F100005D00020C90FC90701D1C043410800B551
:101F200008F0B2FC0022002300BD00B500290ADB46
:101F3000DB43524200D1013300F014F8C943404260
:101F400000D1013100BDC943404200D10131DB4322
:101F5000524200D1013300F005F8DB43524200D178
:101F6000013300BD002923D1002B18D1002A0CD049
:101F7000BC460D4F38667A6600210023FFE7FFE775
:101F8000FFE77A6F386F67467047002801D007482F
:101F9000010000B508F078FC0022002300BD02001B
:101FA0000B00002000217047000000D0FFFFFFFF62
:101FB000002B00D0BFE0130C28D1002AE7D080B45A
:101FC000114F39667A66FFE7FFE730B4040C7B6F88
:101FD000396F1B0423433B667A66FFE7FFE7FFE7A1
:101FE000C04684B27B6F3D6F1B0423433B667A6619
:101FF000FFE7FFE7C04600232C042D0C7A6F386FF3
:1020000000196941B0BC7047000000D0F0B594469B
:102010000025140E01D112020835140F01D112014E
:102020000435940F01D192000235D40F01D1520032
:102030000135D40B0134254F7C66254C3C660E0CD3
:1020400093B2FFE7FFE7FFE73C6F6643360C770389
:10205000BE467343DF0B5B04C01AB941130C7343D4
:10206000DB18C91ACE086643360CB64493B27343E4
:102070001F0F1B01C01AB941130C73431F0B1B0523
:10208000C01AB941860D8F023E436643360C092DB6
:1020900024DB520A7243801A7703460A6643360CE1
:1020A00016235B1BDE40DF40BF1964466643821B7C
:1020B0007046043506330100D940A840C01900D34A
:1020C0000131A24206D20023F0BD0000000000D082
:1020D000FFFFFFFF121B0130F3D3F1E709277F1B3E
:1020E000FE406446A2B27243801A00D20139220C2B
:1020F0007243130C1204821A99410B007046043586
:1021000013370100F940A840801900D30131002B9A
:1021100002D1A2420AD2F0BD013000D30131121B1C
:10212000FAD2013BF8D1A24200D2F0BD013000D377
:102130000131121BF7E7F0B51C0C00D080E00CB4A5
:1021400000251C0A04D11B02160E33431202083567
:102150001C0B04D11B01160F3343120104359C0BD9
:1021600004D19B00960F334392000235DC0B02D161
:1021700092185B4101351C00971864410134464FA9
:102180007C66464C3C660E0CFFE7FFE7FFE7C04667
:102190003C6F6643360C7703BE4697B27743C01B4D
:1021A00000D20139C01B00D201399FB27743C91B4D
:1021B000C91B170C77437E04FF0B801BB941CE0867
:1021C0006643360C0C2D33DBB644120B1F053A4325
:1021D0001B0B97B27743C01B00D201399FB27743E4
:1021E000C91B170C77433E043F0C801BB941860D79
:1021F0008F023E43664329277F1BFE400C3D7746F6
:10220000AF40BF1930BCA2B2ABB272437343801A65
:102210009941220C7243130C1204801A9941020056
:102220000B000137001BA941F9D2781E0021F0BD37
:102230000C277F1BFE4077467F0BAF40FF19E0E77E
:1022400000245D1C07D0144F7D663966FFE7FFE769
:10225000FFE7FFE73C6F95B29EB265436643401BC4
:10226000B141150C1E0C6543664336042F0C3E43EA
:102270002D04401BB141994204D202000B00200002
:102280000021F0BD01D19042F7D3801A9941013469
:102290009942F2D3F6E70000000000D0FFFFFFFFF5
:1022A00048404140484018B4134B5B68019308BD57
:1022B00018B4114B1B68019308BD94460F4A926FE6
:1022C000920805D2624618B40B4BDB68019308BD37
:1022D0000A4AF0B5146E556E576F166F6246FFF7D7
:1022E000F2FF064A1466556657671667F0BD18B4C4
:1022F000014B9B68019308BD38140020000000D0FA
:10230000FFB550404240504059404B40594000E0DA
:10231000FFB5154F4C00640D03D0BC4204D10C0333
:1023200014D80020090D09055C00640D03D0BC42DF
:1023300004D11C030AD800221B0D1B0501264B40AB
:1023400009D44B4003D58B4200D18242FFBD994254
:10235000FCD19042FFBD0B43DB1803431343F5D080
:10236000C9434918FFBD0000FF07000000B5FFF793
:10237000CFFF804100BDC04600B5FFF7C9FF01D9BE
:10238000002000BD012000BD00B5FFF7B9FF01D955
:10239000002000BD012000BD00B5FFF7B1FF804166
:1023A00000BD012040054A00121804D85A00121836
:1023B00001D800207047012070470000002100284C
:1023C00005D17047C1174840401AFAD0C90713B564
:1023D000064B1B6898470CBC441CA2401005120B0E
:1023E0000349091B09051943114310BD402B002067
:1023F0001F04000010B54C00620D8023D218DB00D2
:10240000D21A5B057E2A10DD9E3A13DACC17090337
:10241000490819435242D140640001341532202A40
:1024200005DAD0400843604310BD002010BD0846C7
:10243000604310BDC80FC018013810BD18B4024B5E
:102440005B6A019308BD00003814002010B50148F4
:10245000FEF7CCF828AA0010132370B51D78012DC3
:1024600019D014DD1D48FFF739FB06001C48FFF7A3
:1024700035FB1C4C80223100200000F0AFF8022D0B
:1024800006D01948FFF722FB184B186070BD154C99
:10249000174BA364F5E7174B124C23606360A360EE
:1024A000E36023616361A361E36123626362A3620A
:1024B000E36223636363A363E36323646364A364EA
:1024C000E36423656365A365E36523666366A366CA
:1024D000E36623676367A367E367D9E753440000B4
:1024E00053460000381400204C330000402B0020DD
:1024F000F92400104D24001007B5604601880A0A2F
:102500000230DF2AFAD1C9B2820804D30288408897
:102510000004104300E00068014A5050039007BDDA
:102520003814002051434343C9188C46110C83B220
:102530004B4310B4040C614392B280B250436243E7
:102540001C041B0C001910BC59411304120CC018B8
:10255000514161447047000010B50148FEF746F84C
:10256000C8AB0010132310B510481C78FFF7B6FA5B
:102570000100012C0AD003DD80220D4800F02EF866
:102580000C48FFF7A3FA0C4B186010BD084C5422FE
:10259000200000F023F82200084980322368002B35
:1025A00000D1216004349442F8D1E9E75346000099
:1025B000442B00204C330000402B002059250010F4
:1025C00001480421014B1847F0110020ED1A0010BA
:1025D000014B1B6818470000F0110020014B5B689D
:1025E00018470000F01100207047C046F8B5574664
:1025F000DE464E464546E0B599460A9B07009A4698
:102600000D9B884693460B9C9B073BD10C9B9C42A1
:102610003DD21E1B0B9415000C005E442A004B4655
:10262000013521002020B847B542F7D1A0460B9CC8
:10263000002C20D0454636195346321B013C185D0C
:1026400029004B46B847002CF6D12B0035009846A0
:102650000D9B9B070FD55B46EC1A0C9BA3420AD936
:10266000464698462A004B46310020200134B847A0
:1026700001354445F6D32800F0BCBB46B246A94616
:10268000A046F8BD16001500002CD3D1E0E71600D7
:102690001500002CCED1EEE7F0B54546DE46574694
:1026A0004E46E0B585B09C4610AB1B78149F934610
:1026B00098460F9C129E139DBB074CD4002D42D10F
:1026C000B44248D201233B4099460E9B013B9A46B7
:1026D000302304E0524601341355A64201D9202C80
:1026E000F8D14B46002B00D183E00E9B013B99466D
:1026F0003023A54205D82EE04A4601341355AC429A
:1027000029D0202CF8D1FB060CD57B0554D4A64249
:1027100063D0A54261D0119B102B50D0022B57D013
:10272000202C32D1202301930E9B5A46009303970D
:1027300063460295FFF75AFF05B0F0BCBB46B246B0
:10274000A946A046F0BD01233B40994601233B42E8
:102750002AD1B442B9D3FB061CD57B05DBD4002CAF
:10276000D5D1119B102B5BD0119B022B6BD030234A
:1027700001240E9A13704346002B10D17B073ED5DF
:102780002B260E9A631C1655CDE723000134302604
:102790000E9AD654202CC5D04346002BEED02D26C1
:1027A0000E9A631C1655BEE74346002B2FD0013D01
:1027B000B44200D289E798E7119B102BB2D1BB0637
:1027C00037D5202CAED058230E9A13550134A7E7E5
:1027D000202CA7D02300013407E0631E012CC0D0B9
:1027E000119A102A31D0022AD1D162260E9AD654DB
:1027F00096E7FB06CED57B0500D488E78BE7230060
:102800003E0790D520260E9A013316558BE70C23F0
:102810003B405A1E9341ED1AB44200D255E764E79B
:10282000BB060ED478230E9A022413703023537003
:10283000A1E7202C00D175E778230E9A13550134B7
:102840006EE75823EFE76033EDE70E9AA61E914638
:102850004E44BA0602D55822327098E77822327078
:1028600095E7C04610B5002800D110BD01F07EFCF0
:10287000FBE7C0460B0010B5002802D049681B6872
:10288000984710BDF0B55746DE464E464546E0B582
:1028900095B083460F00924698461E9A1F9B1000E3
:1028A0001900209EFFF77DFD002800D0EAE11E9868
:1028B0001F990122C54B5242FFF758FD002800D056
:1028C00014E11E981F990122C14B5242FFF764FD8B
:1028D000002800D0E9E01E981F990022BD4BFFF7A9
:1028E0005BFD002800D0C8E01E981F990022BA4B5B
:1028F000FFF73CFD002800D0BFE01E981F99002282
:102900000023FFF733FD002800D0E4E000230B9301
:10291000229B5B0500D406260024302307E0172104
:1029200006AA013452181355013E202C01D0092E5D
:10293000F5D81E981F99FFF75DFDA84BF2009B1874
:102940001A685B68050008920993FFF73BFD0200D7
:102950000B001E981F99FFF7A6FC089A099BFFF72A
:10296000C6FC06900791FFF769FD8146FFF726FD3B
:1029700002000B0006980799FFF795FC0022984B80
:1029800006900791FFF708FD002800D10DE1012313
:102990009C46E1444846FFF711FD02000B000898F1
:1029A0000999FFF7E9FC002802D000239946013578
:1029B000002E00D1D9E006954D46B94614E006AA8E
:1029C000944617230A216344280001341F19FFF796
:1029D0002FFA3031397028000A21013EFFF728FA1A
:1029E000092D00D817E10500202CE8D14F46069D9F
:1029F00020240CAE06AA17239446634499465B46EE
:102A0000B34606930FE04B4628000A210134E6182E
:102A1000FFF7E6F93031280031700A21FFF7E0F9BD
:102A2000051E00D1E4E0202CEDD1069B5E469B46BE
:102A30000323229A1340012B18D1219B002B15D080
:102A40000B9B002B00D1FDE0219B013B2193202B10
:102A50000CD93023219A07E0172006A90134091860
:102A60000B55944200D3CCE0202CF5D1229B01944D
:102A70000393219B0096029322E0229B52460493EB
:102A8000219B3900039358461E9B1F9C029600937E
:102A90000194434600F04AF90400200015B0F0BC50
:102AA000BB46B246A946A046F0BD229B5B070FD4A9
:102AB00003224C4B22990192039121990093029198
:102AC0004346524639005846FFF790FD0400E4E7BC
:102AD0000422454BEEE71E9A1F9B00200021FFF7C2
:102AE000E2FB01231E901F910B9311E7229B54469A
:102AF0009B0711D1219B042B0ED9219B55469C4647
:102B00005E46043C64442A004346013539002020D7
:102B1000B047A542F7D1B346344D26002B1F994646
:102B20005B46A3461C003200E87843463900013D6D
:102B3000A04701364D45F6D123005C469B46229BBB
:102B400004349B07A9D55346219AE31A9A42A4D983
:102B50005E4615002200434639002020B047534608
:102B60000134E31A9D42F5D897E72800FFF72AFCC5
:102B700002000B001E981F99FFF795FB0022184BCF
:102B800006900791FFF7F2FB0CAE002800D031E76A
:102B9000069807990022124BFFF7FEFB002800D091
:102BA00028E7012301359D4324E700220698079971
:102BB0000B4BFFF7DBFB002800D0F9E64B46002B60
:102BC0005CD101239C46E144F2E6C046FFFFEFFFE3
:102BD000FFFFEF7F65CDCD4165CDCDC1F0B00010D9
:102BE0000000E03F88AA001080AA001090AA001000
:102BF000069B5E469B460323229A1340012B00D17D
:102C000081E0202C00D131E70B9B002B27D02D2316
:102C1000335501342AE74F46069D202C00D1E7E6C4
:102C20003022331907E0172006A9013409180A5584
:102C3000202C00D1DCE6A342F5D12E220CAE0134CB
:102C4000F254D7E60C23229A134257D0219B013B22
:102C50002193A34200D9FCE6202C00D106E7229B59
:102C60005B0703D52B2333550134FFE6229B1B075B
:102C700000D4FBE6202333550134F7E6DB0700D40C
:102C800096E69EE7229B55469B0711D1219B032B7D
:102C90000ED9219B54469C465E46033D6544220066
:102CA0004346013439002020B047AC42F7D1B34647
:102CB000B9465F461C4EEC1C2A00B0784346494694
:102CC0000135B847013EAC42F6D1229BBB464F4688
:102CD0009B0700D4E1E65346219AE31A9A4200D8B2
:102CE000DBE65E4615002200434639002020B0474F
:102CF00053460134E31AAB42F5D3CEE6219BA342FF
:102D000000D9A6E6B2E6219B002B00D179E70B9B08
:102D1000002B97D0219B013B21939C4200D298E647
:102D2000202C00D073E7A1E68CAA0010F0B5DE4697
:102D300057464E464546E0B599B081468B46924689
:102D40009846229A239B10001900FFF72AFB0028BF
:102D500000D0CAE0229823990122824B5242FFF709
:102D60001BFB002800D0C0E02298239901227E4B53
:102D70005242FFF7FBFA002800D0B6E022982399D0
:102D800000220023FFF7F2FA002800D0C9E1229BBD
:102D9000239C08930994089809998023269ADB00BC
:102DA0001A400D928022269C1201144022000B949E
:102DB000269C07000E001C4200D0ADE00B00034330
:102DC00000D0D5E0002A00D00AE222000633249386
:102DD000022313400C930223134200D002E2259BEE
:102DE000042B00D20FE2043B0B93002304250A932B
:102DF0000022229823990023FFF7B8FA002800D078
:102E000003E25A4B269A134004930B9B0393249B93
:102E10000293089B099C00930194594643465246ED
:102E20004846FFF72FFD02002020269B1F27034066
:102E300059424B415B421840531C08935946434644
:102E40004530C8470A9AD317D4185C40D30F0A9369
:102E50006B1E0B9308AB9C460025674401E0202DB8
:102E60000FD020000A21FEF7E3FF01357E19303133
:102E7000317020000A21FEF7DBFF26000400092E36
:102E8000EDD8052306930B9B594605930023049325
:102E90000A3303930A9B4846029310AB0093089AA7
:102EA00043460195FFF7F8FB0C9B002B2DD05346B2
:102EB000C41A259BA34228D94D465F4681461E0071
:102EC000534639001A19202043460134A847A64228
:102ED000F6D8534648462599C21A0132002391423A
:102EE00000D386E1013018180FE0269B0493259B40
:102EF0000393249B0293229B239C009301944346BB
:102F0000524659464846FFF7BDFC19B0F0BCBB46D7
:102F1000B246A946A046F0BD01432BD10B9B22002F
:102F2000002B00D154E700230A93249B0A9A002423
:102F3000934200DD85E12298239900220023FFF7C8
:102F400015FA002800D035E1269B084A02941A4061
:102F50008023DB0013430493259B0393089B099C68
:102F6000CBE7C046FFFFEF7FFFFFEFFFFFF7FFFF5D
:102F700006232493B44B70009C46400D6044FFF739
:102F800021FAB24AB24BFFF7B2F9B24AB24BFFF79D
:102F90008FF93603B14B360B334304000D00380074
:102FA00019000022AE4BFFF77EF9AE4AAE4BFFF799
:102FB0009EF902000B0020002900FFF779F9FFF7C6
:102FC00019FA0A90FFF7FEF9A84AA94B04000D0070
:102FD000FFF78DF90022A74BFFF76AF9FFF70AFA0E
:102FE000A54A0600A54B20002900FFF780F9040040
:102FF00030000D000C96FFF7E5F9A14AA14BFFF751
:1030000076F902000B0020002900FFF74CF90200BE
:103010000B0006000F00FFF76AF9320004000D00F4
:103020003B0030003900FFF743F900220E900F916A
:10303000954B20002900FFF740F90022934BFFF742
:1030400037F902000B0020002900FFF736F90022B3
:103050008F4BFFF72DF902000B0020002900FFF72E
:103060002CF90D008021040032003B000020C9052E
:10307000FFF719F902000B0020002900FFF718F9EB
:1030800002000B000E980F99FFF717F90022734BFF
:10309000FFF70EF97F4B0C9C9C46644400222305ED
:1030A000FFF725F906000F0002000B0008980999A8
:1030B000FFF75CF900280AD00A9B3000013B390079
:1030C0000A930022714BFFF7F8F806000F000A9AE6
:1030D000330063323900C62A12D80222269804250A
:1030E00010400B9A0C90002A25D1259B042B05D962
:1030F000002800D0A1E0259B043B0B93042541E070
:103100000222269810400B9A0C90002A12D1259B7F
:10311000052B76D9002872D1259B0525053B0B93FD
:1031200034E0802212069446229B0893239B63443A
:10313000099330E605250B4300D1F6E60898099976
:10314000554A564BFFF720F9002808D008980999EE
:103150000022534BFFF70AF9002800D0E5E6249B34
:10316000002B1CD00D9B002B19D0249B013B2493DA
:10317000259BAB4204D90C9B002B5AD002230C9305
:1031800000230B930A9B002B00D131E60898099984
:1031900032003B00FFF791F80890099128E6259B43
:1031A000AB42EDD90C9B002B43D000230B93023391
:1031B0000C93E7E78020269B3A4A00061A408023BA
:1031C00084460294089C099D2900DB001343049364
:1031D000259B6144220003930B00009201938EE62D
:1031E0000524A8E600230B930A93023304250C93CD
:1031F000FEE553468C46013B63441B1A72E60223EC
:103200000C930525C2E70423EDE58020089E099F65
:10321000000639008446269A224B614413400493E9
:103220000B9B32000393249B02930B0000920193AB
:10323000F3E5259B5B1B0B93A4E7022304250C936A
:10324000A0E79C1A013C76E601FCFFFFFB799F504A
:103250001344D33FB3C8608B288AC63F0000F03FB9
:103260000000F83F61436F63A787D23F71A37909DC
:103270004F930A400000E03F1655B5BBB16B0240CA
:10328000EF39FAFE422EE63F00002C4000002440B9
:1032900000001840FF0300002D431CEBE2361A3FEC
:1032A00080842E41FFF7FFFFF0B5DE4657464E46BD
:1032B0004546E0B5A5B01E002E9B92460C93CD4A24
:1032C000CD4B80468B461A60002900D1EAE10023ED
:1032D00030789946002800D1ECE1C84B4C460B935E
:1032E000C74B454657460E930AE0631C984622009A
:1032F0003B005946A84744463078002800D187E073
:1033000001362528F1D108239A46043B9946023B11
:103310009846013B00229C460D943078711C0300B6
:10332000203BDBB2102B03D80B9C9B00E3589F463D
:103330000300303B89460D9C092B3AD9002398465F
:103340002A2800D1C1E000239A462E284BD0030042
:10335000683BDBB2122B1ED80E999B00CB589F46C0
:1033600063460E001A43D8E743460E001A43D4E7DB
:103370004B460E001A43D0E710230E001A43CCE749
:1033800053460E001A43C8E780235B001A43FF3BF5
:103390009C467078E1444E4667284FD82428A4D92B
:1033A0000300253BDBB2422B9FD896499B00CB58AC
:1033B0009F46002394461E0000E00131B3009B1994
:1033C0005B001E180878303E0300303B092BF4D90F
:1033D0000123624689469C460023B0469A460E0069
:1033E000E1442E28B3D13021802049428C46C000D0
:1033F000024370784B4684446146092900D86CE149
:103400002A2800D17AE101239C464E46E1449EE7FA
:10341000A146A846BA46CA4503D801235B42534495
:10342000994653464A4659460020C047200025B0D9
:10343000F0BCBB46B246A946A046F0BD0300693BBE
:10344000DBB20D930F2B00D94FE7012199408C4639
:103450006D49894661464B4619400F91634649467E
:103460000B4200D028E10D9B0A2B3AD0072B00D04D
:103470003BE70C9B190008C98846002B00D14BE1A3
:1034800021200243914614A98C461F220F21624439
:103490008C4651460D950C91A24615000F9902E0FD
:1034A00020290CD0130064461C4020003730092C22
:1034B00000D80738013168541A090F2BF0D80C9B3B
:1034C00054460D9D9A460F9133E10C9B02CB8846E2
:1034D000002947DB0C9301239C4670784E46E1445B
:1034E00031E70C9B02CB14935346002B00D138E1FB
:1034F0009C4608780B000C908C44002801D100F009
:1035000098FC89466146944603E05A780133002AC4
:1035100001D08B42F9D1494662465B1A0C900F9359
:10352000530500D520E10223180010400D901342EE
:1035300000D1CBE30D930B1BB1469A465E460C9827
:1035400022003B003100A84753460134185D002893
:10355000F6D1B3464E460D9B002B00D0C7E1149B1D
:103560000C93C9E60C9301239C4628384942024338
:10357000884670784E46E144E5E670786C2800D1C4
:103580007FE180235B001A43FF3B9C46E14402E756
:1035900080239B001A4301239C467078E144FAE69D
:1035A0007078682800D173E180231A437F3B9C46E2
:1035B000E144F0E6672800D103E1472800D15AE151
:1035C000452800D15AE10492072142460C9B039200
:1035D000073352468B43190002920CC9280000920F
:1035E00001930C9122003B005946FFF79FFB04001A
:1035F00082E6C046A93200100C2B002054AF001008
:1036000098AF0010E4AF001041900000462800D1B0
:10361000DBE00492072142460C9B0392073352469B
:103620008B43190002920CC92800009201930C915F
:1036300022003B005946FFF725F904005CE6631CB5
:10364000984622003B0059462520A847444653E6A9
:103650000C9B04330D93631C9946920700D422E11E
:103660000C9B2200187859463B00A8474346444427
:10367000012B00D885E23300B8462E005F462500B6
:103680004C46994622004346013439002020B04779
:10369000AC42F7D12C00BB46350047464E460D9B49
:1036A0000C9329E6DB4B3078984600239946002896
:1036B00000D012E60024AEE66F2800D188E000D8E2
:1036C0000BE31023782800D1CFE09A430A239C46CD
:1036D00000230F930A330D9380E05646B1008919F9
:1036E000490001330E181878303E0100303909299D
:1036F000F4D9B2461E000133994628E60C9B0236E7
:1037000002CB8A46C9435046C917084082460C93EB
:103710003078731C99461AE6102310009843113331
:103720001843814680201300C0000340024200D1AC
:10373000A9E64B46069308230593534604931023AA
:103740000393002302930F9B220001931CAB009371
:1037500059463B002800FEF79FFF434604000C93A8
:10376000CAE501235B42C3E60F9B534501D953468B
:103770000F930223180010400D90134200D1B7E1BF
:103780000D93D1460B1B9A463300A1442E00220014
:103790004D460C98B9465F469B4608E04B463900BB
:1037A000541CB0475346185D002877D0220095423C
:1037B000F4D15B46BB464F46A94635004C461E0039
:1037C000C9E680231B011A43FDE620231A4320E7A4
:1037D00008239C4600230F9308330D938023110088
:1037E000DB0019401A4200D116E10D239A43100064
:1037F000802302009B001A401492184200D0C2E1BC
:10380000802302005B001A4091460C9A04320F920A
:10381000184200D0B7E2430600D59FE1030600D46A
:1038200019E30C9B1B880993002B00D0FCE110339B
:103830009843002900D1F7E10023994643460593B8
:10384000534604930D9B069003930023D2E058281F
:1038500008D0622867D102239C4600230F930233CD
:103860000D93BBE720231A43103B9C4600230F9384
:1038700010330D93B2E780231B011A4320231A4310
:10388000A1E6C0239B001A43F31C9946B07882E559
:10389000C0231A43F31C9946B0787CE535005E4698
:1038A000BB464F4657E64346012B00D863E1631EF3
:1038B00043449A463300B9462E005F4655469B4620
:1038C000A24622004B46013439002020B047AC42CA
:1038D000F7D135005E46BB464F46A14654460C9B89
:1038E0004A46187859463B004444A847D7E6A146C3
:1038F0000F9B984500D832E64444E41A3300B8469A
:103900002E005F4625004C4699462200434601346E
:1039100039002020B047AC42F7D12C00BB4635001F
:1039200047464E461BE680231000DB0018401A4233
:1039300000D10FE1112118008A430D920D9A8023C6
:1039400011009B0019408C461A4269D18023110056
:103950005B00194089460C9904310F911A4200D03E
:10396000CAE113005B0600D5F0E013001B0600D48B
:1039700059E20C9B00229B5ED9175A184A4092B21A
:10398000D90F0C91002B00D1F9E1100014AA944634
:1039900042461F23149252466344A84616944D464D
:1039A0000400B946B2461F00159201E0202D0FD049
:1039B00020000A21FEF73CFA01357E1930313170C2
:1039C00020000A21FEF734FA26000400092EEDD863
:1039D000149B4F46A94645469846159B56469A461F
:1039E000169C0D9B069343460593534604930A2366
:1039F00003930C9B02934B4601931CAB2200009354
:103A000059463B002800FEF747FE0F9B04000C932D
:103A100072E4C046E92500100C239A431000E7E643
:103A200007220C9B07339343013294469C44624621
:103A30000C920CCBD90F0F911100194300D191E0DA
:103A4000D917139112915140109113995940119126
:103A500010981199129A139B801A99411090119104
:103A600014AA0023944642469946149252461F33A4
:103A70006344A846B24616944E46109C119DB94622
:103A800015921F0001E0202E10D0200029000A22EC
:103A90000023FEF70BFA013630322B00BA550D0029
:103AA00022000400002BEED1092AECD8149B1094BC
:103AB000119545469846159B4F46B14656469A463F
:103AC000169C0D9B069343460593534604930A2385
:103AD00003930F9B02934B4601931CAB2200009370
:103AE00059463B002800FEF7D7FD0400FFF704FC11
:103AF0000F9B984500D8C1E18023DB000D9343461E
:103B00000F9A1B199B1A994633002E004D46B94651
:103B10005F469B460C9122004B4601343900202021
:103B2000B047AC42F7D143460C9901330F930B7861
:103B300035000C935E46BB464F46002B00D10EE588
:103B40000D9B002B00D1F6E4002319E60C9B1B789B
:103B50001A0015E710239A430D92EFE60C9B1B7891
:103B6000099361E6002399460028AAD10022002388
:103B70001092119374E70C9B2200187859463B0071
:103B8000A8474C468BE50C9AFA3BFF3B07329A4319
:103B90000133994691444B460C9313685268159231
:103BA0001A4306D11032904300220992002900D016
:103BB00081E06122810600D54122D2B20A9214AA84
:103BC00091460A9A00210A3A1492424617925246A6
:103BD00018925A460991B3461F311E000F9B494463
:103BE000BA4619941A950024674698468946159D49
:103BF00016901B920AE03032D2B24B4601341A556D
:103C0000A8454AD0202C4AD006000D003A000023D7
:103C100030002900FEF74AF9D2B2092AEBD9149BE9
:103C20009C466244D2B2E8E76123820600D5412374
:103C3000DBB20A3B0C93434614A91F228C46159312
:103C400053466244A046B2464C461797A946170011
:103C5000099D0D9E1490169308E03033DBB20134B9
:103C60003B55B5420ED3202C0CD005003100280066
:103C7000FEF7DEF8CBB20929EFD90C9A94466344DB
:103C8000DBB2ECE7159B4D46A14644469846169B91
:103C9000564614989A46179FD0E5B742B2D9179B5B
:103CA00057469846189B5E469A461B9B09949B462E
:103CB0001698199C1A9D43460593534604930D9BF1
:103CC0000690039300230293099B05E70F9B9845F9
:103CD00000D914E701330F932DE410231100994309
:103CE0000D91692800D0BAE080231000DB00184055
:103CF0001A4200D122E61DE60C9B1B68DA0F110068
:103D0000002B00D18CE0DA179818504014AA914685
:103D100042461F23149252464B44A046A94616978A
:103D200004006546B2461F000C91159201E0202D5B
:103D30000FD020000A21FEF77BF801357E193031C3
:103D4000317020000A21FEF773F826000400092EC6
:103D5000EDD8149B444698460C9BAC461900159B25
:103D600056464D469A46169F0D9B02910693434632
:103D70000593534604930A23039363463CE60028C5
:103D800000D02EE602E60C9B1B689946002B03D15F
:103D900010339843002938D16123820600D541238E
:103DA000DBB20A3B0C9343461693534614A91F22D9
:103DB0008C4617932B006244A0464D46B246189796
:103DC00099461700149C0D9E159008E03033DBB225
:103DD00001343B55B5420ED3202C0CD005003100E8
:103DE0002800FEF725F8CBB20929EFD90C9A9446A2
:103DF0006344DBB2ECE7169B149444469846179B49
:103E000056464D469A461598189F43460593534685
:103E100004930D9B0690039300230293149BEBE500
:103E20000028A1D172E70C9B1B68D9175A184A4089
:103E3000A6E580231000DB0018409C460F901A4234
:103E40000FD00220030013400F93104219D000231B
:103E5000A1460F934CE50C9B1B680993E4E40A0010
:103E600034E40223180010400D90134200D03EE5C8
:103E70004346002B00D042E6FFF771FB01330F935E
:103E80007FE463460D93F3E710B50C0084B0039410
:103E9000012402A902900093034813006242FFF735
:103EA00003FA04B010BDC0467528001010B5094AC9
:103EB0000300146884B0002C08D001220091064849
:103EC000524203A9A047012004B010BD00F098F9A8
:103ED0000020F9E70C2B00206528001000BEFDE74C
:103EE00010B5FFF7FBFFC04670B5FDF74FFE074D5D
:103EF000074EB54209D20024013E761BB60808CD14
:103F0000984723000134B342F9D170BDA4A9001031
:103F1000B0A90010030010B5080011001B689847F5
:103F200010BDC046F0B5C64600B5437D07000C0085
:103F30001600002B46D0002A17DD0B780A2B24D060
:103F400000239846012E13D001252900635C01351A
:103F50000A2B26D0B542F8D1464509DCA419013C0C
:103F600023780D3B5A4253413B7580BCB846F0BDA7
:103F70004346E018A419F11A013C3B68984723789E
:103F80000D3B5A4253413B75EFE7037D002BD7D1E0
:103F900002210F483B689847012EDFD00123984645
:103FA000D2E7631E5B5C0D2BD4D0884504DA434610
:103FB000C91AE0183B689847022105483B68A846A3
:103FC0009847C7E70368110020009847CDE7C0462F
:103FD00040B10010F0B5C6460B6806000C0000B5F5
:103FE000802B06D05A1C2260E418267180BCB8468B
:103FF000F0BD0F4B1D68002D16D00B1D98460D4FC0
:1040000002E02D69002D0FD02B68002BF9D03B6802
:10401000002B01D0AB42F4D1280041462268FFF7C3
:1040200081FF2D69002DEFD101220023DBE7C0467F
:104030000027002008270020F0B54546DE464E4602
:104040005746E0B583B091461C0080460D00FDF751
:1040500087FB0023304A12184B41002B02DA012261
:104060002E4B52422E4908008A4606F045FC0700B6
:104070006B1C03D1404606F0C9FA0500002C27D07E
:10408000284E294B1C68002C18D04B46002B21D100
:10409000264B994602E02469002C0FD02368002BA0
:1040A000F9D04B461B68002B01D09C42F3D1200075
:1040B0002A004146B0472469002CEFD1002F26D1B9
:1040C000280003B0F0BCBB46B246A946A046F0BDEE
:1040D000174ED6E7154B99460A239B4602E0246902
:1040E000002CEBD02368002BF9D04B461B68002B2B
:1040F00001D0A342F3D12A0041462000B0476B46CD
:104100005A462000DA71D91D0122B047E7E7504630
:1041100006F0B2FBD4E7C04640420F00FFFFFF7F2E
:1041200060120020253F00100027002008270020F3
:10413000153F00100A4A1368002B05D10CE01A0045
:104140001B691032002B07D08342F8D1002902D11D
:1041500018691060196170470029FCD01060FAE7F7
:104160000027002010B500F0F1FA10BDF0B5CE46E2
:10417000474680B583B06B460600DD1D2870FDF70D
:10418000EFFA0023194A12184B41002B02DA0122E0
:10419000174B524217490800884606F0ADFB164BF4
:1041A00081461C68002C14D0144F02E02469002CB6
:1041B0000FD02368002BF9D03B68002B01D09C4224
:1041C000F4D1200001222900FFF7ACFE2469002C65
:1041D000EFD14B46002B05D1300003B0C0BCB9462F
:1041E000B046F0BD404606F047FBF5E740420F0001
:1041F000FFFFFF7F6012002000270020082700201B
:1042000070B5040006F002FA012301000500012246
:104210002000FFF711FF084B1C68002C06D06368D4
:10422000002B05D098472469002CF8D1280070BDD8
:104230002469002CF3D1F9E700270020F0B5CE4621
:10424000474680B5A3B004000D00FDF789FA0023AE
:10425000274A12184B41002B02DA0122254B524209
:10426000254E300006F048FB002322000193070092
:104270002B00224801A9FFF707FE214B80469946F3
:104280001C68019B002B1AD0002C2FD01D4D02E082
:104290002469002C0FD02368002BF9D02B68002B49
:1042A00001D0A342F4D12000019A02A9FFF73AFEFF
:1042B0002469002CEFD14B461C6800230193002C8D
:1042C00006D06368002B0BD098472469002CF8D1E6
:1042D000002F07D1404623B0C0BCB946B046F0BD60
:1042E0002469ECE7300006F0C7FAF3E70194EFE742
:1042F00040420F00FFFFFF7F60120020D53F0010FB
:1043000000270020082700200FB400B583B004A9BF
:1043100001C90191FFF792FF03B008BC04B0184730
:104320007047C0460022014B1A7070476B2C00206A
:104330004B790020FF2B0BD18B79002B08D1CB7947
:10434000012B05D1082A03D9024B8A7809301A704B
:104350007047C0466B2C00200120704710B5012922
:1043600013D112495379107909781B0203430020B5
:10437000994200D010BD5378012B08D0022BF9D1FF
:10438000642200210020FDF74BFB0120F2E7D378E7
:1043900091781B021943480ADB0501D401204042F1
:1043A0007F238A05D20F1940FDF7C2FB6B2C00203A
:1043B000004870470CB2001070B5050014000120D1
:1043C000012909D153780020012B05D16379127995
:1043D0001B021343072B00D070BD21002800024AA6
:1043E0009F3301F05DFAF7E764B100100123037019
:1043F0000048704744B100104B780A781B02134301
:104400008A7810B512041A43CB781B061343962200
:10441000D200934200D010BD002201201100404282
:10442000FDF786FB024B1860024B19607047C046CF
:10443000B41D0020B81D002010B5024B1878FCF701
:10444000E1F910BD6C2C0020154B70B51A68002ADC
:1044500022D0EFF3108172B610680028FCD0BFF3B1
:104460005F8F00200F4A596010701B68BFF35F8F89
:10447000186081F31088002400250B4E3078FCF77B
:10448000B5F9002804D1002400252900200070BDC2
:104490003078FCF7B7F9F8E7FA240025A400ECE738
:1044A000182B00206D2C00206C2C002070B504000F
:1044B00000200E0001F012FB002834D0002001F093
:1044C00023FB00282FD0FDF74BF90023174A1218C1
:1044D0004B41002B16DB164D280006F00DFA002884
:1044E00021D0002001F0FAFA00280FD1012000218C
:1044F000404200F009FD03246442280006F0BCF9A4
:10450000200070BD01220B4B5242E4E7002001F075
:10451000FBFA0028EAD021003200002001F0FEFA68
:10452000041EEAD1E7E703246442E9E740420F00B2
:10453000482C0020FFFFFF7F10B5FDF711F9002385
:104540000D4A12184B41002B02DA01220B4B52424A
:104550000B4C200006F0D0F900280CD001200021DF
:10456000404200F0D1FC002001F01CFB0028F5D1F6
:10457000200006F081F910BD40420F00FFFFFF7FD1
:10458000482C0020F8B5DE46574680B505000C00E3
:10459000FDF7E6F80023364A12184B41002B02DAE9
:1045A0000122344B5242344908008A4606F0A4F9ED
:1045B000002803D1C0BCBB46B246F8BD002001F0C4
:1045C0008DFA00284AD00026002C43DD2B4B9B4659
:1045D00014E0A919002001F01FFB070001200021B1
:1045E000404200F091FC002001F0DCFAFDF7B8F841
:1045F000224BF61918605960B4422BDD002001F0FF
:104600002BFBA71B0200B84200DD3A00002AE0D1D4
:1046100001200021404200F077FC002001F0C2FAA6
:10462000002001F05BFA002814D0002001F014FBF8
:104630000028E1D1FDF794F85B460F001A685B682B
:10464000002184460E4812184B419F4202D8D3D114
:104650009445D1D9504606F00FF9ABE70020002170
:10466000064B18605960504606F006F9A2E7C046AE
:1046700040420F00FFFFFF7F482C00203014002035
:1046800020A1070030B52A4C85B00021200006F09B
:104690001BF900281CD1274B1A68002A16D0EFF30B
:1046A000108172B610680028FCD0BFF35F8F012420
:1046B0002148596002781B68D2B20470BFF35F8F43
:1046C0000020186081F31088002A17D005B030BD93
:1046D00001200021404200F017FC002001F014FAF4
:1046E0000500200006F0C8F8002DEFD0134B1B6822
:1046F000002BEBD0124A10689847E7E7FCF7B2FDB1
:104700000400FDF72DF8FA220023920012184B4105
:10471000002B02DA01220B4B5242012102910021AF
:104720000191094920000091FCF7A0FDCEE7C046A9
:10473000482C0020182B00206D2C0020B41D0020D8
:10474000B81D0020FFFFFF7F49440010D02310B5A3
:104750001B0684B01C68FCF785FDFCF781FEA042B7
:1047600002D0002004B010BD294B002100201B788E
:1047700001F066FD27480368002B45D00120FCF7B7
:10478000E1FAFF23244C254920701840FCF754F827
:1047900020780121FCF718F80520FCF73BF80028E9
:1047A00024D1082200211E48FDF712FFFCF75AFD14
:1047B0000400FCF7D5FFFA220023920012184B41A7
:1047C000002B02DA0122174B5242012102910021F3
:1047D0000191154920000091FCF748FD0028C0DB3D
:1047E00012480121FFF7A6FC0120BBE70120FBF7DF
:1047F000B9FF0B4B01001800FCF724FB0022052039
:104800000B49FCF743F8EBE7FCF7F2FAB6E7C046D2
:104810006C290410482C00206C2C002085460010C8
:10482000182B0020FFFFFF7F4944001000120020DA
:104830003944001000487047A8B200100048704783
:1048400054B2001010B5040017480378002B20D094
:10485000002C06D1154B16484380063BFF3B0380D6
:1048600010BD052C1DD8134BA400E058124901239C
:10487000013804E001330A800231142B0DD0C25CF0
:10488000002AF7D1C022DBB25B0092000848134334
:10489000E5E7112100F022F8DAE7CA2304489B007B
:1048A000DDE70020DCE7C046502C002009040000B2
:1048B000D82600203CB20010DA26002010B50248AD
:1048C00000F0E0F810BDC046382B002010B50822DB
:1048D0000149FDF783FE10BD382B002030B54B1E7B
:1048E000012900D1A7E0664A11780D092C00303467
:1048F0009F2900D9A2E00470012B00D1BEE00F2156
:10490000147821400C003034092900D998E0447013
:10491000022B00D1B2E054782509290030319F2CB8
:1049200000D990E08170032B00D1A7E00F21214036
:104930000C003034092900D987E0C470042B00D161
:104940009CE094782509290030319F2C00D97FE024
:104950000171052B00D191E00F2121400C00303472
:10496000092900D976E04471062B00D186E0D4787D
:104970002509290030319F2C00D96EE08171072B69
:1049800000D17BE00F2121400C003034092966D88A
:10499000C471082B00D171E0147925092900303148
:1049A0009F2C5FD80172092B68D00F2121400C0089
:1049B0003034092958D844720A2B5FD0547925091C
:1049C000290030319F2C52D881720B2B56D00F21E9
:1049D00021400C00303409294BD8C4720C2B4DD027
:1049E00094792509290030319F2C00D907310173B2
:1049F0000D2B43D00F2121400C003034092901D95F
:104A000037310C0044730E2B38D0D1790C092200B9
:104A100030329F2900D9073282730F2B2ED00F22FC
:104A20000A4011003731092A01D830321100C17310
:104A3000102B23D010300023037030BD07345AE709
:104A400037310C0063E707316CE737310C0074E74E
:104A500007317DE737310C0085E707318EE73731C5
:104A60000C0095E707319DE737310C00A3E70731CC
:104A7000AAE737310C00C4720C2BB1D1C018DAE7A9
:104A8000382B002010B588B004000D2200216846A4
:104A9000FDF79EFD0D22002104A8FDF799FD4B2393
:104AA0006A466846137004A90D2205F0DDFE152143
:104AB000082220006944FDF791FD08B010BDC046F2
:104AC000F8B500F047F90C23194DFF22AB6705201C
:104AD0001849FBF7DBFE184C402200212000FDF7AF
:104AE00077FD4027002301262121144A6670278381
:104AF000A260136063545F31618445396354104A86
:104B000010496360E2602787A1620B606362E26222
:104B100005F0EAFE80239B052E64EB6490230A4A8D
:104B20000120EA508022094B5202DA64F8BDC046E7
:104B300000001150D90600200C27002084001050DE
:104B4000000110508000105010D0010000201150C2
:104B500010B501210520FBF737FE10BD10B500226E
:104B60000021024800F016F910BDC0462C27002095
:104B7000044B1970002904D080219023024A890235
:104B8000D1507047672C0020002011500B785B0635
:104B900002D14B78052B00D070478A78014B1A6000
:104BA000FAE7C04600001150F0B5C646C87800B517
:104BB0008007830F1800012B60D08F780A794B791A
:104BC0007F213940FC091B024E001343334D32193B
:104BD0005201AA18977001276740577000275B059C
:104BE0005B0DD7701383D076B846CA00012C32D043
:104BF0002B4FBC468F016244BC46AC446746BA604A
:104C000047461760002932D0264AC90090466246BE
:104C1000414451603F223F339343022837D0224919
:104C200037190A687F01D3180B602049EF19FA6021
:104C30008B422ED836197601AD19EB7E1C499B06A6
:104C40004A4013438022120613436A68136001200E
:104C500080BCB846F0BD174FBC468F016244BC46CD
:104C6000AC446746BA6247461760002908D1002362
:104C700064012C196360104BE360E8E70020E7E76C
:104C80000B4AC9009046624641445162C2E75B004C
:104C9000C5E7FCF775FFFA68CCE7C0460C27002093
:104CA0008400105004001050142B0020FF0F1050EF
:104CB00000001050800010500001105010B505F099
:104CC00013FE10BD10B57F200C0020404000E40909
:104CD000110000191A00034B4001C01800F05AF8E7
:104CE000012010BD0C2700207F23180000B50840CC
:104CF00083B00B4204D14B424B41084A01339366C7
:104D00008022C9094000064B401840010021C0180C
:104D1000120105F011FE03B000BDC0460020115085
:104D20000C2700207F22130010B50B400A4200D14F
:104D300010BDC9095B005B1804485B01C018002363
:104D400000220349C37005F0F7FDF1E70C270020AE
:104D5000FFF7FFFF80220A4B520410B51A60094B7F
:104D600009491A6010000B689843FBD1802200218A
:104D700052010648FDF72CFC0922054B5A6710BD6D
:104D800000E0004000F0004008C00040000010506B
:104D900000001150002310B5C38201338282837654
:104DA0000161040005F0D0FD002804D0802190238B
:104DB000074A8902D150200005F0B6FD002802D034
:104DC0000123237710BD200005F09EFDFAE7C046C1
:104DD000002011507047C0467047C0460020704701
:104DE000002070477047C0467047C0467047C046B5
:104DF0007047C046024B5878431E9841C0B2704776
:104E000098180020024B18784007C00F7047C04622
:104E100098180020F0B5D6464F464646C0B52F4BF1
:104E200007009A461B780E00FF2B50D1002941D075
:104E3000002154222A48FDF7CBFB0022294C2A4BA3
:104E400020001A70FBF7D4FF284B1C60284C200070
:104E5000143CFBF7E9FF200001F0FAFD254B264D3D
:104E60001C60264B002B04D02800FFF7BFFA244B10
:104E700018602449002489462149002388462A785D
:104E800010E043461B6862019B18002B12D05B6840
:104E9000002B0FD098472A780134E4B2511C23002C
:104EA000A14209DBA242ECD89B1A5B014B445B6830
:104EB000002BEFD100200BE05346310038001F706B
:104EC000FFF7FEFD0028F5D03800FFF741FE012076
:104ED000E0BCBA46B146A846F0BDC0463412002038
:104EE0009818002090180020682C0020EC18002052
:104EF0002C120020F0180020662C0020ED4300103A
:104F0000E816002064B30010F0B5DE4657464E4662
:104F10004546E0B5C84B91B002931B78FF2B00D1FA
:104F20003EE1C64BC64E9B465F46C64B0DAC019359
:104F3000C54B009335686A69EFF3108172B6136848
:104F4000002BFCD0BFF35F8FA9612800210001F086
:104F5000AFFB6A69AB69BFF35F8F0021116083F318
:104F60001088002800D11BE16378082BE2D89B0051
:104F7000FB589F466368002BDCD0A0689847D9E7B0
:104F80007F222179AF4D0A405300EB189846C8099B
:104F9000804440460123303005799D4305710579F1
:104FA00003339D430571002A00D100E14346A74A1F
:104FB0001B7D1278934200D3EFE0A54A5B01156890
:104FC000ED18002D00D1EBE0A36862792078AD697F
:104FD000A847AFE79F4A1378002B00D1E0E0137891
:104FE000013BDBB213701378002BA3D10122954D46
:104FF00001212B78042013432B703423EA5C8A436D
:10500000EA54EA5C8243EA540133EA5C8A43EA5494
:10501000EA5C8243EA54237800209B4600F09EFC21
:10502000602223791A40602A00D1EFE0402A00D1A3
:10503000F5E0DB06DB0E012B00D113E1022B00D1E2
:10504000C7E0002B00D0E1E0202A00D11CE2002ABA
:1050500000D0DBE06379092B00D9D7E07E4A9B00C2
:10506000D3589F46774D2B78DB0700D462E7FFF7D4
:10507000BFFE5FE7019BDB78DB0700D45AE760687F
:10508000FFF7AAFE56E76F4D2B78DB0700D451E7F8
:1050900028780007C00FFFF7A9FE4BE723786A497D
:1050A00099468B46694B6A4998468A4639001A7870
:1050B00047460023B04600254E46894610E0534639
:1050C0001B686A019B18002B00D176E0DB6830007A
:1050D00098473A780135EDB2511C2B008D4244DCE3
:1050E0009542ECD39B1A5B015B44EFE72378584968
:1050F0009946564B8A4698463100BB464E461A782A
:1051000000250023474689460FE053461B686A0185
:105110009B18002B55D0DB68300098473A78013552
:10512000EDB2511C2B008D4207DC9542EDD39B1A4A
:10513000009A5B0194466344EDE7019D54220021EF
:105140002800FDF745FA1022FF214448FDF740FAF8
:1051500028002022FF2114304E465F46FDF738FA22
:1051600000F0F2FBFFF740FEE4E6364D542200214A
:105170002800FDF72DFA1022FF21281DFDF728FA3F
:1051800028002022FF21143046464F46FDF720FA22
:1051900000F0DAFB2379AB70CCE6501C984213DAAE
:1051A00011B0F0BCBB46B246A946A046F0BDA3680C
:1051B0006279207800F0E6FBBCE646464F46214D7A
:1051C000E6E74E465F46CBE71F4D9B1A5B015D1934
:1051D000FAE67023217A0B4218D1C80982460F33B0
:1051E0000B405B0098461948EB1853441B7D007830
:1051F0009946834266D216485B010068814699440D
:10520000002A00D15FE14B46002B68D120780021B5
:10521000FFF76AFD80212078FFF766FD8AE61048D7
:1052200000F09CFB012158460EAAFFF7C5F80028A4
:1052300000D07FE6EAE7C04634120020BCB200107E
:10524000F01800209818002064B30010662C00208D
:10525000E8160020682C0020E0B200109C18002006
:10526000B9430010237A0F2BD0D8CF4AEB181B7903
:105270001578AB423ED3691C9942C7DB5D1BCB4B13
:105280006D01ED18686900F069FB012158466B69F2
:105290000EAA9847002800D04CE66022150023791A
:1052A0001D401A42B2D163790A3B012BAED800F0FF
:1052B00055FB63790A2B00D199E158460EA900F0FD
:1052C000D9FA37E6431C4B4500DAF7E04B461B1A88
:1052D0005B019946B5488144002A00D1F3E04B4672
:1052E000586900F03BFB4B46012158465B690EAA0A
:1052F00098479CE7AE4A5B011568ED18002DC1D1B7
:1053000084E7A37999466B789945D6D06B78002BC2
:1053100000D033E14B466B70002B00D12BE14846A7
:105320000138C0B2FFF78AFA002800D17EE1437845
:105330000793022B00D079E10122C179B1468B118C
:10534000491113400A40302112015B0113432A78AE
:10535000A8468A4313432B7009239A468244564633
:10536000BA46C37882781B021343C31805938E4B49
:1053700004938E4B08938E4B09938E4B0A93059B97
:10538000B34200D855E1737801220B2B03D1337857
:10539000F278F6187378042B00D044E1059B0027BF
:1053A0009B1B9BB20693049B0B921D7800230393D7
:1053B0001BE0099A7B011568ED18002D00D132E140
:1053C000310058462B69069A98478446082803D925
:1053D000069A824200D313E1049B01371D78FFB285
:1053E0006B1C03979F4200DD1DE1BD42E1D8039B8A
:1053F0005D1B089B6D019C466544E1E76B780CAA38
:1054000002321370584601230EA900F049FA91E5C3
:10541000E3881A0AD8B20F2A00D9F7E66649930042
:10542000CB589F460EA800F09FFA5846A179FFF787
:1054300095FB02222B7813432B707BE5E388012B2D
:1054400000D0E3E608222B78584693430EA92B7030
:1054500000F010FA6EE5022029780CAB9A1C8B063E
:105460008908DB0F01400B431380584602230EA925
:1054700000F016FA5EE5E388012B00D0C6E60822AC
:105480002B7813432B7018E7237A0F2B00D9BDE636
:10549000EB181D79444B1B789D4228D2444B6D017B
:1054A0001B685D19002D00D1B0E6686900F056FA5E
:1054B000012158466B690EAA9847B8E6002A00D029
:1054C000A4E60023994662790220130003928343E5
:1054D000012B15D0002A00D098E62B0043445344FA
:1054E00030331B790CAA9B07DB0F0232BCE75A1C36
:1054F000AA4200DA8AE6ED1A2C4B6D01ED18D4E7CA
:10550000E388002B12D1029B1878039B012B23D038
:10551000FFF7EAFB43460221EB18534430331A7974
:105520000A4301211A711A790A431A714B46002B5A
:1055300000D1FFE4586900F011FA4B4601215B6984
:105540000EAA58469847002000F008FA3523EB5C75
:10555000DB0700D5EEE4B0E6FFF7E4FB43460221AB
:10556000EB18534430331A798A431A711A79039924
:105570008A431A71DAE7FFF737FC9EE600215846A6
:10558000FFF7F6FA5846FFF799FBAB780749039304
:105590000491054B064998461A7805910023290085
:1055A0001D008A461BE0C046662C002064B3001034
:1055B000E8160020AC18002008B30010059B6A0113
:1055C0001B689B18002B4DD0DB6858469847434614
:1055D0001A780135EDB2511C2B008D422EDC95421C
:1055E000ECD39B1A049A5B0194466344ECE70CAB42
:1055F0009A1C584601230EA9157000F051F999E440
:105600000B9A012A4FD0002A3CD00023B07804E046
:105610000133DBB20F71934234D2C118C9B2414495
:105620000D79FF2DF4D04E464546574600236B704A
:10563000ECE54E465746FFF7D5FB3EE6554654226D
:1056400000212800FCF7C4FF1022FF21281DFCF7D1
:10565000BFFF28002022FF211430FCF7B9FF039B75
:10566000AB7057E65546FAE7FEF7A2FE021E00D1E0
:10567000CCE5D37891781B020B4358460EA900F075
:105680000FF9D4E565463B002A0031000A9800F086
:105690007FFEAC46049B039A1B7866440133934219
:1056A00000DB6CE6BFE7174B29699942ADD1079A39
:1056B000ABE7FFF793FB021E00D1A7E5584613782E
:1056C0000EA900F0EDF8B2E52189FFF7BBF8021E44
:1056D000F4D19BE5022A0FD0FFF782FB021EC8D14E
:1056E00094E5FFF7A7F8021E00D18FE51223584674
:1056F0000EA900F0D5F89AE5FFF7A0F8021EB8D180
:1057000084E5C046595D0010F8B557464E46DE4662
:1057100045460C00E0B516001F00002A3CD070235F
:1057200098461E4B00259B461D4B9A461AE05B4649
:105730001B78200099465346997800F0EBFD00282D
:105740001CD021004846FFF72FFA002816D0A37876
:10575000DA09012A19D00A9A013513702378E4185E
:10576000B54219DA6378052B08D1E3789B079B0FC4
:10577000BB4203D14246A3781A42D8D00020F0BCE5
:10578000BB46B246A946A046F8BD0B9A0135137038
:105790002378E418B542E5DB0120F0E7341200205D
:1057A00098180020702270B58B780C001A4201D036
:1057B000002070BD064B20001D78064B997800F044
:1057C000A9FD0028F4D021002800FFF7EDF9F0E74B
:1057D00034120020981800200B007F2010B51840CC
:1057E000DB0934334000044AC018044B1168C01868
:1057F00000F04CFD10BDC046EC18002098180020A9
:105800000B007F2010B51840DB0934334000044AF8
:10581000C018044B1168C01800F060FD10BDC046F0
:10582000EC1800209818002070B57F240F480C4019
:1058300064000419CD09641930342079C00701D5FA
:10584000002070BD0126257909483543007825716F
:10585000FFF738FA0028F4D101222379934323710A
:105860002379033293432371EAE7C0469818002056
:105870003412002070B5094C0600082220000D00EB
:10588000FCF7ACFE00238021E360A3602B7830009E
:10589000994300220023FFF7C7FF70BD781800204E
:1058A000F8B5CE4647469046254E80B5814608223B
:1058B00030000D001F00FCF791FE4346B36000234B
:1058C000F381EC79AB7924021C43231CBC4200D940
:1058D0003B1C9FB2B381002C0DD0002F17D0424645
:1058E000002A2BD0402F1BD89FB233787F2B1CD897
:1058F0000021144A0FE080212B780022994348466A
:105900000023FFF791FFC0BCB946B046F8BD7F2326
:105910000022317899433B004846FFF785FFF2E7C4
:1059200040239FB233787F2BE2D9064C3A004146A0
:105930002000FCF753FE80212200ECE70020E2E784
:10594000781800203818002010B5142200210248D1
:10595000FCF73EFE10BDC04678180020014B1861D0
:105960007047C0467818002010B5054C0100082289
:105970002000FCF733FE0023A360E36010BDC046A7
:105980007818002070B5384C1D0023780600DA091D
:10599000C9098A4210D00020002D00D070BD21001E
:1059A0003000FFF7F3F82369002B03D02200032116
:1059B000300098470120F1E77F2B06D8A068002827
:1059C00034D02A002949FCF709FEE289A16852195E
:1059D000E38892B24919E281A160934214D03F2D2D
:1059E00012D9A389981A051C80B240282AD8207899
:1059F000ADB27F2828D800219A4232D01B4A2B0012
:105A00003000FFF711FFC9E72369002B05D0220002
:105A100002213000984700280AD0802123780022F4
:105A2000994330000023FFF7FFFEB7E70020B5E7FA
:105A300000213000FFF758F930008021FFF754F9BA
:105A40000120ABE74025D2E79A4207D0074C2A0055
:105A50002000FCF7C3FD80212200D0E78021002236
:105A6000CDE70022CBE7C046781800203818002088
:105A700070B50400FFF7BEF9002800D170BDFFF734
:105A8000C1F90028FAD1C8236343124DEE18F1780A
:105A90000029F3D010335D19280000F0F3FD3F28F2
:105AA000ECD90020F178FFF797FE0028E6D0280017
:105AB00000F0E8FDF1783F2807D9074BE201D21842
:105AC00000204023FFF7B0FED8E70020FFF798FE44
:105AD000D4E7C04670170020EC16002010B5040073
:105AE000FFF788F9002801D1002010BDFFF78AF9DF
:105AF0000028F9D1C8226243024B01309B181B7960
:105B00001840F2E770170020C82310B5434302483D
:105B1000181800F099FD10BD80170020F8B5C824B2
:105B2000802344431C4F103405003C195B029A4209
:105B300000D31A4A200092B200F008FE0600FFF7D8
:105B400059F9002801D13000F8BDFFF75BF90028B2
:105B5000F9D1C8236B43FF18FB78002BF3D020004A
:105B600000F090FD3F28EED90020F978FFF734FED1
:105B70000028E8D0200000F085FDF9783F2807D9FB
:105B8000074BEA01D21800204023FFF74DFEDAE769
:105B90000020FFF735FED6E770170020FFFF00005A
:105BA000EC160020F8B50400FFF724F9002801D115
:105BB0000020F8BDFFF726F90028F9D1C825654374
:105BC0002E00134F2436F619300000F03DFD00285A
:105BD000EED07F190020B978FFF7FEFD0028E7D04E
:105BE0000C4DE401651929004022300000F0AEFDA3
:105BF000B978041E08D003002A000020FFF714FE25
:105C00000028D5D02000D4E70020FFF7F9FDCFE72A
:105C1000701700202C17002070B5C82444430C4B8B
:105C20000500E41880235B029A4200D3094A200051
:105C300092B200F051FE0600200000F005FD3F2862
:105C400001D8300070BD2800FFF7ACFFF9E7C0466F
:105C500094170020FFFF0000C82310B543430248FB
:105C6000181800F00FFD10BD94170020F0B50025A6
:105C7000184C83B0C82200212000FCF7A9FC164B69
:105C800021001D70FF236371E1235B02A3602000EC
:105C900008234022A37338310095073B103000F0F1
:105CA0009DFC27000123210020002600402278319E
:105CB0000093B837243000F091FCC0363800FBF771
:105CC00097F83000FBF794F8E56127622663656377
:105CD00003B0F0BD701700206C1700200A4A116B4A
:105CE000136A00290CD0002B07D00023D361536323
:105CF0001363002313620120704753631363FAE7B1
:105D0000002BF8D0D161F4E77017002070B50F4C6C
:105D1000052200212000FCF75BFC0D4D2B78DA07F3
:105D200007D50C4C9B070CD50121200000F0B0FEDC
:105D300070BD2000103000F08BFE2B78054C9B07C7
:105D4000F2D4200000F084FEEEE7C0467017002079
:105D50006C17002094170020F0B54B79060083B033
:105D6000022B02D18B79022B03D00025280003B02F
:105D7000F0BD204FBB78002BF7D18B7809253B7005
:105D80000C780C196378242B07D00CE02378E418E6
:105D90005D196378ADB2242B05D19542F6D9002068
:105DA000FFF766FEE2E71A00052B15D0042AF6D1AC
:105DB00063790A2BF3D1104B2778019301330093B9
:105DC00030000223E119023AFFF79EFC0028CCD0F4
:105DD0000E35ED19ADB2E2E721003000FFF7E2FC2D
:105DE0000028C2D0A3787B7023785D19E41862780C
:105DF000ADB2DBE77017002072170020F8B5602302
:105E000014001278050013400020202B07D1304ADF
:105E10006379277916781B023B439E4200D0F8BD78
:105E20006378222B1AD007D8202B34D0212BF6D11F
:105E300001293ED00120F2E7232BF0D1012940D0E7
:105E40000329F7D1234B002BF4D0E178A378090282
:105E50000020194300E000BF0120E0E7012930D015
:105E60000329E7D101252E00A378E4780239240222
:105E70001C431471264024321000714000F008FECB
:105E8000154B002BD6D06208002031002A4000E0DC
:105E900000BF0120C3E701290BD00329CAD10F4B52
:105EA000002BC7D0083200201100FEF7A5FA012010
:105EB000B5E7072321002800094AFFF7F1FC01207C
:105EC000ADE721002800FFF7D5FC0120A7E7C04679
:105ED000701700200000000000000000F9430010CF
:105EE00078170020F0B54F464646D646C0B5364D29
:105EF0008046EA780C001F008A423CD0AB788B4287
:105F000010D00020E0BCBA46B146A846F0BD2F4BE9
:105F1000002B04D02E4800F0ADFB002851D000200B
:105F2000FFF7A6FDAB78A34201D00120EAE7294B99
:105F3000002B02D0002000E000BF0020FFF732FE5F
:105F40000028F2D1244C200000F07EFB0028ECD188
:105F5000002FEAD0BF06E8D1243C4046A178FFF7E5
:105F60003BFC0028E1D0002300224046A178FFF747
:105F70005BFC0120C6E79AB210239A46174EAA444A
:105F80003100504600F0A8FC154B002BBFD06B79B8
:105F9000FF2BBCD0002FBAD0F219914603E0013696
:105FA0004E45B4D06B7932789A42F8D1504600F021
:105FB00061FB0028F3D15346103B597900E000BF44
:105FC000EDE700E000BFAAE7701700200000000026
:105FD000801700200000000094170020EC1600201D
:105FE000000000009322F0B5134C85B00021200082
:105FF0009200FCF7EDFA23002000802640270F4D89
:106000004D337600FF3329300295009300220023A0
:10601000002103970196FF3000F0D4F94035201D90
:106020002834002301220021039702950196009451
:1060300000F0C8F905B0F0BD3C1A0020BC190020E2
:1060400010B5054C200000F0F3F920002538FF388A
:1060500000F0EEF9012010BD641B002070B5084C63
:10606000002520003130FF30257000F0F1FC2000C9
:106070000C3000F0EDFC2A23FF33E554657170BD50
:106080003C1A0020F8B557464546DE464E46E0B578
:106090004B7980460F00FF2B5BD1404B99462A235A
:1060A0004946FF33CB5C002B53D14E79002E50D1A3
:1060B000BB783C780B703B793C19002B46D0982379
:1060C0005B004B449A460C234B449B46A51803E0C7
:1060D000AC423BD22378E4186378052BF8D1AC426C
:1060E00034D221004046FFF75DFB002831D0A37871
:1060F0000136F6B2DB09012B32D0504600F0A8FC85
:106100002A234946A278FF33CA54637922791B02B5
:106110001343234A5B0594465B0D942163445A4222
:1061200053414A4602204900525C5B0082431343BC
:106130004A46535451464046083900F0E3F90028D6
:1061400007D02378E4183B79B342C5D8E01B80B26E
:1061500000E00020F0BCBB46B246A946A046F8BD10
:10616000584600F075FC5A46A3780C3A537163798F
:1061700021791B020B430A495B058C465B0D634486
:1061800059424B41022011795B0081430B43594630
:1061900000200839137100F081F9D2E73C1A002081
:1061A00000FEFFFFF8B52A2506001F48FF35455DB4
:1061B0001F008D4215D043798B4201D00020F8BDDD
:1061C0001A4B002B04D039040020090C00E000BF5A
:1061D000174C3000210000F061F900281DD001208B
:1061E000EDE79A235B00C35A002B0DD1114B002B16
:1061F00004D000201049BAB200E000BF30000F49BF
:1062000000F080F90120DAE796235B00C1583130B5
:10621000BAB2FF3000F060FBE8E73A00210030003E
:1062200000F008F90120CAE73C1A00200000000035
:10623000401A002000000000BC190020641B002050
:1062400000B5030083B0002910D00020012B07D82F
:106250000A78002A04D00C48C2540120012A01D037
:1062600003B000BD1800FEF7D5FDF9E701236A462B
:10627000002001A99380FEF7CDFD0028F0D0012277
:10628000014B1A70ECE7C0468C180020037870B5FB
:10629000DB0704000E00DD0F002B17D103785B072E
:1062A00001D5280070BD01213000494204F014FBE3
:1062B0002378DB07DD0F002B0AD123785B0708D496
:1062C0000422237801251343237002E00025E8E728
:1062D0000025300004F0D0FAE3E7C04670B50C00AA
:1062E000012106004942200004F0F6FA33785B07EA
:1062F000DD0F002B04DB200004F0BEFA280070BD87
:106300003378DB0704D40422337893433370F2E705
:106310000025F0E7437902791B021343C2785B053D
:1063200092075B0D920F022A1DD0032A0CD0002089
:10633000012A08D102394A425141124A9446614425
:1063400099424041C0B2704702394A1E91410E4AFB
:10635000494211408022D200944600206144994273
:106360004041C0B2EFE7022905D0002040229A4206
:106370004041C0B2E7E7054A981843425841C0B2CD
:10638000E1E7C046FF03000040FCFFFF00FEFFFF07
:106390008A1870B5914207D27F264C78052C04D01C
:1063A0000C7809198A42F8D870BD34008D782C40D9
:1063B00064000419ED0963550C7809198A42ECD878
:1063C000F2E7C046F0B5C64600B582B0150008AA8F
:1063D00040CA040017886A46928D012090460A0040
:1063E0002178024081432000114321703A0000933C
:1063F00031000123083000F0F1F8002E01D0002F09
:1064000008D10A9B012063604346638002B080BCD0
:10641000B846F0BD26001C363000FAF7E9FC002330
:10642000002D01D0330000266361A661E9E7C04674
:1064300001207047F8B502240B7807001C40634226
:106440005C41144B64421C40134B08009C460830CE
:106450000D001600644400F0F7F8002807D1002E64
:1064600005D0344203D101242B781C4201D00020F6
:10647000F8BD38006978FFF7AFF90028F7D02B781E
:106480001C42F4D10023002238006978FFF7CCF9D0
:10649000EEE7C04640FEFFFFFF010000F8B50D002B
:1064A0000835060028000C0000F0CEF8002803D0C4
:1064B000012723781F4201D00020F8BD3000617809
:1064C000FFF78AF90028F7D028006288616800F099
:1064D0003DF9237805001F4000280BD0002FEBD199
:1064E0000300626830006178FFF79EF90028E3D06E
:1064F0002800E2E7002FDFD130006178FFF780F954
:10650000DAE7C046F8B5CE46474680B58A89060028
:106510000C000B78002A07D101251D4240D0002035
:10652000C0BCB946B046F8BD9B0733D42A4B4025C2
:10653000994627000837380000F0A4F88542EED8C5
:106540000122237890461A42E9D130006178FFF7A2
:1065500043F90028E3D0380000F094F8424623784D
:106560001A40854231D8002AD9D14A466388024070
:106570001D1C934200D9151CADB200226178002D7C
:1065800000D062682B003000FFF74EF90028C6D01B
:106590002800C5E7FE2380251B029946AD00C8E709
:1065A0004978FFF719F90028B9D023781D42B6D1F0
:1065B000638800226178002B00D062683000FFF70A
:1065C00033F90028ABD06088AAE7002AA7D13000B1
:1065D0006178FFF715F9A2E7C0FF0000F0B5C646E5
:1065E00000B504006846057E8020884617001E001E
:1065F0000002824226D8E068002803D001214942E7
:1066000004F06AF92069002803D00121494204F00E
:1066100063F94346236073045B0CED031D430023C1
:10662000E0686381A780E5802381002801D004F021
:1066300023F92069002801D004F01EF9012080BC54
:10664000B846F0BD0020FAE710B504894189828878
:10665000A3B288B28C4207D31B1A9BB2101C9A4279
:1066600000D9181C80B210BD5100091A5B189BB2EA
:10667000F4E7C04603894089181A43425841C0B222
:106680007047C04610B5048941898288A3B288B298
:106690008C4207D31B1A9BB200209A4201D9D21A0E
:1066A00090B210BD5100091A5B189BB2F4E7C046C6
:1066B00070B5040000690E00002803D00121494292
:1066C00004F00AF925896089A288A9B283B28542BB
:1066D00032D3CD1AADB2002D28D0AA4208D29142B1
:1066E0002FD3891A8BB263819A4203D89B1A9BB22B
:1066F0009A42FBD9E28821685204520C534330007D
:10670000C918FBF76BFF63890125591C89B2A28860
:106710008B420DD900215200891A89B2206961810A
:10672000002801D004F0A8F8280070BD618989B262
:1067300052009142F2DBEFE75500ED1A4D19ADB270
:10674000C9E789188BB26381CEE7C046F0B54646EB
:106750004F46D646C0B506000069894690460028D7
:1067600003D00121494204F0B7F831897289B58814
:106770008BB294B2914254D31F1BBFB2002F4AD0A8
:10678000BD4205D2AB4251D25B199CB22F0074813D
:106790004346B8453DD89FB2A54203D8641BA4B276
:1067A000A542FBD9F28831685204520C90466243EC
:1067B0002B1B9BB2891842469F4225D953439BB25B
:1067C0001A0048469A46FBF709FF434648467D1B98
:1067D00064195C4331685044A2B2FBF7FFFE718933
:1067E000B588CB199BB26A00994216D99B1A9BB205
:1067F00030697381002801D004F03EF83800E0BC15
:10680000BA46B146A846F0BD48467A43FBF7E6FED5
:10681000E5E73B1CBFE773899BB26A009342E7DB65
:10682000E4E76F003F1BDF19BFB2A7E75B1B9CB219
:10683000ACE7C046F8B50400C0680E00002803D0DD
:106840000121494204F048F8258920896189A288FC
:10685000ADB283B28FB2884229D3DB1B9BB29A427E
:1068600009D8E779FF0906D1E068002801D004F0D3
:1068700003F83800F8BD2B0095421DD39B1A9BB23C
:106880009342FBD2E28820685204520C53433100F9
:10689000C018FBF7A3FE6B1C9BB2A2889D4217D9C0
:1068A000002352009B1A9BB201272381DCE7510091
:1068B000C91B5B189BB2D2E7E28820685204520CD5
:1068C00053433100C018FBF789FE0135A288ABB2F3
:1068D00052009342E8DBE5E7F0B54E465746DE4608
:1068E0004546E0B589460600170083B0002A67D008
:1068F000C068002803D00121494203F0EDFF33892D
:10690000F2799BB298467389B5889BB2D20940D17F
:1069100098455ED26A00D31A43449BB2AB425DD223
:10692000EB1A1A1C9BB2BB4200D93A1C97B27B1BD4
:106930009BB20193F3885B045B0C9A464346DB19D8
:106940009BB29B464446A84503D3641BA4B2AC4209
:10695000FBD25346634330682D1BADB2C018BD4215
:106960004BD3524649467A43FBF738FEB3885B0067
:10697000D84501D89B4503DB5A46D31A9BB29B46A8
:106980005B463D003381F06800281AD003F074FFA5
:1069900017E0F2885204520C9246AF4220D298453A
:1069A0004DD34246D21A92B26900781B80B2D219F6
:1069B00001908A4233DA4346FB189BB29B46C1E7FB
:1069C0000025280003B0F0BCBB46B246A946A0464D
:1069D000F0BD4246D31A9BB2AB42A1D30025D2E709
:1069E000002DD0D07F1B574398465A19002392B2EE
:1069F000B94493462F000193A4E753465D43ADB2DB
:106A00002A004946FBF7EAFD019B2900E21853469C
:106A10005A43306892B24944FBF7E0FDA6E75A19A1
:106A200092B29346D21B92B2904693420CD94346FF
:106A3000591A8BB29846FB189BB29B4682E76900B5
:106A4000CA1A424492B2B0E7914200DD7AE7EEE71B
:106A500010B50400C068002803D00121494203F0AA
:106A60003BFF2069002803D00121494203F034FF95
:106A70000023E06863812381002801D003F0FCFE3D
:106A80002069002801D003F0F7FE012010BDC046A8
:106A900070B50400C0680D00002803D001214942F0
:106AA00003F01AFF2069002803D00121494203F0B6
:106AB00013FF7F21E379ED011940E0682943E1717B
:106AC000002801D003F0D8FE2069002801D003F08F
:106AD000D3FE012070BDC046014B18607047C04610
:106AE000881C002010B5034B0A000100180002F0BA
:106AF00053FF10BDFC1D0020014B18687047C046B5
:106B0000881C002010B582B0FFF7F6FF002807D0E0
:106B100003F00CFA03000020002B10D002B010BDCF
:106B2000684603F059FC0F4C6946200003F05AFCFC
:106B3000002813D02000FFF7CFFF2000E8E7FFF781
:106B4000DBFF040003F00EFA064B9C4206D12368DB
:106B500020005B6B98470020FFF7BEFF01204042FA
:106B6000DCE7C0466812002010B50520FAF700FFE8
:106B7000030C642003495843FBF75AF90338FDD24C
:106B800010BDC0469A3B0000184B70B5C4580500B4
:106B9000002C14D02168002906D06368A26814482C
:106BA00003F0BEF8002323600C202056002810DAE2
:106BB0000D202056002803DA00220C4BEA5070BD4D
:106BC00003F0EAF80D20205603F0CAF8FF236373A0
:106BD000F2E703F0E1F80C20205603F0C1F8FF23A0
:106BE0000D20237320560028E6DBE9E74C0800005F
:106BF000A4B30010F0B5C64600B53E4C3E4B84B081
:106C0000C45000230621220001262360013BA381FA
:106C1000019112310500009138482100231D0832EE
:106C2000029602F0BBFF00285DD0636834485A1D0D
:106C30001203DB011A43334B01681A4030238B43A4
:106C4000314990460B60036830009843086080210A
:106C500020682E4B4904C3181960A16880224B009C
:106C60005B18DB00C3181F009202C8373A60C022CD
:106C70009202BA6042467A60254ADC331A601D22CD
:106C80000123009602F030FF224B21689C466144AC
:106C9000090D06311820C9B2F9F7E2FB01220021E3
:106CA0001820F9F7F7FB01211820F9F707FCA16874
:106CB00023684A005218D2009B18174AD8331A602A
:106CC000002003F057F82073002003F053F8237BD3
:106CD00040B2607318430437000604D4002004B0A7
:106CE00080BCB846F0BD2800FFF74EFF06204042AA
:106CF000F5E7C046A41D00204C080000A4B3001016
:106D000078C00140FFFFFF9F78D00140382000008D
:106D100018771C240000E0AF01E00000F0B5454604
:106D2000DE4657464E46E0B587B0150098460291BC
:106D3000002900D12FE19B4BC4589B4B21689C46F6
:106D40006144090D06311820C9B2F9F789FB964B49
:106D500021689C466144090D06311D20C9B2F9F72E
:106D60007FFB012200211D20F9F794FBD023802214
:106D70001B0692049A6143462068A168002B00D14B
:106D80002AE1029B002B00D102E101273A00CC2628
:106D90008A40B446036893430360636899464B0096
:106DA0005B18DB00C218944462461268C31892460E
:106DB0004A460532160303967C4EB34656465A465B
:106DC00016403200039E164332004E46F60132430F
:106DD00066463260764A3E0094468022634412063C
:106DE0001A601A608022002352040092019302F07C
:106DF00025FE3900A36820681A1D91409446802220
:106E0000920182181160190008318E4099001660B5
:106E1000EA004118013A0A615A00D218D200654EC0
:106E20008218D8321660109E761BF600B1460126F5
:106E30007642B246D1444E460E611F265E4911602D
:106E40006168314011600C216156A0268F405B4A79
:106E5000F605B7508A011600B1460592584A8027B8
:106E60004A4499461300029E7F041A683A42FCD1B4
:106E70000D2201270296A2564B469740B9469346EB
:106E8000A0224E464D4FD205D651A026F605B1465A
:106E90004B4E5A46B24692018027914452449A463C
:106EA0001300029E7F041A683A42FCD153460296B0
:106EB000444EC9023140A0263B4AF6058218120D05
:106EC000D20004929A18D20311433F4AB2460A43B1
:106ED00011006246059F029E9200574403923E6055
:106EE000039EAA0886197E60BA60F960049F35493E
:106EF000BA465F46E2445646FF020F40F603109939
:106F00003E43324F37438E08B21A4E460399103132
:106F100041183160414649197160B26001229A40BE
:106F20001300F76001680B4303600C22284B80219B
:106F30009C46A25649049201624413680B42FCD15C
:106F40000D22234B80219C46A256490492016244A3
:106F500013680B42FCD100212A004046FBF738FBA6
:106F60002068A1684B005B18DB00C018194BD830B3
:106F700003608022D02392041B065A61FFF7F4FDC0
:106F8000002007B0F0BCBB46B246A946A046F0BD03
:106F900043460293F9E64346002B00D0CBE605209A
:106FA0004042EEE74C0800000000E0AF7F00FEFF2B
:106FB000D010000020600000406000004404000089
:106FC0000C000050FD7F00FF190040002900400028
:106FD0001000005003A00000029B002BC2D001272C
:106FE0003A00CC268A40B4460368544E934303606B
:106FF0006368B34699464B005B18DB00C2189444A3
:1070000062461268C31892464A460132120303923E
:1070100056465A4616403200039E164332004E46EC
:10702000F601324366463260454A3E00944680226D
:10703000634412061A601A608022002352040092F0
:10704000019302F0FBFC3A00A0682168031D9A40FE
:107050009C4680239B01CB181A60020008329640A0
:1070600082001E60EB008A18013B136143001B186D
:10707000DB00344ECB18D8331E60464616611F26FF
:10708000314A89461A60626832401A600C23E3561E
:107090002E4A9F409846A023DB059F5043469B0104
:1070A0009B462B4BA02780225B441900FF05029EC4
:1070B0005F4452040B681342FCD14246D202904610
:1070C000244A49469146B24642464E46224B3240F9
:1070D000CB181B0DDB001B18DB0313431F4AAD0845
:1070E0001A4353463B6063469B00CB187B600123E9
:1070F0008340BD60FA600D68194A2B430B60802104
:107100005A44490413680B42FCD10122A368216848
:1071100018339A408A608B681A42FCD00122A16819
:1071200020688A4003689343036000231822009379
:10713000013302F0D9FC2068A16813E77F00FEFF4D
:10714000D0100000206000004060000044040000F7
:107150000C000050FD7F00FF0000E0AF1900400070
:107160001000005010B51720F9F71AFAD024802328
:1071700024061B040022012163621720F9F78AF913
:107180001820F9F70DFA80235B0463621920A361CC
:10719000F9F706FA80239B046362636110BDC04661
:1071A00070B5D024802524062D04A561142002F09A
:1071B00055FF6561FA2002F051FF1820F9F7F0F948
:1071C00080235B04A36270BD002300B585B00393E8
:1071D0000C4BD2021A400823090711430A4A0093B4
:1071E0000A4302AB52BA002102920422FFF796FD35
:1071F000002803D1039840BA05B000BD05204042E5
:10720000FAE7C04600F8FF0F0400004010B5134B2A
:10721000D2021A400B071A43114B8AB013434C1E7B
:107220000493634263411B0108330093042200214D
:1072300004ABFFF773FD00280CD1631E9C410323B0
:10724000082261429943053102AB89009B185858C6
:107250000AB010BD05204042FAE7C04600F8FF0F13
:107260000400004010B5134BD2021A400B071A431A
:10727000114B8AB013434C1E0493634263411B01BC
:10728000083300930422002104ABFFF747FD0028D8
:107290000CD1631E9C4103230822614299430531AE
:1072A00002AB89009B1858580AB010BD0520404217
:1072B000FAE7C04600F8FF0F0200004010B5134B7C
:1072C000D2021A400B071A43114B8AB013434C1ECB
:1072D0000493634263411B0108330093042200219D
:1072E00004ABFFF71BFD00280CD1631E9C41032358
:1072F000082261429943053102AB89009B18585816
:107300000AB010BD05204042FAE7C04600F8FF0F62
:1073100001000040F0B55BBADE4657464E46454692
:10732000E0B5734CD202224009071143714A85B07F
:107330000A430393704B02A9C458704B8A4652BA51
:107340009C46216818206144090D0631C9B2029299
:10735000F9F786F8694B21689C466144090D0631AE
:107360001D20C9B2F9F77CF8012200211D20F9F790
:1073700091F8D023802201271B0692049A613A00DB
:10738000A16820688A4003686568934303604B00E6
:107390005B18DB00C618CC3632689C4690466A1CE7
:1073A0001303574A9B46914642464B461A401300E8
:1073B0005A46ED011A432A433260524A63469446C4
:1073C0008022C318634412061A601A6080220023C8
:1073D00052040092019302F031FB3A00A068216848
:1073E000031D9A40994680239B01CB181A60020026
:1073F0003D00083295401D603F2382008A181361CA
:1074000043001B18DB00404DCB18D8331D6000250E
:1074100015613E4A1F351A60626880262A401A604C
:107420000C23E3563A4A9F409C46A023DB059F501D
:1074300063469A01A023DB05D718364B7604D5188E
:107440002B683342FCD16546ED02AC46324D2B4BE6
:10745000A84665464646CB181B0DDB001B18354079
:10746000DB032B432D4D2B4355463D604D46AE006F
:1074700002258E197E60BD60FB60012383400D688C
:107480002B430B60264B80219C46490462441368C1
:107490000B42FCD10122A368216818339A408A600C
:1074A0008B681342FCD00122A16820688A400368DF
:1074B00093430360002318220093013302F014FB6E
:1074C000A16823684A005218D2009B18154AD83385
:1074D0001A60D02380221B0692045A61FFF744FBF6
:1074E000002005B0F0BCBB46B246A946A046F0BDA0
:1074F00000F8FF0F040000C04C0800000000E0AFDF
:107500007F00FEFFD01000002060000040600000FF
:10751000440400000C000050FD7F00FF19004000F3
:107520001000005003A00000F0B5DE4657464E465E
:107530004546E0B585B002ACA246724CD20222406C
:1075400009070A43704901270A43029252465360D1
:107550006E4BC4586E4B21689C466144090D063140
:107560001820C9B2F8F77CFF694B21689C4661443A
:10757000090D06311D20C9B2F8F772FF0122002162
:107580001D20F8F787FFD02380221B0692049A6102
:107590003A00A16820688A400368656893430360E5
:1075A0004B005B18DB00C618CC3632689C46904610
:1075B0006A1C1303574A9B46914642464B461A4063
:1075C00013005A46ED011A432A433260524A634679
:1075D00094468022C318634412061A601A608022FF
:1075E000002352040092019302F028FA3A00A068A6
:1075F0002168031D9A40994680239B01CB181A608D
:1076000002003D00083295401D603F2382008A1829
:10761000136143001B18DB00404DCB18D8331D60AD
:10762000002515613E4A1F351A60626880262A408F
:107630001A600C23E3563B4A9F409C46A023DB057F
:107640009F5063469A01A023DB05D718364B76047A
:10765000D5182B683342FCD16546ED02AC46334D5C
:107660002B4BA84665464646CB181B0DDB001B1866
:107670003540DB032B432E4D2B4355463D604D4695
:10768000AE0002258E197E60BD60FB600123834041
:107690000D682B430B60274B80219C4649046244B4
:1076A00013680B42FCD10122A368216818339A4069
:1076B0008A608B681342FCD00122A16820688A404E
:1076C000036893430360002318220093013302F000
:1076D0000BFAA16823684A005218D2009B18164A78
:1076E000D8331A60D02380221B0692045A61FFF718
:1076F0003BFA002005B0F0BCBB46B246A946A04606
:10770000F0BDC04600F8FF0F040000C04C080000A8
:107710000000E0AF7F00FEFFD010000020600000FE
:1077200040600000440400000C000050FD7F00FF9A
:10773000190040001000005003A00000F0B5DE4624
:1077400057464E464546E0B585B002ACA246724C5F
:10775000D202224009070A43704901270A430292D4
:10776000524653606E4BC4586E4B21689C46614430
:10777000090D06311820C9B2F8F772FE694B21686D
:107780009C466144090D06311D20C9B2F8F768FE18
:10779000012200211D20F8F77DFED02380221B0648
:1077A00092049A613A00A16820688A40036865687B
:1077B000934303604B005B18DB00C618CC3632687D
:1077C0009C4690466A1C1303574A9B469146424684
:1077D0004B461A4013005A46ED011A432A433260C1
:1077E000524A634694468022C318634412061A60C4
:1077F0001A608022002352040092019302F01EF9C5
:107800003A00A0682168031D9A40994680239B0195
:10781000CB181A6002003D00083295401D603F23DE
:1078200082008A18136143001B18DB00404DCB18FF
:10783000D8331D60002515613E4A1F351A60626805
:1078400080262A401A600C23E3563B4A9F409C4600
:10785000A023DB059F5063469A01A023DB05D718C0
:10786000364B7604D5182B683342FCD16546ED02C1
:10787000AC46334D2B4BA84665464646CB181B0DF0
:10788000DB001B183540DB032B432E4D2B435546A5
:107890003D604D46AE0002258E197E60BD60FB60E6
:1078A000012383400D682B430B60274B80219C46AE
:1078B0004904624413680B42FCD10122A368216889
:1078C00018339A408A608B681342FCD00122A16869
:1078D00020688A40036893430360002318220093C2
:1078E000013302F001F9A16823684A005218D2005E
:1078F0009B18164AD8331A60D02380221B069204A4
:107900005A61FFF731F9002005B0F0BCBB46B24622
:10791000A946A046F0BDC04600F8FF0F020000C017
:107920004C0800000000E0AF7F00FEFFD010000018
:107930002060000040600000440400000C00005083
:10794000FD7F00FF190040001000005003A0000060
:10795000F0B5DE4657464E464546E0B585B002AC2A
:10796000A246724CD202224009070A4370490127FD
:107970000A430292524653606E4BC4586E4B2168C4
:107980009C466144090D06311820C9B2F8F768FD1C
:10799000694B21689C466144090D06311D20C9B21E
:1079A000F8F75EFD012200211D20F8F773FDD023BA
:1079B00080221B0692049A613A00A16820688A40DE
:1079C00003686568934303604B005B18DB00C618CF
:1079D000CC3632689C4690466A1C1303574A9B4635
:1079E000914642464B461A4013005A46ED011A434F
:1079F0002A433260524A634694468022C318634445
:107A000012061A601A608022002352040092019329
:107A100002F014F83A00A0682168031D9A409946C4
:107A200080239B01CB181A6002003D00083295406C
:107A30001D603F2382008A18136143001B18DB007E
:107A4000404DCB18D8331D60002515613E4A1F35C7
:107A50001A60626880262A401A600C23E3563B4A6B
:107A60009F409C46A023DB059F5063469A01A023BC
:107A7000DB05D718364B7604D5182B683342FCD17A
:107A80006546ED02AC46334D2B4BA846654646464F
:107A9000CB181B0DDB001B183540DB032B432E4D91
:107AA0002B4355463D604D46AE0002258E197E6043
:107AB000BD60FB60012383400D682B430B60274BA7
:107AC00080219C464904624413680B42FCD1012288
:107AD000A368216818339A408A608B681342FCD0EF
:107AE0000122A16820688A40036893430360002351
:107AF00018220093013301F0F7FFA16823684A00C0
:107B00005218D2009B18164AD8331A60D02380220C
:107B10001B0692045A61FFF727F8002005B0F0BC5D
:107B2000BB46B246A946A046F0BDC04600F8FF0FCE
:107B3000010000C04C0800000000E0AF7F00FEFF25
:107B4000D0100000206000004060000044040000ED
:107B50000C000050FD7F00FF190040001000005095
:107B600003A00000F0B5DE1C1D000323040083B059
:107B70009E43012924D024230420164FD2023A40E8
:107B800009072A430A4380210430C90580000A43BB
:107B90002018043642600021009604222000E318D9
:107BA000FFF7BCF8061E0FD12100089B283199422F
:107BB00003D02A001800FAF711FD300003B0F0BD21
:107BC000002010361133D8E7052103484942FCF75D
:107BD0009BFBF2E700F8FF0F34AB0010F0B55746FF
:107BE0004E464546DE46E0B50F0003218BB00292BB
:107BF0001A0003338B4306009846022F22D0029BC3
:107C000027493F07DB020B4017431F43C0233000C7
:107C100044461B0614993B4328300434736288425F
:107C200001D0FAF7DBFC31000023220030002431C0
:107C30000093FFF773F80BB0F0BCBB46B246A94601
:107C4000A046F0BD174B184C9A46082399461833A6
:107C50009B46434604AD9046039305E05A466B6845
:107C60001A4218D1013C10D353462B604B460422D4
:107C7000009300212B003000FFF750F80028EDD0D2
:107C8000039B42469846002CB9D10848FCF7B8FA45
:107C900006204042CFE7039B42469846F3E7C046A2
:107CA00000F8FF0F04400040E703000068AD00103B
:107CB000836870B5CC0B0500E403A3420DD080228D
:107CC00063405204934219D2FF22120413420CD192
:107CD000FF221202134201D1AC6070BD01212800C5
:107CE0000A4A230AFFF734FEF6E7230C0121280095
:107CF000074AFFF72DFEAB686340E9E7230E012139
:107D0000044AFFF725FEAB686340DDE70A00010087
:107D10000B0001000C000100F0B5C64603308308DB
:107D20009C4600B58E1E002B1BD0013B072B57D95C
:107D300033000B435B0753D1C008C40032000B0073
:107D4000A0460F1930CB30C2BB42FBD14000844566
:107D500007D04346CA5ACB185B881B0413434246DC
:107D6000B35073885BBA73808B1C1A6813BA736044
:107D70008B1D186803BAB3600B000A331B681BBA6B
:107D8000F3608A23DB059A4203D0300080BCB846FA
:107D9000F0BD80231B059842F7D10B000A000D00AF
:107DA000B232AE3310681B882E352A691C189442F3
:107DB00022D83A31C9180818814246D20027002437
:107DC00004E0DD2A1CD0C91888422CD94B78023334
:107DD000CA189042F7D30A78302AF2D10C00F2E7A1
:107DE0006346320098003018938854881B0423435C
:107DF00008C28242F8D1B4E701235B42B360C4E712
:107E00008A1C90468A78002ADDD142465278502A50
:107E1000D9D142469278F22AD5D14246D278012A67
:107E2000D1D10F00CFE7631E9C41A400002F01D0E9
:107E300002221443AA8BD20601D5012214438422C4
:107E4000B15CB1520432B4549FE70024F2E7C0465B
:107E5000F0B5C6460E0005000B0000B501211A4A18
:107E6000FFF776FD330001212800174AFFF770FD68
:107E7000002E25D003230327984640240BE0012041
:107E800002F0ECF8013C3300012128000E4AFFF714
:107E90005FFD002C0FD0012128000B4AFFF70EFADE
:107EA0000028ECDB3A0002404245E8D1FF28E6D04A
:107EB00080BCB846F0BD31000448FCF725FAF7E76E
:107EC000002301279846D8E71F00010050AB00109F
:107ED000F0B5D6464F464646C0B5C37C05000F00F8
:107EE000924682B0002B05D1006801F041FC0128C8
:107EF00000D097E0280001F041FCAB7C002B05D1BD
:107F000001212800FFF7A4FF0123AB74EB7C002BB9
:107F100000D16EE0FA24A40003E0013C002C00D163
:107F200080E0082200212800FFF770F9431CF4D0FC
:107F3000C30500D4BFE0C02203035B0D591ED2006D
:107F4000914200D3B1E0800700D5AEE02C00283488
:107F50000022022128000094FFF704FE00283BD1F4
:107F6000298D6A8D0B00134300D1A4E00123EB742B
:107F7000604B9C460B005340634500D0A1E0D243C8
:107F800092B2914200D099E00B2900D8A0E0237A68
:107F9000AB730F2362791340022B23D8627A944685
:107FA00066466A7BB21AD2B2142A3ED90C291DD079
:107FB000012B3CD0022B60D01B2900D894E0E37940
:107FC0002D8AE3185A89954200D08AE05246103330
:107FD0001C1B0C1B3C60136002B0E0BCBA46B146EF
:107FE000A846F0BD0B2040420C29F5D104204042A8
:107FF000F2E7042200212800FFF734F983B2984603
:108000003D4B040099461B88434502D0862303421A
:108010002DD14346002B42D14B4642461A80A4063E
:1080200000D577E701204042D6E76E73BEE71029FE
:108030005DD9E379E318DA78920004329B181A7B51
:108040001C1B091B882A46D15A7B6C2A43D1DA7C37
:10805000002A3AD11A7D102A37D15A7D182A34D1F4
:10806000524618391833396001201360B4E701040F
:10807000090C2248FCF748F9CBE710292ED9E27900
:108080000220A218D3789B000433D31892781C1BCB
:10809000D2070C1B144352463C6013609CE7042239
:1080A00000212800FFF74AFBB6E701230121280041
:1080B000134AFFF74DFC0023EB74B3E70220404264
:1080C0008AE71048FCF720F9ACE70A20404283E732
:1080D0000320404280E7092040427DE707204042DC
:1080E0007AE70620404277E70520404274E70820FF
:1080F000404271E7FFFF0000642C002074AB0010C9
:108100000D000100A0AB0010F0B5DE465746454615
:108110004E460400E0B585B09A468846934601F085
:108120002DFBA37C002B05D101212000FFF790FE41
:108130000123A374A37B002B24D02F4F2F4EBB6AA7
:1081400099460EE0A17B002903D1237B627B9A42F2
:108150001CD14B46ED1AB54245D8FA20800001F0FB
:108160004FFF200003AA02A9BD6AFFF7B1FE012854
:10817000E8D103990298FFF7CFFD0100200001F03C
:1081800003FBDFE7237B627B9A42D6D05A465146F7
:108190000C3292B20A80D2430B714A805246414659
:1081A0005171002251468A7141468E1E711E8E41C8
:1081B000012176428E43514601330E360A814A81AF
:1081C000CE7123735B4603320F3393430091002239
:1081D00002212000FFF702FD05B0F0BCBB46B2460D
:1081E000A946A046F0BD637B227B0548FCF78CF8CE
:1081F00002204042F0E7C0460040054040420F00E8
:10820000CCAB0010F0B557464E464546DE46E0B5CD
:10821000294E9246B76A9846284AB36A05008946AD
:1082200083B0DB1B93422ED8254B9B4610E00228DF
:1082300020D0002803DB01005846FCF765F8FA203F
:10824000800001F0DDFEB36A1C4ADB1B93421AD8A2
:108250006946280001AAFFF73BFE041E23D001282F
:10826000E5D101990098FFF757FD0100280001F0C2
:108270008BFAE4E70099019B4A0028685208C90F6D
:1082800001F01CFFDBE743465246494602240D48F5
:10829000FCF73AF86442200003B0F0BCBB46B2469B
:1082A000A946A046F0BD009A424500D94246019930
:1082B0000C9802F027FAEEE7004005403F420F001D
:1082C000F0AB00101CAC0010F0B5CE46474680B5B0
:1082D000060083B0040008001700894602F096F9F2
:1082E000431C9846443605001A0049463000FAF708
:1082F00075F94346F2183B0A177053703B0C3F0E5A
:108300009370D7702A00802321326F1D1B019A427F
:1083100020D80822238AFF3201339BB29046626341
:10832000063AFF3A23821B041343E36300232A0027
:108330002364230000212000A76315322833FFF7B0
:10834000E3FE002806D13B004246022120000096B1
:10835000FFF758FF03B0C0BCB946B046F0BDC046F9
:10836000F0B5CE46474680B5060083B0040008004D
:1083700099468846170002F049F94436451C3A00F0
:108380004946701902F0BEF92A0041463000ED1945
:10839000FAF724F92A0080231C321B019A4220D8C4
:1083A000218A0A9B013189B21B03218209041943E6
:1083B000022319430023082723642300FF37E163C6
:1083C000200000216763A56328330C3AFFF79CFE69
:1083D000002806D12B003A00022120000096FFF76A
:1083E00011FF03B0C0BCB946B046F0BD836870B59C
:1083F000CE0B04000D00F6039E420DD08022734088
:108400005204934239D2FF22120413422CD1FF228C
:108410001202134221D1A66080226D046D0C12025B
:108420002A4301212000FEF749FFC025A36806006A
:108430006D05AB420FD080226B405204934238D27C
:10844000FF221204134228D1FF22120213421CD130
:10845000C0235B05A360300070BD01212000194AD4
:10846000330AFFF775FAD6E7330C01212000164ACC
:10847000FFF76EFAA3687340C9E7330E0121134A70
:10848000FFF766FAA3687340BDE7C023012120000F
:108490000C4A5B03FFF75CFADAE7C0230A4A5B0188
:1084A00001212000FFF754FAC023A2685B05534066
:1084B000CAE7182301212000044AFFF749FAA368FC
:1084C0006B40BDE70A0001000B0001000C00010039
:1084D000F0B5C646CE0B0D008168040090461F0023
:1084E00000B5F6038E420DD0802371405B049942A3
:1084F00066D2FF231B04194259D1FF231B021942E4
:1085000025D1A660802243466D046D0C12022A43D9
:10851000012B23D03B0001212000FFF705F8C025E7
:10852000A3686D05AB420FD080226B40520493428A
:108530001AD2FF221204134222D1FF221202134246
:108540002DD1C0235B05A36080BCB846F0BD0121DE
:1085500020001F4A330AFFF7FBF9D2E73B00012155
:108560002000FFF7F5F9DAE718231A4A0121200065
:10857000FFF7EEF9FF22A36812046B401342DCD030
:10858000C023154A5B0101212000FFF7E1F9C02358
:10859000A2685B055340FF2212021342D1D0C023D0
:1085A000012120000A4A5B03FFF7D2F9C9E7012144
:1085B0002000094A330CFFF7CBF9A16871409CE712
:1085C0000121044A330EFFF7C3F9A168714090E717
:1085D0000A0001000C0001000B000100F8B5CE46B6
:1085E000474604000D0080B5012900D1E4E1D74BD6
:1085F000C82798463F02C02641462000FFF758FB97
:108600003A0001212000FEF759FEA3687605B34227
:1086100012D0802273405204934200D3E7E0FF223D
:108620001204134200D0EFE0FF221202134200D0E6
:10863000FAE0C0235B05A36041462000FFF738FB4A
:108640003A0001212000FEF739FEC022A36852053E
:1086500006009146934212D0534080225204934226
:1086600000D39EE1FF221204134200D08DE1FF22CD
:108670001202134200D080E1C0235B05A360F6071D
:1086800000D4A1E1012D00D19BE1B14DB14E3100EB
:108690002000FFF70DFB03232A0001212000FFF734
:1086A00057F9C022A36852059146934212D0534015
:1086B00080225204934200D354E1FF221204134259
:1086C00000D037E1FF221202134200D02AE1C0237A
:1086D0005B05A36031002000FFF7EAFA2A000121C0
:1086E0002000FEF7EBFDC022A3685205914693429D
:1086F00012D0534080225204934200D307E1FF225C
:108700001204134200D0F6E0FF221202134200D0FE
:10871000E9E0C0235B05A36041462000FFF7C8FAEB
:108720003A00C027002301212000FFF711F9A368B8
:108730007F05BB4212D080227B405204934200D37B
:10874000C8E0FF221204134200D0B7E0FF22120259
:10875000134200D0AAE0C0235B05A360C02701201C
:1087600001F07CFC31002000FFF7A2FA01232A006F
:1087700001212000FFF7ECF8A3687F05BB4211D070
:1087800080227B405204934200D386E0FF221204F1
:10879000134200D075E0FF221202134269D1C023B8
:1087A0005B05A36031002000FFF782FA2A00C02594
:1087B00001212000FEF782FDA3686D05AB420FD0BA
:1087C00080226B40520493424AD2FF221204134289
:1087D0003AD1FF22120213422ED1C0235B05A360BF
:1087E000012001F03BFCC0BCB946B046F8BD1823DF
:1087F000594A01212000FFF7ABF8FF22A3681204B9
:108800007340134200D10FE7C023544A5B0101219A
:108810002000FFF79DF8C023A2685B055340FF22AC
:108820001202134200D104E7C023012120004C4A68
:108830005B03FFF78DF8FCE6C02301212000484AC6
:108840005B03FFF785F8C8E7C023444A5B010121B9
:108850002000FFF77DF8C023A2685B055340B8E70E
:108860001823012120003C4AFFF772F8A3686B40EF
:10887000ABE7C02301212000394A5B03FFF768F80A
:108880008DE7C023354A5B0101212000FFF760F826
:10889000C023A2685B0553407DE718230121200017
:1088A0002D4AFFF755F8A3687B406FE7C0230121ED
:1088B00020002B4A5B03FFF74BF84CE7C023274A05
:1088C0005B0101212000FFF743F8C023A2685B058C
:1088D00053403BE71823012120001F4AFFF738F8D7
:1088E000A3687B402DE7C023012120001C4A5B03C5
:1088F000FFF72EF80DE7C023184A5B010121200085
:10890000FFF726F8C023A2685B055340FCE6182356
:10891000114A01212000FFF71BF84A46A3685A407C
:108920001300ECE6C023012120000D4A5B03FFF792
:108930000FF8CCE6C023094A5B0101212000FFF7B4
:1089400007F8C023A2685B055340BBE60048101837
:1089500008C40000084410180C0001000B000100BE
:108960000A00010018231A4A01212000FEF7F0FF37
:108970004A46A3685A4013009FE6C0230121200005
:10898000144A5B03FEF7E4FF76E6C023124A5B015C
:1089900001212000FEF7DCFFC023A2685B055340E5
:1089A00065E618230A4A01212000FEF7D1FF4A4656
:1089B000A3685A40130055E6B827084B3F02984673
:1089C00019E6074D074E62E60748FBF719FC59E622
:1089D0000C0001000A0001000B0001000038101813
:1089E00008B400000834101844AC001080220023A2
:1089F00052008281034A0160836083730361835064
:108A00007047C0464C08000010B5FEF7BDF810BD19
:108A100010B5040082B06946200001AAFFF758FA99
:108A2000431C14D0031DF6D0012812D00228F2D125
:108A30000099019B4A0020685208C90F01F03EFBD3
:108A40006946200001AAFFF743FA431CEAD102B0AD
:108A500010BD01990098FFF75FF90100200000F0B8
:108A600093FED8E7F0B50227C64698464B001F4054
:108A7000802300B516001C32040082B04D081B0193
:108A80009A422BD83304008A1B0CA363089B013045
:108A900080B21B0320823B4300040343E3632000B6
:108AA00000233200414623646563443001F02AFE0E
:108AB000230032000021200028331032FFF724FB6E
:108AC000002807D143462A000093390033002000D4
:108AD000FFF798FB02B080BCB846F0BD05204042CD
:108AE000F8E7C04610B50400002909D0837C002BAC
:108AF00000D110BD002300218374FFF7A9F9F8E726
:108B000000F03CFEA37C002BF3D101212000FFF7F5
:108B10009FF90123A374ECE7F0B5C64607000400F3
:108B200000B54437142282B00E0038001749F9F717
:108B300055FD238A832201339BB223821B04E36306
:108B4000002323642300520062639046F23AA2633A
:108B50000021200028331032FFF7D6FA051E0DD170
:108B600014234246002120000097FFF74BFB051E0F
:108B700009D1062239003000F9F730FD280002B093
:108B800080BCB846F0BD02256D42F7E78C26041084
:108B9000F0B55746DE464E464546E0B5B14B89B086
:108BA0009B6A040043600F00FEF724F8002812D1EE
:108BB000FEF7D8FA0A25FEF7F3FAAB4E142200218D
:108BC0002000FEF701FBB04212D00120013D01F070
:108BD00045FA002DF2D1A548FBF712FB06256D42A0
:108BE000280009B0F0BCBB46B246A946A046F0BD7D
:108BF0000022002120009E4BFEF78CFB0028EAD1CA
:108C0000002200212000FEF701FB10231D2200217D
:108C10002000FEF79DFE0028DDD1992304220021CB
:108C20002000FEF795FE0028D5D1BE2306220021A4
:108C30002000FEF783FD0028CDD10823012120006C
:108C40008C4AFEF785FE0A25402601212000894A2C
:108C5000FEF734FB064209D10120013D01F0FEF987
:108C6000002DF2D18448FBF7CBFAB7E70023814A05
:108C700001212000FEF76CFE20008049FFF718F864
:108C8000B822C025012120001202FEF717FBA368BD
:108C90006D05AB4212D080226B405204934200D348
:108CA000E4E2FF221204134200D0D3E2FF221202B8
:108CB000134200D0C6E2C0235B05A36020006F49C9
:108CC000FEF7F6FFB822012120001202FEF7F6FAA5
:108CD000C026A36805007605B34212D080227340F7
:108CE0005204934200D3A4E2FF221204134200D0A4
:108CF00093E2FF221202134200D086E2C0235B05FA
:108D0000A360ED0700D497E320005D49FEF7D0FF94
:108D1000C822C025012120001202FEF7CFFAA36865
:108D20006D05AB4212D080226B405204934200D3B7
:108D3000EFE2FF221204134200D0DEE2FF22120211
:108D4000134200D0D1E2C0235B05A36020004C4950
:108D5000FEF7AEFFC822012120001202FEF7AEFA94
:108D6000C026A36805007605B34212D08022734066
:108D70005204934200D3AFE2FF221204134200D008
:108D8000D8E2FF221202134200D0CBE2C0235B05DF
:108D9000A360ED0700D453E302212000FFF71EFC7F
:108DA0000323042220003749FFF792FB002304220B
:108DB00020003549FFF78CFB344B354A9A46354B3A
:108DC00053449A5A9146FA225200914500DBC7E07B
:108DD000314A9B5C002B00D0C2E04B46502B00DC9C
:108DE000BEE03A002D4B2E4E4F46A04650251C00AB
:108DF0009146564403E00135AF4200DCB0E0092261
:108E00002100701B01F044FC0028F4D140235B4298
:108E100053449B4680231B024F469946214B4446B0
:108E200000269846350020002900FEF741FF4B46FA
:108E30006A04520C1A435B4640369B190093012189
:108E400040232000FEF7CAFE002800D0D3E14645AB
:108E5000E8D1154BBB4699460023270003901C0020
:108E600043E0C04600400540ADBEEDFEB4AC00108E
:108E7000B30402000E00010008AD00100038101805
:108E8000004810181040001844400018B8B30010F3
:108E90000E0300009E6803000D030000D4AC001018
:108EA000AB6B0300C06B030090230410FF2212047D
:108EB00013423FD1FF221202134249D1F023DB02B9
:108EC000BB604B46802276041B19403B760C120295
:108ED000009301212B0038003243FEF77FFE00286B
:108EE00042D1C0239B009C423ED0BA252600AD0053
:108EF00040341723A542AD419D43E14BF0229C46EF
:108F0000BB68D2029046403566449342D9D0534064
:108F1000802252049342C9D30023DA4A0121380047
:108F2000FEF716FD4246BB685A401300FF221204AA
:108F30001342BFD00723D44A01213800FEF708FDB1
:108F4000F023BA68DB025340FF2212021342B5D06D
:108F5000F02301213800CD4ADB00FEF7F9FCADE734
:108F6000CB48FBF74DF939E63C00CA4B0422200000
:108F7000C949039DFFF7ACFA01212000FFF72EFB42
:108F80002000C649FFF732FA03235F460340012B56
:108F900000D032E12000C249FFF728FAC00700D50F
:108FA0002FE1FA268023B600984606E00120013E14
:108FB00001F054F8002E00D134E201212000B94A1A
:108FC000FEF77CF943460342F0D0F0230422200050
:108FD000B549FFF77DFA202301212000B34AFEF7AF
:108FE000B7FCFA262023B600984606E00120013E91
:108FF00001F034F8002E00D119E2082200212000EF
:10900000FEF704F943460342F0D00121A84A2000AC
:10901000FEF754F90222C3B213430121A44A2000EF
:10902000FEF796FC0823F02200212000FEF790FCBA
:10903000022301219B4A2000FEF78AFC0121200027
:109040009C4AFEF73BF9C30700D483E10F230121BB
:10905000994A2000FEF77CFC00230121964A20005B
:10906000FEF776FC0121944A2000FEF727F904223E
:1090700000212000FEF7F6F8C30700D573E1C026F3
:10908000A3687605B34212D0802273405204934203
:1090900000D3BEE1FF221204134200D0ADE1FF2253
:1090A0001202134200D0A0E1C0235B05A360C026DA
:1090B00001212000814AFEF7A9F8A3687605B34292
:1090C00012D0802273405204934200D37CE1FF22ED
:1090D0001204134200D06BE1FF221202134200D0AF
:1090E0007BE1C0235B05A360200000F047FBA37C6D
:1090F000002B05D101212000FEF7AAFE0123A37455
:109100006F4B26001900443608222C313000984657
:10911000F9F764FA6B4BF622DB21E36420000023AD
:109120009200890251442265636558309946F9F7E7
:1091300055FA0822FF3292466263FC22920093465F
:10914000A2630222238A002101339BB223821B04E3
:109150001343E3634B462364283399468022A1449A
:109160004B462000D200FEF7CFFF002806D15B4619
:109170005246022120000096FFF744F84146132290
:1091800038313000F9F72AFA238A832201339BB25F
:1091900023821B04E3630023520092466263F33A86
:1091A000A263236400214B4620001032FEF7ACFF7F
:1091B000002806D113235246002120000096FFF715
:1091C00021F8636C002B00D0C0E0002220003E4953
:1091D000FFF77AF8012220003C49FFF775F8002FCD
:1091E00000D1C7E000230622009320003B0038494D
:1091F000FFF7B6F8F4E40500F2E43648FBF700F8B0
:10920000C8E63448FAF7FCFFCBE6C0230121200072
:109210001E4A5B03FEF79CFB70E5C0231A4A5B0104
:1092200001212000FEF794FBC023A2685B05534098
:109230005FE5182301212000124AFEF789FBA3688D
:10924000734051E5C02301212000104A5B03FEF763
:109250007FFB30E5C0230C4A5B0101212000FEF7B3
:1092600077FBC023A2685B0553401FE5182301214B
:109270002000044AFEF76CFBA3686B4011E5C04672
:1092800014FD07000C0001000B0001000A000100A2
:10929000E0AC0010BA0045FFFCFF070008341018CE
:1092A000003810180E0001002420001808000100EA
:1092B0001E0001001F0001000F00010008850000D2
:1092C000782604100610020060AC00106CAC001090
:1092D00090AD001034AD00101823012120005A4A2F
:1092E000FEF736FBA368734046E5C023012120004A
:1092F000564A5B03FEF72CFB25E5C023544A5B016D
:1093000001212000FEF724FBC023A2685B05534027
:1093100014E51823012120004B4AFEF719FBA3682E
:109320006B4006E5C02301212000484A5B03FEF79D
:109330000FFB2BE5C023464A5B0101212000FEF70D
:1093400007FBC023A2685B0553401AE54148FAF7C2
:1093500057FF3AE70123C0B20343012120003E4AF0
:10936000FEF7F6FA72E683B2042200212000FEF72F
:10937000E5F984E642464346D26C4C3306929B881C
:1093800006AE04AF39002000B380FFF7C5FB00280C
:1093900009D1049A069B9A4200D021E4BA88B38886
:1093A0009A4200D01CE43900002000F001FE19E7C9
:1093B000C023274A5B0101212000FEF7C9FAC02320
:1093C000A2685B05534087E61823012120001E4A4E
:1093D000FEF7BEFAA368734079E6C023012120009E
:1093E0001A4A5B03FEF7B4FA7BE6C0230121200092
:1093F000164A5B03FEF7ACFA56E6C023144A5B013B
:1094000001212000FEF7A4FAC023A2685B055340A7
:1094100045E61823012120000B4AFEF799FAA368BC
:10942000734037E60D48FAF7EBFEFFF7D7FB0C4821
:10943000FAF7E6FEFFF7D2FB0A48FAF7E1FE63E42B
:109440000848FAF7DDFEA7E40C0001000A0001005D
:109450000B00010078AD00101F00010048AD0010A6
:1094600060AD001044AC0010042210B5038A82B035
:1094700001339BB24264038282631B04023A1343AA
:10948000C3630023A5210364030041632833002143
:1094900012320400FEF738FE002808D123004433BE
:1094A0000093A522042302212000FEF7ABFE02B0A8
:1094B00010BDC0461A2230B5134B83B0C518038ABD
:1094C000426301339BB20A32038282631B04223A55
:1094D0001343C36300230400036429002232443091
:1094E000F9F77CF823003422002120002833FEF70E
:1094F0000BFE002806D124231A2202212000009509
:10950000FEF780FE03B030BD28080000F0B504006F
:1095100083B002293FD80600531E9A4101274436E2
:109520008F4055421D4908223000F9F757F84C2367
:1095300000221021FFB2E7540133E2540133E25418
:109540000133E2543D400133E5540133E254013329
:10955000E2540133E254238AA16301339BB20E39F2
:1095600023821B040B430825E3632300FF35226499
:1095700000212000656328332032FEF7C5FD002856
:1095800006D110232A00022120000096FEF73AFEA1
:10959000002003B0F0BD01204042FAE7A0AD00106A
:1095A00010B5006800F0E4F8013843425841C0B2F9
:1095B00010BDC04610B5284B82B01B68002B17D0D9
:1095C000264C2000FFF7ECFF00283CD1244BE25C46
:1095D000002A2BD1234BE25C002A1DD1224BE25CF6
:1095E000002A0CD1214B1B68002B03D000F08AFC11
:1095F00002B010BD01212000FFF774FAF6E7002247
:109600002000E254FFF756FF0122194BE250174B9E
:109610001B68002BEAD1EDE700222000E254FFF79F
:1096200023FF114BE25C002ADCD0E8E7002269212D
:10963000E254200000230092FFF714FA094BE25C89
:10964000002ACBD0E8E72000FFF7E2F9044BE25C08
:10965000002ABFD0EAE7C046F41D0020FC1D002010
:10966000690800006B0800006A080000F81D00206F
:109670005C08000070B58023D025802604002D06EC
:109680005B04AB623604002200211820F6F702FFCB
:109690006E62002200211720F6F7FCFEAE61210069
:1096A0002000FFF7A3F98522002303211201A35410
:1096B000064AA350064AA3501432A152054AA354A5
:1096C000054A13600122054BE25070BD58080000A6
:1096D0005C08000072080000F41D0020680800000B
:1096E000F8B5040000F078FC1C4E3368002B32D033
:1096F0000021200000F0D4FC0121200000F0D0FC6B
:109700002000FFF781F9D025802380275B042D06F8
:10971000AB620022002118203F04F6F7BBFE0022B6
:10972000002117206F62F6F7B5FE21002000AF611F
:10973000FFF75CF98522002303211201A354084A94
:109740003360A350074AA3501432A152064AA354CF
:109750000122064BE25000F049FCF8BDF41D002048
:10976000580800005C08000072080000680800004B
:10977000D0231B065868C001C00F70473222014B2E
:109780001A607047F81D0020754B70B5C35805006E
:109790000C00DB0712D46368452B05D0312B07D8AA
:1097A000704A9B00D3589F466F4AAB58012B38D064
:1097B0006E4BEB586E4A934225D070BDF7F7D0FF41
:1097C000002928D0FA2200239200F8F76FFB01004D
:1097D000684B62881800FAF797FD6168582900D92C
:1097E0008FE0654B8A00D358002B00D189E0190027
:1097F0006248FAF789FD2E23E268E35CA1686048BD
:10980000FAF782FDC7E70122584B00212800EA50F1
:1098100000F048FCD1E7FA218900F8F709FB0100C4
:10982000D6E7A168082977D0504BEB580029C1D161
:109830000231A950BEE70122524B5348EA5200F0D0
:1098400069FBB5E7A368062B71D0042B03D0022275
:109850009343082B5CD1E3680F2B59D1494B2BE084
:10986000A368002BA4D1E368082BA1D10222454BA9
:10987000FF32E2E7A368002B9AD12E33E15C6388C4
:10988000DB0761D5002965D18023384ADB00A95860
:109890000B43AB508EE70021280000F009FC0022AA
:1098A000324BEA5089E7A368002B00D080E7E368D9
:1098B000022B00D07CE7354B01223348EA5400F0FC
:1098C00029FB2A4BEB5875E7A368002B1DD1274BCA
:1098D000EA580F2319001140042902D19A430E3B84
:1098E0001A4380239B001343204AAB5062E7A368CE
:1098F000002B00D15CE7032B20D002221B4BEA5047
:109900005BE72348FAF700FD75E7062B00D14FE728
:109910000422164BEA5050E7862321001B01E85829
:109920001C4B3031EB589847104BEB5842E78023E3
:109930000E4A1B01A9580B43AB503BE7E268002AD3
:10994000DBD10A4AAB5038E7280000F0B1FB074BE7
:10995000EB582FE7280000F0A5FB044BEB5829E754
:1099600054080000EC260410580800005C080000B1
:10997000010E0000A8AD0010B4270410BCAD00100B
:10998000C4AD00106A080000B59500106908000019
:10999000C0AD001064080000F8B54746CE4604008C
:1099A00080B50E00170000F017FB204B00211D684A
:1099B00098462000002D0ED0FFF794F83A003100B1
:1099C0002000FFF7A3FD050000F010FB2800C0BC3D
:1099D000B946B046F8BD00F063FB0121200000F05D
:1099E0005FFB85231B01E5548023D0251B0499468A
:1099F0002D06AB61142000F031FB4B4632206B6129
:109A000000F02CFB00212000FFF7C2F8051EDBD17F
:109A1000074B2000E118FFF77FF83222054B06487C
:109A20001A604346186000F075FAC7E7F41D00207D
:109A3000D3080000F81D0020B5950010F0B5DE46F3
:109A400057464E464546E0B51600DC22924685B0A4
:109A50004B0002935B18DB00C518AA4452468346AC
:109A600028001268CC30009202682B0001921C4A38
:109A7000802094460E9C634480021860002C1CD009
:109A80008023DB049946012398463300D8352E0005
:109A900055469A46134F03912000F8F79BF94A4622
:109AA000430113432B6053464246C34013403B439C
:109AB0003360631E1C40EFD10399029B5B18DB00EF
:109AC0005B441A000099DC321160019ACC331A60B1
:109AD00005B0F0BCBB46B246A946A046F0BDC046A4
:109AE000CC30000080E00000F0B54E464546DE4632
:109AF0005746E0B583B089460CA984460D781F2AE5
:109B000045D84946490088464944C90046183700A7
:109B10003400DC373868CC3483462068310001904B
:109B20001C4880248246A40251440C6069424D4185
:109B30001E216D428D4318498A465544052B0CD988
:109B4000A0201F214005D836540104430532053BAF
:109B50003C600A403560052BF6D852019B06134342
:109B600042464A44D20062441000DC3213600300D3
:109B7000D8331D605B461360019BCC30036000202E
:109B800003B0F0BCBB46B246A946A046F0BD0520D6
:109B90004042F5E7CC3000009FE00000F0B54E46B3
:109BA0004546DE465746E0B59346564A89B090464C
:109BB000554A029306000C00022502239146534A9F
:109BC000002194466344524A1B0523609B0C9F1856
:109BD000504A404694464A46634400923A00F6F79B
:109BE00055FDB84203DBC01B47B200060ED501236A
:109BF000012D09D100230020236009B0F0BCBB4631
:109C0000B246A946A046F0BD0125D8E7F6F706FD05
:109C1000236805229A46404B404953441B0D04904B
:109C20009B00B25606910593CB58012130799C4692
:109C300081404B1E039320231B1A002A3ADB9A42D1
:109C400051DC039B6146934019424CD13368079322
:109C5000B379002B47D10399634691400B4003939E
:109C6000634619423FD18026039BB601002812D0DB
:109C7000894601005046B846079F5C003D5BB542EF
:109C800000D2AD189C181234A4000133255099421B
:109C9000F3D84746494663460B4319000598069B8F
:109CA00019505B461F60029B04981A60F6F7C2FCCD
:109CB0000120A2E7002B16DB52460792039A614669
:109CC000A2468446100001E0013B0BD302009A40FB
:109CD0001142F9D11A00079B544603909A466046F8
:109CE0008C46B3E754460498F6F7A4FC0A4B216867
:109CF0009C466144090D89004046C919F6F70AFDE2
:109D000075E7C046C41D002070AE001001050000BC
:109D1000F8EBFFFFFBEBFFFF0000E0AFB419002002
:109D200070B50125160002790C009540013D9D405B
:109D3000F6F774FC074B084A9C466444240DA400C3
:109D4000A358AB43A350F6F775FCA1190348F6F7E7
:109D5000E1FC70BD0000E0AFB4190020C41D00207C
:109D600010B5034B01001800F6F7D4FC10BDC04637
:109D7000622C002010B5064B064C82B00100009307
:109D800000220B232000F6F781FC02B010BDC04674
:109D900094AE0010622C002003001149820151187A
:109DA0000868D90241400F4810B501400E48A02470
:109DB00010180160012098400C4BE40518600C4B12
:109DC000802118600B4B4904E0500B4B9C466244C9
:109DD00013680B42FCD18023DB00E05010BDC0466D
:109DE00010000050017800001010005004340050A2
:109DF00014340050440400000C00005010B50368F7
:109E000001495B6A984710BD38120020802010B5C8
:109E1000402207494004F6F791FB01220221182055
:109E2000F6F760FB0D200121F6F7CEFC002010BDF7
:109E3000559E001010B5002202211820F6F752FBA3
:109E4000802003494004F6F79BFB002010BDC0466C
:109E5000559E0010D0231B061B6810B55A42534173
:109E60002F225B429343094A94466344DB6A9B0773
:109E700000D410BD002202211820F6F733FB044B5A
:109E80000449186803685B6A9847F2E7304101406B
:109E9000F01D002038120020154B70B51B6804001F
:109EA000002B0ED0134D2A68002A01D0013A2A60F7
:109EB00098472B68002B05D1236820000E499B6929
:109EC000984770BDF7F74CFC00230C4A0A4D8018E8
:109ED000594102000B1E02DA0122094B5242EB608B
:109EE0002368290020005B69AA609847E9E7C0461B
:109EF000F41D0020F81D00204812002050C300006F
:109F0000FFFFFF7F10B5012202211820F6F7EAFAC1
:109F100010BDC046034B10B51868034903685B6A5F
:109F2000984710BDF01D00203812002010B5040025
:109F30000848FFF79FFB084B00221C6023682000A5
:109F400006491B699847236820000549DB69984743
:109F5000012010BDFC1D0020F01D00200D9E0010F2
:109F60003812002070B50D4D04002B68002B13D063
:109F700003680B499B69984723680A491B6A2000BC
:109F80009847236800221B69074920009847074823
:109F9000FFF7A6FB00232B6070BDC046F01D00201C
:109FA0004812002038120020359E0010FC1D0020B1
:109FB00010B582B068460C00FAF788FC6B460622A2
:109FC000991C2000F8F70AFB012223789343022210
:109FD0001343237002B010BD034B10B5186803681B
:109FE0005B68984710BDC046F01D0020034B10B5BC
:109FF000186803689B68984710BDC046F01D002094
:10A0000070B5EFF30583134A040000251668002B92
:10A0100010D1F7F7A5FB02000B0012196B41002BC2
:10A0200004DB31683000096B884770BD01220A4BA0
:10A030005242F6E7F7F794FB02000B0012196B414E
:10A04000002B02DA0122044B524231683000C96A07
:10A050008847EAE7F01D0020FFFFFF7FF8B50E4BB1
:10A0600006001F68F7F77CFBFA2204000D000023AE
:10A07000920030000021F8F755FA02000B00121987
:10A080006B41002B02DA0122044B5242396838003E
:10A09000C96A8847F8BDC046F01D0020FFFFFF7F5A
:10A0A0007047C04610B50148F6F7A0FAB4AE0010EC
:10A0B00010B50148F6F79AFAB4AE001010B5014891
:10A0C000F6F794FAB4AE001010B5303000F0F4FB9F
:10A0D00010BDC0460022452310B50C00CA54013BF8
:10A0E000C85CF6F78FFB2000383000F0B5FB00208D
:10A0F000002110BD012310B504000B724333C05C76
:10A10000F6F780FB2000383000F0A6FB10BDC046FB
:10A11000F0B5304BD6464F4646461A685B68040099
:10A120009A462D4B904645259946C0B584B02000EF
:10A1300000F0E8F906000F00F7F712FB32003B00D1
:10A14000121A8B41002B29DD46452DD0635D002B73
:10A1500008D0A26AE36A30003900801A99410029C8
:10A1600027DC33D0236C002B03DD216C206AF7F74A
:10A170003DF90123A662E76263550023206A02933A
:10A180004B463200009301943B00F7F76FF82064D0
:10A19000236C002B0DDC00236355C8E7002BC6D1D0
:10A1A000002AC4D04645D1D15745CFD1236C002BCE
:10A1B00005DC04B0E0BCBA46B146A846F0BD216C4F
:10A1C000206AF7F713F900232364F2E70028C9D0C7
:10A1D000EFE7C046F8AE0010D5A00010F8B50600B5
:10A1E00017003036040030000D0000F065FB380029
:10A1F000A84773790500012B04D0300000F08CFBD8
:10A200002800F8BD2000FFF783FFF6E770B544256E
:10A210000400405D002814D1236C002B03DD216C69
:10A22000206AF7F7E3F825003035280000F044FBFA
:10A23000280000F071FB482200212000F8F7C8F93F
:10A2400070BD0021F6F7C0FA0449605DF6F718FC0E
:10A25000605DF6F76DFD00236355DDE761A2001038
:10A2600070B5EFF305830C4A2A3B9B009C58002CE9
:10A270000DD0250030350021280000F00DFB00280E
:10A2800005D06B79012B03D0280000F045FB70BD91
:10A290002000FFF73DFFF7E78C1C002010B5383099
:10A2A00000F05AFB10BDC0461000190010B5EFF3C6
:10A2B0000583002B02D0F7F75DFA10BDF7F7D2F84F
:10A2C000FBE7C04610B530304379002B08D0D023CF
:10A2D00000221B069A560423C3569A4200D110BD91
:10A2E0000148F6F783F9C046D4AE001010B504005B
:10A2F00030346379012B03D0200000F00DFB10BD3A
:10A30000FFF706FFF8E7C04670B506000D00040031
:10A310003036300000F0D0FA2900200000F0E0F8DC
:10A3200073790500012B04D0300000F0F5FA280005
:10A3300070BD2000FFF7ECFEF6E7C04670B50600E2
:10A340000D0004003036300000F0B6FA290020007D
:10A3500000F0B4F873790500012B04D0300000F050
:10A36000DBFA280070BD2000FFF7D2FEF6E7C046FA
:10A3700070B506000D0004003036300000F09CFA85
:10A380002900200000F088F873790500012B04D023
:10A39000300000F0C1FA280070BD2000FFF7B8FEC1
:10A3A000F6E7C04670B506000D00040030363000F8
:10A3B00000F082FA2900200000F05AF873790500B5
:10A3C000012B04D0300000F0A7FA280070BD200057
:10A3D000FFF79EFEF6E7C046FF23037000234360AD
:10A3E0007047C04670B504000D00442200210430BF
:10A3F000F8F7EEF81B4B236003232383D0231B06BF
:10A400001B68A3766868002828D0206220000122FB
:10A4100001213830F6F7ACFC20003030F6F7F6FCBE
:10A4200000202E78F6F78EFC03000020002B14DBB2
:10A43000190044250C4A1A398900FF308C50184005
:10A4400063550A49F6F7F8F90121605DF6F7BCF9A2
:10A45000605D3100F6F7FEFB012070BDF6F702FFEC
:10A46000D3E7C046182904108C1C002061A20010FC
:10A470008368002B04D107E01A68002A06D0130075
:10A480008B42F9D1002005E0030008331960002356
:10A4900001200B607047C046020083680832002B21
:10A4A00004D109E01A001B68002B05D08B42F9D1BA
:10A4B0001B680120136000E0002070474368002BF8
:10A4C00004D107E01A68002A05D013008B42F9D1A5
:10A4D000002004E0031D1960002301200B60704779
:10A4E0004368021D002B04D109E01A001B68002BF1
:10A4F00005D08B42F9D11B680120136000E00020D9
:10A500007047C046F0B55746DE464646C0B53E4B9E
:10A5100082B01A685B680092019383688246002BC0
:10A520002CD0082353449B46F7F71AF953469B68EF
:10A5300004000D005F46002B20D000221E00944630
:10A540009846B268F36820002900801A99410029D2
:10A5500002DB14001D00BC4637003668002EF0D127
:10A5600062464346002A48D0116850460B68136083
:10A570004B68984753469B68002BD5D153465C687F
:10A58000002C29D000255646237A002B31D02100FB
:10A5900063682572300098472468002CF4D1B168B4
:10A5A000B246002918D0009C019D0E0003E0040073
:10A5B0000D00002E0ED0330022009868D9682B00C1
:10A5C000121A8B413668002BF1DCF2D1002AEED151
:10A5D000002EF0D100940195009B019C524618007A
:10A5E00021001361546102B0E0BCBB46B246A846EC
:10A5F000F0BD2468002CC7D1D1E7190053465C6830
:10A60000002CBFD1CFE7C046F8AE001010B58307CD
:10A610000AD00300032102E001330B4205D01A786F
:10A62000002AF9D1181A10BD030019680C4A0D4C04
:10A630008A188A4322420FD15968094A04338A187A
:10A640008A43224208D15968054A04338A188A434A
:10A650002242F1D000E001331A78002AFBD1E1E771
:10A66000FFFEFEFE8080808070B5074C074D641BA6
:10A67000A41005D0013CA300EB589847002CF9D159
:10A6800000F0E8F870BDC046B0A90010B0A90010F5
:10A6900030B5002A26D003000B439B0724D1032AA0
:10A6A00022D9164D0BE0043A002A1BD0144C1C1979
:10A6B0009C432C4216D104300431032A14D9036878
:10A6C0000C68A342EFD004780D78A54213D1012382
:10A6D00006E0C45CCD5CAC420DD101339A4201D09E
:10A6E000002CF6D1002030BD04780D78AC4202D1A8
:10A6F000012AECD1F6E7601BF5E7C0468080808038
:10A70000FFFEFEFEF0B588420AD98B18984207D2A8
:10A71000531E002A03D0CA5CC254013BFBD2F0BDD9
:10A7200005000F2A0AD8561E002AF8D00023CC5C58
:10A730001A00EC5401339642F9D1F0E703273E00AA
:10A740000D430C0003002E402F422DD11500103D6B
:10A750002D09AC462F013F1825681D6065685D60B6
:10A76000A5689D60E5681034DD601D001033BD42B2
:10A77000F2D165460F230C2401352D0149191340F0
:10A780004519144213D0043B9B0801339B008C599C
:10A79000AC5104369E42FAD103231A40AD198919EF
:10A7A000561E002AC2D1BAE70500561EBEE71A009F
:10A7B000B9E7C04610B5010000230022002000F0D8
:10A7C00001F810BDF0B5C6461A4C00B52568002D3D
:10A7D0002AD06C681F2C2ADC002808D10020631CBA
:10A7E0000234A4006B60615180BCB846F0BD88277C
:10A7F000A600AE19F2510137FF37BC460122AC4426
:10A800006746A2403F689046174362461760842718
:10A810007F00F3510228E1D1280042468D30FF30FD
:10A82000036813430360D9E7034D2560D1E7012096
:10A830004042D9E7E416002054150020034B10B520
:10A84000002B02D00248FFF7B5FF10BD000000004A
:10A8500069A60010F8B5C04601B40248844601BCA0
:10A86000604700BF2901002001B40248844601BCB2
:10A87000604700BF9504002001B40248844601BC33
:10A88000604700BF7503002001B40248844601BC44
:10A89000604700BFF110002001B40248844601BCAB
:10A8A000604700BF9902002001B40248844601BC01
:10A8B000604700BFF110002001B40248844601BC8B
:10A8C000604700BF7101002001B40248844601BC0A
:10A8D000604700BFC101002001B40248844601BCAA
:10A8E000604700BFE902002001B40248844601BC71
:10A8F000604700BFD105002001B40248844601BC76
:10A90000604700BF0102002001B40248844601BC38
:10A91000604700BF650E002001B40248844601BCB8
:10A92000604700BF9D03002001B40248844601BC7B
:10A93000604700BFD50D002001B40248844601BC29
:10A94000604700BF150E002001B40248844601BCD8
:10A95000604700BFAD0D002001B40248844601BC31
:10A96000604700BFC1000020B51B0010E11B0010B4
:10A97000C51D0010C12500105924001065250010C8
:10A98000ED1C0010FD1B00101D1C0010311C0010E0
:10A99000A10D0010391C0010891100107D1B001042
:10A9A000A50700103DA80010BD480010FD020010D2
:10A9B0000A2A2A2A2050414E4943202A2A2A0A00DC
:10A9C0004E6F207370696E6C6F636B73206172657C
:10A9D00020617661696C61626C6500004E6F207564
:10A9E00073657220495251732061726520617661EE
:10A9F000696C61626C6500004861726477617265C0
:10AA000020616C61726D20256420616C72656164E7
:10AA10007920636C61696D6564000000486172644F
:10AA200020617373657274006D697373696E67205A
:10AA3000646F75626C652066756E6374696F6E0015
:10AA400052656C6561736500626F6F74325F773257
:10AA50003571303830000000322E322E30000000C8
:10AA60007069636F5F7700006C6162355F72656467
:10AA7000000000004D61722031312032303236004A
:10AA8000666E692B00000000666E69006E616E00E4
:10AA9000666E692D0000000055534220737464698E
:10AAA0006E202F207374646F757400005261737090
:10AAB0006265727279205069000000005069636F0E
:10AAC00000000000426F61726420434443000000B4
:10AAD0005265736574000000556E68616E646C6544
:10AAE000642049525120307825780A00657020256D
:10AAF0003032582077617320616C7265616479200F
:10AB0000617661696C61626C6500000043616E276B
:10AB10007420636F6E74696E756520786665722047
:10AB20006F6E20696E61637469766520657020259B
:10AB30003032580063797734335F726561645F62E5
:10AB400079746573206572726F722025640000004D
:10AB50005B43595734335D2063797734335F6B73CC
:10AB60006F5F736574282564293A206661696C6596
:10AB7000640A00005B43595734335D2042757320EB
:10AB80006572726F7220636F6E646974696F6E2094
:10AB9000646574656374656420307825780A000004
:10ABA0005B43595734335D206572726F723A206887
:10ABB0006472206D69736D61746368202530347828
:10ABC000205E20253034780A000000005B4359578E
:10ABD00034335D205354414C4C2825753B25752D4D
:10ABE0002575293A2074696D656F75740A00000037
:10ABF0005B43595734335D20646F5F696F63746CD6
:10AC00003A20676F7420756E65787065637465644B
:10AC1000207061636B65742025640A005B4359579B
:10AC200034335D20646F5F696F63746C2825752C05
:10AC30002025752C202575293A2074696D656F755E
:10AC4000740A00005B43595734335D20636F7265AB
:10AC5000206E6F7420696E20726573657400000049
:10AC60006275733A7478676C6F6D0000617073740D
:10AC700061000000616D7064755F62615F77736988
:10AC80007A650000616D7064755F6D7064750000B9
:10AC9000616D7064755F72785F666163746F720076
:10ACA0006273736366673A6576656E745F6D73672A
:10ACB000730000005B43595734335D204661696C73
:10ACC000656420746F207374617274204359573423
:10ACD0003300000056657273696F6E3A2000000001
:10ACE0005B43595734335D20636F756C64206E6F1E
:10ACF000742066696E642076616C6964206669728E
:10AD00006D776172650000005B43595734335D20F5
:10AD100074696D656F75742077616974696E6720F9
:10AD2000666F7220414C5020746F206265207365FD
:10AD3000740000005B43595734335D20636F7265C4
:10AD4000206E6F74207570005B43595734335D205B
:10AD50004854206E6F7420726561647900000000B1
:10AD60005B43595734335D204632206E6F74207236
:10AD700065616479000000005B43595734335D20FE
:10AD8000434C4D206C6F6164206661696C656400A2
:10AD90006375725F65746865726164647200000057
:10ADA0006770696F6F7574005B252038645D2041A2
:10ADB00053594E4328253034782C00002573000069
:10ADC000257500002C25752C25752C2575290A0064
:10ADD0005345545F53534944000000004A4F494EC5
:10ADE0000000000041555448000000004445415512
:10ADF00054485F494E4400004153534F4300000004
:10AE00004449534153534F430000000044495341C8
:10AE100053534F435F494E44000000004C494E4B92
:10AE20000000000050534B5F5355500045534341C1
:10AE30004E5F524553554C54000000004353415F50
:10AE4000434F4D504C4554455F494E44000000006F
:10AE50004153534F435F5245515F49450000000045
:10AE60004153534F435F524553505F4945000000E3
:10AE70004E6F2050494F207374617465206D61637B
:10AE800068696E65732061726520617661696C61C5
:10AE9000626C65004E6F20444D41206368616E6EA8
:10AEA000656C732061726520617661696C61626CAA
:10AEB00065000000637977343320686173206E6F1A
:10AEC0002065746865726E657420696E746572665B
:10AED000616365006173796E635F636F6E7465783B
:10AEE00074206C6F636B5F636865636B2066616978
:10AEF0006C65640000000000FFFFFFFFFFFFFF7FA5
:10AF000006005250D3F0754240AA0010060052507D
:10AF1000E182887F48AA001006005250ABB360530C
:10AF200058AA001006005250BBFF3CB660AA0010A1
:10AF300006005250861C030268AA001006005250F8
:10AF40005422A29D74AA001005005250DE65F468D8
:10AF5000183B0410803300103033001030330010E1
:10AF600078330010303300103033001030330010CD
:10AF70003033001030330010303300103033001005
:10AF8000703300103033001068330010303300107D
:10AF90003033001060330010A035001096330010DD
:10AFA00090350010963300107A350010963300105B
:10AFB000963300109633001096330010963300102D
:10AFC000963300109633001088330010963300102B
:10AFD000963300109633001096330010963300100D
:10AFE000883300103E360010EA320010EA320010BA
:10AFF000EA320010EA320010EA320010EA320010A1
:10B00000EA320010EA320010EA320010EA32001090
:10B01000EA320010EA320010EA320010EA32001080
:10B02000EA320010EA320010EA320010EA32001070
:10B03000EA320010EA320010EA320010EA32001060
:10B04000EA320010EA320010EA320010EA32001050
:10B05000EA320010EA320010EA320010EA32001040
:10B06000EA320010B43500100C360010B435001070
:10B07000EA320010EA320010EA320010EA32001020
:10B08000EA320010EA320010EA320010EA32001010
:10B09000EA320010EA320010EA320010EA32001000
:10B0A000EA320010EA320010EA320010EA320010F0
:10B0B0004E380010EA320010EA320010EA32001076
:10B0C000EA320010EA320010EA320010EA320010D0
:10B0D000EA320010EA3200104E38001050360010EC
:10B0E0004E380010B43500100C360010B435001086
:10B0F000000000000000F03F0000000000002440BD
:10B1000000000000000059400000000000408F4097
:10B11000000000000088C34000000000006AF84002
:10B120000000000080842E4100000000D012634126
:10B130000000000084D797410000000065CDCD419C
:10B140000D0A000000000000214300100000000074
:10B1500025430010314300105D4300105943001097
:10B16000000000000A00000000000306A60008001E
:10B17000020002009C001400030057494E55534240
:10B18000000000000000000000008000040001003A
:10B1900028004400650076006900630065004900EE
:10B1A0006E00740065007200660061006300650057
:10B1B000470055004900440000004E007B0062003B
:10B1C00063003700330039003800630031002D0080
:10B1D00037003300630064002D0034006300620018
:10B1E00037002D0039003800620038002D0039008A
:10B1F00031003300610038006600630061003700F1
:10B200006200660036007D0000000000050F21008E
:10B21000011C100500DF60DDD88945C74C9CD26554
:10B220009D9E648A9F00000306A6000100000000A6
:10B230000600525053B4F4A198AA00100000000078
:10B24000ACAA0010BCAA0010502C0020C4AA001008
:10B25000D0AA001009025400030100807D080B00F1
:10B260000202020000090400000102020004052499
:10B270000020010524010001042402060524060023
:10B28000010705810308001009040100020A0000FB
:10B290000007050202400000070582024000000985
:10B2A00004020000FF00010512011002EF0201403C
:10B2B0008A2E0A000001010203010000344F001031
:10B2C0009C500010EC50001074500010865000107C
:10B2D00064500010D44F0010804F0010744F0010C5
:10B2E000565400103C5400100C52001076540010BC
:10B2F0000C52001024540010105400100C52001076
:10B30000FC530010025300100C520010E2560010C3
:10B31000D4560010C85600100C5200100C520010E9
:10B32000B2560010D45600100C5200100C520010EF
:10B330000C5200100C5200100C5200100C52001055
:10B340000C52001068560010320F0020320F0020FF
:10B350007C0F00209C0F0020E00F0020F20F002047
:10B36000280F0020000000006D5C0010DD5C001064
:10B370000D5D0010595D0010FD5D0010E55E0010D0
:10B380000000000000000000E55F001041600010B8
:10B390005D60001085600010B9430010A5610010C9
:10B3A00000000000ACB3001006FF00000160401078
:10B3B00080E042B0014084100000000065140000ED
:10B3C00091130000911300009113000091130000ED
:10B3D00091130000911300009113000091130000DD
:10B3E00091130000911300009113000091130000CD
:10B3F00091130000911300009113000091130000BD
:10B4000091130000911300009113000091130000AC
:10B41000911300009113000091130000911300009C
:10B42000911300009113000091130000911300008C
:10B4300091130000911300000048004765140000BC
:10B4400000000000000000000000000000000000FC
:10B4500000000000000000000000000000000000EC
:10B4600000000000000000000000000000000000DC
:10B4700000000000000000000000000000000000CC
:10B4800000000000000000000000000000000000BC
:10B4900000000000000000000000000000000000AC
:10B4A00000000000000000004442505018600100FD
:10B4B0000000000000000000C51B0000C51B0000CC
:10B4C000C51B0000C51B0000C51B0000C51B0000FC
:10B4D000C51B0000D9130000D5130000151400008F
:10B4E000DD3D0000793900003B330000D93D00000C
:10B4F000C9350000B13900001D3E00004FD50100E4
:10B50000D93A0000133400007F340000893E000067
:10B510008B3E0000FB380000AD3D00004DD5010022
:10B52000C51B0000C51B0000C51B0000C51B00009B
:10B53000C51B0000C51B0000C51B0000C51B00008B
:10B54000C51B0000C51B0000C51B0000C51B00007B
:10B55000C51B0000C51B00009FDC0000C51B0000D0
:10B56000C51B0000C51B0000C51B0000C51B00005B
:10B57000C51B0000C51B0000C51B0000C51B00004B
:10B58000C51B0000C51B0000C51B0000C51B00003B
:10B59000C51B000047FC0000C51B0000A3FD000008
:10B5A000C51B0000C51B00009FFD00002BFC000018
:10B5B000C51B0000C51B0000C51B0000772E010045
:10B5C0005B3301001B3501006F340100DF330100E4
:10B5D0001F320100C51B0000C51B0000C51B000079
:10B5E000BD350100C51B0000C51B0000C51B0000C8
:10B5F000C51B0000C51B0000C51B0000C51B0000CB
:10B60000C51B0000C51B0000C51B0000C51B0000BA
:10B61000C51B0000C51B0000C51B0000C51B0000AA
:10B62000C51B0000C51B0000C51B0000C51B00009A
:10B63000C51B0000C51B0000C51B0000C51B00008A
:10B64000C51B0000C51B0000C51B0000C51B00007A
:10B65000C51B0000C51B0000C51B0000C51B00006A
:10B66000C51B0000C51B0000C51B0000C51B00005A
:10B67000C51B00007916000081160000191F00008C
:10B68000352E0000892E0000ED3F0000F93F00003C
:10B6900069510000D1B10000B9DC0000B1FB00002D
:10B6A000C1350100691600008D1600009D170000CD
:10B6B0009D180000E51B0000851C0000F51C000023
:10B6C000791D0000251F0000A12E0000953F0000FD
:10B6D0000540000005490000474C00009D4D00005A
:10B6E000A54D0000A94D0000C51B0000C54D000080
:10B6F000FD4D0000054E00005B4E00005F4E000057
:10B700006D4E0000956C0000C51B000085510000C7
:10B71000C51B0000056D00003D94000081A20000E3
:10B7200059A30000C9A30000C5CA0000E5CA000073
:10B73000E1CE0000C1DC0000D1DC00002FE20000FF
:10B7400049E4000091E8000083FB000089FB000051
:10B750001D1701000100000000000008200000008B
:10B760000002000004000000FF0300005000000081
:10B7700001000000010000000A07080100000000AD
:10B7800008000000010400000100000004000400A3
:10B7900008000100000000000000000000000000A0
:10B7A0000000000000000000000000000000000099
:10B7B0000000000000000000000000000000000089
:10B7C0000000000000000000000000000000000079
:10B7D0000000000000000000000000000000000069
:10B7E0000000000000000000000000000000000059
:10B7F0000000000000000000000000000000000049
:10B800000000000000000000000000000000000038
:10B810000000000000000000000000000000000028
:10B820000000000000000000000000000000000018
:10B830000000000000000000000000000000000008
:10B8400000000000000000000000000000000000F8
:10B8500000000000000000000000000000000000E8
:10B8600000000000000000000000000000000000D8
:10B8700000000000000000000000000000000000C8
:10B8800000000000000000000000000000000000B8
:10B8900000000000000000000000000000000000A8
:10B8A0000000000000000000000000000000000098
:10B8B0000000000000000000000000000000000088
:10B8C0000000000000000000000000000000000078
:10B8D0000000000000000000000000000000000068
:10B8E0000000000000000000000000000000000058
:10B8F0000000000000000000000000000000000048
:10B900000000000000000000000000000000000037
:10B910000000000000000000000000000000000027
:10B920000000000000000000000000000000000017
:10B930000000000000000000000000000000000007
:10B9400000000000000000000000000000000000F7
:10B9500000000000000000000000000000000000E7
:10B9600000000000000000000000000000000000D7
:10B9700000000000000000000000000000000000C7
:10B9800000000000000000000000000000000000B7
:10B9900000000000000000000000000000000000A7
:10B9A0000000000000000000000000000000000097
:10B9B0000000000000000000000000000000000087
:10B9C0000000000000000000000000000000000077
:10B9D0000000000000000000000000000000000067
:10B9E0000000000000000000000000000000000057
:10B9F0000000000000000000000000000000000047
:10BA00000000000000000000000000000000000036
:10BA10000000000000000000000000000000000026
:10BA20000000000000000000000000000000000016
:10BA30000000000000000000000000000000000006
:10BA400000000000000000000000000000000000F6
:10BA500000000000000000000000000000000000E6
:10BA600000000000000000000000000000000000D6
:10BA700000000000000000000000000000000000C6
:10BA800000000000000000000000000000000000B6
:10BA900000000000000000000000000000000000A6
:10BAA0000000000000000000000000000000000096
:10BAB0000000000000000000000000000000000086
:10BAC0000000000000000000000000000000000076
:10BAD0000000000000000000000000000000000066
:10BAE0000000000000000000000000000000000056
:10BAF0000000000000000000000000000000000046
:10BB00000000000000000000000000000000000035
:10BB10000000000000000000000000000000000025
:10BB20000000000000000000000000000000000015
:10BB30000000000000000000000000000000000005
:10BB400000000000000000000000000000000000F5
:10BB500000000000000000000000000000000000E5
:10BB600000000000000000000000000000000000D5
:10BB700000000000000000000000000000000000C5
:10BB800000000000000000000000000000000000B5
:10BB900000000000000000000000000000000000A5
:10BBA0000000000000000000000000000000000095
:10BBB000000000000000000000F459B20000000086
:10BBC000FFF75E9F0000000000F463B1000000007A
:10BBD000FFF7419D00000000FFF76D9C0000000092
:10BBE000F3F7AE9800000000E9F7679E0000000040
:10BBF000E5F7989D00000000E4F7829F0000000038
:10BC0000D3F77C9B00000000CFF7EC990000000008
:10BC1000C9F7D89E00000000C8F75A9F0000000036
:10BC2000C8F7B49C00000000C2F7549F0000000059
:10BC3000C0F7449C00000000C0F7329A00000000EA
:10BC4000BFF78C9D00000000BFF7569F000000006A
:10BC5000C2F71E9D00000000E1F7C29C000000003A
:10BC6000BFF7049800000000BEF7A69E0000000089
:10BC7000BDF77C9F00000000BBF76D9C000000003A
:10BC8000A2F73E9D00000000B7F7E29A0000000016
:10BC9000DDF7329B00000000B9F7889E000000002D
:10BCA000B2F7669B00000000B2F7F69A00000000B1
:10BCB000B2F77C9900000000B1F7869A00000000FE
:10BCC000DAF7669C00000000B0F76E9E00000000EE
:10BCD000C1F7FE9A00000000AEF73B9B0000000099
:10BCE000A0F7F69D00000000A0F7169C00000000E1
:10BCF000ABF7F09E00000000A2F7E09C00000000FF
:10BD0000A2F7DE9A00000000A0F7FB9800000000F8
:10BD10009FF7AE9F000000009EF7B699000000005C
:10BD20009DF77C9D000000009BF7329D0000000005
:10BD30009AF7F89F00000000A0F7E09E00000000C6
:10BD4000A0F70F9F0000000099F7DE9A00000000A6
:10BD5000A0F7939C00000000D7F7289F0000000088
:10BD6000D7F71C9A00000000D7F7169C00000000CF
:10BD7000D9F78A9C0000000093F7709A0000000039
:10BD800093F776990000000093F7CD9D0000000026
:10BD900093F77D9B0000000093F7B89A0000000025
:10BDA00092F7649F0000000092F7029D00000000DF
:10BDB00092F7D29A0000000092F70099000000006C
:10BDC00092F714980000000092F7129B0000000008
:10BDD0008FF7249900000000D7F7449B0000000073
:10BDE000D7F7129B00000000D6F7989E00000000D5
:10BDF0008CF7539C000000008CF7939D000000001E
:10BE00008BF74B9F000000008CF78E99000000001C
:10BE100089F7749E00000000000000000000000090
:10BE20000000000000000000000000000000000012
:10BE30000000000000000000000000000000000002
:10BE400000000000000000000000000000000000F2
:10BE500000000000000000000000000000000000E2
:10BE600000000000000000000000000000000000D2
:10BE700000000000000000000000000000000000C2
:10BE800000000000000000000000000000000000B2
:10BE900000000000000000000000000000000000A2
:10BEA0000000000000000000000000000000000092
:10BEB0000000000000000000000000000000000082
:10BEC0000000000000000000000000000000000072
:10BED0000000000000000000000000000000000062
:10BEE0000000000000000000000000000000000052
:10BEF0000000000000000000000000000000000042
:10BF00000000000000000000000000000000000031
:10BF10000000000000000000000000000000000021
:10BF20000000000000000000000000000000000011
:10BF30000000000000000000000000000000000001
:10BF400000000000000000000000000000000000F1
:10BF500000000000000000000000000000000000E1
:10BF600000000000000000000000000000000000D1
:10BF700000000000000000000000000000000000C1
:10BF800000000000000000000000000000000000B1
:10BF900000000000000000000000000000000000A1
:10BFA0000000000000000000000000000000000091
:10BFB0000000000000000000000000000000000081
:10BFC0000000000000000000000000000000000071
:10BFD0000000000000000000000000000000000061
:10BFE0000000000000000000000000000000000051
:10BFF0000000000000000000000000000000000041
:10C000000000000000000000000000000000000030
:10C010000000000000000000000000000000000020
:10C020000000000000000000000000000000000010
:10C030000000000000000000000000000000000000
:10C0400000000000000000000000000000000000F0
:10C0500000000000000000000000000000000000E0
:10C0600000000000000000000000000000000000D0
:10C0700000000000000000000000000000000000C0
:10C0800000000000000000000000000000000000B0
:10C0900000000000000000000000000000000000A0
:10C0A0000000000000000000000000000000000090
:10C0B0000000000000000000000000000000000080
:10C0C0000000000000000000000000000000000070
:10C0D0000000000000000000000000000000000060
:10C0E0000000000000000000000000000000000050
:10C0F0000000000000000000000000000000000040
:10C10000000000000000000000000000000000002F
:10C11000000000000000000000000000000000001F
:10C12000000000000000000000000000000000000F
:10C1300000000000000000000000000000000000FF
:10C1400000000000000000000000000000000000EF
:10C1500000000000000000000000000000000000DF
:10C1600000000000000000000000000000000000CF
:10C1700000000000000000000000000000000000BF
:10C1800000000000000000000000000000000000AF
:10C19000000000000000000000000000000000009F
:10C1A000000000000000000000000000000000008F
:10C1B000000000000000000000000000000000007F
:10C1C000000000000000000000000000000000006F
:10C1D000000000000000000000000000000000005F
:10C1E000000000000000000000000000000000004F
:10C1F000000000000000000000000000000000003F
:10C20000000000000000000000000000000000002E
:10C21000000000000000000000000000000000001E
:10C22000000000000000000000000000000000000E
:10C2300000000000000000000000000000000000FE
:10C2400000000000000000000000000000000000EE
:10C2500000000000000000000000000000000000DE
:10C2600000000000000000000000000000000000CE
:10C2700000000000000000000000000000000000BE
:10C2800000000000000000000000000000000000AE
:10C29000000000000000000000000000000000009E
:10C2A000000000000000000000000000000000008E
:10C2B000000000000000000000000000000000007E
:10C2C000000000000000000000000000000000006E
:10C2D000000000000000000000000000000000005E
:10C2E000000000000000000000000000000000004E
:10C2F000000000000000000000000000000000003E
:10C30000000000000000000000000000000000002D
:10C31000000000000000000000000000000000001D
:10C32000000000000000000000000000000000000D
:10C3300000000000000000000000000000000000FD
:10C3400000000000000000000000000000000000ED
:10C3500000000000000000000000000000000000DD
:10C3600000000000000000000000000000000000CD
:10C3700000000000000000000000000000000000BD
:10C3800000000000000000000000000000000000AD
:10C39000000000000000000000000000000000009D
:10C3A000000000000000000000000000000000008D
:10C3B0000000000000000000D41B8000040000000A
:10C3C00000080000B42280000400000008080000FB
:10C3D000782380000400000010080000C4278000BB
:10C3E000040000001808000030288000040000004D
:10C3F00020080000D8178100040000002808000071
:10C4000000D0810004000000300800001C148200ED
:10C4100004000000380800002838820004000000F2
:10C42000400800006C66830004000000480800001B
:10C43000ACAD830004000000500800000808840030
:10C4400004000000580800001C1A840004000000CA
:10C4500060080000982284000400000068080000C2
:10C460002C8A84000400000070080000D8BE8400FC
:10C470000400000078080000C0BF84000400000031
:10C480008008000010C38400040000008808000039
:10C4900078C9840004000000900800002C918400FA
:10C4A00004000000980800000C4C8200040000000A
:10C4B000A0080000FCD9840004000000A8080000C7
:10C4C00084E3840004000000B008000018EC84003D
:10C4D00004000000B80800000C19850004000000EA
:10C4E000C008000084C0860004000000C8080000E6
:10C4F0004466850004000000D008000010A28200FD
:10C5000004000000D8080000003B85000400000083
:10C51000E008000084B6850004000000E808000080
:10C52000E8B6850004000000F0080000CCBA8500E1
:10C5300004000000F8080000F8C8850004000000AE
:10C5400000090000B0BE82000400000008090000DD
:10C55000ACD485000400000010090000E09B8400BA
:10C560000400000018090000B8FB8500040000006A
:10C570002009000038E386000400000028090000BC
:10C580006CEA8600040000003009000028258600BF
:10C590000400000038090000F0C08600040000001C
:10C5A000400900003CC38600040000004809000068
:10C5B00018F98600040000005009000064FA8600A3
:10C5C000040000005809000044098700040000002E
:10C5D00060090000101387000400000068090000D3
:10C5E0001033870004000000700900005C3B8700E6
:10C5F0000400000078090000A0D9860004000000B3
:10C600008009000058DA8600040000008809000054
:10C61000B8608700040000009009000018E0860060
:10C620000400000098090000ACE48200040000004F
:10C63000A009000058EF820004000000A8090000D3
:10C64000E4F1820004000000B0090000C0F28200A2
:10C6500004000000B8090000D4D1870004000000E5
:10C66000C0090000D4D4870004000000C8090000FD
:10C67000BCD6870004000000D0090000F4D9870070
:10C6800004000000D8090000C0DA870004000000A0
:10C69000E0090000DCDC870004000000E80900007D
:10C6A000F8DC870004000000F009000088DD870046
:10C6B00004000000F80900007CE28700040000008C
:10C6C000000A0000CCE3870004000000080A000014
:10C6D000F4E5870004000000100A0000902688009E
:10C6E00004000000180A0000A40B830004000000EE
:10C6F000200A00007C0E830004000000280A0000CD
:10C700000819830004000000300A00005058880017
:10C7100004000000380A00002059880004000000CE
:10C72000400A0000D462880004000000480A0000AB
:10C730008469880004000000500A0000DC9888002A
:10C7400004000000580A00006846836941690BB57F
:10C7500003695A4651460EB44A46414606B4C36878
:10C7600082684168FEB40368C269EFF303810EB4C6
:10C770008269EFF3058106B4034801680029FED001
:10C780006846884714B000BD3C14000062B670478C
:10C7900072B6704704490840002803D003490A686C
:10C7A00002430A6070470000FFFF000000E100E064
:10C7B00004490840002804D003490A68C0430240E5
:10C7C0000A607047FFFF000080E100E0024909684D
:10C7D00090228858704700004414000002490968FC
:10C7E0009C2288507047000044140000DDBAADBBA5
:10C7F0000000000000000000000000000000000039
:10C80000000000000000000000000000024A116863
:10C810001060081C704700003C140000564857493F
:10C8200000220A500168564A0A40564F0F403F42C4
:10C8300006D15046004202D04046004229D1FEE7D0
:10C84000FC2141580A680F2313400F2BF1D0012B14
:10C8500001D00431F6E708314B4B13404B4CA34257
:10C8600006D100F0C1F8804600F0CAF88146E9E739
:10C87000474CA342E6D10B1F1B68464C23401824AB
:10C88000E3409C4600F0B0F8824600F0B9F88346D9
:10C89000D8E7414921224250374A40498958FF236D
:10C8A000194219D051683E4B194215D01168344BCA
:10C8B0001940D36A10E0A3420ED0C0460CE03949BB
:10C8C0008958194208D03849895819409942FAD1F3
:10C8D000364B11691942FCD049463F4204D1982396
:10C8E000CB581024E34001E0314BCB581C242340AB
:10C8F000002B01D000F092F840462E4908604846CF
:10C900002D49086050462D49086060462C49086052
:10C910002C490F602C4D2D490D602D482D490022CA
:10C9200004C08142FCD8043DAD46009DEC43102379
:10C93000DD41AC4210D1240CA400274D2C606B4685
:10C940001B1B2648264D2860002C05D01D6805605D
:10C9500004330430043CF9DC81B0224B1B490D68E0
:10C96000ED1A0D606C46E41AA54668460009000100
:10C97000854600F0D7FCFEE7000000181406000012
:10C98000FFFF0000000000F000FF0F00002A080079
:10C99000000E0800000000FFE00100000406000097
:10C9A00000003800180600000C060000001000000F
:10C9B0000804000044140000481400004C14000057
:10C9C000501400004014000000000800945C0100B6
:10C9D000BC5F01009C6601009C5C01008C7502003C
:10C9E000985C01000000010008680F220431024039
:10C9F000052AF9D1014A1040F746000000F0FFFF78
:10CA000008680F2204310240052AF9D18022104221
:10CA1000F6D0014A1040F74600F0FFFFFEE70000A5
:10CA200000487047BC5F010000487047FC5F010090
:10CA300000487047606001000048704708600100CE
:10CA400003F04ABA01238B402DE9F74FB3F5001FDD
:10CA500028BF4FF40013042B38BF04230330019385
:10CA600020F00304FFF7E0FF354B0022D3F800B0BD
:10CA700015469446134627E0D1F800A0A24522D3DC
:10CA800001F10807019E07EB0A08C6F10009C4EB93
:10CA9000080609EA0606BE4215D3DDF8049009F13E
:10CAA000FF3919EA070FCDF8009002D0F71B072FC6
:10CAB00009D9C4EB0A075F4505D2424635466FB136
:10CAC000BB4684460B46084641680029D4D13BB991
:10CAD0001C4A18461168013111602FE084460B464C
:10CAE000521B111B072909D918682A19401A08393D
:10CAF00018602951596851605A6022461968891A8C
:10CB0000072903D85A68CCF8042004E05A50A1F150
:10CB100008021A605B180C48002219685A60026803
:10CB20008A18026009480168083101608918084ABA
:10CB30001068814288BF116003F10800BDE8FE8FD4
:10CB4000F4030000F0030000140400004804000097
:10CB50000460010038B5194B50F8082C19680546D7
:10CB60008A1A1A60164BA0F108041A68083A1A606B
:10CB7000FFF75AFF02E0A34203D218464368002B96
:10CB8000F9D155F8082CA9188B4205D119685B68B2
:10CB90005218083245F8082C6360036803F1080254
:10CBA0008218A24207D155F8082C9B18083303605D
:10CBB0006368436000E04460002038BD1404000056
:10CBC0004804000010B500214022044605F04ADC6C
:10CBD000104B2360104B6360104BA360104BE3605D
:10CBE000104B2361104B6361104BA361104BE36149
:10CBF000104B2362104B6362104BA362104BE36235
:10CC0000104B2363104B6363104BA363104BE36320
:10CC100010BD00BF00000000F8370100F837010028
:10CC2000915C0100945C0100BC5F0100BC5F0100ED
:10CC30009C6601009C660100FCB60200FCB6020086
:10CC40008C6A0300FC0000000001000000000000EE
:10CC500000000000F0B52D4D91B06846FFF7B2FF1F
:10CC60002978002937D10898099C241A06D0224631
:10CC700005F0F8DB0898214609F06EDD22462449CC
:10CC8000244805F015DC244B00241C7001232B7074
:10CC9000224D09F091DC2B68002B33D01A78002A42
:10CCA00030D09F895E890CE02B681D4AD9891068B5
:10CCB0000AF076DC0134014630B1184B186806F0F2
:10CCC000B1DBA319BB42EFDB164B296818680122C0
:10CCD00006F0ECDB16E0144E317899B90A980B9CFB
:10CCE000241A06D0224605F0BDDB0A98214609F039
:10CCF00033DD08480D49224605F0DADB00232B70AE
:10CD00000123337009F058DC11B0F0BDFC030000C2
:10CD10009AFB8800553901001460010044040000AA
:10CD2000900400002C0400006C600100521E890079
:10CD3000014B1868704700BF945C010000207047E9
:10CD40002DE9F04F9DB00AA8FFF73CFFFFF7F0FF79
:10CD50000446FFF7F3FF0A9B0B9A0F99D21A0E9B1A
:10CD60000D9DC3EB01091199109B6E4ECB1A0C99C6
:10CD7000DFF80082C1EB050B93443268D8F800104D
:10CD800002F50052521A4A44D2185A44141924186F
:10CD90000994DFF8E4A1644C644F2268DAF800508B
:10CDA0006348AD183A680893C5EB020CCDF81CC077
:10CDB00005F07EDB089B09F57E71019303F57E7318
:10CDC00007339B0A07310BF57E72890A07320293FB
:10CDD0000823920A0091039359464B46554805F0A3
:10CDE00067DB336820683968DDF81CC00190039365
:10CDF00000F57E7003F57E730CF57E7601F57E728C
:10CE000007300733800A9B0A07320736B60A920AB0
:10CE10000290049348486346009605F049DB09995F
:10CE200005F57E7201F57E7307339B0A0732920A7D
:10CE300000932946099B414805F03ADB404B414F9E
:10CE40001968414805F034DB3968404B0A684646AA
:10CE50009A4203D03E4805F02BDB25E01A910B46A1
:10CE600004E015683948131D854203D11A461BABEF
:10CE70009A42F6D333681AAD009336482B461A927D
:10CE800005F016DB3B681A9AE91A3348D31A0A46AA
:10CE9000009305F00DDB33681A9A591B2F489B1A33
:10CEA0000A46009305F004DB2D4B1B684BB31A7840
:10CEB0003AB35989DD891A8901FB05F638354D43A6
:10CEC00006F57E7307339B128DE8280005F57E7307
:10CED00007339B1202932348334605F0E9DA2368AF
:10CEE000DAF80020991B9B185B1B03F57E7001F597
:10CEF0007E720730800A07320090920A1A4805F0C5
:10CF0000D7DA1A4B1D6809F081DD044609F078DD97
:10CF1000294603462246164805F0CADA1DB0BDE888
:10CF2000F08F00BF0460010014040000F40300004F
:10CF30008839010097390100D63901001B3A0100F8
:10CF4000F003000068600100563A01004B41545361
:10CF5000713A0100953A0100CC3A0100F13A010022
:10CF600044040000173B0100443B0100040400009E
:10CF70006C3B0100106001004804000008B57146D8
:10CF8000034805F095DA0120BDE8084009F0249E29
:10CF90009A3B010000487047186001002DE9F341F9
:10CFA00007460C4609F032DD10B909F035DD3AE0EC
:10CFB000002620460DF106016A46ADF8066000968F
:10CFC00007F103080AF072D9009D28F003084544D0
:10CFD00040F638039D4226D82DB328463146FFF748
:10CFE00031FD0446F8B13146009A05F03BDA009B6A
:10CFF000A781ED1AE218C8EB050802EB0803A3604D
:10D000006368013D62F3140363601B0C65F34F1307
:10D01000E380204609F0DEDC01232080A370BDF808
:10D020000630E38104E0044B00241A6801321A60E0
:10D030002046BDE8FC8100BF4C04000038B5044622
:10D04000E389590621D4A278013AD2B2A270002A0B
:10D0500027D1E27862B1134B204653F82250E98978
:10D060000AF0D4D928462146BDE8384006F0509A47
:10D07000DA0516D40C4B2046A360218809F0D4DCD5
:10D080002046BDE83840FFF765BD074B2046A3604A
:10D090002188A56B09F0C8DC2046FFF75BFD2C4614
:10D0A000CEE738BD50610100EFBEADDEF8B51F4ED2
:10D0B00001220D463068002102F0AAFF002108225B
:10D0C0000746306802F0A4FF022D014610D107EA9E
:10D0D000000414F4806406D0306821F480610022DA
:10D0E00002F096FF2C46FA041ED544F004041BE01F
:10D0F000052D10D107F40064D4F1010438BF0024D9
:10D10000BB0511D5306841F48061002202F080FF38
:10D1100044F0200408E035B9306829460522BDE80E
:10D12000F84002F075BF00242046F8BD000400005E
:10D1300029B9034B11461868072202F069BF7047EE
:10D14000000400002DE9FF470446FFF723FF236892
:10D15000C462032B03D1474B18680FF0EFD9236843
:10D16000A3F110020F2A04D804B0BDE8F04709F07B
:10D17000CF9B032B0FD1404AE36C22F00102934274
:10D1800009D1626C06339361636C4FF0FF321A6011
:10D1900004B0BDE8F087656CFFF7CAFD374E636CDD
:10D1A000F169C3EB000A3268354805F081D9A36CF8
:10D1B00021680093636C22460193A368314802936F
:10D1C000E36800270393E36C05F072D9E36904F187
:10D1D00010010093236A2C480193636A4FEA9A0A6C
:10D1E0000293A36AB94603930EC905F061D9A36BF4
:10D1F00004F12C010093E36B24480193236CB8469F
:10D2000002930EC905F054D9EB682148009395E8C4
:10D210000E0005F04DD9EB6905F1100100931D4892
:10D220000EC905F045D918E07A59D3070FD5FF2A62
:10D230000DD9194B9A4204D902F16243B3F5801F0C
:10D2400005D81648394605F033D909F101090437E4
:10D25000B9F10F0F08F1010801D8D045E4D13368C6
:10D26000002043F4806386E8180004B0BDE8F0476E
:10D2700009F0B29C00040000D1C080007060010081
:10D28000C63B0100DC3B0100113C0100443C0100B5
:10D29000733C0100913C0100F8370100AF3C0100F4
:10D2A000036810B5022B044603D0084B18680BF036
:10D2B000BDDE2046FFF746FF2368022B05D0034B57
:10D2C0001868BDE810400BF0F19E10BD000400008E
:10D2D000014B1868704700BFB46001002DE9F041B0
:10D2E00004464C200E46154698460AF0D1D807460B
:10D2F000A0B100214C2205F0B5D84FF4F0637B6358
:10D300004FF47A73FB631C233B640C237B6404237C
:10D31000C7F80C803E607D60BC60BB643846BDE8E9
:10D32000F081704710B515F04BFF15F059FF15F05F
:10D33000B3F816F005F8044615F06CF820461BF01B
:10D34000D9FCFFF787FC2046BDE8104009F0AE9AF3
:10D35000002301E0013340080028FBD1C3F1200085
:10D360007047C0177047431E23EA0000FFF7F9BF5C
:10D370004840FFF7F8BF22EA000208401043704718
:10D3800008B5FFF7F8FFC0B208BD2DE9F843DDF896
:10D39000208006460D4614469946002707E0E95DC1
:10D3A000E25D3046FFF7ECFF08F8070001374F4514
:10D3B000F5D1BDE8F8830379013BDBB2A3EB511350
:10D3C00000EB83008068D0F1010038BF0020704777
:10D3D00010F0010130B51AD002230122591E012498
:10D3E0009DB214FA01F1202D02D09C40013C01E0D5
:10D3F0004FF0FF3400FB02F52C40A14234BF8918E6
:10D4000011460133212B0A46E8D1084630BD0846B3
:10D4100030BD38B5054600F51770FEF3BDF70024A2
:10D420000AE004F1760005EB8000436813B1043094
:10D43000FFF304F70134A4B2B5F85831A342F0D891
:10D4400038BD2DE9F041061D9AB00446043130463E
:10D4500004321D46FEF384F60746002D30D02046E8
:10D4600001210AAA202305F10408FFF3FDF647B9BC
:10D4700020462946FFF368F60028D4BF002001208B
:10D4800000E001200021FFF773FF314605464246C8
:10D490003046FFF3FBF4012112AA20232046FFF3BC
:10D4A000E3F602AEE8B20AA912AA20230096FFF71B
:10D4B0006CFF63682046012132469B0000F0AEDA23
:10D4C0001AB0BDE8F081F0B5071D9BB004460431E9
:10D4D000384604321D46FFF3D9F4064625B320230F
:10D4E0000AAA01212046FFF3BFF630460021FFF7CC
:10D4F0003FFF2A1D064639463846FEF331F6012124
:10D5000012AA20232046FFF3AFF602ADF0B20AA91B
:10D5100012AA20230095FFF738FF636820460121F7
:10D520002A469B0000F07ADA1BB0F0BD2DE9F041ED
:10D53000B8B0154606468846FFF3C4F66A68044646
:10D5400002329300502B4FD8D8F8043003339B009D
:10D55000902B49D824A9FFF379F50746002844D039
:10D560006A6805F10801920026A804F0F7DED8F8F1
:10D570000420204669460332FFF368F5044600287C
:10D5800033D02846FFF3A2F66D686D01451B00E01D
:10D59000203515F11F0FFBDB20464146FFF306F651
:10D5A0003DB13846294600F079DA2046294600F098
:10D5B00075DA201D391DFFF39FF220463946FFF32F
:10D5C000C3F5002805DB204621463A460023FFF735
:10D5D0007AFF1DB12046694200F060DA30462146EC
:10D5E000FFF3E4F5012000E0002038B0BDE8F08151
:10D5F00008B528B1FFF36AF6D0F1010038BF00206A
:10D6000008BD2DE9F0410446ACB00D461646FFF3C7
:10D6100059F66B6862682B94B2EB430F01D3201D5F
:10D6200008E001210022DB00FFF3CAF42B90002860
:10D630004ED00430291DFFF3DBF23046FFF7D8FF50
:10D640000121FFF795FE20230BAA012180462046E9
:10D65000FFF30AF62B981BAD201A18BF01200121F9
:10D66000FFF786FE2B9907462046FFF39FF5012121
:10D6700013AA20232046FFF3F7F5F8B213A90BAA4B
:10D6800020230095FFF781FE01212A462023204612
:10D69000FFF3EAF5324620462B99FFF747FF06468F
:10D6A000B8B1012123AA20232046FFF3DDF503AE04
:10D6B0005FFA88F023A92A4620230096FFF765FE2B
:10D6C0003246204601212023FFF3CEF5012600E05B
:10D6D00006462B9B9C4202D02BA8FFF3AFF53046A9
:10D6E0002CB0BDE8F0812DE9F74FD2F804A00779FE
:10D6F0005FFA8AF991F80480144600F1080609F1EE
:10D70000FF390D4630460021BA005FFA89F9083426
:10D7100004F0A8DE013F08F1FF3104EB890B6FEA4A
:10D720000909C9B24FEA8909FFB208354FEA8808EA
:10D7300005EB8105CDF80490002306EB8706C8F1C0
:10D74000000900211DE05FFA8AF84FEA88085C466C
:10D75000C8EB0608304600270DE03A46076854F843
:10D7600004C90023D2196F5843F10003E7FB0C23CF
:10D7700040F804291F464045EFD101980439335041
:10D78000043E4945DFD10020BDE8FE8F2DE9F04F72
:10D79000BDB088464699D0F80C900C1D856803945E
:10D7A00000684C6808F10401049109F10401059135
:10D7B0000790114628461A460023FFF794FF98F871
:10D7C000042099F804302E790892002109F108000C
:10D7D0009A000835069306F1FF3A04F043DE0398F9
:10D7E00005EB8A0AA50040194FEAC40B0A90CBEB5F
:10D7F0000A0B5146A4460020AE462BE00B68079A60
:10D800000A9F53430E4609932546002002910EE0DD
:10D8100057F8043931680B93002342180B98099983
:10D8200043F10003E1FB002346F80429184615F1F3
:10D83000FF35EDD20299A5004D1B07E01E680023BD
:10D84000821943F1000345F804291846AB452B46DD
:10D85000F4D304391CF1FF3CD0D2059A069B7546DF
:10D8600002EB8306CBF80000CEEB0A0A2246002327
:10D8700003E05AF80310F150043B013A971CF8D129
:10D880000021D9F80800FFF773FD0599039A0746B0
:10D890000498FFF3FBF202212B4640460CAAFFF34B
:10D8A000E3F40498089900EB810303E056F8042997
:10D8B00043F8042914F1FF34F8D202211CAA2B46A4
:10D8C0004046FFF3D1F42CACF8B21CA90CAA2B46AD
:10D8D0000094FFF75AFD4046022122462B4600F0F5
:10D8E0009DD800203DB0BDE8F08F2DE9F04F0446F3
:10D8F0008BB0184609921F460891FFF3E3F47B684A
:10D9000004F5AC7206929B00002200250590A4F855
:10D91000582107932E4668E004EB8609D9F80410D5
:10D92000002960D00698FFF3D7F0804600285AD12E
:10D9300001214246079B0598FFF342F305F1200AB7
:10D9400004EB8A0ACAF85C01D9F8040004EB8503E9
:10D95000C3F85C01FFF7FCFCC0F11F00C0B20490EB
:10D960000999DAF85C01FFF321F4C146DDF810A053
:10D9700032E04FF0010B05F1200884F860B204EBAF
:10D980008808D8F85C1104F5177C60460A460B46F7
:10D99000CDF80CC00097FFF7F9FE049ADDF80CC033
:10D9A00053B2C9EB03030BFA03FB04EB86035B687A
:10D9B0001BEA030F0AD0002384F86032D8F85C1108
:10D9C0006046089A0B460097FFF7E0FE0AF1FF3A1F
:10D9D0005FFA8AFA09F101091AF0800FC9D00135FE
:10D9E000EDB2A4F858510136F6B294F84431B3427E
:10D9F00092D801200BB0BDE8F08F2DE9F04F83469F
:10DA0000ADF52F7D18461C4689469246FFF35AF421
:10DA1000676801258046BE0000212422A1A804F0E9
:10DA200021DD2946002233464046A195FFF3C8F286
:10DA3000294600223346AB904046FFF3C1F2294607
:10DA400000223346AC904046FFF3BAF202217B1924
:10DA50008B40AD90A1AA4046FFF3B2F2AA90AB98DA
:10DA600000F008D8267904F10805013EF6B255F811
:10DA7000260010F0010000F093804946AA9A234640
:10DA8000AC98FFF32DF72346AB99AA9AAD98FFF314
:10DA900027F755F82600FFF79BFC002105464FF4B9
:10DAA0001E7203A804F0DEDC05236A4221469AA810
:10DAB0008DF80C30FEF37CF4514603A8FEF3DEF340
:10DAC000234603A8AC99AD9AFFF70FFF9DF850715C
:10DAD00007F1FF381FFA88F80FFA88F3002B4FDBA5
:10DAE00003A800EB8303596859A8FEF3BBF61F286F
:10DAF00046D803A901EB8003D3F8DC11AD98FFF3FE
:10DB000055F3C8F1000800252DE0AD9901238DF8EB
:10DB10006C329AA80A460B460094FFF737FEBB1EEC
:10DB20001BB203A8EA18C3185B1993F804313146F5
:10DB300001369942E9DB00EB8203596891B1002379
:10DB400059A88DF86C32FEF38DF61F2818D803A95A
:10DB500001EB8003AD990094D3F8DC219AA80B4621
:10DB6000FFF714FE013D45454FF00006D7D19AA8B6
:10DB70005946AD9AAB9B8DF86C620094FFF706FE98
:10DB800003A8FFF746FCACA8FFF358F3ADA8FFF3DA
:10DB900055F3ABA8FFF352F3AAA8FFF34FF301200C
:10DBA0000DF52F7DBDE8F08F2DE9F04FB3B0039058
:10DBB00018461C468A469346FFF384F3D4F8049033
:10DBC000012509F10107BF0080464FEA89060021BF
:10DBD0003A4605A804F046DC294600223346404672
:10DBE0000595FFF3EDF12946002233462E9040467D
:10DBF000FFF3E6F12946002233462F904046FFF31B
:10DC0000DFF129460022334630904046FFF3D8F139
:10DC100002213B46319005AA4046FFF3D1F12D90F9
:10DC20002E98FFF327F7267904F10805013EF6B296
:10DC300055F82600DAF8047010F0010000F08B802F
:10DC400051462D9A23462F98FFF34AF62E992D9A86
:10DC500023463098FFF344F655F82600FFF7B8FB4B
:10DC60007F014242214626A8FEF3A2F3013F01E0D4
:10DC7000A6F12007BEB258463146FFF79CFB0028AC
:10DC8000F6D109F1FF393FB20BF1080AA9EB67178A
:10DC90005AF82700FFF75CFB361A3BE03099012564
:10DCA0000A460B4626A88DF89C500094FFF76EFD9F
:10DCB000294616AA20233098FFF3D6F230994FF068
:10DCC00000080B462F9A26A88DF89C800094FFF739
:10DCD0005DFD1EAA294620233098FFF3C5F206F009
:10DCE0001F0015FA00F0A9EB67175AF827304146D4
:10DCF0001840FFF73DFB0EAFC0B216A91EAA2023A5
:10DD00000097FFF742FB309829463A462023FFF35D
:10DD100085F6013EB6B237B2002FBFDA0023039971
:10DD2000309A8DF89C3026A82E9B0094FFF72EFD8C
:10DD300026A8FEF331F32FA8FFF380F230A8FFF3FB
:10DD40007DF22EA8FFF37AF22DA8FFF377F231A827
:10DD5000FFF374F2012033B0BDE8F08F2DE9F04FEE
:10DD6000BFB0039018461D4689469246FFF3AAF2BB
:10DD70006E6802230124B60000278DF8F7300A23CD
:10DD80003C9321463A463346804637973B978DF879
:10DD9000F640FFF315F121462D903A4633464046B2
:10DDA000FFF30EF121462E903A4633464046FFF3EC
:10DDB00007F102212F903A4633464046FFF300F127
:10DDC000214630903A4633464046FFF3F9F021466B
:10DDD00031903A4633464046FFF3F2F02146329006
:10DDE0003A4633464046FFF3EBF0214633903A463D
:10DDF00033464046FFF3E4F0214634900DF1F6023D
:10DE000023463398FFF30AF621460DF1F702234625
:10DE10003498FFF303F621463A4633464046FFF373
:10DE2000CFF0214635903A4633464046FFF3C8F0DE
:10DE3000214636903A4633464046FFF3C1F021462C
:10DE400038903A4633464046FFF3BAF021463990BF
:10DE50003A4633464046FFF3B3F021463A903CAA97
:10DE600023463098FFF3DAF530982B4602462946D0
:10DE7000FFF729FB03992A462D98FFF7C2FB2B4693
:10DE800030992D9A2E98FFF32BF52E992A462F982C
:10DE9000FFF7B7FB2E982F9A01462B46FFF7D1FAD2
:10DEA0002E98FFF7A5FB2146FFF762FA2946844624
:10DEB000349A2F982B46CDF808C0FFF704FB2E9913
:10DEC0002F9A2B463198FFF76FFE4A462B46309922
:10DED0002E98FFF305F52E9829460246FFF374F2BB
:10DEE00051462E9A2B463598FFF3FAF452462B46AC
:10DEF0002E982946FFF7E7FA484629462F9AFFF35E
:10DF000063F22E982F9A01462B46FFF3E9F42F98DF
:10DF10003399319A2B46FFF794FA2E992F9A2B4674
:10DF20003698FFF3DDF4202321461DAA3598FFF330
:10DF30009BF12023214625AA3698FFF395F1DDF8C1
:10DF400008C00DF1540B5FFA8CF01DA925AA3346C9
:10DF5000CDF800B0FFF719FA334621465A4640463D
:10DF6000FFF32EF02A46014637902E98FFF749FB23
:10DF70002E98379A01462B46FFF3B2F44946379A5A
:10DF80002B462F98FFF3ACF42E982F9A01462B4680
:10DF9000FFF757FA524639982E992B46FFF751FA58
:10DFA00030992D9A2B462E98FFF39AF42B462E99F2
:10DFB000379A3898FFF394F438992A462E98FFF749
:10DFC00020FB2E98389A01462B46FFF389F44946E8
:10DFD000389A2B462F98FFF383F42E982F9A0146F8
:10DFE0002B46FFF72EFA52463A982E992B46FFF70A
:10DFF00028FA339A2B462E982946FFF764FA2E9872
:10E000002146FFF34BF52E982B4602463999FFF730
:10E01000CBFD2E98FFF7ECFA214681462E98FFF3B0
:10E02000AFF2214640EA0900FFF7A2F921468146F6
:10E030001DAA20233998FFF317F15FFA89F92023ED
:10E04000214625AA3A98FFF30FF148461DA925AAB3
:10E050003346CDF800B0FFF798F921465A463346CB
:10E060004046FEF3ADF720233B9021461DAA37988A
:10E07000FFF3FAF02023214625AA3898FFF3F4F0A5
:10E080000DF1140A48461DA925AA3346CDF800A073
:10E09000FFF77BF92023284621461DAAFFF3E4F071
:10E0A00006F1FF393EAB994419F8843C03F00303B1
:10E0B000032B03D0444804F0FBD954E03A464046D1
:10E0C00021463346FEF37CF73B4680462946339A89
:10E0D0002E98FFF7B6F92E980221FFF3DFF42B46B6
:10E0E0003B992E9A4046FFF75FFD21461DAA20234B
:10E0F0000398FFF3B9F025AA202321464046FFF3F9
:10E10000B3F019F8840C19F8641C00F0010001F058
:10E110000101FFF72DF929462B46074642462E9866
:10E12000FFF7D1F921461DAA20234046FFF39CF0BA
:10E13000214625AA20232E98FFF396F00AEB060528
:10E14000F8B21DA925AA33460095FFF71EF921460E
:10E15000524633464898FFF361F4499821462A46CF
:10E160003346FFF35BF42DA8FFF368F02EA8FFF30E
:10E1700065F02FA8FFF362F031A8FFF35FF030A83D
:10E18000FFF35CF032A8FFF359F033A8FFF356F029
:10E1900034A8FFF353F035A8FFF350F036A8FFF38F
:10E1A0004DF037A8FFF34AF03BA8FFF347F038A83B
:10E1B000FFF344F039A8FFF341F03AA8FFF33EF033
:10E1C00000203FB0BDE8F08FE93C010000487047F7
:10E1D000883D010000487047103D0100004870472D
:10E1E0004C3D010000487047C43D0100012801D1A9
:10E1F000FFF7F0BF022801D1FFF7F0BF032801D1DC
:10E20000FFF7F0BF042801D1FFF7E0BF00207047FF
:10E2100000487047DC60010000487047305D010035
:10E22000014B43F82010704750610100034B53F835
:10E230002000431A584240EB030070475061010030
:10E2400042893C2928BF3C21034691422CBF084605
:10E25000104698817047000000F13402342A08B556
:10E26000034606D905482021054A04F061D9034830
:10E2700008BD044A434252F8230008BD3061010042
:10E280007F3E01000CA2880038B5049C1D467CB17D
:10E29000FF2B0DD002B95BB96B1C2070A1706370AD
:10E2A00025B11146E01C2A4604F058D803356419FC
:10E2B000204638BDC0F3804070470000044B00F496
:10E2C0004032134303420CBF00200120704700BFBF
:10E2D000D091540038B50546FFF7F0FF38B10B4B2D
:10E2E0002B4033B915F4900418BF182402E00446FB
:10E2F00000E01024284605F0BDDF20B1034B2B4081
:10E30000002B18BF1024204638BD00BFC4D1040024
:10E3100000487047685D010000487047785201006E
:10E320000020704708B5FFF7F3FF4178027801231A
:10E3300013FA01F113FA02F20A4381788B4042EAA0
:10E34000030008BD2DE9F7434FF0000804460F46CF
:10E35000164699464546012303FA08F313EA090FC6
:10E360002BD063692046222B0ADDE3695A0607D5C4
:10E3700040F6270100220EF0AFDA0146204600E009
:10E3800000214FF4C4620EF047D9C0F800806369E1
:10E390002046222B0ADDE3695B0607D540F62701FC
:10E3A00000220EF099DA0146204600E0002140F2FA
:10E3B00024620EF031D903681D4308F10108B8F159
:10E3C0001F0FC8D19DF828304BB145B101230093F0
:10E3D00020462B4639463246FFF7B4FF0543284610
:10E3E000BDE8FE83816838B540F63C039942044697
:10E3F00028D1C3680B2B03D84FF0A871994001D4E2
:10E400000C2B1FD949F218239A4205D049F64043F4
:10E410009A4217D10C4D00E00C4D63692046222B27
:10E420000ADDE369590607D540F6270100220EF000
:10E4300053DA0146204600E0002140F2DC620EF093
:10E44000EBD8056038BD00BF99010100B60101009D
:10E4500038B543690446222B0ADDC3695D0607D53A
:10E4600040F6270100220EF037DA0146204601E08F
:10E47000204600214FF4C0620EF0CED80568204639
:10E4800005F07C05AD08FFF747FF03E08378AB425A
:10E4900007D00C3010B10388002BF7D12046FFF7CE
:10E4A0003FFF03884FF47A70584338BD70B5044677
:10E4B00016460D460AF0B0DD94F86023094B00289B
:10E4C00018BF0123012A94F8682308BFD4F85C33ED
:10E4D000012A0CBFD4F864236FF000422B60326035
:10E4E00070BD00BF0100820E2DE9FF471D46436944
:10E4F00090460022222B044689460292039209DDAF
:10E50000C3695F0606D540F627010EF0E5D901463E
:10E51000204601E0204600214FF4C4620EF07CD872
:10E520000560236A20460C2B636916DD222B0ADD69
:10E53000E3695E0607D540F6270100220EF0CCD92C
:10E540000146204600E000214FF4C5620EF064D879
:10E5500007683F0CBF05BF0D14E0222B0ADDE369FD
:10E56000590607D540F6270100220EF0B5D901461D
:10E57000204600E000214FF4C5620EF04DD8076838
:10E580003F0AFFB20123AB400026204649464246DF
:10E590000096FFF7D7FE0546012212FA06F32B423A
:10E5A00007D00092204649464246FFF7CBFE25EAB7
:10E5B000000501361F2EEFD1204602A903AAFFF75E
:10E5C00075FF029B002625EA030A35460123AB406E
:10E5D00013EA0A0F08D0204649464246EBB2FFF73D
:10E5E00083FF864238BF064601351F2DEED1B81C89
:10E5F000801904B0BDE8F0872DE9F041069E04467D
:10E6000015461F46FFF78EFE002870D010EA060858
:10E6100000EA07072CD063692046222B0ADDE36954
:10E620005A0607D540F6270100220EF055D90146BB
:10E63000204600E0002140F21C620DF0EDDF63692E
:10E640000646222B20460ADDE3695B0607D540F625
:10E65000270100220EF040D90146204600E00021AB
:10E6600040F21C620DF0D8DF036843EA0803336010
:10E67000002F2BD063692046222B0ADDE3695E065A
:10E6800007D540F6270100220EF026D90146204684
:10E6900000E000214FF4C3620DF0BEDF636906465F
:10E6A000222B20460ADDE369590607D540F62701EB
:10E6B00000220EF011D90146204600E000214FF45F
:10E6C000C3620DF0A9DF03681F433760079B9A03FD
:10E6D00005D4BDE8F0810A2008F0C8DB01E040F273
:10E6E000DD54D5F8E0319B0301D4013CF3D1BDE802
:10E6F000F081F7B51E4643690446222B0F461546A6
:10E700000BDDC3695A0608D540F6270100220EF03A
:10E71000E3D800970146204602E0009720460021FA
:10E720004FF0FF334FF4CA620EF026DC6369222BF0
:10E730000CDDE3695B0609D540F62701204600227F
:10E740000EF0CAD800960146204602E00096204608
:10E75000002140F254622B460EF00EDCFEBDF7B5F0
:10E760001E4643690446222B0F4615460BDDC3693E
:10E770005B0608D540F6270100220EF0ADD80097C1
:10E780000146204602E00097204600214FF0FF336B
:10E790004FF4CB620EF0F0DB6369222B0CDDE369F2
:10E7A000590609D540F62701204600220EF094D8DC
:10E7B00000960146204602E000962046002140F2E5
:10E7C0005C622B460EF0D8DBFEBDF7B51E464369F2
:10E7D0000446222B0F4615460BDDC369590608D5A2
:10E7E00040F6270100220EF077D800970146204618
:10E7F00002E00097204600214FF0FF334FF4CC6237
:10E800000EF0BADB6369222B0CDDE3695A0609D5E9
:10E8100040F62701204600220EF05ED80096014601
:10E82000204602E000962046002140F264622B461A
:10E830000EF0A2DBFEBD436913B5222B04460DDDAD
:10E84000C3695B060AD540F6270100220EF044D8C2
:10E850004FF4806301460093204604E04FF4806348
:10E860000093204600214FF4C0620EF085DB1CBDF2
:10E870002DE9F04F013AD2B2082A85B004469A46F3
:10E8800015D8374B9E5C374B9F5C374B13F8029083
:10E89000364B9B5C0393364B13F802B0354B9B5CB5
:10E8A0000293354B13F80280344B9D5C07E0002542
:10E8B000A8460295AB460395A9462F462E466369A6
:10E8C000222B0DDDE3695B060AD540F627012046C1
:10E8D00000220EF001D8CDF800900146204603E05A
:10E8E000CDF80090204600214FF0FF334FF4CB626B
:10E8F0000EF042DB6369222B0FDDE36958060CD56D
:10E9000040F62701204600220DF0E6DF07EA0A0361
:10E91000B34001460093204605E007EA0A03B340EE
:10E9200020460093002117FA06F340F25C620EF0D5
:10E9300023DB039B83B148FA0BF208EA0A0848FA82
:10E940000BFB2046029C2946A2400BFA04F305B0BB
:10E95000BDE8F04FFFF703BF05B0BDE8F08F00BF83
:10E960005C510100655101006E51010077510100B9
:10E9700080510100EC530100F851010001520100E7
:10E980002DE9F843044689460DF040DE0021064695
:10E9900020460EF0EBDB80462046FFF7B9FC074629
:10E9A00020460EF055DA4946054642463B78204659
:10E9B000FFF79AFD0B2302305843074B3146EB1803
:10E9C000B3FBF5F5454320460EF0D0DB0A23B5FB3B
:10E9D000F3F5A8B2BDE8F8833F420F0038B54369AC
:10E9E0000446222B0ADDC3695D0607D540F62701E0
:10E9F00000220DF071DF0146204601E02046002193
:10EA000040F214620DF008DE63690568222B20468F
:10EA10000ADDE369590607D540F6270100220DF00B
:10EA20005BDF0146204600E0002140F214620DF059
:10EA3000F3DD03689D4214D063692046222B0ADD72
:10EA4000E3695A0607D540F6270100220DF044DF9E
:10EA50000146204600E0002140F214620DF0DCDDAA
:10EA60000568284638BD38B51C461D68FFF7B6FF57
:10EA700003462360401B38BD2DE9F74300250446BB
:10EA80000F46164698469DF828900195FFF7A6FF79
:10EA9000019063692046222B0ADDE3695B0607D5F6
:10EAA00040F6270100220DF017DF0146204600E066
:10EAB00000214FF4C2620DF0AFDDB9F1010F006823
:10EAC00001D108B90EE050B9B8EB451F09D920466D
:10EAD0003946324601ABFFF7C6FF2D18D9E70020B3
:10EAE00000E001200B9B6D011D60BDE8FE832DE958
:10EAF000F04F002685B08046894692460396012550
:10EB000003AF40464946524643F698230095019785
:10EB1000FFF7B2FF044688B98DE8810040234046E4
:10EB200049465246DDF80CB0FFF7A6FF039B38B903
:10EB30009B445E4443F697239E42E0D9284600E07A
:10EB4000204605B0BDE8F08F2DE9F84399464369AA
:10EB50000446222B0E461546DDF82080099F0ADD6B
:10EB6000C3695A0607D540F6270100220DF0B4DE2E
:10EB70000146204601E0204600214FF4C3620DF01B
:10EB80004BDD03682046C9F800306369222B0ADD9B
:10EB9000E3695B0607D540F6270100220DF09CDEF5
:10EBA0000146204600E0002140F21C620DF034DDF9
:10EBB00003682046C8F80030D5F8E0313B60FFF725
:10EBC000B1FB0746002872D0D5F8E031990304D490
:10EBD000204631462A46FFF78AFF63692046222BEA
:10EBE0000ADDE3695A0607D540F6270100220DF039
:10EBF00073DE0146204600E000214FF4C3620DF0B1
:10EC00000BDD63690646222B20460ADDE3695B06BD
:10EC100007D540F6270100220DF05EDE01462046B2
:10EC200000E000214FF4C3620DF0F6DC0368FF43FF
:10EC30003B40336063692046222B0ADDE3695E06B0
:10EC400007D540F6270100220DF046DE014620469A
:10EC500000E0002140F21C620DF0DEDC6369064634
:10EC6000222B20460ADDE369590607D540F6270125
:10EC700000220DF031DE0146204600E0002140F286
:10EC80001C620DF0C9DC036840F2DD541F403760A0
:10EC900002E00A2008F0EAD8D5F8E0319A0301D55D
:10ECA000013CF6D16420BDE8F84308F0DF98BDE8E8
:10ECB000F88337B5044601AB4FF400616A460EF0A5
:10ECC00063DA63692046222B0ADDE3695D0607D516
:10ECD00040F6270100220DF0FFDD0146204600E04E
:10ECE00000214FF4CE620DF097DC056815F000535B
:10ECF00016D063692046222B0ADDE369590607D541
:10ED000040F6270100220DF0E7DD0146204600E035
:10ED100000214FF4CE620DF07FDC0560012500E09C
:10ED20001D4620469DE806000EF04CD928463EBD03
:10ED300070B504460E460DF069DC002105462046FC
:10ED40000EF014DA314602462046FFF781FB2946D1
:10ED5000064620460EF00ADA304670BD014B1860B8
:10ED6000704700BF94610100F8B5484F04463A6807
:10ED7000002A40F089804369222B09DDC3695B06C4
:10ED800006D540F627010DF0A7DD0146204601E03B
:10ED90002046002140F214620DF03EDC63690568F4
:10EDA000222B20460ADDE3695E0607D540F62701DF
:10EDB00000220DF091DD0146204600E0002140F2E6
:10EDC00014620DF029DC03689D4214D0636920466B
:10EDD000222B0ADDE369590607D540F627010022F8
:10EDE0000DF07ADD0146204600E0002140F2146279
:10EDF0000DF012DC056842F2107008F037D8636934
:10EE00002046222B0ADDE3695A0607D540F6270182
:10EE100000220DF061DD0146204600E0002140F2B5
:10EE200014620DF0F9DB63690668222B20460ADDC7
:10EE3000E3695B0607D540F6270100220DF04CDDA3
:10EE40000146204600E0002140F214620DF0E4DBB0
:10EE500003689E4214D063692046222B0ADDE369D1
:10EE60005E0607D540F6270100220DF035DD01468C
:10EE7000204600E0002140F214620DF0CDDB066870
:10EE8000751B642675433D603868F8BD94610100C8
:10EE90002DE9F74F0446884691461F460DF0E8DFFE
:10EEA0008346002840F0D98020460DF0AFDB59465C
:10EEB000824620460EF05AD9636905462D2B0CD1A7
:10EEC000D0F8F430B9F1000F02D023F0007301E064
:10EED00043F00073C5F8F430B8E02046FFF718FAA5
:10EEE000C37801269E4000F0B180B9F1000F5ED0DA
:10EEF00063692046222B0ADDE369590607D540F6EF
:10EF000027015A460DF0E8DC0146204600E00021CA
:10EF10004FF4C3620DF080DB036841463B6043EA77
:10EF200006070123009320463B462A46FFF70AFACC
:10EF300063690743222B20460ADDE3695A0607D599
:10EF400040F6270100220DF0C7DC0146204600E014
:10EF500000214FF4C3620DF05FDB414607602A4693
:10EF60002046FFF7C4FD4FF47A7007F07FDF40F2D0
:10EF7000DD5702E00A2007F079DF63692046222B83
:10EF80000ADDE3695B0607D540F6270100220DF094
:10EF9000A3DC0146204600E0002140F20C620DF0A7
:10EFA0003BDB0368334242D1013FE3D13FE03A68A3
:10EFB0009AB963692046222B09DDE3695F0606D50D
:10EFC00040F627010DF088DC0146204600E00021D4
:10EFD0004FF4C3620DF020DB026822EA060701232A
:10EFE000009320463B4641462A46FFF7ABF963694A
:10EFF000074337420CBF00260126222B20460ADD9C
:10F00000E369590607D540F6270100220DF064DCBC
:10F010000146204600E000214FF4C3620DF0FCDA07
:10F02000414607602A462046FFF761FD00E00126C1
:10F0300040F22D1702E00A2007F018DF2B6903F4D5
:10F040008053B3EB063F01D0013FF4D12046514637
:10F0500003B0BDE8F04F0EF0899803B0BDE8F08F23
:10F06000F0B589B004460D4606AA07AB4FF400611F
:10F070000EF08AD829462046FFF75AFE4FF47A76DA
:10F080000022B0FBF6F6134602212046FFF79DFB57
:10F0900000220746134600F00F0503212046FFF724
:10F0A00094FB4FF680733B40DF094FF4000320F0E0
:10F0B0007F42009303A804A9334603F09DDE05A810
:10F0C0000399049A1823774303F0DADE05B92D601B
:10F0D000059A4FF4006300934FF4805303A804A9EA
:10F0E000BA1893FBF5F303F087DE02A80399049A9C
:10F0F0000C2303F0C5DE20460699079A0DF062DF67
:10F10000029809B0F0BD10B504460DF0E7DE0146E7
:10F110002046BDE81040FFF7A3BF70B50446164671
:10F12000FFF7F1FF63690546222B20460ADDE369FC
:10F130005B0607D540F6270100220DF0CDDB014626
:10F14000204600E000214FF4CC620DF065DA042384
:10F150000360D6F864364FF47A70DBB2B5FBF3F592
:10F16000684370BD70B504460E460DF04FDA0021BD
:10F17000054620460DF0FADF314602462046FFF7ED
:10F18000CCFF2946064620460DF0F0DF304670BD24
:10F19000FFF7E8BF37B50446FFF7B5FF4FF400614E
:10F1A0006A4601AB054620460DF0EEDF002213460D
:10F1B00020460421FFF709FB00F47F40030A00B951
:10F1C0001B60B5FBF3F520469DE806000DF0FADE66
:10F1D00028463EBD70B504460E460DF017DA0021F4
:10F1E000054620460DF0C2DF314602462046FFF7B5
:10F1F0007EFC2046FFF78CF863690646222B2046EA
:10F200000ADDE3695A0607D540F6270100220DF012
:10F2100063DB0146204600E0002140F20C620DF065
:10F22000FBD9F378012111FA03F3026829461A4247
:10F230000CBF0026012620460DF098DF304670BD39
:10F2400070472DE9FF47836E002204460D46029267
:10F25000039263B1D0F8CC1000EB8101D1F8D40057
:10F26000216E884205D1606E9847814602E099463A
:10F2700000E0914620460DF0C9D900218246204683
:10F280000DF074DF02A9804603AA2046FFF70EF9AD
:10F29000029F00260396F7B13B4620462946424688
:10F2A0000096FFF74FF863693843222B02902046FF
:10F2B0000ADDE369590607D540F6270132460DF00D
:10F2C0000BDB0146204600E000214FF4C3620DF045
:10F2D000A3D9029B0360039EFEB10027334620465C
:10F2E000294642460097FFF72DF863693043222BE9
:10F2F000039020460ADDE3695A0607D540F6270148
:10F300003A460DF0E9DA0146204600E0002140F2DD
:10F310001C620DF081D9039B0360294642462046BA
:10F32000FFF7E5FB204651460DF020DFE36E5BB1B1
:10F33000D4F8CC2004EB8202D2F8D410226E914291
:10F3400002D1606E49469847BDE8FF8710B500229C
:10F350000C4608F0B1D8A0B90A4B1B688BB11A78DB
:10F360007AB1DA8994420CD8184604F0E1D820B179
:10F37000054B1A6801321A6010BD044B1A6801323D
:10F380001A6010BD44040000986101009C610100F6
:10F39000037E2BB14069D0F1010038BF00207047D7
:10F3A00001207047014B03EBC0007047A0610100D2
:10F3B000014B03EBC0007047C061010070B50C4603
:10F3C000164609F0B3DD80B100252846FFF7F0FFAF
:10F3D00003681BB980E85000184670BD0135EDB2D6
:10F3E000042DF2D14FF0FF3070BD4FF0FF3070BDF3
:10F3F0006FF01600704770477047000003682DE9F2
:10F40000F041C0F8203143680022C0F824318368FD
:10F41000C0F82831C368C0F82C310369C0F8303116
:10F420004369C0F834318369C0F83831C369C0F822
:10F430003C3100F59073534E1C69DF699559D3F840
:10F4400014C07D194FEAB41787EAF42787EA746776
:10F45000ED199F6927EA040704EA0C047C402C1983
:10F460008D1811F802C0EF78043247EA0C6795F85E
:10F4700001C0AD7847EA0C4747EA05256419DD610C
:10F48000DD68402A2544DD6093E8A01087EA0C0877
:10F4900008EA05080CEA070C88EA0C074FEAB50CE5
:10F4A0008CEA753C8CEAB5553D442C4443F8044D38
:10F4B000C1D100F1E00306F13C0500F120071A6913
:10F4C00055F8044FD9695E6961184FEAB21484EAAD
:10F4D000F22484EA726409199C69D3F85CC024EAB6
:10F4E0000204324062409E6B5C6A66444FEA744C90
:10F4F0008A188CEAF44C996D8CEA942434194FEAFA
:10F50000F11686EAB14686EAD10161185218D9612E
:10F51000D9688918D96093E8520084EA060C0CEA8D
:10F52000010C26408CEA06044FEAB10686EA7136E1
:10F5300086EAB1516118891843F8041DBB42BED157
:10F54000036842685918436A0160D31843608268AF
:10F55000836AD3188360C268C36AD318C360026920
:10F56000036BD31803614269436BD318436182690B
:10F57000836BD3188361C269C36BD318C361BDE8C1
:10F58000F08100BFC0540100F0B5034696100F464D
:10F59000002510E057F8044B01354FEA146C83F84E
:10F5A00000C04FEA144C83F801C04FEA142C83F8D2
:10F5B00002C0DC700433B542ECDB26EAE67312F0DD
:10F5C000030200EB83000AD051F8234018210023E6
:10F5D00034FA01F5C554013308399342F8DBF0BD24
:10F5E0000048704764540100D0F8B43170B5D318A6
:10F5F000934204460E461546C0F8B43104D2D0F802
:10F60000B0310133C0F8B031D4F8AC21AB183F2B86
:10F610000AD8A21802F5B67031462A4602F09EDEDC
:10F62000D4F8AC315D1925E0E2B1A0183146C2F141
:10F63000400200F5B67002F091DED4F8B831201D1A
:10F6400004F5B6719847D4F8AC31C3F14002403BA1
:10F65000B6185D1906E03146D4F8B831201D984738
:10F660004036403D3F2DF6DC04F5B67031462A4663
:10F6700002F074DEC4F8AC5170BD0000012910B571
:10F68000044640F8041B05D10A4B0B49C4F8B831B5
:10F69000142204E0094B0A49C4F8B831202202F0D0
:10F6A0005DDE0020C4F8AC01C4F8B001C4F8B401B8
:10F6B00010BD00BF0D430000C055010045400000D3
:10F6C000A0540100F8B5044600F5AA760D4600F5F1
:10F6D0008A7721463046142202F040DE30696649BE
:10F6E000726841183068331F01EBF061F06820EA5E
:10F6F000020CB06810408CEA0000091846F8041C9F
:10F70000687895F800C0000440EA0C6095F803C0E2
:10F710004FEAB20240EA0C0095F802C0043540EA14
:10F720000C2041189F42306146F8041C72601E464E
:10F73000D4D304F5827530694F497268411853F883
:10F740000409F76801EBF061B06827EA020710408E
:10F7500078400918376BF0694FEAB2027840B76C0D
:10F7600072607840376D78404FEAF0703061081869
:10F7700046F8040C043EAB42DDD804F1B4061A4648
:10F7800015693E495068691853F80459D76801EB68
:10F79000F561956845407D404919176BD5694FEA79
:10F7A000B0007D40976C50607D40176D7D404FEA02
:10F7B000F57515614D1942F8045C043AB342DFD87F
:10F7C00004F1640C1A4615692D49101D691853F887
:10F7D0000459C1C801EBF56186EA070505403740C9
:10F7E00085EA07068919D569166B4FEAB00075409E
:10F7F000966C50607540166D75404FEAF575156151
:10F800004D1942F8045C043A6345DCD804F114064F
:10F810001D691C49586869181D68DF6801EBF561AE
:10F820009D681A4645407D4049191F6BDD694FEAC6
:10F83000B0007D409F6C58607D401F6D7D404FEA59
:10F84000F57549191D6143F8041C043B9E42DFD342
:10F8500023685918216013686168CB186360536886
:10F86000A168CB18A360E1689368CB18E3602169B5
:10F87000D368CB182361F8BD9979825AA1EBD96E70
:10F88000DCBC1B8FD6C162CA30B5034685B00C46BE
:10F8900015466846194607F0B3DE20466946102D26
:10F8A000B4BF2A46102202F059DD05B030BD07F082
:10F8B000039F08B507F0ECDE002008BD38B504460C
:10F8C0000D46FFF78DFE0346E4B100222260626020
:10F8D0000122AA4001680A420AD100F114014069DC
:10F8E000024204D103F128019B6A1A420DD00B4653
:10F8F00004F1100063602560A0609B68294698476A
:10F90000002038BD6FF0010038BD6FF0160038BD23
:10F9100008B5436813B1DB688068984708BD08B52F
:10F92000436813B11B698068984708BD01380628F1
:10F930009ABF024B18560020704700BFD4550100F3
:10F94000F8B5044600680E461546FFF7EFFF00289D
:10F950004AD0D4F8AC218021A31883F86C11531C31
:10F96000A842B8BF0546382BC4F8AC3111D9A0184D
:10F9700000F5B6700021C2F13F02013002F072DDE5
:10F98000D4F8B831201D04F5B67198470023C4F8A7
:10F99000AC31D4F8AC210021A01800F5B670C2F14A
:10F9A000380202F05FDDD4F8B021D4F8B431D200CF
:10F9B00042EA5372DB00C4F8B021C4F8B431082223
:10F9C00004F5D27004F5D871271DFFF7DDFD384628
:10F9D00004F5B671D4F8B8319847304639462A460E
:10F9E000BDE8F840FFF7D0BDF8BD07280AD84FF0B2
:10F9F000C243834004D44FF0F053834004D401E069
:10FA00004020704700207047802070472DE9F04764
:10FA10000C46B0B090469A460746002846D00846A5
:10FA2000FFF784FF81462046FFF7DFFF504506467B
:10FA300007F1800513DA21462846FFF73FFF4146CC
:10FA400052462846FFF764FF284620A94A46FFF79A
:10FA500066FF4E45B4BFB246CA460DF1800800238A
:10FA600009E018F8032082F0360182F05C020DF8FC
:10FA70000310FA5401335345F3DB2AEAEA7A07E02C
:10FA800036230DF80A305C2307F80A300AF1010A20
:10FA9000B245F5DB21462846FFF710FF044638B98A
:10FAA000284669463246FFF733FF01E06FF0010454
:10FAB000204630B0BDE8F08710B18030FFF728BF96
:10FAC00070472DE9F843DDF8208004461546994635
:10FAD00061B10E46002707E032881AB120467168EE
:10FAE000FFF7EAFF01370836AF42F5DBB9F1000F47
:10FAF00009D0B8F1000F06D0204649464246BDE87D
:10FB0000F843FFF7D9BFBDE8F8832DE9F0478A46EF
:10FB100090B09046064600282BD0D0F8807000F1B7
:10FB200080043846FFF761FF81463846FFF7FEFE46
:10FB300005462A4620466946FFF7F1FE394620462B
:10FB4000FFF7BCFE204631464A46FFF7E1FE20465D
:10FB500069462A46FFF7DCFE204669462A46FFF73B
:10FB6000DEFE504669464545B4BF2A46424602F08D
:10FB7000F5DB10B0BDE8F087F0B51446ADF5337D88
:10FB800007460E461D4602A8234639463246FFF771
:10FB90003DFF044660B9BA9B02A800932946B89A73
:10FBA000B99BFFF78EFF02A8BB99BC9AFFF7ADFF88
:10FBB00020460DF5337DF0BD2DE9F04F93B01E9F2B
:10FBC00081468B4692461C461F9D002F68D0002D13
:10FBD00068D02BB1184602F0F1DC00F1010800E01A
:10FBE00098464846FFF7A2FE064600285CD0431E12
:10FBF000EB1893FBF0F3FF2B079355DC4FF6FF73E5
:10FC0000984551DC1D9A9A424EDC2B4BADF83420BE
:10FC1000002C08BF1C461C9B01220E9312AB03F85C
:10FC2000012D1093032300930023ADF82400ADF8B9
:10FC30003C2001930293A842D4BF049004955946F6
:10FC4000484652460BAB0C940A97ADF82C800397AC
:10FC5000FFF792FF044600282AD14FF0020819E06E
:10FC6000AD1B002D0A9723DD04230093002301938D
:10FC70000293BF1948465946524609AB8DF8478052
:10FC80000397B542D4BF04950496FFF775FF08F1BA
:10FC9000010860B9079A08F1FF339342E0DD07E0FD
:10FCA0003C4605E02C4603E06FF0160400E00446F5
:10FCB000204613B0BDE8F08F05EA89000B4B10B564
:10FCC0001A681C46904204D15A68914201D11846E4
:10FCD00010BD6369054A984206D190691432814289
:10FCE0000CBF1046002010BD002010BD6C5D01004F
:10FCF00073B504460CF0F6DE14237422204640F659
:10FD00000C410CF04FDE2046012104220DF030D8CA
:10FD10002046022104220DF02BD801250021204687
:10FD200040F61C624FF0FF3300950CF0A7DE112364
:10FD300000930021204640F618624FF0FF330CF08C
:10FD40009DDE41F2021300930021204640F644421A
:10FD50004FF0FF330CF092DEF32320464FF45E6148
:10FD60004FF0FF320CF01EDE0023204640F6F85123
:10FD70004FF0FF320CF016DE0023204640F6E4512F
:10FD80004FF0FF320CF00EDE0823204640F6EC5117
:10FD90004FF0FF320CF006DE0023204640F6E8511B
:10FDA0004FF0FF320CF0FEDDDB2320464FF45D61A7
:10FDB0004FF0FF320CF0F6DD0C220023204640F617
:10FDC00054410CF0EFDD284B00210093204640F613
:10FDD000BC524FF0FF330CF051DE244B2946009308
:10FDE000204640F6BC524FF0FF330CF047DE204B6C
:10FDF00002210093204640F6BC524FF0FF330CF036
:10FE00003DDE2A462B46204640F624610CF0CADD32
:10FE100040F6FF7300930021164E204640F6B45280
:10FE20004FF0FF330CF02ADE0021204640F6B85296
:10FE30004FF0FF3300960CF021DE4BF69823009331
:10FE40002946204640F6B8524FF0FF330CF016DE3C
:10FE500020464FF45C614FF0FF32334602B0BDE8FC
:10FE600070400CF09F9D00BF10111213141516174F
:10FE700018191A1B1032547613B50C4602B949B141
:10FE8000084913B10B681C4003E00B681C4324EACB
:10FE90000304224000920021702223460CF0BADBBA
:10FEA0001CBD00BFA404000013B5144642690A2A11
:10FEB0000FDD29B1012905D002290AD1842202E0EF
:10FEC000782200E07C220093002123460CF0A2DB84
:10FED00001E04FF0FF301CBD2DE9F04104460CF06D
:10FEE0007BDF00210A460B4607462046FFF7C4FF8A
:10FEF00000210A460B4606462046FFF7D5FF0022A2
:10FF00000546022120461346FFF7CEFFD4F878803D
:10FF100015E0D8F8083083B198F80420002AD8F802
:10FF20000C200CBF2846384600EA020012D03240AE
:10FF3000904202D0D8F800109847D8F81080B8F155
:10FF4000000FE6D1204641462A462B46BDE8F04147
:10FF5000FFF7AABF0028EDD1EFE74FF480307047DC
:10FF600038B500251D70D1F8CC304FF40061136016
:10FF70002A4604460DF0ECD8054638B1D0F8E031F9
:10FF8000DA0103D4204601210DF0BCDC284638BD3F
:10FF900073B504460DF02AD818B920460DF0D2D812
:10FFA00060B3204621466A460DF10703FFF7D8FFEC
:10FFB0000646C0B140F22D1502E00A2006F056DFD9
:10FFC000D6F8D431180706D4013DF6D103E00A2053
:10FFD00006F04CDF01E040F22D15D6F8D431590778
:10FFE00001D5013DF3D1204600210DF08BDC9DF8B9
:10FFF00007301BB9204600990DF0B8D87CBD10B56C
:020000041001E9
:10000000044607F0CDD82046FFF7C2FF012010BDFF
:10001000F0B585B004460D4617460DF093D800287C
:1000200000F09480A66E6EB1D4F8CC3004EB83035C
:10003000D3F8D420236E9A4203D1606EB0470646AF
:1000400000E000262046214602AA0DF10F03FFF72B
:1000500087FF002863D0082F61D8DFE807F0051478
:100060001C2735404A550D000095204600214FF4CD
:100070009C724FF0FF334EE00021009120464FF478
:100080009C720B4647E04FF0FF330093204600215F
:100090004FF49A723FE0002120464FF4EC720B4679
:1000A00000910CF0B7DA00F0010539E025B120230A
:1000B00000932046002103E00223009320462946B6
:1000C0004FF4E872222326E0002120464FF49A7272
:1000D0000B4600910CF09EDAC0F3C02520E0002111
:1000E00020464FF4E0720B4600910CF093DAC5B253
:1000F00016E0002120464FF49A720B4600910CF056
:1001000089DAC0F340250BE0EDB2009520460021CE
:100110004FF4E072FF230CF07DDA054600E0012584
:100120009DF80F301BB9204602990DF01FD8E36EE1
:100130006BB1D4F8CC2004EB8202D2F8D410226E3A
:10014000914204D1606E3146984700E0054628464A
:1001500005B0F0BD00487047C05D01000020704749
:1001600010B50C4641B18B6823B9C06F09680EF019
:1001700029DBA060A06810BDC06F10BD1FB5084A84
:1001800003460092074A08460192074A0749126847
:1001900002921A68064B02F0D5DB05B000BD00BF25
:1001A000145601004039010090600100E55501003E
:1001B0000856010008B1D0F888007047642910DCA7
:1001C000632921DA4A291FD005DC07291FDB08290A
:1001D0001ADD3C2912E0502916D018DB5C390329BE
:1001E00011E0C32904DCC2290EDAA83902290AE089
:1001F000B1F5847F08D003DCB1F5807F07D103E03F
:10020000A1F58971012902D86FF01600704700200E
:10021000704700207047C88810F0080018BF6FF0C2
:10022000160070474A6810B593424C8829DBE306F4
:1002300003D503681B7E002B26D1210703D5036855
:100240001B7E002B23D0A20602D5437E002B21D09B
:10025000630722D414F0030322D002994CF05EDE2F
:1002600000281FD0E10702D58379002B1DD114F09F
:1002700002041DD08379002B0CBF6FF00500002015
:1002800010BD6FF0010010BD6FF0040010BD6FF0E5
:10029000030010BD6FF00A0010BD6FF0160010BD16
:1002A000184610BD6FF01D0010BD6FF0060010BDA8
:1002B000204610BD37B50546900723D58C6A0CB390
:1002C000A168226963680905C3F30043117A44BF3A
:1002D00043F00203DBB211B1D2F8080101E0D2F819
:1002E00004017F228DE80C000022383004F13C012B
:1002F000134675F081DB2846214603B0BDE8304047
:100300007CF0E69F03B030BD2DE9F04F87B00023AD
:100310000F4610AC1599049305938046934694E8D4
:100320007002DDF850A04CF0F9DDB7F90630002B73
:100330001ADA1BF0010FB9883A890CD04900CDF8C0
:1003400000900196CDF80890CDF80CA0D8F81000D8
:100350000131334605E08DE86006D8F81000490009
:10036000234607F0B3FD0FE0032D0BD9042204A8A8
:10037000214601F0F3DF072D04D905A8211D042231
:1003800001F0ECDF6FF0160007B0BDE8F08F000061
:1003900038B50C4605460846484902F0D3DA4849C4
:1003A000204602F0CFDA4749204602F0CBDA464930
:1003B000204602F0C7DA4549204602F0C3DA444934
:1003C000204602F0BFDA2046424902F0BBDAD5F8F7
:1003D000340137F043DA20B9D5F8380139F0DEDAE4
:1003E00018B120463C4902F0ADDAD5F8340137F0B7
:1003F00035DA18B12046394902F0A4DAD5F83801C7
:1004000039F0CCDA18B12046354902F09BDAD5F83C
:1004100030013AF001DC18B12046324902F092DA9C
:10042000D5F8300105F0ACF918B120462E4902F09C
:1004300089DA20462D4902F085DAD5F84C0165F0BD
:100440004FDF18B120462A4902F07CDA2B6893F876
:100450003B301BB12046274902F074DA264920467A
:1004600002F070DA2549204602F06CDA2B6A18692E
:1004700009F020FC820707D52149204602F062DA04
:100480002046204902F05EDA20461F4902F05ADA7F
:1004900020461E4902F056DA20461D4902F052DA83
:1004A00020461C4902F04EDA20461B4902F04ADA87
:1004B0001A492046BDE8384002F0449A1D56010012
:1004C00021560100265601002B560100345601002A
:1004D0003D56010041560100465601004D560100AF
:1004E00057560100615601006A560100735601001B
:1004F00082560100875601008E5601009556010074
:10050000A1560100AA560100B7560100BC560100D1
:10051000C6560100CB560100D0560100D856010046
:1005200030B585B0054668460C4602F0F5D9284638
:100530006946FFF72DFF204605B030BD2DE9F04F8D
:1005400003F00103A9B004461493D4F87C34106975
:100550001B680E46C358D0F858131B7891460F936A
:10056000D4F88034B2681B681991C35808901B787E
:1005700009921593138860680B9303F00C039B0892
:10058000022B08BF0B9913930B9A0CBFC1F3C01336
:100590000023DBB21A9302F44073A3F540756B425B
:1005A00043EB050331461C93379F03F08DDA369BEE
:1005B00004300E9083B11B7A0B2B07D1236893F87C
:1005C000AD304BB136988379072B05D836990E9A02
:1005D00091F90F30D2180E92D4F8B031002B2DDAE9
:1005E000369B03B31B7A022B1FD194F8B022F2B9C9
:1005F0000898036D13F008031CD136998A79216895
:10060000D1F8B8108A4217D2032A15D90B2A13D869
:10061000B269900010D4339A012A0FD10E9B0120A9
:1006200008330E9304E0369A04E0002304E000202F
:100630000C9005E00C9203E00C9301E000210C917A
:10064000B568B389AA1F7633A5F176001D92B381F0
:1006500000217022B060189001F004DFB38BD90440
:1006600002D4B269520502D51B051B0D20E0D9F852
:100670000420A04B1340BBB10B9901F0FC03882B65
:1006800012D1099A1379D8070ED43398F289411EF2
:1006900002F007023298583209EB42028842D388AE
:1006A00006D1591CD18003E01399012906D111E02C
:1006B000139801280ED00021079102E01022079222
:1006C000002332981B019BB200F00F0209991343DB
:1006D000CB8201E000220792099BA068DA8AB38BE3
:1006E00023F47E6323F01F0343EA1213B38314F051
:1006F00003DA010703D5B38B43F40053B383349873
:10070000042808D12046089935F82A2C14F080DEF8
:10071000ADF8980019E03299339801F00F02B4F85F
:100720005A33411E329842EA0312884292B202D1F1
:100730000133A4F85A333499520147F6E073134059
:1007400001F007021343ADF8983099F8D7303BB960
:100750000B9A02F0FC03802B02D0089883791BB916
:10076000079941F020010791634B3B40002B40F07B
:10077000828007F04072B2F1807F00F08180139A8E
:10078000012A30D9B369DA062DD4002B2BDB96F978
:100790001F30002B27DB226A574BD2F8488008EA2B
:1007A000030323B908F04073B3F1807F03D10998A4
:1007B0000379DF0766D4D2F844804F4B08EA03037D
:1007C00023B908F04073B3F1807F04D109990B7904
:1007D00013F0010359D0099A1379D80703D4D9F833
:1007E0000830190705D599F8407007F07F07B8461B
:1007F00049E002238DF8863027AB0093D4F85C01E2
:100800001FAB494626AA7CF053DD0B98DDF87C80AF
:1008100000F0FC03482B209F01D0C82B0BD1414690
:10082000089800222AF0F4DE99F84070804607F01C
:100830007F07002308E0B369329943F00063B36196
:10084000D1F1010338BF0023BDF89C20D20703D5A6
:10085000B26942F40052B261226892F8E120BAB162
:10086000D4F8F8064946BDF8982005937CF0D4DA10
:10087000059B12900DE00022B8461292134608E044
:10088000B84603E04746002300E04746129300E0E5
:1008900012922268D4F8840492F84F2090F80CB099
:1008A00012F0030200F09C818278012A09D9216AA2
:1008B00091F94D10A1F1010EDEF1000141EB0E01A5
:1008C00000E00021012A5FFA81FA17D9226A92F921
:1008D0004D20013212D1D9F8042012F080420ED0FE
:1008E0000E300221059302F0E7DC021C18BF012242
:1008F000059B04E040000100FF0000C0002218F04A
:10090000407FD0B25FFA88F207D01F2A02D9202A8E
:1009100007D0553A072A04D91CE0A0498A56002A74
:1009200018DAB8F1000F15DB28F4801828F44078A5
:1009300018F0407209D0BAF1000F03D1B2F1807FF4
:1009400003D110B148F4801804E0BBF1010F08BFD7
:1009500048F4807817F0407FFAB207D01F2A02D9F6
:10096000202A07D0553A072A04D91BE08B498A561A
:10097000002A17DA002F15DB27F4801727F44077B9
:1009800017F0407209D0BAF1000F03D1B2F1807FA5
:1009900003D110B147F4801704E0BBF1010F08BF89
:1009A00047F48077B4F8582402F46052B2F5C05F7F
:1009B0002CD118F4E0221FD118F0407F17D0D9F8BD
:1009C0000420120313D5226892F83B2092B10898B4
:1009D00082797AB1D0F80821528E02F46052B2F5D1
:1009E000C05F0CBF4FF400324FF4803204E04FF48C
:1009F000803201E04FF4003218F0407F13D05FFAEC
:100A000088F1202908BF4FF400320CE05FFA88F229
:100A1000F9B2202A08BF4FF08078202908BF4FF094
:100A200080774FF4803227F4E02A17F0407F28F4D3
:100A3000E02848EA020818BF4AEA020A226A08BF08
:100A40004AF4803A516C564A0A40002A53D101F0C8
:100A50004071B1F1807F4ED018F0407F94F81C2295
:100A600004D0012A02D148F4000802E00AB928F4AF
:100A700000081AF0407F94F81C2205D0012A03D107
:100A80004AF4000A00F009BE002A40F006862AF463
:100A9000000A00F002BED9F80410C8032BD5D9F81B
:100AA0000810090627D5013225D118F0407F0FD054
:100AB0005FFA88F2A2F15701012909D9632A07D008
:100AC000642A05D0652A03D0662A18BF48F4800836
:100AD0001AF0407F0FD05FFA8AF2A2F15701012984
:100AE00009D9632A07D0642A05D0652A03D0662A6B
:100AF00018BF4AF4800A2046494605931AF060DC84
:100B000018F04072059B45D01599022908D108F4C8
:100B1000E02BABF50032D2F1000B4BEB020B01E006
:100B20004FF0000B5FFA88F21F2A04D8072A94BFFF
:100B3000002101210AE0202A06D0A2F1550107294F
:100B400094BF0021012100E00021C9B239B199F818
:100B5000FE1021B199F8FF10003118BF012118F4DF
:100B6000000F11911ED01F2A04D8072A8CBF002223
:100B7000012209E0202A05D0553A072A8CBF00221D
:100B8000012200E00122D2B2002A0CBF0246042258
:100B90000D9208E00D929346119204E058168900D8
:100BA000FF0000C00D901AF0407226D01AF4000F1A
:100BB00025D05FFA8AF21F2A04D8072A8CBF0022A8
:100BC000012209E0202A05D0553A072A8CBF0022CD
:100BD000012200E00122D2B2002A18BF04200EE058
:100BE00028F4E02827F4E02A48F480384AF4803AD0
:100BF00010920D929346119202E0109200E0109034
:100C000093B1089A3398D2F8301102EBC103C2B203
:100C1000C3F838210131089A01F03F01C3F834814B
:100C2000C2F83011C9F820A218F0407703D15FFA5A
:100C300088F31B9303E0404674F058DE1B90139832
:100C4000022800D088B9B4F868340E99994202DCC1
:100C5000B3695B010CD5099A1198137903F001036C
:100C6000002B08BF0120179004E01199179101E0B3
:100C7000119A1792236A597D41B10F9B33B12FB955
:100C8000884A5FFA88F3D356002B07DB236893F872
:100C90004F30980727D037B3159820B3339A012ADD
:100CA0000ED90F9B002B0CBF4FF0300A4FF0160AE5
:100CB000B3694AF4803A23F00063B361D04612E08E
:100CC00089B10F9878B167B908F07F03022B0AD079
:100CD000042B08D00B2B06D0162B18BF4FF0010B9E
:100CE00001E04FF0010B18F040710F911AD108F09C
:100CF0007F03162B16D86C4A9A4013D5149A62B10A
:100D00005FFA88F3022B0BD0D9F8103093F92C310D
:100D100013F1FF3318BF012300E0149B0D9301E092
:100D20000F980D901AF0407116911BD10AF07F03B5
:100D3000162B17D85C4A9A4014D5149A6AB15FFAF8
:100D40008AF3022B0CD0D9F8103093F92C2112F130
:100D5000FF3218BF0122109204E0169B109301E0AD
:100D6000169810901399D9F80430022908BFC9F8D1
:100D7000588113F480334AD094F80D32002B46D0BA
:100D800094F81132002B42D0159A032A30D00F9BD1
:100D90004BB908F07F03022B2CD0042B2CD00B2B4B
:100DA0002DD0162B2ED00998037913F001032BD1E7
:100DB0000B9901F0FC02882A29D1349A032A26D8FB
:100DC000B3691C9843F48053B361079B09990028C9
:100DD0000CBF18221E2243F4A04307938B5A23F022
:100DE00060031B041B0C43F020038B52012207E01D
:100DF00000230CE00F9808E00F990A9108E00F9A81
:100E00000A9205E00F9B02E000200A9000E00A939E
:100E10001D99204600910E9A41460B9B20F08CD9DB
:100E200022AF204651460E9A0B9B009720F084D9A2
:100E30000622A5F14000394601F090DA169A62B90F
:100E40000AF07F03162B08D8174A9A4005D50E9B47
:100E500005F83C3C1B0A05F83B3CB3690F995A0561
:100E600012D591B1369A22B1127A042A01D00B2AF6
:100E70001CD143F40063B361179894F8DA32002B65
:100E800018BF0120179011E081B9064A5FFA88F374
:100E9000D356002B0ADA15F8063C03F00F0314931F
:100EA00007E000BF581689000002102815F8062C2C
:100EB00014920B9BA42B14D009980379DB0710D450
:100EC0000A9981B9B36920465F05414602D517F0FA
:100ED00021DD03E00D9A359B20F008D9099A508056
:100EE00014E00A9B53B1414620460D9A40F62A135E
:100EF0001FF0DCDE099980B2023048800B9AA42AE8
:100F000004D10998438825F83A3C19E009990B79EE
:100F1000D90701D40A9A2AB1002305F83A3C05F80A
:100F2000393C0DE0B36920465A05514602D517F009
:100F3000F1DC03E0109A359B20F0D8D825F83A0C64
:100F4000B269930509D5B38C25F8343CF38C25F8A8
:100F5000323C079B43F400530793329818B9079922
:100F600041F00801079109980379DF0712D4D004F2
:100F700010D494F810320BB151060BD4520505D49D
:100F80001A9919B1199A92F828301BB9079B43F0A6
:100F900001030793924B34981399185C022915901A
:100FA0001CD1349A032A19D894F80D32B3B11B9B83
:100FB000042B13D9D4F8340136F062DA70B91998D9
:100FC000159900EB41039B8B13B1B3695B0505D504
:100FD000119A1AB9079B43F480530793236A18693F
:100FE00066F018DC00F46050B0F5C05F03D10798DC
:100FF00040F4807007900C9919B1079A42F40042AE
:101000000792079B25F8763C369810B394F8B032D7
:1010100013BB08990A6D12F0080221D1037A0B2B39
:1010200006D1236893F8AD30D3B18379072B14D858
:10103000369A93792268D2F8B82093420FD2B269D7
:1010400097000FD43698027B02F0070242EA03129F
:1010500003E03699079107E00022079204E000239D
:10106000079301E00020079010994B1EDBB2012B83
:1010700004D8079A42F400539BB20793A5F172007B
:101080000999022201F06AD9002305F8703C05F89D
:101090006F3C05F84A3C05F8493C369B002B2FD0A5
:1010A00094F8B032002B2BD10898036D180727D481
:1010B00036990B7A0B2B06D1236893F8AD30FBB130
:1010C0008B79072B1CD8369B9A792368D3F8B830D4
:1010D0009A4215D2B369990012D41C9818B909998B
:1010E00001F1180202E0099B03F11E021A9800B1F7
:1010F00002320023009320461899369B2EF078DCAC
:10110000099906220431A5F15000139101F026D966
:10111000BDF8983025F82A3CD4F84401089960F0CD
:10112000E7DC35F8303C80B243EA002325F8303C58
:10113000002305F8283C05F8273C05F8263C05F86F
:10114000253C05F8243C05F8233C05F8223C05F82D
:10115000213C05F8203C05F81F3C179A1AB9BBF151
:10116000000F01D1E1E09B460022414608982AF099
:101170004FDA00220690514608982AF049DA069B79
:10118000089013F04073189306D10699154BC8B216
:101190001B56002B03DA14E0069874F0A7DB023824
:1011A00018BF012070B1D9F8103093F92C31012B00
:1011B0000AD0079A42F480439BB2079301230C9311
:1011C00004E018980C9001E000210C91089B13F0AA
:1011D000407209D1D8B2034B1B56002B07DA1DE031
:1011E0006CE1880058168900089874F07FDB02389B
:1011F00018BF012078B1D9F8103093F92C31012BA8
:101200000BD0079801216FEA40436FEA53439BB22A
:101210000793119103E0119001E00022119235F83B
:10122000763CBBF1000F02D043F4006301E043F0D1
:10123000060325F8763CBBF1000F0CBF4FF0140CF1
:101240004FF00E0CA5F11E0362460093204606994E
:101250000B9BCDF814C01FF06FDFDDF814C024AF76
:1012600062460B9B2046089900971FF065DF3946C0
:101270000622A5F1480001F071D80C980D990E9A3C
:10128000A5F118030B930090019102920027594693
:10129000069A4346204603971FF06CDF25F8160C8C
:1012A000119B10980E990093019002912046594687
:1012B000089A534603971FF05DDF25F8420CA5F10D
:1012C0001400BBF1000F09D06FF03B0305F8183C88
:1012D00005F8177C099A02F10A010EE06FF04B0342
:1012E00005F8183C05F817BC1399062201F036D80A
:1012F000099BA5F10E0003F10A01062201F02ED888
:101300001498189A81B252B906989F4AC3B2D3561C
:10131000002B04DA15F81E3C03F00F0301E015F86A
:101320001E3C1B02194314911FE059460622A5F1E9
:101330001E0001F097D859461022A5F1180001F0BF
:1013400091D8A5F148005946062201F08BD805F83E
:1013500042BC05F841BCCDF820B0CDF818B0CDF8AE
:101360002CB0CDF844B0CDF830B0B3695A050FD5E4
:101370000F9969B128AB002223F8022D0093D4F80D
:101380003401494642460E9B36F096D805F8430C88
:10139000079B25F8743C149825F8640C1699B1F154
:1013A000807F0BD031B90AF07F03162B02D8774A21
:1013B0009A4001D4012002E0169800E00220069A2B
:1013C00080B202F04073B3F1807F0BD033B902F0EA
:1013D0007F02162A02D86D49914000D401239B0058
:1013E0009BB200E008230899184301F04073B3F161
:1013F000807F0BD033B901F07F02162A02D86349EF
:10140000914000D401231B019FB200E02027236AF2
:101410000743186966F0FED9C0B247EA002725F8ED
:10142000627C0F9AB2F1807F0CD032B908F07F0352
:10143000162B02D8554A9A4001D4012300E00F9B95
:101440009BB200E002230D98ADF89A30421ED2B252
:10145000012A09D843F01003ADF89A302368D3F875
:1014600088309A6901329A6141462046BDF89A70E7
:101470007EF080DCB3690743B9B21B01ADF89A1066
:101480000ED5236893F8E13053B1236A186967F0E9
:1014900099DB236A0DF19A011869129A67F0ACDBA7
:1014A000BDF89A30414625F86E3CB4F858242046E1
:1014B00027F09AD925F86C0C51462046B4F85824E8
:1014C00027F092D925F86A0C179911B9BBF1000FD2
:1014D0000FD00699B4F85824204627F085D925F86E
:1014E000680C08992046B4F8582427F07DD925F8CF
:1014F000660C0F9A4AB10D9B042B06D1204641463B
:101500000E9A1FF077DC25F8380C169848B1109920
:10151000042906D1204651460E9A1FF06BDC25F8AF
:10152000360CD9F80430580640F1AE801A9A002AD9
:1015300000F0AA801998159900EB41039B8B002BB2
:101540007BD0B369590500F19F80329A002A40F0A0
:101550009B800E9B204641460D9A1FF0A7DB0B9BFC
:101560000990ABB106990C9A204617F041D808991A
:101570000746119A204617F03BD80B99B1F802B0F4
:10158000BB4435F8427C1BE0581689000002102845
:101590000A9ABAB941460D9A0A9B20461FF0A6DD69
:1015A000099B514600EB030B109A0E9B20461FF03F
:1015B0007DDB51460746109A20460A9B1FF096DDB8
:1015C000C71902E0DDF824B00B9F1FFA8BF225F853
:1015D000702C25F84A7C1998159900EB41039B8BD8
:1015E0000998C3189B1A9BB21A0419D42046414685
:1015F0000D9A16F0FFDFFF2805D9B4F85A2490425F
:1016000038BF024601E04FF48072349992B204EB85
:101610004103B3F85C34934202D0204618F076D8E8
:10162000236893F84430002B2ED0349A032A2BD809
:10163000D4F8600115995A4623E0236893F84430A2
:1016400013B3349B032B1FD81A480B99C75C204651
:1016500039B10C9A069916F0CBDF0B9B5A88821889
:101660000CE041460D9A0E9B1FF020DB0D9A0546BB
:10167000414620460B9B1FF039DD4219D4F860012A
:1016800039464B4650F0F0D8B369BDF8980043F0A6
:101690008403B36129B0BDE8F08FD4F8842428F422
:1016A000800892F913202AF4800A012A7FF4F3A912
:1016B000FFF7FBB96CE1880070B50B6912B1547883
:1016C000032C01D8002212E04D6845F480744C6070
:1016D0005679012E8DBF24F4806445F4A0654D60D9
:1016E0004C605478052C2FD9062C03D1012283F8A5
:1016F000A42370BD147A14F0040F4C6814BF44F096
:10170000806424F080644C60147A04F00804D4F1FE
:10171000010438BF002483F8A4438B6823F004033A
:101720008B605478062C0FD9127AD2060CD5026839
:1017300043F004038B6092F80C21D00704D5920784
:101740005CBF23F004038B6070BD00002DE9F04FF7
:10175000B5B09A463F9B05460B2B894616463E9FE1
:10176000409C40F2E6800C3B04931AF07DDE0021A1
:10177000C8220590204600F075DE3146062220463C
:1017800000F0ECDDFA7ABB7A494643EA022303F023
:101790000302012AA4F86230E38808BF84F83420E9
:1017A000BAF1000F14BF4FF4807200221343E3809C
:1017B00028465BF09BDF60857A7A3B7A07F10C0B59
:1017C00043EA022307AFE385002128220DF14408F4
:1017D000384600F047DE2DAE00212822404600F0BA
:1017E00041DE4FF0FF3300210C223046ADF8CE3001
:1017F00000F038DE0DF1CE032F93049BBAF1000FF9
:101800000CBF4FF0600A4FF0700A8DE84800284680
:10181000002152465B462D97CDF8B8801CF0D6DAF1
:10182000002840F08680059B4246DEB2284604F13F
:10183000380339461FF0D0DBBDF8CE304FF6FF72CB
:10184000934217D05A1E92B2DE2A75D843F48052C2
:101850000E2B8CBF4FF440430023D5F8580143EAC8
:10186000020152F043D858B9D5F864319B889B05E2
:1018700006D461E0731E9BB2DE2BADF8CE605BD860
:10188000BDF8CE309E4203D1E28842F00202E280EF
:10189000EB1893F83C20494684F86120284652B260
:1018A0005BF0C8DEBDF8CE30A08543F480520E2B2D
:1018B0008CBF4FF4404300231343638600210C2266
:1018C00030A800F0CFDD1F4B0DF16C0830931E4B9C
:1018D000002128224046319325AF329500F0C2DD29
:1018E000BDF8CE300021202238468DF872301B948E
:1018F00000F0B8DD049BD5F894060293002152460F
:1019000030ABCDF8B080CDF894908DF8A4608DE820
:10191000800857F011D988B9608E431EDBB2DE2BE8
:101920000AD802F059DA00280CBF00206FF013002B
:1019300004E04FF0FF3001E06FF0130035B0BDE878
:10194000F08F00BF112A8200812B82002DE9F04F19
:10195000A5B00446D2F808A18B46154600212822DE
:1019600005A8984600F07EDD0FA80021282200F08F
:1019700079DDD4F86C3313B104F55B7008E02368AB
:1019800093F82F3073B9236A5B7D052B04D1694826
:1019900005A973F0EFDF05E0042B03D1204605A96C
:1019A0001FF066DD05AF3B460FAE204629460AF123
:1019B00038020DF16409009628F090DA0021242203
:1019C000484600F04FDD0021082222A81A971B96F6
:1019D00000F048DD94F84135CDF88C90DA0702D557
:1019E0002A6DD70708D49E0708D52B6D03F0060390
:1019F000023B18BF012302E0002300E0012322681C
:101A000092F84F2012F003020BD0D5F8EC2012F41C
:101A1000805205D19DF8BC10002908BF1A4600E08D
:101A2000002224AB03F8082D1FFA8BF600933246F0
:101A30000023D4F89406294657F056D82E9A00F180
:101A40000C0913680746994571D8404600210C22BD
:101A500000F008DDBAF82E30A8F80830AB7923B1D1
:101A6000012388F80A30002306E0D5F8EC2012F4B0
:101A7000803204D088F80A3088F80B3004E0022362
:101A800088F80A3088F80B202A6D40F2371313408B
:101A900043B195F858302BB1B8F80A3043F0100331
:101AA000A8F80A30236893F830306BB9236A1B68B2
:101AB000022B09D1BAF86230980605D5B8F80A3079
:101AC00043F02003A8F80A30236A5B7D43B194F801
:101AD00072342BB1B8F80A3043F48063A8F80A30A6
:101AE000236893F8A9305BB1D5F8EC30590407D4DA
:101AF000AB792BB1B8F80A3043F48073A8F80A30F8
:101B000022AB009308F10C030193D4F89406002350
:101B100029463246029756F055DFBBF1800F03D1BC
:101B2000D5F890301C9A5A612E9BC3F8009025B0CE
:101B3000BDE8F08FD40D89002DE9F04F4E688FB0CD
:101B40001746C6F3C0420C46D1F808A002920546DB
:101B5000002104A82822994600F084DC2369C6F3FA
:101B6000004B26F08646039326F4EA162AF08303F8
:101B70006660A360002F00F0BF803B7897F801807B
:101B800043EA0828A4F80081BB7884F8023146F4BF
:101B9000803363602B6893F84120B2B193F84230F0
:101BA0009BB146F4A026D4F82431666093F85D30EA
:101BB0007BB91AF4007F03D094F82430D90608D5F5
:101BC0002846214636F04EDC03E02846214636F012
:101BD0003BDC0622284621462DF05EDFA26812F08B
:101BE000006222D108F00C039B10012B94F8FE0038
:101BF00094F8FF1006D0032B09D043B9012284F8D2
:101C0000FE2001E084F8FE3084F8FF3003E084F821
:101C1000FE2084F8FF2094F8FE30834207D194F828
:101C2000FF60761A18BF012602E0002600E00126B8
:101C300018F4407F03D0636843F08043636018F07A
:101C4000010F03D0A36843F08003A36018F0200FB6
:101C500003D0A36843F00103A36018F0400F03D042
:101C6000A36843F00203A360A3680AF0030A03F029
:101C700003039A4518BF012618F0100F03D16368BB
:101C800043F48013636018F4804F03D0636843F01B
:101C900000736360C8F34008B9F1000F38D005F550
:101CA0003E7003304946162200F058DBB8F1000FB1
:101CB00003D099F80180C8F3800899F801301A0719
:101CC00003D5636843F08073636099F8023013F0C2
:101CD00008030ED0039A41F61001D2F8083140F6FD
:101CE00008425B8E03F44043B3F5404F14BF0B46EC
:101CF0001346A5F8DC320BE02846214606222DF0DB
:101D0000CBDE2846214636F09FDB3E46B84619E03A
:101D10001022F91C0DF1250000F020DBD5F88434E9
:101D200004A8997873F0E4DED5F86812284624F008
:101D300095DEFF230190002204A80093014613467C
:101D400073F05ADEBBF1000F11D0636813F48033D7
:101D500010D009AA0023E11812F8010F91F85110D0
:101D6000884206D10133102BF5D1002302E05B46F7
:101D700000E00123626802F48031C2F3004293451F
:101D800000D163B104F1510029B10DF125011022F8
:101D900000F0E4DA02E0102200F064DB0126B8F182
:101DA000000F03D0636843F400236360029B434544
:101DB00000D146B1D5F8843493F87B301BB928465E
:101DC00021467BF085DA0FB0BDE8F08F00F50661A3
:101DD0002DE9F041093104464AF0D6DF94F8723813
:101DE0000546002B74D0002872D06A21206948F083
:101DF000CFDC460006F114084146206948F0C8DCF3
:101E0000002207464146206949F004DB380406D425
:101E1000304831493A46BDE8F04100F0499BD4F8DA
:101E20008484012388F86D3198F828313BB1A0688B
:101E3000D8F8301111F044DE002388F8283120460C
:101E400029460CF0C2F998F81D3153B1012388F8E6
:101E50002831A068D8F83011D8F82421002311F0D7
:101E600009DE206906F1160148F092DCB4F87038FA
:101E700083422DD10022134679B22846D5F810614D
:101E80005BF094DC28465BF0D7DBAB798BB9D5F8F7
:101E90001421D5F80831128A5A852B7C4BB1D5F81C
:101EA000EC30990405D473791BB92846012144F01C
:101EB000E5DA0023B37194F80C22D6F8F0309A4298
:101EC00006D0284684F80C32BDE8F04124F04A9A46
:101ED000BDE8F0811B5A8900F14D89002DE9FF41D1
:101EE00004460D4616461F460A994BF017D8204661
:101EF000294632463B46FEF761F9B0F10008C0F2D0
:101F0000A18023685B7E4BB9206956F02BDC28B199
:101F1000A06811F0DBDD4FF0FF3893E03EB1032FF6
:101F200005D903A83146042200F018DA01E00023A5
:101F30000393342D18D008DC022D11DB032D13DDA3
:101F4000A5F11B03012B0BD80EE0D62D0CD001DC24
:101F5000A32D04E0FB2D07D040F20B139D4203D0CC
:101F6000002E65D0002F63DD3E2D02D0402D62D1C2
:101F700035E023681B7E002B60D0D4F884240399BD
:101F800092F81C318BB1CBB282F84631D4F884245C
:101F90001172D4F88424206992F8AC1001220092C6
:101FA0000192002249F0C0DB3FE0204649B27DF0BB
:101FB00095DEB0F1000845DBD4F88434039A20465E
:101FC0001A722CF095DF20467DF028DF2046D4F8E9
:101FD000B0141EF051DA204624F038DA32E0039BC8
:101FE0005A1C042A2CD8013301D103230393D4F8BB
:101FF0008434039993F81C2172B1C9B283F8AD10EF
:10200000D4F88434002293F84531206900920122EB
:10201000019249F089DB04E0236AC9B2186965F0CE
:102020007BDAD4F88434039ADA714FF0000809E0BF
:102030006FF0010806E06FF0160803E0984601E033
:102040006FF01C08404604B0BDE8F0812DE9F34173
:10205000089C07460E46154698460094FFF73EFF3B
:1020600010F12F0F0CD010F1170F0BD1384631465D
:102070002A464346089402B0BDE8F04118F0B09BF0
:102080006FF0160002B0BDE8F08113B504462CF0E5
:1020900011D820461CF0B8DBD4F88434012293F820
:1020A000AD10206993F846310092019249F03CDB73
:1020B000206902B0BDE8104056F0669B37B5036852
:1020C00004465B7E002B40F01A81006956F04ADB23
:1020D000002840F01481236893F8203033B9206938
:1020E00047F072DE2368012283F82020206905F082
:1020F00012FE236893F8693113B120464BF042DC9D
:10210000D4F88434032293F8513000928022002BBB
:1021100014BF134600232046042126F04FDA23681B
:10212000DB6EE3B9206948F0CFDF093017D12268B0
:10213000D36E13F0020512D143F00203D366D4F834
:102140006432595941B18B7933B94B7923B10B7C46
:1021500013B120464AF05EDC0435202DEFD1236810
:10216000DB6E1BB1204619F087D9C6E0206948F024
:10217000F7DC206990F934114D1C03D1012148F09E
:10218000EDDC01E048F042DC01236376204627F0D5
:10219000ABDD23682046596B0323009321B14FF434
:1021A00080720021134602E04FF480720B4626F045
:1021B00005DAA06811F006DD236801221A7694F88A
:1021C000CF3173B120462CF093DED4F8543320463F
:1021D000598E2BF0BFD9002384F8CF31204624F04C
:1021E00035D9D4F844260321204624F033D920469B
:1021F00016F0E8DBB4F83415204629F095D92069AB
:1022000048F04EDF0323202200932046134601218D
:1022100026F0D4D9236893F82F301BB1D4F81805D1
:102220003BF0AADF20461DF08BD820467AF0D0DDA7
:1022300001254FF47A72D4F8E8110123A06811F057
:1022400019DCD4F89C0184F82A5280F001DE204683
:102250007DF0E4DDD4F88434204693F9121017F0B1
:10226000F1DD20462DF034DD20462DF01DDD204629
:1022700029462DF0BFDDE36884F86056D3F82421A9
:10228000294642F04002C3F82421236A002218693B
:1022900065F048D9236884F88C5693F8693113B1F6
:1022A00020464BF0AFDB6A21206948F071DA00303C
:1022B00018BF012084F873087E21206948F068DA8D
:1022C000421E92B24FF6FD739A4206D84300013087
:1022D0004000A4F85038A4F85208B4F8501821B1BE
:1022E0002046B4F870272DF065DFB4F8521849B1D4
:1022F0002046B4F854282DF05DDF002003E06FF095
:10230000080000E008463EBD2DE9F04FB5B0DDF80D
:10231000FC800D93B8F80A700D46ADF85870114660
:10232000BFB29146129704461AF09ED8B9F81670BB
:10233000C0B21A97B9F8047010900D9948461B97CF
:1023400073F056DC419F4FF0000A87F800A008F1B7
:102350000C071597409F0F900C3F1897109FDDF8C2
:1023600060B00C97159ECDF844A0CDF824A0CDF810
:1023700064A0CDF828A0CDF838A0CDF82CA0CDF8D9
:1023800050A0CDF84CA0CDF820A0CDF81CA02F4631
:102390004FE03378951C2D2B21D007D8012B13D07B
:1023A00043D3032B12D02A2B40D114E03D2B1DD058
:1023B00005D80899322B08BF3146089136E04A2BE0
:1023C0001BD0DD2B32D11FE007962FE0B2784FF003
:1023D000010A0C922AE0B31C1393149226E02046C3
:1023E00031462A4658F03ADA0A901FE02046314634
:1023F0002A4658F009DA0E9018E0204631462A465F
:1024000057F09CD9199011E0032A0FD9B01C04226F
:102410009149FFF38FF7119B002808BF2B461193BA
:10242000099B08BF3346099300E00B967619C5EB6C
:102430000B0BBBF1010F03DD7278531C5B45A8DB6E
:102440003D46099F3FB10A9F2FB920460999119A2D
:1024500058F0B8D90A90002D7AD1129FBE0740F1EA
:10246000DA830B9B002B00F0D6832046991C5A7808
:102470004AF00EDD3190002800F0CD83037C002B64
:1024800040F0C983037A002B00F0C583D0F80831EF
:10249000588E01F06FDC0C9F874240F0BC83319F67
:1024A0002046394617F054DD002847D038464946C3
:1024B0000D9A43461DF09ADF00283FD040993E9B7D
:1024C000D7F8046103F11002019120464946012327
:1024D000CDF800800296FFF739F9002830D1B6F820
:1024E00030B0BBF1000F2ED1216AD4F884345031C2
:1024F0005A469B7806F1380073F052D94099384615
:1025000000910D9A4946434643F034D9CDF800B0C6
:10251000CDF804B03B7C2046D3F1010338BF002343
:1025200002937D22394607F1DC03CDF80CB0CDF8DB
:1025300010B01EF08DD901220B9206E00B9504E03D
:1025400000230B9301E000210B914FB33D4601E0C6
:1025500000270B971A9F3E9917F4404F0CBF4FF07E
:10256000000B4FF0010B01F10A07204629463A46BD
:102570005B467AF04DDB064600BB2B7C002B40F01F
:102580004D83204629463A465B467AF043DC0646B0
:10259000002800F04383204631467AF0ABDA0DE0A4
:1025A00094F88E32002B00F039833E9F204607F1CD
:1025B0000A0131AA7AF0D6DA064610B17368D80754
:1025C00020D4089F27B17878B91C27F07BDD58B953
:1025D000079F67B1B91C787827F074DD10F1000B04
:1025E00018BF4FF0010B04E04FF0010B01E0DDF8E4
:1025F0001CB066B1BBF1000F07D1736843F0010353
:10260000736004E04FF0000B01E04FF0010BCDB11F
:10261000AB79DBB92B7A0BB3D5F808315B8E079316
:1026200003F46053A3F5C052534243EB02030798EF
:10263000089301F09FDB0C9FC11B484240EB010057
:1026400009900EE00895079509950AE0002708977C
:102650000797099705E000BFFE370100089307932D
:102660000993B4F88E32002B7FD0236A5B7DC3B10F
:102670000C9FD4F87C040E2F8CBF4FF440420022F4
:1026800047F48051129F114307F02003D3F1010357
:1026900038BF00230193139A149BCDF800B071F05A
:1026A000CDDE236893F84F309B0712D00C9FD4F8EF
:1026B00080040E2F8CBF4FF44043002347F4805119
:1026C000089F19430E9A0A9BCDF800B0019772F04B
:1026D000D9DB94F88E32002B47D000210C222EA893
:1026E000FFF3C0F6944B1CAF2E93944B3846002159
:1026F00028222F933094FFF3B5F6BDF858100DF152
:10270000980CDDF830E0ADF876106046002120220C
:10271000CDF818C01C968DF874E08DF878B0FFF3F2
:10272000A1F62D970D9F236827973E9F93F84F3072
:102730002897109F03F003038DF8A8700F9FDDF812
:1027400018C02B97159F8DF8B0300197189FD4F8BB
:102750009406002190222EABCDF89890CDF8A4805D
:10276000CDF800C0029756F0E7D994F88C32002BD0
:1027700000F05682099F002F00F05282236893F8E0
:102780004F20970700F08A800E9F002F00F0868070
:102790000A9F002F00F0828093F8A93033B1D4F85B
:1027A0007801294653F0F2DC002877D10E9F2046AD
:1027B0007A78397824F0ACDC079F034617F4404F51
:1027C0000CBF002201220A3254F822201192D5F8BF
:1027D000082162B1D28812F0200208D00A9F3A780C
:1027E00012F0020203D00E9F7A78C2F3800209929F
:1027F000BAF1000F0BD1109FDAB2BA4207D01846D7
:10280000069301F0B7DAB842069B40F00982D5F88A
:102810000821002A2DD01846069301F0ABDA0746AE
:10282000079801F0A7DA8742069B22D1D5F8082144
:10283000528E9A4232D0002E30D02A7A002A2DD0E1
:10284000204611992A4625F055DEFF28074600F05C
:10285000E781DDF824E0204629463A465FFA8EF308
:1028600015F088DED0B1204629463A462DF0C6D96B
:1028700014E0BAF1000F11D01846069301F07ADA8D
:102880000C9F069BB84200F0CB8103F46053B3F574
:10289000805F03D0B3F5C05F40F0C281419F012348
:1028A0003B702368D5F818A193F84F30980716D0DD
:1028B000AEB10A9F37B1199F2046009731460A9A58
:1028C0000E9B0AE02B7C53B97368D90307D50A9F86
:1028D0002046009731463A463B4617F075D92B7C87
:1028E000002B00F0BF803E9F0D9B204629464A46A4
:1028F0008DE8800115F02ADF236893F83B3043B15F
:102900000D9F2046294632464B468DE880015EF0F9
:1029100013DA9AF809301BB1284600212BF028D988
:102920009AF80D30DBB1D4F830371A680AB11F7A43
:1029300037B12846002110E0F1CF8100F5CF8100AA
:1029400004F020D9D4F830371A69821AB2F57A7FA8
:1029500005D901221A72284639462BF001DCD4F839
:1029600030371B68002B48D01B9F0123C7F3C012D0
:102970000F9920461EF08EDB98F8023098F801106F
:102980001B0443EA012398F80010B8F808700B43C1
:1029900098F80310024643EA0163329398F8063030
:1029A00098F805101B0443EA012398F8041034A892
:1029B0000B4398F80710002F08BF642743EA016310
:1029C00040F8043D32A900F0E7D93846329A3399ED
:1029D00080F05ADAD4F83037BF021A68BA1A904237
:1029E0000BD95A68BA1A904207D23F1A5F60D4F8DE
:1029F0004401294601225FF0CFDC236A5B7D2BB1C5
:102A0000129F2046C7F380212CF076DAD4F85801C3
:102A1000079950F0B7DD80B1D4F85801079950F00C
:102A2000A7D9236A186964F0F5DE079FB84204D17C
:102A3000002120460A4625F079DE4A460D9BD4F84F
:102A400044012946CDF800805FF06ED8D5F8EC300F
:102A50009A0458D5D4F84C0129464246409B63F06D
:102A6000F7DF50E0BBF1000F03D1129FC7F3401313
:102A700000E00123DBB23EB1726813B142F0040200
:102A800001E022F004027260226A527D4AB1019391
:102A9000D4F87C042946139A149BCDF800B071F049
:102AA00025DD236893F84F309B070AD0089FD4F8A0
:102AB000800429460E9A0A9BCDF800B0019772F067
:102AC00039DA0B9FFFB9D4F868329D420CD0284602
:102AD00049460D9A43461DF089DC28B128464946EF
:102AE0000D9A43462CF0BEDA94F88E325BB9D4F8D6
:102AF00068329D4207D1284615F090DE18B1204675
:102B000041461BF02BD800210C222EA8FFF3AAF47B
:102B1000454B1CAF2E93454B0021282238462F935E
:102B20003094FFF39FF4BDF85810DDF830E01C96A8
:102B300026AE2022ADF87610304600218DF874E0E4
:102B40008DF878B0FFF38EF42D970D9F23682797AB
:102B50003E9F93F84F302897109F03F003038DF8A2
:102B6000A8700F9F8DF8B0302B97159F802201978A
:102B7000189F2EABD4F894062946CDF89890CDF83E
:102B8000A4800096029755F0D7DF9AF80230013BF7
:102B9000DBB2012B13D8AB798BB92A7C7AB1D5F88B
:102BA000182192F86C20022A09D14FF0FF320192CD
:102BB0002046294605F1DC02009329F07DDD0F9FB8
:102BC00017F0407F01D1384602E00F9872F08EDE98
:102BD00000F07F0002280AD0042808D00B2806D075
:102BE000A0F1160CDCF1000040EB0C0000E001202D
:102BF0000190B9F80400B9F80610800B029001208A
:102C00000022039099F91C302046090A009204958D
:102C10000BF00DFB04E000270B97C1E40026D0E485
:102C200035B0BDE8F08F00BFF1CF8100F5CF810056
:102C30002DE9F04F91F91530A1B0002504468A46E0
:102C40001E951F9573B11BF0D7DD58B12368BAF8F4
:102C50001C20D3F88830D3F8C8118A18C3F8C821CB
:102C600000F0A3BCBAF80230606803F00703052B3C
:102C70000B900A9300F2A48463690A9953F8210027
:102C8000002800F09D849AF81820022A089200F08B
:102C90008984714B0221DB6B9847814638B9204605
:102CA0000A9914F0BDDE8146002800F08984204690
:102CB000494611AA23F0FEDF236893F89C30012BCC
:102CC00006D0BAF80220BDF848309A4240F073842A
:102CD000B9F80E30614E03F007030993604DF35CC1
:102CE0004946EB5C11AA0C93189B0D9318881EABF8
:102CF0000E90009320461FAB18F094D9236893F8E8
:102D00004F309B0717D011A81BF0A4DC38B1236803
:102D1000D3F88830D3F8A4220132C3F8A42211A832
:102D20001BF0AADC38B12368D3F88830D3F8AC2282
:102D30000132C3F8AC22D9F818305D056CD511AD5D
:102D4000204629462CF040DE08BB5346D4F8340117
:102D50001E994A46009534F05DDB236893F8E13014
:102D6000002B59D01E99002956D0BDF85000BAF852
:102D700002200090BDF84E30D4F8F8067AF086D8DC
:102D8000D4F85C011E990C9A7AF0D2DB44E01F99CA
:102D9000A1B1089A072A11D1D1F8EC3098030DD4CB
:102DA000D4F84C0163F0C0DC28B9D4F84C011F9969
:102DB00063F01CDD10B11F984AF0F2DA11AB0093FA
:102DC000D4F8340153461E994A4634F085DA236814
:102DD000054693F8E13093B11E9981B1BDF85000DA
:102DE000BAF802200090BDF84E30D4F8F8067AF018
:102DF0004DD8D4F85C011E990C9A7AF099DB1F9893
:102E0000002800F0D2838379002B40F0CE830AF1B2
:102E100008016FF0B9DBC8E3204611A9D9F8347076
:102E20001BF040DCBAF81C60FF0E07F001070F90A2
:102E3000BAF81A80E6B12368D3F88830DA68013A24
:102E40009219DA601E9B9BB167B1D3F82C22013A2C
:102E50009219C3F82C220BE010A78800BAD588007D
:102E60006CE18800D3F83822013A9219C3F838226D
:102E7000B8F1000F06D02368D3F88830DA68013A39
:102E80004244DA600E98494600F48063D3F10103AE
:102E900038BF00230B98079300F016DED9F81850BE
:102EA0009AF91930C5F3C06B002B00F086802368B7
:102EB0001E98D3F88830D3F8A8210132C3F8A8218E
:102EC000D3F8C821013A9219C3F8C82128B103697F
:102ED0001BB1DB68DA6B0132DA63012E05DDD4F851
:102EE0008C54013DAD19C4F88C54079900294DD07C
:102EF0002368D3F88830D3F8D8210132C3F8D82119
:102F000028B103691BB1DB685A6B01325A63012394
:102F10000999002208F065F8D4F88C347BB1236855
:102F2000D3F88830D3F8B4210132C3F8B4211E9B02
:102F30002BB11B691BB1DB68DA6A0132DA62D4F8A3
:102F40008C34012B14D923681E98D3F88830D3F819
:102F5000B8210132C3F8B82128B103691BB1DB687D
:102F60001A6B01321A6309990C22012308F039F80F
:102F70001E9B5BB12FB1D3F828220132C3F828225F
:102F800004E0D3F834220132C3F834221E9B13B17B
:102F90002268926A9A621F9B002B00F015829A7930
:102FA000002A40F01482197C002900F01482D3F822
:102FB000103101259A7190460FE215F4825543D0E5
:102FC00023681E98D3F88830D3F8A8210132C3F8BB
:102FD000A82128B103691BB1DB68DA6B0132DA631F
:102FE000079A0AB32368D3F88830D3F8D82101327E
:102FF000C3F8D82128B103691BB1DB685A6B0132D1
:103000005A6301230999002207F0EBFF1E9B5BB175
:103010002FB1D3F828220132C3F8282204E0D3F8D4
:1030200034220132C3F834221E9A002A00F0D881DB
:103030001F9B002B00F0DA819D79002D40F0DC8190
:1030400023689B6A9362D8E1089B032B09D0042B69
:103050000CD12368D3F88830D3F810220132C3F89A
:103060001022A8462F460126AB46DDE10898052828
:1030700029D123685A6BD3F88C103AB1B9F80E20D5
:10308000954802F00702825C9448825C143201EB9E
:10309000C2014A68D3F8883001324A60D3F8A022CE
:1030A0001E980132C3F8A02209990422012307F0D7
:1030B00098FFB4F83455002D00F0A381204623F08A
:1030C000DFDA00259DE10899012916D11F9B93B1F4
:1030D0009B7983B11E9B73B11A7DD20704D493F8F8
:1030E00024309B0740F16582204649465246079BA3
:1030F0003CF09ADC4BE0089E4DE0089A062AB0D0DE
:10310000072A51D11F99002900F05382D1F8EC30E1
:103110009F0040F14E829E030DD4D4F84C0163F021
:1031200003DB28B9D4F84C011F9963F05FDB10B1C1
:103130001F984AF035D91E99002900F03A821F9B4A
:103140009B795BB191F824309D0707D58B685806B1
:1031500004D50122204613463CF0B4DBD9F81830E0
:10316000590544BF43F48073C9F81830D9F81830B2
:1031700023F40043C9F818301F9BD3F8EC309A03AE
:1031800040F1178220461E994A4625F0BBDB0646D1
:10319000002800F03A81002520460AF114011BF0B6
:1031A00021DBA8462F465FE7BAF8063033B1236823
:1031B000D3F888309A6B01329A6352E71B9B1B78D5
:1031C000DB0741D57EB12368D3F88830D3F8A82136
:1031D0000132C3F8A8211E9B2BB11B691BB1DB6810
:1031E000DA6B0132DA63079B002B00F0138123684E
:1031F0001E98D3F88830D3F8D8210132C3F8D821EB
:1032000028B103691BB1DB685A6B01325A63099913
:103210000022012307F0E5FE002E00F0FD80236868
:103220001E9DD3F88830D3F8AC210132C3F8AC210D
:10323000002D00F0CD812D69002D00F0C981EB68D3
:103240009A6B01329A63C2E11F9B002B48D09A7996
:10325000002A45D11B7C002B42D00D98037CDD0752
:103260003ED53EB12368D3F88830D3F8A821013287
:10327000C3F8A8210799002900F0CC8023681E9884
:10328000D3F88830D3F8D8210132C3F8D82128B137
:1032900003691BB1DB685A6B01325A63099900223A
:1032A000012307F09EFE002E00F0B68023681E9DCD
:1032B000D3F88830D3F8AC210132C3F8AC21002D0B
:1032C00000F086812B69002B00F07C81DB689A6B13
:1032D00001329A6376E100BFBAD588006CE18800BC
:1032E0000F9AB4F86A341AB1984503DAB4F86C341A
:1032F0009E4261DB22680798D2F88830D3F8C85123
:10330000AD19C3F8C851002800F08980D3F8B01176
:103310000131C3F8B011D4F8843493F81D1109B306
:10332000D4F868128979E9B992F8642122B193F846
:103330006D210AB183F86D11D4F88414204601F58B
:1033400082710BF048F9D4F88434012283F82821E3
:10335000D4F88434A068D3F83011D3F824210023A2
:1033600010F088DB1E9860B12FB1D0F830320133F5
:10337000C0F8303230E1D0F83C320133C0F83C3292
:103380002AE101230999082207F02BFE1E9B2BB18D
:103390001B691BB1DB689A6A01329A62002502231D
:1033A0008DE8280020461F9914221B9B0295039547
:1033B00004951DF04DDA33E023680025D3F88830FA
:1033C000DA690132DA614CE60125984605E001250B
:1033D0004FF0000801E0012588462F462E4623E0E5
:1033E0000127154690463E4693461DE001271D469F
:1033F00098463E469B4617E000250127A8463E46D4
:1034000032E6A8462F4601260EE0054680460746CE
:10341000834609E0079DDBE03546B046D9E0079DCD
:103420004FF001082F464646B4F8343543B1D4F87E
:1034300038352BB10899052902D0204623F00ED942
:10344000BBF1000F4ED01E9B002B4BD011A81BF0E0
:1034500001D99DF84E30834603F00303023BDBB2F3
:10346000012B04D8204611A92CF0B6DA00E0FF2089
:103470000A9A032A0AD85B498B5C04EB4303B3F82E
:103480003622130903F00F03120B03E0B4F86E3475
:10349000B4F87024009200220392BDF84C200190F1
:1034A000C2F300320492D4F85C011E995246CDF862
:1034B00008B07AF0BFD8236893F8E13093B11E9931
:1034C00081B1BDF85000BAF802200090BDF84E302E
:1034D000D4F8F80679F0DADCD4F85C011E990C9A7D
:1034E0007AF026D820460A9901222CF0E7D81E98B7
:1034F00060B15EB1E368D3F88021D9F830309A42E8
:1035000004D91DB10999D21A07F079FD1F9DB5B1F3
:103510000AF1140120462CF03DDB014628462CF030
:10352000EFDB0E9A02F0FC03082B01D0882B06D1AA
:10353000079B23B11F980AF108016FF025D81E9947
:10354000C9B10B7DD80716D41F9BA3B19A7992B944
:103550001A7C82B11A7A72B1D3F8EC2092040AD4A0
:10356000D3F810315B7933B9204652463B46CDF84B
:10357000008043F075D97EB10AF1140120462CF089
:1035800009DB49460246D4F8880463F01DDE0B9837
:103590004946012203F0B2DF079828B10025C4F89C
:1035A0008C5402E0002500E0079D284621B0BDE8CC
:1035B000F08F0126EFE50B984946012203F09EDFCC
:1035C0000125F2E7D5F868310133C5F868310025E7
:1035D000A84601273E4627E7D0F84C310133C0F812
:1035E0004C31CEE66CE188002DE9F04F002BB5B0F0
:1035F00007930CBF04230A230993079B15690DF158
:103600002C0918BF2023044615AF88469346002195
:10361000282248460693D5F80C610DF1B80AFEF34E
:1036200021F7002128223846FEF31CF700210C2246
:103630005046FEF317F7336B20468DE80804294601
:10364000069AF36ACDF8B8902F9714F0F3DD0028AE
:1036500040F0F880B8F80630D80715D5216A4B7DC0
:1036600093B10A6D0CA854310B92FEF377F6D5F89E
:10367000EC30990405D5D4F84C0129464A4663F04C
:103680008BD90023159308E015AB009320462946FB
:1036900008F138020BAB26F021DCF36A83B128A8CD
:1036A00000211822FEF3DEF6F36A2D942893336B83
:1036B0002993674B2B93674B2A93674B2C9328AB2B
:1036C0001FAF0021242238460893FEF3CBF60BAB44
:1036D00000210822219331A815AB2293CDF87CB0AC
:1036E000CDF88080FEF3BEF62368294693F84F207C
:1036F00034AB12F0030218BFDBF80420D4F89406B0
:1037000018BFC2F3004203F80C2D0093069A089BE1
:10371000329755F0E9D9099B069900EB030A33ABC0
:1037200002932046424605F1E2038DE8000523F0AE
:103730003FD8074630B920463946B5F82E2140F02B
:1037400015DB80E0204629464246DDF8CC901CF08F
:103750005BDBA9F80000738CA9F80230339B0433BB
:103760003393079B13B9AAF1040A13E006F1240965
:103770004846FFF3E3F410B93398494602E0339822
:1037800005F1F8010622FEF3E9F5339BAAF10A0AD6
:103790000633339331AB0093339BD4F894060193F3
:1037A0002946069A089BCDF808A055F00BD981460A
:1037B00028B160683946012203F0A0DE42E0339B65
:1037C00000900190029003932046294657224B46D1
:1037D000CDF810A01DF03CD8706B18B103F06ADE74
:1037E000C6F83490079B23B1339B0AF1060A063BC7
:1037F0003393339B0AF1040A043B3393079B5046EF
:1038000086F83C3003F044DE706308B9B06305E02D
:1038100033995246FEF3A2F5C6F838A0B8F86230E4
:103820000095C3F340130193002302930393394699
:103830002046D4F8BC255B4626F09AD9002808BF5C
:10384000002700E00027384635B0BDE8F08F00BF04
:10385000CDCE8100DDCE8100FDCE81002DE9F04F7F
:1038600095B0064606910792209C219DD0F80090C5
:103870009B46002B00F0B380ECB91E9A012A1CD1A4
:103880001F9A931E012B18D8032A16D1002D40F041
:10389000AB80C36E5A1C05D01C3350F82350002D4A
:1038A00040F0A28048460021B6F82E2140F0D6DD37
:1038B0004FF0000894E0002500E025464FF0B008E6
:1038C00006270DF1200A002124225046FEF3CAF5F6
:1038D0001E9B1F9A0893229B099211A8002108227F
:1038E000CDF828B00B930594ADF83040FEF3BAF54F
:1038F000CDF848A044B1089B032B0FD14C2C0DDB15
:103900004D2C01DD7E2C09D111AB0093D9F8940622
:103910003146B022002355F0E7D83F18079B4146B7
:103920008DE8880013AB02934846069A06F1E2033D
:1039300022F03EDF8046002852D075B1002300936C
:1039400001932A46139B4846314658F00DDC95F901
:103950000E30139AFF1AD21813921E9BDDF84CA05A
:103960009AB2AAF800201F9BAAF80230059BAAF879
:1039700004300AF1060313933CB1032A17D14C2CEF
:1039800015DB4D2C01DD7E2C11D111AA8DE80C0028
:10399000063F0297D9F894063146B022002355F02D
:1039A00011D824B9BDF830300BB1AAF80430B3797E
:1039B00013B1F368DA6801E0D9F8BC259DF88C30C2
:1039C000414601930023039348465B4600960295C7
:1039D00026F0CED8002808BF4FF0000800E0984637
:1039E000404615B0BDE8F08F95F90E7044F2B0086E
:1039F000063766E72DE9F0470446A4B090469A469C
:103A00000D4600296DD0D1F86433002B69D004AF86
:103A10000EAE33463A460DF1600923F01BD9002162
:103A200024224846FEF31EF5236A0021653308224E
:103A300021A81893CDF864808DF868A01B971C9678
:103A4000FEF310F52368CDF8889093F84F3013F00B
:103A5000030307D0D5F8EC3003F48053D3F101030E
:103A600038BF002324AF07F80C3D2946402200232D
:103A7000D4F89406009755F037D82D9B0190009309
:103A800023AB02938046402120462C9A05F1E203A5
:103A900022F08EDE064620B3239BD4F894060193D1
:103AA0002946402200230097CDF8088054F08ADF91
:103AB00028B160683146012203F020DD11E0D5F81D
:103AC000EC3013F4005306D0D4F84C0129463246AA
:103AD00063F0D8D905E020463146D4F8BC2528F05B
:103AE000DDDD24B0BDE8F0872DE9F04390F8A03784
:103AF00087B004462BB1002380F8A0374FF00108AF
:103B000000E0984623681A7E32B9B8F1000F00F041
:103B10003B822046022135E2206954F023DE18B1B1
:103B2000A0680FF0D3DF27E220461BF05DDB236A9D
:103B300020461F69D4F86832D3F814219D79167C89
:103B40001CF0FCD9031C18BF0123384671B22A4669
:103B500063F094DC94F88C36ABB12369D3F88830E9
:103B6000D3F8245115F040050DD120462BF0C0D9D3
:103B7000236A84F88C56186929462A4663F0D2DCF9
:103B8000204622F063DC236820469A6A01329A625A
:103B90001CF0D4D918B9D4F8843483F8290120460C
:103BA0000AF0B7FD236A186965F05AD80146204625
:103BB00059F028DD236A186965F00CD901462046C2
:103BC00059F0D8DC236893F93D307BB1D4F8240157
:103BD00003A9002278F098DB01E00023C361D4F848
:103BE000240103A978F0A6DB0028F6D194F8D4319B
:103BF0004BB1204616F03EDB28B194F8E43113B106
:103C0000013B84F8E431204626F082D8204617F0A4
:103C10001DDC204626F0D6D894F8D43113B12046C6
:103C200024F068DA2368DA6E002A40F0A58193F860
:103C3000693113B120464BF023D9204647F030DBE1
:103C4000236893F82F20CAB193F83030B3B12046DF
:103C50001CF09CD890B1D4F864120023CA582AB141
:103C6000907918B1507908B112791AB10433202B28
:103C7000F4D103E0D4F818053AF07EDAD4F8283508
:103C80001B68A3B120462AF0CFDCD4F828355A6847
:103C90001B68B2FBF3F103FB112313B9204615F0A7
:103CA00089D8D4F828355A6801325A600AE0236866
:103CB0009A6A1E23B2FBF3F103FB112313B92046CA
:103CC0002AF0B2DC94F88C3243B194F8F034013B22
:103CD000DBB2022B02D8204615F048DE0025D4F8CE
:103CE00064325F591FB3BB790BBB3B7AFBB1D7F88A
:103CF00018319B7ADBB1384625F090DEB8B13B7CB9
:103D0000ABB1D7F818319B7A8BB13B7A7BB107F115
:103D1000DC063046FFF312F2034640B94FF0FF32A3
:103D20000090019220463946324628F0C5DC043521
:103D3000202DD4D1204616F003DB236A5B7DB3B17E
:103D400023689A6A3C23B2FBF3F503FB152575B98A
:103D5000D4F86432585938B183792BB9037A1BB13E
:103D6000037C0BB917F028DC0435202DF0D1204658
:103D70002AF038DC20B9D4F8180539F0A9DF38B1B9
:103D8000236A20211869002264F03ADD002604E04D
:103D9000236A202118690122F6E7D4F864329D597C
:103DA000FDB1D5F8A83013B1013BC5F8A830D5F85E
:103DB000AC701FB1013FC5F8AC7012E0AB7983B1B4
:103DC0002B6D99070DD595F8A43053B102F0DADECA
:103DD000D5F8B01040F052DE18B1C5F8A87085F8DB
:103DE000A4700436202ED8D1B4F850371BB1013B53
:103DF000A4F8503702E0204622F076DD0026354652
:103E00000BE0D4F8C4329B195B6A23B1D4F8C82202
:103E100052F82500984701353836236893F8B420C6
:103E20009542EEDB93F83B5045B193F83C502DB1F1
:103E300094F8FC5515B1E368D3F880510026D4F806
:103E4000643253F80690B9F1000F40D099F806306B
:103E5000002B3CD199F80830002B38D099F8563314
:103E6000DA0704D52046494699F8542305E0980717
:103E700005D599F855232046494624F0A7DB94F848
:103E8000FC3523B399F804300BB3D9F818314A46FE
:103E90001978204629F02CDE236893F83B20B2B134
:103EA00093F83C309BB194F88E3283B9D9F808313D
:103EB000D4F85001DF8D93F86030BF0201335F43C7
:103EC00099F844102B463A465CF066DFED1904364B
:103ED000202EB4D1236893F83B206AB193F83C308C
:103EE00053B194F88E223AB994F8FC3523B1D4F842
:103EF000500101215CF07ADF002384F8FC35226850
:103F0000D4F88434926AB3F89E30B2FBF3F103FB29
:103F1000112313B9204609F095FAD4F8683223B179
:103F2000D3F818210AB112781AB1D4F86402002229
:103F300002E01B7ACBB9F8E7835893B19D79D3F8A7
:103F4000EC1015B1890405D40BE011F4005F08D022
:103F5000C90306D4197A21B1D3F818310BB11B78F3
:103F60001BB10432202AE7D103E0A06802210FF040
:103F700027DE204619F0ECDFB8F1000F04D0204610
:103F8000022100222BF050DF07B0BDE8F0830000D3
:103F90002DE9F04F92F82A301446B2F81CB08DB0DB
:103FA00006460D46D0F804A00F6952692BB19368FC
:103FB00094F8228003F11A0903E09268984602F10E
:103FC0001809A368072B0DD93046494613F0E8DCE1
:103FD00040B1B9F806304FEA132949EA03291FFA1C
:103FE00089F901E0B4F8089095F8243003F0120341
:103FF000022B0DD148F68E03994509D12068D7F8D8
:10400000081110300622FEF395F1002840F0C88315
:1040100094F82C30EBB9A38B1B051AD53368D3F871
:104020008830D3F84C230132C3F84C23D5F824222E
:104030000132C5F8242205EB4802B2F8A410B4F806
:104040007E20914205D1D3F8BC210132C3F8BC21B6
:10405000A6E3BB79CBF3802B002B32D1D7F81831F4
:104060001A7B92B194F82C207AB9BBF1000F0CD1D5
:1040700095F8CA10626A51FA02F2D00705D43846A0
:10408000A18B029317F05CDB029B3268526BC2B1CA
:104090001B7FB3B194F82A309BB194F8283083B1D8
:1040A0000021384629F008DAD7F8EC30990408D511
:1040B000A28B12F4005204D1D6F84C01394662F0BA
:1040C00003D9238C5A0700F16B83A38B03F480433D
:1040D00063633BB93A6D40F237131340EBB197F885
:1040E0005830D3B10023A3633046234651462A46B5
:1040F000CDF800807AF042DB636B40B9002B00F012
:104100004F83D5F864310133C5F8643148E323B1F6
:10411000D5F860310133C5F8603194F82C3043B9DB
:1041200008F15003B4F87E0005EB43039A889880A9
:1041300000E0002294F82C3043B3636994F82A20FD
:104140009B680AB11A3300E01833B9F5006F40F0EC
:104150006E81A268072A40F26A811A7A1209042A3B
:1041600040F065819A6912BA002A00F060815B7C98
:10417000012B40F05C8102F07043B3F1604F00F01E
:104180005681D2B2FF2A40F00B8350E1B4F87E0092
:1041900008F1180910F00F0340F0A38005EB89091E
:1041A000D9F8041079B11A465046029303F0A6D903
:1041B000029B05EB8802C2F8843008F14A02C9F874
:1041C000043045F82230BBF1000F00F03081E36885
:1041D0006269039305EB88035A66A16B31B105F55B
:1041E0001C70053014311022FEF3B8F063699A6830
:1041F0005868510DC0F3140E9889DB8849058E4428
:10420000C3F34A133168013302EB000C7344C969EC
:10421000CCEB0303CEEB020E896803EB0E02101801
:10422000884234DA5046FBF791F808F1180905EB9B
:104230008909C9F80400002800F0B2826269806828
:104240009168536821F07F4E2EF4600E9289C3F37B
:104250001403C3EB0E03C91A9A18FEF37FF06169C9
:104260008B684A6823F07F4323F46003C2F314028F
:104270009A1AD9F804309868801898609889821A38
:104280009A81888900229881504603F037D9D6F860
:10429000E015039B05EB880259186FF005035B1AC4
:1042A0003168A148C96989685B18C2F884306168BF
:1042B0000822FEF33FF06B6810B943F0080301E0F9
:1042C00023F008036B60994861680822FEF332F01E
:1042D000AB6810B943F0200301E023F02003AB608A
:1042E000A5E005EB8901496800293ED0504020F047
:1042F0000F0020B902F00F02013293420FD00022CA
:10430000504603F0FBD808F1180205EB82020023A7
:10431000536008F1200205EB8202536021E0A16B9B
:1043200049B105F51C70053014311022FEF302F07E
:10433000002840F0358208F1200905EB8909A368BF
:10434000D9F8042008F1180C93421DD905EB8C070D
:1043500050467968002203F0D1D800237B60C9F869
:10436000043008F14A0845F828303368D3F888301B
:104370001A6E01321A662B69002B00F01182DB687D
:104380005A6D01325A650BE28DE8080405EB8C0C7E
:10439000DCF80410304609F104026368CDF808C067
:1043A00013F036DF50466169002203F0A7D8DDF82C
:1043B00008C0BBF1000F3AD1DCF8042008F14A0331
:1043C0006261CCF804B045F823B09368928903F198
:1043D0001801C9F804B06160A2F11801A16094F855
:1043E00029102360E26021B103F11E011E3A6160D1
:1043F000A26094F82A203AB1626884F822800232DE
:104400006260A268023AA2601A785B7842EA0323EB
:10441000A383636B5BB1A36B4BB193F90E2061680F
:104420008A18626093F90E30A268D31AA360A36B56
:1044300063B11B7A042B04D1304621467AF02ADA84
:1044400004E00B2B02D120461AF0ACDBBBF1000FCD
:1044500040F0C481626993695B0613D5BB792BB9BF
:10446000D4F88010384618316EF08ED863699B6995
:10447000180640F19581D6F830012946224601F010
:10448000B5F9ABE123689888D988ADF81000ADF88C
:10449000121018895989ADF81400ADF818109889D0
:1044A000D989ADF81A00ADF81C10188A598AADF8F0
:1044B0002000ADF82210988A94F82910ADF8240055
:1044C00041B1198B588B9B8BADF82810ADF82A00A1
:1044D000ADF82C30A38B13F4807F03F4007304D168
:1044E00004A9616723B108AB05E008A961670BB9AE
:1044F00006AB00E00AAB6168236793683046C3EB04
:10450000010813F04DDA6369998988B1072940F2EF
:1045100047819A68A8F106084244C8EB01089A60EE
:10452000A3F80C80E26615E02C1D89000338010019
:104530000D2940F235819A68A8F10E084244C8EB73
:1045400001089A60A3F80C802389E266190A41EAFF
:1045500003239381A36B6BB11B7A012B0AD0032B2E
:1045600008D0304651462A46234679F0C7DE002857
:1045700000F01681A36B33B11B7A022B03D13046B6
:1045800021467AF087D997F85C339BB1E36E9B891B
:104590001A0A42EA0323934A1BB293420AD13046D5
:1045A00061690622002315F0BBDD18B1304639469B
:1045B00049F006D9626FE36E1188198050885880DF
:1045C00091889980216F0888D880488818818988C7
:1045D0005981616994F822E0C8890EF0070E20F035
:1045E00007004EEA0000C8811178C9070BD5316871
:1045F000D1F88810D1F8D0010130C1F8D001F968A4
:10460000886D0130886597F8591061B195F82410CC
:10461000C80608D49989080A40EA0121714809B2FC
:10462000814240F0BD80D6F89811795C79B195F857
:104630002410C9060BD49B89190A41EA03236A494D
:104640001BB28B4203D026398B4240F0A980BB7944
:10465000EBB992F8008018F0010818D1D7F818319A
:10466000384693F87420013283F87420D4F880100F
:1046700018316DF089DF61695046FFF325F20121A1
:10468000034642463846CDF800806DF0FDDFD6F88F
:10469000D0361B68FB58002B35D01B68002B32D05E
:1046A000D4F86C80B8F80C301A0A42EA03234D4A59
:1046B0001BB2934227D197F8A73313B197F8F6337B
:1046C0000BB350466169424612232BF0C1DB002830
:1046D0003BD0B8F8103050461A0A42EA0323616909
:1046E00008F112029BB22BF0B3DB00282DD0636BD4
:1046F000D6F8D006003318BF0123394642467DF074
:1047000077D900284CD17B69002B2FD0D4F86C804E
:10471000B8F80C301A0A42EA0323324A1BB2934219
:1047200024D150466169424612232BF091DB60B1DF
:10473000B8F8103050461A0A42EA0323616908F1BA
:1047400012029BB22BF084DB30B93368D3F8883087
:104750005A6E01325A6623E0626B7869003218BFE4
:10476000012241462B4643F0B3DAC8B9D5F894315B
:10477000DB070BD594F8293043B9E36E9B891A0AFD
:1047800042EA0323174A1BB2934209D1636994F8A2
:104790002920009330462946636F26F045DC1DE052
:1047A00033685A6BAAB161691048CA89D3F88C3052
:1047B00002F00702825C0E48855C50460C3503EB24
:1047C000C5056B68AE6801336B60FFF37DF180193E
:1047D000A86050466169002202F090DE0DB0BDE88D
:1047E000F08F00BF8E88FFFFB488FFFFBAD5880026
:1047F0006CE188002DE9F04F4FF0000AAFB0CDF822
:10480000B0A0CDF8B4A0D68A984610939B890446F0
:10481000212B0F461546CDF864A08DF84EA0CDF89B
:1048200050A08DF857A08DF854A08DF88CA08DF86D
:1048300058A011922B92CDF888A001D803684AE0C5
:10484000D8F808901046494671F0D2D909F106030C
:104850000890C8F82C000B93B9F806301946ADF84B
:10486000483001F00C02184601F0F00301F44071E9
:10487000A1F5407E92081B09DEF1000141EB0E011B
:10488000022A08BF4FEAD30AADF84A205FFA8AF23B
:10489000ADF84C308DF855108DF85620B5F804E081
:1048A0000EF0030EBEF1020F04D100B2002801DAAF
:1048B000DB0800E00023D8B28DF85700002914BFB0
:1048C0002823222302B1023300B1043310988089D7
:1048D000984206D22368D3F888305A6E01325A665D
:1048E0007EE399F80A3003F001038DF8583009F19E
:1048F0001E030C9311B109F124030C9300238DF8CE
:1049000059304AB10C9B5A781B7843EA0222DB09E2
:1049100007928DF8593000E0079241463846FFF380
:10492000D3F0109909908B68384606338B608B89D9
:10493000063B8B819DF859301BB1FEF365F50146AE
:104940003846042202F084DD16F4404F9DF85520CD
:104950000CBF4FF0000B4FF0010B00232D9302BB57
:10496000BDF848300B9913F4407F09D101F11006CE
:1049700020460A315A462DAB78F00CDA2C9005E02F
:10498000D80501D50E1D01E001F10A062D9B23B9C2
:104990002046314648F0F8D92D902D9B003318BFA2
:1049A00001238DF85C302D9B13F1000A9DF85830DF
:1049B00018BF4FF0010A43B90B992046043148F063
:1049C00009DA061C18BF012600E00026D4F80432DC
:1049D0001BB9236893F82C306BB3236893F83E20FF
:1049E000002A08BF4FF0000A7EBBBDF84820D20560
:1049F00006D49DF858201AB1BAF1000F40F0F682A3
:104A00009DF8552012B19DF858203ABB93F82C30F0
:104A1000002B00F0C982BAF1000F04D120462946CC
:104A200058F064DEC0E22D9B9B79002B40F0BC82E5
:104A30004FF0010A14E09DF858301BB9002E00F029
:104A4000B38202E0002E00F0D1829DF855302BB9E0
:104A5000BAF1000F00F0A8829A4601E04FF0000A78
:104A60009DF856300BB39DF859304BB194F80E3287
:104A7000002B00F09982109B9A6942F040029A61E3
:104A800007999E4A01F00703D25C9D498DF84E308C
:104A90008A5C0799149201F0100212118DF85420CB
:104AA0000C9A8DF88C3002320C92109BD98998891F
:104AB00011F4005218BFB3F850200C999B6882186B
:104AC000CB1A0E924146D21A38460D920693FEF347
:104AD000FBF7069B0B9AC31A0F93937DD17D43EA94
:104AE0000123ADF8AA30BAF1000F2FD12CAB0093FF
:104AF0000E9B204601932DA92B4618F0ABDE002813
:104B000040F0528274E22D99002900F04D820B9AF8
:104B100020460A325B4678F07BD82C90002840F083
:104B20006D820B9A2D9920460A325B4678F072D935
:104B300001462C9030B92368D3F88830DA6E013200
:104B4000DA6631E2204677F0D5DF57E2BDF848302B
:104B500013F4407F04D12D9B1B7C002B3AD106E03F
:104B60009DF855301BB92D9B1B7C002B32D0204665
:104B70002D990A325B4678F04DD92C9018B913E282
:104B80002C9B1B692D931EB123689A6A2C9B9A62F9
:104B90002D9BD3F810210792BAF1000F21D19DF877
:104BA0005520F2B99DF858201AB1BDF84820D0051B
:104BB00010D49979BDF8482011B1D1050AD510E07B
:104BC0001B7C02F44072002B14BF4FF400730023CF
:104BD0009A4206D02368D3F888309A6D01329A65DC
:104BE000E2E12046294658F081DD002388F82300C1
:104BF00083462D9888F822308379ABB9BBF1000F3A
:104C000012D0594695F91D20334658F0CFDD29467C
:104C1000D4F8C426204658F00DDD3246014688F807
:104C200022002D9858F010DE2C9B93F8922112B997
:104C3000D3F8F42052B3BBF1000F27D0D3F8F01013
:104C4000D3F8EC2042F821B0D4F88424517911F043
:104C50000100D3F8F01018BF95F91F0003EB810194
:104C6000C1F89C015279521012F00101D3F8F020E2
:104C700018BF95F9201003EB8202C2F8BC11D3F8DB
:104C8000F020013202F00702C3F8F0209DF8552011
:104C90002D9B0AB1DB6D3CE09A792C99002A31D02A
:104CA0004B6B25934B685A061BD59DF85620C2B115
:104CB000BDF8AA20100714D191F8D7208AB10A7D37
:104CC000D2070ED4BDF84820D0040AD59A0308D5DF
:104CD000149A91F8C9301341DB0702D520463AF007
:104CE0000FD9BDF8483013F4805F2C9B5A6814BF6D
:104CF00042F4003222F400325A600BE0BAD5880048
:104D00006CE188004A6B25921A7C1AB9DB6DD807D2
:104D100000D525932D988379A3B9037C93B19DF891
:104D200058307BB9BAF1000F0CD1079B83F806A06D
:104D300094F80C22D3F8F0309A4203D084F80C3265
:104D400021F010DB9DF85830FBB12D998B79002BA9
:104D500040F02A810B7C43B10B98E23110300622DF
:104D6000FDF3E8F2002800F01F810B980430FEF3F9
:104D7000D9F150B92D9890F8453033B90B990431D9
:104D800048F076D9002840F00F81BDF8AA30089A83
:104D9000A8F81C300B9BC8F82C201B7C2C9913F016
:104DA000010F099E4FF0000707D0D1F854310133AD
:104DB000C1F85431F1E9622306E0D1F850310133F2
:104DC000C1F85031F1E96023921943EB0703C1E9BF
:104DD00000239DF858309BB999F8003099F80120CC
:104DE0001A4399F8023013430AD0D8F82C10D4F89B
:104DF0005C016A8A78F0C6DB2C9B0899C3F85C11C9
:104E000099F90330002B07DA2368D3F88830D3F8F8
:104E1000A8220132C3F8A82299F8033013F0300F0A
:104E200007D02368D3F88830D3F8B0220132C3F812
:104E3000B0229DF85830002B71D1D8F82C0023688F
:104E400010F0407FD3F8886001D1C0B201E070F06B
:104E50004DDD16283AD00CD80B2825D004D80228CE
:104E600016D004285BD119E00C2823D0122856D183
:104E700026E030283CD004D818282DD024284ED144
:104E800030E0602840D06C2844D0482847D135E035
:104E9000D6F838320133C6F8383240E0D6F83C3222
:104EA0000133C6F83C323AE0D6F840320133C6F856
:104EB000403234E0D6F844320133C6F844322EE0B2
:104EC000D6F848320133C6F8483228E0D6F84C32DA
:104ED0000133C6F84C3222E0D6F850320133C6F81E
:104EE00050321CE0D6F854320133C6F8543216E082
:104EF000D6F858320133C6F8583210E0D6F85C3292
:104F00000133C6F85C320AE0D6F860320133C6F8E5
:104F1000603204E0D6F864320133C6F864329DF89A
:104F200058301BB12D980BA91AF01ED99DF8583096
:104F30002BBBD8F82C0010F0407F01D070F0D6DCED
:104F400000F07F00022809D0042807D00B2805D0E4
:104F5000A0F11601484240EB010000E001200022D0
:104F6000E98895F91C3000920190A888090A800B05
:104F700002902D9803920490204609F058F92C993C
:104F80004B685A030BD59DF8583043B9BAF1000F5E
:104F900005D1D4F838010BAA33F038DE33E02046CF
:104FA0000BAAFEF7F5FF2EE023685A6BC2B19DF8FD
:104FB0005820AAB910991548CA89D3F88C3002F044
:104FC0000702825C1248845C38460C3403EBC4044C
:104FD0006368A56801336360FEF376F54019A0604D
:104FE00038461099002202F089DA0CE0B24637E523
:104FF000BDF8483013F4407F3FF485AD2D9B002B66
:105000007FF4C1ADBCE52FB0BDE8F08FBAD5880004
:105010006CE188000B68C968DB691A6889B14B7854
:10502000012B0ED1B2F8BE3023F040031B041B0C41
:10503000A2F8BE308978890644BF43F04003A2F845
:10504000BE3000207047F8B591E88800DC6903683D
:105050000D461A6892F8626126B1D3F8600806F02E
:1050600073FF0646F86DF9F725F958B156B1E868AF
:1050700058B14378012B04D00C23A3804FF0FF30AC
:10508000F8BDA0610023A3800020F8BD38B50368F7
:105090004C681A6892F8625125B1D3F8600806F09E
:1050A00053FF0546E06DF9F705F950B145B9D4F85D
:1050B000A00300F02000002814BF0320002038BD0A
:1050C000032038BD2DE9F84391E808020568DC6942
:1050D0002B680E4693F86271D4F8008027B1D5F89A
:1050E000600806F031FF0746D9F85C00F9F7E2F8EE
:1050F00088B187B1F06888B14278012A05D00C23C5
:1051000023844FF0FF30BDE8F8836062D5F8600873
:10511000414607F0D9FC002323840020BDE8F88332
:105120002DE9F04F1C4692F801909B68D1F85CC0C5
:1051300089B0002723F4C063B9F1010F80460E4601
:105140001546CDF810C005970697A36040F23C8144
:10515000D278AB7843EA0223012B40F03581A9F1E4
:105160000203DBB2032B0ED81CF0400F00F02C81A1
:1051700004222DF0F5DC002800F026814023636333
:105180000423A36329E12F1D384696490322FDF32A
:10519000D1F08246002840F0178140463146EA7936
:1051A0002DF0DEDC002800F00F8104F1380B3846CA
:1051B0005946FFF31DF0A9F10603DBB2012B11D80C
:1051C000049B5F0640F100814046314604222DF0E9
:1051D000C7DC002800F0F880402363630423A36346
:1051E0005746FAE06A7A2B7A43EA0223012B40F011
:1051F000EB8005F10A0738467A490322FDF39AF05D
:10520000002840F0E180404631466A7B2DF0A8DC62
:10521000002800F0D98038465946FEF3E9F7A9F195
:105220000C03DBB2012B06D8049B580640F1CC805E
:1052300040236363CEE0EA7BAB7B43EA0223012B8E
:1052400040F0C08005F1100066490322FDF372F0C2
:10525000002840F0B780EB7C012B01D0052B02D158
:10526000049A510617D4062B02D1049A120612D4BE
:10527000D8F8002092F862212AB1082B03D1049AB1
:1052800012F4802F05E0022B40F09C80049A12F06B
:10529000800F00F097805A1FD2B2012A01D9082B43
:1052A0000BD1336D5B0504D4049B13F4922F00F0F3
:1052B0008F80A36843F48063A360336D5F0503D5DB
:1052C000A368580540F1848005F1100004A900226C
:1052D000FEF31AF7002877D0049BA9F11202D2B28C
:1052E000012A63638CBF2A7D0022B3F5802F01D190
:1052F00051066BD5D8F87C06316D0DF11F0304F013
:105300005FFA002864D09DF81F301BB1A36843F4F6
:105310000073A360A9F11407FFB2002F4AD095F8DB
:1053200001A0A9F11609C7EB0A0A05EB0A0393F8D5
:1053300003C003F1020B9B785FFA89F943EA0C2C56
:105340004FEA1919002723E00BEB071302330593EB
:105350001023ADF81C3004F114030093636B304646
:10536000019306A905AA07ABCDF80CC057F09ED94A
:1053700001372028DDF80CC00AD1059A62B1069BDE
:1053800053B1012100914046214638F033D903E062
:10539000674501D04F45D7D15544EA78AB7853EAF9
:1053A000022317D0059BBBB1069F002F0CBF3527EA
:1053B000002712E0404621463A463B46009738F027
:1053C00019D90AE02B2708E00C2706E02D2704E076
:1053D0001F2702E0002700E03527384609B0BDE866
:1053E000F08F00BF22380100F8B591E82800076867
:1053F0005B681E683B6893F862415CB1D7F860084F
:1054000006F0A2FD31460446D7F8600806F0A0FD7C
:10541000064600E02646E86DF8F74CFF30B124B1AF
:10542000002E14BF03200020F8BD2046F8BD2DE952
:10543000F34191E8480007685B680C46D3F80080A8
:105440003B6893F862315BB1D7F8600806F07CFDE9
:1054500041460546D7F8600806F07AFD074601E0A8
:105460001F461D46F06DF8F725FFA0B19DB197B11D
:105470000122002101A8FCF3F5F701A80521FEF3A4
:10548000C9F30122A369F42001A9FDF30FF52368F4
:10549000A2695B681A620020BDE8FC8173B50368ED
:1054A0000C461A684D6892F8626126B1D3F860081C
:1054B00006F04AFD0646E86DF8F7FCFEB8B11EB9E5
:1054C000D5F8A033980612D50122002101A8FCF3DB
:1054D000C9F701A80521FEF39DF30122A369F42079
:1054E00001A9FDF3E3F42368A2695B685A61002017
:1054F0007CBD73B503680C461A684D6892F862610A
:1055000026B1D3F8600806F01FFD0646E86DF8F7EF
:10551000D1FE98B11EB9D5F8A0339B060ED5012255
:10552000002101A8FCF39EF701A80521FEF372F308
:10553000F42001A90122A369FDF3B8F400207CBD89
:105540002DE9F3471746027A04460E46D0F800903C
:10555000D1F800800AB1002B6AD0E3199D7A002DA2
:1055600067D098F8023194F8272003F01C039B08B9
:10557000934238BF13463371304630F093DD98F8CC
:1055800002314FF4005203F0030312FA03F3F36005
:1055900098F80231204603F003030D3386F83D31BD
:1055A000414607F1360A2FF00BD856F82A5045B974
:1055B0004FF4417001F06CDF0546002839D046F801
:1055C0002A00284600214FF44172FCF34BF70223D6
:1055D0002B700023AF7085F8ED30D9F80030C5F896
:1055E000F48093F869318BB1484649F041DC38B119
:1055F000E37C984228BF184684F80434E07405E040
:1056000094F8043413B1E37484F80404A27CE37CBA
:10561000009294F82F2048460192D5F8F4103A46AB
:1056200032F036DFD4F850321A6D01321A6500E0DC
:105630001D462846BDE8FC872DE9F041D0F8E82258
:10564000002507460E46A8462B46D2F8B010043275
:10565000002918BF98460133182B0D44F5D128F0C6
:1056600007083046184908F10708FDF36BF105BB40
:1056700022E0D7F8E83204F12C0253F82220642308
:1056800053433046B3FBF5F31049FDF35BF1104B88
:105690002340002B03DA013B63F007030133072BA0
:1056A00005D1444503D030460A49FDF34BF101349E
:1056B00000E000244445DCDD30460749FDF342F1BB
:1056C0000020BDE8F08100BF225701002C570100E7
:1056D00007000080375701001A2D890037B50023D5
:1056E0000193079B0546032B144604D901A806998C
:1056F0000422FCF333F60E2C2B6806D11B68002025
:1057000093F8D120089B1A6001E06FF016003EBDAF
:10571000F8B5C269002307460D461E46D15804332A
:10572000602B0E44FAD128461149FDF30BF1C6B1A6
:105730000024FB69284653F82420642353430D4971
:10574000B3FBF6F3FDF3FEF004F00703072B05D1DE
:10575000172C03D028460849FDF3F4F00134182C27
:10576000E7D128460549FDF3EDF00020F8BD00BF64
:105770005C5701002C570100375701001A2D890092
:105780000020704710B51C4603699B794BB988050A
:1057900001D5101D03E0C90510D502F10A0021460C
:1057A00008E0CB0502D502F10A0002E0880505D524
:1057B000101DA11D0622FCF3BDF580B920460299FB
:1057C0000622FCF3B7F568B1204603990622FCF3E4
:1057D000B1F500280CBF4FF0FF30002010BD4FF096
:1057E000FF3010BD4FF0FF3010BD00002DE9F04F2D
:1057F0005D4B07461868EFB06A9015469A886C6949
:10580000ADF8AC2153F8060FA2686C909B88049108
:10581000ADF8B4317B68A98BD3F814B06B680591EF
:105820009B1A9BB2D218A260A289D5F81090D31A05
:10583000A3810026B84664E0642E64D0A368E289A0
:1058400003F10E0712F4005218BFB4F85020BF073E
:10585000A089998905D04746FB6E1A6C01321A64FB
:105860005BE01218DFF808A10F0A92B247EA01279D
:105870000392A18ADAF800200E3752F82120BFB235
:105880001AB13A4AF91C0A4000E03A46039991429B
:1058900005D04746FB6EDA6B0132DA633DE06AAA57
:1058A00000926CAA0192049805992A68FFF76AFF92
:1058B000002832D1E3899B0407D5B4F8503023B1D6
:1058C000A389FF1AA4F8507000E0A7812246D8F8F7
:1058D0000000594619F0BCDEE38995F8222023F038
:1058E000070302F007021343E38106AB43F82640A7
:1058F000A28ADAF80030013653F82240039BC3EB4A
:105900000909002C98D14746B9F1000F01D105AB28
:105910000FE0FB6E5A6C01325A64584669690022E6
:1059200001F0ECDD1DE053F8042F0021918209F114
:105930000109B145F7D124B158462146002201F0B2
:10594000DDDD00240BE006AB53F8243095F8292068
:105950000093386804999B6825F066DB0134B442F3
:10596000F1D16FB0BDE8F08F2B380100FCFF0100D2
:10597000E80300002DE9F04FB1B0DDF8F4800793A3
:1059800000230F922F9308F138023A9B0B92D1F823
:1059900008215B880C92079A0E931388814603F0C6
:1059A000FC03A3F120077B4243EB07030C463C9E1C
:1059B000856908932BB13A9B4FF0300B04330A935F
:1059C00003E0089A4FF0100B0A920021282210A839
:1059D000FCF348F51AA800212822FCF343F5D5F87A
:1059E0006C332BB110A805F55B712822FCF3B6F4DB
:1059F0000C9B0DF1400A03F138070DF1680C3A4693
:105A0000534628462146CDF800C0CDF818C024F0F2
:105A100065DAD5F8843439469B7824AF00220B9898
:105A20006FF0BEDE384600212422FCF31BF508F19E
:105A30004D03DDF818C02593CDF898A0B8F868306C
:105A40000DF1B40A504600210822CDF89CC02893DD
:105A50002496FCF307F57368CDF800A0C3F3004368
:105A60008DF8B43021465A460023D5F894062E9777
:105A700053F03AD804F1DC0300F1060A079A0D93BB
:105A80008DE808042FAB0A32029307465946284690
:105A900004F1E203099220F08BDE844618B911224A
:105AA000A8F86820E9E02F9B0022012119705A70A4
:105AB0002A6A1268022A04D194F92C210AB92122F7
:105AC0001A70216D40F237120A4032B194F8582012
:105AD0001AB11A8842F010021A8095F8722432B175
:105AE0002A6A527D1AB11A8842F480621A80B8F884
:105AF000682021465A80B8F820209A802F9B2DAA32
:105B000006338DE88C002F93D5F894065A4600236F
:105B1000CDF818C052F056DFDDF818C0002840F06C
:105B20009980009498F81820E368029003900192FD
:105B3000DA6828463346614624F01AD8B8F8683047
:105B400023B13046022176F0A5DB83E02F9B063B94
:105B50002F93B36898050CD596F8243003F003030F
:105B6000032B06D1D5F87C06214632465DF0C6DA15
:105B700083E0B8F820303146A6F8CC30284676F0DD
:105B8000B9DF0C9A022192F860300E9A30469342A7
:105B900038BF1346A6F8FA3076F004DED4F8EC30BD
:105BA000190309D5284621461AF038DD012803D10A
:105BB0002846214646F0F2DE2B689B6AF362089B7A
:105BC00053B10D980A990622FCF3B4F320B148466C
:105BD0000999E26836F0A6DF0999E268484636F08E
:105BE000C5DC2A68D4F8EC1092F84F2011F4005369
:105BF00018BF022312F0030205D0CA045ABF72680C
:105C0000C2F3004200227F218DE806000B9806F1C6
:105C10003C0100226FF0F0DE2846314677F058DB79
:105C2000606920B106F11401012201F0D9FFD4F816
:105C3000EC309B0404D5D5F84C01214660F064DBC0
:105C40002B6893F8693133B128462146012202F0CE
:105C5000BDFF00E0BA463B9B3A9A01932F9B00920E
:105C60000293484621460F9A079BCDF80CA0049654
:105C7000CDF8148036F054D905E048462146079AFD
:105C8000434635F029D931B0BDE8F08F2DE9F04F0A
:105C90008569E3B0924698469DF8B421D5F8643101
:105CA0000C4607921BB19B79002B40F06A812B6850
:105CB00093F82F30ABB1236D990712D594F8A43027
:105CC0007BB100F05FDFD4F8B0103EF0D7DE0028E3
:105CD00000F06C810023C4F8A830C4F8AC3084F81C
:105CE000A430A3791BB12379002B00F04A81BAF8C4
:105CF00000B01BF4804B65D00AF10A032846214608
:105D00001A46069376F080DF0746002800F03981B6
:105D1000D0F8D030002B00F0348198F803909DF833
:105D2000B8314FEA99190BB3D5F89C3253F8296072
:105D3000E6B13369D3B1337AC3B1414603225BA8DC
:105D4000FCF30CF35BA806F1140132690330FCF399
:105D500005F331695BA8033108AA02F0AFDA6C9A47
:105D600008F10400111F08AA02F0CADA09F11C099F
:105D700054F8293093B11A696C984146143308F0ED
:105D8000F5DCC0B9012300900193029003900490C8
:105D9000214628461722069B1AF05ADDD7F8D00074
:105DA00001F088DB0023C7F8D03003230F260693C9
:105DB0004FF00109D2E06C9A08F10408083A6C929D
:105DC0000F2601E05E465F46B8F80230B8F8009052
:105DD00006932B6893F8623173B1B9F1030F0BD1BD
:105DE0006C9A079B00920193D5F8600821465246B1
:105DF000434674F057D8C4E0069A032A00F2C180E3
:105E0000BBF1000F67D1012A40F0CC80B5F8AA01A0
:105E100022F014D90AF10A0B031C214618BF0123F2
:105E200028465A4676F0F4DE014610B1284676F050
:105E3000F1DE284621465A4676F0E8DF074600287C
:105E400000F0B2804368DA0408D52A6892F830205E
:105E5000002A40F0A98023F4805343602846394645
:105E600025F0B2DDB9F1000F03D0B9F1010F2BD14C
:105E700012E0B4F9543094F94420384601211BB99A
:105E800016B976F0B9DC01E076F01EDA97F8243026
:105E900013F001031DD118E0B4F95430012B18D0D0
:105EA0003846494694F9442076F00EDA00238DE80E
:105EB00008020293039304932846214617225B4667
:105EC0001AF0C6DC0D2649E000230122009301925E
:105ED000EFE7002E42D100210C225FA8FCF3C2F2B2
:105EE000344B0DF5927B5F93334B002128225846AB
:105EF00060936195FCF3B6F2069BADF8346153AE46
:105F00003046002120224A93CDF824914B97FCF390
:105F1000A9F26C9A08F106030193931F009602936D
:105F2000D5F894062146B0225FABCDF868B152F0A7
:105F300003DEBDF834618EB987B197F82430D807F5
:105F40000CD52846214604220AF10A030096019640
:105F5000CDF80890039604961AF07ADC069A20464B
:105F6000531C0193002303930493079B0AF10A0136
:105F7000059304F1DC023B46CDF800900296FDF754
:105F80006DFC284621460AF10A0276F03DDE68B132
:105F9000A3795BB190F82430D90707D52B689B6AA9
:105FA000836203E00E26D9E70126D7E763B0BDE898
:105FB000F08F00BF11148400151484002DE9F04FF8
:105FC0009A46836EADF5077D81468669CB58D1F838
:105FD0000C01919C0D460D92DDF8408212930C90BD
:105FE000002C00F0AA82002131A86C22FCF33AF2C6
:105FF0009DF848320D998DF8DC30B4F8CC303391EF
:10600000CDF8D0A0CDF8C4903295CDF8D480369498
:1060100023B9206947F04AD8A4F8CC00B4F8CC20C2
:10602000D5F808310021ADF8E4204CA828221093BF
:10603000FCF318F20D98BAF800200388ADF82C2074
:1060400003F0FC03A3F12000434243EB0003D9B269
:106050008DF8473093B20A934B010E9394F8243095
:106060000F9103F00303032B03D1A368990500F1FB
:106070003F82D6F864311BB19B79002B40F05782E8
:10608000336893F82F30ABB12B6D9A0712D595F882
:10609000A4307BB100F076DDD5F8B0103EF0EEDC38
:1060A000002800F04A820023C5F8A830C5F8AC30BB
:1060B00085F8A4300F9820B1B8F1090F40F237826B
:1060C00009E0B8F1030F40F23282A8F104010AF1AD
:1060D000040B099104E0A8F10A020AF10A0B0992E3
:1060E00000276763A763304621463A4676F0B4D965
:1060F000099BCDF8F4B0012B3E93CDF8ECB040F302
:1061000016829BF80130099802339842C0F20F8240
:1061100039460C2283A8FCF3A5F1704B39468393D2
:106120006F4B282284936AAB184608938596FCF33C
:1061300099F156AA0DF5E87C6B9260AA6C926046C4
:1061400039462022CDF81CC06A94ADF8C871FCF322
:1061500089F1089B09997B933368DDF81CC093F89B
:106160004F30029103F00303CDF800C0CDF804B026
:106170008DF8E8310E9AD6F89406294683AB52F092
:10618000DBDCBDF8C8210E9208B11746BFE1BDF8AF
:106190002C30D4F8E000A4F8F83038B1417802315E
:1061A000FDF322F7D0F1010038BF00200B900B98CF
:1061B000EB6D8DF8E60023B12A6D40F237131340E2
:1061C00013B92B6D5B060BD5D4F8E03043B9AB792E
:1061D000002B00F08F81D5F8EC30980440F18A81D3
:1061E000304656A960AA4CAB1AF0F6DE002840F003
:1061F000858196F81C259DF844319A4240F07E81B5
:1062000094F8243099070BD594F8D73023B1304651
:106210002146012239F0C0D92046FE2176F03AD835
:1062200095F94430002BC0F2718194F82430DA07DC
:1062300040F16C81336893F8A9304BB1D6F8700106
:106240002AF04EDD022803D10A99CB0540F1548192
:106250006D2215A80021FCF305F10023DDF830E1E3
:106260001A4612E086A8C11811F8E41C01F07F015B
:106270006C2909D81B48405C30B115AF40B2795445
:1062800032EA200228BF012201337345EAD1616856
:10629000336A21F007016160587D12F1000C18BFCC
:1062A0004FF0010C18B112B941F0010161605B7D42
:1062B00033B10A99480503D4636843F0020363606D
:1062C0000A9A12F02002139203D0636843F0040389
:1062D0006360109B986B002314E000BFB111840031
:1062E000CD138400581689001099CA1892F83C20E2
:1062F000110606D502F07F0215A98A5C002A00F07B
:10630000FD8001338342EFD1336893F84F309A0711
:106310002AD06D9941B34A7830460232CDF81CC07C
:1063200054F09CDA002207460092304621463A4655
:106330000023FBF701FCDDF81CC0AFB151A810220F
:106340000130F91CFCF30AF051AA0023F11891F86E
:10635000011312F8010F0840884240F0CF8001334A
:10636000102BF3D14FF0020C129B9C45C0F0C6805D
:10637000EA6D22B1296D40F237130B4013B92B6D32
:106380005B060BD5636B23B1A16B40F237130B4057
:1063900023B92B6D13F0410F00F0B8800A98C006A6
:1063A00018D5296D40F237130B409BB9490601D52A
:1063B0000B9979B130460D9E002301220093019282
:1063C0000293039304932946172206F10A031AF055
:1063D0003FDA9BE0E2B12A6D40F237131340BBB1C4
:1063E000D30715D594F8D630012B11D1636B7BB14F
:1063F00005F1DC03009305F1E20301930227304627
:106400002946224604F11403029726F097D87EE02D
:10641000336893F830304BB9336A1B68022B05D1CF
:1064200095F92C3113B91398002869D0336A1B6889
:10643000022B05D199F8003013B10A99480561D5AE
:10644000304619F07BDDD9F8283098425CD23046CE
:1064500029461AF0E3D8D5F88430984254D2D5F8BA
:10646000EC30990408D5D6F84C0121465A46099BD0
:1064700060F016DA002849D10E9A4CA9ADF82C210B
:106480003FA82822FBF36AF70C99486B08B101F08A
:1064900011D80F9A1AB1AAF1060A08F106089DF858
:1064A00047000C9B83F83C00404600F0F1DF0C995C
:1064B000486308B9886306E042465146FBF34EF74D
:1064C0000C9AC2F8388001238DF8F03104F11401E0
:1064D000002306227DA8ADF8F231FBF33FF731AB84
:1064E0000093304629467CAA234635F051DD24E04E
:1064F0001E270CE00D270AE0162708E0122706E009
:10650000132704E0192702E0112700E00C2731AB24
:106510000393484629467CAA0D9BADF82C71CDF813
:1065200000A0CDF804800294FFF724FA05E0484665
:1065300029460D9A31AB34F0CFDC0DF5077DBDE86F
:10654000F08F00BFD1F80C0130B5446B4CB1816BBA
:1065500039B190F83C50002D0CBF04250A25A94202
:1065600003D200211160196030BD251D156019602E
:1065700090F83C0018B106390A34196014601A68A2
:10658000043A1A6030BD0000024B00F00F0053F8CF
:1065900020007047746501002DE9F04FCB88D0F8DA
:1065A00010218BB09B0605460E460468D0F80C718E
:1065B0000892D0F804A11DD5036D9A0712D558078B
:1065C0000BD501F16F0004217CF0BADC90B906F123
:1065D000830004217CF0B4DC60B994F8413513F0F9
:1065E000020F05E0DA0705D594F8413513F0010FE5
:1065F00040F02B8320462946728E16233CF0D6D8D5
:10660000002840F04083738E204613F4404F0CBFA7
:10661000002201220A3254F822902A46494621F0EB
:1066200069DFFF28804600F02E8394F8903243F013
:10663000040384F89032236893F83B303BB1204642
:10664000294642465AF000D9002840F01C83236AAC
:10665000186961F0DFD840454DD0236A186961F0B0
:10666000D9D8FDF387F383464046FDF383F3834592
:1066700009D1236A186961F0CDD808F4605300F499
:106680006050984237DC7B68022B0AD1BAF8BE30E2
:10669000DB0706D5BB68182B03D0089A536B042B75
:1066A00029D1D4F8580141464CF062DB204628F04D
:1066B0001FDC7B68022B08D1B5F954302BB9D4F814
:1066C000D4062946324651F0B5DA2046414626F036
:1066D00041DF236893F83B304BB1D5F83C33596820
:1066E000D4F8C035994202D0204623F0ABD82046DA
:1066F0001FF0ACDE0FE0D4F8580141464CF042DF09
:1067000048B1D4F8580141464CF032DB0021204614
:106710000A4622F00BD8236893F83B3093B1D5F8A2
:106720003C335A68D4F8C0359A420BD0204628F042
:10673000DFDBD5F83C332046596823F083D8204668
:106740001FF084DE09F15003C822504631460993F8
:10675000FBF304F6D9F80030AAF83280022B07D1F7
:1067600099F81580D8F1010838BF4FF0000801E012
:106770004FF00008F38813F020030DD0236893F83E
:106780004F3013F0030307D0D5F8EC3003F48053F7
:10679000D3F1010338BF0023DBB20AF1380B0793B2
:1067A000FF22B8F1000F18BF00238DE80C005846F7
:1067B0005946002243466FF01FD9D4F88434584616
:1067C000099901229B786EF0EBDF00282ED1B9F8F1
:1067D0000820D9F80090B8F1000F05D120464146B5
:1067E000069220F03BD9069ABAF8323003F460538F
:1067F000B3F5205F08D0B3F5C05F07D0B3F5805F75
:1068000014BF0A23142302E0A02300E02823FF2161
:1068100001910290CDF800800393D4F88434584657
:106820001B79099904934B466FF0AAD8D5F8EC3040
:1068300098040CD52946204620F010D9FF23009358
:10684000019059465846002202236FF0D5D82046C1
:10685000594623F0D9DA96F93420204600322946E9
:1068600018BF012246F0F2DC96F93430E3B9D5F8CE
:106870000831012283F86020D4F8440129465BF0F6
:1068800097D9284631463BF023DA28460E213DF0C1
:106890005BD82946204646F051DE204629467A68D4
:1068A000BB6845F007D8CCE1D5F8EC30990405D5A4
:1068B000D4F84C01294652465FF0BADC20462946FE
:1068C000324676F0A3DA804638B9204629463A4661
:1068D0000BB0BDE8F04F3BF09D9F079AF2B1DAF89C
:1068E0006830BAF86C900C33A9F10C0919464A4685
:1068F0002046069353F0CCDF069B844619464A4651
:106900002046CDF818C053F099DFDDF818C00022FA
:10691000034600922046414662460AE04368DA0395
:1069200009D5F3889B0606D4079B20460093414671
:106930001A46FBF701F9D8F80430D5F8EC2043F4F7
:106940008053C8F8043012F400524FF07F0308F16E
:106950003C01009305D0079A584601920223002279
:1069600003E0079B5846019313466FF045D8204635
:10697000414676F0ADDC204629463AF0C1DD236879
:1069800093F862315BB1EB6D580308D5BAF8BE20BD
:10699000D4F860084146C2F3801206F095F898F8E2
:1069A000243013F00C0F40F04681B5F954A0236851
:1069B000C5F800A193F86231002B7DD0EB6D19066C
:1069C00005D5D4F86008294673F054DB10B9EB6D97
:1069D0005A033CD500232946C5F80031D4F8600895
:1069E00073F032DA29468246D4F8600873F040DA50
:1069F00088B14FF4802920462946324608238DE885
:106A000000063DF019D830B10323C5F80031C5F8B0
:106A10005C909A461BE0D4F86008294673F02ADBA4
:106A2000A0B14FF0800B4FF00009204629463246B6
:106A30000223CDF800B0CDF804903CF0FDDF28B182
:106A4000C5F80091C5F85CB0CA4600E08246D5F8AA
:106A50000031032B0BD1D4F8DC0629463246EB6D0E
:106A60006CF002D818B10023C5F800319A46D5F869
:106A70000031032B20D1D4F8600805F065FA50B13D
:106A8000D4F86008414605F063FA20B1D4F86008F4
:106A9000294605F01FF9D4F86008294642463346D6
:106AA00073F092DA30B1284608210BB0BDE8F04F00
:106AB0003CF04A9FC5F800A1D7F80490B9F1020F45
:106AC0001DD1BAF1000F1AD1D4F8D40629463246A6
:106AD00051F0C8D898B1D5F80801FCF32FF370B97C
:106AE000D4F8D00629463246C5F800917BF00EDA7C
:106AF000D4F8D4062946324651F016DBCA460C219A
:106B0000404675F04FDE7B68022B23D1089A536B09
:106B1000093B012B1ED893464FF00009134616E09F
:106B20000A2000FB0930D5F80811623006220693CE
:106B3000FBF300F4069B30B94FF49672ABF8682073
:106B4000012283F8502009F101090BF10A0BDA6CDC
:106B50009145E5D37B68022B33D12B7A002B30D0C3
:106B6000BAF1020F2DD1B6F8BE30DB0729D5089A4D
:106B7000536B042B25D0BB68182B22D0284622F05B
:106B80004DDF18B12846002127F058D82846182193
:106B90003CF0DADED8F80C30D4F8D406D5F8082169
:106BA0001BB11969002908BF00230093B6F86230B1
:106BB0002946C3F340130193434651F013DA0646C6
:106BC00029E0284608213CF0BFDE4FF001090023F0
:106BD000CDF800A0CDF80490029303930493B6F887
:106BE00062303246C3F3401305932846434608F10A
:106BF0001401FCF733FE2368064693F869311BB194
:106C00002046494648F0D2D8A06839684FF49672B9
:106C100000230CF02FDF46B1D4F888041B49B5F8E7
:106C20002E21334660F0F8DA0BE0A06839684FF4A3
:106C30009B72334603E00022A068396813460CF0CB
:106C400019DFBB7F0133BB771DE0F388708E23F41F
:106C50006663F380FDF38EF040F480501FFA80F8F5
:106C6000708EFDF387F0B6F8BE300E288CBF4FF45F
:106C70004040002048EA000823F00A03A6F83280CA
:106C8000A6F8BE30B6E40BB0BDE8F08FA590840046
:106C90002DE9F04F9A461388D0F80C61A3B003F0A9
:106CA000FC030993B36894460B3BBAF80220012B0E
:106CB00004468B46DDF8B0900568D0F80471ADF855
:106CC00028201FFA82F80BD80CF110003946062252
:106CD000CDF818C0FBF32EF3DDF818C0034660B101
:106CE000099A2046B2F1100318BF01230093002334
:106CF000019306210CF10A0248E0306C20B10693A2
:106D000000F0D8DB069B7364484600F0C1DB3064BA
:106D100028B1C6F8449051464A46FBF31FF32B684E
:106D200093F844303BB1D5F86001BAF802104AF04C
:106D300037DCAAF80200B8F10B0F10D17368012BF1
:106D400013D0B3680C2B10D00023009321462846A3
:106D50005A463B463BF0C6D820460C2177E0B8F1B6
:106D6000000F16D0B8F11E0F13D07368204613F130
:106D7000FF3318BF0123009397F934303A46D3F11B
:106D8000010338BF002301930121434639F0AEDBF4
:106D9000C1E02B684FF000089B6AA9F10602CBF80E
:106DA0002C300AF10603079308920393049243469A
:106DB000284621465822CDF80080CDF80480CDF831
:106DC000088019F045DD41460C221FA8FBF34AF369
:106DD000524B41461F93524B282220930DAB18462D
:106DE00006932195FBF33EF3BDF828200DF15C09D5
:106DF0004146ADF8382048462022CDF834B0FBF3A8
:106E000031F3069B089A1E93079B02920193CDF8DB
:106E10000090D5F894062146099A1FAB51F08CDEFC
:106E20008046002877D1BDF83890B9F11E0F11D1F6
:106E3000129B2846F36421463AF062DBF26CA868A4
:106E400031681E3243460CF015DE204619213CF015
:106E50007BDD60E0D4F8EC309B0406D5D5F84C011E
:106E60005946079A089B5FF07BDDBAF80420A4F826
:106E7000F62095F87338A5F8582383B19204286951
:106E8000C421920C44F0C6DA05F506600930394693
:106E90000622FBF363F297F83230A5F87038736876
:106EA000204613F1FF3318BF0123009397F93430C4
:106EB0003A46D3F1010338BF0023019300214B462A
:106EC00039F014DB204659463AF026DAD5F8683214
:106ED0009C4220D0E36DF3B9236DD8071BD5E36E38
:106EE000591C18D01C3354F82320A2B1117A01295F
:106EF00001D003290FD15089D3798DE8030002F125
:106F0000140102910021049105910397284621461E
:106F1000126954F0C3DD23B0BDE8F08FD55484006E
:106F2000616184002DE9F04FA5B092460C939DF865
:106F3000B820D0F80C310D920993BAF80220D0F89D
:106F4000043101F10A07BAF8049004460B91056870
:106F50000892384619460622BAF800B01FFA89F896
:106F60000A93FBF3E7F100282ED1284621463A4642
:106F700075F04ADE0646002826D0099A9368082B49
:106F800001D00A2B20D1726842F4805272602A68C4
:106F900092F8622172B1BBF1030F0BD10C9B0D9AD9
:106FA00000930192D5F8600821460B9A534672F07F
:106FB00079DF92E0082B02D1089B022B03E00A2B19
:106FC00007D1089A042A04D0002300932046062102
:106FD00080E0B8F1000F06D0CDF800B020460121C6
:106FE0003A46434677E041460C2221A8FBF33AF2A9
:106FF0003B4B414621933B4B282222930FAB184633
:1070000007932395FBF32EF2089AADF84C900DF1FF
:1070100064091092414620224846CDF83CB01196B2
:10702000FBF320F2079B0C9A20930AF106030193CD
:10703000931F0293CDF80090D5F894062146B02214
:1070400021AB51F079DD002847D1BDF84C30002B41
:107050003AD1BBF1010F37D1089A022A34D10A2163
:1070600020463CF071DCF368129A06F114011BB162
:107070001869002808BF002303930D9B01204FF0DF
:10708000030C4FF0000E8DE801500492059320464A
:1070900033460A9AFCF7E2FB2146064628463AF0B8
:1070A0002FDA46B1D5F888040F49B4F82E213346BB
:1070B00060F0B2D811E0099AA868116833464FF41D
:1070C0009B720CF0D7DC08E0191CCDF800B020460C
:1070D00018BF01213A463DF025D825B0BDE8F08F14
:1070E0006D61840071618400A59084002DE9F041F8
:1070F000876806467D68B86851F805800C46FAF343
:10710000D1F2C8F80400002830D063590021586833
:10711000E422FBF3A7F1F86854F80580FAF3C2F211
:10712000C8F8080010B3635900219868E822FBF3FF
:1071300099F163592949D3F8088033683246C8F871
:107140000030986800230CF03FDDC8F8680068B193
:1071500063592349D3F8088033682246986800238E
:107160000CF032DDC8F8C00000282FD163599B68AD
:10717000FBB1996E39B1336898680CF00DDD635935
:1071800000229B689A6663599B68D3F8C01041B18E
:10719000336898680CF000DD635900229B68C3F8DF
:1071A000C0206359F8689968FAF3A2F26359002283
:1071B0009A606359596861B1B868FAF399F26359F2
:1071C00000225A606FF01A00BDE8F0810020BDE88F
:1071D000F0816FF01A00BDE8F08100BF55BE840059
:1071E0009DBC84002DE9F04F9FB006468B461446A7
:1071F000D0F800900493002B00F0DE828368049A9C
:107200005B681146D35848465D689B681CAA059385
:107210001BAB36F043D860B15CB9059C202204F169
:1072200048001B99FBF39AF02022E2804FF0870C74
:107230000DE0062C00F2C382DFE814F00700C10263
:107240006F00C1026C01C102E4014FF0710C049C9B
:1072500063464846716804F11402CDF80CC07DF015
:107260003DDBDDF80CC08046002800F0AC82BBF1AD
:10727000030F06D1D5F8D030B3F5802F08BF4FF0FB
:10728000000BD8F80840ACF112039BB21B0204F1CA
:10729000120A238200215F225046CDF80CC0FBF376
:1072A000E1F04BF088039BB21A0AE27423752B8B32
:1072B00005F11C071A0AA375627548463946202253
:1072C0001FF048DD04F11F0039462022FBF346F091
:1072D000DDF80CC0ACF1710C1FFA8CF3BBB11A02D3
:1072E000A4F86F20023BDD2284F8712084F872300C
:1072F0008749032204F17300FBF330F0042384F880
:10730000763004F177001C991022FBF327F00B2351
:107310005F462B604FF0000B5AE2BBF1030F07D121
:10732000D5F8D070B7F5802F14BF0327002700E0F1
:107330005F46D5F8D000802802D0B0F5802F04D168
:1073400047F49E5747F0080703E0042802D147F4AA
:10735000E477BFB2D9F8003093F8624154B1F6F740
:10736000A9FF40B1D9F8600804F0EEFD18B1B5F8F6
:10737000D40000E02046AC88D5F8D0300419A4B27F
:10738000802BADF8764002D0B3F5802F25D117F4CD
:10739000805323D0B6F8108018F0010808D1304689
:1073A0003FF03EDD30463FF05FDD013000F00B8204
:1073B00033687168D3F87C065BF062DDB6F87C3028
:1073C000BDF876202633C31812F007029BB205D011
:1073D000C2F108029B189BB200E0002371341B1914
:1073E000049C4846716804F114029BB27DF076DA81
:1073F0008046002800F0E781846800215F2204F1C4
:10740000120A227461745046FBF32CF03B0AE374B9
:1074100027752B8B05F11C011A0AA375627504F1FF
:107420001F002022FAF39AF7AA8804F17100A968D4
:10743000FAF394F7BDF876301A0A42EA0323A4F867
:107440006F30D9F8003093F86231B3B1D5F8D0007D
:10745000F6F730FF88B1D9F8600804F075FD60B127
:10746000AB68002B00F0B381A888D5F8D810504441
:107470005F30B5F8D420FAF371F7D5F8D030802B0F
:1074800002D0B3F5802F33D1F80431D521460DF168
:10749000760230463FF074DCBDF876301A0A42EAD4
:1074A0000323A4F86F30049A936899050FD53368C5
:1074B0002246D3F87C0671680DF176035BF02CDD73
:1074C000BDF876301A0A42EA0323A4F86F30A37B92
:1074D00030460093294652465B463FF0ABDA013016
:1074E00006D1D9F804004146002200F007D866E131
:1074F00094F86F2094F8703043EA0223228AD3185C
:107500009BB21A0A42EA032323820C2316E100BF2E
:107510003738010096F87A704BF4607B3F0107F032
:1075200030074BEA0707B6F87CC0BFB20023BA07A2
:1075300054BF0CF1710C0CF1790C049C1FFA8CFCFB
:10754000ADF8763048466346716804F11402CDF810
:107550000CC07DF0C3D9DDF80CC08046002800F0D7
:10756000328184685F234FF0000B04F1120AACF102
:1075700012022374594684F811B05046FAF372F798
:107580003B0AE3742775B6F87C3006F1BE011A0A8F
:10759000A375627504F11F002022FAF3DFF61022B2
:1075A00006F18E0104F13F00FAF3D8F6082206F145
:1075B000FE0104F14F00FAF3D1F6B6F87C2006F193
:1075C0005A0104F17100ADF87620FAF3C7F6BDF860
:1075D000763030461A0A42EA0323A4F86F30A37BC0
:1075E00029460093524607F003033FF023DA0130A7
:1075F00040F096804146D9F804005A46FFF37EF7E2
:10760000D846E0E0D5F8D030802B03D0B3F5802FFA
:1076100040F0D5803368AC88D3F87C067168ADF84B
:1076200076405BF02DDCB6F87C30BDF87620263352
:107630007134C31812F00702A4B29BB203D0C2F196
:1076400008029B189BB2E318049C4846716804F139
:1076500014029BB27DF042D98046002800F0B3802E
:1076600084684FF0000C5F224BF49C5704F1120A1F
:1076700084F811C06146BFB222745046CDF80CC0E8
:10768000FAF3F0F63B0AE37427752B8B05F11C0126
:107690001A0AA375627504F11F002022FAF35EF640
:1076A0000DF1780BA968AA8804F17100FAF356F677
:1076B0003BF8023D21461A0A42EA0323A4F86F3040
:1076C0005A4630463FF05CDBBDF876301A0A42EA93
:1076D0000323A4F86F3033687168D3F87C06224620
:1076E0005B465BF019DCBDF8763030461A0A42EA98
:1076F0000323A4F86F30A37B2946009352463B46F0
:107700003FF098D90130DDF80CC009D141466246FE
:10771000D9F80400FFF3F2F6DDF80CC0E04652E0C1
:1077200094F86F2094F8703043EA0223228AD31829
:107730009BB21A0A42EA032323820D232B604FF0E7
:10774000010B45E0B3F5802F14BFFE23022300E0B8
:107750000223504605F15C01082200F8053BFAF3CC
:10776000FDF517F0030104D1D5F8D000FDF38EF13B
:107770000146BBF1000F0CD0204605F18C0207AB8F
:10778000FDF394F1F0B10AF14D0007A91022FAF3CC
:10779000E5F573684146DA68484624F093DF059CB6
:1077A000D9F80800D4F8C0104FF47A7200230CF016
:1077B00061D94FF0010806E0DDF8108003E04FF0DA
:1077C000000800E0804640461FB0BDE8F08F9B46B1
:1077D0000323E373D5F8D030802BB3D1B8E700BFD3
:1077E0002DE9F04F054689B00E46D0F800A01F469F
:1077F000002B00F0878183685B68FB585C68D3F8D6
:107800000880D4F8D000F6F765FD002800F07C81F0
:10781000B8F1000F00F07A81BB68580507D4BB6B44
:1078200003F00203002B14BF0123022300E0032313
:10783000D4F8D0000793802805D0B0F5802F02D06F
:10784000042840F06581337D96F8139043EA0929B6
:1078500019F00303069302D1FDF318F1069004F129
:107860005C0B0120082306F117015A46FCF3F0F5E2
:10787000834500F04F8123680C2B00F0B7800D2B5F
:1078800000F018810B2B40F0458109F4DC73B3F54F
:10789000847F40F03F8104F13C032022184606F12A
:1078A0001F010493FAF35AF5BA68049B12F4806F2F
:1078B00009D12A68126892F86221C2B1D4F8D020A6
:1078C000B2F5802F13D108F148020092B8F80620D3
:1078D0006968019204F18C020292A28A07F11400F5
:1078E0000392E23104F11C02FCF346F522E06968E0
:1078F00007F1140C6046E23106220493CDF814C05F
:10790000FAF318F5049BDDF814C0002800F002819A
:1079100008F148020092B8F806206968019204F163
:107920008C020292A28A60460392E23104F11C02A8
:10793000FCF322F719F4807F10D0338A1A0A42EA46
:1079400003239BB25C2B40F2BF803046069904F1C2
:107950008C02FCF377F7002800F0DC80338A1A0AE7
:1079600042EA03239BB25E2B40F2AE8096F86F1082
:1079700096F8702042EA012202F15F018B42C0F0CA
:10798000A380C2B1E188B4F8DC30CB189A4212D19E
:1079900006F17100E16806F11209FAF3CBF488B13F
:1079A000E388D4F8E010994409F15F00B4F8DC20D2
:1079B000FAF3C0F430B1686807F1140111227DF0C8
:1079C00025D9A7E0002384F8CD302B68D8F8C01063
:1079D00098680CF075D858460821FDF35DF02846EC
:1079E000079902223B46FFF7FDFB93E009F4D873A9
:1079F000B3F5807F40F08E8019F4807F08D0304648
:107A0000069904F18C02FCF31DF7002800F0828037
:107A1000002384F8CD302B68D8F8C01098680CF09B
:107A20004FD8228A07F11406238B50468DE8440074
:107A3000696804F1AC027DF089D8D4F8D030802B8D
:107A400002D0B3F5802F02D11023236018E0042B5D
:107A500016D10D2323602B8AD90707D428463FF07F
:107A6000DFD928463FF000DA013053D058460821CC
:107A7000FDF312F02846079904223B46FFF7B2FBBC
:107A8000D4F8D030802B04D0B3F5802F01D0042B54
:107A900008D16B685046DB68792100933246062393
:107AA000FAF7D4FAD4F8D030802B27D0B3F5802F52
:107AB00030D123E019F4807F15D0338A1A0A42EAC4
:107AC00003239BB25C2B07D8DAF80030D3F8883058
:107AD0005A6E01325A661DE03046069904F18C0256
:107AE000FCF3B0F6B0B1002384F8CD302B68D8F8A1
:107AF000C01098680BF0E4DF1023236028463EF0A6
:107B0000F3DF07E0184606E0E92004E0404602E023
:107B1000002000E0012009B0BDE8F08F2DE9FF470B
:107B20000D9C064617469A468946002952D0002CDD
:107B300052D0836800685B68E3585D68D3F80880BA
:107B4000294606F01DFF09232B604846394630229E
:107B5000FBF382F0736848B1626BDB6DB2F5802F86
:107B60000CBF03F4802303F0800302E0DB6D03F01D
:107B70000403C5F8D0300C9B3068029321462A4696
:107B80004B468DE8800406F018FF30B37369012B73
:107B900002D1B8F8060000B3002385F8CD30336871
:107BA000D8F8C01098680BF08BDF0A232B60A3680D
:107BB0005B0507D4A16B01F00201002914BF01216C
:107BC000022100E00321304600222346FFF70AFB92
:107BD000012002E0084600E0204604B0BDE8F0873E
:107BE0002DE9F04390E86000D6F808318E465B8EB0
:107BF000174603F440437246A3F5404EDEF10003FE
:107C000089B004463146284643EB0E0375F000D890
:107C1000804600287CD047B1E368002B78D120460D
:107C20004146FFF763FA002872D1A3685B6858F8F1
:107C300003309F68238AD90702D420463FF04CD8EE
:107C40002B68C4F80C8093F86231ABB198F8D63049
:107C5000032B0BD1D8F83430B3F5802F0CD1284644
:107C6000414607F1480270F01BDC0FE023B9D8F859
:107C70003430B3F5802F09D0238A9A0708D507F14D
:107C8000480004F11A012022FAF368F32023FB8054
:107C9000FB88202B35D12B684FF00009D3F8E80082
:107CA000CDF81890CDF81C900590FFF3F1F307463E
:107CB00000282DD005AB8DE8080228465021D8F8C1
:107CC00010203B46F9F742FED5F81805314606AAC2
:107CD00007ABFEF737FC07F10C030093059B20462A
:107CE0000C3B0193E36801210293069A079B40F045
:107CF000D9D92B683846D3F8E8300593FFF3DAF387
:107D000006E0706906F11901327E43463FF054DA0D
:107D100009B0BDE8F0834FF0FF30704770B50446FE
:107D2000D0F8880000220A21D4F8D8300D0A33F8A0
:107D30001230CEB2CB189BB2013B46EA032605F0C7
:107D4000030503F440731D436FEA42636FEA534334
:107D5000A0F84035A0F82065A0F82C55A0F84035D3
:107D6000D4F8D83033F8125001324919062A89B2B2
:107D7000DAD1204698215A8843F04CDBD4F8D83029
:107D800020469A219A8843F045DBD4F8D830204623
:107D9000DA881B889C2143EA022292B243F03ADB44
:107DA000D4F8D83020465A891B899E2143EA022202
:107DB00092B243F02FDB2046BDE8704040F0EE9CCD
:107DC000F8B503688E210446D3F8845442F0E0DC11
:107DD000236840001B6886B293F8643106F15001B5
:107DE00006F1940789B2BFB213B1002385F86D3153
:107DF000D5F82031012B1CD002D3022B30D122E048
:107E000095F8E820012010FA02F295F8583192B264
:107E1000FF2B03D010FA03F31A4392B2204643F02B
:107E2000F9DA95F8E83001229A402046394692B2B4
:107E300014E02046B5F82A2143F0ECDA2046394612
:107E4000B5F82C210AE095F8E83001229A40204646
:107E500092B243F0DFDA20463946002243F0DADA04
:107E600095F81C2142B94C364FF6FE712046314040
:107E7000BDE8F84043F0CE9AF8BD0000D0F8941069
:107E800010B50831044641F0F3D803492046BDE857
:107E9000104041F0D59800BF6C4F010038B5437CCD
:107EA00004468B420D4606D039B142F005DB38B9A5
:107EB0004FF0FF3038BD002038BD4FF0FF3038BDE7
:107EC000002084F87600657438BD00002DE9F04389
:107ED0008BB0129F98460023032F04460D46139E35
:107EE000DDF85090089309930CD9042208A8414664
:107EF000FAF334F2072F05D909A808F10401042286
:107F0000FAF32CF25A2D089900F0B38032D8212DC3
:107F100000F0D08016D80E2D00F0A78008D8052DCF
:107F20005BD00C2D00F09D80042D40F09B817CE007
:107F3000142DC0F09781172D40F2A081202D40F024
:107F40009181C5E03F2D00F0F88009D8272D00F081
:107F5000CE803E2D00F0EC80262D40F08381D4E0D1
:107F6000522D00F02A81542D00F02A81442D40F03A
:107F70007981E7E06A2D00F0618116D8642D00F068
:107F8000408109D85D2D00F08680632D00F01B81B3
:107F90005C2D40F067817BE0682D00F0398100F2B4
:107FA0003A81662D40F05E812FE1792D00F05281FB
:107FB00009D8712D00F04681782D00F04E81702D8A
:107FC00040F050815AE17C2DC0F04C817D2D40F273
:107FD00055818C2D40F0468163E0E06F98E8A00069
:107FE000C66916F004060ED0002335FA03F2D60750
:107FF000D9B203D401330F2BF7D119462A463B4699
:1080000004F0DADC2CE129463246022304F0CADE11
:1080100029462A460223E06F04F000DFE06F29467C
:108020003A46022304F0E0DE2DE1B9F10B0F40F3F4
:108030001C8100210A460223E06F04F0B3DE002118
:108040000A4607460223E06F04F0CEDE0021054613
:108050000A46E06F022304F0E1DE37607560B0602D
:10806000FEE0E06F04F0B8DE3FE0D4F8800088491D
:1080700002E0D4F880008749FBF390F020B10021A2
:108080000A46FAF327F630E04FF0FF333360E9E0B9
:1080900094F81C31E3E0003118BF012184F81C1171
:1080A000DEE0099A4A4500F3E0802046334640F07E
:1080B00069D845E0072F40F2D8800029C0F2D88067
:1080C00002230093E06F0122099B04F01DDFC7E04B
:1080D000032F40F2CA800029C0F2CA800223009315
:1080E0000022E06F134604F00FDF3060B8E00B2F82
:1080F00040F2BB800029C0F2BB80099B002BACBFC3
:108100006FF016066FF00106BDE0072F40F2AD805C
:108110000029C0F2AD80099A002AC0F2A98000258A
:108120000095E06F2B4604F0FBDE30602E46AAE09F
:10813000E06F314604F034DE02E0E06F05F006D86F
:108140000646A0E0236898680BF046DD0746E06F1E
:1081500004F09ADE10B3E06F04F0B2DE054618B901
:10816000E06F012105F004D83368E06F0093736875
:10817000083601930023029603934168D4F88820BF
:10818000A368FAF3A1F0002814BF4FF0FF360026D1
:108190006DB9E06F294604F0EBDF08E0E06F04F012
:1081A00067DE002814BF6FF01D066FF01606236807
:1081B000394698680BF018DD65E0D4F860314EE080
:1081C000D4F864314BE03146102204A8FAF3C6F02B
:1081D000059D0C352846FFF35BF1044600284AD084
:1081E00031462A46FAF3BAF0238820461B0B012BAE
:1081F00004D0FFF35FF14FF0FF3644E0FFF35AF194
:108200003CE0236893F8183629E04FF4B06326E089
:10821000B4F81E3123E089B201292FD80323A4F832
:108220001E112046009319B120220221134602E0BC
:1082300002212022002342F083D811E0204640F0A2
:108240008BD952E74B1C022B1BD8204649B242F077
:10825000DDDB75E7C4F8381102E0D4F8383133605B
:10826000002610E06FF01D060DE06FF00D060AE02D
:108270006FF0010607E06FF01A0604E06FF01606D3
:1082800001E06FF01C0630460BB0BDE8F08300BF84
:10829000FA6C8900026D8900F0B587B00446066863
:1082A000D0F8885000210C2202A8FAF3DBF000235A
:1082B00020464FF0FF31704A059342F031D82368D1
:1082C0001B6893F8693113B1204640F08BD82046E3
:1082D00043F014D84FF40037204640F039DC0097C3
:1082E00004233069242105AA41F0AADA00210A46B4
:1082F000E06F04F081D96149204640F0A1DE2046BC
:10830000FFF70CFD02A9204640F05EDB20468021ED
:10831000082243F07FD80A2220465C2143F07AD815
:108320002046D4F8201140F0EDD9554A2046554951
:1083300041F0F6DF4FF00043C5F888314FF000738D
:10834000C5F88C314FF48043C5F828314FF48033A1
:108350006B620121204641F0D9DFE06F04F0F0D8D4
:10836000A4F81201A5F8A80616212046B4F8482062
:1083700043F050D82046C021B4F86C2043F04AD8CE
:108380002046C221B4F86E2043F044D8204618217C
:1083900004F1A4020223009741F09EDA0223204652
:1083A0001C2104F1A602009741F096DA96F858369F
:1083B0001BB1002386F8583606E000973069242167
:1083C00005AA042341F088DA20464421B4F8A82005
:1083D00043F020D820464621B4F8AA2043F01AD80A
:1083E000B5F888361B051B0DA5F888360123A5F8BE
:1083F0009C360025B5636319586910B1224B5B6840
:1084000098470435182DF6D11F4D6069AB6D98471C
:108410006B6F606998472046002142F0BDDC2368FD
:108420001B6893F8693113B1204640F00DD8A36F53
:108430002046598B4FF48072CC3142F0EBDF637CE5
:10844000032200921022002B14BF13460023204663
:10845000042141F075DF2046AE2142F099D94FF456
:10846000D8634000C4F82401C4F82831304640F0F5
:1084700091DC07B0F0BD00BF04040004943E01008D
:10848000000002400000064010A7880070B5036895
:1084900004461B6893F86931002B00F08180836FDC
:1084A000598B363142F074D9236D0646D80777D5FB
:1084B000636D190674D4E36F9A69920002D5DA6984
:1084C000D00704D5DB69D90701D45A0768D5E36E14
:1084D0009B0065D5D4F888304FF49675B3F8B42670
:1084E00092B242F00302A3F8B426D4F88820B2F87E
:1084F000B83623F0C0031B041B0CA2F8B836236D5A
:10850000D80719D5636D190616D4E36FDB695A07CE
:1085100012D5E36E9B000FD5D4F888300121A3F863
:10852000F016D4F88830B3F8F22692B2130A03F0AA
:108530000F0302F03F0213E0D4F888300022A3F8C2
:10854000F026D4F888300121B3F8F226A3F8F0160B
:10855000D4F88830C2F30512B3F8F236C3F303132C
:10856000042A02D10BB1042E02D04FF4FB750AE0AD
:108570006420FEF37BF4013DC1D1F6E7013D08D054
:108580000A20FEF373F4D4F88830B3F8B626D00787
:10859000F4D4B3F8B82692B242F0C002A3F8B826D9
:1085A00070BD38B58B7905460C463BB190F88E22EC
:1085B000002A21D190F88F22002A20D10122627155
:1085C00093B12B6893F8623173B1E36D58030BD507
:1085D000D5F8600803F0B8FC30B1637923B1D5F861
:1085E0006008214603F076FBA07950B12846214669
:1085F000BDE8384044F0A29F4FF0FF3038BD4FF047
:10860000FF3038BD43690BB90223436183690BB95D
:1086100014238361C36913B94FF41673C36183686C
:1086200013B94FF47A73836003690BB9034B036189
:10863000C3680BB9024BC360704700BF00350C0024
:10864000804F12002DE9FF4703680446D3F80090DD
:10865000D9F810309B6FB3F81AA099F81930002B95
:108660005AD040F2A47600253146D9F8100042F0E5
:108670008FD8B11C0746D9F8100042F089D86B0892
:10868000023504AAEDB202EB830347EA0040043648
:10869000062D43F80C0CE7D10AF1A40A5146D9F88B
:1086A0001000019F039E029D42F072D85146804601
:1086B000D9F8100042F06CD84BF6FF7202405146D8
:1086C000D9F8100042F0A6DE236A9F4202D2DB43B3
:1086D000D81900E0F81A636A9E4202D2DB43991966
:1086E00000E0F11AA36A9D4202D2DB435A1900E06E
:1086F000EA1AA368276298426662A56203D303233D
:1087000084F838300AE02369994207D2E3689A4234
:1087100004D2C8F3803002E0F52000E0012004B06C
:10872000BDE8F087F7B5099D0023032D06461746DF
:10873000089C009301930BD9042268462146F9F363
:108740000DF6072D04D901A8211D0422F9F306F620
:108750001C2F07D1D6F88030002093F838200A9BD0
:108760001A6001E06FF01600FEBD2DE9F0410446ED
:1087700016461F460D46002900F09D8030F0C4D8F3
:10878000D4F8A031804693F8661093F86C20002945
:1087900040F08880002A40F08580998842F20E726D
:1087A000013989B291422DD8206940F2EA3140F076
:1087B000D3DD90B120694FF47B7140F0CDDDD4F86A
:1087C000A0319A8841F64B539A4204D9206940F26D
:1087D000ED3140F0C1DDC5B200E00546206940F250
:1087E000EB3140F0B9DD012330B13B70D4F8A0315A
:1087F000002283F86E2033E03870D4F8A02182F88C
:108800006E302DE05A8D910706D5206940F2EE3189
:1088100040F0A2DDC5B223E012F0010214D0B3F89B
:108820007B10002973D0B3F87920002A6FD00A207A
:10883000414391FBF2F2062A69DDB3F87130012B56
:1088400067D0022B0DD166E032703A70D4F8A021C7
:10885000012382F86C30D4F8A02182F86E3000E059
:108860003DB900233370D4F8A031012283F86C2085
:108870001BE0D4F8A03193F86D20022A07D9012219
:1088800083F86620D4F8A03183F8675002E0002313
:1088900033703B70D4F8A03193F86D20013283F827
:1088A0006D2002E00AB100233370D4F8A031C3F880
:1088B0006880BDE8F081D0F8A03193F866202AB92D
:1088C000DB6E13F0FF1F13D1BDE8F08102221346C7
:1088D0002FF03EDC01232046294602222FF038DC0F
:1088E000D4F8A03183F86650D4F8A03183F86750EB
:1088F000D4F8A021002382F86C30D4F8A02182F8AB
:108900006E30D4F8A02182F86D30BDE8F0810625E4
:10891000AFE70225ADE70825ABE770B5036886B081
:108920000C460546002103A80A221E68F9F39AF5B1
:10893000BDF80C3043F01003ADF80C3094F8AC30B7
:10894000A3B1D4F88830D3F82031D8070ED520460B
:1089500042F0B8D9022200922046BDF80C30002126
:10896000102241F0EDDC204641F064D9012185F868
:108970003910336A186901F0C4FA06B070BDF0B559
:10898000036887B00C460746002103A80A221D6829
:10899000F9F368F5BDF80C3023F01003ADF80C3096
:1089A0002B699B6F5E8B94F8AC30002B3CD0D4F8D5
:1089B0008830D3F82031DB0736D5204642F082D903
:1089C0000222BDF80C30009220460021102241F016
:1089D000B7DC236DD80724D5636D190621D4E36F66
:1089E0009A69920002D5DA69D00704D5DB69D90704
:1089F00001D45A0715D5E36E9B0012D5D4F8883000
:108A0000B3F8B82692B242F04002A3F8B826D4F8E0
:108A10008820B2F8B83623F080031B041B0CA2F8A0
:108A2000B836204641F006D9002487F8394006F1CF
:108A300036012869224642F0EDDC06F1080128697A
:108A4000224642F0E7DC06F1F80122462869A43606
:108A500042F0E0DC3146286941F09ADE4BF6FF72C5
:108A600002403146286942F0D5DC2B6A97F839106C
:108A7000186901F046FA6B7E43B1286940F2A4718F
:108A800022460C2342F0DAD8204601E06FF00A00BB
:108A900007B0F0BD7FB551F8383B00221868D0F818
:108AA00068320092019202920122039104921946C7
:108AB0009822DC3317F0CCDE07B000BD38B5044691
:108AC000FFF7A0FD94F83830032B04D02046FFF7C1
:108AD000B9FD054600E0002594F83830013B032B32
:108AE00073D8DFE803F00213304C01202146FFF772
:108AF000D1FF012D08D1E36A626901339342E36239
:108B000063D3022384F83830002351E00220214649
:108B1000FFF7C0FF012D4FF000030BD1226BA169BD
:108B200001328A422263E3624FD3032284F8382061
:108B3000236338BDE26A616901328A42E2622363DB
:108B400043D3012232E003202146FFF7A3FF94F82C
:108B50003930012B07D120466168FFF710FF002351
:108B600023626362A362636BE269013393426363CE
:108B70002BD300236363042384F8383038BD0420EA
:108B80002146FFF787FF94F839301BB9204661680A
:108B9000FFF7C3FE012D4FF000030BD1E26A6169BC
:108BA00001328A422363E2620FD3032284F8382021
:108BB000E36238BD226BA16901328A42E36222631B
:108BC00003D3012284F83820236338BDF7B5036846
:108BD000044693F83C20002A40F0AC8093F86931B9
:108BE000002B00F0A78044F06BDF022840F3A28046
:108BF000204644F003DF002800F09C80206940F00C
:108C000059DA23680646DA6ED4F86872002A40F012
:108C100091801B7E002B00F08D8094F8D4312BB115
:108C200020461FF067DA002840F08480D4F8A03195
:108C30005A6B5278D1070CD4DD795DB1D4F8683223
:108C4000D3F814311B695B42AB42CCBF0825002529
:108C500000E0002506F00403002B18BF0825BB79AF
:108C600016F0100618BF4FF4007623BBD7F8083172
:108C700093F93430FBB13B7AEBB13B7C23B107F184
:108C8000DC00FAF35BF2B0B994F88D32012B12D10B
:108C900094F88E3223B1D4F8180535F019D850B9AC
:108CA000FB6DA3B13A6D40F2371313407BB197F8D7
:108CB0006030D3B10BE094F88D325BB1D4F88C22E4
:108CC0001D4B1340B3F5807F10D13B7C73B135430E
:108CD000ADB20BE094F88E323BB1D4F8180534F005
:108CE000F7DF002808BF002500E01D4602212046CE
:108CF0004FF402722B4600911FF060DC354219D010
:108D00000023D4F86422D15889B18A797AB90A7AD1
:108D10006AB10A7C5AB1D4F8440158F0E9DE014640
:108D2000D4F8440103B0BDE8F04059F0A9990433E8
:108D3000202BE6D103B0F0BD00FFFF002DE9F84382
:108D400005680446D5F8A031D0F83480D3F81090E7
:108D50002B699B6F5E8BFDF315F7A36CA064C31AA0
:108D6000B3F5617F01D2BDE8F883204645F0BAD95A
:108D700084F83000204644F033DF84F83100204688
:108D800045F088D894F8453084F85A005BB194F8DF
:108D9000403084F8303094F8413084F8313094F821
:108DA000423084F85A3098F801305B0721D5E76BE0
:108DB000284694F9311094F9302094F95A30B84784
:108DC0005FFA89F94845074613D02846394645F0E9
:108DD000A7D82869026D12F480020AD14EB1012F82
:108DE00006F1A40101D1602301E06022134642F0A4
:108DF00013DA28460122D5F86812FFF7E7FE98F843
:108E00000130980715D5A66B94F95A30284694F985
:108E1000311094F93020B04794F83230064683423E
:108E200007D02846044932461FF0F8D808B984F81C
:108E30003260BDE8F88300BF6FB0890073B5046885
:108E40000546204644F0DADDD4F8A031064693F812
:108E50005E20013283F85E20236893F86931002B8D
:108E60004AD0002848D0236A1B68022B44D101282D
:108E700003D12046294645F0B5DB6B6B5B78DB07F9
:108E800003D52846FFF75AFF36E0204645F05CD868
:108E9000D4F8A031DA7A72B1D4F86812D1F814118A
:108EA00009694942914206DD721E012A1ED95E738C
:108EB000204601210EE09A7A7AB1D4F86812D1F8EE
:108EC000141109694942914207DA042E0ED05E73EB
:108ED0002046042145F024D808E0597B31B12046D2
:108EE00045F01ED8D4F8A03100225A732046D4F899
:108EF00068120122FFF76AFE236893F86921002AAD
:108F000051D0226A1268022A4DD101228DF8062022
:108F10008DF807204EB3042E27D093F8412022B3BA
:108F200093F842200AB3D4F864210AB19279E2B9E5
:108F300093F83E30CBB1D4F8A03142F20E7299884A
:108F4000013989B2914203D9598D11F0030105D03D
:108F5000013E012E09D82046012100E020460DF1F6
:108F600007020DF10603FFF700FC9DF807109DF8BE
:108F70000630A1F101025142A3F1010041EB0201CF
:108F8000434243EB000302228DF80630204613468D
:108F90008DF807102FF0DCD820469DF8061002222D
:108FA00001232FF0D5D8236893F8693123B1236AC0
:108FB0002846196845F00CDFD5F88000FFF77EFDE4
:108FC00000207CBD2DE9F04705689A462B680446D1
:108FD00093F844008EB00F461646002838D00DF1A5
:108FE0000C094FF00008002124224846F9F33AF218
:108FF000414608220CA8CDF81080CDF80C80F9F37A
:1090000031F242464346D5F8C0063946CDF8349091
:1090100051F0FADCD4F8444180460FE08DE840017D
:1090200001330493D5F8C00639464FF6FF720CABF6
:10903000059451F0C9DC50B924684644049B002CC7
:10904000ECD1039A01209B18CAF8003000E0002000
:109050000EB0BDE8F08702680146D2F86C31D2F854
:10906000D80603F5C67203F5CE7305F077B8000095
:1090700000487047C4580100024B542202FB0030E4
:10908000704700BFBC65010000487047646601007E
:1090900038B58B781C1DA24230D30A78012A30D112
:1090A000142B34BF1A4614224B78022B04D0032B06
:1090B0001ED0012B28D101E0002315E0002307E09A
:1090C000CC18257990F8234001332C4380F82340B5
:1090D00001309342F4DB0FE0CC18257990F823405F
:1090E00001332C4080F8234001309342F4DB03E04D
:1090F00024300431F9F332F1002038BD6FF00D0057
:1091000038BD6FF0240038BD002038BD38B50446A6
:1091100010468A78151DAB420FD30B78012B0FD167
:10912000142A28BF142214238270C37004F124016E
:109130000430F9F313F1002038BD6FF00D0038BD95
:109140006FF0240038BD982970B504460D461646C8
:1091500011D8243012B1FAF35DF501E0F9F3D6F736
:109160002C2D0BD10121321CA06818BF01221DF04B
:1091700071D9002070BD4FF0FF3070BD002070BD70
:1091800070B505460C464EF067D8064680B190F89B
:1091900061309BB9836923B9E420FEF37FF1B061AC
:1091A00030B1F36953B9E820FEF378F1F06128B9E2
:1091B00028462146BDE870404DF04E9E70BD00002F
:1091C0002DE9F04F9A469BB00D46D1F80C31D1F8FD
:1091D0000461002800F0318189794468002940F059
:1091E0002C81297C002900F028819AF8011002299D
:1091F0001FD19B68182B1CD102F10A00D5F8081169
:109200000622F9F397F0A0B90AF1080031460622C8
:10921000F9F390F068B920462946D5F8082173F093
:10922000F3DC30B120462946324673F0EDDC0746C8
:1092300020B9002300932846062138E0BAF80E3002
:109240008BBB00210C2217A8F9F30CF17C4B0DF11C
:10925000140917937B4B002128220DF13C08484646
:1092600018931994F9F3FEF00023002120224046C0
:10927000ADF82430F9F3F6F00AF110030193249BC2
:10928000CDF80080103B0293D4F8BC062946D022CA
:1092900017ABCDF8589051F0D3DB002840F0CD80CB
:1092A000BDF824302BB1022200922846012132461B
:1092B000C1E0D5F8103193F8F430F3B9D5F818318E
:1092C0001B7AD3B994F890322846590744BF23F04B
:1092D000040384F89032012124F0B0DCD5F8103179
:1092E000012283F8F4204FF4FA70FDF3BFF594F8EF
:1092F000903243F0040384F89032B6F83280236A47
:10930000D3F804B008F44043A3F54042D2F1000A78
:109310004AEB020A003318BF01230A3354F82390A2
:1093200008F46053B3F5005F03D14046FAF3A2F5A9
:10933000804608F46053B3F5C05F27D1236893F8E3
:109340004F309B0714D0D4F85801D9F8041049F0D5
:109350000FDB00070CD499F8E530990708D5D9F848
:109360000030022B12D1D5F868339B789A070DD5BF
:109370004046FAF3FFF440F480539BB20E288CBFB2
:109380004FF440484FF0000848EA0308236A186980
:109390005EF040DA40451CD04146D4F8580149F00F
:1093A000E7DC204625F0A4DD2046414624F0D2D853
:1093B000236893F83B304BB1D5F83C335968D4F867
:1093C000C035994202D0204620F03CDA20461DF0FC
:1093D0003DD8204606F1380120F016DDD34524D0D3
:1093E000236A204639465A682B4673F03DDA2368D3
:1093F000206A93F84F30503013F0030307F13C011B
:1094000008D03B69D3F8EC3003F48053D3F1010367
:1094100038BF00237F228DE80C00002213466CF039
:10942000EBDA2046394673F053DF02230021009324
:10943000284632460B463AF075DE1BB0BDE8F08F89
:10944000A9B885000DBA85000B89F0B5C48F03F06B
:10945000F0060419360934F81650428FB0F83CE093
:10946000013634F81670CC688218864487B05219D9
:109470000EEBC50E2CB14E69C4EB060C8E6966442A
:1094800000E026467D1BADB2CDF800E00195C06836
:1094900002900868049403900596486819460023D2
:1094A0004FF084DF07B0F0BDF0B50C460989C58EDA
:1094B00001F0F006878E4519360935F81630C719C0
:1094C0004FF00C0E0EFB037787B0428E01360097EB
:1094D00035F816508218ED1AADB201958068D21891
:1094E0000290206800230390A0690490E069059031
:1094F00060684FF041DE07B0F0BDF0B50C46098959
:10950000C58E01F0F006878E4519360935F81630FC
:10951000C7194FF00C0E0EFB037785B0428E013653
:10952000009735F816508218ED1AADB20195806893
:10953000D218029020680023039060684FF0F6DE96
:1095400005B0F0BD2DE9F341B0F81280878AC68AD4
:1095500084798044C7198619F4B9254605F00F03AC
:1095600036F81310013336F813208A420ED00C4B14
:10957000521A181980884FF00C0E009092B208EB26
:109580000100E3580EFB01714FF0CEDF01350834C6
:109590000D2DE3D1002001E06FF01600BDE8FC8145
:1095A000685901000378FF2B01D0184670474378B3
:1095B00013B18078FF3070474FF6FF70704791E825
:1095C0000C0009895268B02902D11268032A08D018
:1095D00090F8420630B1D3F86433587810B10230B5
:1095E00070470020704706207047036873B5044633
:1095F000D0F82454D4F81C1498680AF061DA26E0F4
:10960000EE690BBBD4F8243405F10E029D4208BF6D
:10961000C4F824642068214673F0F6DA024640B1AB
:10962000012102238DE80A0020682146002372F000
:1096300053DF23682946586851F088DC94F82034B9
:10964000013B84F8203401E0013BAB6135461DB19C
:10965000AB695A1CD4D116E02368D4F82424986846
:10966000D4F81C143AB90AF097DAC4F81C5484F8F8
:10967000205402B070BD42F210722B4602B0BDE819
:1096800070400AF0F799FEE77FB5D0F824040E4643
:1096900015461C4698B104AB43F8040D0020009316
:1096A000014632462B4651F09FDC40B94EF660230E
:1096B0005C4342F21073B4FBF3F4039B9C6104B06F
:1096C00070BD00002DE9F0410546D0F80080D0F8CB
:1096D0001441FDF357F2D8F82030064618695EF0C1
:1096E00099D8D5F808315B8E834259D113F4404F95
:1096F00009D1D8F8003093F8693123B1404640F0E1
:109700000FD800284CD0A36C002B53D0E16C721AF8
:109710009A424FDB94F850301BB122695BB29342FE
:1097200048DB94F84430FBB12769EFB1FF1AD8F851
:10973000C4366FF0C7029742B8BF174613B19F42B5
:10974000B8BF1F46B4F90E30002B03DA1A48324670
:10975000F8F3AEF6002213462846394654F026D8D0
:10976000D5F80831228A5A8594F8453013B36769D1
:1097700007B3FF1AB4F93A3027EAE777002B04DA87
:109780000E48E16C3246F8F393F62846394600223B
:1097900054F05AD8D5F80831A48A9C85BDE8F081E8
:1097A000D5F80831DA8DE36CD318E3649B1B002BEA
:1097B000C8BFE664BDE8F081AEC58900DFC5890099
:1097C00010B5002012F04004187002D012F0800F83
:1097D00015D011F4007005D012F0800F02D00120D6
:1097E000187010BD490501D5130605D530B9D4F15F
:1097F000010038BF002010BD002010BD012010BDA9
:109800002DE9F04F836B0D46596C044640F23950F8
:1098100087B09246002281428DF8172003D040F293
:109820008B50814208D1B4F8522002F44042A2F594
:1098300040414A4242EB01021869039268F072D833
:1098400028B3D4F8E4235AB1D4F8F803012169F01D
:109850007FDE28B9A36BD4F8E413986869F0A8DC1C
:1098600094F8943083B9D4F8F803B4F85210012274
:1098700069F038DEC4F8E40330B1BAF1000F03D167
:1098800020465EF04FDD46E10023C4F8E433B4F82F
:109890005210A36B01F46051B1F5005F986805D0D8
:1098A000A1F5C052514241EB020100E0022169F0F2
:1098B00071DC0646002800F02E8135B1204629468D
:1098C000B4F8522033465EF007DDB4F852904846B3
:1098D000FAF350F209F46057A36BB7F5005F98688C
:1098E00005D0A7F5C053594241EB030100E0022126
:1098F00069F050DCA36B054610B99868314617E053
:10990000B7F5005F986806D0A7F5C058D8F10001F8
:1099100041EB080100E0022169F03CDC804650B9CF
:10992000A36B3146986869F043DCA36B29469868BD
:1099300069F03EDCEFE0D4F8E403B8B169F044DC50
:10994000B7F5005F06D0A7F5C05CDCF1000343EB80
:109950000C0300E00223984208D0A36BD4F8E41370
:10996000986869F025DC0023C4F8E433D4F8E433C4
:10997000FBB9A36BB7F5005F986806D0A7F5C05E8A
:10998000DEF1000141EB0E0100E0022169F002DC92
:10999000C4F8E40368B9A36B3146986869F008DC41
:1099A000A36B2946986869F003DCA36B414698686D
:1099B000BEE7D4F8E40369F02DDB20465EF04CD816
:1099C000284694F97B1069F017DD00230DF117028A
:1099D00000932046434649465FF09CDC40463146B2
:1099E00069F054DB404694F9651369F0ADDC4146FB
:1099F000284669F04BDB94F85810632902D82846B2
:109A000069F0B6DC284669F0DDDB284669F014DC35
:109A100094F8673307469B0098426FF07F01284611
:109A2000B8BFDFB269F01EDCFFB25FFA80F9A36B4A
:109A300084F87E7084F87F908346186967F072DF3F
:109A4000B8B1D4F8F803B4F8521069F02DDE01284B
:109A50000FD1B4F8521000224B46D4F8F80369F045
:109A6000D5DDD4F8F803B4F8521000223B4669F073
:109A7000BDDD002384F891B084F8963084F88030FE
:109A8000BAF1000F03D02846514669F019DB94F86B
:109A9000823028460BB1039B23B194F97E1069F004
:109AA000C7DA03E094F97F1069F04EDCD4F8E403E0
:109AB000294669F0D1DAA36B186967F033DF98B1F2
:109AC000D4F8F803B4F8521069F0EEDD012803462B
:109AD0000AD1D4F8E403A16B00908868B4F852204E
:109AE000D4F8F81369F054DDA36B3146986869F037
:109AF0005FDBA36B2946986869F05ADBA36B41468C
:109B0000986869F055DBBAF1000F04D1D4F8543AE3
:109B10000BB12046984707B0BDE8F08F10B590F81C
:109B20006330002B3CD0DB07C9B22CD5836E8B424F
:109B300023D190F8253A3BB10023846BE41801331C
:109B4000082B84F82021F8D1836BD3F828411B1906
:109B500083F82021836BD3F82841072C01D00134EE
:109B600000E00024C3F8284190F8253A2BB190F882
:109B7000263A13B1002380F8253A90F8633023F099
:109B8000010380F8633090F8633013F0020F07D0C0
:109B900023F0020380F86330836B186967F0BADE44
:109BA000002010BDF8B590F863300446002B3AD180
:109BB000012902D0022939D100E08266A36B80F826
:109BC00063101A6A94F8D900626618BB94F86C2086
:109BD000002A2DD118698E2167F072DE400087B20D
:109BE000062502E00A20FDF341F1A36B07F174069C
:109BF0001869314667F064DE08B1013DF2D1A36B0C
:109C000001221869314667F067DE204601F012F83C
:109C1000024600E0A122B4F85210204652B2BDE83C
:109C2000F840FFF77BBF6FF01800F8BD6FF002003F
:109C3000F8BD10B504465DF0EDDD0221C2B220464C
:109C4000BDE81040FFF7AEBF30B5026CCB8892F88C
:109C500029463CB9846B64690A2C03D94C8A14F4F4
:109C6000807F14D0846B6569272D03D10C8A14F48E
:109C7000006F0CD18C88DBB214F0030F01D09D2B48
:109C800005D0232D07D14D8A15F0200F03D00123D5
:109C90008B7700230AE090F92C031B18E00444BFE3
:109CA00092F91E269B180022CB778A770B77002328
:109CB0004B7730BDC369043B082B06D8DFE803F0BF
:109CC0001805090709050B050D000020704717202E
:109CD0007047042070470720704790F83E03012822
:109CE00008D0032814BF4FF483704FF48B70704773
:109CF000012070474FF48B707047836B13B51A6A5D
:109D0000044601321A6290F86020002A00F0AC800C
:109D1000B0F8C8222AB1D0F8F013A1F83622A1F881
:109D20003A22B4F8CC222AB1D4F8F013A1F82822B0
:109D3000A1F82422B4F8CA222AB1D4F8F013A1F869
:109D40002222A1F82622216F40F606220A402AB9D3
:109D500093F82C3113B120465DF0F8DDA36B1A6A3D
:109D60001B6EB2FBF3F103FB1123A3B920465FF096
:109D700085DC236F40F60202A16B1A4000320869AD
:109D800018BF0122B4F85210C3F3800367F0D2DD8C
:109D900020465FF081DC226F40F60E231340B3B9FA
:109DA000A36BD4F88C21196AD2F89020D3F818311B
:109DB0008A1A9A420BD394F8522020460121FFF7C9
:109DC000F1FEA26BD4F88C31126AC3F8902094F89B
:109DD000633043B1A36B1A6A636ED31A052B02D9A1
:109DE000002384F86330D4F8F4202AB1A36B196AF5
:109DF0001B6E8A1A9A420CD3226F40F6020313405C
:109E00003BB920465DF016DE18B1A36B1B6AC4F89F
:109E1000F430226F40F60F2313402BBB20465EF038
:109E2000B5DA20465EF054DAD4F88C31D3F88820C5
:109E300012B1013AC3F88820D4F8B43A0BB12046E5
:109E40009847A36B186967F023DD68B1A36B01A97C
:109E500018690DF1070267F01FDD20469DF8071015
:109E6000BDF804205DF0D4DD00201CBD03460021B8
:109E7000986B40180131082980F82021F8D19A6B9D
:109E80000021C2F82811D16E032907D1D3F8C410DC
:109E9000C90703D5126A0832C3F8B82000229918FE
:109EA00002324FF6A470202AA1F8040AF7D100204C
:109EB000012283F8240A83F8EC2A7047836B10B5DB
:109EC0009A69044692001BD590F8ED2A012A17D111
:109ED000B0F8522012F4404F12D1186967F004DD37
:109EE000636CB3F8B42692B242F00302A3F8B4262E
:109EF000636CB3F8B82692B242F0C002A3F8B82659
:109F000010BD80F8ED1A704730B5056C044687B077
:109F100028464FF4007141F21C1260F047DB002824
:109F200000F09D8007230393202305938023029351
:109F300000230190049340F8043B0133802BFAD1B5
:109F4000204601A965F0E8DE4FF43073204601A9F0
:109F5000049365F0E1DE206C41F22F1160F04CDBE0
:109F60002046012164F086DC20463E4936225DF021
:109F7000F7D9D5F8C434204640F6F4114FF48042A6
:109F80006BB113465DF0B4D9B5F85824B5F8563422
:109F90002046D31840F20C5140F2FF129BB25DF004
:109FA000A7D91E22304920465DF0DAD9204661F05B
:109FB00011D8204663F014DA9921012200232046AB
:109FC0005DF068D996210222002320465DF062D917
:109FD000A2210122002320465DF05CD9A521402268
:109FE000002320465DF056D9A621012200232046F9
:109FF0005DF050D9A1210122002320465DF04AD90D
:10A0000030220023204602215DF044D96F212046F2
:10A010004FF4005200235DF03DD94FF480521346B7
:10A0200020466F215DF036D904221346204640F2C7
:10A03000D7415DF05DD940F2D7414FF470624FF4E3
:10A04000807320465DF054D9204662F0DBDB204669
:10A0500040F275514FF4007200235DF049D907B00A
:10A0600030BD00BFBE5A01002A5B0100F0B50723D6
:10A0700087B0066C029320230493012304460D4607
:10A080000193304605AB4FF4007141F273320093F7
:10A0900060F08CDA002849D0D6F8B865074601464A
:10A0A0000023B3422CBF9E46B64605EBCE0292F883
:10A0B00003C015F83EE001334EEA4C5E92F802C050
:10A0C00052784EEA4C3E4EEA4212802B059241F8FD
:10A0D000042BE6D18DE809006946C023204603938E
:10A0E00065F01ADE0023B3422CBF1A46324605EB58
:10A0F000C20210795179400240EA4140D1790133DE
:10A1000040EA0102802B059247F8042BEBD14FF473
:10A11000107320466946039365F0FEDD236C41F21F
:10A120009F31C3F8BC55206C60F066DA07B0F0BD13
:10A13000F0B5076C89B0002304460D4638464FF44D
:10A1400000714FF4965205930693079360F02EDA50
:10A150000646002834D04DB9204605A906AA07AB0B
:10A160005EF028DB03953746002510E097F833367C
:10A17000002BF8D0B4F9283A0693B4F92A3A079399
:10A18000B4F92C3A05934FF430730393EBE705A928
:10A1900028460EC964F0B0DE0135802D47F8040B67
:10A1A000F5D10723029320462023694604930096A5
:10A1B000019565F0B1DD206C41F2DF2160F01CDA21
:10A1C00009B0F0BD2DE9F047571A7E1C1FFA86F939
:10A1D0004FEA89034FF6FC7186B004461940006CC3
:10A1E00041F6DE3260F0E2D90546002871D0102336
:10A1F0004FF0600ADFF8E0808DE8080404AA02232B
:10A2000020460021CDF808805EF0CCD8BDF81020A3
:10A21000BDF8123092059B059B0D920D43EA8222F8
:10A22000C246002308E055F8231001F07F61114376
:10A2300045F8231001339BB2BB42F4DD20234FF4D9
:10A24000A0788DE80801DFF894802A46334620463E
:10A250000721CDF808805EF0B3D8206C41F6F231CA
:10A2600060F0CAD94FEA49094FF6FE71206C09EA3D
:10A27000010141F6F53260F099D9054648B3102343
:10A280004FF0620C8DE808102046012300210DF1EB
:10A290001602CDF808A05EF085D8002305E0BDF8D1
:10A2A000162025F8132001339BB2BB42F7DD1023A3
:10A2B0004FF4E07E8DE80840204607212A463346C9
:10A2C000CDF808805EF07CD8206C41F6024160F049
:10A2D00093D906B0BDE8F087CD218700614987009A
:10A2E00010B5044660F098D92046012200234FF4AF
:10A2F00030615CF0FDDF2046042200234FF4306122
:10A300005CF0F6DF2046082200234FF430615CF059
:10A31000EFDFF022204613464FF430615CF0E8DFB7
:10A320004FF47062204613464FF430615CF0E0DF7A
:10A33000204600234FF430614FF480525CF0D8DFA8
:10A3400020460622042340F607315CF0D1DF204688
:10A350003822082340F607315CF0CADF204600238C
:10A3600040F607314FF4E0725CF0C2DF2046302245
:10A37000102340F60B315CF0BBDF40222046134631
:10A3800040F60B315CF0B4DF204640F60B314FF461
:10A39000F0624FF480635CF0ABDF204640F60B3197
:10A3A0004FF4F0424FF400535CF0A2DF94F8FC3914
:10A3B0002046012B14BF4FF480534FF4105340F646
:10A3C0000C314FF6FF725CF093DF204640F60C3103
:10A3D0004FF6FF724FF480535CF08ADF204640F660
:10A3E0000D314FF6FF724FF450435CF081DF204691
:10A3F00040F60E314FF6FF724FF478435CF078DF91
:10A400002046102340F60F314FF6FF725CF070DFEC
:10A4100020464FF431614FF6FF724FF478435CF001
:10A4200067DF204640F611314FF6FF724FF47D434F
:10A430005CF05EDF20460F22002340F612315CF014
:10A4400057DF2046F022002340F612315CF050DF47
:10A450002046002340F612314FF470625CF048DF72
:10A4600020460F22002340F613315CF041DF2046E6
:10A47000F022002340F613315CF03ADF204600233F
:10A4800040F613314FF470625CF032DF20460F2249
:10A49000002340F614315CF02BDF2046F02200232D
:10A4A00040F614315CF024DF204640F614314FF4BE
:10A4B000706200235CF01CDF20460F2240F615314D
:10A4C00000235CF015DF2046F022002340F6153112
:10A4D0005CF00EDF2046002340F615314FF4706229
:10A4E0005CF006DF20460322012340F616315CF0C3
:10A4F000FFDE20460C22002340F616315CF0F8DE29
:10A5000020463022102340F616315CF0F1DE204662
:10A51000C022402340F616315CF0EADE20460023DC
:10A5200040F616314FF440725CF0E2DE204640F611
:10A5300016314FF440624FF480635CF0D9DE204660
:10A540000322002340F617315CF0D2DE20460C22B5
:10A5500040F617314FF6FC735CF0CADE204630221D
:10A5600040F617314FF6F0735CF0C2DE2046C02291
:10A57000002340F617315CF0BBDE204640F6173171
:10A580004FF440724FF47F435CF0B2DE204640F659
:10A5900017314FF440624FF47C435CF0A9DE204653
:10A5A0000122002340F606315CF0A2DE1F22204685
:10A5B000134640F605315CF09BDE4FF6FF722046F5
:10A5C000134640F604315CF093DE4FF6FF722046EE
:10A5D000134640F608315CF08BDE204640F6093128
:10A5E0004FF6FF7247F6FF735CF082DE20460823C9
:10A5F00040F60A314FF6FF725CF07ADE20463F23C8
:10A6000040F602314FF6FF725CF072DE2046FF2307
:10A6100040F603314FF6FF725CF06ADE0F222046EF
:10A62000134640F601315CF063DEF022204613460B
:10A6300040F601315CF05CDE0122204613464FF407
:10A6400030615CF055DEA36B2046D96EBDE810404A
:10A650005FF0029A2DE9F043044689B00F46904618
:10A66000006C4FF4806141F2366299465FF09EDFE4
:10A67000064600284ED001221346204640F29C4157
:10A68000C4F8D0705CF034DE20469DF840105FF0D6
:10A6900041DB28222046394661F09CDFB0F5807FFF
:10A6A000054603D9206C41F2526131E0204640F268
:10A6B000D661032200235CF01BDE082213462046ED
:10A6C00040F2DA615CF014DE282342468DE828006F
:10A6D00020463346394665F061D915230396059324
:10A6E00000262023204603A907930495069665F0CB
:10A6F00013DB9DF844302046019329464FF6FF7244
:10A700003346CDF8009062F0F1DF206C41F26661D3
:10A710005FF072DF09B0BDE8F08300002DE9F04F73
:10A7200000218FB0076C90F85250ADF83210ADF8A0
:10A7300034100446002109A80C22F7F393F60023F5
:10A74000ADF8363097F8153613B197F8161601E0C4
:10A7500097F81416D4F8DC002A465FF0BDDC80467A
:10A76000002800F06081204601215FF0D3DAB8F8BC
:10A77000005045B12DB24FF47A726A432046012150
:10A7800063F098DE0125B8F8023063B10135EDB20F
:10A790001BB24FF47A725A432046294663F08ADE90
:10A7A000012D0AD100E0DDB1022300930121002335
:10A7B0000193029320460A4608E0022301210093F8
:10A7C00001930023029320460A460B4663F014DFF0
:10A7D000204605214FF486720DF1320361F01CDE34
:10A7E00000252E46A94638F8051029B304200B236E
:10A7F0008DE8090009B20DAA4FF4FA73204661F002
:10A800007BDBBDF83420BDF832301C3AD21AB7F9E0
:10A81000181613B299420FDC0EA9062303FB061388
:10A8200038F80510013623F8141C23F8122C23F8ED
:10A83000100CB6B24FF001090235042DD3D102231A
:10A840000693102308930DF136030493002501238A
:10A85000204604A90593079562F094DE10238DE845
:10A860002800724B02210293204601230DF136028B
:10A8700001355DF0A5DD402DF0D1002520462946AB
:10A880002A462B4600950195029563F0B5DEB9F195
:10A89000000F40F0B180C2E00EAB4FF0060909FB9B
:10A8A000053939F8148C0135EDB20FFA88FA4FF4F6
:10A8B0007A7202FB0AF22046294663F0FBDDB7F903
:10A8C0001A2639F9123C9A4201DD002006E0B7F958
:10A8D0001C269A4201DD012000E002205FF0F4DB3B
:10A8E00029460246204663F039DEBAF1000FB8BFB0
:10A8F000CAF1000A4FEA8A0A4FF0000940F27123B8
:10A900009A450ADD09F101095FFA89F9AAF59C6AFD
:10A91000B9F1200FAAF1020AF0D10FFA88F3002B47
:10A92000D8BFC9F100095FFA89F94FFA89F34FEAF4
:10A9300048086FF41C7202FB0388002BB8BF5B420F
:10A94000022B59DD4FF0000A002150465FF058DC21
:10A950000FFA88FB8BEAEB73A3EBEB73984244D1BD
:10A96000012150465FF04CDC0221804650465FF0EA
:10A9700047DCBBF1000F82464FFA89F30ADA002B5D
:10A98000DBBF5FFA89FB0BF1400909F1FF3B0BF1DB
:10A990003F0B09E0002BDBBF5FFA89FB0BF140099D
:10A9A00009F1010B0BF1410B4FFA89F3204604A981
:10A9B000079362F0E7DDBDF836302046984404A9DD
:10A9C000ADF8368065F0A8D94FFA8BF3204604A97C
:10A9D000079362F0D7DDBDF8363020469A4404A9CB
:10A9E000ADF836A065F098D906E00AF1010A5FFAE1
:10A9F0008AFABAF1060FA7D1B542FFF44DAF4FF076
:10AA00000003012E00930193029320464FF00501AD
:10AA100001D1324601E00122134663F0EDDD20460C
:10AA200000215FF077D90FB0BDE8F08F6149870052
:10AA30002DE9F743904608220F461E4640F60701CF
:10AA400013460446056CBDF828905CF051DC0122E9
:10AA50001346204640F607015CF04ADC4FF40052F2
:10AA60001346204640F646015CF042DC204640F6A4
:10AA700039013A465CF06EDC94F86D33204640F6BE
:10AA800035010BB1802200E020225CF063DC20461F
:10AA90004FF4046100225CF05DDC204640F6340196
:10AAA0007F2233465CF024DC20464FF401614FF4F2
:10AAB00080434FF440425CF01BDC94F86D33204639
:10AAC00040F6360113B14FF4807200E040225CF092
:10AAD00041DC204640F646010F2208235CF008DCEA
:10AAE00094F86D63204640F64601F02256B190235B
:10AAF0005CF0FEDB204640F646014FF470624FF4F6
:10AB0000106308E033465CF0F3DB204640F6460174
:10AB10004FF4706233465CF0EBDB204640F63301C5
:10AB20007F2243465CF0E4DB4FEA0923204640F6EF
:10AB300033014FF4FE4203F47F435CF0D9DB01267E
:10AB400020463B496422002300960196FFF782FDD0
:10AB50004FF480521346204640F6A5115CF0C8DB46
:10AB60003246334640F6881120465CF0C1DB4FF494
:10AB70009670FCF37BF13246204640F637015CF0DC
:10AB8000E9DB44F6216602E00A20FCF36FF120467F
:10AB900040F637015CF0CCDB30B1013EF4D103E08C
:10ABA0000A20FCF363F101E044F62166204640F6FA
:10ABB00037015CF0BDDB08B1013EF1D140F6370151
:10ABC00020465CF0B5DBC10705D594F8153343F09A
:10ABD000010384F815330023204640F6A5114FF4F5
:10ABE00080525CF085DB20465FF09CD92046002334
:10ABF00040F2A66141F6FF725CF07ADBD4F88C314A
:10AC00002046B3F98C20B5F9043C40F609019A427C
:10AC1000B4BFB5F8065CB5F848554FF68072ED0143
:10AC200005EA020303B0BDE8F0435CF0619B00BF9E
:10AC3000A0252600F0B54F4B91B0044602AA03F1BF
:10AC4000200618685968154603C50833B3422A46DA
:10AC5000F7D118689B882860AB80012384F8263AD6
:10AC6000A36B8E21186966F02BDE400086B2972513
:10AC700002E00A20FCF3FAF0A36B06F174011869F4
:10AC800066F01EDE08B1013DF3D1A36B4FF44271B3
:10AC9000186966F015DEA36B074640F20A311869A1
:10ACA00066F00EDEA36B05464FF44371186966F03B
:10ACB00007DEA36B064640F20E31186966F000DE2F
:10ACC000BE1936042D1876190AD194F8253A4FF694
:10ACD0007862ADF83820002B31D084F8266A2EE057
:10ACE0004FF48673ADF83C3006F580760023760A83
:10ACF00000930FAB360201930DAA0EAB20460CA9B0
:10AD00000C965DF0BDDFBDF938201B4B9B1A002B64
:10AD1000B8BF5B42702B94F8EC2A02D85AB1282BAA
:10AD200009D94FF67863ADF8383094F8253A13B165
:10AD3000002384F8263A12B1002384F8EC3A236CFD
:10AD4000BDF9381093F83536891008467BB14AB200
:10AD500012F1560F0BDA12F1690F08DB6FF0560390
:10AD60009B1A10AA02EB430313F8380C401840B2A8
:10AD700011B0F0BD1839010078FEFFFF436C2DE9DA
:10AD8000F041D3F82031044603F001030D4683F06F
:10AD900001061BB9836B186966F0B4DD2046276C89
:10ADA0005EF0C2DF40F27F41A7F802042046276C24
:10ADB0005CF0BEDAC005C00D4010A7F80404226F95
:10ADC00041F6062313402BB944F62062102D08BF2C
:10ADD000FA2200E0FA22A36BB821186966F07CDD44
:10ADE000A36B41F60627186966F098DD2046FFF749
:10ADF00065F8236F1F407FB9A36B20461B6A0121B2
:10AE0000C4F8D430D4F88C815FF00CD9D4F88C31EC
:10AE1000A8F88C00C3F88870082D01D0E80606D584
:10AE200003210A22204660F0B1D9082D01D0A906DD
:10AE300004D5204664F0D0DC082D01D06A0604D584
:10AE4000204662F071DE082D01D0EB0506D5236C9B
:10AE500093F8173613B12046FFF760FC204660F0E8
:10AE6000BBDD2046FFF72AF8082D01D028060BD5B8
:10AE7000256C95F8643523B1204666F0F1DBC5F802
:10AE80005405204665F074D820465CF053DB1EB9AB
:10AE9000A36B186966F036DD20460021FFF748F9FC
:10AEA000236C93F8333673B120460121FFF740F944
:10AEB000204640F237614FF440424FF40043BDE872
:10AEC000F0415CF0159ABDE8F081816BD0F8D43088
:10AED0000A6A10B59A42044601D3D31A01E0DB4353
:10AEE0009B18D4F82823934200D302BB8A6E934266
:10AEF0001FD3D4F88C31D3F88830D3B90121204640
:10AF00005FF090D8D4F88C21B2F88C3019B2884216
:10AF1000CCBFC3EB0000C0EB030094F8661300B293
:10AF2000884208DAA36B9B6EC2F8883001E00120EA
:10AF300010BD002010BD012010BD01207047000091
:10AF400001290BD1012B09D8013B064902EB8302F1
:10AF500051F822305A1C03D0C018704700207047A7
:10AF600000207047745B0100142303FB010070474D
:10AF70008369DA688A4218BFD960704738B50446D9
:10AF80002569006835B105F5077115F031DC2846F3
:10AF9000FCF390F2E06C0025256108B1FCF38AF225
:10AFA000E56438BDF8B5846905460668E06A08B10D
:10AFB000FCF380F2E969B068002708F081DD002128
:10AFC0002846FFF7D5FF284684F83D70FFF7D6FFE7
:10AFD000304623F0F9D827826762A762E7622783A9
:10AFE000F8BD10B550B1D0F8400238B1072905D8E6
:10AFF0003C2404FB01018858C3188B5010BD2DE977
:10B00000F0410C4616460546002831D0D0F84032B3
:10B01000002B2DD03C2202FB013318221F6A33463D
:10B02000FFF7DFFF284621461C220123FFF7D9FF47
:10B03000BE422846214601D2242214E0B6EB470F37
:10B0400001D228220FE0B6EB870F01D22C220AE0B2
:10B05000B6EBC70F01D2302205E0B6EB071F01D2D5
:10B06000342200E038220123BDE8F041FFF7B9BFE8
:10B07000BDE8F08173B504680325204601214FF433
:10B080008062002300951DF099DA002120460A46CF
:10B09000012300954DF084DB0026D4F864329D59DD
:10B0A0009DB1AB798BB9D5F818315A6C22F00102F9
:10B0B0005A641A78012A01D15B7F33B128460021F6
:10B0C00022F0BCDD284667F0B1DA0436202EE4D148
:10B0D000204602B0BDE8704023F07698F8B5D0F86D
:10B0E000B0550446AE69F368002B30D0012B30D048
:10B0F00028460121FFF73CFFA068E96908F0E0DC81
:10B1000028B128460021FFF733FF012700E007465A
:10B11000338A83B1236A18695CF07CDB338A83420B
:10B1200009D0204623F0E4DE2046318A22F012DAEC
:10B1300020461BF08BD9D4F8B005FFF79BFF2046C3
:10B1400024F0CED92846FFF72DFF3846F8BD012060
:10B15000F8BD0020F8BDFFF7C1BF002070472DE902
:10B16000F843DDF820800446D8F800700E461546F6
:10B1700099460FB91FE01F463B68A3B1BCB12046FA
:10B18000F9683246F7F3D6F028B9284679684A4676
:10B19000F7F3D0F018B17B69002BECD10BE0C8F8C5
:10B1A0000070BDE8F8836FF00100BDE8F8836FF030
:10B1B0000100BDE8F883C8F800706FF01D00BDE81D
:10B1C000F8831FB50C46416B81B104A840F8041DFB
:10B1D000009019461046BDF81C30069AFFF7BFFFD5
:10B1E00030B92CB1039B1B68236001E04FF0FF30A6
:10B1F00080B204B010BD10B50C4699B10B6863B1B4
:10B200000846F5F3CFF7E068FCF354F16068FCF30F
:10B2100051F100232360E36063602046BDE81040E5
:10B22000FCF348B110BD2DE9F84F476B04460D46BD
:10B2300016469B46DDF828A0BDF82C90002F33D091
:10B24000B1B9AAB930E07DB976B1BAF1000F0BD02F
:10B250003046F9685A46F7F36DF028B950467968D8
:10B260004A46F7F367F050B17B691BB9BDE8F88F28
:10B27000B84601E0B8461F46AF42E4D1A7B1636BC0
:10B2800039469F427B6908BF6363C8F8143023685E
:10B290005868FFF7B0FF94F83030013B84F8303045
:10B2A000636B0BB984F83030BDE8F88F10B50446F5
:10B2B00005E04B69636323685868FFF79CFF616B87
:10B2C0000029F6D184F8301010BD2DE9FF471E4645
:10B2D0000023039390F830300446102B884617461D
:10B2E000DDF83090BDF8345009D9416B39B14A6866
:10B2F0000B7C00920A890192CA68FFF794FF636B86
:10B300000393B8F1000F65D0002F63D0B9F1000F9F
:10B3100060D003AB0093384631464A462B46FFF7D0
:10B320001EFF824628B9039B41461868F5F31EF7B5
:10B3300055E01E3053D11820FCF3B0F082460028AF
:10B340004BD02069F5F3C0F6CAF80000B0B1304622
:10B35000FCF3A4F0CAF80C0018B95046F5F322F734
:10B360000CE02846FCF39AF0CAF8040050B95046A5
:10B37000F5F318F7DAF80C00FCF39CF05046FCF3F8
:10B3800099F02AE0636B2BB9012384F83030C4F8BC
:10B3900034A007E094F83030013384F83030039B58
:10B3A000C3F814A0DAF80C0039463246CDF80CA0E8
:10B3B000F6F3D4F7039B49461E7458682A46F6F301
:10B3C000CDF7039B41461D811868F5F3C1F64FF098
:10B3D000000A04E06FF0010A01E06FF01A0A50461B
:10B3E00004B0BDE8F087F8B51E4614460D460CE0E3
:10B3F000FEF7D8F8B04215D07A78931C9C420ED94B
:10B40000ED186FF001039B1AE41854B12846214649
:10B41000FF22F7F321F407460028E9D102E00027D4
:10B4200000E027463846F8BD08B511461A464FF4E5
:10B43000AE73FFF7D8FF58B14378A3F12102D2B21F
:10B44000202A04D8029A013B1370033008BD002063
:10B4500008BD2DE9F0470468A0B0D0F80480064686
:10B4600002200F688946F4F761FA002501212A4677
:10B4700020238246606A1F95F1F3A2F501212A4636
:10B4800020231D90606AF1F39BF501212A462023B9
:10B490001E90606AF1F394F501212A4620231A9048
:10B4A000606AF1F38DF5202301212A461B90606A22
:10B4B000F1F386F5143729461C9052460FA808F17F
:10B4C000E205F6F3CFF7062238462946F6F332F7BF
:10B4D000002817A807DD39460622F6F33FF70DF1DD
:10B4E0006200294606E029460622F6F337F70DF1F9
:10B4F000620039460622F6F331F717AA01920C22B0
:10B50000002307AD0FA90292202752460220009384
:10B5100003950497F4F730FB1B98F2F3ABF22A463D
:10B5200001213B461A98F2F379F2A3691C986169EC
:10B530001B9AF1F7C8FF1A981C9A0146F1F7F6FF1B
:10B540001A981B9A0146A3690836F1F77AFF30462C
:10B5500098F81850F7F332F080B201901FA92046F6
:10B5600008F119022B460096FFF72BFE08B91F9B26
:10B57000A3B11A99D9F8D4201F98F5F349F71DA95A
:10B580001EAAD9F8D400F5F32BF61AA8F1F356F653
:10B590001BA8F1F353F61CA8F1F350F620B0BDE858
:10B5A000F08770B5456892B004460026286801A966
:10B5B000202211961BF0CEDB2023012101AAD4F812
:10B5C000C000F2F32BF2286809A920221BF0C2DB8D
:10B5D000686A012132462023F1F3F2F4119000B39E
:10B5E000012109AA2023F2F319F26B69D4F8B800FB
:10B5F000D4F8C010119AF1F724FFD4F8DC20119987
:10B60000D4F8D400F5F304F7D4F8DC000146F5F3E0
:10B61000B9F6D4F8DC0004F1C40104F1C802F5F372
:10B62000DFF511A8F1F30AF60021202209A8F6F3AC
:10B6300019F701A800212022F6F314F712B070BD0B
:10B64000F0B5C1B007AD0C46174611462846022298
:10B65000F6F384F601210DF11E022023D4F8BC007C
:10B66000F1F302F601210DF13E022023D4F8CC00C3
:10B67000F1F3FAF501210DF15E022023D4F8D00098
:10B68000F1F3F2F501210DF17E022023D4F8B80088
:10B69000F1F3EAF501210DF19E022023D4F8C40054
:10B6A000F1F3E2F501210DF1BE022023D4F8C80028
:10B6B000F1F3DAF500238DE82800C222202502925A
:10B6C00038AE04F118012A46022003960495F4F7D7
:10B6D00053FAB81C31462A46F6F32CF6D0F1010095
:10B6E00038BF002041B0F0BD30B590F88C318DB03E
:10B6F00004460D68002B3FD0D0F8D40008A909AA51
:10B70000F5F36EF5202301216A460998F1F3ACF5B3
:10B71000D4F87031E31893F893219DF81F3053400B
:10B72000D80724D501210022EB69686AF1F348F4B7
:10B73000EB690A9001210022686AF1F341F40121CA
:10B740000B900A9A2869F5F3A9F600230B980A9939
:10B75000099AF1F7B8FE08990B9AD4F8D400F5F3DA
:10B76000D9F50AA8F1F36AF50BA8F1F367F52046BD
:10B77000FFF717FF002501E04FF0FF35E43404F137
:10B78000A000F1F35BF504F19C00F1F357F504F12F
:10B79000A400F1F353F504F1AC00F5F303F504F163
:10B7A000B00000212022F6F35DF628460DB030BD32
:10B7B0002DE9FF410546006832F8066F0C46D0F8C7
:10B7C0000080FFF73DFF002833D06968A4F864606B
:10B7D0008F7904F138068FB9D8F8D0063246202385
:10B7E00076F0ACDC2368696814338DE88800324653
:10B7F000D8F8D006202376F0B5DB17E010230093AD
:10B8000023684FF4802714330193084620223146E1
:10B8100004F10803029750F095DE48B92168686882
:10B8200014313A46D5F88C30FDF72EFF012000E0A8
:10B83000002004B0BDE8F0812DE9FF41D688B1F8C1
:10B84000643005460068B3420C46D0F800803BD80F
:10B850004FF6FF739E4237D00632FFF7F1FE002805
:10B8600033D06968A4F864608F7904F138068FB921
:10B87000D8F8D0063246202376F060DC2368696869
:10B8800014338DE888003246D8F8D006202376F0AD
:10B8900069DB17E01023009323684FF480271433EB
:10B8A000019308462022314604F10803029750F024
:10B8B00049DE48B92168686814313A46D5F88C30B9
:10B8C000FDF7E2FE012000E0002004B0BDE8F081B9
:10B8D00073B5002304460B99006801931646089D32
:10B8E00041F01CDB079B032B04D901A80699042215
:10B8F000F6F334F50C3E032E1CD8DFE806F00A0FF1
:10B900000204A36A08E0019B5A1E272A15D8A362E5
:10B910000EE0E36AC3F340032B6009E00198E36A99
:10B9200018B923F00203E36209E043F00203E36283
:10B93000002004E06FF0160001E06FF001007CBD14
:10B94000F8B5876805464FF4E0700E46FBF3A6F5A0
:10B950000446002878D000214FF4E072F6F382F517
:10B96000266065600023F451686AA4F8AC300121B8
:10B9700000222023F1F324F3C4F8BC00002866D091
:10B98000686A012100222023F1F31AF3C4F8B800F9
:10B9900000285CD0686A012100222023F1F310F313
:10B9A000C4F8CC00002852D0686A0121002220236C
:10B9B000F1F306F3C4F8D000002848D0686A0121EA
:10B9C00000222023F1F3FCF2C4F8C00000283ED08E
:10B9D0002869F5F379F3C4F8D400002837D0286932
:10B9E000F5F372F3C4F8D800002830D02869F5F3D5
:10B9F0006BF3C4F8DC0050B31323A4F866302B6853
:10BA0000174998683246002308F0DED82B68A066F4
:10BA1000144998683246002308F0D6D82B68C4F839
:10BA2000B000114998683246002308F0CDD82B6841
:10BA3000C4F8B4000D4998683246002308F0C4D811
:10BA4000C4F8E000002408E06FF01A0401E04FF0B1
:10BA5000FF34284631466DF0D5DC2046F8BD00BFE6
:10BA600085D1870079D187000DD187005DDF870000
:10BA7000F8B547680646CD590C46DDB1436B0BB1AE
:10BA8000FFF714FCD5F89C1049B13368986808F0AA
:10BA900017D83368D5F89C10986808F07DD8D4F88A
:10BAA000243413B120464FF02FDA2846FBF302F579
:10BAB0000023E351F8BD00002DE9F041D0F89830A3
:10BAC000D0F89010013344688B4225688EB002464E
:10BAD000C0F8983009D1D0F894307BB1D2F89C10DE
:10BAE0004FF47A72A8685A4304E007D2D2F89C1047
:10BAF000A868214A002307F0BDDF39E0D5F8D00659
:10BB0000214675F037DF237A002B31D0D4F80801B5
:10BB1000F7F314F3074658BB227E04F1DC080EAE9F
:10BB200004F1190106A846F8242DF6F317F421466E
:10BB30004246284671F068D804F1E20301930223DB
:10BB400002460293214643462846CDF8008020F065
:10BB5000F5DC3946204639F0C9D92146284640F05F
:10BB600059DF28461A21324624230097F6F76EFA49
:10BB70000EB0BDE8F08100BF80EE36002DE9F04F39
:10BB80000D68ADB004460121A86922AA2023D5F88A
:10BB900000B0F1F369F34FF0080AD4F8683194F873
:10BBA0006C11E21804F1E40682F8E31006F18C024D
:10BBB0000C210DF16809019206F190003246CDF892
:10BBC0000090F9F343F2D4F8701140480591F6F370
:10BBD000F5F422AA03464FF02008009206AF05991B
:10BBE0003A4A4846CDF804800297CDF80C80F9F324
:10BBF00007F201213A464346D4F88801F1F30EF7E3
:10BC000058466EF017DAD4F88801A969F1F39CF26E
:10BC1000002836DAD4F88431CDF808B000932C4BE4
:10BC2000D4F8881101932869D4F89021D4F8803190
:10BC3000F5F3E8F228BB94F88C3113BB2869D4F8EB
:10BC40009011F5F3C7F4E0B1012384F88C31494633
:10BC5000D4F8702106F1B000F6F380F3D4F8900127
:10BC60002AA92BAAF5F3BCF22A992B9AD4F8D4006E
:10BC7000F5F350F3D4F8682128683146013A1BF0F7
:10BC800069D894F86C310133DBB284F86C31AA6A5C
:10BC9000934207D80AF1FF3A5FFA8AFABAF1000F25
:10BCA0007FF47BAF0021502206A8F6F3DBF30021DE
:10BCB00020221AA8F6F3D6F394F86C01AB6A9842E6
:10BCC00034BF002001202DB0BDE8F08F62E689006E
:10BCD00075EA87002DE9F04F4368CFB0CB58044692
:10BCE00003F1080948468846F6F368F4074602203F
:10BCF000F3F71CFE00234EA941F8043DBBB208F146
:10BD0000190207930692079A8346019298F8183011
:10BD10002046069ACDF80090FFF753FA18B94D9BCC
:10BD2000002B40F00A81012100222023606AF1F3F8
:10BD300047F10121002220234290606AF1F340F193
:10BD40000121002220234390606AF1F339F101219F
:10BD5000002220234490606AF1F332F10121002295
:10BD600020234590606AF1F32BF10121002220236A
:10BD70004690606AF1F324F101210022E3694790C3
:10BD8000606AF1F31DF10521024649902069F5F33F
:10BD900085F3E36901210022606AF1F311F10421C6
:10BDA000024648902069F5F379F32069F5F38CF1A8
:10BDB0004A902069F5F388F14B902069F5F384F1FE
:10BDC00008AD002180224C902846F6F34BF33A460A
:10BDD00028464946F6F3C2F2012100223023606A68
:10BDE000F1F3EEF00121002230234090606AF1F37C
:10BDF000E7F0002633460DF1E00A419098F818204C
:10BE00000195022028AD069902970096CDF80CA066
:10BE1000CDF810B0F3F7B0FE302231462846F6F3E5
:10BE200021F34748F6F3CAF3454B302700930190BE
:10BE3000514602205A46334602950397F3F7BCFE5B
:10BE400001213B462A464098F1F3E8F54098A26963
:10BE50000146F1F76BFB429B48990093439B499A3B
:10BE600001934098A369F1F779FF4299439A4B985F
:10BE7000F5F350F231463A462846F6F3F3F23148EC
:10BE8000F6F39CF32F4B0190009351465A463346EC
:10BE9000022002950397F3F78FFE3B4601212A46C5
:10BEA0004198F1F3BBF54198A2690146F1F73EFBD9
:10BEB000449B48990093459B499A01934198A369F3
:10BEC000F1F74CFF4499459A4C98F5F323F24C99BD
:10BED0004A9A4B98F5F3A2F0079A98F81830019215
:10BEE0004A99069A2046CDF80090FFF7EEF946A948
:10BEF00047AA4A98F5F374F142A8F1F39FF143A8D9
:10BF0000F1F39CF144A8F1F399F145A8F1F396F10E
:10BF100048A8F1F393F149A8F1F390F140A8F1F3A7
:10BF20008DF141A8F1F38AF14BA8F5F33BF14CA850
:10BF3000F5F338F14AA8F5F335F14FB0BDE8F08FCD
:10BF4000B85B0100D25B0100C06A00F001007047DD
:10BF500021B18368CB5893F8BC01704708467047FD
:10BF60002DE9FF41476804460023D0F80080384699
:10BF70000E46A2F168050393FFF7E6FF90B138463D
:10BF80004146FFF7E5FF68B103AB009321462B461E
:10BF9000386806F16002FFF747FA039D014610B9C1
:10BFA0009DB100E03146A5F12003202B0DD8B4F857
:10BFB000AC309D4209D104F16C002A46F6F3BAF187
:10BFC000002814BF0520002000E0052004B0BDE8D3
:10BFD000F08100002DE9F0419846B8B00023359378
:10BFE00036937F4B07460C4630AE03F1100E1868AF
:10BFF0005968354603C5083373452E46F7D13D6869
:10C000000121202302F10806686A0022F0F3D8F724
:10C0100035902869F5F358F0B8F1680F369015D9C6
:10C020007B689B79002B00F0B9802846FFF78CFFD6
:10C0300020B128462168FFF78BFF48B9A8F16808AE
:10C040001FFA88F8A4F8AC80464401E040F0A880CC
:10C05000D4F8BC00012132462023F1F3DFF4D4F8F8
:10C06000BC00F1F3F9F2002840F09C80D4F8BC0049
:10C070006969F1F369F0002880F29480012106F1EA
:10C0800020022023D4F8CC00F1F3C8F40121D4F825
:10C09000D00006F140022023F1F3C0F4D4F8BC0034
:10C0A000D4F8B810F1F350F070B9D4F8CC00D4F84B
:10C0B000C410F1F349F038B9D4F8D000D4F8C8105E
:10C0C000F1F342F000286FD0D4F8D800D4F8CC10A7
:10C0D000D4F8D020F5F31EF1002867D0D4F8BC10B6
:10C0E000D4F8D400369AF5F393F13698D4F8D810F2
:10C0F0000246F4F393F73698D4F8C010024620AE07
:10C10000F5F386F1369834A90022F5F369F032464A
:10C11000202301213498F1F3A7F00021202228A840
:10C12000F6F3A0F1202137AB324618AF019328A8CF
:10C130000B460097F8F38AF7D4F8B810D4F8BC206F
:10C140006B693598F1F77DF9202332460121359846
:10C15000F1F38AF03146102204F10800F6F3FEF004
:10C1600030A8F6F32BF220254022034600960392D6
:10C1700004AE294630AA384601950296F8F340F7F6
:10C1800004F1180031462A46F6F3E8F004F13800CD
:10C190000CA92A46F6F3E2F0002408E0FF2406E0AA
:10C1A000042404E0032402E0012400E0022435A872
:10C1B000F1F344F036A8F4F3F5F70021202218A893
:10C1C000F6F350F10021502204A8F6F34BF120A819
:10C1D00000212022F6F346F1204638B0BDE8F08178
:10C1E000FEE589002DE9F04F1D46836889B0EF58C0
:10C1F00043688046CB580E46079318469146394609
:10C20000129A139BFFF7E6FE0328044601D1009023
:10C2100005E0022801D0042816D10323009301234E
:10C2200001930293002303930493D6F80831304618
:10C23000B3F8623005F11401C3F3401305934A4685
:10C240002B46F7F70BFB65E0012862D0002861D18F
:10C25000B7F8623040460133A7F86230FFF774FE4A
:10C2600040B140462946FFF773FE002814BF7E20E8
:10C27000002000E0204601234FF0000A4FF0030B9E
:10C280000193D6F80831CDF800B00290CDF80CA09B
:10C29000CDF810A0B3F8623005F1140CC3F34013CD
:10C2A000614605934A462B463046CDF818C0F7F74D
:10C2B000D5FACDF800B0D6F808314FF0020BCDF822
:10C2C00004B0CDF808A0CDF80CA0CDF810A0B3F8BC
:10C2D0006230DDF818C0C3F34013614605934A4647
:10C2E0002B463046F7F7BAFAD9F80030B96EC7F8DE
:10C2F0005930B9F80430A7F85D30D8F800309868A4
:10C30000079BD3F88820534607F0B4DB87F858B072
:10C3100000E0FF24204609B0BDE8F08F2DE9F04F82
:10C32000D0F804A087B09AF8063005460C4693462C
:10C330000768D1F8009043B390F8A93013B1013BDE
:10C3400080F8A930D4F8B43138460093D4F8B83125
:10C35000514601935A464B46FFF744FF0646D4F830
:10C36000B40168B10021D4F8B821F6F37BF0D4F819
:10C37000B401FBF39FF00023C4F8B431C4F8B83122
:10C38000002E14BF022000202DE03846FFF7DCFD10
:10C3900038B138464946FFF7DBFD002814BF7E2040
:10C3A000002003234FF001088DE8080100260290C9
:10C3B00003960496DAF8083109F11401B3F86230F3
:10C3C0005A46C3F34013059350464B46F7F746FAD7
:10C3D0003B68A16E9868D5F88820334607F04ADBA1
:10C3E00084F85880304607B0BDE8F08F052B10B5B3
:10C3F00003D1BDE81040FFF791BF43689B792BB193
:10C4000090F8A93013B1013B80F8A930022010BD8B
:10C410002DE9F0419846436805469B790C4616463F
:10C42000069F8BB190F8A930013380F8A9303846C7
:10C43000FBF334F0C4F8B401002834D041463A4646
:10C44000F5F38CF7C4F8B8710023A4F86030A4F8B1
:10C450006230A4F864303368C4F85930B388A4F863
:10C460005D302868FFF770FD90B128682168FFF7FC
:10C470006FFD68B121462846FEF7EBFF2046FFF727
:10C4800090F8284621463246BDE8F041FFF746BF06
:10C49000204629466CF04EDD20B9042384F858303C
:10C4A000BDE8F0810220BDE8F0812DE9F04387B0BE
:10C4B00015460F9A0646012A0C461F46DDF83880BD
:10C4C000D0F804C0D1F8009059D19B88072D8CBFBB
:10C4D000FA88FF220BB17E2B59D100217E2B84F8E4
:10C4E000BC1103D1012384F8BC3104E01BB963689B
:10C4F000DB6A98074BD5132A16D0032101224D235E
:10C500008DE80E00002303930493DCF808316046A5
:10C51000B3F8623009F11401C3F3401305934246A6
:10C520004B46F7F79BF932E096F8A80007F10801AF
:10C5300096F8A99040B9012386F8A830B9F1000F08
:10C5400028D1682D0AD904E0B9F1000F12D1682D65
:10C550000AD920462A466DF00FDAD8B90E95304632
:10C56000214642463B460DE0304621466DF042D81A
:10C5700048460FE0304621466DF03CD809E042B90C
:10C580000E95424607B0BDE8F043FFF741BF0220D9
:10C5900000E0002007B0BDE8F0832DE9FF41056809
:10C5A0000C46A3F10807D1F80080A4F8AC70002174
:10C5B0002846039102F10806FFF7C6FCA0B1284601
:10C5C0004146FFF7C5FC78B103AB009332463B46CA
:10C5D00028682146FEF728FFBDF80C300646A4F86F
:10C5E000AC3018B913B90FE0A4F8AC70B4F8AC20B3
:10C5F000A2F120039BB2202B06D804F16C00314637
:10C60000F5F3ACF6002001E04FF0FF3004B0BDE8D8
:10C61000F0812DE9F04F90E8C00089B00792139A9D
:10C620008046012A0C469A46DDF848B00D6840F075
:10C63000AC803368896E986807F042DA04F16C03C5
:10C640000021402218460693F5F30CF70021A4F8C8
:10C65000AC100799BAF8042007298CBFBAF8061065
:10C66000FF214C2A069B3CD14FF000091846494651
:10C670004022A4F86090F5F3F5F6A4F8AC9040469B
:10C6800021465246079BFFF788FF3046FFF75CFCC8
:10C6900078B130462946FFF75BFC50B103220123F5
:10C6A0004FF07E0C8DE80C10CDF80C90CDF810906A
:10C6B00008E003234FF0010E8DE8084000230293A9
:10C6C00003930493D7F808313846B3F8623005F184
:10C6D0001401C3F3401305935A462B46F7F7BEF8EF
:10C6E00049E04D2A04D1B4F866308B4218D042E0BC
:10C6F0000AB17E2A3FD113290ED1079A3046019202
:10C7000039465A462B46CDF800A06CF0D5DF0028FC
:10C7100014BF0220002076E0B4F86030052B01D968
:10C7200000233BE0032201234FF04D098DE80C026A
:10C730004FF00009CDF80C90CDF81090D7F80831E3
:10C7400005F11401B3F862305A46C3F34013059360
:10C7500038462B46F7F782F8B4F86030A16E013303
:10C76000A4F860303368D8F8882098684B4607F002
:10C7700081D9484647E03368A16E9868D8F8882088
:10C78000002307F077D900203DE0931E012B4FF0E6
:10C79000000337D8B1F86010052903D984F8583060
:10C7A000022030E0032A09D132680131A4F8601078
:10C7B0009068A16ED8F8882007F05CD93046FFF762
:10C7C000C3FB38B130462946FFF7C2FB002814BF2F
:10C7D0007E200020032301248DE81800002402900D
:10C7E00003940494D7F808313846B3F8623005F161
:10C7F0001401C3F3401305935A462B46F7F72EF85E
:10C80000204600E0184609B0BDE8F08F2DE9F34757
:10C810000B6882685B680646D3F808A0D3F80490DA
:10C82000B3F810801B680D46032B5AF80240DAF863
:10C8300010701DD1FFF788FBD0B130465146FFF78D
:10C8400087FBA8B1B4F8AC3093B1B9F1010F0FD1A7
:10C85000B8F14C0F01D0BA7952B9AA69FF20009201
:10C860005D2104F16C02DBB2F1F70EFD002001E066
:10C870006FF01600BDE8FC872DE9F8430B6882686D
:10C880005B680446D3F808905F681E8A1B6859F8F5
:10C890000280032BD9F8105013D1FFF755FBA0B13C
:10C8A00020464946FFF754FB78B1B8F8AC0060B1B8
:10C8B000012F06D14C2E01D0AB792BB90330BDE846
:10C8C000F8830020BDE8F8830020BDE8F8832DE957
:10C8D000F04F0B6882685B68B9B0D3F808805E6877
:10C8E0001F8A1B688146032B58F80240D8F810A015
:10C8F0008D69D1F81CB040F09F80012E48D137B12E
:10C90000A7F14C039BB2012B01D97E2F0FD1B4F8B4
:10C91000663038A9284621F8043D0222F5F31EF5B9
:10C9200002350FB17E2F02D19AF806300BB14C2F91
:10C9300013D14846FFF708FB20B148464146FFF7B0
:10C9400007FB50B9B4F8AC203AB1284604F16C01A9
:10C95000F5F304F5B4F8AC30ED180FB17E2F6ED1BD
:10C9600001212A462023D4F8B800F0F37DF40121F8
:10C9700005F120022023D4F8C400F0F375F4D4F8B4
:10C98000C800012105F140022023F0F36DF456E0C8
:10C99000022E54D1B4F8623038A921F8023D28465D
:10C9A0003246F5F3DBF4BDF8DE3038AF27F8C83D8A
:10C9B00001210DF11A022023D4F8B800F0F354F449
:10C9C00001210DF13A022023D4F8C400F0F34CF415
:10C9D00001210DF15A022023D4F8C800F0F344F4E9
:10C9E00001210DF17A022023D4F8BC00F0F33CF4CD
:10C9F00001210DF19A022023D4F8CC00F0F334F495
:10CA000001210DF1BA022023D4F8D000F0F32CF468
:10CA10004FF00008C22302930235304604F118019A
:10CA200020224346CDF8008001970395CDF810B041
:10CA3000F3F7A2F8404603E06FF0160000E0002094
:10CA400039B0BDE8F08FF8B50B6804465A688368C2
:10CA500096685168F558138A12683769032A2DD1F0
:10CA6000012926D10BB17E2B12D1BB796BB920469F
:10CA7000FFF76AFA20B120463146FFF769FA20B97C
:10CA8000B5F8AC0008B1023000E002206030F8BD1B
:10CA90004D2B15D04C2B11D1FFF756FA20B1204663
:10CAA0003146FFF755FA58B9B5F8AC0050B102302D
:10CAB000F8BD02290CBF22200020F8BD0020F8BDDF
:10CAC0000220F8BD0220F8BD19B18368CB5883F865
:10CAD000BC21704770B50C680D460646102208460A
:10CAE0000021F5F3BFF42C6020460021F268F5F335
:10CAF000B9F404F52473C4F8EC3004F52C73256004
:10CB0000C4F8243170BD2DE9F0470D4698462B68D6
:10CB1000BDF82060099C0768896B95F82CC073B13B
:10CB200093F8009093F801A049EA0A29A5F81C900F
:10CB300093F81690DB7D49EA0323A5F87E303B6825
:10CB4000B5F81C9093F8D130002B5AD197F92735BE
:10CB5000B3F1FF3F03D190F8A43313B151E0012B9F
:10CB60004FD0C9F38027B5F87E9019F00F0901D195
:10CB700027B987E027B94FF0010904E0012702E057
:10CB80004FF000094F460123002204F5227004F5FE
:10CB9000237176F017DAD4F88832984505D1D4F8A5
:10CBA0008C32F31A18BF012300E001233FB933B1DF
:10CBB000C4F88872C4F88C72A4F886725CE0B9F18B
:10CBC000000F08D00020C4F88802C4F88C02A4F832
:10CBD0008602BDE8F087B5F87E50C4F88882C4F8B4
:10CBE0008C62A4F886524846BDE8F08706D18F884B
:10CBF000B74294BF0027012700E00127F8B2BDE843
:10CC0000F087BCF1000F13D04B6B03EBC20153F85C
:10CC10003230984506D307D18888B04294BF0026A9
:10CC2000012602E0012600E00026F0B2BDE8F08710
:10CC3000D1F8E03052019A18136998451CD302D1FB
:10CC4000938AB3421BD89369984506D307D1908B3A
:10CC5000B04234BF0020012002E0012000E00020AB
:10CC600070B106F07F06F308D05C06F0070630418D
:10CC700000F00100BDE8F0870120BDE8F087012049
:10CC8000BDE8F0874B6B03EBC20153F83230984597
:10CC9000ACD2B2E72DE9F04F1C4693F860B05F6864
:10CCA000D368ADF5117D064605919146156933B1FE
:10CCB0001B7A0B2B03D13B7803F0010301E0FB78D7
:10CCC0009B09E36394F82C304946009330462A468A
:10CCD000E36B4FF023DB0146A06320B12A6D40F2E5
:10CCE000371313402BB9304621464A4671F002DA19
:10CCF000E2E090F90E2090F90F30D318A2689A4222
:10CD0000C0F0DA80A269138A13F0080F0DD0007A00
:10CD10000B280AD196F8DC0538B18879032804D8A5
:10CD200023F008031B041B0C13820B7A042B59D02D
:10CD30000B2B00F0AE80022B40F0C080BB7897F840
:10CD400000A097F8068043EA0A2A7B794FEA084850
:10CD500048EA03283B7948EA0308FB79A76E48EACA
:10CD6000036817F0010740F0AC80284621465A4678
:10CD70004346CDF800A0CDF80490FFF7C4FE00288C
:10CD800000F09F80AB79002B40F067823368D3F8C6
:10CD90008830D3F8DC210132C3F8DC2194F82C2050
:10CDA00022B1D3F8B4220132C3F8B422D3F8E82177
:10CDB0000132C3F8E821D5F8183193F834301BB1AB
:10CDC0002846002165F0E0DB94F82C70002F00F07D
:10CDD00044823368D3F88830D3F8C0220132C3F8D4
:10CDE000C02269E03B7897F801A097F8068043EAF3
:10CDF0000A2AFB794FEA084848EA03683B7948EA7F
:10CE000003087B7948EA03282B7C13B9EB6DDB0719
:10CE100057D4A76E17F0010753D1284621465A462A
:10CE20004346CDF800A0CDF80490FFF76CFE002833
:10CE300047D0AB79002B40F010823368D3F88830AC
:10CE4000D3F8DC210132C3F8DC2194F82C2022B184
:10CE5000D3F8B4220132C3F8B422D3F8F02101325E
:10CE6000C3F8F021D5F8183193F834301BB12846B7
:10CE7000002165F089DB94F82C70002F00F0ED8123
:10CE80003368D3F88830D3F8C8220132C3F8C822F7
:10CE900012E00237C83110223846F5F383F5002836
:10CEA0000CDA8D4839461022F5F3ECF6A16B8B486D
:10CEB000C8311022F5F3E6F60027CEE14FF0000866
:10CEC000C24696F8B03293B92B6D1F070FD4A06BF2
:10CED000037A022B02D1F6F331F140B963699B6901
:10CEE000980004D4A3691B8A190700F1FB806369C9
:10CEF0009B695A06E0D4A3691A8A42F008021A8292
:10CF0000A16B0B7A013B0A2B00F2CE80DFE813F015
:10CF100035000B0035006C00CC00CC00CC00CC0000
:10CF2000CC00CC00AE000846F6F308F108B12B7C2B
:10CF30004BB1A36BD3F88820904504D80FD093F859
:10CF40008C205A450BD0A16B226804F1400738466B
:10CF500014310A32434601F0C3D9E76501E0643376
:10CF6000E365A16B04F14A0738461431E26D53467C
:10CF700001F080DA3846102110E06168032284A8AD
:10CF8000F5F3ECF1A36B84A803F114011A690330E3
:10CF9000F5F3E4F1A36B84A81969033107AAFBF345
:10CFA0008DF1A36B606893F90E30A168C018C91A9F
:10CFB00007AAFBF3A5F1A36B606893F90E30A16893
:10CFC000C018C91A4FF0FF32F6F3F4F0444BA269CF
:10CFD0009842138A04D123F010031B041B0C01E0B8
:10CFE00043F0100313827DE06368DF7817F02007B9
:10CFF0001FD00A6948A81431D200FBF303F60023BE
:10D0000021686269484670F0A5DC0027A36B019097
:10D010000097196948A82368E268EEF3C7F3831CF8
:10D0200005D1A3691A8A42F010021A825AE001302F
:10D0300058D13368D3F88830D3F8DC210132C3F8F3
:10D04000DC21D3F8F4210132C3F8F42194F82C2028
:10D05000002A00F0FF80D3F8B4220132C3F8B422D2
:10D06000D3F8CC220132C3F8CC22F6E001F114004F
:10D07000E2682431236800F0F9DF00287FF41CAF58
:10D08000A26BD2F8D8300133C2F8D83033F07C43E9
:10D0900028D1F2220192D6F89401294609F114020E
:10D0A000009376F05DDE1DE0AF79002F7FF404AFD2
:10D0B0003368D3F88830D3F8DC210132C3F8DC219F
:10D0C00094F82C20002A00F0C580D3F8B422013255
:10D0D000C3F8B422C1E000BFA2ED8900A8ED890029
:10D0E000E320BBDEA36B616893F90E208A186260AF
:10D0F00093F90E1093F90F208A18A1688A1AA2607A
:10D1000093F90E1093F90F208A1821698A1A226167
:10D11000A269128A02F01802182A64D1AB79002B96
:10D120007FF4CAAE95F944200093019302933046F0
:10D130003123D5F8081170F0A7DA3368D3F88830B6
:10D14000D3F8DC210132C3F8DC21D3F8EC21013221
:10D15000C3F8EC21D3F8F4210132C3F8F42194F898
:10D160002C2072B1D3F8B4220132C3F8B422D3F820
:10D17000C4220132C3F8C422D3F8CC220132C3F84E
:10D18000CC22A26B127A022A05D0032A12D0012ADD
:10D190007FF492AE0EE0D3F808220132C3F80822E1
:10D1A00094F82C70002F58D0D3F8E0220132C3F845
:10D1B000E02281E6D3F800220132C3F80022D3F83E
:10D1C000FC210132C3F8FC2194F82C70002F44D0CC
:10D1D000D3F8D8220132C3F8D822D3F8D4220132AE
:10D1E000C3F8D42268E661698A89E26094F82D2048
:10D1F0009AB993F90F20059892B2FAF329F163696D
:10D20000DA89900402D5B3F850308BB9A36BE26889
:10D2100093F90F30D31AE3600AE00598F6F3F4F0BF
:10D22000A36B014693F90F20059892B2FAF310F11F
:10D23000A36BC4F86480A4F862A01B7A042B01D00D
:10D24000022B09D1A36ED90706D43046214670F0CF
:10D250009DDF01E0174600E0012738460DF5117DFE
:10D26000BDE8F08F2DE9F341099F00230D99044695
:10D270009046089E0A9D009301933FF04FDE032FD6
:10D280000BD9042268463146F5F368F0072F04D91C
:10D2900001A8311D0422F5F361F0A8F14C08B8F1A2
:10D2A000050F2AD8DFE808F00A03160F231BD4F86D
:10D2B0008434BDF80020A3F8922016E0D4F884341A
:10D2C000B3F8923017E0D4F88434BDF80020A3F806
:10D2D00096200AE0D4F88434B3F896300BE0D4F802
:10D2E0008434BDF80020A3F89E20002007E0D4F885
:10D2F0008434B3F89E302B60F7E76FF01600BDE87A
:10D30000FC81D0F884242DE9F843B2F892800446D9
:10D310004145D4BF00200120B2F84A50B2F896909F
:10D32000B2F89460B2F898C010B1C8EB010701E000
:10D33000C1EB0807B2F89030BFB2002B75D0BCF13A
:10D34000010FADB2334607D1002851D02BB203FBF9
:10D3500008F393FBF1F346E0BCF1020F2BD131B29D
:10D36000B8B10FFA89F3994203D10423A2F8983097
:10D3700062E0132F02D9A6F1140339E0092F02D974
:10D38000A6F10A0334E0042F01D9731F30E0B31E65
:10D390002EE00FFA85F841451DD0132F02D906F172
:10D3A000140325E0092F02D906F10A0320E0052F16
:10D3B0001CD9731D1CE0BCF1040F39D133B238B154
:10D3C0000FFA89F18B4237D0052F38D9731F0AE045
:10D3D00029B28B4204D10123A2F89830BDE8F8832A
:10D3E000052F2DD9731D4FF0020C01E04FF0040CF6
:10D3F0001BB229B28B4204DC0FFA89F5AB42A8BFFD
:10D400001D462368A2F89450A2F898C02DB2294670
:10D41000012220461B7E72F0B1DC2368204629469B
:10D4200000221B7E72F0AADC06E01846BDE8F883F5
:10D430004FF0FF30BDE8F8830020BDE8F8830020FE
:10D44000BDE8F883D0F8843413B5B3F890200446CF
:10D450006AB1036A0DF1060118695BF0BFD980B1AA
:10D460002046BDF906100122FFF74BFF09E06421B9
:10D47000012372F083DC012220466421134672F0FE
:10D480007DDC1CBD08B5036AD3F8D80079B14378B8
:10D490004A789A4208D102300231F4F34BF7D0F1C6
:10D4A000010038BF002000E00020C0B208BD0846DF
:10D4B00008BD2DE9FF4799464369D0F82080824690
:10D4C0001B680446174602695AF8180B0E46414677
:10D4D000D55801F055FA2169206852466FF096DC64
:10D4E0000123C8F800302B680146023B012B03D80A
:10D4F0002369DB6DC8F8D0300C9B2068029342464C
:10D5000033468DE8800201F058FA48B12B68022BAF
:10D5100005D1636AD888003018BF012000E00120DF
:10D5200004B0BDE8F0872DE9F04FC368044600F170
:10D53000180799B01646056A8A46006821693A4676
:10D5400003936FF063DC013E0290062E00F23881F7
:10D55000DFE816F007003601BC003601DB003601BB
:10D56000FF00EE68002E00F02C81D5F8D03013F4C7
:10D57000804B0CD023682169D3F8D4060368CB58BC
:10D580001B781BB14AF04ADB834600E09B46636888
:10D5900093F86231A3B1D5F8D000F0F78BFE88B1D3
:10D5A0002368D3F86008FEF7CFFC58B123680299CE
:10D5B000D3F86008FEF7CCFC20B1B5F8DC8002E0BF
:10D5C000984600E08046B5F806C02068DC44C444B4
:10D5D0001FFA8CFC0CF1710321693A469BB2CDF81D
:10D5E00004C077F07BD9DDF804C00646002800F0BF
:10D5F000E8800CF15F0CD0F808901FFA8CFC4FEA21
:10D600001C2343EA0C2C09F11207A9F810C00021D1
:10D610005F223846F4F326F74AF484731A0A89F82D
:10D62000132089F814302B8B05F13C011A0A89F874
:10D63000152089F81630202209F11F00F4F38EF628
:10D64000EA8809F171009344D8441FFA88F84FEA38
:10D65000182343EA0828A9F86F80E968F4F37EF6F6
:10D66000636893F86231F3B1D5F8D000F0F722FE89
:10D67000C8B12368D3F86008FEF766FC98B1236848
:10D680000299D3F86008FEF763FC60B1EB68002BE9
:10D6900000F09B80E888D5F8E01038185F30B5F8C6
:10D6A000DC20F4F35BF6D5F8D030580440F18D80DF
:10D6B00023682169D3F8D4060368CB581B78002B64
:10D6C00000F083803A464AF0FFD97EE02068216965
:10D6D0003A46712377F002D90646002871D0D0F877
:10D6E00008905F22002109F1120789F8112089F8BA
:10D6F00010103846F4F3B6F64AF480731A0A89F823
:10D70000132089F814302B8B1DE0206821693A46DC
:10D71000712377F0E3D80646002852D0D0F808905D
:10D720005F22002109F1120789F8112089F81010F1
:10D730003846F4F397F64AF440731A0A89F813202E
:10D7400089F81430EB8A1A0A89F8152089F81630FE
:10D750003BE0206821693A46712377F0BFD806463E
:10D7600078B3D0F8089000215F2209F1120789F8F8
:10D77000101089F811203846F4F374F64FEA1A2392
:10D7800089F8133089F814A01FE0D5F8D000F7F31A
:10D790007DF10146484605F18C0204ABF7F386F1B2
:10D7A000044630B9314603982246F9F3A7F62646D7
:10D7B00007E007F14D0004A91022F4F3CFF500E0D3
:10D7C0000026304619B0BDE8F08F032389F80F30EA
:10D7D000D5F8D000F6F354F505F15C0400280CBF31
:10D7E000FE2302233846082200F8053B2146F4F3C5
:10D7F000B5F508212046F7F34FF11AF00301C9D11E
:10D80000C3E72DE9F04F91F813800B7D8BB043EA0D
:10D81000082818F0030904460E4606924769056A6F
:10D82000CDF8208005D1D5F8D000F7F32FF184464C
:10D8300000E0CC4605F15C0A06F1170B0120082335
:10D8400059465246CDF810C0F6F302F68245DDF88F
:10D8500010C000F0F78318F48071079110D0338A5C
:10D860001A0A42EA03239BB25C2B40F2EB83304658
:10D87000614605F18C02F6F3E5F7002800F0E2833B
:10D88000338A1A0A42EA03239BB25E2B40F2DA8300
:10D8900096F86F1096F8702042EA01225F329342A8
:10D8A000C0F0D08306F11202099259460822504670
:10D8B000F4F354F505F1640059460822F4F34EF5EB
:10D8C000D5F8D000F6F3DCF4002868D018F4805FB7
:10D8D00065D096F86F2096F8703043EA0223B3F5CE
:10D8E000807F0BDD38462169012274F065DC2069F8
:10D8F00004F11801012277F089D9E7E24FF4807032
:10D90000F9F3C6F5824630B938462169012274F030
:10D9100053DCD14698E32020F9F3BAF5834630B9B9
:10D920005046F9F3C7F538462169012208E34FF460
:10D930008170F9F3ADF5059068B95046F9F3BAF581
:10D940005846F9F3B7F538462169012274F034DC02
:10D95000DDF8149078E3B9F1000F04D1D5F8D000C8
:10D96000F7F394F08146059B494605F19C0202932A
:10D97000099800238DE8000CF6F394F78146504691
:10D98000F9F398F55846F9F395F50598F9F392F5FA
:10D99000B9F1000F03D138462169012220E396F83E
:10D9A00015A0B37DD5F8D00043EA0A2AF6F38AF42D
:10D9B00010B918F0080326D0BAF10D0F0BD003D818
:10D9C000BAF1050F15D10DE0BAF1100F17D0BAF169
:10D9D000200F0ED111E018F0080F13D0384621693E
:10D9E000022271E218F0080F0FD038462169032295
:10D9F0006AE238462169042266E2022106E0042236
:10DA0000059204E00323059301E00121059118F03C
:10DA1000080900F026822B8A059A934203D03846E3
:10DA20002169052250E2079B002B40F0C7800323A9
:10DA30002B60D5F8D0305A0606D4626892F862217D
:10DA4000002A37D0580335D513F4804932D196F8DF
:10DA50006F1096F87030042206F1710043EA01213C
:10DA6000F6F3F8F70246002833D04378132B03D897
:10DA7000384621690422B3E2636A2169483300937E
:10DA80004FF020092046063201F1DC03CDF8049066
:10DA900073F054D88246E0B9636AA3F8069094F80C
:10DAA0000834B3B1A068D4F8041406F009D884F897
:10DAB00008A40EE019060CD5616AB1F8E42042B161
:10DAC00001F14800C431F4F349F4636AB3F8E41097
:10DAD000D980636ADB882BB920463146069A72F0FA
:10DAE000DFDFAFE205F11C0906F11F0120224846E5
:10DAF00005F13C06F4F332F420222068314619F097
:10DB000029D9D5F8D0305A040AD522682169D2F82B
:10DB1000D40602688A58127812B149F0FFDF3BE060
:10DB200021690A6D100508D413F4922F05D1D1F89C
:10DB3000083193F883309A0612D5636A04F118000D
:10DB400003F148020092DB88E231019305F18C0376
:10DB50000293AB8A4A4603933346F6F30DF41BE077
:10DB600004F1180A5046E2310622F4F3E3F30028E8
:10DB700000F06882636A216903F148020092DB8841
:10DB80005046019305F18C030293AB8AE231039373
:10DB90004A463346F6F3F0F540F63B6238462169D3
:10DBA00008EA0202012374F04BDB08B1042356E1BA
:10DBB000384621690D2274F0FFDA43E2069A4AB929
:10DBC00097F81690B9F1000F0CBF4FF400794FF0A1
:10DBD000000901E04FF00009D5F8D000F6F350F34A
:10DBE00041F2C833002808BF4FF4E47303EA080287
:10DBF00018BF4FF000099A4240F0248219EA080F3A
:10DC000040F020822B68033B042B00F21B82294644
:10DC1000052341F81C3B06F11F002022F4F38AF390
:10DC2000002840F00F8296F86FA096F87030D5F873
:10DC3000D00043EA0A2AF6F323F300283FD006F186
:10DC4000710B584651463022F5F306F08146C8B1B3
:10DC5000D5F8D03042785B0440F1FA81236821691D
:10DC6000D3F8D4361B68CB581B78002B00F0F0811A
:10DC7000123A92B2ECE1A86809F102010230F4F321
:10DC800059F318B138462169072215E00AEB0B0158
:10DC900099F80120C9EB010189B2901C81421CDD79
:10DCA0006FF001039B1A4844C9183022F4F3D4F7EB
:10DCB00098B121693846062274F07EDA09E0AB8813
:10DCC000534506D1A86806F171015246F4F332F3C8
:10DCD00018B1206904F1180142E0D5F8D000F6F33C
:10DCE000CFF278B106F171005146F6F3A7F648B9C4
:10DCF00038462169092274F05FDA206904F11801BD
:10DD000001222EE02068036893F8623163B304F1C6
:10DD1000180921694A466FF079D88346D5F8D000B2
:10DD2000F0F7C8FA00B32368D3F86008FEF70CF9DF
:10DD3000D0B1BBF1000F17D023685946D3F8600863
:10DD4000FEF706F980B1514606F17100F422F4F3B2
:10DD500083F701462046FFF795FB28B9206949461D
:10DD6000112276F053DF6DE140F20B223846216933
:10DD700008EA0202032374F063DA814628B106231D
:10DD800018F040092B6004D116E0384621690D22B5
:10DD900026E12A8A04F1180B2B8B20688DE80408F1
:10DDA000216905F1AC0276F0D1DED5F8D000F6F3AA
:10DDB00067F2002834D003E03846216908220FE1D9
:10DDC000514606F17100F6F339F642788046063A7C
:10DDD00092B2EA82837905F16C0903F0030385F8B6
:10DDE000CC3008F108014846F4F3B8F295F8CC209D
:10DDF0000599EB8A009206F14F020191029298F880
:10DE00000620216902F00402039220684A4676F057
:10DE100021DE23682169D3F87C06324654F0ECDE1B
:10DE2000D5F8D000F6F32CF2C0B108232B603846A9
:10DE30002169002274F0C0D923695A46DB68206842
:10DE4000009379210623F4F701F923682269D3F8B6
:10DE5000D4361B68D35800221A70F3E006232B60D7
:10DE6000F0E02B68052B40F2ED80236A05995A8A71
:10DE70008A4208D0D3F8D000F6F324F218B138461D
:10DE800021690A22ACE008F46073B3F5607F40F0CA
:10DE9000D98007232B60D5F8D000F6F3F1F1814645
:10DEA000002841D018F4805F0BD096F86F1096F8D8
:10DEB000703006F1710043EA0121F6F3BFF58146A7
:10DEC00038B9216938460B2274F076D94FF0000931
:10DED000BAE0427805F16C0A063A92B2EA82837996
:10DEE00009F1080103F0030385F8CC305046F4F340
:10DEF00035F295F8CC20EB8A00926A8A216901926A
:10DF000006F14F02029299F80620206802F00402FE
:10DF10000392524676F09EDD23682169D3F87C0691
:10DF2000324654F069DE70E0BAF1200F55D84FF454
:10DF30008070F9F3ADF2834630B9216938460C227E
:10DF400074F03AD9D9467FE02020F9F3A1F2069087
:10DF500050B95846F9F3AEF2384621690C2274F0F4
:10DF60002BD9DDF818906FE04FF48170F9F390F23F
:10DF7000844680B95846CDF810C0F9F39BF2069854
:10DF8000F9F398F2384621690C2274F015D9DDF8BE
:10DF900010C0E14658E0069B05F16C02079241462D
:10DFA00005F19C0201930290079B0998CDF810C0DF
:10DFB000CDF800B0F6F370F481465846F9F37AF2E2
:10DFC0000698F9F377F2DDF810C06046F9F372F2C3
:10DFD000A5F816A0B9F1000F05D1216938460C2229
:10DFE00074F0EAD830E0089A08F030031B11059964
:10DFF000009302F0400301914F360393206821699A
:10E00000079A5346029676F025DD3846216908F0D6
:10E010000B02052374F014D928B108232B6038466D
:10E020002169002202E0216938460D2274F0C4D82B
:10E0300023692068DB687921009304F11802062324
:10E04000F4F704F84FF0010948460BB0BDE8F08F33
:10E05000A988931C99427FF415AE0CE62DE9FF4781
:10E0600090E810028E7905460F46002E63D140F2EB
:10E070001440F9F30DF2804600285FD03851314644
:10E0800040F21442F4F3EEF1AB8AD9F8D02608EB53
:10E09000030448F803902B694FF0010AE360EB6832
:10E0A0006261A360AB6827616360E420C8F8006028
:10E0B00088F804A0C4F8FC63F9F3EAF120620028B0
:10E0C00041D03146E422F4F3CDF1E820F9F3E0F158
:10E0D0006062002837D03146E822F4F3C3F1D4F867
:10E0E0002480E868C8F8009019492246334605F0B4
:10E0F0006BDDC8F86800002825D0E868154922467D
:10E10000334605F061DD6063E8B1E86812492246F4
:10E11000334605F059DDC4F80404A0B1236A286A27
:10E120000193636A6946009702938DF80CA0F3F39C
:10E1300013F4304604E06FF0060001E04FF0FF30CA
:10E1400004B0BDE8F0872846394672F099DBF5E760
:10E15000E1578800E9588800C958880038B51D463D
:10E1600090B10368848ACB5873B11C19114604F12D
:10E1700030001022F4F3F2F004F14000294620228E
:10E18000BDE83840F4F3EAB038BDD0F88404F0B507
:10E1900003F15605A83300EB430300EB8505B3F903
:10E1A0000A60AF6890F8E940BE1B7618AE60264161
:10E1B0005E81B0F95E31D0F86811CB1A9B18C0F8B7
:10E1C00068312341A0F85E31F0BD10B50A7AD0F86D
:10E1D00084342AB390F82922D1F808012AB190F8A2
:10E1E0006000904228BF024601E090F86020D1F81C
:10E1F0001801047864B1007AD1F8081118B1C98DFA
:10E200004A43002101E0CA8D012183F8291105E06C
:10E21000012283F82921D1F80821D28D0A3203E0A6
:10E2200083F829214FF49B72C3F8242110BD2DE9F6
:10E23000F04F8BB0D0F884449A469DF85C309046FD
:10E2400008939DF85420B4F8C63007920393189AA7
:10E2500094F8E9300F4609920593B4F8F020D4F809
:10E26000D81094F81C3106469DF950B09DF85850CE
:10E2700004920691002B00F0AB81036893F869319A
:10E2800023B13BF04DDA002800F0A281336893F807
:10E2900064312BB194F86D3113B1002384F86D31E2
:10E2A00094F828313BB1B068D4F8301105F008DC9F
:10E2B000002384F828318E2130693CF069DA43006C
:10E2C0004E334FF6FE71194030693CF061DA94F834
:10E2D00058318146FF2B08D094F8E830012212FA19
:10E2E00003F300EA03091FFA89F994F8AF30AB424F
:10E2F00013D0002305F1320204EB8202E91A936085
:10E300004A4242EB0102323204EB820284F8AF50FF
:10E31000C4F8CC30C4F8C8309360BAF1000F00F0F4
:10E320005781079AC2B9022F40F35281C7EB0A0105
:10E33000B4F9F22009B204EB45039142A8BF0A46A2
:10E34000A3F8EA20D6F884345B79012B2AD9C8EBEC
:10E350000B03A4F8EE3025E0049F04EB45023BB22A
:10E36000B2F9EA70C7EB0A07FF1A022F03DD1C2F70
:10E37000A8BF1C2700E00327D6F884245279012A7D
:10E3800010D9B4F9EE80C8EB0B08C3EB0808B8F15C
:10E39000020F05DDB8F11C0FA8BF4FF01C0801E00B
:10E3A0004FF00308D6F868329B792BB9089A1AB156
:10E3B00030460999FFF709FF05F1320204EB8202AA
:10E3C0009368304601339360C4F8CC30D4F83831C8
:10E3D00051460133C4F8383105F14E0304EB830391
:10E3E0005A6801325A605A462B46FFF7CEFED4F8DF
:10E3F000E030D4F8E420934203D9039B1BB204938A
:10E4000007E0D4F8DC00013301210690C4F8E030C5
:10E4100004910598012212FA00F3D4F8CC10994225
:10E420002DD3D5F1010B38BF4FF0000B0BF1A80C29
:10E4300004EB4C0C04EB4500B0F85A01BCF80AC0E0
:10E44000C0EB0C0C0FFA8CFC94F86C018CEAEC7AA3
:10E45000AAEBEC7A8245ACBF0021012184450391EF
:10E460000EDB94F8E8000BFA00F1894509D005F1BC
:10E470003C0104EB810148688018486001E0039288
:10E48000002205F1540B05F12C0004EB800004EB95
:10E490004B01B1F90AC0D0F808A0CCEB0A0C6744D4
:10E4A0008760059807414F81D4F8C000B4F9B610D1
:10E4B000059F411A4144C4F8C0103941A4F8B61070
:10E4C00004EB8501D1F8D010B4F9C400994204EBF3
:10E4D0004B01B1F90A1028BF84F8B150884244DBDF
:10E4E000D4F8CC00069FB8420CD9D5F1010194F8BC
:10E4F000E82038BF002111FA02F291452FD005F132
:10E500003C0225E0039F4FB394F844713DB1B4F948
:10E51000B2C07FB2C1EB0C0107EBC10106E0B4F958
:10E52000B4C07FB2C1EB0C01C900C91B049FB1EBA1
:10E53000C70F13DB984211D3D5F1010194F8E820FD
:10E5400038BF002111FA02F2914508D005F13E02D0
:10E5500004EB820251680131516000E02AB10120D0
:10E56000002D14BF0321022106E0002D0CBF284618
:10E57000002014BF0221032194F8AF2084F8492120
:10E5800094F81D215AB1D6F8682292793AB938B177
:10E5900030690B46009201923DF0C6D804E018B9EC
:10E5A000D4F8CC209A4213D294F81D3183B1D6F816
:10E5B00068329B7963B9012284F82821B068D4F8C5
:10E5C0003011D4F824210BB0BDE8F04F05F0529A79
:10E5D0000BB0BDE8F08F2DE9FF41D0F8845406461A
:10E5E00095F81C310C4695F8E970002B00F08180FD
:10E5F000036993F80A31002B7BD0036893F86931E3
:10E6000053B13BF08DD8034630B9B068D5F834111A
:10E61000142205F02FDA6CE0336893F8643133B1DB
:10E6200095F86D311BB1002385F86D3161E0D6F8A6
:10E630003C33022B0AD0D5F8E020D5F8E4309A42DA
:10E6400094BF4FF000084FF0010801E04FF00008C0
:10E6500095F81D31002B4CD0D6F868329B79002BF1
:10E6600047D1336A0DF10F0118695AF00BDD9DF89F
:10E670000F3085F8AF30002B14BF03210221B8F111
:10E68000000F25D003F1020E05EB8E0E05EB4302C1
:10E69000DEF8B0C0B2F9B200C0EB0C00CEF8B000AA
:10E6A000384103F12C0EA2F8B20003F1540205EB3D
:10E6B0008E0E05EB4202B2F9B200DEF8B0C0C0EB3C
:10E6C0000C00783850FA07F7CEF8B000A2F8B27014
:10E6D00085F84931002201238DE80C0030690B4692
:10E6E0003DF022D89DF80F3054F82320013244F831
:10E6F0002320BDE8FF8110B5D0F8844494F81C3184
:10E7000023B104F58671FFF766FF002384F82831F2
:10E7100010BD70B5D0F88444054694F81C3103B39D
:10E72000D4F8CC20D4F8C8309A4203D104F58A71C9
:10E73000FFF751FFD4F8CC30C4F8C83094F81D313D
:10E740007BB1D5F868329B795BB994F8292142B145
:10E75000A868D4F834114FF4FA72BDE8704005F09F
:10E76000899970BD38B5D0F884440546D4F8341181
:10E77000806805F0A5D9D4F8CC20D4F8C8309A42E6
:10E7800004D1284604F58A71FFF725FFD4F8CC3070
:10E79000C4F8C83038BDD0F8843400224FF6A271D6
:10E7A000C3F8B820C3F8BC20C3F8C020A3F8B22037
:10E7B000A3F8B420A3F8B620C3F86021C3F86421FD
:10E7C000C3F86821A3F85A21A3F85C21A3F85E21BD
:10E7D000A3F8EA10A3F8EC10A3F8EE10C3F8CC20CD
:10E7E000C3F8D020C3F8D420C3F83821C3F83C21A3
:10E7F000C3F84021C3F8E020C3F8F420C3F8F820A0
:10E80000C3F8FC20C3F80021C3F80421C3F8082191
:10E81000C3F80C21C3F81021C3F81421C3F8182140
:10E8200083F829217047D0F88434D3F8CC208A604B
:10E83000D3F838218A6493F81D2112B193F8AF20E0
:10E8400001E093F8AC204A6093F81D210A6093F828
:10E8500048214A654A688A65D3F8D0200A64D3F80B
:10E86000D4204A64D3F83C21CA64D3F840210A6515
:10E87000B3F9B220CA60B3F9B4200A61B3F9B62083
:10E880004A61D3F8F4208A61D3F8F820CA61D3F83A
:10E89000FC200A62D3F800214A62D3F804218A627C
:10E8A000D3F80821CA62D3F80C210A63D3F81021E7
:10E8B0004A63D3F814218A63D3F81821CA63D3F8C2
:10E8C0004C21CA65D3F85021D3F854310A664B66FF
:10E8D0007047F7B5D0F88444D4F84C518D4207D135
:10E8E000D4F85051954203D1D4F854219A423CD0E7
:10E8F00001F00F05042D3AD8022D38D003F00302A1
:10E90000022A34D01F0907F00307022F2FD00A096B
:10E9100002F00F02042A2AD8022A28D09E0806F004
:10E920000306022E23D09E0906F00306022E1ED0F7
:10E93000C4F85431036AC4F84C111B68C4F8501170
:10E94000022B04BF3E462A46042A14BF1146314614
:10E9500084F8AD10D0F88434012283F84611009277
:10E96000019200690B463CF0DFDE002001E06FF011
:10E970001C00FEBD7047000000487047946601000F
:10E9800010B50C46C1B1886808B1F8F393F5E0689A
:10E9900008B1F8F38FF5D4F8D80008B1F8F38AF588
:10E9A000D4F8E00008B1F8F385F520460021E42210
:10E9B000BDE81040F3F356B510BD2DE9F74F0546FD
:10E9C000D2F8D000019114469846DDF830B0DDF859
:10E9D0003490DDF838A0F5F353F428B14046594699
:10E9E0003022F4F339F103E040465946F5F3E0F202
:10E9F0000646002800F0D880D4F8D000F5F340F4A3
:10EA000028B1484651463022F4F326F103E0484647
:10EA10005146F5F3CDF20746002800F0C6802B687A
:10EA200093F86231002B4FD0D4F8D000EFF742FCBE
:10EA3000002849D0D5F86008FDF786FA10B3D5F85C
:10EA400068329B792BB9D5F860080199FDF780FAF7
:10EA5000C0B148465146F422F4F3FEF08146002846
:10EA600000F0A28040780230A4F8D400F8F310F54A
:10EA7000C4F8D800002800F097804946B4F8D420A4
:10EA8000F3F36CF4D5F86008FDF75EFAE0B1D5F861
:10EA900060080199FDF75CFAB0B140465946F4228E
:10EAA000F4F3DAF0054600287ED040780230A4F86E
:10EAB000DC00F8F3EDF4C4F8E000002874D0294637
:10EAC000B4F8DC20F3F34AF4022323826382D4F8FF
:10EAD000D000F5F3D5F310B1042323826382D4F878
:10EAE000D000F5F3CDF350B106F10A0004F11001A6
:10EAF0000022F5F3A7F4002856D0002513E0737820
:10EB00000A2B0FDDD4F8D05006F10E00A5F1080253
:10EB1000554245EB020504F110012A46F5F3B6F61D
:10EB200008B941E005462046218A2A4676F088D871
:10EB3000002839D0D4F8D000F5F3A2F330B1301D5D
:10EB400004F112010122F5F37DF413E07378092B2F
:10EB500011DD06F1080045B9F27A012A06D0A2F1CA
:10EB600005035A4242EB030200E0012204F11201C4
:10EB7000F5F38CF6C0B178780230A080F8F388F411
:10EB8000A06088B13946A288F3F3E8F370780230C8
:10EB9000E080F8F37DF40746E06030B13146E2886A
:10EBA000F3F3DCF3012700E007463846BDE8FE8FAB
:10EBB00001320103323D00904C3300AAAA03000049
:10EBC0000088B4000100000001010000010050F2C3
:10EBD00001000050F20000409600000FAC00000F52
:10EBE000AC0600AAAA03000000AAAA030000F800CD
:10EBF0000FAC00050400C9BF05F000CEBF00000047
:10EC00000101000001011C7040002D02F0000A010A
:10EC100028002801380148015801550150015003CE
:10EC20006666E2016666E3016666E4016666E50122
:10EC30006666E6016666E7016666E8016666E90102
:10EC40006666EA016666EB016666EC016666ED01E2
:10EC50006666EE01CDCCF0010A0005000800400612
:10EC60000800050008000800770008008A00080076
:10EC70000100050001000A0001000500400610091E
:10EC80001E091F0924092509260920092109270928
:10EC900028092909220923093009310932091209F1
:10ECA0000F090009010906090709080902090309F2
:10ECB00009090A090B09040905090C090D090E09BE
:10ECC00011096502340284007400560065023402A2
:10ECD000040004000400030003000300030002001A
:10ECE0000100010000000000FFFFFFFFFFFFFFFF2A
:10ECF000FFFFFFFFFFFF0000372E39352E3439208C
:10ED000028323237316262362043592900726563F6
:10ED10006C61696D2073656374696F6E2025733A49
:10ED20002052657475726E65642025642062797462
:10ED3000657320746F2074686520686561700A00CF
:10ED40004D656D6F72792075736167653A0A0009C8
:10ED5000546578743A20256C6428256C644B292C02
:10ED600020446174613A20256C6428256C644B2929
:10ED70002C204273733A20256C6428256C644B293F
:10ED80002C20537461636B3A2025644B0A000941BF
:10ED900072656E6120746F74616C3A202564282559
:10EDA000644B292C20467265653A20256428256429
:10EDB0004B292C20496E207573653A20256428253F
:10EDC000644B292C2048574D3A2025642825644B54
:10EDD000290A0009496E20757365202B206F76651E
:10EDE00072686561643A2025642825644B292C20CB
:10EDF0004D6178206D656D6F727920696E20757335
:10EE0000653A20256C6428256C644B290A00094D5D
:10EE1000616C6C6F63206661696C75726520636FED
:10EE2000756E743A2025640A0009537461636B207F
:10EE3000626F74746F6D20686173206265656E2007
:10EE40006F7665727772697474656E0A000953741F
:10EE500061636B20626F74746F6D3A203078257037
:10EE60002C206C776D3A20307825702C20637572D9
:10EE7000723A20307825702C20746F703A203078E8
:10EE800025700A00094672656520737461636B3AE8
:10EE9000203078257828256429206C776D3A203039
:10EEA000782578282564290A0009496E757365203C
:10EEB000737461636B3A20307825782825642920A3
:10EEC00068776D3A2030782578282564290A00096A
:10EED000496E2075736520706F6F6C20256428253E
:10EEE00064293A2025642825644B292C20772F6F2C
:10EEF000683A2025642825644B290A0009496E20B8
:10EF0000757365202D20706F6F6C3A20256428255D
:10EF1000644B292C20772F6F683A202564282564BC
:10EF20004B290A0009506B74496420546F74616C5A
:10EF30003A2025642C20467265653A2025642C20F1
:10EF40004661696C65643A2025640A006D77006D3E
:10EF50006400554E494D504C3A2072613D25700A6F
:10EF6000005443414D3A20256420757365643A206E
:10EF70002564206578636565643A25640A000A465D
:10EF80005749442030312D25780A666C616773201B
:10EF900025780A000A5452415020257828257829DE
:10EFA0003A2070632025782C206C722025782C2044
:10EFB00073702025782C20637073722025782C20A4
:10EFC000737073722025780A002020723020257813
:10EFD0002C2072312025782C2072322025782C208C
:10EFE00072332025782C2072342025782C2072351D
:10EFF0002025782C2072362025780A0020207237B0
:10F000002025782C2072382025782C207239202554
:10F01000782C207231302025782C20723131202537
:10F02000782C207231322025780A000A20202073A3
:10F03000702B302025303878202530387820253046
:10F04000387820253038780A00202073702B313032
:10F050002025303878202530387820253038782021
:10F06000253038780A0A0073702B2578202530382F
:10F07000780A00686E6461726D5F61726D72206102
:10F080006464723A20307825782C206372345F698A
:10F0900064783A2025640A0062757373746174732E
:10F0A00000535357553A207072696D6520646F653F
:10F0B00073206E6F7420686176652070203D203368
:10F0C000206D6F642034000001000000000100008A
:10F0D00020010000A1418000B9538000212C800054
:10F0E000795780006D3D8000609D8800A09E88005B
:10F0F000549F88008C9B8800409C8800FDFFFFFF88
:10F10000D89A880002000000800100003001000051
:10F11000DD418000E5538000492C8000AD57800020
:10F12000993D8000749D8800C09E8800749F88006F
:10F13000AC9B8800609C8800FDFFFFFFF89A880068
:10F1400004000000FF00000020080000253E8000B1
:10F15000B1518000ED2B800035578000253D8000A7
:10F16000549D8800809E8800349F88006C9B880096
:10F17000209C8800066D0700B89A880003000000F4
:10F180000902000044010000F941800001548000A0
:10F19000892C8000F5578000ED3D8000889D880017
:10F1A000F09E8800A49F8800DC9B8800909C8800CB
:10F1B000FDFFFFFF289B8800706125643D307825A6
:10F1C000257800706425643D3078252578007064CA
:10F1D0006825643D30782525780070646C25643D91
:10F1E00030782525780067637225643D30782525C1
:10F1F00078002530325825303258253032582530A5
:10F2000032582D25303258253032582D253032587D
:10F21000253032582D25303258253032582D2530A2
:10F220003258253032582530325825303258253062
:10F2300032582530325800556E646566696E6564D3
:10F24000206572726F722025640000006001040066
:10F2500005000103640104000000270024010400EC
:10F260000400000028010400000000002C0104003C
:10F270000000000030010400000000003401040020
:10F280000A04700034010400EFBED400340104000D
:10F29000050000FF3401040001FF02FF30010400FB
:10F2A00018000000340104000A04E00034010400E6
:10F2B000EFBE480034010400050000FF34010400E3
:10F2C00001FF02FF340104000010180134010400A2
:10F2D000020300103401040018F1F2F334010400B9
:10F2E000BBCC0000300104003800000034010400F1
:10F2F0000000000030010400580000003401040048
:10F300000000000030010400380000003401040057
:10F310000F200007340104000000940034010400B1
:10F320000000009034010400747576773401040005
:10F330000000000034010400000005003401040056
:10F34000FFFFFFFF300104006803000034010400E8
:10F350006E84330034010400DCBA50003401040030
:10F36000D40000AB34010400BADABADA3401040084
:10F37000001018F134010400F2F30010340104000D
:10F3800018F1F2F33401040010000000340104000D
:10F39000000000003401040000000A0034010400F1
:10F3A0000100000E340104004252434D34010400B8
:10F3B0005F54455334010400545F53533401040037
:10F3C000494401043401040082848B963401040012
:10F3D00003010106340104000200000030010400B2
:10F3E00068000000340104000A042802340104000B
:10F3F000DCBA8000340104000000FFFF3401040087
:10F40000FFFFFFFF34010400001018F13401040075
:10F41000F2F300103401040018F1F2F33401040097
:10F42000D0AF0000340104000000000034010400EB
:10F4300000000001340104000200000E3401040049
:10F440004252434D340104005F54455334010400DB
:10F45000545F53533401040049440104340104004F
:10F4600082848B96340104000301010634010400F8
:10F4700002010000300104006806000034010400AD
:10F480000A04280234010400DCBA800034010400BC
:10F490000000FFFF34010400FFFFFFFF3401040000
:10F4A000001018F134010400F2F3001034010400DC
:10F4B00018F1F2F334010400D0AF0000340104006D
:10F4C00000000000340104000000000134010400C9
:10F4D0000200000E340104004252434D3401040086
:10F4E0005F54455334010400545F53533401040006
:10F4F000494401043401040082848B9634010400E1
:10F5000003010106340104000201000000010400AF
:10F51000000000019004020000000000A0040200AE
:10F52000F1F30000B0040200EFFD0000A8040200A7
:10F53000FFFF0000A804020000000000A204020077
:10F5400001000000B2040200FBFF0000AA04020058
:10F55000FFFF0000AA04020000000000A404020053
:10F56000CF1A0000AC04020000000000BC0402003E
:10F5700000000000A6040200D7020000B60402004A
:10F58000FFFD0000AE040200FFFF000006040200C1
:10F590000100000006040200000000000C0402004C
:10F5A00018000000060402000000000048040200E9
:10F5B000000C000002040200200600000205020008
:10F5C00000000000000502000040000002050200EB
:10F5D00004000000000502000040000002050200D7
:10F5E00008000000000502000040000002050200C3
:10F5F0000C000000000502000040000002050200AF
:10F60000C000000080050200FFFF0000820502002C
:10F61000FFFF000084050200FFFF000086050200D6
:10F62000FFFF000088050200FFFF00008A050200BE
:10F63000FFFF00008C050200FFFF00008E050200A6
:10F64000FFFF000090050200FFFF0000920502008E
:10F65000FFFF000094050200FFFF00009605020076
:10F66000FFFF000098050200FFFF00009A0502005E
:10F67000FFFF00009E050200FFFF0000A005020042
:10F68000FFFF00009C050200F0FF000040050200A3
:10F690000080000020050200060F00004005020067
:10F6A00000800000400502000081000020050200EB
:10F6B00000FF00002C0502000101000040050200CF
:10F6C00000810000400502000082000020050200C9
:10F6D0001E2800002C05020000000000400502006A
:10F6E00000820000400502000083000020050200A7
:10F6F000293100004005020000830000400502009F
:10F700000084000020050200323F00004005020096
:10F710000084000040050200008500002005020072
:10F720004041000040050200008500001206020072
:10F73000010000002E060200CDCC000030060200C1
:10F740000C00000000060200048000009606020083
:10F75000080000009A060200E4000000880602008B
:10F76000000000009C060200020000008806020063
:10F77000001000009C060200020000008806020043
:10F78000002000009C060200020000008806020023
:10F79000003000009C060200020000008806020003
:10F7A0000B0F00009E06020007000000100502007B
:10F7B0000B00000050040200014E00005204020041
:10F7C0005B010000E4040200900000000404020059
:10F7D000B400000054050200FFAF0000FE04020068
:10F7E000000000005E05020000100000600104003F
:10F7F000040001036401040000000000640104002F
:10F80000B4000000640104004700470064010400E4
:10F81000000064006401040030094000600104003D
:10F820000D000103640104000200020064010400F1
:10F830000100C00064010400050000006401040030
:10F840000000C0006401040064006400640104005E
:10F850000E00470064010400000500006001040080
:10F86000150001036401040040003C086401040029
:10F8700000000700640104000A00000060010400A9
:10F880001A0001036401040000C0000060010400CC
:10F890001D00010364010400102700006001040042
:10F8A0001F0001036401040000001C0C640104003B
:10F8B0000600102760010400250001036401040014
:10F8C000000032006001040028000103640104000C
:10F8D00000004C0A6401040000003F0164010400C0
:10F8E000FFFF00046401040046041E0764010400D5
:10F8F0000200EC09600104002E0001036401040011
:10F900000000008060010400920101036401040012
:10F91000640400006401040000004000640104006D
:10F9200096070000600104009701010364010400D0
:10F930001A08000060010400BF0101036401040013
:10F9400000000500600104000804010364010400D4
:10F9500007020000600104001004010364010400B8
:10F9600000000100600104001C0C010064010200A1
:10F97000FFFF0000600104001D0C01006401020093
:10F98000FFFF0000600104001A000103640104008D
:10F990000000200C60010400230001036401040046
:10F9A0000000A607640104000000A20A6001040030
:10F9B00026000103640104000A0E0B09640104001F
:10F9C0000E02000060010400320001036401040023
:10F9D0000000900B640104000000A0046401040016
:10F9E00000007C066001040058000103640104006B
:10F9F0004252434D640104005F54455364010400C6
:10FA0000545F535364010400494400006001040042
:10FA10006000010364010400390000006401040077
:10FA20005000000064010400C000000060010400F8
:10FA30007000010364010400BE03BE0364010400FE
:10FA4000BE03BE0364010400BE03BE0364010400E0
:10FA5000BE03BE03640104000004EA036401040061
:10FA6000D403BE03640104000B04F5036401040025
:10FA7000DF03C90364010400BE03BE036401040084
:10FA8000BE03BE0364010400BE03BE0364010400A0
:10FA9000BE03BE03640104000004EA036401040021
:10FAA000D403BE03640104000B04F50364010400E5
:10FAB000DF03C90364010400160416046401040092
:10FAC00016041604640104002204160464010400F0
:10FAD00016042E04640104001604160464010400D4
:10FAE00016041604640104001604160464010400DC
:10FAF0003A041604640104001604160464010400A8
:10FB000016041604640104002204160464010400AF
:10FB100016042E0464010400160416046401040093
:10FB2000160416046401040016041604640104009B
:10FB30003A0416046401040000001F00640104007C
:10FB4000FF031F00640104000200000064010400C0
:10FB50000200000060010400980001036401040039
:10FB600000001F0064010400FF031F006401040083
:10FB700001000000640104000100000060010400B5
:10FB8000A00001036401040000001F0064010400E0
:10FB9000FF031F0064010400010000006401040071
:10FBA0000100000060010400A800010364010400DA
:10FBB00000001F0064010400FF031F006401040033
:10FBC0000100000064010400010000006001040065
:10FBD000C0000103640104003724372464010400D9
:10FBE0003724372460010400BA01010364010400D2
:10FBF0000100070264010400070207036401040016
:10FC00000700000060010400DF010103640104003B
:10FC10002000CB01640104000000540064010400D2
:10FC20000000AB086401040000001004640104003B
:10FC30008400020064010400000014006401040058
:10FC4000CF010200640104004400000064010400CC
:10FC5000AF080200640104001004640064010400A1
:10FC600002020000640104001000CA0164010400E3
:10FC700002003C00640104000000AA0864010400C2
:10FC8000020010046401040054000208640104002E
:10FC90000000080064010400CE01000064010400BB
:10FCA0003400000064010400AE0800006401040098
:10FCB0001004440064010400020A0000640104000E
:10FCC0000800C9016401040002003000640104005E
:10FCD0000000A9086401040002001004640104008B
:10FCE0003C000210640104000000040064010400F0
:10FCF000CD010000640104002C0000006401040038
:10FD0000AD08000064010400100434006401040024
:10FD100002120000640104000400C8016401040030
:10FD200000002C00640104000000A8086401040025
:10FD30000000100464010400300002196401040092
:10FD40000000000064010400CC0102006401040012
:10FD50002C00000064010400AC08020064010400EF
:10FD60001004300064010400021A00006401040061
:10FD7000C0000A0464010400700000006401040073
:10FD80003A010A046401040028022CC06401040042
:10FD9000F2020A046401040000000001640104008E
:10FDA00060001404640104003800000064010400D1
:10FDB000020114046401040014012CC06401040055
:10FDC000DE011404640104000000800064010400EA
:10FDD00022003704640104001500000064010400DF
:10FDE000DF0037046401040065002CC064010400D6
:10FDF0002E0137046401040000002F006401040098
:10FE000011006E84640104000B0000006401040012
:10FE1000D4006E846401040033002CC0640104002B
:10FE2000FC006E84640104000000180064010400FA
:10FE300002008A9D64010400FB00020864010400C2
:10FE4000C54EFA0064010400020A83346401040010
:10FE5000FE000210640104006227F900640104003E
:10FE60000212421A64010400FD0002196401040038
:10FE7000B113F80064010400021A81116401040046
:10FE8000FC00021C64010400C10FFC0064010400BA
:10FE90000000C10F64010400FC00000064010400C4
:10FEA000C10FFC0060010400500201036401040062
:10FEB00000000000640104000100711464010400EA
:10FEC0000402000060010400540201036401040004
:10FED00001000000640104000100711464010400C9
:10FEE00004020000600104005802010364010400E0
:10FEF00002000000640104000100711464010400A8
:10FF000004020000600104005C02010364010400BB
:10FF10000300000064010400010071146401040086
:10FF20000402000060010400600201036401040097
:10FF300000000100600104006C0201036401040080
:10FF400020000000600104001204010364010400A9
:10FF500000000C006001040050050103640104006E
:10FF60001800000064010400983A983A6401040003
:10FF7000A60E6400640104000000F40164010400A2
:10FF80000400000064010400C8AFA861640104001B
:10FF9000204E1E0064010400000003006401040000
:10FFA000030000006401040050C30000600104006D
:10FFB0005B050103640104000000140564010400F2
:10FFC000E2040000600104005F0501036401040015
:10FFD000204E00006401040000000F0064010400D2
:10FFE000F4010300600104006505010364010400DD
:10FFF0000000130064010400000003006401040019
:020000041002E8
:100000000100070064010400C8AF0000640104009F
:1000100088130000640104002C17DF406001040015
:100020006C0501036401040000002C01640104005C
:100030000000A00F600104006F05010364010400CB
:10004000000002006401040000002C0164010400AF
:10005000C000000064010400C0440000640104000A
:100060006400000064010400DC05401F640104001A
:1000700000004600640104005000500064010400C8
:100080000200000064010400F50A000060010400A1
:100090007A050103640104002010409C64010400FF
:1000A000204E000064010400B80B00006001040051
:1000B0007E050103640104000000204E6401040079
:1000C0000000050064010400DC053F006401040039
:1000D000710200006401040030750000600104003A
:1000E0008605010364010400C409A00F6001040037
:1000F00089050103640104000000D00760010400C9
:100100008B05010364010400204E204E60010400B1
:100110008E05010364010400200080406401040096
:1001200000000A0064010400E803E81C6401040004
:10013000384A0000600104009305010364010400D3
:1001400000006400600104009F05010364010400D5
:100150000200940260010400A1050103640104008F
:10016000E100000060010400A40501036401040033
:100170003075000060010400A7050103640104005C
:10018000DC05000064010400581B0000600104004D
:10019000AF0501036401040000000F0064010400C6
:1001A000C800000060010400B205010364010400FE
:1001B000000002006401040000006400600104000B
:1001C000BB05010364010400A8617017600104000D
:1001D000C405010364010400BE00000060010400C6
:1001E000380C0100640102000000000060010400FE
:1001F00003000200640104001F000000600104000D
:100200000400020064010400FF0300006001040018
:1002100005000200640104001F00000060010400EA
:1002200006000200640104000700000060010400F1
:1002300007000200640104000400000060010400E3
:100240000800020064010400FFFF000060010400D8
:1002500009000200640104000000000060010400C5
:100260000A000200640104000000000060010400B4
:100270000B000200640104000000000060010400A3
:100280000C00020064010400000000006001040092
:100290000D00020064010400000000006001040081
:1002A0000E00020064010400000000006001040070
:1002B0000F0002006401040000000000600104005F
:1002C00010000200640104001F000000600104002F
:1002D000110002006401040000000000600104003D
:1002E000120002006401040000000000600104002C
:1002F000130002006401040000000000600104001B
:100300001500020064010400000000006001040008
:10031000160002006401040000000000FFFF00005E
:100320000000000086060200D009000080060200DE
:100330003E3E0000820602003E020000000702006E
:100340003C0000008406020012020000600104006C
:100350000300010064010200C0000000600104000D
:1003600003000100660102000A00000060010400B1
:100370000400010064010200140000006001040098
:100380000700010064010200830100006001040015
:100390002500010064010200F40100006001040076
:1003A000C5050100660102002B0400006001040085
:1003B000C6050100640102000001000060010400A4
:1003C000E1010100640102003C0000006001040042
:1003D000E601010066010200340000006001040033
:1003E000EC01010064010200300000006001040023
:1003F000F1010100660102002C0000006001040010
:10040000F7010100640102002C00000060010400FB
:10041000FC010100660102002800000060010400E8
:1004200002020100640102002800000060010400D3
:10043000070201006601020028000000FFFF000023
:1004400000000000ED9F8000C1AD8000DDAE8000A7
:10045000F9AB8000B5B0800065AF8000C9B0800006
:10046000DDB0800071AD800085AD800009AC8000FA
:1004700005B18000FDAA8000A1B0800065AE8000BB
:1004800035AA800081A18000C5A1800031A880002C
:100490008DA8800019A8800079AF8000B1A68000E7
:1004A000ADAB80008DAB8000E5AB80008DA38000FC
:1004B0007DAB800079A28000F5A3800045A7800075
:1004C00045A0800039A1800065A3800039A080008C
:1004D00055A080002D9F8000399F80000000000003
:1004E000000000000000000075A3800061A88000EB
:1004F00039A8800071A2800095A78000219F80000C
:10050000199F8000B9A0800085A08000E59E800032
:10051000280000000F000000040100000807000090
:1005200000070700000704000000040400000400A6
:1005300000000001010000000000000003030000B3
:10054000000000000000000000000000B1080000F2
:10055000000000000404040404010400E204000894
:100560000A0000006A100000000000000000000007
:1005700031060000DDC88D000404040404010400F9
:10058000E20400080A0000006A10000000000000F9
:1005900000000000310400008C2EBA0004040404A2
:1005A00004010400E20400080A0000006A100000D0
:1005B00000000000181800000000000000060600FF
:1005C00000000000000000000000000031190000E1
:1005D0000000A0000C0C0C0C0A030400E20400084C
:1005E0000A0000006A100000000000000000000087
:1005F000B1120000277662000C0C0C0C0A030400F8
:10060000E20400080A0000006A1000000000000078
:1006100000000000B10C00001443FD000C0C0C0C99
:100620000A030400E20400080A0000006A10000047
:10063000E02E01010150000000000000C83202015C
:1006400001490000899DD8004038030101420000A3
:10065000AAAAAA00003C0401013E0000000080009C
:10066000483F0501013B0000D05E4200A041060169
:100670000139000049922400004B070101320000BB
:1006800000000000584D080101300000071F7C00E9
:10069000204E09010130000000000000C05D0A0189
:1006A0000128000000000000A8610B0101260000E5
:1006B0006666660090650C0101240000C44EEC00E3
:1006C00030750D01012000000000000040830E0184
:1006D000011C00002449920018920F02013300000F
:1006E000F93E5600009610020132000000000000A2
:1006F000409C1102013000000000000080BB12028B
:10070000012800000000000020CB1302012400009B
:10071000C44EEC00000000000000000000000000DB
:10072000626F617264666C616773330073707572B7
:10073000636F6E6669670000000000000000000043
:10074000B1190000ABAA0A000B0C0C0C0A03040040
:10075000E20400080A0000006A1000000000000027
:1007600000000000B1120000143BB1000B0C0C0C97
:100770000A030400E20400080A0000006A100000F6
:100780000000000000000000310D00007A05340078
:100790000B0C0C0C0A030400E20400080A00000021
:1007A0006A100000000000001210000000000000AD
:1007B0000000000000000000B1190000000040002F
:1007C0000C0C0C0C0A030400E20400080A000000F0
:1007D0006A1000000000000000000000B1120000DC
:1007E000FF88D8000C0C0C0C0A030400E20400087B
:1007F0000A0000006A100000000000000000000075
:10080000B10D0000F0FF4E000C0C0C0C0A030400AC
:10081000E20400080A0000006A1000000600000060
:10082000BC010000C54200003142000089450000C3
:100830007800000001000000394000003F40000047
:10084000414000008000000068000000FB44000000
:10085000F7440000D144000067E6096A85AE67BB33
:1008600072F36E3C3AF54FA57F520E518C68059B92
:10087000ABD9831F19CDE05B982F8A429144377121
:10088000CFFBC0B5A5DBB5E95BC25639F111F15913
:10089000A4823F92D55E1CAB98AA07D8015B831255
:1008A000BE853124C37D0C55745DBE72FEB1DE8001
:1008B000A706DC9B74F19BC1C1699BE48647BEEF30
:1008C000C69DC10FCCA10C246F2CE92DAA84744ABB
:1008D000DCA9B05CDA88F97652513E986DC631A831
:1008E000C82703B0C77F59BFF30BE0C64791A7D510
:1008F0005163CA0667292914850AB72738211B2E98
:10090000FC6D2C4D130D385354730A65BB0A6A767F
:100910002EC9C281852C7292A1E8BFA24B661AA88B
:10092000708B4BC2A3516CC719E892D1240699D69B
:1009300085350EF470A06A1016C1A419086C371E14
:100940004C774827B5BCB034B30C1C394AAAD84EF2
:100950004FCA9C5BF36F2E68EE828F746F63A5782D
:100960001478C8840802C78CFAFFBE90EB6C50A4C0
:10097000F7A3F9BEF27871C60123456789ABCDEFC5
:10098000FEDCBA9876543210F0E1D2C31420304025
:100990001C2010776C2564002530347800776C2596
:1009A000643A2025732025732076657273696F6E13
:1009B00020257320465749442030312D25780A00E0
:1009C0004E6F7620323920323032310032323A34B2
:1009D000393A303900617020007374612000776DFE
:1009E0006520003830322E31316420003830322E0C
:1009F0003131682000726D20006361632000616DF9
:100A00007064752000616D7064755F74782000619A
:100A10006D7064755F72782000616D7364757278B3
:100A20002000616D73647574782000726164696F71
:100A30005F70777273617665200070327020006D90
:100A40006368616E2000646672747320007478704D
:100A5000777263616368652000737462632D7478D4
:100A60002000737462632D72782D317373200077C8
:100A70006E6D20006273737472616E7320006D6618
:100A800070200073616520006964617574682000DE
:100A9000746B6F2000776C63006770696F6F75749B
:100AA00000000000E1560100020000800800000084
:100AB0003D6F8900E200000001000000000000001E
:100AC00000000000000000000200000000003131C2
:100AD000640031316800313175005458204D435362
:100AE00020203A0020202564282564252529000A95
:100AF00020202020202020203A000000A18789000B
:100B0000070080000100000000000000000000005D
:100B1000000000005258204D435320203A006170DD
:100B2000707300615F77706100615F777061690069
:100B300025733A20686F73745F656E616220256467
:100B40000A006273736366670062746300627463B1
:100B50005F646F735F737461747573009557010000
:100B60000E00000007000000000000000000000070
:100B700000000000636D005F5F004B52000000004A
:100B8000BC580100E0ED88000000000000000000FB
:100B9000B058010000000000AA580100A45801004C
:100BA0000000000000000000805801002C590100E6
:100BB000885801007FB20000000000000000000023
:100BC0000000000000000000000000000000000025
:100BD0000000000000000000000000000000000015
:100BE000905801000000000000000000000000001C
:100BF00000000000000000000000000000000000F5
:100C000000000000000000000000000000000000E4
:100C100000000000000000000000000000000000D4
:100C200000000000000000000000000000000000C4
:100C3000000000000000000001000000B1580100A9
:100C40000000000000000000323032312D31312D23
:100C500032392032323A34323A3434000000FF0064
:100C600000000000FF00000000236E000000FFFFF6
:100C7000F00000000000000000000000434C4D2088
:100C80004441544100000C000200392E31302E3313
:100C90003900000000000000000000000000312EBC
:100CA00032392E3400000000C4580100C85701003A
:100CB000436C6D496D706F72743A20312E33362E4D
:100CC000330000000000000000000000000042723D
:100CD0006F6164636F6D2D302E30000000000000E6
:100CE000000000000000000000000000636E74724D
:100CF000790064756D705F696E666F001385890099
:100D0000000000400800000000000000000000009B
:100D1000000000006576656E747100666274000004
:100D2000115A010016000000775A01001800000057
:100D30008F5A01001B000000275A01001C00000010
:100D40009CEF88000E000000DA590100330000001B
:100D5000DA59010033000000435A0100340000005A
:100D6000435A010034000000435A010034000000DF
:100D70009BEF880001000000D05901000A0000002C
:100D80009AEF88000100000003103036373839F43C
:100D9000FFDD000102030406070809202528292396
:100DA0002A32300B0C424746333F4043363A3C3BF5
:100DB0002D3D484A7F596145626B6C6F70BFC0C35F
:100DC000C4C744F4DD69656D000001322124302E72
:100DD00046363B2D487F595E6BBFC74485F4DD0125
:100DE000320C354146303637393A382D3D484A7F46
:100DF0005A5F58646EBFC0C744F4DD0001020304AB
:100E0000060507080920252829232A32300B0C2E35
:100E1000333F4043424746363A3C3B2D3D484A7FAC
:100E20005659456B6C6F70BFC0C3C4C744F4DD0135
:100E3000320C35414636373A382D3D484A7F5A5FA5
:100E40006EBFC0C744F4DD0001322124302E463687
:100E500037393B2D487F595E57636BBFC744859C2C
:100E6000F4DD696572006C71004449524543542DAC
:100E7000007068790000A40400400000A404008011
:100E80000080D00420000000A404FF010000A4049E
:100E900000040004A504FF032C01A50400E000A049
:100EA000A504001C00000D04FF0340000D040070A9
:100EB0000040A204FF034000A20400700040A80408
:100EC000FF000100D004C07F00000C05FF010000FE
:100ED000A60400800080A604FF01FF009A04FF0121
:100EE000FF00F40900800080F40900380020F409B4
:100EF000FF0337009904FF0378009F0400C00040FF
:100F00009F04FF039001D70408000800D704007075
:100F10000020AC093C001400F80904000400706BC8
:100F2000745F66696C746572000000000C0000005C
:100F3000FFFFFFFFFFFFFFFFFFFFFFFF70726F74F8
:100F40005F670070726F745F6E000000EC5B010001
:100F50000700000007000000FD5B01000600000024
:100F60000100000000000000000000000000000080
:100F7000534145204861736820746F20456C656D4E
:100F8000656E742075312050310053414520486111
:100F9000736820746F20456C656D656E74207532C2
:100FA000205032007361655F6D61785F7077655FB7
:100FB0006C6F6F70007361655F7077655F686E70EE
:100FC0005F656E61626C6500405C01002700000097
:100FD00007000000585C0100280000000700000026
:100FE0006E5C010026000000070000000000000009
:100FF00000000000000000007374665F74656D708F
:101000005F6D696E5F647574795F6379636C6500A9
:101010007374665F74656D705F6D6F6E69746F7207
:101020005F74696D65007374665F74656D705F747D
:10103000687265736800696473757000747063002A
:1010400074786300776170690000000000000000A0
:101050000000000000000000600A0000803801006D
:10106000736470636D64657600000000000000002A
:10107000005D010000000000000000000000000012
:10108000000000000000000000000000C5DF80003C
:1010900045F6800059F68000C9DF8000BDDF800082
:1010A00089DF800051DD80000000000055F68000DF
:1010B0000000000000000000C57C0100A17C0100D0
:1010C0008B7C0100E1F6800000000000A5F68000A6
:1010D000F9F68000C1F68000EDF680000000000007
:1010E0000000000000000000158801006988010070
:1010F0000000000011880100258C0100F589010025
:1011000059890100000000000000000000000000FC
:101110000000000000000000C58901000000000080
:101120001D1E1C0B80BA8C0100C20100F2000000E1
:101130008100000010000000C0AD3A0200C20100B2
:10114000EC0000008100000022000000776C00002D
:10115000000000000000000000000000C05D010071
:10116000000000000000000000000000000000007F
:10117000000000000000000035E201001D8E81002B
:10118000E9898100298F810000000000B58C810071
:1011900000000000FD8D8100000000000000000044
:1011A0000000000000000000010003000300060032
:1011B00000000300030003000E000D000E000E00EF
:1011C0000E00020009000C000A0008000D000100DA
:1011D00009000C000A0008000D00010009000C00C5
:1011E0000A0008000D00010009000C000A000800B8
:1011F0000D0001000A000D000B0009000E000200A6
:101200000A000D000B0009000E0002000900390061
:1012100016000E000E0005000900390016000E0031
:101220000E0005000A000D000B0009000E0004006E
:101230000A000D000B0009000E0002000A000D005C
:101240000B0009000E0002001400BF00C0001500D2
:10125000110005001400BF00C000150011000500BA
:101260001400BF00C0001500110005001400BF00ED
:10127000C0001500110005001400BF00C0001500DB
:10128000110005000900390016000E000E000500CF
:101290000900390016000E000E0005001400BF0002
:1012A000C0001500110005000900390016000E00ED
:1012B0000E0005000900390016000E000E000500A2
:1012C0009600DE00DF001500110005001400BF00CD
:1012D000C0001500110005000900390016000E00BD
:1012E0000E0005000900390016000E000E00050072
:1012F0000900610016000E000E000500090039000B
:1013000016000E000E0005000C00B60019001100BA
:10131000110008000900390016000E000E0005003B
:101320000900B60019001100110008000900B600FC
:1013300019001100110008000900B6001900110081
:10134000110008000900390016000E000E0005000B
:101350000900B6001900110011000800080037004C
:1013600016000E000E0005000900B600190011005D
:101370001100080000000000000000000000000054
:10138000000000000000000000000000000000005D
:10139000000000000000000000000000000000004D
:1013A000000000000000000000000000000000003D
:1013B000000000000000000000000000000000002D
:1013C000000000000000000000000000000000001D
:1013D000000000000000000000000000000000000D
:1013E00000000000000000000000000000000000FD
:1013F00000000000000000000000000000000000ED
:1014000000000000000000000000000000000000DC
:1014100000000000000000000000000000000000CC
:1014200000000000000000000000000000000000BC
:1014300000000000000000000000000000000000AC
:10144000000000000000000000000000000000009C
:10145000000000000000000000000000000000008C
:10146000000000000000000000000000000000007C
:10147000000000000000000000000000000000006C
:10148000000000000000000000000000000000005C
:10149000000000000000000000000000000000004C
:1014A000000000000000000000000000000000003C
:1014B000000000000000000000000000000000002C
:1014C000000000000000000000000000000000001C
:1014D000000000000000000000000000000000000C
:1014E00000000000000000000000000000000000FC
:1014F00000000000000000000000000000000000EC
:1015000000000000000000000000000000000000DB
:1015100000000000000000000000000000000000CB
:1015200000000000000000000000000000000000BB
:1015300000000000000000000000000000000000AB
:10154000000000000000000000000000000000009B
:10155000000000000000000000000000000000008B
:10156000000000000000000000000000000000007B
:10157000000000000000000000000000000000006B
:10158000000000000000000000000000000000005B
:10159000000000000000000000000000000000004B
:1015A000000000000000000000000000000000003B
:1015B000000000000000000000000000000000002B
:1015C000000000000000000000000000000000001B
:1015D000000000000000000000000000000000000B
:1015E00000000000000000000000000000000000FB
:1015F00000000000000000000000000000000000EB
:1016000000000000000000000000000000000000DA
:1016100000000000000000000000000000000000CA
:1016200000000000000000000000000000000000BA
:1016300000000000000000000000000000000000AA
:10164000000000000000000000000000000000009A
:10165000000000000000000000000000000000008A
:10166000000000000000000000000000000000007A
:10167000000000000000000000000000000000006A
:10168000000000000000000000000000000000005A
:10169000000000000000000000000000000000004A
:1016A000000000000000000000000000000000003A
:1016B000000000000000000000000000000000002A
:1016C000000000000000000000000000000000001A
:1016D000000000000000000000000000000000000A
:1016E00000000000000000000000000000000000FA
:1016F00000000000000000000000000000000000EA
:1017000000000000000000000000000000000000D9
:1017100000000000000000000000000000000000C9
:1017200000000000000000000000000000000000B9
:1017300000000000000000000000000000000000A9
:101740000000000000000000000000000000000099
:101750000000000000000000000000000000000089
:101760000000000000000000000000000000000079
:101770000000000000000000000000000000000069
:101780000000000000000000000000000000000059
:101790000000000000000000000000000000000049
:1017A0000000000000000000000000000000000039
:1017B0000000000000000000000000000000000029
:1017C0000000000000000000000000000000000019
:1017D0000000000000000000000000000000000009
:1017E00000000000000000000000000000000000F9
:1017F00000000000000000000000000000000000E9
:1018000000000000000000000000000000000000D8
:1018100000000000000000000000000000000000C8
:1018200000000000000000000000000000000000B8
:1018300000000000000000000000000000000000A8
:101840000000000000000000000000000000000098
:101850000000000000000000000000000000000088
:101860000000000000000000000000000000000078
:101870000000000000000000000000000000000068
:101880000000000000000000000000000000000058
:101890000000000000000000000000000000000048
:1018A0000000000000000000000000000000000038
:1018B0000000000000000000000000000000000028
:1018C0000000000000000000000000000000000018
:1018D0000000000000000000000000000000000008
:1018E00000000000000000000000000000000000F8
:1018F00000000000000000000000000000000000E8
:1019000000000000000000000000000000000000D7
:1019100000000000000000000000000000000000C7
:1019200000000000000000000000000000000000B7
:1019300000000000000000000000000000000000A7
:101940000000000000000000000000000000000097
:101950000000000000000000000000000000000087
:101960000000000000000000000000000000000077
:101970000000000000000000000000000000000067
:101980000000000000000000000000000000000057
:101990000000000000000000000000000000000047
:1019A0000000000000000000000000000000000037
:1019B0000000000000000000000000000000000027
:1019C0000000000000000000000000000000000017
:1019D0000000000000000000000000000000000007
:1019E00000000000000000000000000000000000F7
:1019F00000000000000000000000000000000000E7
:101A000000000000000000000000000000000000D6
:101A100000000000000000000000000000000000C6
:101A200000000000000000000000000000000000B6
:101A300000000000000000000000000000000000A6
:101A40000000000000000000000000000000000096
:101A5000000000002DE9F84305468846FBF33EF2FE
:101A600000212846FBF382F3044628466E69AF69DD
:101A7000F3F3F0F30A2E814616D90F2E16D028461E
:101A8000FAF31EF5142E054603D9A36823F00803C4
:101A9000A360A368142E43F00103A36014D9A368C4
:101AA00043F00803A3600FE0022E0FD92846FAF393
:101AB00075F5D4F8A430054623F0FF0343F0020384
:101AC000C4F8A430022303E0012301E0104D3023C9
:101AD000A268D20707D407F01802082A0CBFB5FB8A
:101AE000F3F54FF4E11507F0030700260BE004F5CA
:101AF0004073B8F1000F05D03002181849462A4645
:101B00000023C0470136BE42F1DBBDE8F88300BFC9
:101B100000C63E052DE9F8431646984604460D4694
:101B2000FAF374F5002107462046FBF31FF3002269
:101B300081461346134988184068B0B90C225343B4
:101B4000CA18CE505560C2F808802046FBF3C6F193
:101B5000D9F824300C4D1E432E602046FBF3BEF115
:101B60002B680125C9F8243004E001330C32052B21
:101B7000E0D1002520463946FBF3F8F22846BDE8BF
:101B8000F88300BFBC5F0100E403000038B5124CCD
:101B9000002148222046F0F365F4104A012384E82E
:101BA0000C0000250E491F2204F10C00F0F332F561
:101BB00084F82B50F5F31CF34FF40023A3634FF488
:101BC0000003E363074B20632364074B6563DB6912
:101BD0006564A36038BD00BF1860010044454247FA
:101BE000403901001C2B0900706001004369142B6F
:101BF00001DDFAF317B57047436910B50A2B0446A7
:101C00000ADD064901220346FFF784FF2046012131
:101C1000BDE8104007F096BA10BD00BF891600005D
:101C2000C36910B5590704460CD5074B0022196843
:101C3000FBF3B4F00549204610222346BDE81040CE
:101C4000FFF768BF10BD00BF2C040000FDB180008D
:101C5000134B13B51360134601E0114C1C600433A1
:101C6000ADF17C04A342F8D3C41C24F003040D4B53
:101C7000091B0D481960002303600C4808390360F4
:101C80000B4884E80A0003600A4802600A4802F52B
:101C900000520260094A1360EAF7C6FE44601CBDA8
:101CA0004B415453F40300001404000048040000A6
:101CB000046001006860010010600100F003000092
:101CC00008B500211420EAF7BDFE054B002118607D
:101CD0001422F0F3C7F3BDE80840F5F301B100BFEB
:101CE000300400002DE9F0474D1C2946824605F0DE
:101CF000A1FB134C206000B34FEA85094846002140
:101D0000EAF7A0FE0F4F804638600F4E68B14A4692
:101D10000021F0F3A7F320680021F0F33FF73B68C0
:101D200000221A603560BDE8F0875046216805F052
:101D3000D5FBC6F80080C4F80080BDE8F08700BF7E
:101D4000F8030000E803000004040000F0B5184F99
:101D500085B00F21386805F0C3FA0F2803903E467E
:101D600024D184200021EAF76DFE124C2060D0B10E
:101D700000218422F0F376F30025012304AA42F81F
:101D8000043D00950195386821684FF4F06305F033
:101D9000D5FA0130206803D03221ECF751FA05E082
:101DA000EAF7D8FE2560306805F0B8FA05B0F0BD56
:101DB0002C04000044040000B1F5E06F73B5044644
:101DC0000E46154606D103690091002101911E6857
:101DD0000A460CE00D4B00221868FBF3B9F10146EE
:101DE00080B123690022009601921E6820462B468E
:101DF000B04738B1064BA0611A68656122621C6069
:101E0000002001E04FF0FF307CBD00BF0004000067
:101E1000F85F01002DE9F84310200C46002191469F
:101E20009846EAF70FFE054620B3144E3068FAF3E1
:101E3000EDF3099B074623B9306821464A46FBF378
:101E400087F13068FAF35CF501238340089AEB6070
:101E5000AA600B4AC5F8048011681560094A296018
:101E6000116830680B4313603946FBF37FF10020A3
:101E7000BDE8F8836FF01A00BDE8F88300040000A5
:101E80003C0400001004000013B500210446FBF3DD
:101E90006DF1174B1860174B00F57060186063699F
:101EA000222B12DDE36958060FD540F627010022E8
:101EB0002046FAF311F501462046FBF357F10E4B8D
:101EC000002118602046FBF351F100204FF400611F
:101ED00002460A4B00900190FFF79CFF28B10120B9
:101EE00002B0BDE81040F4F377B602B010BD00BFF9
:101EF000240400009460010034040000E9B1800073
:101F000073B5374B374C0193374B002120222046C5
:101F10001D682669F0F3A6F201232360334B266186
:101F20001B68E36145F8044C00F048FCADF5FE5138
:101F30003C390A462E48FFF78BFEF4F33DF3F4F3E9
:101F4000A5F700F073F8FFF721FE002006F0D4FD9E
:101F5000284D294C286007F00FFA2060FFF794FF06
:101F6000FFF7AEFE206800F029FB206806F0E8FDD0
:101F7000224B20681A6802F580321A60204B1A68DA
:101F800002F580321A601F4B1A6802F580321A601F
:101F900000F0C0F800221C481C49F5F3E7F00222CB
:101FA0001B481C49F5F3E2F000221B481B49F5F3DE
:101FB000DDF000221A491B48F5F3D8F02068FFF73E
:101FC00015FE2068FFF718FE2068FFF729FE286835
:101FD00040F28F11FFF786FEFFF7B8FE20687CBD48
:101FE000ADDEADDE70600100945C01009060010028
:101FF0008C6A03002C04000000040000F4030000BD
:1020000014040000046001008DDA890089190000C1
:102010001385890041B48000943B010091B6800093
:102020001DB28000973B01007047000070B5174D4E
:102030002C682CBBB0202146EAF704FD286010B3C1
:102040002146B022F0F30EF24FF4806021462E6854
:10205000EAF7F8FCB060286886681EB9EAF77AFDEE
:102060002E600DE04FF48062C26021463046F0F3EE
:10207000F9F12B68064A20461360064A536170BD89
:102080004FF0FF3070BD4FF0FF3070BDA860010011
:10209000500400007060010070B5184C05462368BC
:1020A00033B9174E33680BB9FFF7C0FF33682360AD
:1020B000206808B300230360C0F89C30436001230C
:1020C00080F8A4306B6C0E3B012B03D928460D49D8
:1020D000FFF7C0FC0C4B9A6812B12268C2F89C3022
:1020E00020680123C0F89C30F5F31EF0074808492A
:1020F0002268F5F33BF0206870BD00BF500400007B
:10210000A8600100716C010098600100242B870019
:1021100011BE800010B50023044610220A49FFF7C3
:10212000F9FC00212046FAF365F7002220464FF41F
:10213000A051EDF76DFF054B002220469A60BDE8E7
:102140001040FFF7A9BF00BFE5BC80009860010008
:1021500038B504460D4651B11020F5F39FF1044BFC
:10216000186020B180E830004FF4F063836038BD20
:10217000AC600100134B02461B68006810B500F408
:102180007041DC1E090B042C08D800F47060000AB2
:102190000E30012313FA00F0484310BD072B0CD872
:1021A000002010BD43F480741461146C013304F0FA
:1021B0007F0401346403001901E0002318468B42B8
:1021C000F0D110BD5014000003684068181823F0C7
:1021D0000703083398428CBF00200120704700009D
:1021E000044B054A186890421ABF00F108021A60B1
:1021F00000207047A05C0100001000002DE9F341B1
:1022000090E8480023F00704083413F0070202D1D5
:102210009D19AC424AD035468068002203E0875CB5
:102220000DF802700132B242F9D19E18A64204D9CB
:1022300000293DD0361B951B00E0002623F0070740
:10224000C7EB030C002204E012F8078000F80280BC
:1022500001326245F8D18218002003E01DF80070B9
:1022600017540130A842F9D15B195219E71A00201E
:1022700004E013F800C002F800C00130B842F8D101
:10228000002E18DD00AB5D190023EA5CCA5401334F
:10229000B342FAD1C918E4180022C3F1080302E0DE
:1022A000A05C885401329A42FAD104E0104603E05F
:1022B0004FF0FF3000E00020BDE8FC812DE9F04741
:1022C0001C4B1D4C0026C4EB03081C4B4FEAA8080E
:1022D00003FB08F8474629E02368D4F808A023F058
:1022E000070900251AF8052015F809309A4202D08E
:1022F0000120F4F371F40135082DF3D12046FFF7E6
:1023000063FF88B90E4B054603EBC70A013705EB9F
:1023100009031AF805201B7A9A4202D00120F4F32F
:102320005BF40135082DF2D101360C344645D3DB80
:10233000BDE8F0879013000000100000ABAAAAAA25
:1023400000080000144B2DE9F0471B68134D9B68F3
:10235000134F03F00F097F1B0123124A03FA09F9F7
:10236000BB1002FB03F80026444606E02846FFF7B0
:102370002BFF00B9013401360C354645F6DB224609
:10238000BB104FF0553404FB032307484946BDE812
:10239000F047F0F38DB000BF4C14000000100000B7
:1023A00090130000ABAAAAAAA93B010041F4003196
:1023B00038B5426304460163652502E00A20F4F360
:1023C00055F5236B002B01DB013DF7D138BD836A46
:1023D00043F0004383627047836A23F000438362C3
:1023E0007047F8B58668054601240F4606F00F06CB
:1023F000FFF7F2FF14FA06F6AC62EF62002405E084
:10240000A1B228460022FFF7D1FF0134B442F7DB26
:10241000F8BD00002DE9F041FFF7E2FE194E1A4B1E
:10242000DFF87080194FF61A194BC8EB0707002820
:1024300014BF05461D4604465D1BFFF783FF47B1E9
:10244000002140463A46F0F30DF040463946F4F399
:1024500083F146B100210C483246F0F303F00A48FC
:102460003146F4F379F155B1002120462A46EFF3C5
:10247000F9F720462946BDE8F041F4F36DB1BDE817
:10248000F08100BF90130000001000000008000061
:1024900000100000C5040000424B2DE9F74F1D68F5
:1024A00041492846FFF79DFF404A414BA968D31A8E
:1024B000404A9B105A43019271D0012001F00F0154
:1024C00010FA01F18A4201DDF4F386F32846FFF7A2
:1024D00051FE394BA0F1040B1A6899460E2A01D817
:1024E000861000E001264FF00008314C4CE0636894
:1024F000013B072B01D8A36813B90120F4F36CF357
:102500002046FFF761FE38B9FFF76AFE074620B99B
:102510000120F4F361F300E0002720463946FFF77D
:102520006DFE10B10120F4F357F3DFF87CA0A16831
:102530002268D9F80030CAEB010122F00702C91065
:102540000E2B96BF02EA0B02324346EA920289B290
:102550002846FFF72BFFA7B12268D9F8003022F0F8
:102560000702CAEB07010832C9100E2B98BF02EA16
:102570000B0289B28CBF324346EA92022846FFF72B
:1025800015FF08F101080C34019B9845AFDB284684
:10259000FFF71DFF03B0BDE8F04FFFF78FBE03B09C
:1025A000BDE8F08F4C1400000008000090130000FC
:1025B00000100000ABAAAAAA501400002DE9F743AE
:1025C0000446FAF38BF4204600F008FA6B48EAF769
:1025D0001DF92046F2F334F600F578704FF47A7363
:1025E0000730674FB0FBF3F038602046F2F328F66F
:1025F000644B654AC3186169B3FBF2F3634A22294D
:102600001360634E634D04DDE369580601D53368FA
:1026100000E02B6803F5C2630433D3F800E03068B0
:102620002B68222905DDE269520602D500F5C26257
:1026300001E003F5C262043212689645F1D0222906
:1026400005DDE269520602D500F5C26301E003F53B
:10265000C2630433D3F80080EAF7B8F831688146E2
:1026600060692A681025222805DDE3695B0602D52A
:1026700001F5C26301E002F5C26304331B689845AB
:10268000F1D0222805DDE3695E0602D501F5C263BB
:1026900001E002F5C2630433013DD3F80080E2D1CA
:1026A000EAF794F83A68C9EB0006B2FA82F39A4066
:1026B000191FB2FBF6F2384B01321A604FF47A73ED
:1026C000A2FB03233548CA400160C1F1200113FA7F
:1026D00001F08018ECF742FB396804230FE0B5FAEB
:1026E00085F2B6FA86F0013A8242A8BF02469640C9
:1026F00095409B18B6FBF1F201FB1266551915F0D7
:10270000404FECD0264A1360264B40F2FF321D604A
:10271000236A002B244BC8BF6FF07F421A606369A5
:10272000222B0CDDE369580609D5002040F627016D
:1027300002461E4B00900190FFF76CFB05E020461F
:102740001A4920220023FFF7E5F900201849F0F389
:1027500001F5184D286078B10120F4F36DF22046A0
:102760002D68F2F36DF5B5FBF0F04FF47A75454343
:10277000114BA5F5FA651D60BDE8FE83E91E00005A
:10278000A45C01003F420F0040420F00B403000070
:102790003404000024040000A8030000AC0300007F
:1027A000A4030000A0030000B003000019B98000DA
:1027B0008C85020084040000800400000D4B002181
:1027C0001A6842F010021A601A6822F400721A6045
:1027D000094A136843F0807343F480331360074B56
:1027E00007221A6043F8041C59685A60044B2022DF
:1027F0001A60704714ED00E0FCED00E0241000E0EA
:1028000000E400E070B504460E46FAF367F3204694
:10281000F9F3FCF60546EAF75BFD40F62A010246AD
:102820002046FAF395F48269436926B142F00042EA
:1028300043F0004303E022F0004223F000438261B2
:10284000294643612046BDE87040FAF38FB42DE974
:10285000F84304461E4690460D46FAF33FF32046E1
:10286000F9F3D4F64146324607462046FAF370F4AF
:102870002046FAF345F00646EAF72AFD40F62A011B
:1028800002462046FAF364F44FF00108814685B110
:1028900008FA06F5836933EA050502D14046E9F7EF
:1028A00087FF01360120B040E9F774FFC9F81850DE
:1028B0000EE0701C08FA06F608FA00F0E9F778FF57
:1028C0004046E9F767FFD9F818301E43C9F8186089
:1028D00020463946BDE8F843FAF348B4034630B120
:1028E000002000E01046421C5B08FBD17047704797
:1028F0000346032B10B510460C461DD8FAB1022B27
:102900000BD0032B14D0012B03D0FFF7E7FF0D4BA7
:1029100006E0FFF7E3FF0C4B02E0FFF7DFFF0B4B96
:10292000186043F8044C5A6804225A60002010BD15
:10293000FFF7D4FF064BF3E76FF0010010BD6FF017
:10294000010010BD241000E0341000E0441000E04D
:10295000541000E050B1431E034207D0002300E0B2
:1029600013465A1C4008FBD10120984070470000D4
:1029700070B5EAF7E3F90446EAF7DAF9164E2418D7
:1029800026F4FE4626F0FF0606F50046A41B1ED0E0
:102990000125B4F5004F0FD3284631464FF40042CD
:1029A000FFF7A6FFB0B90135EDB2042DA4F5004440
:1029B00006F50046EDD170BD20465CB1FFF7CAFFB9
:1029C000314602462846BDE87040FFF791BF4FF000
:1029D000FF3070BD70BD00BF8C6A03002DE9F84365
:1029E0000446FAF37BF2204640F60E010022FAF389
:1029F000AFF30546002838D02046FAF36BF20146C3
:102A000018B920460A46F9F3F5F520462F68D5F89F
:102A10000080F9F303F60428064605D825D108F40A
:102A2000E028B8F5403F20D100205049F0F392F360
:102A3000D8B907F0F0073F090FE0013F072E2F61DB
:102A400008D90C2E06D02B6C03F44063B3F5406F0D
:102A500000D010B1464B01206B61002FEDD1D5F8AD
:102A6000E83123F01003C5F8E831EAF731FC40F60D
:102A70002A0102462046FAF36BF33E4D06462860D3
:102A8000EAF726FC314602463B48EFF311F52046B3
:102A9000F9F3C4F5394B18602B681A6842F080725C
:102AA0001A601A6842F002021A600022C3F8E0219C
:102AB0006269272A05DDD3F8E02142F04002C3F81D
:102AC000E02140F2DD5602E00A20F4F3CFF12B685A
:102AD000D3F8E0319B0301D4013EF5D100210B4630
:102AE00020464FF40062FFF7B2FE00210B4620465D
:102AF00040F61202FFF7ABFE00210B46204640F6DF
:102B00002902FFF7A4FE20460121FFF77BFE0020EB
:102B10001B49F0F31FF300B32046F9F377F506469F
:102B2000EAF7D6FB40F62A0102462046FAF310F3F4
:102B3000D0F814900746D0F898802046F9F366F54F
:102B40000123834043EA09037B6148F00103C7F88E
:102B5000983020463146FAF309F32B681A6A42F09E
:102B600003021A62BDE8F843FFF702BF978502002F
:102B7000FF7F0121B0600100BB3C0100B860010093
:102B8000A28502000721C0F8A4114021C0F8A811B5
:102B90004FF4F061C0F8C8111821C0F8CC11082119
:102BA0000122C0F8D01106210A23C0F89C21C0F8E8
:102BB000B021C0F8DC11C8221C21C0F89831C0F83F
:102BC000B42120231022C0F8E0110C21C0F8A0315C
:102BD000C0F8BC31C0F8C031C0F8C421C0F8D4314D
:102BE000C0F8E4110323C0F8E8210421C0F8F02163
:102BF0000022C0F8D831C0F8EC11C0F8F421C0F8B8
:102C0000FC21C0F80032704741F2E443984206D1FB
:102C100044F2F4300B1A584240EB03007047002096
:102C20007047D0F81C1238B5044659B1806804F0DA
:102C3000D0FB0546D4F81C02F4F33CF40023C4F89E
:102C40001C3200E00D46284638BD7FB504460623F9
:102C500084200393F4F31CF4C4F81C02B8B10021DF
:102C60008422EFF3FFF300251C23A068D4F81C1284
:102C700003AA0095019504F061FB0646013008D1D6
:102C8000D4F81C02F4F316F4C4F81C5201E04FF01F
:102C9000FF36304604B070BD2DE9F04104460D46C4
:102CA0001646984640F2E93702E00A20F4F3DEF0D7
:102CB00063691A6D002A04DA013FF6D13846BDE88F
:102CC000F081069A46443602B2F1807F46F0004613
:102CD00003D12A7842F08072B6181E6540F2E936B8
:102CE00002E00A20F4F3C2F063691B6D002B03DBE2
:102CF0002B700120BDE8F081013EF2D13046BDE8E5
:102D0000F08100002DE9F0438BB01D46DDF84890BE
:102D10009F4B0846C3F8009011461746FFF774FF13
:102D2000002800F030814FF40B70F4F3B1F3044647
:102D3000002800F0298100214FF40B72EFF392F389
:102D4000A560C4F814902046FFF71CFF914B1E6845
:102D5000C4F818621EB13678003618BF012604F197
:102D60002808404602214122F0F382F40023009318
:102D700001930293384629464A46139B06F024FBEA
:102D8000E060002800F0FA80F9F338F42060E06891
:102D9000F9F344F46769804A7B68804903F00103D2
:102DA00083F00103D4F800C0002B18BF114684F84B
:102DB0007A3140F629039C456060D4F808E0E26867
:102DC00007F5007303D110B107F5087701E007F5A7
:102DD00004770097D4F8BC010190D4F8C0010290A8
:102DE000D4F8C80103904FF0FF300490D4F8C40128
:102DF00005900820069000200790704604F04EFCD5
:102E00006062002800F0BA80D4F81812644FB9B19B
:102E10000B78ABB1D7F8B030984762492246D4F866
:102E20001802F0F32DF3D4F818025F49224604F09B
:102E3000F1FA2EB12046FFF708FF002840F09E80EF
:102E400002210A46D7F8B830606A98472046002128
:102E5000E2682B4600F06EF92061002800F08E80B9
:102E600000210B462046514AF3F336F50023C4F8FF
:102E7000940184F87D314E48F5F304F010B3EFF37C
:102E800047F5012383404B48C4F88431F4F3FAF743
:102E900010B1EFF33DF508B1D4F88401C4F888010E
:102EA00045490020F0F356F1030CA4F88C31A4F846
:102EB0008E013BB100212046404A0B46F3F30CF54E
:102EC000C4F8900100203E49F0F344F1012808BF06
:102ED00084F822022046F6F391F4002835D0002031
:102EE0000125C4F8A40184F82A523649F0F332F1DE
:102EF00020B184F805523448EFF3DAF20020334968
:102F0000F0F328F1C0B28DF8260068B100F00F0090
:102F10004FF080730AA901F8020D4FF4407200933C
:102F200020460F23FFF7B8FE0AA9082301F8013D48
:102F3000636900221D6F1A674FF08073009320466B
:102F4000F023FFF7A9FE63691D6721492246214846
:102F5000F4F30CF12048F3F3ABF7204B04F5847243
:102F6000511C1A600332DA60D4F8F020596004F57D
:102F700085719960C3F810805A6105E02046F4F32A
:102F800099F2002400E0044620460BB0BDE8F0832F
:102F90008804000044040000B9850200CB850200CB
:102FA00010A7880051E78000CDE7800091F08000F5
:102FB000E08502000A86020002860200EDE680003B
:102FC000D5850200C1850200E9850200AD850200B9
:102FD00095E68000E03C0100F9E28000BC60010061
:102FE00038B50025044680F87951006900F0DEF814
:102FF0002046F6F3F5F5E0682946F9F3F9F2D4F83E
:10300000940128B1F3F3ECF3D4F89401F3F312F440
:10301000D4F8900128B1F3F3E3F3D4F89001F3F37B
:1030200009F4E06805F078FFD4F81C3223B11B786E
:1030300013B12046FFF7F5FD2046BDE83840F4F314
:1030400039B210B58469A068FFF7CAFFE06805F0DF
:1030500061FD002010BD000010B5846900213422FC
:1030600004F11C00EFF3FEF1034BA06863622462DD
:10307000F6F32AF3002010BD91F680002DE9F34706
:10308000274D99462B680646072B0F46924640DC93
:1030900005F032FD80465020F4F3FAF10446002892
:1030A0003AD000215022EFF3DDF12B68A4F8149000
:1030B00084E848002761C4F80C80204641F2E441CE
:1030C0004A4643468DE88004FFF71CFEA06010B31B
:1030D00000200A990B9A134B8DE84004FEF79AFEE4
:1030E000074618B1A068FFF77BFF12E0A068F6F36F
:1030F00067F12B68A0610F210B4A3046EFF318F2FD
:10310000F7730A483146EFF3D3F12B6801332B6094
:1031100002E0002400E004462046BDE8FC8700BF32
:10312000D4600100C1F680003386020013860200DD
:10313000F4F3C0B12DE9F0411B4F98463B780546AA
:10314000072B144626D85420F4F3A2F1064610B3F8
:1031500000215422EFF386F13B78002286F84430B8
:1031600001333B700123B46086E82001A6F84C20AF
:10317000A6F85020A6F84E20A6F85220B3640420EA
:10318000F4F386F10446306440B100210422EFF3E9
:1031900069F100E000263046BDE8F0813046F4F3E6
:1031A00089F12646F7E700BFD8600100C26B1AB16B
:1031B00000235362826B5362C068FFF7B9BF0000FF
:1031C000054A064BD17E1970117F5970517F997055
:1031D000927FDA70704700BF8C6A03009060010034
:1031E0002DE9F04F8FB0E9F7A9FD474E474D336801
:1031F000049005932B68B3F5805F00F28180444F03
:1032000044493868EFF3A6F701287AD02B68DFF835
:103210001C910393D9F8003000240693DFF8108145
:103220002368DFF810A10793D8F80030DFF808B161
:103230000893DAF80030384A0993DBF80030D7F801
:1032400000C00A93354B126819680C920B913449EF
:10325000301D0968039A0D916146CDF808C00193AD
:10326000EFF37CF021462A683868EFF3FBF02D4A33
:10327000019BCAF800202849294A04981C60146060
:103280000C604FF0FF32311A3C60C9F800402C60EE
:10329000C8F80040CBF80040EFF38CF70599019B8C
:1032A000CA439042DDF808C029D1039A06992A60E2
:1032B000C9F8001021681C4AC7F800C01160079ABD
:1032C00008992260099AC8F80010CAF800200A99E3
:1032D0000B9ACBF800101A600F490C9B039A0B60F5
:1032E0000D9B0F4960460B60311DEFF337F02A68E4
:1032F000301D21460FB0BDE8F04FEFF3B3B0FEE74D
:10330000FEE70FB0BDE8F08F8C6A03009C5C010003
:10331000985C0100828602004C14000048140000F2
:1033200050140000DDBAADBB38140000945C0100FD
:1033300044140000341400004014000070470000E2
:10334000774B2DE9F04F1B6891B0043B012B03D85C
:10335000744B1868FFF7F2FFFEF7D2FD0021044618
:10336000F9F334F720460021F9F300F7054658B188
:103370002046F9F3B3F52B6A002B05DA2046F9F362
:10338000ADF54FF000432B62E9F7CBFF2046F9F390
:10339000CBF00EA90822EFF3F1F202462046D4F852
:1033A00040B00B92F9F38CF082462046F9F388F096
:1033B00081462046F9F384F080462046F9F3EEF08A
:1033C00007462046F9F3EAF006462046F9F3E6F010
:1033D00005462046F1F334F7014620460C91F1F3FF
:1033E0002FF784462046CDF834C0F1F329F70B9A25
:1033F0000C99DDF834C0029208F542484A4A05F5B6
:10340000424500F542400AF5424A09F5424908F5AD
:10341000A87807F5424706F5424605F5A87501F577
:1034200042410CF5424C00F5A870B8FBF2F8B5FB30
:10343000F2F50CF5A87CB0FBF2F00AF5A87A09F5D4
:10344000A87907F5A87706F5A87601F5A871B1FB6C
:10345000F2F1DFF8F8E0BAFBF2FA02FB1899B7FBD9
:10346000F2F702FB156602FB10C2CDF804E0DFF8AC
:10347000E0E02E4BB2FBFEF2B9FBFEF9B6FBFEF626
:10348000089109922A492B4A2B480093CDF80CB099
:10349000CDF810A0CDF8149006970796EFF308F03A
:1034A000264840F60D0144F2F432FEF785FC38B1AF
:1034B000224840F6290144F2F432FEF77DFC20B99F
:1034C0001F4A204B1D4D1A6000E00025204605F0E4
:1034D0001BFE44F218334FF6FF72904214BF0246AF
:1034E0001A4640F612011848FEF766FC16490028F5
:1034F00018BF00214DB141B1124B28461B685B68D3
:1035000098472B6928465B6898472046F9F3E6F40C
:103510002946FEF71DFE204611B0BDE8F08F00BF22
:10352000501400004C14000040420F007D86020041
:103530003F8602007E86020044860200A85C0100ED
:10354000D45C01008C040000945D0100403901004E
:10355000A0860100084670472DE9F04FD1F8FC30F5
:1035600091B00B9303F560630446099371E10E2259
:10357000002320460BA9E8F3DBF50F280746204679
:1035800002D1E8F373F56CE100220BA91346E8F3CE
:10359000CFF510F00E0F40F061818B4E3A0D3E409A
:1035A00040F23B43360A00F4F8789A4208924FEA18
:1035B000181804D140F6FF739E4200F04A8100F4CF
:1035C00078534FEA532B002B00F0438100F4F82A84
:1035D00000F47803DB0C4FEA9A3A13EB0A020793E4
:1035E00025D140F267339E4214D10CAB01930DAB51
:1035F00002930EAB03930FAB049320460BA9134623
:103600000092E8F335F5002800F023810C9BC4F804
:1036100058331EE140F2DC539E4208D040F20B5377
:103620009E4204D040F627039E4240F01281D4F817
:10363000D050314605F1B60344F8237005F1C603B6
:1036400044F823002046FFF785FF04EB8503C3F809
:10365000D40000270BE0012220460BA91346E8F313
:1036600067F500F00E00022840F0F880013747456A
:10367000F1D10CAB01930DAB02930EAB002703937A
:103680000FAB049320460BA93A463B460097E8F35C
:10369000EFF420B1B94627E04FF0010900E0814680
:1036A000402300930CAB01930DAB02930EAB03933D
:1036B00000220FAB049320460BA91346E8F3D8F47D
:1036C0000028E9D1B9F1010F0ED00D9B002B40F07D
:1036D000C5800F9B002B40F0C1800E9AB2F5805F31
:1036E00040F0BC809946DBE70C9A04EB8503C3F8F5
:1036F00014210E9A0127C3F8D4210CAB01930DAB12
:1037000002930EAB03930FAB0022049320460BA948
:103710003B460092E8F3ACF460B1012F0AD10E9B56
:10372000B3F5805F06D10C9904EB8502C2F89411C1
:10373000C2F8143201370028DFD137464FF00108B4
:103740002E4617E00025002300930CAB01930DAB30
:1037500002930EAB03930FAB049320460BA9424692
:103760002B46E8F385F408B10135ECE7002D75D060
:1037700008F10108D845E5D135463E4600271FE04F
:10378000C02300930CAB01930DAB02930EAB0393DC
:103790000FAB049320460BA93A460023E8F368F4E4
:1037A00000285BD00F9B002B58D10E9BB3F5805F98
:1037B00054D127B90C9A05F1A60344F82320013708
:1037C0005745DDD1002739E000FF0F00802300932B
:1037D0000CAB01930DAB02930EAB03930FABBBF19C
:1037E000010F0CBF3A467A1C0493204600230BA914
:1037F000E8F33EF4089A40F23B439A420DD140F27E
:1038000035139E4209D1D4F870330C9904EB83022E
:103810000133C2F87413C4F87033F8B10F9BEBB9DD
:103820000E9BB3F5805F19D1BAF1000F05D127B90E
:103830000C9A05F1A60344F823200137079B9F4209
:10384000C4D1B9F1000F04D1D4F8D0300133C4F899
:10385000D0300B9B099A9342FFF489AE0023C4F841
:10386000D03011B0BDE8F08F10B5D0F87023002330
:1038700006E0D0F870134FF44C74C1F800490133DE
:1038800004309342F5D110BD2DE9F84300270446DA
:10389000154699460E46B84609E0304600210422F6
:1038A000EEF3E0F50137C6F80080B04676194F45D3
:1038B000F3DBC4F80080BDE8F88370B50D4604461C
:1038C000D8B1D1B10E68C6B1B389CBB9738A03F050
:1038D0000303012B03D1F06908B1F3F3EBF5738A0D
:1038E000201D23F0040373823146EDF361F7238931
:1038F0000020013B2381286070BD6FF0010070BD86
:103900006FF00F0070BD2DE9F74F0C9F0191164627
:103910009A46DDF834B0BDF838900546002857D0F7
:103920000F9B002B54D0002952D0002A50D0BBF15D
:10393000000F4DD09BF80030002B49D000F1040857
:103940004046EDF341F70446002844D0B9F1010F99
:103950000BD157B906FB0AF0F3F39AF5074638B9CD
:1039600040462146EDF324F735E04FF0000800E033
:103970008046002124222046EEF374F5019B0822A4
:10398000A360638A204623F0030349EA030343F05C
:10399000040363825946EEF33DF60023B9F1010FAB
:1039A000E3710CD1A4F814A0C4F81C80A66104F142
:1039B0002000394632465346FFF766FF01E0EB68C8
:1039C00063612B89002001332B810F9B1C6004E075
:1039D0006FF0010001E06FF01A00BDE8FE8F2DE9E5
:1039E000F84307460E461546002A2DD000282BD056
:1039F000002929DD1020F3F34BF5044640B30021E4
:103A00001022EEF32FF5E760242707FB06F9668105
:103A10004846F3F33DF5804630B92046F3F34AF5C6
:103A20006FF01A00BDE8F88300214A46EEF31AF55C
:103A3000204640F8048B41463A463346FFF724FFC0
:103A40002C600020BDE8F8836FF00100BDE8F8832A
:103A50006FF01A00BDE8F88370B5064660B10468DF
:103A600054B125895DB92068F3F324F52046F3F3BA
:103A700021F53560284670BD6FF0010070BD6FF014
:103A80000F0070BDFFF719BF1FB50024019203930B
:103A90000A46234600940294FFF735FF04B010BD98
:103AA000FFF70BBF51B1032902D80423136003E0D1
:103AB000033121F003011160002070476FF0010015
:103AC00070472DE9F04186B005460C461E46DDF8EC
:103AD0003080174612B31BB1B8F1000F03D11DE0BF
:103AE000B8F1000F1AD12846214605AAFFF7DAFFE0
:103AF000B0B92EB1059B7B4398450FD3B3070DD1C9
:103B00000D9B28460193012302930E9B21460393AC
:103B1000059A3B460096FFF7F6FE01E06FF00100C4
:103B200006B0BDE8F08110B5044690B1C36823B17A
:103B3000406804F10C01FFF7A5FFA36823B160689A
:103B400004F10801FFF79EFF2046BDE81040F3F3A3
:103B5000B1B410BD2DE9FF41074610200D461646B1
:103B60009846F3F395F40446F8B100211022EEF3E1
:103B700079F4124A27606560019204F1080200237B
:103B8000029228460C2132460093FFF79AFF034623
:103B900058B90B4A0090019204F10C020292284697
:103BA0000C214246FFF78DFF18B12046FFF7BBFFFF
:103BB0000024204604B0BDE8F08100BF90860200DA
:103BC00088860200FFF7AFBF80697047008A400017
:103BD00070470000808ACB69B2FBF0F300FB132230
:103BE000D2B242F000421B0642EA13438B6100232B
:103BF00000E001338869094A002802DA9342F8D1CB
:103C000006E0934204D0C30005D4C0F3407070476F
:103C10004FF6FF7070474FF6FF7070478096980020
:103C200010B58468002364694B61302CC4BFD1F89F
:103C3000F43003F47E03C1F8F430BDE81040FFF720
:103C4000C9BF2DE9F041002480460F4616012546E4
:103C500040463946AA19FFF7E3FF4FF6FF73984233
:103C600006D0A84001350443102DA4B2F0D100E0E5
:103C700004462046BDE8F081BF230B80FF2313805C
:103C80007047013906291DD8DFE801F0040A1C1C21
:103C9000101C17002023438240238382802310E0DE
:103CA0004023438283824FF480730AE0602343827F
:103CB000402383824FF4C07303E0102343824023E8
:103CC000838203820020704701390A2919D8DFE86E
:103CD00001F006080A0C0E181018181813004023DB
:103CE0000CE060230AE0802308E0A02306E0C02364
:103CF00004E04FF4807301E04FF4C073438220234B
:103D00008382838A428A53431B11038200207047B7
:103D10006FF01600704770B50446058A8068F8F3A6
:103D200075F400210646A068F9F320F2A2685369F1
:103D3000222B05DDC36C9B059B0D0733DB08A38598
:103D400010463146F9F312F2A38D6D00E81A0238DD
:103D500070BD70B5044680680D461646F9F394F0C0
:103D600030B1204629463246BDE87040FFF769BFB2
:103D700006F5806635F8160080B270BDF8B50446C9
:103D8000806816460F46F8F341F400210546A06806
:103D9000F9F3ECF13A4601462046FFF7DAFF2946EF
:103DA0003080A068F9F3E2F10020F8BD01392DE977
:103DB000F84F044691461E460E2971D8DFE801F0FF
:103DC00008187028707070347070707070703B00DC
:103DD00090F82E20838B0AB1C58C00E0C58BED1ABC
:103DE000A369D9052ED53368AB4233D3A78B36E010
:103DF00090F82E20038C0AB1C58C00E0458CED1A9A
:103E0000A3699A051ED53368AB4223D3278C26E0DD
:103E100083694FF0020513F4806F13D03368012BD0
:103E200018D9876A02371AE0878CC58C8369ED1B25
:103E300013F4006F05E0878BC58C8369ED1B13F4C9
:103E4000407F04D135606FF01D00BDE8F88F336806
:103E5000AB4204D235606FF00D00BDE8F88FA0686A
:103E6000F8F3D4F300218346A068F9F37FF14FF013
:103E70000008824609E008EB070220465146FFF79A
:103E800068FF08F1010829F8020BA845F3D1A068E2
:103E90005946F9F36BF1C6F800800020BDE8F88FB1
:103EA0006FF00100BDE8F88F73B50023ADF8043062
:103EB000ADF80630836804465B690D46272B05DDA7
:103EC000CB691B051B0D1B11043B06E01B2B06D801
:103ED0004FF492629A4002D50C2383620EE0242BA9
:103EE00001D0272B04D1238A7F2B05D80C2304E093
:103EF000172B01D0182B01DD1423A362EB6903F407
:103F0000E023B3F5803F0ED04FF00443AB610023B4
:103F100000E00133AA69002A2E4A02DA9342F8D15E
:103F200057E0934255D02B69A26AA3610332204621
:103F30002946FFF70EFF284BA269000903401343EF
:103F4000A36103F440730022B3F5407F84F82E2070
:103F500002D1012384F82E30A36A0DF10602043346
:103F6000A383238A2046E383E38401A9FFF784FE29
:103F7000BDF80620BDF80430D61AB6B216B1E383F8
:103F80006384A284A369DB050AD520462946A26A78
:103F9000FFF7DFFE000980B200B1E083E38B00E0B1
:103FA000A38B2384AEB92046FFF7B5FEA36900EBCF
:103FB000D07040106084980509D5A26A2046294631
:103FC0000132FFF7C6FE00096084A08401E0238C63
:103FD000A3847CBD8096980000FFFF00F8B543697C
:103FE0000546152B01D0162B3CDD2846F8F340F78B
:103FF0000646002836D12846F8F33CF7002833D08F
:104000002846F8F303F3314607462846F9F3AEF0A5
:104010000646EAF7FDF86B690446302B04DDF169CA
:1040200001F47041090B03E0A96901F46011C90CA6
:1040300091B1F36903F4E0231B0C012B03D120465B
:10404000FFF742FE03E013B92046FFF71AFE2046B1
:104050003146FFF729FF00E00C4628463946F9F3C0
:1040600085F002E0002400E004462046F8BD08B5D3
:104070004368DB68984708BD08B543681B689847E4
:1040800008BD73B5002604460196EAF7C1F84C2234
:1040900031460546EEF3E6F16369152B2B6001D03E
:1040A000162B02D9EAF7B8F868606B68D3B1AC6038
:1040B0002046F8F313F7E8602046F8F3DBF60646EF
:1040C00020B92046012101AAF8F30AF76B682046BF
:1040D0001B699847054636B92046314601AAF8F3D0
:1040E000FFF600E01D4628467CBD2DE9F7439946C2
:1040F000002304460F4690460193F8F3BBF60546AD
:1041000020B92046012101AAF8F3EAF62046F8F387
:10411000B1F678B12046F8F3ABF658B92046FFF770
:10412000B0FF50B1436839465E6942464B46B047DE
:10413000064604E06FF0180601E04FF0FF3625B99F
:104140002046294601AAF8F3CBF63046BDE8FE83A7
:1041500082604160016070472DE9F041541A012CE2
:104160000F461E46069D0EDD2046F3F391F1804674
:1041700070B139462246EEF3F1F0C6F80080002017
:104180002C60BDE8F081002018602860BDE8F08157
:104190006FF01A00BDE8F0810EB4F3B581680446F3
:1041A000012945D908AB4068079A0193EEF3A8F2BC
:1041B000431C064603D0A368023B984202DD002060
:1041C000A06036E060683D21EEF3CAF140B3676855
:1041D0002568C71B21E028463A46EEF3ABF0B0B99C
:1041E000EB5D3D2B13D12846EEF3E8F16268471CE6
:1041F000731CDB1B521BE919D2182846EEF30EF193
:104200006368DB1B6360A368DF19A76008E02B46C7
:1042100013F8012B1D46002AFAD161688D42DAD3CA
:10422000A368701C1B1AA36063681B18636000E01E
:104230000020BDE8FC4003B0704700002DE9F04FBE
:10424000BBB01A9019911B921893002B02F01C8797
:104250004FF48050F3F31CF11290002802F0148701
:1042600037A812994FF48052FFF772FF00214FF4E4
:1042700080521298EEF3F6F0189A1168D9B10B78C3
:10428000CBB1449A1368022B03D814E0013A0260C0
:1042900000E0449802688B1813F8014C1CB913F81D
:1042A000023C002BF2D01298EEF358F04499389A61
:1042B0000B68D318389300238DF89C304FF0FF32F1
:1042C0001593139301231192169302F0A8BE199926
:1042D000012251F8046B0023199117921493179936
:1042E00049B1F25C5F1C1092013AD2B2FD2A0FD89C
:1042F000F55D9F1C0DE0F15C4A1ED2B2FD2A1091C3
:1043000003D880220D46109200E0179D5F1C00E04C
:1043100000257B19B3F5607F82F27E86109B202BEF
:1043200028D005D8152B0BD01B2B42F0708664E0EB
:104330001099222935D030D3802942F0688667E071
:10434000F3195A78F35D1202D318072B12DDBC1C47
:1043500034192246E14937A8FFF71EFF2046EEF345
:104360002DF1FA1C1218DE4937A8B218FFF714FF16
:1043700002F04DBEF4196278F35D1202D21837A82C
:10438000D849FFF709FFE378A2781B0237A8D6497E
:104390009A18FFF701FF02F03ABEF25D149202F0A4
:1043A00036BE149B0C2B02F02D869DF89C30002B02
:1043B00042F02D86F35D042B42F0298607F10208B6
:1043C00006EB08042046EEF3B9F6002842F01F86FB
:1043D00016F80830DB0702F11A8627A92046EEF30B
:1043E00025F31199013142F01286F3199A79DB799C
:1043F0001202D318119302F00ABEF319DA799B79ED
:1044000037A8BA4943EA0222FFF7C6FE02F0FFBD11
:10441000F35DF4198F2B02F2FA8501A252F823F012
:10442000399301006B930100559401001599010027
:10443000F19A0100D598010053980100719801008C
:104440007B940100199B01008D9B0100B59B01002D
:10445000C99B010057BC01003B9A0100BB980100B9
:10446000F7970100619C0100A19C01004B930100A2
:10447000E19C0100EF9C0100119D01001F9D0100C6
:1044800017930100D992010057BC0100FD9401006F
:104490002D9D01001195010057BC010057BC010082
:1044A00057BC0100439D0100879D01009B9D0100B9
:1044B000BD9E010081A0010057BC010057BC010056
:1044C00025A20100C9920100B9920100A992010040
:1044D0009FA30100B3A30100C7A30100DBA3010058
:1044E00057BC0100E99B0100EF94010057BC01009B
:1044F00057BC0100ED930100A7A60100EFA3010046
:104500006B9D0100799D0100B5A601001DB401005D
:1045100057BC010057BC010057BC010057BC01004B
:104520001D95010047A4010071A40100B3A401007E
:10453000F1A401002FA501006DA50100ABA50100AC
:10454000E9A50100FDA5010057BC0100C5950100CA
:1045500057BC010057BC010057BC0100D7970100B0
:104560003195010057BC010057BC010057BC010048
:1045700057BC010071B4010057BC01000B98010049
:104580002BA70100FBA7010051A901003BAA0100D4
:1045900025AB01005FAB0100E7AB010035AC0100CA
:1045A00043AD0100CDAE010079AF010025B001009F
:1045B0008FB401007B9601003B97010071B00100B0
:1045C000ADB10100B9B20100C5B30100D5B401001D
:1045D000AFB60100E7B4010005B5010023B5010045
:1045E00041B5010053B5010065B5010077B5010083
:1045F00089B50100F3B50100FFB501000BB601005C
:104600002FBC010057BC010057BC010057BC010082
:1046100057BC010057BC010057BC010057BC01004A
:1046200057BC010057BC010011A6010085A601007E
:1046300057BC010057BC010001B7010069B7010078
:10464000EFB7010075B80100A1B90100B3B90100CD
:10465000BFB90100E9B90100E1BA0100D9BB01000D
:104660004FEA950A5FFA8AFA4FF0000801F03CB869
:104670004FEA55095FFA89F94FF0000801F005B8D3
:104680004FEA55095FFA89F94FF0000800F0EBBFD7
:1046900007F1010806EB08042046EEF34FF5002869
:1046A00042F0B58416F80830D80702F1B0842046ED
:1046B00027A9EEF3BBF1119B013342F0A884F31953
:1046C0005A799B791202D318119302F0A0BCA378F7
:1046D00062781B029A18119202F099BCDE930200D4
:1046E00005890200378F0200748A0200439202009B
:1046F000647837A8A54922461694FFF74DFD02F0CD
:1047000086BCE37822791B0443EA0263627837A807
:104710001343A2789E4943EA0222FFF73DFD02F0CF
:1047200076BCA27863781202D2189A4937A8FFF7AC
:1047300033FD2279E378120237A89749D218FFF7A0
:104740002BFD062D42F26384A2796379120237A809
:104750009249D218FFF720FD082D42F25884237A9F
:10476000E2791B0237A88E499A18FFF715FD0A2D2A
:1047700042F24D8407F10A0807F1090416F80820EF
:10478000335D1202D21837A88649FFF705FD16F8E7
:104790000830325D1B0237A883499A18FFF7FCFCEA
:1047A00002F035BC814B0622B5FBF2F21A704FF0D5
:1047B0000008994624E0434610217D4A1DA8EDF3E8
:1047C000B7F6434610217B4A2FA8EDF3B1F6637884
:1047D000A2781DA943EA022237A8FFF7DDFC63791E
:1047E000A2791B0443EA0263E27837A813432279D3
:1047F0002FA943EA0222FFF7CFFC08F10108063493
:1048000099F800309845D6DB02F001BC022D06D1A4
:1048100037A869496278FFF7BFFC02F0F8BBA378BC
:1048200062781B0237A864499A18FFF7B5FC02F0BA
:10483000EEBBA27863781202042D1A4405D92379BD
:10484000E1781B0609045B181A4337A85B49FFF798
:10485000A3FC062D42F2DB83F3199A7959791202EF
:10486000082D0A4405D9197ADB7909061B04C918F1
:104870000A4337A85249FFF78FFC0A2D42F2C7833B
:10488000F3199A7A597A12020C2D0A4405D9197B28
:10489000DB7A09061B04C9180A4337A84949FFF700
:1048A0007BFC02F0B4BB37A847496278FFF774FC81
:1048B00002F0ADBBA37862781B0237A83A499A1878
:1048C000FFF76AFC02F0A3BB01350021EDB217919E
:1048D00002F09DBBA378627837A83C4942EA0322E4
:1048E000FFF75AFC02F093BB94F803A023794FEA38
:1048F0000A4A4AEA036A6378B5F1050B4AEA030AF1
:1049000048BFA5F1020BA3784FEAAB0B4AEA032A92
:104910005FFA8BFB4FF0000824E043441021244A47
:104920002FA8EDF305F699F8003010214344214AF1
:104930001DA8EDF3FDF552462FA937A8FFF72CFC73
:10494000E37822791B0443EA0263627837A81343B1
:10495000A2781DA943EA0222FFF71EFC0AF1040A0D
:1049600008F10108DFF844900434D84599F8003084
:10497000D3DB9B4489F800B002F049BB0B4BEA083B
:104980001A704FF0000899464DE000BF2C940200C9
:1049900034900200628D02005A9402008E8A020056
:1049A0008D87020088900200FF8F020028610100BD
:1049B000003E01000B3E01001F930200D98D020052
:1049C000238A0200348A0200298B0200AF8D020084
:1049D00043461021B14A1DA8EDF3AAF54346102124
:1049E000AF4A2FA8EDF3A4F5E37822791B0443EA3C
:1049F000026362781DA91343A27837A843EA022212
:104A0000FFF7CAFBE379227A1B0443EA0263627967
:104A100037A81343A2792FA943EA0222FFF7BCFB70
:104A200008F10108083499F800309845D0DB02F00D
:104A3000EEBA94F803A023794FEA0A4A4AEA036AD5
:104A40006378B5F1050B4AEA030A48BF05F1020B8A
:104A5000A3784FEAEB0B4AEA032A5FFA8BFB4FF08D
:104A600000083BE0434410218C4A2FA8EDF360F589
:104A700099F80030102143448A4A1DA8EDF358F5F7
:104A800099F8003010214344874A33A8EDF350F5DC
:104A900052462FA937A8FFF77FFBE379227A1B0440
:104AA00043EA0263627933A91343A27937A843EA40
:104AB0000222FFF771FBE37A227B1B0443EA0263C5
:104AC000627A37A81343A27A1DA943EA0222FFF7AC
:104AD00063FB0AF1080A08F101080834DFF8CC91F9
:104AE000D84599F80030BDDB9B4489F800B002F04E
:104AF0008EBA6E4B0C22B5FBF2F21A704FF0000822
:104B000099463EE043461021644A33A8EDF310F580
:104B100043461021634A1DA8EDF30AF543461021D0
:104B2000614A2FA8EDF304F5E37822791B0443EAE8
:104B30000263627833A91343A27837A843EA0222BA
:104B4000FFF72AFBE379227A1B0443EA02636279C6
:104B50002FA91343A27937A843EA0222FFF71CFBCF
:104B6000E37A227B1B0443EA0263627A37A8134389
:104B7000A27A1DA943EA0222FFF70EFB08F1010801
:104B80000C3499F800309845BCDB02F040BAE37869
:104B900022791B0443EA0263627837A81343A278A0
:104BA000434943EA0222FFF7F7FA02F030BAA3784A
:104BB000627837A83F4942EA0322FFF7EDFA02F094
:104BC00026BA4FF00509B5FBF9F95FFA89F94FF0FC
:104BD000000816E063781021374A2FA8EDF3A8F4F7
:104BE000237962791B0443EA0263A27837A813434E
:104BF000E2782FA943EA0222FFF7CEFA08F1010872
:104C00000534C845E6DB02F002BA37A82B496278C2
:104C1000FFF7C2FA022D42F2FA8137A82849A2789A
:104C2000FFF7BAFA02F0F3B9002237A825496378F2
:104C3000FFF7B2FA022D42F22D82012237A8214954
:104C4000A378FFF7A9FA032D02F02482022237A8E5
:104C50001C49E378FFF7A0FA042D02F0D681032265
:104C600037A818492379FFF797FA0122139202F027
:104C7000CEB9627837A81249FFF78EFA37A81149E2
:104C80000122A378FFF788FA02F0C1B937A80E49CC
:104C90006278FFF781FA02F0BAB900BF003E010066
:104CA0000B3E0100163E0100223E0100286101007A
:104CB00045870200299002002E3E01006A8A020008
:104CC000319102009C8702005A8B0200AB1E0E2B12
:104CD00002F29D8101A151F823F000BF619901000A
:104CE00057BC010057BC010057BC010057BC010074
:104CF000D9990100A7990100879901006F990100D6
:104D000057BC010057BC0100D9990100A7990100C7
:104D1000879901006F99010037A8A9496278FFF7C8
:104D20003BFA02F074B937A8A649627AFFF734FA61
:104D30000C2D8CBF4FF009084FF0000801E04FF038
:104D40000008F31937A89E491A7AFFF725FA0C2DA7
:104D500007D9B8F1000F08BF4FF0080801E04FF085
:104D6000000807F10709984916F8092037A8FFF746
:104D700013FA002237A8954916F80930FFF70CFA04
:104D80000C2D07D9B8F1000F08BF4FF0070801E05C
:104D90004FF000084FF00009A27863788C491202A6
:104DA000494437A8D21809F10909FFF7F5F9023487
:104DB000B9F11B0FF0D10C2D42F22981B8F1000F8F
:104DC00008BF4FF00608834CB844B04404F12409EE
:104DD00098F8022098F801301202214637A8D2181C
:104DE0000C34FFF7D9F94C4508F10208F0D102F074
:104DF0000EB9142D19D0172D03D0132D42F00781B1
:104E000019E006EB0708744998F8162037A8FFF751
:104E1000C3F9724998F8152037A8FFF7BDF937A8EC
:104E20006F4998F81420FFF7B7F9F31937A86D49BF
:104E3000DA7CFFF7B1F9A946A2464FF000082546F3
:104E4000AA786B7868491202414437A8D21808F151
:104E50000908FFF7A1F90235B8F11B0FF0D14D4653
:104E60004FF00008227AE37960491202414437A8E2
:104E7000D21808F10B08FFF78FF90234B8F1210FAF
:104E8000F0D100249AF80E209AF80D3058491202F9
:104E9000091937A8D2180B34FFF77EF9212C0AF133
:104EA000020AEFD102F0B3B8E1786278A3780091FA
:104EB000217937A8019161790291A1790391E17972
:104EC0000491217A05914B49FFF766F902F09FB8EA
:104ED000A9464FF00008254615F8013FFF2B04D0E6
:104EE00037A845494246FFF757F908F10108B8F1DC
:104EF000040FF1D1B9F10C0F4D4642F2888004EB5A
:104F000008035B78FF2B04D037A83B494246FFF7E4
:104F100043F908F10108B8F10C0FF0D1102D42F25D
:104F2000768004EB08035B78FF2B04D037A8324966
:104F30004246FFF731F908F10108B8F1100FF0D13E
:104F400002F065B8627837A80AB1A3781BB92B497B
:104F5000FFF722F902E02A49FFF71EF9F31937A8F3
:104F60002849DA78FFF718F902F051B8A378627887
:104F700037A8254942EA0322FFF70EF902F047B8A5
:104F8000E37822791B0443EA0263627837A813436B
:104F9000A2781E4943EA0222FFF7FEF802F037B872
:104FA00037A81B496278FFF7F7F8022D42F22F80ED
:104FB00037A81849A278FFF7EFF802F028B800BF29
:104FC000368E0200D38E02009B9302004A890200B3
:104FD000D38B0200B38F0200BD8D0200E690020069
:104FE000E7860200C68B0200E98D0200969002005F
:104FF000B7860200A6870200458A020039920200A5
:1050000084950200A78C02003C8D0200CB87020031
:10501000A7940200E89402007C1C325D37A8764910
:1050200002F00F02FFF7B8F8325D37A81209BC1C76
:105030007249FFF7B1F8325D37A8714902F00702F3
:10504000FFF7AAF8325D37A8D2086E4902F00302D2
:10505000FFF7A2F801F0DBBF7C1C325D37A86A497C
:1050600002F00F02FFF798F8325D37A81209BC1C56
:105070006649FFF791F8325D37A8654902F00702EB
:10508000FFF78AF8325D37A8D208624902F00302BE
:10509000FFF782F801F0BBBF37A85F496278FFF7DE
:1050A0007BF801F0B4BF627837A85C49FFF774F869
:1050B000A27837A85A49FFF76FF837A85949E2781C
:1050C000FFF76AF801F0A3BF37A857496278FFF7E6
:1050D00063F801F09CBF37A854496278FFF75CF889
:1050E00001F095BFA2786378120637A8504942EACA
:1050F0000322FFF751F801F08ABF627837A84D49C3
:10510000FFF74AF8A27837A84B49FFF745F823790B
:10511000E2781B0237A849499A18FFF73DF801F0D9
:1051200076BF37A846496278FFF736F801F06FBFBF
:1051300037A844496278FFF72FF801F068BFA378D9
:1051400062781B0237A840499A18FFF725F801F04A
:105150005EBF94F8028063784FEA082898441FFAEB
:1051600088F83A494FEAD82237A8FFF715F808F42B
:10517000E062120A364937A8FFF70EF808F0F80285
:10518000D208344937A8FFF707F808F0060252089A
:10519000314937A8FFF700F837A8304908F0010275
:1051A000FEF7FAFF042D41F232872379E4781B02DF
:1051B0001C19A4B2E20A37A82949FEF7EDFF04F44E
:1051C000E062120A37A82749FEF7E6FF04F0F8026A
:1051D000D20837A82449FEF7DFFF04F00602520880
:1051E00037A82249FEF7D8FF37A8214904F0010269
:1051F000FEF7D2FF01F00BBFF487020042880200E5
:10520000C68E020039880200BF940200388702006F
:10521000558C0200438E020093920200E693020036
:10522000478D0200D4930200B7930200E78E02007C
:10523000AC8E0200048E0200CC8D02000E900200A3
:10524000438F0200F29402009B8C0200F58802005A
:10525000CC9402006D870200E4880200D994020019
:1052600076920200888B0200E3890200F18E020030
:10527000A893020000226378674937A8FEF78CFFE5
:105280004FF000086549A27837A8FEF785FFCDF8F2
:1052900000802279E3781202D31801930222604938
:1052A000434637A8FEF778FFCDF80080A2796379EE
:1052B0001202D318019302220123594937A8FEF79D
:1052C0006BFFCDF80080227AE3791202D318022214
:1052D000019337A852491346FEF75EFF1E2D41F297
:1052E0009686627A37A84F49FEF756FFA27A37A80A
:1052F0004D49FEF751FFE27A37A84C49FEF74CFFC3
:10530000227B37A84A49FEF747FFCDF80080A27BF1
:10531000637B1202D31801930522434637A8404904
:10532000FEF73AFFCDF80080227CE37B1202D3180F
:1053300001930522012337A83949FEF72DFFCDF847
:105340000080A27C637C1202D31801930522022301
:1053500037A83349FEF720FFCDF80080CDF8048050
:10536000227DE37C1202D318029305226C234FF0B6
:10537000010937A82F49FEF70FFFCDF80090CDF8AF
:105380000480A27D637D1202D318029305226C2350
:105390004FF0020A37A82749FEF7FEFECDF800A01D
:1053A000CDF80480227EE37D1202D31802930522F9
:1053B0006C2337A81F49FEF7EFFECDF80080CDF82B
:1053C0000480A27E637E1202D31802930522682312
:1053D00037A81849FEF7E0FECDF80090CDF804801C
:1053E000227FE37E1202D3180293052237A8682396
:1053F0001049FEF7D1FECDF800A0CDF80480A37FC0
:10540000627F1B029B18029337A80A490522682372
:10541000FEF7C2FE01F0FBBD4A8902002C880200A3
:10542000A6860200E4910200C292020040900200AF
:105430007B94020026920200012263789C4937A8DF
:10544000FEF7AAFE4FF001089A49A27837A8FEF7A6
:10545000A3FECDF800802279E3781202D3180193DD
:1054600002220023944937A8FEF796FECDF800806B
:10547000A27963791202D318019302228E4943461E
:1054800037A8FEF789FECDF80080227AE379120270
:10549000D3180222019337A887491346FEF77CFEF2
:1054A0001E2D41F2B485627A37A88449FEF774FE56
:1054B000A27A37A88249FEF76FFEE27A37A88149BF
:1054C000FEF76AFE227B37A87F49FEF765FECDF81E
:1054D0000080A27B637B1202D31801930522002374
:1054E00037A87549FEF758FECDF80080227CE37B93
:1054F0001202D31801930522434637A86E49FEF7DE
:105500004BFECDF80080A27C637C1202D31801937D
:10551000052202234FF0000937A86749FEF73CFE39
:10552000CDF80090CDF80480227DE37C1202D318E0
:10553000029305226C2337A86449FEF72DFECDF8AF
:105540000080CDF80480A27D637D1202D3180293FF
:1055500005226C234FF0020A37A85C49FEF71CFEB7
:10556000CDF800A0CDF80480227EE37D1202D3188E
:10557000029305226C2337A85449FEF70DFECDF89F
:105580000090CDF80480A27E637E1202D3180293AD
:105590000522682337A84D49FEF7FEFDCDF80080AF
:1055A000CDF80480227FE37E1202D31802930522F5
:1055B00037A868234549FEF7EFFDCDF800A0CDF8E8
:1055C0000480A37F627F1B029B18029337A83F4988
:1055D00005226823FEF7E0FD01F019BDA27863788B
:1055E0001202D2183A4937A8FEF7D6FDA27963799C
:1055F00012061B04D218237937A81B02D218E378AD
:105600003449D218FEF7C8FD122D41F20085A27A66
:10561000637A12061B04D218237A37A81B02D21809
:10562000E3792D49D218FEF7B7FDA27B637B120602
:105630001B04D218237B37A81B02D218E37A274910
:10564000D218FEF7A9FDA27C637C12061B04D318B6
:10565000227C37A812029B18E27B21499A18FEF798
:105660009BFD01F0D4BCA27863781202D31800939A
:105670000222434637A81B4908F10108FEF78CFDBA
:105680000234C845EFDD01F0C2BCA2786378120293
:10569000D31800930522434637A8124908F10108A0
:1056A000FEF77AFD0234C845EFDD01F0B0BC00BF63
:1056B0004A890200DA8E0200A6860200F2910200F8
:1056C000CF9202004B9402008A94020026920200BC
:1056D0008692020098860200169102008C930200C6
:1056E000028F0200138A0200CDF80080A27863784E
:1056F0001202D318019305226C2337A8BB4908F185
:105700000108FEF749FD0234D045EDDD4FEA5509A9
:105710005FFA89F909F1010B09F10209B944BB44A7
:1057200006EB09044FF00008CDF800802278C9EBA1
:10573000040313F80B301202D318019305226823D7
:1057400037A8AA4908F10108FEF726FD0234D04522
:10575000EADD01F05CBCA37862781B0237A8A4499B
:105760009A18FEF719FD01F052BCA37862781B026B
:1057700037A8A0499A18FEF70FFD01F048BCA3789E
:1057800062781B0237A89C499A18FEF705FD01F0C4
:105790003EBCA37862781B0237A898499A18FEF796
:1057A000FBFC01F034BC2279E37812061B04D2180A
:1057B000A37837A81B02D21863789149D218FEF754
:1057C000EBFC227AE37912061B04D218A37937A8DE
:1057D0001B02D21863798B49D218FEF7DDFC227BBD
:1057E000E37A12061B04D318A27A37A812029B1878
:1057F000627A85499A18FEF7CFFC01F008BCA278BE
:105800006378120237A88149D218FEF7C5FC042D2F
:1058100041F2FD832379E2781B0237A87C499A186C
:10582000FEF7BAFC01F0F3BB2279E37812061B0401
:10583000D218A37837A81B02D21863787549D218FA
:10584000FEF7AAFC062D41F2E283227AE3791206E2
:105850001B04D318A27937A812029B1862796E49EB
:105860009A18FEF799FC01F0D2BBDFF8BC914FF01B
:105870000108A84581F2CB832279E37812061B0444
:10588000D218A37849461B02D218637837A8D218D9
:1058900008F10408FEF780FC0434B8F1190F09F18F
:1058A0001809E6D101F0B3BBDFF880914FF0010891
:1058B000A84581F2AC832279E37812061B04D21842
:1058C000A37849461B02D218637837A8D21808F18A
:1058D0000408FEF761FC0434B8F10D0F09F1130957
:1058E000E6D101F094BBDFF848914FF00108A845DC
:1058F00081F28D832279E37812061B04D218A378F3
:1059000049461B02D218637837A8D21808F1040858
:10591000FEF742FC0434B8F10D0F09F11409E6D189
:1059200001F075BBDFF80C914FF00108A84581F23A
:105930006E832279E37812061B04D218A3784946B5
:105940001B02D218637837A8D21808F10408FEF7B2
:1059500023FC0434B8F10D0F09F11409E6D101F06C
:1059600056BBDFF8D4904FF00108A84581F24F8371
:105970002279E37812061B04D218A37849461B0249
:10598000D218637837A8D21808F10408FEF704FC8F
:105990000434B8F10D0F09F11409E6D101F037BB59
:1059A000A37862781B0237A81C499A18FEF7F4FB0B
:1059B00001F02DBBA37862781B0237A818499A180A
:1059C000FEF7EAFB01F023BB2279E37812061B0401
:1059D000D318A278647812029B1837A811490122C3
:1059E0001B19FEF7D9FB01F012BB00BF00920200A9
:1059F000F48F0200B79002008089020059890200EA
:105A0000169102008C930200028F02009C92020009
:105A1000AF920200A9910200C0910200B98E02006B
:105A2000379402003B910200998A0200628C0200C6
:105A30009788020048950200F09302002279E378EB
:105A400012061B04D318A278647812029B1837A898
:105A5000974902221B19FEF79FFB01F0D8BA37A81D
:105A600094496278FEF798FB01F0D1BA92496278C6
:105A700007F1020837A8FEF78FFB16F808208F49B8
:105A8000120937A8FEF788FB16F8082037A88C49BA
:105A900002F00F02FEF780FB032D41F2B882E2789C
:105AA00037A88849FEF778FB07F10508227937A85F
:105AB0008549FEF771FB16F8082037A8920883493C
:105AC000FEF76AFB16F8082037A8814902F00302A6
:105AD000FEF762FB37A87F49A279FEF75DFB01F074
:105AE00096BA94F8028063784FEA082898441FFA1F
:105AF00088F84FEAD82237A87749FEF74DFB08F41B
:105B0000806302229B0A37A87449FEF745FB08F41C
:105B1000007302225B0A37A87149FEF73DFB08F4C7
:105B2000F87302221B0937A86E49FEF735FB08F00F
:105B30000E0302225B0837A86B49FEF72DFB0222F9
:105B400008F0010337A86949FEF726FB2379E478BA
:105B50001B021C19A4B2E20A37A86549FEF71CFB18
:105B600004F4806305229B0A37A85C49FEF714FB06
:105B700004F4007305225B0A37A85949FEF70CFBB1
:105B800004F4F87305221B0937A85649FEF704FBF5
:105B900004F00E0305225B0837A85349FEF7FCFA10
:105BA00037A85249052204F00103FEF7F5FA01F087
:105BB0002EBAA27863781202D21837A84D49FEF7A0
:105BC000EBFA94F804E0E3784FEA0E2E00227344D7
:105BD00037A84949FEF7E0FA217AE27909028A18E2
:105BE00094F806E063790092A17A627A09024FEA9A
:105BF0000E2E8A187344019237A800223F49FEF7FF
:105C0000CBFA227BE37A0092627B37A80192A27BD7
:105C10003B4902920022FEF7BFFAA17C627C090296
:105C20008A1894F810E0E37B0092217DE27C09025F
:105C30008A180192A17D627D09028A180292217E52
:105C4000E27D09028A180392A17E627E09028A1807
:105C50000492217FE27E09028A180592A17F627F69
:105C600009028A18069294F82010E27F09028A1825
:105C7000079294F8221094F8212009028A180892B9
:105C800094F8241094F8232009028A18099294F8B1
:105C9000262094F82510120252184FEA0E2E0A926E
:105CA00037A8184900227344FEF776FA01F0AFB91D
:105CB0003B910200508D0200808A0200328B02006C
:105CC000FF890200D7870200958B0200099102002C
:105CD00087910200129202006E8D02009B910200D9
:105CE000118F0200D791020099940200C193020023
:105CF000D8860200458C02004A89020021870200F2
:105D0000A88B0200EE8B020094F802E063784FEA61
:105D10000E2E0122734437A8AA49FEF73DFAA17955
:105D2000627909028A1894F804E0E3780092217AF3
:105D3000E27909024FEA0E2E8A187344019237A8BD
:105D40000122A149FEF728FAA27A637A0092E27A48
:105D500037A80192227B9D4902920122FEF71CFA8C
:105D6000217CE27B09028A1894F80EE0637B0092A2
:105D7000A17C627C09028A180192217DE27C0902E1
:105D80008A180292A17D627D09028A180392217EFF
:105D9000E27D09028A180492A17E627E09028A18B5
:105DA0000592217FE27E09028A180692A17F627F16
:105DB00009028A18079294F82010E27F09028A18D3
:105DC000089294F8221094F8212009028A18099266
:105DD00094F8242094F82310120252184FEA0E2E41
:105DE0000A9237A87A4901227344FEF7D5F901F0E7
:105DF0000EB994F802E063784FEA0E2E0222734443
:105E000037A87049FEF7C8F9A179627909028A18A2
:105E100094F804E0E3780092217AE27909024FEAEB
:105E20000E2E8A187344019237A802226649FEF7A3
:105E3000B3F9A27A637A0092E27A37A80192227BC0
:105E4000624902920222FEF7A7F9217CE27B090255
:105E50008A1894F80EE0637B0092A17C627C0902B0
:105E60008A180192217DE27C09028A180292A17DA2
:105E7000627D09028A180392217EE27D09028A1856
:105E80000492A17E627E09028A180592217FE27E39
:105E900009028A180692A17F627F09028A18079276
:105EA00094F82010E27F09028A18089294F82210D0
:105EB00094F8212009028A18099294F8242094F871
:105EC0002310120252184FEA0E2E0A9237A84049A8
:105ED00002227344FEF760F901F099B8627837A89E
:105EE0003C49FEF759F90122A37837A83A49FEF751
:105EF00053F90222E37837A83749FEF74DF9637961
:105F0000227903F001031B0237A834499A18FEF7DF
:105F100043F901F07CB8A27863781202D318009399
:105F20002822002337A82E49FEF736F92279E37894
:105F30001202D31800932822012337A82849FEF71C
:105F40002BF9A27963791202D31800932822022335
:105F500037A82349FEF720F9227AE3791202D318F1
:105F600000935022002337A81D49FEF715F9A27AA5
:105F7000637A1202D31800935022012337A81849DC
:105F8000FEF70AF9237BE27A1B029B18009337A8DD
:105F9000134950220223FEF7FFF801F038B8A27827
:105FA00063781202D21837A80E49FEF7F5F8237964
:105FB000E2781B0237A80C499A18FEF7EDF801F0B9
:105FC00026B800BF4A89020021870200A88B020080
:105FD000EE8B0200E5870200F48602002D9302009A
:105FE000F5900200118802005292020094F804E039
:105FF000E3784FEA0E6E1B049E44A3786C221B02CA
:106000009E44637837A873449749FEF7C5F894F81F
:1060100008E0E3794FEA0E6E1B049E44A3796C22DC
:106020001B029E44637937A873449049FEF7B4F885
:1060300094F80CE0E37A4FEA0E6E1B049E44A37AB8
:106040006D221B029E44637A37A873448649FEF78B
:10605000A3F894F810E0E37B4FEA0E6E1B049E4415
:10606000A37B6D221B029E44637B37A873447F4948
:10607000FEF792F894F814E0E37C4FEA0E6E1B04EE
:106080009E44A37C68221B029E44637C37A8734411
:106090007549FEF781F894F818E0E37D4FEA0E6E3B
:1060A0001B049E44A37D68221B029E44637D37A887
:1060B00073446E49FEF770F894F81AE0637E4FEA75
:1060C0000E2E6C22734437A86949FEF765F894F8E0
:1060D0001CE0E37E4FEA0E2E6D22734437A864491C
:1060E000FEF75AF8A37F647F1B0237A86049682235
:1060F0001B19FEF751F800F08ABF94F802E06378AC
:106100004FEA0E2E7344682237A85A49FEF744F826
:106110002279E3781202D318009368226C2337A8FF
:106120005549FEF739F8A27963791202D318009322
:1061300068226C2337A85149FEF72EF8227AE379BA
:106140001202D318009368226D2337A84A49FEF73C
:1061500023F8A27A637A1202D318009368226D237F
:1061600037A84649FEF718F8227BE37A1202D318C3
:106170006822009337A813463F49FEF70DF8A27B2B
:10618000637B1202D3186822009337A813463B4959
:10619000FEF702F894F810E0E37B4FEA0E2E73440A
:1061A0006C2237A83349FDF7F7FFA27C637C12020B
:1061B000D3186C22009337A813462F49FDF7ECFF44
:1061C000227DE37C1202D3186C22009337A8134679
:1061D0002A49FDF7E1FFA27D637D1202D3180093E7
:1061E0006C2207F118086D2337A82349FDF7D4FF67
:1061F00016F80820E37D1202D31800936C226D2359
:1062000007F11A0937A81D49FDF7C6FF16F809203E
:10621000637E1202D31800936C22682337A81649B4
:10622000FDF7BAFF227FE37E1202D31800936C229F
:10623000682337A81149FDF7AFFFA37F16F808E0E0
:106240001B026822734437A80D49FDF7A5FF94F897
:10625000203016F809401B0237A809496C221B1987
:10626000FDF79AFF00F0D3BE328C02008F9502003A
:10627000DC920200248F0200D78F0200428B0200C2
:10628000688B02006378002237A8AA4903F01F0335
:10629000FDF782FFA378012237A8A64903F01F0368
:1062A000FDF77AFFE378022237A8A24903F01F0323
:1062B000FDF772FF6279237902F01F020092A27942
:1062C00037A802F01F020192E2799B4902F01F02F7
:1062D000029203F01F030022FDF75EFF627A237A29
:1062E00002F01F020092A27A37A802F01F02019268
:1062F000E27A914902F01F02029203F01F03012289
:10630000FDF74AFF627B237B02F01F020092A27B13
:1063100037A802F01F020192E27B874902F01F02B8
:10632000029203F01F030222FDF736FF00F06FBE5A
:106330006378002237A8814903F03F03FDF72CFF63
:10634000A378012237A87D4903F01F03FDF724FF3E
:10635000E378022237A8794903F01F03FDF71CFFF9
:106360006279237902F03F020092A27937A802F005
:106370003F020192E279724902F03F02029203F079
:106380003F030022FDF708FF627A237A02F01F0222
:106390000092A27A37A802F01F020192E27A6849BD
:1063A00002F01F02029203F01F030122FDF7F4FE28
:1063B000627B237B02F01F020092A27B37A802F0CF
:1063C0001F020192E27B5E4902F01F02029203F07B
:1063D0001F030222FDF7E0FE00F019BE00226378E1
:1063E00037A85849FDF7D8FE0122A37837A85549A8
:1063F000FDF7D2FE0222E37837A85249FDF7CCFE22
:106400000022237937A85049FDF7C6FE012263799F
:1064100037A84D49FDF7C0FE37A84B490222A379A2
:10642000FDF7BAFE00F0F3BD94F8028063784FEAFE
:10643000082898441FFA88F84FEAD83300930522B9
:10644000002337A84149FDF7A7FE08F4F043DB120B
:1064500000930522002337A83D49FDF79DFE08F46F
:10646000E0631B1200930522002337A83949FDF78A
:1064700093FE08F08003DB1100930222002337A86B
:106480003249FDF789FE08F07803DB100093022201
:10649000002337A82E49FDF77FFE08F0070300937D
:1064A0000222002337A82B49FDF776FE2379E478F2
:1064B0001B021C19A4B24FF000084FEAD439052280
:1064C000682337A8244904F4F04A4FEAEA2A8DE801
:1064D000000304F4E064FDF75FFE0522682337A89B
:1064E0001E4924128DE80005FDF756FE682337A8E3
:1064F0001B490522CDF800800194FDF74DFE0522D1
:1065000037A86D2314498DE80003FDF745FE0522E9
:106510006D2337A811498DE80005FDF73DFE37A82A
:106520000F4905226D23CDF800800194FDF734FE5C
:1065300000F06DBDB18C0200668902003289020054
:10654000C39002004C8E02007D8B02000593020076
:10655000659402004F90020005870200528A0200F3
:10656000118E020094F8028063784FEA082898445C
:106570001FFA88F84FEAD83300930522012337A881
:10658000B549FDF709FE08F4F043DB12009305223C
:10659000012337A8B149FDF7FFFD08F4E0631B12A2
:1065A00000930522012337A8AD49FDF7F5FD08F05A
:1065B0008003DB1100930222012337A8A649FDF7CF
:1065C000EBFD08F07803DB1000930222012337A8CB
:1065D000A249FDF7E1FD08F0070300930222012321
:1065E00037A89F49FDF7D8FD2379E4781B021C19D1
:1065F000A4B24FF001084FEAD4390522682337A826
:10660000984904F4F04A4FEAEA2A8DE8000304F4BA
:10661000E064FDF7C1FD0522682337A892492412E2
:106620008DE80005FDF7B8FD682337A88F490522DE
:10663000CDF800800194FDF7AFFD052237A86D234A
:1066400088498DE80003FDF7A7FD05226D2337A8D3
:1066500085498DE80005FDF79FFD37A88349052290
:106660006D23CDF800800194FDF796FD00F0CFBCBE
:1066700094F8028063784FEA082898441FFA88F853
:106680004FEAD83300930522022337A87249FDF759
:1066900083FD08F4F043DB1200930522022337A8A0
:1066A0006E49FDF779FD08F4E0631B1200930522A3
:1066B000022337A86A49FDF76FFD08F08003022224
:1066C000DB11009337A813466349FDF765FD08F019
:1066D00078030222DB10009337A813465F49FDF7C9
:1066E0005BFD022208F00703009337A813465C49BC
:1066F000FDF752FD2379E4781B021C19A4B24FF078
:1067000002084FEAD4390522682337A8554904F412
:10671000F04A4FEAEA2A8DE8000304F4E064FDF74A
:106720003BFD0522682337A84F4924128DE8000558
:10673000FDF732FD0522682337A84C49CDF80080CB
:106740000194FDF729FD6D2337A8464905228DE800
:106750000003FDF721FD052237A86D2342498DE88E
:106760000005FDF719FD37A8404905226D23CDF836
:1067700000800194FDF710FD00F049BC94F802E0A0
:1067800063784FEA0E2E2822734437A83849FDF764
:1067900003FD94F804E0E3784FEA0E2E28227344B8
:1067A00037A83449FDF7F8FC94F806E063794FEA1E
:1067B0000E2E5022734437A82D49FDF7EDFC237AA5
:1067C000E4791B0237A82B4950221B19FDF7E4FC82
:1067D00000F01DBCA27863780092E2782521019236
:1067E00022791DA8029262790392A2790492E27939
:1067F0000592227A0692627A0792A27A0892E27A47
:106800000992227B0A92627B0B92A27B0C92E27B22
:106810000D92227C0E92184AEBF38AF637A817499C
:106820001DAAFDF7B9FCF2E37C1C325D37A81449C0
:1068300002F07F02FDF7B0FC325D37A81149D209A2
:10684000FDF7AAFCE3E3A378627837A80E4942EA91
:106850000322FDF7A1FCDAE3059302006594020030
:106860004F90020005870200528A0200118E02003A
:106870004C910200148902003A3E01006891020026
:10688000B29402006692020070910200A3786278CE
:1068900037A8944942EA0322FDF77EFCB7E3E37888
:1068A00022791B0443EA0263627837A81343A27873
:1068B0008D4943EA0222FDF76FFCA8E3E3782279D1
:1068C0001B0443EA0263627837A81343A27887491E
:1068D00043EA0222FDF760FC99E3E37822791B0486
:1068E00043EA0263627837A81343A278804943EAF7
:1068F0000222FDF751FC8AE3A378627837A87D492C
:1069000042EA0322FDF748FC81E3A378627837A8C6
:10691000794942EA0322FDF73FFC78E3A3786278E5
:1069200037A8764942EA0322FDF736FC6FE3A378E5
:10693000627837A8724942EA0322FDF72DFC66E32C
:1069400094F801905FEA990900F061834FF0000824
:10695000A179E279090294F803E041EA02416279FF
:1069600023790A434FEA0E2E4EEA034EA378009293
:10697000617AA27A090241EA0241227A37A80A43DF
:106980000192217B627B090241EA0241E27A4EEAEE
:1069900003030A4302925B49424608F10108FDF7EE
:1069A000FBFB0C34C845D3DB31E337A8564962788A
:1069B000FDF7F2FB2BE337A854496278FDF7ECFBB7
:1069C00025E3227AE17923791143A27994F803E04F
:1069D000114362794EEA030EA3780A434EEA030E8E
:1069E00063780092227BE17A4EEA03031143A27A94
:1069F00037A81143627A0A430192227CE17B11435A
:106A0000A27B1143627B0A43029241490022FDF7B7
:106A1000C3FB227EE17D237D1143A27D94F813E028
:106A20001143627D4EEA030EA37C0A434EEA030E35
:106A3000637C0092227FE17E37A81143A27E4EEA5A
:106A400003031143627E0A43019294F82020E17F00
:106A50001143A27F0A43617F0A4302922C4901221B
:106A6000FDF79AFBD3E2A37864781B021C19A4B249
:106A700004F00F0300932822002337A82549FDF7CF
:106A80008BFB04F0F0031B1100932822012337A88D
:106A90002049FDF781FB04F470631B120093282248
:106AA000022337A81B49FDF777FB37A81A4928228C
:106AB000E30BFDF771FBAAE22179E27809028A185B
:106AC00094F802E063780092A27961791202521878
:106AD0004FEA0E2E019237A8104900227344FDF7A9
:106AE0005BFB94E2D38802003F93020057930200BD
:106AF0006F930200588E02006D8E0200828E02009B
:106B0000978E02006890020024910200D48902004E
:106B1000798D0200998D0200ED92020053870200E8
:106B20002179E27809028A1894F802E063780092E9
:106B3000A179627909028A180192217AE27909021F
:106B40008A180292A17A627A09028A180392217B3A
:106B5000E27A09028A180492A17B627B09028A18F0
:106B60000592217CE27B09028A180692A17C627C54
:106B700009028A180792217DE27C09028A1808928C
:106B8000A17D627D09028A180992227EE17D1202AE
:106B900052184FEA0E2E0A9237A87B4900227344FE
:106BA000FDF7FAFA33E22179E27809028A1894F8BB
:106BB00002E063780092A179627909028A18019251
:106BC000217AE27909028A180292A17A627A09028C
:106BD0008A180392217BE27A09028A180492A17B27
:106BE000627B09028A180592217CE27B09028A18DD
:106BF0000692A17C627C09028A180792217DE27CC0
:106C000009028A180892A17D627D09028A180992F8
:106C1000227EE17D120252184FEA0E2E0A9237A808
:106C20005A4900227344FDF7B7FAF0E12179E2787E
:106C300009028A1894F802E063780092A1796279D7
:106C400009028A180192217AE27909028A180292CD
:106C5000A17A627A09028A180392217BE27A0902F8
:106C60008A180492A17B627B09028A180592217C12
:106C7000E27B09028A180692A17C627C09028A18CA
:106C80000792217DE27C09028A180892A17D627D2B
:106C900009028A180992217EE27D09024FEA0E2E2E
:106CA0008A180A927344002237A83949FDF774FA0A
:106CB000217FE27E09028A1894F81AE0637E00922E
:106CC000A17F627F09028A18019294F82010E27F66
:106CD00009028A18029294F8221094F821200902DD
:106CE0008A18039294F8241094F8232009028A1831
:106CF000049294F8261094F8252009028A18059227
:106D000094F8281094F8272009028A18069294F81B
:106D10002A1094F8292009028A18079294F82C1056
:106D200094F82B2009028A18089294F82E1094F8EF
:106D30002D2009028A18099294F8302094F82F1017
:106D4000120252184FEA0E2E0A9237A81049012259
:106D50007344FDF721FA5AE1A37862781B0237A841
:106D60000C499A18FDF718FA51E137A80A496278D8
:106D7000FDF712FA4BE1A378627837A8074942EA97
:106D80000322FDF709FA42E14F8802008C890200D4
:106D9000FE940200458C0200018802007E870200FA
:106DA000E2782379120442EA03626378217A1A4373
:106DB000E379207B1B0443EA0163617994F802C004
:106DC0000B43E17A94F806E0090441EA0061607A35
:106DD00042EA0C220143A07A43EA0E2341EA002151
:106DE0000091E17B207C090441EA0061607B014362
:106DF000A07B41EA00210191E17C207D090441EA68
:106E00000061607C0143A07C41EA00210291E17DA8
:106E1000207E090441EA0061607D0143A07D41EAD2
:106E200000210391E17E207F090441EA0061607E38
:106E30000143A07E41EA00210491E17F94F8200003
:106E4000090441EA0061607F0143A07F41EA00211B
:106E5000059194F8231094F82400090441EA006194
:106E600094F82100014394F8220041EA00210691A0
:106E700094F8270094F82810000440EA016094F880
:106E80002510014394F8260041EA0021079137A814
:106E90008249FDF781F9BAE0E2782379120442EAE7
:106EA00003626378217A1A43E379207B1B0443EA67
:106EB0000163617994F802C00B43E17A94F806E02B
:106EC000090441EA0061607A42EA0C220143A07A97
:106ED00043EA0E2341EA00210091E17B207C090472
:106EE00041EA0061607B0143A07B41EA00210191FE
:106EF000E17C207D090441EA0061607C0143A07CC3
:106F000041EA00210291E17D207E090441EA00610D
:106F1000607D0143A07D41EA00210391E17E207F55
:106F2000090441EA0061607E0143A07E41EA00213C
:106F30000491E17F94F82000090441EA0061607F38
:106F40000143A07F41EA0021059194F8231094F8B1
:106F50002400090441EA006194F82100014394F8F7
:106F6000220041EA0021069194F8270094F82810A5
:106F7000000440EA016094F82510014394F82600CB
:106F800041EA0021079137A84549FDF705F93EE0A0
:106F90000B2D3CD1A37862781B02D21837A8414947
:106FA000FDF7FAF82379E2781B02D21837A83E4998
:106FB000FDF7F2F8A37962791B02D21837A83B4992
:106FC000FDF7EAF8237AE2791B02D21837A838498C
:106FD000FDF7E2F8A27A637A120237A835499A18C7
:106FE000FDF7DAF813E0E37822791B0443EA026341
:106FF000627837A81343A2782F4943EA0222FDF7AB
:10700000CBF804E00022149201E0012313931099BD
:107010007B19FF297DF463A9159A01321592159BFE
:107020001B998B427DF453A9119A511C03D037A8A8
:107030002249FDF7B1F89DF89C3023B137A82049CB
:1070400027AAFDF7A9F8169B0A2B0CD800201D498A
:10705000ECF3A4F038B9139929B937A81A49139A4F
:10706000FF23FDF799F8389A002302F8013B449B6F
:107070001A9800931299189B3892FDF76DF8044600
:107080001298F0F317F201E06FF0010420463BB0D4
:10709000BDE8F08F01211391B9E700BFC28C020057
:1070A000FF8C02004F8F0200638F0200778F020077
:1070B0008B8F02009F8F02002C8E02001D90020019
:1070C000F4890200468902009C8702002DE9F04FF6
:1070D0008DB0059205468A4606A8002114229846DE
:1070E0000B91EBF3BFF1594B1C78002C40F0A380BF
:1070F0006B69232B0CDD1C22284621462346009475
:10710000F5F388F2002806DA01260227B14605E0E9
:107110000427012601E00C270326A1462846F5F3A3
:107120000BF20128834602D0022813D105E028463D
:107130005146EBF3CBF040000BE02846FCF7A1FFF3
:10714000044638B1FCF793FFC20503D52046FCF78F
:1071500093FF0B900B9800284ED0F0F399F1044662
:1071600000286ED0BBF1010F03D0BBF1020F1BD181
:107170000BE00B9B002101930290059A2846534691
:1071800000910391EBF3A0F00CE00B9A0CAB5208CA
:1071900043F8042D284601212246FCF7A6FF0B9B4D
:1071A0005B000B93002840D122884FF6FD73013A13
:1071B00092B29A4203D92046F0F37CF11CE0B9F177
:1071C000000F03D004EB4707069719E0E319628824
:1071D0000693A388A7F5805707EB12221B0602EB44
:1071E0001343E3180793E388DB19E3180893238913
:1071F000DF19E719099703E0154B002406930126D0
:10720000169A5046009206A932464346FDF716F8F4
:1072100050B9169B28461A68D8F8001001F038FDBE
:10722000D8F800200B4B1A6014B12046F0F342F15D
:10723000064A01231370169B0020C8F8000018604E
:1072400001E06FF01A000DB0BDE8F08F2961010078
:10725000608B02008893020030B51946039B049CA2
:1072600043B14CB100251D6025600394BDE830405A
:10727000FFF72CBF184630BD204630BD014B002221
:107280001A70704729610100F8B50C4F06463C683A
:107290008CB101250BE0284600212C46E6F7C6FFFD
:1072A00020B128463146E6F7BBFF04E001353B68D4
:1072B0009D42F0D900242046F8BD00BF2C6101009A
:1072C00010B5847801462046E6F7B0FF28B1204685
:1072D0000021E6F7A5FF002010BD4FF0FF3010BDE4
:1072E00070B50C4E0D46306880B90B49E6F798FF33
:1072F000012404E020460021E6F792FF01343368C0
:107300009C42F7D9034B28461D6070BD4FF0FF30FB
:1073100070BD00BF2C610100ADDEADDE064B1A680A
:10732000194632B1012300E001339342FCD9002316
:107330000B600020704700BF2C6101002DE9F04771
:107340000C46166882461546084684220021984657
:107350009DF82470EBF386F02046FFF795FFC0B24E
:10736000002832D0012323709DF82030A070003314
:1073700018BF0123E3703C233C2EB4BFB1464FF04D
:107380003C09A4F80E806770A381002615E05046E2
:1073900041463A46F0F390F030B96368002B0CBFD9
:1073A0006FF01A0000200BE0A3780136C370636809
:1073B000436123896060013323814E45E7DB002070
:1073C000238963812B60BDE8F0874FF0FF30BDE873
:1073D000F087F8B506460C4600250BE07B69304681
:1073E000636000237B61FB703946E278F0F386F03E
:1073F0000135ADB26768002FF0D1238920465B1BB1
:10740000238163895D1B6581FFF75AFFA770277091
:107410003846F8BD10B5C37C032B08D09C1D00EB8B
:10742000C40401336160A260C374002010BD4FF03A
:10743000FF3010BD2DE9F84311F01F0618BF0126DB
:1074400006EB511707F107094FEA890948460D462F
:1074500001F01F08F0F31CF0044600283BD0002187
:107460004A46BFB2EAF3FEF76780A580E580A460D4
:1074700021462246002303E04FF0FF3090610133A4
:107480000432BB42F8D356B14FF0FF3202FA08F88B
:107490007B1D04EB83035A6882EA08025A6017F0E6
:1074A0001F0318BF012307F01F0003EB57172780A6
:1074B000002203E04FF0FF358D6001320431BA4203
:1074C000F8D343B14FF0FF338340013704EB870714
:1074D0007A6853407B602046BDE8F8830846EFF3A6
:1074E000E9B7436B23B14FF47F629A60436B05E0C9
:1074F000836B4BB14FF47F629A60836B9868D0F1D5
:10750000010038BF0020704701207047034600206B
:1075100001E00130C0B25B08FBD170470B6843F457
:1075200040330B6008680B6800F4403023F44033AC
:107530000B60A0F54031484240EB0100704708B5B0
:10754000416B09B9816B21B1806AFFF7E7FF012028
:1075500008BD084608BD2DE9F047DDF820801F88EA
:10756000099D1046894614461E46394642462B461A
:10757000EFF38EF48246E8B1012313FA07F72B6884
:10758000013BDB19B3FBF7F35F43631EDB195F407D
:1075900017EA090F0ED02046FFF7B8FF308050469B
:1075A000EFF380F43188204642462B46BDE8F04791
:1075B000EFF36EB45046BDE8F08770B500230129A3
:1075C0000CBFB0F84620B0F86C2086B00493B0F839
:1075D0004430120101290446ADF816300D46806A88
:1075E00041F6FF7329D104AED4F8C410009604F11B
:1075F0005C060196994214BF4FF480314FF400515C
:1076000004F150060DF116030296FFF7A4FF0028BF
:1076100040D0BDF81630E26D15FA03F3511EC918BB
:10762000B1FBF3F14B43A3659B1A9BB2C018A4F8BE
:107630006030049BE06363662BE004ADD4F8CC10AB
:10764000009504F184050195994214BF4FF48031EF
:107650004FF4005104F178050DF116030295FFF780
:107660007AFFB8B1BDF81630012515FA03F3D4F846
:107670008420511EC918B1FBF3F14B43C4F880308C
:107680009B1A9BB2C018A4F88830049B2064C4F8ED
:107690008C30284606B070BDFFF78FBF2DE9F74F3D
:1076A0008DE803000EAEE02014469A460D9F96E842
:1076B000400ADDF84C80EFF3EBF60546002800F0B9
:1076C00079810021E022EAF3CDF69A4B0021B8F14E
:1076D000000F08BF98460A46C5F81C802046F4F300
:1076E0008BF70C9BC0F30030AB63934B03212B60F3
:1076F000002285F83000C5F834A02846EDF3F8F5EF
:10770000082205F120000199EAF384F7002385F8A7
:107710002730009BEC62AB62BBF1FF3F14BF5B46BE
:10772000CC23B9F1CC0F88BFC3EB0909C5F8983059
:10773000BDF84430A5F84670C5F89C309DF8483037
:10774000A5F86C60C5F8A0300C9BA5F89490002BB0
:1077500045D0AA6B1368D80704D523F00103136042
:10776000AA6B1360AB6B4FF0FF329A602046F4F3C4
:1077700045F740F63C03984212D1E86AF4F34EF71D
:10778000052809D0E86AF4F349F7082804D0E86A24
:10779000F4F344F70C2803D1AB6B4FF0FF329A603F
:1077A000AB6B9A681205120D1AB15A6842F00F02BB
:1077B00001E041F6FF72C5F8CC201A6802F4E0122D
:1077C000920C85F8B5201A6802F46002520D85F813
:1077D000BA201B6803F040731B0E85F8BB30BAF16A
:1077E000000F4DD06A6B1368D90704D523F001034D
:1077F00013606A6B13606B6B4FF0FF329A60E86A3C
:10780000F4F3FCF640F63C03984212D1E86AF4F334
:1078100005F7052809D0E86AF4F300F7082804D032
:10782000E86AF4F3FBF60C2803D16B6B4FF0FF32E0
:107830009A606B6B9A681205120D1AB15A6842F081
:107840000F0201E041F6FF72C5F8C420C5F8C82058
:107850001A6802F4E012920C85F8B6201A6802F455
:10786000E072920985F8B7201A6802F46002520D9E
:1078700085F8B8201B6803F040731B0E85F8B930FB
:1078800062680023012AC5F8A430C5F8AC3018D1CD
:10789000A268B2F5026F03D040F63C018A4202D1E1
:1078A0004FF0004303E04FF08042C5F8A420C5F834
:1078B000A830D5F8A430C5F8AC30D5F8A830C5F854
:1078C000B0302046F4F39AF640F62903984208D1E6
:1078D0002046F4F3A3F620B12046F4F39FF60228E5
:1078E0000FD92046F4F38AF640F6340398420CD1BF
:1078F0002046F4F393F620B12046F4F38FF60128E6
:1079000003D1002385F8313004E02846FFF717FE45
:1079100085F831002846FFF7E4FD85F8B40068B12A
:107920000D23FF2FA5F844300CD8FF2E09D80C23C7
:1079300005E000BF906101008C5001000423A5F810
:1079400044304FB1BC002046EFF3A2F5E86468B3C1
:1079500000212246EAF386F54EB1B4002046EFF34B
:1079600097F5686710B300212246EAF37BF527B14B
:1079700028460121FFF790FEC0B126B1284602211A
:10798000FFF78AFE90B1D5F8A4305BB195F831309D
:1079900043B9AB6DB3F1804F08D8D5F88030B3F15F
:1079A000804F03D8012385F8DD3003E02846EDF34E
:1079B000F9F400252846BDE8FE8F00BF10B5044647
:1079C000F5F38CF2002120460A46F4F315F6C304C1
:1079D00007D5204601F0DBFA00280CBF202040200C
:1079E00010BD202010BD2DE9F0470446266A09A9E4
:1079F000042E666A9DF82000CCBF06F4781606F4C3
:107A0000F01691E82202760C4FF000084BE031F8B6
:107A100028A01FFA83FCE24501EB880703D197F801
:107A200002C0844504D008F101085FFA88F83AE002
:107A3000002A35D006FB08F800252EE063692046B1
:107A4000222B0ADDE3695A0607D540F627010022FA
:107A5000F4F342F70146204600E000214FF4CC62E7
:107A6000F4F3DAF5056063692046222B0ADDE36949
:107A70005B0607D540F627010022F4F32DF70146F7
:107A8000204600E0002140F26462F4F3C5F509EB02
:107A9000880353F8253001350360EBB2B342CDD3F0
:107AA000F878BDE8F087A845B1D30020BDE8F0879D
:107AB0002DE9F84304461E46002B00F0B480436ACB
:107AC00002EB061503F4F8594FEA192955F8043C5E
:107AD000013E0BB900279FE020469847002800F0A0
:107AE0009E80F7E70122BA4055F8103C1A4200F098
:107AF000928063692046222B0ADDE3695A0607D586
:107B000040F627010022F4F3E7F60146204600E0A4
:107B100000214FF4C462F4F37FF5076015F90C2CD3
:107B200022B1012A19D0013275D144E0636920469F
:107B3000222B09DDE3695B0606D540F62701F4F345
:107B4000CBF60146204600E0002140F22462F4F327
:107B500063F555F8083C03605DE063692046222B1D
:107B60000ADDE369590607D540F627010022F4F340
:107B7000B3F60146204600E0002140F22462F4F30F
:107B80004BF563698046222B20460ADDE3695A06DD
:107B900007D540F627010022F4F39EF60146204661
:107BA00000E0002140F22462F4F336F555F8083C79
:107BB000026813432DE063692046222B0ADDE36946
:107BC0005B0607D540F627010022F4F385F601464F
:107BD000204600E0002140F22462F4F31DF56369C1
:107BE0008046222B20460ADDE369590607D540F678
:107BF00027010022F4F370F60146204600E0002140
:107C000040F22462F4F308F555F8082C036823EADF
:107C10000203C8F8003001374F457FF463AF103DD1
:107C2000002E7FF453AFBDE8F883000070B59D4986
:107C300004460020EBF38EF2002800F03181002092
:107C40009849EBF387F2974905460020EBF382F25F
:107C5000944906460020EBF37DF215F0006500F034
:107C6000AC804FF40012002113462046E6F741FD98
:107C70000222062113462046F4F344F663692046A7
:107C8000222B0ADDE3695A0607D540F627010022B8
:107C9000F4F322F60146204600E000214FF4C162D1
:107CA000F4F3BAF40668002506F480761BE04FF47E
:107CB0007A70EFF3DBF063692046222B0ADDE3697B
:107CC0005B0607D540F627013246F4F305F6014678
:107CD000204600E000214FF4C162F4F39DF40668F1
:107CE000013506F480761EB9B5F57A7FDFD170BD17
:107CF000B5F57A7F00F0D4804FF47A70EFF3B6F0E8
:107D00000822062113462046F4F3FCF50023062141
:107D100004222046F4F3F6F54FF47A70EFF3A6F060
:107D200063692046222B0ADDE369590607D540F630
:107D300027010022F4F3D0F50146204600E000219F
:107D40004FF4C062F4F368F40568002605F00105FD
:107D50001BE04FF47A70EFF389F063692046222B21
:107D60000ADDE3695A0607D540F627010022F4F33D
:107D7000B3F50146204600E000214FF4C062F4F361
:107D80004BF40568013605F001051DB1B6F57A7FA3
:107D9000DFD102E0B6F57A7F03D120460621082222
:107DA00079E029464FF480122B462046E6F7A1FCE5
:107DB0002046062101222B466EE0730170D54FF458
:107DC0008012134629462046E6F793FC012206213D
:107DD00013462046F4F396F54FF47A70EFF346F02D
:107DE0000422062113462046F4F38CF506210822CE
:107DF0002B462046F4F386F54FF47A70EFF336F015
:107E000063692046222B0ADDE3695E0607D540F64A
:107E100027012A46F4F360F50146204600E00021E0
:107E20004FF4C062F4F3F8F30668002506F001068B
:107E30001BE04FF47A70EFF319F063692046222BB0
:107E40000ADDE369590607D540F627013246F4F307
:107E500043F50146204600E000214FF4C062F4F3F0
:107E6000DBF30668013506F001061EB9B5F57A7F29
:107E7000DFD102E0B5F57A7F03D120460621042246
:107E800009E000214FF400120B462046E6F731FCD2
:107E90002046062102220023BDE87040F4F332B5EB
:107EA00070BD00BF6853010046F29053994210B56F
:107EB000044609D049F21823994207D0B1F5964FEC
:107EC0000CBF1F23002302E02A2300E03C230521EE
:107ED000FF222046E6F779FC4FF400020621134604
:107EE0002046E6F73CFC1E20EEF3C0F720460621B4
:107EF0004FF400020023BDE81040E6F730BC00005C
:107F0000F0B5036A466A042BCCBF06F4781606F473
:107F1000F01685B00446760C00253BE0102168463B
:107F20001F4A2B46EAF304F300206946EBF336F1CF
:107F300000282ED000210A46EAF3CCF663690746F2
:107F4000222B20460ADDE369590607D540F62701B2
:107F50000022F4F3C1F40146204600E000214FF472
:107F6000CC62F4F359F3056063692046222B0ADDE5
:107F7000E3695A0607D540F627010022F4F3ACF472
:107F80000146204600E0002140F26462F4F344F32D
:107F900007600135EBB2B342C0D305B0F0BD00BFFE
:107FA000D5950200F0B5036A85B0042B0446466AF5
:107FB00003DD06F0F866B60D02E006F0F076760D09
:107FC00000253BE0102168461F4A2B46EAF3B0F239
:107FD00000206946EBF3E2F000282ED000210A468B
:107FE000EAF378F663690746222B20460ADDE36947
:107FF0005A0607D540F627010022F4F36DF4014636
:10800000204600E000214FF4CB62F4F305F3056055
:1080100063692046222B0ADDE3695B0607D540F63B
:1080200027010022F4F358F40146204600E0002125
:1080300040F25C62F4F3F0F207600135EBB2B34258
:10804000C0D305B0F0BD00BF0C990200F0B5036AC3
:1080500085B0042B0446466A01DDF60E02E006F008
:10806000F056760E00253BE0102168461E4A2B464E
:10807000EAF35EF200206946EBF390F000282ED080
:1080800000210A46EAF326F663690746222B2046BA
:108090000ADDE3695B0607D540F627010022F4F309
:1080A0001BF40146204600E000214FF4CA62F4F3BD
:1080B000B3F2056063692046222B0ADDE3695906A5
:1080C00007D540F627010022F4F306F401462046C6
:1080D00000E0002140F25462F4F39EF207600135A3
:1080E000B542C1D105B0F0BD1B99020000487047F0
:1080F000C0AD3A022DE9F04304460F4685B000209A
:10810000904915461E46EBF325F060B920463946E6
:1081100015B1FFF7EBFF07E0FFF7E8FF4FF47A75C3
:10812000B0FBF5F500E0054600208749EBF312F0BF
:1081300000F00F00012808D0022809D0834B844AA0
:10814000032814BF9146994604E0DFF8149201E039
:10815000DFF8109229462046FFF7A6FE2046F4F3EA
:1081600055F2002180462046F5F300F0794B024697
:10817000002E4BD101930323029339462046324609
:108180002B460096CDF80C90FFF72DFC07460028F3
:1081900037D063692046222B0ADDE3695B0607D5E9
:1081A00040F627013246F4F397F30146204600E0FB
:1081B00000214FF4C062F4F32FF20268BF004FF6C3
:1081C0008373134007F07C0205F17F07FF09013F2D
:1081D00042EA07471F4363692046222B0ADDE36911
:1081E000590607D540F627010022F4F375F301463E
:1081F000204600E000214FF4C062F4F30DF2076066
:1082000096E029465448EAF353F192E000218DE8C4
:108210000A0003230293204639462B46CDF80C90E2
:10822000FFF7E1FB002D00F083802046E6F774F8AD
:10823000064606E0AB4203D16369222B07DC12E05D
:108240000C36002E74D03388002BF3D170E0E36934
:108250005A0608D540F6270120460022F4F33CF3E5
:108260000146204601E0204600214FF4C062F4F3AD
:10827000D3F10268B37802F07C02B3EB920F57D0CF
:108280003579F3782D061B0505F0706503F470034E
:1082900000214FF07F622B432046E6F796FA737970
:1082A00002211B052D4A43F400332046E6F78DFAE0
:1082B000B3686FF07F42032113402046E6F785FA4A
:1082C00063692046222B0ADDE3695B0607D540F689
:1082D00027010022F4F300F30146204600E00021CC
:1082E0004FF4C062F4F398F102684FF68373358857
:1082F0001340B2787F35ED119200013D02F07C020F
:1083000042EA05451D4363692046222B0ADDE369E5
:108310005E0607D540F627010022F4F3DDF20146A0
:10832000204600E000214FF4C062F4F375F10560CF
:10833000012620464146F4F319F7304605B0BDE862
:10834000F08300BFEC950200745301008C510100D2
:108350000C52010006970200A39502000000FE1FC8
:1083600080530100F85301002DE9F04399468BB08A
:108370000023079308930993036A476A042BCCBF31
:1083800007F4781707F4F01704460D4690467F0C63
:1083900000260CE0102103A8334A3346EAF3C8F064
:1083A000002003A9EAF3FAF620B90136F6B2BE427C
:1083B000F0D34EE008AB009309AB01932046294669
:1083C000424607ABE6F7C0FB012329464A46204652
:1083D000FFF790FE20462946FFF792FD236A012B06
:1083E0002CDD63692046222B0ADDE3695E0607D592
:1083F00040F627010022F4F36FF20146204600E028
:1084000000214FF4C062F4F307F163690646222BA2
:1084100020460ADDE369590607D540F62701002208
:10842000F4F35AF20146204600E000214FF4C06206
:10843000F4F3F2F0036843F480633360089B204652
:108440000093099B294601934246079BE6F7D4F81F
:1084500007E0204629464A460023FFF74BFE002846
:10846000A8D10BB0BDE8F083D59502002DE9F04FFF
:10847000002587B004460E4604950595F4F3C6F032
:10848000294683462046F4F371F6A14982462846E0
:10849000EAF384F648B1012384F8603329462A467A
:1084A000EAF318F4C4F85C0301E084F860030020E8
:1084B0009849EAF373F648B10123002184F8683340
:1084C0000A46EAF307F4C4F8640301E084F8680399
:1084D0002046F3F3F5F7904B676A98428F4B94BFB1
:1084E00020252125A3F1080898BF984607F4F857DE
:1084F0003F0A08EBC50863692046222B0ADDE369C1
:108500005A0607D540F627010022F4F3E5F10146AB
:10851000204600E000214FF4C462F4F37DF018F827
:10852000083C013D036063692046222B0ADDE369B4
:108530005B0607D540F627010022F4F3CDF1014692
:10854000204600E000214FF4C562F4F365F058F8CE
:10855000043CA8F108080360002DCCD147E00821B5
:1085600002A86F4A2B46E9F3E3F7002002A9EAF3D9
:1085700015F600283AD000210A46EAF3ABF3236A45
:1085800080460C2B07DDB0F5803F04D2C3B24FEA22
:10859000102843EA084863692046222B0ADDE36974
:1085A000590607D540F627010022F4F395F101465C
:1085B000204600E000214FF4C462F4F32DF0056082
:1085C00063692046222B0ADDE3695A0607D540F687
:1085D00027010022F4F380F10146204600E000214B
:1085E0004FF4C562F4F318F0C0F800800135BD42C5
:1085F000B5D1204631464B4A1F23FFF759FA0025D3
:108600003EE00821484A2B4602A8E9F391F70020F2
:1086100002A9EAF3C3F58146002830D063692046F9
:10862000222B0ADDE3695B0607D540F6270100220D
:10863000F4F352F10146204600E000214FF4C462F9
:10864000F3F3EAF7056063692046222B0ADDE3694C
:10865000590607D540F627010022F4F33DF1014603
:10866000204600E0002140F22462F3F3D5F7002118
:1086700080460A464846EAF32DF3C8F80000013563
:10868000BD42BED1204604A905AAE5F70FFF049F0D
:1086900052463B463146002520460095E5F752FEFE
:1086A000384304902046F4F347F4059A049B002ACB
:1086B0003CD01A4363690592222B20460ADDE36908
:1086C0005A0607D540F627012A46F4F305F101467C
:1086D000204600E0002140F21C62F3F39DF763693D
:1086E0000546222B20460ADDE3695B0607D540F6E6
:1086F00027010022F4F3F0F00146204600E00021BB
:1087000040F21C62F3F388F7059B02683AE000BF71
:10871000C595020000970200BFAD3A020096020024
:10872000E79502001C970200E2950200002B2BD077
:1087300063692046222B09DDE369590606D540F618
:108740002701F4F3C9F00146204600E0002140F281
:108750001C62F3F361F763690546222B20460ADDAC
:10876000E3695A0607D540F627010022F4F3B4F076
:108770000146204600E0002140F21C62F3F34CF772
:10878000049B026813432B60049BABB163692046D2
:10879000222B0ADDE3695B0607D540F6270100229C
:1087A000F4F39AF00146204600E000214FF4C36242
:1087B000F3F332F7049B0360059BABB1636920467A
:1087C000222B0ADDE369590607D540F6270100226E
:1087D000F4F382F00146204600E0002140F21C62E2
:1087E000F3F31AF7059B0360314652462046E6F73D
:1087F0007EF94FF4FA60EEF339F320465946F4F36C
:10880000B5F407B0BDE8F08FF8B5044615460E463E
:10881000F3F3FCF6002107462046F4F3A7F43146B3
:1088200002462B462046FFF79FFD204631462A464A
:10883000E5F7D8FD20463946BDE8F840F4F396B494
:1088400038B5036A0446012B2DD14369222B0ADD7A
:10885000C3695A0607D540F627010022F4F33CF01D
:108860000146204601E0204600214FF4C062F3F3A8
:10887000D3F663690546222B20460ADDE3695B06D1
:1088800007D540F627010022F4F326F001462046E2
:1088900000E000214FF4C062F3F3BEF6036823F456
:1088A00000732B6038BD2CDD4369222B0ADDC369C0
:1088B000590607D540F627010022F4F30DF00146D2
:1088C000204601E0204600214FF4C062F3F3A4F6F5
:1088D00063690546222B20460ADDE3695A0607D55F
:1088E00040F627010022F3F3F7F70146204600E0A7
:1088F00000214FF4C062F3F38FF6036843F4007372
:108900002B6038BD70470120704738B505460C46CE
:10891000FFF79CFB284621460022FFF7F3FF28467D
:108920002146BDE83840FFF781B9000038B504465C
:108930000D4600203149EAF331F440B100210A46E6
:10894000EAF3C8F12946C3B20122204603E02046DB
:10895000294601220523E5F78BFF00202849EAF389
:108960001DF448B100210A46EAF3B4F12946C3B226
:1089700009222046E5F77CFF00202249EAF30EF4A5
:1089800048B100210A46EAF3A5F12946C3B20522FF
:108990002046E5F76DFF00201B49EAF3FFF348B1DD
:1089A00000210A46EAF396F12946C3B20622204680
:1089B000E5F75EFF002120464FF478624FF43863FC
:1089C000E5F7CDFE002120464FF460424FF42043EE
:1089D000E5F7C5FE4FF4C022002113462046E5F717
:1089E000BEFE0122002120461346E5F7B8FE2046D0
:1089F0002946BDE83840FFF7D5BA00BF12970200FC
:108A0000DB95020012990200CA95020038B5036A8C
:108A10000446092B69DD4369222B0ADDC3695B0625
:108A200007D540F627010022F3F356F7014620460A
:108A300001E0204600214FF4C062F3F3EDF5026837
:108A400012F0010253D163692046222B09DDE3694C
:108A50005D0606D540F62701F3F33EF701462046B2
:108A600000E0002140F26C62F3F3D6F54FF00043D2
:108A700003604FF47A70EEF3F9F163692046222B1C
:108A80000ADDE369590607D540F627010022F3F312
:108A900023F70146204600E0002140F26C62F3F328
:108AA000BBF505686369ED04ED0C222B20460ADD59
:108AB000E3695A0607D540F627010022F3F30CF7C5
:108AC0000146204600E0002140F26C62F3F3A4F579
:108AD0006D030023036005F54245064805F5A875BA
:108AE000B5FBF0F56420684338BD002038BD002098
:108AF00038BD00BFA086010038B500210546102012
:108B0000E3F7A0FF002104461022E9F3ABF465600F
:108B1000204638BD08B1E4F71DB8704710B50446CB
:108B2000E4F706F96060E0602068E7F716FA63682A
:108B3000A0F50060206118180123A060237610BD05
:108B400038B50546F4F3CAF11C20EEF3A1F4084C45
:108B500000211C222060E9F385F420680560FFF7FE
:108B6000DDFF044922682846BDE83840E6F726BC08
:108B700090040000D93F00002DE9F84F0C46F4F3B3
:108B8000ADF141F20100E568EEF382F400287CD0FB
:108B900000F1010C064620E001321970D2B24346C2
:108BA00039783D460137C1B13D2903F10108F3D1C0
:108BB000327029464646002203E001323770D2B2B5
:108BC000664611F8017FC3EB0508B04406F1010CBD
:108BD000002FF2D11A7008F10105E768A368FB18AD
:108BE0009D4205D22B781BB12F4663460022D7E762
:108BF00025460123E2688346BA1A2A823BE0594699
:108C000011F8012B9A4202D14FF0000C0AE0102B10
:108C10002AD10F2AF8DC27E01BF8018F07F80C8017
:108C20000CF1010C6245F7D101EB0208895C07EBFE
:108C3000020C4FF03D0907F8029008F1010B0CF10E
:108C4000010701F10109002203E018F802A00CF865
:108C500002A001324A45F8D17A184FF0000C07F80B
:108C600001C08B44571C06E011F802B001EB020C66
:108C70000BF1010BE344B345C1D301330235112B92
:108C8000B8D1BDE8F84FEEF315B4BDE8F88F000099
:108C9000F8B50E4617460446F4F320F13020EEF303
:108CA000F7F3054668B1C660074E3023436033686A
:108CB0008760036029462046FFF75EFF356000208D
:108CC000F8BD6FF01A00F8BD9404000008B5064B1B
:108CD0001B683BB9054B196821B1054B1A680AB1ED
:108CE000FFF7D6FF002008BD94040000985C010047
:108CF0009C5C0100F8B5104B07461C681E46BCB1D1
:108D0000E3689BB10D4D2A689A420FD1F4F3E6F067
:108D1000E068EEF3CFF300232B6007E038462568C8
:108D2000F4F3DCF02046EEF3C5F32C46002CF5D12D
:108D300000233360F8BD00BF940400008893020054
:108D400073B5856E04466DB1D0F8CC3000EB83036B
:108D5000D3F8D420036E9A4203D1406EA84705464B
:108D600000E000252046F3F351F4002302A941F866
:108D7000083D06466946204601AA0DF0C1FE9DE861
:108D800006004FF4FF20E9F3E9F220463146F4F300
:108D9000EDF1E36E5BB1D4F8CC2004EB8202D2F8A3
:108DA000D410226E914202D1606E294698477CBD54
:108DB000F8B50446F0F3BAF000284FD0A56E6DB1B7
:108DC000D4F8CC3004EB8303D3F8D420236E9A423A
:108DD00003D1606EA847054600E000252046F3F366
:108DE00015F4002107462046F4F3C0F101210646A0
:108DF00000222046F0F3BAF04FF480110A462046D4
:108E0000F0F396F040210A462046F0F3A5F04FF02B
:108E100080710A462046F0F38BF02046FFF790FF62
:108E20000F4B0121C6F804354FF4FC73C6F8083522
:108E30000A462046F0F39AF020463946F4F396F1BC
:108E4000E36E5BB1D4F8CC2004EB8202D2F8D410EC
:108E5000226E914202D1606E29469847F8BD00BF4C
:108E6000F200394001207047C36B44F258329342FC
:108E70000DD004D844F25632934218D112E04AF68B
:108E80002E22934208D04AF62F2293420FD1C0F8E7
:108E900084334AF6322303E0C0F884334AF63123A0
:108EA000C3637047C0F8843344F25433C3637047DC
:108EB00038B541F2E443044603630D4629B1084640
:108EC0000F49EAF347F1A06240B928460D49EAF399
:108ED00041F1A06210B94FF6FF73A3620A49284618
:108EE000EAF338F10949E0622846EAF333F1084928
:108EF00060632846EAF32EF184F8550038BD00BFC0
:108F00002D990200239902006499020043990200FE
:108F10004E9902007047000030B585B001900024E2
:108F200004A840F8044D01A90422E9F317F2019DB9
:108F3000B5B12B46D3F88C2012B10022C3F88C2097
:108F400001340433102CF5D10398FEF797F90398F8
:108F5000FFF7D0FE034B9D4202D02846EEF3AAF263
:108F600005B030BDE46101000367D0F8CC3010B526
:108F700000EB8303029CD3F8D43044668166C2665A
:108F8000036610BD00238366C3660367704780696C
:108F9000C0F3C06070472DE9F84304461E46089DA3
:108FA000099FFAF761FC00212046F4F3DFF08046C8
:108FB0002046F3F333F30A28C8BFD8F82C30606199
:108FC000C8BFA3642228D8F80430C8BFD8F8AC20A2
:108FD000A361C8BFE261DA001CD5222814DDE36971
:108FE0005B0611D50022204640F62701F3F374F406
:108FF00001462046F4F3BAF0D0F80436002163624B
:109000002046F4F3B3F002E0D8F80436636294F833
:10901000243023624FF4E063A3604FF0FF33E3603A
:1090200011232361A1464FF0000817E04146F4F3F5
:109030009DF02046F3F3E2F22046F3F3EFF21EB187
:10904000D9F814319E4203D0D9F88C309F4201D117
:10905000C5F8008008F1010809F10409D4F8D030FE
:1090600020469845E2D32968F4F380F00120BDE85A
:10907000F883F7B5002213460D4601210446E5F7B3
:1090800038FB0021282207460B4620460091F3F3C7
:10909000C1F20646280709D0204601210622F3F333
:1090A00067F6204602210622F3F362F615F0F00F70
:1090B00004D0204600210222F3F35AF615F4706F13
:1090C0000ED0204600210122F3F352F601210A4678
:1090D0002046F3F34DF6204602210122F3F348F631
:1090E00001213B4620464FF0FF32E5F702FB2046C8
:1090F000002128224FF0FF330096F3F38BF2FEBDE0
:109100000020EAF327B0000010B50C490446FFF731
:10911000F7FF80B288B9D4F880000849EAF31AF062
:1091200080B250B9D4F880000549EAF313F04FF645
:10913000FF7380B2002808BF184610BD6D99020069
:109140007B990200436907B50A2B09DD003118BF7E
:1091500001210091242200210123F3F35BF201E0BD
:109160004FF0FF300EBD07B50021F8220B460091ED
:10917000F3F350F200F00F000EBD00002DE9FF47A1
:10918000DDF830809246DDF834900F464FF463727C
:10919000002104461E460E9DB8F1010F08BF4FF096
:1091A0000008E9F35FF111232361C4F88860C4F873
:1091B0005C90C4F858A0C4F80480B8F1000F40F0E7
:1091C000C580204641463A464B46FFF74BFE0028F5
:1091D00000F0C0804FF0C0531A68130F02F47021E2
:1091E000236093B202F47002120D626444F25832AA
:1091F000090C9342E36321640AD004D844F2563246
:10920000934208D104E0A3F52A432E3B012B02D858
:109210002046FFF729FE636C20460E3B012B8CBFD6
:109220000023012384F84C304FF0C0513A46FAF73E
:1092300093F9D4F8D030002B00F08A80002704ABDB
:1092400043F8047D8DE8480020464FF0C0513A466F
:109250003B46FFF7A0FE00287CD02046FFF736FDF6
:109260000F9B00950193204639463246A36DFDF7CA
:10927000F3FF002870D105B12D683A4E20462946EB
:10928000FFF716FE3278002A42D16369132B19DDED
:109290004FF400612046F3F35BF733490746284655
:1092A000E9F37CF738B128462F49E9F353F7B0F1D9
:1092B000FF3F08BF00200023BB650399F8652046E7
:1092C000F3F354F72046A16DFFF7BAFA2046A16DDB
:1092D000FFF71BFB28462549E9F33CF7024620B976
:1092E0002046A16DFFF792FB0246C4F88823A16DCA
:1092F0002046FFF789FA2046FFF75AFD2046A16D68
:10930000FFF7B4F82046A16DFFF710FB012333707F
:109310002046F3F3E1F528461549E9F33FF738B164
:1093200013492846E9F316F701462046FFF7A1FE48
:1093300028461049E9F332F778B128460D49E9F398
:1093400009F701462046FFF7E5FD06E0002404E0AA
:109350001C4602E0044600E03C46204604B0BDE85E
:10936000F08700BFE06101003E9902005B990200B6
:1093700073990200349902001FB50F4C02462378FE
:10938000BBB910B90346014601E00C4B191D002082
:109390000090019002930391094844F210714FF03C
:1093A000C053FFF7EBFE28B1064B20221A600123C1
:1093B0002370034804B010BD7065010064620100B1
:1093C000E4610100A00400002DE9FF4707464FF4C7
:1093D0006370884691469A460D9E0E9DEEF358F0B6
:1093E0000446C8B10C9B3946019342464B46CDF822
:1093F00000A002960395FFF7C1FE074620B920465C
:10940000EEF358F03C4607E006B13668C4F88060D9
:1094100005B12D68C4F88450204604B0BDE8F0873B
:1094200070B5064686B04FF4BC70EEF331F00446DA
:10943000E8B100214FF4BC72E9F314F00D4B266043
:1094400000930D4B0025019330680C490C4A2346CC
:10945000029503950495059500F0D8FE30B94FF4B8
:109460009663C4F8603184F8640100E02C4620461D
:1094700006B070BDA53881005D3D8100D8D288005E
:109480003CC5890010B5044650B103680549186809
:10949000224600F060FE2046BDE81040EEF30AB020
:1094A00010BD00BF3CC589002DE9F041054686B0DE
:1094B0008020EDF3EDF70446002844D000218022FF
:1094C000E8F3D0F704236360B4232560A381A046AA
:1094D000C5F85847274600260EE01C2202FB06422C
:1094E0003C61A8681B4910320023FAF36DF338621F
:1094F0001C3700282BD0013663689E42EDDB164BEB
:109500001649009300230193029303930493059358
:109510002868134A234600F079FEC0B913E0D8F852
:10952000201031B123689868FAF336F30023C8F8A5
:109530002030013508F11C0863689D42EFDB2046AE
:10954000EDF3B8F70024204606B0BDE8F081002511
:10955000F2E700BF49488100A94681007CD388001A
:109560007F3F890070B5044600281ED003680F496C
:109570001868224600F0EFFD254600260DE0296A16
:1095800029B123689868FAF307F300232B62E8698E
:1095900008B1EDF38FF701361C3563689E42EEDBB0
:1095A0002046BDE87040EDF385B770BD7F3F890070
:1095B00010B50446C06F08B1FFF764FFD4F884000B
:1095C00008B107F0C1FED4F8800008B1FFF7CAFF68
:1095D000D4F8B00008B100F013F9A06808B101F0A8
:1095E000E3F92046BDE81040EDF364B72DE9F04FF4
:1095F00007468DB0B8208A4690461D46179EEDF36B
:1096000047F70446002800F0A0804FF0000B00212F
:10961000B822E8F327F7266084F88CB03846FFF7C5
:109620006BFA0BABC4F8A8B02A46019006938146AA
:1096300041F2E44120463346CDF800B0CDF808A011
:10964000CDF80C800494CDF814B001F05DFA054615
:10965000002875D0A06010F06FDA2B691021E3604C
:109660003C4B6060A3643C4A3346276164643846DF
:10967000E8F35EF72B69D86FF2F356F749F69813C3
:1096800098422B69D86F06D8F2F34EF708210346AB
:10969000324A09A805E0F2F347F7314A03460821A8
:1096A00009A8E8F345F7314609AA2E4B2E48E8F3FE
:1096B000FFF63246002016992C4B8DE88001F8F712
:1096C000A9FB064600283BD16368012783F8787020
:1096D00008210A46286930F0D5DA36213A46D5F80D
:1096E0009802EFF730FD2846FFF7DEFEC4F8800051
:1096F00030B3284607F0F6FDC4F8840000B32846CE
:10970000FFF78EFEE067D8B16368194983F8E0700F
:10971000184B02968DE84800039604960596286833
:10972000154A234600F072FD50B9284600F032F881
:10973000C4F8B00020B111482146EDF3A9F120B1E1
:1097400020464946FFF734FF002420460DB0BDE80F
:10975000F08F00BFBD888100DB550100E05501009E
:109760004D4989004039010081990200FD8D810039
:109770002CD58800198A810058FB8900F589810061
:1097800001207047024B01221A70E3F763BA00BF51
:10979000FC03000070B5064686B02020EDF37EF68F
:1097A0000446F0B100212022E8F35CF64FF4E153C7
:1097B000E3804B2323810A2363810E4B266000251F
:1097C000009330680C490D4A234601950295039594
:1097D0000495059500F01AFD30B93368012283F82D
:1097E0006321204606B070BD2046EDF363F62C469B
:1097F000F7E700BF7D9A81008CD58800C04B8900B7
:1098000010B5044678B1FBF309F3236822461868C3
:10981000054900F0A0FC2046EDF34CF62368002239
:109820001B6883F8632110BDC04B89000368D3F81F
:10983000D42041F26B03116B99420BD1936AEF2B49
:1098400028D001D8D62B04E0F52B23D040F20F11FD
:109850008B421FD0936A40F2C65293421AD040F214
:109860007452934216D0036A7F2210E0482283F894
:10987000FD2006E002F0C002921102EB810183F8A4
:10988000FD10036A93F9FD20142A0BDC482283F8AB
:10989000FD207047036A93F8FD104AB2B2F1FF3F12
:1098A000E8D1E3E77047D0F8E81110B5044629B1D4
:1098B0008068FAF371F10023C4F8E831D4F800129B
:1098C00029B1A068FAF368F10023C4F80032D4F893
:1098D0008434D3F8301139B1A068FAF35DF1D4F8CB
:1098E00084340022C3F83021D4F8501329B1A06881
:1098F000FAF352F10023C4F85033D4F8541529B1C7
:10990000A068FAF349F10023C4F85435D4F8F415EB
:1099100029B1A068FAF340F10023C4F8F435D4F873
:10992000C41729B1A068FAF337F10023C4F8C4378B
:1099300010BD10B50446006807F0D8F8D4F88006CA
:1099400020B106F021F80023C4F88036D4F87C0654
:1099500020B106F049FA0023C4F87C36D4F89C0103
:1099600020B108F089FE0023C4F89C31D4F88C01A2
:1099700020B101F025FE0023C4F88C31D4F8400159
:1099800020B102F069FF0023C4F84031D4F854013B
:1099900020B1FEF3FFF30023C4F85431D4F83001B2
:1099A00020B102F019FC0023C4F83031D4F834019E
:1099B00020B102F0C1F90023C4F83431D4F83801E1
:1099C00020B102F01BFB0023C4F83831204602F01E
:1099D000D5FAD4F84C0120B106F0BAFA0023C4F845
:1099E0004C31D4F8480120B108F078FD0023C4F8C8
:1099F0004831D4F8440120B106F032F90023C4F80C
:109A00004431D4F85C0120B108F016FA0023C4F800
:109A10005C31D4F82C3113B10023C4F82C31D4F8C4
:109A2000600120B104F0B4F90023C4F8603120468D
:109A300008F0AAFA204605F09FFFD4F8500120B1A3
:109A400005F0FAFF0023C4F85031D4F8700120B1BA
:109A500001F09EFC0023C4F87031D4F8780120B1E5
:109A600004F0A8FC0023C4F87831D4F87C0120B1BC
:109A700007F06CFE0023C4F87C31D4F8740120B1E7
:109A800008F072FD0023C4F87431D4F8840120B1C9
:109A900001F01CFC0023C4F88431D4F8880120B103
:109AA00004F0E2FB0023C4F88831D4F8780420B134
:109AB00007F0F4FC0023C4F87834D4F87C0420B117
:109AC00007F02EFD0023C4F87C34D4F8800420B1C4
:109AD00007F0C0FD0023C4F88034D4F8940120B10D
:109AE00008F0A2FE0023C4F89431D4F8640820B131
:109AF00008F0F6FE0023C4F86438D4F8F80620B164
:109B000008F040F90023C4F8F836D4F89C0620B1D8
:109B100004F0E2FE0023C4F89C36D4F8A00620B17D
:109B200001F060FD0023C4F8A036D4F8CC0620B1C3
:109B300004F0BAFE0023C4F8CC36D4F8D40620B121
:109B400004F0F4FC0023C4F8D436D4F8D00620B1D5
:109B500008F084FA0023C4F8D036D4F8600820B1A5
:109B600007F0D6FE0023C4F86038D4F8DC0620B134
:109B700007F0FEFB0023C4F8DC36D4F8BC0608B1BD
:109B800005F081FDD4F8C00608B105F07CFDD4F8DD
:109B9000A00120B103F0F8FE0023C4F8A031D4F8EE
:109BA000F00620B106F0C2F90023C4F8F036D4F86C
:109BB000300720B1EDF37EF40023C4F83037D4F839
:109BC000A40620B105F03AFD0023C4F8A436D4F869
:109BD000940620B104F070FF0023C4F89436D4F842
:109BE000240120B108F06CF80023C4F82431D4F823
:109BF000280120B103F0A6FD0023C4F82831D4F8D1
:109C0000880420B106F0A8FA0023C4F88834D4F8F8
:109C1000E80520B104F0D2FD0023C4F8E835D4F8FB
:109C2000380620B1F9F7CEFF0023C4F838362046B5
:109C3000BDE8104004F0D4BB70B5D0F8843405689A
:109C400001220446A3F89020D5F8D8003C49E9F356
:109C5000A5F240B1D5F8D8003949D4F88464E9F3C5
:109C600079F2A6F89000D4F884346422A3F84A204C
:109C7000D5F8D8003349E9F391F240B1D5F8D800CE
:109C80003049D4F88464E9F365F2A6F84A00D4F8C0
:109C900084346422A3F84C20D5F8D8002A49E9F38B
:109CA0007DF240B1D5F8D8002749D4F88464E9F3AF
:109CB00051F2A6F84C00D4F884346422A3F8922020
:109CC000D5F8D8002149E9F369F240B1D5F8D800B8
:109CD0001E49D4F88464E9F33DF2A6F89200D4F862
:109CE00084340122A3F89620D5F8D8001849E9F366
:109CF00055F240B1D5F8D8001549D4F88464E9F399
:109D000029F2A6F89600D4F884340422A3F89E2001
:109D1000D5F8D8000F49E9F341F240B1D5F8D800A1
:109D20000C49D4F88464E9F315F2A6F89E00D4F83F
:109D300084346422A3F894200122A3F8982070BDF3
:109D4000079A0200239A0200E3990200749B020022
:109D5000CD990200B5990200F7B5036A044693F95C
:109D6000FC00421C2CD0236893F87C200A2A02D8DD
:109D7000FEF308F225E0D3F8D85014492846E9F359
:109D8000E9F113498DF804002846E9F3E3F111499C
:109D90008DF805002846E9F3DDF100258DF8060071
:109DA0002E4601AF7857FEF3EDF176B2E855013556
:109DB000B042A8BF0646032DF6B2F2D1304600E00D
:109DC0000820236A83F8FC00FEBD00BFF59902005D
:109DD000FB990200019A02000368D0F8842470B550
:109DE000D3F8D8500323D371D0F8842404461372D7
:109DF000D0F88424444982F8AD30D0F88424284631
:109E000082F8AE30E9F3A6F140B220B928463F49C6
:109E1000E9F3A0F140B2431E0E2B0CD80128D4F870
:109E2000842401D1002302E0022804D10123D3714C
:109E3000D4F884241372D4F8843493F81C210AB122
:109E40000322DA7132492846266AE9F383F186F85B
:109E5000FC002046FFF780FF2E492846266AE9F3DA
:109E600079F186F8FD002046FFF7E0FC236A93F8BD
:109E7000FD2083F8FE20216841F26B02D1F8D43036
:109E8000186B904229D1226A92F9FC00082824DC40
:109E90009B6AD12B12D0E92B10D0902B0ED08B2B9C
:109EA0000CD08D2B01D10D2315E0932B0AD1B1F8E5
:109EB0007A301B051B0DB3F5826F01DC18230AE015
:109EC0001B2308E08E2B01D1102304E0D62B01D0F8
:109ED000E42B02D1172382F8FC30236840F274523D
:109EE000D3F8D4309B6A934203D040F2C6529342D7
:109EF00007D1236A93F9FC20082A02DC172283F891
:109F0000FC20012070BD00BF579A02001F9A02007A
:109F1000959B0200519A020010B504461C498068C6
:109F200022460023F9F350F6C4F8E80170B3A068A4
:109F3000184922460023F9F347F6C4F8000228B373
:109F4000A068154922460023F9F33EF6C4F85003F1
:109F5000E0B1A068114922460023F9F335F6C4F8B0
:109F6000540598B1A0680E4922460023F9F32CF657
:109F7000C4F8F40550B10023A0680A492246F9F359
:109F800023F6C4F8C407003018BF012010BD00BF7D
:109F9000713D82005D01820075EF81001DFD810031
:109FA000CD378200A5CF810070B5FF220446012382
:109FB00084F8732484F8DB2241F20101D4F884246C
:109FC00000260376A4F858146420032184F8400581
:109FD00084F8763484F87264D171D4F8842440F61D
:109FE0002A151172A4F85A54A4F85C54A4F85E54CB
:109FF000A4F86054A4F86254A4F86454A4F8665415
:10A00000A4F86E1440F62B150221A4F86854A4F8A5
:10A01000701407250421A4F86A54A4F86C14A4F859
:10A020002E06A4F8686384F82062A4F82C6684F8ED
:10A03000346284F8236284F8216284F8F26484F83C
:10A04000B06284F8276521684FF0FF3081F8533003
:10A0500048632168204681F84130216881F8423008
:10A06000216881F8D160216881F84360216884F813
:10A070000E6284F80F62C4F8506681F8943021684B
:10A0800081F8F530216881F8F430216881F89D303D
:10A09000216881F83431216881F86931216881F8BB
:10A0A0002861216881F86161216881F86A6122680C
:10A0B000966684F8643384F8653392F84F10890704
:10A0C00018BF82F8523003230125002284F8DC31C6
:10A0D00084F8E4314FF44873A4F8343584F85065BB
:10A0E000A4F84E2584F8DC5505F096DD052384F8A8
:10A0F0002036236884F8206184F8585683F811517B
:10A1000023684FF0FF31A4F87017A4F8541884F8AE
:10A11000736784F8A15784F8B05783F842512368D5
:10A1200083F84351236883F85C61236883F86451A2
:10A13000236883F86651236883F86B51236883F89A
:10A140006751236883F86851236883F83B6123686B
:10A15000C3F83C6170BD2DE9F0470F4692460028D8
:10A1600034D00468002C35D04FF00008C14628E0F8
:10A17000D4F8C40239464044E8F300F2E8B9D4F810
:10A18000C8324FEA890653F82930534515D1D4F81F
:10A19000C43243445D6B013D5D63EDB91846294609
:10A1A0003822E8F35FF1D4F8C80229468019042266
:10A1B000E8F358F12846BDE8F08709F1010908F1F4
:10A1C0003808236893F8B4309945D1DB6FF01D004F
:10A1D000BDE8F0876FF01D00BDE8F087F8B50025F9
:10A1E0000F4606682C4608E0D6F8C40239464019E6
:10A1F000E8F3C4F1383538B10134336893F8B4303A
:10A200009C42F1DB6FF01D042046F8BD2DE9F047BC
:10A210008A461146984691460468FFF7DFFF031E01
:10A2200005DA2368002693F8B42035463BE0D4F8DD
:10A23000C822382042F82380D4F8C42200FB03202F
:10A24000436B013343630020BDE8F087D4F8C43288
:10A2500006F138019F5D98191FBB49461F22E8F39C
:10A26000D9F1D4F8C4320C999E19089BC6F820A0E5
:10A27000B362099B384673620A9BF3620B9B33639C
:10A28000D4F8183743F8351003EBC5020D9B536023
:10A29000736B01337363D4F8C83243F82580BDE88B
:10A2A000F08701350E469542D0DB6FF01500BDE812
:10A2B000F0872DE9F04107680C4615469846D7F817
:10A2C000CC02002604E003689C420BD006460069DD
:10A2D0000028F8D111E0002303610EB1306101E0E4
:10A2E000C7F8CC02069B80E83001C3600020BDE8BF
:10A2F000F0816FF01500BDE8F0811420EDF3C8F097
:10A300000028E8D1F5E7000013B5002304460093C8
:10A3100021460068194AFFF7CCFF014658BBD4F824
:10A3200088040322164B05F07FFF014618BBD4F8C2
:10A3300088040222134B05F077FF0146D8B9D4F800
:10A3400088040522104B05F06FFF014698B9D4F838
:10A35000880406220D4B05F067FF014658B9D4F872
:10A36000880408220A4B05F05FFF002814BF4FF055
:10A37000FF30002001E04FF0FF301CBDC9A3810079
:10A380002DCC8100B12C8200F92E8200FD4E000000
:10A3900029FD8100026810B5D2F8CC0200230EE03E
:10A3A0000468A14209D101690BB1196101E0C2F849
:10A3B000CC12EDF37FF0002010BD034600690028A9
:10A3C000EED16FF01D0010BD41F2E443984208D178
:10A3D0000023064A9A5A8A4205D00233B3F58C7F8D
:10A3E000F7D1002070470120704700BF5C9A02003F
:10A3F0002DE9F043D0F854530021C82287B0044619
:10A400002846E8F32FF06423EB85032385F86030BA
:10A4100000220123D4F858014FF4805139F042D87A
:10A42000FF28074605D1236A186919684DF094D9A9
:10A430000746236A6F860021A4F85674204607F465
:10A440006057B3F808801E680CF008DBB7F5205F92
:10A4500005F1380908D0B7F5C05F07D0B7F5805FC0
:10A4600014BF0A27142702E0A02700E028270021B4
:10A47000FF238DE80A00D4F88434029003971B79F7
:10A4800042460493484633465BF07ADA236893F8F1
:10A490004F309A0703D0EB8843F02003EB8007B0DE
:10A4A000BDE8F08382B010B514246143D0F8D442E3
:10A4B00003936350059B60184360069B02618360B1
:10A4C000049BC360BDE8104002B0704730B503681C
:10A4D0000446DB6985B09A6D4068D4F83C16DB6DA4
:10A4E000F9F738FBC4F83806002800F0DE81204672
:10A4F00004F068F9C4F8E805002800F0D981204686
:10A5000005F04AFEC4F88804002800F0D4812046F3
:10A5100003F048F9C4F82801002800F0CF81204654
:10A5200007F098FBC4F82401002800F0CA812046F7
:10A5300004F0D6FCC4F89406002800F0D18120462F
:10A5400005F08EF8C4F8A406002800F0CC8120465F
:10A5500004F0F2FE002840F0C981204604F04EFFCE
:10A56000002840F0C381204604F076FF002840F028
:10A57000BD81204604F0D4FF002840F0B78120467A
:10A5800005F00AF8002840F0B181204605F020F8D7
:10A590000546002840F0AA810321D4F8A4060A4603
:10A5A00005F054F9C4F8BC06002800F0A281D4F8E4
:10A5B000A40602212A4605F049F9C4F8C00600287D
:10A5C00000F09A812946C04AC04B2046009501946C
:10A5D00007F084FBBE4B1A1D07CA1B688DE80700F5
:10A5E000082122462046FFF75DFF206806F062FA48
:10A5F000204606F065FFC4F87804002800F07F814B
:10A60000204606F0A7FFC4F87C04002800F07981FA
:10A61000204607F035F8C4F88004002800F0738164
:10A62000204601F063FEC4F81805002800F06D8193
:10A63000A84B2046C4F8543101F0E8FDC4F83001BD
:10A64000002800F06481204601F0A0FBC4F834012A
:10A65000002800F05E81204601F000FDC4F83801BA
:10A66000002800F05881204601F092FC002840F0BC
:10A670005581204607F092FBC4F85C01002800F0E9
:10A680005081204607F06CF9C4F86008002800F0FB
:10A690004A8120682146A2688F4B03F0CBFEC4F8A4
:10A6A0009802002800F04181204603F0BBFBC4F86B
:10A6B0006001002800F03B81884B2046C4F82C3113
:10A6C00005F000FBC4F84401002800F03281204668
:10A6D00007F01EFFC4F84801002800F02C81204636
:10A6E00005F074FCC4F84C01002800F027812046D6
:10A6F00002F0D6F8C4F84001002800F02181236858
:10A70000012283F8A120204604F0EAF8C4F89C0650
:10A71000002800F01781204607F09EFB002840F03B
:10A720001381204605F0E4F9C4F85001002800F038
:10A730000D81204605F004F9002840F009812046EB
:10A7400000F03CFEC4F87001002800F003812046B0
:10A7500003F09AFDC4F87801002800F0FD8020463F
:10A7600007F010F8C4F87C01002800F0F8802046BB
:10A7700007F010FFC4F87401002800F0F3802046B1
:10A7800000F0BAFDC4F88401002800F0ED802046F6
:10A7900003F034FDC4F88801002800F0E78020466B
:10A7A00007F0BEFFC4F89401002800F0E1802046C5
:10A7B00000F06AFEC4F88C01002800F0DB8020461F
:10A7C00007F070FFC4F89C01002800F0D5802046F7
:10A7D00069F094DE60B1204608F036F8C4F86408E9
:10A7E000002800F0C9802368012283F8322102E0AA
:10A7F000236883F83201204607F08EFAC4F8F80681
:10A80000002800F0BB80204605F002FBC4F87C065F
:10A81000002800F0B580204605F0C4F8C4F8800692
:10A82000002800F0AF80204607F03EFCC4F8D006B8
:10A83000002800F0A9802368012283F8A320204685
:10A8400000F0E2FEC4F8A006002800F09F80204639
:10A8500003F0D4FFC4F8CC06002800F0998020460D
:10A8600003F08AFEC4F8D406002800F09380204646
:10A8700006F08EFDC4F8DC06002800F08D80236809
:10A8800093F869313BB1204603F09CF8C4F8A0016D
:10A89000002800F08380204605F022FBC4F8F00673
:10A8A00000280CBF7620002079E04FF4967076E007
:10A8B00040F22D1073E04FF4977070E040F22F10CB
:10A8C0006DE04FF498706AE019348200E53382003D
:10A8D000389A0200EFBEADDE41FF8100EFBEAD0D44
:10A8E00040F231105BE04FF4997058E040F24110B3
:10A8F00055E040F2471052E04FF4A4704FE024209E
:10A900004DE025204BE0262049E02A2047E0312079
:10A9100045E0322043E040F2F51040E04FF4FB7098
:10A920003DE035203BE0BD2039E0392037E03C20D8
:10A9300035E03E2033E040F26D2030E03F202EE055
:10A9400043202CE06A202AE0472028E0492026E026
:10A95000482024E04A2022E040F2E5201FE040F2B7
:10A96000E6201CE04B201AE05A2018E05B2016E09D
:10A970005E2014E05F2012E0632010E065200EE00E
:10A9800008480CE067200AE06C2008E06E2006E032
:10A990006F2004E0702002E0722000E0732005B018
:10A9A00030BD00BF50464D00F8B50446002800F009
:10A9B000A6800FF099D9D4F8F415D0F1010638BF6C
:10A9C000002621B1A068F9F37BF000B901362046DA
:10A9D000D4F82C1305F00CDF2046D4F8DC1405F075
:10A9E00007DF2046D4F8341305F002DFD4F8400323
:10A9F00008B1ECF35FF5D4F8980220B103F070FDD4
:10AA00000023C4F89832276AB96911B1204661F071
:10AA10009BD80025BD61D4F86432595911B1204644
:10AA200032F098DA0435202DF5D1D4F8580103F02E
:10AA3000B3FA2046FEF737FFD4F8180520B101F02D
:10AA400031FC0023C4F818352046FEF772FF20467B
:10AA500002F042FA23688619D3F8D41031B1606845
:10AA600002F035FA23680022C3F8D4202368D3F813
:10AA7000D80028B1ECF31EF523680022C3F8D820D3
:10AA8000D4F8D05204E02846EF68ECF313F53D46C5
:10AA9000002DF8D12146C4F8D0522068FFF77AFC87
:10AAA000206818492246FFF756FBD4F8640118B114
:10AAB00007F09EF8C4F86451D4F89C0220B1ECF37E
:10AAC000F9F40023C4F89C32D4F8F80448B1ECF34C
:10AAD000F1F40023C4F8F83403E02046616815F06F
:10AAE00037D8D4F89422002AF7D104F5C6600C3088
:10AAF000F8F7B2FF2046616801F08AF800E00646E8
:10AB00003046F8BDDD5601002DE9F04F91B000242C
:10AB100091461B9E9DF868200790DDF878B020468E
:10AB2000099198460892DDF880A00C940D940E943B
:10AB3000E3F792FB484631461C9A1D9BCDF800B0C6
:10AB40000CF031F8054608B1012376E3FEF71AFE52
:10AB50000DAB01930EAB0293484631461C9A1D9BE8
:10AB6000CDF800B002F0AEF9074618B901230C93F6
:10AB7000044688E30D9848B1AA49E8F30FF328B1D9
:10AB800029462A46E8F3A6F01FFA80F91F9B3046B3
:10AB9000009341460CAA4B4601F06CF8044600288D
:10ABA00000F0898305680E9A46600D9BC5F8DC208D
:10ABB000D0F88424FF21C5F8D470C5F8D83082F8C5
:10ABC0006010426A0023C261079A0D938260964A20
:10ABD000C5F80C80C5F8A4206E610E93012280F8A0
:10ABE0004226D0F8E022C0F8A4B163F31722C0F8DF
:10ABF000E022089A414685F8212080F8CF310323CE
:10AC000080F84135FFF7D0F9236804F5C662DB69A7
:10AC10006068196E0C32F8F7E2FE0746002840F033
:10AC200032832046394605F007D820460799324638
:10AC3000434606F045FFC4F8640108B90F23FCE25F
:10AC40007A4B28468DE88800794B7A4904937A4BF1
:10AC50007A4A0593234602970397FFF7D7FA08B17C
:10AC60001023EAE2089B1C9A8DE848001D9B029283
:10AC70000393204609994A464346CDF810B002F0A6
:10AC80001DFA0C90002840F0FE822369D86FFEF771
:10AC90006AFAA4F84006B4F8AA010DF0CFD9003042
:10ACA00018BF01200A3054F820300AA92362206915
:10ACB0002FF0FCDF00283DD10A9B0746C4F8B031D5
:10ACC00039460FAA204604F0ADDC39462046BDF8CF
:10ACD0003C20013704F0AADC062FF1D14FF4407379
:10ACE000C5F8E8302A23C5F8B8303223C5F8BC309F
:10ACF00036234FF47D62C5F8C43040F2D453A5F832
:10AD0000CA20A5F8C0304FF45D72002385F8B670F4
:10AD1000A5F8C82084F89437D5F8B830842B02D928
:10AD20008423C5F8B8304FF40470ECF3B1F3C4F8E1
:10AD30009C0208B9142380E24FF404720021E7F367
:10AD400091F322460023D2F8A002D4F89C120432D8
:10AD500041F82300D4F89C1251F823108B71013371
:10AD6000042BF0D1012385F89330236A1869EEF79C
:10AD7000A1FF00F0010085F85400236A1869EEF77E
:10AD800099FFC0F3C00085F855002946204607F01A
:10AD9000EDF92B49D5F8D800E8F3DCF1D5F8D4204B
:10ADA00040F26E51936A07468B4208D0126B41F213
:10ADB0006B018A425AD1D12B01D0E92B12D1D4F8A0
:10ADC0008434192283F84920D4F884344FF0FF32B8
:10ADD0005A64642283F87A20D4F88434012283F8F8
:10ADE000302059E0B3F5897F11D8B3F5887F32D888
:10ADF000F52B07D8F42B2ED2E42B2CD0EF2B2AD016
:10AE0000D62B27E0A3F58773012B45D823E0B3F5B4
:10AE10009A7F17D2B3F5987F1DD840F2171293424C
:10AE200018E000BF839B020000315F0701638200CE
:10AE3000EC56010008D68800514F0000DD56010095
:10AE4000899B0200B3F59A7F26D9B3F59B7F02D97F
:10AE5000B3F5A57F20D1D4F88434322283F87A2048
:10AE6000D4F88434642283F8492010E041F2E441AC
:10AE70008A4211D140F2DA5293420DD1D4F884249F
:10AE8000642382F87A30D4F8842482F84930D4F8E4
:10AE900084344FF0FF325A642046FEF7CDFED4F8DA
:10AEA00084341922A3F8AA20204607F07FF8D4F8AA
:10AEB0008434226A19781069DA784EF0D1D8D4F83F
:10AEC00078364FF0010983F83490E1692069043144
:10AED00003F0D7FD236AD4F884B418694EF0D8D9AA
:10AEE000CBF8400004F5E47B206959462EF064DF7E
:10AEF0000622281D5946E7F331F2B4F8AA010DF0F5
:10AF00009DD8003018BF01200A3054F82030204668
:10AF10002362FEF761FF08B918238EE1216A0F232F
:10AF200040F2FF32A1F80031A1F8022101F1F8034B
:10AF300001F1F402204601F01BFC236AD3F8F4204F
:10AF4000C3F8F020C3F8E820D3F8F820C3F8EC20C9
:10AF50001A68022A08BF83F8159007F00103002B36
:10AF60000CBF0323002385F84F30236A1869EEF7DE
:10AF7000A1FE10F40060236806D093F84F2002B1C0
:10AF8000012283F8512001E083F85100216A204614
:10AF90001C3106F06DDA00212046D4F820900BF029
:10AFA0005DDD00227F2309F15001009301901346DB
:10AFB00009F11C005AF020DD204664F02FDF40F23A
:10AFC000CC63C4F828362046FFF780FA0C9000289E
:10AFD00040F05981D4F8800402219DF92C2059F0C9
:10AFE000F9DD20464146FEF797FF10B94FF47A731A
:10AFF00023E1204602F0F4FFC4F8580110B940F2F2
:10B00000E9331AE12046FFF7F3F92046314614F000
:10B010007FDD10B940F2EB330FE1C4F8BC05C4F892
:10B02000C0053146204614F073DD10B94FF47B7330
:10B0300003E10123C4F8C40585F8A830204602F0D6
:10B0400045FC10B140F2ED33F7E00623A5F860307F
:10B05000A5F8623095F89C30012B04D14022A5F868
:10B060006020A5F86220D5F888300A221A804FF4B3
:10B0700054725A80D5F88C300126C4221E805A8022
:10B08000D4F830011FF0C8DD08B184F80E62B4F8BE
:10B09000E13243F4C05343F01E03A4F8E132236AC3
:10B0A0001869EEF707FEC10607D5D4F884340122EB
:10B0B0009A74D4F88434FF22DA74B4F8E1224FF29F
:10B0C000FF731340D4F88424A4F8E132D278012A23
:10B0D00007D123F4006323F00C031B041B0CA4F81A
:10B0E000E132FF260221012284F8E06284F8DF6267
:10B0F00084F8DE62204603F0BDDB012132462046A3
:10B1000003F0B8DB236A4FF0FF38C4F814821869E3
:10B11000EEF7D0FD10F00406204605D00321FEF323
:10B12000C3F684F81C8204E03146FEF3BDF684F8D1
:10B130001C62236A1869EEF7BDFD3A0702D50023A9
:10B1400084F81C32FB0603D520460021FEF3ACF642
:10B15000BE070ED5A26A002382F84D30E26A82F85B
:10B160004D30B4F8E13223F080031B041B0CA4F82B
:10B17000E132780703D52046002164F0D5DF390697
:10B1800007D5B4F8E13223F010031B041B0CA4F81C
:10B19000E13295F84130A3B195F842308BB117F008
:10B1A000600F0ED007F02001D1F1010107F040023D
:10B1B00038BF0021D2F10102204638BF002200F042
:10B1C0000FFFB4F8AA010CF039DF003018BF0120DE
:10B1D00000F10A0654F82670D4F868122046384A5E
:10B1E0003B4660F06FDCB86154F82610886910B9EE
:10B1F00040F24C4321E0503128223C30E7F3AEF0DE
:10B200001420ECF34BF1C4F8300710B940F24D4371
:10B2100013E0AB6D204643F00403AB650EF078DD20
:10B220002046FFF771F810B14FF4FA6305E02046AD
:10B2300003F0DEF818B140F2D1730C9323E02368D9
:10B240002049D3F8D800E7F3A9F770B103461846B0
:10B2500013F8012B1AB11C498A5C5207F7D500215B
:10B260000A22E7F337F5C4F88406A0680021F8F352
:10B27000A7F4012384F8A837BAF1000F17D00023F0
:10B28000CAF8003013E00D9820B1ECF313F100235D
:10B290000D930E9314B12046FFF786FBBAF1000F11
:10B2A00004D00C9B0024CAF8003000E0544620462D
:10B2B00011B0BDE8F08F3046394601F008FEE2E7F4
:10B2C00010570100489A02000AA0880038B50446C9
:10B2D00070B1056821462868FFF75CF828680549C1
:10B2E0002246FEF738FF2046BDE83840ECF3E2B0D6
:10B2F00038BD00BF1657010070B5066A8EB005460E
:10B300003820ECF3CBF0044600282FD01B4B05600F
:10B3100000930023019302930393049305932868F9
:10B320001749184A2346FEF771FFF8B9164B214614
:10B3300000932868154A0223FEF7BBFF0546A8B90B
:10B3400029461C2204F10B00E7F38CF030693168C8
:10B3500007AA4CF025DA234607AAD97AAA5C013558
:10B360000A43DA7201331C2DF6D103E02046FFF7C1
:10B37000ADFF002420460EB070BD00BFC54F830056
:10B3800084E188001657010074E188007D4F830036
:10B3900038B5044670B1056821462868FEF7FAFF03
:10B3A000286805492246FEF7D6FE2046BDE838400B
:10B3B000ECF380B038BD00BF1A57010030B5054628
:10B3C00087B00C20ECF36AF0044600283FD000233D
:10B3D0000560012100930190204A2846204B02F08D
:10B3E00037FA0028606032DB1E4BD5F894068DE8F2
:10B3F0001800052121221C4B03F0F2FB38BB1B4B2C
:10B40000D5F894068DE8180005212422184B03F086
:10B41000E7FBE0B9174B0190009302900390049072
:10B42000059015492868154A2346FEF7EFFE70B9C6
:10B43000134B286800932146124A0323FEF739FF75
:10B4400028B92A680123A36082F8A93003E02046C6
:10B45000FFF79EFF0024204607B030BD79548300DB
:10B4600075548300C15583007D5483009156830039
:10B470009D5483004D558300C0E188001A57010098
:10B48000A8E18800D154830030B5054687B0002874
:10B490006DD00820ECF302F00446002868D00023A9
:10B4A0000560142100930190354A2846354B02F07F
:10B4B000CFF9002860605EDB334B4FF498718DE864
:10B4C00018006B22D5F89406304B03F089FB002856
:10B4D00051D12F4B05218DE818006B22D5F8940629
:10B4E0002C4B03F07DFB002845D12B4B4FF4907182
:10B4F0008DE818006C22D5F89406284B03F070FBF9
:10B50000002838D1264B4FF490718DE818006F2237
:10B51000D5F89406234B03F063FB00282BD1224B74
:10B520000A218DE818006E22D5F894061F4B03F00F
:10B5300057FB00281FD10095D5F894060A216E22EA
:10B540001B4B03F003FEB0B91A4B0190009302901D
:10B5500003900490059028681749184A2346FEF77F
:10B5600055FE40B92B68012283F8AC2000E0044668
:10B57000204607B030BD2046EBF39CF70024F7E7E8
:10B58000215C8300015C8300395E8300555C83008D
:10B59000195E8300355C8300595E8300815C830003
:10B5A000C55E8300C15C8300F15E8300ED5C8300B7
:10B5B000E15B8300195D8300D8E188001E5701001C
:10B5C00010B5044650B10368054918682246FEF7D5
:10B5D000C2FD2046BDE81040EBF36CB710BD00BFC4
:10B5E0001E57010010B5044650B10368054918689C
:10B5F0002246FEF7B0FD2046BDE81040EBF35AB7F7
:10B6000010BD00BF999B020070B5054686B00820AA
:10B61000EBF33EF70446002800F0B9805F4B05606D
:10B620004FF49071009301903022D5F894065C4B52
:10B6300003F0D6FA002840F0AA805A4BD5F89406B9
:10B640008DE818004FF49071F422574B03F0C8FABC
:10B65000002840F09C80554BD5F894068DE81800E2
:10B660000A21F422504B03F0BBFA002840F08F80EF
:10B670004F4BD5F894068DE818004FF49071A02236
:10B680004C4B03F039FB002840F081804A4BD5F841
:10B6900094068DE8180005213022484B03F0A0FAEB
:10B6A000002874D1464BD5F894068DE81800052182
:10B6B000F422444B03F094FA002868D1424BD5F8A9
:10B6C00094068DE818000521A022404B03F014FBDE
:10B6D00000285CD1D5F89406052130223C4B00941B
:10B6E00003F034FD002852D1D5F894060521F42248
:10B6F000384B009403F02AFD002848D1D5F8940671
:10B700000521A022344B009403F0A6FD00283ED171
:10B71000D5F89406C0213022304B009403F016FD7A
:10B72000002834D1D5F89406C021A0222C4B0094D7
:10B7300003F092FD58BBD5F89406C021F422294BA2
:10B74000009403F003FD10BBD5F894060A21F422FF
:10B75000254B009403F0FAFC0646C0B98DE81100B1
:10B7600001212846214A224B02F072F8002860602D
:10B770000DDB204B28688DE848001F491F4A2346EF
:10B780000296039604960596FEF740FD18B12046F2
:10B79000FFF728FF0024204606B070BD59638300E0
:10B7A000216383003BA10000D59C0000E5A00000C0
:10B7B0006D6383003D638300996283002161830090
:10B7C00077A0000031A00000E9628300716183006E
:10B7D000A96183000D9D00001D6283003D6683000A
:10B7E000556683005D9C00008F9C0000856383008C
:10B7F00081638300B964830038E28800999B02006A
:10B800002023402180E80A00C0F8B010C16218214E
:10B810004FF4F0628163016401651D212DE9F0415F
:10B8200082600B251022C16505210A24C260456192
:10B83000856142620425C0F8B820016680224FF479
:10B84000F0714FF480660461C461856201240925AA
:10B850004FF0140C42631127082281664FF027082D
:10B860000321C0F8B43004624466C464436585674C
:10B87000C0F830C0C2638765C66606674167C0F816
:10B880007C80C0F8A440B024C0F8C0404824C0F870
:10B89000C4406024C0F88450C0F88850C0F8C84044
:10B8A00002253024C0F8E030C0F8F030D3234FF048
:10B8B0001208C0F88C50C0F89050C0F89C50C0F8E6
:10B8C000A050C0F8CC404FF4FA650624C0F8F4301C
:10B8D0000023C0F88080C0F894C0C0F89810C0F869
:10B8E000A810C0F8AC20C0F80021C0F80421C0F8AE
:10B8F000D040C0F8D470C0F8D850C0F8DC20C0F8F0
:10B90000E840C0F8E460C0F8FC30C0F8F810BDE8CA
:10B91000F08101207047704738B50446D0F82C03F9
:10B9200020B1EBF3C7F50023C4F82C33D4F834036B
:10B9300020B1EBF3BFF50023C4F83433D4F8180773
:10B9400030B1236823B1EBF3B5F50023C4F8183701
:10B95000D4F8C40218B123680BB1EBF3ABF5D4F8FB
:10B96000C8020025C4F8C45228B123681BB1EBF308
:10B97000A1F5C4F8C852D4F8640208B1EBF39AF503
:10B98000D4F854030025C4F8645218B1EBF392F5CF
:10B99000C4F85453D4F8140320B1EBF38BF500230F
:10B9A000C4F81433D4F8D40208B1EBF383F50025BE
:10B9B0006319D3F8A032D3F8E00008B1EBF37AF5BD
:10B9C0000435102DF4D1D4F8A00208B1EBF372F5D0
:10B9D000D4F8840420B1EBF36DF50023C4F884346B
:10B9E000D4F8DC0420B1EBF365F50023C4F8DC34B3
:10B9F000D4F8280520B1EBF35DF50023C4F8283511
:10BA000038BD10B50C46D1B1C86918B1EBF352F589
:10BA10000023E361D4F8880020B1EBF34BF5002359
:10BA2000C4F88830D4F88C0020B1EBF343F5002340
:10BA3000C4F88C302046BDE81040EBF33BB510BD98
:10BA400070B504464FF4B8701646EBF327F505467B
:10BA5000A8B14FF48470EBF321F5E86178B1314679
:10BA6000FFF7CEFE4FF45470EBF318F5C5F88800DD
:10BA700028B1C420EBF312F5C5F88C0020B9294693
:10BA80002046FFF7BEFF0025284670BD2DE9F04196
:10BA90001D4600260368C0F8C46293F8B43004461B
:10BAA00038205843EBF3FAF4C4F8C402002855D008
:10BAB000236893F8B4008000EBF3F0F4C4F8C802F4
:10BAC00010B940F2F53394E04FF40070EBF3E6F474
:10BAD000C4F81807002800F09580C4F8646220209C
:10BAE000EBF3DCF4C4F8640210B94FF47E7380E029
:10BAF000C820EBF3D3F4C4F8540310B940F2F23386
:10BB000077E04FF4B870EBF3C9F4C4F8840410B9CB
:10BB100040F2F9336DE08020666AEBF3BFF4B06267
:10BB200010B940F2034364E04FF48470EBF3B6F4D1
:10BB3000C4F82C0310B940F2EF335AE04FF484708C
:10BB4000EBF3ACF4C4F8340310B94FF47C7350E059
:10BB50001220EBF3A3F4C4F8140310B94FF47D736F
:10BB600047E0B420EBF39AF4C4F8D40210B940F2E1
:10BB7000F6333EE04FF46470EBF390F4C4F8A002A7
:10BB8000F0B100F1E403C4F8A43200F5E47300F569
:10BB90002B70C4F8A832C4F8AC02264604F1100792
:10BBA0002368D6F8A082DB69D3F8D4004001EBF318
:10BBB00075F4C8F8E000D6F8A032D3F8E00010B968
:10BBC00040F2F73315E00436BE42E9D14FF48470F9
:10BBD000EBF364F4C4F8DC0410B940F2FB3308E082
:10BBE0004FF48670EBF35AF4C4F8280520B940F2FC
:10BBF000FF332B60BDE8F0813820EBF34FF4C4F83D
:10BC0000780610B94FF48163F3E70120BDE8F081B5
:10BC100038B50D46044600282BD0FFF77CFE2046A1
:10BC20002946FFF779FEA06A08B1EBF343F4636A93
:10BC30005BB1986A20B1EBF33DF4636A00229A622B
:10BC4000606AEBF337F400236362D4F8780620B11E
:10BC5000EBF330F40023C4F87836216821B128468C
:10BC6000FFF7CFFE002323602046BDE83840EBF30A
:10BC700021B438BD2DE9F341064640F674008846EC
:10BC800015461F46EBF30AF4044610B940F2EA33B6
:10BC900010E02623C0F8E035C0F8E435089B4146A3
:10BCA000C0F81C373A463046FFF7CAFE206018B984
:10BCB00040F2EB332B602DE040231A4A80F8B43079
:10BCC000236812680460C3F898204FF40870EBF3FF
:10BCD000E5F3A06240B100F58870E0622C20EBF340
:10BCE000DDF3606230B902E040F2F233E2E740F2A5
:10BCF000F333DFE72046314642462B460097FFF7F5
:10BD0000C5FE38B12046314642462B460097FFF724
:10BD100000FE20B920463146FFF77AFF0024204676
:10BD2000BDE8FC814404000003680B22DB69C3F812
:10BD3000BC205A619A61704710B50446F8B1D0F83A
:10BD4000500208B1EBF3B6F3D4F8E80220B1EBF3FC
:10BD5000B1F30023C4F8E832D4F8FC0320B1EBF3CC
:10BD6000A9F30023C4F8FC33236805491868224668
:10BD7000FEF7F1F92046BDE81040EBF39BB310BD90
:10BD80006E7D890080F8C01370470000F0B587B061
:10BD90000546FFF7C9FF4FF48160EBF379F30446E2
:10BDA000002800F0D48000214FF481624026E6F3A1
:10BDB00059F3256084F8E163BC20EBF369F3C4F820
:10BDC0005002002800F0BA800021BC22E6F34AF3BA
:10BDD0000123A3726373A373E373A37494F8E13331
:10BDE00000223F2BE67498BFE374FF2384F82830C9
:10BDF0000B23227462742273E2720521022284F8FA
:10BE0000DE33002384F8271084F82D2041F22850D7
:10BE100084F82C306085286890F89C0021750128F2
:10BE20000CBF0120104684F82E00012084F8C003C6
:10BE30004FF40060A2756063224621460520D0754C
:10BE40000220D07723B94FF48070A4F8E40302E015
:10BE50002020A1F8E403013301320231082BEDD197
:10BE600000260127204641F2285184F82F6084F8EB
:10BE7000307018F0D1DA0221204685F8DA721AF013
:10BE800011DE84F8D86304212846324A324B0096EA
:10BE9000019401F0DDFCB042C4F800044EDB042143
:10BEA00028462E4A2E4B0096019405F017FFB0420B
:10BEB000606043DB4FF43E70EBF3EAF2C4F8E80253
:10BEC00000283BD031464FF43E72E6F3CBF210200F
:10BED000EBF3E4F2C4F8FC0300282FD0214B2868D0
:10BEE0000093214B21490193214B224A039323467E
:10BEF000029604960596FEF789F9F8B91E4B84F868
:10BF000054721A1D07CA8DE8070022461B6828468E
:10BF10000721FEF7C7FAFF2384F8DD332B6820469C
:10BF200093F841101BF03CDDC823C4F8EC322046E6
:10BF30001BF04AD8202384F8E23308E0D4F85002FA
:10BF400008B1EBF3B7F22046EBF3B4F2002420463D
:10BF500007B0F0BD01918300E5908300A1918300BB
:10BF6000819183006199830099B783005CE2880026
:10BF700015AA83006E7D8900A09B0200024618B1BD
:10BF800000680249FEF7E7B8704700BF5D89890085
:10BF900010B5044686B00E490E4A234600680AF0E2
:10BFA000F1D90D4B20680093002301930293039372
:10BFB000049305930949064A2346FEF727F920B161
:10BFC0002046FFF7DBFF4FF0FF3006B010BD00BF8B
:10BFD0005D89890021CF830015CE83004CE3880062
:10BFE00038B50446D0F834011546FFF7CBFED4F837
:10BFF00038012946BDE8384000F02CB810B5044699
:10C00000002824D0416969B190F829301BB1036838
:10C010009868F7F355F5236861699868F7F3BCF5FC
:10C0200000236361A06908B1EBF344F2E06918B141
:10C03000EBF340F20023E3612368054918682246C8
:10C04000FEF789F82046BDE81040EBF333B210BD8F
:10C050007686890080F828107047000070B5054684
:10C0600086B03420EBF314F20446002800F09280EE
:10C0700000213422E6F3F6F14023256084F82A30CB
:10C080005020EBF305F2A06100287BD00021502264
:10C09000E6F3E8F1012384F8203084F8213084F8B5
:10C0A000223084F8233084F8243084F8253084F852
:10C0B000263084F8273023721023637294F82A30D4
:10C0C0000F2B98BF63722B6A00261869EDF7F2FDFB
:10C0D0004FF47A73E381C823238200F01000012318
:10C0E00000280CBF0520072084F828300323207384
:10C0F000E3722046A6721DF0FDDC04212846274A83
:10C10000274B0096019401F0A3FBB042206339DB7A
:10C1100004212846234A244B0096019405F0DEFDB5
:10C12000B04260602EDBA868204922463346F7F310
:10C130004BF5606130B34FF4BA70EBF3A9F1E061F5
:10C1400000B331464FF4BA72E6F38CF1184B28680D
:10C150000093184B18490193184B194A0393194B34
:10C1600002960493184B05932346FEF74FF80646B4
:10C1700040B92B68204693F842101DF06DDC84F81E
:10C18000296007E0A06908B1EBF394F12046EBF3D6
:10C1900091F10024204606B070BD00BF05DF83008A
:10C1A000EDDE830061DF830041DF830071E2830005
:10C1B000DDDF830045E5830088E3880029E1830013
:10C1C000768689004457010025A3000000230374EC
:10C1D00040F6FB63C381704710B5044690B11EF072
:10C1E00025D9606808492246FDF7B5FFE06E08B121
:10C1F000EBF360F1206EEBF35DF12046BDE81040FB
:10C20000EBF358B110BD00BF6E88890030B505460C
:10C2100087B07020EBF33CF10446002834D00021B5
:10C220007022E6F31FF12B68256063601820EBF3A2
:10C230002FF1206620B300211822E6F313F16420C9
:10C24000EBF326F1E066D8B100216422E6F30AF1AF
:10C250000F4A104B0292104A00930023019303925D
:10C260000493059360680D490D4A2346FDF7CEFF00
:10C2700030B901236382A3822046FFF7A7FF03E0C2
:10C280002046FFF7A9FF0024204607B030BD00BFBD
:10C29000DDF1830095EE830075F08300DCE3880018
:10C2A0006E88890070B50446E8B18569C66928467C
:10C2B00000F016F9616C41B1A868F7F301F4A868C1
:10C2C000616CF7F369F40023636422463046064943
:10C2D000FDF741FF28682146FEF75CF82046BDE8DF
:10C2E0007040EBF3E7B070BD826A89002DE9F0433E
:10C2F0003C234FF005090A27D0F80080C0F8043528
:10C30000C0F80895C0F8107587B00446A020EBF37C
:10C31000BFF00546002800F0B1800021A0220026D1
:10C32000E6F3A0F02E70AC61C5F81C80284620F022
:10C33000AFDF0421A862554A204633460096019596
:10C3400001F086FAB042A866C0F29880204600F05C
:10C35000E1F80646002840F09180A0684C492A4642
:10C360003346F7F331F46864002800F08780494BC6
:10C3700040460093484B49490193494B494A02932F
:10C380002B46039604960596FDF740FF03460028CA
:10C3900074D1009029462068434AFDF78AFF014680
:10C3A00000286BD1D4F888040122404B03F03CFFF5
:10C3B000002863D13E4BD4F894068DE81800394626
:10C3C00001223C4B02F00CFC002857D13A4B3222A0
:10C3D0008DE81800D4F894063946384B02F000FC7A
:10C3E000024600284AD1D4F894064946344B0094BA
:10C3F00002F0ACFE002841D1D4F89406494601224F
:10C40000304B009402F0A2FE002837D1D4F89406F5
:10C41000494632222C4B009402F098FE70BBD4F8AF
:10C4200094064946A422294B009402F015FF28BB2C
:10C43000D4F8940649463022254B009402F086FE3B
:10C44000E0B9D4F89406C0212D22224B009402F0CA
:10C450007DFE98B9D4F8940690212D221E4B0094AD
:10C4600002F0D6FC50B9D8F8D8001C49E6F372F6B1
:10C470004FF47A7390FBF3F36B8103E02846FFF7E8
:10C4800011FF0025284607B0BDE8F08301FD8300B9
:10C49000DD16840009FD8300AD0F8400A8E4880048
:10C4A00089118400826A890065068400F907840086
:10C4B000F5138400A5118400D9138400951184001C
:10C4C00091128400C91284005512840079138400EB
:10C4D0000D138400A9148400A514840068858900C4
:10C4E00038B5D0F81455044675B10849024660F0D5
:10C4F000B5D9074922462068FDF72DFE2846EAF304
:10C50000D9F70023C4F8143538BD00BF11398400B1
:10C5100066570100F0B5044687B04FF40A60EAF3AD
:10C52000B7F7054620B9C4F814054FF0FF3005E110
:10C5300000214FF40A62E5F395F7226805F1200324
:10C540002B60002608236B612E61F821D3652046FD
:10C550007B4A7C4B0096019405F0C0FBB042A86179
:10C5600005DA2046FFF7BCFF6FF00100E6E0764BEE
:10C57000002243F8042BF2071FD5744901270A78DB
:10C580000D2A07FA02FE03DCD21917FA02F001E0C5
:10C590004FF40040CA78012111FA02F70D2A47EA48
:10C5A0000E0747EA000003DC521811FA02F201E01C
:10C5B0004FF40042024343F8042CB00723D56349EB
:10C5C00001274A7853F804EC0D2A07FA02FC03DC31
:10C5D000D21917FA02F001E04FF400408A780121E5
:10C5E00011FA02F70D2A47EA0C0747EA000003DCBC
:10C5F000521811FA02F201E04FF40042024342EAFB
:10C600000E0243F8042C710723D5504901270A79FB
:10C6100053F804EC0D2A07FA02FC03DCD21917FACE
:10C6200002F001E04FF400404A79012111FA02F7CB
:10C630000D2A47EA0C0747EA000003DC521811FAFA
:10C6400002F201E04FF40042024342EA0E0243F8D4
:10C65000042C320723D53D4901278A7953F804EC8D
:10C660000D2A07FA02FC03DCD21917FA02F001E0E6
:10C670004FF40040CA79012111FA02F70D2A47EA66
:10C680000C0747EA000003DC521811FA02F201E03D
:10C690004FF40042024342EA0E0243F8042C0136F2
:10C6A000102E7FF465AF2A4B002103932068294A9E
:10C6B000234600910191029104910591FDF7A6FD99
:10C6C00070BB0121D4F888040A46234B03F0ACFD6B
:10C6D00048BBD4F8880401210222204B03F0A4FDBA
:10C6E00020BB1F4BD4F894068DE81800802105224A
:10C6F0001C4B02F0F3F9E0B91B4B1A1D07CA8DE879
:10C7000007002046032122461B68FDF7CBFE20468A
:10C710001649224660F09CD870B9C4F814550DE053
:10C720006FF003000AE06FF0040007E06FF005000F
:10C7300004E06FF0060001E06FF0080007B0F0BD04
:10C74000C5388400453884007465010060E18800C4
:10C750000D32840066570100CD2F84000936840015
:10C76000F9398400FD318400B09B02001139840046
:10C7700070B51E468B89154642F2560293420C460E
:10C7800008D842F2550293422DD242F2500293420F
:10C7900029D108E042F2600293421AD04EF2F542EB
:10C7A000934220D11AE0CB89012B04D16FF03B03D7
:10C7B0002B600F2303E06FF045032B6014233360DD
:10C7C0000368D3F88030D90412D52B68023B2B6064
:10C7D0000EE06FF04A032B600F2308E06FF0950323
:10C7E0002B60962303E06FF04A032B601423336021
:10C7F000D4F8080130B300214022E5F333F6D4F831
:10C80000082180231370D4F8082129685170D4F8C6
:10C8100008219370D4F808313268DA70D4F80831FE
:10C82000BF221A71D4F8083100225A71D4F80831A5
:10C830000322DA8046221A810A225A8101229A8131
:10C840000A22DA81D4F80C0128B100211022BDE8B7
:10C850007040E5F307B670BD10B50446E0B103685B
:10C860000E4918682246FDF776FCE36833B121468D
:10C8700051F80C3BD3F83C06F7F712F9A36833B133
:10C88000214651F8083BD3F83C06F7F709F9204652
:10C89000BDE81040EAF30EB610BD00BF969F8900B8
:10C8A00070B5054686B01020EAF3F2F5044600287C
:10C8B00037D000211022E5F3D5F5D5F83C06E42168
:10C8C000194A04F10803F7F7DFF830BBD5F83C0646
:10C8D000E821164A04F10C03F7F7D6F80646E0B94A
:10C8E0008DE8110004212846114A124B05F0F6F993
:10C8F0000028606011DB104B286800930F4B104933
:10C900000193104B104A0393234602960496059612
:10C91000FDF77CFC08B9256003E02046FFF79CFF8B
:10C920000024204606B070BD6B570100715701000E
:10C93000DDBD84009DBD840075B6840051BE8400B9
:10C9400050E6880079B68400969F890001207047E0
:10C95000012970B50E46144607D1174B0321104626
:10C96000D3F8B8300A46984770BD19BB124BD3F8BC
:10C97000C050FFF7EBFF314602462046A84720464D
:10C9800001213246A847204602213246A8472046C8
:10C9900003210122A84720464FF481710122A847B4
:10C9A00020464FF480713246A847204640F20111DC
:10C9B0003246A84770BD00BF10A78800806C2038A1
:10C9C0001F2805D8802333FA00F000F001007047DB
:10C9D00000207047C16FB0F84E3010B58A6AB3B10D
:10C9E000FF2B16D9180B0138012814D803F47060F6
:10C9F000000A09280FD878B103F0F00090280AD86F
:10CA000003F00F0009288CBF0020012004E0184625
:10CA100002E0012000E000200C6B41F2E4418C4276
:10CA200015D1A2F582610739012903D83F2B98BFA0
:10CA3000002010BD40F20C418A4207D040F2214153
:10CA40008A4204D1502B98BF002010BD002010BD99
:10CA500090F8763010B504463BB9044B04491A6887
:10CA60002CF03CDA012384F8763010BD78B802004F
:10CA70007CB8020070B50C460546164608460A22E8
:10CA80000021E5F3EFF463881E432B6D6680980662
:10CA900003D5238843F480632380D5F8943042F291
:10CAA0005002198C914205D15B8C052B9CBF46F03E
:10CAB0000406668070BD0000D0F880000149E6F3EE
:10CAC0006DB300BF119C020010B504460C20EAF3C0
:10CAD000DFF4C4F80C0138B10C220021E5F3C2F4F4
:10CAE000D4F80C3110229A7210BD10B50446D0F85B
:10CAF0000C0120B1EAF3DEF40023C4F80C3110BDC0
:10CB000070B5064605460024686938B1064B1B68B7
:10CB100098473046214600223BF03ADE0134043586
:10CB2000062CF1D170BD00BF10A788002DE9F0439D
:10CB3000046985B00546EC20A66FEAF3A9F43062DB
:10CB4000002875D01020A66FEAF3A2F470620028C6
:10CB50006ED0002637460F216846384A3346E5F343
:10CB6000E7F4D4F880006946E6F318F308B101371A
:10CB7000BFB2013640F2F1339E42ECD137B9D4F85E
:10CB800080002F49E6F30AF3002843D0B8000630AE
:10CB9000EAF37EF4C5F85C06002849D000238380C0
:10CBA00000260F216846254A3346E5F3C1F4D4F840
:10CBB00080006946E6F3F2F298B1D5F85C866946E2
:10CBC000D4F88000B8F80490E6F3C4F208EB8903C7
:10CBD0001881D5F85C369A8803EB82010132CE8049
:10CBE0009A80013640F2F1339E42DAD1D4F88000C7
:10CBF0001349E6F3D3F2D5F85C6650B1D4F880005F
:10CC00000F49E6F3A7F2D5F85C36012270801A705E
:10CC100000E03070A36F586A60B101230380838005
:10CC2000C38003810223438104238381002001E028
:10CC30006FF01A0005B0BDE8F08300BF629C0200EF
:10CC40006F9C02002DE9F04F0568C6682B688FB015
:10CC5000DF6900230446009388460BA80921944A03
:10CC60003346E5F365F4D4F81490B9F1000F40F0C1
:10CC70001081D4F888103A6801F50071E06FD4F89B
:10CC800008A00992D7F804B0FAF798FE0146A86800
:10CC9000FCF776FD002800F005810921844A0BA8E5
:10CCA0003346CDF80090E5F343F4E26FD4F88810F2
:10CCB000B8F1000F02D001F5007300E04346099877
:10CCC00001F50871B8F1000F08BF00200190009134
:10CCD000CDF808B0B9684FF0FF390391CDF8109046
:10CCE000F968DFF8DC810591D5F8E015504606912A
:10CCF0000BA9CDF81C80FAF7D1FC0546002800F0FE
:10CD0000D1802A466B4B20460021FFF721FE2A46A0
:10CD1000204600213BF03CDD00250921644A3346D2
:10CD20004FF0010B0BA8CDF800B0E5F301F400952E
:10CD30003A68D4F88830019250460BA9E26F03F5A7
:10CD4000107302950395CDF8109005950695CDF8D2
:10CD50001C80FAF7A3FC0746002800F0A4803A469E
:10CD6000544B20462946FFF7F3FD59463A462046E4
:10CD70003BF00EDD4FF0020B09214D4A33460BA864
:10CD8000CDF800B0E5F3D4F3099AD4F888300192D5
:10CD900050460BA9E26F03F52073009502950395A9
:10CDA000CDF8109005950695CDF81C80FAF776FC25
:10CDB0000746002877D03A463E4B20462946FFF7E3
:10CDC000C7FD59463A4620463BF0E2DC4FF0030BE4
:10CDD0000921374A33460BA8CDF800B0E5F3A8F394
:10CDE000099AD4F88830019250460BA9E26F03F5F6
:10CDF0003073009502950395CDF810900595069532
:10CE0000CDF81C80FAF74AFC074600284BD03A467A
:10CE1000284B20462946FFF79BFD3A4620465946B7
:10CE20003BF0B6DC042733460921214A0BA80097C2
:10CE3000E5F37EF3099AD4F88830019250460BA9A5
:10CE4000E26F03F54073009502950395CDF81090BD
:10CE500005950695CDF81C80FAF720FC064608B328
:10CE6000324620462946134BFFF772FD32462046D4
:10CE700039463BF08DDC2646706930B10E4B0F49C8
:10CE8000D3F88C309847C6F8C00001350436062D1B
:10CE9000F2D1D4F89410204608310022FFF7EAFDC1
:10CEA000012700E0074638460FB0BDE8F08F00BF0D
:10CEB000E29B0200F05D010010A78800D4318900D8
:10CEC000C403000010B5BDE81040FCF77DBA11B1F5
:10CED0000846FCF721B87047F8B504690546002CF0
:10CEE00042D0E06F08B1FCF74DF82046FFF708FE8E
:10CEF000D4F89460B4F846000BF0A0D8706A28B15A
:10CF000003F04BFC00230746736200E00746D4F8A9
:10CF1000900003F021FC00263F18D4F88C0004F0A8
:10CF2000D9F92046C4F88060E667FFF7DEFDD5F842
:10CF30005C0618B1EAF3BEF2C5F85C66A36F186A26
:10CF400020B1EAF3B7F2A36F00221A62A36F586A06
:10CF500020B1EAF3AFF2A36F00225A62204601F03B
:10CF60003BFD00232B6100E027463846F8BD00005A
:10CF7000F0B587B04FF480350021042303AA04469E
:10CF8000D0F8887000952CF05BDC234B06AE46F899
:10CF9000083D002104232046324600952CF09CDCFD
:10CFA0000423002105AA204600952CF049DC049BAF
:10CFB000059A9A422AD1194B002104932046042352
:10CFC000324600952CF088DC0423002105AA204677
:10CFD00000952CF035DC049B059A9A4216D1042367
:10CFE0000021204603AA00952CF076DC0023C7F828
:10CFF0008C31D7F82031B3F1042F09D00848C0EBA9
:10D00000030CDCF1000040EB0C0002E0002000E02B
:10D01000012007B0F0BD00BFAA5555AA55AAAA55D0
:10D0200000040084224B70B54FF0006100260366B7
:10D030000A464666044605682DF0C6DD4FF080734B
:10D04000C4F820310323A4F8A8300223A4F8AA309E
:10D050000723A4F8A4300423A4F8A63041F2010366
:10D0600084F8A260A4F8BC304FF41673A5F810360B
:10D070002B6893F89C20012A0CBF0C220622A5F8ED
:10D080000E2693F864211AB1226E42F08072226655
:10D0900093F89C20074812F1FF3218BF012206497D
:10D0A000E5F306F2FF2384F834310123637470BD85
:10D0B00060A8E7B878570100787502002DE9F04FB5
:10D0C00097B09B464FF0000916AB8A46174643F8C7
:10D0D000049D21995A46054601F097FC0446002814
:10D0E00000F01D839DF88030286103742B6840F6A2
:10D0F0001201D3F8D400D3F8D860D3F8DC304A4614
:10D10000C4F88430E067C4F88060F0F321F0C4F81C
:10D1100088008046E860E06FEFF380F2A06420466C
:10D12000FFF780FF30469749E6F338F028B14946CB
:10D130004A46E5F3CFF51FFA80FA30469249E6F306
:10D140002DF048B100210A46E5F3C4F54FF6FF7310
:10D1500080B2984218BF074650463946FDF734F969
:10D1600008B90C23DAE28949A4F844A0A4F846706F
:10D170003046E5F3EFF78649C4F860013046E5F341
:10D18000E9F7C4F86401B4F846000AF057DF00304C
:10D1900018BF0120263054F82030B4F84600C4F8F7
:10D1A00094300AF04BDF003018BF01200A3055F8E8
:10D1B000203020462B62FFF701FC08B90D23ADE2B9
:10D1C000E06FEFF3E5F1E06FEFF39CF6204600210E
:10D1D0002BF0B0DB20464FF0FF312CF021DC204655
:10D1E000FFF7C6FE08B90E2398E230466949E5F319
:10D1F000B1F7FF2808BF0120A4F84E002046FFF732
:10D20000E9FB08B90F2389E263493046E5F3A2F749
:10D21000624984F84C003046E5F39CF7604920658C
:10D220003046E5F397F794F84C3060650B2B05D941
:10D2300030465C49E5F38EF7C4F850015A49304650
:10D24000E5F388F7594984F835013046E5F382F76C
:10D2500084F836012B6893F86A312BB13046544973
:10D26000E5F378F7C4F8540152493046E5F372F714
:10D27000514984F858013046E5F36CF7E36F41F209
:10D280006B02196BA4F86801914220D19B6A4E2B66
:10D2900008D1B4F84E30402B19D9236D43F0020366
:10D2A000236514E0E42B04D1B4F84E30B3F5A85F45
:10D2B00006E0EF2B0BD1B4F84E2041F201239A4245
:10D2C00005D8236D43F480032365002363653B4940
:10D2D0003046D4F85C71E5F33DF7394938603046A3
:10D2E000D4F85C71E5F336F7364978603046D4F807
:10D2F0005C71E5F32FF73449B8603046A76FE5F36A
:10D3000029F73876A36F1A7E012A01D003221A76F4
:10D31000236D990604D5012120460A462DF0F6D842
:10D32000D4F880002949E5F339F720B1D4F880001A
:10D330002649E5F30FF781462549D4F88000E5F347
:10D340002DF720B1D4F880002149E5F303F7074613
:10D350002049D4F88000E5F321F720B1D4F880000B
:10D360001C49E5F3F7F62B6893F82821BAB3226D30
:10D37000920504D5B9F1000F01D007B160BB0022BE
:10D380002BE000BF259C0200B49C02004C9C0200D4
:10D39000579C0200AB9C0200BA9C0200069C020053
:10D3A000869C02009F9C0200CC9B0200D79B02003F
:10D3B000799C0200369C0200C29C0200419C020043
:10D3C0002C9C0200C09B0200ED9B0200199C0200F5
:10D3D000F29B0200929C0200012283F828212B6814
:10D3E00093F8692132B1226D12F0010218BF0122B7
:10D3F00083F86921B4F846200123C4F8B830B4F8A2
:10D4000044002B68A5F8AA21E26FA5F8A801C3F88B
:10D41000D420A26C1A6194F84C2083F87C202B68ED
:10D42000226DB4F84E00C3F88020626DA3F87A0034
:10D43000C3F8842094F84C2020460B2A84BFD4F8EB
:10D440005021C3F84821D4F8B820012783F83D7053
:10D450005A62A9682A4603F02BFFC4F88C0008B969
:10D4600019235BE1219AE36F0292A26C0490069269
:10D47000B4F84620B4F84400ADF82A20DA6B0393E0
:10D480000B921A6CADF828000C925A6C02A80D92FF
:10D4900094F84C20CDF814B00E929A6A09960F9227
:10D4A000B4F84E2010921A6B1192226D1292626D96
:10D4B00013925A68DB680792089303F0AFFAC4F836
:10D4C000900008B9102329E12623C5F8E035C5F8F6
:10D4D000E4354FF4FF73C4F83831B4F846000AF06D
:10D4E000ADDD10F1000918BF4FF001094946204693
:10D4F0002EF0FCD8B9F1000FD4F894300CBF022202
:10D500000122C3F804901A602B6A14BF0122022280
:10D51000C3F804901A60E06FD5F81C90EFF376F032
:10D52000D8F85C31C9F8000023F000437E4AE36676
:10D530002367A36C0C2101FB0323303BC4F8D830D4
:10D54000204639462BF0ACDDD4F89490D4F8900006
:10D550004146D9F80020334603F066F9C9F82400A3
:10D5600008B91123DAE04FF0FF3120462DF04EDAF2
:10D57000D4F89430E16E586A03F00CF9D4F8943082
:10D5800003F12202009203F11C0103F11E02586A0A
:10D59000203303F0ECF8D4F89480D8F8240003F09A
:10D5A000F4F888F82800D4F89430D5F82080586A28
:10D5B00003F0EBF888F81400D4F89480D8F824002D
:10D5C00003F0E6F8D4F89430C8F81800DA8B37FA8C
:10D5D00002F1C90701D41223A0E0296A586A086140
:10D5E000988B4A8108811A8C588C8A81C8810F22B5
:10D5F00040F2FF30D8829A8220463946FFF722FB5C
:10D6000008B913238AE02B6893F86931002B32D0D4
:10D61000002120462BF0F6DF30464449A76FE5F3A2
:10D6200099F5236DC0B2DA07386020D5636D1B060B
:10D630001DD4E36F9A69900002D5DA69D10704D549
:10D64000DB69DA0701D4580711D5E36E99000ED5CE
:10D6500030463649E5F3A2F530B134493046E5F3BA
:10D6600079F5C1B2204604E02046082101E02046B9
:10D6700000212BF073DDE06FEBF358F420462DF022
:10D6800017DF0094E06F2A492A4A0023FBF76CFC5D
:10D69000204600212DF0EEDE2046FFF70DFA08B9F6
:10D6A00015233BE004F1FC063146E5F3A9F13046D1
:10D6B000E5F338F518B93046E5F340F508B116231F
:10D6C0002CE02046FFF700FA2846A16C01F0E2F9B1
:10D6D0002B68DA69526AC5F84425013A85F8422573
:10D6E000D3F89800A8B103789BB113492246E5F31B
:10D6F000C7F62B681149D3F898002246F9F78AFE3D
:10D70000606930B12B68D3F898100D4BD3F8B03066
:10D7100098472846FFF70AFA10B11B23159315986E
:10D7200017B0BDE8F08F00BF005E0100FD9B020056
:10D7300001DC840015DC84005DD98400BDD984003F
:10D7400010A7880010B50446002828D003681449A3
:10D7500018682246FCF7FFFC236A1BB104F1200085
:10D76000E4F396F0E3691BB104F11C00E4F390F0DC
:10D77000A3691BB104F11800E4F38AF063691BB1DB
:10D7800004F11400E4F384F023691BB104F11000E8
:10D79000E4F37EF02046BDE81040E9F38BB610BDFF
:10D7A0008A570100036830B5DB690546586D87B0BC
:10D7B00000012430E9F372F60446002838D003460D
:10D7C00043F8245BC36004F11001D5F83806E4F394
:10D7D00049F068BBD5F8380604F11401E4F342F0CF
:10D7E00030BBD5F8380604F11801E4F33BF0F8B982
:10D7F000D5F8380604F11C01E4F334F0C0B9D5F8CB
:10D80000380604F12001E4F32DF088B94FF4856364
:10D8100063600B4B019000930A4B039002930490BA
:10D82000059009492868094A2346FCF7EFFC18B11E
:10D830002046FFF787FF0024204607B030BD00BF19
:10D84000C10B85007513850080E688008A570100AA
:10D85000F0B5D0F828410068A568C069406D8542E0
:10D8600011D2E7682E01B8194360059B013583602A
:10D87000069BBA51C3606068A560C31C591821F0AB
:10D8800003016160F0BD6FF01500F0BDD0F82831E4
:10D890001869E3F3C3B7D0F8280110B10069E4F3C5
:10D8A0001FB07047D0F82831D869E3F3B7B7D0F884
:10D8B0002831D869E4F314B0D0F82831186AE3F3BA
:10D8C000ADB7D0F82831186AE4F30AB073B505464D
:10D8D0002EF058DC0446B8B12B684FF00052C5F862
:10D8E0006802009293F82F202846019221460022D8
:10D8F00004332EF0D3D9064650B9284621462FF0DE
:10D90000B1DB064620B901E06FF01A0630467CBD57
:10D91000284621462FF01EDBF8E7F8B51F460368BE
:10D920000D461E691146D6F880001446E5F32AF428
:10D9300040B3B84224D121460022D6F88000E5F356
:10D9400015F4287021460122D6F88000E5F30EF484
:10D95000687021460222D6F88000E5F307F4A8702B
:10D9600021460322D6F88000E5F300F4E870D6F8EB
:10D97000800021460422E5F3F9F328710120F8BD67
:10D980004FF0FF30F8BD000038B50446B8B1036869
:10D990000B4918682246FCF7DEFB606B08B1E9F31F
:10D9A00089F5D4F880000025656318B1E9F382F5A4
:10D9B000C4F880502046BDE83840E9F37BB538BD57
:10D9C000915701002DE9F04105698CB0074684208C
:10D9D000E9F364F50446002800F0D28107603C209A
:10D9E000E9F35CF58046002800F0CA813B69012616
:10D9F00080F8386080F8396043603B6A04603146E3
:10DA00001869ECF77EFAD8F80430B649D3F88000EC
:10DA1000E5F3A0F3D8F80430C8F81400B249D3F8FD
:10DA20008000E5F397F3D8F80430C8F81800AF4940
:10DA3000D3F88000E5F38EF3D8F80430C8F81C0062
:10DA4000AB49D3F88000E5F385F3D8F80430C8F883
:10DA50000800A849D3F88000E5F37CF3D8F8043037
:10DA6000C8F81000A449D3F88000E5F373F3A34B82
:10DA7000C8F80C00C4F880800093A14BA149019321
:10DA8000A14BA24A0293A24B0393A24B0493A24B35
:10DA9000059338682346FCF7B9FB8046002840F020
:10DAA0006F8184F82C003B699C49D3F88000E5F332
:10DAB00051F384F86F003220E9F3F0F40746606315
:10DAC000002800F05D8141460A2206A8E4F3CAF46A
:10DAD0000C238DF8193099238DF81A30A6238DF870
:10DAE0001B3008238DF81E30B7238DF81F30E2233A
:10DAF0008DF820308A4AC4238DF821308DF81860C3
:10DB00008DF81D601068516809AB03C312898549FF
:10DB10001A80854B3E70A363844B84F85A80E3637C
:10DB2000636B9E71D5F88000E5F338F3002800F0B0
:10DB300093807C49D5F88000666BE5F30BF3707039
:10DB40007B49D5F88000666BE5F304F3B070794942
:10DB5000D5F88000666BE5F3FDF2F0707649D5F8F4
:10DB60008000666BE5F3F6F230717449D5F88000F9
:10DB7000666BE5F3EFF270717149D5F88000666B62
:10DB8000E5F3E8F2F0716F49D5F88000666BE5F3D4
:10DB9000E1F2B0716C49D5F88000E5F3DBF284F86E
:10DBA00044006A49D5F88000666BE5F3D3F2307221
:10DBB0006749D5F88000666BE5F3CCF27072616B53
:10DBC00005230A31634A2046FFF7A7FE616B052350
:10DBD0000F3186B2604A2046FFF79FFE616B052336
:10DBE000143136185D4A2046FFF797FE616BB6B2D6
:10DBF0001931052336185A4A2046FFF78EFE616B0D
:10DC0000B6B236180B7AB6B2B34225D11E3105230F
:10DC1000544A2046FFF781FE616B0523233186B20B
:10DC2000514A2046FFF779FE616B052328313618EB
:10DC30004E4A2046FFF771FE616BB6B205233618D7
:10DC40002D3120464A4AFFF768FE636BB6B236189C
:10DC50005B7AB6B2B34225D0626B00235370626B1D
:10DC60000C219370626BD370626B1171616B022235
:10DC70004A71A86F616B0068C871616B0A72616B51
:10DC80004A72606B812284F8402006A90A2284F837
:10DC900041300A30E4F362F3606B09A91E300A22B6
:10DCA000E4F35CF3626BAB6FD27900211A6004F18C
:10DCB0004D000822E4F3D6F3002384F8583084F8AA
:10DCC0005930A4F85630D5F880002A49E5F366F2B9
:10DCD000002851D0D5F880002649E5F33BF284F8BE
:10DCE0005F0051E0E49D0200D19C0200FA9C02001A
:10DCF0000A9E0200629D0200D09D0200512885000C
:10DD000085DA0000A4E68800E12B85009157010028
:10DD1000D52B8500A45701006DD30000989E02000A
:10DD20003B380100479E02001127850089278500A6
:10DD3000919D0200319E02001B9E0200F39D020095
:10DD4000E29C0200A89D02004E9D0200819D0200FF
:10DD50003D9D02000D9D02001D9D02002D9D0200B3
:10DD6000719D0200549E0200659E0200769E020094
:10DD7000879E0200BD9D0200BA2384F85F3003E055
:10DD80002046FFF701FE002420460CB0BDE8F081DC
:10DD900030B5044685B0002840D0D0F8201131B10C
:10DDA00003689868F5F3F8F60023C4F82031236877
:10DDB0001A6892F82F2022B3D3F8240101A9002277
:10DDC0005EF0A2DA0FE043685A060CD5D4F8305161
:10DDD000451904E00368C5F81031E9F36BF3D5F891
:10DDE00010010028F6D1236801A9D3F824015EF0C0
:10DDF000A1DA0028E7D104E00368C4F84431E9F36C
:10DE000059F3D4F844010028F6D12368044918686E
:10DE10002246FCF7A0F92046E9F34CF305B030BDEB
:10DE20005DB3890030B5054687B04FF4A670E9F3BD
:10DE30002FF30446002875D000214FF4A672E4F3B6
:10DE400011F33C4B256000933B4B3C4A019300236C
:10DE5000029303920493059328683949394A23466B
:10DE6000FCF7D4F900285DD12B6A1A68022A05D183
:10DE70005B7D002B0CBF1623302300E030232218DB
:10DE80004430B0F5887F1374EED1A8682E492A4635
:10DE90000023F5F399F6C4F82001002842D04FF48E
:10DEA0007A7345F27352C4F81C31A4F83C21002364
:10DEB0004622C4F84431A4F83E2128468DE82800C3
:10DEC0004FF48A71214A224B03F008FF0028C4F85E
:10DED000300127DB1F4BD5F894068DE8180005218B
:10DEE000B0221D4B00F008FFE0B91C4BD5F894069A
:10DEF0008DE818000521B222194B00F0FDFE88B90B
:10DF0000D5F894060A21B022164B009401F0A4F92A
:10DF100040B9D5F8C006B021134A144B009401F063
:10DF200005FC18B12046FFF733FF0024204607B058
:10DF300030BD00BF9150850011658500654E85009C
:10DF400018E888005DB389005549850011568500A1
:10DF5000ED558500955D8500E94A8500D15C850019
:10DF6000514A850095538500854E8500994E850060
:10DF700010B5044630B133F091DE2046BDE81040C4
:10DF8000E9F398B210BD10B504462420E9F386F2F7
:10DF900000B1046010BD000010B50446E0B1436854
:10DFA0000E4918682246FCF7D6F8D4F83C01FFF772
:10DFB000DFFFD4F83401FFF7DBFFD4F89C0008B191
:10DFC000E9F378F2D4F8940008B1E9F373F220464B
:10DFD000BDE81040E9F36EB210BD00BFBC570100B0
:10DFE0002DE9F041754B00271F60754B056888B01F
:10DFF00006461F604FF4A070E9F34AF20446002879
:10E0000000F0D78039464FF4A072E4F32BF284E895
:10E0100060003046C6F85841FFF7B5FF8046C4F8A7
:10E02000340130B13046FFF7AEFF8046C4F83C0102
:10E0300020B92046E9F33EF24446BAE07F210422AB
:10E0400004F14400E4F30EF27F21042204F1700095
:10E05000E4F308F2042207A83946E4F303F2336834
:10E0600093F87C20D3F8D800012A13D95549E5F359
:10E0700095F0014658B107A80322E4F3CBF207A8B4
:10E08000042137F0B7D990B107A84F490CE007A891
:10E090004E4909E04E49E5F35DF00928034606D8EC
:10E0A0004C4907A801EB83010322E4F3B3F20322F6
:10E0B00007A904F10800E4F3ADF233684649D3F848
:10E0C000D800E5F347F0D5F8D43041F26B02196B74
:10E0D000E06091420ED19B6A8B2B01D0902B09D12D
:10E0E000022807D107A83D490422E4F36FF208B9DA
:10E0F0000323E360D5F8D43041F26B02196B9142EF
:10E100000DD19B6A932B0AD107A835490422E4F369
:10E110005DF220B9E368042B01D10623E360D5F852
:10E12000D43041F26B02196B914218D19A6A40F2D5
:10E1300035139A4213D107A82A490422E4F346F280
:10E1400058B107A828490422E4F340F228B107A8EF
:10E1500026490422E4F33AF208B91323E3600025C8
:10E16000EAF786FF35F058DF07A90422C4F8945077
:10E17000C4F89850C4F89C50C4F8A050C4F8A450F7
:10E1800084F8F450204633F0C3DE194B30688DE834
:10E1900028001849184A23460295039504950595C9
:10E1A000FCF734F828B12046C6F85851FFF7F4FEC2
:10E1B0002C46204608B0BDE8F08100BFB4650100E0
:10E1C000B8650100A89E0200BF57010041B5890053
:10E1D000AE9E020094E98800B19E0200C257010081
:10E1E00068EB880078E9880080E9880084E9880085
:10E1F000F16D85003CE98800BC57010030B505464B
:10E2000087B00C20E9F34AF10446D0B1114B056008
:10E210004FF49071009301900722D5F894060E4BAD
:10E2200000F0DEFC80B90D4B01900093029003904A
:10E23000049005900A4928680A4A2346FBF7E6FF3E
:10E2400010B9204607B030BD2046E9F333F1002471
:10E25000F7E700BFC19D8500299B8500659B850070
:10E26000ECED880034590100036810B504460549F7
:10E2700018682246FBF76FFF2046BDE81040E9F31F
:10E2800019B100BF3459010070B5054686B00C20A5
:10E29000E9F304F10446002863D0056000260190EC
:10E2A00004212846334A344B0096FFF7D1FAB04296
:10E2B000606059DB04212846304A314B00960194B6
:10E2C00003F00CFDB042A0604EDB28462D492246EB
:10E2D000FFF7DCFA002847D12B4BD5F894068DE8E0
:10E2E00018004FF490712522284B00F079FC00288B
:10E2F0003AD1274BD5F894068DE818004FF4907169
:10E300003C22244B00F06CFC00282DD1D5F894065B
:10E3100005219C22204B009500F036FF002823D1D8
:10E32000D5F89406802125221C4B009400F070FD46
:10E33000D0B9D5F8940680213C22194B009400F006
:10E3400067FD88B9174B01900093174B0390029318
:10E350000490059015492868154A2346FBF756FF97
:10E3600010B9204606B070BD2046E9F3A3F00024A2
:10E37000F7E700BF51A3850011A3850059A78500C9
:10E3800045A78500CDA38500E5A98500F1A38500FB
:10E3900015AA850019A4850031A28500D1A28500A7
:10E3A000F1A2850009A58500E1A9850028EE880075
:10E3B00050B9890038B505680446224628680649E0
:10E3C000FBF7C9FE284605492246FFF764FA2046B6
:10E3D000BDE83840E9F36EB050B98900CDA385009F
:10E3E000024602490068FBF7B6BE00BF3A59010079
:10E3F00030B50D4B87B00093002304460193029380
:10E400000393049305930949094A23460068FBF7DF
:10E41000FDFE002814BF4FF0FF350025204638F0E0
:10E4200071D8284607B030BDA1B08500445901001D
:10E430003A5901002DE9F043064687B038200F46CF
:10E4400091469846E9F324F00446002838D000218C
:10E450003822E4F307F0D7F83C0640211A4A04F1C9
:10E460002003F5F711FB054620B12046E9F322F021
:10E47000002425E0154BC4F81C80A760C4F80C905C
:10E480002661134900930190029003900490059037
:10E49000234630460F4AFBF7B9FE034660B9E068F1
:10E4A0000D492246F5F390F30546A06140B9206975
:10E4B0000A492246FBF74FFE2046E8F3FBF72C46BD
:10E4C000204607B0BDE8F08314C68900EDB485008E
:10E4D00058EE8800B89E02004DB585005C590100D9
:10E4E00010B5044638F042DA0F4920692246FBF79E
:10E4F00032FEA16961B1237D23B1E068F5F3E0F25A
:10E5000000232375E068A169F5F346F30023A361B6
:10E51000A36804F12001D3F83C06F5F7C1FA2046C0
:10E52000E8F3C8F7002010BDB89E020010B50446FD
:10E53000C0B122460C494068FFF7C3F92246606823
:10E540000A4903F00EFE224660680949FFF7A3F965
:10E55000A06808492246FBF7FEFD2046BDE81040B2
:10E56000E8F3A8B710BD00BF21BF850081C58500B5
:10E5700029BB85006359010070B5054686B0182097
:10E58000E8F386F70446002800F0E980002118220D
:10E59000E3F368F72B680022A360AB686560E36073
:10E5A0006B68042123610423A38228466D4B8DE808
:10E5B0001400FFF74DF900282060C0F2CC802846F7
:10E5C00069492246FFF778F9002840F0C4802846C0
:10E5D00066492246FFF75AF9002840F0BC802846D9
:10E5E0006349224603F0B8FD002840F0B480614B37
:10E5F0000190009302900390049005905E49286872
:10E600005E4A2346FBF702FE002840F0A4805C49E6
:10E610000322D5F8BC063CF039DA5A4E5A49022298
:10E62000D5F8C0063CF032DAD5F89406B021302295
:10E63000564B0096019400F051FA002840F08B8070
:10E64000534BD5F894068DE8180040F605013622A4
:10E65000504B00F0C5FA00287DD14F4BD5F89406F9
:10E660008DE8180040F6040137224C4B00F0B8FA50
:10E67000002870D1D5F8BC063021444A33460094B6
:10E6800001F009F8002866D1D5F8BC063621414AC8
:10E690003F4B009400F0FFFF00285CD1D5F8BC068A
:10E6A00037213E4A3C4B009400F0F5FF002852D140
:10E6B000D5F8C00639213A4A3A4B009400F0EBFFF6
:10E6C000002848D1D5F89406C0213622364B009454
:10E6D00000F03CFD00283ED13021D5F894060A46D2
:10E6E000324B009400F094FB002834D1D5F8940606
:10E6F00040F60A0136222E4B009400F027FD50BB55
:10E70000D5F8940640F60A0137222A4B009400F00F
:10E710001DFD00BBD5F8940630213922264B00940C
:10E7200000F014FDB8B9D5F8BC0630211F4A2346C5
:10E7300001F044F878B9D5F8BC0636211C4A2346C6
:10E7400001F03CF838B9D5F8BC063721194A234600
:10E7500001F034F818B12046FFF7E8FE0024204607
:10E7600006B070BDA1BA850021BF850029BB850018
:10E7700081C5850035BC850080EE880063590100A5
:10E780007CEE880019BA8500A4EE880071B8850077
:10E7900085C68500A5BB8500C1C5850035BB850044
:10E7A00021BC8500DDC68500C9C4850005C2850081
:10E7B000C9C0850011C0850035C1850008B1E8F3E6
:10E7C00079B6704737B505463820E8F367F6044652
:10E7D00050B14FF0FF33056005490193054A064BE0
:10E7E000009539F0ABDD01E0FFF7E8FF20463EBDC4
:10E7F000E9CD8500F1CD8500E1CD850070B50546F8
:10E8000086B01020E8F344F60446002838D00021F2
:10E810001022E3F327F6002625600121C5F8CC4637
:10E820002846194A194B00960194FFF711F8B04297
:10E83000E06021DB164B28688DE848001549164A30
:10E8400023460296039604960596FBF7DFFC98B9DB
:10E85000124BD5F894068DE828000521BE22104BF6
:10E8600000F04AFA40B9D5F89406C021BE220D4BFB
:10E87000009500F0F1FC18B12046E8F31BF60024E7
:10E88000204606B070BD00BF8DD0850089D08500C0
:10E89000E1CF8500A8EE8800BF9E02005DD0850014
:10E8A0003DD0850091D0850010B5044688B103792C
:10E8B00023B18068E8F3FEF500232371236805493E
:10E8C00018682246FBF747FC2046BDE81040E8F3F5
:10E8D000F1B510BDBF9E020008B1E8F3EBB570477B
:10E8E00037B505460420E8F3D3F50446002855D093
:10E8F0002D4B056040F23F11009301902D22D5F879
:10E9000094062A4B00F06CF9002847D1284BD5F823
:10E9100094068DE818004FF495713D22254B00F0C8
:10E920005FF900283AD1244BD5F894068DE81800F9
:10E930004FF495714A22214B00F052F970BB204BE5
:10E94000D5F894068DE81800152150221D4B00F0D3
:10E95000D3F918BBD5F8940605212D221A4B009443
:10E9600000F0F4FBD0B9D5F89406C0212D22174B46
:10E97000009400F0EBFB88B9D5F89406C0213D2245
:10E98000134B009400F0E2FB40B9D5F89406C02187
:10E990005022104B009400F05FFC18B12046FFF7A6
:10E9A0009BFF002420463EBDC5D28500CDD085000A
:10E9B00011D38500E1D085000DD38500DDD0850021
:10E9C00071D28500B5D0850041D1850001D2850086
:10E9D00021D285007DD1850010B50446A0B1036821
:10E9E000806F00225A6108B1E8F364F5D4F898000A
:10E9F00008B1E8F35FF5606808B1E8F35BF520461D
:10EA0000BDE81040E8F356B510BD2DE9F0410446CD
:10EA10004FF4B6700D4616469846E8F33FF50746A4
:10EA200010B940F2F2331EE004608560C660282011
:10EA3000E8F334F5B86710B940F2F33313E0582027
:10EA4000E8F32CF5C7F8980040B12C30C7F89C00CB
:10EA50003020E8F323F5786060B902E04FF47D736D
:10EA600001E040F2F5333846C8F80030FFF7B4FF54
:10EA7000002703E00023C8F8003060613846BDE895
:10EA8000F0810023C218D2F8C020CA500433182BDA
:10EA9000F8D170474FF4C863C0F864366823C0F8F3
:10EAA00068364FF48073C0F86C360223C0F87036B5
:10EAB000C0F874367047000010B5044650B10368C2
:10EAC000054918682246FBF746FB2046BDE8104082
:10EAD000E8F3F0B410BD00BF0D5A010001F0F001E1
:10EAE0002DE9F04F0E110168B0F81080096889B067
:10EAF000C9699446D1F8C010079388450446B0F818
:10EB000012A0838AC78AB2B25CDA817900295CD10B
:10EB1000324D05EBC200808806E055F8329019F8B6
:10EB20000190E14502D001318142F6D381424FD0BC
:10EB3000E71937F812B0013237F81250A2444545B0
:10EB400023441AD2C5EB080805F101090AEB0501B7
:10EB500042460AEB0900CDF814C00693E3F35EF4D5
:10EB6000069B0C2202FB093002FB053102FB08F276
:10EB7000E3F354F4DDF814C0069B3146002207E0AD
:10EB800007EB460030F802E00EF1010E20F802E03B
:10EB9000013102320D29F3D91299CBEB0502009114
:10EBA00013990AEB0B0001910C2101FB0B3192B27E
:10EBB000079BCDF808C000F0A1FB238A0020013399
:10EBC000238207E06FF0150004E06FF0160001E00B
:10EBD0006FF01D0009B0BDE8F08F00BF685901005B
:10EBE0002DE9F347DDF82890DDF82CA007460E4606
:10EBF00015469846002456FA04F3DB070AD521018E
:10EC0000384601F0F0012A4643468DE80006FFF73A
:10EC100065FF18B901340D2CEDD10020BDE8FC874B
:10EC20002DE9F04F89B007920268B0F81880126899
:10EC30009C46D2690446D2F8C420B0F81AA0904588
:10EC4000838BC78B50DA8279002A50D101F0F0060D
:10EC50003611C719B2B237F812B0013237F8125074
:10EC60008244454503441AD2C5EB080805F1010961
:10EC70000AEB050142460AEB0900CDF814C00693E1
:10EC8000E3F3CCF3069B0C2202FB093002FB0531B7
:10EC900002FB08F2E3F3C2F3DDF814C0069B314631
:10ECA000002207E007EB460030F802E00EF1010E0B
:10ECB00020F802E0013102320D29F3D91299CBEB91
:10ECC0000502009113990AEB0B000191079992B28A
:10ECD00002910C2101FB0B31634600F00FFB238BEB
:10ECE00000200133238304E06FF0150001E06FF092
:10ECF000160009B0BDE8F08F2DE9F347DDF8289044
:10ED0000DDF82CA007460E4615469846002456FA14
:10ED100004F3DA070AD52101384601F0F0012A464A
:10ED200043468DE80006FFF77BFF18B901340D2C30
:10ED3000EDD10020BDE8FC872DE9F04F89B00792A6
:10ED40000268B0F8308012689C46D2690446D2F856
:10ED50000021B0F832A09045838EC78E50DA8279B8
:10ED6000002A50D101F0F0063611C719B2B237F8B7
:10ED700012B0013237F812508244454503441AD28A
:10ED8000C5EB080805F101090AEB050142460AEB4B
:10ED90000900CDF814C00693E3F340F3069B0C2260
:10EDA00002FB093002FB053102FB08F2E3F336F304
:10EDB000DDF814C0069B3146002207E007EB460051
:10EDC00030F802E00EF1010E20F802E001310232CB
:10EDD0000D29F3D91299CBEB0502009113990AEB97
:10EDE0000B000191079992B202910C2101FB0B31AA
:10EDF000634600F083FA238E00200133238604E06B
:10EE00006FF0150001E06FF0160009B0BDE8F08F5B
:10EE10002DE9F04F87B005920268B0F820801268A3
:10EE20009C46D2690446D2F8C820B0F822A090458A
:10EE3000838CC78C4CDA8279002A4CD101F0F00621
:10EE40003611C719B2B237F812B0013237F8125082
:10EE500082444545034419D2C5EB080805F1010970
:10EE60000AEB050142460AEB0900CDF80CC00493F9
:10EE7000E3F3D4F2049B4FEAC80203EBC90003EBAF
:10EE8000C501E3F3CBF2DDF80CC0049B3146002250
:10EE900007E007EB460030F802E00EF1010E20F823
:10EEA00002E0013102320D29F3D91099CBEB0502B2
:10EEB000009105990AEB0B00019192B203EBCB0193
:10EEC000634600F02BFA238C00200133238404E0F6
:10EED0006FF0150001E06FF0160007B0BDE8F08F8D
:10EEE0000368F0B5DB690C25B3F8C020064605FBC6
:10EEF00002F4433222F003020134A418B3F8C42010
:10EF00004FF6FE7102F11F006A4321404118501C68
:10EF10004FF6FC720A408218B3F800014FF6FE71FA
:10EF200000F11F046843114061184FF6FC72013074
:10EF30000A408218B3F8C8004FF6FE7100F11F04B2
:10EF400011406118C0004FF6FC7201300A4082186F
:10EF5000B3F8CC004FF6FE7100F11F0411406118A8
:10EF6000C0004FF6FC720A40B3F80431013080183B
:10EF70004FF6FE7203F11F010240DB008A18591C94
:10EF80004FF6FC731340CB184FF6FE771F401C372B
:10EF9000BFB287B03846E8F37BF20446002800F0A1
:10EFA000BC8000213A46E3F35DF24023638233687C
:10EFB0004FF6FC72DB692660B3F8C010A78001F140
:10EFC0004300024005FB0121A28201314FF6FE728F
:10EFD0000A40B3F8C410E2821C3292B2C81C101866
:10EFE00062834FF6FC72024005FB0121A2830131CE
:10EFF0004FF6FE720A40B3F80011E2831C3292B25F
:10F00000C81C101862864FF6FC72024005FB0121F5
:10F01000A28601314FF6FE720A40B3F8C810E286AC
:10F020001C3292B2C81C101862844FF6FC72024067
:10F0300002EBC1010131A2844FF6FE720A40B3F81F
:10F04000CC10E2841C3292B2C81C101862854FF6B4
:10F05000FC72024002EBC1010131A2854FF6FE7243
:10F060000A40B3F80411E2851C3292B2CB1C6287CD
:10F07000D2184FF6FC731340A38703EBC10301338F
:10F080004FF6FE721A40E2870025274F57F83530B9
:10F0900063B1264B29018DE81800DD22204601F0DE
:10F0A000F001234BFFF71AFD002836DB01350D2D4B
:10F0B000EBD1002557F8353053B12901DD22204628
:10F0C00001F0F0011B4B0094FFF7A2FE002824DBA7
:10F0D00001350D2DEED1184BB0218DE81800FF221F
:10F0E0002046164BFFF7FAFC002816DBB021FF2262
:10F0F0002046134B0094FFF78BFE00280DDB114BCD
:10F10000002102933068104A234600910191039137
:10F1100004910591FBF77AF818B12046FFF7CCFC73
:10F120000024204607B0F0BD685901000DD58500C8
:10F1300061D58500ADD58500F1E0000043E1000018
:10F1400091E0000099D485000D5A01002DE9F743A4
:10F15000DDF8289007460E4615469846002456FAD4
:10F1600004F3D8070AD52101384601F0F0012A46F8
:10F170004346CDF80090FFF74BFE18B901340D2C33
:10F18000EDD10020BDE8FE832DE9F04F87B0059258
:10F190000268B0F8288012689C46D2690446D2F80A
:10F1A000CC20B0F82AA09045838DC78D4CDA8279A7
:10F1B000002A4CD101F0F0063611C719B2B237F867
:10F1C00012B0013237F8125082444545034419D237
:10F1D000C5EB080805F101090AEB050142460AEBF7
:10F1E0000900CDF80CC00493E3F318F1049B4FEA37
:10F1F000C80203EBC90003EBC501E3F30FF1DDF82F
:10F200000CC0049B3146002207E007EB460030F8B3
:10F2100002E00EF1010E20F802E0013102320D2968
:10F22000F3D91099CBEB0502009105990AEB0B007D
:10F23000019192B203EBCB01634600F06FF8238D8E
:10F2400000200133238504E06FF0150001E06FF02A
:10F25000160007B0BDE8F08F2DE9F743DDF82890E0
:10F2600007460E4615469846002456FA04F3DB0777
:10F270000AD52101384601F0F0012A464346CDF86F
:10F280000090FFF781FF18B901340D2CEDD100205B
:10F29000BDE8FE832DE9F047089F9A4604469DF895
:10F2A0002460034600250CE013F8010B86420AD0C7
:10F2B0001DB113F802ECB64501D2864203D90135DF
:10F2C000ADB29542F0D1AA4207FB05180ED9C5EBA5
:10F2D0000209414607FB09F208EB0700E3F39EF041
:10F2E000681C201861194A46E3F398F040465146DD
:10F2F0003A46E3F333F06655BDE8F0877FB50393F4
:10F30000089B0493099B05930C2300939DF82830D8
:10F31000019303ABFFF7BEFF07B000BD1FB502931B
:10F32000069B0393082300939DF81C30019302ABC6
:10F33000FFF7B0FF05B000BD37B5254BD0F89456A8
:10F3400004460093019040F23F1128467F22214B52
:10F35000FFF746FC00283AD11F4B28468DE81800DD
:10F3600041F63F5140221D4BFFF7C6FC78BB1C4BBA
:10F3700028468DE8180040F63F119822194BFFF7F8
:10F38000BBFC20BB184B28468DE8180040F22F111B
:10F39000A822164BFFF7B0FCC8B9284640F20F115F
:10F3A0007F22134B0094FFF7D1FE80B9284640F22C
:10F3B0000F1198220F4B0094FFF74EFF38B92846E3
:10F3C00040F20F11A8220C4B0094FFF745FF3EBD01
:10F3D00055F0850081EC8500A1F08500A1EC850049
:10F3E00009F0850007E2000019F1850015ED8500A0
:10F3F000C5ED850085ED850001EE850037B5104B24
:10F40000D0F8945604460093019005212846002226
:10F410000C4BFFF7E5FB90B90B4B28468DE8180025
:10F4200005210122094BFFF7DBFB40B9084B2846B9
:10F430008DE8180005213222064BFFF7D1FB3EBDB7
:10F4400049E7850011E7850065E785001DE7850030
:10F450002DE7850001E7850037B5254BD0F8945698
:10F460000446009301904FF4907128460022214BEE
:10F47000FFF7B6FB00283AD11F4B28468DE818004D
:10F480004FF4907101221D4BFFF7AAFB78BB1C4B78
:10F4900028468DE818004FF490713222194BFFF77F
:10F4A0009FFB20BB184B28468DE818004FF4907145
:10F4B0000322164BFFF794FBC8B9154B28468DE87D
:10F4C00018004FF490710622124BFFF789FB70B9B8
:10F4D000284680210522104B0094FFF799FC30B993
:10F4E0002846802105220D4B0094FFF791FC3EBD7C
:10F4F00001EC850089E985003DEC850091E98500F6
:10F50000A5EB850045E9850079EB850031E98500AB
:10F51000CDEB850061E985009DE9850019EB85004B
:10F5200037B5154BD0F8945604460093019040210E
:10F5300028460022114BFFF7D1FAE0B9104B2846BC
:10F540008DE81800402101220E4BFFF7C7FA90B951
:10F550000D4B28468DE81800402132220B4BFFF757
:10F56000BDFA40B90A4B28468DE818004021032215
:10F57000084BFFF7B3FA3EBD8DF2850031F28500EE
:10F58000A5F285003DF2850071F2850021F285002B
:10F5900049F2850011F2850037B50A4BD0F8945630
:10F5A000044600930190B02128461022064BFFF735
:10F5B00095FA30B92846B0211022044B0094FFF789
:10F5C00027FC3EBD65E8850081E78500ADE7850045
:10F5D00037B5D0F8945604460090C0212846002242
:10F5E000114BFFF7B3FDF0B92846C02101220F4BA4
:10F5F0000094FFF7ABFDB0B92846C02106220C4BA2
:10F600000094FFF7A3FD70B92846C021A822094B3A
:10F610000094FFF721FE30B92846C0219822064BFE
:10F620000094FFF719FE3EBDF9F2850021F3850035
:10F63000D9F285003DF38500C1F2850010B504467E
:10F6400050B10368054918682246FAF784FD204640
:10F65000BDE81040E7F32EB710BD00BFAA5A010065
:10F6600038B505460C20E7F313F7044638B10021FE
:10F670000C22E2F3F7F60C232560A38001E0FFF7EC
:10F68000DDFF204638BD28B18368DA88013ADA8088
:10F69000E7F310B770472DE9F04F9B46038B87B017
:10F6A000C518C65AB5F80480438AC6EB08089845C1
:10F6B00005919446878AB0F816A032DA6C88C7198B
:10F6C0004445824416DAC4EB080804F101093919EB
:10F6D000424607EB0900CDF810C0E2F39FF60C227A
:10F6E00002FB09A002FB04A102FB08F2E2F396F67A
:10F6F000DDF810C06B88A21B01336B80AB880C2136
:10F700000133AB80109BB8190193059B01FB06A147
:10F71000029392B26346CDF800B0FFF7EFFD0020F0
:10F7200001E06FF0150007B0BDE8F08F2DE9F04F54
:10F730009B46038B9446C518AC8830F80380428AF8
:10F74000C8EB040387B093420591878AB0F816A0EE
:10F750002FDA9C42074482446E8816DAC8F100080A
:10F7600004F101093919424607EB0900CDF810C030
:10F77000E2F354F60C2202FB09A002FB04A102FBF7
:10F7800008F2E2F34BF6DDF810C0AB88A21B0133A0
:10F79000AB80109B0C210193059BB819029301FBD0
:10F7A00006A192B26346CDF800B0FFF7A7FD002096
:10F7B00001E06FF0150007B0BDE8F08F2DE9F04FC4
:10F7C0009B46038C85B0C518C65AB5F80480438B98
:10F7D000C6EB0808984503919446878BB0F81EA0A5
:10F7E0002EDA6C88C7194445824415DAC4EB080840
:10F7F00004F101093919424607EB0900CDF808C0A8
:10F80000E2F30CF60AEBC9000AEBC4014FEAC802A6
:10F81000E2F304F6DDF808C06B88A21B01336B80AD
:10F82000AB88B8190133AB80039B0AEBC601019387
:10F8300092B26346CDF800B0FFF770FD002001E002
:10F840006FF0150005B0BDE8F08F00002DE9F04F16
:10F85000036885B003931B681546DB69C288D3F83B
:10F86000D03007469A420E465BDA09B14E1CB6B25A
:10F870000DB10135ADB206F127034FF6FC7A03EA6C
:10F880000A0A0C2303FB06A34FF6FE78013303EAB2
:10F89000080808F10903EB184FF6FC7B03EA0B0B91
:10F8A0000BEBC50201324FF6FE73134003F106095C
:10F8B0001FFA89F948460293E7F3EAF5044600285F
:10F8C00030D000214A46E2F3CDF5029B0399238410
:10F8D000FB88A4F81880242208F10608013321606F
:10F8E000A760A4F81090A282A4F816A0A4F81C8027
:10F8F000A4F81EB066826583FB8046B1DD212046F8
:10F900000C4A0D4B0094FFF7C6FE00280ADB6DB1D0
:10F91000DD212046094A2346FFF750FF002805DA7B
:10F9200000E000242046FFF7AEFE0024204605B08C
:10F93000BDE8F08F85F5850041F58500BDF58500B2
:10F940007FB50A4A03460092002201920292039276
:10F95000049205920649074A0068FAF757FC002806
:10F9600014BF4FF0FF30002007B000BD991E860085
:10F9700078F08800AE5A0100024602490068FAF7A2
:10F98000EABB00BFAE5A010010B5044648B1036897
:10F9900021461868FAF7FEFC2046BDE81040E7F360
:10F9A00089B510BD37B505460820E7F377F504465D
:10F9B000A0B10560002201900C2128460A4B00925C
:10F9C000FDF746FF0028606008DB084B28680093BD
:10F9D0002146074A0423FAF76CFC18B12046FFF7CA
:10F9E000D3FF002420463EBD1D2686002CF1880052
:10F9F0003126860010B50446C06818B1E7F35AF501
:10FA00000023E36010BD10B50446A020E7F340F5E5
:10FA100070B1E060A06000F19002034610339342A1
:10FA200043F8103CFAD10023C0F89030184610BDBE
:10FA30006FF01A0010BD000038B50446002852D0FF
:10FA4000002105683FF04EDA20463FF02BD863696D
:10FA500033B12046002141F015DA606938F044DC0A
:10FA6000A36933B12046012141F00CDAA06938F0D6
:10FA70003BDC236933B12046022141F003DA2069DF
:10FA800038F032DCE36F33B12046032141F0FAD97C
:10FA9000E06F38F029DC204641F09AD9D4F898007C
:10FAA000E7F308F501E03EF027DEE1692046002992
:10FAB000F9D1FFF79FFFD5F8440118B10A492A464A
:10FAC00000F08FF9286809492246FAF744FBD4F878
:10FAD000A8301BB104F1A800E1F3DAF62046BDE836
:10FAE0003840E7F3E7B438BD11428600F4C8890016
:10FAF00030B5054687B0B020E7F3CAF404460028C5
:10FB000000F099800021B022E2F3ACF40A2384F8DB
:10FB10004330012384F84830FF2384F8203084F8F0
:10FB2000213084F8223084F823302560C420E7F3A4
:10FB3000AFF4C4F8980000287DD020463FF0C4D927
:10FB400020463FF047DD2B6841F26B02D3F8D430FA
:10FB500020F07F00196BA0879142204608D19B6A54
:10FB6000932B05D13FF036DDC0F58440683001E0CD
:10FB70003FF034DDE087E38F204623F07F03E38707
:10FB80003FF02CDD41F2883222652E4A002320F01E
:10FB90007F00A4F84000E36400922B4A0493019292
:10FBA0002A4A059302922A4A2868039229492A4A36
:10FBB0002346FAF72BFB00283DD1D5F8E80538F0AD
:10FBC00069DB6061002836D0D5F8E80538F062DBE3
:10FBD000A06180B3D5F8E80538F05CDB206150B354
:10FBE0002046FFF710FF30BBD5F8E80538F052DBB0
:10FBF000E06700B3012384F87830D5F8440141F27E
:10FC00007073A4F87A3020B114492A4600F0E6F85F
:10FC100088B9204601213FF065D94FF44843A365D8
:10FC20000023E36532232366D5F8380604F1A801E2
:10FC3000E1F318F618B12046FFF7FEFE0024204637
:10FC400007B030BD59348600B15286003952860063
:10FC5000ED3686004CF18800F4C889001142860018
:10FC600038B50446002827D005681449286822467C
:10FC7000FAF771FA236A1BB104F12000E1F308F6E8
:10FC8000E3691BB104F11C00E1F302F6A3691BB1A7
:10FC900004F11800E1F3FCF563691BB104F11400F1
:10FCA000E1F3F6F5284606492246FDF7F4FD204625
:10FCB000BDE83840E7F3FEB338BD00BFB0CB8900E4
:10FCC0002D62860070B5054686B03020E7F3E6F376
:10FCD0000446002859D04FF0FF3303610422FF216E
:10FCE00005600A30E2F3BEF30B2104F10E00E3F3EA
:10FCF00091F700238DE8180004212846264A274B57
:10FD0000FDF7A6FD002860603FDB28462449224617
:10FD1000FDF7BCFD002838D1D5F8386604F1140190
:10FD20003046E1F39FF500282FD1304604F1180149
:10FD3000E1F398F548BB304604F11C01E1F392F57C
:10FD400018BB304604F12001E1F38CF5E8B9154BFE
:10FD500001900093144B04900293144B059003936D
:10FD600028681349134A2346FAF750FA68B920461F
:10FD700041F09ADF20B12046012141F0C9DF20B9CE
:10FD80003223A3622623636203E02046FFF768FF65
:10FD90000024204606B070BD45638600FD628600E3
:10FDA0002D628600A962860051658600F962860090
:10FDB0003CF28800B0CB89004069E1F32FB540697F
:10FDC000E1F38EB58069E1F329B58069E1F388B587
:10FDD000C069E1F323B5C069E1F382B5006AE1F3DC
:10FDE0001DB5006AE1F37CB538B5044660B105681D
:10FDF000224606492868FAF7AEF92046E7F35AF397
:10FE00002B68002283F84E2038BD00BF54CC8900F7
:10FE100070B50368002686B0054683F84E600C2056
:10FE2000E7F33CF30446002843D0234B0560234905
:10FE30008DE848002868224A2346029603960496D5
:10FE40000596FAF7E3F9064600282ED18DE8110051
:10FE50001C2128461B4A1C4BFDF7FAFC0028606059
:10FE600023DB0C212846194A194B0096019401F016
:10FE700035FF0028A06018DB164BD5F894068DE8F6
:10FE800018000A213822144BFEF7AAFE68B9D5F8EB
:10FE900094060A213822114B0095FFF757F920B933
:10FEA0002B68012283F84E2003E02046FFF79CFFD9
:10FEB0000024204606B070BDD971860054F2880037
:10FEC00054CC8900A97186007D71860091768600E8
:10FED0005D7686007D7786001977860049778600F3
:10FEE00070B5064686B00820E7F3D2F20446A0B10A
:10FEF0000B4B0025066045600A498DE828003068F4
:10FF0000094A23460295039504950595FAF77EF96B
:10FF100018B12046E7F3CEF22C46204606B070BD5D
:10FF20004D7E860098F28800B0C6890010B5044660
:10FF300050B10368054918682246FAF70CF92046C3
:10FF4000BDE81040E7F3B6B210BD00BFB0C68900EF
:10FF500070B5044600282AD0066822463068144945
:10FF6000D6F84451FAF7F7F8224630461149FDF722
:10FF700092FC224630461049FDF799FC224628465D
:10FF80000E49FFF71CFF224628460D49FFF71DFFCB
:10FF9000224628460B49FFF71EFF28460A492246FB
:10FFA000FFF71FFF2046BDE87040E7F383B270BD46
:10FFB00035D289005D8786006D978600FD848600B6
:10FFC000E9868600CDAA8600A5928600F0B5D0F815
:10FFD000446187B005465820E7F35AF204460028EA
:10FFE00000F0938000215822E2F33CF220462021C9
:10FFF000494A40F8205BE2F39BF201274FF0FF33C0
:020000041003E7
:10000000E06184F84070A4F84C3030464349224601
:10001000FFF7D2FE002878D1304641492246FFF74B
:10002000D1FE002871D130463E492246FFF7D0FE6E
:1000300000286AD130463C492246FFF7CFFE00280F
:1000400063D1284639492246FDF72CFC0646002894
:100050005BD18DE8110004212846354A354BFDF768
:10006000F7FB0028206150DB2846394632463346EC
:1000700000960194FDF7ECFB0028606145DB04214C
:1000800028462D4A2D4B0096019401F027FE0028AA
:10009000A0613ADB28462A492246FDF7F7FB0028F3
:1000A00033D1284B03EBC60253F8363063B15268A4
:1000B00052B131018DE81400D5F8940601F0F00139
:1000C000C022FEF7ADFD00BB01360D2EE9D11E4B5F
:1000D0001E4A009300230193029203930493059315
:1000E00028681B491B4A2346FAF790F868B920464E
:1000F00046F0F6D820B12046012144F0C3D820B9FB
:10010000636C43F00403636403E02046FFF720FFC1
:100110000024204607B0F0BDB15A0100FD848600DE
:10012000E9868600CDAA8600A59286006D97860096
:100130000192860089918600059E8600F19D8600C9
:100140005D878600C49E0200198A860055AB860032
:10015000ECF2880035D2890038B50446D0B1806809
:1001600008B1E7F3A7F1236943B90EE0236953F817
:10017000350008B1E7F39EF1013500E00025E368A2
:100180009D42F3DB2069E7F395F12046BDE8384056
:10019000E7F390B138BD00002DE9F0410546182085
:1001A000E7F37CF10446002833D02B680560DB6957
:1001B0000C20DB6901335843E7F370F1A06040B3D2
:1001C0002B681820DB69DA695B6F6260E360E7F334
:1001D0005FF12061E8B1124918220026E2F3BEF077
:1001E00037460EE00E4BD4F810809B19187980002A
:1001F000E7F354F1236948F806009B59083643B1E8
:100200000137E3689F42EDDB6B68064ADC609A6069
:1002100003E02046FFF7A0FF00242046BDE8F08160
:100220002C9F0200B9BC860010B5C468A1420BDA4D
:10023000006900EBC1042479A24208DA50F83110B9
:10024000002041F8223010BD6FF0150010BD6FF096
:10025000150010BD47F06C9B10B50446FFF7FAFF80
:10026000E084000C84F82800002010BDD0F8F033A2
:1002700010B5044683B1D3F8280830B1E7F31AF17A
:10028000D4F8F0330022C3F82828D4F8F003E7F3B9
:1002900011F10023C4F8F03310BDC36B10B5044650
:1002A00083B1836B5B6B0B2B07D1D0F8E00320B1DC
:1002B000E7F300F10023C4F8E033E06BE7F3FAF072
:1002C0000023E36310BD10B504460120E7F3E0F01E
:1002D0000346E063A8B100210122E2F3C3F0A36B5F
:1002E0005B6B0B2B0CD14FF49470E7F3D1F003460A
:1002F000C4F8E00328B100214FF49472E2F3B2F0A5
:100300000123184610BD70B5044640F678100D461E
:10031000E7F3BEF0C4F8F003002831D0002140F626
:100320007812E2F39FF0B4F85220D4F8F0330026AC
:100330001A70D4F8F033204683F8B660C3F8B06082
:10034000D4F8F03383F8B460A36B83F88460A36BB4
:100350001E679E673C23C4F8BC301023C4F8C0302D
:10036000C4F8C46000F09AFFA36B022D0CBF1A6F93
:100370009A6F0020DA6684F8C36284F8C26270BDA6
:100380006FF01A0070BD0000B0F8C632F7B5044631
:100390000E46FBB10846E2F311F107461348E2F3BB
:1003A0000DF13F181037BFB23846E7F371F005463C
:1003B000B8B1B4F8C632394600930D4A3346E2F379
:1003C000B7F0E06C2946E2F3E9F607462846E7F382
:1003D00071F03FB9E06C314603B0BDE8F040E2F3A4
:1003E000DDB60746384603B0F0BD00BF8F9F020060
:1003F0007A9F0200044B1B78012B02D10020007071
:100400007047FFF7C1BF00BFFC0300002DE9F347B1
:100410001C46B0F8C632074688469146C66C002B8B
:1004200032D00846E2F3CAF082462248E2F3C6F030
:1004300082440AF1100A1FFA8AFA5046E7F328F0BC
:10044000054600282FD0B7F8C632514600931A4A05
:100450004346E2F36DF038462946FFF7CBFF0746E7
:1004600068B130462946E2F38DF640B1484506DDD5
:10047000304629464A46E2F379F6824600E0A24633
:100480002846E7F317F08FB930464146E2F37AF693
:1004900058B1484509DD304641464A4602B0BDE8FC
:1004A000F047E2F363B6824600E0A246504602B04F
:1004B000BDE8F0878F9F02007A9F020010B51446B6
:1004C000FFF798FF28B100210A46BDE81040E2F38B
:1004D00001B4204610BD000038B500220D46084981
:1004E0000446FFF7EBFFC0B22823A84284F8660356
:1004F00084F8D531CCBF84F8663384F8D50138BD93
:10050000D69F0200012238B580F860200A23826B52
:10051000002580F89E31032380F89F3180F86F53C7
:1005200080F8715380F8735380F8755380F87753CF
:1005300080F8BA5182F88A304FF6CE73A0F878323C
:1005400014491422C0F874520446FFF7B7FF124949
:1005500084F866032A462046FFF7B0FF7F2384F81D
:100560007B304FF0FF33A4F8983004F5F673C4F8ED
:100570008C31642384F858300423C4F8280384F8A9
:100580006C50C4F8E453C4F8745284F8D43184F83D
:10059000D63138BDD69F02005E9F02000022FFF7D1
:1005A0008DBF000010B517490446FFF7F7FFC0B232
:1005B00084F8E8030138C0B2FD2802D9732384F817
:1005C000E83394F8E833204684F8E9330E49FFF71E
:1005D000E5FFC0B284F8EA0308B10F2802D1052371
:1005E00084F8EA3394F8E82394F8EA33D31A84F8C9
:1005F000EB33002384F8EC3384F8EE33112384F8D2
:10060000ED3310BD849F0200E79F02002DE9F04109
:1006100005460C4617461E46FFF7ECFE38B1284645
:1006200021463A463346BDE8F041FFF7EFBE30467B
:10063000BDE8F0810023FFF7E9BF000070B501229B
:100640000D463C490446FFF739FF3B4984F86803EF
:1006500000222046FFF732FF384984F82C03072296
:100660002046FFF72BFF364984F82D032046FFF77D
:10067000C1FE88B132492046A66BFFF78FFF304993
:1006800030672046A66BFFF789FFA36BB067022D8A
:100690000CBF1A6F9A6FDA662A4900226FF0950331
:1006A0002046FFF7B3FF274984F834030122204690
:1006B0006FF09503FFF7AAFF022584F835030023A6
:1006C0002A4620461F49FFF7A1FF63190135052D72
:1006D00083F83403F3D100252A4620461A49FFF750
:1006E000A9FF631901350E2D83F85703F4D10123B7
:1006F00084F86733062220461449FFF7DFFE002204
:1007000084F8650312492046A56BFFF7D7FE11490F
:1007100085F82C0100222046FFF7D0FE002384F844
:100720003E034021204684F82433BDE87040FFF7A3
:10073000D3BE00BF6E9F0200449F0200C89F02000C
:10074000A09F0200F89F0200C19F0200959F020037
:10075000AD9F0200699F020010B5044628B10468ED
:10076000003418BF0124E6F3A5F6204610BD10B5ED
:10077000848B0C80018C118040F2DA321A8090F860
:100780003520029B01201A8010BD90F8340070477C
:10079000C06A7047836B9961704738B5044600287A
:1007A0003ED0C56D013DC565002D39D1FFF75EFD19
:1007B0002046FFF772FDD4F8801229B1A36B1869A7
:1007C00000F08CFDC4F88052002584F89551204635
:1007D00046F0E4DEA26B1368A34202D1A36C13605F
:1007E00003E09A6CA2421DD19D64D4F8943A0BB1F7
:1007F00020469847A36B186951F094D8D4F8E413B5
:1008000020B141B1204647F08FD804E019B1A36B65
:10081000986852F0CDDC2046E6F34CF6002038BD57
:10082000012038BD012038BD2DE9F0478A4600215E
:1008300004461546C0680A4676469946EBF3DCF650
:10084000804600070CD5276857B1BB6BC7F84C90A2
:100850001869F96A51F02CD8FB6D0133FB65CEE0C5
:100860004FF42F60E6F314F6074628B96FF01A002C
:10087000314648F0A3DDC5E000214FF42F62E1F3DB
:10088000F1F5FB6DC7F844A00133FB652368BC6339
:10089000BB640123C7F84C90276087F85930E26C9D
:1008A00041F26B039A4205D1636C932B0CBF012379
:1008B000182300E01823022DA7F88A3005D118F07C
:1008C000010F1CBF4FF40053FB62BB6BF96A186940
:1008D00050F0EEDF7B6CB3F8E0831FFA88F808F481
:1008E00070631B0AFB615FFA88F33B62BB6BD868DD
:1008F000F8F739FCFB69A7F8C602092B04D10423D9
:10090000FB613B6A10333B62012387F824304FEAD6
:1009100018333B633846FFF79FFC002875D14FF42E
:100920008053A7F856304DF2240241F20103022D04
:1009300018BF1346A7F8523038463749FFF75AFD1B
:1009400038B138463449D7F83880FFF727FEC8F861
:1009500068003846FFF7B7FC002856D038462946CD
:10096000FFF76CFE3846FFF7CDFD384600F0D2FBAE
:1009700000284AD029463846FFF7C5FC054600281E
:1009800043D13846FFF70EFE384647F001DD3846C2
:10099000012146F0AFDD3846294648F083DB4FF0B1
:1009A000FF33C7F8D432C7F8D832C7F8DC32C7F8FB
:1009B000E032C7F8E432C7F8E832C7F8EC32C7F8DB
:1009C000F032384607F11C011C22E1F3C7F420691C
:1009D00050F0A8DF60B1BB6B986852F035DEC7F805
:1009E000F80328B96FF01A00314648F0E7DC0CE054
:1009F0003846002148F04CDA002387F8FC3907F12B
:100A00004C03FB643846BDE8F0873846FFF7C5FE67
:100A10000020BDE8F08700BF519F020070B5054679
:100A20004FF498707646E6F333F5044628B96FF034
:100A30001A00314648F0C2DC39E000214FF49872C8
:100A4000E1F310F52B68A3606B68E360AB6823618A
:100A5000EB6863602B6963612B8CA3846B8CE384EC
:100A60006B6AA362AB6AE362EB6A23632B6B63631B
:100A70006B6B6364AB6BA364EB6BE3642B6C236500
:100A80006B6C6365AB6CC4F81C316B69A365AB69B7
:100A9000E3650F2323663D2363667923A366012361
:100AA000C4F818310323E366002384F88B30204612
:100AB00070BD00007FB50A4B0A49009300230193E3
:100AC0000293039304930593074A0368F9F79EFB87
:100AD000002814BF4FF0FF30002007B000BD00BF5A
:100AE00005E3860068F48800B95A010001490268EC
:100AF000F9F731BBB95A01000023F0B51C4607E0F5
:100B0000CE183568C718C550756801347D60083344
:100B10009442F5D1F0BD000038B5046C0023C4F850
:100B2000243690F86D53094B094A4FF48060002D2C
:100B30000CBF15461D46E6F3ABF4C4F8240620B1FD
:100B400029468022FFF7D8FF012038BD66AD02009C
:100B500066B1020070B517494FF0FF32046C0546CC
:100B6000FFF7ACFC1449C4F8500517222846FFF7DC
:100B7000A5FC0026C4F8540510496FF0250284F83E
:100B800058652846FFF79AFC0D49A4F848053246F7
:100B90002846FFF793FC0B49A4F8040C6FF00302FE
:100BA0002846FFF78BFCB4F84835C318A4F8063C78
:100BB00070BD00BF1DA0020046A802002FA80200C1
:100BC0009CAC020007AD020038B527490446FFF788
:100BD000E5FCC0B228288CBF0023012384F86903F8
:100BE00084F8CA0384F86D3320462049FFF7D6FC09
:100BF000082820461CD81E490022FFF71BFD80B2A2
:100C00000022C4F8FC001B492046FFF713FD1A49D7
:100C1000C4F800012046FFF7C1FC184905462046EC
:100C2000FFF7BCFC80B240EA0545C4F8045113E06C
:100C300013490022FFF7FEFC80B2C4F8FC00114902
:100C400000222046FFF7F6FC0F49C4F800012046B9
:100C5000FFF7A4FCC4F8040120460C49FFF79EFCF2
:100C600084F8080138BD00BF1EA40200EFAC0200EA
:100C700014A802003DA802004CA0020038A0020007
:100C800090AC020035AD0200A1A80200C4A702008A
:100C9000F8B5A4490022056C0446FFF7CBFCA14936
:100CA00085F8BC0401222046FFF7C4FC9E4985F864
:100CB000BD04002207232046FFF7A8FC922385F8F5
:100CC000BE04994901222046FFF7A0FC974985F808
:100CD000BF0400222046FFF7F1FB9549C5F8C40484
:100CE00000222046FFF7EAFB0026A5F858049149A8
:100CF00085F8336420463246FFF7E0FB8E49A5F8BD
:100D00000A042046FFF74AFCB8B1012385F83334C2
:100D10002F464223324620468749FFF777FCAB191E
:100D2000C0B283F82604B5F80A340136C018A7F813
:100D30000C0402370D2EECD10DE0804942222046F2
:100D4000FFF7BCFBC2B285F8082420467C49FFF7B8
:100D5000B5FBA5F806047B4900222046FFF7AEFB51
:100D6000794985F838044FF0FF322046FFF7A6FB9B
:100D70007649A5F868054FF0FF322046FFF79EFB45
:100D80007349A5F86A054FF0FF322046FFF796FB3E
:100D90007049A5F86E054FF0FF322046FFF78EFB35
:100DA0006D4985F8700500222046FFF787FB002675
:100DB00084F87400324620466849FFF73BFCAB19C3
:100DC00001360E2E83F80606F4D1A122644920468E
:100DD000FFF774FB6349C5F8C00546F20F62204671
:100DE000FFF76CFB0822C5F8C4055F492046FFF7F2
:100DF00065FB5E49C5F8C8056FF008022046FFF79D
:100E00005DFB5B49C5F8CC0540F6BB722046FFF799
:100E100055FB0A22C5F8D00556492046FFF74EFB80
:100E20005549C5F8D4056FF044022046FFF746FB4C
:100E30005249A5F802066FF04A022046FFF73EFB32
:100E40000122A5F804064E492046FFF737FB80B281
:100E5000031C18BF012300F0020085F84A353F2229
:100E600085F84B0547492046FFF728FB642285F8A3
:100E70004C0545492046FFF721FB4449C5F85C0570
:100E80004FF0FF322046FFF719FBC5F8600501302F
:100E900018BF012085F864053D4900222046FFF770
:100EA0000DFBC0B200F00F03000900F0010085F84F
:100EB000143685F817063749002226232046FFF707
:100EC000A5FB3449A5F81806012242232046FFF766
:100ED0009DFB5023A5F81A062E4902222046FFF753
:100EE00095FB0622A5F81C062B492046FFF7E6FADB
:100EF00085F81E062046FFF767FE94F86D2320460E
:100F0000002A4DD12549FFF795FB2449A4F8820317
:100F100001222046FFF78EFB2049A4F87E032046DD
:100F20004DE000BFC8AC020073A8020087AC02000D
:100F300054AC02007FA8020074AC0200B1AC020005
:100F4000E3AC020008A0020055A00200F7AC0200CA
:100F500061A802001CA80200BAAC02004CAD02005D
:100F600025A802008DA80200D2AC0200D9AC020074
:100F700014A002005FAD02002AAD020067AC0200BF
:100F8000DFA70200ADA80200FAA70200E8A702004E
:100F900041A0020080AC0200D1A7020045AD0200D2
:100FA00025490022FFF746FB2349A4F882030122CA
:100FB0002046FFF73FFB2049A4F87E03204602228B
:100FC000FFF738FB0023A4F880031C4985F833366B
:100FD00020460222FFF71AFB10B1012385F83336B1
:100FE00095F833362BB3154900222046FFF722FB34
:100FF0001249A4F82C0A01222046FFF71BFB0F49D7
:10100000A4F8280A02222046FFF714FB0C49A4F892
:101010002A0A00222046FFF751FA0A4985F83106CC
:1010200028222046FFF74AFA002385F8320684F882
:1010300067330120F8BD00BF0AA80200A5AC02007A
:10104000DAA702005AAD020038B50E49046C054615
:10105000FFF7A4FA0C4984F829062846FFF79EFA00
:10106000FF2284F82A0609492846FFF727FA08498B
:1010700084F830062846FFF791FAC4F82C060120C0
:1010800038BD00BF5EAC020096A802002BA0020093
:1010900051A8020038B50446056C4FF46770E6F3BA
:1010A000F7F1C5F82006236CD3F82006B0B1D4F8C8
:1010B000DC300B4A934207D00A4A934206D00A4AD0
:1010C00093420AD1094902E0094900E009494FF475
:1010D0006772E1F343F1012038BD002038BD00BF45
:1010E000C0AD3A0280BA8C0100F82401B8A8020011
:1010F00082A0020028A4020010B504464EF00AD8CF
:10110000236CD3F82006E6F3D5F1206CBDE810403F
:10111000E6F3D0B170B5044640F60840E6F3B8F106
:1011200005462064002800F08380002140F6084234
:10113000E1F398F10125A36B84F8825084F8F05014
:10114000D868EBF3BDF13B4BC4F8DC00C4F8483A77
:10115000394B2046C4F84C3A384BC4F8503A384B17
:10116000C4F8543A374BC4F8A03A374BC4F85C3A49
:10117000364BC4F8643A364BC4F86C3A354BC4F875
:10118000703A354BC4F87C3A344BC4F8B43A344B1B
:10119000C4F8B03A334BC4F8C03A334BC4F8BC3A45
:1011A000324BC4F8C43A324BC4F8C83A314BC4F895
:1011B000CC3A314BC4F8943A304BC4F8D03A304B67
:1011C000C4F8D43A2F4BC4F8D83A2F4BC4F8DC3AC1
:1011D0002E4BC4F8E03AFFF75BFD40B32046FFF723
:1011E00059FF20B32046FFF797FC00B32046FFF7D6
:1011F000B1FC236C204683F8C054FFF725FF244937
:1012000000222046266CFFF759F9224986F8340659
:1012100000222046FFF752F91F4984F890022A461F
:101220002046266CFFF74AF986F8350600E00546A9
:10123000284670BD554B8700114A8700154A870024
:10124000B95E87008D358700214B8700915E87004E
:10125000CDEC8600296487001D4B8700895F8700DD
:1012600015F98600D5F8860049388700614987005E
:10127000CD218700C5F90000415D0200F50A870015
:10128000F90A8700F10A8700FD0A87000D0B870025
:1012900072A0020064A0020014AD0200836B93F8F8
:1012A0002C210AB1042200E003221A67DA66704793
:1012B000F8B507460C200D461646E6F3E9F004465D
:1012C00030B100210C22E1F3CDF027606660A5600B
:1012D0002046F8BD08B1E6F3EDB070478068F2F340
:1012E0005BB4000070B5064686B06C20E6F3D0F023
:1012F0000446D0B100216C22E1F3B4F00823A361CD
:101300000E4B26600025009330680D490D4A234698
:1013100001950295039504950595F8F777FF38B97F
:101320003268012382F892302371204606B070BDE6
:101330002046E6F3BFF02C46F7E700BF0D698700B3
:10134000B00A8900665B010010B5044668B1036805
:10135000064918682246F8F7FEFE204651F048D8A4
:101360002046BDE81040E6F3A5B010BD665B010065
:1013700010B5044648B1054922464068F8F7EBFE2F
:101380002046BDE81040E6F395B010BD5CF489003E
:1013900070B5064686B01020E6F37AF0044630B306
:1013A00000211022E1F35EF0336826606360736809
:1013B0000025A360042130460E4A0F4B009501948E
:1013C000FCF746FAA842E0600DDB0C4B30688DE874
:1013D00028000B490B4A2346029503950495059571
:1013E000F8F714FF18B12046FFF7C2FF002420468B
:1013F00006B070BD29748700117487007D74870062
:101400007C0B89005CF4890030B5054687B0142058
:10141000E6F33EF0044638B300211422E1F322F053
:101420006B682868A360124B2560606000250093FC
:101430001049114A23460195029503950495059597
:10144000F8F7E4FE60B90A2323730F236373642360
:10145000A3730223E373062323740123637403E05D
:101460002046E6F327F02C46204607B030BD00BFEB
:10147000217B8700940B89000CE3890010B504469A
:1014800048B1054922464068F8F765FE2046BDE8A8
:101490001040E6F30FB010BD0CE3890010B5044610
:1014A00058B1064B21461B88C3581868F8F772FFDD
:1014B0002046BDE81040E5F3FDB710BDD4030000A1
:1014C00073B505460C20E5F3E9F70446C8B1104BA7
:1014D00004221A8002214560002301900D4A28460B
:1014E0000093FCF7B5F9002820600ADB0123238173
:1014F000094B286800932146084A0223F8F7D9FED1
:1015000018B12046FFF7CAFF002420467CBD00BF6B
:10151000D40300007D858700FC0B8900A985870026
:1015200038B5044680B1094B21461B88C558286848
:10153000F8F730FF286806492246F8F70CFE2046E7
:10154000BDE83840E5F3B6B738BD00BFD6030000AC
:10155000845B0100F0B5054687B01420E5F39EF7E3
:101560000446002856D02F4B04221A8045600026DE
:101570000190042128462C4A2C4B0096FCF768F970
:10158000B042206046DB0123A3810C232382284B39
:101590000722E2810093274B286801932649274AB6
:1015A00023460296039604960596F8F72FFE002828
:1015B00030D1234B286800932146224A0523F8F7AF
:1015C00078FE38BB204BD5F894068DE818004FF410
:1015D00090712A221D4BFDF703FBD8B9D5F894066C
:1015E00080212A221A4B0094FDF712FC90B9B5F81D
:1015F000AA0106F023DD801B18BF01200A3055F830
:1016000020301B68022B09D1012120460A4652F0E6
:10161000ABDD03E02046FFF783FF0024204607B040
:10162000F0BD00BFD60300005D89870049898700AF
:10163000DD8B8700F58B8700340C8900845B01000B
:101640000C0C8900098B8700F98C8700E9898700D9
:10165000F9888700084B10B51B88044650B1C35861
:10166000064918682246F8F776FD2046BDE8104086
:10167000E5F320B710BD00BFD80300008B5B01006D
:1016800070B5054686B01420E5F308F70446002837
:1016900044D0264B08221A80002385600421009341
:1016A0000190234A2846234BFCF7D2F800282060FB
:1016B00034DB0223A38105220C23E2812382D5F8A7
:1016C000940680213D221C4B0094FDF7A1FB28BB12
:1016D0001A4B029000931A4B0390019304900590CB
:1016E00018492868184A2346F8F790FDB0B9B5F8AC
:1016F000AA0106F0A3DC2B6893F84F201AB1032A45
:1017000014BF032201222046012153F063DA204650
:1017100002214FF0FF3253F05DDA03E02046FFF77D
:1017200099FF0024204606B070BD00BFD80300001A
:10173000319287001D928700E99187009993870075
:1017400001958700400C89008B5B010038B5044689
:1017500098B10568224628460849FCF79CF82146BE
:101760002868F8F717FE286805492246F8F7F3FCC1
:101770002046BDE83840E5F39DB638BD1D9E870084
:10178000C9E3890030B5054687B00820E5F386F641
:10179000044600283ED000230560042100930190F8
:1017A000204A2846204BFCF753F80028606031DBC4
:1017B00028461E492246FCF769F858BB1C4B01908D
:1017C000009302900390049005901A4928681A4AE1
:1017D0002346F8F71BFDE8B9184B2868009321460B
:1017E000174A0123F8F765FDA0B9164BD5F8940602
:1017F0008DE818004FF490712822134BFDF7F0F993
:1018000040B9D5F8940680212822104B0094FDF7AA
:10181000FFFA18B12046FFF799FF0024204607B0D1
:1018200030BD00BFA19D8700619D87001D9E870080
:10183000A59E87009C0C8900C9E38900940C89004F
:10184000799E87009D9F8700459E8700459D870064
:1018500070B5064686B09C20E5F320F604460028C5
:1018600034D006601B4B3068002560601A49009335
:101870001A4A234601950295039504950595F8F7B4
:10188000C5FCF8B9D6F884341E229B782261042264
:10189000E27202222377227301230A22E376237263
:1018A00063616273A3764FF6AF72A37784F89930C1
:1018B0001023A0736072A072228384F89A3084F897
:1018C000983003E02046E5F3F5F52C46204606B0B7
:1018D00070BD00BF19AE8700001C890066B502000C
:1018E000C0F88410C0F88820C0F88C307047000021
:1018F00010B5044648B1054922464068F8F72BFC6C
:101900002046BDE81040E5F3D5B510BD66B5020030
:1019100038B5044600B3436B05680BB1E9F7C6FC64
:1019200004F11400DBF38AF404F11800DBF386F40D
:1019300004F11000DFF382F504F12400DBF372F40C
:10194000224606492868F8F706FC2046E5F3B2F57A
:101950002B68002283F8622138BD00BF7AE6890037
:101960002DE9F041054686B03820E5F397F50446A9
:1019700000287FD005600026019004212846414AB6
:10198000414B0096FBF764FFB042606072DB0421BC
:1019900028463E4A3E4B0096019400F09FF9B04223
:1019A000A06067DB0127E76038463A493A4A6B682E
:1019B000DFF32EF1206100285CD006213246D5F8F5
:1019C0000480DFF36BF53449034642463148DBF3CC
:1019D00017F4606200284DD0072132462069DFF3FA
:1019E0005DF539460346E0613246606ADBF3E8F2B2
:1019F00039460246A0612069DFF350F5E3693946B4
:101A00003246606ADBF3DCF2022102466061206943
:101A1000DFF344F5214B4FF00308C4F82C808DE828
:101A200048001F4B286804931E4B1F4905931F4A0B
:101A3000234602960396F8F7E9FBD8B91C4BD5F874
:101A400094068DE81800B02142461A4BFDF746F87F
:101A500080B9194BD5F894068DE81800B0215D22A5
:101A6000164BFDF769F928B91423A3622B6883F894
:101A7000627103E02046FFF74BFF0024204606B0CA
:101A8000BDE8F08115D28700B90601008905010083
:101A90004DE08700FDD0870005D1870099D38700EE
:101AA000945B010019050100181C89007AE6890081
:101AB000171501008F16010055140100C114010013
:101AC0002DE9F043074687B04FF441700E461546A6
:101AD0009846E5F3DDF40446002878D000214FF461
:101AE0004172E0F3BFF42820E5F3D2F48146206090
:101AF00020B92046E5F3DEF4484668E000212822BC
:101B0000E0F3B0F423684FF441721C606261E56059
:101B10004FF0FF320025A261A760C4F804809D71D8
:101B20001423A4F808322823A4F806322D23A4F89D
:101B300004326E23A4F80A32022384F80C326423A0
:101B4000A4F8383284F80D523046224922462B46FA
:101B5000F2F33AF0C4F8F80130B304F51473C4F8A2
:101B60001832C4F814321C4B0526C4F81C620093CA
:101B70001A4B029501931A4B04950393059523463E
:101B800038681849184AF8F741FB034660B90090D5
:101B900038682168154AF8F78CFB28B984F8406248
:101BA00084F84162206812E0D4F8F81119B1A368F2
:101BB0009868F1F3F1F7206908B100F03FF8206868
:101BC00008B1E5F377F42046E5F374F4002007B09C
:101BD000BDE8F08365F68700C5EF870049F687000A
:101BE00039FF87006C1C890000E8890065008800C7
:101BF00038B50546F0B10468E4B1D4F8F81131B154
:101C0000A3689868F1F3C8F70023C4F8F831A36813
:101C1000224618680849F8F79EFAA36821681868F0
:101C2000F8F7B8FB2846E5F345F42046BDE8384010
:101C3000E5F340B438BD00BF00E8890010B50446A4
:101C400030B159F0B9DE2046BDE81040E5F332B4BA
:101C500010BD0000F7B506680546F3691F6D023731
:101C60003F013846E5F314F4044610B300213A4628
:101C7000E0F3F8F384E860001021002628460E4ABD
:101C80000E4B00960194FBF7E3FDB042A0610CDB24
:101C900004F1200363614FF44773E360D5F838061D
:101CA00004F11C01DFF3DEF518B12046E5F302F480
:101CB00034462046FEBD00BFB90888009D08880054
:101CC00010B5044648B1C36913B11C30DFF3E0F529
:101CD0002046BDE81040E5F3EDB310BDF0B5D0F8F7
:101CE000244100682569C069006D854211D2676989
:101CF0002E01B819013525614360059BBA518360F7
:101D0000069BC360E068C31C591821F00301E16021
:101D1000F0BD4FF0FF30F0BD37B505461820E5F3B4
:101D2000B7F3044638B300211822E0F39BF32B6885
:101D3000256063606B682846A360FFF765FBE06081
:101D400088B15BF0AFD8002301468DE81800284623
:101D50000A4A0B4BFFF7C2FF0028206103DB51F05A
:101D60004DD8606107E0E06808B1FFF787FB2046C7
:101D7000E5F3A0F3002420463EBD00BF1D1B8800F4
:101D8000F91A880010B5044638B1C068FFF776FB31
:101D90002046BDE81040E5F38DB310BD73B5054690
:101DA0001820E5F375F30446002838D000211822E6
:101DB000E0F358F30C20E5F36BF3064600282DD032
:101DC00000210C22E0F34EF32B686661256063600E
:101DD0002846FFF73DFDA060B8B15BF09DD8002319
:101DE00001468DE8280028460E4A0F4BFFF776FF84
:101DF0000028E06009DB56F013DA0C4920610C4A38
:101E0000A0680C4BFFF76CFD09E0A06808B1FFF774
:101E10006FFD2046E5F34EF3002400E00446204623
:101E20007CBD00BFCD1B8800A91B8800C121880094
:101E3000B5218800A91E880010B5044650B18068FD
:101E4000FFF756FD6069E5F335F32046BDE8104025
:101E5000E5F330B310BD000070B5444B86B000937D
:101E60000023019302930393414B04460493414B97
:101E7000414905930068414A2346F8F7C7F90546EA
:101E800000286FD1D4F884341421A3F86410A36A15
:101E9000012683F84C00E36A204683F84C60A16A6F
:101EA0005EF0E8D8E16A20465EF0E4D82046294694
:101EB0005DF0EADBA36A83F84D50E36A83F84D5086
:101EC000236A1869E7F7F6FE830707D5D4F8843448
:101ED0004FF0FF325E73D4F88434DA812368D4F88B
:101EE00084545E6951F0BCD90146304651F052D954
:101EF000E862002836D0D4F884341F2283F8782092
:101F0000D4F88404052257304FF0FF31E0F3AAF2F1
:101F10002368D4F88424B3F8C810D3F8D8005185C6
:101F20000A2151631649E1F315F1431E0D2BD4F834
:101F30008454236898BF68631249D3F8D800E1F34A
:101F400009F185F88A00D4F88434012283F85120FD
:101F5000D4F8843400201A7883F84E20D4F88434DE
:101F6000586701E04FF0FF3006B070BDE9398800D6
:101F7000105C0100AD1E0100341D89006EB5020029
:101F800081B5020072B50200D0F8843410B5D96A68
:101F9000044611B1406851F00BD92068024922462D
:101FA000BDE81040F8F7D7B86EB5020038B5036841
:101FB0000446D0F884542749D3F8D800E1F3CAF096
:101FC000287023682449D3F8D800D4F88454E1F366
:101FD000C1F0E870D4F884341A78013AD2B2FD2AFC
:101FE00001D901221A70D4F884341A785A70002367
:101FF000D4F88424D11812780133052B81F85220AB
:10200000F6D1D4F8845401212846E0F38BF4A8706B
:10201000D4F88434DA78013AD2B2FD2A01D9012207
:10202000DA70D4F884340121DA785A71D4F88454FF
:10203000E81CE0F377F42871D4F8843420461A7948
:102040009A715DF053DAB4F858142046BDE8384070
:102050005DF0A49A8EB5020096B5020010B5044654
:10206000D8B140680D492246FBF72BFC236A1BB10F
:1020700004F12000DFF30CF4237F23B160680849EA
:102080002246FBF708FCA06806492246F8F763F8E9
:102090002046BDE81040E5F30DB210BDD1568800D2
:1020A000515488007E5C010030B5054687B024207D
:1020B000E5F3EEF1044600283ED000212422E0F3AF
:1020C000D1F12B680022A360AB686560E3606B68A8
:1020D000042123610823A3822846194B8DE81400AC
:1020E000FBF7B6FB0028206022DB28461549224674
:1020F000FBF7CCFBE0B9012323772846124922469F
:10210000FBF7DAFBA0B9D5F8380604F12001DFF3BC
:10211000A9F368B90D4B01900093029003900490CD
:1021200005900B4928680B4A2346F8F76FF818B159
:102130002046FFF793FF0024204607B030BD00BFC4
:10214000C954880051548800D156880055558800DC
:102150001C1F89007E5C0100D0F8D036186ADFF3BE
:102160005DB3D0F8D036186ADFF3BAB3F8B5D0F85B
:10217000846404460D46D1F8D800C149E0F3EAF77B
:1021800086F81C01D5F8D800BE49E1F307F0D4F871
:10219000846438B1D5F8D800BA49E0F3DBF786F8A3
:1021A000E80002E0022386F8E830D5F8D800B64906
:1021B000E0F3F4F7D4F8846438B1D5F8D800B24924
:1021C000E0F3C8F786F8580102E0FF2386F858319B
:1021D000AE49D5F8D800D4F88464E0F3BBF7AC4935
:1021E000C6F82001D5F8D800D4F88464E0F3B2F73B
:1021F000A849A6F82A01D5F8D800D4F88464E0F3F9
:10220000A9F7A549A6F82C01D5F8D800D4F884641C
:10221000E0F3A0F7A149A6F82E01D5F8D800D4F82C
:102220008464E0F397F786F8E900D4F8843493F8EF
:10223000E92012B9022283F8E920D5F8D80098499C
:10224000D4F88464E0F386F7A6F8C600D4F8846472
:10225000B6F9C63013B90123A6F8C630D5F8D800B0
:102260009049E0F377F7C6F8D800D4F88464D6F83C
:10227000D8301BB94CF25033C6F8D83096F8E93054
:1022800001229A40D6F8D810D5F8D8008A4288BFE3
:10229000C6F8D820022212FA03F38349C6F8DC30CC
:1022A000E0F358F7C6F8E400D4F88464D6F8E430D4
:1022B0001BB94FF49673C6F8E430D5F8D8007B49C3
:1022C000E0F348F7A6F8C400D4F88464B6F9C43043
:1022D00013B91923A6F8C430D5F8D8007449E0F32F
:1022E00039F786F86C01D4F8843493F86C2112B96C
:1022F000052283F86C216F49D5F8D800D4F884649E
:10230000E0F328F7D4F88434A6F8F00093F81C2101
:10231000694983F81D21D4F8843493F81D2183F88A
:102320004821D4F88434DA7983F8AC20D4F88434A2
:102330001A7A83F84521D4F884644FF6A273A6F87C
:10234000EA30A6F8EC30A6F8EE30D5F8D800E0F385
:1023500001F7A6F8F200D4F88464B6F9F2301BB99C
:102360004FF6A273A6F8F23096F8E930012212FA7D
:1023700003F3D6F8D8205149934288BFC6F8D83025
:102380000023A6F8B230A6F8B430A6F8B630C6F8E6
:10239000B830C6F8BC30C6F8C030D5F8D8001F46F3
:1023A000E0F3D8F686F844014549D5F8D800D4F8CA
:1023B0008464E0F3CFF686F84B01D5F8D8004149A4
:1023C000D4F88464E0F3C6F6D4F88434C6F8240163
:1023D00083F82971D4F88434D3F824211AB94FF43E
:1023E0009B72C3F8242193F81D2102B10322C3F884
:1023F0004C21C3F850210022C3F85421D5F8D8004D
:102400003149E0F3CBF640B1D5F8D8002E49D4F8E5
:102410008464E0F39FF6C6F85401D5F8D8002B4940
:10242000E0F3BCF640B1D5F8D8002849D4F884646C
:10243000E0F390F6C6F84C01D5F8D8002449E0F353
:10244000ADF640B1D5F8D8002149D4F88464E0F362
:1024500081F6C6F850011F4922460023A068D4F82F
:102460008454F1F3B1F31C49C5F830012246A06849
:102470000023D4F88454F1F3A7F3C5F83401F8BD70
:102480002CB60200A4B6020074B6020057B60200D1
:10249000CBB50200EEB5020000B6020096B602000F
:1024A0009EB5020067B602001FB60200BEB502006C
:1024B000CDB60200DDB5020081B6020012B6020000
:1024C000AEB50200BFB6020045B6020035B6020046
:1024D000AFB602003F330100AD33010038B504460A
:1024E00080B105682246D5F844010749FDF779FC1B
:1024F000284606492246FBF7CEF92046BDE838407B
:10250000E4F3D8B738BD00BF1D708800B16E8800F5
:1025100037B505460820E4F3C1F70446C0B10560AD
:1025200000220190042128460C4B0092FBF790F901
:10253000002860600CDB284609492246FBF7A6F913
:1025400030B9D5F8440107492246FDF747FC18B1D8
:102550002046FFF7C3FF002420463EBD596F880088
:10256000B16E88001D70880038B5044670B10568EA
:1025700021462868F7F70EFF286805492246F7F735
:10258000EAFD2046BDE83840E4F394B738BD00BF0B
:10259000845C010030B5054687B00C20E4F37EF77B
:1025A0000446002846D0274B05604FF490710093F5
:1025B00001902022D5F89406234BFCF711FB00284C
:1025C00038D1224BD5F894068DE818004FF490715D
:1025D00023221F4BFCF704FB00282BD11D4BD5F801
:1025E00094068DE81800402188221B4BFCF718FB4D
:1025F00000BBD5F8940680212022184B0094FCF7EC
:1026000007FCB8B9164B02900093164B0390019348
:102610000490059014492868144A2346F7F7F6FDFC
:1026200040B9134B286800932146124A0123F7F75B
:1026300040FE18B12046FFF797FF0024204607B060
:1026400030BD00BF21768800E97388005576880088
:102650000D748800C1758800D5738800BD7388002B
:102660005D748800BD758800781F8900845C010056
:10267000701F89003174880010B5044660B1074BA3
:1026800007491B882246C3581868F7F764FD20469F
:10269000BDE81040E4F30EB710BD00BFDA03000040
:1026A000885C0100F0B5074687B01420E4F3F6F625
:1026B000054620B3154B06460024042206F8044BB9
:1026C0001A80012347603372F46074720421019010
:1026D0000F4A38460F4B0094FFF700FBA042706092
:1026E0000DDB0D4B00940193029403940494059424
:1026F00038682146094A2B46F7F788FD18B1284665
:10270000FFF7BAFF0025284607B0F0BDDA03000046
:10271000D9778800B977880029788800885C01001B
:1027200070B5054686B01820E4F3B8F604460028D4
:102730005AD02B680026012243600560082183F8E7
:10274000AD2001903246284633460096FFF7C6FA80
:10275000B04220614BDB10212846274A274B0096C8
:102760000194FBF775F8B042C5F898013FDB0423EC
:10277000E360234BA06005218DE81800D5F894068E
:102780004422204BFCF72CFA002830D11E4BD5F800
:1027900094068DE818004FF4907144221B4BFCF70F
:1027A0001FFA002823D1D5F8940605214422184B9E
:1027B0000094FCF7CBFCD0B9D5F89406C021442294
:1027C000144B0094FCF7C2FC88B9134B01900093A2
:1027D000124B039002930490059011492868114A06
:1027E0002346F7F713FD10B9204606B070BD20460A
:1027F000E4F360F60024F7E7798188005D818800C2
:10280000DD8088003580880035818800058188005A
:10281000558088003D858800C5828800CD85880068
:10282000E01F89008C5C010010B5044648B10549E1
:1028300022464068F7F78FFC2046BDE81040E4F3DD
:1028400039B610BD8C5C010070B5054686B03020ED
:10285000E4F31EF60446002831D000213022DFF3D5
:1028600001F61A4B25600093002301930293039312
:102870000493059328681649164A2346F7F7C6FCC1
:102880000646E0B9FF23A3750123E3752B681249BF
:10289000D3F8D800E0F382F420B131463246E0F3B9
:1028A00019F2A0752B680D49D3F8D800E0F376F43F
:1028B00048B100210A46E0F30DF2E07503E0284636
:1028C00061F094DD0024204606B070BDA98C88001C
:1028D0001C20890056FB8900E3B60200EDB6020019
:1028E00038B50446002820D061F0D4DDA36A73B166
:1028F000204661F099DA0AE02B6868686360E4F3C7
:10290000D9F52846E4F3D6F5237D013B23756568A8
:10291000002DF1D12368054918682246F7F71BFC02
:102920002068BDE8384061F0619D38BD56FB8900E4
:10293000776C635F626D61635F696E666F5F696E1E
:1029400069740000000000000000000000000000AA
:102950000000000000000000000000000000000077
:102960000000000000000000000000000000000067
:102970000000000000000000000000000000000057
:102980000000000000000000000000000000000047
:102990000000000000000000000000000000000037
:1029A0000000000000000000000000000000000027
:1029B0000000000000000000000000000000000017
:1029C0000000000000000000000000000000000007
:1029D00000000000000000000000000000000000F7
:1029E00000000000000000000000000000000000E7
:1029F00000000000000000000000000000000000D7
:102A000000000000000000000000000000000000C6
:102A100000000000000000000000000000000000B6
:102A200000000000000000000000000000000000A6
:102A30000000000000000000000000000000000096
:102A40000000000000000000000000000000000086
:102A50000000000000000000000000000000000076
:102A60000000000000000000000000000000000066
:102A70000000000000000000000000000000000056
:102A80000000000000000000000000000000000046
:102A90000000000000000000000000000000000036
:102AA0000000000000000000000000000000000026
:102AB0000000000000000000000000000000000016
:102AC0000000000000000000000000000000000006
:102AD00000000000000000000000000000000000F6
:102AE00000000000000000000000000000000000E6
:102AF00000000000000000000000000000000000D6
:102B000000000000000000000000000000000000C5
:102B100000000000000000000000000000000000B5
:102B200000000000000000000000000000000000A5
:102B30000000000000000000000000000000000095
:102B40000000000000000000000000000000000085
:102B50000000000000000000000000000000000075
:102B60000000000000000000000000000000000065
:102B70000000000000000000000000000000000055
:102B80000000000000000000000000000000000045
:102B90000000000000000000000000000000000035
:102BA0000000000000000000000000000000000025
:102BB0000000000000000000000000000000000015
:102BC0000000000000000000000000000000000005
:102BD00000000000000000000000000000000000F5
:102BE00000000000000000000000000000000000E5
:102BF00000000000000000000000000000000000D5
:102C000000000000000000000000000000000000C4
:102C100000000000000000000000000000000000B4
:102C200000000000000000000000000000000000A4
:102C30000000000000000000000000000000000094
:102C40000000000000000000000000000000000084
:102C50000000000000000000000000000000000074
:102C60000000000000000000000000000000000064
:102C70000000000000000000000000000000000054
:102C80000000000000000000000000000000000044
:102C90000000000000000000000000000000000034
:102CA0000000000000000000000000000000000024
:102CB0000000000000000000000000000000000014
:102CC0000000000000000000000000000000000004
:102CD00000000000000000000000000000000000F4
:102CE00000000000000000000000000000000000E4
:102CF00000000000000000000000000000000000D4
:102D000000000000000000000000000000000000C3
:102D100000000000000000000000000000000000B3
:102D200000000000000000000000000000000000A3
:102D30000000000000000000000000000000000093
:102D40000000000000000000000000000000000083
:102D50000000000000000000000000000000000073
:102D60000000000000000000000000000000000063
:102D70000000000000000000000000000000000053
:102D80000000000000000000000000000000000043
:102D90000000000000000000000000000000000033
:102DA0000000000000000000000000000000000023
:102DB0000000000000000000000000000000000013
:102DC0000000000000000000000000000000000003
:102DD00000000000000000000000000000000000F3
:102DE00000000000000000000000000000000000E3
:102DF00000000000000000000000000000000000D3
:102E000000000000000000000000000000000000C2
:102E100000000000000000000000000000000000B2
:102E200000000000000000000000000000000000A2
:102E30000000000000000000000000000000000092
:102E40000000000000000000000000000000000082
:102E50000000000000000000000000000000000072
:102E60000000000000000000000000000000000062
:102E70000000000000000000000000000000000052
:102E80000000000000000000000000000000000042
:102E90000000000000000000000000000000000032
:102EA0000000000000000000000000000000000022
:102EB0000000000000000000000000000000000012
:102EC0000000000000000000000000000000000002
:102ED00000000000000000000000000000000000F2
:102EE00000000000000000000000000000000000E2
:102EF00000000000000000000000000000000000D2
:102F000000000000000000000000000000000000C1
:102F100000000000000000000000000000000000B1
:102F200000000000000000000000000000000000A1
:102F30000000000000000000000000000000000091
:102F40000000000000000000000000000000000081
:102F50000000000000000000000000000000000071
:102F60000000000000000000000000000000000061
:102F70000000000000000000000000000000000051
:102F80000000000000000000000000000000000041
:102F90000000000000000000000000000000000031
:102FA0000000000000000000000000000000000021
:102FB0000000000000000000000000000000000011
:102FC0000000000000000000000000000000000001
:102FD00000000000000000000000000000000000F1
:102FE00000000000000000000000000000000000E1
:102FF00000000000000000000000000000000000D1
:1030000000000000000000000000000000000000C0
:1030100000000000000000000000000000000000B0
:1030200000000000000000000000000000000000A0
:103030000000000000000000000000000000000090
:103040000000000000000000000000000000000080
:103050000000000000000000000000000000000070
:103060000000000000000000000000000000000060
:103070000000000000000000000000000000000050
:103080000000000000000000000000000000000040
:103090000000000000000000000000000000000030
:1030A0000000000000000000000000000000000020
:1030B0000000000000000000000000000000000010
:1030C0000000000000000000000000000000000000
:1030D00000000000000000000000000000000000F0
:1030E00000000000000000000000000000000000E0
:1030F00000000000000000000000000000000000D0
:1031000000000000000000000000000000000000BF
:1031100000000000000000000000000000000000AF
:10312000000000000000000000000000000000009F
:10313000000000000000000000000000000000008F
:10314000000000000000000000000000000000007F
:10315000000000000000000000000000000000006F
:10316000000000000000000000000000000000005F
:10317000000000000000000000000000000000004F
:10318000000000000000000000000000000000003F
:10319000000000000000000000000000000000002F
:1031A000000000000000000000000000000000001F
:1031B000000000000000000000000000000000000F
:1031C00000000000000000000000000000000000FF
:1031D00000000000000000000000000000000000EF
:1031E00000000000000000000000000000000000DF
:1031F00000000000000000000000000000000000CF
:1032000000000000000000000000000000000000BE
:1032100000000000000000000000000000000000AE
:10322000000000000000000000000000000000009E
:10323000000000000000000000000000000000008E
:10324000000000000000000000000000000000007E
:10325000000000000000000000000000000000006E
:10326000000000000000000000000000000000005E
:10327000000000000000000000000000000000004E
:10328000000000000000000000000000000000003E
:10329000000000000000000000000000000000002E
:1032A000000000000000000000000000000000001E
:1032B000000000000000000000000000000000000E
:1032C00000000000000000000000000000000000FE
:1032D00000000000000000000000000000000000EE
:1032E00000000000000000000000000000000000DE
:1032F00000000000000000000000000000000000CE
:1033000000000000000000000000000000000000BD
:1033100000000000000000000000000000000000AD
:10332000000000000000000000000000000000009D
:10333000000000000000000000000000000000008D
:10334000000000000000000000000000000000007D
:10335000000000000000000000000000000000006D
:10336000000000000000000000000000000000005D
:10337000000000000000000000000000000000004D
:10338000000000000000000000000000000000003D
:10339000000000000000000000000000000000002D
:1033A000000000000000000000000000000000001D
:1033B000000000000000000000000000000000000D
:1033C00000000000000000000000000000000000FD
:1033D00000000000000000000000000000000000ED
:1033E00000000000000000000000000000000000DD
:1033F00000000000000000000000000000000000CD
:1034000000000000000000000000000000000000BC
:1034100000000000000000000000000000000000AC
:10342000000000000000000000000000000000009C
:10343000000000000000000000000000000000008C
:10344000000000000000000000000000000000007C
:10345000000000000000000000000000000000006C
:10346000000000000000000000000000000000005C
:10347000000000000000000000000000000000004C
:10348000000000000000000000000000000000003C
:10349000000000000000000000000000000000002C
:1034A000000000000000000000000000000000001C
:1034B000000000000000000000000000000000000C
:1034C00000000000000000000000000000000000FC
:1034D00000000000000000000000000000000000EC
:1034E00000000000000000000000000000000000DC
:1034F00000000000000000000000000000000000CC
:1035000000000000000000000000000000000000BB
:1035100000000000000000000000000000000000AB
:10352000000000000000000000000000000000009B
:10353000000000000000000000000000000000008B
:10354000000000000000000000000000000000007B
:10355000000000000000000000000000000000006B
:10356000000000000000000000000000000000005B
:10357000000000000000000000000000000000004B
:10358000000000000000000000000000000000003B
:10359000000000000000000000000000000000002B
:1035A000000000000000000000000000000000001B
:1035B000000000000000000000000000000000000B
:1035C00000000000000000000000000000000000FB
:1035D00000000000000000000000000000000000EB
:1035E00000000000000000000000000000000000DB
:1035F00000000000000000000000000000000000CB
:1036000000000000000000000000000000000000BA
:1036100000000000000000000000000000000000AA
:10362000000000000000000000000000000000009A
:10363000000000000000000000000000000000008A
:10364000000000000000000000000000000000007A
:10365000000000000000000000000000000000006A
:10366000000000000000000000000000000000005A
:10367000000000000000000000000000000000004A
:10368000000000000000000000000000000000003A
:10369000000000000000000000000000000000002A
:1036A000000000000000000000000000000000001A
:1036B000000000000000000000000000000000000A
:1036C00000000000000000000000000000000000FA
:1036D00000000000000000000000000000000000EA
:1036E00000000000000000000000000000000000DA
:1036F00000000000000000000000000000000000CA
:1037000000000000000000000000000000000000B9
:1037100000000000000000000000000000000000A9
:103720000000000000000000000000000000000099
:103730000000000000000000000000000000000089
:103740000000000000000000000000000000000079
:103750000000000000000000000000000000000069
:103760000000000000000000000000000000000059
:103770000000000000000000000000000000000049
:103780000000000000000000000000000000000039
:103790000000000000000000000000000000000029
:1037A0000000000000000000000000000000000019
:1037B0000000000000000000000000000000000009
:1037C00000000000000000000000000000000000F9
:1037D00000000000000000000000000000000000E9
:1037E00000000000000000000000000000000000D9
:1037F00000000000000000000000000000000000C9
:1038000000000000000000000000000000000000B8
:1038100000000000000000000000000000000000A8
:103820000000000000000000000000000000000098
:103830000000000000000000000000000000000088
:103840000000000000000000000000000000000078
:103850000000000000000000000000000000000068
:103860000000000000000000000000000000000058
:103870000000000000000000000000000000000048
:103880000000000000000000000000000000000038
:103890000000000000000000000000000000000028
:1038A0000000000000000000000000000000000018
:1038B0000000000000000000000000000000000008
:1038C00000000000000000000000000000000000F8
:1038D00000000000000000000000000000000000E8
:1038E00000000000000000000000000000000000D8
:1038F00000000000000000000000000000000000C8
:1039000000000000000000000000000000000000B7
:1039100000000000000000000000000000000000A7
:103920000000000000000000000000000000000097
:103930000000000000000000000000000000000087
:1039400000000000646561646D616E5F746F0072F9
:10395000616D7374627964697300646561646D613B
:103960006E5F746F007370695F70755F656E616222
:10397000005344494F444556006773706964776F3C
:1039800072640050434D4349414445560073645F9F
:103990006F6F626F6E6C790073645F67706F7574C0
:1039A00000475350492044776F7264204D6F64651F
:1039B00020656E61626C65640A0073645F677064A1
:1039C000630073645F677076616C0025733A204210
:1039D000726F6164636F6D20534450434D442043C4
:1039E0004443206472697665720A00736470636D83
:1039F000646364632564005344494F000A5254458C
:103A0000202825732D2573257325732920257320E0
:103A10006F6E2042434D257320722564204020257F
:103A2000642E25642F25642E25642F25642E25649D
:103A30004D487A0A0000434443006E6F637263008E
:103A40006E6F7469665F63006E6F7469665F7300A2
:103A50006F66646D3267706F3D30782578007061F5
:103A60002564677725646125643D3078257800708A
:103A70006131686962303D25640070613168696256
:103A8000313D256400706131686962323D25640012
:103A90006761696E6374726C7370683D2564007051
:103AA00061316D61787077723D2564006D65617379
:103AB000706F77657225643D30782578007278677D
:103AC00061696E7325646725637472656C6E6162EB
:103AD00079706125643D25640070613267612564F9
:103AE0003D307825782C307825782C307825780072
:103AF00072737369736D6335673D25640075736216
:103B0000666C6167733D3078257800706132676359
:103B1000636B6125643D307825782C307825782CCE
:103B200030782578007064657472616E67653267FD
:103B30003D30782578007573623330753175323DCC
:103B4000307825780073756276656E6469643D30FF
:103B500078257800616725643D30782578006F65A9
:103B60006D3D253032782530327825303278253059
:103B70003278253032782530327825303278253049
:103B80003278006F66646D706F3D30782578007410
:103B9000656D706F66667365743D2564006D656163
:103BA00073706F7765723D30782578007273736932
:103BB000736D6632673D2564007061706172616D7E
:103BC00062777665723D256400646F743131616798
:103BD0006F66646D6872627732303267706F3D3045
:103BE00078257800697474326761303D30782578C3
:103BF0000062786132673D25640072737369736D8A
:103C00006332673D256400706135676277343061E7
:103C100025643D307825782C307825782C3078252F
:103C2000782C307825782C307825782C30782578C9
:103C30002C307825782C307825782C307825782C05
:103C4000307825782C307825782C30782578006DE0
:103C500063736277323035676C706F3D30782578EA
:103C60000000006D637362773230756C35676C707D
:103C70006F3D30782578006D637362773430356737
:103C80006C706F3D30782578000000757362757434
:103C90006D695F63746C3D30782578006578747069
:103CA000616761696E32673D3078257800616E74B6
:103CB000737763746C32673D307825780070726F6B
:103CC000647563746E616D653D25730074785F641F
:103CD0007574795F6379636C655F74687265736826
:103CE0005F25645F35673D25640072786761696EA2
:103CF00065727232676125643D30782578006167AE
:103D000030006D61787032676125643D30782578C8
:103D1000006277647570706F3D30782578006E6F43
:103D20006973656C766C35676125643D25642C2567
:103D3000642C25642C25640062773430706F3D302C
:103D40007825780070613567627738306125643D89
:103D5000307825782C307825782C307825782C30E0
:103D60007825782C307825782C307825782C307888
:103D700025782C307825782C307825782C307825CB
:103D8000782C307825782C3078257800757362335C
:103D900030753175323D3078257800706465747205
:103DA000616E676535673D30782578006D616361C8
:103DB0006464723D25730074656D70735F68797318
:103DC000746572657369733D2564006D6373256462
:103DD00067706F25643D3078257800626F6172648A
:103DE000666C616773323D3078257800626F61726E
:103DF00064666C616773333D30782578006C656468
:103E0000626825643D307825780072786761696E54
:103E1000732564672563747269736F6125643D253A
:103E20006400616132673D307825780070726F649C
:103E300069643D307825780074656D7074687265CA
:103E400073683D256400636869707265763D25641A
:103E5000006C65676F66646D6277323035676C70D1
:103E60006F3D307825780000006C65676F66646D83
:103E700062773230756C35676C706F3D30782578BD
:103E8000006C65676F66646D6277323035676D70A0
:103E90006F3D307825780000006C65676F66646D53
:103EA00062773230756C35676D706F3D307825788C
:103EB000006C65676F66646D627732303567687075
:103EC0006F3D307825780000006C65676F66646D23
:103ED00062773230756C356768706F3D3078257861
:103EE0000075736266733D25640074656D70735F61
:103EF000706572696F643D25640073623430616E71
:103F000064383025637235672563706F3D307825DE
:103F1000780063633D2564002004D002A6A9FFFF5A
:103F2000646F7431316167647570256372706F3DC1
:103F3000307825780061676125643D307825780008
:103F4000747269736F35673D307825780074656DDC
:103F50007073656E73655F736C6F70653D2564008B
:103F60006D61787035676125643D307825782C3037
:103F70007825782C307825782C3078257800706179
:103F8000316974737369743D256400706130623007
:103F90003D25640070613062313D25640070613000
:103FA00062323D256400706135676125643D30787B
:103FB00025782C307825782C307825782C30782589
:103FC000782C307825782C307825782C3078257826
:103FD0002C307825782C307825782C307825782C62
:103FE000307825782C30782578006D6373627738C7
:103FF0003035672563706F3D3078257800737562C2
:1040000062616E6435677665723D25640072737314
:104010006973617635673D2564006D63736277323D
:10402000303267706F3D307825780000006D637323
:1040300062773230756C3267706F3D30782578006A
:104040006D6373627734303267706F3D30782578F6
:104050000000007265677265763D307825780063F0
:1040600063746C3D30782578006E6F6973656C768B
:104070006C32676125643D2564007573623330726C
:10408000656773303D307825782C307825782C3072
:104090007825782C307825782C307825782C307855
:1040A00025782C307825782C307825782C30782598
:1040B000782C3078257800757362333072656773B9
:1040C000313D307825782C307825782C307825785B
:1040D0002C307825782C307825782C307825782C61
:1040E000307825782C307825782C307825782C304D
:1040F0007825780063636B706F3D307825780074A5
:10410000726935673D25640063636B64696766693E
:104110006C74747970653D25640076656E646964BD
:104120003D307825780066656D6374726C3D25645A
:104130000075736233307265677325643D3078258E
:10414000782C307825782C307825782C30782578A4
:104150000070646F6666736574326725646D6125EF
:10416000643D307825780075736265706E756D3DBD
:10417000307825780070613168696D617870777288
:104180003D2564007278636861696E3D30782578FA
:1041900000626F617264666C6167733D3078257888
:1041A0000070613162303D25640070613162313DE3
:1041B00025640070613162323D2564007478636863
:1041C00061696E3D307825780072786761696E7339
:1041D0002564672563656C6E616761696E6125643E
:1041E0003D2564006770646E3D307825780070610D
:1041F000306D61787077723D256400627861356753
:104200003D2564006167626725643D30782578004C
:1042100075736273737068795F736C656570303D38
:10422000307825780075736273737068795F736C8A
:10423000656570313D3078257800757362737370F1
:1042400068795F736C656570323D307825780075EC
:10425000736273737068795F736C656570333D303A
:10426000782578006C656464633D30782530347857
:10427000006D63733332706F3D3078257800727350
:10428000736973617632673D2564006F706F3D25F9
:104290006400697474326761313D3078257800724A
:1042A00078706F35673D256400657874706167616B
:1042B000696E35673D30782578006F66646D3567C7
:1042C00068706F3D307825780074776F72616E6723
:1042D00065747373692564673D25640073623230C9
:1042E000696E3430256372706F3D30782578006DCB
:1042F000616E6669643D3078257800656C6E613268
:10430000673D3078257800727063616C32673D30AC
:104310007825780000000000000000727063616C76
:10432000356762303D30782578000000000000726B
:104330007063616C356762313D307825780000002C
:10434000000000727063616C356762323D30782521
:1043500078000000000000727063616C35676233A2
:104360003D30782578000000000000706130623038
:104370005F6C6F3D25640070613062315F6C6F3D32
:1043800025640070613062325F6C6F3D256400739C
:10439000623230696E3830616E6431363025637256
:1043A00035672563706F3D307825780063646470ED
:1043B0006F3D3078257800626F6172647479706542
:1043C0003D3078257800616E747377697463683D59
:1043D0003078257800626F6172646E756D3D25647A
:1043E0000072646C69643D30782578007874616C83
:1043F000667265713D2564006D617870356768612E
:10440000303D307825780072786761696E73256475
:1044100067656C6E616761696E6125643D25640046
:1044200075736273736D64696F25643D30782578A8
:104430002C307825782C307825782C307825780029
:1044400073756264657669643D30782578007061C3
:10445000316C6F62303D2564007061316C6F623188
:104460003D2564007061316C6F62323D25640073DC
:10447000746263706F3D3078257800727867616987
:104480006E65727235676125643D307825782C3011
:104490007825782C307825782C3078257800706154
:1044A000316C6F6D61787077723D25640070646F58
:1044B000666673657425646D6125643D3078257882
:1044C0000074656D70636F7272783D2564006F666D
:1044D000646D3567706F3D30782578007573626E56
:1044E0006F73733D3078257800616135673D3078B2
:1044F000257800637573746F6D76617225643D3045
:104500007825780074785F647574795F6379636C7B
:10451000655F6F66646D5F25645F35673D25640088
:10452000757569643D257300757362646573635FB7
:10453000636F6D706F736974653D307825780074B2
:10454000656D7073656E73655F6F7074696F6E3DD6
:10455000256400706170646361702564673D256443
:10456000006C65676F66646D627732303267706FBA
:104570003D307825780000006C65676F66646D6279
:10458000773230756C3267706F3D30782578007007
:10459000646761696E2564673D2564006D617870AC
:1045A000356761303D30782578006D61787035670A
:1045B00061313D30782578006D637325646725632C
:1045C000706F25643D307825780070687963616C80
:1045D0005F74656D7064656C74613D256400706125
:1045E00025646725637725646125643D30782578E7
:1045F0000063636F64653D3078300072656777698A
:104600006E646F77737A3D2564006F66646D6C72BB
:10461000627732303267706F3D3078257800776F7F
:10462000776C5F6770696F706F6C3D256400616EB9
:1046300074737763746C35673D30782578006363F5
:104640006B3267706F3D307825780074726932671D
:104650003D25640063636B627732303267706F3D73
:104660003078257800000063636B62773230756CB8
:104670003267706F3D3078257800697474356761F2
:10468000303D3078257800697474356761313D308C
:10469000782578006D63736C7235672563706F3DA4
:1046A000307825780070646F6666736574326725AC
:1046B000646D76616C69643D307825780072786746
:1046C00061696E732564677472656C6E616279707E
:1046D0006125643D256400626F6172647265763D98
:1046E000307825780072617774656D7073656E73CC
:1046F000653D307825780075736273737068795FF3
:1047000075746D695F63746C303D30782578007521
:10471000736273737068795F75746D695F63746CCD
:10472000313D307825780075736273737068795FF6
:1047300075746D695F63746C323D30782578000064
:10474000000000006F66646D35676C706F3D3078F7
:104750002578007061306974737369743D25640055
:1047600074737369706F7335673D307825780072A4
:1047700078706F32673D25640074737369706F736E
:10478000736C6F70652564673D25640074726935CC
:1047900067683D2564006D616E663D257300747227
:1047A0006935676C3D2564006D637362773230351F
:1047B0006768706F3D307825780000006D63736224
:1047C000773230756C356768706F3D3078257800CA
:1047D0006D637362773430356768706F3D3078256C
:1047E0007800000073726F6D7265763D2564006C11
:1047F00065676F66646D3430647570706F3D3078D6
:104800002578006D61787035676861313D307825B5
:10481000780064657669643D307825780072786741
:1048200061696E73256467747269736F6125643D95
:104830002564006D61787035676C61303D30782596
:1048400078006D61787035676C61313D307825781E
:10485000006570616761696E2564673D2564007756
:1048600070736770696F3D256400776F776C5F6761
:1048700070696F3D25640072737369736D66356787
:104880003D256400747269736F32673D3078257816
:104890000074737369706F7332673D3078257800E8
:1048A0007770736C65643D256400656C6E61356777
:1048B0003D30782578007061356762773430383064
:1048C0006125643D307825782C307825782C307837
:1048D00025782C307825782C307825782C30782560
:1048E000782C307825782C307825782C30782578FD
:1048F0002C307825782C307825782C307825780065
:104900006D63736277323035676D706F3D30782537
:10491000780000006D637362773230756C35676DB7
:10492000706F3D30782578006D6373627734303571
:10493000676D706F3D3078257800000063636F64A9
:10494000653D25632563006D6373627731363035CD
:10495000672563706F3D3078257800496E76616C0D
:1049600069642F556E737570706F7274656420780A
:1049700074616C2076616C756520256400726D69C8
:104980006E00636C646F5F627572737400706C6C40
:104990002564006C6E6C646F310072256464007273
:1049A000256474007874616C6672657100000000A3
:1049B0000C000000020016000200000004000D00C0
:1049C0000700000001000A000800000004000D00BC
:1049D0000A00000004000D000D00000001000700A7
:1049E00017000000040004001B0000000400010088
:1049F0001C0000000100070000000000020002008F
:104A0000010000000100010003000000020002009C
:104A10000400000001000100050000000100010089
:104A2000060000000100010009000000010005006F
:104A30000B000000010001000C000000020030002B
:104A40000E000000010001000F0000000100010045
:104A50001000000001000100110000000100010031
:104A60001200000003000300130000000100010019
:104A70001400000001000100150000000100010009
:104A800016000000010001001800000002001300E1
:104A900019000000020013001A00000002001300B9
:104AA0001D000000010001001E00000001000100C7
:104AB0000C00000002003000726D61780000004BB5
:104AC00000079065000C1892000F6C706C646F31D9
:104AD00000000000010000000000000000000000D5
:104AE00000000000020000000000000001000000C3
:104AF00000000000040000000000000003000000AF
:104B0000000000000800000000000000000000009D
:104B1000000000001000000000000000070000007E
:104B200000000000200000000000000057110000FD
:104B3000000000004000000000000000170100001D
:104B4000000000008000000000000000570100008D
:104B50000000000000010000000000000300000051
:104B60000000000000020000000000000000000043
:104B7000000000000004000000000000030000002E
:104B80000000000000080000000000000704000012
:104B900000000000001000000000000057010000AD
:104BA000000000000020000000000000D7150000F9
:104BB000000000000040000000000000F7BDC20E31
:104BC000000000000080000000000000F73DC20E61
:104BD00000000000000001000000000000000000D4
:104BE000000000000000020000000000F73DC00EC1
:104BF000000000000000040000000000F73DC20EAD
:104C0000000000000000080000000000F73DC20E98
:104C1000000000000000100000000000F73DC0068A
:104C2000000000000000200000000000F73DDA0E48
:104C3000000000000000400000000000F73D0006FA
:104C4000000000000000800000000000F73D40066A
:104C50000000000000000001000000000000000053
:104C6000000000000000000200000000D70100006A
:104C7000000000000000000400000000D70D00004C
:104C8000000000000000000800000000F73DC00622
:104C9000000000000000001000000000F73DCA0EF8
:104CA000000000000000002000000000F73DCA1EC8
:104CB000000000000000004000000000F73DFA3E48
:104CC00000000000726567256400636C646F5F70AC
:104CD000776D006368697063256400626F61726458
:104CE000747970650070726F6469640073776465CD
:104CF0006E61626C65006770646E00626F61726401
:104D0000666C6167730062746378776172666C6168
:104D10006773007874616C6672657100626F6172AE
:104D200064726576006465766964006D7578656E99
:104D3000616200776C30696400776C25643A2042C8
:104D4000726F6164636F6D2042434D25732038306C
:104D5000322E313120576972656C65737320436F51
:104D60006E74726F6C6C65722025730A0074656DC9
:104D7000705F74686F72745F6D6F6E69746F725F6D
:104D800074696D650074785F6D696E696D756D5FCE
:104D9000647574795F6379636C650074785F6475BA
:104DA00074795F6379636C655F63636B00616762ED
:104DB0006730006167626731006167626732007463
:104DC000656D7062617365645F647574795F637942
:104DD000636C655F656E006161300074785F647557
:104DE00074795F6379636C655F6F66646D00000062
:104DF0001133820025348200000000000000000012
:104E00004E5652414D5265760073617232670061B1
:104E10006132670020432543034321432443184361
:104E200019431A43114313431243144315431643C2
:104E30001B431C431D43284329432A432B432C4334
:104E40002D434143404350435143524353435743FF
:104E50009DA9760554435F433F434F432F4334435B
:104E60003543364337433843394316474847274786
:104E7000434360434643474348433143324333430C
:104E8000AA43584359435A43A9435543564363439E
:104E9000804381438243644365436643744367436D
:104EA000A043A143A243AE43AF43B043AB43AC43A3
:104EB000AD43E343E443E543E243D043D143D2432C
:104EC000BA43BB43BC43B143B243B343A343A4433C
:104ED000A543B743B843B943C043C143C243D343D7
:104EE000D443D543D643D743D843D943DA43DB43EE
:104EF000DF43E043E143EC43ED43EE43E943EA4360
:104F0000EB432243D6A867A868A89CA9D8A89DA966
:104F10001343144386A83143A7A9DBA8D1A8DCA872
:104F2000A4A952AAC6A902AA31AA32AA74785F74A7
:104F3000656D705F74687265736800646576696436
:104F40000031316E5F64697361626C650061673066
:104F500000616B6D00000000299483005DB7830041
:104F6000059283000000000045338400DD39840091
:104F700000000000000000007A62637867636967E0
:104F800070696F00616E74737763746C326700616F
:104F90006E74737763746C356700776C25643A645C
:104FA0006D6125640061613267006C7465637866C9
:104FB0006E73656C006274635F6D6F646500626F31
:104FC000617264666C616773006D616361646472D1
:104FD000006C746563787061646E756D0076656EE3
:104FE000646964007A626378666E73656C006274EB
:104FF00063786C657363616E007A62637870616474
:105000006E756D00637573746F6D766172310063D8
:105010007573746F6D76617232006274635F706174
:1050200072616D732564006274635F666C6167739F
:105030000062746378776172666C61677300626F97
:10504000617264666C61677332006C746563786763
:1050500063696770696F00626F617264666C616733
:10506000733400626F61726472657600646576699C
:10507000640073726F6D7265760062745F6465665A
:1050800061756C745F616E74006D6F6E69746F72C0
:105090005F74696D655F6F75740062746364796EC7
:1050A0005F64656661756C745F6274635F6D6F6485
:1050B000650070726F7465637465645F74696D65B3
:1050C0005F6F75740062746364796E5F6D73775F90
:1050D000726F77300062746364796E5F6D73775FAF
:1050E000726F77310062746364796E5F6D73775F9E
:1050F000726F77320062746364796E5F64736E738B
:105100005F726F77730062746364796E5F636F655B
:10511000785F74776F5F616E74007478635F647535
:10512000725F7468726573680062746364796E5F3D
:105130006D73775F726F77330062746364796E5F4B
:105140006D73775F726F77730062746364796E5FFB
:1051500064666C745F64736E735F6C6576656C0017
:1051600062746364796E5F6274727373695F687985
:10517000737465720070726F745F627472737369B6
:105180005F746872657368006374733273656C660C
:105190005F6475725F74687265736800616C6572D4
:1051A000745F74696D655F6F7574006274636479B0
:1051B0006E5F686967685F64736E735F6C65766560
:1051C0006C007266615F636F756E745F74687265A0
:1051D00073680062746364796E5F6D69645F6473A1
:1051E0006E735F6C6576656C0062746364796E5F84
:1051F0006C6F775F64736E735F6C6576656C00626D
:10520000746364796E5F666C616773006274636473
:10521000796E5F64736E735F726F77300062746370
:1052200064796E5F64736E735F726F77310062745E
:105230006364796E5F64736E735F726F773200625E
:10524000746364796E5F64736E735F726F7733003B
:1052500073636F5F727373695F74687265736800FC
:1052600063636F64650063630072656772657600EF
:105270006576656E7471006873323000B196860091
:10528000F196860061848600B1848600B19686001E
:10529000F196860061848600B1848600B19686000E
:1052A000F19686002D858600998686000000000014
:1052B0000000000000000000000000002D858600B6
:1052C000998686000000000000000000B19686006C
:1052D000F1968600B1968600F1968600B19686001A
:1052E000F1968600000000000D060F00000000008F
:1052F0000406300400000000020640067273736961
:10530000636F72726E6F726D00676C616369616C5E
:1053100074696D65720063616C5F706572696F645A
:10532000006C64706300747373696C696D75636F8E
:10533000640025732E6661622E25640074656D70AD
:10534000746872657368002E6661622E00747870EE
:10535000777262636B6F6600696E74657266657200
:10536000656E636500676C697463685F626173652D
:10537000645F6372736D696E0032675F63676100BB
:1053800072737369636F7272617474656E007068B2
:105390007963616C5F74656D7064656C74610074D1
:1053A000656D70735F687973746572657369730096
:1053B00072737369636F72727065727267326700BD
:1053C00074737369666C6F6F7232670076626174B2
:1053D0005F616464007061706476616C69647465B7
:1053E00073740073776469765F6770696F5F31000B
:1053F0006D63733267706F300073707572636F6EB8
:10540000666967006D63733267706F310063636B49
:1054100064696766696C74747970650065755F6549
:10542000647468726573683267007265645F72786D
:10543000626C6F636B696E67000001006C094B0062
:1054400076011300323016000300417E0006000A88
:10545000D903270025000000910900006C09000015
:10546000000005035BE708003F5812122F141F1FAE
:105470001F1F20512761000009603F700200710961
:105480004B0076011300323016000300417E000607
:10549000000AD903270025000000910900007109C6
:1054A0000000000007030D8208003F5812122F145D
:1054B0001F1F1F1F20512761000009603F7003005C
:1054C00076094B0076011300323016000300417E4E
:1054D0000006000AD90327002500000091090000FA
:1054E0007609000000000903BF1C08003F58121293
:1054F0002F141F1F1F1F20512761000009603F70DC
:1055000004007B094B0076011300323016000300C3
:10551000417E0006000AD9032700250000009109FA
:1055200000007B09000000000A0371B708003F5823
:1055300012122F141F1F1F1F205127610000096026
:105540003F70050080094B007601130032301600D1
:105550000300417E0006000AD90327002500000051
:10556000910900008009000000000C03235208008C
:105570003F5812122F141F1F1F1F215127610000B7
:1055800009603F70060085094B0076011300323038
:1055900016000300417E0006000AD90327002500FB
:1055A0000000910900008509000000000D03D5EC02
:1055B00008003F5812122F141F1F1F1F215127616F
:1055C000000009603F7007008A094B007601130054
:1055D000323016000300417E0006000AD90327007E
:1055E00025000000910900008A09000000000F0357
:1055F000878708003F5812122F141F1F1F1F2151A9
:105600002761000008603F7008008F094B00760199
:105610001300323016000300417E0006000AD90351
:10562000270025000000910900008F0900000000FC
:105630001103392208003F5812122F141F1F1F1F79
:1056400021512761000008603F70090094094B0058
:1056500076011300323016000300417E0006000A76
:10566000D9032700250000009109000094090000DB
:1056700000001203EBBC08003F5812122F141F1F2A
:105680001F1F21512761000008603F600A0099092F
:105690004B0076011300323016000300417E0006F5
:1056A000000AD9032700250000009109000099098C
:1056B0000000000014039D5708003F5812122F14D9
:1056C0001F1F1F1F21512761000008603F600B0052
:1056D0009E094B0076011300323016000300417E14
:1056E0000006000AD90327002500000091090000E8
:1056F0009E090000000015034FF208003F581212E7
:105700002F141F1F1F1F21512761000007603F60DA
:105710000C00A3094B007601130032301600030081
:10572000417E0006000AD9032700250000009109E8
:105730000000A309000000001703018D08003F5876
:1057400012122F141F1F1F1F215127610000076015
:105750003F600D00A8094B0076011300323016009F
:105760000300417E0006000AD9032700250000003F
:1057700091090000A809000000001903B3270800E0
:105780003F5812122F141F1F1F1F215128610000A4
:1057900007603F600E00B4094B0076011300323001
:1057A00016000300417E0006000AD90327002500E9
:1057B000000091090000B409000000001D035E0113
:1057C00008003F5812122F141F1F1F1F215128615C
:1057D000000007603F606D617870326761300000E3
:1057E00001006C09340004010D0023304F00030058
:1057F000417E0006000AD90327001A000000A20912
:1058000000006C0900000000B208277608003F582D
:1058100017173C191F1F1F1F3B511961000009601A
:105820003F7002007109340004010D0023304F0065
:105830000300417E0006000AD90327001A00000079
:10584000A2090000710900000000B708B1130800A8
:105850003F5817173C191F1F1F1F3B5119610000AC
:1058600009603F7003007609340004010D00233005
:105870004F000300417E0006000AD90327001A00EA
:105880000000A2090000760900000000BB083BB13F
:1058900008003F5817173C191F1F1F1F3C51196163
:1058A000000009603F7004007B09340004010D0012
:1058B00023304F000300417E0006000AD903270071
:1058C0001A000000A20900007B0900000000C008C7
:1058D000C44E08003F5817173C191F1F1F1F3C518B
:1058E0001961000009603F7005008009340004015F
:1058F0000D0023304F000300417E0006000AD9034B
:1059000027001A000000A209000080090000000022
:10591000C4084EEC08003F5817173C191F1F1F1FE3
:105920003C511961000009603F7006008509340090
:1059300004010D0023304F000300417E0006000AE1
:10594000D90327001A000000A20900008509000001
:105950000000C908D88908003F5817173C191F1FB5
:105960001F1F3C511961000009603F7007008A0940
:10597000340004010D0023304F000300417E000677
:10598000000AD90327001A000000A20900008A09B2
:1059900000000000CE08622708003F5817173C1986
:1059A0001F1F1F1F3C511961000008603F70080055
:1059B0008F09340004010D0023304F000300417EA5
:1059C0000006000AD90327001A000000A2090000FF
:1059D0008F0900000000D208ECC408003F581717D8
:1059E0003C191F1F1F1F3C511961000008603F70C8
:1059F00009009409340004010D0023304F00030016
:105A0000417E0006000AD90327001A000000A209FF
:105A10000000940900000000D708766208003F5893
:105A200017173C191F1F1F1F3C5119610000086008
:105A30003F600A009909340004010D0023304F0033
:105A40000300417E0006000AD90327001A00000067
:105A5000A2090000990900000000DC08000008000D
:105A60003F5817173C191F1F1F1F3C511961000099
:105A700008603F600B009E09340004010D002330D4
:105A80004F000300417E0006000AD90327001A00D8
:105A90000000A20900009E0900000000E008899DA6
:105AA00008003F5817173C191F1F1F1F3D51196150
:105AB000000007603F600C00A309340004010D00E2
:105AC00023304F000300417E0006000AD90327005F
:105AD0001A000000A2090000A30900000000E50868
:105AE000133B08003F5817173C191F1F1F1F3D513C
:105AF0001961000007603F600D00A809340004012F
:105B00000D0023304F000300417E0006000AD90338
:105B100027001A000000A2090000A80900000000E8
:105B2000E9089DD808003F5817173C191F1F1F1F71
:105B30003D511961000007603F600E00B409340058
:105B400004010D0023304F000300417E0006000ACF
:105B5000D90327001A000000A2090000B4090000C0
:105B60000000F4084EEC08003F5817173C191F1F9F
:105B70001F1F3D511961000007603F6070726F7018
:105B8000627732303267706F0072636F725F616389
:105B90006900706D696E00706170646D6F6465009E
:105BA00063616C696478657374746172676574327B
:105BB000670063616C6964786573746261736532F0
:105BC00067007061326761305F6C6F0063636B32D6
:105BD00067706F0063636B7363616C650074656D00
:105BE000705F6D756C7400706170646570736F6662
:105BF00066736574006F66646D3267706F00706104
:105C000063616C69647832670073776469765F7387
:105C1000776374726C5F656E006F66646D6469674C
:105C200066696C74747970656265004176566D6959
:105C300064495163616C0063636B69647870636885
:105C40006F6666730074656D705F6164640073777E
:105C50006469765F6770696F006D63736277323075
:105C60003267706F0070617064656E64696478009B
:105C700001006C092600C0000A001A3080000300F1
:105C8000417E0006000AD903270013000000B00976
:105C900000006C0900000000C70B000008003F581E
:105CA00017173C191F1F1F1F505119610000096071
:105CB0003F70020071092600C0000A001A308000FF
:105CC0000300417E0006000AD903270013000000EC
:105CD000B0090000710900000000CD0B0040080071
:105CE0003F5817173C191F1F1F1F51511961000002
:105CF00009603F70030076092600C0000A001A30D0
:105D000080000300417E0006000AD903270013002B
:105D10000000B0090000760900000000D30B0080ED
:105D200008003F5817173C191F1F1F1F51511961B9
:105D3000000009603F7004007B092600C0000A00D3
:105D40001A3080000300417E0006000AD9032700B4
:105D500013000000B00900007B0900000000D90B0F
:105D600000C008003F5817173C191F1F1F1F515133
:105D70001961000009603F70050080092600C0001D
:105D80000A001A3080000300417E0006000AD90391
:105D9000270013000000B009000080090000000087
:105DA000E00B000008003F5817173C191F1F1F1F6A
:105DB00051511961000009603F70060085092600F5
:105DC000C0000A001A3080000300417E0006000A6D
:105DD000D903270013000000B00900008509000066
:105DE0000000E60B004008003F5817173C191F1F22
:105DF0001F1F51511961000009603F7007008A0997
:105E00002600C0000A001A3080000300417E000610
:105E1000000AD903270013000000B00900008A0916
:105E200000000000EC0B008008003F5817173C19D9
:105E30001F1F1F1F51511961000008603F700800AB
:105E40008F092600C0000A001A3080000300417E3E
:105E50000006000AD903270013000000B009000063
:105E60008F0900000000F20B00C008003F58171710
:105E70003C191F1F1F1F52511961000008603F701D
:105E8000090094092600C0000A001A3080000300AF
:105E9000417E0006000AD903270013000000B00964
:105EA0000000940900000000F90B000008003F58B2
:105EB00017173C191F1F1F1F52511961000008605E
:105EC0003F600A0099092600C0000A001A308000CD
:105ED0000300417E0006000AD903270013000000DA
:105EE000B0090000990900000000FF0B0040080005
:105EF0003F5817173C191F1F1F1F525119610000EF
:105F000008603F600B009E092600C0000A001A309E
:105F100080000300417E0006000AD9032700130019
:105F20000000B00900009E0900000000050C008080
:105F300008003F5817173C191F1F1F1F52511961A6
:105F4000000007603F600C00A3092600C0000A00A3
:105F50001A3080000300417E0006000AD9032700A2
:105F600013000000B0090000A309000000000B0CA2
:105F700000C008003F5817173C191F1F1F1F525120
:105F80001961000007603F600D00A8092600C000ED
:105F90000A001A3080000300417E0006000AD9037F
:105FA000270013000000B0090000A809000000004D
:105FB000120C000008003F5817173C191F1F1F1F25
:105FC00052511961000007603F600E00B4092600BD
:105FD000C0000A001A3080000300417E0006000A5B
:105FE000D903270013000000B0090000B409000025
:105FF0000000210C000008003F5817173C191F1F14
:106000001F1F53511961000007603F60697473736B
:1060100069636F72720073776469765F656E00659D
:10602000646F66667468643230756C00696E69749A
:106030007869647870636800647373667468007468
:1060400073736974696D650063636B6277323032B4
:1060500067706F007061706474656D70007061329C
:106060006761305F3270777200696E697478696455
:10607000780063636B7077726F6666736574300067
:106080004176566D69645F63300074656D705F7151
:1060900000766261745F6D756C740063636B696E2A
:1060A0006974786964780073726F6D726576006FD9
:1060B00066646D64696766696C7474797065007094
:1060C00061706474656D7062696173006C636E32D7
:1060D000305F6E6F69736563616C5F74626C5F657E
:1060E0006E0065646F6E74686432306C006C656756
:1060F0006F66646D627732303267706F0070613244
:106100006761300074787077726F66667365743299
:106110006700706D617800766261745F71000607D8
:106120003F038A00000006073F03840000000607C3
:106130003F038000000006073F037B0000000607C6
:106140003F037700000006073F03720000000607C8
:106150003F036E00000006073F036A0000000607C9
:106160003F036700000006073F03630000000607C7
:106170003F036100000006073F035C0000000607C4
:106180003F035A00000006073F03570000000607C0
:106190003F035400000006073F03510000000607BC
:1061A0003F034F00000006073F034D0000000607B5
:1061B0003F034B00000006073F03480000000607AE
:1061C0003F034600000006073F03440000000607A7
:1061D0003F034200000006073F034000000006079F
:1061E0003F033F00000006073F033D000000060795
:1061F0003F033B00000006073F033A00000006078C
:106200003F033800000006073F0336000000060782
:106210003F033500000006073F0334000000060777
:106220003F033200000006073F033100000006076D
:106230003F033000000006073E032F000000060762
:106240003C032F00000006073B032F000000060759
:106250003B032D00000006073A032D00000006074F
:106260003A032C00000006073A032B000000060743
:106270003A03290000000607390329000000060739
:10628000380328000000060738032700000006072F
:106290003803260000000607380325000000060723
:1062A0003803240000000607370324000000060717
:1062B000370323000000060737032200000006070B
:1062C0003703210000000607350321000000060700
:1062D00035032000000006073403200000000607F5
:1062E00034031F000000060732031F0000000607EA
:1062F00033031E000000060733031D0000000607DD
:1063000031031D000000060732031C0000000607D1
:1063100030031C00000006072F031C0000000607C6
:106320002D031C00000006072B031C0000000607BD
:106330002A031C000000060729031C0000000607B2
:1063400028031C000000060728031B0000000607A6
:1063500027031B000000060727031A00000006079A
:1063600026031A000000060724031A00000006078F
:1063700023031A000000060722031A000000060784
:1063800021031A0000000607210319000000060778
:1063900020031900000006071F031900000006076C
:1063A0001E031900000006071E031900000006075F
:1063B0001E031900000006071E031900000006074F
:1063C0001E031900000006071E031900000006073F
:1063D0001E031900000006071E031900000006072F
:1063E0001E031900000006071E031900000006071F
:1063F0001E031900000006071E031900000006070F
:106400001E031900000006071E03190000000607FE
:106410001E031900000006071E03190000000607EE
:106420001E031900000006071E03190000000607DE
:106430001E031900000006071E03190000000607CE
:106440001E031900000006071E03190000000607BE
:106450001E031900000006071E03190000000607AE
:106460001E031900000006071E031900000006079E
:106470001E031900000006071E031900000006078E
:106480001E031900000006071E031900000006077E
:106490001E031900000006071E031900000006076E
:1064A0001E031900000006071E031900000006075E
:1064B0001E031900000006071E031900000006074E
:1064C0001E031900000006071E031900000006073E
:1064D0001E031900000006071E031900000006072E
:1064E0001E031900000006071E031900000006071E
:1064F0001E031900000006071E031900000006070E
:106500001E031900000006071E03190000000607FD
:106510001E031900000006071E0319000000060FE5
:106520003FFF62000000060F3FFF5E000000060F05
:106530003FFF59000000060F3FFF55000000060F07
:106540003FFF51000000060F3FFF4D000000060F07
:106550003FFF4A000000060F3FFF47000000060F04
:106560003FFF44000000060F3FFF41000000060F00
:106570003FFF3E000000060F3FFF3C000000060FFB
:106580003FFF3A000000060F3FFF37000000060FF4
:106590003FFF35000000060F3FFF33000000060FED
:1065A0003FFF32000000060F3FFF30000000060FE3
:1065B0003FFF2E000000060F3DFF2E000000060FDB
:1065C00039FF2F000000060F3AFF2D000000060FD4
:1065D00039FF2C000000060F37FF2C000000060FCB
:1065E00036FF2B000000060F36FF2A000000060FC2
:1065F00035FF29000000060F35FF28000000060FB8
:1066000033FF28000000060F31FF28000000060FAE
:1066100030FF27000000060F2FFF27000000060FA5
:106620002DFF27000000060F2EFF25000000060F9B
:106630002CFF25000000060F2BFF25000000060F91
:1066400029FF25000000060F28FF24000000060F88
:1066500026FF25000000060F24FF26000000060F7D
:1066600022FF26000000060F21FF26000000060F73
:1066700021FF25000000060F22FF23000000060F67
:1066800020FF23000000060F1FFF23000000060F5D
:106690001FFF22000000060F1FFF21000000060F51
:1066A0001CFF22000000060F1CFF21000000060F47
:1066B0001CFF20000000060F1CFF1F000000060F3B
:1066C0001CFF1E000000060F1AFF1F000000060F2F
:1066D0001AFF1E000000060F19FF1E000000060F23
:1066E00019FF1D000000060F18FF1D000000060F17
:1066F00018FF1C000000060F16FF1D000000060F0B
:1067000016FF1C000000060F17FF1B000000060FFD
:1067100017FF1A000000060F17FF19000000060FF0
:1067200016FF19000000060F15FF19000000060FE4
:1067300014FF19000000060F16FF17000000060FD7
:1067400015FF17000000060F17FF15000000060FC9
:1067500016FF15000000060F15FF15000000060FBC
:1067600014FF15000000060F15FF14000000060FAF
:1067700014FF14000000060F14FF13000000060FA2
:1067800015FF12000000060F12FF13000000060F95
:1067900013FF12000000060F12FF12000000060F88
:1067A00011FF12000000060F10FF12000000060F7C
:1067B0000DFF14000000060F0FFF12000000060F6F
:1067C0000EFF12000000060F0CFF13000000060F62
:1067D0000DFF12000000060F0CFF12000000060F54
:1067E0000BFF13000000060F0CFF11000000060F46
:1067F00008FF14000000060F09FF13000000060F39
:1068000008FF13000000060F0AFF11000000060F2A
:1068100008FF12000000060F07FF13000000060F1C
:1068200008FF11000000060F07FF12000000060F0E
:1068300007FF11000000060F05FF13000000060F00
:1068400008FF0F000000060F09FF0E000000060FF2
:1068500008FF0E000000060F07FF0F000000060FE4
:1068600004FF11000000060F05FF10000000060FD6
:1068700003FF12000000060F04FF10000000060FC7
:1068800001FF14000000060F02FF12000000060FB7
:1068900001FF13000000060F02FF11000000060FA9
:1068A00001FF12000000060F02FF10000000060F9B
:1068B00001FF11000000060F01FF10000000060F8D
:1068C00001FF10000000060F01FF10000000060F7E
:1068D00001FF10000000060F01FF10000000060F6E
:1068E00001FF10000000060F01FF10000000060F5E
:1068F00001FF10000000060F01FF10000000060F4E
:1069000001FF10000000060F01FF10000000060F3D
:1069100001FF10000000060F01FF1000000072616F
:10692000746573656C007374660063636B5F6F6E90
:1069300065636F72655F74780074656D70735F7006
:106940006572696F64007478636861696E0072785B
:10695000636861696E0073776469765F736E7274E1
:1069600068726573680073776469765F74785F77BF
:1069700065696768740073776469765F736E726CBB
:10698000696D0073776469765F73776374726C5FA7
:106990006D61736B0073776469765F63636B736EAD
:1069A00072636F72720073776469765F7377637472
:1069B000726C5F616E74300073776469765F7377B1
:1069C0006374726C5F616E74310073776469765FB3
:1069D0007765696768740073776469765F73657457
:1069E000746C650073776469765F656E00737764B5
:1069F00069765F72785F706F6C6963790073776432
:106A000069765F63656C6C5F706F6C696379007346
:106A1000776469765F73776374726C5F656E007319
:106A2000776469765F746872657368007377646908
:106A3000765F6770696F5F310073776469765F6353
:106A4000636B6E6F6973656573746C696D007377E2
:106A50006469765F6C6F673261766700737764692B
:106A6000765F6770696F0073776469765F74785FCB
:106A7000706F6C6963790073776469765F74696DB0
:106A8000656F757400616E746469765F72737369A3
:106A90006469666674687265736800776F776C5FA7
:106AA0006770696F00776F776C5F6770696F706F81
:106AB0006C00000073B54369164600222F2B044674
:106AC0000D46019208DD332B06D013460121E2F377
:106AD000D9F183059B0D07E0002120460A46E2F329
:106AE00031F2064B03401B0C1B022046336001A908
:106AF0002A4600F005F801987CBD00BF0000FF03A6
:106B0000F8B504460E461546E5F380F540F6120149
:106B1000002207462046E6F31BF32046E5F37EF508
:106B200020463946E6F322F3024B33604FF4C86344
:106B30002B60F8BD4C6403000B46C06F11461A462B
:106B4000FFF7B8BF10B501210446C06FE2F35CF255
:106B5000E06FE6F337F3002010BD37B50024694637
:106B600001AA054600940194FFF7E6FF9DE80600A0
:106B70000346284624F052DC20463EBD38B5044684
:106B8000C06FE2F3D3F148B12046FFF7E6FF0546B8
:106B900038B92046FFF7D6FF284638BD4FF0FF3002
:106BA00038BD002038BD2DE9FF4107464FF4B670CF
:106BB0000E4615469846E0F36BF40446002832D0A2
:106BC00000214FF4B672DBF34DF40A9B3846009374
:106BD00004F18003019304F18403029331462A46B1
:106BE0004346F2F7F1FBE067C0B10123637440F65E
:106BF00012010022E6F3ACF20C210022C4F8880056
:106C0000E06FE5F3F7F42046F5F722FF2046FFF7A3
:106C1000B5FFE06FF2F780F9002500E00B25204674
:106C2000E0F348F400E01E25284604B0BDE8F081FA
:106C3000CDAB000001BC600300104E03BFDE02F0CC
:106C40000E5C0280C12700000403BFDE02F0105971
:106C500003A85E02F0001203A65E02F00012028298
:106C60005E5300001202855EAF000012020200BFF8
:106C700000000F03A85E02F000120282DEBB0000DB
:106C8000120282DEB300001202845EB7000012021C
:106C9000845EB3000012028600C7000012028480E6
:106CA000C300001201BC63FF1FF040000080000021
:106CB0000000035B5E02F0001401BC60130010438F
:106CC00000015E02F0000000025E02F0182C0202D9
:106CD00000BF0000B402045EFF00001B006B4465AF
:106CE00056801B01846002F7F7BF01BC6003000AF5
:106CF000A600025E02F012370202DEFF0000200052
:106D00006B44655520200182E002F7F7BF03BFDE28
:106D100002F006C30201AC7B00002500E844656177
:106D200077A101BC607F0817A2006D5E86F4402544
:106D300000A82C7B010B1E00682B4F00002A02804C
:106D4000DEFF0000B4006B44655A60B40184E006C5
:106D5000F577AB00025E02F0159B020480C70000CD
:106D60002C028180C700002E01806002F7F7BF016E
:106D7000BC6003000ADA00902BE300D7A200E02BEE
:106D8000DEF457A3006D446AF4603200B02BD700E4
:106D90000AF001876002F7F7BF00682BBF00003AD6
:106DA00000E944655DF7A300E8C4695E77A2006866
:106DB000DE8B00003A006DDE8D5E003A0286ABD3BA
:106DC00000003A01876006F7F7BF0207DEFF000008
:106DD0003F00E844655A37A2006D5E895A003F01C2
:106DE00087E002F7F7BF01BC6003000AD100682CFE
:106DF0006F00004501BC61F70017A100E84465631E
:106E000077A2006D5E8AF4204501BC6003000B1B75
:106E100000A82C7B002B1E00682AE700005100E828
:106E200044655737A1006DDE8556404C00682B2322
:106E300000005100E844655917A1006DDE855640F9
:106E40004E03BFDE02F0005101BC6003000ABA012C
:106E5000BC6003000AB901BC6003000AC801BC6041
:106E600003000AC000A82C7B004B1E0202DEB30008
:106E700000540200420300005400025E02F00D2F95
:106E80000203C57300005702845EB30000B40068BB
:106E9000AAEF0000B40284DEB7000059020180C7E7
:106EA00000007900B02AAB0017A202802BD30000AB
:106EB0006000B02B030017A1006DDE855BE0AB0026
:106EC000685E8700006000682BE700006000B02B60
:106ED000E70017A200682AEB00006600E844655747
:106EE00057A101856006F5D7AE006DDE86F440AB94
:106EF00000E05E8554F7A1006DDE86F440AB0185AD
:106F00006002F5D7AE0202DEBB00007900682A9B62
:106F100000007900E8446555D7A100E02A9B01579D
:106F2000A2006EDE86F440720182E002F5D7AE0167
:106F300081600163CB1E01BC6003000AEA01BC60F2
:106F400003000AA601BC6003000AE503BFDE02F0ED
:106F50000079006EAA9AF4207800E82A9AF437A102
:106F600000902A9B0037A2006E2A9EF4407700B062
:106F70002A9F0017A20069DE86F4407903BFDE0273
:106F8000F000AB0284DEB700009E028881AB0000F7
:106F90009C02045EB70000B4020480C700008500B4
:106FA000682AF700208500682AF700808500682A93
:106FB000DF00008400682AF702E0820068AAF70870
:106FC000608400E844655637A1006D5E8556E0B4E4
:106FD00002005EFF00009C028080BF00009C0068F1
:106FE0002B2300008B02802BD300008B00B02B2BB7
:106FF0000017BB006E2B02F760B403BFDE02F00087
:107000009C0205DEB700008E00682AF70860B40312
:10701000BFDE02F0009C028400C7000090028600E0
:10702000C700009200682AEB00009C02812C270018
:10703000009C00E844655637A10206ABD3000096D9
:1070400000E845C95AF7A203BFDE02F0009700E846
:1070500045895AF7A20286ABD300009A00E85E8603
:10706000F457A10069DE8557009C006CC46556602A
:10707000B402855EB70000B400025E02F015BE03E4
:10708000BFDE02F000B40285ABD30000A50206AB60
:10709000D30000A301BC63FF1FF7A1006845C6F43D
:1070A000209C03BFDE02F000A501BC63FF1FF7A117
:1070B00000684586F4209C0203C5730000AB02857E
:1070C0005EB70000AB020100C70000B4006B44656E
:1070D0005680B40020E3FE1460B40282DEBB0000E0
:1070E000B402022C270000AE0282DEBB0000AE0319
:1070F000BFDE02F0009C028881AB0000B40282DE99
:10710000B30000B4028080BF0000B40284DEAF0090
:1071100000B402825EBB0000B400025E02F015EE15
:10712000018060020D906C03595E02F000B603D836
:107130005E02F000B703D8DE02F000B801BC618344
:1071400000112900B0007B00112B01BC630300116A
:107150002303125E02F00CB003975E02F00D4303AE
:10716000D05E02F0039403D0DE02F0063D03D5DECC
:1071700002F00C6203915E02F006980396DE02F0C4
:107180000C5D0288C17300012303C45E02F0081085
:1071900003C75E02F0083403DCDE02F0163503AAF2
:1071A0005E02F008A40386DE02F00CA10287C0375D
:1071B000000CA103835E02F00A50020680C70000A3
:1071C000D00202B0E70000D0006C30EE2320D001E6
:1071D00082E001872C3901BC607F1FF7A201E05ECD
:1071E0008A1070830391DE02F00720020680C70038
:1071F0000107020601AB0000E3020030E70000E3F4
:107200000068DE4B0620E3020042030000E3028434
:1072100045230000E30280B0E70000E3006E45175D
:107220000020E301BC600300108000A8412300F0AF
:107230004803D0DE02F000DC03D05E02F000DD0384
:10724000D5DE02F000DE00E001DF0020770180E003
:1072500005872C3901BC6003000C3A00025E02F085
:10726000180700025E02F0181B020E01AB0000F0CE
:10727000028445230000F0020130E70000F000E046
:1072800001E300207801816001872C390180E00151
:10729000872C39010C81430017A60068DE9B006033
:1072A000ED01BC6003004C3A03BFDE02F000EF00CA
:1072B00068DE9B0040EF01BC6003002C3A00025ED8
:1072C00002F01807020681AB000107020230E70056
:1072D00000FB028042030000FB028445230000FB08
:1072E00003915E02F0069800E001EB00207A018035
:1072F000E005872C3901826001872C3901BC6003CD
:10730000000C3A00025E02F0180700025E02F0185C
:107310001B0201B0E70000FE006C30F22320FE01EA
:1073200081E001872C39020330E7000107006C304F
:10733000F623210701836001872C390200420300F4
:10734000010700685E4B04410500685E4B00410583
:1073500003BFDE02F001070182600609104801BC8C
:10736000600300114503C2DE02F00D0A00025E0256
:10737000F0123603D4DE02F007B903A3DE02F000F8
:107380000203C85E02F005FB0204DEB30001100236
:107390000145230001100184E002F597AC00025E74
:1073A00002F006370201C5230001120187E002F551
:1073B00077AB00025E02F00EAF00025E02F01177C2
:1073C00002182E2700011600025E02F0118A03A2A5
:1073D0005E02F0012003565E02F0011D0186600688
:1073E000091048031F5E02F0011D006A5E230001C0
:1073F0001C00B0002700178800E85E2300378803D0
:10740000A65E02F0018E00025E02F011F800286014
:107410000E08E1B403C4DE02F00D7A0020C20300BE
:1074200021BC03BFDE02F0020D03815E02F00125E4
:107430000300DE02F000C30188E0020B905C03BF92
:10744000DE02F0039102874063000127018EE00E07
:10745000F43018028740630001290002DE02F000C8
:10746000000287406300012B00B05E8B0010190101
:107470008EE00AF430180002DE02F0000001BC6069
:107480006300107B01BC601B00107A01AC607EF4CD
:107490007075028741D70001320002DE02F0000061
:1074A00001BC606300107B01BC601B00107A01AC62
:1074B00060BEF47075028741D70001370002DE021A
:1074C000F0000001BC606300107B00B05E8B001018
:1074D0007A01AC607EF43075028741D700013C0030
:1074E00002DE02F0000001BC606300107B00B05EB1
:1074F0008B00107A01AC60BEF43075028741D70072
:1075000001410002DE02F0000001BC6003028006BF
:107510000280DE0700014D01DA6002F017800208E8
:107520005E0700016101BC60031E17A100E05E025E
:10753000F4306501BC60031C17A100E05E02F4306A
:107540006401BC600300281103BFDE02F001670183
:10755000105E030017A101035E030017A200E05EA6
:1075600086F457A100885E870037A200E05E86F4AB
:1075700057A100E0015AF43063028600C3000158AD
:1075800000B0560B00106200B0540300106201BC42
:10759000600300281103BFDE02F0016900B0418FD3
:1075A0000010620109DE030017A10068DE870041B8
:1075B0005C00E05E870037A100885E870057A1006D
:1075C000E05E8504B7A100E05E8703C00601BC60F1
:1075D0000300481103BFDE02F0016901BC6007022D
:1075E00017A100E05E02F4306501BC60070017A13E
:1075F00000E05E02F4306401BC600318000601BCC8
:10760000600300081100B05A0300106200B0580374
:107610000010630002DE02F0000001BC60030637C8
:107620009201BC63FF1FF0C301BC60031890E3012B
:10763000BC60FB1C10E501BC600300501000B040B2
:107640004300180000B040470010E70002DE02F0DF
:10765000000000E840330097A100B0400B0017A3E2
:10766000006D5E86F4617700905E8F0037A303BFE4
:10767000DE02F0017800905E870037A301BC601B3A
:107680000437A100E05E8EF437A301F041970017A4
:10769000A1006DDE86F4618C0287C1970001800134
:1076A000385A030017A1013C5A030017A203BFDE9A
:1076B00002F00182013C5A030017A101385A070069
:1076C00017A200685E86F4818700D85E8B0037A21F
:1076D00000E14196F4506500E1C19700306503BFB9
:1076E000DE02F0017A00D85E8B0037A200E14196FD
:1076F000F457A100E1DE870037A101F05E87001793
:10770000A1006EDE86F4618D01BC63FF1FF7A4004B
:1077100002DE02F00000020681AB000190018260EF
:1077200001872C390020E38E090002031EDE02F0DF
:107730000196039F5E02F0019601BC60430117A110
:1077400000A84122F4304803BFDE02F00002020824
:10775000411F00019301816005610B0800025E0278
:10776000F00D2F00B000AB00108600B001630010D8
:107770008A00025E02F0107301BC600304179200DD
:10778000B0003B00111D0190600609104803A1DE06
:1077900002F001AE0181E00609104801BC6003005F
:1077A000904201BC600300112D039EDE02F001B186
:1077B00001846002F2979400B0451700178F00B063
:1077C0005E170017900200441F0001AA01856002A5
:1077D0000910480181600700104701F0DE0F0037F3
:1077E000A1020400BF0001AD01F084C70037A10071
:1077F000A044B6F43145039EDE02F001B101BC6144
:107800003712B08003BFDE02F0000200A044B42AA9
:10781000314501BC612712708003BFDE02F0000217
:107820000020E082090002010CDE530017A101884C
:107830005E8700104701BC60030050420108411FF1
:107840000017A1018CDE86F2979403BFDE02F000E0
:10785000020002DE02F000000020E07E09000200CB
:10786000025E02F012020283C21F000002020280C6
:10787000F30001C600B044670017A1017C5E8623B7
:1078800057A302835EFF0001C500E000FAF46829F7
:1078900001836006F7F7BF006BDE8D0521CA020683
:1078A000D0030001CE00E950862337A100E8D08A3A
:1078B0002357A20069DE8B0001CE00025E02F00DAC
:1078C0002F0191601684F42700E020A70088290387
:1078D000BFDE02F0036E00025E02F00371020400DC
:1078E000BF0001D603945E02F000020020C28F06A2
:1078F000000200A0428F01F78000685E002DC002E8
:1079000000025E02F00D2F03BFDE02F00012020142
:10791000C28F000002011400630017A100685E8797
:1079200000600200025E02F00D2F0194600F000063
:107930001800025E02F001DD03BFDE02F00012015A
:107940001400630017A100B05E870010A501BC60A1
:10795000131B906000685E870001E400E04183062D
:10796000D06000E85E870037A103BFDE02F001E0CF
:10797000028050C30001F2018760040310A000B030
:1079800000630010B400B042D300180000884183A7
:107990000030B601BC60030B10B500B0006300B04E
:1079A000B40317DE02F001EB0397DE02F001EC01F5
:1079B0008060068614300068D0D30001F20068D0E1
:1079C000D70001F200B0446700143400B0446B00EB
:1079D00014350002DE02F000000020E01280420CAC
:1079E000018760040310A000B000630010B401BC64
:1079F00060030E10B500B0006300F0B401BC605726
:107A00000310B600B000630010B401BC600302D0E4
:107A1000B50207500B00020901BC600303D0B50199
:107A20008E6002F297940204500B0002020204D00E
:107A30000B00020201866006F2979400E042D70034
:107A4000D0B500A0500B1117A10068DE8711020805
:107A50000186E006F2979400E042D70050B5020795
:107A6000D00B00020800E042D70090B500B042D72A
:107A70000011E100B0006300B0B40317DE02F002B1
:107A80000A0397DE02F0020B0002DE02F0000000A3
:107A90006820C3000210006CC46506001201BC60BF
:107AA00003000830006820BB00021600B0446700E5
:107AB00017A2006C446988A215006B446988A01263
:107AC000006EDE8905E01201BC600300082E002074
:107AD000E0BE090002020681AB00021A0281B0E793
:107AE0000000020280B0E700000203905E02F00096
:107AF0001203A25E02F0022C00025E02F011630289
:107B00000200BF00022B0284DEAF00022302045EEB
:107B1000B700022B00025E02F0156902045EB70096
:107B2000022B03BFDE02F0000202045EB700022651
:107B3000020480C700022B02805EFF00022B0002BD
:107B40005E02F0150D0206ABD300022A02052C23BB
:107B500000022A03BFDE02F0022B03BFDE02F000A8
:107B60000200025E02F012020200421F0002430005
:107B70006842F300022F006D42F3006243011400DB
:107B8000630017A100B05E870017A203A25E02F097
:107B9000023703145E02F00245006EC4568062454F
:107BA00002814523000245006E5E8700624301BCEE
:107BB00060030077A200886006F457A300885E8BFC
:107BC00001001800E85E8B0037A20020C28EF4622C
:107BD0003D006ADE86F4423703BFDE02F002430254
:107BE0000400BF00026F0090006301016500808502
:107BF000970217A100E064820DA16600025E02F008
:107C000011DF03BFDE02F0026F018260020910483B
:107C100003BFDE02F0000201BC600300111500B0DA
:107C2000017F0017A6031F5E02F00254020300C387
:107C300000024A0020C28F02024E03255E02F002BB
:107C4000540020C28F02024E00688153FFE01203ED
:107C5000BFDE02F002500194601300001803BFDE83
:107C600002F0026F039EDE02F002530068DE980B02
:107C7000C2530201411F000F25018560020910480F
:107C800000685E980BC25800695E9F00627202989D
:107C9000428F00025803BFDE02F002720201411F50
:107CA000000F25020400BF00025F0218428F000F80
:107CB0002500025E02F011C100025E02F011DF0138
:107CC00094058700001803BFDE02F0026F02001562
:107CD0000B000268020016BB00026B00B014970094
:107CE00017A10068DE84B2226800B0149B0017A1BF
:107CF0000068DE84B2426800B0149F0017A10068DB
:107D0000DE84B26268029E14E700026B0201C28F39
:107D100000026D0194600F00001803BFDE02F00244
:107D20006F0201C28F00026D018060060D906C022F
:107D300000C28F000F250194600700001800025E4A
:107D400002F001DD020400BF0002A103BFDE02F069
:107D500002A101BC60031810600129500B001792AA
:107D600000B0017B001065006800EB00027A00881B
:107D70005A130117A100E84466F437A1006EDE84AF
:107D800007427A03BFDE02F007B2019060120910C9
:107D9000480194601F00001801085A0F0017810164
:107DA000885E0681540A01345A0F00178000025E73
:107DB00002F0014300B0017B00106500B0562300C3
:107DC00017A100E05E86A097A100E85E8400F4039E
:107DD00000E85E8400F41600B05A0300141300B0EB
:107DE0005A0700141400B05A0B0014150068DE077F
:107DF00000429200E800970057A101BC5E86F01493
:107E00001B017C5E8700F41C00B020470017810036
:107E1000025E02F0108400B0017B00106501085A78
:107E20000F00178100B05E8700141E03BFDE02F052
:107E3000029500B0561700141B00B0561B00141C0E
:107E400000B0541300141E00B05013001086006DD3
:107E500000A700829B0190016300108A00B0418F4F
:107E600000106200025E02F0160200B0422B001405
:107E70000601BC60031817A1006DC18C20029E0191
:107E8000BC60030297A100E05E840377A100E05E7E
:107E900086B0111D03BFDE02F00337020300C700E6
:107EA00002B1020CD0030002B1011400630017A15B
:107EB000028500630002B10080DE8701F7A201BCE9
:107EC000601B1857A200E05E8A0DB06500B04197B4
:107ED0000014320080DE8700B7A201BC601B15D7FA
:107EE000A200E05E8A0DB06400B04193001433003C
:107EF00068D8130002BF02005A1B0002B301806061
:107F00000684F42703BFDE02F006C30201D003009B
:107F100002B300B0509B00142F0281D0C700036B46
:107F200000025E02F00371010BD0030017A1013CB7
:107F3000502B0017A2018C5E86F457A10148014323
:107F40000017A2010C81430017A300685E8F002276
:107F5000BC018CE0000A17A200685E86F442BF01F3
:107F600091601284F42703BFDE02F0036E00025E0C
:107F700002F001F300B0501300108600B05017005B
:107F8000108A03A25E02F0030B020CD0030002DE93
:107F9000020300C70002DD00B050CB0010650002F4
:107FA0005E02F01698020350C70002CB01BC6023AA
:107FB0000097A100A85002F4340003BFDE02F002D3
:107FC000E2020481AB0002CD006D4246C080120087
:107FD000B05A1300178000025E02F0014D00B05449
:107FE0000F00141E00B05A070017A100B05A13006A
:107FF000178001875A16F0178000B0418F00106576
:1080000000025E02F0160B00E05E86A07403028799
:108010005E030002DC0109DE030017A300E05E8BB3
:108020000077A200E05E8AF477A200885E8B0037BA
:10803000A100E05E86F4508903BFDE02F002E20098
:108040006D424A848012010650070017A1028CD0AD
:10805000030002E100685E870002E20182DE86869C
:108060003431018260028634310020D0030402E8FA
:1080700000B0504F0011F200B050530011F300B0A7
:1080800050570011F401BC60030091F0020601ABEF
:1080900000030402015003000304020601AB0003C5
:1080A0000403A25E02F00304028030E7000304012F
:1080B000806005872C3900E001E700207901BC6071
:1080C000430890E600025E02F0016A01BC600319F9
:1080D00010E401BC600300000601BC600301D7820C
:1080E00001D2DE0877F0E000B00F030010E100B02D
:1080F000004700108600B00F1F00108A01BC60030B
:1081000000378100025E02F0107000B0059B001085
:108110006400E8581A28F14500B0058B001064008F
:108120006A4516C082FF00025E02F01095006E459F
:108130001700430101BC600300514501BC6003000E
:1081400010BB01BC610303B08003BFDE02F000126C
:1081500003945E02F0030B0206500300030702873C
:10816000DEAF00030B028150030005DC0202D0C722
:1081700000030A0208502B00030B0285D003000500
:10818000F301906012863431011050070017A600E9
:1081900068DE9B004317013A500700178000885E95
:1081A0000300778000E000AEF0106400B05E0700CE
:1081B000081301BC602306D78100E041830170638E
:1081C00000E0418F00B06500025E02F010AB00B02D
:1081D000204F00178103A25E02F0032300B0500F6E
:1081E0000011160202D0C700031B00B0505B001143
:1081F000160282D003000323028147C300031C023E
:1082000080504F000321002047C73F83230020C731
:10821000DB00C36D03BFDE02F0032303A55E02F0A3
:1082200003230280C7DF00036D028850C700033FAD
:108230000129500B001792020300C7000330020C03
:10824000D003000330028350C700033000B050CB8E
:1082500000106501385A1300178001825A17005721
:1082600081010E5A130017A1018E5E86F03781023C
:1082700002D0C700033F00B0501B00108A03BFDECE
:1082800002F0033F0282D0C70003370138502700B5
:10829000178001085013001781010250130017A125
:1082A00001825E86F0378100B0507F00108903BFE5
:1082B000DE02F0033F0138506F0017800108502B99
:1082C0000017810106D0070017A101825E86F037F2
:1082D0008100B0501B00108A00B05083001089014B
:1082E0000E50730017A1018E5E86F0378100025E8A
:1082F00002F0014300025E02F010700102421B0016
:10830000178101825E0502378100025E02F010844F
:10831000020680C700034B010C81430017A60068CA
:10832000DE9B00634900885E870057A103BFDE0221
:10833000F0034B0068DE9B00434B00885E870037EC
:10834000A100E05E840117A101D9DE87001083013E
:10835000BC613703B79100685E4B02837F02040063
:10836000BF0003520287500300035203945E02F0E1
:10837000035303225E02F00360020681AB00035E3A
:1083800000685E4B04435700685E4B00435703BFD1
:10839000DE02F0035E00E001EF00207B01BC600321
:1083A00002914501836005872C3900E044670A0C7F
:1083B0003D018C600E1770BB01BC6103023080036D
:1083C000BFDE02F0000201BC610300308003BFDEAB
:1083D00002F0000201BC613303B791028500630023
:1083E0000366009000630097A100E06482F43065AA
:1083F000006E5A130023660188E006F237910206E8
:1084000001AB00036A0068DE4B05A36A01BC61038F
:1084100000308003BFDE02F0000203BFDE02F00383
:108420007F0191600E84F42703BFDE02F0036E012A
:1084300091600684F42701BC60030010B40181E060
:108440000686343103BFDE02F006C3011C508F00E4
:1084500017A10080DE870197A200E0015E0DB065E4
:1084600002805A7F00037E02815A7F00037A020352
:10847000DA7F00037E00685A8700037E008860066A
:10848000F437A100201CBAF4237E00025E02F00D36
:108490002F0191601E84F42700015E02F0000003AA
:1084A000BFDE02F0036E0002DE02F0000003C4DE55
:1084B00002F00D7A020650030003870207DEAF00C8
:1084C000038701BC61030037910207500300038555
:1084D00001BC620300F79100E0010B00204203BFE2
:1084E000DE02F0038801BC600300204200B05E475A
:1084F000001080020400BF00039000B0058B001044
:1085000064006E45170000020068DE4B02838F0096
:10851000A044B42A314503BFDE02F0000200025E2F
:1085200002F010950068C51700000203D05E02F04B
:10853000039400025E02F0109503BFDE02F0000219
:10854000020601AB0003970068DE4B05A39701808C
:108550006001872C39020E01AB00039A0200B0E7DC
:1085600000039A01816005872C3900E10DB228E3F0
:108570006C00E08DB700036D01836002F7F7BF0167
:10858000BC600300900400A8412330104801BC6285
:108590000F0011E001816002F5D7AE020200BF00BA
:1085A00003B80068DE4B0203A400025E02F017BAB3
:1085B0000068DE4B0623B802045EB30003B802066F
:1085C000ABD30003A90204C5AF0003B803BFDE02AA
:1085D000F003AA0200456F0003B800E8446556376F
:1085E000A100E82A96F437A100695E870823B80243
:1085F00006ABD30003B2006BAC422323B100E044CE
:1086000067014B100183E0022B915C03BFDE02F097
:1086100003B80183E0022B915C01BC600318517820
:1086200000B045E3001800018360022F317900A8F3
:108630004138F9D7A100B05E84FE704E0187E00298
:10864000F577AB0068810B0023BB00B044670000E6
:10865000430182E00609104800A841B310906C0164
:108660008260062891440188E0020B905C00025E63
:1086700002F012360185E002F7F7BF0288421B00C4
:1086800003C30185E006F7F7BF035B5E02F003C595
:1086900001BC601300104301BC600300108501BCE5
:1086A00060030010B8008850770090B90208502B82
:1086B0000003CC013850730017A1017C506EF437D1
:1086C000A100885E870090B9020047A30003D00193
:1086D000BC60030011EA009042E70091EB00B04754
:1086E000A300D1E8020047B30003D201B0E08E3D01
:1086F00091EC01D2E00210908403A95E02F004FD27
:1087000001BC600300108400E001C300207000B0D1
:108710004467000C0D00B0446B000C0E0320DE0219
:10872000F0044B00685E4B18A3E30068DE4B078340
:10873000EC01BC63FF1F708401BC600300F0850185
:108740003813630010B500E042D700D0B501BC601B
:10875000030010A601BC602314D0B400E01357003E
:1087600024D503BFDE02F004930184E006F597AC44
:1087700001BC60FF1FF08400025E02F0042801BC0F
:1087800060030010B401BC60030010A601BC6003CC
:1087900002D0B501BC602304D0B400E0135B002418
:1087A000D603BFDE02F0049301816006F5B7AD0089
:1087B00068DE4B04A3FF0203DEBB0003F100E02EE2
:1087C0000B00106503BFDE02F003F201BC60230161
:1087D000106500A05E7FFE10EC00B05A030010EDA3
:1087E00000B05A070010EE00B05A0B0010EF00B0B6
:1087F0005A0F0010F001BC63FF1EF08401BC60033F
:1088000000308501BC60030010B401BC600301D0DE
:10881000A601BC60030450B501BC602304D0B400C1
:10882000E002AF0020AB03BFDE02F0049301BC61A5
:10883000FF1FF08401BC60030010850068DE4B055B
:10884000240701BC60030010B401BC600B0B50A6F0
:1088500001BC600302D0B501BC602304D0B403BFE7
:10886000DE02F004130068DE4B02441E00B03067E5
:108870000010840285C38F00040B00E05E270037E0
:108880008901DA5E270010EE01BC63FF1FF0CE0104
:10889000BC60030010B40080E02183180000E06990
:1088A000820DB0A601BC600303D0B501BC602304F7
:1088B000D0B400E001D3002074018460070011E00F
:1088C0000282DEB30005BC02045EB30005BC018178
:1088D000E006F5D7AE0183E00609104800B0412359
:1088E00000180001BC600306B78E0188204610D72F
:1088F0008100025E02F0108400885E8700708303AE
:10890000BFDE02F005BC01BC60031FF0840103DE82
:10891000530017A200680ECF00042300B00ECF0052
:1089200017A200901CBAF457A202005EFF000425B3
:1089300001BC60030037A200682B4F00042701BC74
:1089400060030037A201865E8A1C70E3006AC3934D
:1089500000043100E8439000D0E40202421B00040E
:108960002F0090001B0037A10020421B00442E0066
:10897000B020970017A100E04392F430E40069C3EF
:108980009300043101BC60030010E400682B4F0029
:10899000043300E043915B30E401BC60030010B499
:1089A00001BC60030010A601BC60030210B501BC4D
:1089B000602304D0B400685E4B06A44900E001CBFC
:1089C000002072020681AB0004930280B0E700042D
:1089D000930203B0E700049301BC600704F7A6020A
:1089E00088421B00044101BC600F0017A6028242AE
:1089F0001B00044101BC60170017A6010C81430055
:108A000017A50068DE9700644400885E9B0037A6C7
:108A100000E04466F4CC3C0181E005872C390182FA
:108A20006005872C390183E001872C3903BFDE0202
:108A3000F0049300E001CF00207303BFDE02F004D6
:108A40009303205E02F0049A0181E00209104800BD
:108A5000E001D7002075031EDE02F0047A01BC603D
:108A6000030017A2006A5E230004530102428F0034
:108A700017A201855E8A0910480180E00610308146
:108A80000284DE5300045A00B000770017A100E012
:108A90005E840437A100885E870057A100E05E87EE
:108AA0000D57A103BFDE02F0045B01BC60030D574C
:108AB000A10068002700047A00E05E8401F7A101AC
:108AC000BC6023009065008841970030B601BC600F
:108AD000030010B400905E870050A601BC60030143
:108AE00010B501BC602300B0B40317DE02F00463CC
:108AF0000397DE02F004640020DE8700446D00204E
:108B0000DE8700246A01B85E22D0168001805E8A6A
:108B1000D0368103BFDE02F0047301BC5E22D016A2
:108B20008001845E8AD0368103BFDE02F0047300C8
:108B300020DE8700247101B85E22D0368101805E7C
:108B40008AD0568203BFDE02F0047301BC5E22D0DD
:108B5000368101845E8AD0568201886002F430A892
:108B600000B05A030010B000B05A070010B10280E4
:108B700042A300047600E042A30090A800B05A0B84
:108B80000010B000B05A0F0010B1018760061090BD
:108B90008400E05E2700378901DA5E270010EE01CD
:108BA000BC60030010B401BC60030350A600B00019
:108BB000330010B50284DE5300048400E0606803D3
:108BC000B0A600E042980430A600B000370010B50F
:108BD00001BC602304D0B401846006F2979401863E
:108BE0006002091048039EDE02F0048E0280441FDA
:108BF00000049100B05E3F00114501BC6003001706
:108C00008F00B05E4300178500B05E0F0017900321
:108C1000BFDE02F0049100B05E0F001785028044B1
:108C20001F00049100A044B6F0B14501BC600301EF
:108C3000104201836006F29794018460070011E0FE
:108C400003A05E02F005BA02065EAF0005BC018615
:108C5000E006F577AB01BC600300108000025E0205
:108C6000F00D3703BFDE02F0072003A15E02F0051E
:108C700027011400630017A10068DE8700E49F014C
:108C800081600609104803BFDE02F0052702850057
:108C9000630004A10183E0060D906C01816006F57C
:108CA000D7AE011C508F0003BD0206508F0004A9EF
:108CB00000B044670010F300B0446B0010F401BC36
:108CC00063FF1FF0D301BC63FF1FF0D400B0421755
:108CD0000310850020600E8624D0018760040310F5
:108CE000A000B000630010B401BC60030B10B5001D
:108CF000B0006300F0B4020300C70004BB020CD054
:108D0000030004BB028050C70004B300B05413003A
:108D100017A100E05E8680741A00B0506B0010E46A
:108D200000B042130210840209502B0004BB00B0B3
:108D3000421300308401D2E03AA030E0028050C7F4
:108D40000004C101D2E052A030E003BFDE02F00413
:108D5000C10202D0C70004C100B0505F0010E000A3
:108D6000B050630010E100B050670010E200B05056
:108D70006B0010E400B0421302F084020050C70000
:108D800004CB018AE00E10908401BC60FB1C10E54E
:108D900001BC60030890E600B000630010B401BCA1
:108DA00060030210B500B0006304D0B40184600712
:108DB0000011E001BC600300178E03BFDE02F00566
:108DC000C700E001C700207100B000630010B401CB
:108DD000BC600302D0B500B0006304D0B403BFDEB2
:108DE00002F0055403225E02F004D200E002A70064
:108DF00020A9010350030017A100B85E870037A126
:108E000001875E86101080020400BF0004E0032B7F
:108E1000DE02F004E0020000F30004DA00E80023C0
:108E200000514201BC600A28514203945E02F004E2
:108E3000E000B0058B00106400E058230036080005
:108E40006858030004E000B0446700111200B058F5
:108E500003001115020CD003000526020300C70011
:108E600004F300B050CB00106501BC600300168510
:108E700000E05A3300368C020350C70004E800E0DB
:108E80005A2700368903BFDE02F0052701BC6003C4
:108E90000017B200B05A0B000B8301385A130017A9
:108EA000A101BC5A06F430E0013C5A130017A1019D
:108EB0007C5A06F430E10181E0061090840185E0DF
:108EC000070010E30185E0070010C30282D0C7004D
:108ED00004F803BFDE02F004FB0202D0C70004FD69
:108EE00000B02A330017A101B8506EF430E000B092
:108EF00050730017A101B82A36F430E10282421300
:108F00000004FB00B0507B0010E400B042130210DC
:108F1000840185E0061C30E100B04213007084013A
:108F20008760040310A0020300C700051300B050BF
:108F3000CB001065006D5ECAD1C5030185E0021843
:108F400070C300E05ECB00368E01BC601B1FD06595
:108F500000E04196F6506500B0509700168000681A
:108F6000DECB00050B01BC60230150B800E001F32B
:108F700000207C00682E0F00251103BFDE02F005E3
:108F80001E00B05ECB0010B500B000630870B402E4
:108F90008342D300050D01BC60030170B80068AEC8
:108FA0000F00251E01BC60030170B802BC506700B1
:108FB000051D03BFDE02F0051C010CD0030017A144
:108FC00003A95E02F0051901BC60230150B800E05E
:108FD00001F300207C00685E8700651C03BFDE0291
:108FE000F0051E01BC60030170B800685E87004593
:108FF0001E01BC60030170B80181E0021710B801C6
:10900000BC600300F0A501BC60030E10B500E001D8
:10901000F700207D00B000630010B400B0006300D2
:10902000F0B400B042D3001800018860080310B407
:10903000018160060D906C03BFDE02F00554020250
:10904000D0C700052D00B0506F0010E000B0507385
:109050000010E100B050770010E2028242130005D8
:109060002C00B0507B0010E400B0421302F08400EA
:10907000E05E9F0037A703A15E02F0053601BC60E9
:10908000030017A7018760040310A000B00063006D
:1090900010B401BC60030E10B500B0006300F0B462
:1090A000018860080310B403BFDE02F0054900B078
:1090B000017B00106500B05A030010E500B05A07AC
:1090C0000010E600B05A0B0010E70068A04B000546
:1090D0003C00E05E270037890068204B0005400116
:1090E00085E0070010E30185E0070010C300B042EF
:1090F0001301108401DA5E270010EE01876006106C
:10910000908400B042131C108401BC60030010B4B2
:1091100000E0606803B0A600B000970010B501BC85
:10912000602304D0B4018460070011E003BFDE02B5
:10913000F005A901085E4B0017A100685E870025B5
:109140005402025003000553029E509F0005500236
:1091500001D00300055000E05E2700378901585E0A
:109160002700142D01DA50B70010EE0187600610B9
:10917000908403BFDE02F0055401BC600300142D8F
:109180000104C1070017A100680EF700055900B0DF
:109190000EF70017A100901CBAF437A103BFDE023E
:1091A000F0055B03225E02F0055B0103DE5300174E
:1091B000A100B05E870017A202005EFF00055E01FD
:1091C000BC60030037A200682B4F00056001BC6043
:1091D000030037A202885E4B00056300685E4B0601
:1091E000856301BC60030017A200688EF700056567
:1091F0000183DE86F297940183DE8684F427028160
:10920000C21300056B01865E8B0010E301866007C8
:109210000010C30181E00610908403BFDE02F00558
:109220006D01865E8A1C70E3018660061870C302B9
:10923000B847A70005A502A047B70005A703A95E88
:1092400002F0057501085E4B0017A100685E8700FB
:1092500025A6021E509F0005750185E0061C70E3DF
:109260000185E0061870C3011400630017A10068AF
:10927000DE8700857E00B001530017A20068DE8BF8
:10928000FFE57A0068424700257B0068DE8A84C5D6
:109290007E018560020910480186E0021C70E3012E
:1092A00086E0061870C3011050070017A600685E1C
:1092B0009B0005A601BC60030011E4013A500700C1
:1092C000178000885E0300778000E000AEF0106435
:1092D0000068DE9B00458B0207D00300058901BCB6
:1092E000602B11F7A200E05E000B37A300025E02C4
:1092F000F010D601BC602306906401BC60470017E3
:10930000A200025E02F010FE00685E9B0045A7010D
:10931000A46046F471E00068DE9B00C59901BC6161
:109320001300B7A1020600F300059201BC60130010
:10933000B7A10192C21AF437A203295E02F0059781
:1093400001BC60030011EE009042E70091EF019232
:10935000E00EF437A200B05E8B0011EC03BFDE021A
:10936000F005A700685E9B00659E00685E9B00A5F7
:109370009E00B0502F0011E200B050330011E20304
:10938000BFDE02F005A7018760023D11E80068DE3C
:109390009B00A5A1018760063D11E801BC600300A8
:1093A00011EA009042E70091EB0192C21B00B7A2C4
:1093B00001B85E8A3D11E803BFDE02F005A7018413
:1093C00060070011E001BC600300112D00B0448370
:1093D00000142C03A3DE02F005BD01BC60030017DE
:1093E0008E00685E4B05A5AD020050030005B70175
:1093F00083E00609104800B0412300180001BC605A
:109400000306378E00685E4B05A5BC00E002A30092
:1094100020A801BC600304B78E03A95E02F005BC5E
:1094200000685E4B0425BC01BC600306B78E03BF19
:10943000DE02F005BC01816006F577AB00B05E0F7F
:1094400000178500025E02F0109501BC6003001752
:109450008C01BC600300178D0323DE02F005C702F8
:109460000680C70005C6010C81430017A10068DE15
:10947000870065C60108421B0017A10068DE87004F
:1094800005C601BC607F1FF7A101E05E86107083F6
:109490000182E005872C3900E04467258C3B018779
:1094A000E006107083006D00A70085D903295E02D5
:1094B000F005D9020300C70005D600B050CB00105C
:1094C000650282D0C70005CE00E05A23003688032B
:1094D000BFDE02F005CF00E05A2700368900682E73
:1094E0000F0025D600E05ECB0037B2010A5ECB004C
:1094F00017A100E050CAF4306500D06006F657A20C
:1095000000205A1AF445D603BFDE02F005D000024F
:109510005E02F012360350DE02F005D603BFDE0213
:10952000F0063D02055EAF0005DB0187E00626710F
:109530003303BFDE02F000020190600A863431027C
:1095400082D0C70005E5013C502700178001095073
:109550002B001781010750070017A101825E86F0DA
:10956000378100B0501F00108A00B0500F00111654
:1095700003BFDE02F005EB0138505F001780010ADF
:10958000502B0017810107D0070017A101825E86CA
:10959000F0378100B0502300108A00B0505B0011FA
:1095A00016020300C70005F0020CD0030005F0020C
:1095B000085E070005F0013854070017800190424B
:1095C0002AA1308A028050C70005F901BC6003055A
:1095D000B79203BFDE02F0031B01906006863431B0
:1095E000020300C70005DD020CD0030005DD00B05A
:1095F000001F0017A100E05E8680741A03BFDE0220
:10960000F005DD01BC600306379203BFDE02F00304
:109610001B00E0135F0024D70204DEB30000020049
:10962000B0130B001065011998870017A101095AA2
:10963000130017A201895E86D0968400B01307003C
:1096400017A3006DDE8498260400B05E870017A380
:1096500001885E8ED096840068DE8AF4210E01BCFB
:1096600063FF1FF0D000B05A130010F001BC60037C
:109670000017A501825E961E10F001BC63FF1FF06B
:10968000CF01BC601B00F0EF01BC63FF1FF0D100F5
:10969000B044670010F101BC63FF1FF0D200B0447A
:1096A0006B0010F201BC60030404D801BC63FF1F0F
:1096B000F0C301BC60031C10E301BC63FF1FF0C4D6
:1096C00000B052130010E401BC63FF1FF0C500B0EE
:1096D000522F0010E501BC63FF1FF0C600B05233EB
:1096E0000010E601BC63FF1FF0C700B05237001046
:1096F000E701BC63FF1FF0C800B052170010E8017B
:10970000BC63FF1FF0C900B0521B0010E901BC632D
:10971000FF1FF0CA00B0521F0010EA01BC63FF1F18
:10972000F0CB00B013470010EB01BC63FF1FF0CC7F
:1097300000B0134B0010EC01BC63FF1FF0CD00B074
:10974000134F0010ED00B0136700106201BC6003FE
:1097500000281100025E02F0107400025E02F00D9B
:109760002F01BC602B1877A100025E02F0012701D7
:109770006040670011C000E040649B17A100E05EFC
:10978000870097A101BC63FF1FF0C001BC6003010B
:10979000550101D2DE86A030E000905E870177A1FE
:1097A00001BC60030797920190600A09104803BF4B
:1097B000DE02F0035301BC60070011C101BC602B45
:1097C0001817A101BC60030017A200025E02F0019D
:1097D0002B01BC60030011C10002DE02F000000298
:1097E00001C2E3000665020300C700064200682EBE
:1097F0000F002652006E4246F6465203BFDE02F0CC
:109800000644006E4247002652020300C700064F7E
:109810000355DE02F00644018060028614300138F0
:1098200050830017A100B050CB001065006DDA32F4
:10983000F42C6200A84123141048011400630010A6
:109840006500E041970ED06500E05A0300368001C4
:10985000BC621F0011E003BFDE02F000120181E0D4
:10986000068634310191600E84F42703BFDE02F0D6
:109870000665013C50670017A101AC5E861750BA1F
:1098800001BC60030190B8020300C700065F0068D6
:10989000AE0F00265A0181E0021710B80350DE0215
:1098A000F0065803BFDE02F0066500E82E0F002B1D
:1098B0008300B05ECB0010B500B000630870B40246
:1098C0008342D300065D03BFDE02F006600186E03E
:1098D000040310A000025E02F001E603D5DE02F0F0
:1098E0000C6203D6DE02F00C7A0350DE02F0066151
:1098F00003BFDE02F003C301BC600300F0A50182D8
:10990000E00209104801BC621F0011E001BC6003C5
:109910000011EC01BC600F0011E80285500B00063D
:109920006C0182600209104803A0DE02F006700399
:10993000D5DE02F00C6203D6DE02F00C7A03205E64
:1099400002F006760188600209104801BC6003003D
:10995000083100685E4B18A0020068DE4B07867570
:1099600000025E02F0063703BFDE02F0001201BC07
:1099700060030037A100025E02F00E9603A3DE0230
:10998000F00012020050C700068201BC6003001004
:10999000800182600609104801806002863431002F
:1099A000688EF70006800104C1070017A10183DE5D
:1099B00086F2979400E001CB00207203BFDE02F034
:1099C000020D00B0010B0017A1006DDE840806C374
:1099D00000E844640877A1006E5E840826C301870E
:1099E000E006F577AB020200BF000697028881AB64
:1099F000000697028400C70006970129500B001744
:109A0000A10068DE870206970282DEBB000697028D
:109A100003C5730006960283DEB30006960286AB8A
:109A2000D30006920282DEBB00069200682AE7009D
:109A30000697006DDE2F01E6970182E006F7F7BF7B
:109A400001BC613B0417A100E04466F42AA903BFEE
:109A5000DE02F0001203BFDE02F006C301BC6003A9
:109A600000114902825EAF0006B201826006F577FE
:109A7000AB00B0446700081C020400BF0006A3004E
:109A800068451F0006A30185E002F577AB032BDED6
:109A900002F006A10185E006F577AB00B0058B006A
:109AA000106400025E02F0119700B0014B0017A293
:109AB0000208421B0006A600B0016B0017A2006856
:109AC0005E8B0006AE0090452B0097A10080DE86DD
:109AD000F457A1006E20BA0DA6AE00B041B7000841
:109AE0002E00E120BA23282F00E0DE86234C45001B
:109AF000B041B6F4282E02055EAF0006B001BC618D
:109B00000300113300E10D8229436000E08D8700DE
:109B1000036100E844650397A5006D5E970100C1ED
:109B2000020200BF0006C00068DE4B06A6B7018433
:109B3000E002F7F7BF0068DE4B0406BA0282DEB32C
:109B40000006BA01BC6003000B0A02045EB3000603
:109B5000BD0068DE4B0626BD00025E02F0158F00D8
:109B6000025E02F0123703A3DE02F006C00183E0BA
:109B700002F597AC00025E02F017C001826002F5A8
:109B800077AB03D15E02F00002020050C300071958
:109B90000325DE02F006C70183600684F42703BFB5
:109BA000DE02F006F9020CD0030006F7020300C73C
:109BB0000006E6011400630017A1006DDE87008631
:109BC000F701BC600300178000B050CB00106500A7
:109BD000B050CF001064018160060D906C0182606E
:109BE0000686343100B05A230017A101BC6003007F
:109BF000168801BC5A2AF437A101BC600300168AFA
:109C000000B05E8700148F00B05A270017A101BC76
:109C1000600300168901BC5A2EF437A101BC600311
:109C200000168B00B05E8700149000B05A1B001421
:109C30008D00B05A1F00148E01BC60030016040092
:109C400068DE030006E3020350C70006E20100508D
:109C50009F00178001805E0291B48D01BC5E02926C
:109C6000149001BC600300378000025E02F016E42D
:109C700000B05E0300148C03BFDE02F006F2006841
:109C8000C2470006EB0181E0068634310191600E87
:109C900084F42701BC600300143003BFDE02F0002F
:109CA0000200B0509F0017A100025E02F001E50023
:109CB000B05E870014270186E0040310A000B042C4
:109CC00083001800010CD0030017A10068DE870094
:109CD00066E6010250C70017A101805E8684F42762
:109CE000018AE00E84F42700B050BF00142603BFA1
:109CF000DE02F006F90186E0040310A00200509F86
:109D00000006F90286C10700071403295E02F00667
:109D1000FE00B0523300142D00B052370017A101DD
:109D20009E5E8684F42700B0509F0017A10180DE5C
:109D300086F437A1020580C300070500B0303B0060
:109D4000108F00B0303700108E00B050D700108D4B
:109D500000B050D300308C00B050BB00108F00B06A
:109D600050B700108E00B0509B00108D018060062F
:109D7000F4308C020250C700071100B052430010AB
:109D80008F00B0523F00108E00B0523B00108D018A
:109D90001A52370017A10198DE870437A101B85E77
:109DA0008691B08C01826002863431018160020D9F
:109DB000906C01BC600300143401BC6003001435D6
:109DC0000325DE02F00717019C600284F42703BF1D
:109DD000DE02F0071B0285500B00071900A850C7D0
:109DE0000D143101BC600300143001816002F5D70D
:109DF000AE0183600284F4270185E0020910480166
:109E0000BC600300142E03A25E02F0020D03BFDE4D
:109E100002F000120323DE02F0079103A35E02F0BA
:109E2000079103A2DE02F0079101816006F577AB8E
:109E300003AA5E02F007910183E002091048035172
:109E4000DE02F0072C020680C70007290182E0012C
:109E5000872C3900E0026B00209A0180E006F5773C
:109E6000AB03BFDE02F007310301DE02F0072F0073
:109E7000685E4F06272F01BC60030017A803A45E8D
:109E800002F0073103C1DE02F0079402045EB30062
:109E9000073A01846002F597AC0183E0020910489B
:109EA00000B02B3F0017A1006D2AEEF4200200E065
:109EB000027B00209E01BC6003000ABB00025E0220
:109EC000F0159203BFDE02F000020203DEB30007CA
:109ED0004A0183E002F597AC00E020CF002833026E
:109EE000015EBB00074A00B02A830017A1006D2065
:109EF000CEF4274501BC600300083300E0027F0078
:109F0000209F03A95E02F007480191601A84F4279C
:109F100003BFDE02F0036E01BC63FF1FF7A1000266
:109F20005E02F00E9603295E02F0074A0191601A64
:109F300084F42703BFDE02F0074A0184600209109F
:109F40004800E10DC229437000E08DC70003710293
:109F50000400BF00075101BC60030011150114008B
:109F6000630017A100E06602F4306500025E02F0B3
:109F7000109A0182600209104800685E3B18A755DC
:109F80000068DE3B07075603BFDE02F0000203292C
:109F90005E02F007590201500300075900685E3B5A
:109FA00004A76001F0DE1700378500A05E16F09769
:109FB0008500685E3B0627600201500300075F02D0
:109FC0008780BF00075F0185E0060910480280D046
:109FD0000300077000B05E1B0017A300B0008B00E9
:109FE00017A4020400BF000766006E419730676641
:109FF00001185A030017A3011A5A030017A4006896
:10A00000C18318076900E002930020A403BFDE02A9
:10A01000F0076B006D5E2EF4876B0182E0068634DC
:10A020003100E05E3300378C0068DE32F4676E008A
:10A03000B05E0F001785006DDE2EF4677C03BFDE77
:10A0400002F0078C00B05E1F0017A300B0008F0065
:10A0500017A4020400BF000776006E4197306776B0
:10A06000011C5A030017A3011E5A030017A4006D18
:10A070005E2EF487780182E00686343100E05E3798
:10A0800000378D0068DE36F4677B00B05E0F001786
:10A0900085006D5E2EF4678C0185E002091048038F
:10A0A000D1DE02F0077E03295E02F0078002030082
:10A0B000C700078100B05E0F00178500025E02F046
:10A0C0001095006841831807B2020300C700078893
:10A0D000020CD003000788028350C700078800687D
:10A0E000DE4B05A78803BFDE02F016640181E0069F
:10A0F0008634310068DE3B06278B00E0029F00209B
:10A10000A703BFDE02F006C300025E02F010950155
:10A1100081600209104803295E02F0079102830062
:10A12000C700166403BFDE02F006C303D1DE02F0EF
:10A13000079203A5DE02F006C303BFDE02F00012A1
:10A1400000E10DBA29436E00E08DBF00036F0206E7
:10A15000500300079C00B001030017A1006D810AA5
:10A16000F4279C00E844640877A1006E5E84082709
:10A170009C0187E006F577AB01085E4B0017A10054
:10A18000685E4B05279F00685E870027A000B05ED1
:10A190000F00178500025E02F0109500685E3B0616
:10A1A00027A601BC600300178C0200D0030007AB98
:10A1B00001BC600300178D03BFDE02F007AB01BCDA
:10A1C000600300178C020300C700020D020CD003CD
:10A1D00000020D019C600284F42703BFDE02F0023E
:10A1E0000D006841831807B10180600684F42703DD
:10A1F000295E02F006C301826006863431028300C4
:10A20000C700166403BFDE02F006C300E002970039
:10A2100020A50181600209104801BC6003000812FA
:10A2200000E0017B00A05E01BC60131417A1006D6B
:10A23000017AF4201201BC60130C805E03BFDE02C1
:10A24000F0001200025E02F00D2F0338DE02F00073
:10A2500012039EDE02F0001200E8444C00F7A10059
:10A26000E85E840117A1006ADE840107C200E85E8F
:10A270008401118701BC600300118801A5E0223030
:10A28000118001BC600300111301BC6003001114B4
:10A2900000B044670017A100B0446B0017A200B0E3
:10A2A0005E8700110400B05E8B00110503B8DE026A
:10A2B000F007C403BFDE02F0001201BC600304B764
:10A2C0009201BC60030417A101BC63FF1FF0CE0024
:10A2D000B052170010E800B0521B0010E900B05255
:10A2E0001F0010EA01BC60030010E4028600C300F6
:10A2F00007E200B0540F0017A20069DE8A9087D5EC
:10A3000000E85212F450E40068A0470007E201BCE4
:10A3100060030010E400B054270010E000B0542F98
:10A320000010E103BFDE02F007EB01BC60030297FF
:10A33000A101BC60031890E801BC60030010E901B2
:10A34000BC60030010EA03BFDE02F007E203A4DEF4
:10A3500002F00A5003A9DE02F00A5001BC600301BA
:10A36000D7A1020600C30007E40280DE5F0007E910
:10A3700000B054070010E0006820470007E701D252
:10A38000DE86A030E000B0540B0010E103BFDE0217
:10A39000F007EB01BC5E869010E001BC601F00106E
:10A3A000E101BC60030010E200B052230010E500A0
:10A3B000B052270010E600B0522B0010E700025EFA
:10A3C00002F0107403A9DE02F00AB100685E4F04C7
:10A3D000280701BC63FF1FF0C300685E4F16A7F992
:10A3E00000685E4F05A7FC01BC60031A90E301BC46
:10A3F000600306B79200685E4F05280703BFDE02C0
:10A40000F0080101BC600318B79201BC60030E9014
:10A41000E303BFDE02F007FE01BC600306379201D2
:10A42000BC60031890E3028E01AB0008010298445F
:10A4300007000BB502804607000BB500B0204700AF
:10A44000178100025E02F0108400E85E8400D7A14C
:10A45000006A5E8690880700E85212F430E403BF79
:10A46000DE02F0080A01BC60030010E40338DE02DB
:10A47000F0080A0187E0061C90E40190600A0910C8
:10A480004801BC610304379100685E4F16AC400080
:10A49000685E4F05ABB503835E02F00A5003BFDE72
:10A4A00002F000020204416300081D01876002F50A
:10A4B00077AB01BC600300114901BC6003010B894B
:10A4C00000E10DB228E36C00E08DB700036D01845C
:10A4D00060020B105802055EAF0008190187E00604
:10A4E000267133020400BF00081C0185E002F577E5
:10A4F000AB00025E02F0119703BFDE02F000020320
:10A50000A35E02F0081F00025E02F017C00285C5BC
:10A5100023000002018460060B10580200DEFF00D9
:10A5200008250180E002F7F7BF00682B4F000825DF
:10A5300000E044655A4AD302055EAF00082701BC1B
:10A540006103001133020580BF00082D01BC6013B8
:10A550001157A100025E02F001270196600E033040
:10A560001900B040670017A200025E02F0012B0242
:10A5700003C03700082F03BFDE02F0001202875E1F
:10A58000AF00083100E0021F00208701826006282A
:10A59000914401BC6003010B8903BFDE02F000128D
:10A5A000020601AB00083601806001872C390206E3
:10A5B00081AB0008380183E001872C390183E00278
:10A5C0000F107802814013000002020042030008CD
:10A5D0003D01846002F597AC01BC6003000ABB0139
:10A5E000BC600300108003A3DE02F008400190600D
:10A5F0000209104800B0446700179E00B0446B0089
:10A60000179D00B0446F00179C00B0447300179B67
:10A610000068DE7A23284000E0022300208801152C
:10A62000403B001797006D80A700884B00A05E5F3D
:10A63000003797006880A700084B01BC6003003713
:10A640009700B001430017A1010C81430017A3003C
:10A65000685E8F00284F018CE0000A17A101C9DE57
:10A66000840527FF01BC60031077950191E0020D7E
:10A67000906C0286403700085500E002BB0020AE17
:10A6800003BFDE02F00CA401BC600300148001BC17
:10A69000600300148101B8600A04902401BC6003C7
:10A6A00004082401BC600300482301BC600300D0FF
:10A6B0002A01B3600700100401BC60030008080110
:10A6C000BC600300080901BC600300080A01BC600B
:10A6D0000300080B0183E002F5D7AE00E044671FDA
:10A6E0004C1F0287C037000C9E00025E02F012363B
:10A6F0000286403700086703C35E02F0087903BF93
:10A70000DE02F00C9F0068C033004877006B4465A0
:10A7100083E87700B041270017A100B0412701D09E
:10A720004900B05E870017A100B05E870017A10046
:10A73000B05E870017A100B05E870017A100B05E71
:10A74000870017A100B05E870017A100B05E8700E8
:10A7500017A100B05E870017A100B05E870017A1A7
:10A7600000B05E870017A100B05E8700104903BFEC
:10A77000DE02F00D1303435E02F0086202864037EA
:10A7800000088500685E5F000C9F00685E5F004CFB
:10A790009F0152D2030017A10185D206F437A2030C
:10A7A000BFDE02F00880013C52030017A101BC5239
:10A7B00006F437A20323DE02F008830068DE8B0173
:10A7C000CC9F03BFDE02F0088500685E8B0288859F
:10A7D0000068DE8B038C9F006D403300CCA40068C2
:10A7E0005E5F00489800685E5F002895006800A7DB
:10A7F00000C88A006880A700A88B00E04466902803
:10A800003001BC62C30017A10280520300088E0110
:10A810009652030017A10080DE8690379A020352F9
:10A820000300089300E05E6A90379A0207D20300A3
:10A83000089300E85E6B00379A029E5E6B000CA4E2
:10A8400003BFDE02F0089C0152D2030017A101856C
:10A85000D206F4379A03BFDE02F0089C013C520393
:10A860000017A101BC5206F4379A006E5E680BAC6B
:10A87000A400685E6B000D130204C03B0008AE012B
:10A8800081E0060D906C0207C0AF0008A4020740EB
:10A89000370008A200E0027300209C03BFDE02F034
:10A8A0000CA400025E02F0123603BFDE02F0089E26
:10A8B00000B02023000C1100B02027000C1200B0C3
:10A8C000202B000C1300B0202F000C1400B05E7F72
:10A8D000000C150287C0AF000C9E0282403B000CAA
:10A8E0009E015840AF00179A01BC603F1E17A1009F
:10A8F0006DDE6AF42C9E035B5E02F008B001BC6062
:10A900001300104301BC60FF1E17A1006E5E6AF4C5
:10A910002C9E00B0412328104801806002F29794D9
:10A920000184E002091048015840AF00102A006875
:10A9300040AB002C9E01BB5E5600900402035E57A4
:10A940000008C1020047A30008BE01BC621E3C1102
:10A95000E001BC60030011EA00B05E6B0011EB0186
:10A9600098601E3D11E8020047B30008C100B05EC8
:10A970006B0011EF01B0E0CE3D91EC03835E02F07D
:10A9800008C400025E02F01236006D403304C8C1F4
:10A9900003AADE02F008E001BC63FF1FE3B301BCC1
:10A9A000601F10D06401BC600300B7A101BC63FF4D
:10A9B0001FE79300E04186F4306501BC63FF1FF69A
:10A9C0000000E05E870077A100025E02F00F1F0228
:10A9D00000C0770008D6012940770017A2006D5EFD
:10A9E0008B04C8D400E85E8B04D60001BC601F0550
:10A9F000F06300E0418EC01063010C56030003B306
:10AA00000068DE870168D600B05E8B000793006D9A
:10AA1000DE8701C8D900E0419300306403BFDE0245
:10AA2000F008C903B05E02F008DF018360020D90F8
:10AA30006C00681E1BFFE8E001BC601F05F06500AC
:10AA4000E04194F0D06502005A030008E001836001
:10AA5000060D906C0020402F08A8E201BC600300A6
:10AA600003B301BC60030007FC0188E00F0007FD91
:10AA7000006D4033020A4A0129520F001793010961
:10AA8000520F0017AA0068DE4F03A8EA01295223DB
:10AA900000179301A95E4F00379301966002F29769
:10AAA0009400E0418701F06501BC600F0017A10030
:10AAB00028DE869068F101866006F2979400E041F6
:10AAC0009700706500E0209300C82401065E5300E3
:10AAD00017A200A05E4F0477A10068DE870448FF3C
:10AAE0000186E006F2979400B85E8B0037A200B0B2
:10AAF0005A030017A0020ADA030008F9018760066A
:10AB0000F297940284C03B0008FF0203DA030008B6
:10AB1000FF03AB5E02F008FD020441070008FF01DD
:10AB2000806004FFA7FD01065E530017A20182DECC
:10AB30008A00900403AADE02F0094503AB5E02F02E
:10AB40000917018460020D906C01BC63FF1FF79927
:10AB500000B01E230017A20068DEAB00290900A088
:10AB60005E4FFF77A10068DE8707291503BFDE026D
:10AB7000F0090B0284520F0009150204D20F0009DC
:10AB80000E03B15E02F0091400B01E1F0017A203ED
:10AB9000BFDE02F0090F03B35E02F0091402005297
:10ABA0001700091500685E8BFFE91500E0015EF4EF
:10ABB000506502015A4700091500B01E4F00179951
:10ABC000018460060D906C020052170009430331A6
:10ABD0005E02F00943020200BF0009430180E00168
:10ABE000610B080200521700091E0068DE4F0409BD
:10ABF0001D00B02AD70017A2006DDE895509310269
:10AC000002AB2F00093E02832B2F00092000685E53
:10AC10005F00092B01BC60030017A3013852030039
:10AC200017A30283AB2F0009270068DE5F002927E6
:10AC300001085E8F0017A300695E8F00693E03BFA5
:10AC4000DE02F0092B006DDE5F00492903BFDE0242
:10AC5000F0093E02842B2F00093E0068DE8F0009B8
:10AC60003E00682A9B00093E00B02B930017A2000B
:10AC70006DAA9AF4493E00685EAB00493100685EF7
:10AC80004F06893103BFDE02F0093A00B02B9B006A
:10AC900017A200B02A9B0017A10283AC2700093637
:10ACA00000682C87000937006D5E8564293700B085
:10ACB0002C7F0017A2006D5E895CA93900B02C4B77
:10ACC000000B110184E006F7F7BF0068DE4F028930
:10ACD0003E00025E02F017BA0206DEFF00093E00E7
:10ACE000E02BC7002AF10068DE5F0009410068DE42
:10ACF000AB0049410180E005610B0800682B4F0063
:10AD000009430180E006F7F7BF01BC63FF1FF7A509
:10AD1000032B5E02F0094600B01E4F0017A5020784
:10AD2000520F0009C2028047A30009BF028047B347
:10AD30000009BF00E0209300882400E8208F0088ED
:10AD40002301BC60030011E401BC600303D1E102F4
:10AD5000065E5300094F01BC60030491E10206DE68
:10AD60005300095300E047870051E10207D20F006A
:10AD7000095300E047870091E1006D403302CA4A61
:10AD800000685E4F0589560068DEAB0049C203AB20
:10AD90005E02F00959020052170009C2020580F351
:10ADA00000095E00685E97FFE95B00E05E97009730
:10ADB000A50068DE97FFE95E028052170009C20213
:10ADC0000700BF0009C201BC601B0437A200904706
:10ADD0008700306500E04196F4506500E047870148
:10ADE000081A03835E02F0096500025E02F0123663
:10ADF000006D4031034962006D4031034A4A01BC95
:10AE0000600B1D57A10068DE97FFE975010F5A0717
:10AE10000017A5031EDE02F0097502005217000993
:10AE200075032C5E02F009C200685E67FFE97500D9
:10AE3000E05E6700979900E05E66F43064012A588E
:10AE4000030017990100DE970017A500E05E66F485
:10AE5000B79900E05E67003799011558030017A6FF
:10AE600003BFDE02F0098500E05E96F43064012A3B
:10AE70005803001799020580F30009840182E0025B
:10AE8000F33799020052170009840116D8030017FE
:10AE9000A6010F5A070017A4010CD8030017A10040
:10AEA00068DE92F4298000E05E6702179903BFDE36
:10AEB00002F00989010DD8030017A10068DE92F4A1
:10AEC00029C200E05E6704179903BFDE02F009891A
:10AED000011058030017A60068DE9B00C989018194
:10AEE000DA030017A100B85E86C017A10281DE87D1
:10AEF0000009C200885E6700778000E000AEF010B5
:10AF00006401AADE64FF87FC0068DE9B0049A3029F
:10AF1000078187000996006DDE030C0996028552B1
:10AF20000F0009960298523B0009960181E004FF48
:10AF3000A7FD00E05E000B37A300E05E8F0097A343
:10AF400000E041870077A200025E02F010D600E820
:10AF5000208F01082301BC602306D78100885E97FB
:10AF60000077A100E85E86F4B06301BC60070E17AD
:10AF7000A100E0418EF4306300B056170017A10025
:10AF8000B0561B0017A20068DE86D049C20068DEFA
:10AF90008AD069C200025E02F010AB01BC602306D9
:10AFA000906401BC624F0017A200025E02F010FE26
:10AFB00000E047870217A103835E02F009A7006E35
:10AFC000C032F429A5006EC032F42C9E00685E9B4E
:10AFD0000049BF01BC621EF471E00068DE9B00C93D
:10AFE000B201BC611300B7A1020600F30009AE0173
:10AFF000BC601300B7A101BC60030011EE00B05E9D
:10B000006B0011EF0192E00EF431EC03BFDE02F0B1
:10B0100009BF00685E9B0069B40068DE9B00A9BFA1
:10B02000019860063D11E800E0209300882400E8C4
:10B03000208F00882301BC60030011EA0068DE5FF6
:10B040000049BA00B05E6B0011EB0192DE5E3D116B
:10B05000E8018760023D11E80068DE9B00A9BE019F
:10B060008760063D11E8019860163D11E80181E016
:10B0700004FF87FC01AADE64FF87FC03BFDE02F049
:10B0800009C701BC620F0011E001BC60030011E4BC
:10B090000181E000FFA7FD01BC600F0011E801BCC9
:10B0A00060030011EC02001FF70009CE00E0208EC3
:10B0B000F3482300B0209300102500E8208E04A858
:10B0C00023006AA08F01C9CE01B860060490240154
:10B0D00082E006F297940188600A00900401BC6047
:10B0E0000318779503A0DE02F009DB00685E4F06C7
:10B0F000A9E00138520300178000B05E5F0017819D
:10B100000204DEB70009DA00685E070009D901BC55
:10B11000600301778001BC600300378103BFDE025A
:10B12000F009DA01BC600301578000025E02F00101
:10B13000430068DEAB0049E000A05E4F0477A10049
:10B14000685E87004C2D00685E87044C2D03BFDECF
:10B1500002F00E350180600186EC37006EB083008E
:10B160002A1C0068DE4F040A1C03335E02F00A1C2E
:10B170000180600184AC2500E030B3002C2C0392E8
:10B18000DE02F00A1C00E03093002C2400B0308373
:10B190000017A1006D3092F429EB03BFDE02F00A24
:10B1A0001A0180600584AC2501BC60270897A100C6
:10B1B000025E02F001270187E006032C2A00B0019D
:10B1C00043000C2B03835E02F00A18006DC03305A8
:10B1D000C9FB00E860BA0197A60080DE9B0117A5B5
:10B1E00000685E5F0009F60080DE9B0057A500B096
:10B1F00041B7000C360080B0DB0C8C3600B041B794
:10B20000000C3600B030DB00104000008000000071
:10B210000001BC601B06D06501BC600300B7A40040
:10B22000025E02F0017200685E9300AA0303835E6F
:10B2300002F00A18006DC031842A1801BC600306B0
:10B240004C3603BFDE02F009F70207C197000A0679
:10B2500001385A070017BB03BFDE02F00A07013CA2
:10B260005A030017BB01BC601B0437A600E84196D7
:10B27000F4D7A300885E8F0037A300E05E8EF777D7
:10B28000A500E05E970057A503835E02F00A180050
:10B290006DC031842A18006DC032F4AA1800E85E2F
:10B2A000960197A60080DE9B0117A400685E5F00F0
:10B2B0000A130080DE9B0057A400B041B70017A41A
:10B2C0000080DE930C97A400B041B700104000004E
:10B2D000800000000003BFDE02F00A0C0386DE02DD
:10B2E000F00CA103BFDE02F00D8B0180600184AC85
:10B2F0002501BC6003000C240386DE02F00CA102D1
:10B3000087C037000C9E00025E02F0123603035E17
:10B3100002F00A1C03A9DE02F00A2600025E02F017
:10B32000123602074037000A210386DE02F00CA124
:10B330000287C037000C9E00025E02F00EA3006E72
:10B340004030020A500301DE02F00A500068DEAB12
:10B35000000A37032B5E02F00A2C00E0022B0020CB
:10B360008A03BFDE02F00A3002805217000A2F0063
:10B37000E0024300209003BFDE02F00A3000E0024A
:10B380005700209500685E4F040D8500685E4F02EF
:10B390008D8500685E4F020BC100685E4F050E256B
:10B3A00000685E4F060E2500685E4F068E2F03BFB5
:10B3B000DE02F00E350068DEAB002A49032B5E0288
:10B3C000F00A3B00E0022F00208B03BFDE02F00AF0
:10B3D0003F02805217000A3E00E00247002091031E
:10B3E000BFDE02F00A3F00E0025B00209600685ECC
:10B3F0004F06AB8E00685E4F042E4D00685E4F0412
:10B40000AE4D00685E4F05AC3200685E4F062B8E75
:10B4100000685E4F052E2300A05E4FFF77A10068F5
:10B420005E87072E4000685E4F16AC3D03BFDE020C
:10B43000F00BB503BFDE02F00BB900E0020F0020F5
:10B440008301BC60030011EC01BC600F0011E80235
:10B4500084C03B0009C20184E00609104803BFDE36
:10B4600002F009C20200C09300000203A35E02F0D2
:10B470000A5403C35E02F00A5303BFDE02F00D114B
:10B4800000025E02F012360207C0AF000A57020740
:10B490004037000A540107C0AF0017A100B85E870B
:10B4A0000037A101825E860D906C00B0447F0007DA
:10B4B000FE018360020910480287C037000C9E031A
:10B4C00086DE02F00CA100025E02F0123603435E3B
:10B4D00002F00A5C0287C037000C9E0301DE02F016
:10B4E0000A7B03305E02F00A7B01BC601F155065C9
:10B4F00000E04194F530650138402B001680012DA5
:10B50000406B0017A200885E8B0137A2028840279B
:10B51000000A6A01846006D0168000B05A02F45610
:10B52000800205C027000A6D0187E006D016800161
:10B53000BC601B0DD7A100025E02F0012700B040E5
:10B540006700168101BC601B0DF7A100025E02F0CE
:10B55000012700B0406700168200B05A0B0017A107
:10B5600000E85A06F437A200E15E8AF457A100E031
:10B57000DE86F457A100985E8700B7A100E01EA701
:10B580000067A900691EA7018A7B01BC6003000750
:10B59000A902801FF7000A7D006E4030020B89036C
:10B5A00081DE02F00A8A00E002170020850329DE0E
:10B5B00002F00A8102902E27000A8201BC6003007B
:10B5C0002B8903A9DE02F00A860184E006091048EF
:10B5D0000180E0020910480184E002F7F7BF03860A
:10B5E000DE02F00CA101806004FF87FC0180600690
:10B5F000F2979403BFDE02F00B370068DE4F040AB7
:10B600008D03335E02F00A8D01BC6003000C24013F
:10B61000836002F7F7BF0329DE02F00A910288AEC9
:10B6200027000AA301BC6003000B8903AB5E02F094
:10B630000A9E00685EAB002AA200685EAB000A9C0E
:10B64000010C520F0017A100685E87002A9800685D
:10B650005E87004A9A03BFDE02F00AA203B0DE0250
:10B66000F00A9E03BFDE02F00AA003B15E02F00AF8
:10B670009E03BFDE02F00AA003B35E02F00A9E033F
:10B68000BFDE02F00AA001BC6003004B8903BFDEED
:10B6900002F00AA301BC6003008B8903BFDE02F045
:10B6A0000AA301BC6003002B890386DE02F00CA113
:10B6B00003AB5E02F00AA801F0521300118601A547
:10B6C000E00A30118003BFDE02F00ACA03A9DE02DD
:10B6D000F00AAE0068DEAB004ACA00B0523B001769
:10B6E0009F00B0523B0017BE01BC60030028080356
:10B6F000BFDE02F00ACA02875E53000AD703A0DE4B
:10B7000002F00AB903BFDE02F007CA0190600A091D
:10B71000104800B0523B00179F00B0523B0017BECC
:10B72000019E5E8300B0EB0106520F0017A100B826
:10B730005E870037A10182DE86F577AB01BC61032D
:10B7400000308000E8523AF3F7A2006BD23AF3EAF5
:10B75000BC00E85E7E91D7A200905E8B0097A101AD
:10B76000BC6023011064006B523AF3EAC701185E13
:10B77000870017A2010A5E870017A300886006F4FD
:10B7800057A200E04192F4706400B05802F45600F1
:10B79000006BDEFA91CACA00B0523B0017BE03BF6D
:10B7A000DE02F00ACA00025E02F0164F00B020234B
:10B7B00000280800B0523B00179F0320DE02F00A69
:10B7C000D702075E53000ACE0180E0020910480349
:10B7D000BFDE02F00AD70068DE5F000AD4021A5406
:10B7E00007000AD20103C0270017A101825E86105C
:10B7F000D0860102C0270017A100E0422AF4308A57
:10B800000180E004FF87FC03A9DE02F00AD700B044
:10B810005E4700108001085E4F0017A100685E8738
:10B82000002B0503AB5E02F00B0902005217000A61
:10B83000EF0068DEAB004ADD00E002530020940216
:10B84000865E53000B370284520F000D130284D220
:10B850000F000AE203AC5E02F00AED03BFDE02F065
:10B860000AF8032C5E02F00AF800685E4F040AED45
:10B870000106D20F0017A100808ECF0197A200E031
:10B88000015E0DB0640181DE86C3F61F0187DE868E
:10B8900024912400683077FFEAED00B04467000C83
:10B8A0001E02005E87000AED00E0446583AC1E00C6
:10B8B000685E4F020B3703BFDE02F00B24031EDE6F
:10B8C00002F00AF503315E02F00AF50068DEAB0013
:10B8D0004AF500808ECF0197A200E0015E0DB064B2
:10B8E0000181E002C3F61F0068DEAB004AFA00E007
:10B8F000023F00208F03BFDE02F00AFD00685EAB4E
:10B90000004AFD0280522F000B3702024107000A55
:10B91000FD00685E4F040B3700685E4F028B3702F4
:10B9200006DE53000B020028E01EF40B0200A044C8
:10B93000B703E14500B005130017A100E05E8428BD
:10B94000A14602844107000B3701806006F29794FC
:10B9500003BFDE02F00B37032B5E02F00B370068EB
:10B960005E4F05AB2400685E4F052B2403BFDE024B
:10B97000F00B370068DEAB004B12006D8ECF002B52
:10B980001201BC6003000AB501826002F5D7AE0265
:10B99000805EFF000B1000682B4F000B1200E0448C
:10B9A000655A4AD300682B6BFFCB1200E02B6B006B
:10B9B0002ADA02065E53000B1500E00263002098AD
:10B9C00003BFDE02F00B370323DE02F00B1F012959
:10B9D000500B0017A30068DE8F052B1F020680C7DF
:10B9E000000B1A0182E001872C390187E0021070F8
:10B9F000830184600209104800B05E870017A1002F
:10BA00006EE003002B1E03D1DE02F00B1F0068DE88
:10BA1000AB004B2100E0022700208900685E4F0048
:10BA20000B3700685E4F010B3700685E4F058B37A0
:10BA300000808ECF0197A200E0015E0DB06500206E
:10BA4000DA7F140B37028047C7000B870329DE0219
:10BA5000F00B2D0102DEAF0017A10106520F0017F7
:10BA6000A200385E86F44B370182DE8AF577AB00A0
:10BA7000B052230011F200B052270011F300B0526F
:10BA80002B0011F40106520F0017A100E05E8700A1
:10BA900031F500B0005B0011F000B047C3001800A2
:10BAA0000134C7C70017A1006EDE8402AB3701BCAA
:10BAB00060030810420283C107000B3B0301DE0252
:10BAC000F00B3A03B55E02F00B3B02805E53000DB3
:10BAD0001300B040330017A101089FF70017A20020
:10BAE000685E8B006B4300E840310497A102811F20
:10BAF000F7000B4300B020930017A102809FF700CE
:10BB00000B4300B05E630017A1006E5E84020B89D8
:10BB100000B05E870007F401816000FF87FC02022D
:10BB2000C013000B4900E05E840347F40181600408
:10BB3000FF87FC02011FF7000B8201035E53001711
:10BB4000A10187DE84FF87FC0386DE02F00CA100E2
:10BB5000025E02F0123603855E02F00B4C018E602D
:10BB6000023D11E80107C7830017A101825E84FF2F
:10BB700087FC02019FF7000B550103C7970017A12F
:10BB800001825E84FFA7FD00B020330017A1018E63
:10BB90005E84FFA7FD032A5E02F00B5D00025E02D9
:10BBA000F00E870329DE02F00B5C0301DE02F00BCE
:10BBB0005C0182E0060D906C03BFDE02F008A40178
:10BBC000BC60030011EC01BC600F0011E80184604F
:10BBD00004FFA7FD01075EAF0017A10185DE84FF0A
:10BBE00087FC00B040270007F600B0406B0007F864
:10BBF00000B0406F0007F900B0402B0007F701BC10
:10BC0000601B0DD7A100025E02F0012700B0406763
:10BC10000017A201BC601B0DF7A100025E02F0013B
:10BC20002700B040670017A100E85E8AF437A20041
:10BC3000E15E8AF457A100E0DE86F457A100985E29
:10BC40008700B7A101BC5E860147F700681F33007B
:10BC50000B7C018F60060127F600681F33002B79EB
:10BC600000B01FC70017A100025E02F0012700A06C
:10BC70004064F9D7A200B85E88FE17A103BFDE02B8
:10BC8000F00B7A00A04138FE17A10068DE87000B98
:10BC90007C018F60020127F601846004FFA7FD018B
:10BCA000075EAF0017A10185DE84FF87FC00025EFE
:10BCB00002F00EA301BC63FF1FD7A800025E02F0D2
:10BCC000109A00025E02F00E8701A8600A0090043C
:10BCD00002011FF700163B00A8401300500403BFE9
:10BCE000DE02F0072000E002870020A103BFDE0291
:10BCF000F00B8A00E0020B00208203A9DE02F00DA7
:10BD000013018460060910480184E0060910480305
:10BD1000BFDE02F00D13032B5E02F00BB10068DEF4
:10BD20004F06AB9200E0023B00208E03BFDE02F024
:10BD30000B9300E0023700208D0323DE02F00BB5E9
:10BD40000068DE4EF1CBB5020680C7000B9701827A
:10BD5000E001872C390187E00210708301846002C2
:10BD600009104800B05E870017A1006EE003002BA9
:10BD70009B03D1DE02F00B9C00685E4F062BAF01E7
:10BD8000BC600300083303295E02F00BA10203DE4E
:10BD9000B3000BA20191601A84F4270183E002F53D
:10BDA00097AC020200BF000BAE0206ABD3000BA79C
:10BDB000020345AF000BA90185E0062D716B03BF9F
:10BDC000DE02F00BA90203456F000BA90185E00616
:10BDD0002B715B02045EB3000BAE0187E0021070B2
:10BDE000830183E00209104800025E02F01593030C
:10BDF000BFDE02F00BB50205500B000BB5018260EF
:10BE00000609104803BFDE02F00BB500025E02F027
:10BE10000BBC0068DE4F062BB500E0024F002093FC
:10BE200003BFDE02F00BB503AB5E02F00BB70204FA
:10BE30004107000BBA02834107000A5003BFDE022C
:10BE4000F00BBA02844107000A5001806006F297A5
:10BE50009403BFDE02F00A50028700C3000BC0004B
:10BE600068D213000BC001BC600300118301BC60E9
:10BE7000030011820002DE02F00000039F5E02F068
:10BE80000BC4039EDE02F00E3502035E53000E3536
:10BE9000010C81430017A10068DE87002BC9010057
:10BEA00001630017A10102C0270017A20038DE8637
:10BEB000F44BB903AB5E02F00BCB02005217000B40
:10BEC000B90280522F000BCD03335E02F00E350213
:10BED000181DF3000BF101BC601B06106501BC606E
:10BEE000031BB7A400025E02F0017200B05E8F0077
:10BEF00017A60068DE931BABED0207C197000BDAB3
:10BF000001385A070017A1013C5A070017A201BCCB
:10BF10005A0AF457A2013C5A0B0017A301BC5A0E4F
:10BF2000F477A303BFDE02F00BDD013C5A030017D8
:10BF3000A100B05A070017A200B05A0B0017A300C7
:10BF40006D5E87008BE701BC61BF0A17A50068DE44
:10BF50008AF4ABE201BC60271357A500685E8EF43B
:10BF6000ABE601BC605F0017A50068DE8AF4ABE7B2
:10BF700001BC60171E57A50068DE8EF4ABE703BF57
:10BF8000DE02F00C2900D85E870037A100E141965F
:10BF9000F4306500E1C19700306501F0419700176A
:10BFA000A200E05E8B0077A2006D5E8AF4CBD00029
:10BFB000E840330097A5006E5E96004C2900B01D46
:10BFC000EF0017A10068DE840A0E35023C523F00E4
:10BFD0000C02013C523F0017A10068DE84048C274C
:10BFE00001BC600316106401BC601B06306500686C
:10BFF0005E87002BFE00B05A030017A20068DE8A9D
:10C00000C00C2700E0419700306500E0419300300C
:10C010006400E85E870057A1006A5E87002BF70086
:10C02000685E87000C0301385A030017A1013858D5
:10C03000030017A20068DE86F44C2703BFDE02F07F
:10C040000C030285C107000E3501BC601B0610659C
:10C0500001BC600305B7A400025E02F00172028019
:10C0600000C3000C2701BC60131417A600E0017F79
:10C0700000B7A5006D5E96F4CC0B01BC60130C9765
:10C08000A500685E940BCC2B00B0017B001065000E
:10C09000B052270017A200B0522B0017A30068412E
:10C0A000940BEC160068DE8ED04C1200685E8AD0CD
:10C0B0002C2700E0419700B065006D4196F4CC0F4D
:10C0C00001BC60130C906503BFDE02F00C0F00E0B2
:10C0D000028B0020A200B0017F00106500B0522347
:10C0E00000168000B0522700168100B0522B0016B7
:10C0F0008200808ECF0197A200E0015E0DB0640245
:10C1000003587F000C2001BC602F0037A103BFDE65
:10C1100002F00C2101BC5202F2F7A101A95E02F467
:10C12000368300904467011684020281AB000C251F
:10C130000068DE9305AC2601846006D0968400B0CA
:10C140005E9700005F020781AB000C29018060064A
:10C15000F2979403AB5E02F007DF03BFDE02F00A42
:10C160005000E0028F0020A303BFDE02F00BB903F2
:10C17000835E02F00C2F006D4033038C2D006D4068
:10C1800033038BB9032B5E02F00E3903BFDE02F0DE
:10C1900007DF032B5E02F00C3700E0023300208C37
:10C1A000020681AB000C360183E005872C3903BF02
:10C1B000DE02F007E100E0024B002092008800233D
:10C1C0000037A200E05E8800F7A200E0001AF451F8
:10C1D000890186E00630118003BFDE02F00BB50353
:10C1E0002B5E02F00C3800E013530024D403BFDEB2
:10C1F00002F007DA02045247000BB501BC601F10C1
:10C20000F06401BC60030177A101BC63FF1FE793E9
:10C2100000E04186F4306501BC63FF1FF60000E0DA
:10C220005E870077A100025E02F00F1F0200C07758
:10C23000000BB5012940770017A2006D5E8B04CB7F
:10C24000B500E85E8B04D60001BC601F05F06300FA
:10C25000E0418EC010630200D603000BB502065603
:10C2600003000BB50184E006F597AC0116D6030078
:10C2700017A200885E8B0077A200E0019EF4506553
:10C2800000B041970004C201BC602B1817A100B098
:10C290005A0F0017A200025E02F0012B01BC602BB6
:10C2A0001837A100B05A130017A200025E02F00175
:10C2B0002B00B0418B0004D903BFDE02F00BB503A5
:10C2C000A2DE02F000C203A3DE02F00C7A00E0015D
:10C2D000FF00207F01BC60030017A303BFDE02F054
:10C2E0000C7C018760040310A001BC60030051E4D2
:10C2F00000B0479300180001BC600302900401BC29
:10C30000620F0011E001BC600F0131E800B047A3EB
:10C3100000180001BC600F0011E801BC600301318E
:10C32000EC00B047B300180001BC60030011EC0141
:10C330008460060910480020601E090C7100E001AD
:10C34000FB00207E03BFDE02F00C8501BC60030E03
:10C35000D7A1011400630017A200E05E86F45065C7
:10C3600000E05A03003680020300C7000C7703A9DF
:10C370005E02F00C7C0291509F000C7B0191601AD0
:10C3800084F42703BFDE02F00C7B00E001FF0020F5
:10C390007F01BC60030037A30323DE02F00C85019C
:10C3A00083E00209104801846002F597AC01BC608B
:10C3B00003000ABB01BC600300178E020680C700A1
:10C3C0000C830182E001872C390187E00210708321
:10C3D0000182600209104803D0DE02F00C8603D00F
:10C3E0005E02F00C870182E00209104803D5DE02EC
:10C3F000F00C8901BC60030010B401BC600300F7BD
:10C40000A1006800A7000C8D0185421AF437A10035
:10C41000025E02F0012700B040670017A501BC636F
:10C42000FF1FF7A200025E02F0012B0088600701E7
:10C4300057A400B85E86F497A100025E02F0012BBB
:10C440000283C21F000C9400025E02F0114C0284B1
:10C450004523000C9603D0DE02F00C9800685E8F36
:10C460000000020020E01E090C9C00B05E97001442
:10C470002E03BFDE02F0036E00A8412300F0480344
:10C48000BFDE02F000020183600209104800E002F2
:10C490001300208403BFDE02F00CA401BC6007007F
:10C4A0001042006E4030020CA400E0027700209D94
:10C4B00000025E02F0170A03A35E02F00A5003C6F0
:10C4C000DE02F00CA7032ADE02F00CAE00B030470B
:10C4D00000080800B0304B00080900B0304F0008D9
:10C4E0000A00B0305300080B00B0305700179F030C
:10C4F000BFDE02F00D130184E00609104803BFDE21
:10C5000002F00D13020681AB000CB30281B0E7000C
:10C5100000BD028330E70000BD028445230000BD5A
:10C520000320DE02F00CBB0068A0C7000CB801BC01
:10C53000609F0217A100E04466F42831006B446557
:10C54000062CBC0020E1020900BD00025E02F00DD5
:10C550002F01BC60030008310020E38A0900BD02FE
:10C560008445230000BD00B05E870017A103915EE3
:10C5700002F000BD0396DE02F000BD03965E02F0FD
:10C5800000BD00025E02F00D2F00E10DB228E36C49
:10C5900000E08DB700036D01BC600300114701BCD2
:10C5A000600300602000680173000CD701BC6013B9
:10C5B0000890E600025E02F0016A00B0017300100C
:10C5C000E401BC600300000601BC600300005C01E4
:10C5D000BC600301D78201D2DE0877F0E000B00F23
:10C5E000030010E100B0004700108600B00F1F00EC
:10C5F000108A01BC600300378100025E02F01070F7
:10C600000190600A09104801BC610300308003BF3B
:10C61000DE02F0000201BC60030030420187E0024C
:10C6200024712300025E02F014DB03975E02F00D1A
:10C630004303125E02F00CDA01BC600300402001EB
:10C64000BC6003000B8901BC600300114901BC619F
:10C650008300112500B0007B00112701BC60130C82
:10C66000805E01BC60130C805F0180E006F5D7AEF0
:10C670000107C1070017A101805E86F577AB01BCF9
:10C68000600F0011E801BC620F0011E000025E02C1
:10C69000F00CF701BC61CF0C105C01BC6003001012
:10C6A0005D01BC61CF01F05E01BC603B0AF05F013F
:10C6B000866005610B0800025E02F0145C01866072
:10C6C00001610B0801BC600300082E020300C700D3
:10C6D000001201BC60030006B201BC60030006B793
:10C6E00001BC60030006BC01BC60030006C103BFBF
:10C6F000DE02F0001201BC60430017BB00A0412223
:10C70000F7704801BC63FF1FF05401BC63FF1FF0CA
:10C710005501BC63BF1FF05601BC63FF0FF057000B
:10C72000025E02F0170A0187E00624712301BC6053
:10C730000300105401BC600300105501BC600300ED
:10C74000105601BC600300105701BC600F00201799
:10C750000106C1070017A101825E8402E0170107EC
:10C7600041070017A100B85E870037A10180DE876E
:10C770000000160002DE02F000000285C037000053
:10C780000200025E02F0123602864037000D0A00F7
:10C79000E0021B00208601BC6003010B890386DEDA
:10C7A00002F00CA10287C037000CA100025E02F06B
:10C7B00017D003BFDE02F0001201B8600A04902413
:10C7C00003AA5E02F00D160158600300102A01BC96
:10C7D000600302900400B04013001800018360025F
:10C7E00009104801806000FFA7FD00025E02F01200
:10C7F0003603855E02F00D1A01BC620F0011E001E4
:10C80000BC600F0131E800B047A300180001BC6014
:10C810000F0011E801BC60030157A100E85E87002A
:10C8200037A10068DE87000D2101BC60030290047F
:10C8300000B0401300180001BC60030131EC00B0EF
:10C8400047B300180001BC60030011EC0324DE02B2
:10C85000F0072001866006F577AB00025E02F00D5E
:10C860002F0180600610308100B05E870017A101A3
:10C8700080600210308103BFDE02F0072002060153
:10C88000AB000D3101806001872C3901BC610300D0
:10C89000108000B04203001800006EE003002D3449
:10C8A00003505E02F00D3700015E02F0000003BF8E
:10C8B000DE02F0039401846002F597AC01BC6003D2
:10C8C000000ABB00A8412304F0480182600209105D
:10C8D000480206DEAF000D3E03D5DE02F00D3E033A
:10C8E00050DE02F00D3C01BC60030010B40284C7AE
:10C8F00083000D4101BC600B0011E0018E6002F568
:10C9000077AB0002DE02F0000003A2DE02F000BD01
:10C9100002BC4287000D4A01BC60030037A401BC81
:10C9200060031FF7A3011400630017A200886006CC
:10C93000F457A203BFDE02F00D4F00886007011715
:10C94000A401BC63FF0017A3011400630017A20039
:10C95000E05E8B0117A200886006F457A201BC605C
:10C96000131B906501BC601B18506401BC60030080
:10C9700017A50020C286F48D5900E0419706D065C6
:10C9800000E0419301F06400E05E970037A5008865
:10C990005E930037A400205E92F46D7803BFDE0240
:10C9A000F00D520068DE92F44D5E00680083006D69
:10C9B0005E03A0DE02F00D5E0020C123160D5300C1
:10C9C000025E02F00D2F006DDE93200D7402030055
:10C9D000C7000D68006DDE97008D6801BC60030024
:10C9E000160801BC600300160901BC600300160AAA
:10C9F00001BC600300160B01BC600300160C01BCF7
:10CA0000600300160D01BC600300160E02005AC33D
:10CA1000000D73023C5A9F000D7300680083006D87
:10CA2000730385DE02F000BD03855E02F000BD03E6
:10CA3000A2DE02F000BD03A3DE02F000BD0397DE1C
:10CA400002F000BD00B041970010600191600A84BF
:10CA5000F42703BFDE02F0036E01806002D616B039
:10CA600000B05E930010A101836002F7F7BF01BC24
:10CA7000600300304303BFDE02F00D530068808383
:10CA80000060BD03BFDE02F00CDB0283C21F0000AA
:10CA90000200B05E870017A103D0DE02F0063D0160
:10CAA000BC6003041042039EDE02F0001200B05E80
:10CAB0003F00114501BC600300178F00B05E4300CA
:10CAC000178500B05E0F00179000025E02F00D2F78
:10CAD00003BFDE02F00012006D4033058BBA03ACD9
:10CAE0005E02F00D8A00685E4F028DEB00E0026787
:10CAF00000209903BFDE02F00DEB00685E4F028D4F
:10CB0000EB028030DF000D8E00E0025F0020970115
:10CB100080600586EC3700025E02F00EAF01866091
:10CB200002F5B7AD01826002F5D7AE01BC6003002B
:10CB30000AB5039EDE02F00DA00321DE02F00DA077
:10CB400000E0026F00209B00025E02F00D2F0186C4
:10CB5000600209104800A8412301304801BC60036D
:10CB60000210420280441F000D9F00B05E3F001182
:10CB70004501BC600300178F00B05E4300178500BD
:10CB8000B05E0F00179003BFDE02F00DA000A044BE
:10CB9000B6F07145028200C3000DEB00B0007300D7
:10CBA00017A100E05E86B017A100E15E7AF4379E1F
:10CBB00000E1DE7700179D00E1DE7300179C00E0C6
:10CBC000DE6F00179B039EDE02F00DAF006E5E6EFF
:10CBD000924E21006D5E6E924DAF006E5E72922E8F
:10CBE00021006D5E72922DAF006E5E76920E210076
:10CBF0006D5E76920DAF006DDE7A91EE210200300F
:10CC000097000DB400B05E7B000C3200B05E770080
:10CC10000C3300B05E73000C3400B05E6F000C3556
:10CC2000028201AB000DC500B0446700082D00B0C2
:10CC3000446B00082C00B0446F00082B00B0447314
:10CC400000082A0068A0B6232DAF00E920B6F3D76C
:10CC50009E00E9A0B2F3B79D00E9A0AEF3979C0057
:10CC6000E8A0AAF3779B00E15E7A91F7A100B05E9D
:10CC70008700111900E1DE7692111A00E1DE72924E
:10CC8000311B00E0DE6E92511C0068DE86232DBE53
:10CC900003BFDE02F00DEB00E9523EF3D7A100E93D
:10CCA000D242F3B7A200E9D246F397A300E8D24AF2
:10CCB000F377A400880ECF0057A500E0015EF4B022
:10CCC0006400E95E86C9A78100E9DE8AC9C78200DF
:10CCD000E9DE8EC9E78300E8DE92CA078400808E11
:10CCE000CF0197A501BC601F07778000E05E020DB1
:10CCF000B06500885A0F00F7A500B05E970817A529
:10CD00000134DA0F0017A600E95E94F037A500E8B9
:10CD1000DE98F057A6017BDE96F4D7A500685E96F4
:10CD2000D06DEB00E85E96D077A600B05E97001657
:10CD30008300685A13000DDD00E05A16F4D6850012
:10CD4000685A1B000DDF00E05A1EF4D68700885E8B
:10CD50009B00F7A10134DE9B0017A201BC60030019
:10CD600017A301BC60030017A40069DE9B000DE758
:10CD700001BC63FF1FF7A301BC63FF1FF7A401C33E
:10CD8000DE8EF457A200E95936F4364D00E9D93A5F
:10CD9000F4564E00E9D93EF4764F00E8D942F496B5
:10CDA00050031EDE02F00E21039F5E02F00E2100F2
:10CDB000685E4F028E21032C5E02F00E2101BC60E2
:10CDC0001B06D06501BC600300B7A400025E02F040
:10CDD000017202003097000DF600685E9300ADF618
:10CDE00000E030C7002C3103BFDE02F01884006879
:10CDF000DE9300AE210207C197000DFC013C5A07EB
:10CE00000017BB013C5A0B0017A101385A07000C50
:10CE10002603BFDE02F00DFF01385A070017BB01E1
:10CE2000385A0B0017A1013C5A03000C2600B05ED3
:10CE300087000C2700808ECF0197A200E0015E0DD5
:10CE4000B06400B05EEF0016280181DE86C3F61FD5
:10CE500000683073FFEE0802005E87000E0800884D
:10CE600030730071260090307301B128006830776C
:10CE7000FFEE0C00B04467000C1E02005E87000E3F
:10CE80000C00E0446583AC1E0187DE8624912402F9
:10CE90000680F3000E100181E002C3F61F0187E057
:10CEA0000224912402003097000E2100E030B700E8
:10CEB0002C2D028680F3000E140281D87F000E1FF5
:10CEC00000B0309F0017A100025E02F00F08028040
:10CED0005E8B000E1F00E85E6984D7A100685E8546
:10CEE000846E1B00E030BF002C2F03BFDE02F00E6B
:10CEF0001F00E030BB002C2E01BC6003000C25019C
:10CF0000BC600700104303BFDE02F00D1300E85EB3
:10CF10006984CC2303BFDE02F0188403AB5E02F009
:10CF200007DF03BFDE02F00A50032B5E02F00BB9ED
:10CF300003BFDE02F007DF03AB5E02F00E28032C16
:10CF40005E02F00BB903BFDE02F00E3900B05223CF
:10CF50000011F200B052270011F300B0522B001163
:10CF6000F401BC60030091F501BC600308104200AD
:10CF7000B0005B0011F003BFDE02F007DF013852A2
:10CF80003F0017A102065E53000E320138524B00DB
:10CF900017A10068DE87008E3503AB5E02F007DF65
:10CFA00003BFDE02F00A500068DE4F020E380207AF
:10CFB00081AB000E3801806006F2979403AB5E02ED
:10CFC000F007DF020000F3000E3E0206DE53000E03
:10CFD0003E01185E830017A10068DE8700AE3E01A7
:10CFE000BC600B02514202005217000BB903BFDEB6
:10CFF00002F00A5001BC600300118301BC60030011
:10D000001182032C5E02F00E450199E0062011000A
:10D0100003BFDE02F00E490119402F0017A100687E
:10D020005E87000BB50199DE8620110003315E0298
:10D03000F00BB500A05E3B0097A200205E4EF44BC3
:10D04000B50184600209104803BFDE02F00BB5038E
:10D05000AB5E02F00E5000025E02F00BBC03BFDEBE
:10D0600002F00BB50068DE4F042E5400B0523300BE
:10D07000179F00B0522F0010EB0281522F0007CAF9
:10D0800000E002AB0020AA0281522F000B9303297B
:10D090005E02F00E5A0203DEB3000E5A0191601ACE
:10D0A00084F4270183E002F597AC0208522F0007B1
:10D0B000DF03BFDE02F00A5001BC6003001067010D
:10D0C000BC60030010460180E0060930490282C1BD
:10D0D0001F000E6401BC603F1FF06501BC600300CF
:10D0E000168000E841970030650069C197000E6125
:10D0F00001BC600B00179401BC60030017AB01BCBE
:10D1000060030017AC01BC60030017AD01BC6003F5
:10D110000017AE01BC60030017BF01BC63FF1FF71F
:10D12000B501BC600300202001BC60030017A10012
:10D13000025E02F0012701384067000028011C4010
:10D140006700002901BC600300504901BC60030076
:10D1500017A701BC60030017A801BC60030017A952
:10D1600001BC60030017AC01BC60030017AD018275
:10D17000E0060F10780206C1E3000E77006880A772
:10D18000000E7A03BFDE02F00E7B006880A7008EDF
:10D190007B01BC601302600001BC60230E400101F2
:10D1A000BC63F318600201BC614B15600301BC60F5
:10D1B0000300000401BC604305200501BC601B04A2
:10D1C000306101BC601702506001BC60030008229E
:10D1D00000B05E0F00178500A044B6F0714503BF94
:10D1E000DE02F00CC30183E0060F107801885E5C5C
:10D1F000FEC7F601BC601F1E900701BC60030190D2
:10D2000008018860060090040386DE02F00CA1038A
:10D2100005DE02F00E8C0386DE02F00CA10385DE33
:10D2200002F00E8E00B05E870017A1006EE00300D2
:10D230002E920386DE02F00CA1006EC0146FEE95F4
:10D2400001BC60070010420002DE02F00000032172
:10D250005E02F00E9A00E0204AF4281200B0204B43
:10D2600000178B03BFDE02F00EA2028150C7000E32
:10D270009F011C509F00178B00E05E2EF4378B013E
:10D280009C5E2E84F42703BFDE02F00EA2011E5026
:10D290009F00178B00E05E2EF4378B019E5E2E847C
:10D2A000F4270002DE02F00000006800A7008EA84C
:10D2B0000102C027000821006880A700AEAE00E090
:10D2C00020870028210002DE02F0000001BC60037C
:10D2D00000282101BC402B0017A100985E87011790
:10D2E000A10098402B0117A2006ADE8AF42EAE013D
:10D2F000BC60030088210002DE02F0000002828090
:10D30000BF000F0700B0418F00081300B0418B0031
:10D31000081400B044670017A2017BDE8A2357A1DE
:10D3200001BC601F07706501BC60030017A201BC4F
:10D33000601F03D06401BC601F11506300685A0372
:10D34000000EFE01BC601F0FB06200E0418AF45085
:10D35000620090540300F7A6006B5E86D06ED40086
:10D36000B05A030017A300E05A0EF4D58000E05A2B
:10D370000EF4768300E85A2F00368B0069DA2F000E
:10D380000EC300E85A0700368B006CDA0EF42EBE8E
:10D3900000E85A0EF437A400905A030077A5006EF7
:10D3A000DE92F4AECA01BC600300360001BC600B23
:10D3B00000104301BC600300278900205A0B080EAF
:10D3C000CD01BC600300279203BFDE02F00ED40043
:10D3D000205A0B140ED400202C27080ED000205AFF
:10D3E0000B040ED401866006F5B7AD0088009B00E3
:10D3F000D1260090009B01512801BC630300112439
:10D40000006B5E86B00EDC00685A13000ED90188EE
:10D410006006D0568200B056030017A400E05E926A
:10D42000D0968500E05A0EF4D58000205A0B080EE5
:10D43000DC01BC600300079200685A13000EE40090
:10D440006B5E86D0AEE40188600AD0568200B0568A
:10D45000030017A400E05E92D0968501BC60030033
:10D46000360101BC600B00104301BC60030027893A
:10D4700000685A1B000EFE006B5E86D0EEFE0201B5
:10D480005A0B000EF300E85A1B00368600B05A27EC
:10D490000017A300E05A1EF4768701BC601F11D06C
:10D4A0006200E0418AF4506200B05A2B0017A300DA
:10D4B000E05402F475000203D403000EF100E05AB8
:10D4C0001F0036870130540300150001816002D02F
:10D4D000568203BFDE02F00EF600B05A230017A3F7
:10D4E00000E05A1EF4768701816006D056820068FB
:10D4F0005A1B000EF8006CDA1EF42EE602015A0BDD
:10D50000000EFB01BC600300360203BFDE02F00E1A
:10D51000FC01BC600300360301BC600B001043013A
:10D52000BC600300278900E0419701906500E05E40
:10D530008B0037A200E0419300906400E0418F002F
:10D540003063006D5E8B008EB802981DF3000F05EE
:10D5500001BC600300079200B0204F00106300B0D0
:10D5600020530010620002DE02F0000001BC6003E4
:10D570000017A20068018B000F1E0090018B00773E
:10D58000A201806002F437A1006E5E86F44F1E0295
:10D5900007C197000F1001385A070017A303BFDE19
:10D5A00002F00F11013C5A030017A300E85E8F0040
:10D5B00097A300E85E8AF437A2006A5E8AF46F1EC1
:10D5C00000D0419700306400E05E8B00B7A300E01C
:10D5D0004192F4706400D841930030640207C19313
:10D5E000000F1B013C58030017A103BFDE02F00F20
:10D5F0001C013858030017A100A0018B00F7A200FE
:10D60000905E86F457A20002DE02F0000000B05ADD
:10D610000300101F00B05A0700102000B05A0B0082
:10D6200010210180600700101D02804077000F2349
:10D630000002DE02F000000187E002F577AB039103
:10D640005E02F000020020E3FE0900020200421F19
:10D650000000020068C2F3000002028445230000BB
:10D66000020068C0170000020068AB9700000200CB
:10D67000025E02F00EAF00683073FFEF310207C4A4
:10D6800093000F3C00683077FFE00200683077FFBE
:10D69000EF350068307B000F3B006BC46583CF3CE7
:10D6A00003BFDE02F0000201BC601F07706400E0EF
:10D6B00041930617A20068D82F000F390281D80BBA
:10D6C00000000200E04193019064006D4192F44F2C
:10D6D000370287C49300000200689E4B00000202DC
:10D6E000815E53000F4A0283411F000F400281DE1A
:10D6F00053000F5B01BC600300115101BC600300CB
:10D70000115201BC620300115301BC60030051506F
:10D7100001896006F2979401BC60E700107701BCB4
:10D72000600300107601BC60031117A300025E02C3
:10D73000F0013403BFDE02F000020280C5430000A6
:10D740000201F0C5470011560107C5470017A101A6
:10D75000F0C54AF4315500B0455700107700B04588
:10D760005B00107601BC60030E97A300025E02F01E
:10D77000013400B04557000C1000B0455B000C0FA1
:10D7800001BC600300115501BC60030011560090FC
:10D79000303F00CC0F00B030430017A101AD5E85D3
:10D7A00081EC0F0189600AF2979401BC60030810B4
:10D7B000470392DE02F00FAF020480BF000F60014A
:10D7C000BC63FF1FE7F301BC61FF1FE80E03BFDE70
:10D7D00002F00FB101866002F597AC01BC601F0733
:10D7E000706501BC601F0FB06401BC60030037A10D
:10D7F00001BC60030017A300685A03000F9D01BC21
:10D8000060030017A502035A0B000F6E02805A0B2B
:10D81000000FAF00E9440AC017BB00E8C40F0017AF
:10D82000A4017BDEEEF497A400685A13000F7C037A
:10D83000BFDE02F00F790068DE87002F700203DE82
:10D8400053000FAF0203DA0B000F8400B05A0F0031
:10D8500017A400685A07002F7500685A2F002F750B
:10D8600001BC60030037A500685A13000F79006CF3
:10D87000DE92D0AF7900B05A170017A401BC600344
:10D880000037A500201CBAF42F7C00685A1B000F3B
:10D890009703BFDE02F00F7F00885E870097BB0012
:10D8A000201CBAF76FAF02015A0B000FAF006CDEFD
:10D8B00092D0EF9700B05A1F0017A400201CBAF4B2
:10D8C0002F8301BC60030037A503BFDE02F00F9772
:10D8D0000202DA0B000F9D0204C107000FAF00B077
:10D8E0005A0F0017A400E85A2F0037BB0069DEEF7B
:10D8F000000F8A00E85A070037BB013C016F001790
:10D90000800068DE03000F900138016F001780006F
:10D91000685E03000F9300E85E030037BB03BFDEC1
:10D9200002F00F9300E85E030037800080DE02D033
:10D93000378000E05EEE0DB7BB00685EEF000F972A
:10D9400000E05E92D017A400E85EEF0037BB03BF93
:10D95000DE02F00F9300685E8F000F9A006B5E92FC
:10D96000F44F9B03BFDE02F00F9D01BC6003003744
:10D97000A300B05E930017A200B05E970017A60048
:10D98000885E870037A100E0419701906500E04183
:10D9900093003064006D5E87020F6500685E8F0043
:10D9A0000FAF00B044670017A5017BDE962357A593
:10D9B00000E85E8AF4B7A400885E9300E4DB009080
:10D9C0005E9301271D00B0012B0017A300689C7710
:10D9D000000FAA006E936EF46FAF03A65E02F00F05
:10D9E000AF00B05E9B00078500E9136EF467F3009B
:10D9F000E89C7700080E03BFDE02F00FB100681E3E
:10DA00001700000203BFDE02F0105901BC610300E1
:10DA100011230069203B000FB50180E006F29794C6
:10DA200003BFDE02F00FB70180E002F2979403BF5C
:10DA3000DE02F0000200684127000FC60284452381
:10DA4000000FB8006800A700AFBC006800A700CFB7
:10DA5000BC006880A7010FBF00B044670017A10099
:10DA6000E84466F437A2006D5E8B004FBD0280C1B2
:10DA700027000FC10392DE02F010590392DE02F07C
:10DA80000CE700025E02F014E700025E02F0113DB6
:10DA900000025E02F0113800025E02F0114801BC83
:10DAA000600F0011E8031EDE02F00FCD01BC600321
:10DAB00000105C01BC600300905D01BC6053041069
:10DAC0005E01BC600300105F03BFDE02F00FD101F6
:10DAD000BC600B00105C01BC600300905D01BC6089
:10DAE0004304105E01BC600300105F01BC600300D2
:10DAF0000C1E01BC6003008020028500BF00106086
:10DB000000B01FCF00115100B0203B001152006E39
:10DB10001FCE2A8FDA0068A03B000FDA00E01FCE8C
:10DB200023280F03BFDE02F00FFB00B0446700089C
:10DB30000F00E91FCE2A915100E8A03B00115201CD
:10DB4000BC61FF1F707701BC63FF1FF07601BC60F2
:10DB5000031197A300025E02F0013400B0454B00B0
:10DB6000107700B0454700107601BC60030F17A383
:10DB700000025E02F0013401BC602F1AB06500B0F3
:10DB8000455700169100B0455B00169200B0440B5B
:10DB900000169300B0440F00169401BC63FF1FF100
:10DBA0005201BC63FF1FF15101BC6003001155011C
:10DBB000BC600300115601AC607F02907502874182
:10DBC000D7000FEF00B041DB0003B100B041DF0030
:10DBD00003B200B0446700082D00B0446B00082C6D
:10DBE00000B0446F00082B00B0447300082A00E125
:10DBF0004464FE6C1A00E0C46901CC1B01BC6003E4
:10DC000002315000B0454300180000686003000F67
:10DC1000FB01BC6003001040000080000000000217
:10DC20000480BF000FFF0312DE02F00FFB0068C587
:10DC30005700100701BC602F1AB06500B05A4700AA
:10DC4000115500B05A4B00115600B05A4F00110246
:10DC500000B05A5300110301BC60030017A701BCB8
:10DC600060030017A801BC600300006601AC607F80
:10DC70000F1075028741D700100900B041DB001179
:10DC80005100B041DF0011520068454700101000FC
:10DC9000E91FCE2A87F300E8A03B00080E0186604A
:10DCA00006F597AC01BC600300107701BC6003006F
:10DCB000107601BC60030F17A300025E02F001346E
:10DCC00001BC600300115002844543001015020797
:10DCD000C1E300101600B044670017A100685E861B
:10DCE0002330180182E0060F10780206C1E300100D
:10DCF0001A01BC600300402001BC60030000660103
:10DD000086600620110001BC606300107B01BC60CE
:10DD10001B00107A01AC607F029075028741D7002A
:10DD2000102100E941D876379C00E8C1DC76579B8A
:10DD300000B0303F0017A10080DE72F4379D00B0C4
:10DD400041B700179E0080DE6EF4379C00E15E76DE
:10DD50000DB79D00E0DE7300179C017D5E7AF3B77E
:10DD6000A1017D5E76F397A200905E730157A30038
:10DD7000E120B6F4311900E1A0B2F4511A00E1A09B
:10DD8000AEF4711B00E0A0AB00111C00E10DAAF481
:10DD9000236A00E08DAEF4436B00B0441F0018000E
:10DDA000008844230157A30090442300D7A400B067
:10DDB000440B0017A100B0440F0017A200E95E86D3
:10DDC0002337A100E8DE8A2357A20069DE8B00100A
:10DDD0004100E1440AF4710200E0C40EF491030032
:10DDE000E85E230037880069DE2300103600E80073
:10DDF0002700378803BFDE02F0103601866002205C
:10DE0000110001BC600300402000E9306A2337A103
:10DE100000E8B06E2357A20068DE8B00105001BCF2
:10DE2000604F1117A3006DDE86F4705001BC6003D3
:10DE300000104001BC600300105D018260060BF021
:10DE40005F00D05E8700713401E1DE8A26913501E2
:10DE5000BC630300113300008000000000018260F9
:10DE6000020BF05F02865EB300105900681E1700B7
:10DE7000105901BC60430017A100E04466F43780EC
:10DE800001BC600300078900025E02F00EAF006C67
:10DE90004466F0105900681E2700105503BFDE02CB
:10DEA000F00F5B0200DE530010630180E002F29786
:10DEB0009400025E02F0113B01BC600300104003BD
:10DEC000BFDE02F0105E00E044640957A103BFDE2C
:10DED00002F0106301BC600300104000B0012F008D
:10DEE00017A100E0012AF4310900B0012F00110947
:10DEF00001BC61CF0C105C01BC600300105D01BC73
:10DF000061CF01F05E01BC603B0AF05F00025E027F
:10DF1000F0114400025E02F0114B00025E02F011AB
:10DF20004101BC6003000785006D80A7008CE700FD
:10DF3000E044670477A10068DE8623306E03BFDE0D
:10DF400002F00CE701885E0610D08601025E070031
:10DF500017A101825E8610D0860002DE02F000006A
:10DF600000B00047001086010820470017810138E3
:10DF700052030017800102C0270017A600025E02AC
:10DF8000F015F80068204700507B00B054070017D8
:10DF90008000025E02F010700068204700308300AD
:10DFA00068A04700107F021A54070010830103C0C5
:10DFB000270017A103BFDE02F010820106C03B005C
:10DFC00017A101825E8610D0860002DE02F00000FA
:10DFD00000B054130017A10068DE4F16B08700B0E0
:10DFE00054130017A10200DE0700108F00B0418B10
:10DFF00000106501BC600301D7A10068DE4F16B0B8
:10E000008C01BC60030297A100025E02F0160B00B7
:10E01000E05E8400F7A103BFDE02F01094020480EA
:10E02000F300109402025E0700109402805E070065
:10E0300010940090001B0037A200E85412F457A17E
:10E040000002DE02F00000020400BF00109800028F
:10E050005E02F011E903BFDE02F0109900A044B6A1
:10E06000F0B1450002DE02F00000020000BF001027
:10E07000AA0068ABEF0010AA00E05EA30037A8007A
:10E080006D5EA005D0AA00B02E2F0017A100025E81
:10E0900002F0012700B040670017A20068DEA3FF6E
:10E0A000F0A700B05E897197A2006D00A70090A64E
:10E0B000006DA0870050A803BFDE02F010A7006823
:10E0C000A0870010A800B85E897197A200025E02C6
:10E0D000F0012B01BC60030017A80002DE02F00073
:10E0E0000000D85A030117A201B85A06F457A2003B
:10E0F000B0560300083600B0560700083700B05687
:10E100000B00083800B0560F00083900B056130055
:10E11000083A00E05612F4483B00B05A03000834B5
:10E1200001385E8B00083500B020EF0017A401BC59
:10E1300060030017A200B0419300106500B85E9222
:10E14000D017A400E05E06F4506300F05E93001761
:10E15000A300F05E930077A400E05E8B0037A2007E
:10E16000B85E92F477A400E04192F4506500E05666
:10E1700002F4958000B056030017A4006EDE8B00F9
:10E18000B0B800B85E92C0D7A200D85E8B0037A2AC
:10E1900000E020DAF4483600B020DB0017A400B815
:10E1A0005E92C0F7A200D85E8B0037A200E020DEAE
:10E1B000F4483700D820DF0037A200E020E2F4481E
:10E1C0003800D820E30037A200E020E6F448390008
:10E1D000D820E70037A200E020EAF4483A00D8202F
:10E1E000EB0037A200E020EEF4483B00B020EF0047
:10E1F00017A200B85E8AC017A200905E8B0037A2FB
:10E2000001BC5E8906A8350002DE02F00000018034
:10E2100060063C91E4018760063CD1E601A86002FB
:10E220003CD1E6018B60023CD1E600B05E8F00106D
:10E230006300B056030011E700B056070011E70075
:10E24000B0560B0011E700B0560F0011E701A960AE
:10E25000423C91E401A860023CD1E6018B60063C9F
:10E26000D1E600B05E8B00106301BC60030057A1D3
:10E27000020456030010E601BC60030117A100E090
:10E28000418EF4306300B056030011E700B056072A
:10E290000011E700B0560B0011E700B05E8B0010D4
:10E2A0006301BC600300B7A10204D6030010F001B3
:10E2B000BC60030117A102065E530010F001BC60B0
:10E2C000030197A100E0418EF4306300B0560300D3
:10E2D00011E700B056070011E700B0560B0011E738
:10E2E00001BC60030017A10206DE530010FB00B062
:10E2F0005E8B00106302065E530010FA00A0563FCA
:10E3000001F7A103BFDE02F010FB00A0563301F7B6
:10E31000A100B05E870011E701BC60030011E700B7
:10E3200002DE02F0000000685E9B00D11801BC60B4
:10E33000070211E30068DE9B00510B00E8478701EC
:10E3400011E101BC60030011E201BC60030011E2B5
:10E3500001BC60030011E201BC60030011E201BCDA
:10E3600060030011E201BC60030011E201BC600324
:10E370000011E201BC60030011E200B06142F451FF
:10E38000E000B058030011E200B058070011E200AD
:10E39000B0580B0011E200B0580F0011E200B05865
:10E3A000130011E200B058170011E200B0581B0032
:10E3B00011E200B0581F0011E200B05E9B0017A4EC
:10E3C0000068DE9B00B11601BC60030077A40192D7
:10E3D000DE930217A30002DE02F0000001BC60071A
:10E3E0000011E300B058030011E200B0580700111B
:10E3F000E200B0580B0011E200B0580F0011E2002B
:10E40000B058130011E200B058170011E200B058E4
:10E410001B0011E200B0581F0011E200E00146F0BD
:10E42000106401BC60070031E300B058030011E242
:10E4300000B058070011E200B0580B0011E200B024
:10E44000580F0011E200B058130011E200B0581745
:10E450000011E200B0581B0011E200B0581F00117B
:10E46000E20192E01B0017A30002DE02F0000002AE
:10E470008740C300112D01866006F01030028640EF
:10E48000C300112F00B040C70017810002DE02F068
:10E490000000028740C300113200B05E0700103157
:10E4A0000186E006F010300002DE02F00000006895
:10E4B00000A701978C03BFDE02F0114A00025E0242
:10E4C000F0113B00025E02F0114B0002DE02F00090
:10E4D00000006800A701970F0002DE02F0000001B3
:10E4E000816006093049006800A700914000025E83
:10E4F00002F0114C0002DE02F0000000025E02F0A9
:10E50000114C018160020930490002DE02F0000076
:10E510000188E00E09304900B0412700180000B022
:10E52000002B0010020002DE02F0000001BC6003BC
:10E530000010020182E0020F10780002DE02F000FB
:10E5400000006800A701978B00B041270017A100C9
:10E55000B0412701D04900B05E870017A100B05E2E
:10E56000870017A100B05E870017A100B05E87008A
:10E5700017A100B05E870017A100B05E870017A149
:10E5800000B05E870017A100B05E870017A100B041
:10E590005E870017A100B05E870017A100B05E87FC
:10E5A0000010490002DE02F000000100DE530017F7
:10E5B000A601BC60030037A103BFDE02F0115D00BD
:10E5C000025E02F00127018760060337A20068DEC1
:10E5D0009B001161018760020337A200025E02F016
:10E5E000012B0002DE02F000000202411F00117642
:10E5F00002825E5300116801826006F2979400B0B7
:10E60000446700180000B0446B00081B00B044676A
:10E6100000180000E844690377A4006800A700918F
:10E620006B006DDE9300517000E044670317A30395
:10E63000905E02F011730285C5230011730068DE3D
:10E640008E23316D01BC600302104701BC600300E2
:10E65000904301826002F2979401826002F5B7ADA7
:10E66000006800A7009176006800A700B17600025C
:10E67000DE02F000000201C11F00118902855EAFB9
:10E6800000117C01856006F577AB00B04467000897
:10E690001E00B0446B00081F00E9446503D7A100C9
:10E6A000E8C46903F7A200D05E870077A101E1DE2C
:10E6B0008AF437A200E95E862697A100E8DE8A2662
:10E6C000B7A200695E8B00118901BC6103001133A0
:10E6D00000E144DAF4313600E144DEF451370185DB
:10E6E0006002F577AB01BC600301104701BC600319
:10E6F0000050430002DE02F000000201AE270011CC
:10E700008C0284C52300119601BC600F0C106500BB
:10E71000E0419571306502002E2700119000E04124
:10E720009700B06501BC600F0D17A1006E4196F413
:10E73000319400E15A0229368000E0DA07001681A0
:10E7400001BC6003000B8901BC6003001149000299
:10E75000DE02F0000000B0451F00178100B005B7D1
:10E760000017A601BC600704106401BC60131B9075
:10E770006501BC60030017A10205DEAF0011B10006
:10E78000B0580F0017800068DE842C31A100E058DB
:10E790002300360803BFDE02F011B902005E9B00C1
:10E7A00011B10280DA030011A70118581F00178267
:10E7B00000E05E0B00378201985E0AC0F60703BFD7
:10E7C000DE02F011AA011A581F00178200E05E0B4A
:10E7D000003782019A5E0AC0F60701F0DE030037B7
:10E7E0008000A05E02C0578000B05E0300160300E8
:10E7F000A044B6F0178200B05E0B00160500E05E84
:10E800000AC0960603BFDE02F011B900B05813002B
:10E81000178200E85E06F057A5006ADE970011B780
:10E8200000E85816F4B6050069D8170011B701BC06
:10E83000600300160500B058170017A500E0581235
:10E84000F4B60600E0419302106400E0419706D060
:10E850006500E05E870037A100905E9B0037A60050
:10E8600068DE8700919C01BC600300114701BC6019
:10E870000300016D0002DE02F0000001BC60030035
:10E88000016C01BC600300016D01BC60070A1064EB
:10E8900001BC60030077A100B0428F00178000A088
:10E8A0005E0301F78000B05E0300016E01BC63FFF0
:10E8B0001FF7A20068DE030011CB01BC6003001744
:10E8C000A200886006F43781002005BAF031D0003C
:10E8D00068DE8AC0D1D000E005B300216C00B0052D
:10E8E000B6F0216D00685E030011D400205E06F0D2
:10E8F00011DA006EDE8AC0D1DA03BFDE02F011D574
:10E90000006DDE8AC0D1DA00B05E870017A300B0C8
:10E91000419300016600B0581B0017A201BC6003C0
:10E9200000016C01BC600300016D00E8419302101E
:10E930006400E85E870037A10069DE870011CB0024
:10E94000B05E8F0001650002DE02F0000000B0053D
:10E950009B00106400B0581B00114500B0059B00DF
:10E96000016200B0059700016100B0580F001785E3
:10E9700000B0580700178300B0580B001784011827
:10E98000581F00178C011A581F00178D0002DE0255
:10E99000F0000000B0058B001064006E41932A1156
:10E9A000F600A044B6F0B7A100B05E8700160500DF
:10E9B000E05812F4360600B0581B00114502000062
:10E9C000F30011F3006D41932811F30200DEAF0054
:10E9D00011F301BC600B02514200B05E8700016F71
:10E9E00002015EAF0011F600B05E17001603018150
:10E9F0006002F577AB0002DE02F000000201452361
:10EA00000012010287C49300120101826002F5D74F
:10EA1000AE02012C230011FE00E02C2B002B0A017A
:10EA2000816001610B0802065EB700120100E02A56
:10EA3000D7002AB501866002F5B7AD0002DE02F00C
:10EA40000000020200BF00120F00025E02F0123747
:10EA50000202DEB30012070068428F000F2503BFD9
:10EA6000DE02F00002028881AB00120F02845EFF1A
:10EA700000120502845EB30012050282DEFF00125E
:10EA80000502822B2F00120D00682A9B00120F0234
:10EA900084DEAF00120502845EB700120500B05E8E
:10EAA000870017A10002DE02F000000182E002F5FB
:10EAB00097AC0203DEFF00121902844523001219ED
:10EAC00002012B2F0012190180E006F29794000238
:10EAD0005E02F0114C0180E002F2979400025E02A7
:10EAE000F0114C0180E002F297940201AC23001176
:10EAF000360181E001610B0803BFDE02F01138022C
:10EB00000400C70012270206ABD30012210284C5FD
:10EB1000AF00123503BFDE02F012220284C56F007F
:10EB200012350284452300122402004203001235EC
:10EB300000685E4B04B23500685E4B06B235006873
:10EB40005E4B0632350182E006F597AC0284452320
:10EB500000122A0323DE02F0122B0183E006F59750
:10EB6000AC0180E006F29794028400C700113600E1
:10EB7000B02AD70017A2006DDE8955113602872B07
:10EB80002F00123202005EFF0011360207AB2F0089
:10EB900011360181E005610B0803BFDE02F0113878
:10EBA00003BFDE02F011360002DE02F000000202B6
:10EBB00000BF00144D0206ABD30012440104C1078C
:10EBC0000017A101855E85610B0802042C23001249
:10EBD0004401846001610B0801BC60370017A20189
:10EBE000BC60031417A100B045E300180000B04555
:10EBF000E300180000B045E300180001BC62030008
:10EC0000107701BC60031B507600025E02F0013EEB
:10EC100000682AEB00124900E844655757A101BC7F
:10EC200063F71D17A2006D5E86F4524900E8446642
:10EC3000F44ABA006CC46556724B00E84467002A77
:10EC4000B30206ABD3001250006DC46701524E01EF
:10EC5000BC6003000B100284C5AF0012BD03BFDE11
:10EC600002F012510280456F0012BD020701AB0095
:10EC700012530180600209D04E01BC63FF1FF7A14F
:10EC80000068C586F4325601BC6003000ABD020468
:10EC9000DEB700144D0184E002F5B7AD0184E00158
:10ECA000610B080202DEB30012740206ABD300123D
:10ECB000650068AAF700925D00682B0300125E03EE
:10ECC000BFDE02F01263018B600E2B915C0287ABFA
:10ECD000D30012620182600209D04E03BFDE02F04F
:10ECE00012630182600609D04E00025E02F012112A
:10ECF00003BFDE02F01267018360062B915C000205
:10ED00005E02F012110204DEAF0012740282DEBB5A
:10ED10000012740068AAF700926C0106AB17001786
:10ED2000BB0068DEEF001270028480C7001274001E
:10ED300068AAF700326F006CC4655672730068AA47
:10ED4000F700927400682B0300127400E845895A9A
:10ED5000F7A1006D5E856052740186E005610B08C5
:10ED600002835EBB00127A0206ABD300127800E881
:10ED700045C95AF7A103BFDE02F0127900E84589C0
:10ED80005AF7A1006E5E8554B2970205DEB70012F5
:10ED90009300E02B97002AE501BC6003000AE7001E
:10EDA000682C4700127F00E82C47002B1101866079
:10EDB00002F5B7AD0204DEFF00128900B02B9B0004
:10EDC00017A200B02A9B0017A10283AC270012866D
:10EDD00000682C87001287006D5E8564328700B062
:10EDE0002C7F0017A2006D2B96F452890184E0025B
:10EDF000F7F7BF0206DEFF00129300E02BC7020AFE
:10EE0000F100B04467000AFC01182BC70017A101EC
:10EE10001A2BC70017A2006E5E87001291006DDEEC
:10EE2000895E529103BFDE02F0129301BC600300C1
:10EE30000AF10186E002F7F7BF02025EFF00144DFF
:10EE40000068AAEB00144D00B02AC7000ABA03BF3D
:10EE5000DE02F0144D0182E002F7F7BF02862C2398
:10EE600000129F0068B05B00129B0068305F0012C8
:10EE70009F00E9446582D7A600E8C46982F7BB0019
:10EE8000E10EE2F4C3B800E08EE6F763B902025E79
:10EE9000FF0012A7020600C70012A402802BD300B5
:10EEA00012A400B02B2B0017BB006E2B02F7744D81
:10EEB00002025EFF0012A700B04467000ABA03BF57
:10EEC000DE02F0144D0205DEB70012B500682AF725
:10EED0000872AA00E8446555CAB600682C470012BB
:10EEE000AC00E82C47002B1100E02B9F002AE70024
:10EEF000B02BA30017A100B02A9B0017A20283AC7D
:10EF0000270012B200682C870012B3006D5E89647E
:10EF100032B300B02C830017A1006D2B9EF432B5E4
:10EF200001BC6003000AE50068AAF700B2B800B0AF
:10EF30004467000AEF00B0446B000AF30068AAF7C8
:10EF40000132BC00B04467000B0B02062BD3001249
:10EF5000BC00B02C7B010B1E03BFDE02F0144D027F
:10EF60000701AB0012BF0180600609D04E0204DE2B
:10EF7000B70012C80283C5730012C201876006F58C
:10EF800077AB0282DEB300144D0203C57300141C7C
:10EF900000E844655637A1006D5E8555B44D018388
:10EFA0006006F5D7AE03BFDE02F0144D00E10ED3CC
:10EFB0000023B400E08ED70003B502862C23001294
:10EFC000CD00B04467000C1600B0446B000C170273
:10EFD00006AC230012D001846002F5B7AD0186E0D3
:10EFE00001610B080206ABD30012D701BC6003001D
:10EFF0000AD7006D45C71F52D400B045C7000AD7D5
:10F0000000E044655AF7BB00E85EEE2E2AB103BF6C
:10F01000DE02F012DC01BC6003000AD7006D4587F8
:10F020001F52DA00B04587000AD700E044655AF75E
:10F03000BB00E85EEE2C2AB101836002F5D7AE0179
:10F0400084E006F5B7AD0185E002F5B7AD01826059
:10F0500002F7F7BF01856002F5B7AD01BC600300A0
:10F060000B0500E844655637A1006D5E855DD2E270
:10F07000006D5E8555B2E600E02B63002AD800B033
:10F080002A930017B30206ABD30012F501BC60034C
:10F0900001917800B045E300180000B045E7000A90
:10F0A000C401BC600301B17800B045E30018000062
:10F0B000B045E7000AC501BC600301D17800B04546
:10F0C000E300180000B045E7000AC601BC60030178
:10F0D000F17800B045E300180000B045E7000AC72A
:10F0E00003BFDE02F0130101BC600300117800B021
:10F0F00045E300180000B045E7000AC401BC600306
:10F1000000317800B045E300180000B045E7000A80
:10F11000C501BC600300517800B045E30018000051
:10F12000B045E7000AC601BC600300717800B04535
:10F13000E300180000B045E7000AC70182E0016162
:10F140000B080207AB1B0013040182E005610B08EA
:10F1500000B02B170017BB01285EEF000ABD01BCF1
:10F1600060131C57BB02182B1B00130B01182B1B21
:10F170000017A60080DE9AF777BB00B041B70017F2
:10F18000B301342B1B0017A201182B1B0017A3007F
:10F19000682AF70033180068AAF700931100685E28
:10F1A0008F00731A03BFDE02F0131800682AF701FC
:10F1B00033170068AAF70053150068DE8B00731937
:10F1C00003BFDE02F013170068AAF700731A006885
:10F1D000DE8B00D31900685E8F00331A00685E8FE3
:10F1E00000131A018760055E8AF402032BD3001313
:10F1F0002200682AF702D31D0068AAF702B3220191
:10F20000BC60131C57BB0234AB170013220134AB94
:10F21000170017A60080DE9AF777BB00B041B70051
:10F2200017B302022C270013240186600560AB058A
:10F23000006E2AF701F3280088600557B7BB00204D
:10F24000DEED5C532B03BFDE02F0132E00E82AF73D
:10F250000217BB00886006F777BB00205EED5C7389
:10F260002E01856006F5B7AD020480C300132E01A0
:10F2700084E00560AB05006E2AF701F33500886075
:10F280000557B7BB00205EEF019333018660016034
:10F29000AB050068AC470013390020DEED5A933807
:10F2A00003BFDE02F0133900E82AF70217BB00881B
:10F2B0006006F777BB00205EED5AB3390184600524
:10F2C00060AB050068AAF702F342010DAB17001707
:10F2D000A1010EAB170017A200685E870013420061
:10F2E000E05E86F457A100E05E87080ABD018660F3
:10F2F0000160AB0500682C47001342018460016087
:10F30000AB0502032BD300134E018360015AAAD52B
:10F3100000682AF702D3490068AAF702B35E0068C2
:10F32000AAE700134C0068AB2300134C0282DEBB3B
:10F3300000134C02072B1B00134C0184600560ABCB
:10F340000503BFDE02F0135E0283C57300135E0087
:10F35000025E02F015BE0068AAF702B35E01836088
:10F36000055AAAD500E02C8F002B2301856002F5F9
:10F37000B7AD0068AAE700135E0068AB2300135E18
:10F380000282DEBB00135E00B02AC30017A2013464
:10F390002B1B0017A1006EDE8706135900B02ABF91
:10F3A0000017A2006E5E8964735E01BC6003000BEF
:10F3B0002301BC6003000ADA01856006F5B7AD01E0
:10F3C00084E005610B080068AAF700B36802075ED5
:10F3D000FF00136801342B1B0017A3006DDE8D6046
:10F3E000336800685E8F0013680283AB17001366F2
:10F3F0000183600560AB0503BFDE02F0136800B057
:10F400002BDB000AF000B0446B000AF70068AAF793
:10F410000133770202AC2700136B0186E00560AB75
:10F42000050281ABD300137701BC6003000ADA0048
:10F43000682C2F00137700E844656177A1006D5EAA
:10F440008561937400B02C330017A200E05E8961DF
:10F45000B7A2006DDE86F453760200AC230013776A
:10F460000185600560AB0503BFDE02F01377018004
:10F47000E001610B080068AAF701137A00B02AC7FF
:10F48000000AD10187E006F7F7BF0207DEFF00138D
:10F490007C0181E00560AB0500682AF7003381003C
:10F4A000682AF701F38102852BD300138000682AB4
:10F4B000F70313810068AAF700939201826006F7B0
:10F4C000F7BF00B02AC7000AB90068AAF70313887B
:10F4D00000682B2300138800B00013000ABD00B0A1
:10F4E0002B7F000AC003BFDE02F013910068AAF769
:10F4F000009392011C2B17000AC00106AB170017DE
:10F50000BB00685EEF00138F01BC6003006AC3009C
:10F51000B02C7B004B1E03BFDE02F0139100A82C21
:10F520007B004B1E01BC6003008AC300B02AC700E9
:10F530000AC80202DEBB00139F0284DEFF0013959F
:10F540000206DEFF00139F00B02AD70017A2006D4D
:10F55000DE8955139E00B02B9B0017A200B02A9B9A
:10F560000017A10283AC2700139C00682C870013AE
:10F570009D006D5E8564339D00B02C7F0017A20056
:10F580006DAB96F4539F0182E00560AB050286AB3C
:10F59000D30013AD0088600557B7A10020DE856356
:10F5A00093A500E82AF70217A100886006F437A1A6
:10F5B00000205E8563B3AB00682C6F0013AB013491
:10F5C0002B1B0017A2006E5E8B0293AA00B02C7B4F
:10F5D000002B1E03BFDE02F013AB00A82C7B002B18
:10F5E0001E0068AAF702F3AD00B04467000B1B00D1
:10F5F000E05ECD54B7B301826002F5D7AE00B02C07
:10F600002B0017A100B02AD70017A2006D5E895504
:10F6100013B402865EB70013C503BFDE02F013B653
:10F62000006D5E855FF3CA02812C230013C501BC07
:10F63000601F07706501BC601F11506401BC601F32
:10F6400011D7A400685A030013C10088580300F7BB
:10F65000A30134D8030017A200E95E8E2337A3016B
:10F66000C3E0022357A500E8DE8AF4B7A20068DEF3
:10F670008B0013C1006EDE8EF673C500E04193006F
:10F68000306400E04197019065006D4192F493B9B8
:10F6900003BFDE02F013CA00682AF70093CA0068AD
:10F6A0002AF70053CA00682AF70073CA018260066D
:10F6B000F5D7AE00025E02F015BE01BC60131C5708
:10F6C000BB01342B1B0017A20080DE8AF777BB003A
:10F6D000B041B70017A200682AF70053D700682A84
:10F6E000F70253D700682AF70273D700682AF70099
:10F6F00073D700682AF70853D700682AF70873D72A
:10F7000000682AF70893D700682AF703D3D703BF06
:10F71000DE02F013E60185E006F5B7AD00685E8B0A
:10F720000013E100B05E8B000AA60182E006F5D767
:10F73000AE00682C8B0013DE006E5E896453DE0120
:10F7400081600563CB1E00E02BAB002AEA006E5EF1
:10F75000896013E10182600560AB0500E8446556ED
:10F7600037A100B044670017A300682AF70893E5A3
:10F7700000E85E8EF42AAE01846002F7F7BF0282D1
:10F78000DEB300144D0203C57300141C00B02AAB95
:10F790000017A200B02AB30017A30068AAF70093CD
:10F7A000F602802BD30013F600B02B030017A10044
:10F7B0006D5E855873F20180E00560AB0500682B33
:10F7C0004F0013F201BC6003000ABC00025E02F0AD
:10F7D000159B00685E870013F600682BE70013F6A0
:10F7E00000B02BE70017A200B02BEB0017A30068B6
:10F7F0005E8F0013FF00682AEB0013FF00E84465EA
:10F800005757A100E05E8EF457A2006D5E86F45358
:10F81000FF0181600560AB0500682B4F0013FF01FD
:10F82000BC6003000ABC00025E02F0159B0281ABC3
:10F830002F00140402005EFF00140402044523009C
:10F84000140403A0DE02F014040183E00560AB059C
:10F850000281AC2700141C02862C1700144D02866E
:10F86000AC1700144D028080BF00144D02825EBBB5
:10F8700000144D02822BD300141C0281AC1700141B
:10F880001C0280AC1700141C02812C1700141C02EF
:10F89000822C1700141C028881AB00141C0282AC5D
:10F8A0001700141502832B1700141C02832C170059
:10F8B000141502852C1700141502842C1700141C33
:10F8C0000284AC1700141C0283AC1700141C0284C1
:10F8D0005EB700141B0204DEAF00141B0281DEBB06
:10F8E00000141B0184E002F577AB00025E02F01504
:10F8F0009F03BFDE02F0144D00E844655637A100B7
:10F900006DDE8554B4280206ABD30014210183E0D8
:10F91000022B915C03BFDE02F0144D0183E0022B49
:10F92000915C01BC600318517800B045E3001800F9
:10F93000018360022F317900A84138F9D7A100B0C6
:10F940005E84FE704E03BFDE02F0144D028101ABF7
:10F9500000142C020081AB00143702842C17001411
:10F96000370280AC170014370206ABD30014350001
:10F970006BAC4223343000E04467014B10018B60D4
:10F98000022B915C0287ABD300143301826006091D
:10F99000D04E03BFDE02F014340182600209D04E63
:10F9A00003BFDE02F01436018360022B915C03BFBB
:10F9B000DE02F0144D0206ABD3001440006BAC42E3
:10F9C00023343B00E04467014B10018B60022B9114
:10F9D0005C0287ABD300143E0182600609D04E035F
:10F9E000BFDE02F0143F0182600209D04E03BFDE89
:10F9F00002F01446018B60022B915C01BC6003187D
:10FA0000517800B045E3001800018360022F31797E
:10FA100000A84138F9D7A100B05E84FE704E000204
:10FA20005E02F0121D02845EB700144D02832BD3D8
:10FA300000144A00682AF702B44D0184E006F57705
:10FA4000AB00E02B27002AC903BFDE02F0158700B8
:10FA500002DE02F000000185E002F5B7AD0183602F
:10FA600002F5D7AE0182E002F5D7AE0182E002F7DF
:10FA7000F7BF0184E002F7F7BF01BC6003000AD3BF
:10FA800001BC6003000AC801BC6003000AC001BCDD
:10FA90006003000AEA018760015F6AFB01BC600342
:10FAA000000C1601BC6003000C170181600163CBE0
:10FAB0001E0002DE02F00000020200BF0014B202CB
:10FAC00083DEFF0014DA0183E006F7F7BF018560EB
:10FAD000060B705B018560060BF05F0206ABD3007E
:10FAE000146601BC600302116D00B02A9700116E0C
:10FAF000028045AB00147A03BFDE02F0146901BC3A
:10FB0000600302115D00B02A9700115E0280456B10
:10FB100000147A0206ABD3001473006BAC4223349A
:10FB20006D00E04467014B10018B60022B915C0279
:10FB300087ABD30014700182600609D04E03BFDE8C
:10FB400002F014710182600209D04E0188600E2D0E
:10FB5000516A03BFDE02F0147A018B60022B915CC4
:10FB600001BC600318517800B045E3001800018320
:10FB700060022F317900A84138F9D7A100B05E8426
:10FB8000FE704E0188600E2B515A00B0413F1FF0AD
:10FB90004F00682ABB00148001846006F7F7BF019C
:10FBA000BC602F1717A300E04466F46AB401BC6080
:10FBB00003000AAE00025E02F0144E00E844695FE2
:10FBC000D7A1006EDE8700348A00B02BD7000AF080
:10FBD00001BC6003000AEF00682AEB00148A00B041
:10FBE0004467000AB900E84465554ABA00B02AB330
:10FBF0000017A100E82AEAF42ABA028080BF0014A4
:10FC0000970281DEBB0014A80206ABD300148F025A
:10FC100004C5AF00149703BFDE02F0149002004544
:10FC20006F0014970283C5730014970206ABD300CC
:10FC3000149501BC63FF1FF7A10068C5C6F434A882
:10FC400003BFDE02F0149701BC63FF1FF7A1006839
:10FC5000C586F434A80206ABD300149E018B600E57
:10FC60002B915C0287ABD300149C0182600209D007
:10FC70004E03BFDE02F0149D0182600609D04E03E0
:10FC8000BFDE02F014A4018B600E2B915C01BC60FE
:10FC90000318517800B045E3001800018B2B2E2F7C
:10FCA000317900A84138F9D7A100B05E84F9B04E8F
:10FCB0000184E002F5B7AD0184E002F577AB018580
:10FCC000E001610B0803BFDE02F015920206ABD320
:10FCD0000014AB00025E02F0121D03BFDE02F0143E
:10FCE000AD018360022B915C00025E02F0121D01E7
:10FCF00084E006F5B7AD0184E006F577AB0206AB0C
:10FD0000D30014B101846005610B0803BFDE02F06B
:10FD10001592018D60020BF05F0206ABD30014B6A2
:10FD20000188600E2D516A03BFDE02F014B701880E
:10FD3000600E2B515A028181AB0014C80206ABD36E
:10FD40000014C1006BAC422334BC00E04467014B9B
:10FD500010018B60062B915C0287ABD30014BF01AE
:10FD600082600209D04E03BFDE02F014C00182603F
:10FD70000609D04E03BFDE02F014D7018B60062BBC
:10FD8000915C01BC600318517800B045E300180095
:10FD9000018360022F317900A84138F9D7A100B062
:10FDA0005E84FE704E03BFDE02F014D70206ABD3B2
:10FDB0000014D1006BAC422334CC00E04467014B0B
:10FDC00010018B60022B915C0287ABD30014CF0132
:10FDD00082600609D04E03BFDE02F014D0018260BB
:10FDE0000209D04E03BFDE02F014D7018B60022B54
:10FDF000915C01BC600318517800B045E300180025
:10FE0000018360022F317900A84138F9D7A100B0F1
:10FE10005E84FE704E0184E002F5B7AD0184E0021D
:10FE2000F577AB00025E02F0144E0002DE02F00035
:10FE30000000B0446B000AFE0202DEB30014E702C9
:10FE400006ABD30014E5018360062B915C0287ABFF
:10FE5000D30014E20182600209D04E03BFDE02F03B
:10FE600014E30182600609D04E00025E02F0121116
:10FE700003BFDE02F014E7018360062B915C0002F1
:10FE80005E02F0121101866005610B08020200BFDC
:10FE900000150C0183E002F7F7BF0203C5730014DD
:10FEA000FC020080BF0014FC0206ABD30014F50076
:10FEB0006BAC422334F000E04467014B10018B60CF
:10FEC0000E2B915C0287ABD30014F3018260020910
:10FED000D04E03BFDE02F014F40182600609D04E5A
:10FEE00003BFDE02F0150B018B600E2B915C01BC91
:10FEF000600318517800B045E3001800018B2B2EE9
:10FF00002F317900A84138F9D7A100B05E84F9B04B
:10FF10004E03BFDE02F0150B0206ABD30015050041
:10FF2000E0446700B7BB006CC466F774FE018B60E9
:10FF3000022B915C0287ABD3001503018260060996
:10FF4000D04E03BFDE02F015040182600209D04EDC
:10FF500003BFDE02F0150B018B60022B915C01BC2C
:10FF6000600318517800B045E30018000183600277
:10FF70002F317900A84138F9D7A100B05E84FE7016
:10FF80004E0182E002F597AC0002DE02F0000001B3
:10FF9000BC60030037A20020E3FE0915680020E0E2
:10FFA000420D956802845EB300156802804203002A
:10FFB00015680284452300156803915E02F01568F8
:10FFC0000068AB4F0015680282DEFF00156800680C
:10FFD0002ABB00151900E8446555D7B900E82A9AEC
:10FFE000F737B902805EFF00159B020180C700153C
:10FFF0009200B02AD70017A1006DDE855515920238
:020000041004E6
:1000000082DEB30015680203C5730015490204803F
:10001000C700154900685E8B00152E0284AC2300D2
:10002000152E0203C5730015490202ABD300152536
:1000300002855EBB0015260282DEBB00154900B0BA
:100040002B830017A1006EAB6AF4352E0203C57333
:1000500000154900682A9B00152D00682ABB001571
:100060002E006ADEE554F549006ADEE55A5549007E
:10007000682AE700154902941DF30015310203DEDA
:100080005300153603BFDE02F0153401141DF300D2
:1000900017A600901CBAF4D7A602005E9B00153686
:1000A00000B02B87000AA703BFDE02F0159201BC47
:1000B000600302579201BC63FF1FF0C301BC6003E1
:1000C0000910E301865E8A1C70E3018460061C70DF
:1000D000E300682AEF00153D0185E0061C70E3018E
:1000E000BC600303978200025E02F0157200B054F8
:1000F000130010E400E043915B30E401BC600300B6
:1001000010EE01BC63FF1FF0CE00E02AEF002ABB17
:1001100001BC61030077A601141DF30017A200B013
:100120005E8B000C1801BC610303EC1903BFDE02F7
:10013000F0156202845EB700156801BC6023089068
:10014000E600025E02F0016A00B05ECF0010E4003B
:1001500068AAF70035520205AC2300155200E82AC0
:10016000CE2337A3006DDE8E1C955200B05E8F004B
:1001700010E400682A9B00155A00B02ADB0010E446
:100180000206ABD30015570284C5AF00155A03BF52
:10019000DE02F015580280456F00155A00695EE7CF
:1001A00000155A00E05EE556D0E40282DEBB001581
:1001B0005E00682AF700155E00E10EDA1C83B600C7
:1001C000E08EDF0003B701BC600301D78200025E4E
:1001D00002F0157201BC61030077A603BFDE02F0D6
:1001E000156200B0004700108600025E02F015F8AC
:1001F00000025E02F010700190600A09104801844C
:100200006006F597AC00B05E9B0010800002DE0235
:10021000F0000002805EFF00156D0281DEBB00155C
:100220006D020180C7001592020480C7001592017B
:10023000806002F7F7BF0280C28F0015930201DED3
:10024000BB00159301BC60030017A203BFDE02F0E0
:10025000150E00685E4B0635790285DEFF001580BD
:1002600000B02B370017A1006DAAEEF4358001BC59
:10027000600301378000B02B3B0017A1006D2AEE10
:10028000F4357B02812BD300157B01BC6003017721
:100290008001BC600300378100025E02F00143016F
:1002A000D2DE0AA030E000B0540B0010E103BFDE44
:1002B00002F015860280ABD300157901BC60030102
:1002C000578001BC600300178100025E02F0014309
:1002D00000B054070010E000885E0B0070E10002DF
:1002E000DE02F0000000682AF30015920204DEAF7F
:1002F00000159200E844655797A4006E5E9154F58E
:100300009200885E930037A4006D5E9154F59200D0
:10031000025E02F015E303BFDE02F0159F00E84421
:10032000655797A400885E930037A400025E02F030
:1003300015E303BFDE02F0159F0284DEAF001596C1
:100340000181E002F5D7AE03BFDE02F0159F006821
:100350002B6700159B00E044655B2AD300682B6B7C
:1003600000159A00E044655A4AD30002DE02F0000C
:100370000001806006F7F7BF00682AF300159F00B0
:10038000E844655797A400025E02F015E30184601B
:1003900002F597AC01BC6003000ABC01BC6003001D
:1003A0000AD301BC6003000ABB0104DEAF0017A141
:1003B00001845E86F5B7AD0284DEAF0015A801802A
:1003C00060060D906C0002DE02F000000285AC2396
:1003D0000015BD0203C5730015BD00B02A8F0017BC
:1003E000A30202AC230015AD00B02AAF0017A30290
:1003F00002DEBB0015AF00B02A8B0017A300E0445B
:1004000066F46AB30185E005610B0800B04467003B
:100410000B030206ABD30015B7006BAC422335B615
:1004200000E04467014B100183E0022B915C03BFA5
:10043000DE02F015BD0183E0022B915C01BC60037C
:1004400018517800B045E3001800018360022F3195
:100450007900A84138F9D7A100B05E84FE704E0043
:1004600002DE02F000000202DEB30015C90206AB94
:10047000D30015C7018B600E2B915C0287ABD300B4
:1004800015C40182600209D04E03BFDE02F015C51B
:100490000182600609D04E00025E02F0121103BF15
:1004A000DE02F015DB018360062B915C00025E0228
:1004B000F012110203C5730015CE0284DEAF0015E1
:1004C000CE0281DEBB0015CE02805EFF0015CE029B
:1004D000045EB70015E20206ABD30015D5018B60B0
:1004E0000E2B915C0287ABD30015D3018260020909
:1004F000D04E03BFDE02F015D40182600609D04E53
:1005000003BFDE02F015DB018B600E2B915C01BC9A
:10051000600318517800B045E3001800018B2B2EC2
:100520002F317900A84138F9D7A100B05E84F9B025
:100530004E0183E001610B0801846006F5B7AD014F
:1005400084E002F577AB01BC6003000ABB01846064
:1005500002F597AC0185E001610B080186E00161BD
:100560000B080002DE02F0000000682B5B0015E5BE
:1005700000B02B5B0017A4006D5E915555E700B0ED
:100580002AAB0017A400882B070037A500E82B0A28
:10059000F4AAC200885E930037A400E02B0AF48A14
:1005A000C200902B0B00AAC100B02B07000AA700C5
:1005B00002DE02F0000003A0DE02F015F1020042AC
:1005C000030015F100025E02F00D2F0183E00561CA
:1005D0000B0801846002F5B7AD0184E006F577AB46
:1005E00001BC6003000ABB01846002F597AC00B057
:1005F0004467000ABC0002DE02F00000010C8143E7
:100600000017A101BC600300508A00685E07001655
:10061000020068DE8700360201BC600300B08A0079
:10062000685E070036020282DE0300160201BC602B
:100630000300908A0283DE0300160200E0600AF4E1
:10064000D08A00685E0700160A0190422AA1308A0B
:1006500000685E0700360A0190422AA0108A01094C
:10066000DE030017A2018F5E8A11508A00685E8B3C
:1006700000160A0191E00E11508A0002DE02F0001D
:10068000000109DE030017A400E05A06F497A50054
:10069000905E96F497A50203DE030016120282DE36
:1006A0000300161201BC61EF0857A60080DE96F425
:1006B000D7A50116DE870017A300885E870077A103
:1006C00000E15E8702D7A100E0DE8F0017A301BC26
:1006D00060030017A2020E5E0300161901BC60033E
:1006E0000037A200905E96F457A50080DE96F4379E
:1006F000A100E141B7FFF7A600E1DE8701F7A10005
:1007000080DE96F477A300E1DE860DB7A100E0DE7F
:100710008F0017A3017A5E86F477A100885E86F4C5
:1007200057A100B05E870017A20287DE03001626DD
:1007300000885E870057A103BFDE02F016330287F0
:100740005E0300162D01BC639B0CD7A50080DE86DE
:10075000F4B7A100E141B7FFF7A500E0DE8700177D
:10076000A100885E870057A103BFDE02F0163300A8
:10077000885E870057A101BC639B0CF7A50080DE53
:1007800086F4B7A101BC62030017A500E141B6F4ED
:10079000B7A500E0DE870017A100E05E8400D7A1C6
:1007A0000002DE02F0000002001FF70000120282C9
:1007B000DE5300163B0188600204902400E0209282
:1007C000F3082400E8208EF3082303BFDE02F00BB9
:1007D0003701B8601604902401BC600301D02503E2
:1007E000055E02F0164C0287C037000C9E0386DEC1
:1007F00002F00CA100025E02F01236035CDE02F091
:10080000163D00D8409B0117A100E05E8702379893
:1008100000A85E630077980102DE530017A10182F1
:10082000E002F297940188DE84FFA7FD006EA08E9F
:10083000F3164C00E85E6301D02501B86006049011
:100840002403BFDE02F0000201816004FFA7FD0166
:10085000B8600A04902403BFDE02F0000202285EA2
:100860008700166200B041930017A400E041930096
:100870007064010A5E870017A200E84192F4506399
:1008800001185E870017A100E86042F437A20088D3
:100890005602F436000068418EF4965E00E8418FFF
:1008A00000306300E8419300306400685E8B0216FC
:1008B0005600905602F457A300B05806F476010390
:1008C000BFDE02F0165600684192F4966200E841DD
:1008D0009300306401BC600300160003BFDE02F029
:1008E000165E00B05E870017A10002DE02F0000075
:1008F0000180600286143000B050CB0010650138D2
:1009000050830017A10068DE3B06366A00E05A33C8
:1009100000368C006EDA32F4201200B05A0B001749
:10092000A201BC63FF1FF7A300B050CF001064000A
:100930006EDA32F4366F00B05A370017A300B058A1
:100940001300178201BC600300160401BC601B1F6A
:10095000D7B60102D0C70017A100E04196F4306578
:1009600000E050CB00D06401BC60030017B401BCB0
:10097000600300178001BC600300378101876004B9
:100980000310A0009052330097A400E0418701B704
:10099000B500685ED2F0569600E05EDAF69063002D
:1009A00020D802F0368A020250C7001690009056F6
:1009B000030097A100E85E86F497A1019E6002F40F
:1009C00037A1006DDE87081690010A5E870017A226
:1009D00001DA6002F437A100E05ED6F450630088CB
:1009E0006006F437A100205602F4369000B0580299
:1009F000F0360000E05A2B00368A006ADED2F47628
:100A00008C0068DED2F0169100E05E0300378000B3
:100A1000685E030036910186E0040310A003BFDE88
:100A200002F01691006ADED2F4768C00E05ED3000C
:100A300037B400D05E0700378102985ED300167B82
:100A400000E0419300306403BFDE02F0167B0068D3
:100A50005E0300001203BFDE02F006CC0282D0C7A4
:100A60000016A000B02A370017A101B82A32F436C8
:100A70008401025013001685013C50830017A10029
:100A8000B050A70017A4006D5A32F436A90182E0D5
:100A9000068634310288502B0016A500B05A330068
:100AA00017A1019E5E8684F4270183600686343197
:100AB0000002DE02F0000000B050730017A101B880
:100AC000506EF436840106D00700168500B050AB96
:100AD0000017A400D06006C0978000E0419700D7BF
:100AE000B5010A58130017A100E05ED6F437B5002F
:100AF000B0580F001063011656030017810068D824
:100B0000130016BE011400630017A10068DE870001
:100B100016B40088013B01168003BFDE02F016B94F
:100B20000068DE870076B700A0013BE0168003BFB7
:100B3000DE02F016B900E05E870970620088540397
:100B400001168000E85A0330168001BC60030016CD
:100B50008101BC600300168201BC600300168303A0
:100B6000BFDE02F016C300E0418EC09063006EC18C
:100B70008EC036C300E8418EC0306300E8580300E1
:100B800037A100E0418EF43063013850A30017A56F
:100B90000068581303F6DE0068418EC056DE006D13
:100BA000DA0AF4B6DE011656030017A10068DE86E5
:100BB000F036DE015856030017A100E05E870DD71E
:100BC000A200B05ED70010620020DE02A016D500A1
:100BD000E05E86D037A300E05E8ED077A3006D5A2A
:100BE00002F456DE006E5E8EF496DE00E86002F4DB
:100BF000368300B05E8F00168100A05A0F00768306
:100C000000E05A0B00368200E85A02F4568000D009
:100C10005E0300378000E0581300360400E0418F87
:100C2000003063029858130016DB00E05ED70037EF
:100C3000B5006EC18EC036C400B058030010630307
:100C4000BFDE02F016C400B058130017A10068DA26
:100C5000370016E100B05E8700168D006DDE86D18C
:100C6000B6E300B05E8700168D0002DE02F00000E1
:100C700001BC60030017A1018760040310A001BC40
:100C800060030990B500B0006300F0B401BC605788
:100C90000310B601BC60030090B500B0006300B063
:100CA000B400B042D30018000317DE02F016EC03C4
:100CB00097DE02F016ED00B02A3300142F018EE00B
:100CC0000C0310A0006DDE02D1B6F300E85A36F036
:100CD000168D03BFDE02F016F501BC600300168C12
:100CE00001BC600300168D006E5A3AF016F801BC84
:100CF000600300168E03BFDE02F016F900E85A3AD0
:100D0000F0168E00B058070017A100E0580EF0163C
:100D100003006ED80EF436FF00E85E86C017A1000F
:100D2000E8580EF4360300E8580F00360301185E49
:100D3000030017A1006DDE0302170700E86042F40C
:100D400037A200905A1AF4368600885A1EF457A229
:100D500000905A1EF4368700B05A1AF4568603BF24
:100D6000DE02F0170900905A1EF4368601BC6003BB
:100D70000016870002DE02F0000001586003001038
:100D80002A01B8600A04902401BC600302900401A7
:100D900089E0020D906C0002DE02F000000200DE2D
:100DA0005300171901BC60170777A100025E02F01B
:100DB000012700B040670017A200B05E8B0057A269
:100DC00000025E02F0012B01BC600303378001BC0E
:100DD000600300178100025E02F011320002DE02A1
:100DE000F0000001BC600303378000025E02F011D6
:100DF0002D0183E006F037810181E006F0378100A4
:100E0000025E02F0113200B05E070017A200E0445B
:100E1000670B57A1006B4466F4372001BC600311D7
:100E2000378000025E02F0112D01806006F03781EC
:100E300000025E02F0113201BC60030097800002E4
:100E40005E02F0112D01806006F0378100025E0223
:100E5000F0113200E044670157A1006B4466F4379B
:100E60002A01BC600303378001A0607EF457810033
:100E7000025E02F0113200E044670797A1006B4464
:100E800066F4372F01BC600311578000025E02F048
:100E9000112D01846006F0378100025E02F01132EC
:100EA00000B05E070017A201BC60030A3780000291
:100EB0005E02F0112D01806002F0378100025E02B7
:100EC000F0113200E044670037A1006B4466F4374C
:100ED0003A01806006F0378100025E02F0113201B3
:100EE000BC600308578000025E02F0112D018A6089
:100EF00002F0378100025E02F0113200E044670028
:100F000037A1006B4466F43742018A600EF03781E6
:100F100000025E02F0113200E044670657A1006B48
:100F20004466F4374601BC60030CB78000025E02E1
:100F3000F0112D0280DE0700173001BC600311574D
:100F40008001846002F4578100025E02F0113201D8
:100F5000BC60030037A30206ABD30017510284C55F
:100F6000AF00175903BFDE02F017520280456F0031
:100F7000175901BC60030017A3018B600E2B915C15
:100F800001BC600318517800B045E3001800018BE4
:100F90002B2E2F317900A84138F9D7A100B05E84FB
:100FA000F9B04E01BC60170777A100025E02F001A4
:100FB0002700B040670017A200A85E8B0057A20070
:100FC000025E02F0012B00E044670157A1006B4470
:100FD00066F4375F01BC600301B7A101BC60030484
:100FE00077A200025E02F0012B01BC60130AF7A198
:100FF00001BC60030017A200025E02F0012B01BCDD
:1010000060030117A400E85E930037A401BC6003ED
:1010100001D7A100B05E930017A200025E02F001AA
:101020002B01BC60130AD7A101BC60030017A2000A
:10103000025E02F0012B0068DE9300176700685E15
:101040008F0017710002DE02F0000001BC60270C67
:10105000B7A101BC60030197A200025E02F0012B60
:1010600001BC60270EB7A101BC60030137A20002DA
:101070005E02F0012B01BC60030657A401BC6003B3
:101080000077A301BC60130957A100025E02F001C2
:1010900027018060060337A200025E02F0012B01E7
:1010A000806002F457A200025E02F0012B00E044CF
:1010B00066F497A1006B4466F4378000E85E8F0009
:1010C00037A300685E8F00178701BC60030317A475
:1010D00001BC60270F17A100025E02F00127006823
:1010E000C0671FF77901BC60270EB7A101BC600380
:1010F00001F7A200025E02F0012B0002DE02F00006
:10110000000002DE02F000000200DE5300179D0125
:10111000BC60130E77A100025E02F0012700A04020
:10112000673FEC4401BC60131497A100025E02F01B
:1011300001270196E0020337A200025E02F0012BB4
:1011400001BC601309B7A100025E02F0012701870C
:1011500060020337A200025E02F0012B01BC6013A3
:101160000997A100025E02F001270187600603379C
:10117000A200025E02F0012B0002DE02F00000017C
:10118000BC60730017A301BC60131497A100025E3A
:1011900002F0012700A04066F477A40196E01EF457
:1011A00097A300B05E8D8897A200025E02F0012B2B
:1011B00001BC601309B7A100025E02F0012701879C
:1011C00060060337A200025E02F0012B01BC60132F
:1011D0000997A100025E02F001270187600603372C
:1011E000A200025E02F0012B0002DE02F00000000D
:1011F00068DE930017B100E05E030057A201095EAC
:101200008B0017A103BFDE02F017B90068DE930060
:1012100037B501105E030017A200E05E8B0097A1B6
:1012200003BFDE02F017B901305E030017A200E031
:101230005E8B0197A1006D5E870597B901BC6003C5
:101240000597A10002DE02F0000000682BCB00171A
:10125000BF00B02BF30017A100E05E855FB7A100CF
:101260006BDE862337BF0186E006F7F7BF0002DE9C
:1012700002F0000000681F330017CD020200BF001B
:1012800017C3020345730017CD0285C5230017CD90
:1012900000681F330037CB00B01FC70017A1000242
:1012A0005E02F0012700A84064F9D7A200B05E8872
:1012B000F9B7A200025E02F0012B03BFDE02F017B5
:1012C000CD00A84138F9D7A100B05E84F9B04E0036
:1012D00002DE02F00000020200BF0017C302034555
:1012E000730017CD0158600300102A0189E0020D38
:1012F000906C01BC600300900400B040130017A183
:101300000002DE02F00000018260060F1078020782
:10131000C1E30017D601BC60030C17A301BC600336
:1013200000907601BC600300107700025E02F001BD
:101330003401BC60030C97A300025E02F0012F0091
:101340008860118757A101BC5E860EF07700025EAF
:1013500002F0013401BC60030C17A301BC60030060
:10136000B07601BC600300107700025E02F0013429
:1013700001BC60030C97A300025E02F0012F0088FD
:1013800060058757A101BC5E860ED07600025E0222
:10139000F0013401BC60030017A300025E02F001FB
:1013A0002F018560060ED07600025E02F001340146
:1013B000BC60030C17A301BC600300307601BC6065
:1013C0000300107700025E02F0013401BC60030CE0
:1013D00097A300025E02F0012F01AC60A20EF0772D
:1013E00000025E02F0013401BC60030017A300029A
:1013F0005E02F0012F018560060ED07600025E02CB
:10140000F0013401BC60030C17A301BC6003003081
:101410007601BC600300107700025E02F001340127
:10142000BC60030C97A300025E02F0012F01AC60C8
:10143000020EF07700025E02F0013401BC6003008E
:1014400017A300025E02F0012F018560060ED07620
:1014500000025E02F00134018260020F1078000287
:10146000DE02F0000001BC60130817A100025E025A
:10147000F00127018060020337A200025E02F00142
:101480002B01BC60030037A100025E02F0012701BE
:1014900088600E0337A20068B0EB00181001886066
:1014A0000A0337A200025E02F0012B01BC601B069A
:1014B00057A100025E02F00127018830EA0337A23B
:1014C00000025E02F0012B00025E02F017D501BCA3
:1014D00060130817A100025E02F001270180600678
:1014E0000337A200025E02F0012B0002DE02F000D0
:1014F0000001BC60430890E600025E02F0016A0150
:10150000BC604F1110E40190600A09104801BC60F2
:101510000300000601BC600301D78201D2DE087718
:10152000F0E000B00F030010E100B00047001086AB
:1015300000B00F1F00108A01BC6003003781000259
:101540005E02F0107001BC60030010BB01BC6103BF
:101550000010800182600610308103D05E02F0032B
:10156000940002DE02F0000000681F83001882026F
:101570008042030018820285C52300188200681F7C
:101580008F00388200681F8B00385F01BC60130831
:1015900017A100025E02F00127018060020337A25A
:1015A00000025E02F0012B01BC601B1B57A1000270
:1015B0005E02F0012700B04067000C3E0182E006A9
:1015C0000337A200025E02F0012B01846006F4578B
:1015D000A200025E02F0012B01BC60270F37A100C0
:1015E000025E02F0012700B04067000C3F018860F6
:1015F000060337A200025E02F0012B01BC60271532
:1016000097A100025E02F0012700B04067000C4085
:10161000019B60160337A201806006F457A2000206
:101620005E02F0012B01BC60131077A101BC600BBE
:101630000017A200025E02F0012B01BC60131057DC
:10164000A100025E02F0012701B860820337A20008
:10165000025E02F0012B01BC60131037A100025E94
:1016600002F001270180E0020337A200025E02F0CF
:10167000012B01BC60030007E201BC60030007E32B
:101680000068310F00185700E044658867E103BF28
:10169000DE02F0185800E044670807E101BC60135F
:1016A0001037A100025E02F00127018060060337B7
:1016B000A200025E02F0012B01BC60030027E200E1
:1016C000025E02F0012702004067001873028042A8
:1016D000030018730285C52300187301BC60131042
:1016E00037A100025E02F001270200406700186681
:1016F000006CC464FC385F00E03107002C4100E05E
:10170000310B002C4201BC601310F7A100025E02F5
:10171000F0012700B0406700018401BC601310D7BE
:10172000A100025E02F0012700B0406700018501C0
:10173000BC602B1357A100025E02F0012700B040ED
:101740006700018601BC60131117A100025E02F060
:10175000012700B0406700018701BC60271597A1F1
:1017600000B031030017A200025E02F0012B01BCA1
:1017700060270F37A100B030FF0017A200025E0201
:10178000F0012B01BC601B1B57A100B030FB001700
:10179000A200025E02F0012B01BC60130817A10039
:1017A000025E02F00127018060060337A200025E9C
:1017B00002F0012B01BC60030007E201BC600300E2
:1017C00007E000B05E870017A10002DE02F0000013
:1017D00001BC6003000C2500B030CB00179E00B0A8
:1017E00030CF00179D00B030D300179C00B030D729
:1017F00000179B03BFDE02F00A1A00000000000081
:1018000000000000000000000000000000000000D8
:1018100000000000000000000000000000000000C8
:1018200000207EC00000000000000000000000005A
:1018300000000000000000000000000000000000A8
:101840000000000000000000000000000000000098
:101850000000000000000000000000000000000088
:1018600000207EC00000000000000000000000001A
:101870000000000000000000000000000000000068
:1018800000000000000020000000401101000000E6
:101890000000801601008000000080160100800317
:1018A00000008016000000400000801A2100E003C4
:1018B00000008016000200400000801A1002004064
:1018C0000000801A100202400000801A6100E0034C
:1018D00000008016100200400000801A6101E01331
:1018E00000008016300200400000801A1002004004
:1018F0000000801A1C0200400000801A0002000054
:101900000000801A1C0A00400000801A1C0A2040B7
:101910000000801A1FCA20400000801A1FCA204001
:101920000000801A010000000000801E0900000075
:101930000000801E00000000000080020000000087
:10194000000080020000000000008002080000008B
:101950000000801E000000000000801E010000004A
:101960000000801E110000000000801E1FCA20C061
:101970000000801A1FCA20C00000801A5FCA20C061
:101980000000801AB06400000000800E00002800F3
:1019900000008012110000000000801E0000000006
:1019A000C825428500000000000040010000000042
:1019B0000000400100000000000040015FCA20401C
:1019C000000040191FCA204000004019010000001B
:1019D0000000401D010000000000401D010000004B
:1019E0000000401D090000000000401D1FC22040F3
:1019F000000040190F0000000000401D1FC220C061
:101A0000000040191BC220C000004019207D0000CA
:101A10000000400D00002000000040110000000008
:101A20003304428900000000000040010000000073
:101A30000000400100000000000040011BC22040E7
:101A400000004019090000000000401D1BC220409A
:101A500000004019010000000000401D00000000CF
:101A60000000401D1FC2204000004019010000007E
:101A70000000401D090000000000401D1FC2204062
:101A8000000040190B0100000000401D1FC220C0D3
:101A9000000040191BC220C000004019C0770000A0
:101AA0000000400D00002800000040110000000070
:101AB000331C4289000000000000400100000000CB
:101AC0000000400100000000000040011FC220C0D3
:101AD000000040191FC220C0000040196100E0133F
:101AE0000000401500000000000040010000000060
:101AF0000000400100000000000040016101E0130F
:101B00000000401513C220C000004019610180137D
:101B1000000040150A0100000000401D13C220C053
:101B20000000401908040000000000F80000000058
:101B30000000400100000000000040010000000023
:101B40000000400100000000000040010000000013
:101B50000000400113C22040000040190B010000AA
:101B60000000401D13C220C000004019000000000A
:101B700000004001000000000000400103010000DF
:101B80000000401D13C22040000040190000080062
:101B900000004011610180130000401561018013B5
:101BA0000000401561018013000040151FC2204055
:101BB000000040191FC22040000040191FC22040F1
:101BC000000040190B0100000000401D0B01000047
:101BD0000000401D1FC220C0000040191BC220C0D1
:101BE00000004019C37700000000400D000008000D
:101BF0000000401100000000131C4288000000009B
:101C00000000400100000000000040010000000052
:101C1000000040011BC220400000401909000000E4
:101C20000000401D1BCA2040000040191FCA204070
:101C300000004019090000000000401D1FC22040A4
:101C4000000040190F0000000000401D1FC220C00E
:101C5000000040191BC220C000004019237D000075
:101C60000000400D000000000000401100000000D6
:101C70001304428800000000000040010000000042
:101C80000000400100000000000040011BC2204095
:101C900000004019090000000000401D1BCA204040
:101CA00000004019010000000000401D1FCA204034
:101CB00000004019110000000000401D1FCA204014
:101CC000000040191FCA20C0000040191FCA20C0D0
:101CD000000040191FCA20C0000040195FCA20C080
:101CE00000004019B06400000000400D0000080032
:101CF00000004011110000000000401D0000000025
:101D0000B8254284000000000000400100000000EF
:101D10000000400100000000000040015FCA2040B8
:101D200000004019010000000000401D1FCA2040B3
:101D3000000040191FCA20400000401900000000A8
:101D40000000401D1C0A2040000000181C0A204012
:101D5000000000180000000000000010000000005B
:101D60000000001C61018013000000141C0A2040C8
:101D7000000000186101800300000014100A2040D8
:101D800000000018000A204000000018000A00406F
:101D9000000000184101800300000014000800400A
:101DA00000000018000010000000001000080240B1
:101DB000000000180008034000000018000802405E
:101DC000000000180008004000000018000000009B
:101DD000000000100008004000000018000800404B
:101DE00000000018410180000000001441010000C3
:101DF0000000001440010000000000140008024030
:101E0000000000180001000000000014000800405D
:101E100000000018000800C000000018080C0000B6
:101E20000000000408080000000000FC00000000A2
:101E300000000000000000000000000000000000A2
:101E4000000000000C715D48075F3100B3C9A56157
:101E5000005B234B452524472808000000000000B4
:101E6000941DC51301BD3208010034333433396188
:101E7000302D726F6D6C2F7364696F2D672D706FCD
:101E80006F6C2D7032702D69647375702D6964618B
:101E90007574682D706B7466696C7465722D6B65F2
:101EA0006570616C6976652D616F652D6C70632D51
:101EB00073776469762D7372666173742D667561CC
:101EC00072742D627463782D6E6F636C6D696E63CE
:101ED0002D636C6D5F6D696E2D6662742D6D66701D
:101EE0002D7361652D776F776C70662D746B6F2025
:101EF00056657273696F6E3A20372E39352E343934
:101F00002028323237316262362043592920435229
:101F1000433A206237613238656633204461746524
:101F20003A204D6F6E20323032312D31312D323921
:101F30002032323A35303A323720505354205563EC
:101F40006F6465205665723A20313034332E323159
:101F5000363220465749442030312D6335316439BB
:101F600034303000FA00445649442030312D62307C
:101F700062343532306600000000000000000000CE
:101F80000000000000000000000000000000000051
:101F90000000000000000000000000000000000041
:101FA0000000000000000000000000000000000031
:101FB0000000000000000000424C4F423C000000C6
:101FC000FA69E0BB01000000020000000000000010
:101FD0003C000000980300000A6F2B520000000034
:101FE00000000000D403000004000000A0B0E5E2FF
:101FF00000000000434C4D204441544100000C00BF
:10200000020052617370626572727950692E506974
:10201000636F57000000312E32392E34000000006B
:102020000000000070000000436C6D496D706F721D
:10203000743A20312E34372E3100000000000000A9
:1020400000000000000076352032322F30362F326B
:10205000340000000000000000000000010B010D32
:102060000C0D00006803000074010000680000000F
:10207000300100007C010000000000004C01000065
:102080004601000058030000000000002801000085
:1020900090030000880300007FB2000000000000F1
:1020A0000000000000000000000000000000000030
:1020B00000000000000000000000000070030000AD
:1020C00000000000320100000000000000000000DD
:1020D0000000000000000000000000000000000000
:1020E00000000000000000000000000000000000F0
:1020F00000000000000000000000000000000000E0
:1021000000000000000000000000000000000000CF
:10211000000000000000000000000000340000008B
:10212000810100000102323032322D30362D32343E
:102130002030363A35353A3038000000FF000000D4
:102140000100FF011E0000014800010100FF011411
:102150000000014800010000FF0000000200000133
:102160001E01000148010100000000000000000005
:102170000001000101236E000200FFFFF000415446
:1021800000010001FFC000415500010001FFC00037
:10219000424500010001FFC000425200010001FF62
:1021A000C00043410000FF00FFCC00434800010095
:1021B00001FFC000434C00010001FFC000434E007E
:1021C000010001FFC000434F00010001FFC00043B8
:1021D0005A00010001FFC00044450001FF01FFCC8F
:1021E00000444B00010001FFC00045450001000113
:1021F000FFC000455300010001FFC000465200012E
:102200000001FFC000474200010001FFC00047522B
:1022100000010001FFC000484B00010001FFC000A9
:10222000485500010001FFC000494C00010001FFBA
:10223000C000494E00010001FFC0004953000100E9
:1022400001FFC000495400010001FFC0004A5000D6
:10225000010001FFC0004B4500010001FFC0004B21
:102260005200010001FFC0004C4900010001FFC005
:10227000004C5400010001FFC0004C55000100015A
:10228000FFC0004C5600010001FFC0004D5400018A
:102290000001FFC0004D5800010001FFC0004D5972
:1022A00000010001FFC0004E4700010001FFC00017
:1022B0004E4C00010001FFC0004E4F00010001FF25
:1022C000C0004E5A00010001FFC00050450001004F
:1022D00001FFC000504800010001FFC000504C0049
:1022E000010001FFC000505400010001FFC0005375
:1022F0004500010001FFC000534700010001FFC07D
:1023000000534900010001FFC000534B00010001D0
:10231000FFC000544800010001FFC00054520001FA
:102320000001FFC000545700010001FFC0005553D9
:1023300000000000FFC00058580003FF02FFCC005F
:102340005A4100010001FFC000010D0100014800D9
:1023500000000148000000014801000001000000E9
:10236000550300000A0C0D0E0F1011121314150C5A
:10237000000102030405060708090A0B000000001B
:10238000000000000000000000000000AFA90000F5
:102390004E5652414D5265763D2452657624006D6D
:1023A000616E6669643D30783264300070726F64CB
:1023B00069643D3078303732370076656E64696421
:1023C0003D3078313465340064657669643D307839
:1023D0003433653200626F617264747970653D30C8
:1023E000783038383700626F6172647265763D30DC
:1023F000783131303000626F6172646E756D3D32DC
:1024000032006D6163616464723D30303A41303A4C
:1024100035303A62353A35393A35650073726F6D49
:102420007265763D313100626F617264666C61671E
:10243000733D3078303034303430303100626F6189
:102440007264666C616773333D307830343030309D
:10245000303030007874616C667265713D333734AA
:102460003030006E6F6372633D31006167303D3222
:10247000353500616132673D310063636F64653DEE
:10248000414C4C007061306974737369743D3078ED
:1024900032300065787470616761696E32673D3013
:1024A000007061326761303D2D3136382C3731365E
:1024B000312C2D383230004176566D69645F6330BF
:1024C0003D3078302C307863380063636B707772FE
:1024D0006F6666736574303D35006D617870326784
:1024E00061303D383400747870777262636B6F6668
:1024F0003D360063636B627732303267706F3D3018
:10250000006C65676F66646D627732303267706F3A
:102510003D30783636313131313131006D6373629F
:102520007732303267706F3D30783737373131313D
:1025300031310070726F70627732303267706F3D88
:1025400030786464006F66646D64696766696C7492
:10255000747970653D3138006F66646D64696766D3
:10256000696C747479706562653D313800706170B2
:10257000646D6F64653D31007061706476616C6993
:1025800064746573743D3100706163616C69647873
:1025900032673D343500706170646570736F6666D4
:1025A0007365743D2D33300070617064656E6469CD
:1025B00064783D3538006C746563786D75783D30AE
:1025C000006C746563787061646E756D3D30783051
:1025D000313032006C74656378666E73656C3D30C3
:1025E000783434006C746563786763696770696F09
:1025F0003D3078303100696C306D616361646472C4
:102600003D30303A39303A34633A63353A31323A10
:10261000333800776C3069643D3078343331620090
:10262000646561646D616E5F746F3D307866666687
:102630006666666666006D7578656E61623D3078C7
:102640003130300073707572636F6E6669673D304C
:10265000783300676C697463685F62617365645F97
:102660006372736D696E3D31006274635F6D6F6498
:10267000653D3100000000000050F2010000000044
:10268000636F756E74727900000000006375725F8D
:102690006574686572616464720000000000000087
:1026A00000000000636C6D6C6F616400000000004E
:1026B000636C6D6C6F61645F73746174757300003B
:1026C0000000000000A050B5595E00006273730066
:1026D000000000006D61786173736F63000000009B
:1026E00063636770696F696E00000000EE98001008
:1026F000B0970010B0970010C8980010B097001065
:10270000B0970010A6980010B0970010B097001076
:10271000B0970010B097001096980010B097001076
:10272000B0970010B0970010B09700107498001088
:10273000B0970010B0970010B0970010B09700103D
:10274000B0970010B097001060980010B09700107C
:10275000B0970010B0970010B0970010B09700101D
:10276000B0970010B0970010B0970010B09700100D
:10277000B0970010B0970010B0970010B0970010FD
:10278000B0970010B0970010B0970010B0970010ED
:10279000B0970010B0970010B0970010B0970010DD
:1027A000B097001044980010B0970010B097001038
:1027B00036980010D0AD0010DCAD00100000000015
:1027C000E4AD00100000000000000000ECAD0010BF
:1027D000F8AD001000000000000000000000000044
:1027E00000AE00100CAE0010000000000000000061
:1027F000000000001CAE00100000000000000000FF
:1028000000000000000000000000000000000000C8
:1028100000000000000000000000000000000000B8
:1028200000000000000000000000000000000000A8
:102830000000000000000000000000000000000098
:102840000000000000000000000000000000000088
:102850000000000000000000000000000000000078
:1028600000000000000000000000000024AE001086
:102870000000000000000000000000000000000058
:102880000000000000000000000000000000000048
:102890000000000000000000000000000000000038
:1028A0000000000000000000000000000000000028
:1028B0000000000000000000000000000000000018
:1028C00000000000000000002CAE0010000000001E
:1028D00000000000000000000000000000000000F8
:1028E00000000000000000000000000000000000E8
:1028F000000000003CAE00100000000000000000DE
:1029000000000000000000000000000000000000C7
:1029100050AE001060AE001002000000C9A0001010
:10292000EDA20010C5A20010DDA10010A5A30010AB
:1029300071A300103DA3001009A30010F5A0001022
:1029400000000000A9A200109DA200100DA200101E
:1029500000AF00100CAF001018AF001024AF001033
:1029600030AF00103CAF001048AF001030B2001084
:10297000F8B54746CE4680B51F00002304009046B8
:1029800099460BE0BFF35F8F4A461A608CF31088BC
:102990004046390001F020F800281AD12668EFF3EC
:1029A000108C72B63568002DFCD0BFF35F8F042306
:1029B000E55E2368002DE5DD013DA580BFF35F8F57
:1029C00000221A608CF310880120C0BCB946B046C2
:1029D000F8BD0020F9E7C04630B50268EFF310817A
:1029E00072B61368002BFCD0BFF35F8F0422835EA6
:1029F0000625445F02689C420ADD01338380BFF3F1
:102A00005F8F0023136081F3108840BF012030BD29
:102A1000BFF35F8F0023136081F310880020F6E777
:102A2000D02330B500241B0600251C5707E0002BDF
:102A300013DBBFF35F8F156081F3108820BF02683E
:102A4000EFF3108172B61368002BFCD0BFF35F8FD9
:102A50000423C3560268A342E9D1437904710133C8
:102A60004371BFF35F8F0023136081F3108830BD83
:102A700003000068EFF3108C72B60268002AFCD0E5
:102A8000BFF35F8F04229A56002A0BDB002900D087
:102A90000A6000201B68BFF35F8F00221A608CF36E
:102AA00010887047D0221206126801201A71F1E7CF
:102AB000F0B5C646150000B504001E000268EFF32D
:102AC000108172B61368002BFCD0BFF35F8F042314
:102AD000E3562268002B2BDBBFF35F8F00201060D2
:102AE00081F31088D02212061278002752B2904645
:102AF0009A420ED1002080BCB846F0BDBFF35F8F74
:102B0000176081F310882800310000F065FF00286D
:102B1000F0D12268EFF3108172B61368002BFCD05D
:102B2000BFF35F8F237922687F2BE7D9434602E00A
:102B3000D0231B061B682371BFF35F8F0023136034
:102B400081F310880120D6E7D0220300002012066E
:102B500010B510561C68EFF3108C72B62268002A6C
:102B6000FCD0BFF35F8F04229A56002A06DB824214
:102B700004D0002900D00A60002004E01871012070
:102B80005A7901325A711B68BFF35F8F00221A60B5
:102B90008CF3108810BDC046F0B5C64600B50D00D8
:102BA000040000F029FFFA2206000F00002328008D
:102BB0000021920000F030FF36184F41002F02DA5A
:102BC0000126174F7642D0231B061B680025984626
:102BD0000AE0BFF35F8F156081F310883000390081
:102BE00000F0FAFE002818D12268EFF3108172B6C7
:102BF0001368002BFCD0BFF35F8F237922687F2BF3
:102C0000E7D943462371BFF35F8F0023136081F33D
:102C10001088012080BCB846F0BD0020FAE7C0460D
:102C2000FFFFFF7F0268EFF3108172B61368002B7D
:102C3000FCD0BFF35F8FFF2303710368BFF35F8F87
:102C400000221A6081F3108840BF704710B50268F7
:102C5000EFF3108172B61368002BFCD0BFF35F8FC7
:102C600043790268013BDBB24371002B08D1FF249A
:102C70000471BFF35F8F136081F3108840BF10BDF4
:102C8000BFF35F8F0023136081F31088F7E7C0461E
:102C900010B5084C2378002B0AD180230648074939
:102CA0005B051A68C25004338B42FAD101232370AA
:102CB00010BDC046692C0020A41C001000010010AB
:102CC00010B5014B984710BDA51C0020064B5A6853
:102CD00002609A684260DA6882601A69C2605A6962
:102CE00002619B6943617047000002400268064B25
:102CF0005A6042689A608268DA60C2681A61026942
:102D00005A6142699A61704700000240034B1A6899
:102D1000C0239B009343024A136070470C8001401C
:102D20000C900140054B1A6880239B005340C02241
:102D300092001340024A13607047C0460C80014065
:102D40000C9001400023F0B5DE4657464E464546FE
:102D50009A46E0B589B001900E00988A45491B8BD0
:102D600014009847534681464349988A1B8B9847DD
:102D7000534642490500988A1B8B98478046FFF7C7
:102D800087FF02A8FFF7A2FFC847A847FFF7CAFFBF
:102D9000251E22D00823C0219C46022049056246F8
:102DA0008B6A1A4018423FD0631B002D2FD1002A96
:102DB00011D1002C11D0C0235B059B4602239A46FB
:102DC000063399465B464A4657469B6A1A401F425D
:102DD00042D0002AF6D0002C30D1FFF797FFC04731
:102DE000FFF76EFF02A8FFF781FF09B0F0BCBB46FA
:102DF000B246A946A046F0BD002C2FD1C0225205F4
:102E0000926A914608224F463A40BF072DD50D2BB6
:102E10001BD9002AF0D1C0225205926A914608229D
:102E20004F463A40BF07F2D4002A04D12B00234377
:102E3000002BB4D1D1E72B00002CF9D00B6E013C54
:102E40003370230001362B43F2E7019F013D3B78AD
:102E500001370B660197E7E70025E5E7C0235B052F
:102E60001B6E013C3370013699E72B00002ADFD13D
:102E7000DCE7C046494600004558000046430000D4
:102E80000022154B10B59A60DA601A615A619A6196
:102E9000DA611A625A629A62DA621A635A639A6350
:102EA000DA631A645A649A64DA641A655A659A6530
:102EB000DA651A665A669A66DA661A675A679A6710
:102EC000DA67F03292000021044800F08DFD044BD7
:102ED000044A1A6010BDC046000010504C27002064
:102EE000142B002080011050F0B54E464546DE46BA
:102EF0005746E0B5214B00249E6D012585B0002E7C
:102F000022D01F4B9A46012399461E4B984601E05A
:102F1000202C19D02A00230001342F003240E4B2C3
:102F20006D00002AF4D0524697654A465B085B0064
:102F300022409B185B01434418009B4600F01EFC96
:102F4000002808D1BE43E3D105B0F0BCBB46B24671
:102F5000A946A046F0BD5B46E0219A78DB8A01A82D
:102F600083600023C900018001210271437100F0D8
:102F700025FC584600F0A0FBE4E7C04600001150D5
:102F8000003011500C2700209823F0B5C646C84ADF
:102F900000B5D55880232E009B02102484B01E401B
:102FA0001D4274D0C34BC44C9A6AC44B00261A60AD
:102FB0003B23E35C022B00D14FE17B23E35C022B3C
:102FC00000D1F3E0BB23E35C022B00D1FAE0FB234A
:102FD000E35C022B00D101E13C23FF33E35C022BD5
:102FE00000D12DE17C23FF33E35C022B00D10EE105
:102FF000BC23FF33E35C022B00D13FE1FC23FF3312
:10300000E35C022B00D1F5E0AD4BE35C022B00D179
:1030100074E1AC4BE35C022B00D105E1AA4BE35C0D
:10302000022B00D175E1A94BE35C022B00D132E108
:10303000A74BE35C022B00D1A0E1A64BE35C022B83
:1030400000D171E1A44BE35C022B00D1A1E1A34BC1
:10305000E35C022B00D17FE1002E08D1A04B1B784E
:10306000002B04D180219F4A90338902D150C02285
:1030700069468F4B92009B6C80265B058A805B0DB6
:10308000012101A8029300F099FB974CB602EB06D0
:1030900000D57FE080235B021D4231D01E43012317
:1030A00002249846844FBB7E002B14D000F084FC91
:1030B000012800D972E0C02200213800920100F0FE
:1030C00001FB380000F0F8FA00F076FC012802D984
:1030D000844B5C661C664346FB702037012C22D172
:1030E000C0236A46DB009380804A02AB03CA03C355
:1030F000012101A800F062FB80227A4B92021A653E
:1031000080235B011D4210D18023DB011D4223D1AE
:1031100080231B021D422FD1AE4200D0C0E104B07B
:1031200080BCB846F0BD0124BDE700241E43604BBF
:103130001C60FFF7A5FE80236A465B009380147233
:10314000012101A800F03AFB8022664B12031A65A8
:103150008023DB011D42DBD01E4380236A46DB0057
:103160009380012101A800F029FB10225D4B1A6514
:1031700080231B021D42CFD01E43A0236A46DB00E2
:103180009380012101A800F019FB8022554B120108
:103190001A65C1E7FFF7A8FE26007BE7544B444AB7
:1031A0001C66536E2340A342FBD184E77833E75C6F
:1031B000002F00D106E70233E25C002A00D00DE1C7
:1031C0003E00FFE6B833E75C002F00D1FFE6023394
:1031D000E25C002A00D0F9E03E00F8E6F833E75C54
:1031E000002F00D1F8E60233E25C002A00D041E172
:1031F0003E00F1E6F933FF33E75C002F00D103E72F
:103200000233E25C002A00D02BE13E00FCE6793379
:10321000FF33E75C002F00D1EAE60233E25C002ACC
:1032200000D015E13E00E3E6324BE75C002F00D111
:10323000F4E60233E25C002A00D001E13E00EDE654
:103240003933FF33E75C002F00D1CBE60233E25C79
:10325000002A00D0EBE03E00C4E63833E65C002EE6
:1032600000D1AAE60233E25C002A00D1A5E62000E4
:1032700000222030E25400F04DFA9EE6B933FF33CD
:10328000E75C002F00D1B9E60233E25C002A00D0EF
:10329000C4E03E00B2E6184BE75C002F00D1C7E661
:1032A0000233E25C002A00D0B0E03E00C0E6C04637
:1032B00000001150004005400C270020042700208A
:1032C0003B0200007B020000BB020000FB0200008A
:1032D0003B0300007B030000BB030000FB03000076
:1032E000672C002000301150100002000000105028
:1032F000002011507A020000FA0200006B4BE75CDC
:10330000002F00D185E60233E25C002A76D13E0030
:103310007FE6674BE75C002F00D184E60233E25C76
:10332000002A63D13E007EE6624BE75C002F00D1AD
:1033300088E60233E25C002A00D0A3E05E4BE35C47
:10334000022B30D15D4BE35C002B27D15C4BE35C5F
:10335000022B00D08BE63E005A4BE35C002B00D1E1
:103360007AE6FF239B00E25C002A00D17FE6002280
:10337000E2541C3BE01800F0CDF978E6524BE75CD4
:10338000002F00D159E60233E25C002A16D13E003C
:1033900053E64A4BE35C002B00D158E6EF239B0039
:1033A000E25C002A75D1464BE35C022B00D05EE65E
:1033B000444BE35C002B00D159E6D2E70022E254F3
:1033C0001C3BE01800F0A6F93E0036E62000002283
:1033D000A030E2543E0000F09DF9F8E52000002204
:1033E0006030E2543E0000F095F9EBE50022E25433
:1033F0001C3BE01800F08EF93E0014E60022E25477
:103400001C3BE01800F086F93E0002E60022E25480
:103410001C3BE01800F07EF93E0009E62000002287
:10342000A130FF30E2543E0000F074F9E6E52000E0
:1034300000222130FF30E2543E0000F06BF9D1E56C
:103440000022E2541C3BE01800F064F93E00E5E580
:10345000200000226130FF30E2543E0000F05AF9B3
:10346000C6E520000022E130FF30E2543E0000F0CB
:1034700051F9C9E520000022E030E2543E0000F09E
:1034800049F9A9E50022E2541C3BE01800F042F99A
:1034900054E70022E2541C3BE01800F03BF982E7BD
:1034A00031000A48694000F07FFAC0463A02000045
:1034B000BA0200007A030000BB030000BA03000058
:1034C000FB030000FA0300003A030000D8AA001032
:1034D000F0B5C64600B50200838A008B8C46011CFD
:1034E000984200D9191CD47880252000461EB0418E
:1034F00089B2ED000D434003284301256C405B1A5F
:10350000D47054789BB29382002C31D16446D56834
:10351000A4014E1E2D19B0461469002923D0062E91
:1035200032D92B0023439B072ED1631CEB1A022BAD
:103530002AD900238F08BF00E658EE5004339F427B
:10354000FAD14346ED19DB1BE419B94209D02678BC
:103550002E70002B05D066786E70012B01D0A378F9
:10356000AB701469938A64181461802212021043AC
:10357000002B02D18023DB0118436346002B00D0CF
:10358000000480BCB846F0BD0023E65CEE54013375
:103590009942FAD1E5E7C0468368F0B51A6804009D
:1035A000002900D0120C63789205900D002B08D1F1
:1035B000E38AC318E382238B834201D90023A382C9
:1035C000F0BDE368890125695E18471E002822D0F6
:1035D000062F26D901315B18EB1A022B21D92B00BB
:1035E00033439B071DD10023120E9200F158E9507E
:1035F00004339A42FAD1BF1AAD18B618904209D0D6
:1036000032782A70002F05D072786A70012F01D0AD
:10361000B278AA702569E38A2D18C318E382256160
:10362000C9E70022B35CAB5401329042FAD125695C
:10363000F1E7C04610B50400836800211B68FFF75E
:10364000ABFF63681B685B0002D5238B834200D00D
:1036500010BD01212000FFF79FFFF9E7084A030092
:10366000126C0020920703D49A78D209012A00D064
:103670007047D87E023843425841C0B2F8E7C0468E
:103680000000115010B5FFF7E9FF00280CD00749E2
:10369000074B8C46074A9B6A126863449B1A0020BA
:1036A000C6229A424041C0B210BDC046E0FCFFFFB6
:1036B0000040054004270020002383764361036116
:1036C0007047C04610B58368002901D01C682140AE
:1036D000002A12D08024E400114322420DD01A683F
:1036E00022420CD1084A0A401A60084A126C92071A
:1036F00003D40C23033BFDD28368196010BD81788D
:10370000034800F051F9C046FFFBFFFF00001150D5
:10371000ECAA0010436870B50021802504001E68E3
:10372000FFF7D6FE124B6D011A6C0543A378920782
:103730000ED55B060ED00F4B1E4080239B053343F6
:1037400062680021136020002A00FFF7BBFF70BDF4
:10375000DB09F0D0A38A002BEDD001212000FFF778
:10376000B7FEA023044ADB05324005431343E7E7D5
:1037700000001150FFFFFFAFFFFFFFDF70B5857E38
:103780000400002D14D0FFF755FFA38A002B01D1B0
:10379000280070BD2000FFF775FF002803D001232B
:1037A00000252377F4E72000FFF7B4FF0025EFE7BB
:1037B0008178014800F0F8F80CAB0010F0B5CE4667
:1037C000474680B5437805000E0085B0062B08D823
:1037D0006C4A9B00D3589F466B4A13780133DBB287
:1037E00013706A4B1C686269EFF3108172B613683C
:1037F000002BFCD0BFF35F8FA1612000290000F0F7
:1038000003F96269A369BFF35F8F0021116083F33D
:103810001088002804D105B0C0BCB946B046F0BD40
:1038200032006978287800F0CFF8F4E70121584B8E
:103830001A788A431A701A7801318A431A70002262
:103840005A701A7802318A431A70CAE75149524FA6
:10385000894652490024002388463A7812E04346BC
:103860001B6861015B18002B06D0DB69002B03D0BD
:103870006968287898473A780134E4B2511C2300EB
:10388000A14217DBA242EAD89B1A5B014B44ECE74A
:103890003F4B1A78D207BED504211A780A431A7012
:1038A0009FE73B4B1A78D207B5D504211A788A4393
:1038B0001A7096E7364F3B785B072BD504223B788E
:1038C000002193433B706B460632981D00F08CF844
:1038D0002B7801AC2370052363702C4B1B68984632
:1038E0005A69EFF3108172B61368002BFCD0BFF356
:1038F0005F8F434640469961210000F085F84346BA
:103900005A699B69BFF35F8F0021116083F31088B0
:10391000002831D1FB78DB0700D47CE76B460A2214
:103920000021981D00F060F82B7801AC2370032370
:1039300063706B686360154B1D686A69EFF31081F3
:1039400072B61368002BFCD0BFF35F8FA96128000B
:10395000210000F059F86A69AB69BFF35F8F00215D
:10396000116083F31088002800D154E73200617899
:10397000207800F029F84EE732006178207800F0D6
:1039800023F8C7E748B30010682C0020F018002087
:103990009818002064B30010662C0020E816002060
:1039A0007047C0460000000001B40248844601BCD4
:1039B000604700BFED05001001B40248844601BC19
:1039C000604700BFE105001001B40248844601BC15
:1039D000604700BFD54D001001B40248844601BCC9
:1039E000604700BF3116001001B40248844601BC94
:1039F000604700BFD125001001B40248844601BCD5
:103A0000604700BF6117001001B40248844601BC42
:103A1000604700BF3568001001B40248844601BC0D
:103A2000604700BF252500101000000000000000C6
:103A30000000010000000000000000000000020083
:103A40000000000000000000000003000000000073
:103A5000000000000000FF000000000001B5486801
:103A600001318E460047704609380149884701BD3B
:103A70007D0C0010000000000000000000000000AD
:103A80000000000000000000B01200200000000054
:103A9000503300004C330000543300005233000018
:103AA0004D5300004D4300005334000043340000E8
:103AB0008545001039450010AD4400102544001024
:103AC0000000000000010000F418002010000C00AD
:103AD00000000000000000000000000000000000E6
:103AE00000000000FF00000000000000999E001090
:103AF000000000000000000000000000FD9D00101C
:103B000000000000000000000000000000000000B5
:083B10000000000000000000AD
:04000005100001E9FD
:00000001FF
