
/home/Tashifeen/git/University/lab5/build/lab5_amber.elf:     file format elf32-littlearm

Sections:
Idx Name          Size      VMA       LMA       File off  Algn
  0 .boot2        00000100  10000000  10000000  00001000  2**0
                  CONTENTS, ALLOC, LOAD, READONLY, CODE
  1 .text         0000a980  10000100  10000100  00001100  2**3
                  CONTENTS, ALLOC, LOAD, READONLY, CODE
  2 .rodata       00037fb0  1000aa80  1000aa80  0000ba80  2**3
                  CONTENTS, ALLOC, LOAD, READONLY, DATA
  3 .binary_info  00000020  10042a30  10042a30  00043a30  2**2
                  CONTENTS, ALLOC, LOAD, READONLY, DATA
  4 .ram_vector_table 000000c0  20000000  20000000  00046000  2**2
                  ALLOC
  5 .uninitialized_data 00000000  200000c0  200000c0  00045268  2**0
                  CONTENTS
  6 .data         000011a8  200000c0  10042a50  000440c0  2**4
                  CONTENTS, ALLOC, LOAD, READONLY, CODE
  7 .tdata        00000000  20001268  20001268  00045268  2**0
                  CONTENTS, ALLOC, LOAD, DATA, THREAD_LOCAL
  8 .tbss         00000000  20001268  20001268  00000000  2**0
                  ALLOC, THREAD_LOCAL
  9 .bss          00001a08  20001268  10043bf8  00045268  2**3
                  ALLOC
 10 .heap         00000800  20002c70  10043bf8  00045c70  2**2
                  ALLOC, READONLY
 11 .scratch_x    00000000  20040000  20040000  00045268  2**0
                  CONTENTS
 12 .scratch_y    00000000  20041000  20041000  00045268  2**0
                  CONTENTS
 13 .stack_dummy  00000800  20041000  20041000  00046000  2**5
                  ALLOC, READONLY
 14 .ARM.attributes 00000028  00000000  00000000  00045268  2**0
                  CONTENTS, READONLY
 15 .comment      0000004c  00000000  00000000  00045290  2**0
                  CONTENTS, READONLY
 16 .debug_info   00054f28  00000000  00000000  000452dc  2**0
                  CONTENTS, READONLY, DEBUGGING, OCTETS
 17 .debug_abbrev 0000c33b  00000000  00000000  0009a204  2**0
                  CONTENTS, READONLY, DEBUGGING, OCTETS
 18 .debug_loclists 0002dce1  00000000  00000000  000a653f  2**0
                  CONTENTS, READONLY, DEBUGGING, OCTETS
 19 .debug_aranges 00001db0  00000000  00000000  000d4220  2**3
                  CONTENTS, READONLY, DEBUGGING, OCTETS
 20 .debug_rnglists 00006dde  00000000  00000000  000d5fd0  2**0
                  CONTENTS, READONLY, DEBUGGING, OCTETS
 21 .debug_line   00032f53  00000000  00000000  000dcdae  2**0
                  CONTENTS, READONLY, DEBUGGING, OCTETS
 22 .debug_str    0000bfa4  00000000  00000000  0010fd01  2**0
                  CONTENTS, READONLY, DEBUGGING, OCTETS
 23 .debug_frame  000047fc  00000000  00000000  0011bca8  2**2
                  CONTENTS, READONLY, DEBUGGING, OCTETS
 24 .debug_line_str 000002c1  00000000  00000000  001204a4  2**0
                  CONTENTS, READONLY, DEBUGGING, OCTETS

/home/Tashifeen/git/University/lab5/build/lab5_amber.elf:     file format elf32-littlearm


Disassembly of section .boot2:

10000000 <__boot2_start__>:
10000000:	4b32b500 	.word	0x4b32b500
10000004:	60582021 	.word	0x60582021
10000008:	21026898 	.word	0x21026898
1000000c:	60984388 	.word	0x60984388
10000010:	611860d8 	.word	0x611860d8
10000014:	4b2e6158 	.word	0x4b2e6158
10000018:	60992100 	.word	0x60992100
1000001c:	61592102 	.word	0x61592102
10000020:	22f02101 	.word	0x22f02101
10000024:	492b5099 	.word	0x492b5099
10000028:	21016019 	.word	0x21016019
1000002c:	20356099 	.word	0x20356099
10000030:	f844f000 	.word	0xf844f000
10000034:	42902202 	.word	0x42902202
10000038:	2106d014 	.word	0x2106d014
1000003c:	f0006619 	.word	0xf0006619
10000040:	6e19f834 	.word	0x6e19f834
10000044:	66192101 	.word	0x66192101
10000048:	66182000 	.word	0x66182000
1000004c:	f000661a 	.word	0xf000661a
10000050:	6e19f82c 	.word	0x6e19f82c
10000054:	6e196e19 	.word	0x6e196e19
10000058:	f0002005 	.word	0xf0002005
1000005c:	2101f82f 	.word	0x2101f82f
10000060:	d1f94208 	.word	0xd1f94208
10000064:	60992100 	.word	0x60992100
10000068:	6019491b 	.word	0x6019491b
1000006c:	60592100 	.word	0x60592100
10000070:	481b491a 	.word	0x481b491a
10000074:	21016001 	.word	0x21016001
10000078:	21eb6099 	.word	0x21eb6099
1000007c:	21a06619 	.word	0x21a06619
10000080:	f0006619 	.word	0xf0006619
10000084:	2100f812 	.word	0x2100f812
10000088:	49166099 	.word	0x49166099
1000008c:	60014814 	.word	0x60014814
10000090:	60992101 	.word	0x60992101
10000094:	2800bc01 	.word	0x2800bc01
10000098:	4700d000 	.word	0x4700d000
1000009c:	49134812 	.word	0x49134812
100000a0:	c8036008 	.word	0xc8036008
100000a4:	8808f380 	.word	0x8808f380
100000a8:	b5034708 	.word	0xb5034708
100000ac:	20046a99 	.word	0x20046a99
100000b0:	d0fb4201 	.word	0xd0fb4201
100000b4:	42012001 	.word	0x42012001
100000b8:	bd03d1f8 	.word	0xbd03d1f8
100000bc:	6618b502 	.word	0x6618b502
100000c0:	f7ff6618 	.word	0xf7ff6618
100000c4:	6e18fff2 	.word	0x6e18fff2
100000c8:	bd026e18 	.word	0xbd026e18
100000cc:	40020000 	.word	0x40020000
100000d0:	18000000 	.word	0x18000000
100000d4:	00070000 	.word	0x00070000
100000d8:	005f0300 	.word	0x005f0300
100000dc:	00002221 	.word	0x00002221
100000e0:	180000f4 	.word	0x180000f4
100000e4:	a0002022 	.word	0xa0002022
100000e8:	10000100 	.word	0x10000100
100000ec:	e000ed08 	.word	0xe000ed08
	...
100000fc:	7a4eb274 	.word	0x7a4eb274

Disassembly of section .text:

10000100 <__VECTOR_TABLE>:
10000100:	20042000 	.word	0x20042000
10000104:	100001f7 	.word	0x100001f7
10000108:	100001cb 	.word	0x100001cb
1000010c:	100001cd 	.word	0x100001cd
10000110:	100001c9 	.word	0x100001c9
10000114:	100001c9 	.word	0x100001c9
10000118:	100001c9 	.word	0x100001c9
1000011c:	100001c9 	.word	0x100001c9
10000120:	100001c9 	.word	0x100001c9
10000124:	100001c9 	.word	0x100001c9
10000128:	100001c9 	.word	0x100001c9
1000012c:	100001cf 	.word	0x100001cf
10000130:	100001c9 	.word	0x100001c9
10000134:	100001c9 	.word	0x100001c9
10000138:	100001d1 	.word	0x100001d1
1000013c:	100001d3 	.word	0x100001d3
10000140:	100001c1 	.word	0x100001c1
10000144:	100001c1 	.word	0x100001c1
10000148:	100001c1 	.word	0x100001c1
1000014c:	100001c1 	.word	0x100001c1
10000150:	100001c1 	.word	0x100001c1
10000154:	100001c1 	.word	0x100001c1
10000158:	100001c1 	.word	0x100001c1
1000015c:	100001c1 	.word	0x100001c1
10000160:	100001c1 	.word	0x100001c1
10000164:	100001c1 	.word	0x100001c1
10000168:	100001c1 	.word	0x100001c1
1000016c:	100001c1 	.word	0x100001c1
10000170:	100001c1 	.word	0x100001c1
10000174:	100001c1 	.word	0x100001c1
10000178:	100001c1 	.word	0x100001c1
1000017c:	100001c1 	.word	0x100001c1
10000180:	100001c1 	.word	0x100001c1
10000184:	100001c1 	.word	0x100001c1
10000188:	100001c1 	.word	0x100001c1
1000018c:	100001c1 	.word	0x100001c1
10000190:	100001c1 	.word	0x100001c1
10000194:	100001c1 	.word	0x100001c1
10000198:	100001c1 	.word	0x100001c1
1000019c:	100001c1 	.word	0x100001c1
100001a0:	100001c1 	.word	0x100001c1
100001a4:	100001c1 	.word	0x100001c1
100001a8:	100001c1 	.word	0x100001c1
100001ac:	100001c1 	.word	0x100001c1
100001b0:	100001c1 	.word	0x100001c1
100001b4:	100001c1 	.word	0x100001c1
100001b8:	100001c1 	.word	0x100001c1
100001bc:	100001c1 	.word	0x100001c1

100001c0 <__unhandled_user_irq>:
100001c0:	f3ef 8005 	mrs	r0, IPSR
100001c4:	3810      	subs	r0, #16

100001c6 <unhandled_user_irq_num_in_r0>:
100001c6:	be00      	bkpt	0x0000

100001c8 <isr_invalid>:
100001c8:	be00      	bkpt	0x0000

100001ca <isr_nmi>:
100001ca:	be00      	bkpt	0x0000

100001cc <isr_hardfault>:
100001cc:	be00      	bkpt	0x0000

100001ce <isr_svcall>:
100001ce:	be00      	bkpt	0x0000

100001d0 <isr_pendsv>:
100001d0:	be00      	bkpt	0x0000

100001d2 <isr_systick>:
100001d2:	be00      	bkpt	0x0000

100001d4 <__default_isrs_end>:
100001d4:	7188ebf2 	.word	0x7188ebf2
100001d8:	10042a30 	.word	0x10042a30
100001dc:	10042a50 	.word	0x10042a50
100001e0:	10000238 	.word	0x10000238
100001e4:	e71aa390 	.word	0xe71aa390

100001e8 <_entry_point>:
100001e8:	481e      	ldr	r0, [pc, #120]	@ (10000264 <data_cpy_table+0x2c>)

100001ea <_enter_vtable_in_r0>:
100001ea:	491f      	ldr	r1, [pc, #124]	@ (10000268 <data_cpy_table+0x30>)
100001ec:	6008      	str	r0, [r1, #0]
100001ee:	c806      	ldmia	r0!, {r1, r2}
100001f0:	f381 8808 	msr	MSP, r1
100001f4:	4710      	bx	r2

100001f6 <_reset_handler>:
100001f6:	481d      	ldr	r0, [pc, #116]	@ (1000026c <data_cpy_table+0x34>)
100001f8:	6800      	ldr	r0, [r0, #0]
100001fa:	2800      	cmp	r0, #0
100001fc:	d001      	beq.n	10000202 <hold_non_core0_in_bootrom+0x4>

100001fe <hold_non_core0_in_bootrom>:
100001fe:	4819      	ldr	r0, [pc, #100]	@ (10000264 <data_cpy_table+0x2c>)
10000200:	e7f3      	b.n	100001ea <_enter_vtable_in_r0>
10000202:	a40d      	add	r4, pc, #52	@ (adr r4, 10000238 <data_cpy_table>)
10000204:	cc0e      	ldmia	r4!, {r1, r2, r3}
10000206:	2900      	cmp	r1, #0
10000208:	d002      	beq.n	10000210 <hold_non_core0_in_bootrom+0x12>
1000020a:	f000 f812 	bl	10000232 <data_cpy>
1000020e:	e7f9      	b.n	10000204 <hold_non_core0_in_bootrom+0x6>
10000210:	4917      	ldr	r1, [pc, #92]	@ (10000270 <data_cpy_table+0x38>)
10000212:	4a18      	ldr	r2, [pc, #96]	@ (10000274 <data_cpy_table+0x3c>)
10000214:	2000      	movs	r0, #0
10000216:	e000      	b.n	1000021a <bss_fill_test>

10000218 <bss_fill_loop>:
10000218:	c101      	stmia	r1!, {r0}

1000021a <bss_fill_test>:
1000021a:	4291      	cmp	r1, r2
1000021c:	d1fc      	bne.n	10000218 <bss_fill_loop>

1000021e <platform_entry>:
1000021e:	4916      	ldr	r1, [pc, #88]	@ (10000278 <data_cpy_table+0x40>)
10000220:	4788      	blx	r1
10000222:	4916      	ldr	r1, [pc, #88]	@ (1000027c <data_cpy_table+0x44>)
10000224:	4788      	blx	r1
10000226:	4916      	ldr	r1, [pc, #88]	@ (10000280 <data_cpy_table+0x48>)
10000228:	4788      	blx	r1
1000022a:	be00      	bkpt	0x0000
1000022c:	e7fd      	b.n	1000022a <platform_entry+0xc>

1000022e <data_cpy_loop>:
1000022e:	c901      	ldmia	r1!, {r0}
10000230:	c201      	stmia	r2!, {r0}

10000232 <data_cpy>:
10000232:	429a      	cmp	r2, r3
10000234:	d3fb      	bcc.n	1000022e <data_cpy_loop>
10000236:	4770      	bx	lr

10000238 <data_cpy_table>:
10000238:	10042a50 	.word	0x10042a50
1000023c:	200000c0 	.word	0x200000c0
10000240:	20001268 	.word	0x20001268
10000244:	10043bf8 	.word	0x10043bf8
10000248:	20040000 	.word	0x20040000
1000024c:	20040000 	.word	0x20040000
10000250:	10043bf8 	.word	0x10043bf8
10000254:	20041000 	.word	0x20041000
10000258:	20041000 	.word	0x20041000
1000025c:	00000000 	.word	0x00000000
10000260:	4770      	bx	lr
10000262:	0000      	.short	0x0000
10000264:	00000000 	.word	0x00000000
10000268:	e000ed08 	.word	0xe000ed08
1000026c:	d0000000 	.word	0xd0000000
10000270:	20001268 	.word	0x20001268
10000274:	20002c70 	.word	0x20002c70
10000278:	10003f7d 	.word	0x10003f7d
1000027c:	10000369 	.word	0x10000369
10000280:	10003f75 	.word	0x10003f75

10000284 <_init>:
10000284:	b5f8      	push	{r3, r4, r5, r6, r7, lr}
10000286:	46c0      	nop			@ (mov r8, r8)

10000288 <deregister_tm_clones>:
10000288:	4804      	ldr	r0, [pc, #16]	@ (1000029c <deregister_tm_clones+0x14>)
1000028a:	4b05      	ldr	r3, [pc, #20]	@ (100002a0 <deregister_tm_clones+0x18>)
1000028c:	b510      	push	{r4, lr}
1000028e:	4283      	cmp	r3, r0
10000290:	d003      	beq.n	1000029a <deregister_tm_clones+0x12>
10000292:	4b04      	ldr	r3, [pc, #16]	@ (100002a4 <deregister_tm_clones+0x1c>)
10000294:	2b00      	cmp	r3, #0
10000296:	d000      	beq.n	1000029a <deregister_tm_clones+0x12>
10000298:	4798      	blx	r3
1000029a:	bd10      	pop	{r4, pc}
1000029c:	20001268 	.word	0x20001268
100002a0:	20001268 	.word	0x20001268
100002a4:	00000000 	.word	0x00000000

100002a8 <register_tm_clones>:
100002a8:	4806      	ldr	r0, [pc, #24]	@ (100002c4 <register_tm_clones+0x1c>)
100002aa:	4907      	ldr	r1, [pc, #28]	@ (100002c8 <register_tm_clones+0x20>)
100002ac:	1a09      	subs	r1, r1, r0
100002ae:	108b      	asrs	r3, r1, #2
100002b0:	0fc9      	lsrs	r1, r1, #31
100002b2:	18c9      	adds	r1, r1, r3
100002b4:	b510      	push	{r4, lr}
100002b6:	1049      	asrs	r1, r1, #1
100002b8:	d003      	beq.n	100002c2 <register_tm_clones+0x1a>
100002ba:	4b04      	ldr	r3, [pc, #16]	@ (100002cc <register_tm_clones+0x24>)
100002bc:	2b00      	cmp	r3, #0
100002be:	d000      	beq.n	100002c2 <register_tm_clones+0x1a>
100002c0:	4798      	blx	r3
100002c2:	bd10      	pop	{r4, pc}
100002c4:	20001268 	.word	0x20001268
100002c8:	20001268 	.word	0x20001268
100002cc:	00000000 	.word	0x00000000

100002d0 <__do_global_dtors_aux>:
100002d0:	b510      	push	{r4, lr}
100002d2:	4c07      	ldr	r4, [pc, #28]	@ (100002f0 <__do_global_dtors_aux+0x20>)
100002d4:	7823      	ldrb	r3, [r4, #0]
100002d6:	2b00      	cmp	r3, #0
100002d8:	d109      	bne.n	100002ee <__do_global_dtors_aux+0x1e>
100002da:	f7ff ffd5 	bl	10000288 <deregister_tm_clones>
100002de:	4b05      	ldr	r3, [pc, #20]	@ (100002f4 <__do_global_dtors_aux+0x24>)
100002e0:	2b00      	cmp	r3, #0
100002e2:	d002      	beq.n	100002ea <__do_global_dtors_aux+0x1a>
100002e4:	4804      	ldr	r0, [pc, #16]	@ (100002f8 <__do_global_dtors_aux+0x28>)
100002e6:	e000      	b.n	100002ea <__do_global_dtors_aux+0x1a>
100002e8:	bf00      	nop
100002ea:	2301      	movs	r3, #1
100002ec:	7023      	strb	r3, [r4, #0]
100002ee:	bd10      	pop	{r4, pc}
100002f0:	20001538 	.word	0x20001538
100002f4:	00000000 	.word	0x00000000
100002f8:	1000aa80 	.word	0x1000aa80

100002fc <frame_dummy>:
100002fc:	4b05      	ldr	r3, [pc, #20]	@ (10000314 <frame_dummy+0x18>)
100002fe:	b510      	push	{r4, lr}
10000300:	2b00      	cmp	r3, #0
10000302:	d003      	beq.n	1000030c <frame_dummy+0x10>
10000304:	4904      	ldr	r1, [pc, #16]	@ (10000318 <frame_dummy+0x1c>)
10000306:	4805      	ldr	r0, [pc, #20]	@ (1000031c <frame_dummy+0x20>)
10000308:	e000      	b.n	1000030c <frame_dummy+0x10>
1000030a:	bf00      	nop
1000030c:	f7ff ffcc 	bl	100002a8 <register_tm_clones>
10000310:	bd10      	pop	{r4, pc}
10000312:	46c0      	nop			@ (mov r8, r8)
10000314:	00000000 	.word	0x00000000
10000318:	2000153c 	.word	0x2000153c
1000031c:	1000aa80 	.word	0x1000aa80

10000320 <setup>:
10000320:	b510      	push	{r4, lr}
10000322:	f003 ff69 	bl	100041f8 <stdio_init_all>
10000326:	20fa      	movs	r0, #250	@ 0xfa
10000328:	0040      	lsls	r0, r0, #1
1000032a:	f001 f8cf 	bl	100014cc <sleep_ms>
1000032e:	f006 fc33 	bl	10006b98 <cyw43_arch_init>
10000332:	2100      	movs	r1, #0
10000334:	2000      	movs	r0, #0
10000336:	f006 fc1f 	bl	10006b78 <cyw43_arch_gpio_put>
1000033a:	f00a f9b1 	bl	1000a6a0 <adc_init>
1000033e:	2202      	movs	r2, #2
10000340:	4b06      	ldr	r3, [pc, #24]	@ (1000035c <setup+0x3c>)
10000342:	601a      	str	r2, [r3, #0]
10000344:	4b06      	ldr	r3, [pc, #24]	@ (10000360 <setup+0x40>)
10000346:	681a      	ldr	r2, [r3, #0]
10000348:	2380      	movs	r3, #128	@ 0x80
1000034a:	01db      	lsls	r3, r3, #7
1000034c:	4053      	eors	r3, r2
1000034e:	22e0      	movs	r2, #224	@ 0xe0
10000350:	01d2      	lsls	r2, r2, #7
10000352:	4013      	ands	r3, r2
10000354:	4a03      	ldr	r2, [pc, #12]	@ (10000364 <setup+0x44>)
10000356:	6013      	str	r3, [r2, #0]
10000358:	bd10      	pop	{r4, pc}
1000035a:	46c0      	nop			@ (mov r8, r8)
1000035c:	4004e000 	.word	0x4004e000
10000360:	4004c000 	.word	0x4004c000
10000364:	4004d000 	.word	0x4004d000

10000368 <main>:
10000368:	b5f8      	push	{r3, r4, r5, r6, r7, lr}
1000036a:	2504      	movs	r5, #4
1000036c:	f7ff ffd8 	bl	10000320 <setup>
10000370:	4c1a      	ldr	r4, [pc, #104]	@ (100003dc <main+0x74>)
10000372:	4e1b      	ldr	r6, [pc, #108]	@ (100003e0 <main+0x78>)
10000374:	2180      	movs	r1, #128	@ 0x80
10000376:	4a1b      	ldr	r2, [pc, #108]	@ (100003e4 <main+0x7c>)
10000378:	6025      	str	r5, [r4, #0]
1000037a:	0049      	lsls	r1, r1, #1
1000037c:	6813      	ldr	r3, [r2, #0]
1000037e:	420b      	tst	r3, r1
10000380:	d0fc      	beq.n	1000037c <main+0x14>
10000382:	6850      	ldr	r0, [r2, #4]
10000384:	b280      	uxth	r0, r0
10000386:	f002 f904 	bl	10002592 <__wrap___aeabi_ui2f>
1000038a:	4917      	ldr	r1, [pc, #92]	@ (100003e8 <main+0x80>)
1000038c:	f002 f8cd 	bl	1000252a <__wrap___aeabi_fmul>
10000390:	4916      	ldr	r1, [pc, #88]	@ (100003ec <main+0x84>)
10000392:	f002 f8b0 	bl	100024f6 <__wrap___aeabi_fsub>
10000396:	4916      	ldr	r1, [pc, #88]	@ (100003f0 <main+0x88>)
10000398:	f002 f8b3 	bl	10002502 <__wrap___aeabi_fdiv>
1000039c:	1c01      	adds	r1, r0, #0
1000039e:	4815      	ldr	r0, [pc, #84]	@ (100003f4 <main+0x8c>)
100003a0:	f002 f8a9 	bl	100024f6 <__wrap___aeabi_fsub>
100003a4:	1c07      	adds	r7, r0, #0
100003a6:	f002 f91b 	bl	100025e0 <__wrap___aeabi_f2d>
100003aa:	0002      	movs	r2, r0
100003ac:	000b      	movs	r3, r1
100003ae:	0030      	movs	r0, r6
100003b0:	f003 fff4 	bl	1000439c <__wrap_printf>
100003b4:	2100      	movs	r1, #0
100003b6:	1c38      	adds	r0, r7, #0
100003b8:	f002 f8e6 	bl	10002588 <__wrap___aeabi_fcmpgt>
100003bc:	2800      	cmp	r0, #0
100003be:	d008      	beq.n	100003d2 <main+0x6a>
100003c0:	2101      	movs	r1, #1
100003c2:	2000      	movs	r0, #0
100003c4:	f006 fbd8 	bl	10006b78 <cyw43_arch_gpio_put>
100003c8:	20fa      	movs	r0, #250	@ 0xfa
100003ca:	0080      	lsls	r0, r0, #2
100003cc:	f001 f87e 	bl	100014cc <sleep_ms>
100003d0:	e7d0      	b.n	10000374 <main+0xc>
100003d2:	2100      	movs	r1, #0
100003d4:	2000      	movs	r0, #0
100003d6:	f006 fbcf 	bl	10006b78 <cyw43_arch_gpio_put>
100003da:	e7f5      	b.n	100003c8 <main+0x60>
100003dc:	4004e000 	.word	0x4004e000
100003e0:	1000aa80 	.word	0x1000aa80
100003e4:	4004c000 	.word	0x4004c000
100003e8:	3a533333 	.word	0x3a533333
100003ec:	3f34bc6a 	.word	0x3f34bc6a
100003f0:	3ae1932d 	.word	0x3ae1932d
100003f4:	41d80000 	.word	0x41d80000

100003f8 <gpio_set_function>:
100003f8:	4a09      	ldr	r2, [pc, #36]	@ (10000420 <gpio_set_function+0x28>)
100003fa:	0083      	lsls	r3, r0, #2
100003fc:	189a      	adds	r2, r3, r2
100003fe:	b510      	push	{r4, lr}
10000400:	6814      	ldr	r4, [r2, #0]
10000402:	2240      	movs	r2, #64	@ 0x40
10000404:	4054      	eors	r4, r2
10000406:	3280      	adds	r2, #128	@ 0x80
10000408:	4022      	ands	r2, r4
1000040a:	4c06      	ldr	r4, [pc, #24]	@ (10000424 <gpio_set_function+0x2c>)
1000040c:	00c0      	lsls	r0, r0, #3
1000040e:	46a4      	mov	ip, r4
10000410:	4463      	add	r3, ip
10000412:	601a      	str	r2, [r3, #0]
10000414:	4b04      	ldr	r3, [pc, #16]	@ (10000428 <gpio_set_function+0x30>)
10000416:	469c      	mov	ip, r3
10000418:	4460      	add	r0, ip
1000041a:	6041      	str	r1, [r0, #4]
1000041c:	bd10      	pop	{r4, pc}
1000041e:	46c0      	nop			@ (mov r8, r8)
10000420:	4001c004 	.word	0x4001c004
10000424:	4001d004 	.word	0x4001d004
10000428:	40014000 	.word	0x40014000

1000042c <gpio_set_pulls>:
1000042c:	4b07      	ldr	r3, [pc, #28]	@ (1000044c <gpio_set_pulls+0x20>)
1000042e:	0080      	lsls	r0, r0, #2
10000430:	18c3      	adds	r3, r0, r3
10000432:	681b      	ldr	r3, [r3, #0]
10000434:	00c9      	lsls	r1, r1, #3
10000436:	0092      	lsls	r2, r2, #2
10000438:	430a      	orrs	r2, r1
1000043a:	405a      	eors	r2, r3
1000043c:	230c      	movs	r3, #12
1000043e:	4013      	ands	r3, r2
10000440:	4a03      	ldr	r2, [pc, #12]	@ (10000450 <gpio_set_pulls+0x24>)
10000442:	4694      	mov	ip, r2
10000444:	4460      	add	r0, ip
10000446:	6003      	str	r3, [r0, #0]
10000448:	4770      	bx	lr
1000044a:	46c0      	nop			@ (mov r8, r8)
1000044c:	4001c004 	.word	0x4001c004
10000450:	4001d004 	.word	0x4001d004

10000454 <gpio_set_input_hysteresis_enabled>:
10000454:	0080      	lsls	r0, r0, #2
10000456:	2900      	cmp	r1, #0
10000458:	d005      	beq.n	10000466 <gpio_set_input_hysteresis_enabled+0x12>
1000045a:	4b06      	ldr	r3, [pc, #24]	@ (10000474 <gpio_set_input_hysteresis_enabled+0x20>)
1000045c:	469c      	mov	ip, r3
1000045e:	2302      	movs	r3, #2
10000460:	4460      	add	r0, ip
10000462:	6003      	str	r3, [r0, #0]
10000464:	4770      	bx	lr
10000466:	4b04      	ldr	r3, [pc, #16]	@ (10000478 <gpio_set_input_hysteresis_enabled+0x24>)
10000468:	469c      	mov	ip, r3
1000046a:	2302      	movs	r3, #2
1000046c:	4460      	add	r0, ip
1000046e:	6003      	str	r3, [r0, #0]
10000470:	e7f8      	b.n	10000464 <gpio_set_input_hysteresis_enabled+0x10>
10000472:	46c0      	nop			@ (mov r8, r8)
10000474:	4001e004 	.word	0x4001e004
10000478:	4001f004 	.word	0x4001f004

1000047c <gpio_set_irq_enabled>:
1000047c:	23d0      	movs	r3, #208	@ 0xd0
1000047e:	061b      	lsls	r3, r3, #24
10000480:	681b      	ldr	r3, [r3, #0]
10000482:	b530      	push	{r4, r5, lr}
10000484:	0005      	movs	r5, r0
10000486:	4258      	negs	r0, r3
10000488:	4143      	adcs	r3, r0
1000048a:	202f      	movs	r0, #47	@ 0x2f
1000048c:	425b      	negs	r3, r3
1000048e:	4383      	bics	r3, r0
10000490:	480e      	ldr	r0, [pc, #56]	@ (100004cc <gpio_set_irq_enabled+0x50>)
10000492:	08ec      	lsrs	r4, r5, #3
10000494:	4684      	mov	ip, r0
10000496:	2007      	movs	r0, #7
10000498:	4028      	ands	r0, r5
1000049a:	0080      	lsls	r0, r0, #2
1000049c:	4081      	lsls	r1, r0
1000049e:	0020      	movs	r0, r4
100004a0:	4d0b      	ldr	r5, [pc, #44]	@ (100004d0 <gpio_set_irq_enabled+0x54>)
100004a2:	303c      	adds	r0, #60	@ 0x3c
100004a4:	4463      	add	r3, ip
100004a6:	0080      	lsls	r0, r0, #2
100004a8:	00a4      	lsls	r4, r4, #2
100004aa:	5141      	str	r1, [r0, r5]
100004ac:	191b      	adds	r3, r3, r4
100004ae:	2a00      	cmp	r2, #0
100004b0:	d005      	beq.n	100004be <gpio_set_irq_enabled+0x42>
100004b2:	2280      	movs	r2, #128	@ 0x80
100004b4:	0192      	lsls	r2, r2, #6
100004b6:	4694      	mov	ip, r2
100004b8:	4463      	add	r3, ip
100004ba:	6019      	str	r1, [r3, #0]
100004bc:	bd30      	pop	{r4, r5, pc}
100004be:	22c0      	movs	r2, #192	@ 0xc0
100004c0:	0192      	lsls	r2, r2, #6
100004c2:	4694      	mov	ip, r2
100004c4:	4463      	add	r3, ip
100004c6:	6019      	str	r1, [r3, #0]
100004c8:	e7f8      	b.n	100004bc <gpio_set_irq_enabled+0x40>
100004ca:	46c0      	nop			@ (mov r8, r8)
100004cc:	40014130 	.word	0x40014130
100004d0:	40014000 	.word	0x40014000

100004d4 <gpio_add_raw_irq_handler_with_order_priority_masked>:
100004d4:	23d0      	movs	r3, #208	@ 0xd0
100004d6:	b5f0      	push	{r4, r5, r6, r7, lr}
100004d8:	46c6      	mov	lr, r8
100004da:	061b      	lsls	r3, r3, #24
100004dc:	4698      	mov	r8, r3
100004de:	681b      	ldr	r3, [r3, #0]
100004e0:	4f0c      	ldr	r7, [pc, #48]	@ (10000514 <gpio_add_raw_irq_handler_with_order_priority_masked+0x40>)
100004e2:	009b      	lsls	r3, r3, #2
100004e4:	0016      	movs	r6, r2
100004e6:	58fa      	ldr	r2, [r7, r3]
100004e8:	0004      	movs	r4, r0
100004ea:	000d      	movs	r5, r1
100004ec:	b500      	push	{lr}
100004ee:	4210      	tst	r0, r2
100004f0:	d109      	bne.n	10000506 <gpio_add_raw_irq_handler_with_order_priority_masked+0x32>
100004f2:	0029      	movs	r1, r5
100004f4:	4314      	orrs	r4, r2
100004f6:	200d      	movs	r0, #13
100004f8:	0032      	movs	r2, r6
100004fa:	50fc      	str	r4, [r7, r3]
100004fc:	f000 f992 	bl	10000824 <irq_add_shared_handler>
10000500:	bc80      	pop	{r7}
10000502:	46b8      	mov	r8, r7
10000504:	bdf0      	pop	{r4, r5, r6, r7, pc}
10000506:	f001 fb07 	bl	10001b18 <hard_assertion_failure>
1000050a:	4643      	mov	r3, r8
1000050c:	681b      	ldr	r3, [r3, #0]
1000050e:	009b      	lsls	r3, r3, #2
10000510:	58fa      	ldr	r2, [r7, r3]
10000512:	e7ee      	b.n	100004f2 <gpio_add_raw_irq_handler_with_order_priority_masked+0x1e>
10000514:	20002b30 	.word	0x20002b30

10000518 <gpio_remove_raw_irq_handler_masked>:
10000518:	b510      	push	{r4, lr}
1000051a:	0004      	movs	r4, r0
1000051c:	200d      	movs	r0, #13
1000051e:	f000 fa7b 	bl	10000a18 <irq_remove_handler>
10000522:	23d0      	movs	r3, #208	@ 0xd0
10000524:	061b      	lsls	r3, r3, #24
10000526:	681b      	ldr	r3, [r3, #0]
10000528:	4902      	ldr	r1, [pc, #8]	@ (10000534 <gpio_remove_raw_irq_handler_masked+0x1c>)
1000052a:	009b      	lsls	r3, r3, #2
1000052c:	585a      	ldr	r2, [r3, r1]
1000052e:	43a2      	bics	r2, r4
10000530:	505a      	str	r2, [r3, r1]
10000532:	bd10      	pop	{r4, pc}
10000534:	20002b30 	.word	0x20002b30

10000538 <gpio_init>:
10000538:	2301      	movs	r3, #1
1000053a:	22d0      	movs	r2, #208	@ 0xd0
1000053c:	4083      	lsls	r3, r0
1000053e:	0612      	lsls	r2, r2, #24
10000540:	6293      	str	r3, [r2, #40]	@ 0x28
10000542:	6193      	str	r3, [r2, #24]
10000544:	4a09      	ldr	r2, [pc, #36]	@ (1000056c <gpio_init+0x34>)
10000546:	0083      	lsls	r3, r0, #2
10000548:	189a      	adds	r2, r3, r2
1000054a:	6811      	ldr	r1, [r2, #0]
1000054c:	2240      	movs	r2, #64	@ 0x40
1000054e:	4051      	eors	r1, r2
10000550:	3280      	adds	r2, #128	@ 0x80
10000552:	400a      	ands	r2, r1
10000554:	4906      	ldr	r1, [pc, #24]	@ (10000570 <gpio_init+0x38>)
10000556:	00c0      	lsls	r0, r0, #3
10000558:	468c      	mov	ip, r1
1000055a:	4463      	add	r3, ip
1000055c:	601a      	str	r2, [r3, #0]
1000055e:	4b05      	ldr	r3, [pc, #20]	@ (10000574 <gpio_init+0x3c>)
10000560:	469c      	mov	ip, r3
10000562:	2305      	movs	r3, #5
10000564:	4460      	add	r0, ip
10000566:	6043      	str	r3, [r0, #4]
10000568:	4770      	bx	lr
1000056a:	46c0      	nop			@ (mov r8, r8)
1000056c:	4001c004 	.word	0x4001c004
10000570:	4001d004 	.word	0x4001d004
10000574:	40014000 	.word	0x40014000

10000578 <rp2040_chip_version>:
10000578:	2380      	movs	r3, #128	@ 0x80
1000057a:	05db      	lsls	r3, r3, #23
1000057c:	6818      	ldr	r0, [r3, #0]
1000057e:	0f00      	lsrs	r0, r0, #28
10000580:	4770      	bx	lr
10000582:	46c0      	nop			@ (mov r8, r8)

10000584 <panic>:
10000584:	b40f      	push	{r0, r1, r2, r3}
10000586:	b500      	push	{lr}
10000588:	4808      	ldr	r0, [pc, #32]	@ (100005ac <panic+0x28>)
1000058a:	b083      	sub	sp, #12
1000058c:	f003 fe82 	bl	10004294 <__wrap_puts>
10000590:	9b04      	ldr	r3, [sp, #16]
10000592:	2b00      	cmp	r3, #0
10000594:	d007      	beq.n	100005a6 <panic+0x22>
10000596:	a905      	add	r1, sp, #20
10000598:	0018      	movs	r0, r3
1000059a:	9101      	str	r1, [sp, #4]
1000059c:	f003 fcd0 	bl	10003f40 <weak_raw_vprintf>
100005a0:	4803      	ldr	r0, [pc, #12]	@ (100005b0 <panic+0x2c>)
100005a2:	f003 fe77 	bl	10004294 <__wrap_puts>
100005a6:	2001      	movs	r0, #1
100005a8:	f003 fce2 	bl	10003f70 <_exit>
100005ac:	1000aa90 	.word	0x1000aa90
100005b0:	1000accc 	.word	0x1000accc

100005b4 <hw_claim_lock>:
100005b4:	f3ef 8010 	mrs	r0, PRIMASK
100005b8:	b672      	cpsid	i
100005ba:	4a03      	ldr	r2, [pc, #12]	@ (100005c8 <hw_claim_lock+0x14>)
100005bc:	6813      	ldr	r3, [r2, #0]
100005be:	2b00      	cmp	r3, #0
100005c0:	d0fc      	beq.n	100005bc <hw_claim_lock+0x8>
100005c2:	f3bf 8f5f 	dmb	sy
100005c6:	4770      	bx	lr
100005c8:	d000012c 	.word	0xd000012c

100005cc <hw_claim_unlock>:
100005cc:	f3bf 8f5f 	dmb	sy
100005d0:	2200      	movs	r2, #0
100005d2:	4b02      	ldr	r3, [pc, #8]	@ (100005dc <hw_claim_unlock+0x10>)
100005d4:	601a      	str	r2, [r3, #0]
100005d6:	f380 8810 	msr	PRIMASK, r0
100005da:	4770      	bx	lr
100005dc:	d000012c 	.word	0xd000012c

100005e0 <hw_claim_or_assert>:
100005e0:	b570      	push	{r4, r5, r6, lr}
100005e2:	f3ef 8c10 	mrs	ip, PRIMASK
100005e6:	b672      	cpsid	i
100005e8:	4d0d      	ldr	r5, [pc, #52]	@ (10000620 <hw_claim_or_assert+0x40>)
100005ea:	682b      	ldr	r3, [r5, #0]
100005ec:	2b00      	cmp	r3, #0
100005ee:	d0fc      	beq.n	100005ea <hw_claim_or_assert+0xa>
100005f0:	f3bf 8f5f 	dmb	sy
100005f4:	2407      	movs	r4, #7
100005f6:	08cb      	lsrs	r3, r1, #3
100005f8:	18c6      	adds	r6, r0, r3
100005fa:	5cc0      	ldrb	r0, [r0, r3]
100005fc:	2301      	movs	r3, #1
100005fe:	400c      	ands	r4, r1
10000600:	40a3      	lsls	r3, r4
10000602:	001c      	movs	r4, r3
10000604:	4004      	ands	r4, r0
10000606:	4203      	tst	r3, r0
10000608:	d107      	bne.n	1000061a <hw_claim_or_assert+0x3a>
1000060a:	4318      	orrs	r0, r3
1000060c:	7030      	strb	r0, [r6, #0]
1000060e:	f3bf 8f5f 	dmb	sy
10000612:	602c      	str	r4, [r5, #0]
10000614:	f38c 8810 	msr	PRIMASK, ip
10000618:	bd70      	pop	{r4, r5, r6, pc}
1000061a:	0010      	movs	r0, r2
1000061c:	f7ff ffb2 	bl	10000584 <panic>
10000620:	d000012c 	.word	0xd000012c

10000624 <hw_claim_unused_from_range>:
10000624:	b5f8      	push	{r3, r4, r5, r6, r7, lr}
10000626:	4647      	mov	r7, r8
10000628:	46ce      	mov	lr, r9
1000062a:	4688      	mov	r8, r1
1000062c:	b580      	push	{r7, lr}
1000062e:	f3ef 8c10 	mrs	ip, PRIMASK
10000632:	b672      	cpsid	i
10000634:	4d1c      	ldr	r5, [pc, #112]	@ (100006a8 <hw_claim_unused_from_range+0x84>)
10000636:	682c      	ldr	r4, [r5, #0]
10000638:	2c00      	cmp	r4, #0
1000063a:	d0fc      	beq.n	10000636 <hw_claim_unused_from_range+0x12>
1000063c:	f3bf 8f5f 	dmb	sy
10000640:	429a      	cmp	r2, r3
10000642:	d822      	bhi.n	1000068a <hw_claim_unused_from_range+0x66>
10000644:	2107      	movs	r1, #7
10000646:	2601      	movs	r6, #1
10000648:	4689      	mov	r9, r1
1000064a:	e002      	b.n	10000652 <hw_claim_unused_from_range+0x2e>
1000064c:	3201      	adds	r2, #1
1000064e:	4293      	cmp	r3, r2
10000650:	d318      	bcc.n	10000684 <hw_claim_unused_from_range+0x60>
10000652:	464d      	mov	r5, r9
10000654:	0037      	movs	r7, r6
10000656:	4015      	ands	r5, r2
10000658:	40af      	lsls	r7, r5
1000065a:	08d4      	lsrs	r4, r2, #3
1000065c:	1901      	adds	r1, r0, r4
1000065e:	5d04      	ldrb	r4, [r0, r4]
10000660:	4227      	tst	r7, r4
10000662:	d1f3      	bne.n	1000064c <hw_claim_unused_from_range+0x28>
10000664:	0010      	movs	r0, r2
10000666:	433c      	orrs	r4, r7
10000668:	700c      	strb	r4, [r1, #0]
1000066a:	f3bf 8f5f 	dmb	sy
1000066e:	2200      	movs	r2, #0
10000670:	4b0d      	ldr	r3, [pc, #52]	@ (100006a8 <hw_claim_unused_from_range+0x84>)
10000672:	601a      	str	r2, [r3, #0]
10000674:	f38c 8810 	msr	PRIMASK, ip
10000678:	2800      	cmp	r0, #0
1000067a:	db0e      	blt.n	1000069a <hw_claim_unused_from_range+0x76>
1000067c:	bcc0      	pop	{r6, r7}
1000067e:	46b9      	mov	r9, r7
10000680:	46b0      	mov	r8, r6
10000682:	bdf8      	pop	{r3, r4, r5, r6, r7, pc}
10000684:	2001      	movs	r0, #1
10000686:	4240      	negs	r0, r0
10000688:	e7ef      	b.n	1000066a <hw_claim_unused_from_range+0x46>
1000068a:	f3bf 8f5f 	dmb	sy
1000068e:	2300      	movs	r3, #0
10000690:	602b      	str	r3, [r5, #0]
10000692:	f38c 8810 	msr	PRIMASK, ip
10000696:	2001      	movs	r0, #1
10000698:	4240      	negs	r0, r0
1000069a:	4643      	mov	r3, r8
1000069c:	2b00      	cmp	r3, #0
1000069e:	d0ed      	beq.n	1000067c <hw_claim_unused_from_range+0x58>
100006a0:	9808      	ldr	r0, [sp, #32]
100006a2:	f7ff ff6f 	bl	10000584 <panic>
100006a6:	46c0      	nop			@ (mov r8, r8)
100006a8:	d000012c 	.word	0xd000012c

100006ac <hw_claim_clear>:
100006ac:	b530      	push	{r4, r5, lr}
100006ae:	f3ef 8c10 	mrs	ip, PRIMASK
100006b2:	b672      	cpsid	i
100006b4:	4c0a      	ldr	r4, [pc, #40]	@ (100006e0 <hw_claim_clear+0x34>)
100006b6:	6823      	ldr	r3, [r4, #0]
100006b8:	2b00      	cmp	r3, #0
100006ba:	d0fc      	beq.n	100006b6 <hw_claim_clear+0xa>
100006bc:	f3bf 8f5f 	dmb	sy
100006c0:	2307      	movs	r3, #7
100006c2:	2201      	movs	r2, #1
100006c4:	400b      	ands	r3, r1
100006c6:	409a      	lsls	r2, r3
100006c8:	08cd      	lsrs	r5, r1, #3
100006ca:	5d43      	ldrb	r3, [r0, r5]
100006cc:	4393      	bics	r3, r2
100006ce:	5543      	strb	r3, [r0, r5]
100006d0:	f3bf 8f5f 	dmb	sy
100006d4:	2300      	movs	r3, #0
100006d6:	6023      	str	r3, [r4, #0]
100006d8:	f38c 8810 	msr	PRIMASK, ip
100006dc:	bd30      	pop	{r4, r5, pc}
100006de:	46c0      	nop			@ (mov r8, r8)
100006e0:	d000012c 	.word	0xd000012c

100006e4 <next_striped_spin_lock_num>:
100006e4:	4a04      	ldr	r2, [pc, #16]	@ (100006f8 <next_striped_spin_lock_num+0x14>)
100006e6:	7810      	ldrb	r0, [r2, #0]
100006e8:	1c43      	adds	r3, r0, #1
100006ea:	b2db      	uxtb	r3, r3
100006ec:	2b17      	cmp	r3, #23
100006ee:	d900      	bls.n	100006f2 <next_striped_spin_lock_num+0xe>
100006f0:	2310      	movs	r3, #16
100006f2:	7013      	strb	r3, [r2, #0]
100006f4:	4770      	bx	lr
100006f6:	46c0      	nop			@ (mov r8, r8)
100006f8:	20001178 	.word	0x20001178

100006fc <spin_lock_claim_unused>:
100006fc:	b510      	push	{r4, lr}
100006fe:	4b06      	ldr	r3, [pc, #24]	@ (10000718 <spin_lock_claim_unused+0x1c>)
10000700:	4c06      	ldr	r4, [pc, #24]	@ (1000071c <spin_lock_claim_unused+0x20>)
10000702:	b082      	sub	sp, #8
10000704:	0001      	movs	r1, r0
10000706:	9300      	str	r3, [sp, #0]
10000708:	2218      	movs	r2, #24
1000070a:	231f      	movs	r3, #31
1000070c:	0020      	movs	r0, r4
1000070e:	f7ff ff89 	bl	10000624 <hw_claim_unused_from_range>
10000712:	b002      	add	sp, #8
10000714:	bd10      	pop	{r4, pc}
10000716:	46c0      	nop			@ (mov r8, r8)
10000718:	1000aaa0 	.word	0x1000aaa0
1000071c:	20001dbc 	.word	0x20001dbc

10000720 <spin_locks_reset>:
10000720:	2100      	movs	r1, #0
10000722:	4b04      	ldr	r3, [pc, #16]	@ (10000734 <spin_locks_reset+0x14>)
10000724:	4a04      	ldr	r2, [pc, #16]	@ (10000738 <spin_locks_reset+0x18>)
10000726:	f3bf 8f5f 	dmb	sy
1000072a:	c302      	stmia	r3!, {r1}
1000072c:	4293      	cmp	r3, r2
1000072e:	d1fa      	bne.n	10000726 <spin_locks_reset+0x6>
10000730:	4770      	bx	lr
10000732:	46c0      	nop			@ (mov r8, r8)
10000734:	d0000100 	.word	0xd0000100
10000738:	d0000180 	.word	0xd0000180

1000073c <runtime_init_per_core_irq_priorities>:
1000073c:	4b05      	ldr	r3, [pc, #20]	@ (10000754 <runtime_init_per_core_irq_priorities+0x18>)
1000073e:	4a06      	ldr	r2, [pc, #24]	@ (10000758 <runtime_init_per_core_irq_priorities+0x1c>)
10000740:	6013      	str	r3, [r2, #0]
10000742:	4a06      	ldr	r2, [pc, #24]	@ (1000075c <runtime_init_per_core_irq_priorities+0x20>)
10000744:	6013      	str	r3, [r2, #0]
10000746:	6053      	str	r3, [r2, #4]
10000748:	6093      	str	r3, [r2, #8]
1000074a:	60d3      	str	r3, [r2, #12]
1000074c:	6113      	str	r3, [r2, #16]
1000074e:	6153      	str	r3, [r2, #20]
10000750:	6193      	str	r3, [r2, #24]
10000752:	4770      	bx	lr
10000754:	80808080 	.word	0x80808080
10000758:	e000e400 	.word	0xe000e400
1000075c:	e000e404 	.word	0xe000e404

10000760 <irq_set_enabled>:
10000760:	231f      	movs	r3, #31
10000762:	4018      	ands	r0, r3
10000764:	3b1e      	subs	r3, #30
10000766:	4083      	lsls	r3, r0
10000768:	2900      	cmp	r1, #0
1000076a:	d005      	beq.n	10000778 <irq_set_enabled+0x18>
1000076c:	21c0      	movs	r1, #192	@ 0xc0
1000076e:	4a04      	ldr	r2, [pc, #16]	@ (10000780 <irq_set_enabled+0x20>)
10000770:	0049      	lsls	r1, r1, #1
10000772:	5053      	str	r3, [r2, r1]
10000774:	6013      	str	r3, [r2, #0]
10000776:	4770      	bx	lr
10000778:	2280      	movs	r2, #128	@ 0x80
1000077a:	4901      	ldr	r1, [pc, #4]	@ (10000780 <irq_set_enabled+0x20>)
1000077c:	508b      	str	r3, [r1, r2]
1000077e:	e7fa      	b.n	10000776 <irq_set_enabled+0x16>
10000780:	e000e100 	.word	0xe000e100

10000784 <irq_is_enabled>:
10000784:	2201      	movs	r2, #1
10000786:	4082      	lsls	r2, r0
10000788:	4b03      	ldr	r3, [pc, #12]	@ (10000798 <irq_is_enabled+0x14>)
1000078a:	681b      	ldr	r3, [r3, #0]
1000078c:	4013      	ands	r3, r2
1000078e:	1e5a      	subs	r2, r3, #1
10000790:	4193      	sbcs	r3, r2
10000792:	b2d8      	uxtb	r0, r3
10000794:	4770      	bx	lr
10000796:	46c0      	nop			@ (mov r8, r8)
10000798:	e000e100 	.word	0xe000e100

1000079c <irq_set_pending>:
1000079c:	2301      	movs	r3, #1
1000079e:	4083      	lsls	r3, r0
100007a0:	4a01      	ldr	r2, [pc, #4]	@ (100007a8 <irq_set_pending+0xc>)
100007a2:	6013      	str	r3, [r2, #0]
100007a4:	4770      	bx	lr
100007a6:	46c0      	nop			@ (mov r8, r8)
100007a8:	e000e200 	.word	0xe000e200

100007ac <irq_has_shared_handler>:
100007ac:	4b06      	ldr	r3, [pc, #24]	@ (100007c8 <irq_has_shared_handler+0x1c>)
100007ae:	3010      	adds	r0, #16
100007b0:	689b      	ldr	r3, [r3, #8]
100007b2:	0080      	lsls	r0, r0, #2
100007b4:	58c3      	ldr	r3, [r0, r3]
100007b6:	4a05      	ldr	r2, [pc, #20]	@ (100007cc <irq_has_shared_handler+0x20>)
100007b8:	2000      	movs	r0, #0
100007ba:	1a9b      	subs	r3, r3, r2
100007bc:	222f      	movs	r2, #47	@ 0x2f
100007be:	429a      	cmp	r2, r3
100007c0:	4140      	adcs	r0, r0
100007c2:	b2c0      	uxtb	r0, r0
100007c4:	4770      	bx	lr
100007c6:	46c0      	nop			@ (mov r8, r8)
100007c8:	e000ed00 	.word	0xe000ed00
100007cc:	2000117c 	.word	0x2000117c

100007d0 <irq_set_exclusive_handler>:
100007d0:	b570      	push	{r4, r5, r6, lr}
100007d2:	000d      	movs	r5, r1
100007d4:	f3ef 8610 	mrs	r6, PRIMASK
100007d8:	b672      	cpsid	i
100007da:	4a0f      	ldr	r2, [pc, #60]	@ (10000818 <irq_set_exclusive_handler+0x48>)
100007dc:	6813      	ldr	r3, [r2, #0]
100007de:	2b00      	cmp	r3, #0
100007e0:	d0fc      	beq.n	100007dc <irq_set_exclusive_handler+0xc>
100007e2:	f3bf 8f5f 	dmb	sy
100007e6:	4b0d      	ldr	r3, [pc, #52]	@ (1000081c <irq_set_exclusive_handler+0x4c>)
100007e8:	3010      	adds	r0, #16
100007ea:	689b      	ldr	r3, [r3, #8]
100007ec:	0084      	lsls	r4, r0, #2
100007ee:	591b      	ldr	r3, [r3, r4]
100007f0:	4a0b      	ldr	r2, [pc, #44]	@ (10000820 <irq_set_exclusive_handler+0x50>)
100007f2:	4293      	cmp	r3, r2
100007f4:	d003      	beq.n	100007fe <irq_set_exclusive_handler+0x2e>
100007f6:	429d      	cmp	r5, r3
100007f8:	d001      	beq.n	100007fe <irq_set_exclusive_handler+0x2e>
100007fa:	f001 f98d 	bl	10001b18 <hard_assertion_failure>
100007fe:	4b07      	ldr	r3, [pc, #28]	@ (1000081c <irq_set_exclusive_handler+0x4c>)
10000800:	689b      	ldr	r3, [r3, #8]
10000802:	511d      	str	r5, [r3, r4]
10000804:	f3bf 8f5f 	dmb	sy
10000808:	f3bf 8f5f 	dmb	sy
1000080c:	2200      	movs	r2, #0
1000080e:	4b02      	ldr	r3, [pc, #8]	@ (10000818 <irq_set_exclusive_handler+0x48>)
10000810:	601a      	str	r2, [r3, #0]
10000812:	f386 8810 	msr	PRIMASK, r6
10000816:	bd70      	pop	{r4, r5, r6, pc}
10000818:	d0000124 	.word	0xd0000124
1000081c:	e000ed00 	.word	0xe000ed00
10000820:	100001c1 	.word	0x100001c1

10000824 <irq_add_shared_handler>:
10000824:	b5f0      	push	{r4, r5, r6, r7, lr}
10000826:	4657      	mov	r7, sl
10000828:	464e      	mov	r6, r9
1000082a:	46de      	mov	lr, fp
1000082c:	4645      	mov	r5, r8
1000082e:	b5e0      	push	{r5, r6, r7, lr}
10000830:	b085      	sub	sp, #20
10000832:	0006      	movs	r6, r0
10000834:	9100      	str	r1, [sp, #0]
10000836:	0017      	movs	r7, r2
10000838:	f3ef 8b10 	mrs	fp, PRIMASK
1000083c:	b672      	cpsid	i
1000083e:	4a6a      	ldr	r2, [pc, #424]	@ (100009e8 <irq_add_shared_handler+0x1c4>)
10000840:	6813      	ldr	r3, [r2, #0]
10000842:	2b00      	cmp	r3, #0
10000844:	d0fc      	beq.n	10000840 <irq_add_shared_handler+0x1c>
10000846:	f3bf 8f5f 	dmb	sy
1000084a:	2500      	movs	r5, #0
1000084c:	4b67      	ldr	r3, [pc, #412]	@ (100009ec <irq_add_shared_handler+0x1c8>)
1000084e:	575d      	ldrsb	r5, [r3, r5]
10000850:	469a      	mov	sl, r3
10000852:	2d00      	cmp	r5, #0
10000854:	da00      	bge.n	10000858 <irq_add_shared_handler+0x34>
10000856:	e0a9      	b.n	100009ac <irq_add_shared_handler+0x188>
10000858:	006b      	lsls	r3, r5, #1
1000085a:	4c65      	ldr	r4, [pc, #404]	@ (100009f0 <irq_add_shared_handler+0x1cc>)
1000085c:	9301      	str	r3, [sp, #4]
1000085e:	195b      	adds	r3, r3, r5
10000860:	009b      	lsls	r3, r3, #2
10000862:	4698      	mov	r8, r3
10000864:	46a1      	mov	r9, r4
10000866:	44c1      	add	r9, r8
10000868:	464b      	mov	r3, r9
1000086a:	4652      	mov	r2, sl
1000086c:	799b      	ldrb	r3, [r3, #6]
1000086e:	3610      	adds	r6, #16
10000870:	7013      	strb	r3, [r2, #0]
10000872:	4b60      	ldr	r3, [pc, #384]	@ (100009f4 <irq_add_shared_handler+0x1d0>)
10000874:	00b6      	lsls	r6, r6, #2
10000876:	689b      	ldr	r3, [r3, #8]
10000878:	5999      	ldr	r1, [r3, r6]
1000087a:	1b0b      	subs	r3, r1, r4
1000087c:	2b2f      	cmp	r3, #47	@ 0x2f
1000087e:	d933      	bls.n	100008e8 <irq_add_shared_handler+0xc4>
10000880:	4b5d      	ldr	r3, [pc, #372]	@ (100009f8 <irq_add_shared_handler+0x1d4>)
10000882:	4299      	cmp	r1, r3
10000884:	d000      	beq.n	10000888 <irq_add_shared_handler+0x64>
10000886:	e0ac      	b.n	100009e2 <irq_add_shared_handler+0x1be>
10000888:	9b01      	ldr	r3, [sp, #4]
1000088a:	4642      	mov	r2, r8
1000088c:	469c      	mov	ip, r3
1000088e:	4b5b      	ldr	r3, [pc, #364]	@ (100009fc <irq_add_shared_handler+0x1d8>)
10000890:	4465      	add	r5, ip
10000892:	00ad      	lsls	r5, r5, #2
10000894:	5363      	strh	r3, [r4, r5]
10000896:	4b5a      	ldr	r3, [pc, #360]	@ (10000a00 <irq_add_shared_handler+0x1dc>)
10000898:	3202      	adds	r2, #2
1000089a:	18a2      	adds	r2, r4, r2
1000089c:	3b04      	subs	r3, #4
1000089e:	1a9b      	subs	r3, r3, r2
100008a0:	051b      	lsls	r3, r3, #20
100008a2:	4a58      	ldr	r2, [pc, #352]	@ (10000a04 <irq_add_shared_handler+0x1e0>)
100008a4:	0d5b      	lsrs	r3, r3, #21
100008a6:	1965      	adds	r5, r4, r5
100008a8:	4313      	orrs	r3, r2
100008aa:	806b      	strh	r3, [r5, #2]
100008ac:	4b56      	ldr	r3, [pc, #344]	@ (10000a08 <irq_add_shared_handler+0x1e4>)
100008ae:	2101      	movs	r1, #1
100008b0:	80ab      	strh	r3, [r5, #4]
100008b2:	23ff      	movs	r3, #255	@ 0xff
100008b4:	71ab      	strb	r3, [r5, #6]
100008b6:	9b00      	ldr	r3, [sp, #0]
100008b8:	71ef      	strb	r7, [r5, #7]
100008ba:	60ab      	str	r3, [r5, #8]
100008bc:	464b      	mov	r3, r9
100008be:	430b      	orrs	r3, r1
100008c0:	0019      	movs	r1, r3
100008c2:	4b4c      	ldr	r3, [pc, #304]	@ (100009f4 <irq_add_shared_handler+0x1d0>)
100008c4:	689b      	ldr	r3, [r3, #8]
100008c6:	5199      	str	r1, [r3, r6]
100008c8:	f3bf 8f5f 	dmb	sy
100008cc:	f3bf 8f5f 	dmb	sy
100008d0:	2200      	movs	r2, #0
100008d2:	4b45      	ldr	r3, [pc, #276]	@ (100009e8 <irq_add_shared_handler+0x1c4>)
100008d4:	601a      	str	r2, [r3, #0]
100008d6:	f38b 8810 	msr	PRIMASK, fp
100008da:	b005      	add	sp, #20
100008dc:	bcf0      	pop	{r4, r5, r6, r7}
100008de:	46bb      	mov	fp, r7
100008e0:	46b2      	mov	sl, r6
100008e2:	46a9      	mov	r9, r5
100008e4:	46a0      	mov	r8, r4
100008e6:	bdf0      	pop	{r4, r5, r6, r7, pc}
100008e8:	2001      	movs	r0, #1
100008ea:	000a      	movs	r2, r1
100008ec:	4382      	bics	r2, r0
100008ee:	79d3      	ldrb	r3, [r2, #7]
100008f0:	468c      	mov	ip, r1
100008f2:	42bb      	cmp	r3, r7
100008f4:	d831      	bhi.n	1000095a <irq_add_shared_handler+0x136>
100008f6:	4645      	mov	r5, r8
100008f8:	0013      	movs	r3, r2
100008fa:	4944      	ldr	r1, [pc, #272]	@ (10000a0c <irq_add_shared_handler+0x1e8>)
100008fc:	1b1b      	subs	r3, r3, r4
100008fe:	415b      	adcs	r3, r3
10000900:	4359      	muls	r1, r3
10000902:	0d09      	lsrs	r1, r1, #20
10000904:	4b3d      	ldr	r3, [pc, #244]	@ (100009fc <irq_add_shared_handler+0x1d8>)
10000906:	5363      	strh	r3, [r4, r5]
10000908:	4b3d      	ldr	r3, [pc, #244]	@ (10000a00 <irq_add_shared_handler+0x1dc>)
1000090a:	3502      	adds	r5, #2
1000090c:	1965      	adds	r5, r4, r5
1000090e:	3b04      	subs	r3, #4
10000910:	1b5b      	subs	r3, r3, r5
10000912:	051b      	lsls	r3, r3, #20
10000914:	4d3b      	ldr	r5, [pc, #236]	@ (10000a04 <irq_add_shared_handler+0x1e0>)
10000916:	0d5b      	lsrs	r3, r3, #21
10000918:	432b      	orrs	r3, r5
1000091a:	46aa      	mov	sl, r5
1000091c:	464d      	mov	r5, r9
1000091e:	806b      	strh	r3, [r5, #2]
10000920:	2504      	movs	r5, #4
10000922:	46ac      	mov	ip, r5
10000924:	4655      	mov	r5, sl
10000926:	44e0      	add	r8, ip
10000928:	1f13      	subs	r3, r2, #4
1000092a:	4444      	add	r4, r8
1000092c:	1b1b      	subs	r3, r3, r4
1000092e:	051b      	lsls	r3, r3, #20
10000930:	0d5b      	lsrs	r3, r3, #21
10000932:	431d      	orrs	r5, r3
10000934:	464b      	mov	r3, r9
10000936:	7199      	strb	r1, [r3, #6]
10000938:	9900      	ldr	r1, [sp, #0]
1000093a:	809d      	strh	r5, [r3, #4]
1000093c:	6099      	str	r1, [r3, #8]
1000093e:	4649      	mov	r1, r9
10000940:	71df      	strb	r7, [r3, #7]
10000942:	4b33      	ldr	r3, [pc, #204]	@ (10000a10 <irq_add_shared_handler+0x1ec>)
10000944:	4301      	orrs	r1, r0
10000946:	6013      	str	r3, [r2, #0]
10000948:	e7bb      	b.n	100008c2 <irq_add_shared_handler+0x9e>
1000094a:	0058      	lsls	r0, r3, #1
1000094c:	18c0      	adds	r0, r0, r3
1000094e:	0080      	lsls	r0, r0, #2
10000950:	1820      	adds	r0, r4, r0
10000952:	79c1      	ldrb	r1, [r0, #7]
10000954:	42b9      	cmp	r1, r7
10000956:	d92f      	bls.n	100009b8 <irq_add_shared_handler+0x194>
10000958:	0002      	movs	r2, r0
1000095a:	2306      	movs	r3, #6
1000095c:	56d3      	ldrsb	r3, [r2, r3]
1000095e:	2b00      	cmp	r3, #0
10000960:	daf3      	bge.n	1000094a <irq_add_shared_handler+0x126>
10000962:	9302      	str	r3, [sp, #8]
10000964:	4b2b      	ldr	r3, [pc, #172]	@ (10000a14 <irq_add_shared_handler+0x1f0>)
10000966:	4661      	mov	r1, ip
10000968:	9303      	str	r3, [sp, #12]
1000096a:	1d13      	adds	r3, r2, #4
1000096c:	469a      	mov	sl, r3
1000096e:	2304      	movs	r3, #4
10000970:	425b      	negs	r3, r3
10000972:	469c      	mov	ip, r3
10000974:	44e1      	add	r9, ip
10000976:	4650      	mov	r0, sl
10000978:	464b      	mov	r3, r9
1000097a:	1a1b      	subs	r3, r3, r0
1000097c:	051b      	lsls	r3, r3, #20
1000097e:	0d5b      	lsrs	r3, r3, #21
10000980:	469c      	mov	ip, r3
10000982:	4b20      	ldr	r3, [pc, #128]	@ (10000a04 <irq_add_shared_handler+0x1e0>)
10000984:	7195      	strb	r5, [r2, #6]
10000986:	4698      	mov	r8, r3
10000988:	4663      	mov	r3, ip
1000098a:	4640      	mov	r0, r8
1000098c:	4303      	orrs	r3, r0
1000098e:	8093      	strh	r3, [r2, #4]
10000990:	9b01      	ldr	r3, [sp, #4]
10000992:	195a      	adds	r2, r3, r5
10000994:	0092      	lsls	r2, r2, #2
10000996:	9b03      	ldr	r3, [sp, #12]
10000998:	18a4      	adds	r4, r4, r2
1000099a:	80a3      	strh	r3, [r4, #4]
1000099c:	9b02      	ldr	r3, [sp, #8]
1000099e:	4a1c      	ldr	r2, [pc, #112]	@ (10000a10 <irq_add_shared_handler+0x1ec>)
100009a0:	71a3      	strb	r3, [r4, #6]
100009a2:	9b00      	ldr	r3, [sp, #0]
100009a4:	6022      	str	r2, [r4, #0]
100009a6:	71e7      	strb	r7, [r4, #7]
100009a8:	60a3      	str	r3, [r4, #8]
100009aa:	e78a      	b.n	100008c2 <irq_add_shared_handler+0x9e>
100009ac:	f001 f8b4 	bl	10001b18 <hard_assertion_failure>
100009b0:	2500      	movs	r5, #0
100009b2:	4653      	mov	r3, sl
100009b4:	575d      	ldrsb	r5, [r3, r5]
100009b6:	e74f      	b.n	10000858 <irq_add_shared_handler+0x34>
100009b8:	8890      	ldrh	r0, [r2, #4]
100009ba:	9302      	str	r3, [sp, #8]
100009bc:	0540      	lsls	r0, r0, #21
100009be:	1d13      	adds	r3, r2, #4
100009c0:	469a      	mov	sl, r3
100009c2:	1503      	asrs	r3, r0, #20
100009c4:	4661      	mov	r1, ip
100009c6:	469c      	mov	ip, r3
100009c8:	4640      	mov	r0, r8
100009ca:	44d4      	add	ip, sl
100009cc:	4663      	mov	r3, ip
100009ce:	3004      	adds	r0, #4
100009d0:	1820      	adds	r0, r4, r0
100009d2:	1a18      	subs	r0, r3, r0
100009d4:	23e0      	movs	r3, #224	@ 0xe0
100009d6:	0500      	lsls	r0, r0, #20
100009d8:	0d40      	lsrs	r0, r0, #21
100009da:	021b      	lsls	r3, r3, #8
100009dc:	4318      	orrs	r0, r3
100009de:	9003      	str	r0, [sp, #12]
100009e0:	e7c5      	b.n	1000096e <irq_add_shared_handler+0x14a>
100009e2:	f001 f899 	bl	10001b18 <hard_assertion_failure>
100009e6:	e74f      	b.n	10000888 <irq_add_shared_handler+0x64>
100009e8:	d0000124 	.word	0xd0000124
100009ec:	20002c6a 	.word	0x20002c6a
100009f0:	2000117c 	.word	0x2000117c
100009f4:	e000ed00 	.word	0xe000ed00
100009f8:	100001c1 	.word	0x100001c1
100009fc:	ffffa100 	.word	0xffffa100
10000a00:	200011ac 	.word	0x200011ac
10000a04:	ffffe000 	.word	0xffffe000
10000a08:	ffffbd01 	.word	0xffffbd01
10000a0c:	0000aaaa 	.word	0x0000aaaa
10000a10:	47804801 	.word	0x47804801
10000a14:	0000bd01 	.word	0x0000bd01

10000a18 <irq_remove_handler>:
10000a18:	b5f0      	push	{r4, r5, r6, r7, lr}
10000a1a:	46de      	mov	lr, fp
10000a1c:	4657      	mov	r7, sl
10000a1e:	464e      	mov	r6, r9
10000a20:	4645      	mov	r5, r8
10000a22:	b5e0      	push	{r5, r6, r7, lr}
10000a24:	000c      	movs	r4, r1
10000a26:	b083      	sub	sp, #12
10000a28:	f3ef 8810 	mrs	r8, PRIMASK
10000a2c:	b672      	cpsid	i
10000a2e:	4a63      	ldr	r2, [pc, #396]	@ (10000bbc <irq_remove_handler+0x1a4>)
10000a30:	6813      	ldr	r3, [r2, #0]
10000a32:	2b00      	cmp	r3, #0
10000a34:	d0fc      	beq.n	10000a30 <irq_remove_handler+0x18>
10000a36:	f3bf 8f5f 	dmb	sy
10000a3a:	4b61      	ldr	r3, [pc, #388]	@ (10000bc0 <irq_remove_handler+0x1a8>)
10000a3c:	4961      	ldr	r1, [pc, #388]	@ (10000bc4 <irq_remove_handler+0x1ac>)
10000a3e:	689a      	ldr	r2, [r3, #8]
10000a40:	0003      	movs	r3, r0
10000a42:	3310      	adds	r3, #16
10000a44:	009f      	lsls	r7, r3, #2
10000a46:	59d5      	ldr	r5, [r2, r7]
10000a48:	9301      	str	r3, [sp, #4]
10000a4a:	428d      	cmp	r5, r1
10000a4c:	d043      	beq.n	10000ad6 <irq_remove_handler+0xbe>
10000a4e:	42a5      	cmp	r5, r4
10000a50:	d054      	beq.n	10000afc <irq_remove_handler+0xe4>
10000a52:	4e5d      	ldr	r6, [pc, #372]	@ (10000bc8 <irq_remove_handler+0x1b0>)
10000a54:	1baa      	subs	r2, r5, r6
10000a56:	2a2f      	cmp	r2, #47	@ 0x2f
10000a58:	d83d      	bhi.n	10000ad6 <irq_remove_handler+0xbe>
10000a5a:	4b5c      	ldr	r3, [pc, #368]	@ (10000bcc <irq_remove_handler+0x1b4>)
10000a5c:	469b      	mov	fp, r3
10000a5e:	681b      	ldr	r3, [r3, #0]
10000a60:	4699      	mov	r9, r3
10000a62:	2301      	movs	r3, #1
10000a64:	001a      	movs	r2, r3
10000a66:	469c      	mov	ip, r3
10000a68:	4082      	lsls	r2, r0
10000a6a:	464b      	mov	r3, r9
10000a6c:	4013      	ands	r3, r2
10000a6e:	221f      	movs	r2, #31
10000a70:	4699      	mov	r9, r3
10000a72:	4663      	mov	r3, ip
10000a74:	4002      	ands	r2, r0
10000a76:	4093      	lsls	r3, r2
10000a78:	469a      	mov	sl, r3
10000a7a:	2280      	movs	r2, #128	@ 0x80
10000a7c:	465b      	mov	r3, fp
10000a7e:	4650      	mov	r0, sl
10000a80:	5098      	str	r0, [r3, r2]
10000a82:	f3bf 8f5f 	dmb	sy
10000a86:	f3ef 8305 	mrs	r3, IPSR
10000a8a:	469b      	mov	fp, r3
10000a8c:	2b00      	cmp	r3, #0
10000a8e:	d037      	beq.n	10000b00 <irq_remove_handler+0xe8>
10000a90:	9b01      	ldr	r3, [sp, #4]
10000a92:	455b      	cmp	r3, fp
10000a94:	d001      	beq.n	10000a9a <irq_remove_handler+0x82>
10000a96:	f001 f83f 	bl	10001b18 <hard_assertion_failure>
10000a9a:	2301      	movs	r3, #1
10000a9c:	002a      	movs	r2, r5
10000a9e:	439a      	bics	r2, r3
10000aa0:	6890      	ldr	r0, [r2, #8]
10000aa2:	4284      	cmp	r4, r0
10000aa4:	d108      	bne.n	10000ab8 <irq_remove_handler+0xa0>
10000aa6:	e076      	b.n	10000b96 <irq_remove_handler+0x17e>
10000aa8:	004b      	lsls	r3, r1, #1
10000aaa:	185b      	adds	r3, r3, r1
10000aac:	009b      	lsls	r3, r3, #2
10000aae:	18f3      	adds	r3, r6, r3
10000ab0:	6898      	ldr	r0, [r3, #8]
10000ab2:	4284      	cmp	r4, r0
10000ab4:	d036      	beq.n	10000b24 <irq_remove_handler+0x10c>
10000ab6:	001a      	movs	r2, r3
10000ab8:	2106      	movs	r1, #6
10000aba:	5651      	ldrsb	r1, [r2, r1]
10000abc:	2900      	cmp	r1, #0
10000abe:	daf3      	bge.n	10000aa8 <irq_remove_handler+0x90>
10000ac0:	4284      	cmp	r4, r0
10000ac2:	d054      	beq.n	10000b6e <irq_remove_handler+0x156>
10000ac4:	464b      	mov	r3, r9
10000ac6:	2b00      	cmp	r3, #0
10000ac8:	d027      	beq.n	10000b1a <irq_remove_handler+0x102>
10000aca:	22c0      	movs	r2, #192	@ 0xc0
10000acc:	4651      	mov	r1, sl
10000ace:	4b3f      	ldr	r3, [pc, #252]	@ (10000bcc <irq_remove_handler+0x1b4>)
10000ad0:	0052      	lsls	r2, r2, #1
10000ad2:	5099      	str	r1, [r3, r2]
10000ad4:	6019      	str	r1, [r3, #0]
10000ad6:	4b3a      	ldr	r3, [pc, #232]	@ (10000bc0 <irq_remove_handler+0x1a8>)
10000ad8:	689b      	ldr	r3, [r3, #8]
10000ada:	51dd      	str	r5, [r3, r7]
10000adc:	f3bf 8f5f 	dmb	sy
10000ae0:	f3bf 8f5f 	dmb	sy
10000ae4:	2200      	movs	r2, #0
10000ae6:	4b35      	ldr	r3, [pc, #212]	@ (10000bbc <irq_remove_handler+0x1a4>)
10000ae8:	601a      	str	r2, [r3, #0]
10000aea:	f388 8810 	msr	PRIMASK, r8
10000aee:	b003      	add	sp, #12
10000af0:	bcf0      	pop	{r4, r5, r6, r7}
10000af2:	46bb      	mov	fp, r7
10000af4:	46b2      	mov	sl, r6
10000af6:	46a9      	mov	r9, r5
10000af8:	46a0      	mov	r8, r4
10000afa:	bdf0      	pop	{r4, r5, r6, r7, pc}
10000afc:	000d      	movs	r5, r1
10000afe:	e7ea      	b.n	10000ad6 <irq_remove_handler+0xbe>
10000b00:	002a      	movs	r2, r5
10000b02:	4663      	mov	r3, ip
10000b04:	439a      	bics	r2, r3
10000b06:	6890      	ldr	r0, [r2, #8]
10000b08:	4284      	cmp	r4, r0
10000b0a:	d1d5      	bne.n	10000ab8 <irq_remove_handler+0xa0>
10000b0c:	2006      	movs	r0, #6
10000b0e:	5610      	ldrsb	r0, [r2, r0]
10000b10:	0013      	movs	r3, r2
10000b12:	2800      	cmp	r0, #0
10000b14:	da0a      	bge.n	10000b2c <irq_remove_handler+0x114>
10000b16:	000d      	movs	r5, r1
10000b18:	e031      	b.n	10000b7e <irq_remove_handler+0x166>
10000b1a:	2380      	movs	r3, #128	@ 0x80
10000b1c:	4651      	mov	r1, sl
10000b1e:	4a2b      	ldr	r2, [pc, #172]	@ (10000bcc <irq_remove_handler+0x1b4>)
10000b20:	50d1      	str	r1, [r2, r3]
10000b22:	e7d8      	b.n	10000ad6 <irq_remove_handler+0xbe>
10000b24:	2006      	movs	r0, #6
10000b26:	5618      	ldrsb	r0, [r3, r0]
10000b28:	2800      	cmp	r0, #0
10000b2a:	db21      	blt.n	10000b70 <irq_remove_handler+0x158>
10000b2c:	0042      	lsls	r2, r0, #1
10000b2e:	1811      	adds	r1, r2, r0
10000b30:	0089      	lsls	r1, r1, #2
10000b32:	1874      	adds	r4, r6, r1
10000b34:	468b      	mov	fp, r1
10000b36:	68a1      	ldr	r1, [r4, #8]
10000b38:	6099      	str	r1, [r3, #8]
10000b3a:	79e1      	ldrb	r1, [r4, #7]
10000b3c:	71d9      	strb	r1, [r3, #7]
10000b3e:	2106      	movs	r1, #6
10000b40:	5661      	ldrsb	r1, [r4, r1]
10000b42:	7199      	strb	r1, [r3, #6]
10000b44:	2900      	cmp	r1, #0
10000b46:	db24      	blt.n	10000b92 <irq_remove_handler+0x17a>
10000b48:	88a4      	ldrh	r4, [r4, #4]
10000b4a:	1af1      	subs	r1, r6, r3
10000b4c:	0564      	lsls	r4, r4, #21
10000b4e:	1524      	asrs	r4, r4, #20
10000b50:	445c      	add	r4, fp
10000b52:	1909      	adds	r1, r1, r4
10000b54:	0509      	lsls	r1, r1, #20
10000b56:	4c1e      	ldr	r4, [pc, #120]	@ (10000bd0 <irq_remove_handler+0x1b8>)
10000b58:	0d49      	lsrs	r1, r1, #21
10000b5a:	4321      	orrs	r1, r4
10000b5c:	8099      	strh	r1, [r3, #4]
10000b5e:	1813      	adds	r3, r2, r0
10000b60:	4a1c      	ldr	r2, [pc, #112]	@ (10000bd4 <irq_remove_handler+0x1bc>)
10000b62:	009b      	lsls	r3, r3, #2
10000b64:	7811      	ldrb	r1, [r2, #0]
10000b66:	18f3      	adds	r3, r6, r3
10000b68:	7199      	strb	r1, [r3, #6]
10000b6a:	7010      	strb	r0, [r2, #0]
10000b6c:	e7aa      	b.n	10000ac4 <irq_remove_handler+0xac>
10000b6e:	0013      	movs	r3, r2
10000b70:	4659      	mov	r1, fp
10000b72:	2900      	cmp	r1, #0
10000b74:	d114      	bne.n	10000ba0 <irq_remove_handler+0x188>
10000b76:	31ff      	adds	r1, #255	@ 0xff
10000b78:	7191      	strb	r1, [r2, #6]
10000b7a:	4917      	ldr	r1, [pc, #92]	@ (10000bd8 <irq_remove_handler+0x1c0>)
10000b7c:	8091      	strh	r1, [r2, #4]
10000b7e:	4915      	ldr	r1, [pc, #84]	@ (10000bd4 <irq_remove_handler+0x1bc>)
10000b80:	780a      	ldrb	r2, [r1, #0]
10000b82:	719a      	strb	r2, [r3, #6]
10000b84:	4a15      	ldr	r2, [pc, #84]	@ (10000bdc <irq_remove_handler+0x1c4>)
10000b86:	1b9b      	subs	r3, r3, r6
10000b88:	415b      	adcs	r3, r3
10000b8a:	435a      	muls	r2, r3
10000b8c:	0d12      	lsrs	r2, r2, #20
10000b8e:	700a      	strb	r2, [r1, #0]
10000b90:	e798      	b.n	10000ac4 <irq_remove_handler+0xac>
10000b92:	4911      	ldr	r1, [pc, #68]	@ (10000bd8 <irq_remove_handler+0x1c0>)
10000b94:	e7e2      	b.n	10000b5c <irq_remove_handler+0x144>
10000b96:	2006      	movs	r0, #6
10000b98:	5610      	ldrsb	r0, [r2, r0]
10000b9a:	0013      	movs	r3, r2
10000b9c:	2800      	cmp	r0, #0
10000b9e:	dac5      	bge.n	10000b2c <irq_remove_handler+0x114>
10000ba0:	4a0f      	ldr	r2, [pc, #60]	@ (10000be0 <irq_remove_handler+0x1c8>)
10000ba2:	4910      	ldr	r1, [pc, #64]	@ (10000be4 <irq_remove_handler+0x1cc>)
10000ba4:	1ad2      	subs	r2, r2, r3
10000ba6:	3a08      	subs	r2, #8
10000ba8:	0250      	lsls	r0, r2, #9
10000baa:	0d40      	lsrs	r0, r0, #21
10000bac:	4301      	orrs	r1, r0
10000bae:	8099      	strh	r1, [r3, #4]
10000bb0:	490d      	ldr	r1, [pc, #52]	@ (10000be8 <irq_remove_handler+0x1d0>)
10000bb2:	0852      	lsrs	r2, r2, #1
10000bb4:	430a      	orrs	r2, r1
10000bb6:	80da      	strh	r2, [r3, #6]
10000bb8:	e784      	b.n	10000ac4 <irq_remove_handler+0xac>
10000bba:	46c0      	nop			@ (mov r8, r8)
10000bbc:	d0000124 	.word	0xd0000124
10000bc0:	e000ed00 	.word	0xe000ed00
10000bc4:	100001c1 	.word	0x100001c1
10000bc8:	2000117c 	.word	0x2000117c
10000bcc:	e000e100 	.word	0xe000e100
10000bd0:	ffffe000 	.word	0xffffe000
10000bd4:	20002c6a 	.word	0x20002c6a
10000bd8:	ffffbd01 	.word	0xffffbd01
10000bdc:	0000aaaa 	.word	0x0000aaaa
10000be0:	200011b6 	.word	0x200011b6
10000be4:	fffff000 	.word	0xfffff000
10000be8:	fffff800 	.word	0xfffff800

10000bec <irq_set_priority>:
10000bec:	b510      	push	{r4, lr}
10000bee:	0883      	lsrs	r3, r0, #2
10000bf0:	0004      	movs	r4, r0
10000bf2:	2003      	movs	r0, #3
10000bf4:	4020      	ands	r0, r4
10000bf6:	24ff      	movs	r4, #255	@ 0xff
10000bf8:	4a05      	ldr	r2, [pc, #20]	@ (10000c10 <irq_set_priority+0x24>)
10000bfa:	00c0      	lsls	r0, r0, #3
10000bfc:	4694      	mov	ip, r2
10000bfe:	4084      	lsls	r4, r0
10000c00:	4081      	lsls	r1, r0
10000c02:	009b      	lsls	r3, r3, #2
10000c04:	4463      	add	r3, ip
10000c06:	681a      	ldr	r2, [r3, #0]
10000c08:	43a2      	bics	r2, r4
10000c0a:	430a      	orrs	r2, r1
10000c0c:	601a      	str	r2, [r3, #0]
10000c0e:	bd10      	pop	{r4, pc}
10000c10:	e000e400 	.word	0xe000e400

10000c14 <irq_add_tail_to_free_list>:
10000c14:	b570      	push	{r4, r5, r6, lr}
10000c16:	2401      	movs	r4, #1
10000c18:	4304      	orrs	r4, r0
10000c1a:	f3ef 8105 	mrs	r1, IPSR
10000c1e:	f3ef 8c10 	mrs	ip, PRIMASK
10000c22:	b672      	cpsid	i
10000c24:	4a21      	ldr	r2, [pc, #132]	@ (10000cac <irq_add_tail_to_free_list+0x98>)
10000c26:	6813      	ldr	r3, [r2, #0]
10000c28:	2b00      	cmp	r3, #0
10000c2a:	d0fc      	beq.n	10000c26 <irq_add_tail_to_free_list+0x12>
10000c2c:	f3bf 8f5f 	dmb	sy
10000c30:	4b1f      	ldr	r3, [pc, #124]	@ (10000cb0 <irq_add_tail_to_free_list+0x9c>)
10000c32:	0005      	movs	r5, r0
10000c34:	4a1f      	ldr	r2, [pc, #124]	@ (10000cb4 <irq_add_tail_to_free_list+0xa0>)
10000c36:	1aed      	subs	r5, r5, r3
10000c38:	416d      	adcs	r5, r5
10000c3a:	436a      	muls	r2, r5
10000c3c:	0d12      	lsrs	r2, r2, #20
10000c3e:	4d1e      	ldr	r5, [pc, #120]	@ (10000cb8 <irq_add_tail_to_free_list+0xa4>)
10000c40:	0089      	lsls	r1, r1, #2
10000c42:	68ae      	ldr	r6, [r5, #8]
10000c44:	b252      	sxtb	r2, r2
10000c46:	5876      	ldr	r6, [r6, r1]
10000c48:	42a6      	cmp	r6, r4
10000c4a:	d01c      	beq.n	10000c86 <irq_add_tail_to_free_list+0x72>
10000c4c:	2106      	movs	r1, #6
10000c4e:	5659      	ldrsb	r1, [r3, r1]
10000c50:	4291      	cmp	r1, r2
10000c52:	d01c      	beq.n	10000c8e <irq_add_tail_to_free_list+0x7a>
10000c54:	2112      	movs	r1, #18
10000c56:	5659      	ldrsb	r1, [r3, r1]
10000c58:	4291      	cmp	r1, r2
10000c5a:	d022      	beq.n	10000ca2 <irq_add_tail_to_free_list+0x8e>
10000c5c:	211e      	movs	r1, #30
10000c5e:	5659      	ldrsb	r1, [r3, r1]
10000c60:	4291      	cmp	r1, r2
10000c62:	d020      	beq.n	10000ca6 <irq_add_tail_to_free_list+0x92>
10000c64:	212a      	movs	r1, #42	@ 0x2a
10000c66:	5659      	ldrsb	r1, [r3, r1]
10000c68:	2403      	movs	r4, #3
10000c6a:	4291      	cmp	r1, r2
10000c6c:	d010      	beq.n	10000c90 <irq_add_tail_to_free_list+0x7c>
10000c6e:	4b13      	ldr	r3, [pc, #76]	@ (10000cbc <irq_add_tail_to_free_list+0xa8>)
10000c70:	7819      	ldrb	r1, [r3, #0]
10000c72:	701a      	strb	r2, [r3, #0]
10000c74:	7181      	strb	r1, [r0, #6]
10000c76:	f3bf 8f5f 	dmb	sy
10000c7a:	2200      	movs	r2, #0
10000c7c:	4b0b      	ldr	r3, [pc, #44]	@ (10000cac <irq_add_tail_to_free_list+0x98>)
10000c7e:	601a      	str	r2, [r3, #0]
10000c80:	f38c 8810 	msr	PRIMASK, ip
10000c84:	bd70      	pop	{r4, r5, r6, pc}
10000c86:	68ab      	ldr	r3, [r5, #8]
10000c88:	4c0d      	ldr	r4, [pc, #52]	@ (10000cc0 <irq_add_tail_to_free_list+0xac>)
10000c8a:	505c      	str	r4, [r3, r1]
10000c8c:	e7ef      	b.n	10000c6e <irq_add_tail_to_free_list+0x5a>
10000c8e:	2400      	movs	r4, #0
10000c90:	0061      	lsls	r1, r4, #1
10000c92:	1909      	adds	r1, r1, r4
10000c94:	0089      	lsls	r1, r1, #2
10000c96:	185b      	adds	r3, r3, r1
10000c98:	21ff      	movs	r1, #255	@ 0xff
10000c9a:	7199      	strb	r1, [r3, #6]
10000c9c:	4909      	ldr	r1, [pc, #36]	@ (10000cc4 <irq_add_tail_to_free_list+0xb0>)
10000c9e:	8099      	strh	r1, [r3, #4]
10000ca0:	e7e5      	b.n	10000c6e <irq_add_tail_to_free_list+0x5a>
10000ca2:	2401      	movs	r4, #1
10000ca4:	e7f4      	b.n	10000c90 <irq_add_tail_to_free_list+0x7c>
10000ca6:	2402      	movs	r4, #2
10000ca8:	e7f2      	b.n	10000c90 <irq_add_tail_to_free_list+0x7c>
10000caa:	46c0      	nop			@ (mov r8, r8)
10000cac:	d0000124 	.word	0xd0000124
10000cb0:	2000117c 	.word	0x2000117c
10000cb4:	0000aaaa 	.word	0x0000aaaa
10000cb8:	e000ed00 	.word	0xe000ed00
10000cbc:	20002c6a 	.word	0x20002c6a
10000cc0:	100001c1 	.word	0x100001c1
10000cc4:	ffffbd01 	.word	0xffffbd01

10000cc8 <user_irq_unclaim>:
10000cc8:	211f      	movs	r1, #31
10000cca:	b510      	push	{r4, lr}
10000ccc:	1a09      	subs	r1, r1, r0
10000cce:	4802      	ldr	r0, [pc, #8]	@ (10000cd8 <user_irq_unclaim+0x10>)
10000cd0:	f7ff fcec 	bl	100006ac <hw_claim_clear>
10000cd4:	bd10      	pop	{r4, pc}
10000cd6:	46c0      	nop			@ (mov r8, r8)
10000cd8:	20002c6e 	.word	0x20002c6e

10000cdc <user_irq_claim_unused>:
10000cdc:	b510      	push	{r4, lr}
10000cde:	4b08      	ldr	r3, [pc, #32]	@ (10000d00 <user_irq_claim_unused+0x24>)
10000ce0:	4c08      	ldr	r4, [pc, #32]	@ (10000d04 <user_irq_claim_unused+0x28>)
10000ce2:	b082      	sub	sp, #8
10000ce4:	0001      	movs	r1, r0
10000ce6:	9300      	str	r3, [sp, #0]
10000ce8:	2200      	movs	r2, #0
10000cea:	2305      	movs	r3, #5
10000cec:	0020      	movs	r0, r4
10000cee:	f7ff fc99 	bl	10000624 <hw_claim_unused_from_range>
10000cf2:	2800      	cmp	r0, #0
10000cf4:	db01      	blt.n	10000cfa <user_irq_claim_unused+0x1e>
10000cf6:	231f      	movs	r3, #31
10000cf8:	1a18      	subs	r0, r3, r0
10000cfa:	b002      	add	sp, #8
10000cfc:	bd10      	pop	{r4, pc}
10000cfe:	46c0      	nop			@ (mov r8, r8)
10000d00:	1000aabc 	.word	0x1000aabc
10000d04:	20002c6e 	.word	0x20002c6e

10000d08 <sem_init>:
10000d08:	b570      	push	{r4, r5, r6, lr}
10000d0a:	0004      	movs	r4, r0
10000d0c:	000e      	movs	r6, r1
10000d0e:	0015      	movs	r5, r2
10000d10:	f7ff fce8 	bl	100006e4 <next_striped_spin_lock_num>
10000d14:	0001      	movs	r1, r0
10000d16:	0020      	movs	r0, r4
10000d18:	f000 f806 	bl	10000d28 <lock_init>
10000d1c:	80a6      	strh	r6, [r4, #4]
10000d1e:	80e5      	strh	r5, [r4, #6]
10000d20:	f3bf 8f5f 	dmb	sy
10000d24:	bd70      	pop	{r4, r5, r6, pc}
10000d26:	46c0      	nop			@ (mov r8, r8)

10000d28 <lock_init>:
10000d28:	4b02      	ldr	r3, [pc, #8]	@ (10000d34 <lock_init+0xc>)
10000d2a:	469c      	mov	ip, r3
10000d2c:	4461      	add	r1, ip
10000d2e:	0089      	lsls	r1, r1, #2
10000d30:	6001      	str	r1, [r0, #0]
10000d32:	4770      	bx	lr
10000d34:	34000040 	.word	0x34000040

10000d38 <runtime_init_mutex>:
10000d38:	b570      	push	{r4, r5, r6, lr}
10000d3a:	4c11      	ldr	r4, [pc, #68]	@ (10000d80 <runtime_init_mutex+0x48>)
10000d3c:	4d11      	ldr	r5, [pc, #68]	@ (10000d84 <runtime_init_mutex+0x4c>)
10000d3e:	42ac      	cmp	r4, r5
10000d40:	d20f      	bcs.n	10000d62 <runtime_init_mutex+0x2a>
10000d42:	26ff      	movs	r6, #255	@ 0xff
10000d44:	6823      	ldr	r3, [r4, #0]
10000d46:	2b00      	cmp	r3, #0
10000d48:	d00c      	beq.n	10000d64 <runtime_init_mutex+0x2c>
10000d4a:	f7ff fccb 	bl	100006e4 <next_striped_spin_lock_num>
10000d4e:	0001      	movs	r1, r0
10000d50:	0020      	movs	r0, r4
10000d52:	f7ff ffe9 	bl	10000d28 <lock_init>
10000d56:	80a6      	strh	r6, [r4, #4]
10000d58:	f3bf 8f5f 	dmb	sy
10000d5c:	3408      	adds	r4, #8
10000d5e:	42ac      	cmp	r4, r5
10000d60:	d3f0      	bcc.n	10000d44 <runtime_init_mutex+0xc>
10000d62:	bd70      	pop	{r4, r5, r6, pc}
10000d64:	f7ff fcbe 	bl	100006e4 <next_striped_spin_lock_num>
10000d68:	0001      	movs	r1, r0
10000d6a:	0020      	movs	r0, r4
10000d6c:	f7ff ffdc 	bl	10000d28 <lock_init>
10000d70:	7126      	strb	r6, [r4, #4]
10000d72:	f3bf 8f5f 	dmb	sy
10000d76:	3408      	adds	r4, #8
10000d78:	42ac      	cmp	r4, r5
10000d7a:	d3e3      	bcc.n	10000d44 <runtime_init_mutex+0xc>
10000d7c:	e7f1      	b.n	10000d62 <runtime_init_mutex+0x2a>
10000d7e:	46c0      	nop			@ (mov r8, r8)
10000d80:	20001260 	.word	0x20001260
10000d84:	20001268 	.word	0x20001268

10000d88 <mutex_init>:
10000d88:	b510      	push	{r4, lr}
10000d8a:	0004      	movs	r4, r0
10000d8c:	f7ff fcaa 	bl	100006e4 <next_striped_spin_lock_num>
10000d90:	0001      	movs	r1, r0
10000d92:	0020      	movs	r0, r4
10000d94:	f7ff ffc8 	bl	10000d28 <lock_init>
10000d98:	23ff      	movs	r3, #255	@ 0xff
10000d9a:	7123      	strb	r3, [r4, #4]
10000d9c:	f3bf 8f5f 	dmb	sy
10000da0:	bd10      	pop	{r4, pc}
10000da2:	46c0      	nop			@ (mov r8, r8)

10000da4 <recursive_mutex_init>:
10000da4:	b510      	push	{r4, lr}
10000da6:	0004      	movs	r4, r0
10000da8:	f7ff fc9c 	bl	100006e4 <next_striped_spin_lock_num>
10000dac:	0001      	movs	r1, r0
10000dae:	0020      	movs	r0, r4
10000db0:	f7ff ffba 	bl	10000d28 <lock_init>
10000db4:	23ff      	movs	r3, #255	@ 0xff
10000db6:	80a3      	strh	r3, [r4, #4]
10000db8:	f3bf 8f5f 	dmb	sy
10000dbc:	bd10      	pop	{r4, pc}
10000dbe:	46c0      	nop			@ (mov r8, r8)

10000dc0 <critical_section_init>:
10000dc0:	b510      	push	{r4, lr}
10000dc2:	0004      	movs	r4, r0
10000dc4:	2001      	movs	r0, #1
10000dc6:	f7ff fc99 	bl	100006fc <spin_lock_claim_unused>
10000dca:	4b03      	ldr	r3, [pc, #12]	@ (10000dd8 <critical_section_init+0x18>)
10000dcc:	18c3      	adds	r3, r0, r3
10000dce:	009b      	lsls	r3, r3, #2
10000dd0:	6023      	str	r3, [r4, #0]
10000dd2:	f3bf 8f5f 	dmb	sy
10000dd6:	bd10      	pop	{r4, pc}
10000dd8:	34000040 	.word	0x34000040

10000ddc <critical_section_init_with_lock_num>:
10000ddc:	4b03      	ldr	r3, [pc, #12]	@ (10000dec <critical_section_init_with_lock_num+0x10>)
10000dde:	469c      	mov	ip, r3
10000de0:	4461      	add	r1, ip
10000de2:	0089      	lsls	r1, r1, #2
10000de4:	6001      	str	r1, [r0, #0]
10000de6:	f3bf 8f5f 	dmb	sy
10000dea:	4770      	bx	lr
10000dec:	34000040 	.word	0x34000040

10000df0 <sleep_until_callback>:
10000df0:	4b0a      	ldr	r3, [pc, #40]	@ (10000e1c <sleep_until_callback+0x2c>)
10000df2:	6819      	ldr	r1, [r3, #0]
10000df4:	f3ef 8010 	mrs	r0, PRIMASK
10000df8:	b672      	cpsid	i
10000dfa:	680a      	ldr	r2, [r1, #0]
10000dfc:	2a00      	cmp	r2, #0
10000dfe:	d0fc      	beq.n	10000dfa <sleep_until_callback+0xa>
10000e00:	f3bf 8f5f 	dmb	sy
10000e04:	681b      	ldr	r3, [r3, #0]
10000e06:	f3bf 8f5f 	dmb	sy
10000e0a:	2200      	movs	r2, #0
10000e0c:	601a      	str	r2, [r3, #0]
10000e0e:	f380 8810 	msr	PRIMASK, r0
10000e12:	bf40      	sev
10000e14:	2000      	movs	r0, #0
10000e16:	2100      	movs	r1, #0
10000e18:	4770      	bx	lr
10000e1a:	46c0      	nop			@ (mov r8, r8)
10000e1c:	20002c44 	.word	0x20002c44

10000e20 <alarm_pool_irq_handler>:
10000e20:	b5f0      	push	{r4, r5, r6, r7, lr}
10000e22:	46de      	mov	lr, fp
10000e24:	4657      	mov	r7, sl
10000e26:	464e      	mov	r6, r9
10000e28:	4645      	mov	r5, r8
10000e2a:	b5e0      	push	{r5, r6, r7, lr}
10000e2c:	b087      	sub	sp, #28
10000e2e:	f3ef 8305 	mrs	r3, IPSR
10000e32:	2203      	movs	r2, #3
10000e34:	2501      	movs	r5, #1
10000e36:	401a      	ands	r2, r3
10000e38:	4095      	lsls	r5, r2
10000e3a:	0091      	lsls	r1, r2, #2
10000e3c:	4688      	mov	r8, r1
10000e3e:	46a9      	mov	r9, r5
10000e40:	4bb3      	ldr	r3, [pc, #716]	@ (10001110 <alarm_pool_irq_handler+0x2f0>)
10000e42:	9203      	str	r2, [sp, #12]
10000e44:	585c      	ldr	r4, [r3, r1]
10000e46:	4bb3      	ldr	r3, [pc, #716]	@ (10001114 <alarm_pool_irq_handler+0x2f4>)
10000e48:	601d      	str	r5, [r3, #0]
10000e4a:	4bb3      	ldr	r3, [pc, #716]	@ (10001118 <alarm_pool_irq_handler+0x2f8>)
10000e4c:	9304      	str	r3, [sp, #16]
10000e4e:	464b      	mov	r3, r9
10000e50:	48b2      	ldr	r0, [pc, #712]	@ (1000111c <alarm_pool_irq_handler+0x2fc>)
10000e52:	6343      	str	r3, [r0, #52]	@ 0x34
10000e54:	2308      	movs	r3, #8
10000e56:	5ee5      	ldrsh	r5, [r4, r3]
10000e58:	2d00      	cmp	r5, #0
10000e5a:	da37      	bge.n	10000ecc <alarm_pool_irq_handler+0xac>
10000e5c:	88a3      	ldrh	r3, [r4, #4]
10000e5e:	b21b      	sxth	r3, r3
10000e60:	2b00      	cmp	r3, #0
10000e62:	db00      	blt.n	10000e66 <alarm_pool_irq_handler+0x46>
10000e64:	e0ad      	b.n	10000fc2 <alarm_pool_irq_handler+0x1a2>
10000e66:	79a3      	ldrb	r3, [r4, #6]
10000e68:	2b00      	cmp	r3, #0
10000e6a:	d000      	beq.n	10000e6e <alarm_pool_irq_handler+0x4e>
10000e6c:	e0ee      	b.n	1000104c <alarm_pool_irq_handler+0x22c>
10000e6e:	2308      	movs	r3, #8
10000e70:	5ee0      	ldrsh	r0, [r4, r3]
10000e72:	2800      	cmp	r0, #0
10000e74:	db20      	blt.n	10000eb8 <alarm_pool_irq_handler+0x98>
10000e76:	0043      	lsls	r3, r0, #1
10000e78:	6962      	ldr	r2, [r4, #20]
10000e7a:	181b      	adds	r3, r3, r0
10000e7c:	00db      	lsls	r3, r3, #3
10000e7e:	18d3      	adds	r3, r2, r3
10000e80:	689e      	ldr	r6, [r3, #8]
10000e82:	68dd      	ldr	r5, [r3, #12]
10000e84:	1c73      	adds	r3, r6, #1
10000e86:	d100      	bne.n	10000e8a <alarm_pool_irq_handler+0x6a>
10000e88:	e111      	b.n	100010ae <alarm_pool_irq_handler+0x28e>
10000e8a:	48a4      	ldr	r0, [pc, #656]	@ (1000111c <alarm_pool_irq_handler+0x2fc>)
10000e8c:	0001      	movs	r1, r0
10000e8e:	4441      	add	r1, r8
10000e90:	6a82      	ldr	r2, [r0, #40]	@ 0x28
10000e92:	690b      	ldr	r3, [r1, #16]
10000e94:	1ab7      	subs	r7, r6, r2
10000e96:	1a9b      	subs	r3, r3, r2
10000e98:	429f      	cmp	r7, r3
10000e9a:	d315      	bcc.n	10000ec8 <alarm_pool_irq_handler+0xa8>
10000e9c:	2301      	movs	r3, #1
10000e9e:	6a02      	ldr	r2, [r0, #32]
10000ea0:	9803      	ldr	r0, [sp, #12]
10000ea2:	4083      	lsls	r3, r0
10000ea4:	421a      	tst	r2, r3
10000ea6:	d00f      	beq.n	10000ec8 <alarm_pool_irq_handler+0xa8>
10000ea8:	489c      	ldr	r0, [pc, #624]	@ (1000111c <alarm_pool_irq_handler+0x2fc>)
10000eaa:	f000 fc1d 	bl	100016e8 <timer_time_us_64>
10000eae:	428d      	cmp	r5, r1
10000eb0:	dc02      	bgt.n	10000eb8 <alarm_pool_irq_handler+0x98>
10000eb2:	d1cc      	bne.n	10000e4e <alarm_pool_irq_handler+0x2e>
10000eb4:	4286      	cmp	r6, r0
10000eb6:	d9ca      	bls.n	10000e4e <alarm_pool_irq_handler+0x2e>
10000eb8:	bf40      	sev
10000eba:	b007      	add	sp, #28
10000ebc:	bcf0      	pop	{r4, r5, r6, r7}
10000ebe:	46bb      	mov	fp, r7
10000ec0:	46b2      	mov	sl, r6
10000ec2:	46a9      	mov	r9, r5
10000ec4:	46a0      	mov	r8, r4
10000ec6:	bdf0      	pop	{r4, r5, r6, r7, pc}
10000ec8:	610e      	str	r6, [r1, #16]
10000eca:	e7ed      	b.n	10000ea8 <alarm_pool_irq_handler+0x88>
10000ecc:	6962      	ldr	r2, [r4, #20]
10000ece:	006b      	lsls	r3, r5, #1
10000ed0:	4692      	mov	sl, r2
10000ed2:	195b      	adds	r3, r3, r5
10000ed4:	00db      	lsls	r3, r3, #3
10000ed6:	449a      	add	sl, r3
10000ed8:	4653      	mov	r3, sl
10000eda:	689e      	ldr	r6, [r3, #8]
10000edc:	68df      	ldr	r7, [r3, #12]
10000ede:	f000 fc03 	bl	100016e8 <timer_time_us_64>
10000ee2:	428f      	cmp	r7, r1
10000ee4:	dcba      	bgt.n	10000e5c <alarm_pool_irq_handler+0x3c>
10000ee6:	d100      	bne.n	10000eea <alarm_pool_irq_handler+0xca>
10000ee8:	e103      	b.n	100010f2 <alarm_pool_irq_handler+0x2d2>
10000eea:	2f00      	cmp	r7, #0
10000eec:	da00      	bge.n	10000ef0 <alarm_pool_irq_handler+0xd0>
10000eee:	e0e8      	b.n	100010c2 <alarm_pool_irq_handler+0x2a2>
10000ef0:	4652      	mov	r2, sl
10000ef2:	4653      	mov	r3, sl
10000ef4:	6952      	ldr	r2, [r2, #20]
10000ef6:	691b      	ldr	r3, [r3, #16]
10000ef8:	4693      	mov	fp, r2
10000efa:	9a04      	ldr	r2, [sp, #16]
10000efc:	4293      	cmp	r3, r2
10000efe:	d100      	bne.n	10000f02 <alarm_pool_irq_handler+0xe2>
10000f00:	e0d9      	b.n	100010b6 <alarm_pool_irq_handler+0x296>
10000f02:	4652      	mov	r2, sl
10000f04:	2108      	movs	r1, #8
10000f06:	5e60      	ldrsh	r0, [r4, r1]
10000f08:	8852      	ldrh	r2, [r2, #2]
10000f0a:	0400      	lsls	r0, r0, #16
10000f0c:	4659      	mov	r1, fp
10000f0e:	4310      	orrs	r0, r2
10000f10:	4798      	blx	r3
10000f12:	9000      	str	r0, [sp, #0]
10000f14:	9101      	str	r1, [sp, #4]
10000f16:	9900      	ldr	r1, [sp, #0]
10000f18:	9a01      	ldr	r2, [sp, #4]
10000f1a:	000b      	movs	r3, r1
10000f1c:	0010      	movs	r0, r2
10000f1e:	4313      	orrs	r3, r2
10000f20:	d100      	bne.n	10000f24 <alarm_pool_irq_handler+0x104>
10000f22:	e0ce      	b.n	100010c2 <alarm_pool_irq_handler+0x2a2>
10000f24:	0013      	movs	r3, r2
10000f26:	000a      	movs	r2, r1
10000f28:	1ab6      	subs	r6, r6, r2
10000f2a:	419f      	sbcs	r7, r3
10000f2c:	2800      	cmp	r0, #0
10000f2e:	db06      	blt.n	10000f3e <alarm_pool_irq_handler+0x11e>
10000f30:	487a      	ldr	r0, [pc, #488]	@ (1000111c <alarm_pool_irq_handler+0x2fc>)
10000f32:	f000 fbd9 	bl	100016e8 <timer_time_us_64>
10000f36:	9e00      	ldr	r6, [sp, #0]
10000f38:	9f01      	ldr	r7, [sp, #4]
10000f3a:	1836      	adds	r6, r6, r0
10000f3c:	414f      	adcs	r7, r1
10000f3e:	4653      	mov	r3, sl
10000f40:	609e      	str	r6, [r3, #8]
10000f42:	60df      	str	r7, [r3, #12]
10000f44:	2200      	movs	r2, #0
10000f46:	5e9a      	ldrsh	r2, [r3, r2]
10000f48:	2a00      	cmp	r2, #0
10000f4a:	da00      	bge.n	10000f4e <alarm_pool_irq_handler+0x12e>
10000f4c:	e786      	b.n	10000e5c <alarm_pool_irq_handler+0x3c>
10000f4e:	0053      	lsls	r3, r2, #1
10000f50:	1899      	adds	r1, r3, r2
10000f52:	6960      	ldr	r0, [r4, #20]
10000f54:	00c9      	lsls	r1, r1, #3
10000f56:	1841      	adds	r1, r0, r1
10000f58:	9302      	str	r3, [sp, #8]
10000f5a:	688b      	ldr	r3, [r1, #8]
10000f5c:	68c9      	ldr	r1, [r1, #12]
10000f5e:	469b      	mov	fp, r3
10000f60:	42b9      	cmp	r1, r7
10000f62:	dd00      	ble.n	10000f66 <alarm_pool_irq_handler+0x146>
10000f64:	e77a      	b.n	10000e5c <alarm_pool_irq_handler+0x3c>
10000f66:	d102      	bne.n	10000f6e <alarm_pool_irq_handler+0x14e>
10000f68:	42b3      	cmp	r3, r6
10000f6a:	d900      	bls.n	10000f6e <alarm_pool_irq_handler+0x14e>
10000f6c:	e776      	b.n	10000e5c <alarm_pool_irq_handler+0x3c>
10000f6e:	2308      	movs	r3, #8
10000f70:	469c      	mov	ip, r3
10000f72:	44a4      	add	ip, r4
10000f74:	9505      	str	r5, [sp, #20]
10000f76:	4665      	mov	r5, ip
10000f78:	8122      	strh	r2, [r4, #8]
10000f7a:	46a4      	mov	ip, r4
10000f7c:	9b02      	ldr	r3, [sp, #8]
10000f7e:	002c      	movs	r4, r5
10000f80:	e006      	b.n	10000f90 <alarm_pool_irq_handler+0x170>
10000f82:	0053      	lsls	r3, r2, #1
10000f84:	1899      	adds	r1, r3, r2
10000f86:	00c9      	lsls	r1, r1, #3
10000f88:	1841      	adds	r1, r0, r1
10000f8a:	688d      	ldr	r5, [r1, #8]
10000f8c:	68c9      	ldr	r1, [r1, #12]
10000f8e:	46ab      	mov	fp, r5
10000f90:	189b      	adds	r3, r3, r2
10000f92:	00db      	lsls	r3, r3, #3
10000f94:	18c3      	adds	r3, r0, r3
10000f96:	42b9      	cmp	r1, r7
10000f98:	dc06      	bgt.n	10000fa8 <alarm_pool_irq_handler+0x188>
10000f9a:	d100      	bne.n	10000f9e <alarm_pool_irq_handler+0x17e>
10000f9c:	e0b3      	b.n	10001106 <alarm_pool_irq_handler+0x2e6>
10000f9e:	001c      	movs	r4, r3
10000fa0:	2300      	movs	r3, #0
10000fa2:	5ee2      	ldrsh	r2, [r4, r3]
10000fa4:	2a00      	cmp	r2, #0
10000fa6:	daec      	bge.n	10000f82 <alarm_pool_irq_handler+0x162>
10000fa8:	0023      	movs	r3, r4
10000faa:	4664      	mov	r4, ip
10000fac:	469c      	mov	ip, r3
10000fae:	4653      	mov	r3, sl
10000fb0:	801a      	strh	r2, [r3, #0]
10000fb2:	4663      	mov	r3, ip
10000fb4:	9d05      	ldr	r5, [sp, #20]
10000fb6:	801d      	strh	r5, [r3, #0]
10000fb8:	88a3      	ldrh	r3, [r4, #4]
10000fba:	b21b      	sxth	r3, r3
10000fbc:	2b00      	cmp	r3, #0
10000fbe:	da00      	bge.n	10000fc2 <alarm_pool_irq_handler+0x1a2>
10000fc0:	e751      	b.n	10000e66 <alarm_pool_irq_handler+0x46>
10000fc2:	6922      	ldr	r2, [r4, #16]
10000fc4:	f3ef 8110 	mrs	r1, PRIMASK
10000fc8:	b672      	cpsid	i
10000fca:	6813      	ldr	r3, [r2, #0]
10000fcc:	2b00      	cmp	r3, #0
10000fce:	d0fc      	beq.n	10000fca <alarm_pool_irq_handler+0x1aa>
10000fd0:	f3bf 8f5f 	dmb	sy
10000fd4:	2301      	movs	r3, #1
10000fd6:	88a7      	ldrh	r7, [r4, #4]
10000fd8:	425b      	negs	r3, r3
10000fda:	80a3      	strh	r3, [r4, #4]
10000fdc:	b23f      	sxth	r7, r7
10000fde:	6923      	ldr	r3, [r4, #16]
10000fe0:	f3bf 8f5f 	dmb	sy
10000fe4:	2200      	movs	r2, #0
10000fe6:	601a      	str	r2, [r3, #0]
10000fe8:	f381 8810 	msr	PRIMASK, r1
10000fec:	2f00      	cmp	r7, #0
10000fee:	da00      	bge.n	10000ff2 <alarm_pool_irq_handler+0x1d2>
10000ff0:	e739      	b.n	10000e66 <alarm_pool_irq_handler+0x46>
10000ff2:	0023      	movs	r3, r4
10000ff4:	3308      	adds	r3, #8
10000ff6:	0022      	movs	r2, r4
10000ff8:	469a      	mov	sl, r3
10000ffa:	6966      	ldr	r6, [r4, #20]
10000ffc:	007b      	lsls	r3, r7, #1
10000ffe:	19db      	adds	r3, r3, r7
10001000:	00db      	lsls	r3, r3, #3
10001002:	18f3      	adds	r3, r6, r3
10001004:	6899      	ldr	r1, [r3, #8]
10001006:	4650      	mov	r0, sl
10001008:	468c      	mov	ip, r1
1000100a:	2408      	movs	r4, #8
1000100c:	5f11      	ldrsh	r1, [r2, r4]
1000100e:	68dd      	ldr	r5, [r3, #12]
10001010:	2900      	cmp	r1, #0
10001012:	db10      	blt.n	10001036 <alarm_pool_irq_handler+0x216>
10001014:	9302      	str	r3, [sp, #8]
10001016:	e006      	b.n	10001026 <alarm_pool_irq_handler+0x206>
10001018:	42ab      	cmp	r3, r5
1000101a:	d044      	beq.n	100010a6 <alarm_pool_irq_handler+0x286>
1000101c:	2300      	movs	r3, #0
1000101e:	5ee1      	ldrsh	r1, [r4, r3]
10001020:	0020      	movs	r0, r4
10001022:	2900      	cmp	r1, #0
10001024:	db06      	blt.n	10001034 <alarm_pool_irq_handler+0x214>
10001026:	004c      	lsls	r4, r1, #1
10001028:	1864      	adds	r4, r4, r1
1000102a:	00e4      	lsls	r4, r4, #3
1000102c:	1934      	adds	r4, r6, r4
1000102e:	68e3      	ldr	r3, [r4, #12]
10001030:	42ab      	cmp	r3, r5
10001032:	ddf1      	ble.n	10001018 <alarm_pool_irq_handler+0x1f8>
10001034:	9b02      	ldr	r3, [sp, #8]
10001036:	8007      	strh	r7, [r0, #0]
10001038:	2000      	movs	r0, #0
1000103a:	5e1f      	ldrsh	r7, [r3, r0]
1000103c:	8019      	strh	r1, [r3, #0]
1000103e:	2f00      	cmp	r7, #0
10001040:	dadc      	bge.n	10000ffc <alarm_pool_irq_handler+0x1dc>
10001042:	0014      	movs	r4, r2
10001044:	79a3      	ldrb	r3, [r4, #6]
10001046:	2b00      	cmp	r3, #0
10001048:	d100      	bne.n	1000104c <alarm_pool_irq_handler+0x22c>
1000104a:	e710      	b.n	10000e6e <alarm_pool_irq_handler+0x4e>
1000104c:	2300      	movs	r3, #0
1000104e:	71a3      	strb	r3, [r4, #6]
10001050:	0026      	movs	r6, r4
10001052:	2308      	movs	r3, #8
10001054:	5ee1      	ldrsh	r1, [r4, r3]
10001056:	3608      	adds	r6, #8
10001058:	1c4b      	adds	r3, r1, #1
1000105a:	d100      	bne.n	1000105e <alarm_pool_irq_handler+0x23e>
1000105c:	e72c      	b.n	10000eb8 <alarm_pool_irq_handler+0x98>
1000105e:	0008      	movs	r0, r1
10001060:	46a2      	mov	sl, r4
10001062:	6965      	ldr	r5, [r4, #20]
10001064:	e002      	b.n	1000106c <alarm_pool_irq_handler+0x24c>
10001066:	003e      	movs	r6, r7
10001068:	1c4b      	adds	r3, r1, #1
1000106a:	d01a      	beq.n	100010a2 <alarm_pool_irq_handler+0x282>
1000106c:	004b      	lsls	r3, r1, #1
1000106e:	185b      	adds	r3, r3, r1
10001070:	00db      	lsls	r3, r3, #3
10001072:	18ef      	adds	r7, r5, r3
10001074:	000a      	movs	r2, r1
10001076:	468c      	mov	ip, r1
10001078:	5ee9      	ldrsh	r1, [r5, r3]
1000107a:	887b      	ldrh	r3, [r7, #2]
1000107c:	b21b      	sxth	r3, r3
1000107e:	2b00      	cmp	r3, #0
10001080:	daf1      	bge.n	10001066 <alarm_pool_irq_handler+0x246>
10001082:	2301      	movs	r3, #1
10001084:	425b      	negs	r3, r3
10001086:	17dc      	asrs	r4, r3, #31
10001088:	60bb      	str	r3, [r7, #8]
1000108a:	60fc      	str	r4, [r7, #12]
1000108c:	4282      	cmp	r2, r0
1000108e:	d005      	beq.n	1000109c <alarm_pool_irq_handler+0x27c>
10001090:	4653      	mov	r3, sl
10001092:	8031      	strh	r1, [r6, #0]
10001094:	891b      	ldrh	r3, [r3, #8]
10001096:	803b      	strh	r3, [r7, #0]
10001098:	4653      	mov	r3, sl
1000109a:	811a      	strh	r2, [r3, #8]
1000109c:	4660      	mov	r0, ip
1000109e:	1c4b      	adds	r3, r1, #1
100010a0:	d1e4      	bne.n	1000106c <alarm_pool_irq_handler+0x24c>
100010a2:	4654      	mov	r4, sl
100010a4:	e6e5      	b.n	10000e72 <alarm_pool_irq_handler+0x52>
100010a6:	68a3      	ldr	r3, [r4, #8]
100010a8:	4563      	cmp	r3, ip
100010aa:	d9b7      	bls.n	1000101c <alarm_pool_irq_handler+0x1fc>
100010ac:	e7c2      	b.n	10001034 <alarm_pool_irq_handler+0x214>
100010ae:	1c6b      	adds	r3, r5, #1
100010b0:	d000      	beq.n	100010b4 <alarm_pool_irq_handler+0x294>
100010b2:	e6ea      	b.n	10000e8a <alarm_pool_irq_handler+0x6a>
100010b4:	e6f8      	b.n	10000ea8 <alarm_pool_irq_handler+0x88>
100010b6:	465b      	mov	r3, fp
100010b8:	4658      	mov	r0, fp
100010ba:	691b      	ldr	r3, [r3, #16]
100010bc:	4798      	blx	r3
100010be:	2800      	cmp	r0, #0
100010c0:	d11b      	bne.n	100010fa <alarm_pool_irq_handler+0x2da>
100010c2:	4653      	mov	r3, sl
100010c4:	881b      	ldrh	r3, [r3, #0]
100010c6:	6922      	ldr	r2, [r4, #16]
100010c8:	8123      	strh	r3, [r4, #8]
100010ca:	f3ef 8310 	mrs	r3, PRIMASK
100010ce:	b672      	cpsid	i
100010d0:	6811      	ldr	r1, [r2, #0]
100010d2:	2900      	cmp	r1, #0
100010d4:	d0fc      	beq.n	100010d0 <alarm_pool_irq_handler+0x2b0>
100010d6:	f3bf 8f5f 	dmb	sy
100010da:	4651      	mov	r1, sl
100010dc:	8862      	ldrh	r2, [r4, #2]
100010de:	800a      	strh	r2, [r1, #0]
100010e0:	6922      	ldr	r2, [r4, #16]
100010e2:	8065      	strh	r5, [r4, #2]
100010e4:	f3bf 8f5f 	dmb	sy
100010e8:	2100      	movs	r1, #0
100010ea:	6011      	str	r1, [r2, #0]
100010ec:	f383 8810 	msr	PRIMASK, r3
100010f0:	e6b4      	b.n	10000e5c <alarm_pool_irq_handler+0x3c>
100010f2:	4286      	cmp	r6, r0
100010f4:	d800      	bhi.n	100010f8 <alarm_pool_irq_handler+0x2d8>
100010f6:	e6f8      	b.n	10000eea <alarm_pool_irq_handler+0xca>
100010f8:	e6b0      	b.n	10000e5c <alarm_pool_irq_handler+0x3c>
100010fa:	465b      	mov	r3, fp
100010fc:	681a      	ldr	r2, [r3, #0]
100010fe:	685b      	ldr	r3, [r3, #4]
10001100:	9200      	str	r2, [sp, #0]
10001102:	9301      	str	r3, [sp, #4]
10001104:	e707      	b.n	10000f16 <alarm_pool_irq_handler+0xf6>
10001106:	45b3      	cmp	fp, r6
10001108:	d800      	bhi.n	1000110c <alarm_pool_irq_handler+0x2ec>
1000110a:	e748      	b.n	10000f9e <alarm_pool_irq_handler+0x17e>
1000110c:	e74c      	b.n	10000fa8 <alarm_pool_irq_handler+0x188>
1000110e:	46c0      	nop			@ (mov r8, r8)
10001110:	20002b20 	.word	0x20002b20
10001114:	4005703c 	.word	0x4005703c
10001118:	10000e21 	.word	0x10000e21
1000111c:	40054000 	.word	0x40054000

10001120 <runtime_init_default_alarm_pool>:
10001120:	b570      	push	{r4, r5, r6, lr}
10001122:	4c2e      	ldr	r4, [pc, #184]	@ (100011dc <runtime_init_default_alarm_pool+0xbc>)
10001124:	6925      	ldr	r5, [r4, #16]
10001126:	2d00      	cmp	r5, #0
10001128:	d004      	beq.n	10001134 <runtime_init_default_alarm_pool+0x14>
1000112a:	210a      	movs	r1, #10
1000112c:	482c      	ldr	r0, [pc, #176]	@ (100011e0 <runtime_init_default_alarm_pool+0xc0>)
1000112e:	f7ff fdfb 	bl	10000d28 <lock_init>
10001132:	bd70      	pop	{r4, r5, r6, pc}
10001134:	4e2b      	ldr	r6, [pc, #172]	@ (100011e4 <runtime_init_default_alarm_pool+0xc4>)
10001136:	2103      	movs	r1, #3
10001138:	0030      	movs	r0, r6
1000113a:	f000 facb 	bl	100016d4 <timer_hardware_alarm_claim>
1000113e:	60e6      	str	r6, [r4, #12]
10001140:	f7ff fad0 	bl	100006e4 <next_striped_spin_lock_num>
10001144:	4b28      	ldr	r3, [pc, #160]	@ (100011e8 <runtime_init_default_alarm_pool+0xc8>)
10001146:	2203      	movs	r2, #3
10001148:	469c      	mov	ip, r3
1000114a:	23d0      	movs	r3, #208	@ 0xd0
1000114c:	7022      	strb	r2, [r4, #0]
1000114e:	061b      	lsls	r3, r3, #24
10001150:	681b      	ldr	r3, [r3, #0]
10001152:	2101      	movs	r1, #1
10001154:	7063      	strb	r3, [r4, #1]
10001156:	4b25      	ldr	r3, [pc, #148]	@ (100011ec <runtime_init_default_alarm_pool+0xcc>)
10001158:	4460      	add	r0, ip
1000115a:	60a3      	str	r3, [r4, #8]
1000115c:	230f      	movs	r3, #15
1000115e:	0080      	lsls	r0, r0, #2
10001160:	6120      	str	r0, [r4, #16]
10001162:	2002      	movs	r0, #2
10001164:	8063      	strh	r3, [r4, #2]
10001166:	6963      	ldr	r3, [r4, #20]
10001168:	4249      	negs	r1, r1
1000116a:	80a1      	strh	r1, [r4, #4]
1000116c:	8019      	strh	r1, [r3, #0]
1000116e:	3102      	adds	r1, #2
10001170:	8619      	strh	r1, [r3, #48]	@ 0x30
10001172:	3147      	adds	r1, #71	@ 0x47
10001174:	831d      	strh	r5, [r3, #24]
10001176:	5258      	strh	r0, [r3, r1]
10001178:	3118      	adds	r1, #24
1000117a:	525a      	strh	r2, [r3, r1]
1000117c:	3275      	adds	r2, #117	@ 0x75
1000117e:	395c      	subs	r1, #92	@ 0x5c
10001180:	5299      	strh	r1, [r3, r2]
10001182:	3218      	adds	r2, #24
10001184:	3101      	adds	r1, #1
10001186:	5299      	strh	r1, [r3, r2]
10001188:	3218      	adds	r2, #24
1000118a:	3101      	adds	r1, #1
1000118c:	5299      	strh	r1, [r3, r2]
1000118e:	3218      	adds	r2, #24
10001190:	3101      	adds	r1, #1
10001192:	5299      	strh	r1, [r3, r2]
10001194:	3508      	adds	r5, #8
10001196:	3218      	adds	r2, #24
10001198:	529d      	strh	r5, [r3, r2]
1000119a:	3102      	adds	r1, #2
1000119c:	3218      	adds	r2, #24
1000119e:	5299      	strh	r1, [r3, r2]
100011a0:	3218      	adds	r2, #24
100011a2:	3101      	adds	r1, #1
100011a4:	5299      	strh	r1, [r3, r2]
100011a6:	3218      	adds	r2, #24
100011a8:	3101      	adds	r1, #1
100011aa:	5299      	strh	r1, [r3, r2]
100011ac:	3218      	adds	r2, #24
100011ae:	3101      	adds	r1, #1
100011b0:	5299      	strh	r1, [r3, r2]
100011b2:	3218      	adds	r2, #24
100011b4:	3101      	adds	r1, #1
100011b6:	5299      	strh	r1, [r3, r2]
100011b8:	3218      	adds	r2, #24
100011ba:	3101      	adds	r1, #1
100011bc:	5299      	strh	r1, [r3, r2]
100011be:	4b0c      	ldr	r3, [pc, #48]	@ (100011f0 <runtime_init_default_alarm_pool+0xd0>)
100011c0:	490c      	ldr	r1, [pc, #48]	@ (100011f4 <runtime_init_default_alarm_pool+0xd4>)
100011c2:	60dc      	str	r4, [r3, #12]
100011c4:	3001      	adds	r0, #1
100011c6:	6235      	str	r5, [r6, #32]
100011c8:	f7ff fb02 	bl	100007d0 <irq_set_exclusive_handler>
100011cc:	2101      	movs	r1, #1
100011ce:	2003      	movs	r0, #3
100011d0:	f7ff fac6 	bl	10000760 <irq_set_enabled>
100011d4:	4b08      	ldr	r3, [pc, #32]	@ (100011f8 <runtime_init_default_alarm_pool+0xd8>)
100011d6:	601d      	str	r5, [r3, #0]
100011d8:	e7a7      	b.n	1000112a <runtime_init_default_alarm_pool+0xa>
100011da:	46c0      	nop			@ (mov r8, r8)
100011dc:	200011c4 	.word	0x200011c4
100011e0:	20002c44 	.word	0x20002c44
100011e4:	40054000 	.word	0x40054000
100011e8:	34000040 	.word	0x34000040
100011ec:	0010ffff 	.word	0x0010ffff
100011f0:	20002b20 	.word	0x20002b20
100011f4:	10000e21 	.word	0x10000e21
100011f8:	40056038 	.word	0x40056038

100011fc <alarm_pool_get_default>:
100011fc:	4800      	ldr	r0, [pc, #0]	@ (10001200 <alarm_pool_get_default+0x4>)
100011fe:	4770      	bx	lr
10001200:	200011c4 	.word	0x200011c4

10001204 <alarm_pool_add_alarm_at>:
10001204:	b5f8      	push	{r3, r4, r5, r6, r7, lr}
10001206:	001f      	movs	r7, r3
10001208:	ab08      	add	r3, sp, #32
1000120a:	781b      	ldrb	r3, [r3, #0]
1000120c:	0004      	movs	r4, r0
1000120e:	0016      	movs	r6, r2
10001210:	2b00      	cmp	r3, #0
10001212:	d108      	bne.n	10001226 <alarm_pool_add_alarm_at+0x22>
10001214:	f000 fa70 	bl	100016f8 <time_us_64>
10001218:	0032      	movs	r2, r6
1000121a:	003b      	movs	r3, r7
1000121c:	1a12      	subs	r2, r2, r0
1000121e:	418b      	sbcs	r3, r1
10001220:	2b00      	cmp	r3, #0
10001222:	da00      	bge.n	10001226 <alarm_pool_add_alarm_at+0x22>
10001224:	e052      	b.n	100012cc <alarm_pool_add_alarm_at+0xc8>
10001226:	6922      	ldr	r2, [r4, #16]
10001228:	f3ef 8010 	mrs	r0, PRIMASK
1000122c:	b672      	cpsid	i
1000122e:	6813      	ldr	r3, [r2, #0]
10001230:	2b00      	cmp	r3, #0
10001232:	d0fc      	beq.n	1000122e <alarm_pool_add_alarm_at+0x2a>
10001234:	f3bf 8f5f 	dmb	sy
10001238:	2302      	movs	r3, #2
1000123a:	5ee1      	ldrsh	r1, [r4, r3]
1000123c:	6963      	ldr	r3, [r4, #20]
1000123e:	004a      	lsls	r2, r1, #1
10001240:	1852      	adds	r2, r2, r1
10001242:	00d2      	lsls	r2, r2, #3
10001244:	189b      	adds	r3, r3, r2
10001246:	6922      	ldr	r2, [r4, #16]
10001248:	2900      	cmp	r1, #0
1000124a:	db36      	blt.n	100012ba <alarm_pool_add_alarm_at+0xb6>
1000124c:	881d      	ldrh	r5, [r3, #0]
1000124e:	8065      	strh	r5, [r4, #2]
10001250:	f3bf 8f5f 	dmb	sy
10001254:	2500      	movs	r5, #0
10001256:	6015      	str	r5, [r2, #0]
10001258:	f380 8810 	msr	PRIMASK, r0
1000125c:	9a06      	ldr	r2, [sp, #24]
1000125e:	609e      	str	r6, [r3, #8]
10001260:	60df      	str	r7, [r3, #12]
10001262:	611a      	str	r2, [r3, #16]
10001264:	9a07      	ldr	r2, [sp, #28]
10001266:	615a      	str	r2, [r3, #20]
10001268:	885a      	ldrh	r2, [r3, #2]
1000126a:	3201      	adds	r2, #1
1000126c:	0452      	lsls	r2, r2, #17
1000126e:	0c52      	lsrs	r2, r2, #17
10001270:	1c10      	adds	r0, r2, #0
10001272:	2a00      	cmp	r2, #0
10001274:	d01f      	beq.n	100012b6 <alarm_pool_add_alarm_at+0xb2>
10001276:	b282      	uxth	r2, r0
10001278:	8058      	strh	r0, [r3, #2]
1000127a:	0408      	lsls	r0, r1, #16
1000127c:	4310      	orrs	r0, r2
1000127e:	6926      	ldr	r6, [r4, #16]
10001280:	f3ef 8710 	mrs	r7, PRIMASK
10001284:	b672      	cpsid	i
10001286:	6832      	ldr	r2, [r6, #0]
10001288:	2a00      	cmp	r2, #0
1000128a:	d0fc      	beq.n	10001286 <alarm_pool_add_alarm_at+0x82>
1000128c:	f3bf 8f5f 	dmb	sy
10001290:	88a2      	ldrh	r2, [r4, #4]
10001292:	801a      	strh	r2, [r3, #0]
10001294:	80a1      	strh	r1, [r4, #4]
10001296:	6923      	ldr	r3, [r4, #16]
10001298:	f3bf 8f5f 	dmb	sy
1000129c:	2200      	movs	r2, #0
1000129e:	601a      	str	r2, [r3, #0]
100012a0:	f387 8810 	msr	PRIMASK, r7
100012a4:	490a      	ldr	r1, [pc, #40]	@ (100012d0 <alarm_pool_add_alarm_at+0xcc>)
100012a6:	7823      	ldrb	r3, [r4, #0]
100012a8:	468c      	mov	ip, r1
100012aa:	3201      	adds	r2, #1
100012ac:	409a      	lsls	r2, r3
100012ae:	68e3      	ldr	r3, [r4, #12]
100012b0:	4463      	add	r3, ip
100012b2:	601a      	str	r2, [r3, #0]
100012b4:	bdf8      	pop	{r3, r4, r5, r6, r7, pc}
100012b6:	2001      	movs	r0, #1
100012b8:	e7dd      	b.n	10001276 <alarm_pool_add_alarm_at+0x72>
100012ba:	f3bf 8f5f 	dmb	sy
100012be:	2300      	movs	r3, #0
100012c0:	6013      	str	r3, [r2, #0]
100012c2:	f380 8810 	msr	PRIMASK, r0
100012c6:	2001      	movs	r0, #1
100012c8:	4240      	negs	r0, r0
100012ca:	e7f3      	b.n	100012b4 <alarm_pool_add_alarm_at+0xb0>
100012cc:	2000      	movs	r0, #0
100012ce:	e7f1      	b.n	100012b4 <alarm_pool_add_alarm_at+0xb0>
100012d0:	0000203c 	.word	0x0000203c

100012d4 <alarm_pool_add_alarm_at_force_in_context>:
100012d4:	b570      	push	{r4, r5, r6, lr}
100012d6:	0001      	movs	r1, r0
100012d8:	6904      	ldr	r4, [r0, #16]
100012da:	f3ef 8c10 	mrs	ip, PRIMASK
100012de:	b672      	cpsid	i
100012e0:	6820      	ldr	r0, [r4, #0]
100012e2:	2800      	cmp	r0, #0
100012e4:	d0fc      	beq.n	100012e0 <alarm_pool_add_alarm_at_force_in_context+0xc>
100012e6:	f3bf 8f5f 	dmb	sy
100012ea:	2002      	movs	r0, #2
100012ec:	5e0d      	ldrsh	r5, [r1, r0]
100012ee:	694c      	ldr	r4, [r1, #20]
100012f0:	0068      	lsls	r0, r5, #1
100012f2:	1940      	adds	r0, r0, r5
100012f4:	00c0      	lsls	r0, r0, #3
100012f6:	1824      	adds	r4, r4, r0
100012f8:	6908      	ldr	r0, [r1, #16]
100012fa:	2d00      	cmp	r5, #0
100012fc:	db36      	blt.n	1000136c <alarm_pool_add_alarm_at_force_in_context+0x98>
100012fe:	8826      	ldrh	r6, [r4, #0]
10001300:	804e      	strh	r6, [r1, #2]
10001302:	f3bf 8f5f 	dmb	sy
10001306:	2600      	movs	r6, #0
10001308:	6006      	str	r6, [r0, #0]
1000130a:	f38c 8810 	msr	PRIMASK, ip
1000130e:	60e3      	str	r3, [r4, #12]
10001310:	8863      	ldrh	r3, [r4, #2]
10001312:	9804      	ldr	r0, [sp, #16]
10001314:	3301      	adds	r3, #1
10001316:	6120      	str	r0, [r4, #16]
10001318:	045b      	lsls	r3, r3, #17
1000131a:	9805      	ldr	r0, [sp, #20]
1000131c:	0c5b      	lsrs	r3, r3, #17
1000131e:	60a2      	str	r2, [r4, #8]
10001320:	6160      	str	r0, [r4, #20]
10001322:	1c1a      	adds	r2, r3, #0
10001324:	2b00      	cmp	r3, #0
10001326:	d01f      	beq.n	10001368 <alarm_pool_add_alarm_at_force_in_context+0x94>
10001328:	b293      	uxth	r3, r2
1000132a:	0428      	lsls	r0, r5, #16
1000132c:	8062      	strh	r2, [r4, #2]
1000132e:	4318      	orrs	r0, r3
10001330:	690a      	ldr	r2, [r1, #16]
10001332:	f3ef 8c10 	mrs	ip, PRIMASK
10001336:	b672      	cpsid	i
10001338:	6813      	ldr	r3, [r2, #0]
1000133a:	2b00      	cmp	r3, #0
1000133c:	d0fc      	beq.n	10001338 <alarm_pool_add_alarm_at_force_in_context+0x64>
1000133e:	f3bf 8f5f 	dmb	sy
10001342:	888b      	ldrh	r3, [r1, #4]
10001344:	8023      	strh	r3, [r4, #0]
10001346:	808d      	strh	r5, [r1, #4]
10001348:	690b      	ldr	r3, [r1, #16]
1000134a:	f3bf 8f5f 	dmb	sy
1000134e:	2200      	movs	r2, #0
10001350:	601a      	str	r2, [r3, #0]
10001352:	f38c 8810 	msr	PRIMASK, ip
10001356:	780b      	ldrb	r3, [r1, #0]
10001358:	3201      	adds	r2, #1
1000135a:	409a      	lsls	r2, r3
1000135c:	68cb      	ldr	r3, [r1, #12]
1000135e:	4908      	ldr	r1, [pc, #32]	@ (10001380 <alarm_pool_add_alarm_at_force_in_context+0xac>)
10001360:	468c      	mov	ip, r1
10001362:	4463      	add	r3, ip
10001364:	601a      	str	r2, [r3, #0]
10001366:	bd70      	pop	{r4, r5, r6, pc}
10001368:	2201      	movs	r2, #1
1000136a:	e7dd      	b.n	10001328 <alarm_pool_add_alarm_at_force_in_context+0x54>
1000136c:	f3bf 8f5f 	dmb	sy
10001370:	2300      	movs	r3, #0
10001372:	6003      	str	r3, [r0, #0]
10001374:	f38c 8810 	msr	PRIMASK, ip
10001378:	2001      	movs	r0, #1
1000137a:	4240      	negs	r0, r0
1000137c:	e7f3      	b.n	10001366 <alarm_pool_add_alarm_at_force_in_context+0x92>
1000137e:	46c0      	nop			@ (mov r8, r8)
10001380:	0000203c 	.word	0x0000203c

10001384 <alarm_pool_cancel_alarm>:
10001384:	b510      	push	{r4, lr}
10001386:	8943      	ldrh	r3, [r0, #10]
10001388:	140a      	asrs	r2, r1, #16
1000138a:	4293      	cmp	r3, r2
1000138c:	dd1a      	ble.n	100013c4 <alarm_pool_cancel_alarm+0x40>
1000138e:	0053      	lsls	r3, r2, #1
10001390:	189b      	adds	r3, r3, r2
10001392:	6942      	ldr	r2, [r0, #20]
10001394:	00db      	lsls	r3, r3, #3
10001396:	18d3      	adds	r3, r2, r3
10001398:	6904      	ldr	r4, [r0, #16]
1000139a:	f3ef 8c10 	mrs	ip, PRIMASK
1000139e:	b672      	cpsid	i
100013a0:	6822      	ldr	r2, [r4, #0]
100013a2:	2a00      	cmp	r2, #0
100013a4:	d0fc      	beq.n	100013a0 <alarm_pool_cancel_alarm+0x1c>
100013a6:	f3bf 8f5f 	dmb	sy
100013aa:	885a      	ldrh	r2, [r3, #2]
100013ac:	0409      	lsls	r1, r1, #16
100013ae:	b294      	uxth	r4, r2
100013b0:	0c09      	lsrs	r1, r1, #16
100013b2:	428a      	cmp	r2, r1
100013b4:	d008      	beq.n	100013c8 <alarm_pool_cancel_alarm+0x44>
100013b6:	6903      	ldr	r3, [r0, #16]
100013b8:	f3bf 8f5f 	dmb	sy
100013bc:	2200      	movs	r2, #0
100013be:	601a      	str	r2, [r3, #0]
100013c0:	f38c 8810 	msr	PRIMASK, ip
100013c4:	2000      	movs	r0, #0
100013c6:	bd10      	pop	{r4, pc}
100013c8:	2280      	movs	r2, #128	@ 0x80
100013ca:	0212      	lsls	r2, r2, #8
100013cc:	4314      	orrs	r4, r2
100013ce:	805c      	strh	r4, [r3, #2]
100013d0:	2301      	movs	r3, #1
100013d2:	6902      	ldr	r2, [r0, #16]
100013d4:	7183      	strb	r3, [r0, #6]
100013d6:	f3bf 8f5f 	dmb	sy
100013da:	2100      	movs	r1, #0
100013dc:	6011      	str	r1, [r2, #0]
100013de:	f38c 8810 	msr	PRIMASK, ip
100013e2:	4904      	ldr	r1, [pc, #16]	@ (100013f4 <alarm_pool_cancel_alarm+0x70>)
100013e4:	7802      	ldrb	r2, [r0, #0]
100013e6:	468c      	mov	ip, r1
100013e8:	4093      	lsls	r3, r2
100013ea:	68c2      	ldr	r2, [r0, #12]
100013ec:	2001      	movs	r0, #1
100013ee:	4462      	add	r2, ip
100013f0:	6013      	str	r3, [r2, #0]
100013f2:	e7e8      	b.n	100013c6 <alarm_pool_cancel_alarm+0x42>
100013f4:	0000203c 	.word	0x0000203c

100013f8 <alarm_pool_core_num>:
100013f8:	7840      	ldrb	r0, [r0, #1]
100013fa:	4770      	bx	lr

100013fc <sleep_until>:
100013fc:	b5f0      	push	{r4, r5, r6, r7, lr}
100013fe:	0006      	movs	r6, r0
10001400:	000f      	movs	r7, r1
10001402:	2406      	movs	r4, #6
10001404:	4264      	negs	r4, r4
10001406:	17e5      	asrs	r5, r4, #31
10001408:	46c6      	mov	lr, r8
1000140a:	19a4      	adds	r4, r4, r6
1000140c:	417d      	adcs	r5, r7
1000140e:	b500      	push	{lr}
10001410:	b082      	sub	sp, #8
10001412:	428d      	cmp	r5, r1
10001414:	d814      	bhi.n	10001440 <sleep_until+0x44>
10001416:	d011      	beq.n	1000143c <sleep_until+0x40>
10001418:	f000 f96e 	bl	100016f8 <time_us_64>
1000141c:	0022      	movs	r2, r4
1000141e:	002b      	movs	r3, r5
10001420:	1a12      	subs	r2, r2, r0
10001422:	418b      	sbcs	r3, r1
10001424:	2b00      	cmp	r3, #0
10001426:	dc15      	bgt.n	10001454 <sleep_until+0x58>
10001428:	2b00      	cmp	r3, #0
1000142a:	d044      	beq.n	100014b6 <sleep_until+0xba>
1000142c:	0030      	movs	r0, r6
1000142e:	0039      	movs	r1, r7
10001430:	f000 f96c 	bl	1000170c <busy_wait_until>
10001434:	b002      	add	sp, #8
10001436:	bc80      	pop	{r7}
10001438:	46b8      	mov	r8, r7
1000143a:	bdf0      	pop	{r4, r5, r6, r7, pc}
1000143c:	4284      	cmp	r4, r0
1000143e:	d9eb      	bls.n	10001418 <sleep_until+0x1c>
10001440:	2400      	movs	r4, #0
10001442:	2500      	movs	r5, #0
10001444:	f000 f958 	bl	100016f8 <time_us_64>
10001448:	0022      	movs	r2, r4
1000144a:	002b      	movs	r3, r5
1000144c:	1a12      	subs	r2, r2, r0
1000144e:	418b      	sbcs	r3, r1
10001450:	2b00      	cmp	r3, #0
10001452:	dde9      	ble.n	10001428 <sleep_until+0x2c>
10001454:	f000 f950 	bl	100016f8 <time_us_64>
10001458:	0022      	movs	r2, r4
1000145a:	002b      	movs	r3, r5
1000145c:	1a12      	subs	r2, r2, r0
1000145e:	418b      	sbcs	r3, r1
10001460:	2b00      	cmp	r3, #0
10001462:	db0a      	blt.n	1000147a <sleep_until+0x7e>
10001464:	2300      	movs	r3, #0
10001466:	9301      	str	r3, [sp, #4]
10001468:	4b14      	ldr	r3, [pc, #80]	@ (100014bc <sleep_until+0xc0>)
1000146a:	0022      	movs	r2, r4
1000146c:	9300      	str	r3, [sp, #0]
1000146e:	4814      	ldr	r0, [pc, #80]	@ (100014c0 <sleep_until+0xc4>)
10001470:	002b      	movs	r3, r5
10001472:	f7ff ff2f 	bl	100012d4 <alarm_pool_add_alarm_at_force_in_context>
10001476:	3001      	adds	r0, #1
10001478:	d0d8      	beq.n	1000142c <sleep_until+0x30>
1000147a:	46a0      	mov	r8, r4
1000147c:	0029      	movs	r1, r5
1000147e:	2400      	movs	r4, #0
10001480:	4a10      	ldr	r2, [pc, #64]	@ (100014c4 <sleep_until+0xc8>)
10001482:	4811      	ldr	r0, [pc, #68]	@ (100014c8 <sleep_until+0xcc>)
10001484:	6a53      	ldr	r3, [r2, #36]	@ 0x24
10001486:	4299      	cmp	r1, r3
10001488:	d804      	bhi.n	10001494 <sleep_until+0x98>
1000148a:	6a95      	ldr	r5, [r2, #40]	@ 0x28
1000148c:	4545      	cmp	r5, r8
1000148e:	d2cd      	bcs.n	1000142c <sleep_until+0x30>
10001490:	4299      	cmp	r1, r3
10001492:	d1cb      	bne.n	1000142c <sleep_until+0x30>
10001494:	6805      	ldr	r5, [r0, #0]
10001496:	f3ef 8c10 	mrs	ip, PRIMASK
1000149a:	b672      	cpsid	i
1000149c:	682b      	ldr	r3, [r5, #0]
1000149e:	2b00      	cmp	r3, #0
100014a0:	d0fc      	beq.n	1000149c <sleep_until+0xa0>
100014a2:	f3bf 8f5f 	dmb	sy
100014a6:	6803      	ldr	r3, [r0, #0]
100014a8:	f3bf 8f5f 	dmb	sy
100014ac:	601c      	str	r4, [r3, #0]
100014ae:	f38c 8810 	msr	PRIMASK, ip
100014b2:	bf20      	wfe
100014b4:	e7e6      	b.n	10001484 <sleep_until+0x88>
100014b6:	2a00      	cmp	r2, #0
100014b8:	d0b8      	beq.n	1000142c <sleep_until+0x30>
100014ba:	e7cb      	b.n	10001454 <sleep_until+0x58>
100014bc:	10000df1 	.word	0x10000df1
100014c0:	200011c4 	.word	0x200011c4
100014c4:	40054000 	.word	0x40054000
100014c8:	20002c44 	.word	0x20002c44

100014cc <sleep_ms>:
100014cc:	b5f0      	push	{r4, r5, r6, r7, lr}
100014ce:	46c6      	mov	lr, r8
100014d0:	b500      	push	{lr}
100014d2:	b082      	sub	sp, #8
100014d4:	0004      	movs	r4, r0
100014d6:	f000 f90f 	bl	100016f8 <time_us_64>
100014da:	22fa      	movs	r2, #250	@ 0xfa
100014dc:	0006      	movs	r6, r0
100014de:	000f      	movs	r7, r1
100014e0:	0020      	movs	r0, r4
100014e2:	2300      	movs	r3, #0
100014e4:	2100      	movs	r1, #0
100014e6:	0092      	lsls	r2, r2, #2
100014e8:	f000 ffe8 	bl	100024bc <__wrap___aeabi_lmul>
100014ec:	1980      	adds	r0, r0, r6
100014ee:	4179      	adcs	r1, r7
100014f0:	0004      	movs	r4, r0
100014f2:	1e0d      	subs	r5, r1, #0
100014f4:	da02      	bge.n	100014fc <sleep_ms+0x30>
100014f6:	2401      	movs	r4, #1
100014f8:	4d2e      	ldr	r5, [pc, #184]	@ (100015b4 <sleep_ms+0xe8>)
100014fa:	4264      	negs	r4, r4
100014fc:	2606      	movs	r6, #6
100014fe:	4276      	negs	r6, r6
10001500:	17f7      	asrs	r7, r6, #31
10001502:	1936      	adds	r6, r6, r4
10001504:	416f      	adcs	r7, r5
10001506:	42af      	cmp	r7, r5
10001508:	d814      	bhi.n	10001534 <sleep_ms+0x68>
1000150a:	d011      	beq.n	10001530 <sleep_ms+0x64>
1000150c:	f000 f8f4 	bl	100016f8 <time_us_64>
10001510:	0032      	movs	r2, r6
10001512:	003b      	movs	r3, r7
10001514:	1a12      	subs	r2, r2, r0
10001516:	418b      	sbcs	r3, r1
10001518:	2b00      	cmp	r3, #0
1000151a:	dc15      	bgt.n	10001548 <sleep_ms+0x7c>
1000151c:	2b00      	cmp	r3, #0
1000151e:	d046      	beq.n	100015ae <sleep_ms+0xe2>
10001520:	0020      	movs	r0, r4
10001522:	0029      	movs	r1, r5
10001524:	f000 f8f2 	bl	1000170c <busy_wait_until>
10001528:	b002      	add	sp, #8
1000152a:	bc80      	pop	{r7}
1000152c:	46b8      	mov	r8, r7
1000152e:	bdf0      	pop	{r4, r5, r6, r7, pc}
10001530:	42a6      	cmp	r6, r4
10001532:	d9eb      	bls.n	1000150c <sleep_ms+0x40>
10001534:	2600      	movs	r6, #0
10001536:	2700      	movs	r7, #0
10001538:	f000 f8de 	bl	100016f8 <time_us_64>
1000153c:	0032      	movs	r2, r6
1000153e:	003b      	movs	r3, r7
10001540:	1a12      	subs	r2, r2, r0
10001542:	418b      	sbcs	r3, r1
10001544:	2b00      	cmp	r3, #0
10001546:	dde9      	ble.n	1000151c <sleep_ms+0x50>
10001548:	f000 f8d6 	bl	100016f8 <time_us_64>
1000154c:	0032      	movs	r2, r6
1000154e:	003b      	movs	r3, r7
10001550:	1a12      	subs	r2, r2, r0
10001552:	418b      	sbcs	r3, r1
10001554:	2b00      	cmp	r3, #0
10001556:	db0a      	blt.n	1000156e <sleep_ms+0xa2>
10001558:	2300      	movs	r3, #0
1000155a:	9301      	str	r3, [sp, #4]
1000155c:	4b16      	ldr	r3, [pc, #88]	@ (100015b8 <sleep_ms+0xec>)
1000155e:	0032      	movs	r2, r6
10001560:	9300      	str	r3, [sp, #0]
10001562:	4816      	ldr	r0, [pc, #88]	@ (100015bc <sleep_ms+0xf0>)
10001564:	003b      	movs	r3, r7
10001566:	f7ff feb5 	bl	100012d4 <alarm_pool_add_alarm_at_force_in_context>
1000156a:	3001      	adds	r0, #1
1000156c:	d0d8      	beq.n	10001520 <sleep_ms+0x54>
1000156e:	2300      	movs	r3, #0
10001570:	0039      	movs	r1, r7
10001572:	46b0      	mov	r8, r6
10001574:	469c      	mov	ip, r3
10001576:	4a12      	ldr	r2, [pc, #72]	@ (100015c0 <sleep_ms+0xf4>)
10001578:	4812      	ldr	r0, [pc, #72]	@ (100015c4 <sleep_ms+0xf8>)
1000157a:	6a53      	ldr	r3, [r2, #36]	@ 0x24
1000157c:	4299      	cmp	r1, r3
1000157e:	d804      	bhi.n	1000158a <sleep_ms+0xbe>
10001580:	6a96      	ldr	r6, [r2, #40]	@ 0x28
10001582:	4546      	cmp	r6, r8
10001584:	d2cc      	bcs.n	10001520 <sleep_ms+0x54>
10001586:	4299      	cmp	r1, r3
10001588:	d1ca      	bne.n	10001520 <sleep_ms+0x54>
1000158a:	6806      	ldr	r6, [r0, #0]
1000158c:	f3ef 8710 	mrs	r7, PRIMASK
10001590:	b672      	cpsid	i
10001592:	6833      	ldr	r3, [r6, #0]
10001594:	2b00      	cmp	r3, #0
10001596:	d0fc      	beq.n	10001592 <sleep_ms+0xc6>
10001598:	f3bf 8f5f 	dmb	sy
1000159c:	6803      	ldr	r3, [r0, #0]
1000159e:	f3bf 8f5f 	dmb	sy
100015a2:	4666      	mov	r6, ip
100015a4:	601e      	str	r6, [r3, #0]
100015a6:	f387 8810 	msr	PRIMASK, r7
100015aa:	bf20      	wfe
100015ac:	e7e5      	b.n	1000157a <sleep_ms+0xae>
100015ae:	2a00      	cmp	r2, #0
100015b0:	d0b6      	beq.n	10001520 <sleep_ms+0x54>
100015b2:	e7c9      	b.n	10001548 <sleep_ms+0x7c>
100015b4:	7fffffff 	.word	0x7fffffff
100015b8:	10000df1 	.word	0x10000df1
100015bc:	200011c4 	.word	0x200011c4
100015c0:	40054000 	.word	0x40054000
100015c4:	20002c44 	.word	0x20002c44

100015c8 <best_effort_wfe_or_timeout>:
100015c8:	b5f0      	push	{r4, r5, r6, r7, lr}
100015ca:	4657      	mov	r7, sl
100015cc:	464e      	mov	r6, r9
100015ce:	46de      	mov	lr, fp
100015d0:	4645      	mov	r5, r8
100015d2:	b5e0      	push	{r5, r6, r7, lr}
100015d4:	0006      	movs	r6, r0
100015d6:	000f      	movs	r7, r1
100015d8:	b085      	sub	sp, #20
100015da:	f3ef 8305 	mrs	r3, IPSR
100015de:	4699      	mov	r9, r3
100015e0:	468b      	mov	fp, r1
100015e2:	2b00      	cmp	r3, #0
100015e4:	d012      	beq.n	1000160c <best_effort_wfe_or_timeout+0x44>
100015e6:	4938      	ldr	r1, [pc, #224]	@ (100016c8 <best_effort_wfe_or_timeout+0x100>)
100015e8:	2000      	movs	r0, #0
100015ea:	6a4b      	ldr	r3, [r1, #36]	@ 0x24
100015ec:	42bb      	cmp	r3, r7
100015ee:	d306      	bcc.n	100015fe <best_effort_wfe_or_timeout+0x36>
100015f0:	6a8a      	ldr	r2, [r1, #40]	@ 0x28
100015f2:	1bdb      	subs	r3, r3, r7
100015f4:	1e59      	subs	r1, r3, #1
100015f6:	418b      	sbcs	r3, r1
100015f8:	42b2      	cmp	r2, r6
100015fa:	4140      	adcs	r0, r0
100015fc:	4318      	orrs	r0, r3
100015fe:	b005      	add	sp, #20
10001600:	bcf0      	pop	{r4, r5, r6, r7}
10001602:	46bb      	mov	fp, r7
10001604:	46b2      	mov	sl, r6
10001606:	46a9      	mov	r9, r5
10001608:	46a0      	mov	r8, r4
1000160a:	bdf0      	pop	{r4, r5, r6, r7, pc}
1000160c:	4b2f      	ldr	r3, [pc, #188]	@ (100016cc <best_effort_wfe_or_timeout+0x104>)
1000160e:	469a      	mov	sl, r3
10001610:	68db      	ldr	r3, [r3, #12]
10001612:	4698      	mov	r8, r3
10001614:	4653      	mov	r3, sl
10001616:	781b      	ldrb	r3, [r3, #0]
10001618:	4640      	mov	r0, r8
1000161a:	9303      	str	r3, [sp, #12]
1000161c:	f000 f864 	bl	100016e8 <timer_time_us_64>
10001620:	4642      	mov	r2, r8
10001622:	9b03      	ldr	r3, [sp, #12]
10001624:	0004      	movs	r4, r0
10001626:	3304      	adds	r3, #4
10001628:	009b      	lsls	r3, r3, #2
1000162a:	589b      	ldr	r3, [r3, r2]
1000162c:	000d      	movs	r5, r1
1000162e:	1a1b      	subs	r3, r3, r0
10001630:	0039      	movs	r1, r7
10001632:	0030      	movs	r0, r6
10001634:	1b00      	subs	r0, r0, r4
10001636:	41a9      	sbcs	r1, r5
10001638:	4589      	cmp	r9, r1
1000163a:	dc10      	bgt.n	1000165e <best_effort_wfe_or_timeout+0x96>
1000163c:	d00d      	beq.n	1000165a <best_effort_wfe_or_timeout+0x92>
1000163e:	bf20      	wfe
10001640:	4a21      	ldr	r2, [pc, #132]	@ (100016c8 <best_effort_wfe_or_timeout+0x100>)
10001642:	2000      	movs	r0, #0
10001644:	6a53      	ldr	r3, [r2, #36]	@ 0x24
10001646:	455b      	cmp	r3, fp
10001648:	d3d9      	bcc.n	100015fe <best_effort_wfe_or_timeout+0x36>
1000164a:	6a92      	ldr	r2, [r2, #40]	@ 0x28
1000164c:	1bdb      	subs	r3, r3, r7
1000164e:	1e59      	subs	r1, r3, #1
10001650:	418b      	sbcs	r3, r1
10001652:	42b2      	cmp	r2, r6
10001654:	4140      	adcs	r0, r0
10001656:	4318      	orrs	r0, r3
10001658:	e7d1      	b.n	100015fe <best_effort_wfe_or_timeout+0x36>
1000165a:	4283      	cmp	r3, r0
1000165c:	d9ef      	bls.n	1000163e <best_effort_wfe_or_timeout+0x76>
1000165e:	f000 f84b 	bl	100016f8 <time_us_64>
10001662:	0032      	movs	r2, r6
10001664:	003b      	movs	r3, r7
10001666:	1a12      	subs	r2, r2, r0
10001668:	418b      	sbcs	r3, r1
1000166a:	2b00      	cmp	r3, #0
1000166c:	db1a      	blt.n	100016a4 <best_effort_wfe_or_timeout+0xdc>
1000166e:	2300      	movs	r3, #0
10001670:	9301      	str	r3, [sp, #4]
10001672:	4b17      	ldr	r3, [pc, #92]	@ (100016d0 <best_effort_wfe_or_timeout+0x108>)
10001674:	0032      	movs	r2, r6
10001676:	9300      	str	r3, [sp, #0]
10001678:	4650      	mov	r0, sl
1000167a:	003b      	movs	r3, r7
1000167c:	f7ff fe2a 	bl	100012d4 <alarm_pool_add_alarm_at_force_in_context>
10001680:	1e01      	subs	r1, r0, #0
10001682:	dd0f      	ble.n	100016a4 <best_effort_wfe_or_timeout+0xdc>
10001684:	4b10      	ldr	r3, [pc, #64]	@ (100016c8 <best_effort_wfe_or_timeout+0x100>)
10001686:	6a5a      	ldr	r2, [r3, #36]	@ 0x24
10001688:	455a      	cmp	r2, fp
1000168a:	d31b      	bcc.n	100016c4 <best_effort_wfe_or_timeout+0xfc>
1000168c:	6a9b      	ldr	r3, [r3, #40]	@ 0x28
1000168e:	42b3      	cmp	r3, r6
10001690:	d316      	bcc.n	100016c0 <best_effort_wfe_or_timeout+0xf8>
10001692:	4650      	mov	r0, sl
10001694:	f7ff fe76 	bl	10001384 <alarm_pool_cancel_alarm>
10001698:	4a0b      	ldr	r2, [pc, #44]	@ (100016c8 <best_effort_wfe_or_timeout+0x100>)
1000169a:	2000      	movs	r0, #0
1000169c:	6a53      	ldr	r3, [r2, #36]	@ 0x24
1000169e:	455b      	cmp	r3, fp
100016a0:	d3ad      	bcc.n	100015fe <best_effort_wfe_or_timeout+0x36>
100016a2:	e7d2      	b.n	1000164a <best_effort_wfe_or_timeout+0x82>
100016a4:	4a08      	ldr	r2, [pc, #32]	@ (100016c8 <best_effort_wfe_or_timeout+0x100>)
100016a6:	2000      	movs	r0, #0
100016a8:	6a53      	ldr	r3, [r2, #36]	@ 0x24
100016aa:	455b      	cmp	r3, fp
100016ac:	d3a7      	bcc.n	100015fe <best_effort_wfe_or_timeout+0x36>
100016ae:	2000      	movs	r0, #0
100016b0:	6a92      	ldr	r2, [r2, #40]	@ 0x28
100016b2:	1bdb      	subs	r3, r3, r7
100016b4:	42b2      	cmp	r2, r6
100016b6:	4140      	adcs	r0, r0
100016b8:	1e5a      	subs	r2, r3, #1
100016ba:	4193      	sbcs	r3, r2
100016bc:	4318      	orrs	r0, r3
100016be:	e79e      	b.n	100015fe <best_effort_wfe_or_timeout+0x36>
100016c0:	455a      	cmp	r2, fp
100016c2:	d1e6      	bne.n	10001692 <best_effort_wfe_or_timeout+0xca>
100016c4:	bf20      	wfe
100016c6:	e7e4      	b.n	10001692 <best_effort_wfe_or_timeout+0xca>
100016c8:	40054000 	.word	0x40054000
100016cc:	200011c4 	.word	0x200011c4
100016d0:	10000df1 	.word	0x10000df1

100016d4 <timer_hardware_alarm_claim>:
100016d4:	b510      	push	{r4, lr}
100016d6:	4a02      	ldr	r2, [pc, #8]	@ (100016e0 <timer_hardware_alarm_claim+0xc>)
100016d8:	4802      	ldr	r0, [pc, #8]	@ (100016e4 <timer_hardware_alarm_claim+0x10>)
100016da:	f7fe ff81 	bl	100005e0 <hw_claim_or_assert>
100016de:	bd10      	pop	{r4, pc}
100016e0:	1000aad8 	.word	0x1000aad8
100016e4:	20001dc0 	.word	0x20001dc0

100016e8 <timer_time_us_64>:
100016e8:	0003      	movs	r3, r0
100016ea:	6a41      	ldr	r1, [r0, #36]	@ 0x24
100016ec:	000a      	movs	r2, r1
100016ee:	6a98      	ldr	r0, [r3, #40]	@ 0x28
100016f0:	6a59      	ldr	r1, [r3, #36]	@ 0x24
100016f2:	428a      	cmp	r2, r1
100016f4:	d1fa      	bne.n	100016ec <timer_time_us_64+0x4>
100016f6:	4770      	bx	lr

100016f8 <time_us_64>:
100016f8:	4b03      	ldr	r3, [pc, #12]	@ (10001708 <time_us_64+0x10>)
100016fa:	6a59      	ldr	r1, [r3, #36]	@ 0x24
100016fc:	000a      	movs	r2, r1
100016fe:	6a98      	ldr	r0, [r3, #40]	@ 0x28
10001700:	6a59      	ldr	r1, [r3, #36]	@ 0x24
10001702:	4291      	cmp	r1, r2
10001704:	d1fa      	bne.n	100016fc <time_us_64+0x4>
10001706:	4770      	bx	lr
10001708:	40054000 	.word	0x40054000

1000170c <busy_wait_until>:
1000170c:	4a06      	ldr	r2, [pc, #24]	@ (10001728 <busy_wait_until+0x1c>)
1000170e:	6a53      	ldr	r3, [r2, #36]	@ 0x24
10001710:	4299      	cmp	r1, r3
10001712:	d8fc      	bhi.n	1000170e <busy_wait_until+0x2>
10001714:	d107      	bne.n	10001726 <busy_wait_until+0x1a>
10001716:	4b04      	ldr	r3, [pc, #16]	@ (10001728 <busy_wait_until+0x1c>)
10001718:	e002      	b.n	10001720 <busy_wait_until+0x14>
1000171a:	6a5a      	ldr	r2, [r3, #36]	@ 0x24
1000171c:	4291      	cmp	r1, r2
1000171e:	d102      	bne.n	10001726 <busy_wait_until+0x1a>
10001720:	6a9a      	ldr	r2, [r3, #40]	@ 0x28
10001722:	4290      	cmp	r0, r2
10001724:	d8f9      	bhi.n	1000171a <busy_wait_until+0xe>
10001726:	4770      	bx	lr
10001728:	40054000 	.word	0x40054000

1000172c <clock_configure_int_divider>:
1000172c:	b5f8      	push	{r3, r4, r5, r6, r7, lr}
1000172e:	46de      	mov	lr, fp
10001730:	464e      	mov	r6, r9
10001732:	4657      	mov	r7, sl
10001734:	4645      	mov	r5, r8
10001736:	b5e0      	push	{r5, r6, r7, lr}
10001738:	468b      	mov	fp, r1
1000173a:	0005      	movs	r5, r0
1000173c:	990a      	ldr	r1, [sp, #40]	@ 0x28
1000173e:	0018      	movs	r0, r3
10001740:	0016      	movs	r6, r2
10001742:	f000 fb41 	bl	10001dc8 <__wrap___aeabi_uidiv>
10001746:	9b0a      	ldr	r3, [sp, #40]	@ 0x28
10001748:	006c      	lsls	r4, r5, #1
1000174a:	021f      	lsls	r7, r3, #8
1000174c:	4b32      	ldr	r3, [pc, #200]	@ (10001818 <clock_configure_int_divider+0xec>)
1000174e:	1964      	adds	r4, r4, r5
10001750:	469c      	mov	ip, r3
10001752:	00a4      	lsls	r4, r4, #2
10001754:	4464      	add	r4, ip
10001756:	6863      	ldr	r3, [r4, #4]
10001758:	4681      	mov	r9, r0
1000175a:	429f      	cmp	r7, r3
1000175c:	d900      	bls.n	10001760 <clock_configure_int_divider+0x34>
1000175e:	6067      	str	r7, [r4, #4]
10001760:	1f2b      	subs	r3, r5, #4
10001762:	b2db      	uxtb	r3, r3
10001764:	4698      	mov	r8, r3
10001766:	2b01      	cmp	r3, #1
10001768:	d930      	bls.n	100017cc <clock_configure_int_divider+0xa0>
1000176a:	23c0      	movs	r3, #192	@ 0xc0
1000176c:	2280      	movs	r2, #128	@ 0x80
1000176e:	019b      	lsls	r3, r3, #6
10001770:	18e3      	adds	r3, r4, r3
10001772:	0112      	lsls	r2, r2, #4
10001774:	601a      	str	r2, [r3, #0]
10001776:	4b29      	ldr	r3, [pc, #164]	@ (1000181c <clock_configure_int_divider+0xf0>)
10001778:	00ad      	lsls	r5, r5, #2
1000177a:	5959      	ldr	r1, [r3, r5]
1000177c:	469a      	mov	sl, r3
1000177e:	2900      	cmp	r1, #0
10001780:	d11b      	bne.n	100017ba <clock_configure_int_divider+0x8e>
10001782:	0173      	lsls	r3, r6, #5
10001784:	26e0      	movs	r6, #224	@ 0xe0
10001786:	6822      	ldr	r2, [r4, #0]
10001788:	4053      	eors	r3, r2
1000178a:	401e      	ands	r6, r3
1000178c:	2380      	movs	r3, #128	@ 0x80
1000178e:	4642      	mov	r2, r8
10001790:	015b      	lsls	r3, r3, #5
10001792:	18e3      	adds	r3, r4, r3
10001794:	601e      	str	r6, [r3, #0]
10001796:	2a01      	cmp	r2, #1
10001798:	d930      	bls.n	100017fc <clock_configure_int_divider+0xd0>
1000179a:	2380      	movs	r3, #128	@ 0x80
1000179c:	2280      	movs	r2, #128	@ 0x80
1000179e:	019b      	lsls	r3, r3, #6
100017a0:	18e3      	adds	r3, r4, r3
100017a2:	0112      	lsls	r2, r2, #4
100017a4:	601a      	str	r2, [r3, #0]
100017a6:	4653      	mov	r3, sl
100017a8:	464a      	mov	r2, r9
100017aa:	6067      	str	r7, [r4, #4]
100017ac:	515a      	str	r2, [r3, r5]
100017ae:	bcf0      	pop	{r4, r5, r6, r7}
100017b0:	46bb      	mov	fp, r7
100017b2:	46b2      	mov	sl, r6
100017b4:	46a9      	mov	r9, r5
100017b6:	46a0      	mov	r8, r4
100017b8:	bdf8      	pop	{r3, r4, r5, r6, r7, pc}
100017ba:	6958      	ldr	r0, [r3, #20]
100017bc:	f000 fb04 	bl	10001dc8 <__wrap___aeabi_uidiv>
100017c0:	3001      	adds	r0, #1
100017c2:	0043      	lsls	r3, r0, #1
100017c4:	181b      	adds	r3, r3, r0
100017c6:	3b03      	subs	r3, #3
100017c8:	d2fd      	bcs.n	100017c6 <clock_configure_int_divider+0x9a>
100017ca:	e7da      	b.n	10001782 <clock_configure_int_divider+0x56>
100017cc:	465b      	mov	r3, fp
100017ce:	2b01      	cmp	r3, #1
100017d0:	d1cb      	bne.n	1000176a <clock_configure_int_divider+0x3e>
100017d2:	23c0      	movs	r3, #192	@ 0xc0
100017d4:	2203      	movs	r2, #3
100017d6:	019b      	lsls	r3, r3, #6
100017d8:	18e3      	adds	r3, r4, r3
100017da:	601a      	str	r2, [r3, #0]
100017dc:	3a02      	subs	r2, #2
100017de:	68a3      	ldr	r3, [r4, #8]
100017e0:	421a      	tst	r2, r3
100017e2:	d0fc      	beq.n	100017de <clock_configure_int_divider+0xb2>
100017e4:	0173      	lsls	r3, r6, #5
100017e6:	26e0      	movs	r6, #224	@ 0xe0
100017e8:	6822      	ldr	r2, [r4, #0]
100017ea:	00ad      	lsls	r5, r5, #2
100017ec:	4053      	eors	r3, r2
100017ee:	401e      	ands	r6, r3
100017f0:	2380      	movs	r3, #128	@ 0x80
100017f2:	4a0a      	ldr	r2, [pc, #40]	@ (1000181c <clock_configure_int_divider+0xf0>)
100017f4:	015b      	lsls	r3, r3, #5
100017f6:	4692      	mov	sl, r2
100017f8:	18e3      	adds	r3, r4, r3
100017fa:	601e      	str	r6, [r3, #0]
100017fc:	465a      	mov	r2, fp
100017fe:	6821      	ldr	r1, [r4, #0]
10001800:	4051      	eors	r1, r2
10001802:	2203      	movs	r2, #3
10001804:	400a      	ands	r2, r1
10001806:	601a      	str	r2, [r3, #0]
10001808:	2201      	movs	r2, #1
1000180a:	465b      	mov	r3, fp
1000180c:	409a      	lsls	r2, r3
1000180e:	68a3      	ldr	r3, [r4, #8]
10001810:	421a      	tst	r2, r3
10001812:	d0fc      	beq.n	1000180e <clock_configure_int_divider+0xe2>
10001814:	e7c1      	b.n	1000179a <clock_configure_int_divider+0x6e>
10001816:	46c0      	nop			@ (mov r8, r8)
10001818:	40008000 	.word	0x40008000
1000181c:	20001dc8 	.word	0x20001dc8

10001820 <clock_configure_undivided>:
10001820:	b5f0      	push	{r4, r5, r6, r7, lr}
10001822:	4646      	mov	r6, r8
10001824:	464f      	mov	r7, r9
10001826:	46d6      	mov	lr, sl
10001828:	b5c0      	push	{r6, r7, lr}
1000182a:	001f      	movs	r7, r3
1000182c:	4b34      	ldr	r3, [pc, #208]	@ (10001900 <clock_configure_undivided+0xe0>)
1000182e:	0044      	lsls	r4, r0, #1
10001830:	469c      	mov	ip, r3
10001832:	1824      	adds	r4, r4, r0
10001834:	00a4      	lsls	r4, r4, #2
10001836:	4464      	add	r4, ip
10001838:	6863      	ldr	r3, [r4, #4]
1000183a:	4688      	mov	r8, r1
1000183c:	0016      	movs	r6, r2
1000183e:	2bff      	cmp	r3, #255	@ 0xff
10001840:	d802      	bhi.n	10001848 <clock_configure_undivided+0x28>
10001842:	2380      	movs	r3, #128	@ 0x80
10001844:	005b      	lsls	r3, r3, #1
10001846:	6063      	str	r3, [r4, #4]
10001848:	1f03      	subs	r3, r0, #4
1000184a:	b2db      	uxtb	r3, r3
1000184c:	469a      	mov	sl, r3
1000184e:	2b01      	cmp	r3, #1
10001850:	d930      	bls.n	100018b4 <clock_configure_undivided+0x94>
10001852:	23c0      	movs	r3, #192	@ 0xc0
10001854:	2280      	movs	r2, #128	@ 0x80
10001856:	019b      	lsls	r3, r3, #6
10001858:	18e3      	adds	r3, r4, r3
1000185a:	0112      	lsls	r2, r2, #4
1000185c:	601a      	str	r2, [r3, #0]
1000185e:	4b29      	ldr	r3, [pc, #164]	@ (10001904 <clock_configure_undivided+0xe4>)
10001860:	0085      	lsls	r5, r0, #2
10001862:	5959      	ldr	r1, [r3, r5]
10001864:	4699      	mov	r9, r3
10001866:	2900      	cmp	r1, #0
10001868:	d11b      	bne.n	100018a2 <clock_configure_undivided+0x82>
1000186a:	0173      	lsls	r3, r6, #5
1000186c:	26e0      	movs	r6, #224	@ 0xe0
1000186e:	6822      	ldr	r2, [r4, #0]
10001870:	4053      	eors	r3, r2
10001872:	401e      	ands	r6, r3
10001874:	2380      	movs	r3, #128	@ 0x80
10001876:	4652      	mov	r2, sl
10001878:	015b      	lsls	r3, r3, #5
1000187a:	18e3      	adds	r3, r4, r3
1000187c:	601e      	str	r6, [r3, #0]
1000187e:	2a01      	cmp	r2, #1
10001880:	d930      	bls.n	100018e4 <clock_configure_undivided+0xc4>
10001882:	2380      	movs	r3, #128	@ 0x80
10001884:	2280      	movs	r2, #128	@ 0x80
10001886:	019b      	lsls	r3, r3, #6
10001888:	18e3      	adds	r3, r4, r3
1000188a:	0112      	lsls	r2, r2, #4
1000188c:	601a      	str	r2, [r3, #0]
1000188e:	2380      	movs	r3, #128	@ 0x80
10001890:	005b      	lsls	r3, r3, #1
10001892:	6063      	str	r3, [r4, #4]
10001894:	464b      	mov	r3, r9
10001896:	515f      	str	r7, [r3, r5]
10001898:	bce0      	pop	{r5, r6, r7}
1000189a:	46ba      	mov	sl, r7
1000189c:	46b1      	mov	r9, r6
1000189e:	46a8      	mov	r8, r5
100018a0:	bdf0      	pop	{r4, r5, r6, r7, pc}
100018a2:	6958      	ldr	r0, [r3, #20]
100018a4:	f000 fa90 	bl	10001dc8 <__wrap___aeabi_uidiv>
100018a8:	3001      	adds	r0, #1
100018aa:	0043      	lsls	r3, r0, #1
100018ac:	181b      	adds	r3, r3, r0
100018ae:	3b03      	subs	r3, #3
100018b0:	d2fd      	bcs.n	100018ae <clock_configure_undivided+0x8e>
100018b2:	e7da      	b.n	1000186a <clock_configure_undivided+0x4a>
100018b4:	4643      	mov	r3, r8
100018b6:	2b01      	cmp	r3, #1
100018b8:	d1cb      	bne.n	10001852 <clock_configure_undivided+0x32>
100018ba:	23c0      	movs	r3, #192	@ 0xc0
100018bc:	2203      	movs	r2, #3
100018be:	019b      	lsls	r3, r3, #6
100018c0:	18e3      	adds	r3, r4, r3
100018c2:	601a      	str	r2, [r3, #0]
100018c4:	3a02      	subs	r2, #2
100018c6:	68a3      	ldr	r3, [r4, #8]
100018c8:	421a      	tst	r2, r3
100018ca:	d0fc      	beq.n	100018c6 <clock_configure_undivided+0xa6>
100018cc:	0173      	lsls	r3, r6, #5
100018ce:	26e0      	movs	r6, #224	@ 0xe0
100018d0:	6822      	ldr	r2, [r4, #0]
100018d2:	0085      	lsls	r5, r0, #2
100018d4:	4053      	eors	r3, r2
100018d6:	401e      	ands	r6, r3
100018d8:	2380      	movs	r3, #128	@ 0x80
100018da:	4a0a      	ldr	r2, [pc, #40]	@ (10001904 <clock_configure_undivided+0xe4>)
100018dc:	015b      	lsls	r3, r3, #5
100018de:	4691      	mov	r9, r2
100018e0:	18e3      	adds	r3, r4, r3
100018e2:	601e      	str	r6, [r3, #0]
100018e4:	4642      	mov	r2, r8
100018e6:	6821      	ldr	r1, [r4, #0]
100018e8:	4051      	eors	r1, r2
100018ea:	2203      	movs	r2, #3
100018ec:	400a      	ands	r2, r1
100018ee:	601a      	str	r2, [r3, #0]
100018f0:	2301      	movs	r3, #1
100018f2:	4642      	mov	r2, r8
100018f4:	4093      	lsls	r3, r2
100018f6:	68a2      	ldr	r2, [r4, #8]
100018f8:	4213      	tst	r3, r2
100018fa:	d0fc      	beq.n	100018f6 <clock_configure_undivided+0xd6>
100018fc:	e7c1      	b.n	10001882 <clock_configure_undivided+0x62>
100018fe:	46c0      	nop			@ (mov r8, r8)
10001900:	40008000 	.word	0x40008000
10001904:	20001dc8 	.word	0x20001dc8

10001908 <clock_get_hz>:
10001908:	4b01      	ldr	r3, [pc, #4]	@ (10001910 <clock_get_hz+0x8>)
1000190a:	0080      	lsls	r0, r0, #2
1000190c:	58c0      	ldr	r0, [r0, r3]
1000190e:	4770      	bx	lr
10001910:	20001dc8 	.word	0x20001dc8

10001914 <pll_init>:
10001914:	b5f8      	push	{r3, r4, r5, r6, r7, lr}
10001916:	0004      	movs	r4, r0
10001918:	4821      	ldr	r0, [pc, #132]	@ (100019a0 <pll_init+0x8c>)
1000191a:	001e      	movs	r6, r3
1000191c:	0017      	movs	r7, r2
1000191e:	000d      	movs	r5, r1
10001920:	f000 fa52 	bl	10001dc8 <__wrap___aeabi_uidiv>
10001924:	0001      	movs	r1, r0
10001926:	0038      	movs	r0, r7
10001928:	f000 fa4e 	bl	10001dc8 <__wrap___aeabi_uidiv>
1000192c:	9b06      	ldr	r3, [sp, #24]
1000192e:	0436      	lsls	r6, r6, #16
10001930:	031b      	lsls	r3, r3, #12
10001932:	431e      	orrs	r6, r3
10001934:	6823      	ldr	r3, [r4, #0]
10001936:	2b00      	cmp	r3, #0
10001938:	db20      	blt.n	1000197c <pll_init+0x68>
1000193a:	4b1a      	ldr	r3, [pc, #104]	@ (100019a4 <pll_init+0x90>)
1000193c:	491a      	ldr	r1, [pc, #104]	@ (100019a8 <pll_init+0x94>)
1000193e:	18e3      	adds	r3, r4, r3
10001940:	1e5a      	subs	r2, r3, #1
10001942:	4193      	sbcs	r3, r2
10001944:	2280      	movs	r2, #128	@ 0x80
10001946:	0192      	lsls	r2, r2, #6
10001948:	4694      	mov	ip, r2
1000194a:	425b      	negs	r3, r3
1000194c:	0b1b      	lsrs	r3, r3, #12
1000194e:	4a17      	ldr	r2, [pc, #92]	@ (100019ac <pll_init+0x98>)
10001950:	031b      	lsls	r3, r3, #12
10001952:	4463      	add	r3, ip
10001954:	6013      	str	r3, [r2, #0]
10001956:	4a16      	ldr	r2, [pc, #88]	@ (100019b0 <pll_init+0x9c>)
10001958:	6013      	str	r3, [r2, #0]
1000195a:	001f      	movs	r7, r3
1000195c:	680a      	ldr	r2, [r1, #0]
1000195e:	4397      	bics	r7, r2
10001960:	d1fb      	bne.n	1000195a <pll_init+0x46>
10001962:	4b14      	ldr	r3, [pc, #80]	@ (100019b4 <pll_init+0xa0>)
10001964:	6025      	str	r5, [r4, #0]
10001966:	18e2      	adds	r2, r4, r3
10001968:	2321      	movs	r3, #33	@ 0x21
1000196a:	60a0      	str	r0, [r4, #8]
1000196c:	6013      	str	r3, [r2, #0]
1000196e:	6823      	ldr	r3, [r4, #0]
10001970:	2b00      	cmp	r3, #0
10001972:	dafc      	bge.n	1000196e <pll_init+0x5a>
10001974:	2308      	movs	r3, #8
10001976:	60e6      	str	r6, [r4, #12]
10001978:	6013      	str	r3, [r2, #0]
1000197a:	bdf8      	pop	{r3, r4, r5, r6, r7, pc}
1000197c:	233f      	movs	r3, #63	@ 0x3f
1000197e:	6822      	ldr	r2, [r4, #0]
10001980:	4013      	ands	r3, r2
10001982:	42ab      	cmp	r3, r5
10001984:	d1d9      	bne.n	1000193a <pll_init+0x26>
10001986:	68a3      	ldr	r3, [r4, #8]
10001988:	051b      	lsls	r3, r3, #20
1000198a:	0d1b      	lsrs	r3, r3, #20
1000198c:	4283      	cmp	r3, r0
1000198e:	d1d4      	bne.n	1000193a <pll_init+0x26>
10001990:	22ee      	movs	r2, #238	@ 0xee
10001992:	68e3      	ldr	r3, [r4, #12]
10001994:	02d2      	lsls	r2, r2, #11
10001996:	4013      	ands	r3, r2
10001998:	42b3      	cmp	r3, r6
1000199a:	d1ce      	bne.n	1000193a <pll_init+0x26>
1000199c:	e7ed      	b.n	1000197a <pll_init+0x66>
1000199e:	46c0      	nop			@ (mov r8, r8)
100019a0:	00b71b00 	.word	0x00b71b00
100019a4:	bffd4000 	.word	0xbffd4000
100019a8:	4000c008 	.word	0x4000c008
100019ac:	4000e000 	.word	0x4000e000
100019b0:	4000f000 	.word	0x4000f000
100019b4:	00003004 	.word	0x00003004

100019b8 <watchdog_reboot>:
100019b8:	b510      	push	{r4, lr}
100019ba:	2480      	movs	r4, #128	@ 0x80
100019bc:	4b1c      	ldr	r3, [pc, #112]	@ (10001a30 <watchdog_reboot+0x78>)
100019be:	05e4      	lsls	r4, r4, #23
100019c0:	601c      	str	r4, [r3, #0]
100019c2:	2800      	cmp	r0, #0
100019c4:	d01a      	beq.n	100019fc <watchdog_reboot+0x44>
100019c6:	2301      	movs	r3, #1
100019c8:	4c1a      	ldr	r4, [pc, #104]	@ (10001a34 <watchdog_reboot+0x7c>)
100019ca:	4318      	orrs	r0, r3
100019cc:	4b1a      	ldr	r3, [pc, #104]	@ (10001a38 <watchdog_reboot+0x80>)
100019ce:	61dc      	str	r4, [r3, #28]
100019d0:	4c1a      	ldr	r4, [pc, #104]	@ (10001a3c <watchdog_reboot+0x84>)
100019d2:	4044      	eors	r4, r0
100019d4:	621c      	str	r4, [r3, #32]
100019d6:	6259      	str	r1, [r3, #36]	@ 0x24
100019d8:	6298      	str	r0, [r3, #40]	@ 0x28
100019da:	2180      	movs	r1, #128	@ 0x80
100019dc:	4b14      	ldr	r3, [pc, #80]	@ (10001a30 <watchdog_reboot+0x78>)
100019de:	05c9      	lsls	r1, r1, #23
100019e0:	6019      	str	r1, [r3, #0]
100019e2:	4817      	ldr	r0, [pc, #92]	@ (10001a40 <watchdog_reboot+0x88>)
100019e4:	4917      	ldr	r1, [pc, #92]	@ (10001a44 <watchdog_reboot+0x8c>)
100019e6:	6008      	str	r0, [r1, #0]
100019e8:	21e0      	movs	r1, #224	@ 0xe0
100019ea:	04c9      	lsls	r1, r1, #19
100019ec:	6019      	str	r1, [r3, #0]
100019ee:	2a00      	cmp	r2, #0
100019f0:	d107      	bne.n	10001a02 <watchdog_reboot+0x4a>
100019f2:	2280      	movs	r2, #128	@ 0x80
100019f4:	4b14      	ldr	r3, [pc, #80]	@ (10001a48 <watchdog_reboot+0x90>)
100019f6:	0612      	lsls	r2, r2, #24
100019f8:	601a      	str	r2, [r3, #0]
100019fa:	bd10      	pop	{r4, pc}
100019fc:	4b0e      	ldr	r3, [pc, #56]	@ (10001a38 <watchdog_reboot+0x80>)
100019fe:	61d8      	str	r0, [r3, #28]
10001a00:	e7eb      	b.n	100019da <watchdog_reboot+0x22>
10001a02:	0153      	lsls	r3, r2, #5
10001a04:	1a9b      	subs	r3, r3, r2
10001a06:	009b      	lsls	r3, r3, #2
10001a08:	189a      	adds	r2, r3, r2
10001a0a:	2380      	movs	r3, #128	@ 0x80
10001a0c:	0112      	lsls	r2, r2, #4
10001a0e:	045b      	lsls	r3, r3, #17
10001a10:	429a      	cmp	r2, r3
10001a12:	d209      	bcs.n	10001a28 <watchdog_reboot+0x70>
10001a14:	0013      	movs	r3, r2
10001a16:	490d      	ldr	r1, [pc, #52]	@ (10001a4c <watchdog_reboot+0x94>)
10001a18:	600b      	str	r3, [r1, #0]
10001a1a:	4b07      	ldr	r3, [pc, #28]	@ (10001a38 <watchdog_reboot+0x80>)
10001a1c:	605a      	str	r2, [r3, #4]
10001a1e:	2280      	movs	r2, #128	@ 0x80
10001a20:	4b09      	ldr	r3, [pc, #36]	@ (10001a48 <watchdog_reboot+0x90>)
10001a22:	05d2      	lsls	r2, r2, #23
10001a24:	601a      	str	r2, [r3, #0]
10001a26:	e7e8      	b.n	100019fa <watchdog_reboot+0x42>
10001a28:	4b09      	ldr	r3, [pc, #36]	@ (10001a50 <watchdog_reboot+0x98>)
10001a2a:	001a      	movs	r2, r3
10001a2c:	e7f3      	b.n	10001a16 <watchdog_reboot+0x5e>
10001a2e:	46c0      	nop			@ (mov r8, r8)
10001a30:	4005b000 	.word	0x4005b000
10001a34:	b007c0d3 	.word	0xb007c0d3
10001a38:	40058000 	.word	0x40058000
10001a3c:	4ff83f2d 	.word	0x4ff83f2d
10001a40:	0001fffc 	.word	0x0001fffc
10001a44:	40012008 	.word	0x40012008
10001a48:	4005a000 	.word	0x4005a000
10001a4c:	20002b10 	.word	0x20002b10
10001a50:	00ffffff 	.word	0x00ffffff

10001a54 <tick_start>:
10001a54:	2380      	movs	r3, #128	@ 0x80
10001a56:	4a02      	ldr	r2, [pc, #8]	@ (10001a60 <tick_start+0xc>)
10001a58:	009b      	lsls	r3, r3, #2
10001a5a:	430b      	orrs	r3, r1
10001a5c:	62d3      	str	r3, [r2, #44]	@ 0x2c
10001a5e:	4770      	bx	lr
10001a60:	40058000 	.word	0x40058000

10001a64 <rom_func_lookup>:
10001a64:	2300      	movs	r3, #0
10001a66:	b510      	push	{r4, lr}
10001a68:	0001      	movs	r1, r0
10001a6a:	8a98      	ldrh	r0, [r3, #20]
10001a6c:	8b1b      	ldrh	r3, [r3, #24]
10001a6e:	4798      	blx	r3
10001a70:	bd10      	pop	{r4, pc}
10001a72:	46c0      	nop			@ (mov r8, r8)

10001a74 <rom_data_lookup>:
10001a74:	2316      	movs	r3, #22
10001a76:	b510      	push	{r4, lr}
10001a78:	0001      	movs	r1, r0
10001a7a:	8818      	ldrh	r0, [r3, #0]
10001a7c:	3302      	adds	r3, #2
10001a7e:	881b      	ldrh	r3, [r3, #0]
10001a80:	4798      	blx	r3
10001a82:	bd10      	pop	{r4, pc}

10001a84 <rom_funcs_lookup>:
10001a84:	b5f8      	push	{r3, r4, r5, r6, r7, lr}
10001a86:	4647      	mov	r7, r8
10001a88:	46ce      	mov	lr, r9
10001a8a:	b580      	push	{r7, lr}
10001a8c:	1e0f      	subs	r7, r1, #0
10001a8e:	d018      	beq.n	10001ac2 <rom_funcs_lookup+0x3e>
10001a90:	2314      	movs	r3, #20
10001a92:	4699      	mov	r9, r3
10001a94:	3304      	adds	r3, #4
10001a96:	0004      	movs	r4, r0
10001a98:	2500      	movs	r5, #0
10001a9a:	2601      	movs	r6, #1
10001a9c:	4698      	mov	r8, r3
10001a9e:	464b      	mov	r3, r9
10001aa0:	8818      	ldrh	r0, [r3, #0]
10001aa2:	4643      	mov	r3, r8
10001aa4:	6821      	ldr	r1, [r4, #0]
10001aa6:	881b      	ldrh	r3, [r3, #0]
10001aa8:	4798      	blx	r3
10001aaa:	c401      	stmia	r4!, {r0}
10001aac:	1e43      	subs	r3, r0, #1
10001aae:	4198      	sbcs	r0, r3
10001ab0:	3501      	adds	r5, #1
10001ab2:	4006      	ands	r6, r0
10001ab4:	42af      	cmp	r7, r5
10001ab6:	d1f2      	bne.n	10001a9e <rom_funcs_lookup+0x1a>
10001ab8:	0030      	movs	r0, r6
10001aba:	bcc0      	pop	{r6, r7}
10001abc:	46b9      	mov	r9, r7
10001abe:	46b0      	mov	r8, r6
10001ac0:	bdf8      	pop	{r3, r4, r5, r6, r7, pc}
10001ac2:	2601      	movs	r6, #1
10001ac4:	e7f8      	b.n	10001ab8 <rom_funcs_lookup+0x34>
10001ac6:	46c0      	nop			@ (mov r8, r8)

10001ac8 <rom_reset_usb_boot_extra>:
10001ac8:	2300      	movs	r3, #0
10001aca:	b570      	push	{r4, r5, r6, lr}
10001acc:	0004      	movs	r4, r0
10001ace:	000d      	movs	r5, r1
10001ad0:	8a98      	ldrh	r0, [r3, #20]
10001ad2:	4905      	ldr	r1, [pc, #20]	@ (10001ae8 <rom_reset_usb_boot_extra+0x20>)
10001ad4:	8b1b      	ldrh	r3, [r3, #24]
10001ad6:	4798      	blx	r3
10001ad8:	0003      	movs	r3, r0
10001ada:	2000      	movs	r0, #0
10001adc:	2c00      	cmp	r4, #0
10001ade:	db01      	blt.n	10001ae4 <rom_reset_usb_boot_extra+0x1c>
10001ae0:	3001      	adds	r0, #1
10001ae2:	40a0      	lsls	r0, r4
10001ae4:	0029      	movs	r1, r5
10001ae6:	4798      	blx	r3
10001ae8:	00004255 	.word	0x00004255

10001aec <xosc_init>:
10001aec:	23aa      	movs	r3, #170	@ 0xaa
10001aee:	4a06      	ldr	r2, [pc, #24]	@ (10001b08 <xosc_init+0x1c>)
10001af0:	011b      	lsls	r3, r3, #4
10001af2:	6013      	str	r3, [r2, #0]
10001af4:	238d      	movs	r3, #141	@ 0x8d
10001af6:	005b      	lsls	r3, r3, #1
10001af8:	60d3      	str	r3, [r2, #12]
10001afa:	4904      	ldr	r1, [pc, #16]	@ (10001b0c <xosc_init+0x20>)
10001afc:	4b04      	ldr	r3, [pc, #16]	@ (10001b10 <xosc_init+0x24>)
10001afe:	6019      	str	r1, [r3, #0]
10001b00:	6853      	ldr	r3, [r2, #4]
10001b02:	2b00      	cmp	r3, #0
10001b04:	dafc      	bge.n	10001b00 <xosc_init+0x14>
10001b06:	4770      	bx	lr
10001b08:	40024000 	.word	0x40024000
10001b0c:	00fab000 	.word	0x00fab000
10001b10:	40026000 	.word	0x40026000

10001b14 <first_per_core_initializer>:
10001b14:	4770      	bx	lr
10001b16:	46c0      	nop			@ (mov r8, r8)

10001b18 <hard_assertion_failure>:
10001b18:	b510      	push	{r4, lr}
10001b1a:	4801      	ldr	r0, [pc, #4]	@ (10001b20 <hard_assertion_failure+0x8>)
10001b1c:	f7fe fd32 	bl	10000584 <panic>
10001b20:	1000aafc 	.word	0x1000aafc

10001b24 <runtime_run_initializers>:
10001b24:	b570      	push	{r4, r5, r6, lr}
10001b26:	4d07      	ldr	r5, [pc, #28]	@ (10001b44 <runtime_run_initializers+0x20>)
10001b28:	4e07      	ldr	r6, [pc, #28]	@ (10001b48 <runtime_run_initializers+0x24>)
10001b2a:	42b5      	cmp	r5, r6
10001b2c:	d209      	bcs.n	10001b42 <runtime_run_initializers+0x1e>
10001b2e:	2400      	movs	r4, #0
10001b30:	3e01      	subs	r6, #1
10001b32:	1b76      	subs	r6, r6, r5
10001b34:	08b6      	lsrs	r6, r6, #2
10001b36:	cd08      	ldmia	r5!, {r3}
10001b38:	4798      	blx	r3
10001b3a:	0023      	movs	r3, r4
10001b3c:	3401      	adds	r4, #1
10001b3e:	42b3      	cmp	r3, r6
10001b40:	d1f9      	bne.n	10001b36 <runtime_run_initializers+0x12>
10001b42:	bd70      	pop	{r4, r5, r6, pc}
10001b44:	1000aa38 	.word	0x1000aa38
10001b48:	1000aa74 	.word	0x1000aa74

10001b4c <runtime_init_early_resets>:
10001b4c:	4b05      	ldr	r3, [pc, #20]	@ (10001b64 <runtime_init_early_resets+0x18>)
10001b4e:	4a06      	ldr	r2, [pc, #24]	@ (10001b68 <runtime_init_early_resets+0x1c>)
10001b50:	4906      	ldr	r1, [pc, #24]	@ (10001b6c <runtime_init_early_resets+0x20>)
10001b52:	601a      	str	r2, [r3, #0]
10001b54:	4a06      	ldr	r2, [pc, #24]	@ (10001b70 <runtime_init_early_resets+0x24>)
10001b56:	4b07      	ldr	r3, [pc, #28]	@ (10001b74 <runtime_init_early_resets+0x28>)
10001b58:	601a      	str	r2, [r3, #0]
10001b5a:	0010      	movs	r0, r2
10001b5c:	680b      	ldr	r3, [r1, #0]
10001b5e:	4398      	bics	r0, r3
10001b60:	d1fb      	bne.n	10001b5a <runtime_init_early_resets+0xe>
10001b62:	4770      	bx	lr
10001b64:	4000e000 	.word	0x4000e000
10001b68:	fefbcdbf 	.word	0xfefbcdbf
10001b6c:	4000c008 	.word	0x4000c008
10001b70:	003c7ffe 	.word	0x003c7ffe
10001b74:	4000f000 	.word	0x4000f000

10001b78 <runtime_init_usb_power_down>:
10001b78:	4b04      	ldr	r3, [pc, #16]	@ (10001b8c <runtime_init_usb_power_down+0x14>)
10001b7a:	6cdb      	ldr	r3, [r3, #76]	@ 0x4c
10001b7c:	2b00      	cmp	r3, #0
10001b7e:	d103      	bne.n	10001b88 <runtime_init_usb_power_down+0x10>
10001b80:	2280      	movs	r2, #128	@ 0x80
10001b82:	4b03      	ldr	r3, [pc, #12]	@ (10001b90 <runtime_init_usb_power_down+0x18>)
10001b84:	02d2      	lsls	r2, r2, #11
10001b86:	601a      	str	r2, [r3, #0]
10001b88:	4770      	bx	lr
10001b8a:	46c0      	nop			@ (mov r8, r8)
10001b8c:	50110000 	.word	0x50110000
10001b90:	5011204c 	.word	0x5011204c

10001b94 <runtime_init_post_clock_resets>:
10001b94:	4a04      	ldr	r2, [pc, #16]	@ (10001ba8 <runtime_init_post_clock_resets+0x14>)
10001b96:	4b05      	ldr	r3, [pc, #20]	@ (10001bac <runtime_init_post_clock_resets+0x18>)
10001b98:	601a      	str	r2, [r3, #0]
10001b9a:	4a05      	ldr	r2, [pc, #20]	@ (10001bb0 <runtime_init_post_clock_resets+0x1c>)
10001b9c:	6813      	ldr	r3, [r2, #0]
10001b9e:	01db      	lsls	r3, r3, #7
10001ba0:	3380      	adds	r3, #128	@ 0x80
10001ba2:	d1fb      	bne.n	10001b9c <runtime_init_post_clock_resets+0x8>
10001ba4:	4770      	bx	lr
10001ba6:	46c0      	nop			@ (mov r8, r8)
10001ba8:	01ffffff 	.word	0x01ffffff
10001bac:	4000f000 	.word	0x4000f000
10001bb0:	4000c008 	.word	0x4000c008

10001bb4 <runtime_init_rp2040_gpio_ie_disable>:
10001bb4:	2240      	movs	r2, #64	@ 0x40
10001bb6:	4b03      	ldr	r3, [pc, #12]	@ (10001bc4 <runtime_init_rp2040_gpio_ie_disable+0x10>)
10001bb8:	679a      	str	r2, [r3, #120]	@ 0x78
10001bba:	675a      	str	r2, [r3, #116]	@ 0x74
10001bbc:	671a      	str	r2, [r3, #112]	@ 0x70
10001bbe:	66da      	str	r2, [r3, #108]	@ 0x6c
10001bc0:	4770      	bx	lr
10001bc2:	46c0      	nop			@ (mov r8, r8)
10001bc4:	4001f000 	.word	0x4001f000

10001bc8 <runtime_init_spin_locks_reset>:
10001bc8:	b510      	push	{r4, lr}
10001bca:	f7fe fda9 	bl	10000720 <spin_locks_reset>
10001bce:	bd10      	pop	{r4, pc}

10001bd0 <runtime_init_install_ram_vector_table>:
10001bd0:	b5f8      	push	{r3, r4, r5, r6, r7, lr}
10001bd2:	4927      	ldr	r1, [pc, #156]	@ (10001c70 <runtime_init_install_ram_vector_table+0xa0>)
10001bd4:	4c27      	ldr	r4, [pc, #156]	@ (10001c74 <runtime_init_install_ram_vector_table+0xa4>)
10001bd6:	4d28      	ldr	r5, [pc, #160]	@ (10001c78 <runtime_init_install_ram_vector_table+0xa8>)
10001bd8:	1a64      	subs	r4, r4, r1
10001bda:	10a6      	asrs	r6, r4, #2
10001bdc:	0032      	movs	r2, r6
10001bde:	2e30      	cmp	r6, #48	@ 0x30
10001be0:	d900      	bls.n	10001be4 <runtime_init_install_ram_vector_table+0x14>
10001be2:	2230      	movs	r2, #48	@ 0x30
10001be4:	0028      	movs	r0, r5
10001be6:	0092      	lsls	r2, r2, #2
10001be8:	f000 fd42 	bl	10002670 <__wrap___aeabi_memcpy>
10001bec:	2cbc      	cmp	r4, #188	@ 0xbc
10001bee:	d83b      	bhi.n	10001c68 <runtime_init_install_ram_vector_table+0x98>
10001bf0:	2030      	movs	r0, #48	@ 0x30
10001bf2:	232f      	movs	r3, #47	@ 0x2f
10001bf4:	192c      	adds	r4, r5, r4
10001bf6:	0764      	lsls	r4, r4, #29
10001bf8:	4a20      	ldr	r2, [pc, #128]	@ (10001c7c <runtime_init_install_ram_vector_table+0xac>)
10001bfa:	1b80      	subs	r0, r0, r6
10001bfc:	0fe4      	lsrs	r4, r4, #31
10001bfe:	1b9b      	subs	r3, r3, r6
10001c00:	2b05      	cmp	r3, #5
10001c02:	d916      	bls.n	10001c32 <runtime_init_install_ram_vector_table+0x62>
10001c04:	0037      	movs	r7, r6
10001c06:	2c00      	cmp	r4, #0
10001c08:	d002      	beq.n	10001c10 <runtime_init_install_ram_vector_table+0x40>
10001c0a:	00b3      	lsls	r3, r6, #2
10001c0c:	1c77      	adds	r7, r6, #1
10001c0e:	50ea      	str	r2, [r5, r3]
10001c10:	1b00      	subs	r0, r0, r4
10001c12:	1933      	adds	r3, r6, r4
10001c14:	009b      	lsls	r3, r3, #2
10001c16:	0841      	lsrs	r1, r0, #1
10001c18:	18eb      	adds	r3, r5, r3
10001c1a:	00c9      	lsls	r1, r1, #3
10001c1c:	18c9      	adds	r1, r1, r3
10001c1e:	601a      	str	r2, [r3, #0]
10001c20:	605a      	str	r2, [r3, #4]
10001c22:	3308      	adds	r3, #8
10001c24:	4299      	cmp	r1, r3
10001c26:	d1fa      	bne.n	10001c1e <runtime_init_install_ram_vector_table+0x4e>
10001c28:	2301      	movs	r3, #1
10001c2a:	4203      	tst	r3, r0
10001c2c:	d01c      	beq.n	10001c68 <runtime_init_install_ram_vector_table+0x98>
10001c2e:	4398      	bics	r0, r3
10001c30:	19c6      	adds	r6, r0, r7
10001c32:	00b3      	lsls	r3, r6, #2
10001c34:	50ea      	str	r2, [r5, r3]
10001c36:	1c73      	adds	r3, r6, #1
10001c38:	2e2f      	cmp	r6, #47	@ 0x2f
10001c3a:	d015      	beq.n	10001c68 <runtime_init_install_ram_vector_table+0x98>
10001c3c:	009b      	lsls	r3, r3, #2
10001c3e:	50ea      	str	r2, [r5, r3]
10001c40:	1cb3      	adds	r3, r6, #2
10001c42:	2e2e      	cmp	r6, #46	@ 0x2e
10001c44:	d010      	beq.n	10001c68 <runtime_init_install_ram_vector_table+0x98>
10001c46:	009b      	lsls	r3, r3, #2
10001c48:	50ea      	str	r2, [r5, r3]
10001c4a:	1cf3      	adds	r3, r6, #3
10001c4c:	2e2d      	cmp	r6, #45	@ 0x2d
10001c4e:	d00b      	beq.n	10001c68 <runtime_init_install_ram_vector_table+0x98>
10001c50:	009b      	lsls	r3, r3, #2
10001c52:	50ea      	str	r2, [r5, r3]
10001c54:	1d33      	adds	r3, r6, #4
10001c56:	2e2c      	cmp	r6, #44	@ 0x2c
10001c58:	d006      	beq.n	10001c68 <runtime_init_install_ram_vector_table+0x98>
10001c5a:	009b      	lsls	r3, r3, #2
10001c5c:	50ea      	str	r2, [r5, r3]
10001c5e:	1d73      	adds	r3, r6, #5
10001c60:	2e2b      	cmp	r6, #43	@ 0x2b
10001c62:	d001      	beq.n	10001c68 <runtime_init_install_ram_vector_table+0x98>
10001c64:	009b      	lsls	r3, r3, #2
10001c66:	50ea      	str	r2, [r5, r3]
10001c68:	4b05      	ldr	r3, [pc, #20]	@ (10001c80 <runtime_init_install_ram_vector_table+0xb0>)
10001c6a:	609d      	str	r5, [r3, #8]
10001c6c:	bdf8      	pop	{r3, r4, r5, r6, r7, pc}
10001c6e:	46c0      	nop			@ (mov r8, r8)
10001c70:	10000100 	.word	0x10000100
10001c74:	100001c0 	.word	0x100001c0
10001c78:	20000000 	.word	0x20000000
10001c7c:	100001c1 	.word	0x100001c1
10001c80:	e000ed00 	.word	0xe000ed00

10001c84 <runtime_init_clocks>:
10001c84:	2300      	movs	r3, #0
10001c86:	b510      	push	{r4, lr}
10001c88:	4c29      	ldr	r4, [pc, #164]	@ (10001d30 <runtime_init_clocks+0xac>)
10001c8a:	b082      	sub	sp, #8
10001c8c:	67a3      	str	r3, [r4, #120]	@ 0x78
10001c8e:	f7ff ff2d 	bl	10001aec <xosc_init>
10001c92:	2201      	movs	r2, #1
10001c94:	4b27      	ldr	r3, [pc, #156]	@ (10001d34 <runtime_init_clocks+0xb0>)
10001c96:	601a      	str	r2, [r3, #0]
10001c98:	6c63      	ldr	r3, [r4, #68]	@ 0x44
10001c9a:	2b01      	cmp	r3, #1
10001c9c:	d1fc      	bne.n	10001c98 <runtime_init_clocks+0x14>
10001c9e:	2203      	movs	r2, #3
10001ca0:	4b25      	ldr	r3, [pc, #148]	@ (10001d38 <runtime_init_clocks+0xb4>)
10001ca2:	601a      	str	r2, [r3, #0]
10001ca4:	4a22      	ldr	r2, [pc, #136]	@ (10001d30 <runtime_init_clocks+0xac>)
10001ca6:	6b93      	ldr	r3, [r2, #56]	@ 0x38
10001ca8:	2b01      	cmp	r3, #1
10001caa:	d1fc      	bne.n	10001ca6 <runtime_init_clocks+0x22>
10001cac:	3301      	adds	r3, #1
10001cae:	9300      	str	r3, [sp, #0]
10001cb0:	2101      	movs	r1, #1
10001cb2:	4a22      	ldr	r2, [pc, #136]	@ (10001d3c <runtime_init_clocks+0xb8>)
10001cb4:	4822      	ldr	r0, [pc, #136]	@ (10001d40 <runtime_init_clocks+0xbc>)
10001cb6:	3304      	adds	r3, #4
10001cb8:	f7ff fe2c 	bl	10001914 <pll_init>
10001cbc:	2305      	movs	r3, #5
10001cbe:	2101      	movs	r1, #1
10001cc0:	9300      	str	r3, [sp, #0]
10001cc2:	4a20      	ldr	r2, [pc, #128]	@ (10001d44 <runtime_init_clocks+0xc0>)
10001cc4:	4820      	ldr	r0, [pc, #128]	@ (10001d48 <runtime_init_clocks+0xc4>)
10001cc6:	f7ff fe25 	bl	10001914 <pll_init>
10001cca:	2200      	movs	r2, #0
10001ccc:	2102      	movs	r1, #2
10001cce:	2004      	movs	r0, #4
10001cd0:	4b1e      	ldr	r3, [pc, #120]	@ (10001d4c <runtime_init_clocks+0xc8>)
10001cd2:	f7ff fda5 	bl	10001820 <clock_configure_undivided>
10001cd6:	2200      	movs	r2, #0
10001cd8:	2101      	movs	r1, #1
10001cda:	2005      	movs	r0, #5
10001cdc:	4b1c      	ldr	r3, [pc, #112]	@ (10001d50 <runtime_init_clocks+0xcc>)
10001cde:	f7ff fd9f 	bl	10001820 <clock_configure_undivided>
10001ce2:	2200      	movs	r2, #0
10001ce4:	2100      	movs	r1, #0
10001ce6:	2007      	movs	r0, #7
10001ce8:	4b1a      	ldr	r3, [pc, #104]	@ (10001d54 <runtime_init_clocks+0xd0>)
10001cea:	f7ff fd99 	bl	10001820 <clock_configure_undivided>
10001cee:	2200      	movs	r2, #0
10001cf0:	2100      	movs	r1, #0
10001cf2:	2008      	movs	r0, #8
10001cf4:	4b17      	ldr	r3, [pc, #92]	@ (10001d54 <runtime_init_clocks+0xd0>)
10001cf6:	f7ff fd93 	bl	10001820 <clock_configure_undivided>
10001cfa:	2380      	movs	r3, #128	@ 0x80
10001cfc:	00db      	lsls	r3, r3, #3
10001cfe:	9300      	str	r3, [sp, #0]
10001d00:	2200      	movs	r2, #0
10001d02:	2100      	movs	r1, #0
10001d04:	2009      	movs	r0, #9
10001d06:	4b13      	ldr	r3, [pc, #76]	@ (10001d54 <runtime_init_clocks+0xd0>)
10001d08:	f7ff fd10 	bl	1000172c <clock_configure_int_divider>
10001d0c:	2200      	movs	r2, #0
10001d0e:	4b10      	ldr	r3, [pc, #64]	@ (10001d50 <runtime_init_clocks+0xcc>)
10001d10:	2100      	movs	r1, #0
10001d12:	2006      	movs	r0, #6
10001d14:	f7ff fd84 	bl	10001820 <clock_configure_undivided>
10001d18:	2004      	movs	r0, #4
10001d1a:	f7ff fdf5 	bl	10001908 <clock_get_hz>
10001d1e:	490e      	ldr	r1, [pc, #56]	@ (10001d58 <runtime_init_clocks+0xd4>)
10001d20:	f000 f852 	bl	10001dc8 <__wrap___aeabi_uidiv>
10001d24:	0001      	movs	r1, r0
10001d26:	2000      	movs	r0, #0
10001d28:	f7ff fe94 	bl	10001a54 <tick_start>
10001d2c:	b002      	add	sp, #8
10001d2e:	bd10      	pop	{r4, pc}
10001d30:	40008000 	.word	0x40008000
10001d34:	4000b03c 	.word	0x4000b03c
10001d38:	4000b030 	.word	0x4000b030
10001d3c:	59682f00 	.word	0x59682f00
10001d40:	40028000 	.word	0x40028000
10001d44:	47868c00 	.word	0x47868c00
10001d48:	4002c000 	.word	0x4002c000
10001d4c:	00b71b00 	.word	0x00b71b00
10001d50:	07735940 	.word	0x07735940
10001d54:	02dc6c00 	.word	0x02dc6c00
10001d58:	000f4240 	.word	0x000f4240

10001d5c <__aeabi_bits_init>:
10001d5c:	4801      	ldr	r0, [pc, #4]	@ (10001d64 <__aeabi_bits_init+0x8>)
10001d5e:	2104      	movs	r1, #4
10001d60:	4b01      	ldr	r3, [pc, #4]	@ (10001d68 <__aeabi_bits_init+0xc>)
10001d62:	4718      	bx	r3
10001d64:	200011e0 	.word	0x200011e0
10001d68:	10001a85 	.word	0x10001a85

10001d6c <__wrap___ctzsi2>:
10001d6c:	4b01      	ldr	r3, [pc, #4]	@ (10001d74 <__wrap___ctzsi2+0x8>)
10001d6e:	689b      	ldr	r3, [r3, #8]
10001d70:	4718      	bx	r3
10001d72:	0000      	.short	0x0000
10001d74:	200011e0 	.word	0x200011e0

10001d78 <__wrap___aeabi_idiv>:
10001d78:	4a12      	ldr	r2, [pc, #72]	@ (10001dc4 <divmod_s32s32_savestate+0x18>)
10001d7a:	6f93      	ldr	r3, [r2, #120]	@ 0x78
10001d7c:	089b      	lsrs	r3, r3, #2
10001d7e:	d215      	bcs.n	10001dac <divmod_s32s32_savestate>

10001d80 <divmod_s32s32_unsafe>:
10001d80:	6690      	str	r0, [r2, #104]	@ 0x68
10001d82:	66d1      	str	r1, [r2, #108]	@ 0x6c
10001d84:	2900      	cmp	r1, #0
10001d86:	d005      	beq.n	10001d94 <divmod_s32s32_unsafe+0x14>
10001d88:	e7ff      	b.n	10001d8a <divmod_s32s32_unsafe+0xa>
10001d8a:	e7ff      	b.n	10001d8c <divmod_s32s32_unsafe+0xc>
10001d8c:	e7ff      	b.n	10001d8e <divmod_s32s32_unsafe+0xe>
10001d8e:	6f51      	ldr	r1, [r2, #116]	@ 0x74
10001d90:	6f10      	ldr	r0, [r2, #112]	@ 0x70
10001d92:	4770      	bx	lr
10001d94:	b504      	push	{r2, lr}
10001d96:	2180      	movs	r1, #128	@ 0x80
10001d98:	0609      	lsls	r1, r1, #24
10001d9a:	17c2      	asrs	r2, r0, #31
10001d9c:	4051      	eors	r1, r2
10001d9e:	2800      	cmp	r0, #0
10001da0:	d000      	beq.n	10001da4 <divmod_s32s32_unsafe+0x24>
10001da2:	43c8      	mvns	r0, r1
10001da4:	f008 fdf0 	bl	1000a988 <____aeabi_idiv0_veneer>
10001da8:	2100      	movs	r1, #0
10001daa:	bd04      	pop	{r2, pc}

10001dac <divmod_s32s32_savestate>:
10001dac:	b5f0      	push	{r4, r5, r6, r7, lr}
10001dae:	6e14      	ldr	r4, [r2, #96]	@ 0x60
10001db0:	6e55      	ldr	r5, [r2, #100]	@ 0x64
10001db2:	6f57      	ldr	r7, [r2, #116]	@ 0x74
10001db4:	6f16      	ldr	r6, [r2, #112]	@ 0x70
10001db6:	f7ff ffe3 	bl	10001d80 <divmod_s32s32_unsafe>
10001dba:	6614      	str	r4, [r2, #96]	@ 0x60
10001dbc:	6655      	str	r5, [r2, #100]	@ 0x64
10001dbe:	6757      	str	r7, [r2, #116]	@ 0x74
10001dc0:	6716      	str	r6, [r2, #112]	@ 0x70
10001dc2:	bdf0      	pop	{r4, r5, r6, r7, pc}
10001dc4:	d0000000 	.word	0xd0000000

10001dc8 <__wrap___aeabi_uidiv>:
10001dc8:	4a11      	ldr	r2, [pc, #68]	@ (10001e10 <divmod_u32u32_savestate+0x18>)
10001dca:	6f93      	ldr	r3, [r2, #120]	@ 0x78
10001dcc:	089b      	lsrs	r3, r3, #2
10001dce:	d213      	bcs.n	10001df8 <divmod_u32u32_savestate>

10001dd0 <divmod_u32u32_unsafe>:
10001dd0:	6610      	str	r0, [r2, #96]	@ 0x60
10001dd2:	6651      	str	r1, [r2, #100]	@ 0x64
10001dd4:	2900      	cmp	r1, #0
10001dd6:	d005      	beq.n	10001de4 <divmod_u32u32_unsafe+0x14>
10001dd8:	e7ff      	b.n	10001dda <divmod_u32u32_unsafe+0xa>
10001dda:	e7ff      	b.n	10001ddc <divmod_u32u32_unsafe+0xc>
10001ddc:	e7ff      	b.n	10001dde <divmod_u32u32_unsafe+0xe>
10001dde:	6f51      	ldr	r1, [r2, #116]	@ 0x74
10001de0:	6f10      	ldr	r0, [r2, #112]	@ 0x70
10001de2:	4770      	bx	lr
10001de4:	b504      	push	{r2, lr}
10001de6:	2800      	cmp	r0, #0
10001de8:	d001      	beq.n	10001dee <divmod_u32u32_unsafe+0x1e>
10001dea:	2000      	movs	r0, #0
10001dec:	43c0      	mvns	r0, r0
10001dee:	f008 fdcb 	bl	1000a988 <____aeabi_idiv0_veneer>
10001df2:	2100      	movs	r1, #0
10001df4:	bd04      	pop	{r2, pc}
10001df6:	46c0      	nop			@ (mov r8, r8)

10001df8 <divmod_u32u32_savestate>:
10001df8:	b5f0      	push	{r4, r5, r6, r7, lr}
10001dfa:	6e14      	ldr	r4, [r2, #96]	@ 0x60
10001dfc:	6e55      	ldr	r5, [r2, #100]	@ 0x64
10001dfe:	6f57      	ldr	r7, [r2, #116]	@ 0x74
10001e00:	6f16      	ldr	r6, [r2, #112]	@ 0x70
10001e02:	f7ff ffe5 	bl	10001dd0 <divmod_u32u32_unsafe>
10001e06:	6614      	str	r4, [r2, #96]	@ 0x60
10001e08:	6655      	str	r5, [r2, #100]	@ 0x64
10001e0a:	6757      	str	r7, [r2, #116]	@ 0x74
10001e0c:	6716      	str	r6, [r2, #112]	@ 0x70
10001e0e:	bdf0      	pop	{r4, r5, r6, r7, pc}
10001e10:	d0000000 	.word	0xd0000000

10001e14 <__wrap___aeabi_ldivmod>:
10001e14:	4694      	mov	ip, r2
10001e16:	4a4a      	ldr	r2, [pc, #296]	@ (10001f40 <udiv0+0x1a>)
10001e18:	6f92      	ldr	r2, [r2, #120]	@ 0x78
10001e1a:	0892      	lsrs	r2, r2, #2
10001e1c:	4662      	mov	r2, ip
10001e1e:	d201      	bcs.n	10001e24 <divmod_s64s64_savestate>
10001e20:	e028      	b.n	10001e74 <divmod_s64s64_unsafe>
10001e22:	46c0      	nop			@ (mov r8, r8)

10001e24 <divmod_s64s64_savestate>:
10001e24:	b5f0      	push	{r4, r5, r6, r7, lr}
10001e26:	4e46      	ldr	r6, [pc, #280]	@ (10001f40 <udiv0+0x1a>)
10001e28:	6e34      	ldr	r4, [r6, #96]	@ 0x60
10001e2a:	6e75      	ldr	r5, [r6, #100]	@ 0x64
10001e2c:	6f77      	ldr	r7, [r6, #116]	@ 0x74
10001e2e:	6f36      	ldr	r6, [r6, #112]	@ 0x70
10001e30:	f000 f820 	bl	10001e74 <divmod_s64s64_unsafe>
10001e34:	4694      	mov	ip, r2
10001e36:	4a42      	ldr	r2, [pc, #264]	@ (10001f40 <udiv0+0x1a>)
10001e38:	6614      	str	r4, [r2, #96]	@ 0x60
10001e3a:	6655      	str	r5, [r2, #100]	@ 0x64
10001e3c:	6757      	str	r7, [r2, #116]	@ 0x74
10001e3e:	6716      	str	r6, [r2, #112]	@ 0x70
10001e40:	4662      	mov	r2, ip
10001e42:	bdf0      	pop	{r4, r5, r6, r7, pc}

10001e44 <__wrap___aeabi_uldivmod>:
10001e44:	4694      	mov	ip, r2
10001e46:	4a3e      	ldr	r2, [pc, #248]	@ (10001f40 <udiv0+0x1a>)
10001e48:	6f92      	ldr	r2, [r2, #120]	@ 0x78
10001e4a:	0892      	lsrs	r2, r2, #2
10001e4c:	4662      	mov	r2, ip
10001e4e:	d201      	bcs.n	10001e54 <divmod_u64u64_savestate>
10001e50:	e054      	b.n	10001efc <divmod_u64u64_unsafe>
10001e52:	46c0      	nop			@ (mov r8, r8)

10001e54 <divmod_u64u64_savestate>:
10001e54:	b5f0      	push	{r4, r5, r6, r7, lr}
10001e56:	4e3a      	ldr	r6, [pc, #232]	@ (10001f40 <udiv0+0x1a>)
10001e58:	6e34      	ldr	r4, [r6, #96]	@ 0x60
10001e5a:	6e75      	ldr	r5, [r6, #100]	@ 0x64
10001e5c:	6f77      	ldr	r7, [r6, #116]	@ 0x74
10001e5e:	6f36      	ldr	r6, [r6, #112]	@ 0x70
10001e60:	f000 f84c 	bl	10001efc <divmod_u64u64_unsafe>
10001e64:	4694      	mov	ip, r2
10001e66:	4a36      	ldr	r2, [pc, #216]	@ (10001f40 <udiv0+0x1a>)
10001e68:	6614      	str	r4, [r2, #96]	@ 0x60
10001e6a:	6655      	str	r5, [r2, #100]	@ 0x64
10001e6c:	6757      	str	r7, [r2, #116]	@ 0x74
10001e6e:	6716      	str	r6, [r2, #112]	@ 0x70
10001e70:	4662      	mov	r2, ip
10001e72:	bdf0      	pop	{r4, r5, r6, r7, pc}

10001e74 <divmod_s64s64_unsafe>:
10001e74:	2b00      	cmp	r3, #0
10001e76:	db24      	blt.n	10001ec2 <l42_1+0x26>
10001e78:	d011      	beq.n	10001e9e <l42_1+0x2>
10001e7a:	2900      	cmp	r1, #0
10001e7c:	da3e      	bge.n	10001efc <divmod_u64u64_unsafe>
10001e7e:	b500      	push	{lr}
10001e80:	43c9      	mvns	r1, r1
10001e82:	4240      	negs	r0, r0
10001e84:	d100      	bne.n	10001e88 <l40_1>
10001e86:	3101      	adds	r1, #1

10001e88 <l40_1>:
10001e88:	f000 f838 	bl	10001efc <divmod_u64u64_unsafe>
10001e8c:	43c9      	mvns	r1, r1
10001e8e:	4240      	negs	r0, r0
10001e90:	d100      	bne.n	10001e94 <l41_1>
10001e92:	3101      	adds	r1, #1

10001e94 <l41_1>:
10001e94:	43db      	mvns	r3, r3
10001e96:	4252      	negs	r2, r2
10001e98:	d100      	bne.n	10001e9c <l42_1>
10001e9a:	3301      	adds	r3, #1

10001e9c <l42_1>:
10001e9c:	bd00      	pop	{pc}
10001e9e:	2a00      	cmp	r2, #0
10001ea0:	d1eb      	bne.n	10001e7a <divmod_s64s64_unsafe+0x6>
10001ea2:	2800      	cmp	r0, #0
10001ea4:	d101      	bne.n	10001eaa <l42_1+0xe>
10001ea6:	2900      	cmp	r1, #0
10001ea8:	d005      	beq.n	10001eb6 <l42_1+0x1a>
10001eaa:	2000      	movs	r0, #0
10001eac:	0fc9      	lsrs	r1, r1, #31
10001eae:	07c9      	lsls	r1, r1, #31
10001eb0:	d101      	bne.n	10001eb6 <l42_1+0x1a>
10001eb2:	43c0      	mvns	r0, r0
10001eb4:	0841      	lsrs	r1, r0, #1
10001eb6:	b500      	push	{lr}
10001eb8:	f008 fd56 	bl	1000a968 <____aeabi_ldiv0_veneer>
10001ebc:	2200      	movs	r2, #0
10001ebe:	2300      	movs	r3, #0
10001ec0:	bd00      	pop	{pc}
10001ec2:	b500      	push	{lr}
10001ec4:	2900      	cmp	r1, #0
10001ec6:	db0a      	blt.n	10001ede <l44_1+0x2>
10001ec8:	43db      	mvns	r3, r3
10001eca:	4252      	negs	r2, r2
10001ecc:	d100      	bne.n	10001ed0 <l43_1>
10001ece:	3301      	adds	r3, #1

10001ed0 <l43_1>:
10001ed0:	f000 f814 	bl	10001efc <divmod_u64u64_unsafe>
10001ed4:	43c9      	mvns	r1, r1
10001ed6:	4240      	negs	r0, r0
10001ed8:	d100      	bne.n	10001edc <l44_1>
10001eda:	3101      	adds	r1, #1

10001edc <l44_1>:
10001edc:	bd00      	pop	{pc}
10001ede:	43c9      	mvns	r1, r1
10001ee0:	4240      	negs	r0, r0
10001ee2:	d100      	bne.n	10001ee6 <l45_1>
10001ee4:	3101      	adds	r1, #1

10001ee6 <l45_1>:
10001ee6:	43db      	mvns	r3, r3
10001ee8:	4252      	negs	r2, r2
10001eea:	d100      	bne.n	10001eee <l46_1>
10001eec:	3301      	adds	r3, #1

10001eee <l46_1>:
10001eee:	f000 f805 	bl	10001efc <divmod_u64u64_unsafe>
10001ef2:	43db      	mvns	r3, r3
10001ef4:	4252      	negs	r2, r2
10001ef6:	d100      	bne.n	10001efa <l47_1>
10001ef8:	3301      	adds	r3, #1

10001efa <l47_1>:
10001efa:	bd00      	pop	{pc}

10001efc <divmod_u64u64_unsafe>:
10001efc:	2900      	cmp	r1, #0
10001efe:	d123      	bne.n	10001f48 <y64>
10001f00:	2b00      	cmp	r3, #0
10001f02:	d118      	bne.n	10001f36 <udiv0+0x10>
10001f04:	2a00      	cmp	r2, #0
10001f06:	d00c      	beq.n	10001f22 <divmod_u64u64_unsafe+0x26>
10001f08:	46bc      	mov	ip, r7
10001f0a:	4f0d      	ldr	r7, [pc, #52]	@ (10001f40 <udiv0+0x1a>)
10001f0c:	6638      	str	r0, [r7, #96]	@ 0x60
10001f0e:	667a      	str	r2, [r7, #100]	@ 0x64
10001f10:	2100      	movs	r1, #0
10001f12:	2300      	movs	r3, #0
10001f14:	e7ff      	b.n	10001f16 <divmod_u64u64_unsafe+0x1a>
10001f16:	e7ff      	b.n	10001f18 <divmod_u64u64_unsafe+0x1c>
10001f18:	e7ff      	b.n	10001f1a <divmod_u64u64_unsafe+0x1e>
10001f1a:	6f7a      	ldr	r2, [r7, #116]	@ 0x74
10001f1c:	6f38      	ldr	r0, [r7, #112]	@ 0x70
10001f1e:	4667      	mov	r7, ip
10001f20:	4770      	bx	lr
10001f22:	2800      	cmp	r0, #0
10001f24:	d001      	beq.n	10001f2a <udiv0+0x4>

10001f26 <udiv0>:
10001f26:	4807      	ldr	r0, [pc, #28]	@ (10001f44 <udiv0+0x1e>)
10001f28:	0001      	movs	r1, r0
10001f2a:	b500      	push	{lr}
10001f2c:	f008 fd1c 	bl	1000a968 <____aeabi_ldiv0_veneer>
10001f30:	2200      	movs	r2, #0
10001f32:	2300      	movs	r3, #0
10001f34:	bd00      	pop	{pc}
10001f36:	0002      	movs	r2, r0
10001f38:	000b      	movs	r3, r1
10001f3a:	2000      	movs	r0, #0
10001f3c:	2100      	movs	r1, #0
10001f3e:	4770      	bx	lr
10001f40:	d0000000 	.word	0xd0000000
10001f44:	ffffffff 	.word	0xffffffff

10001f48 <y64>:
10001f48:	2b00      	cmp	r3, #0
10001f4a:	d000      	beq.n	10001f4e <y64+0x6>
10001f4c:	e0bf      	b.n	100020ce <y64_x48>
10001f4e:	0c13      	lsrs	r3, r2, #16
10001f50:	d128      	bne.n	10001fa4 <y64_x32>
10001f52:	2a00      	cmp	r2, #0
10001f54:	d0e7      	beq.n	10001f26 <udiv0>
10001f56:	b480      	push	{r7}
10001f58:	4f11      	ldr	r7, [pc, #68]	@ (10001fa0 <y64+0x58>)
10001f5a:	6639      	str	r1, [r7, #96]	@ 0x60
10001f5c:	667a      	str	r2, [r7, #100]	@ 0x64
10001f5e:	e7ff      	b.n	10001f60 <y64+0x18>
10001f60:	e7ff      	b.n	10001f62 <y64+0x1a>
10001f62:	b430      	push	{r4, r5}
10001f64:	0c04      	lsrs	r4, r0, #16
10001f66:	6f7b      	ldr	r3, [r7, #116]	@ 0x74
10001f68:	6f39      	ldr	r1, [r7, #112]	@ 0x70
10001f6a:	041b      	lsls	r3, r3, #16
10001f6c:	4323      	orrs	r3, r4
10001f6e:	663b      	str	r3, [r7, #96]	@ 0x60
10001f70:	667a      	str	r2, [r7, #100]	@ 0x64
10001f72:	e7ff      	b.n	10001f74 <y64+0x2c>
10001f74:	e7ff      	b.n	10001f76 <y64+0x2e>
10001f76:	e7ff      	b.n	10001f78 <y64+0x30>
10001f78:	46c0      	nop			@ (mov r8, r8)
10001f7a:	b284      	uxth	r4, r0
10001f7c:	6f7b      	ldr	r3, [r7, #116]	@ 0x74
10001f7e:	6f3d      	ldr	r5, [r7, #112]	@ 0x70
10001f80:	041b      	lsls	r3, r3, #16
10001f82:	4323      	orrs	r3, r4
10001f84:	663b      	str	r3, [r7, #96]	@ 0x60
10001f86:	667a      	str	r2, [r7, #100]	@ 0x64
10001f88:	e7ff      	b.n	10001f8a <y64+0x42>
10001f8a:	e7ff      	b.n	10001f8c <y64+0x44>
10001f8c:	46c0      	nop			@ (mov r8, r8)
10001f8e:	2300      	movs	r3, #0
10001f90:	042c      	lsls	r4, r5, #16
10001f92:	0c2d      	lsrs	r5, r5, #16
10001f94:	6f7a      	ldr	r2, [r7, #116]	@ 0x74
10001f96:	6f38      	ldr	r0, [r7, #112]	@ 0x70
10001f98:	1900      	adds	r0, r0, r4
10001f9a:	4169      	adcs	r1, r5
10001f9c:	bcb0      	pop	{r4, r5, r7}
10001f9e:	4770      	bx	lr
10001fa0:	d0000000 	.word	0xd0000000

10001fa4 <y64_x32>:
10001fa4:	b5f0      	push	{r4, r5, r6, r7, lr}
10001fa6:	4694      	mov	ip, r2
10001fa8:	2500      	movs	r5, #0
10001faa:	0e14      	lsrs	r4, r2, #24
10001fac:	d101      	bne.n	10001fb2 <y64_x32+0xe>
10001fae:	0212      	lsls	r2, r2, #8
10001fb0:	3508      	adds	r5, #8
10001fb2:	0f14      	lsrs	r4, r2, #28
10001fb4:	d101      	bne.n	10001fba <y64_x32+0x16>
10001fb6:	0112      	lsls	r2, r2, #4
10001fb8:	3504      	adds	r5, #4
10001fba:	0f94      	lsrs	r4, r2, #30
10001fbc:	d101      	bne.n	10001fc2 <y64_x32+0x1e>
10001fbe:	0092      	lsls	r2, r2, #2
10001fc0:	3502      	adds	r5, #2
10001fc2:	0fd4      	lsrs	r4, r2, #31
10001fc4:	d101      	bne.n	10001fca <y64_x32+0x26>
10001fc6:	0052      	lsls	r2, r2, #1
10001fc8:	3501      	adds	r5, #1
10001fca:	0bd4      	lsrs	r4, r2, #15
10001fcc:	3401      	adds	r4, #1
10001fce:	4f25      	ldr	r7, [pc, #148]	@ (10002064 <y64_x32+0xc0>)
10001fd0:	667c      	str	r4, [r7, #100]	@ 0x64
10001fd2:	4c25      	ldr	r4, [pc, #148]	@ (10002068 <y64_x32+0xc4>)
10001fd4:	663c      	str	r4, [r7, #96]	@ 0x60
10001fd6:	0c0e      	lsrs	r6, r1, #16
10001fd8:	b293      	uxth	r3, r2
10001fda:	e7ff      	b.n	10001fdc <y64_x32+0x38>
10001fdc:	e7ff      	b.n	10001fde <y64_x32+0x3a>
10001fde:	e7ff      	b.n	10001fe0 <y64_x32+0x3c>
10001fe0:	6f3c      	ldr	r4, [r7, #112]	@ 0x70
10001fe2:	4366      	muls	r6, r4
10001fe4:	0c36      	lsrs	r6, r6, #16
10001fe6:	0377      	lsls	r7, r6, #13
10001fe8:	46be      	mov	lr, r7
10001fea:	4373      	muls	r3, r6
10001fec:	0bdf      	lsrs	r7, r3, #15
10001fee:	045b      	lsls	r3, r3, #17
10001ff0:	1ac0      	subs	r0, r0, r3
10001ff2:	41b9      	sbcs	r1, r7
10001ff4:	0c13      	lsrs	r3, r2, #16
10001ff6:	4373      	muls	r3, r6
10001ff8:	18db      	adds	r3, r3, r3
10001ffa:	1ac9      	subs	r1, r1, r3
10001ffc:	08ce      	lsrs	r6, r1, #3
10001ffe:	4366      	muls	r6, r4
10002000:	0c36      	lsrs	r6, r6, #16
10002002:	44b6      	add	lr, r6
10002004:	b293      	uxth	r3, r2
10002006:	4373      	muls	r3, r6
10002008:	0f1f      	lsrs	r7, r3, #28
1000200a:	011b      	lsls	r3, r3, #4
1000200c:	1ac0      	subs	r0, r0, r3
1000200e:	41b9      	sbcs	r1, r7
10002010:	0c13      	lsrs	r3, r2, #16
10002012:	4373      	muls	r3, r6
10002014:	0b1f      	lsrs	r7, r3, #12
10002016:	051b      	lsls	r3, r3, #20
10002018:	1ac0      	subs	r0, r0, r3
1000201a:	41b9      	sbcs	r1, r7
1000201c:	0d86      	lsrs	r6, r0, #22
1000201e:	028f      	lsls	r7, r1, #10
10002020:	433e      	orrs	r6, r7
10002022:	4366      	muls	r6, r4
10002024:	0c36      	lsrs	r6, r6, #16
10002026:	2d09      	cmp	r5, #9
10002028:	db24      	blt.n	10002074 <last0>
1000202a:	0a52      	lsrs	r2, r2, #9
1000202c:	4372      	muls	r2, r6
1000202e:	1a80      	subs	r0, r0, r2
10002030:	0377      	lsls	r7, r6, #13
10002032:	0a46      	lsrs	r6, r0, #9
10002034:	4366      	muls	r6, r4
10002036:	0c36      	lsrs	r6, r6, #16
10002038:	2316      	movs	r3, #22
1000203a:	1b5b      	subs	r3, r3, r5
1000203c:	40de      	lsrs	r6, r3
1000203e:	40df      	lsrs	r7, r3
10002040:	19bf      	adds	r7, r7, r6
10002042:	4664      	mov	r4, ip
10002044:	4366      	muls	r6, r4
10002046:	1b82      	subs	r2, r0, r6
10002048:	4670      	mov	r0, lr
1000204a:	3504      	adds	r5, #4
1000204c:	3306      	adds	r3, #6
1000204e:	0001      	movs	r1, r0
10002050:	40d9      	lsrs	r1, r3
10002052:	40a8      	lsls	r0, r5
10002054:	19c0      	adds	r0, r0, r7
10002056:	d300      	bcc.n	1000205a <y64_x32+0xb6>
10002058:	3101      	adds	r1, #1
1000205a:	42a2      	cmp	r2, r4
1000205c:	d206      	bcs.n	1000206c <y64_x32+0xc8>
1000205e:	2300      	movs	r3, #0
10002060:	bdf0      	pop	{r4, r5, r6, r7, pc}
10002062:	0000      	.short	0x0000
10002064:	d0000000 	.word	0xd0000000
10002068:	ffffffff 	.word	0xffffffff
1000206c:	1b12      	subs	r2, r2, r4
1000206e:	3001      	adds	r0, #1
10002070:	d3f3      	bcc.n	1000205a <y64_x32+0xb6>
10002072:	e7f1      	b.n	10002058 <y64_x32+0xb4>

10002074 <last0>:
10002074:	2709      	movs	r7, #9
10002076:	1b7f      	subs	r7, r7, r5
10002078:	40fe      	lsrs	r6, r7
1000207a:	4664      	mov	r4, ip
1000207c:	b2a2      	uxth	r2, r4
1000207e:	4372      	muls	r2, r6
10002080:	1a80      	subs	r0, r0, r2
10002082:	d200      	bcs.n	10002086 <last0+0x12>
10002084:	3901      	subs	r1, #1
10002086:	0c22      	lsrs	r2, r4, #16
10002088:	4372      	muls	r2, r6
1000208a:	0c13      	lsrs	r3, r2, #16
1000208c:	0412      	lsls	r2, r2, #16
1000208e:	1a82      	subs	r2, r0, r2
10002090:	4199      	sbcs	r1, r3
10002092:	000b      	movs	r3, r1
10002094:	4670      	mov	r0, lr
10002096:	3504      	adds	r5, #4
10002098:	3713      	adds	r7, #19
1000209a:	0001      	movs	r1, r0
1000209c:	40f9      	lsrs	r1, r7
1000209e:	40a8      	lsls	r0, r5
100020a0:	1980      	adds	r0, r0, r6
100020a2:	d300      	bcc.n	100020a6 <last0+0x32>
100020a4:	3101      	adds	r1, #1
100020a6:	2b00      	cmp	r3, #0
100020a8:	d102      	bne.n	100020b0 <last0+0x3c>
100020aa:	42a2      	cmp	r2, r4
100020ac:	d20a      	bcs.n	100020c4 <last0+0x50>
100020ae:	bdf0      	pop	{r4, r5, r6, r7, pc}
100020b0:	3001      	adds	r0, #1
100020b2:	d300      	bcc.n	100020b6 <last0+0x42>
100020b4:	3101      	adds	r1, #1
100020b6:	1b12      	subs	r2, r2, r4
100020b8:	d2fa      	bcs.n	100020b0 <last0+0x3c>
100020ba:	3b01      	subs	r3, #1
100020bc:	d1f8      	bne.n	100020b0 <last0+0x3c>
100020be:	42a2      	cmp	r2, r4
100020c0:	d200      	bcs.n	100020c4 <last0+0x50>
100020c2:	bdf0      	pop	{r4, r5, r6, r7, pc}
100020c4:	3001      	adds	r0, #1
100020c6:	d300      	bcc.n	100020ca <last0+0x56>
100020c8:	3101      	adds	r1, #1
100020ca:	1b12      	subs	r2, r2, r4
100020cc:	e7f7      	b.n	100020be <last0+0x4a>

100020ce <y64_x48>:
100020ce:	b5f0      	push	{r4, r5, r6, r7, lr}
100020d0:	0c1c      	lsrs	r4, r3, #16
100020d2:	d000      	beq.n	100020d6 <y64_x48+0x8>
100020d4:	e080      	b.n	100021d8 <y64_x64>
100020d6:	b40c      	push	{r2, r3}
100020d8:	2500      	movs	r5, #0
100020da:	0a1c      	lsrs	r4, r3, #8
100020dc:	d104      	bne.n	100020e8 <y64_x48+0x1a>
100020de:	021b      	lsls	r3, r3, #8
100020e0:	0e16      	lsrs	r6, r2, #24
100020e2:	4333      	orrs	r3, r6
100020e4:	0212      	lsls	r2, r2, #8
100020e6:	3508      	adds	r5, #8
100020e8:	0b1c      	lsrs	r4, r3, #12
100020ea:	d104      	bne.n	100020f6 <y64_x48+0x28>
100020ec:	011b      	lsls	r3, r3, #4
100020ee:	0f16      	lsrs	r6, r2, #28
100020f0:	4333      	orrs	r3, r6
100020f2:	0112      	lsls	r2, r2, #4
100020f4:	3504      	adds	r5, #4
100020f6:	0b9c      	lsrs	r4, r3, #14
100020f8:	d104      	bne.n	10002104 <y64_x48+0x36>
100020fa:	009b      	lsls	r3, r3, #2
100020fc:	0f96      	lsrs	r6, r2, #30
100020fe:	4333      	orrs	r3, r6
10002100:	0092      	lsls	r2, r2, #2
10002102:	3502      	adds	r5, #2
10002104:	0bdc      	lsrs	r4, r3, #15
10002106:	d102      	bne.n	1000210e <y64_x48+0x40>
10002108:	1892      	adds	r2, r2, r2
1000210a:	415b      	adcs	r3, r3
1000210c:	3501      	adds	r5, #1
1000210e:	001c      	movs	r4, r3
10002110:	1897      	adds	r7, r2, r2
10002112:	4164      	adcs	r4, r4
10002114:	3401      	adds	r4, #1
10002116:	4f46      	ldr	r7, [pc, #280]	@ (10002230 <y64_x64+0x58>)
10002118:	667c      	str	r4, [r7, #100]	@ 0x64
1000211a:	4c46      	ldr	r4, [pc, #280]	@ (10002234 <y64_x64+0x5c>)
1000211c:	663c      	str	r4, [r7, #96]	@ 0x60
1000211e:	0c0e      	lsrs	r6, r1, #16
10002120:	e7ff      	b.n	10002122 <y64_x48+0x54>
10002122:	e7ff      	b.n	10002124 <y64_x48+0x56>
10002124:	e7ff      	b.n	10002126 <y64_x48+0x58>
10002126:	46c0      	nop			@ (mov r8, r8)
10002128:	6f3c      	ldr	r4, [r7, #112]	@ 0x70
1000212a:	4366      	muls	r6, r4
1000212c:	0c36      	lsrs	r6, r6, #16
1000212e:	0377      	lsls	r7, r6, #13
10002130:	46be      	mov	lr, r7
10002132:	b297      	uxth	r7, r2
10002134:	4377      	muls	r7, r6
10002136:	1bc0      	subs	r0, r0, r7
10002138:	d200      	bcs.n	1000213c <y64_x48+0x6e>
1000213a:	3901      	subs	r1, #1
1000213c:	1bc0      	subs	r0, r0, r7
1000213e:	d200      	bcs.n	10002142 <y64_x48+0x74>
10002140:	3901      	subs	r1, #1
10002142:	b29f      	uxth	r7, r3
10002144:	4377      	muls	r7, r6
10002146:	1bc9      	subs	r1, r1, r7
10002148:	1bc9      	subs	r1, r1, r7
1000214a:	0c17      	lsrs	r7, r2, #16
1000214c:	4377      	muls	r7, r6
1000214e:	047e      	lsls	r6, r7, #17
10002150:	0bff      	lsrs	r7, r7, #15
10002152:	1b80      	subs	r0, r0, r6
10002154:	41b9      	sbcs	r1, r7
10002156:	08ce      	lsrs	r6, r1, #3
10002158:	4366      	muls	r6, r4
1000215a:	0c36      	lsrs	r6, r6, #16
1000215c:	2d0c      	cmp	r5, #12
1000215e:	db33      	blt.n	100021c8 <last1>
10002160:	44b6      	add	lr, r6
10002162:	0b12      	lsrs	r2, r2, #12
10002164:	051f      	lsls	r7, r3, #20
10002166:	433a      	orrs	r2, r7
10002168:	0b1b      	lsrs	r3, r3, #12
1000216a:	b297      	uxth	r7, r2
1000216c:	4377      	muls	r7, r6
1000216e:	1bc0      	subs	r0, r0, r7
10002170:	d200      	bcs.n	10002174 <y64_x48+0xa6>
10002172:	3901      	subs	r1, #1
10002174:	b29f      	uxth	r7, r3
10002176:	4377      	muls	r7, r6
10002178:	1bc9      	subs	r1, r1, r7
1000217a:	0c17      	lsrs	r7, r2, #16
1000217c:	4377      	muls	r7, r6
1000217e:	043e      	lsls	r6, r7, #16
10002180:	0c3f      	lsrs	r7, r7, #16
10002182:	1b80      	subs	r0, r0, r6
10002184:	41b9      	sbcs	r1, r7
10002186:	0d86      	lsrs	r6, r0, #22
10002188:	028f      	lsls	r7, r1, #10
1000218a:	433e      	orrs	r6, r7
1000218c:	4366      	muls	r6, r4
1000218e:	2729      	movs	r7, #41	@ 0x29
10002190:	1b7f      	subs	r7, r7, r5
10002192:	40fe      	lsrs	r6, r7
10002194:	3d0c      	subs	r5, #12
10002196:	4677      	mov	r7, lr
10002198:	40af      	lsls	r7, r5
1000219a:	19bf      	adds	r7, r7, r6
1000219c:	bc30      	pop	{r4, r5}
1000219e:	b2a2      	uxth	r2, r4
100021a0:	b2ab      	uxth	r3, r5
100021a2:	4372      	muls	r2, r6
100021a4:	4373      	muls	r3, r6
100021a6:	1a80      	subs	r0, r0, r2
100021a8:	4199      	sbcs	r1, r3
100021aa:	0c22      	lsrs	r2, r4, #16
100021ac:	4372      	muls	r2, r6
100021ae:	0c13      	lsrs	r3, r2, #16
100021b0:	0412      	lsls	r2, r2, #16
100021b2:	1a80      	subs	r0, r0, r2
100021b4:	4199      	sbcs	r1, r3
100021b6:	0002      	movs	r2, r0
100021b8:	000b      	movs	r3, r1
100021ba:	3701      	adds	r7, #1
100021bc:	1b00      	subs	r0, r0, r4
100021be:	41a9      	sbcs	r1, r5
100021c0:	d2f9      	bcs.n	100021b6 <y64_x48+0xe8>
100021c2:	1e78      	subs	r0, r7, #1
100021c4:	2100      	movs	r1, #0
100021c6:	bdf0      	pop	{r4, r5, r6, r7, pc}

100021c8 <last1>:
100021c8:	270c      	movs	r7, #12
100021ca:	1b7f      	subs	r7, r7, r5
100021cc:	40fe      	lsrs	r6, r7
100021ce:	4677      	mov	r7, lr
100021d0:	0b7f      	lsrs	r7, r7, #13
100021d2:	40af      	lsls	r7, r5
100021d4:	19ff      	adds	r7, r7, r7
100021d6:	e7e0      	b.n	1000219a <y64_x48+0xcc>

100021d8 <y64_x64>:
100021d8:	2400      	movs	r4, #0
100021da:	1c5d      	adds	r5, r3, #1
100021dc:	d007      	beq.n	100021ee <y64_x64+0x16>
100021de:	4f14      	ldr	r7, [pc, #80]	@ (10002230 <y64_x64+0x58>)
100021e0:	667d      	str	r5, [r7, #100]	@ 0x64
100021e2:	6639      	str	r1, [r7, #96]	@ 0x60
100021e4:	e7ff      	b.n	100021e6 <y64_x64+0xe>
100021e6:	e7ff      	b.n	100021e8 <y64_x64+0x10>
100021e8:	e7ff      	b.n	100021ea <y64_x64+0x12>
100021ea:	e7ff      	b.n	100021ec <y64_x64+0x14>
100021ec:	6f3c      	ldr	r4, [r7, #112]	@ 0x70
100021ee:	b295      	uxth	r5, r2
100021f0:	b29e      	uxth	r6, r3
100021f2:	4365      	muls	r5, r4
100021f4:	4366      	muls	r6, r4
100021f6:	1b40      	subs	r0, r0, r5
100021f8:	41b1      	sbcs	r1, r6
100021fa:	0c15      	lsrs	r5, r2, #16
100021fc:	0c1e      	lsrs	r6, r3, #16
100021fe:	4365      	muls	r5, r4
10002200:	4366      	muls	r6, r4
10002202:	0436      	lsls	r6, r6, #16
10002204:	0c2f      	lsrs	r7, r5, #16
10002206:	433e      	orrs	r6, r7
10002208:	042d      	lsls	r5, r5, #16
1000220a:	1b40      	subs	r0, r0, r5
1000220c:	41b1      	sbcs	r1, r6
1000220e:	4299      	cmp	r1, r3
10002210:	d204      	bcs.n	1000221c <y64_x64+0x44>
10002212:	0002      	movs	r2, r0
10002214:	000b      	movs	r3, r1
10002216:	0020      	movs	r0, r4
10002218:	2100      	movs	r1, #0
1000221a:	bdf0      	pop	{r4, r5, r6, r7, pc}
1000221c:	d101      	bne.n	10002222 <y64_x64+0x4a>
1000221e:	4290      	cmp	r0, r2
10002220:	d3f7      	bcc.n	10002212 <y64_x64+0x3a>
10002222:	1a80      	subs	r0, r0, r2
10002224:	4199      	sbcs	r1, r3
10002226:	3401      	adds	r4, #1
10002228:	4299      	cmp	r1, r3
1000222a:	d3f2      	bcc.n	10002212 <y64_x64+0x3a>
1000222c:	e7f6      	b.n	1000221c <y64_x64+0x44>
1000222e:	0000      	.short	0x0000
10002230:	d0000000 	.word	0xd0000000
10002234:	ffffffff 	.word	0xffffffff

10002238 <__wrap___aeabi_drsub>:
10002238:	4048      	eors	r0, r1
1000223a:	4041      	eors	r1, r0
1000223c:	4048      	eors	r0, r1

1000223e <__wrap___aeabi_dsub>:
1000223e:	b418      	push	{r3, r4}
10002240:	4b13      	ldr	r3, [pc, #76]	@ (10002290 <__wrap___aeabi_dmul+0xa>)
10002242:	685b      	ldr	r3, [r3, #4]
10002244:	9301      	str	r3, [sp, #4]
10002246:	bd08      	pop	{r3, pc}

10002248 <__wrap___aeabi_dadd>:
10002248:	b418      	push	{r3, r4}
1000224a:	4b11      	ldr	r3, [pc, #68]	@ (10002290 <__wrap___aeabi_dmul+0xa>)
1000224c:	681b      	ldr	r3, [r3, #0]
1000224e:	9301      	str	r3, [sp, #4]
10002250:	bd08      	pop	{r3, pc}

10002252 <__wrap___aeabi_ddiv>:
10002252:	4694      	mov	ip, r2
10002254:	4a0f      	ldr	r2, [pc, #60]	@ (10002294 <__wrap___aeabi_dmul+0xe>)
10002256:	6f92      	ldr	r2, [r2, #120]	@ 0x78
10002258:	0892      	lsrs	r2, r2, #2
1000225a:	d205      	bcs.n	10002268 <ddiv_save_state>
1000225c:	4662      	mov	r2, ip

1000225e <ddiv_shim_call>:
1000225e:	b418      	push	{r3, r4}
10002260:	4b0b      	ldr	r3, [pc, #44]	@ (10002290 <__wrap___aeabi_dmul+0xa>)
10002262:	68db      	ldr	r3, [r3, #12]
10002264:	9301      	str	r3, [sp, #4]
10002266:	bd08      	pop	{r3, pc}

10002268 <ddiv_save_state>:
10002268:	4a0a      	ldr	r2, [pc, #40]	@ (10002294 <__wrap___aeabi_dmul+0xe>)
1000226a:	b5f0      	push	{r4, r5, r6, r7, lr}
1000226c:	6e14      	ldr	r4, [r2, #96]	@ 0x60
1000226e:	6e55      	ldr	r5, [r2, #100]	@ 0x64
10002270:	6f57      	ldr	r7, [r2, #116]	@ 0x74
10002272:	6f16      	ldr	r6, [r2, #112]	@ 0x70
10002274:	4662      	mov	r2, ip
10002276:	f7ff fff2 	bl	1000225e <ddiv_shim_call>
1000227a:	4a06      	ldr	r2, [pc, #24]	@ (10002294 <__wrap___aeabi_dmul+0xe>)
1000227c:	6614      	str	r4, [r2, #96]	@ 0x60
1000227e:	6655      	str	r5, [r2, #100]	@ 0x64
10002280:	6757      	str	r7, [r2, #116]	@ 0x74
10002282:	6716      	str	r6, [r2, #112]	@ 0x70
10002284:	bdf0      	pop	{r4, r5, r6, r7, pc}

10002286 <__wrap___aeabi_dmul>:
10002286:	b418      	push	{r3, r4}
10002288:	4b01      	ldr	r3, [pc, #4]	@ (10002290 <__wrap___aeabi_dmul+0xa>)
1000228a:	689b      	ldr	r3, [r3, #8]
1000228c:	9301      	str	r3, [sp, #4]
1000228e:	bd08      	pop	{r3, pc}
10002290:	20001438 	.word	0x20001438
10002294:	d0000000 	.word	0xd0000000

10002298 <__wrap___aeabi_cdrcmple>:
10002298:	b5ff      	push	{r0, r1, r2, r3, r4, r5, r6, r7, lr}
1000229a:	4050      	eors	r0, r2
1000229c:	4042      	eors	r2, r0
1000229e:	4050      	eors	r0, r2
100022a0:	4059      	eors	r1, r3
100022a2:	404b      	eors	r3, r1
100022a4:	4059      	eors	r1, r3
100022a6:	e000      	b.n	100022aa <__aeabi_dfcmple_guts>

100022a8 <__wrap___aeabi_cdcmpeq>:
100022a8:	b5ff      	push	{r0, r1, r2, r3, r4, r5, r6, r7, lr}

100022aa <__aeabi_dfcmple_guts>:
100022aa:	4f15      	ldr	r7, [pc, #84]	@ (10002300 <__aeabi_dfcmple_guts+0x56>)
100022ac:	004c      	lsls	r4, r1, #1
100022ae:	0d64      	lsrs	r4, r4, #21
100022b0:	d003      	beq.n	100022ba <__aeabi_dfcmple_guts+0x10>
100022b2:	42bc      	cmp	r4, r7
100022b4:	d104      	bne.n	100022c0 <__aeabi_dfcmple_guts+0x16>
100022b6:	030c      	lsls	r4, r1, #12
100022b8:	d814      	bhi.n	100022e4 <__aeabi_dfcmple_guts+0x3a>
100022ba:	2000      	movs	r0, #0
100022bc:	0d09      	lsrs	r1, r1, #20
100022be:	0509      	lsls	r1, r1, #20
100022c0:	005c      	lsls	r4, r3, #1
100022c2:	0d64      	lsrs	r4, r4, #21
100022c4:	d003      	beq.n	100022ce <__aeabi_dfcmple_guts+0x24>
100022c6:	42bc      	cmp	r4, r7
100022c8:	d104      	bne.n	100022d4 <__aeabi_dfcmple_guts+0x2a>
100022ca:	031c      	lsls	r4, r3, #12
100022cc:	d80a      	bhi.n	100022e4 <__aeabi_dfcmple_guts+0x3a>
100022ce:	2200      	movs	r2, #0
100022d0:	0d1b      	lsrs	r3, r3, #20
100022d2:	051b      	lsls	r3, r3, #20
100022d4:	2601      	movs	r6, #1
100022d6:	404b      	eors	r3, r1
100022d8:	d409      	bmi.n	100022ee <__aeabi_dfcmple_guts+0x44>
100022da:	404b      	eors	r3, r1
100022dc:	d503      	bpl.n	100022e6 <__aeabi_dfcmple_guts+0x3c>
100022de:	428b      	cmp	r3, r1
100022e0:	d100      	bne.n	100022e4 <__aeabi_dfcmple_guts+0x3a>
100022e2:	4282      	cmp	r2, r0
100022e4:	bdff      	pop	{r0, r1, r2, r3, r4, r5, r6, r7, pc}
100022e6:	4299      	cmp	r1, r3
100022e8:	d1fc      	bne.n	100022e4 <__aeabi_dfcmple_guts+0x3a>
100022ea:	4290      	cmp	r0, r2
100022ec:	bdff      	pop	{r0, r1, r2, r3, r4, r5, r6, r7, pc}
100022ee:	430b      	orrs	r3, r1
100022f0:	18db      	adds	r3, r3, r3
100022f2:	4303      	orrs	r3, r0
100022f4:	4313      	orrs	r3, r2
100022f6:	d0f5      	beq.n	100022e4 <__aeabi_dfcmple_guts+0x3a>
100022f8:	43c9      	mvns	r1, r1
100022fa:	1849      	adds	r1, r1, r1
100022fc:	bdff      	pop	{r0, r1, r2, r3, r4, r5, r6, r7, pc}
100022fe:	0000      	.short	0x0000
10002300:	000007ff 	.word	0x000007ff

10002304 <__wrap___aeabi_dcmplt>:
10002304:	b500      	push	{lr}
10002306:	f7ff ffcf 	bl	100022a8 <__wrap___aeabi_cdcmpeq>
1000230a:	4180      	sbcs	r0, r0
1000230c:	bd00      	pop	{pc}
1000230e:	46c0      	nop			@ (mov r8, r8)

10002310 <__wrap___aeabi_dcmple>:
10002310:	b500      	push	{lr}
10002312:	f7ff ffc9 	bl	100022a8 <__wrap___aeabi_cdcmpeq>
10002316:	d901      	bls.n	1000231c <__wrap___aeabi_dcmple+0xc>
10002318:	2000      	movs	r0, #0
1000231a:	bd00      	pop	{pc}
1000231c:	2001      	movs	r0, #1
1000231e:	bd00      	pop	{pc}

10002320 <__wrap___aeabi_dcmpge>:
10002320:	b500      	push	{lr}
10002322:	f7ff ffb9 	bl	10002298 <__wrap___aeabi_cdrcmple>
10002326:	d901      	bls.n	1000232c <__wrap___aeabi_dcmpge+0xc>
10002328:	2000      	movs	r0, #0
1000232a:	bd00      	pop	{pc}
1000232c:	2001      	movs	r0, #1
1000232e:	bd00      	pop	{pc}

10002330 <__wrap___aeabi_dcmpgt>:
10002330:	b500      	push	{lr}
10002332:	f7ff ffb1 	bl	10002298 <__wrap___aeabi_cdrcmple>
10002336:	4180      	sbcs	r0, r0
10002338:	bd00      	pop	{pc}

1000233a <__wrap___aeabi_dcmpun>:
1000233a:	2001      	movs	r0, #1
1000233c:	0540      	lsls	r0, r0, #21
1000233e:	004a      	lsls	r2, r1, #1
10002340:	1812      	adds	r2, r2, r0
10002342:	d804      	bhi.n	1000234e <__wrap___aeabi_dcmpun+0x14>
10002344:	005a      	lsls	r2, r3, #1
10002346:	1812      	adds	r2, r2, r0
10002348:	d801      	bhi.n	1000234e <__wrap___aeabi_dcmpun+0x14>
1000234a:	2000      	movs	r0, #0
1000234c:	4770      	bx	lr
1000234e:	2001      	movs	r0, #1
10002350:	4770      	bx	lr
	...

10002354 <__wrap___aeabi_ui2d>:
10002354:	2100      	movs	r1, #0
10002356:	2800      	cmp	r0, #0
10002358:	d105      	bne.n	10002366 <__wrap___aeabi_i2d+0xa>
1000235a:	4770      	bx	lr

1000235c <__wrap___aeabi_i2d>:
1000235c:	17c1      	asrs	r1, r0, #31
1000235e:	4048      	eors	r0, r1
10002360:	1a40      	subs	r0, r0, r1
10002362:	d0fa      	beq.n	1000235a <__wrap___aeabi_ui2d+0x6>
10002364:	07c9      	lsls	r1, r1, #31
10002366:	b513      	push	{r0, r1, r4, lr}
10002368:	4b06      	ldr	r3, [pc, #24]	@ (10002384 <__wrap___aeabi_i2d+0x28>)
1000236a:	681b      	ldr	r3, [r3, #0]
1000236c:	4798      	blx	r3
1000236e:	bc0c      	pop	{r2, r3}
10002370:	1c44      	adds	r4, r0, #1
10002372:	40a2      	lsls	r2, r4
10002374:	0510      	lsls	r0, r2, #20
10002376:	0b12      	lsrs	r2, r2, #12
10002378:	4903      	ldr	r1, [pc, #12]	@ (10002388 <__wrap___aeabi_i2d+0x2c>)
1000237a:	1b09      	subs	r1, r1, r4
1000237c:	0509      	lsls	r1, r1, #20
1000237e:	4319      	orrs	r1, r3
10002380:	4311      	orrs	r1, r2
10002382:	bd10      	pop	{r4, pc}
10002384:	20002b40 	.word	0x20002b40
10002388:	0000041f 	.word	0x0000041f

1000238c <__wrap___aeabi_d2iz>:
1000238c:	b510      	push	{r4, lr}
1000238e:	004c      	lsls	r4, r1, #1
10002390:	0d62      	lsrs	r2, r4, #21
10002392:	2380      	movs	r3, #128	@ 0x80
10002394:	18d2      	adds	r2, r2, r3
10002396:	00db      	lsls	r3, r3, #3
10002398:	1ad2      	subs	r2, r2, r3
1000239a:	055b      	lsls	r3, r3, #21
1000239c:	2a7e      	cmp	r2, #126	@ 0x7e
1000239e:	dd10      	ble.n	100023c2 <__wrap___aeabi_d2iz+0x36>
100023a0:	3a9e      	subs	r2, #158	@ 0x9e
100023a2:	da13      	bge.n	100023cc <__wrap___aeabi_d2iz+0x40>
100023a4:	17cc      	asrs	r4, r1, #31
100023a6:	0309      	lsls	r1, r1, #12
100023a8:	0849      	lsrs	r1, r1, #1
100023aa:	4319      	orrs	r1, r3
100023ac:	4252      	negs	r2, r2
100023ae:	40d1      	lsrs	r1, r2
100023b0:	0064      	lsls	r4, r4, #1
100023b2:	3401      	adds	r4, #1
100023b4:	3215      	adds	r2, #21
100023b6:	2a20      	cmp	r2, #32
100023b8:	da05      	bge.n	100023c6 <__wrap___aeabi_d2iz+0x3a>
100023ba:	40d0      	lsrs	r0, r2
100023bc:	4308      	orrs	r0, r1
100023be:	4360      	muls	r0, r4
100023c0:	bd10      	pop	{r4, pc}
100023c2:	2000      	movs	r0, #0
100023c4:	bd10      	pop	{r4, pc}
100023c6:	4608      	mov	r0, r1
100023c8:	4360      	muls	r0, r4
100023ca:	bd10      	pop	{r4, pc}
100023cc:	0fc8      	lsrs	r0, r1, #31
100023ce:	18c0      	adds	r0, r0, r3
100023d0:	3801      	subs	r0, #1
100023d2:	bd10      	pop	{r4, pc}

100023d4 <__wrap___aeabi_d2uiz>:
100023d4:	b418      	push	{r3, r4}
100023d6:	4b02      	ldr	r3, [pc, #8]	@ (100023e0 <__wrap___aeabi_d2uiz+0xc>)
100023d8:	6a5b      	ldr	r3, [r3, #36]	@ 0x24
100023da:	9301      	str	r3, [sp, #4]
100023dc:	bd08      	pop	{r3, pc}
100023de:	0000      	.short	0x0000
100023e0:	20001438 	.word	0x20001438

100023e4 <missing_double_func_shim>:
100023e4:	b510      	push	{r4, lr}
100023e6:	4801      	ldr	r0, [pc, #4]	@ (100023ec <missing_double_func_shim+0x8>)
100023e8:	f7fe f8cc 	bl	10000584 <panic>
100023ec:	1000ab08 	.word	0x1000ab08

100023f0 <__aeabi_double_init>:
100023f0:	2313      	movs	r3, #19
100023f2:	b570      	push	{r4, r5, r6, lr}
100023f4:	781d      	ldrb	r5, [r3, #0]
100023f6:	2d01      	cmp	r5, #1
100023f8:	d019      	beq.n	1000242e <__aeabi_double_init+0x3e>
100023fa:	dd14      	ble.n	10002426 <__aeabi_double_init+0x36>
100023fc:	481d      	ldr	r0, [pc, #116]	@ (10002474 <__aeabi_double_init+0x84>)
100023fe:	f7ff fb39 	bl	10001a74 <rom_data_lookup>
10002402:	0006      	movs	r6, r0
10002404:	481c      	ldr	r0, [pc, #112]	@ (10002478 <__aeabi_double_init+0x88>)
10002406:	f7ff fb35 	bl	10001a74 <rom_data_lookup>
1000240a:	4c1c      	ldr	r4, [pc, #112]	@ (1000247c <__aeabi_double_init+0x8c>)
1000240c:	2280      	movs	r2, #128	@ 0x80
1000240e:	0031      	movs	r1, r6
10002410:	0020      	movs	r0, r4
10002412:	f000 f92d 	bl	10002670 <__wrap___aeabi_memcpy>
10002416:	2d02      	cmp	r5, #2
10002418:	d006      	beq.n	10002428 <__aeabi_double_init+0x38>
1000241a:	4819      	ldr	r0, [pc, #100]	@ (10002480 <__aeabi_double_init+0x90>)
1000241c:	f7ff fb22 	bl	10001a64 <rom_func_lookup>
10002420:	4b18      	ldr	r3, [pc, #96]	@ (10002484 <__aeabi_double_init+0x94>)
10002422:	6018      	str	r0, [r3, #0]
10002424:	bd70      	pop	{r4, r5, r6, pc}
10002426:	4c15      	ldr	r4, [pc, #84]	@ (1000247c <__aeabi_double_init+0x8c>)
10002428:	4b17      	ldr	r3, [pc, #92]	@ (10002488 <__aeabi_double_init+0x98>)
1000242a:	64a3      	str	r3, [r4, #72]	@ 0x48
1000242c:	e7f5      	b.n	1000241a <__aeabi_double_init+0x2a>
1000242e:	4b17      	ldr	r3, [pc, #92]	@ (1000248c <__aeabi_double_init+0x9c>)
10002430:	4c12      	ldr	r4, [pc, #72]	@ (1000247c <__aeabi_double_init+0x8c>)
10002432:	6023      	str	r3, [r4, #0]
10002434:	6063      	str	r3, [r4, #4]
10002436:	60a3      	str	r3, [r4, #8]
10002438:	60e3      	str	r3, [r4, #12]
1000243a:	6123      	str	r3, [r4, #16]
1000243c:	6163      	str	r3, [r4, #20]
1000243e:	61a3      	str	r3, [r4, #24]
10002440:	61e3      	str	r3, [r4, #28]
10002442:	6223      	str	r3, [r4, #32]
10002444:	6263      	str	r3, [r4, #36]	@ 0x24
10002446:	62a3      	str	r3, [r4, #40]	@ 0x28
10002448:	62e3      	str	r3, [r4, #44]	@ 0x2c
1000244a:	6323      	str	r3, [r4, #48]	@ 0x30
1000244c:	6363      	str	r3, [r4, #52]	@ 0x34
1000244e:	63a3      	str	r3, [r4, #56]	@ 0x38
10002450:	63e3      	str	r3, [r4, #60]	@ 0x3c
10002452:	6423      	str	r3, [r4, #64]	@ 0x40
10002454:	6463      	str	r3, [r4, #68]	@ 0x44
10002456:	64a3      	str	r3, [r4, #72]	@ 0x48
10002458:	64e3      	str	r3, [r4, #76]	@ 0x4c
1000245a:	6523      	str	r3, [r4, #80]	@ 0x50
1000245c:	6563      	str	r3, [r4, #84]	@ 0x54
1000245e:	65a3      	str	r3, [r4, #88]	@ 0x58
10002460:	65e3      	str	r3, [r4, #92]	@ 0x5c
10002462:	6623      	str	r3, [r4, #96]	@ 0x60
10002464:	6663      	str	r3, [r4, #100]	@ 0x64
10002466:	66a3      	str	r3, [r4, #104]	@ 0x68
10002468:	66e3      	str	r3, [r4, #108]	@ 0x6c
1000246a:	6723      	str	r3, [r4, #112]	@ 0x70
1000246c:	6763      	str	r3, [r4, #116]	@ 0x74
1000246e:	67a3      	str	r3, [r4, #120]	@ 0x78
10002470:	67e3      	str	r3, [r4, #124]	@ 0x7c
10002472:	e7d9      	b.n	10002428 <__aeabi_double_init+0x38>
10002474:	00004453 	.word	0x00004453
10002478:	00004653 	.word	0x00004653
1000247c:	20001438 	.word	0x20001438
10002480:	0000334c 	.word	0x0000334c
10002484:	20002b40 	.word	0x20002b40
10002488:	10002491 	.word	0x10002491
1000248c:	100023e5 	.word	0x100023e5

10002490 <double_table_shim_on_use_helper>:
10002490:	b507      	push	{r0, r1, r2, lr}
10002492:	4660      	mov	r0, ip
10002494:	8801      	ldrh	r1, [r0, #0]
10002496:	0a0a      	lsrs	r2, r1, #8
10002498:	3002      	adds	r0, #2
1000249a:	2adf      	cmp	r2, #223	@ 0xdf
1000249c:	d1fa      	bne.n	10002494 <double_table_shim_on_use_helper+0x4>
1000249e:	b2c9      	uxtb	r1, r1
100024a0:	0882      	lsrs	r2, r0, #2
100024a2:	d304      	bcc.n	100024ae <double_table_shim_on_use_helper+0x1e>
100024a4:	8802      	ldrh	r2, [r0, #0]
100024a6:	8840      	ldrh	r0, [r0, #2]
100024a8:	0400      	lsls	r0, r0, #16
100024aa:	4310      	orrs	r0, r2
100024ac:	e000      	b.n	100024b0 <double_table_shim_on_use_helper+0x20>
100024ae:	6800      	ldr	r0, [r0, #0]
100024b0:	4a01      	ldr	r2, [pc, #4]	@ (100024b8 <double_table_shim_on_use_helper+0x28>)
100024b2:	5050      	str	r0, [r2, r1]
100024b4:	9003      	str	r0, [sp, #12]
100024b6:	bd07      	pop	{r0, r1, r2, pc}
100024b8:	20001438 	.word	0x20001438

100024bc <__wrap___aeabi_lmul>:
100024bc:	4351      	muls	r1, r2
100024be:	4343      	muls	r3, r0
100024c0:	18c9      	adds	r1, r1, r3
100024c2:	468c      	mov	ip, r1
100024c4:	0c11      	lsrs	r1, r2, #16
100024c6:	b283      	uxth	r3, r0
100024c8:	434b      	muls	r3, r1
100024ca:	b410      	push	{r4}
100024cc:	0c04      	lsrs	r4, r0, #16
100024ce:	4361      	muls	r1, r4
100024d0:	b292      	uxth	r2, r2
100024d2:	b280      	uxth	r0, r0
100024d4:	4350      	muls	r0, r2
100024d6:	4362      	muls	r2, r4
100024d8:	041c      	lsls	r4, r3, #16
100024da:	0c1b      	lsrs	r3, r3, #16
100024dc:	1900      	adds	r0, r0, r4
100024de:	bc10      	pop	{r4}
100024e0:	4159      	adcs	r1, r3
100024e2:	0413      	lsls	r3, r2, #16
100024e4:	0c12      	lsrs	r2, r2, #16
100024e6:	18c0      	adds	r0, r0, r3
100024e8:	4151      	adcs	r1, r2
100024ea:	4461      	add	r1, ip
100024ec:	4770      	bx	lr
	...

100024f0 <__wrap___aeabi_frsub>:
100024f0:	4048      	eors	r0, r1
100024f2:	4041      	eors	r1, r0
100024f4:	4048      	eors	r0, r1

100024f6 <__wrap___aeabi_fsub>:
100024f6:	4b0e      	ldr	r3, [pc, #56]	@ (10002530 <__wrap___aeabi_fmul+0x6>)
100024f8:	685b      	ldr	r3, [r3, #4]
100024fa:	4718      	bx	r3

100024fc <__wrap___aeabi_fadd>:
100024fc:	4b0c      	ldr	r3, [pc, #48]	@ (10002530 <__wrap___aeabi_fmul+0x6>)
100024fe:	681b      	ldr	r3, [r3, #0]
10002500:	4718      	bx	r3

10002502 <__wrap___aeabi_fdiv>:
10002502:	4a0c      	ldr	r2, [pc, #48]	@ (10002534 <__wrap___aeabi_fmul+0xa>)
10002504:	6f93      	ldr	r3, [r2, #120]	@ 0x78
10002506:	089b      	lsrs	r3, r3, #2
10002508:	d202      	bcs.n	10002510 <fdiv_save_state>

1000250a <fdiv_shim_call>:
1000250a:	4b09      	ldr	r3, [pc, #36]	@ (10002530 <__wrap___aeabi_fmul+0x6>)
1000250c:	68db      	ldr	r3, [r3, #12]
1000250e:	4718      	bx	r3

10002510 <fdiv_save_state>:
10002510:	b5f0      	push	{r4, r5, r6, r7, lr}
10002512:	6e14      	ldr	r4, [r2, #96]	@ 0x60
10002514:	6e55      	ldr	r5, [r2, #100]	@ 0x64
10002516:	6f57      	ldr	r7, [r2, #116]	@ 0x74
10002518:	6f16      	ldr	r6, [r2, #112]	@ 0x70
1000251a:	f7ff fff6 	bl	1000250a <fdiv_shim_call>
1000251e:	4a05      	ldr	r2, [pc, #20]	@ (10002534 <__wrap___aeabi_fmul+0xa>)
10002520:	6614      	str	r4, [r2, #96]	@ 0x60
10002522:	6655      	str	r5, [r2, #100]	@ 0x64
10002524:	6757      	str	r7, [r2, #116]	@ 0x74
10002526:	6716      	str	r6, [r2, #112]	@ 0x70
10002528:	bdf0      	pop	{r4, r5, r6, r7, pc}

1000252a <__wrap___aeabi_fmul>:
1000252a:	4b01      	ldr	r3, [pc, #4]	@ (10002530 <__wrap___aeabi_fmul+0x6>)
1000252c:	689b      	ldr	r3, [r3, #8]
1000252e:	4718      	bx	r3
10002530:	20002b44 	.word	0x20002b44
10002534:	d0000000 	.word	0xd0000000

10002538 <__wrap___aeabi_cfrcmple>:
10002538:	b507      	push	{r0, r1, r2, lr}
1000253a:	4048      	eors	r0, r1
1000253c:	4041      	eors	r1, r0
1000253e:	4048      	eors	r0, r1
10002540:	e001      	b.n	10002546 <__aeabi_cfcmple_guts>
10002542:	46c0      	nop			@ (mov r8, r8)

10002544 <__wrap___aeabi_cfcmpeq>:
10002544:	b507      	push	{r0, r1, r2, lr}

10002546 <__aeabi_cfcmple_guts>:
10002546:	0042      	lsls	r2, r0, #1
10002548:	0e12      	lsrs	r2, r2, #24
1000254a:	d003      	beq.n	10002554 <__aeabi_cfcmple_guts+0xe>
1000254c:	2aff      	cmp	r2, #255	@ 0xff
1000254e:	d103      	bne.n	10002558 <__aeabi_cfcmple_guts+0x12>
10002550:	0242      	lsls	r2, r0, #9
10002552:	d818      	bhi.n	10002586 <__aeabi_cfcmple_guts+0x40>
10002554:	0dc0      	lsrs	r0, r0, #23
10002556:	05c0      	lsls	r0, r0, #23
10002558:	004a      	lsls	r2, r1, #1
1000255a:	0e12      	lsrs	r2, r2, #24
1000255c:	d003      	beq.n	10002566 <__aeabi_cfcmple_guts+0x20>
1000255e:	2aff      	cmp	r2, #255	@ 0xff
10002560:	d103      	bne.n	1000256a <__aeabi_cfcmple_guts+0x24>
10002562:	024a      	lsls	r2, r1, #9
10002564:	d80f      	bhi.n	10002586 <__aeabi_cfcmple_guts+0x40>
10002566:	0dc9      	lsrs	r1, r1, #23
10002568:	05c9      	lsls	r1, r1, #23
1000256a:	2201      	movs	r2, #1
1000256c:	4041      	eors	r1, r0
1000256e:	d405      	bmi.n	1000257c <__aeabi_cfcmple_guts+0x36>
10002570:	4041      	eors	r1, r0
10002572:	d501      	bpl.n	10002578 <__aeabi_cfcmple_guts+0x32>
10002574:	4281      	cmp	r1, r0
10002576:	bd07      	pop	{r0, r1, r2, pc}
10002578:	4288      	cmp	r0, r1
1000257a:	bd07      	pop	{r0, r1, r2, pc}
1000257c:	4301      	orrs	r1, r0
1000257e:	1849      	adds	r1, r1, r1
10002580:	d001      	beq.n	10002586 <__aeabi_cfcmple_guts+0x40>
10002582:	43c0      	mvns	r0, r0
10002584:	1800      	adds	r0, r0, r0
10002586:	bd07      	pop	{r0, r1, r2, pc}

10002588 <__wrap___aeabi_fcmpgt>:
10002588:	b500      	push	{lr}
1000258a:	f7ff ffd5 	bl	10002538 <__wrap___aeabi_cfrcmple>
1000258e:	4180      	sbcs	r0, r0
10002590:	bd00      	pop	{pc}

10002592 <__wrap___aeabi_ui2f>:
10002592:	1a49      	subs	r1, r1, r1
10002594:	2800      	cmp	r0, #0
10002596:	d107      	bne.n	100025a8 <__aeabi_i2f_main>
10002598:	4608      	mov	r0, r1
1000259a:	4770      	bx	lr

1000259c <__wrap___aeabi_i2f>:
1000259c:	0fc1      	lsrs	r1, r0, #31
1000259e:	07c9      	lsls	r1, r1, #31
100025a0:	d500      	bpl.n	100025a4 <__wrap___aeabi_i2f+0x8>
100025a2:	4240      	negs	r0, r0
100025a4:	2800      	cmp	r0, #0
100025a6:	d017      	beq.n	100025d8 <__aeabi_i2f_main+0x30>

100025a8 <__aeabi_i2f_main>:
100025a8:	46f4      	mov	ip, lr
100025aa:	b403      	push	{r0, r1}
100025ac:	4b0b      	ldr	r3, [pc, #44]	@ (100025dc <__aeabi_i2f_main+0x34>)
100025ae:	681b      	ldr	r3, [r3, #0]
100025b0:	4798      	blx	r3
100025b2:	bc06      	pop	{r1, r2}
100025b4:	4081      	lsls	r1, r0
100025b6:	389e      	subs	r0, #158	@ 0x9e
100025b8:	4240      	negs	r0, r0
100025ba:	3180      	adds	r1, #128	@ 0x80
100025bc:	d207      	bcs.n	100025ce <__aeabi_i2f_main+0x26>
100025be:	060b      	lsls	r3, r1, #24
100025c0:	d007      	beq.n	100025d2 <__aeabi_i2f_main+0x2a>
100025c2:	0049      	lsls	r1, r1, #1
100025c4:	0a49      	lsrs	r1, r1, #9
100025c6:	05c0      	lsls	r0, r0, #23
100025c8:	4310      	orrs	r0, r2
100025ca:	4308      	orrs	r0, r1
100025cc:	4760      	bx	ip
100025ce:	3001      	adds	r0, #1
100025d0:	e7f8      	b.n	100025c4 <__aeabi_i2f_main+0x1c>
100025d2:	0a49      	lsrs	r1, r1, #9
100025d4:	0289      	lsls	r1, r1, #10
100025d6:	e7f5      	b.n	100025c4 <__aeabi_i2f_main+0x1c>
100025d8:	4770      	bx	lr
100025da:	0000      	.short	0x0000
100025dc:	20002b40 	.word	0x20002b40

100025e0 <__wrap___aeabi_f2d>:
100025e0:	4b01      	ldr	r3, [pc, #4]	@ (100025e8 <__wrap___aeabi_f2d+0x8>)
100025e2:	6fdb      	ldr	r3, [r3, #124]	@ 0x7c
100025e4:	4718      	bx	r3
100025e6:	0000      	.short	0x0000
100025e8:	20002b44 	.word	0x20002b44

100025ec <missing_float_func_shim>:
100025ec:	b510      	push	{r4, lr}
100025ee:	4801      	ldr	r0, [pc, #4]	@ (100025f4 <missing_float_func_shim+0x8>)
100025f0:	f7fd ffc8 	bl	10000584 <panic>
100025f4:	1000aca8 	.word	0x1000aca8

100025f8 <__aeabi_float_init>:
100025f8:	2313      	movs	r3, #19
100025fa:	b510      	push	{r4, lr}
100025fc:	4810      	ldr	r0, [pc, #64]	@ (10002640 <__aeabi_float_init+0x48>)
100025fe:	781c      	ldrb	r4, [r3, #0]
10002600:	f7ff fa38 	bl	10001a74 <rom_data_lookup>
10002604:	0001      	movs	r1, r0
10002606:	2c01      	cmp	r4, #1
10002608:	d00a      	beq.n	10002620 <__aeabi_float_init+0x28>
1000260a:	dd03      	ble.n	10002614 <__aeabi_float_init+0x1c>
1000260c:	2280      	movs	r2, #128	@ 0x80
1000260e:	480d      	ldr	r0, [pc, #52]	@ (10002644 <__aeabi_float_init+0x4c>)
10002610:	f000 f82e 	bl	10002670 <__wrap___aeabi_memcpy>
10002614:	480c      	ldr	r0, [pc, #48]	@ (10002648 <__aeabi_float_init+0x50>)
10002616:	f7ff fa25 	bl	10001a64 <rom_func_lookup>
1000261a:	4b0c      	ldr	r3, [pc, #48]	@ (1000264c <__aeabi_float_init+0x54>)
1000261c:	6018      	str	r0, [r3, #0]
1000261e:	bd10      	pop	{r4, pc}
10002620:	4c08      	ldr	r4, [pc, #32]	@ (10002644 <__aeabi_float_init+0x4c>)
10002622:	2254      	movs	r2, #84	@ 0x54
10002624:	0020      	movs	r0, r4
10002626:	f000 f823 	bl	10002670 <__wrap___aeabi_memcpy>
1000262a:	0022      	movs	r2, r4
1000262c:	4908      	ldr	r1, [pc, #32]	@ (10002650 <__aeabi_float_init+0x58>)
1000262e:	3280      	adds	r2, #128	@ 0x80
10002630:	6823      	ldr	r3, [r4, #0]
10002632:	2b00      	cmp	r3, #0
10002634:	d100      	bne.n	10002638 <__aeabi_float_init+0x40>
10002636:	6021      	str	r1, [r4, #0]
10002638:	3404      	adds	r4, #4
1000263a:	4294      	cmp	r4, r2
1000263c:	d1f8      	bne.n	10002630 <__aeabi_float_init+0x38>
1000263e:	e7e9      	b.n	10002614 <__aeabi_float_init+0x1c>
10002640:	00004653 	.word	0x00004653
10002644:	20002b44 	.word	0x20002b44
10002648:	0000334c 	.word	0x0000334c
1000264c:	20002b40 	.word	0x20002b40
10002650:	100025ed 	.word	0x100025ed

10002654 <__aeabi_mem_init>:
10002654:	4801      	ldr	r0, [pc, #4]	@ (1000265c <__aeabi_mem_init+0x8>)
10002656:	2104      	movs	r1, #4
10002658:	4b01      	ldr	r3, [pc, #4]	@ (10002660 <__aeabi_mem_init+0xc>)
1000265a:	4718      	bx	r3
1000265c:	200011f0 	.word	0x200011f0
10002660:	10001a85 	.word	0x10001a85

10002664 <__wrap_memset>:
10002664:	4b01      	ldr	r3, [pc, #4]	@ (1000266c <__wrap_memset+0x8>)
10002666:	681b      	ldr	r3, [r3, #0]
10002668:	4718      	bx	r3
1000266a:	0000      	.short	0x0000
1000266c:	200011f0 	.word	0x200011f0

10002670 <__wrap___aeabi_memcpy>:
10002670:	4b01      	ldr	r3, [pc, #4]	@ (10002678 <__wrap___aeabi_memcpy+0x8>)
10002672:	685b      	ldr	r3, [r3, #4]
10002674:	4718      	bx	r3
10002676:	0000      	.short	0x0000
10002678:	200011f0 	.word	0x200011f0

1000267c <_out_null>:
1000267c:	4770      	bx	lr
1000267e:	46c0      	nop			@ (mov r8, r8)

10002680 <_out_rev>:
10002680:	b5f8      	push	{r3, r4, r5, r6, r7, lr}
10002682:	4657      	mov	r7, sl
10002684:	46de      	mov	lr, fp
10002686:	464e      	mov	r6, r9
10002688:	4645      	mov	r5, r8
1000268a:	b5e0      	push	{r5, r6, r7, lr}
1000268c:	4699      	mov	r9, r3
1000268e:	9b0a      	ldr	r3, [sp, #40]	@ 0x28
10002690:	0007      	movs	r7, r0
10002692:	469a      	mov	sl, r3
10002694:	9b0d      	ldr	r3, [sp, #52]	@ 0x34
10002696:	4688      	mov	r8, r1
10002698:	4693      	mov	fp, r2
1000269a:	9c0b      	ldr	r4, [sp, #44]	@ 0x2c
1000269c:	079b      	lsls	r3, r3, #30
1000269e:	d13b      	bne.n	10002718 <_out_rev+0x98>
100026a0:	9b0c      	ldr	r3, [sp, #48]	@ 0x30
100026a2:	429c      	cmp	r4, r3
100026a4:	d23d      	bcs.n	10002722 <_out_rev+0xa2>
100026a6:	1b1e      	subs	r6, r3, r4
100026a8:	940b      	str	r4, [sp, #44]	@ 0x2c
100026aa:	0015      	movs	r5, r2
100026ac:	000c      	movs	r4, r1
100026ae:	445e      	add	r6, fp
100026b0:	002a      	movs	r2, r5
100026b2:	464b      	mov	r3, r9
100026b4:	3501      	adds	r5, #1
100026b6:	0021      	movs	r1, r4
100026b8:	2020      	movs	r0, #32
100026ba:	47b8      	blx	r7
100026bc:	42b5      	cmp	r5, r6
100026be:	d1f7      	bne.n	100026b0 <_out_rev+0x30>
100026c0:	46a0      	mov	r8, r4
100026c2:	9c0b      	ldr	r4, [sp, #44]	@ 0x2c
100026c4:	2c00      	cmp	r4, #0
100026c6:	d020      	beq.n	1000270a <_out_rev+0x8a>
100026c8:	4645      	mov	r5, r8
100026ca:	1936      	adds	r6, r6, r4
100026cc:	4653      	mov	r3, sl
100026ce:	1b32      	subs	r2, r6, r4
100026d0:	3c01      	subs	r4, #1
100026d2:	5d18      	ldrb	r0, [r3, r4]
100026d4:	0029      	movs	r1, r5
100026d6:	464b      	mov	r3, r9
100026d8:	47b8      	blx	r7
100026da:	2c00      	cmp	r4, #0
100026dc:	d1f6      	bne.n	100026cc <_out_rev+0x4c>
100026de:	002b      	movs	r3, r5
100026e0:	0035      	movs	r5, r6
100026e2:	4698      	mov	r8, r3
100026e4:	9b0d      	ldr	r3, [sp, #52]	@ 0x34
100026e6:	079b      	lsls	r3, r3, #30
100026e8:	d50f      	bpl.n	1000270a <_out_rev+0x8a>
100026ea:	465b      	mov	r3, fp
100026ec:	1aec      	subs	r4, r5, r3
100026ee:	9b0c      	ldr	r3, [sp, #48]	@ 0x30
100026f0:	42a3      	cmp	r3, r4
100026f2:	d90a      	bls.n	1000270a <_out_rev+0x8a>
100026f4:	4646      	mov	r6, r8
100026f6:	4698      	mov	r8, r3
100026f8:	002a      	movs	r2, r5
100026fa:	464b      	mov	r3, r9
100026fc:	0031      	movs	r1, r6
100026fe:	2020      	movs	r0, #32
10002700:	3401      	adds	r4, #1
10002702:	47b8      	blx	r7
10002704:	3501      	adds	r5, #1
10002706:	4544      	cmp	r4, r8
10002708:	d3f6      	bcc.n	100026f8 <_out_rev+0x78>
1000270a:	0028      	movs	r0, r5
1000270c:	bcf0      	pop	{r4, r5, r6, r7}
1000270e:	46bb      	mov	fp, r7
10002710:	46b2      	mov	sl, r6
10002712:	46a9      	mov	r9, r5
10002714:	46a0      	mov	r8, r4
10002716:	bdf8      	pop	{r3, r4, r5, r6, r7, pc}
10002718:	0016      	movs	r6, r2
1000271a:	0015      	movs	r5, r2
1000271c:	2c00      	cmp	r4, #0
1000271e:	d1d3      	bne.n	100026c8 <_out_rev+0x48>
10002720:	e7e0      	b.n	100026e4 <_out_rev+0x64>
10002722:	0016      	movs	r6, r2
10002724:	0015      	movs	r5, r2
10002726:	2c00      	cmp	r4, #0
10002728:	d1ce      	bne.n	100026c8 <_out_rev+0x48>
1000272a:	e7ee      	b.n	1000270a <_out_rev+0x8a>

1000272c <_ntoa_format>:
1000272c:	b5f0      	push	{r4, r5, r6, r7, lr}
1000272e:	4645      	mov	r5, r8
10002730:	46de      	mov	lr, fp
10002732:	4657      	mov	r7, sl
10002734:	464e      	mov	r6, r9
10002736:	b5e0      	push	{r5, r6, r7, lr}
10002738:	b085      	sub	sp, #20
1000273a:	469c      	mov	ip, r3
1000273c:	ab10      	add	r3, sp, #64	@ 0x40
1000273e:	781b      	ldrb	r3, [r3, #0]
10002740:	9f14      	ldr	r7, [sp, #80]	@ 0x50
10002742:	4693      	mov	fp, r2
10002744:	4698      	mov	r8, r3
10002746:	9c0f      	ldr	r4, [sp, #60]	@ 0x3c
10002748:	9e12      	ldr	r6, [sp, #72]	@ 0x48
1000274a:	9d13      	ldr	r5, [sp, #76]	@ 0x4c
1000274c:	07bb      	lsls	r3, r7, #30
1000274e:	d44c      	bmi.n	100027ea <_ntoa_format+0xbe>
10002750:	2d00      	cmp	r5, #0
10002752:	d142      	bne.n	100027da <_ntoa_format+0xae>
10002754:	42b4      	cmp	r4, r6
10002756:	d248      	bcs.n	100027ea <_ntoa_format+0xbe>
10002758:	2301      	movs	r3, #1
1000275a:	403b      	ands	r3, r7
1000275c:	4699      	mov	r9, r3
1000275e:	9b0e      	ldr	r3, [sp, #56]	@ 0x38
10002760:	3b01      	subs	r3, #1
10002762:	469a      	mov	sl, r3
10002764:	2330      	movs	r3, #48	@ 0x30
10002766:	e004      	b.n	10002772 <_ntoa_format+0x46>
10002768:	4652      	mov	r2, sl
1000276a:	3401      	adds	r4, #1
1000276c:	5513      	strb	r3, [r2, r4]
1000276e:	42a6      	cmp	r6, r4
10002770:	d901      	bls.n	10002776 <_ntoa_format+0x4a>
10002772:	2c20      	cmp	r4, #32
10002774:	d1f8      	bne.n	10002768 <_ntoa_format+0x3c>
10002776:	464b      	mov	r3, r9
10002778:	2b00      	cmp	r3, #0
1000277a:	d100      	bne.n	1000277e <_ntoa_format+0x52>
1000277c:	e083      	b.n	10002886 <_ntoa_format+0x15a>
1000277e:	9b0e      	ldr	r3, [sp, #56]	@ 0x38
10002780:	3b01      	subs	r3, #1
10002782:	4699      	mov	r9, r3
10002784:	2330      	movs	r3, #48	@ 0x30
10002786:	42a5      	cmp	r5, r4
10002788:	d805      	bhi.n	10002796 <_ntoa_format+0x6a>
1000278a:	e02e      	b.n	100027ea <_ntoa_format+0xbe>
1000278c:	464a      	mov	r2, r9
1000278e:	3401      	adds	r4, #1
10002790:	5513      	strb	r3, [r2, r4]
10002792:	42ac      	cmp	r4, r5
10002794:	d029      	beq.n	100027ea <_ntoa_format+0xbe>
10002796:	2c20      	cmp	r4, #32
10002798:	d1f8      	bne.n	1000278c <_ntoa_format+0x60>
1000279a:	06fb      	lsls	r3, r7, #27
1000279c:	d50c      	bpl.n	100027b8 <_ntoa_format+0x8c>
1000279e:	057b      	lsls	r3, r7, #21
100027a0:	d454      	bmi.n	1000284c <_ntoa_format+0x120>
100027a2:	42a6      	cmp	r6, r4
100027a4:	d063      	beq.n	1000286e <_ntoa_format+0x142>
100027a6:	42a5      	cmp	r5, r4
100027a8:	d061      	beq.n	1000286e <_ntoa_format+0x142>
100027aa:	9b11      	ldr	r3, [sp, #68]	@ 0x44
100027ac:	2b10      	cmp	r3, #16
100027ae:	d050      	beq.n	10002852 <_ntoa_format+0x126>
100027b0:	2b02      	cmp	r3, #2
100027b2:	d057      	beq.n	10002864 <_ntoa_format+0x138>
100027b4:	2c20      	cmp	r4, #32
100027b6:	d132      	bne.n	1000281e <_ntoa_format+0xf2>
100027b8:	2320      	movs	r3, #32
100027ba:	9301      	str	r3, [sp, #4]
100027bc:	9b0e      	ldr	r3, [sp, #56]	@ 0x38
100027be:	465a      	mov	r2, fp
100027c0:	9300      	str	r3, [sp, #0]
100027c2:	9703      	str	r7, [sp, #12]
100027c4:	4663      	mov	r3, ip
100027c6:	9502      	str	r5, [sp, #8]
100027c8:	f7ff ff5a 	bl	10002680 <_out_rev>
100027cc:	b005      	add	sp, #20
100027ce:	bcf0      	pop	{r4, r5, r6, r7}
100027d0:	46bb      	mov	fp, r7
100027d2:	46b2      	mov	sl, r6
100027d4:	46a9      	mov	r9, r5
100027d6:	46a0      	mov	r8, r4
100027d8:	bdf0      	pop	{r4, r5, r6, r7, pc}
100027da:	2301      	movs	r3, #1
100027dc:	403b      	ands	r3, r7
100027de:	4699      	mov	r9, r3
100027e0:	2301      	movs	r3, #1
100027e2:	423b      	tst	r3, r7
100027e4:	d12a      	bne.n	1000283c <_ntoa_format+0x110>
100027e6:	42b4      	cmp	r4, r6
100027e8:	d3b9      	bcc.n	1000275e <_ntoa_format+0x32>
100027ea:	06fb      	lsls	r3, r7, #27
100027ec:	d51c      	bpl.n	10002828 <_ntoa_format+0xfc>
100027ee:	057b      	lsls	r3, r7, #21
100027f0:	d4db      	bmi.n	100027aa <_ntoa_format+0x7e>
100027f2:	2c00      	cmp	r4, #0
100027f4:	d1d5      	bne.n	100027a2 <_ntoa_format+0x76>
100027f6:	9b11      	ldr	r3, [sp, #68]	@ 0x44
100027f8:	2b10      	cmp	r3, #16
100027fa:	d05b      	beq.n	100028b4 <_ntoa_format+0x188>
100027fc:	9b11      	ldr	r3, [sp, #68]	@ 0x44
100027fe:	2b02      	cmp	r3, #2
10002800:	d06b      	beq.n	100028da <_ntoa_format+0x1ae>
10002802:	2330      	movs	r3, #48	@ 0x30
10002804:	2401      	movs	r4, #1
10002806:	9a0e      	ldr	r2, [sp, #56]	@ 0x38
10002808:	7013      	strb	r3, [r2, #0]
1000280a:	4643      	mov	r3, r8
1000280c:	2b00      	cmp	r3, #0
1000280e:	d110      	bne.n	10002832 <_ntoa_format+0x106>
10002810:	077b      	lsls	r3, r7, #29
10002812:	d53e      	bpl.n	10002892 <_ntoa_format+0x166>
10002814:	262b      	movs	r6, #43	@ 0x2b
10002816:	9a0e      	ldr	r2, [sp, #56]	@ 0x38
10002818:	1c63      	adds	r3, r4, #1
1000281a:	5516      	strb	r6, [r2, r4]
1000281c:	e7cd      	b.n	100027ba <_ntoa_format+0x8e>
1000281e:	0023      	movs	r3, r4
10002820:	3401      	adds	r4, #1
10002822:	2630      	movs	r6, #48	@ 0x30
10002824:	9a0e      	ldr	r2, [sp, #56]	@ 0x38
10002826:	54d6      	strb	r6, [r2, r3]
10002828:	2c20      	cmp	r4, #32
1000282a:	d0c5      	beq.n	100027b8 <_ntoa_format+0x8c>
1000282c:	4643      	mov	r3, r8
1000282e:	2b00      	cmp	r3, #0
10002830:	d0ee      	beq.n	10002810 <_ntoa_format+0xe4>
10002832:	262d      	movs	r6, #45	@ 0x2d
10002834:	9a0e      	ldr	r2, [sp, #56]	@ 0x38
10002836:	1c63      	adds	r3, r4, #1
10002838:	5516      	strb	r6, [r2, r4]
1000283a:	e7be      	b.n	100027ba <_ntoa_format+0x8e>
1000283c:	4643      	mov	r3, r8
1000283e:	2b00      	cmp	r3, #0
10002840:	d02f      	beq.n	100028a2 <_ntoa_format+0x176>
10002842:	3d01      	subs	r5, #1
10002844:	42b4      	cmp	r4, r6
10002846:	d200      	bcs.n	1000284a <_ntoa_format+0x11e>
10002848:	e789      	b.n	1000275e <_ntoa_format+0x32>
1000284a:	e798      	b.n	1000277e <_ntoa_format+0x52>
1000284c:	9b11      	ldr	r3, [sp, #68]	@ 0x44
1000284e:	2b10      	cmp	r3, #16
10002850:	d1b2      	bne.n	100027b8 <_ntoa_format+0x8c>
10002852:	06bb      	lsls	r3, r7, #26
10002854:	d537      	bpl.n	100028c6 <_ntoa_format+0x19a>
10002856:	2c20      	cmp	r4, #32
10002858:	d0ae      	beq.n	100027b8 <_ntoa_format+0x8c>
1000285a:	2358      	movs	r3, #88	@ 0x58
1000285c:	9a0e      	ldr	r2, [sp, #56]	@ 0x38
1000285e:	5513      	strb	r3, [r2, r4]
10002860:	3401      	adds	r4, #1
10002862:	e7a7      	b.n	100027b4 <_ntoa_format+0x88>
10002864:	2c20      	cmp	r4, #32
10002866:	d0a7      	beq.n	100027b8 <_ntoa_format+0x8c>
10002868:	0023      	movs	r3, r4
1000286a:	3401      	adds	r4, #1
1000286c:	e007      	b.n	1000287e <_ntoa_format+0x152>
1000286e:	1e63      	subs	r3, r4, #1
10002870:	2c01      	cmp	r4, #1
10002872:	d0c0      	beq.n	100027f6 <_ntoa_format+0xca>
10002874:	9a11      	ldr	r2, [sp, #68]	@ 0x44
10002876:	2a10      	cmp	r2, #16
10002878:	d031      	beq.n	100028de <_ntoa_format+0x1b2>
1000287a:	2a02      	cmp	r2, #2
1000287c:	d1d1      	bne.n	10002822 <_ntoa_format+0xf6>
1000287e:	2662      	movs	r6, #98	@ 0x62
10002880:	9a0e      	ldr	r2, [sp, #56]	@ 0x38
10002882:	54d6      	strb	r6, [r2, r3]
10002884:	e796      	b.n	100027b4 <_ntoa_format+0x88>
10002886:	06fb      	lsls	r3, r7, #27
10002888:	d5ce      	bpl.n	10002828 <_ntoa_format+0xfc>
1000288a:	057b      	lsls	r3, r7, #21
1000288c:	d400      	bmi.n	10002890 <_ntoa_format+0x164>
1000288e:	e788      	b.n	100027a2 <_ntoa_format+0x76>
10002890:	e78b      	b.n	100027aa <_ntoa_format+0x7e>
10002892:	0023      	movs	r3, r4
10002894:	073e      	lsls	r6, r7, #28
10002896:	d590      	bpl.n	100027ba <_ntoa_format+0x8e>
10002898:	2620      	movs	r6, #32
1000289a:	9a0e      	ldr	r2, [sp, #56]	@ 0x38
1000289c:	3301      	adds	r3, #1
1000289e:	5516      	strb	r6, [r2, r4]
100028a0:	e78b      	b.n	100027ba <_ntoa_format+0x8e>
100028a2:	230c      	movs	r3, #12
100028a4:	403b      	ands	r3, r7
100028a6:	1e5a      	subs	r2, r3, #1
100028a8:	4193      	sbcs	r3, r2
100028aa:	1aed      	subs	r5, r5, r3
100028ac:	42b4      	cmp	r4, r6
100028ae:	d200      	bcs.n	100028b2 <_ntoa_format+0x186>
100028b0:	e755      	b.n	1000275e <_ntoa_format+0x32>
100028b2:	e764      	b.n	1000277e <_ntoa_format+0x52>
100028b4:	06bb      	lsls	r3, r7, #26
100028b6:	d40e      	bmi.n	100028d6 <_ntoa_format+0x1aa>
100028b8:	2378      	movs	r3, #120	@ 0x78
100028ba:	9a0e      	ldr	r2, [sp, #56]	@ 0x38
100028bc:	2402      	movs	r4, #2
100028be:	7013      	strb	r3, [r2, #0]
100028c0:	2330      	movs	r3, #48	@ 0x30
100028c2:	7053      	strb	r3, [r2, #1]
100028c4:	e7a1      	b.n	1000280a <_ntoa_format+0xde>
100028c6:	2c20      	cmp	r4, #32
100028c8:	d100      	bne.n	100028cc <_ntoa_format+0x1a0>
100028ca:	e775      	b.n	100027b8 <_ntoa_format+0x8c>
100028cc:	2378      	movs	r3, #120	@ 0x78
100028ce:	9a0e      	ldr	r2, [sp, #56]	@ 0x38
100028d0:	5513      	strb	r3, [r2, r4]
100028d2:	3401      	adds	r4, #1
100028d4:	e76e      	b.n	100027b4 <_ntoa_format+0x88>
100028d6:	2358      	movs	r3, #88	@ 0x58
100028d8:	e7ef      	b.n	100028ba <_ntoa_format+0x18e>
100028da:	3360      	adds	r3, #96	@ 0x60
100028dc:	e7ed      	b.n	100028ba <_ntoa_format+0x18e>
100028de:	9a0e      	ldr	r2, [sp, #56]	@ 0x38
100028e0:	1ea6      	subs	r6, r4, #2
100028e2:	4691      	mov	r9, r2
100028e4:	444e      	add	r6, r9
100028e6:	06ba      	lsls	r2, r7, #26
100028e8:	d502      	bpl.n	100028f0 <_ntoa_format+0x1c4>
100028ea:	2258      	movs	r2, #88	@ 0x58
100028ec:	7032      	strb	r2, [r6, #0]
100028ee:	e798      	b.n	10002822 <_ntoa_format+0xf6>
100028f0:	2278      	movs	r2, #120	@ 0x78
100028f2:	7032      	strb	r2, [r6, #0]
100028f4:	e795      	b.n	10002822 <_ntoa_format+0xf6>
100028f6:	46c0      	nop			@ (mov r8, r8)

100028f8 <_out_char>:
100028f8:	b510      	push	{r4, lr}
100028fa:	2800      	cmp	r0, #0
100028fc:	d100      	bne.n	10002900 <_out_char+0x8>
100028fe:	bd10      	pop	{r4, pc}
10002900:	f001 fc7e 	bl	10004200 <__wrap_putchar>
10002904:	e7fb      	b.n	100028fe <_out_char+0x6>
10002906:	46c0      	nop			@ (mov r8, r8)

10002908 <_out_fct>:
10002908:	000b      	movs	r3, r1
1000290a:	b510      	push	{r4, lr}
1000290c:	2800      	cmp	r0, #0
1000290e:	d002      	beq.n	10002916 <_out_fct+0xe>
10002910:	6849      	ldr	r1, [r1, #4]
10002912:	681b      	ldr	r3, [r3, #0]
10002914:	4798      	blx	r3
10002916:	bd10      	pop	{r4, pc}

10002918 <_ftoa>:
10002918:	b5f0      	push	{r4, r5, r6, r7, lr}
1000291a:	4657      	mov	r7, sl
1000291c:	46de      	mov	lr, fp
1000291e:	464e      	mov	r6, r9
10002920:	4645      	mov	r5, r8
10002922:	b5e0      	push	{r5, r6, r7, lr}
10002924:	b095      	sub	sp, #84	@ 0x54
10002926:	4683      	mov	fp, r0
10002928:	000f      	movs	r7, r1
1000292a:	4692      	mov	sl, r2
1000292c:	4698      	mov	r8, r3
1000292e:	9a1e      	ldr	r2, [sp, #120]	@ 0x78
10002930:	9b1f      	ldr	r3, [sp, #124]	@ 0x7c
10002932:	0010      	movs	r0, r2
10002934:	0019      	movs	r1, r3
10002936:	9e20      	ldr	r6, [sp, #128]	@ 0x80
10002938:	f7ff fcff 	bl	1000233a <__wrap___aeabi_dcmpun>
1000293c:	2800      	cmp	r0, #0
1000293e:	d000      	beq.n	10002942 <_ftoa+0x2a>
10002940:	e1ea      	b.n	10002d18 <_ftoa+0x400>
10002942:	981e      	ldr	r0, [sp, #120]	@ 0x78
10002944:	991f      	ldr	r1, [sp, #124]	@ 0x7c
10002946:	2201      	movs	r2, #1
10002948:	4bc5      	ldr	r3, [pc, #788]	@ (10002c60 <_ftoa+0x348>)
1000294a:	4252      	negs	r2, r2
1000294c:	f7ff fcda 	bl	10002304 <__wrap___aeabi_dcmplt>
10002950:	2800      	cmp	r0, #0
10002952:	d000      	beq.n	10002956 <_ftoa+0x3e>
10002954:	e114      	b.n	10002b80 <_ftoa+0x268>
10002956:	981e      	ldr	r0, [sp, #120]	@ 0x78
10002958:	991f      	ldr	r1, [sp, #124]	@ 0x7c
1000295a:	2201      	movs	r2, #1
1000295c:	4bc1      	ldr	r3, [pc, #772]	@ (10002c64 <_ftoa+0x34c>)
1000295e:	4252      	negs	r2, r2
10002960:	f7ff fce6 	bl	10002330 <__wrap___aeabi_dcmpgt>
10002964:	2800      	cmp	r0, #0
10002966:	d000      	beq.n	1000296a <_ftoa+0x52>
10002968:	e0e9      	b.n	10002b3e <_ftoa+0x226>
1000296a:	981e      	ldr	r0, [sp, #120]	@ 0x78
1000296c:	991f      	ldr	r1, [sp, #124]	@ 0x7c
1000296e:	2200      	movs	r2, #0
10002970:	4bbd      	ldr	r3, [pc, #756]	@ (10002c68 <_ftoa+0x350>)
10002972:	f7ff fcdd 	bl	10002330 <__wrap___aeabi_dcmpgt>
10002976:	2800      	cmp	r0, #0
10002978:	d000      	beq.n	1000297c <_ftoa+0x64>
1000297a:	e0c8      	b.n	10002b0e <_ftoa+0x1f6>
1000297c:	981e      	ldr	r0, [sp, #120]	@ 0x78
1000297e:	991f      	ldr	r1, [sp, #124]	@ 0x7c
10002980:	2200      	movs	r2, #0
10002982:	4bba      	ldr	r3, [pc, #744]	@ (10002c6c <_ftoa+0x354>)
10002984:	f7ff fcbe 	bl	10002304 <__wrap___aeabi_dcmplt>
10002988:	2800      	cmp	r0, #0
1000298a:	d000      	beq.n	1000298e <_ftoa+0x76>
1000298c:	e0bf      	b.n	10002b0e <_ftoa+0x1f6>
1000298e:	981e      	ldr	r0, [sp, #120]	@ 0x78
10002990:	991f      	ldr	r1, [sp, #124]	@ 0x7c
10002992:	2200      	movs	r2, #0
10002994:	2300      	movs	r3, #0
10002996:	f7ff fcb5 	bl	10002304 <__wrap___aeabi_dcmplt>
1000299a:	2800      	cmp	r0, #0
1000299c:	d000      	beq.n	100029a0 <_ftoa+0x88>
1000299e:	e0e4      	b.n	10002b6a <_ftoa+0x252>
100029a0:	2300      	movs	r3, #0
100029a2:	930b      	str	r3, [sp, #44]	@ 0x2c
100029a4:	9b22      	ldr	r3, [sp, #136]	@ 0x88
100029a6:	055b      	lsls	r3, r3, #21
100029a8:	d400      	bmi.n	100029ac <_ftoa+0x94>
100029aa:	2606      	movs	r6, #6
100029ac:	2400      	movs	r4, #0
100029ae:	2330      	movs	r3, #48	@ 0x30
100029b0:	e007      	b.n	100029c2 <_ftoa+0xaa>
100029b2:	2117      	movs	r1, #23
100029b4:	aa06      	add	r2, sp, #24
100029b6:	3401      	adds	r4, #1
100029b8:	1852      	adds	r2, r2, r1
100029ba:	5513      	strb	r3, [r2, r4]
100029bc:	3e01      	subs	r6, #1
100029be:	2c20      	cmp	r4, #32
100029c0:	d001      	beq.n	100029c6 <_ftoa+0xae>
100029c2:	2e09      	cmp	r6, #9
100029c4:	d8f5      	bhi.n	100029b2 <_ftoa+0x9a>
100029c6:	981e      	ldr	r0, [sp, #120]	@ 0x78
100029c8:	991f      	ldr	r1, [sp, #124]	@ 0x7c
100029ca:	f7ff fcdf 	bl	1000238c <__wrap___aeabi_d2iz>
100029ce:	4ba8      	ldr	r3, [pc, #672]	@ (10002c70 <_ftoa+0x358>)
100029d0:	00f2      	lsls	r2, r6, #3
100029d2:	189b      	adds	r3, r3, r2
100029d4:	681a      	ldr	r2, [r3, #0]
100029d6:	685b      	ldr	r3, [r3, #4]
100029d8:	0005      	movs	r5, r0
100029da:	9208      	str	r2, [sp, #32]
100029dc:	9309      	str	r3, [sp, #36]	@ 0x24
100029de:	f7ff fcbd 	bl	1000235c <__wrap___aeabi_i2d>
100029e2:	0002      	movs	r2, r0
100029e4:	000b      	movs	r3, r1
100029e6:	981e      	ldr	r0, [sp, #120]	@ 0x78
100029e8:	991f      	ldr	r1, [sp, #124]	@ 0x7c
100029ea:	f7ff fc28 	bl	1000223e <__wrap___aeabi_dsub>
100029ee:	9a08      	ldr	r2, [sp, #32]
100029f0:	9b09      	ldr	r3, [sp, #36]	@ 0x24
100029f2:	f7ff fc48 	bl	10002286 <__wrap___aeabi_dmul>
100029f6:	9006      	str	r0, [sp, #24]
100029f8:	9107      	str	r1, [sp, #28]
100029fa:	f7ff fceb 	bl	100023d4 <__wrap___aeabi_d2uiz>
100029fe:	4681      	mov	r9, r0
10002a00:	f7ff fca8 	bl	10002354 <__wrap___aeabi_ui2d>
10002a04:	0002      	movs	r2, r0
10002a06:	000b      	movs	r3, r1
10002a08:	9806      	ldr	r0, [sp, #24]
10002a0a:	9907      	ldr	r1, [sp, #28]
10002a0c:	f7ff fc17 	bl	1000223e <__wrap___aeabi_dsub>
10002a10:	2200      	movs	r2, #0
10002a12:	4b98      	ldr	r3, [pc, #608]	@ (10002c74 <_ftoa+0x35c>)
10002a14:	9006      	str	r0, [sp, #24]
10002a16:	9107      	str	r1, [sp, #28]
10002a18:	f7ff fc8a 	bl	10002330 <__wrap___aeabi_dcmpgt>
10002a1c:	2800      	cmp	r0, #0
10002a1e:	d100      	bne.n	10002a22 <_ftoa+0x10a>
10002a20:	e10d      	b.n	10002c3e <_ftoa+0x326>
10002a22:	2301      	movs	r3, #1
10002a24:	469c      	mov	ip, r3
10002a26:	44e1      	add	r9, ip
10002a28:	4648      	mov	r0, r9
10002a2a:	f7ff fc93 	bl	10002354 <__wrap___aeabi_ui2d>
10002a2e:	0002      	movs	r2, r0
10002a30:	000b      	movs	r3, r1
10002a32:	9808      	ldr	r0, [sp, #32]
10002a34:	9909      	ldr	r1, [sp, #36]	@ 0x24
10002a36:	f7ff fc6b 	bl	10002310 <__wrap___aeabi_dcmple>
10002a3a:	2800      	cmp	r0, #0
10002a3c:	d002      	beq.n	10002a44 <_ftoa+0x12c>
10002a3e:	2300      	movs	r3, #0
10002a40:	4699      	mov	r9, r3
10002a42:	3501      	adds	r5, #1
10002a44:	2e00      	cmp	r6, #0
10002a46:	d100      	bne.n	10002a4a <_ftoa+0x132>
10002a48:	e0d9      	b.n	10002bfe <_ftoa+0x2e6>
10002a4a:	9506      	str	r5, [sp, #24]
10002a4c:	464d      	mov	r5, r9
10002a4e:	46b9      	mov	r9, r7
10002a50:	e014      	b.n	10002a7c <_ftoa+0x164>
10002a52:	aa06      	add	r2, sp, #24
10002a54:	4694      	mov	ip, r2
10002a56:	2317      	movs	r3, #23
10002a58:	210a      	movs	r1, #10
10002a5a:	4463      	add	r3, ip
10002a5c:	0028      	movs	r0, r5
10002a5e:	3401      	adds	r4, #1
10002a60:	191f      	adds	r7, r3, r4
10002a62:	f7ff f9b1 	bl	10001dc8 <__wrap___aeabi_uidiv>
10002a66:	3130      	adds	r1, #48	@ 0x30
10002a68:	7039      	strb	r1, [r7, #0]
10002a6a:	0028      	movs	r0, r5
10002a6c:	210a      	movs	r1, #10
10002a6e:	3e01      	subs	r6, #1
10002a70:	f7ff f9aa 	bl	10001dc8 <__wrap___aeabi_uidiv>
10002a74:	2d09      	cmp	r5, #9
10002a76:	d800      	bhi.n	10002a7a <_ftoa+0x162>
10002a78:	e117      	b.n	10002caa <_ftoa+0x392>
10002a7a:	0005      	movs	r5, r0
10002a7c:	2c20      	cmp	r4, #32
10002a7e:	d1e8      	bne.n	10002a52 <_ftoa+0x13a>
10002a80:	464f      	mov	r7, r9
10002a82:	9d06      	ldr	r5, [sp, #24]
10002a84:	2420      	movs	r4, #32
10002a86:	ae0c      	add	r6, sp, #48	@ 0x30
10002a88:	aa06      	add	r2, sp, #24
10002a8a:	2317      	movs	r3, #23
10002a8c:	4694      	mov	ip, r2
10002a8e:	4463      	add	r3, ip
10002a90:	4699      	mov	r9, r3
10002a92:	465b      	mov	r3, fp
10002a94:	46b3      	mov	fp, r6
10002a96:	9306      	str	r3, [sp, #24]
10002a98:	e00f      	b.n	10002aba <_ftoa+0x1a2>
10002a9a:	464b      	mov	r3, r9
10002a9c:	0028      	movs	r0, r5
10002a9e:	210a      	movs	r1, #10
10002aa0:	3401      	adds	r4, #1
10002aa2:	18e6      	adds	r6, r4, r3
10002aa4:	f7ff f968 	bl	10001d78 <__wrap___aeabi_idiv>
10002aa8:	3130      	adds	r1, #48	@ 0x30
10002aaa:	0028      	movs	r0, r5
10002aac:	7031      	strb	r1, [r6, #0]
10002aae:	210a      	movs	r1, #10
10002ab0:	f7ff f962 	bl	10001d78 <__wrap___aeabi_idiv>
10002ab4:	1e05      	subs	r5, r0, #0
10002ab6:	d100      	bne.n	10002aba <_ftoa+0x1a2>
10002ab8:	e0e4      	b.n	10002c84 <_ftoa+0x36c>
10002aba:	2c20      	cmp	r4, #32
10002abc:	d1ed      	bne.n	10002a9a <_ftoa+0x182>
10002abe:	9b06      	ldr	r3, [sp, #24]
10002ac0:	465e      	mov	r6, fp
10002ac2:	469b      	mov	fp, r3
10002ac4:	2303      	movs	r3, #3
10002ac6:	9a22      	ldr	r2, [sp, #136]	@ 0x88
10002ac8:	4013      	ands	r3, r2
10002aca:	2b01      	cmp	r3, #1
10002acc:	d118      	bne.n	10002b00 <_ftoa+0x1e8>
10002ace:	9b21      	ldr	r3, [sp, #132]	@ 0x84
10002ad0:	2b00      	cmp	r3, #0
10002ad2:	d015      	beq.n	10002b00 <_ftoa+0x1e8>
10002ad4:	9b0b      	ldr	r3, [sp, #44]	@ 0x2c
10002ad6:	2b00      	cmp	r3, #0
10002ad8:	d100      	bne.n	10002adc <_ftoa+0x1c4>
10002ada:	e0fd      	b.n	10002cd8 <_ftoa+0x3c0>
10002adc:	9b21      	ldr	r3, [sp, #132]	@ 0x84
10002ade:	3b01      	subs	r3, #1
10002ae0:	9321      	str	r3, [sp, #132]	@ 0x84
10002ae2:	2b20      	cmp	r3, #32
10002ae4:	d90c      	bls.n	10002b00 <_ftoa+0x1e8>
10002ae6:	2330      	movs	r3, #48	@ 0x30
10002ae8:	9a21      	ldr	r2, [sp, #132]	@ 0x84
10002aea:	e007      	b.n	10002afc <_ftoa+0x1e4>
10002aec:	2017      	movs	r0, #23
10002aee:	a906      	add	r1, sp, #24
10002af0:	3401      	adds	r4, #1
10002af2:	1809      	adds	r1, r1, r0
10002af4:	550b      	strb	r3, [r1, r4]
10002af6:	4294      	cmp	r4, r2
10002af8:	d300      	bcc.n	10002afc <_ftoa+0x1e4>
10002afa:	e0cc      	b.n	10002c96 <_ftoa+0x37e>
10002afc:	2c20      	cmp	r4, #32
10002afe:	d1f5      	bne.n	10002aec <_ftoa+0x1d4>
10002b00:	9b22      	ldr	r3, [sp, #136]	@ 0x88
10002b02:	9401      	str	r4, [sp, #4]
10002b04:	9303      	str	r3, [sp, #12]
10002b06:	9b21      	ldr	r3, [sp, #132]	@ 0x84
10002b08:	9600      	str	r6, [sp, #0]
10002b0a:	9302      	str	r3, [sp, #8]
10002b0c:	e022      	b.n	10002b54 <_ftoa+0x23c>
10002b0e:	9b22      	ldr	r3, [sp, #136]	@ 0x88
10002b10:	4652      	mov	r2, sl
10002b12:	9304      	str	r3, [sp, #16]
10002b14:	9b21      	ldr	r3, [sp, #132]	@ 0x84
10002b16:	0039      	movs	r1, r7
10002b18:	9303      	str	r3, [sp, #12]
10002b1a:	4658      	mov	r0, fp
10002b1c:	9b1e      	ldr	r3, [sp, #120]	@ 0x78
10002b1e:	9c1f      	ldr	r4, [sp, #124]	@ 0x7c
10002b20:	9602      	str	r6, [sp, #8]
10002b22:	9300      	str	r3, [sp, #0]
10002b24:	9401      	str	r4, [sp, #4]
10002b26:	4643      	mov	r3, r8
10002b28:	f000 f94a 	bl	10002dc0 <_etoa>
10002b2c:	0004      	movs	r4, r0
10002b2e:	0020      	movs	r0, r4
10002b30:	b015      	add	sp, #84	@ 0x54
10002b32:	bcf0      	pop	{r4, r5, r6, r7}
10002b34:	46bb      	mov	fp, r7
10002b36:	46b2      	mov	sl, r6
10002b38:	46a9      	mov	r9, r5
10002b3a:	46a0      	mov	r8, r4
10002b3c:	bdf0      	pop	{r4, r5, r6, r7, pc}
10002b3e:	9b22      	ldr	r3, [sp, #136]	@ 0x88
10002b40:	075b      	lsls	r3, r3, #29
10002b42:	d40f      	bmi.n	10002b64 <_ftoa+0x24c>
10002b44:	2203      	movs	r2, #3
10002b46:	4b4c      	ldr	r3, [pc, #304]	@ (10002c78 <_ftoa+0x360>)
10002b48:	9922      	ldr	r1, [sp, #136]	@ 0x88
10002b4a:	9201      	str	r2, [sp, #4]
10002b4c:	9103      	str	r1, [sp, #12]
10002b4e:	9921      	ldr	r1, [sp, #132]	@ 0x84
10002b50:	9300      	str	r3, [sp, #0]
10002b52:	9102      	str	r1, [sp, #8]
10002b54:	4643      	mov	r3, r8
10002b56:	4652      	mov	r2, sl
10002b58:	0039      	movs	r1, r7
10002b5a:	4658      	mov	r0, fp
10002b5c:	f7ff fd90 	bl	10002680 <_out_rev>
10002b60:	0004      	movs	r4, r0
10002b62:	e7e4      	b.n	10002b2e <_ftoa+0x216>
10002b64:	2204      	movs	r2, #4
10002b66:	4b45      	ldr	r3, [pc, #276]	@ (10002c7c <_ftoa+0x364>)
10002b68:	e7ee      	b.n	10002b48 <_ftoa+0x230>
10002b6a:	9a1e      	ldr	r2, [sp, #120]	@ 0x78
10002b6c:	9b1f      	ldr	r3, [sp, #124]	@ 0x7c
10002b6e:	2000      	movs	r0, #0
10002b70:	2100      	movs	r1, #0
10002b72:	f7ff fb64 	bl	1000223e <__wrap___aeabi_dsub>
10002b76:	2301      	movs	r3, #1
10002b78:	901e      	str	r0, [sp, #120]	@ 0x78
10002b7a:	911f      	str	r1, [sp, #124]	@ 0x7c
10002b7c:	930b      	str	r3, [sp, #44]	@ 0x2c
10002b7e:	e711      	b.n	100029a4 <_ftoa+0x8c>
10002b80:	9b22      	ldr	r3, [sp, #136]	@ 0x88
10002b82:	4654      	mov	r4, sl
10002b84:	079b      	lsls	r3, r3, #30
10002b86:	d111      	bne.n	10002bac <_ftoa+0x294>
10002b88:	9b21      	ldr	r3, [sp, #132]	@ 0x84
10002b8a:	2b04      	cmp	r3, #4
10002b8c:	d90e      	bls.n	10002bac <_ftoa+0x294>
10002b8e:	9b21      	ldr	r3, [sp, #132]	@ 0x84
10002b90:	4655      	mov	r5, sl
10002b92:	469c      	mov	ip, r3
10002b94:	465e      	mov	r6, fp
10002b96:	3c04      	subs	r4, #4
10002b98:	4464      	add	r4, ip
10002b9a:	002a      	movs	r2, r5
10002b9c:	4643      	mov	r3, r8
10002b9e:	3501      	adds	r5, #1
10002ba0:	0039      	movs	r1, r7
10002ba2:	2020      	movs	r0, #32
10002ba4:	47b0      	blx	r6
10002ba6:	42a5      	cmp	r5, r4
10002ba8:	d1f7      	bne.n	10002b9a <_ftoa+0x282>
10002baa:	46b3      	mov	fp, r6
10002bac:	4d34      	ldr	r5, [pc, #208]	@ (10002c80 <_ftoa+0x368>)
10002bae:	0026      	movs	r6, r4
10002bb0:	1f2b      	subs	r3, r5, #4
10002bb2:	4699      	mov	r9, r3
10002bb4:	465b      	mov	r3, fp
10002bb6:	46a3      	mov	fp, r4
10002bb8:	001c      	movs	r4, r3
10002bba:	0032      	movs	r2, r6
10002bbc:	78e8      	ldrb	r0, [r5, #3]
10002bbe:	4643      	mov	r3, r8
10002bc0:	0039      	movs	r1, r7
10002bc2:	3d01      	subs	r5, #1
10002bc4:	47a0      	blx	r4
10002bc6:	3601      	adds	r6, #1
10002bc8:	454d      	cmp	r5, r9
10002bca:	d1f6      	bne.n	10002bba <_ftoa+0x2a2>
10002bcc:	0023      	movs	r3, r4
10002bce:	465c      	mov	r4, fp
10002bd0:	469b      	mov	fp, r3
10002bd2:	9b22      	ldr	r3, [sp, #136]	@ 0x88
10002bd4:	3404      	adds	r4, #4
10002bd6:	079b      	lsls	r3, r3, #30
10002bd8:	d5a9      	bpl.n	10002b2e <_ftoa+0x216>
10002bda:	4653      	mov	r3, sl
10002bdc:	9a21      	ldr	r2, [sp, #132]	@ 0x84
10002bde:	1ae3      	subs	r3, r4, r3
10002be0:	429a      	cmp	r2, r3
10002be2:	d9a4      	bls.n	10002b2e <_ftoa+0x216>
10002be4:	465e      	mov	r6, fp
10002be6:	0015      	movs	r5, r2
10002be8:	0022      	movs	r2, r4
10002bea:	4643      	mov	r3, r8
10002bec:	0039      	movs	r1, r7
10002bee:	2020      	movs	r0, #32
10002bf0:	47b0      	blx	r6
10002bf2:	4653      	mov	r3, sl
10002bf4:	3401      	adds	r4, #1
10002bf6:	1ae3      	subs	r3, r4, r3
10002bf8:	429d      	cmp	r5, r3
10002bfa:	d8f5      	bhi.n	10002be8 <_ftoa+0x2d0>
10002bfc:	e797      	b.n	10002b2e <_ftoa+0x216>
10002bfe:	0028      	movs	r0, r5
10002c00:	f7ff fbac 	bl	1000235c <__wrap___aeabi_i2d>
10002c04:	0002      	movs	r2, r0
10002c06:	000b      	movs	r3, r1
10002c08:	981e      	ldr	r0, [sp, #120]	@ 0x78
10002c0a:	991f      	ldr	r1, [sp, #124]	@ 0x7c
10002c0c:	f7ff fb17 	bl	1000223e <__wrap___aeabi_dsub>
10002c10:	2200      	movs	r2, #0
10002c12:	4b18      	ldr	r3, [pc, #96]	@ (10002c74 <_ftoa+0x35c>)
10002c14:	9006      	str	r0, [sp, #24]
10002c16:	9107      	str	r1, [sp, #28]
10002c18:	f7ff fb74 	bl	10002304 <__wrap___aeabi_dcmplt>
10002c1c:	ae0c      	add	r6, sp, #48	@ 0x30
10002c1e:	2800      	cmp	r0, #0
10002c20:	d000      	beq.n	10002c24 <_ftoa+0x30c>
10002c22:	e731      	b.n	10002a88 <_ftoa+0x170>
10002c24:	9806      	ldr	r0, [sp, #24]
10002c26:	9907      	ldr	r1, [sp, #28]
10002c28:	2200      	movs	r2, #0
10002c2a:	4b12      	ldr	r3, [pc, #72]	@ (10002c74 <_ftoa+0x35c>)
10002c2c:	f7ff fb80 	bl	10002330 <__wrap___aeabi_dcmpgt>
10002c30:	2800      	cmp	r0, #0
10002c32:	d000      	beq.n	10002c36 <_ftoa+0x31e>
10002c34:	e728      	b.n	10002a88 <_ftoa+0x170>
10002c36:	2301      	movs	r3, #1
10002c38:	3501      	adds	r5, #1
10002c3a:	439d      	bics	r5, r3
10002c3c:	e724      	b.n	10002a88 <_ftoa+0x170>
10002c3e:	2200      	movs	r2, #0
10002c40:	9806      	ldr	r0, [sp, #24]
10002c42:	9907      	ldr	r1, [sp, #28]
10002c44:	4b0b      	ldr	r3, [pc, #44]	@ (10002c74 <_ftoa+0x35c>)
10002c46:	f7ff fb5d 	bl	10002304 <__wrap___aeabi_dcmplt>
10002c4a:	2800      	cmp	r0, #0
10002c4c:	d000      	beq.n	10002c50 <_ftoa+0x338>
10002c4e:	e6f9      	b.n	10002a44 <_ftoa+0x12c>
10002c50:	464b      	mov	r3, r9
10002c52:	2b00      	cmp	r3, #0
10002c54:	d15c      	bne.n	10002d10 <_ftoa+0x3f8>
10002c56:	2301      	movs	r3, #1
10002c58:	469c      	mov	ip, r3
10002c5a:	44e1      	add	r9, ip
10002c5c:	e6f2      	b.n	10002a44 <_ftoa+0x12c>
10002c5e:	46c0      	nop			@ (mov r8, r8)
10002c60:	ffefffff 	.word	0xffefffff
10002c64:	7fefffff 	.word	0x7fefffff
10002c68:	41cdcd65 	.word	0x41cdcd65
10002c6c:	c1cdcd65 	.word	0xc1cdcd65
10002c70:	1000b1d0 	.word	0x1000b1d0
10002c74:	3fe00000 	.word	0x3fe00000
10002c78:	1000ab68 	.word	0x1000ab68
10002c7c:	1000ab60 	.word	0x1000ab60
10002c80:	1000ab70 	.word	0x1000ab70
10002c84:	9b06      	ldr	r3, [sp, #24]
10002c86:	465e      	mov	r6, fp
10002c88:	469b      	mov	fp, r3
10002c8a:	2303      	movs	r3, #3
10002c8c:	9a22      	ldr	r2, [sp, #136]	@ 0x88
10002c8e:	4013      	ands	r3, r2
10002c90:	2b01      	cmp	r3, #1
10002c92:	d100      	bne.n	10002c96 <_ftoa+0x37e>
10002c94:	e081      	b.n	10002d9a <_ftoa+0x482>
10002c96:	2c20      	cmp	r4, #32
10002c98:	d100      	bne.n	10002c9c <_ftoa+0x384>
10002c9a:	e731      	b.n	10002b00 <_ftoa+0x1e8>
10002c9c:	9b0b      	ldr	r3, [sp, #44]	@ 0x2c
10002c9e:	2b00      	cmp	r3, #0
10002ca0:	d027      	beq.n	10002cf2 <_ftoa+0x3da>
10002ca2:	232d      	movs	r3, #45	@ 0x2d
10002ca4:	5533      	strb	r3, [r6, r4]
10002ca6:	3401      	adds	r4, #1
10002ca8:	e72a      	b.n	10002b00 <_ftoa+0x1e8>
10002caa:	464f      	mov	r7, r9
10002cac:	9d06      	ldr	r5, [sp, #24]
10002cae:	2c20      	cmp	r4, #32
10002cb0:	d100      	bne.n	10002cb4 <_ftoa+0x39c>
10002cb2:	e6e7      	b.n	10002a84 <_ftoa+0x16c>
10002cb4:	2230      	movs	r2, #48	@ 0x30
10002cb6:	1933      	adds	r3, r6, r4
10002cb8:	e007      	b.n	10002cca <_ftoa+0x3b2>
10002cba:	2017      	movs	r0, #23
10002cbc:	a906      	add	r1, sp, #24
10002cbe:	3401      	adds	r4, #1
10002cc0:	1809      	adds	r1, r1, r0
10002cc2:	550a      	strb	r2, [r1, r4]
10002cc4:	2c20      	cmp	r4, #32
10002cc6:	d100      	bne.n	10002cca <_ftoa+0x3b2>
10002cc8:	e6dc      	b.n	10002a84 <_ftoa+0x16c>
10002cca:	42a3      	cmp	r3, r4
10002ccc:	d1f5      	bne.n	10002cba <_ftoa+0x3a2>
10002cce:	222e      	movs	r2, #46	@ 0x2e
10002cd0:	ae0c      	add	r6, sp, #48	@ 0x30
10002cd2:	3401      	adds	r4, #1
10002cd4:	54f2      	strb	r2, [r6, r3]
10002cd6:	e6d7      	b.n	10002a88 <_ftoa+0x170>
10002cd8:	230c      	movs	r3, #12
10002cda:	9a22      	ldr	r2, [sp, #136]	@ 0x88
10002cdc:	4213      	tst	r3, r2
10002cde:	d057      	beq.n	10002d90 <_ftoa+0x478>
10002ce0:	9b21      	ldr	r3, [sp, #132]	@ 0x84
10002ce2:	3b01      	subs	r3, #1
10002ce4:	9321      	str	r3, [sp, #132]	@ 0x84
10002ce6:	42a3      	cmp	r3, r4
10002ce8:	d900      	bls.n	10002cec <_ftoa+0x3d4>
10002cea:	e6fc      	b.n	10002ae6 <_ftoa+0x1ce>
10002cec:	2c20      	cmp	r4, #32
10002cee:	d100      	bne.n	10002cf2 <_ftoa+0x3da>
10002cf0:	e706      	b.n	10002b00 <_ftoa+0x1e8>
10002cf2:	9b22      	ldr	r3, [sp, #136]	@ 0x88
10002cf4:	075b      	lsls	r3, r3, #29
10002cf6:	d503      	bpl.n	10002d00 <_ftoa+0x3e8>
10002cf8:	232b      	movs	r3, #43	@ 0x2b
10002cfa:	5533      	strb	r3, [r6, r4]
10002cfc:	3401      	adds	r4, #1
10002cfe:	e6ff      	b.n	10002b00 <_ftoa+0x1e8>
10002d00:	9b22      	ldr	r3, [sp, #136]	@ 0x88
10002d02:	071b      	lsls	r3, r3, #28
10002d04:	d400      	bmi.n	10002d08 <_ftoa+0x3f0>
10002d06:	e6fb      	b.n	10002b00 <_ftoa+0x1e8>
10002d08:	2320      	movs	r3, #32
10002d0a:	5533      	strb	r3, [r6, r4]
10002d0c:	3401      	adds	r4, #1
10002d0e:	e6f7      	b.n	10002b00 <_ftoa+0x1e8>
10002d10:	07db      	lsls	r3, r3, #31
10002d12:	d400      	bmi.n	10002d16 <_ftoa+0x3fe>
10002d14:	e696      	b.n	10002a44 <_ftoa+0x12c>
10002d16:	e79e      	b.n	10002c56 <_ftoa+0x33e>
10002d18:	9b22      	ldr	r3, [sp, #136]	@ 0x88
10002d1a:	4655      	mov	r5, sl
10002d1c:	079b      	lsls	r3, r3, #30
10002d1e:	d111      	bne.n	10002d44 <_ftoa+0x42c>
10002d20:	9b21      	ldr	r3, [sp, #132]	@ 0x84
10002d22:	2b03      	cmp	r3, #3
10002d24:	d90e      	bls.n	10002d44 <_ftoa+0x42c>
10002d26:	9b21      	ldr	r3, [sp, #132]	@ 0x84
10002d28:	4654      	mov	r4, sl
10002d2a:	469c      	mov	ip, r3
10002d2c:	465e      	mov	r6, fp
10002d2e:	3d03      	subs	r5, #3
10002d30:	4465      	add	r5, ip
10002d32:	0022      	movs	r2, r4
10002d34:	4643      	mov	r3, r8
10002d36:	3401      	adds	r4, #1
10002d38:	0039      	movs	r1, r7
10002d3a:	2020      	movs	r0, #32
10002d3c:	47b0      	blx	r6
10002d3e:	42ac      	cmp	r4, r5
10002d40:	d1f7      	bne.n	10002d32 <_ftoa+0x41a>
10002d42:	46b3      	mov	fp, r6
10002d44:	46b9      	mov	r9, r7
10002d46:	465f      	mov	r7, fp
10002d48:	4e1c      	ldr	r6, [pc, #112]	@ (10002dbc <_ftoa+0x4a4>)
10002d4a:	1cec      	adds	r4, r5, #3
10002d4c:	002a      	movs	r2, r5
10002d4e:	78b0      	ldrb	r0, [r6, #2]
10002d50:	4643      	mov	r3, r8
10002d52:	4649      	mov	r1, r9
10002d54:	3501      	adds	r5, #1
10002d56:	47b8      	blx	r7
10002d58:	3e01      	subs	r6, #1
10002d5a:	42ac      	cmp	r4, r5
10002d5c:	d1f6      	bne.n	10002d4c <_ftoa+0x434>
10002d5e:	9b22      	ldr	r3, [sp, #136]	@ 0x88
10002d60:	46bb      	mov	fp, r7
10002d62:	464f      	mov	r7, r9
10002d64:	079b      	lsls	r3, r3, #30
10002d66:	d400      	bmi.n	10002d6a <_ftoa+0x452>
10002d68:	e6e1      	b.n	10002b2e <_ftoa+0x216>
10002d6a:	4653      	mov	r3, sl
10002d6c:	9a21      	ldr	r2, [sp, #132]	@ 0x84
10002d6e:	1ae3      	subs	r3, r4, r3
10002d70:	429a      	cmp	r2, r3
10002d72:	d800      	bhi.n	10002d76 <_ftoa+0x45e>
10002d74:	e6db      	b.n	10002b2e <_ftoa+0x216>
10002d76:	465e      	mov	r6, fp
10002d78:	0015      	movs	r5, r2
10002d7a:	0022      	movs	r2, r4
10002d7c:	4643      	mov	r3, r8
10002d7e:	0039      	movs	r1, r7
10002d80:	2020      	movs	r0, #32
10002d82:	47b0      	blx	r6
10002d84:	4653      	mov	r3, sl
10002d86:	3401      	adds	r4, #1
10002d88:	1ae3      	subs	r3, r4, r3
10002d8a:	42ab      	cmp	r3, r5
10002d8c:	d3f5      	bcc.n	10002d7a <_ftoa+0x462>
10002d8e:	e6ce      	b.n	10002b2e <_ftoa+0x216>
10002d90:	9b21      	ldr	r3, [sp, #132]	@ 0x84
10002d92:	42a3      	cmp	r3, r4
10002d94:	d900      	bls.n	10002d98 <_ftoa+0x480>
10002d96:	e6a6      	b.n	10002ae6 <_ftoa+0x1ce>
10002d98:	e6b2      	b.n	10002b00 <_ftoa+0x1e8>
10002d9a:	9b21      	ldr	r3, [sp, #132]	@ 0x84
10002d9c:	2b00      	cmp	r3, #0
10002d9e:	d100      	bne.n	10002da2 <_ftoa+0x48a>
10002da0:	e779      	b.n	10002c96 <_ftoa+0x37e>
10002da2:	9b0b      	ldr	r3, [sp, #44]	@ 0x2c
10002da4:	2b00      	cmp	r3, #0
10002da6:	d097      	beq.n	10002cd8 <_ftoa+0x3c0>
10002da8:	9b21      	ldr	r3, [sp, #132]	@ 0x84
10002daa:	3b01      	subs	r3, #1
10002dac:	9321      	str	r3, [sp, #132]	@ 0x84
10002dae:	429c      	cmp	r4, r3
10002db0:	d200      	bcs.n	10002db4 <_ftoa+0x49c>
10002db2:	e698      	b.n	10002ae6 <_ftoa+0x1ce>
10002db4:	2c20      	cmp	r4, #32
10002db6:	d000      	beq.n	10002dba <_ftoa+0x4a2>
10002db8:	e773      	b.n	10002ca2 <_ftoa+0x38a>
10002dba:	e6a1      	b.n	10002b00 <_ftoa+0x1e8>
10002dbc:	1000ab6c 	.word	0x1000ab6c

10002dc0 <_etoa>:
10002dc0:	b5f0      	push	{r4, r5, r6, r7, lr}
10002dc2:	46de      	mov	lr, fp
10002dc4:	4657      	mov	r7, sl
10002dc6:	464e      	mov	r6, r9
10002dc8:	4645      	mov	r5, r8
10002dca:	b5e0      	push	{r5, r6, r7, lr}
10002dcc:	b099      	sub	sp, #100	@ 0x64
10002dce:	4681      	mov	r9, r0
10002dd0:	468b      	mov	fp, r1
10002dd2:	4692      	mov	sl, r2
10002dd4:	4698      	mov	r8, r3
10002dd6:	9a22      	ldr	r2, [sp, #136]	@ 0x88
10002dd8:	9b23      	ldr	r3, [sp, #140]	@ 0x8c
10002dda:	0010      	movs	r0, r2
10002ddc:	0019      	movs	r1, r3
10002dde:	f7ff faac 	bl	1000233a <__wrap___aeabi_dcmpun>
10002de2:	2800      	cmp	r0, #0
10002de4:	d000      	beq.n	10002de8 <_etoa+0x28>
10002de6:	e0ca      	b.n	10002f7e <_etoa+0x1be>
10002de8:	9822      	ldr	r0, [sp, #136]	@ 0x88
10002dea:	9923      	ldr	r1, [sp, #140]	@ 0x8c
10002dec:	2201      	movs	r2, #1
10002dee:	4b82      	ldr	r3, [pc, #520]	@ (10002ff8 <_etoa+0x238>)
10002df0:	4252      	negs	r2, r2
10002df2:	f7ff fa9d 	bl	10002330 <__wrap___aeabi_dcmpgt>
10002df6:	2800      	cmp	r0, #0
10002df8:	d000      	beq.n	10002dfc <_etoa+0x3c>
10002dfa:	e0c0      	b.n	10002f7e <_etoa+0x1be>
10002dfc:	9822      	ldr	r0, [sp, #136]	@ 0x88
10002dfe:	9923      	ldr	r1, [sp, #140]	@ 0x8c
10002e00:	2201      	movs	r2, #1
10002e02:	4b7e      	ldr	r3, [pc, #504]	@ (10002ffc <_etoa+0x23c>)
10002e04:	4252      	negs	r2, r2
10002e06:	f7ff fa7d 	bl	10002304 <__wrap___aeabi_dcmplt>
10002e0a:	2800      	cmp	r0, #0
10002e0c:	d000      	beq.n	10002e10 <_etoa+0x50>
10002e0e:	e0b6      	b.n	10002f7e <_etoa+0x1be>
10002e10:	9822      	ldr	r0, [sp, #136]	@ 0x88
10002e12:	9923      	ldr	r1, [sp, #140]	@ 0x8c
10002e14:	2200      	movs	r2, #0
10002e16:	2300      	movs	r3, #0
10002e18:	f7ff fa74 	bl	10002304 <__wrap___aeabi_dcmplt>
10002e1c:	2800      	cmp	r0, #0
10002e1e:	d000      	beq.n	10002e22 <_etoa+0x62>
10002e20:	e1c9      	b.n	100031b6 <_etoa+0x3f6>
10002e22:	9b22      	ldr	r3, [sp, #136]	@ 0x88
10002e24:	9c23      	ldr	r4, [sp, #140]	@ 0x8c
10002e26:	9308      	str	r3, [sp, #32]
10002e28:	9409      	str	r4, [sp, #36]	@ 0x24
10002e2a:	9808      	ldr	r0, [sp, #32]
10002e2c:	9909      	ldr	r1, [sp, #36]	@ 0x24
10002e2e:	2380      	movs	r3, #128	@ 0x80
10002e30:	9a26      	ldr	r2, [sp, #152]	@ 0x98
10002e32:	00db      	lsls	r3, r3, #3
10002e34:	401a      	ands	r2, r3
10002e36:	920d      	str	r2, [sp, #52]	@ 0x34
10002e38:	2280      	movs	r2, #128	@ 0x80
10002e3a:	9c26      	ldr	r4, [sp, #152]	@ 0x98
10002e3c:	0112      	lsls	r2, r2, #4
10002e3e:	4014      	ands	r4, r2
10002e40:	0022      	movs	r2, r4
10002e42:	940b      	str	r4, [sp, #44]	@ 0x2c
10002e44:	9c26      	ldr	r4, [sp, #152]	@ 0x98
10002e46:	0007      	movs	r7, r0
10002e48:	000e      	movs	r6, r1
10002e4a:	421c      	tst	r4, r3
10002e4c:	d000      	beq.n	10002e50 <_etoa+0x90>
10002e4e:	e0ad      	b.n	10002fac <_etoa+0x1ec>
10002e50:	000b      	movs	r3, r1
10002e52:	4303      	orrs	r3, r0
10002e54:	d000      	beq.n	10002e58 <_etoa+0x98>
10002e56:	e0d5      	b.n	10003004 <_etoa+0x244>
10002e58:	2a00      	cmp	r2, #0
10002e5a:	d000      	beq.n	10002e5e <_etoa+0x9e>
10002e5c:	e20a      	b.n	10003274 <_etoa+0x4b4>
10002e5e:	0022      	movs	r2, r4
10002e60:	3306      	adds	r3, #6
10002e62:	9324      	str	r3, [sp, #144]	@ 0x90
10002e64:	2302      	movs	r3, #2
10002e66:	4013      	ands	r3, r2
10002e68:	930c      	str	r3, [sp, #48]	@ 0x30
10002e6a:	2302      	movs	r3, #2
10002e6c:	4213      	tst	r3, r2
10002e6e:	d000      	beq.n	10002e72 <_etoa+0xb2>
10002e70:	e202      	b.n	10003278 <_etoa+0x4b8>
10002e72:	9b25      	ldr	r3, [sp, #148]	@ 0x94
10002e74:	2b04      	cmp	r3, #4
10002e76:	d200      	bcs.n	10002e7a <_etoa+0xba>
10002e78:	e20f      	b.n	1000329a <_etoa+0x4da>
10002e7a:	3b04      	subs	r3, #4
10002e7c:	930b      	str	r3, [sp, #44]	@ 0x2c
10002e7e:	2300      	movs	r3, #0
10002e80:	2504      	movs	r5, #4
10002e82:	930a      	str	r3, [sp, #40]	@ 0x28
10002e84:	2200      	movs	r2, #0
10002e86:	9822      	ldr	r0, [sp, #136]	@ 0x88
10002e88:	9923      	ldr	r1, [sp, #140]	@ 0x8c
10002e8a:	2300      	movs	r3, #0
10002e8c:	f7ff fa3a 	bl	10002304 <__wrap___aeabi_dcmplt>
10002e90:	2800      	cmp	r0, #0
10002e92:	d000      	beq.n	10002e96 <_etoa+0xd6>
10002e94:	e203      	b.n	1000329e <_etoa+0x4de>
10002e96:	4b5a      	ldr	r3, [pc, #360]	@ (10003000 <_etoa+0x240>)
10002e98:	9a26      	ldr	r2, [sp, #152]	@ 0x98
10002e9a:	4013      	ands	r3, r2
10002e9c:	9304      	str	r3, [sp, #16]
10002e9e:	9b0b      	ldr	r3, [sp, #44]	@ 0x2c
10002ea0:	9303      	str	r3, [sp, #12]
10002ea2:	9b24      	ldr	r3, [sp, #144]	@ 0x90
10002ea4:	9302      	str	r3, [sp, #8]
10002ea6:	9b08      	ldr	r3, [sp, #32]
10002ea8:	9c09      	ldr	r4, [sp, #36]	@ 0x24
10002eaa:	9300      	str	r3, [sp, #0]
10002eac:	9401      	str	r4, [sp, #4]
10002eae:	4659      	mov	r1, fp
10002eb0:	4643      	mov	r3, r8
10002eb2:	4652      	mov	r2, sl
10002eb4:	4648      	mov	r0, r9
10002eb6:	f7ff fd2f 	bl	10002918 <_ftoa>
10002eba:	0002      	movs	r2, r0
10002ebc:	2020      	movs	r0, #32
10002ebe:	9b26      	ldr	r3, [sp, #152]	@ 0x98
10002ec0:	271f      	movs	r7, #31
10002ec2:	4003      	ands	r3, r0
10002ec4:	4259      	negs	r1, r3
10002ec6:	414b      	adcs	r3, r1
10002ec8:	425b      	negs	r3, r3
10002eca:	4018      	ands	r0, r3
10002ecc:	1c53      	adds	r3, r2, #1
10002ece:	9308      	str	r3, [sp, #32]
10002ed0:	4659      	mov	r1, fp
10002ed2:	4643      	mov	r3, r8
10002ed4:	3045      	adds	r0, #69	@ 0x45
10002ed6:	47c8      	blx	r9
10002ed8:	9a0a      	ldr	r2, [sp, #40]	@ 0x28
10002eda:	17d3      	asrs	r3, r2, #31
10002edc:	18d4      	adds	r4, r2, r3
10002ede:	405c      	eors	r4, r3
10002ee0:	0fd3      	lsrs	r3, r2, #31
10002ee2:	930a      	str	r3, [sp, #40]	@ 0x28
10002ee4:	1e6b      	subs	r3, r5, #1
10002ee6:	930b      	str	r3, [sp, #44]	@ 0x2c
10002ee8:	ab08      	add	r3, sp, #32
10002eea:	469c      	mov	ip, r3
10002eec:	2500      	movs	r5, #0
10002eee:	4467      	add	r7, ip
10002ef0:	e001      	b.n	10002ef6 <_etoa+0x136>
10002ef2:	2d20      	cmp	r5, #32
10002ef4:	d00f      	beq.n	10002f16 <_etoa+0x156>
10002ef6:	0020      	movs	r0, r4
10002ef8:	210a      	movs	r1, #10
10002efa:	f7fe ff65 	bl	10001dc8 <__wrap___aeabi_uidiv>
10002efe:	3501      	adds	r5, #1
10002f00:	197e      	adds	r6, r7, r5
10002f02:	3130      	adds	r1, #48	@ 0x30
10002f04:	7031      	strb	r1, [r6, #0]
10002f06:	0020      	movs	r0, r4
10002f08:	210a      	movs	r1, #10
10002f0a:	f7fe ff5d 	bl	10001dc8 <__wrap___aeabi_uidiv>
10002f0e:	0026      	movs	r6, r4
10002f10:	0004      	movs	r4, r0
10002f12:	2e09      	cmp	r6, #9
10002f14:	d8ed      	bhi.n	10002ef2 <_etoa+0x132>
10002f16:	2305      	movs	r3, #5
10002f18:	9306      	str	r3, [sp, #24]
10002f1a:	9b0b      	ldr	r3, [sp, #44]	@ 0x2c
10002f1c:	4659      	mov	r1, fp
10002f1e:	9305      	str	r3, [sp, #20]
10002f20:	2300      	movs	r3, #0
10002f22:	9304      	str	r3, [sp, #16]
10002f24:	330a      	adds	r3, #10
10002f26:	9303      	str	r3, [sp, #12]
10002f28:	9b0a      	ldr	r3, [sp, #40]	@ 0x28
10002f2a:	4648      	mov	r0, r9
10002f2c:	9302      	str	r3, [sp, #8]
10002f2e:	ab10      	add	r3, sp, #64	@ 0x40
10002f30:	9300      	str	r3, [sp, #0]
10002f32:	9a08      	ldr	r2, [sp, #32]
10002f34:	4643      	mov	r3, r8
10002f36:	9501      	str	r5, [sp, #4]
10002f38:	f7ff fbf8 	bl	1000272c <_ntoa_format>
10002f3c:	9b0c      	ldr	r3, [sp, #48]	@ 0x30
10002f3e:	2b00      	cmp	r3, #0
10002f40:	d02d      	beq.n	10002f9e <_etoa+0x1de>
10002f42:	4653      	mov	r3, sl
10002f44:	1ac4      	subs	r4, r0, r3
10002f46:	9b25      	ldr	r3, [sp, #148]	@ 0x94
10002f48:	42a3      	cmp	r3, r4
10002f4a:	d928      	bls.n	10002f9e <_etoa+0x1de>
10002f4c:	464d      	mov	r5, r9
10002f4e:	465f      	mov	r7, fp
10002f50:	4681      	mov	r9, r0
10002f52:	001e      	movs	r6, r3
10002f54:	4653      	mov	r3, sl
10002f56:	0039      	movs	r1, r7
10002f58:	191a      	adds	r2, r3, r4
10002f5a:	2020      	movs	r0, #32
10002f5c:	4643      	mov	r3, r8
10002f5e:	3401      	adds	r4, #1
10002f60:	47a8      	blx	r5
10002f62:	42a6      	cmp	r6, r4
10002f64:	d8f6      	bhi.n	10002f54 <_etoa+0x194>
10002f66:	4653      	mov	r3, sl
10002f68:	4648      	mov	r0, r9
10002f6a:	9925      	ldr	r1, [sp, #148]	@ 0x94
10002f6c:	1ac2      	subs	r2, r0, r3
10002f6e:	3201      	adds	r2, #1
10002f70:	2300      	movs	r3, #0
10002f72:	4291      	cmp	r1, r2
10002f74:	d300      	bcc.n	10002f78 <_etoa+0x1b8>
10002f76:	e186      	b.n	10003286 <_etoa+0x4c6>
10002f78:	3001      	adds	r0, #1
10002f7a:	1818      	adds	r0, r3, r0
10002f7c:	e00f      	b.n	10002f9e <_etoa+0x1de>
10002f7e:	9b26      	ldr	r3, [sp, #152]	@ 0x98
10002f80:	9304      	str	r3, [sp, #16]
10002f82:	9b25      	ldr	r3, [sp, #148]	@ 0x94
10002f84:	9303      	str	r3, [sp, #12]
10002f86:	9b24      	ldr	r3, [sp, #144]	@ 0x90
10002f88:	9302      	str	r3, [sp, #8]
10002f8a:	9b22      	ldr	r3, [sp, #136]	@ 0x88
10002f8c:	9c23      	ldr	r4, [sp, #140]	@ 0x8c
10002f8e:	9300      	str	r3, [sp, #0]
10002f90:	9401      	str	r4, [sp, #4]
10002f92:	4643      	mov	r3, r8
10002f94:	4652      	mov	r2, sl
10002f96:	4659      	mov	r1, fp
10002f98:	4648      	mov	r0, r9
10002f9a:	f7ff fcbd 	bl	10002918 <_ftoa>
10002f9e:	b019      	add	sp, #100	@ 0x64
10002fa0:	bcf0      	pop	{r4, r5, r6, r7}
10002fa2:	46bb      	mov	fp, r7
10002fa4:	46b2      	mov	sl, r6
10002fa6:	46a9      	mov	r9, r5
10002fa8:	46a0      	mov	r8, r4
10002faa:	bdf0      	pop	{r4, r5, r6, r7, pc}
10002fac:	4301      	orrs	r1, r0
10002fae:	d12b      	bne.n	10003008 <_etoa+0x248>
10002fb0:	9b0b      	ldr	r3, [sp, #44]	@ 0x2c
10002fb2:	0022      	movs	r2, r4
10002fb4:	2b00      	cmp	r3, #0
10002fb6:	d100      	bne.n	10002fba <_etoa+0x1fa>
10002fb8:	e754      	b.n	10002e64 <_etoa+0xa4>
10002fba:	2300      	movs	r3, #0
10002fbc:	930a      	str	r3, [sp, #40]	@ 0x28
10002fbe:	9b24      	ldr	r3, [sp, #144]	@ 0x90
10002fc0:	9a0a      	ldr	r2, [sp, #40]	@ 0x28
10002fc2:	2400      	movs	r4, #0
10002fc4:	4293      	cmp	r3, r2
10002fc6:	dd00      	ble.n	10002fca <_etoa+0x20a>
10002fc8:	e185      	b.n	100032d6 <_etoa+0x516>
10002fca:	9822      	ldr	r0, [sp, #136]	@ 0x88
10002fcc:	9923      	ldr	r1, [sp, #140]	@ 0x8c
10002fce:	2200      	movs	r2, #0
10002fd0:	2300      	movs	r3, #0
10002fd2:	f7ff f997 	bl	10002304 <__wrap___aeabi_dcmplt>
10002fd6:	2800      	cmp	r0, #0
10002fd8:	d000      	beq.n	10002fdc <_etoa+0x21c>
10002fda:	e135      	b.n	10003248 <_etoa+0x488>
10002fdc:	9b26      	ldr	r3, [sp, #152]	@ 0x98
10002fde:	4a08      	ldr	r2, [pc, #32]	@ (10003000 <_etoa+0x240>)
10002fe0:	9402      	str	r4, [sp, #8]
10002fe2:	401a      	ands	r2, r3
10002fe4:	2380      	movs	r3, #128	@ 0x80
10002fe6:	00db      	lsls	r3, r3, #3
10002fe8:	4313      	orrs	r3, r2
10002fea:	9304      	str	r3, [sp, #16]
10002fec:	9b25      	ldr	r3, [sp, #148]	@ 0x94
10002fee:	9303      	str	r3, [sp, #12]
10002ff0:	9b08      	ldr	r3, [sp, #32]
10002ff2:	9c09      	ldr	r4, [sp, #36]	@ 0x24
10002ff4:	e7cb      	b.n	10002f8e <_etoa+0x1ce>
10002ff6:	46c0      	nop			@ (mov r8, r8)
10002ff8:	7fefffff 	.word	0x7fefffff
10002ffc:	ffefffff 	.word	0xffefffff
10003000:	fffff7ff 	.word	0xfffff7ff
10003004:	2306      	movs	r3, #6
10003006:	9324      	str	r3, [sp, #144]	@ 0x90
10003008:	4bb4      	ldr	r3, [pc, #720]	@ (100032dc <_etoa+0x51c>)
1000300a:	0070      	lsls	r0, r6, #1
1000300c:	469c      	mov	ip, r3
1000300e:	0d40      	lsrs	r0, r0, #21
10003010:	4460      	add	r0, ip
10003012:	f7ff f9a3 	bl	1000235c <__wrap___aeabi_i2d>
10003016:	4ab2      	ldr	r2, [pc, #712]	@ (100032e0 <_etoa+0x520>)
10003018:	4bb2      	ldr	r3, [pc, #712]	@ (100032e4 <_etoa+0x524>)
1000301a:	f7ff f934 	bl	10002286 <__wrap___aeabi_dmul>
1000301e:	4ab2      	ldr	r2, [pc, #712]	@ (100032e8 <_etoa+0x528>)
10003020:	4bb2      	ldr	r3, [pc, #712]	@ (100032ec <_etoa+0x52c>)
10003022:	f7ff f911 	bl	10002248 <__wrap___aeabi_dadd>
10003026:	0336      	lsls	r6, r6, #12
10003028:	4bb1      	ldr	r3, [pc, #708]	@ (100032f0 <_etoa+0x530>)
1000302a:	0b36      	lsrs	r6, r6, #12
1000302c:	4333      	orrs	r3, r6
1000302e:	0004      	movs	r4, r0
10003030:	000d      	movs	r5, r1
10003032:	0038      	movs	r0, r7
10003034:	0019      	movs	r1, r3
10003036:	2200      	movs	r2, #0
10003038:	4bae      	ldr	r3, [pc, #696]	@ (100032f4 <_etoa+0x534>)
1000303a:	f7ff f900 	bl	1000223e <__wrap___aeabi_dsub>
1000303e:	4aae      	ldr	r2, [pc, #696]	@ (100032f8 <_etoa+0x538>)
10003040:	4bae      	ldr	r3, [pc, #696]	@ (100032fc <_etoa+0x53c>)
10003042:	f7ff f920 	bl	10002286 <__wrap___aeabi_dmul>
10003046:	0002      	movs	r2, r0
10003048:	000b      	movs	r3, r1
1000304a:	0020      	movs	r0, r4
1000304c:	0029      	movs	r1, r5
1000304e:	f7ff f8fb 	bl	10002248 <__wrap___aeabi_dadd>
10003052:	f7ff f99b 	bl	1000238c <__wrap___aeabi_d2iz>
10003056:	900a      	str	r0, [sp, #40]	@ 0x28
10003058:	f7ff f980 	bl	1000235c <__wrap___aeabi_i2d>
1000305c:	4aa8      	ldr	r2, [pc, #672]	@ (10003300 <_etoa+0x540>)
1000305e:	4ba9      	ldr	r3, [pc, #676]	@ (10003304 <_etoa+0x544>)
10003060:	0004      	movs	r4, r0
10003062:	000d      	movs	r5, r1
10003064:	f7ff f90f 	bl	10002286 <__wrap___aeabi_dmul>
10003068:	2200      	movs	r2, #0
1000306a:	4ba7      	ldr	r3, [pc, #668]	@ (10003308 <_etoa+0x548>)
1000306c:	f7ff f8ec 	bl	10002248 <__wrap___aeabi_dadd>
10003070:	f7ff f98c 	bl	1000238c <__wrap___aeabi_d2iz>
10003074:	4aa5      	ldr	r2, [pc, #660]	@ (1000330c <_etoa+0x54c>)
10003076:	0006      	movs	r6, r0
10003078:	4ba5      	ldr	r3, [pc, #660]	@ (10003310 <_etoa+0x550>)
1000307a:	0020      	movs	r0, r4
1000307c:	0029      	movs	r1, r5
1000307e:	f7ff f902 	bl	10002286 <__wrap___aeabi_dmul>
10003082:	0004      	movs	r4, r0
10003084:	0030      	movs	r0, r6
10003086:	000d      	movs	r5, r1
10003088:	960c      	str	r6, [sp, #48]	@ 0x30
1000308a:	f7ff f967 	bl	1000235c <__wrap___aeabi_i2d>
1000308e:	4aa1      	ldr	r2, [pc, #644]	@ (10003314 <_etoa+0x554>)
10003090:	4ba1      	ldr	r3, [pc, #644]	@ (10003318 <_etoa+0x558>)
10003092:	f7ff f8f8 	bl	10002286 <__wrap___aeabi_dmul>
10003096:	0002      	movs	r2, r0
10003098:	000b      	movs	r3, r1
1000309a:	0020      	movs	r0, r4
1000309c:	0029      	movs	r1, r5
1000309e:	f7ff f8ce 	bl	1000223e <__wrap___aeabi_dsub>
100030a2:	0002      	movs	r2, r0
100030a4:	000b      	movs	r3, r1
100030a6:	0006      	movs	r6, r0
100030a8:	000f      	movs	r7, r1
100030aa:	f7ff f8ec 	bl	10002286 <__wrap___aeabi_dmul>
100030ae:	0032      	movs	r2, r6
100030b0:	0004      	movs	r4, r0
100030b2:	000d      	movs	r5, r1
100030b4:	003b      	movs	r3, r7
100030b6:	0030      	movs	r0, r6
100030b8:	0039      	movs	r1, r7
100030ba:	f7ff f8c5 	bl	10002248 <__wrap___aeabi_dadd>
100030be:	2200      	movs	r2, #0
100030c0:	900e      	str	r0, [sp, #56]	@ 0x38
100030c2:	910f      	str	r1, [sp, #60]	@ 0x3c
100030c4:	4b95      	ldr	r3, [pc, #596]	@ (1000331c <_etoa+0x55c>)
100030c6:	0020      	movs	r0, r4
100030c8:	0029      	movs	r1, r5
100030ca:	f7ff f8c2 	bl	10002252 <__wrap___aeabi_ddiv>
100030ce:	2200      	movs	r2, #0
100030d0:	4b93      	ldr	r3, [pc, #588]	@ (10003320 <_etoa+0x560>)
100030d2:	f7ff f8b9 	bl	10002248 <__wrap___aeabi_dadd>
100030d6:	0002      	movs	r2, r0
100030d8:	000b      	movs	r3, r1
100030da:	0020      	movs	r0, r4
100030dc:	0029      	movs	r1, r5
100030de:	f7ff f8b8 	bl	10002252 <__wrap___aeabi_ddiv>
100030e2:	2200      	movs	r2, #0
100030e4:	4b8f      	ldr	r3, [pc, #572]	@ (10003324 <_etoa+0x564>)
100030e6:	f7ff f8af 	bl	10002248 <__wrap___aeabi_dadd>
100030ea:	0002      	movs	r2, r0
100030ec:	000b      	movs	r3, r1
100030ee:	0020      	movs	r0, r4
100030f0:	0029      	movs	r1, r5
100030f2:	f7ff f8ae 	bl	10002252 <__wrap___aeabi_ddiv>
100030f6:	000d      	movs	r5, r1
100030f8:	2180      	movs	r1, #128	@ 0x80
100030fa:	0004      	movs	r4, r0
100030fc:	0032      	movs	r2, r6
100030fe:	003b      	movs	r3, r7
10003100:	2000      	movs	r0, #0
10003102:	05c9      	lsls	r1, r1, #23
10003104:	f7ff f89b 	bl	1000223e <__wrap___aeabi_dsub>
10003108:	0002      	movs	r2, r0
1000310a:	000b      	movs	r3, r1
1000310c:	0020      	movs	r0, r4
1000310e:	0029      	movs	r1, r5
10003110:	f7ff f89a 	bl	10002248 <__wrap___aeabi_dadd>
10003114:	0002      	movs	r2, r0
10003116:	000b      	movs	r3, r1
10003118:	980e      	ldr	r0, [sp, #56]	@ 0x38
1000311a:	990f      	ldr	r1, [sp, #60]	@ 0x3c
1000311c:	f7ff f899 	bl	10002252 <__wrap___aeabi_ddiv>
10003120:	2200      	movs	r2, #0
10003122:	4b73      	ldr	r3, [pc, #460]	@ (100032f0 <_etoa+0x530>)
10003124:	f7ff f890 	bl	10002248 <__wrap___aeabi_dadd>
10003128:	4b7f      	ldr	r3, [pc, #508]	@ (10003328 <_etoa+0x568>)
1000312a:	9c0c      	ldr	r4, [sp, #48]	@ 0x30
1000312c:	469c      	mov	ip, r3
1000312e:	4464      	add	r4, ip
10003130:	2200      	movs	r2, #0
10003132:	0523      	lsls	r3, r4, #20
10003134:	f7ff f8a7 	bl	10002286 <__wrap___aeabi_dmul>
10003138:	0006      	movs	r6, r0
1000313a:	000f      	movs	r7, r1
1000313c:	0002      	movs	r2, r0
1000313e:	000b      	movs	r3, r1
10003140:	9808      	ldr	r0, [sp, #32]
10003142:	9909      	ldr	r1, [sp, #36]	@ 0x24
10003144:	f7ff f8de 	bl	10002304 <__wrap___aeabi_dcmplt>
10003148:	2800      	cmp	r0, #0
1000314a:	d00a      	beq.n	10003162 <_etoa+0x3a2>
1000314c:	9b0a      	ldr	r3, [sp, #40]	@ 0x28
1000314e:	0030      	movs	r0, r6
10003150:	3b01      	subs	r3, #1
10003152:	0039      	movs	r1, r7
10003154:	930a      	str	r3, [sp, #40]	@ 0x28
10003156:	2200      	movs	r2, #0
10003158:	4b71      	ldr	r3, [pc, #452]	@ (10003320 <_etoa+0x560>)
1000315a:	f7ff f87a 	bl	10002252 <__wrap___aeabi_ddiv>
1000315e:	0006      	movs	r6, r0
10003160:	000f      	movs	r7, r1
10003162:	9a0a      	ldr	r2, [sp, #40]	@ 0x28
10003164:	0033      	movs	r3, r6
10003166:	3263      	adds	r2, #99	@ 0x63
10003168:	0039      	movs	r1, r7
1000316a:	2ac6      	cmp	r2, #198	@ 0xc6
1000316c:	d812      	bhi.n	10003194 <_etoa+0x3d4>
1000316e:	2202      	movs	r2, #2
10003170:	9826      	ldr	r0, [sp, #152]	@ 0x98
10003172:	2504      	movs	r5, #4
10003174:	4010      	ands	r0, r2
10003176:	9a0b      	ldr	r2, [sp, #44]	@ 0x2c
10003178:	900c      	str	r0, [sp, #48]	@ 0x30
1000317a:	2a00      	cmp	r2, #0
1000317c:	d125      	bne.n	100031ca <_etoa+0x40a>
1000317e:	9b25      	ldr	r3, [sp, #148]	@ 0x94
10003180:	2b04      	cmp	r3, #4
10003182:	d905      	bls.n	10003190 <_etoa+0x3d0>
10003184:	2800      	cmp	r0, #0
10003186:	d000      	beq.n	1000318a <_etoa+0x3ca>
10003188:	e0a1      	b.n	100032ce <_etoa+0x50e>
1000318a:	9b25      	ldr	r3, [sp, #148]	@ 0x94
1000318c:	3b04      	subs	r3, #4
1000318e:	930b      	str	r3, [sp, #44]	@ 0x2c
10003190:	2504      	movs	r5, #4
10003192:	e041      	b.n	10003218 <_etoa+0x458>
10003194:	2202      	movs	r2, #2
10003196:	9826      	ldr	r0, [sp, #152]	@ 0x98
10003198:	4010      	ands	r0, r2
1000319a:	9a0b      	ldr	r2, [sp, #44]	@ 0x2c
1000319c:	900c      	str	r0, [sp, #48]	@ 0x30
1000319e:	2a00      	cmp	r2, #0
100031a0:	d112      	bne.n	100031c8 <_etoa+0x408>
100031a2:	9b25      	ldr	r3, [sp, #148]	@ 0x94
100031a4:	2b05      	cmp	r3, #5
100031a6:	d976      	bls.n	10003296 <_etoa+0x4d6>
100031a8:	2800      	cmp	r0, #0
100031aa:	d172      	bne.n	10003292 <_etoa+0x4d2>
100031ac:	9b25      	ldr	r3, [sp, #148]	@ 0x94
100031ae:	2505      	movs	r5, #5
100031b0:	3b05      	subs	r3, #5
100031b2:	930b      	str	r3, [sp, #44]	@ 0x2c
100031b4:	e034      	b.n	10003220 <_etoa+0x460>
100031b6:	2280      	movs	r2, #128	@ 0x80
100031b8:	0612      	lsls	r2, r2, #24
100031ba:	4694      	mov	ip, r2
100031bc:	9b22      	ldr	r3, [sp, #136]	@ 0x88
100031be:	9308      	str	r3, [sp, #32]
100031c0:	9b23      	ldr	r3, [sp, #140]	@ 0x8c
100031c2:	4463      	add	r3, ip
100031c4:	9309      	str	r3, [sp, #36]	@ 0x24
100031c6:	e630      	b.n	10002e2a <_etoa+0x6a>
100031c8:	2505      	movs	r5, #5
100031ca:	430b      	orrs	r3, r1
100031cc:	d100      	bne.n	100031d0 <_etoa+0x410>
100031ce:	e6f6      	b.n	10002fbe <_etoa+0x1fe>
100031d0:	9808      	ldr	r0, [sp, #32]
100031d2:	9909      	ldr	r1, [sp, #36]	@ 0x24
100031d4:	4a55      	ldr	r2, [pc, #340]	@ (1000332c <_etoa+0x56c>)
100031d6:	4b56      	ldr	r3, [pc, #344]	@ (10003330 <_etoa+0x570>)
100031d8:	f7ff f8a2 	bl	10002320 <__wrap___aeabi_dcmpge>
100031dc:	2800      	cmp	r0, #0
100031de:	d008      	beq.n	100031f2 <_etoa+0x432>
100031e0:	9808      	ldr	r0, [sp, #32]
100031e2:	9909      	ldr	r1, [sp, #36]	@ 0x24
100031e4:	2200      	movs	r2, #0
100031e6:	4b53      	ldr	r3, [pc, #332]	@ (10003334 <_etoa+0x574>)
100031e8:	f7ff f88c 	bl	10002304 <__wrap___aeabi_dcmplt>
100031ec:	2800      	cmp	r0, #0
100031ee:	d000      	beq.n	100031f2 <_etoa+0x432>
100031f0:	e6e5      	b.n	10002fbe <_etoa+0x1fe>
100031f2:	9b24      	ldr	r3, [sp, #144]	@ 0x90
100031f4:	2b00      	cmp	r3, #0
100031f6:	d01c      	beq.n	10003232 <_etoa+0x472>
100031f8:	9b0d      	ldr	r3, [sp, #52]	@ 0x34
100031fa:	2b00      	cmp	r3, #0
100031fc:	d019      	beq.n	10003232 <_etoa+0x472>
100031fe:	9b24      	ldr	r3, [sp, #144]	@ 0x90
10003200:	3b01      	subs	r3, #1
10003202:	9324      	str	r3, [sp, #144]	@ 0x90
10003204:	9b25      	ldr	r3, [sp, #148]	@ 0x94
10003206:	42ab      	cmp	r3, r5
10003208:	d904      	bls.n	10003214 <_etoa+0x454>
1000320a:	9b0c      	ldr	r3, [sp, #48]	@ 0x30
1000320c:	2b00      	cmp	r3, #0
1000320e:	d05a      	beq.n	100032c6 <_etoa+0x506>
10003210:	2302      	movs	r3, #2
10003212:	930c      	str	r3, [sp, #48]	@ 0x30
10003214:	2300      	movs	r3, #0
10003216:	930b      	str	r3, [sp, #44]	@ 0x2c
10003218:	9b0a      	ldr	r3, [sp, #40]	@ 0x28
1000321a:	2b00      	cmp	r3, #0
1000321c:	d100      	bne.n	10003220 <_etoa+0x460>
1000321e:	e631      	b.n	10002e84 <_etoa+0xc4>
10003220:	9808      	ldr	r0, [sp, #32]
10003222:	9909      	ldr	r1, [sp, #36]	@ 0x24
10003224:	0032      	movs	r2, r6
10003226:	003b      	movs	r3, r7
10003228:	f7ff f813 	bl	10002252 <__wrap___aeabi_ddiv>
1000322c:	9008      	str	r0, [sp, #32]
1000322e:	9109      	str	r1, [sp, #36]	@ 0x24
10003230:	e628      	b.n	10002e84 <_etoa+0xc4>
10003232:	9b25      	ldr	r3, [sp, #148]	@ 0x94
10003234:	42ab      	cmp	r3, r5
10003236:	d9ed      	bls.n	10003214 <_etoa+0x454>
10003238:	9b0c      	ldr	r3, [sp, #48]	@ 0x30
1000323a:	2b00      	cmp	r3, #0
1000323c:	d043      	beq.n	100032c6 <_etoa+0x506>
1000323e:	2300      	movs	r3, #0
10003240:	930b      	str	r3, [sp, #44]	@ 0x2c
10003242:	3302      	adds	r3, #2
10003244:	930c      	str	r3, [sp, #48]	@ 0x30
10003246:	e7e7      	b.n	10003218 <_etoa+0x458>
10003248:	2080      	movs	r0, #128	@ 0x80
1000324a:	9b26      	ldr	r3, [sp, #152]	@ 0x98
1000324c:	4a3a      	ldr	r2, [pc, #232]	@ (10003338 <_etoa+0x578>)
1000324e:	0600      	lsls	r0, r0, #24
10003250:	401a      	ands	r2, r3
10003252:	2380      	movs	r3, #128	@ 0x80
10003254:	4684      	mov	ip, r0
10003256:	9402      	str	r4, [sp, #8]
10003258:	9c08      	ldr	r4, [sp, #32]
1000325a:	9d09      	ldr	r5, [sp, #36]	@ 0x24
1000325c:	0029      	movs	r1, r5
1000325e:	00db      	lsls	r3, r3, #3
10003260:	4313      	orrs	r3, r2
10003262:	9304      	str	r3, [sp, #16]
10003264:	9b25      	ldr	r3, [sp, #148]	@ 0x94
10003266:	4461      	add	r1, ip
10003268:	0022      	movs	r2, r4
1000326a:	9303      	str	r3, [sp, #12]
1000326c:	000b      	movs	r3, r1
1000326e:	9200      	str	r2, [sp, #0]
10003270:	9301      	str	r3, [sp, #4]
10003272:	e68e      	b.n	10002f92 <_etoa+0x1d2>
10003274:	2405      	movs	r4, #5
10003276:	e6a8      	b.n	10002fca <_etoa+0x20a>
10003278:	2300      	movs	r3, #0
1000327a:	930b      	str	r3, [sp, #44]	@ 0x2c
1000327c:	930a      	str	r3, [sp, #40]	@ 0x28
1000327e:	3302      	adds	r3, #2
10003280:	2504      	movs	r5, #4
10003282:	930c      	str	r3, [sp, #48]	@ 0x30
10003284:	e5fe      	b.n	10002e84 <_etoa+0xc4>
10003286:	4653      	mov	r3, sl
10003288:	468c      	mov	ip, r1
1000328a:	3b01      	subs	r3, #1
1000328c:	4463      	add	r3, ip
1000328e:	1a1b      	subs	r3, r3, r0
10003290:	e672      	b.n	10002f78 <_etoa+0x1b8>
10003292:	2302      	movs	r3, #2
10003294:	930c      	str	r3, [sp, #48]	@ 0x30
10003296:	2505      	movs	r5, #5
10003298:	e7c2      	b.n	10003220 <_etoa+0x460>
1000329a:	2304      	movs	r3, #4
1000329c:	e5ed      	b.n	10002e7a <_etoa+0xba>
1000329e:	2080      	movs	r0, #128	@ 0x80
100032a0:	9e08      	ldr	r6, [sp, #32]
100032a2:	9f09      	ldr	r7, [sp, #36]	@ 0x24
100032a4:	0600      	lsls	r0, r0, #24
100032a6:	0039      	movs	r1, r7
100032a8:	4684      	mov	ip, r0
100032aa:	9a26      	ldr	r2, [sp, #152]	@ 0x98
100032ac:	4b22      	ldr	r3, [pc, #136]	@ (10003338 <_etoa+0x578>)
100032ae:	4461      	add	r1, ip
100032b0:	4013      	ands	r3, r2
100032b2:	9304      	str	r3, [sp, #16]
100032b4:	9b0b      	ldr	r3, [sp, #44]	@ 0x2c
100032b6:	0032      	movs	r2, r6
100032b8:	9303      	str	r3, [sp, #12]
100032ba:	9b24      	ldr	r3, [sp, #144]	@ 0x90
100032bc:	9302      	str	r3, [sp, #8]
100032be:	000b      	movs	r3, r1
100032c0:	9200      	str	r2, [sp, #0]
100032c2:	9301      	str	r3, [sp, #4]
100032c4:	e5f3      	b.n	10002eae <_etoa+0xee>
100032c6:	9b25      	ldr	r3, [sp, #148]	@ 0x94
100032c8:	1b5b      	subs	r3, r3, r5
100032ca:	930b      	str	r3, [sp, #44]	@ 0x2c
100032cc:	e7a4      	b.n	10003218 <_etoa+0x458>
100032ce:	2302      	movs	r3, #2
100032d0:	2504      	movs	r5, #4
100032d2:	930c      	str	r3, [sp, #48]	@ 0x30
100032d4:	e7a0      	b.n	10003218 <_etoa+0x458>
100032d6:	1a9c      	subs	r4, r3, r2
100032d8:	3c01      	subs	r4, #1
100032da:	e676      	b.n	10002fca <_etoa+0x20a>
100032dc:	fffffc01 	.word	0xfffffc01
100032e0:	509f79fb 	.word	0x509f79fb
100032e4:	3fd34413 	.word	0x3fd34413
100032e8:	8b60c8b3 	.word	0x8b60c8b3
100032ec:	3fc68a28 	.word	0x3fc68a28
100032f0:	3ff00000 	.word	0x3ff00000
100032f4:	3ff80000 	.word	0x3ff80000
100032f8:	636f4361 	.word	0x636f4361
100032fc:	3fd287a7 	.word	0x3fd287a7
10003300:	0979a371 	.word	0x0979a371
10003304:	400a934f 	.word	0x400a934f
10003308:	3fe00000 	.word	0x3fe00000
1000330c:	bbb55516 	.word	0xbbb55516
10003310:	40026bb1 	.word	0x40026bb1
10003314:	fefa39ef 	.word	0xfefa39ef
10003318:	3fe62e42 	.word	0x3fe62e42
1000331c:	402c0000 	.word	0x402c0000
10003320:	40240000 	.word	0x40240000
10003324:	40180000 	.word	0x40180000
10003328:	000003ff 	.word	0x000003ff
1000332c:	eb1c432d 	.word	0xeb1c432d
10003330:	3f1a36e2 	.word	0x3f1a36e2
10003334:	412e8480 	.word	0x412e8480
10003338:	fffff7ff 	.word	0xfffff7ff

1000333c <_vsnprintf>:
1000333c:	b5f0      	push	{r4, r5, r6, r7, lr}
1000333e:	46de      	mov	lr, fp
10003340:	4657      	mov	r7, sl
10003342:	464e      	mov	r6, r9
10003344:	4645      	mov	r5, r8
10003346:	b5e0      	push	{r5, r6, r7, lr}
10003348:	b0a5      	sub	sp, #148	@ 0x94
1000334a:	001e      	movs	r6, r3
1000334c:	9b2e      	ldr	r3, [sp, #184]	@ 0xb8
1000334e:	4692      	mov	sl, r2
10003350:	930c      	str	r3, [sp, #48]	@ 0x30
10003352:	4acd      	ldr	r2, [pc, #820]	@ (10003688 <_vsnprintf+0x34c>)
10003354:	4bcd      	ldr	r3, [pc, #820]	@ (1000368c <_vsnprintf+0x350>)
10003356:	4680      	mov	r8, r0
10003358:	468b      	mov	fp, r1
1000335a:	601a      	str	r2, [r3, #0]
1000335c:	2900      	cmp	r1, #0
1000335e:	d100      	bne.n	10003362 <_vsnprintf+0x26>
10003360:	e1ea      	b.n	10003738 <_vsnprintf+0x3fc>
10003362:	2300      	movs	r3, #0
10003364:	7830      	ldrb	r0, [r6, #0]
10003366:	4699      	mov	r9, r3
10003368:	2800      	cmp	r0, #0
1000336a:	d100      	bne.n	1000336e <_vsnprintf+0x32>
1000336c:	e1ec      	b.n	10003748 <_vsnprintf+0x40c>
1000336e:	4bc8      	ldr	r3, [pc, #800]	@ (10003690 <_vsnprintf+0x354>)
10003370:	464c      	mov	r4, r9
10003372:	930b      	str	r3, [sp, #44]	@ 0x2c
10003374:	4bc7      	ldr	r3, [pc, #796]	@ (10003694 <_vsnprintf+0x358>)
10003376:	4645      	mov	r5, r8
10003378:	4657      	mov	r7, sl
1000337a:	930e      	str	r3, [sp, #56]	@ 0x38
1000337c:	e00a      	b.n	10003394 <_vsnprintf+0x58>
1000337e:	1c63      	adds	r3, r4, #1
10003380:	4698      	mov	r8, r3
10003382:	0022      	movs	r2, r4
10003384:	003b      	movs	r3, r7
10003386:	4659      	mov	r1, fp
10003388:	47a8      	blx	r5
1000338a:	4644      	mov	r4, r8
1000338c:	7830      	ldrb	r0, [r6, #0]
1000338e:	2800      	cmp	r0, #0
10003390:	d100      	bne.n	10003394 <_vsnprintf+0x58>
10003392:	e087      	b.n	100034a4 <_vsnprintf+0x168>
10003394:	3601      	adds	r6, #1
10003396:	2825      	cmp	r0, #37	@ 0x25
10003398:	d1f1      	bne.n	1000337e <_vsnprintf+0x42>
1000339a:	2308      	movs	r3, #8
1000339c:	469a      	mov	sl, r3
1000339e:	3b04      	subs	r3, #4
100033a0:	4699      	mov	r9, r3
100033a2:	3b02      	subs	r3, #2
100033a4:	4698      	mov	r8, r3
100033a6:	3b01      	subs	r3, #1
100033a8:	2200      	movs	r2, #0
100033aa:	469c      	mov	ip, r3
100033ac:	940d      	str	r4, [sp, #52]	@ 0x34
100033ae:	7830      	ldrb	r0, [r6, #0]
100033b0:	1c71      	adds	r1, r6, #1
100033b2:	0003      	movs	r3, r0
100033b4:	3b20      	subs	r3, #32
100033b6:	b2db      	uxtb	r3, r3
100033b8:	2b10      	cmp	r3, #16
100033ba:	d803      	bhi.n	100033c4 <_vsnprintf+0x88>
100033bc:	9c0b      	ldr	r4, [sp, #44]	@ 0x2c
100033be:	009b      	lsls	r3, r3, #2
100033c0:	58e3      	ldr	r3, [r4, r3]
100033c2:	469f      	mov	pc, r3
100033c4:	0003      	movs	r3, r0
100033c6:	3b30      	subs	r3, #48	@ 0x30
100033c8:	4689      	mov	r9, r1
100033ca:	9c0d      	ldr	r4, [sp, #52]	@ 0x34
100033cc:	2b09      	cmp	r3, #9
100033ce:	d93a      	bls.n	10003446 <_vsnprintf+0x10a>
100033d0:	2300      	movs	r3, #0
100033d2:	4698      	mov	r8, r3
100033d4:	282a      	cmp	r0, #42	@ 0x2a
100033d6:	d100      	bne.n	100033da <_vsnprintf+0x9e>
100033d8:	e0c1      	b.n	1000355e <_vsnprintf+0x222>
100033da:	2300      	movs	r3, #0
100033dc:	469a      	mov	sl, r3
100033de:	282e      	cmp	r0, #46	@ 0x2e
100033e0:	d04b      	beq.n	1000347a <_vsnprintf+0x13e>
100033e2:	0003      	movs	r3, r0
100033e4:	3b68      	subs	r3, #104	@ 0x68
100033e6:	b2db      	uxtb	r3, r3
100033e8:	2b12      	cmp	r3, #18
100033ea:	d81e      	bhi.n	1000342a <_vsnprintf+0xee>
100033ec:	990e      	ldr	r1, [sp, #56]	@ 0x38
100033ee:	009b      	lsls	r3, r3, #2
100033f0:	58cb      	ldr	r3, [r1, r3]
100033f2:	469f      	mov	pc, r3
100033f4:	4663      	mov	r3, ip
100033f6:	000e      	movs	r6, r1
100033f8:	431a      	orrs	r2, r3
100033fa:	e7d8      	b.n	100033ae <_vsnprintf+0x72>
100033fc:	4643      	mov	r3, r8
100033fe:	000e      	movs	r6, r1
10003400:	431a      	orrs	r2, r3
10003402:	e7d4      	b.n	100033ae <_vsnprintf+0x72>
10003404:	464b      	mov	r3, r9
10003406:	000e      	movs	r6, r1
10003408:	431a      	orrs	r2, r3
1000340a:	e7d0      	b.n	100033ae <_vsnprintf+0x72>
1000340c:	2310      	movs	r3, #16
1000340e:	000e      	movs	r6, r1
10003410:	431a      	orrs	r2, r3
10003412:	e7cc      	b.n	100033ae <_vsnprintf+0x72>
10003414:	4653      	mov	r3, sl
10003416:	000e      	movs	r6, r1
10003418:	431a      	orrs	r2, r3
1000341a:	e7c8      	b.n	100033ae <_vsnprintf+0x72>
1000341c:	2380      	movs	r3, #128	@ 0x80
1000341e:	005b      	lsls	r3, r3, #1
10003420:	431a      	orrs	r2, r3
10003422:	3bff      	subs	r3, #255	@ 0xff
10003424:	469c      	mov	ip, r3
10003426:	7870      	ldrb	r0, [r6, #1]
10003428:	44e1      	add	r9, ip
1000342a:	464e      	mov	r6, r9
1000342c:	2867      	cmp	r0, #103	@ 0x67
1000342e:	d84f      	bhi.n	100034d0 <_vsnprintf+0x194>
10003430:	2824      	cmp	r0, #36	@ 0x24
10003432:	d9a4      	bls.n	1000337e <_vsnprintf+0x42>
10003434:	0003      	movs	r3, r0
10003436:	3b25      	subs	r3, #37	@ 0x25
10003438:	b2db      	uxtb	r3, r3
1000343a:	2b42      	cmp	r3, #66	@ 0x42
1000343c:	d89f      	bhi.n	1000337e <_vsnprintf+0x42>
1000343e:	4996      	ldr	r1, [pc, #600]	@ (10003698 <_vsnprintf+0x35c>)
10003440:	009b      	lsls	r3, r3, #2
10003442:	58cb      	ldr	r3, [r1, r3]
10003444:	469f      	mov	pc, r3
10003446:	2300      	movs	r3, #0
10003448:	4694      	mov	ip, r2
1000344a:	001e      	movs	r6, r3
1000344c:	e000      	b.n	10003450 <_vsnprintf+0x114>
1000344e:	3101      	adds	r1, #1
10003450:	00b3      	lsls	r3, r6, #2
10003452:	199b      	adds	r3, r3, r6
10003454:	005b      	lsls	r3, r3, #1
10003456:	181e      	adds	r6, r3, r0
10003458:	7808      	ldrb	r0, [r1, #0]
1000345a:	3e30      	subs	r6, #48	@ 0x30
1000345c:	0003      	movs	r3, r0
1000345e:	3b30      	subs	r3, #48	@ 0x30
10003460:	2b09      	cmp	r3, #9
10003462:	d9f4      	bls.n	1000344e <_vsnprintf+0x112>
10003464:	2301      	movs	r3, #1
10003466:	4662      	mov	r2, ip
10003468:	4689      	mov	r9, r1
1000346a:	469c      	mov	ip, r3
1000346c:	2300      	movs	r3, #0
1000346e:	46b0      	mov	r8, r6
10003470:	469a      	mov	sl, r3
10003472:	000e      	movs	r6, r1
10003474:	44e1      	add	r9, ip
10003476:	282e      	cmp	r0, #46	@ 0x2e
10003478:	d1b3      	bne.n	100033e2 <_vsnprintf+0xa6>
1000347a:	2130      	movs	r1, #48	@ 0x30
1000347c:	2080      	movs	r0, #128	@ 0x80
1000347e:	4249      	negs	r1, r1
10003480:	468c      	mov	ip, r1
10003482:	00c0      	lsls	r0, r0, #3
10003484:	4302      	orrs	r2, r0
10003486:	7870      	ldrb	r0, [r6, #1]
10003488:	464b      	mov	r3, r9
1000348a:	4484      	add	ip, r0
1000348c:	4661      	mov	r1, ip
1000348e:	2909      	cmp	r1, #9
10003490:	d800      	bhi.n	10003494 <_vsnprintf+0x158>
10003492:	e16c      	b.n	1000376e <_vsnprintf+0x432>
10003494:	282a      	cmp	r0, #42	@ 0x2a
10003496:	d100      	bne.n	1000349a <_vsnprintf+0x15e>
10003498:	e17a      	b.n	10003790 <_vsnprintf+0x454>
1000349a:	2301      	movs	r3, #1
1000349c:	469c      	mov	ip, r3
1000349e:	464e      	mov	r6, r9
100034a0:	44e1      	add	r9, ip
100034a2:	e79e      	b.n	100033e2 <_vsnprintf+0xa6>
100034a4:	46a1      	mov	r9, r4
100034a6:	46a8      	mov	r8, r5
100034a8:	46ba      	mov	sl, r7
100034aa:	45ca      	cmp	sl, r9
100034ac:	d803      	bhi.n	100034b6 <_vsnprintf+0x17a>
100034ae:	2301      	movs	r3, #1
100034b0:	425b      	negs	r3, r3
100034b2:	4453      	add	r3, sl
100034b4:	4699      	mov	r9, r3
100034b6:	4653      	mov	r3, sl
100034b8:	464a      	mov	r2, r9
100034ba:	4659      	mov	r1, fp
100034bc:	2000      	movs	r0, #0
100034be:	47c0      	blx	r8
100034c0:	0020      	movs	r0, r4
100034c2:	b025      	add	sp, #148	@ 0x94
100034c4:	bcf0      	pop	{r4, r5, r6, r7}
100034c6:	46bb      	mov	fp, r7
100034c8:	46b2      	mov	sl, r6
100034ca:	46a9      	mov	r9, r5
100034cc:	46a0      	mov	r8, r4
100034ce:	bdf0      	pop	{r4, r5, r6, r7, pc}
100034d0:	0003      	movs	r3, r0
100034d2:	3b69      	subs	r3, #105	@ 0x69
100034d4:	b2db      	uxtb	r3, r3
100034d6:	930d      	str	r3, [sp, #52]	@ 0x34
100034d8:	2b0f      	cmp	r3, #15
100034da:	d900      	bls.n	100034de <_vsnprintf+0x1a2>
100034dc:	e74f      	b.n	1000337e <_vsnprintf+0x42>
100034de:	2101      	movs	r1, #1
100034e0:	4099      	lsls	r1, r3
100034e2:	468c      	mov	ip, r1
100034e4:	496d      	ldr	r1, [pc, #436]	@ (1000369c <_vsnprintf+0x360>)
100034e6:	4689      	mov	r9, r1
100034e8:	4661      	mov	r1, ip
100034ea:	464b      	mov	r3, r9
100034ec:	4019      	ands	r1, r3
100034ee:	910f      	str	r1, [sp, #60]	@ 0x3c
100034f0:	4663      	mov	r3, ip
100034f2:	4649      	mov	r1, r9
100034f4:	420b      	tst	r3, r1
100034f6:	d000      	beq.n	100034fa <_vsnprintf+0x1be>
100034f8:	e128      	b.n	1000374c <_vsnprintf+0x410>
100034fa:	9b0d      	ldr	r3, [sp, #52]	@ 0x34
100034fc:	2b0a      	cmp	r3, #10
100034fe:	d03a      	beq.n	10003576 <_vsnprintf+0x23a>
10003500:	2b07      	cmp	r3, #7
10003502:	d000      	beq.n	10003506 <_vsnprintf+0x1ca>
10003504:	e73b      	b.n	1000337e <_vsnprintf+0x42>
10003506:	9b0c      	ldr	r3, [sp, #48]	@ 0x30
10003508:	0019      	movs	r1, r3
1000350a:	c908      	ldmia	r1!, {r3}
1000350c:	4688      	mov	r8, r1
1000350e:	2b00      	cmp	r3, #0
10003510:	d100      	bne.n	10003514 <_vsnprintf+0x1d8>
10003512:	e14b      	b.n	100037ac <_vsnprintf+0x470>
10003514:	2021      	movs	r0, #33	@ 0x21
10003516:	4302      	orrs	r2, r0
10003518:	4691      	mov	r9, r2
1000351a:	a914      	add	r1, sp, #80	@ 0x50
1000351c:	468c      	mov	ip, r1
1000351e:	221f      	movs	r2, #31
10003520:	210f      	movs	r1, #15
10003522:	4462      	add	r2, ip
10003524:	468c      	mov	ip, r1
10003526:	4651      	mov	r1, sl
10003528:	950d      	str	r5, [sp, #52]	@ 0x34
1000352a:	910c      	str	r1, [sp, #48]	@ 0x30
1000352c:	46a2      	mov	sl, r4
1000352e:	0015      	movs	r5, r2
10003530:	990f      	ldr	r1, [sp, #60]	@ 0x3c
10003532:	e002      	b.n	1000353a <_vsnprintf+0x1fe>
10003534:	2920      	cmp	r1, #32
10003536:	d00c      	beq.n	10003552 <_vsnprintf+0x216>
10003538:	0013      	movs	r3, r2
1000353a:	4664      	mov	r4, ip
1000353c:	401c      	ands	r4, r3
1000353e:	0020      	movs	r0, r4
10003540:	3037      	adds	r0, #55	@ 0x37
10003542:	2c09      	cmp	r4, #9
10003544:	d800      	bhi.n	10003548 <_vsnprintf+0x20c>
10003546:	3807      	subs	r0, #7
10003548:	3101      	adds	r1, #1
1000354a:	5468      	strb	r0, [r5, r1]
1000354c:	091a      	lsrs	r2, r3, #4
1000354e:	2b0f      	cmp	r3, #15
10003550:	d8f0      	bhi.n	10003534 <_vsnprintf+0x1f8>
10003552:	9b0c      	ldr	r3, [sp, #48]	@ 0x30
10003554:	4654      	mov	r4, sl
10003556:	9d0d      	ldr	r5, [sp, #52]	@ 0x34
10003558:	469a      	mov	sl, r3
1000355a:	910f      	str	r1, [sp, #60]	@ 0x3c
1000355c:	e133      	b.n	100037c6 <_vsnprintf+0x48a>
1000355e:	9b0c      	ldr	r3, [sp, #48]	@ 0x30
10003560:	cb02      	ldmia	r3!, {r1}
10003562:	4688      	mov	r8, r1
10003564:	2900      	cmp	r1, #0
10003566:	db47      	blt.n	100035f8 <_vsnprintf+0x2bc>
10003568:	930c      	str	r3, [sp, #48]	@ 0x30
1000356a:	2301      	movs	r3, #1
1000356c:	469c      	mov	ip, r3
1000356e:	7870      	ldrb	r0, [r6, #1]
10003570:	464e      	mov	r6, r9
10003572:	44e1      	add	r9, ip
10003574:	e731      	b.n	100033da <_vsnprintf+0x9e>
10003576:	9b0c      	ldr	r3, [sp, #48]	@ 0x30
10003578:	cb02      	ldmia	r3!, {r1}
1000357a:	9314      	str	r3, [sp, #80]	@ 0x50
1000357c:	4653      	mov	r3, sl
1000357e:	2b00      	cmp	r3, #0
10003580:	d100      	bne.n	10003584 <_vsnprintf+0x248>
10003582:	e138      	b.n	100037f6 <_vsnprintf+0x4ba>
10003584:	469c      	mov	ip, r3
10003586:	7808      	ldrb	r0, [r1, #0]
10003588:	000b      	movs	r3, r1
1000358a:	900c      	str	r0, [sp, #48]	@ 0x30
1000358c:	448c      	add	ip, r1
1000358e:	2800      	cmp	r0, #0
10003590:	d101      	bne.n	10003596 <_vsnprintf+0x25a>
10003592:	f000 fc98 	bl	10003ec6 <_vsnprintf+0xb8a>
10003596:	4689      	mov	r9, r1
10003598:	4661      	mov	r1, ip
1000359a:	4694      	mov	ip, r2
1000359c:	e003      	b.n	100035a6 <_vsnprintf+0x26a>
1000359e:	785a      	ldrb	r2, [r3, #1]
100035a0:	3301      	adds	r3, #1
100035a2:	2a00      	cmp	r2, #0
100035a4:	d001      	beq.n	100035aa <_vsnprintf+0x26e>
100035a6:	428b      	cmp	r3, r1
100035a8:	d1f9      	bne.n	1000359e <_vsnprintf+0x262>
100035aa:	4649      	mov	r1, r9
100035ac:	4662      	mov	r2, ip
100035ae:	1a5b      	subs	r3, r3, r1
100035b0:	900c      	str	r0, [sp, #48]	@ 0x30
100035b2:	930f      	str	r3, [sp, #60]	@ 0x3c
100035b4:	0553      	lsls	r3, r2, #21
100035b6:	d500      	bpl.n	100035ba <_vsnprintf+0x27e>
100035b8:	e120      	b.n	100037fc <_vsnprintf+0x4c0>
100035ba:	2302      	movs	r3, #2
100035bc:	0018      	movs	r0, r3
100035be:	4010      	ands	r0, r2
100035c0:	900d      	str	r0, [sp, #52]	@ 0x34
100035c2:	4213      	tst	r3, r2
100035c4:	d100      	bne.n	100035c8 <_vsnprintf+0x28c>
100035c6:	e3cb      	b.n	10003d60 <_vsnprintf+0xa24>
100035c8:	930d      	str	r3, [sp, #52]	@ 0x34
100035ca:	1b0b      	subs	r3, r1, r4
100035cc:	46b1      	mov	r9, r6
100035ce:	469a      	mov	sl, r3
100035d0:	465e      	mov	r6, fp
100035d2:	980c      	ldr	r0, [sp, #48]	@ 0x30
100035d4:	0022      	movs	r2, r4
100035d6:	003b      	movs	r3, r7
100035d8:	0031      	movs	r1, r6
100035da:	47a8      	blx	r5
100035dc:	4653      	mov	r3, sl
100035de:	3401      	adds	r4, #1
100035e0:	5d18      	ldrb	r0, [r3, r4]
100035e2:	2800      	cmp	r0, #0
100035e4:	d1f6      	bne.n	100035d4 <_vsnprintf+0x298>
100035e6:	46b3      	mov	fp, r6
100035e8:	464e      	mov	r6, r9
100035ea:	9b0d      	ldr	r3, [sp, #52]	@ 0x34
100035ec:	2b00      	cmp	r3, #0
100035ee:	d000      	beq.n	100035f2 <_vsnprintf+0x2b6>
100035f0:	e1c7      	b.n	10003982 <_vsnprintf+0x646>
100035f2:	9b14      	ldr	r3, [sp, #80]	@ 0x50
100035f4:	930c      	str	r3, [sp, #48]	@ 0x30
100035f6:	e6c9      	b.n	1000338c <_vsnprintf+0x50>
100035f8:	930c      	str	r3, [sp, #48]	@ 0x30
100035fa:	2301      	movs	r3, #1
100035fc:	469c      	mov	ip, r3
100035fe:	3828      	subs	r0, #40	@ 0x28
10003600:	4249      	negs	r1, r1
10003602:	4302      	orrs	r2, r0
10003604:	4688      	mov	r8, r1
10003606:	7870      	ldrb	r0, [r6, #1]
10003608:	464e      	mov	r6, r9
1000360a:	44e1      	add	r9, ip
1000360c:	e6e5      	b.n	100033da <_vsnprintf+0x9e>
1000360e:	7870      	ldrb	r0, [r6, #1]
10003610:	286c      	cmp	r0, #108	@ 0x6c
10003612:	d100      	bne.n	10003616 <_vsnprintf+0x2da>
10003614:	e17f      	b.n	10003916 <_vsnprintf+0x5da>
10003616:	2380      	movs	r3, #128	@ 0x80
10003618:	005b      	lsls	r3, r3, #1
1000361a:	431a      	orrs	r2, r3
1000361c:	3bff      	subs	r3, #255	@ 0xff
1000361e:	469c      	mov	ip, r3
10003620:	44e1      	add	r9, ip
10003622:	e702      	b.n	1000342a <_vsnprintf+0xee>
10003624:	2380      	movs	r3, #128	@ 0x80
10003626:	009b      	lsls	r3, r3, #2
10003628:	431a      	orrs	r2, r3
1000362a:	2301      	movs	r3, #1
1000362c:	469c      	mov	ip, r3
1000362e:	7870      	ldrb	r0, [r6, #1]
10003630:	44e1      	add	r9, ip
10003632:	e6fa      	b.n	1000342a <_vsnprintf+0xee>
10003634:	7870      	ldrb	r0, [r6, #1]
10003636:	2868      	cmp	r0, #104	@ 0x68
10003638:	d100      	bne.n	1000363c <_vsnprintf+0x300>
1000363a:	e173      	b.n	10003924 <_vsnprintf+0x5e8>
1000363c:	2380      	movs	r3, #128	@ 0x80
1000363e:	431a      	orrs	r2, r3
10003640:	3b7f      	subs	r3, #127	@ 0x7f
10003642:	469c      	mov	ip, r3
10003644:	44e1      	add	r9, ip
10003646:	e6f0      	b.n	1000342a <_vsnprintf+0xee>
10003648:	2867      	cmp	r0, #103	@ 0x67
1000364a:	d100      	bne.n	1000364e <_vsnprintf+0x312>
1000364c:	e103      	b.n	10003856 <_vsnprintf+0x51a>
1000364e:	2847      	cmp	r0, #71	@ 0x47
10003650:	d100      	bne.n	10003654 <_vsnprintf+0x318>
10003652:	e15a      	b.n	1000390a <_vsnprintf+0x5ce>
10003654:	2845      	cmp	r0, #69	@ 0x45
10003656:	d100      	bne.n	1000365a <_vsnprintf+0x31e>
10003658:	e15a      	b.n	10003910 <_vsnprintf+0x5d4>
1000365a:	9204      	str	r2, [sp, #16]
1000365c:	2107      	movs	r1, #7
1000365e:	4642      	mov	r2, r8
10003660:	9b0c      	ldr	r3, [sp, #48]	@ 0x30
10003662:	9203      	str	r2, [sp, #12]
10003664:	3307      	adds	r3, #7
10003666:	4652      	mov	r2, sl
10003668:	438b      	bics	r3, r1
1000366a:	0019      	movs	r1, r3
1000366c:	9202      	str	r2, [sp, #8]
1000366e:	c90c      	ldmia	r1!, {r2, r3}
10003670:	0028      	movs	r0, r5
10003672:	9200      	str	r2, [sp, #0]
10003674:	9301      	str	r3, [sp, #4]
10003676:	910c      	str	r1, [sp, #48]	@ 0x30
10003678:	0022      	movs	r2, r4
1000367a:	003b      	movs	r3, r7
1000367c:	4659      	mov	r1, fp
1000367e:	f7ff fb9f 	bl	10002dc0 <_etoa>
10003682:	0004      	movs	r4, r0
10003684:	e682      	b.n	1000338c <_vsnprintf+0x50>
10003686:	46c0      	nop			@ (mov r8, r8)
10003688:	1000333d 	.word	0x1000333d
1000368c:	20002b0c 	.word	0x20002b0c
10003690:	1000b034 	.word	0x1000b034
10003694:	1000b078 	.word	0x1000b078
10003698:	1000b0c4 	.word	0x1000b0c4
1000369c:	00009041 	.word	0x00009041
100036a0:	2846      	cmp	r0, #70	@ 0x46
100036a2:	d100      	bne.n	100036a6 <_vsnprintf+0x36a>
100036a4:	e0db      	b.n	1000385e <_vsnprintf+0x522>
100036a6:	9204      	str	r2, [sp, #16]
100036a8:	2107      	movs	r1, #7
100036aa:	4642      	mov	r2, r8
100036ac:	9b0c      	ldr	r3, [sp, #48]	@ 0x30
100036ae:	9203      	str	r2, [sp, #12]
100036b0:	3307      	adds	r3, #7
100036b2:	4652      	mov	r2, sl
100036b4:	438b      	bics	r3, r1
100036b6:	0019      	movs	r1, r3
100036b8:	9202      	str	r2, [sp, #8]
100036ba:	c90c      	ldmia	r1!, {r2, r3}
100036bc:	0028      	movs	r0, r5
100036be:	9200      	str	r2, [sp, #0]
100036c0:	9301      	str	r3, [sp, #4]
100036c2:	910c      	str	r1, [sp, #48]	@ 0x30
100036c4:	0022      	movs	r2, r4
100036c6:	003b      	movs	r3, r7
100036c8:	4659      	mov	r1, fp
100036ca:	f7ff f925 	bl	10002918 <_ftoa>
100036ce:	0004      	movs	r4, r0
100036d0:	e65c      	b.n	1000338c <_vsnprintf+0x50>
100036d2:	1c63      	adds	r3, r4, #1
100036d4:	4698      	mov	r8, r3
100036d6:	0022      	movs	r2, r4
100036d8:	003b      	movs	r3, r7
100036da:	4659      	mov	r1, fp
100036dc:	2025      	movs	r0, #37	@ 0x25
100036de:	47a8      	blx	r5
100036e0:	4644      	mov	r4, r8
100036e2:	e653      	b.n	1000338c <_vsnprintf+0x50>
100036e4:	9b0c      	ldr	r3, [sp, #48]	@ 0x30
100036e6:	3304      	adds	r3, #4
100036e8:	930d      	str	r3, [sp, #52]	@ 0x34
100036ea:	1c63      	adds	r3, r4, #1
100036ec:	4699      	mov	r9, r3
100036ee:	0792      	lsls	r2, r2, #30
100036f0:	d400      	bmi.n	100036f4 <_vsnprintf+0x3b8>
100036f2:	e122      	b.n	1000393a <_vsnprintf+0x5fe>
100036f4:	9b0c      	ldr	r3, [sp, #48]	@ 0x30
100036f6:	0022      	movs	r2, r4
100036f8:	7818      	ldrb	r0, [r3, #0]
100036fa:	4659      	mov	r1, fp
100036fc:	003b      	movs	r3, r7
100036fe:	47a8      	blx	r5
10003700:	4643      	mov	r3, r8
10003702:	4444      	add	r4, r8
10003704:	2b01      	cmp	r3, #1
10003706:	d800      	bhi.n	1000370a <_vsnprintf+0x3ce>
10003708:	e285      	b.n	10003c16 <_vsnprintf+0x8da>
1000370a:	0033      	movs	r3, r6
1000370c:	46b8      	mov	r8, r7
1000370e:	002e      	movs	r6, r5
10003710:	465f      	mov	r7, fp
10003712:	0025      	movs	r5, r4
10003714:	464c      	mov	r4, r9
10003716:	4699      	mov	r9, r3
10003718:	0022      	movs	r2, r4
1000371a:	4643      	mov	r3, r8
1000371c:	3401      	adds	r4, #1
1000371e:	0039      	movs	r1, r7
10003720:	2020      	movs	r0, #32
10003722:	47b0      	blx	r6
10003724:	42ac      	cmp	r4, r5
10003726:	d1f7      	bne.n	10003718 <_vsnprintf+0x3dc>
10003728:	002c      	movs	r4, r5
1000372a:	46bb      	mov	fp, r7
1000372c:	0035      	movs	r5, r6
1000372e:	4647      	mov	r7, r8
10003730:	464e      	mov	r6, r9
10003732:	9b0d      	ldr	r3, [sp, #52]	@ 0x34
10003734:	930c      	str	r3, [sp, #48]	@ 0x30
10003736:	e629      	b.n	1000338c <_vsnprintf+0x50>
10003738:	4bdb      	ldr	r3, [pc, #876]	@ (10003aa8 <_vsnprintf+0x76c>)
1000373a:	7830      	ldrb	r0, [r6, #0]
1000373c:	4698      	mov	r8, r3
1000373e:	2300      	movs	r3, #0
10003740:	4699      	mov	r9, r3
10003742:	2800      	cmp	r0, #0
10003744:	d000      	beq.n	10003748 <_vsnprintf+0x40c>
10003746:	e612      	b.n	1000336e <_vsnprintf+0x32>
10003748:	2400      	movs	r4, #0
1000374a:	e6ae      	b.n	100034aa <_vsnprintf+0x16e>
1000374c:	286f      	cmp	r0, #111	@ 0x6f
1000374e:	d100      	bne.n	10003752 <_vsnprintf+0x416>
10003750:	e088      	b.n	10003864 <_vsnprintf+0x528>
10003752:	d800      	bhi.n	10003756 <_vsnprintf+0x41a>
10003754:	e30b      	b.n	10003d6e <_vsnprintf+0xa32>
10003756:	2310      	movs	r3, #16
10003758:	2878      	cmp	r0, #120	@ 0x78
1000375a:	d100      	bne.n	1000375e <_vsnprintf+0x422>
1000375c:	e0cf      	b.n	100038fe <_vsnprintf+0x5c2>
1000375e:	439a      	bics	r2, r3
10003760:	230a      	movs	r3, #10
10003762:	469c      	mov	ip, r3
10003764:	2300      	movs	r3, #0
10003766:	930f      	str	r3, [sp, #60]	@ 0x3c
10003768:	330a      	adds	r3, #10
1000376a:	930d      	str	r3, [sp, #52]	@ 0x34
1000376c:	e080      	b.n	10003870 <_vsnprintf+0x534>
1000376e:	4656      	mov	r6, sl
10003770:	00b1      	lsls	r1, r6, #2
10003772:	1989      	adds	r1, r1, r6
10003774:	0049      	lsls	r1, r1, #1
10003776:	3301      	adds	r3, #1
10003778:	180e      	adds	r6, r1, r0
1000377a:	7818      	ldrb	r0, [r3, #0]
1000377c:	3e30      	subs	r6, #48	@ 0x30
1000377e:	0001      	movs	r1, r0
10003780:	3930      	subs	r1, #48	@ 0x30
10003782:	2909      	cmp	r1, #9
10003784:	d9f4      	bls.n	10003770 <_vsnprintf+0x434>
10003786:	46b2      	mov	sl, r6
10003788:	001e      	movs	r6, r3
1000378a:	3301      	adds	r3, #1
1000378c:	4699      	mov	r9, r3
1000378e:	e628      	b.n	100033e2 <_vsnprintf+0xa6>
10003790:	9b0c      	ldr	r3, [sp, #48]	@ 0x30
10003792:	3602      	adds	r6, #2
10003794:	cb02      	ldmia	r3!, {r1}
10003796:	468a      	mov	sl, r1
10003798:	43c9      	mvns	r1, r1
1000379a:	4650      	mov	r0, sl
1000379c:	17c9      	asrs	r1, r1, #31
1000379e:	4008      	ands	r0, r1
100037a0:	4682      	mov	sl, r0
100037a2:	930c      	str	r3, [sp, #48]	@ 0x30
100037a4:	7830      	ldrb	r0, [r6, #0]
100037a6:	1c73      	adds	r3, r6, #1
100037a8:	4699      	mov	r9, r3
100037aa:	e61a      	b.n	100033e2 <_vsnprintf+0xa6>
100037ac:	2310      	movs	r3, #16
100037ae:	0010      	movs	r0, r2
100037b0:	4398      	bics	r0, r3
100037b2:	3311      	adds	r3, #17
100037b4:	4318      	orrs	r0, r3
100037b6:	4681      	mov	r9, r0
100037b8:	2080      	movs	r0, #128	@ 0x80
100037ba:	0013      	movs	r3, r2
100037bc:	00c0      	lsls	r0, r0, #3
100037be:	4003      	ands	r3, r0
100037c0:	4202      	tst	r2, r0
100037c2:	d100      	bne.n	100037c6 <_vsnprintf+0x48a>
100037c4:	e6a9      	b.n	1000351a <_vsnprintf+0x1de>
100037c6:	464b      	mov	r3, r9
100037c8:	9306      	str	r3, [sp, #24]
100037ca:	2308      	movs	r3, #8
100037cc:	9305      	str	r3, [sp, #20]
100037ce:	4653      	mov	r3, sl
100037d0:	9304      	str	r3, [sp, #16]
100037d2:	2310      	movs	r3, #16
100037d4:	9303      	str	r3, [sp, #12]
100037d6:	2300      	movs	r3, #0
100037d8:	9302      	str	r3, [sp, #8]
100037da:	9b0f      	ldr	r3, [sp, #60]	@ 0x3c
100037dc:	0022      	movs	r2, r4
100037de:	9301      	str	r3, [sp, #4]
100037e0:	ab1c      	add	r3, sp, #112	@ 0x70
100037e2:	9300      	str	r3, [sp, #0]
100037e4:	4659      	mov	r1, fp
100037e6:	003b      	movs	r3, r7
100037e8:	0028      	movs	r0, r5
100037ea:	f7fe ff9f 	bl	1000272c <_ntoa_format>
100037ee:	4643      	mov	r3, r8
100037f0:	0004      	movs	r4, r0
100037f2:	930c      	str	r3, [sp, #48]	@ 0x30
100037f4:	e5ca      	b.n	1000338c <_vsnprintf+0x50>
100037f6:	2301      	movs	r3, #1
100037f8:	425b      	negs	r3, r3
100037fa:	e6c3      	b.n	10003584 <_vsnprintf+0x248>
100037fc:	9b0f      	ldr	r3, [sp, #60]	@ 0x3c
100037fe:	4553      	cmp	r3, sl
10003800:	d901      	bls.n	10003806 <_vsnprintf+0x4ca>
10003802:	4653      	mov	r3, sl
10003804:	930f      	str	r3, [sp, #60]	@ 0x3c
10003806:	2302      	movs	r3, #2
10003808:	0018      	movs	r0, r3
1000380a:	4010      	ands	r0, r2
1000380c:	900d      	str	r0, [sp, #52]	@ 0x34
1000380e:	4213      	tst	r3, r2
10003810:	d100      	bne.n	10003814 <_vsnprintf+0x4d8>
10003812:	e1b7      	b.n	10003b84 <_vsnprintf+0x848>
10003814:	930d      	str	r3, [sp, #52]	@ 0x34
10003816:	46d1      	mov	r9, sl
10003818:	1b0b      	subs	r3, r1, r4
1000381a:	469a      	mov	sl, r3
1000381c:	0033      	movs	r3, r6
1000381e:	44a1      	add	r9, r4
10003820:	002e      	movs	r6, r5
10003822:	0022      	movs	r2, r4
10003824:	464d      	mov	r5, r9
10003826:	980c      	ldr	r0, [sp, #48]	@ 0x30
10003828:	46b9      	mov	r9, r7
1000382a:	465f      	mov	r7, fp
1000382c:	469b      	mov	fp, r3
1000382e:	e008      	b.n	10003842 <_vsnprintf+0x506>
10003830:	464b      	mov	r3, r9
10003832:	0039      	movs	r1, r7
10003834:	1c54      	adds	r4, r2, #1
10003836:	47b0      	blx	r6
10003838:	4653      	mov	r3, sl
1000383a:	5d18      	ldrb	r0, [r3, r4]
1000383c:	2800      	cmp	r0, #0
1000383e:	d077      	beq.n	10003930 <_vsnprintf+0x5f4>
10003840:	0022      	movs	r2, r4
10003842:	4295      	cmp	r5, r2
10003844:	d1f4      	bne.n	10003830 <_vsnprintf+0x4f4>
10003846:	465b      	mov	r3, fp
10003848:	46bb      	mov	fp, r7
1000384a:	464f      	mov	r7, r9
1000384c:	46a9      	mov	r9, r5
1000384e:	0035      	movs	r5, r6
10003850:	464c      	mov	r4, r9
10003852:	001e      	movs	r6, r3
10003854:	e6c9      	b.n	100035ea <_vsnprintf+0x2ae>
10003856:	2380      	movs	r3, #128	@ 0x80
10003858:	011b      	lsls	r3, r3, #4
1000385a:	431a      	orrs	r2, r3
1000385c:	e6fd      	b.n	1000365a <_vsnprintf+0x31e>
1000385e:	2320      	movs	r3, #32
10003860:	431a      	orrs	r2, r3
10003862:	e720      	b.n	100036a6 <_vsnprintf+0x36a>
10003864:	2308      	movs	r3, #8
10003866:	469c      	mov	ip, r3
10003868:	2300      	movs	r3, #0
1000386a:	930f      	str	r3, [sp, #60]	@ 0x3c
1000386c:	3308      	adds	r3, #8
1000386e:	930d      	str	r3, [sp, #52]	@ 0x34
10003870:	2380      	movs	r3, #128	@ 0x80
10003872:	0011      	movs	r1, r2
10003874:	00db      	lsls	r3, r3, #3
10003876:	4019      	ands	r1, r3
10003878:	421a      	tst	r2, r3
1000387a:	d100      	bne.n	1000387e <_vsnprintf+0x542>
1000387c:	e116      	b.n	10003aac <_vsnprintf+0x770>
1000387e:	230d      	movs	r3, #13
10003880:	439a      	bics	r2, r3
10003882:	0010      	movs	r0, r2
10003884:	2380      	movs	r3, #128	@ 0x80
10003886:	0002      	movs	r2, r0
10003888:	009b      	lsls	r3, r3, #2
1000388a:	401a      	ands	r2, r3
1000388c:	9214      	str	r2, [sp, #80]	@ 0x50
1000388e:	4218      	tst	r0, r3
10003890:	d000      	beq.n	10003894 <_vsnprintf+0x558>
10003892:	e1c2      	b.n	10003c1a <_vsnprintf+0x8de>
10003894:	2380      	movs	r3, #128	@ 0x80
10003896:	0002      	movs	r2, r0
10003898:	005b      	lsls	r3, r3, #1
1000389a:	401a      	ands	r2, r3
1000389c:	4691      	mov	r9, r2
1000389e:	9a0c      	ldr	r2, [sp, #48]	@ 0x30
100038a0:	3204      	adds	r2, #4
100038a2:	920f      	str	r2, [sp, #60]	@ 0x3c
100038a4:	4218      	tst	r0, r3
100038a6:	d000      	beq.n	100038aa <_vsnprintf+0x56e>
100038a8:	e2b7      	b.n	10003e1a <_vsnprintf+0xade>
100038aa:	0643      	lsls	r3, r0, #25
100038ac:	d500      	bpl.n	100038b0 <_vsnprintf+0x574>
100038ae:	e19f      	b.n	10003bf0 <_vsnprintf+0x8b4>
100038b0:	0603      	lsls	r3, r0, #24
100038b2:	d400      	bmi.n	100038b6 <_vsnprintf+0x57a>
100038b4:	e319      	b.n	10003eea <_vsnprintf+0xbae>
100038b6:	9b0c      	ldr	r3, [sp, #48]	@ 0x30
100038b8:	881b      	ldrh	r3, [r3, #0]
100038ba:	9309      	str	r3, [sp, #36]	@ 0x24
100038bc:	2b00      	cmp	r3, #0
100038be:	d000      	beq.n	100038c2 <_vsnprintf+0x586>
100038c0:	e1fc      	b.n	10003cbc <_vsnprintf+0x980>
100038c2:	3310      	adds	r3, #16
100038c4:	4398      	bics	r0, r3
100038c6:	2900      	cmp	r1, #0
100038c8:	d100      	bne.n	100038cc <_vsnprintf+0x590>
100038ca:	e1f7      	b.n	10003cbc <_vsnprintf+0x980>
100038cc:	2300      	movs	r3, #0
100038ce:	4699      	mov	r9, r3
100038d0:	4643      	mov	r3, r8
100038d2:	9305      	str	r3, [sp, #20]
100038d4:	4653      	mov	r3, sl
100038d6:	9304      	str	r3, [sp, #16]
100038d8:	9b0d      	ldr	r3, [sp, #52]	@ 0x34
100038da:	9006      	str	r0, [sp, #24]
100038dc:	9303      	str	r3, [sp, #12]
100038de:	2300      	movs	r3, #0
100038e0:	e0d2      	b.n	10003a88 <_vsnprintf+0x74c>
100038e2:	2858      	cmp	r0, #88	@ 0x58
100038e4:	d008      	beq.n	100038f8 <_vsnprintf+0x5bc>
100038e6:	2862      	cmp	r0, #98	@ 0x62
100038e8:	d167      	bne.n	100039ba <_vsnprintf+0x67e>
100038ea:	2302      	movs	r3, #2
100038ec:	469c      	mov	ip, r3
100038ee:	2300      	movs	r3, #0
100038f0:	930f      	str	r3, [sp, #60]	@ 0x3c
100038f2:	3302      	adds	r3, #2
100038f4:	930d      	str	r3, [sp, #52]	@ 0x34
100038f6:	e7bb      	b.n	10003870 <_vsnprintf+0x534>
100038f8:	2320      	movs	r3, #32
100038fa:	431a      	orrs	r2, r3
100038fc:	3b10      	subs	r3, #16
100038fe:	469c      	mov	ip, r3
10003900:	2300      	movs	r3, #0
10003902:	930f      	str	r3, [sp, #60]	@ 0x3c
10003904:	3310      	adds	r3, #16
10003906:	930d      	str	r3, [sp, #52]	@ 0x34
10003908:	e7b2      	b.n	10003870 <_vsnprintf+0x534>
1000390a:	2380      	movs	r3, #128	@ 0x80
1000390c:	011b      	lsls	r3, r3, #4
1000390e:	431a      	orrs	r2, r3
10003910:	2320      	movs	r3, #32
10003912:	431a      	orrs	r2, r3
10003914:	e6a1      	b.n	1000365a <_vsnprintf+0x31e>
10003916:	23c0      	movs	r3, #192	@ 0xc0
10003918:	009b      	lsls	r3, r3, #2
1000391a:	431a      	orrs	r2, r3
1000391c:	1cf3      	adds	r3, r6, #3
1000391e:	4699      	mov	r9, r3
10003920:	78b0      	ldrb	r0, [r6, #2]
10003922:	e582      	b.n	1000342a <_vsnprintf+0xee>
10003924:	23c0      	movs	r3, #192	@ 0xc0
10003926:	431a      	orrs	r2, r3
10003928:	1cf3      	adds	r3, r6, #3
1000392a:	4699      	mov	r9, r3
1000392c:	78b0      	ldrb	r0, [r6, #2]
1000392e:	e57c      	b.n	1000342a <_vsnprintf+0xee>
10003930:	0035      	movs	r5, r6
10003932:	465e      	mov	r6, fp
10003934:	46bb      	mov	fp, r7
10003936:	464f      	mov	r7, r9
10003938:	e657      	b.n	100035ea <_vsnprintf+0x2ae>
1000393a:	4643      	mov	r3, r8
1000393c:	2b01      	cmp	r3, #1
1000393e:	d800      	bhi.n	10003942 <_vsnprintf+0x606>
10003940:	e163      	b.n	10003c0a <_vsnprintf+0x8ce>
10003942:	1e63      	subs	r3, r4, #1
10003944:	4443      	add	r3, r8
10003946:	469a      	mov	sl, r3
10003948:	0033      	movs	r3, r6
1000394a:	46b9      	mov	r9, r7
1000394c:	002e      	movs	r6, r5
1000394e:	465f      	mov	r7, fp
10003950:	4655      	mov	r5, sl
10003952:	469b      	mov	fp, r3
10003954:	46a2      	mov	sl, r4
10003956:	0022      	movs	r2, r4
10003958:	464b      	mov	r3, r9
1000395a:	3401      	adds	r4, #1
1000395c:	0039      	movs	r1, r7
1000395e:	2020      	movs	r0, #32
10003960:	47b0      	blx	r6
10003962:	42ac      	cmp	r4, r5
10003964:	d1f7      	bne.n	10003956 <_vsnprintf+0x61a>
10003966:	0035      	movs	r5, r6
10003968:	465e      	mov	r6, fp
1000396a:	46bb      	mov	fp, r7
1000396c:	464f      	mov	r7, r9
1000396e:	46a1      	mov	r9, r4
10003970:	4654      	mov	r4, sl
10003972:	9b0c      	ldr	r3, [sp, #48]	@ 0x30
10003974:	464a      	mov	r2, r9
10003976:	7818      	ldrb	r0, [r3, #0]
10003978:	4659      	mov	r1, fp
1000397a:	003b      	movs	r3, r7
1000397c:	4444      	add	r4, r8
1000397e:	47a8      	blx	r5
10003980:	e6d7      	b.n	10003732 <_vsnprintf+0x3f6>
10003982:	46a1      	mov	r9, r4
10003984:	9b0f      	ldr	r3, [sp, #60]	@ 0x3c
10003986:	4598      	cmp	r8, r3
10003988:	d800      	bhi.n	1000398c <_vsnprintf+0x650>
1000398a:	e632      	b.n	100035f2 <_vsnprintf+0x2b6>
1000398c:	4444      	add	r4, r8
1000398e:	1ae4      	subs	r4, r4, r3
10003990:	0033      	movs	r3, r6
10003992:	46b8      	mov	r8, r7
10003994:	002e      	movs	r6, r5
10003996:	465f      	mov	r7, fp
10003998:	0025      	movs	r5, r4
1000399a:	464c      	mov	r4, r9
1000399c:	4699      	mov	r9, r3
1000399e:	0022      	movs	r2, r4
100039a0:	4643      	mov	r3, r8
100039a2:	3401      	adds	r4, #1
100039a4:	0039      	movs	r1, r7
100039a6:	2020      	movs	r0, #32
100039a8:	47b0      	blx	r6
100039aa:	42ac      	cmp	r4, r5
100039ac:	d1f7      	bne.n	1000399e <_vsnprintf+0x662>
100039ae:	002c      	movs	r4, r5
100039b0:	46bb      	mov	fp, r7
100039b2:	0035      	movs	r5, r6
100039b4:	4647      	mov	r7, r8
100039b6:	464e      	mov	r6, r9
100039b8:	e61b      	b.n	100035f2 <_vsnprintf+0x2b6>
100039ba:	2380      	movs	r3, #128	@ 0x80
100039bc:	0010      	movs	r0, r2
100039be:	00db      	lsls	r3, r3, #3
100039c0:	4018      	ands	r0, r3
100039c2:	421a      	tst	r2, r3
100039c4:	d100      	bne.n	100039c8 <_vsnprintf+0x68c>
100039c6:	e10f      	b.n	10003be8 <_vsnprintf+0x8ac>
100039c8:	2111      	movs	r1, #17
100039ca:	0018      	movs	r0, r3
100039cc:	438a      	bics	r2, r1
100039ce:	920d      	str	r2, [sp, #52]	@ 0x34
100039d0:	9a0d      	ldr	r2, [sp, #52]	@ 0x34
100039d2:	2380      	movs	r3, #128	@ 0x80
100039d4:	0011      	movs	r1, r2
100039d6:	009b      	lsls	r3, r3, #2
100039d8:	4019      	ands	r1, r3
100039da:	468c      	mov	ip, r1
100039dc:	421a      	tst	r2, r3
100039de:	d169      	bne.n	10003ab4 <_vsnprintf+0x778>
100039e0:	2380      	movs	r3, #128	@ 0x80
100039e2:	0011      	movs	r1, r2
100039e4:	005b      	lsls	r3, r3, #1
100039e6:	4019      	ands	r1, r3
100039e8:	4689      	mov	r9, r1
100039ea:	990c      	ldr	r1, [sp, #48]	@ 0x30
100039ec:	3104      	adds	r1, #4
100039ee:	910f      	str	r1, [sp, #60]	@ 0x3c
100039f0:	421a      	tst	r2, r3
100039f2:	d000      	beq.n	100039f6 <_vsnprintf+0x6ba>
100039f4:	e1ca      	b.n	10003d8c <_vsnprintf+0xa50>
100039f6:	0013      	movs	r3, r2
100039f8:	065b      	lsls	r3, r3, #25
100039fa:	d500      	bpl.n	100039fe <_vsnprintf+0x6c2>
100039fc:	e0f0      	b.n	10003be0 <_vsnprintf+0x8a4>
100039fe:	0013      	movs	r3, r2
10003a00:	061b      	lsls	r3, r3, #24
10003a02:	d400      	bmi.n	10003a06 <_vsnprintf+0x6ca>
10003a04:	e259      	b.n	10003eba <_vsnprintf+0xb7e>
10003a06:	9b0c      	ldr	r3, [sp, #48]	@ 0x30
10003a08:	2200      	movs	r2, #0
10003a0a:	5e9b      	ldrsh	r3, [r3, r2]
10003a0c:	17d9      	asrs	r1, r3, #31
10003a0e:	185a      	adds	r2, r3, r1
10003a10:	404a      	eors	r2, r1
10003a12:	b292      	uxth	r2, r2
10003a14:	0fd9      	lsrs	r1, r3, #31
10003a16:	910c      	str	r1, [sp, #48]	@ 0x30
10003a18:	2b00      	cmp	r3, #0
10003a1a:	d100      	bne.n	10003a1e <_vsnprintf+0x6e2>
10003a1c:	e1f9      	b.n	10003e12 <_vsnprintf+0xad6>
10003a1e:	0010      	movs	r0, r2
10003a20:	aa14      	add	r2, sp, #80	@ 0x50
10003a22:	4694      	mov	ip, r2
10003a24:	4642      	mov	r2, r8
10003a26:	231f      	movs	r3, #31
10003a28:	9214      	str	r2, [sp, #80]	@ 0x50
10003a2a:	4652      	mov	r2, sl
10003a2c:	4463      	add	r3, ip
10003a2e:	46a8      	mov	r8, r5
10003a30:	9416      	str	r4, [sp, #88]	@ 0x58
10003a32:	464d      	mov	r5, r9
10003a34:	0004      	movs	r4, r0
10003a36:	46b9      	mov	r9, r7
10003a38:	46b2      	mov	sl, r6
10003a3a:	001f      	movs	r7, r3
10003a3c:	9215      	str	r2, [sp, #84]	@ 0x54
10003a3e:	e001      	b.n	10003a44 <_vsnprintf+0x708>
10003a40:	2d20      	cmp	r5, #32
10003a42:	d00f      	beq.n	10003a64 <_vsnprintf+0x728>
10003a44:	0020      	movs	r0, r4
10003a46:	210a      	movs	r1, #10
10003a48:	f7fe f9be 	bl	10001dc8 <__wrap___aeabi_uidiv>
10003a4c:	3501      	adds	r5, #1
10003a4e:	197e      	adds	r6, r7, r5
10003a50:	3130      	adds	r1, #48	@ 0x30
10003a52:	7031      	strb	r1, [r6, #0]
10003a54:	0020      	movs	r0, r4
10003a56:	210a      	movs	r1, #10
10003a58:	f7fe f9b6 	bl	10001dc8 <__wrap___aeabi_uidiv>
10003a5c:	0026      	movs	r6, r4
10003a5e:	0004      	movs	r4, r0
10003a60:	2e09      	cmp	r6, #9
10003a62:	d8ed      	bhi.n	10003a40 <_vsnprintf+0x704>
10003a64:	9b14      	ldr	r3, [sp, #80]	@ 0x50
10003a66:	464f      	mov	r7, r9
10003a68:	46a9      	mov	r9, r5
10003a6a:	4645      	mov	r5, r8
10003a6c:	4698      	mov	r8, r3
10003a6e:	9b15      	ldr	r3, [sp, #84]	@ 0x54
10003a70:	4656      	mov	r6, sl
10003a72:	469a      	mov	sl, r3
10003a74:	9c16      	ldr	r4, [sp, #88]	@ 0x58
10003a76:	9b0d      	ldr	r3, [sp, #52]	@ 0x34
10003a78:	9306      	str	r3, [sp, #24]
10003a7a:	4643      	mov	r3, r8
10003a7c:	9305      	str	r3, [sp, #20]
10003a7e:	4653      	mov	r3, sl
10003a80:	9304      	str	r3, [sp, #16]
10003a82:	230a      	movs	r3, #10
10003a84:	9303      	str	r3, [sp, #12]
10003a86:	9b0c      	ldr	r3, [sp, #48]	@ 0x30
10003a88:	9302      	str	r3, [sp, #8]
10003a8a:	464b      	mov	r3, r9
10003a8c:	9301      	str	r3, [sp, #4]
10003a8e:	ab1c      	add	r3, sp, #112	@ 0x70
10003a90:	0022      	movs	r2, r4
10003a92:	9300      	str	r3, [sp, #0]
10003a94:	4659      	mov	r1, fp
10003a96:	003b      	movs	r3, r7
10003a98:	0028      	movs	r0, r5
10003a9a:	f7fe fe47 	bl	1000272c <_ntoa_format>
10003a9e:	9b0f      	ldr	r3, [sp, #60]	@ 0x3c
10003aa0:	0004      	movs	r4, r0
10003aa2:	930c      	str	r3, [sp, #48]	@ 0x30
10003aa4:	e472      	b.n	1000338c <_vsnprintf+0x50>
10003aa6:	46c0      	nop			@ (mov r8, r8)
10003aa8:	1000267d 	.word	0x1000267d
10003aac:	230c      	movs	r3, #12
10003aae:	439a      	bics	r2, r3
10003ab0:	0010      	movs	r0, r2
10003ab2:	e6e7      	b.n	10003884 <_vsnprintf+0x548>
10003ab4:	2207      	movs	r2, #7
10003ab6:	9b0c      	ldr	r3, [sp, #48]	@ 0x30
10003ab8:	3307      	adds	r3, #7
10003aba:	4393      	bics	r3, r2
10003abc:	3201      	adds	r2, #1
10003abe:	4694      	mov	ip, r2
10003ac0:	449c      	add	ip, r3
10003ac2:	4662      	mov	r2, ip
10003ac4:	920c      	str	r2, [sp, #48]	@ 0x30
10003ac6:	cb0c      	ldmia	r3, {r2, r3}
10003ac8:	0fd9      	lsrs	r1, r3, #31
10003aca:	910f      	str	r1, [sp, #60]	@ 0x3c
10003acc:	0011      	movs	r1, r2
10003ace:	4319      	orrs	r1, r3
10003ad0:	d100      	bne.n	10003ad4 <_vsnprintf+0x798>
10003ad2:	e091      	b.n	10003bf8 <_vsnprintf+0x8bc>
10003ad4:	17d9      	asrs	r1, r3, #31
10003ad6:	9113      	str	r1, [sp, #76]	@ 0x4c
10003ad8:	9112      	str	r1, [sp, #72]	@ 0x48
10003ada:	4051      	eors	r1, r2
10003adc:	9110      	str	r1, [sp, #64]	@ 0x40
10003ade:	9913      	ldr	r1, [sp, #76]	@ 0x4c
10003ae0:	4059      	eors	r1, r3
10003ae2:	9111      	str	r1, [sp, #68]	@ 0x44
10003ae4:	9810      	ldr	r0, [sp, #64]	@ 0x40
10003ae6:	9911      	ldr	r1, [sp, #68]	@ 0x44
10003ae8:	9a12      	ldr	r2, [sp, #72]	@ 0x48
10003aea:	9b13      	ldr	r3, [sp, #76]	@ 0x4c
10003aec:	1a80      	subs	r0, r0, r2
10003aee:	4199      	sbcs	r1, r3
10003af0:	9010      	str	r0, [sp, #64]	@ 0x40
10003af2:	9111      	str	r1, [sp, #68]	@ 0x44
10003af4:	aa14      	add	r2, sp, #80	@ 0x50
10003af6:	2300      	movs	r3, #0
10003af8:	4694      	mov	ip, r2
10003afa:	4642      	mov	r2, r8
10003afc:	4699      	mov	r9, r3
10003afe:	9214      	str	r2, [sp, #80]	@ 0x50
10003b00:	4652      	mov	r2, sl
10003b02:	331f      	adds	r3, #31
10003b04:	4463      	add	r3, ip
10003b06:	46a8      	mov	r8, r5
10003b08:	46b2      	mov	sl, r6
10003b0a:	9416      	str	r4, [sp, #88]	@ 0x58
10003b0c:	464e      	mov	r6, r9
10003b0e:	9c10      	ldr	r4, [sp, #64]	@ 0x40
10003b10:	9d11      	ldr	r5, [sp, #68]	@ 0x44
10003b12:	46b9      	mov	r9, r7
10003b14:	9215      	str	r2, [sp, #84]	@ 0x54
10003b16:	001f      	movs	r7, r3
10003b18:	e001      	b.n	10003b1e <_vsnprintf+0x7e2>
10003b1a:	2e20      	cmp	r6, #32
10003b1c:	d010      	beq.n	10003b40 <_vsnprintf+0x804>
10003b1e:	0020      	movs	r0, r4
10003b20:	0029      	movs	r1, r5
10003b22:	220a      	movs	r2, #10
10003b24:	2300      	movs	r3, #0
10003b26:	f7fe f98d 	bl	10001e44 <__wrap___aeabi_uldivmod>
10003b2a:	3601      	adds	r6, #1
10003b2c:	3230      	adds	r2, #48	@ 0x30
10003b2e:	002b      	movs	r3, r5
10003b30:	55ba      	strb	r2, [r7, r6]
10003b32:	000d      	movs	r5, r1
10003b34:	0022      	movs	r2, r4
10003b36:	0004      	movs	r4, r0
10003b38:	2b00      	cmp	r3, #0
10003b3a:	d1ee      	bne.n	10003b1a <_vsnprintf+0x7de>
10003b3c:	2a09      	cmp	r2, #9
10003b3e:	d8ec      	bhi.n	10003b1a <_vsnprintf+0x7de>
10003b40:	9b14      	ldr	r3, [sp, #80]	@ 0x50
10003b42:	9410      	str	r4, [sp, #64]	@ 0x40
10003b44:	9511      	str	r5, [sp, #68]	@ 0x44
10003b46:	4645      	mov	r5, r8
10003b48:	4698      	mov	r8, r3
10003b4a:	9b15      	ldr	r3, [sp, #84]	@ 0x54
10003b4c:	464f      	mov	r7, r9
10003b4e:	46b1      	mov	r9, r6
10003b50:	4656      	mov	r6, sl
10003b52:	469a      	mov	sl, r3
10003b54:	9c16      	ldr	r4, [sp, #88]	@ 0x58
10003b56:	9b0d      	ldr	r3, [sp, #52]	@ 0x34
10003b58:	9306      	str	r3, [sp, #24]
10003b5a:	4643      	mov	r3, r8
10003b5c:	9305      	str	r3, [sp, #20]
10003b5e:	4653      	mov	r3, sl
10003b60:	9304      	str	r3, [sp, #16]
10003b62:	230a      	movs	r3, #10
10003b64:	9303      	str	r3, [sp, #12]
10003b66:	9b0f      	ldr	r3, [sp, #60]	@ 0x3c
10003b68:	9302      	str	r3, [sp, #8]
10003b6a:	464b      	mov	r3, r9
10003b6c:	9301      	str	r3, [sp, #4]
10003b6e:	ab1c      	add	r3, sp, #112	@ 0x70
10003b70:	0022      	movs	r2, r4
10003b72:	9300      	str	r3, [sp, #0]
10003b74:	4659      	mov	r1, fp
10003b76:	003b      	movs	r3, r7
10003b78:	0028      	movs	r0, r5
10003b7a:	f7fe fdd7 	bl	1000272c <_ntoa_format>
10003b7e:	0004      	movs	r4, r0
10003b80:	f7ff fc04 	bl	1000338c <_vsnprintf+0x50>
10003b84:	9b0f      	ldr	r3, [sp, #60]	@ 0x3c
10003b86:	4598      	cmp	r8, r3
10003b88:	d800      	bhi.n	10003b8c <_vsnprintf+0x850>
10003b8a:	e1c1      	b.n	10003f10 <_vsnprintf+0xbd4>
10003b8c:	2380      	movs	r3, #128	@ 0x80
10003b8e:	00db      	lsls	r3, r3, #3
10003b90:	930d      	str	r3, [sp, #52]	@ 0x34
10003b92:	4643      	mov	r3, r8
10003b94:	9a0f      	ldr	r2, [sp, #60]	@ 0x3c
10003b96:	191b      	adds	r3, r3, r4
10003b98:	1a9b      	subs	r3, r3, r2
10003b9a:	4699      	mov	r9, r3
10003b9c:	0033      	movs	r3, r6
10003b9e:	002e      	movs	r6, r5
10003ba0:	464d      	mov	r5, r9
10003ba2:	46b9      	mov	r9, r7
10003ba4:	465f      	mov	r7, fp
10003ba6:	469b      	mov	fp, r3
10003ba8:	910c      	str	r1, [sp, #48]	@ 0x30
10003baa:	0022      	movs	r2, r4
10003bac:	464b      	mov	r3, r9
10003bae:	3401      	adds	r4, #1
10003bb0:	0039      	movs	r1, r7
10003bb2:	2020      	movs	r0, #32
10003bb4:	47b0      	blx	r6
10003bb6:	42ac      	cmp	r4, r5
10003bb8:	d1f7      	bne.n	10003baa <_vsnprintf+0x86e>
10003bba:	4643      	mov	r3, r8
10003bbc:	990c      	ldr	r1, [sp, #48]	@ 0x30
10003bbe:	3301      	adds	r3, #1
10003bc0:	930f      	str	r3, [sp, #60]	@ 0x3c
10003bc2:	780b      	ldrb	r3, [r1, #0]
10003bc4:	0035      	movs	r5, r6
10003bc6:	930c      	str	r3, [sp, #48]	@ 0x30
10003bc8:	465e      	mov	r6, fp
10003bca:	46bb      	mov	fp, r7
10003bcc:	464f      	mov	r7, r9
10003bce:	2b00      	cmp	r3, #0
10003bd0:	d100      	bne.n	10003bd4 <_vsnprintf+0x898>
10003bd2:	e50e      	b.n	100035f2 <_vsnprintf+0x2b6>
10003bd4:	9b0d      	ldr	r3, [sp, #52]	@ 0x34
10003bd6:	2b00      	cmp	r3, #0
10003bd8:	d100      	bne.n	10003bdc <_vsnprintf+0x8a0>
10003bda:	e4f6      	b.n	100035ca <_vsnprintf+0x28e>
10003bdc:	2300      	movs	r3, #0
10003bde:	e619      	b.n	10003814 <_vsnprintf+0x4d8>
10003be0:	9b0c      	ldr	r3, [sp, #48]	@ 0x30
10003be2:	781b      	ldrb	r3, [r3, #0]
10003be4:	001a      	movs	r2, r3
10003be6:	e715      	b.n	10003a14 <_vsnprintf+0x6d8>
10003be8:	2310      	movs	r3, #16
10003bea:	439a      	bics	r2, r3
10003bec:	920d      	str	r2, [sp, #52]	@ 0x34
10003bee:	e6ef      	b.n	100039d0 <_vsnprintf+0x694>
10003bf0:	9b0c      	ldr	r3, [sp, #48]	@ 0x30
10003bf2:	781b      	ldrb	r3, [r3, #0]
10003bf4:	9309      	str	r3, [sp, #36]	@ 0x24
10003bf6:	e661      	b.n	100038bc <_vsnprintf+0x580>
10003bf8:	2300      	movs	r3, #0
10003bfa:	4699      	mov	r9, r3
10003bfc:	2800      	cmp	r0, #0
10003bfe:	d1aa      	bne.n	10003b56 <_vsnprintf+0x81a>
10003c00:	2200      	movs	r2, #0
10003c02:	2300      	movs	r3, #0
10003c04:	9210      	str	r2, [sp, #64]	@ 0x40
10003c06:	9311      	str	r3, [sp, #68]	@ 0x44
10003c08:	e774      	b.n	10003af4 <_vsnprintf+0x7b8>
10003c0a:	9b0c      	ldr	r3, [sp, #48]	@ 0x30
10003c0c:	0022      	movs	r2, r4
10003c0e:	7818      	ldrb	r0, [r3, #0]
10003c10:	4659      	mov	r1, fp
10003c12:	003b      	movs	r3, r7
10003c14:	47a8      	blx	r5
10003c16:	464c      	mov	r4, r9
10003c18:	e58b      	b.n	10003732 <_vsnprintf+0x3f6>
10003c1a:	9a0c      	ldr	r2, [sp, #48]	@ 0x30
10003c1c:	3bfa      	subs	r3, #250	@ 0xfa
10003c1e:	3bff      	subs	r3, #255	@ 0xff
10003c20:	3207      	adds	r2, #7
10003c22:	439a      	bics	r2, r3
10003c24:	3301      	adds	r3, #1
10003c26:	4699      	mov	r9, r3
10003c28:	4491      	add	r9, r2
10003c2a:	464b      	mov	r3, r9
10003c2c:	930c      	str	r3, [sp, #48]	@ 0x30
10003c2e:	6813      	ldr	r3, [r2, #0]
10003c30:	6852      	ldr	r2, [r2, #4]
10003c32:	9215      	str	r2, [sp, #84]	@ 0x54
10003c34:	431a      	orrs	r2, r3
10003c36:	d106      	bne.n	10003c46 <_vsnprintf+0x90a>
10003c38:	3210      	adds	r2, #16
10003c3a:	4390      	bics	r0, r2
10003c3c:	2200      	movs	r2, #0
10003c3e:	9209      	str	r2, [sp, #36]	@ 0x24
10003c40:	2900      	cmp	r1, #0
10003c42:	d000      	beq.n	10003c46 <_vsnprintf+0x90a>
10003c44:	e081      	b.n	10003d4a <_vsnprintf+0xa0e>
10003c46:	2261      	movs	r2, #97	@ 0x61
10003c48:	0681      	lsls	r1, r0, #26
10003c4a:	d500      	bpl.n	10003c4e <_vsnprintf+0x912>
10003c4c:	2241      	movs	r2, #65	@ 0x41
10003c4e:	b2d2      	uxtb	r2, r2
10003c50:	920a      	str	r2, [sp, #40]	@ 0x28
10003c52:	aa14      	add	r2, sp, #80	@ 0x50
10003c54:	4691      	mov	r9, r2
10003c56:	9a0a      	ldr	r2, [sp, #40]	@ 0x28
10003c58:	2100      	movs	r1, #0
10003c5a:	3a0a      	subs	r2, #10
10003c5c:	9214      	str	r2, [sp, #80]	@ 0x50
10003c5e:	4642      	mov	r2, r8
10003c60:	9217      	str	r2, [sp, #92]	@ 0x5c
10003c62:	4652      	mov	r2, sl
10003c64:	9218      	str	r2, [sp, #96]	@ 0x60
10003c66:	465a      	mov	r2, fp
10003c68:	9109      	str	r1, [sp, #36]	@ 0x24
10003c6a:	46b3      	mov	fp, r6
10003c6c:	311f      	adds	r1, #31
10003c6e:	001e      	movs	r6, r3
10003c70:	9b0f      	ldr	r3, [sp, #60]	@ 0x3c
10003c72:	4449      	add	r1, r9
10003c74:	46ba      	mov	sl, r7
10003c76:	9419      	str	r4, [sp, #100]	@ 0x64
10003c78:	951a      	str	r5, [sp, #104]	@ 0x68
10003c7a:	2400      	movs	r4, #0
10003c7c:	4667      	mov	r7, ip
10003c7e:	4698      	mov	r8, r3
10003c80:	4689      	mov	r9, r1
10003c82:	9d15      	ldr	r5, [sp, #84]	@ 0x54
10003c84:	9016      	str	r0, [sp, #88]	@ 0x58
10003c86:	921b      	str	r2, [sp, #108]	@ 0x6c
10003c88:	e00a      	b.n	10003ca0 <_vsnprintf+0x964>
10003c8a:	3230      	adds	r2, #48	@ 0x30
10003c8c:	b2d2      	uxtb	r2, r2
10003c8e:	464b      	mov	r3, r9
10003c90:	3401      	adds	r4, #1
10003c92:	551a      	strb	r2, [r3, r4]
10003c94:	45a8      	cmp	r8, r5
10003c96:	d04a      	beq.n	10003d2e <_vsnprintf+0x9f2>
10003c98:	2c20      	cmp	r4, #32
10003c9a:	d04a      	beq.n	10003d32 <_vsnprintf+0x9f6>
10003c9c:	0006      	movs	r6, r0
10003c9e:	000d      	movs	r5, r1
10003ca0:	003a      	movs	r2, r7
10003ca2:	2300      	movs	r3, #0
10003ca4:	0030      	movs	r0, r6
10003ca6:	0029      	movs	r1, r5
10003ca8:	f7fe f8cc 	bl	10001e44 <__wrap___aeabi_uldivmod>
10003cac:	b2d2      	uxtb	r2, r2
10003cae:	2a09      	cmp	r2, #9
10003cb0:	d9eb      	bls.n	10003c8a <_vsnprintf+0x94e>
10003cb2:	9b14      	ldr	r3, [sp, #80]	@ 0x50
10003cb4:	469c      	mov	ip, r3
10003cb6:	4462      	add	r2, ip
10003cb8:	b2d2      	uxtb	r2, r2
10003cba:	e7e8      	b.n	10003c8e <_vsnprintf+0x952>
10003cbc:	2361      	movs	r3, #97	@ 0x61
10003cbe:	0682      	lsls	r2, r0, #26
10003cc0:	d500      	bpl.n	10003cc4 <_vsnprintf+0x988>
10003cc2:	2341      	movs	r3, #65	@ 0x41
10003cc4:	b2db      	uxtb	r3, r3
10003cc6:	3b0a      	subs	r3, #10
10003cc8:	930c      	str	r3, [sp, #48]	@ 0x30
10003cca:	4643      	mov	r3, r8
10003ccc:	a914      	add	r1, sp, #80	@ 0x50
10003cce:	221f      	movs	r2, #31
10003cd0:	468c      	mov	ip, r1
10003cd2:	9315      	str	r3, [sp, #84]	@ 0x54
10003cd4:	4653      	mov	r3, sl
10003cd6:	4462      	add	r2, ip
10003cd8:	46a0      	mov	r8, r4
10003cda:	46b2      	mov	sl, r6
10003cdc:	464c      	mov	r4, r9
10003cde:	9717      	str	r7, [sp, #92]	@ 0x5c
10003ce0:	46a9      	mov	r9, r5
10003ce2:	0017      	movs	r7, r2
10003ce4:	9d09      	ldr	r5, [sp, #36]	@ 0x24
10003ce6:	9e0d      	ldr	r6, [sp, #52]	@ 0x34
10003ce8:	9014      	str	r0, [sp, #80]	@ 0x50
10003cea:	9316      	str	r3, [sp, #88]	@ 0x58
10003cec:	e008      	b.n	10003d00 <_vsnprintf+0x9c4>
10003cee:	3330      	adds	r3, #48	@ 0x30
10003cf0:	b2db      	uxtb	r3, r3
10003cf2:	3401      	adds	r4, #1
10003cf4:	553b      	strb	r3, [r7, r4]
10003cf6:	42b5      	cmp	r5, r6
10003cf8:	d30e      	bcc.n	10003d18 <_vsnprintf+0x9dc>
10003cfa:	2c20      	cmp	r4, #32
10003cfc:	d00c      	beq.n	10003d18 <_vsnprintf+0x9dc>
10003cfe:	0005      	movs	r5, r0
10003d00:	0031      	movs	r1, r6
10003d02:	0028      	movs	r0, r5
10003d04:	f7fe f860 	bl	10001dc8 <__wrap___aeabi_uidiv>
10003d08:	b2cb      	uxtb	r3, r1
10003d0a:	2909      	cmp	r1, #9
10003d0c:	d9ef      	bls.n	10003cee <_vsnprintf+0x9b2>
10003d0e:	9a0c      	ldr	r2, [sp, #48]	@ 0x30
10003d10:	4694      	mov	ip, r2
10003d12:	4463      	add	r3, ip
10003d14:	b2db      	uxtb	r3, r3
10003d16:	e7ec      	b.n	10003cf2 <_vsnprintf+0x9b6>
10003d18:	9b15      	ldr	r3, [sp, #84]	@ 0x54
10003d1a:	464d      	mov	r5, r9
10003d1c:	46a1      	mov	r9, r4
10003d1e:	4644      	mov	r4, r8
10003d20:	4698      	mov	r8, r3
10003d22:	9b16      	ldr	r3, [sp, #88]	@ 0x58
10003d24:	4656      	mov	r6, sl
10003d26:	9814      	ldr	r0, [sp, #80]	@ 0x50
10003d28:	469a      	mov	sl, r3
10003d2a:	9f17      	ldr	r7, [sp, #92]	@ 0x5c
10003d2c:	e5d0      	b.n	100038d0 <_vsnprintf+0x594>
10003d2e:	42b7      	cmp	r7, r6
10003d30:	d9b2      	bls.n	10003c98 <_vsnprintf+0x95c>
10003d32:	9b17      	ldr	r3, [sp, #92]	@ 0x5c
10003d34:	4657      	mov	r7, sl
10003d36:	4698      	mov	r8, r3
10003d38:	9b18      	ldr	r3, [sp, #96]	@ 0x60
10003d3a:	465e      	mov	r6, fp
10003d3c:	469a      	mov	sl, r3
10003d3e:	9b1b      	ldr	r3, [sp, #108]	@ 0x6c
10003d40:	9409      	str	r4, [sp, #36]	@ 0x24
10003d42:	469b      	mov	fp, r3
10003d44:	9816      	ldr	r0, [sp, #88]	@ 0x58
10003d46:	9c19      	ldr	r4, [sp, #100]	@ 0x64
10003d48:	9d1a      	ldr	r5, [sp, #104]	@ 0x68
10003d4a:	4643      	mov	r3, r8
10003d4c:	9305      	str	r3, [sp, #20]
10003d4e:	4653      	mov	r3, sl
10003d50:	9304      	str	r3, [sp, #16]
10003d52:	9b0d      	ldr	r3, [sp, #52]	@ 0x34
10003d54:	9006      	str	r0, [sp, #24]
10003d56:	9303      	str	r3, [sp, #12]
10003d58:	2300      	movs	r3, #0
10003d5a:	9302      	str	r3, [sp, #8]
10003d5c:	9b09      	ldr	r3, [sp, #36]	@ 0x24
10003d5e:	e705      	b.n	10003b6c <_vsnprintf+0x830>
10003d60:	9b0f      	ldr	r3, [sp, #60]	@ 0x3c
10003d62:	4598      	cmp	r8, r3
10003d64:	d900      	bls.n	10003d68 <_vsnprintf+0xa2c>
10003d66:	e714      	b.n	10003b92 <_vsnprintf+0x856>
10003d68:	3301      	adds	r3, #1
10003d6a:	930f      	str	r3, [sp, #60]	@ 0x3c
10003d6c:	e42d      	b.n	100035ca <_vsnprintf+0x28e>
10003d6e:	2310      	movs	r3, #16
10003d70:	0011      	movs	r1, r2
10003d72:	4399      	bics	r1, r3
10003d74:	910d      	str	r1, [sp, #52]	@ 0x34
10003d76:	2869      	cmp	r0, #105	@ 0x69
10003d78:	d000      	beq.n	10003d7c <_vsnprintf+0xa40>
10003d7a:	e0ba      	b.n	10003ef2 <_vsnprintf+0xbb6>
10003d7c:	2380      	movs	r3, #128	@ 0x80
10003d7e:	0010      	movs	r0, r2
10003d80:	00db      	lsls	r3, r3, #3
10003d82:	4018      	ands	r0, r3
10003d84:	421a      	tst	r2, r3
10003d86:	d100      	bne.n	10003d8a <_vsnprintf+0xa4e>
10003d88:	e622      	b.n	100039d0 <_vsnprintf+0x694>
10003d8a:	e61d      	b.n	100039c8 <_vsnprintf+0x68c>
10003d8c:	9b0c      	ldr	r3, [sp, #48]	@ 0x30
10003d8e:	681b      	ldr	r3, [r3, #0]
10003d90:	0fda      	lsrs	r2, r3, #31
10003d92:	0011      	movs	r1, r2
10003d94:	2b00      	cmp	r3, #0
10003d96:	d100      	bne.n	10003d9a <_vsnprintf+0xa5e>
10003d98:	e08c      	b.n	10003eb4 <_vsnprintf+0xb78>
10003d9a:	17da      	asrs	r2, r3, #31
10003d9c:	1898      	adds	r0, r3, r2
10003d9e:	4050      	eors	r0, r2
10003da0:	aa14      	add	r2, sp, #80	@ 0x50
10003da2:	4691      	mov	r9, r2
10003da4:	4642      	mov	r2, r8
10003da6:	231f      	movs	r3, #31
10003da8:	9214      	str	r2, [sp, #80]	@ 0x50
10003daa:	4652      	mov	r2, sl
10003dac:	444b      	add	r3, r9
10003dae:	46a0      	mov	r8, r4
10003db0:	46a9      	mov	r9, r5
10003db2:	9716      	str	r7, [sp, #88]	@ 0x58
10003db4:	0004      	movs	r4, r0
10003db6:	4665      	mov	r5, ip
10003db8:	46b2      	mov	sl, r6
10003dba:	001f      	movs	r7, r3
10003dbc:	910c      	str	r1, [sp, #48]	@ 0x30
10003dbe:	9215      	str	r2, [sp, #84]	@ 0x54
10003dc0:	e001      	b.n	10003dc6 <_vsnprintf+0xa8a>
10003dc2:	2d20      	cmp	r5, #32
10003dc4:	d00f      	beq.n	10003de6 <_vsnprintf+0xaaa>
10003dc6:	0020      	movs	r0, r4
10003dc8:	210a      	movs	r1, #10
10003dca:	f7fd fffd 	bl	10001dc8 <__wrap___aeabi_uidiv>
10003dce:	3501      	adds	r5, #1
10003dd0:	197e      	adds	r6, r7, r5
10003dd2:	3130      	adds	r1, #48	@ 0x30
10003dd4:	7031      	strb	r1, [r6, #0]
10003dd6:	0020      	movs	r0, r4
10003dd8:	210a      	movs	r1, #10
10003dda:	f7fd fff5 	bl	10001dc8 <__wrap___aeabi_uidiv>
10003dde:	0026      	movs	r6, r4
10003de0:	0004      	movs	r4, r0
10003de2:	2e09      	cmp	r6, #9
10003de4:	d8ed      	bhi.n	10003dc2 <_vsnprintf+0xa86>
10003de6:	9b14      	ldr	r3, [sp, #80]	@ 0x50
10003de8:	4644      	mov	r4, r8
10003dea:	4698      	mov	r8, r3
10003dec:	9b0c      	ldr	r3, [sp, #48]	@ 0x30
10003dee:	46ac      	mov	ip, r5
10003df0:	0019      	movs	r1, r3
10003df2:	9b15      	ldr	r3, [sp, #84]	@ 0x54
10003df4:	4656      	mov	r6, sl
10003df6:	464d      	mov	r5, r9
10003df8:	469a      	mov	sl, r3
10003dfa:	9f16      	ldr	r7, [sp, #88]	@ 0x58
10003dfc:	9b0d      	ldr	r3, [sp, #52]	@ 0x34
10003dfe:	9102      	str	r1, [sp, #8]
10003e00:	9306      	str	r3, [sp, #24]
10003e02:	4643      	mov	r3, r8
10003e04:	9305      	str	r3, [sp, #20]
10003e06:	4653      	mov	r3, sl
10003e08:	9304      	str	r3, [sp, #16]
10003e0a:	230a      	movs	r3, #10
10003e0c:	9303      	str	r3, [sp, #12]
10003e0e:	4663      	mov	r3, ip
10003e10:	e63c      	b.n	10003a8c <_vsnprintf+0x750>
10003e12:	2800      	cmp	r0, #0
10003e14:	d000      	beq.n	10003e18 <_vsnprintf+0xadc>
10003e16:	e62e      	b.n	10003a76 <_vsnprintf+0x73a>
10003e18:	e602      	b.n	10003a20 <_vsnprintf+0x6e4>
10003e1a:	9b0c      	ldr	r3, [sp, #48]	@ 0x30
10003e1c:	681b      	ldr	r3, [r3, #0]
10003e1e:	4699      	mov	r9, r3
10003e20:	2b00      	cmp	r3, #0
10003e22:	d103      	bne.n	10003e2c <_vsnprintf+0xaf0>
10003e24:	3310      	adds	r3, #16
10003e26:	4398      	bics	r0, r3
10003e28:	2900      	cmp	r1, #0
10003e2a:	d138      	bne.n	10003e9e <_vsnprintf+0xb62>
10003e2c:	2361      	movs	r3, #97	@ 0x61
10003e2e:	0682      	lsls	r2, r0, #26
10003e30:	d500      	bpl.n	10003e34 <_vsnprintf+0xaf8>
10003e32:	2341      	movs	r3, #65	@ 0x41
10003e34:	b2db      	uxtb	r3, r3
10003e36:	3b0a      	subs	r3, #10
10003e38:	930c      	str	r3, [sp, #48]	@ 0x30
10003e3a:	4643      	mov	r3, r8
10003e3c:	9316      	str	r3, [sp, #88]	@ 0x58
10003e3e:	4653      	mov	r3, sl
10003e40:	a914      	add	r1, sp, #80	@ 0x50
10003e42:	221f      	movs	r2, #31
10003e44:	468c      	mov	ip, r1
10003e46:	9317      	str	r3, [sp, #92]	@ 0x5c
10003e48:	002b      	movs	r3, r5
10003e4a:	4462      	add	r2, ip
10003e4c:	46a0      	mov	r8, r4
10003e4e:	464d      	mov	r5, r9
10003e50:	46b2      	mov	sl, r6
10003e52:	9718      	str	r7, [sp, #96]	@ 0x60
10003e54:	4699      	mov	r9, r3
10003e56:	0017      	movs	r7, r2
10003e58:	9c14      	ldr	r4, [sp, #80]	@ 0x50
10003e5a:	9e0d      	ldr	r6, [sp, #52]	@ 0x34
10003e5c:	9015      	str	r0, [sp, #84]	@ 0x54
10003e5e:	e008      	b.n	10003e72 <_vsnprintf+0xb36>
10003e60:	3330      	adds	r3, #48	@ 0x30
10003e62:	b2db      	uxtb	r3, r3
10003e64:	3401      	adds	r4, #1
10003e66:	553b      	strb	r3, [r7, r4]
10003e68:	42b5      	cmp	r5, r6
10003e6a:	d30e      	bcc.n	10003e8a <_vsnprintf+0xb4e>
10003e6c:	2c20      	cmp	r4, #32
10003e6e:	d00c      	beq.n	10003e8a <_vsnprintf+0xb4e>
10003e70:	0005      	movs	r5, r0
10003e72:	0031      	movs	r1, r6
10003e74:	0028      	movs	r0, r5
10003e76:	f7fd ffa7 	bl	10001dc8 <__wrap___aeabi_uidiv>
10003e7a:	b2cb      	uxtb	r3, r1
10003e7c:	2909      	cmp	r1, #9
10003e7e:	d9ef      	bls.n	10003e60 <_vsnprintf+0xb24>
10003e80:	9a0c      	ldr	r2, [sp, #48]	@ 0x30
10003e82:	4694      	mov	ip, r2
10003e84:	4463      	add	r3, ip
10003e86:	b2db      	uxtb	r3, r3
10003e88:	e7ec      	b.n	10003e64 <_vsnprintf+0xb28>
10003e8a:	9b16      	ldr	r3, [sp, #88]	@ 0x58
10003e8c:	9414      	str	r4, [sp, #80]	@ 0x50
10003e8e:	4644      	mov	r4, r8
10003e90:	4698      	mov	r8, r3
10003e92:	9b17      	ldr	r3, [sp, #92]	@ 0x5c
10003e94:	4656      	mov	r6, sl
10003e96:	464d      	mov	r5, r9
10003e98:	469a      	mov	sl, r3
10003e9a:	9815      	ldr	r0, [sp, #84]	@ 0x54
10003e9c:	9f18      	ldr	r7, [sp, #96]	@ 0x60
10003e9e:	4643      	mov	r3, r8
10003ea0:	9305      	str	r3, [sp, #20]
10003ea2:	4653      	mov	r3, sl
10003ea4:	9304      	str	r3, [sp, #16]
10003ea6:	9b0d      	ldr	r3, [sp, #52]	@ 0x34
10003ea8:	9006      	str	r0, [sp, #24]
10003eaa:	9303      	str	r3, [sp, #12]
10003eac:	2300      	movs	r3, #0
10003eae:	9302      	str	r3, [sp, #8]
10003eb0:	9b14      	ldr	r3, [sp, #80]	@ 0x50
10003eb2:	e5eb      	b.n	10003a8c <_vsnprintf+0x750>
10003eb4:	2800      	cmp	r0, #0
10003eb6:	d1a1      	bne.n	10003dfc <_vsnprintf+0xac0>
10003eb8:	e772      	b.n	10003da0 <_vsnprintf+0xa64>
10003eba:	9b0c      	ldr	r3, [sp, #48]	@ 0x30
10003ebc:	681b      	ldr	r3, [r3, #0]
10003ebe:	17d9      	asrs	r1, r3, #31
10003ec0:	185a      	adds	r2, r3, r1
10003ec2:	404a      	eors	r2, r1
10003ec4:	e5a6      	b.n	10003a14 <_vsnprintf+0x6d8>
10003ec6:	2380      	movs	r3, #128	@ 0x80
10003ec8:	0010      	movs	r0, r2
10003eca:	00db      	lsls	r3, r3, #3
10003ecc:	4018      	ands	r0, r3
10003ece:	469c      	mov	ip, r3
10003ed0:	900f      	str	r0, [sp, #60]	@ 0x3c
10003ed2:	421a      	tst	r2, r3
10003ed4:	d00f      	beq.n	10003ef6 <_vsnprintf+0xbba>
10003ed6:	2002      	movs	r0, #2
10003ed8:	0003      	movs	r3, r0
10003eda:	4013      	ands	r3, r2
10003edc:	930f      	str	r3, [sp, #60]	@ 0x3c
10003ede:	4210      	tst	r0, r2
10003ee0:	d019      	beq.n	10003f16 <_vsnprintf+0xbda>
10003ee2:	2300      	movs	r3, #0
10003ee4:	46a1      	mov	r9, r4
10003ee6:	930f      	str	r3, [sp, #60]	@ 0x3c
10003ee8:	e54c      	b.n	10003984 <_vsnprintf+0x648>
10003eea:	9b0c      	ldr	r3, [sp, #48]	@ 0x30
10003eec:	681b      	ldr	r3, [r3, #0]
10003eee:	9309      	str	r3, [sp, #36]	@ 0x24
10003ef0:	e4e4      	b.n	100038bc <_vsnprintf+0x580>
10003ef2:	000a      	movs	r2, r1
10003ef4:	e434      	b.n	10003760 <_vsnprintf+0x424>
10003ef6:	2302      	movs	r3, #2
10003ef8:	0018      	movs	r0, r3
10003efa:	4010      	ands	r0, r2
10003efc:	900d      	str	r0, [sp, #52]	@ 0x34
10003efe:	4213      	tst	r3, r2
10003f00:	d000      	beq.n	10003f04 <_vsnprintf+0xbc8>
10003f02:	e53e      	b.n	10003982 <_vsnprintf+0x646>
10003f04:	4643      	mov	r3, r8
10003f06:	2b00      	cmp	r3, #0
10003f08:	d000      	beq.n	10003f0c <_vsnprintf+0xbd0>
10003f0a:	e642      	b.n	10003b92 <_vsnprintf+0x856>
10003f0c:	f7ff fb71 	bl	100035f2 <_vsnprintf+0x2b6>
10003f10:	3301      	adds	r3, #1
10003f12:	930f      	str	r3, [sp, #60]	@ 0x3c
10003f14:	e47f      	b.n	10003816 <_vsnprintf+0x4da>
10003f16:	4663      	mov	r3, ip
10003f18:	930d      	str	r3, [sp, #52]	@ 0x34
10003f1a:	e7f3      	b.n	10003f04 <_vsnprintf+0xbc8>

10003f1c <vfctprintf>:
10003f1c:	b510      	push	{r4, lr}
10003f1e:	000c      	movs	r4, r1
10003f20:	b084      	sub	sp, #16
10003f22:	9403      	str	r4, [sp, #12]
10003f24:	2401      	movs	r4, #1
10003f26:	a902      	add	r1, sp, #8
10003f28:	9002      	str	r0, [sp, #8]
10003f2a:	9300      	str	r3, [sp, #0]
10003f2c:	4803      	ldr	r0, [pc, #12]	@ (10003f3c <vfctprintf+0x20>)
10003f2e:	0013      	movs	r3, r2
10003f30:	4262      	negs	r2, r4
10003f32:	f7ff fa03 	bl	1000333c <_vsnprintf>
10003f36:	b004      	add	sp, #16
10003f38:	bd10      	pop	{r4, pc}
10003f3a:	46c0      	nop			@ (mov r8, r8)
10003f3c:	10002909 	.word	0x10002909

10003f40 <weak_raw_vprintf>:
10003f40:	b510      	push	{r4, lr}
10003f42:	4a09      	ldr	r2, [pc, #36]	@ (10003f68 <weak_raw_vprintf+0x28>)
10003f44:	0003      	movs	r3, r0
10003f46:	6814      	ldr	r4, [r2, #0]
10003f48:	b084      	sub	sp, #16
10003f4a:	2c00      	cmp	r4, #0
10003f4c:	d008      	beq.n	10003f60 <weak_raw_vprintf+0x20>
10003f4e:	2201      	movs	r2, #1
10003f50:	9100      	str	r1, [sp, #0]
10003f52:	4806      	ldr	r0, [pc, #24]	@ (10003f6c <weak_raw_vprintf+0x2c>)
10003f54:	4252      	negs	r2, r2
10003f56:	a903      	add	r1, sp, #12
10003f58:	47a0      	blx	r4
10003f5a:	2001      	movs	r0, #1
10003f5c:	b004      	add	sp, #16
10003f5e:	bd10      	pop	{r4, pc}
10003f60:	f000 f998 	bl	10004294 <__wrap_puts>
10003f64:	2000      	movs	r0, #0
10003f66:	e7f9      	b.n	10003f5c <weak_raw_vprintf+0x1c>
10003f68:	20002b0c 	.word	0x20002b0c
10003f6c:	100028f9 	.word	0x100028f9

10003f70 <_exit>:
10003f70:	be00      	bkpt	0x0000
10003f72:	e7fd      	b.n	10003f70 <_exit>

10003f74 <exit>:
10003f74:	b510      	push	{r4, lr}
10003f76:	f7ff fffb 	bl	10003f70 <_exit>
10003f7a:	46c0      	nop			@ (mov r8, r8)

10003f7c <runtime_init>:
10003f7c:	b570      	push	{r4, r5, r6, lr}
10003f7e:	f7fd fdd1 	bl	10001b24 <runtime_run_initializers>
10003f82:	4d07      	ldr	r5, [pc, #28]	@ (10003fa0 <runtime_init+0x24>)
10003f84:	4e07      	ldr	r6, [pc, #28]	@ (10003fa4 <runtime_init+0x28>)
10003f86:	42b5      	cmp	r5, r6
10003f88:	d209      	bcs.n	10003f9e <runtime_init+0x22>
10003f8a:	2400      	movs	r4, #0
10003f8c:	3e01      	subs	r6, #1
10003f8e:	1b76      	subs	r6, r6, r5
10003f90:	08b6      	lsrs	r6, r6, #2
10003f92:	cd08      	ldmia	r5!, {r3}
10003f94:	4798      	blx	r3
10003f96:	0023      	movs	r3, r4
10003f98:	3401      	adds	r4, #1
10003f9a:	42b3      	cmp	r3, r6
10003f9c:	d1f9      	bne.n	10003f92 <runtime_init+0x16>
10003f9e:	bd70      	pop	{r4, r5, r6, pc}
10003fa0:	1000aa74 	.word	0x1000aa74
10003fa4:	1000aa80 	.word	0x1000aa80

10003fa8 <stdio_out_chars_no_crlf>:
10003fa8:	0003      	movs	r3, r0
10003faa:	b510      	push	{r4, lr}
10003fac:	0008      	movs	r0, r1
10003fae:	0011      	movs	r1, r2
10003fb0:	681b      	ldr	r3, [r3, #0]
10003fb2:	4798      	blx	r3
10003fb4:	bd10      	pop	{r4, pc}
10003fb6:	46c0      	nop			@ (mov r8, r8)

10003fb8 <stdio_out_chars_crlf>:
10003fb8:	b5f0      	push	{r4, r5, r6, r7, lr}
10003fba:	46c6      	mov	lr, r8
10003fbc:	b500      	push	{lr}
10003fbe:	7d43      	ldrb	r3, [r0, #21]
10003fc0:	0007      	movs	r7, r0
10003fc2:	000c      	movs	r4, r1
10003fc4:	0016      	movs	r6, r2
10003fc6:	2b00      	cmp	r3, #0
10003fc8:	d046      	beq.n	10004058 <stdio_out_chars_crlf+0xa0>
10003fca:	2a00      	cmp	r2, #0
10003fcc:	dd17      	ble.n	10003ffe <stdio_out_chars_crlf+0x46>
10003fce:	780b      	ldrb	r3, [r1, #0]
10003fd0:	2b0a      	cmp	r3, #10
10003fd2:	d024      	beq.n	1000401e <stdio_out_chars_crlf+0x66>
10003fd4:	2300      	movs	r3, #0
10003fd6:	4698      	mov	r8, r3
10003fd8:	2e01      	cmp	r6, #1
10003fda:	d013      	beq.n	10004004 <stdio_out_chars_crlf+0x4c>
10003fdc:	2501      	movs	r5, #1
10003fde:	0029      	movs	r1, r5
10003fe0:	5c63      	ldrb	r3, [r4, r1]
10003fe2:	3501      	adds	r5, #1
10003fe4:	2b0a      	cmp	r3, #10
10003fe6:	d026      	beq.n	10004036 <stdio_out_chars_crlf+0x7e>
10003fe8:	42b5      	cmp	r5, r6
10003fea:	d1f8      	bne.n	10003fde <stdio_out_chars_crlf+0x26>
10003fec:	4546      	cmp	r6, r8
10003fee:	dc09      	bgt.n	10004004 <stdio_out_chars_crlf+0x4c>
10003ff0:	19a4      	adds	r4, r4, r6
10003ff2:	3c01      	subs	r4, #1
10003ff4:	7823      	ldrb	r3, [r4, #0]
10003ff6:	3b0d      	subs	r3, #13
10003ff8:	425a      	negs	r2, r3
10003ffa:	4153      	adcs	r3, r2
10003ffc:	753b      	strb	r3, [r7, #20]
10003ffe:	bc80      	pop	{r7}
10004000:	46b8      	mov	r8, r7
10004002:	bdf0      	pop	{r4, r5, r6, r7, pc}
10004004:	4643      	mov	r3, r8
10004006:	18e0      	adds	r0, r4, r3
10004008:	19a4      	adds	r4, r4, r6
1000400a:	1af1      	subs	r1, r6, r3
1000400c:	3c01      	subs	r4, #1
1000400e:	683b      	ldr	r3, [r7, #0]
10004010:	4798      	blx	r3
10004012:	7823      	ldrb	r3, [r4, #0]
10004014:	3b0d      	subs	r3, #13
10004016:	425a      	negs	r2, r3
10004018:	4153      	adcs	r3, r2
1000401a:	753b      	strb	r3, [r7, #20]
1000401c:	e7ef      	b.n	10003ffe <stdio_out_chars_crlf+0x46>
1000401e:	7d03      	ldrb	r3, [r0, #20]
10004020:	2b00      	cmp	r3, #0
10004022:	d1d7      	bne.n	10003fd4 <stdio_out_chars_crlf+0x1c>
10004024:	2102      	movs	r1, #2
10004026:	480f      	ldr	r0, [pc, #60]	@ (10004064 <stdio_out_chars_crlf+0xac>)
10004028:	683b      	ldr	r3, [r7, #0]
1000402a:	4798      	blx	r3
1000402c:	2e01      	cmp	r6, #1
1000402e:	d0df      	beq.n	10003ff0 <stdio_out_chars_crlf+0x38>
10004030:	2301      	movs	r3, #1
10004032:	4698      	mov	r8, r3
10004034:	e7d2      	b.n	10003fdc <stdio_out_chars_crlf+0x24>
10004036:	1e63      	subs	r3, r4, #1
10004038:	5c5b      	ldrb	r3, [r3, r1]
1000403a:	2b0d      	cmp	r3, #13
1000403c:	d0d4      	beq.n	10003fe8 <stdio_out_chars_crlf+0x30>
1000403e:	4588      	cmp	r8, r1
10004040:	da04      	bge.n	1000404c <stdio_out_chars_crlf+0x94>
10004042:	4643      	mov	r3, r8
10004044:	1ac9      	subs	r1, r1, r3
10004046:	18e0      	adds	r0, r4, r3
10004048:	683b      	ldr	r3, [r7, #0]
1000404a:	4798      	blx	r3
1000404c:	2102      	movs	r1, #2
1000404e:	4805      	ldr	r0, [pc, #20]	@ (10004064 <stdio_out_chars_crlf+0xac>)
10004050:	683b      	ldr	r3, [r7, #0]
10004052:	46a8      	mov	r8, r5
10004054:	4798      	blx	r3
10004056:	e7c7      	b.n	10003fe8 <stdio_out_chars_crlf+0x30>
10004058:	6803      	ldr	r3, [r0, #0]
1000405a:	0011      	movs	r1, r2
1000405c:	0020      	movs	r0, r4
1000405e:	4798      	blx	r3
10004060:	e7cd      	b.n	10003ffe <stdio_out_chars_crlf+0x46>
10004062:	46c0      	nop			@ (mov r8, r8)
10004064:	1000b220 	.word	0x1000b220

10004068 <stdio_buffered_printer>:
10004068:	b5f0      	push	{r4, r5, r6, r7, lr}
1000406a:	46c6      	mov	lr, r8
1000406c:	680b      	ldr	r3, [r1, #0]
1000406e:	0006      	movs	r6, r0
10004070:	000c      	movs	r4, r1
10004072:	b500      	push	{lr}
10004074:	2b80      	cmp	r3, #128	@ 0x80
10004076:	d006      	beq.n	10004086 <stdio_buffered_printer+0x1e>
10004078:	1c5a      	adds	r2, r3, #1
1000407a:	6022      	str	r2, [r4, #0]
1000407c:	18e4      	adds	r4, r4, r3
1000407e:	7126      	strb	r6, [r4, #4]
10004080:	bc80      	pop	{r7}
10004082:	46b8      	mov	r8, r7
10004084:	bdf0      	pop	{r4, r5, r6, r7, pc}
10004086:	4b0f      	ldr	r3, [pc, #60]	@ (100040c4 <stdio_buffered_printer+0x5c>)
10004088:	681d      	ldr	r5, [r3, #0]
1000408a:	2d00      	cmp	r5, #0
1000408c:	d016      	beq.n	100040bc <stdio_buffered_printer+0x54>
1000408e:	1d0b      	adds	r3, r1, #4
10004090:	4698      	mov	r8, r3
10004092:	4f0d      	ldr	r7, [pc, #52]	@ (100040c8 <stdio_buffered_printer+0x60>)
10004094:	e002      	b.n	1000409c <stdio_buffered_printer+0x34>
10004096:	692d      	ldr	r5, [r5, #16]
10004098:	2d00      	cmp	r5, #0
1000409a:	d00f      	beq.n	100040bc <stdio_buffered_printer+0x54>
1000409c:	682b      	ldr	r3, [r5, #0]
1000409e:	2b00      	cmp	r3, #0
100040a0:	d0f9      	beq.n	10004096 <stdio_buffered_printer+0x2e>
100040a2:	683b      	ldr	r3, [r7, #0]
100040a4:	2b00      	cmp	r3, #0
100040a6:	d001      	beq.n	100040ac <stdio_buffered_printer+0x44>
100040a8:	42ab      	cmp	r3, r5
100040aa:	d1f4      	bne.n	10004096 <stdio_buffered_printer+0x2e>
100040ac:	0028      	movs	r0, r5
100040ae:	4641      	mov	r1, r8
100040b0:	6822      	ldr	r2, [r4, #0]
100040b2:	f7ff ff81 	bl	10003fb8 <stdio_out_chars_crlf>
100040b6:	692d      	ldr	r5, [r5, #16]
100040b8:	2d00      	cmp	r5, #0
100040ba:	d1ef      	bne.n	1000409c <stdio_buffered_printer+0x34>
100040bc:	2201      	movs	r2, #1
100040be:	2300      	movs	r3, #0
100040c0:	e7db      	b.n	1000407a <stdio_buffered_printer+0x12>
100040c2:	46c0      	nop			@ (mov r8, r8)
100040c4:	20002700 	.word	0x20002700
100040c8:	20002708 	.word	0x20002708

100040cc <stdio_put_string>:
100040cc:	b5f0      	push	{r4, r5, r6, r7, lr}
100040ce:	4645      	mov	r5, r8
100040d0:	46de      	mov	lr, fp
100040d2:	464e      	mov	r6, r9
100040d4:	4657      	mov	r7, sl
100040d6:	b5e0      	push	{r5, r6, r7, lr}
100040d8:	b083      	sub	sp, #12
100040da:	4691      	mov	r9, r2
100040dc:	001c      	movs	r4, r3
100040de:	4680      	mov	r8, r0
100040e0:	000d      	movs	r5, r1
100040e2:	f7fd fb09 	bl	100016f8 <time_us_64>
100040e6:	2300      	movs	r3, #0
100040e8:	4a30      	ldr	r2, [pc, #192]	@ (100041ac <stdio_put_string+0xe0>)
100040ea:	1812      	adds	r2, r2, r0
100040ec:	414b      	adcs	r3, r1
100040ee:	2b00      	cmp	r3, #0
100040f0:	da02      	bge.n	100040f8 <stdio_put_string+0x2c>
100040f2:	2201      	movs	r2, #1
100040f4:	4b2e      	ldr	r3, [pc, #184]	@ (100041b0 <stdio_put_string+0xe4>)
100040f6:	4252      	negs	r2, r2
100040f8:	492e      	ldr	r1, [pc, #184]	@ (100041b4 <stdio_put_string+0xe8>)
100040fa:	0008      	movs	r0, r1
100040fc:	468a      	mov	sl, r1
100040fe:	f006 fc63 	bl	1000a9c8 <__mutex_try_enter_block_until_veneer>
10004102:	0007      	movs	r7, r0
10004104:	1c6b      	adds	r3, r5, #1
10004106:	d103      	bne.n	10004110 <stdio_put_string+0x44>
10004108:	4640      	mov	r0, r8
1000410a:	f006 fae5 	bl	1000a6d8 <strlen>
1000410e:	0005      	movs	r5, r0
10004110:	2c00      	cmp	r4, #0
10004112:	d027      	beq.n	10004164 <stdio_put_string+0x98>
10004114:	4e28      	ldr	r6, [pc, #160]	@ (100041b8 <stdio_put_string+0xec>)
10004116:	4b29      	ldr	r3, [pc, #164]	@ (100041bc <stdio_put_string+0xf0>)
10004118:	681c      	ldr	r4, [r3, #0]
1000411a:	2c00      	cmp	r4, #0
1000411c:	d018      	beq.n	10004150 <stdio_put_string+0x84>
1000411e:	464b      	mov	r3, r9
10004120:	2b00      	cmp	r3, #0
10004122:	d121      	bne.n	10004168 <stdio_put_string+0x9c>
10004124:	4b26      	ldr	r3, [pc, #152]	@ (100041c0 <stdio_put_string+0xf4>)
10004126:	4699      	mov	r9, r3
10004128:	e002      	b.n	10004130 <stdio_put_string+0x64>
1000412a:	6924      	ldr	r4, [r4, #16]
1000412c:	2c00      	cmp	r4, #0
1000412e:	d00f      	beq.n	10004150 <stdio_put_string+0x84>
10004130:	6823      	ldr	r3, [r4, #0]
10004132:	2b00      	cmp	r3, #0
10004134:	d0f9      	beq.n	1000412a <stdio_put_string+0x5e>
10004136:	464b      	mov	r3, r9
10004138:	681b      	ldr	r3, [r3, #0]
1000413a:	2b00      	cmp	r3, #0
1000413c:	d001      	beq.n	10004142 <stdio_put_string+0x76>
1000413e:	429c      	cmp	r4, r3
10004140:	d1f3      	bne.n	1000412a <stdio_put_string+0x5e>
10004142:	0020      	movs	r0, r4
10004144:	002a      	movs	r2, r5
10004146:	4641      	mov	r1, r8
10004148:	47b0      	blx	r6
1000414a:	6924      	ldr	r4, [r4, #16]
1000414c:	2c00      	cmp	r4, #0
1000414e:	d1ef      	bne.n	10004130 <stdio_put_string+0x64>
10004150:	2f00      	cmp	r7, #0
10004152:	d126      	bne.n	100041a2 <stdio_put_string+0xd6>
10004154:	0028      	movs	r0, r5
10004156:	b003      	add	sp, #12
10004158:	bcf0      	pop	{r4, r5, r6, r7}
1000415a:	46bb      	mov	fp, r7
1000415c:	46b2      	mov	sl, r6
1000415e:	46a9      	mov	r9, r5
10004160:	46a0      	mov	r8, r4
10004162:	bdf0      	pop	{r4, r5, r6, r7, pc}
10004164:	4e17      	ldr	r6, [pc, #92]	@ (100041c4 <stdio_put_string+0xf8>)
10004166:	e7d6      	b.n	10004116 <stdio_put_string+0x4a>
10004168:	4b15      	ldr	r3, [pc, #84]	@ (100041c0 <stdio_put_string+0xf4>)
1000416a:	4699      	mov	r9, r3
1000416c:	230a      	movs	r3, #10
1000416e:	469b      	mov	fp, r3
10004170:	e002      	b.n	10004178 <stdio_put_string+0xac>
10004172:	6924      	ldr	r4, [r4, #16]
10004174:	2c00      	cmp	r4, #0
10004176:	d0eb      	beq.n	10004150 <stdio_put_string+0x84>
10004178:	6823      	ldr	r3, [r4, #0]
1000417a:	2b00      	cmp	r3, #0
1000417c:	d0f9      	beq.n	10004172 <stdio_put_string+0xa6>
1000417e:	464b      	mov	r3, r9
10004180:	681b      	ldr	r3, [r3, #0]
10004182:	2b00      	cmp	r3, #0
10004184:	d001      	beq.n	1000418a <stdio_put_string+0xbe>
10004186:	42a3      	cmp	r3, r4
10004188:	d1f3      	bne.n	10004172 <stdio_put_string+0xa6>
1000418a:	002a      	movs	r2, r5
1000418c:	4641      	mov	r1, r8
1000418e:	0020      	movs	r0, r4
10004190:	47b0      	blx	r6
10004192:	466b      	mov	r3, sp
10004194:	465a      	mov	r2, fp
10004196:	0020      	movs	r0, r4
10004198:	71da      	strb	r2, [r3, #7]
1000419a:	1dd9      	adds	r1, r3, #7
1000419c:	2201      	movs	r2, #1
1000419e:	47b0      	blx	r6
100041a0:	e7e7      	b.n	10004172 <stdio_put_string+0xa6>
100041a2:	4650      	mov	r0, sl
100041a4:	f006 fbd8 	bl	1000a958 <__mutex_exit_veneer>
100041a8:	e7d4      	b.n	10004154 <stdio_put_string+0x88>
100041aa:	46c0      	nop			@ (mov r8, r8)
100041ac:	000f4240 	.word	0x000f4240
100041b0:	7fffffff 	.word	0x7fffffff
100041b4:	20001260 	.word	0x20001260
100041b8:	10003fb9 	.word	0x10003fb9
100041bc:	20002700 	.word	0x20002700
100041c0:	20002708 	.word	0x20002708
100041c4:	10003fa9 	.word	0x10003fa9

100041c8 <stdio_set_driver_enabled>:
100041c8:	4a0a      	ldr	r2, [pc, #40]	@ (100041f4 <stdio_set_driver_enabled+0x2c>)
100041ca:	6813      	ldr	r3, [r2, #0]
100041cc:	2b00      	cmp	r3, #0
100041ce:	d105      	bne.n	100041dc <stdio_set_driver_enabled+0x14>
100041d0:	e00c      	b.n	100041ec <stdio_set_driver_enabled+0x24>
100041d2:	001a      	movs	r2, r3
100041d4:	691b      	ldr	r3, [r3, #16]
100041d6:	3210      	adds	r2, #16
100041d8:	2b00      	cmp	r3, #0
100041da:	d007      	beq.n	100041ec <stdio_set_driver_enabled+0x24>
100041dc:	4283      	cmp	r3, r0
100041de:	d1f8      	bne.n	100041d2 <stdio_set_driver_enabled+0xa>
100041e0:	2900      	cmp	r1, #0
100041e2:	d102      	bne.n	100041ea <stdio_set_driver_enabled+0x22>
100041e4:	6918      	ldr	r0, [r3, #16]
100041e6:	6010      	str	r0, [r2, #0]
100041e8:	6119      	str	r1, [r3, #16]
100041ea:	4770      	bx	lr
100041ec:	2900      	cmp	r1, #0
100041ee:	d0fc      	beq.n	100041ea <stdio_set_driver_enabled+0x22>
100041f0:	6010      	str	r0, [r2, #0]
100041f2:	e7fa      	b.n	100041ea <stdio_set_driver_enabled+0x22>
100041f4:	20002700 	.word	0x20002700

100041f8 <stdio_init_all>:
100041f8:	b510      	push	{r4, lr}
100041fa:	f000 faf1 	bl	100047e0 <stdio_usb_init>
100041fe:	bd10      	pop	{r4, pc}

10004200 <__wrap_putchar>:
10004200:	b5f0      	push	{r4, r5, r6, r7, lr}
10004202:	46ce      	mov	lr, r9
10004204:	4647      	mov	r7, r8
10004206:	b580      	push	{r7, lr}
10004208:	b083      	sub	sp, #12
1000420a:	466b      	mov	r3, sp
1000420c:	0006      	movs	r6, r0
1000420e:	1ddd      	adds	r5, r3, #7
10004210:	7028      	strb	r0, [r5, #0]
10004212:	f7fd fa71 	bl	100016f8 <time_us_64>
10004216:	2300      	movs	r3, #0
10004218:	4a19      	ldr	r2, [pc, #100]	@ (10004280 <__wrap_putchar+0x80>)
1000421a:	1812      	adds	r2, r2, r0
1000421c:	414b      	adcs	r3, r1
1000421e:	2b00      	cmp	r3, #0
10004220:	da02      	bge.n	10004228 <__wrap_putchar+0x28>
10004222:	2201      	movs	r2, #1
10004224:	4b17      	ldr	r3, [pc, #92]	@ (10004284 <__wrap_putchar+0x84>)
10004226:	4252      	negs	r2, r2
10004228:	4917      	ldr	r1, [pc, #92]	@ (10004288 <__wrap_putchar+0x88>)
1000422a:	0008      	movs	r0, r1
1000422c:	4688      	mov	r8, r1
1000422e:	f006 fbcb 	bl	1000a9c8 <__mutex_try_enter_block_until_veneer>
10004232:	4b16      	ldr	r3, [pc, #88]	@ (1000428c <__wrap_putchar+0x8c>)
10004234:	4681      	mov	r9, r0
10004236:	681c      	ldr	r4, [r3, #0]
10004238:	2c00      	cmp	r4, #0
1000423a:	d014      	beq.n	10004266 <__wrap_putchar+0x66>
1000423c:	4f14      	ldr	r7, [pc, #80]	@ (10004290 <__wrap_putchar+0x90>)
1000423e:	e002      	b.n	10004246 <__wrap_putchar+0x46>
10004240:	6924      	ldr	r4, [r4, #16]
10004242:	2c00      	cmp	r4, #0
10004244:	d00f      	beq.n	10004266 <__wrap_putchar+0x66>
10004246:	6823      	ldr	r3, [r4, #0]
10004248:	2b00      	cmp	r3, #0
1000424a:	d0f9      	beq.n	10004240 <__wrap_putchar+0x40>
1000424c:	683b      	ldr	r3, [r7, #0]
1000424e:	2b00      	cmp	r3, #0
10004250:	d001      	beq.n	10004256 <__wrap_putchar+0x56>
10004252:	429c      	cmp	r4, r3
10004254:	d1f4      	bne.n	10004240 <__wrap_putchar+0x40>
10004256:	0020      	movs	r0, r4
10004258:	2201      	movs	r2, #1
1000425a:	0029      	movs	r1, r5
1000425c:	f7ff feac 	bl	10003fb8 <stdio_out_chars_crlf>
10004260:	6924      	ldr	r4, [r4, #16]
10004262:	2c00      	cmp	r4, #0
10004264:	d1ef      	bne.n	10004246 <__wrap_putchar+0x46>
10004266:	464b      	mov	r3, r9
10004268:	2b00      	cmp	r3, #0
1000426a:	d105      	bne.n	10004278 <__wrap_putchar+0x78>
1000426c:	0030      	movs	r0, r6
1000426e:	b003      	add	sp, #12
10004270:	bcc0      	pop	{r6, r7}
10004272:	46b9      	mov	r9, r7
10004274:	46b0      	mov	r8, r6
10004276:	bdf0      	pop	{r4, r5, r6, r7, pc}
10004278:	4640      	mov	r0, r8
1000427a:	f006 fb6d 	bl	1000a958 <__mutex_exit_veneer>
1000427e:	e7f5      	b.n	1000426c <__wrap_putchar+0x6c>
10004280:	000f4240 	.word	0x000f4240
10004284:	7fffffff 	.word	0x7fffffff
10004288:	20001260 	.word	0x20001260
1000428c:	20002700 	.word	0x20002700
10004290:	20002708 	.word	0x20002708

10004294 <__wrap_puts>:
10004294:	b570      	push	{r4, r5, r6, lr}
10004296:	0004      	movs	r4, r0
10004298:	f006 fa1e 	bl	1000a6d8 <strlen>
1000429c:	2301      	movs	r3, #1
1000429e:	0001      	movs	r1, r0
100042a0:	0005      	movs	r5, r0
100042a2:	2201      	movs	r2, #1
100042a4:	0020      	movs	r0, r4
100042a6:	f7ff ff11 	bl	100040cc <stdio_put_string>
100042aa:	4b08      	ldr	r3, [pc, #32]	@ (100042cc <__wrap_puts+0x38>)
100042ac:	681c      	ldr	r4, [r3, #0]
100042ae:	2c00      	cmp	r4, #0
100042b0:	d006      	beq.n	100042c0 <__wrap_puts+0x2c>
100042b2:	6863      	ldr	r3, [r4, #4]
100042b4:	2b00      	cmp	r3, #0
100042b6:	d005      	beq.n	100042c4 <__wrap_puts+0x30>
100042b8:	4798      	blx	r3
100042ba:	6924      	ldr	r4, [r4, #16]
100042bc:	2c00      	cmp	r4, #0
100042be:	d1f8      	bne.n	100042b2 <__wrap_puts+0x1e>
100042c0:	0028      	movs	r0, r5
100042c2:	bd70      	pop	{r4, r5, r6, pc}
100042c4:	6924      	ldr	r4, [r4, #16]
100042c6:	2c00      	cmp	r4, #0
100042c8:	d1f3      	bne.n	100042b2 <__wrap_puts+0x1e>
100042ca:	e7f9      	b.n	100042c0 <__wrap_puts+0x2c>
100042cc:	20002700 	.word	0x20002700

100042d0 <__wrap_vprintf>:
100042d0:	b5f0      	push	{r4, r5, r6, r7, lr}
100042d2:	46ce      	mov	lr, r9
100042d4:	4647      	mov	r7, r8
100042d6:	b580      	push	{r7, lr}
100042d8:	b0a3      	sub	sp, #140	@ 0x8c
100042da:	0004      	movs	r4, r0
100042dc:	000d      	movs	r5, r1
100042de:	f7fd fa0b 	bl	100016f8 <time_us_64>
100042e2:	2300      	movs	r3, #0
100042e4:	4a27      	ldr	r2, [pc, #156]	@ (10004384 <__wrap_vprintf+0xb4>)
100042e6:	1812      	adds	r2, r2, r0
100042e8:	414b      	adcs	r3, r1
100042ea:	2b00      	cmp	r3, #0
100042ec:	da02      	bge.n	100042f4 <__wrap_vprintf+0x24>
100042ee:	2201      	movs	r2, #1
100042f0:	4b25      	ldr	r3, [pc, #148]	@ (10004388 <__wrap_vprintf+0xb8>)
100042f2:	4252      	negs	r2, r2
100042f4:	4e25      	ldr	r6, [pc, #148]	@ (1000438c <__wrap_vprintf+0xbc>)
100042f6:	0030      	movs	r0, r6
100042f8:	f006 fb66 	bl	1000a9c8 <__mutex_try_enter_block_until_veneer>
100042fc:	2300      	movs	r3, #0
100042fe:	0022      	movs	r2, r4
10004300:	9301      	str	r3, [sp, #4]
10004302:	0007      	movs	r7, r0
10004304:	002b      	movs	r3, r5
10004306:	4822      	ldr	r0, [pc, #136]	@ (10004390 <__wrap_vprintf+0xc0>)
10004308:	a901      	add	r1, sp, #4
1000430a:	f7ff fe07 	bl	10003f1c <vfctprintf>
1000430e:	4b21      	ldr	r3, [pc, #132]	@ (10004394 <__wrap_vprintf+0xc4>)
10004310:	4680      	mov	r8, r0
10004312:	4699      	mov	r9, r3
10004314:	681c      	ldr	r4, [r3, #0]
10004316:	9b01      	ldr	r3, [sp, #4]
10004318:	2b00      	cmp	r3, #0
1000431a:	d01a      	beq.n	10004352 <__wrap_vprintf+0x82>
1000431c:	2c00      	cmp	r4, #0
1000431e:	d02f      	beq.n	10004380 <__wrap_vprintf+0xb0>
10004320:	4d1d      	ldr	r5, [pc, #116]	@ (10004398 <__wrap_vprintf+0xc8>)
10004322:	e002      	b.n	1000432a <__wrap_vprintf+0x5a>
10004324:	6924      	ldr	r4, [r4, #16]
10004326:	2c00      	cmp	r4, #0
10004328:	d00f      	beq.n	1000434a <__wrap_vprintf+0x7a>
1000432a:	6823      	ldr	r3, [r4, #0]
1000432c:	2b00      	cmp	r3, #0
1000432e:	d0f9      	beq.n	10004324 <__wrap_vprintf+0x54>
10004330:	682b      	ldr	r3, [r5, #0]
10004332:	2b00      	cmp	r3, #0
10004334:	d001      	beq.n	1000433a <__wrap_vprintf+0x6a>
10004336:	42a3      	cmp	r3, r4
10004338:	d1f4      	bne.n	10004324 <__wrap_vprintf+0x54>
1000433a:	0020      	movs	r0, r4
1000433c:	9a01      	ldr	r2, [sp, #4]
1000433e:	a902      	add	r1, sp, #8
10004340:	f7ff fe3a 	bl	10003fb8 <stdio_out_chars_crlf>
10004344:	6924      	ldr	r4, [r4, #16]
10004346:	2c00      	cmp	r4, #0
10004348:	d1ef      	bne.n	1000432a <__wrap_vprintf+0x5a>
1000434a:	464b      	mov	r3, r9
1000434c:	681c      	ldr	r4, [r3, #0]
1000434e:	2300      	movs	r3, #0
10004350:	9301      	str	r3, [sp, #4]
10004352:	2c00      	cmp	r4, #0
10004354:	d006      	beq.n	10004364 <__wrap_vprintf+0x94>
10004356:	6863      	ldr	r3, [r4, #4]
10004358:	2b00      	cmp	r3, #0
1000435a:	d00b      	beq.n	10004374 <__wrap_vprintf+0xa4>
1000435c:	4798      	blx	r3
1000435e:	6924      	ldr	r4, [r4, #16]
10004360:	2c00      	cmp	r4, #0
10004362:	d1f8      	bne.n	10004356 <__wrap_vprintf+0x86>
10004364:	2f00      	cmp	r7, #0
10004366:	d107      	bne.n	10004378 <__wrap_vprintf+0xa8>
10004368:	4640      	mov	r0, r8
1000436a:	b023      	add	sp, #140	@ 0x8c
1000436c:	bcc0      	pop	{r6, r7}
1000436e:	46b9      	mov	r9, r7
10004370:	46b0      	mov	r8, r6
10004372:	bdf0      	pop	{r4, r5, r6, r7, pc}
10004374:	6924      	ldr	r4, [r4, #16]
10004376:	e7ec      	b.n	10004352 <__wrap_vprintf+0x82>
10004378:	0030      	movs	r0, r6
1000437a:	f006 faed 	bl	1000a958 <__mutex_exit_veneer>
1000437e:	e7f3      	b.n	10004368 <__wrap_vprintf+0x98>
10004380:	9401      	str	r4, [sp, #4]
10004382:	e7ef      	b.n	10004364 <__wrap_vprintf+0x94>
10004384:	000f4240 	.word	0x000f4240
10004388:	7fffffff 	.word	0x7fffffff
1000438c:	20001260 	.word	0x20001260
10004390:	10004069 	.word	0x10004069
10004394:	20002700 	.word	0x20002700
10004398:	20002708 	.word	0x20002708

1000439c <__wrap_printf>:
1000439c:	b40f      	push	{r0, r1, r2, r3}
1000439e:	b500      	push	{lr}
100043a0:	b083      	sub	sp, #12
100043a2:	a904      	add	r1, sp, #16
100043a4:	c901      	ldmia	r1!, {r0}
100043a6:	9101      	str	r1, [sp, #4]
100043a8:	f7ff ff92 	bl	100042d0 <__wrap_vprintf>
100043ac:	b003      	add	sp, #12
100043ae:	bc08      	pop	{r3}
100043b0:	b004      	add	sp, #16
100043b2:	4718      	bx	r3

100043b4 <resetd_init>:
100043b4:	4770      	bx	lr
100043b6:	46c0      	nop			@ (mov r8, r8)

100043b8 <resetd_reset>:
100043b8:	2200      	movs	r2, #0
100043ba:	4b01      	ldr	r3, [pc, #4]	@ (100043c0 <resetd_reset+0x8>)
100043bc:	701a      	strb	r2, [r3, #0]
100043be:	4770      	bx	lr
100043c0:	20002c6b 	.word	0x20002c6b

100043c4 <resetd_open>:
100043c4:	794b      	ldrb	r3, [r1, #5]
100043c6:	2000      	movs	r0, #0
100043c8:	2bff      	cmp	r3, #255	@ 0xff
100043ca:	d10b      	bne.n	100043e4 <resetd_open+0x20>
100043cc:	798b      	ldrb	r3, [r1, #6]
100043ce:	2b00      	cmp	r3, #0
100043d0:	d108      	bne.n	100043e4 <resetd_open+0x20>
100043d2:	79cb      	ldrb	r3, [r1, #7]
100043d4:	2b01      	cmp	r3, #1
100043d6:	d105      	bne.n	100043e4 <resetd_open+0x20>
100043d8:	2a08      	cmp	r2, #8
100043da:	d903      	bls.n	100043e4 <resetd_open+0x20>
100043dc:	4b02      	ldr	r3, [pc, #8]	@ (100043e8 <resetd_open+0x24>)
100043de:	788a      	ldrb	r2, [r1, #2]
100043e0:	3009      	adds	r0, #9
100043e2:	701a      	strb	r2, [r3, #0]
100043e4:	4770      	bx	lr
100043e6:	46c0      	nop			@ (mov r8, r8)
100043e8:	20002c6b 	.word	0x20002c6b

100043ec <resetd_xfer_cb>:
100043ec:	2001      	movs	r0, #1
100043ee:	4770      	bx	lr

100043f0 <resetd_control_xfer_cb>:
100043f0:	b510      	push	{r4, lr}
100043f2:	2901      	cmp	r1, #1
100043f4:	d113      	bne.n	1000441e <resetd_control_xfer_cb+0x2e>
100043f6:	4912      	ldr	r1, [pc, #72]	@ (10004440 <resetd_control_xfer_cb+0x50>)
100043f8:	7953      	ldrb	r3, [r2, #5]
100043fa:	7910      	ldrb	r0, [r2, #4]
100043fc:	7809      	ldrb	r1, [r1, #0]
100043fe:	021b      	lsls	r3, r3, #8
10004400:	4303      	orrs	r3, r0
10004402:	2000      	movs	r0, #0
10004404:	4299      	cmp	r1, r3
10004406:	d000      	beq.n	1000440a <resetd_control_xfer_cb+0x1a>
10004408:	bd10      	pop	{r4, pc}
1000440a:	7853      	ldrb	r3, [r2, #1]
1000440c:	2b01      	cmp	r3, #1
1000440e:	d008      	beq.n	10004422 <resetd_control_xfer_cb+0x32>
10004410:	2b02      	cmp	r3, #2
10004412:	d1f9      	bne.n	10004408 <resetd_control_xfer_cb+0x18>
10004414:	2264      	movs	r2, #100	@ 0x64
10004416:	2100      	movs	r1, #0
10004418:	2000      	movs	r0, #0
1000441a:	f7fd facd 	bl	100019b8 <watchdog_reboot>
1000441e:	2001      	movs	r0, #1
10004420:	e7f2      	b.n	10004408 <resetd_control_xfer_cb+0x18>
10004422:	78d3      	ldrb	r3, [r2, #3]
10004424:	7891      	ldrb	r1, [r2, #2]
10004426:	021b      	lsls	r3, r3, #8
10004428:	4319      	orrs	r1, r3
1000442a:	0a48      	lsrs	r0, r1, #9
1000442c:	05db      	lsls	r3, r3, #23
1000442e:	d401      	bmi.n	10004434 <resetd_control_xfer_cb+0x44>
10004430:	2001      	movs	r0, #1
10004432:	4240      	negs	r0, r0
10004434:	237f      	movs	r3, #127	@ 0x7f
10004436:	058a      	lsls	r2, r1, #22
10004438:	0fd2      	lsrs	r2, r2, #31
1000443a:	4019      	ands	r1, r3
1000443c:	f7fd fb44 	bl	10001ac8 <rom_reset_usb_boot_extra>
10004440:	20002c6b 	.word	0x20002c6b

10004444 <tud_descriptor_bos_cb>:
10004444:	4800      	ldr	r0, [pc, #0]	@ (10004448 <tud_descriptor_bos_cb+0x4>)
10004446:	4770      	bx	lr
10004448:	1000b2ec 	.word	0x1000b2ec

1000444c <tud_vendor_control_xfer_cb>:
1000444c:	b570      	push	{r4, r5, r6, lr}
1000444e:	0005      	movs	r5, r0
10004450:	0014      	movs	r4, r2
10004452:	2001      	movs	r0, #1
10004454:	2901      	cmp	r1, #1
10004456:	d109      	bne.n	1000446c <tud_vendor_control_xfer_cb+0x20>
10004458:	7853      	ldrb	r3, [r2, #1]
1000445a:	2000      	movs	r0, #0
1000445c:	2b01      	cmp	r3, #1
1000445e:	d105      	bne.n	1000446c <tud_vendor_control_xfer_cb+0x20>
10004460:	7963      	ldrb	r3, [r4, #5]
10004462:	7912      	ldrb	r2, [r2, #4]
10004464:	021b      	lsls	r3, r3, #8
10004466:	4313      	orrs	r3, r2
10004468:	2b07      	cmp	r3, #7
1000446a:	d000      	beq.n	1000446e <tud_vendor_control_xfer_cb+0x22>
1000446c:	bd70      	pop	{r4, r5, r6, pc}
1000446e:	0021      	movs	r1, r4
10004470:	0028      	movs	r0, r5
10004472:	4a02      	ldr	r2, [pc, #8]	@ (1000447c <tud_vendor_control_xfer_cb+0x30>)
10004474:	339f      	adds	r3, #159	@ 0x9f
10004476:	f001 fa5d 	bl	10005934 <tud_control_xfer>
1000447a:	e7f7      	b.n	1000446c <tud_vendor_control_xfer_cb+0x20>
1000447c:	1000b244 	.word	0x1000b244

10004480 <usbd_app_driver_get_cb>:
10004480:	2301      	movs	r3, #1
10004482:	7003      	strb	r3, [r0, #0]
10004484:	4800      	ldr	r0, [pc, #0]	@ (10004488 <usbd_app_driver_get_cb+0x8>)
10004486:	4770      	bx	lr
10004488:	1000b224 	.word	0x1000b224

1000448c <tud_cdc_line_coding_cb>:
1000448c:	784b      	ldrb	r3, [r1, #1]
1000448e:	780a      	ldrb	r2, [r1, #0]
10004490:	021b      	lsls	r3, r3, #8
10004492:	4313      	orrs	r3, r2
10004494:	788a      	ldrb	r2, [r1, #2]
10004496:	b510      	push	{r4, lr}
10004498:	0412      	lsls	r2, r2, #16
1000449a:	431a      	orrs	r2, r3
1000449c:	78cb      	ldrb	r3, [r1, #3]
1000449e:	061b      	lsls	r3, r3, #24
100044a0:	4313      	orrs	r3, r2
100044a2:	2296      	movs	r2, #150	@ 0x96
100044a4:	00d2      	lsls	r2, r2, #3
100044a6:	4293      	cmp	r3, r2
100044a8:	d000      	beq.n	100044ac <tud_cdc_line_coding_cb+0x20>
100044aa:	bd10      	pop	{r4, pc}
100044ac:	2200      	movs	r2, #0
100044ae:	2001      	movs	r0, #1
100044b0:	0011      	movs	r1, r2
100044b2:	4240      	negs	r0, r0
100044b4:	f7fd fb08 	bl	10001ac8 <rom_reset_usb_boot_extra>

100044b8 <stdio_usb_set_chars_available_callback>:
100044b8:	4b02      	ldr	r3, [pc, #8]	@ (100044c4 <stdio_usb_set_chars_available_callback+0xc>)
100044ba:	6018      	str	r0, [r3, #0]
100044bc:	4b02      	ldr	r3, [pc, #8]	@ (100044c8 <stdio_usb_set_chars_available_callback+0x10>)
100044be:	6019      	str	r1, [r3, #0]
100044c0:	4770      	bx	lr
100044c2:	46c0      	nop			@ (mov r8, r8)
100044c4:	20001db4 	.word	0x20001db4
100044c8:	20001db8 	.word	0x20001db8

100044cc <usb_irq>:
100044cc:	b510      	push	{r4, lr}
100044ce:	4b02      	ldr	r3, [pc, #8]	@ (100044d8 <usb_irq+0xc>)
100044d0:	7818      	ldrb	r0, [r3, #0]
100044d2:	f7fc f963 	bl	1000079c <irq_set_pending>
100044d6:	bd10      	pop	{r4, pc}
100044d8:	20002c6c 	.word	0x20002c6c

100044dc <timer_task>:
100044dc:	4b15      	ldr	r3, [pc, #84]	@ (10004534 <timer_task+0x58>)
100044de:	b570      	push	{r4, r5, r6, lr}
100044e0:	681a      	ldr	r2, [r3, #0]
100044e2:	2a00      	cmp	r2, #0
100044e4:	d022      	beq.n	1000452c <timer_task+0x50>
100044e6:	f3ef 8110 	mrs	r1, PRIMASK
100044ea:	b672      	cpsid	i
100044ec:	6810      	ldr	r0, [r2, #0]
100044ee:	2800      	cmp	r0, #0
100044f0:	d0fc      	beq.n	100044ec <timer_task+0x10>
100044f2:	f3bf 8f5f 	dmb	sy
100044f6:	2000      	movs	r0, #0
100044f8:	4a0f      	ldr	r2, [pc, #60]	@ (10004538 <timer_task+0x5c>)
100044fa:	6059      	str	r1, [r3, #4]
100044fc:	7010      	strb	r0, [r2, #0]
100044fe:	681b      	ldr	r3, [r3, #0]
10004500:	f3bf 8f5f 	dmb	sy
10004504:	6018      	str	r0, [r3, #0]
10004506:	f381 8810 	msr	PRIMASK, r1
1000450a:	2400      	movs	r4, #0
1000450c:	2500      	movs	r5, #0
1000450e:	4e0b      	ldr	r6, [pc, #44]	@ (1000453c <timer_task+0x60>)
10004510:	7830      	ldrb	r0, [r6, #0]
10004512:	f7fc f937 	bl	10000784 <irq_is_enabled>
10004516:	2800      	cmp	r0, #0
10004518:	d104      	bne.n	10004524 <timer_task+0x48>
1000451a:	2400      	movs	r4, #0
1000451c:	2500      	movs	r5, #0
1000451e:	0029      	movs	r1, r5
10004520:	0020      	movs	r0, r4
10004522:	bd70      	pop	{r4, r5, r6, pc}
10004524:	7830      	ldrb	r0, [r6, #0]
10004526:	f7fc f939 	bl	1000079c <irq_set_pending>
1000452a:	e7f8      	b.n	1000451e <timer_task+0x42>
1000452c:	24fa      	movs	r4, #250	@ 0xfa
1000452e:	2500      	movs	r5, #0
10004530:	00a4      	lsls	r4, r4, #2
10004532:	e7ec      	b.n	1000450e <timer_task+0x32>
10004534:	20002b18 	.word	0x20002b18
10004538:	20002c6d 	.word	0x20002c6d
1000453c:	20002c6c 	.word	0x20002c6c

10004540 <stdio_usb_in_chars>:
10004540:	b570      	push	{r4, r5, r6, lr}
10004542:	0004      	movs	r4, r0
10004544:	2000      	movs	r0, #0
10004546:	000e      	movs	r6, r1
10004548:	f001 fb12 	bl	10005b70 <tud_cdc_n_connected>
1000454c:	2800      	cmp	r0, #0
1000454e:	d034      	beq.n	100045ba <stdio_usb_in_chars+0x7a>
10004550:	2000      	movs	r0, #0
10004552:	f001 fb23 	bl	10005b9c <tud_cdc_n_available>
10004556:	2800      	cmp	r0, #0
10004558:	d02f      	beq.n	100045ba <stdio_usb_in_chars+0x7a>
1000455a:	f7fd f8cd 	bl	100016f8 <time_us_64>
1000455e:	2300      	movs	r3, #0
10004560:	4a17      	ldr	r2, [pc, #92]	@ (100045c0 <stdio_usb_in_chars+0x80>)
10004562:	1812      	adds	r2, r2, r0
10004564:	414b      	adcs	r3, r1
10004566:	2b00      	cmp	r3, #0
10004568:	db16      	blt.n	10004598 <stdio_usb_in_chars+0x58>
1000456a:	4d16      	ldr	r5, [pc, #88]	@ (100045c4 <stdio_usb_in_chars+0x84>)
1000456c:	0028      	movs	r0, r5
1000456e:	f006 fa2b 	bl	1000a9c8 <__mutex_try_enter_block_until_veneer>
10004572:	2800      	cmp	r0, #0
10004574:	d021      	beq.n	100045ba <stdio_usb_in_chars+0x7a>
10004576:	2000      	movs	r0, #0
10004578:	f001 fafa 	bl	10005b70 <tud_cdc_n_connected>
1000457c:	2800      	cmp	r0, #0
1000457e:	d10f      	bne.n	100045a0 <stdio_usb_in_chars+0x60>
10004580:	2001      	movs	r0, #1
10004582:	2100      	movs	r1, #0
10004584:	4240      	negs	r0, r0
10004586:	f000 fd09 	bl	10004f9c <tud_task_ext>
1000458a:	2403      	movs	r4, #3
1000458c:	4264      	negs	r4, r4
1000458e:	0028      	movs	r0, r5
10004590:	f006 f9e2 	bl	1000a958 <__mutex_exit_veneer>
10004594:	0020      	movs	r0, r4
10004596:	bd70      	pop	{r4, r5, r6, pc}
10004598:	2201      	movs	r2, #1
1000459a:	4b0b      	ldr	r3, [pc, #44]	@ (100045c8 <stdio_usb_in_chars+0x88>)
1000459c:	4252      	negs	r2, r2
1000459e:	e7e4      	b.n	1000456a <stdio_usb_in_chars+0x2a>
100045a0:	2000      	movs	r0, #0
100045a2:	f001 fafb 	bl	10005b9c <tud_cdc_n_available>
100045a6:	2800      	cmp	r0, #0
100045a8:	d0ea      	beq.n	10004580 <stdio_usb_in_chars+0x40>
100045aa:	0021      	movs	r1, r4
100045ac:	0032      	movs	r2, r6
100045ae:	2000      	movs	r0, #0
100045b0:	f001 fafe 	bl	10005bb0 <tud_cdc_n_read>
100045b4:	1e04      	subs	r4, r0, #0
100045b6:	d1ea      	bne.n	1000458e <stdio_usb_in_chars+0x4e>
100045b8:	e7e7      	b.n	1000458a <stdio_usb_in_chars+0x4a>
100045ba:	2403      	movs	r4, #3
100045bc:	4264      	negs	r4, r4
100045be:	e7e9      	b.n	10004594 <stdio_usb_in_chars+0x54>
100045c0:	000f4240 	.word	0x000f4240
100045c4:	20002c48 	.word	0x20002c48
100045c8:	7fffffff 	.word	0x7fffffff

100045cc <stdio_usb_out_flush>:
100045cc:	b510      	push	{r4, lr}
100045ce:	f7fd f893 	bl	100016f8 <time_us_64>
100045d2:	2300      	movs	r3, #0
100045d4:	4a0d      	ldr	r2, [pc, #52]	@ (1000460c <stdio_usb_out_flush+0x40>)
100045d6:	1812      	adds	r2, r2, r0
100045d8:	414b      	adcs	r3, r1
100045da:	2b00      	cmp	r3, #0
100045dc:	da02      	bge.n	100045e4 <stdio_usb_out_flush+0x18>
100045de:	2201      	movs	r2, #1
100045e0:	4b0b      	ldr	r3, [pc, #44]	@ (10004610 <stdio_usb_out_flush+0x44>)
100045e2:	4252      	negs	r2, r2
100045e4:	4c0b      	ldr	r4, [pc, #44]	@ (10004614 <stdio_usb_out_flush+0x48>)
100045e6:	0020      	movs	r0, r4
100045e8:	f006 f9ee 	bl	1000a9c8 <__mutex_try_enter_block_until_veneer>
100045ec:	2800      	cmp	r0, #0
100045ee:	d00c      	beq.n	1000460a <stdio_usb_out_flush+0x3e>
100045f0:	2001      	movs	r0, #1
100045f2:	2100      	movs	r1, #0
100045f4:	4240      	negs	r0, r0
100045f6:	f000 fcd1 	bl	10004f9c <tud_task_ext>
100045fa:	2000      	movs	r0, #0
100045fc:	f001 fb1c 	bl	10005c38 <tud_cdc_n_write_flush>
10004600:	2800      	cmp	r0, #0
10004602:	d1f5      	bne.n	100045f0 <stdio_usb_out_flush+0x24>
10004604:	0020      	movs	r0, r4
10004606:	f006 f9a7 	bl	1000a958 <__mutex_exit_veneer>
1000460a:	bd10      	pop	{r4, pc}
1000460c:	000f4240 	.word	0x000f4240
10004610:	7fffffff 	.word	0x7fffffff
10004614:	20002c48 	.word	0x20002c48

10004618 <stdio_usb_out_chars>:
10004618:	b5f8      	push	{r3, r4, r5, r6, r7, lr}
1000461a:	46de      	mov	lr, fp
1000461c:	4657      	mov	r7, sl
1000461e:	b580      	push	{r7, lr}
10004620:	0005      	movs	r5, r0
10004622:	000c      	movs	r4, r1
10004624:	f7fd f868 	bl	100016f8 <time_us_64>
10004628:	2300      	movs	r3, #0
1000462a:	4a36      	ldr	r2, [pc, #216]	@ (10004704 <stdio_usb_out_chars+0xec>)
1000462c:	1812      	adds	r2, r2, r0
1000462e:	414b      	adcs	r3, r1
10004630:	2b00      	cmp	r3, #0
10004632:	da02      	bge.n	1000463a <stdio_usb_out_chars+0x22>
10004634:	2201      	movs	r2, #1
10004636:	4b34      	ldr	r3, [pc, #208]	@ (10004708 <stdio_usb_out_chars+0xf0>)
10004638:	4252      	negs	r2, r2
1000463a:	4934      	ldr	r1, [pc, #208]	@ (1000470c <stdio_usb_out_chars+0xf4>)
1000463c:	0008      	movs	r0, r1
1000463e:	468a      	mov	sl, r1
10004640:	f006 f9c2 	bl	1000a9c8 <__mutex_try_enter_block_until_veneer>
10004644:	2800      	cmp	r0, #0
10004646:	d103      	bne.n	10004650 <stdio_usb_out_chars+0x38>
10004648:	bcc0      	pop	{r6, r7}
1000464a:	46bb      	mov	fp, r7
1000464c:	46b2      	mov	sl, r6
1000464e:	bdf8      	pop	{r3, r4, r5, r6, r7, pc}
10004650:	2000      	movs	r0, #0
10004652:	f001 fa8d 	bl	10005b70 <tud_cdc_n_connected>
10004656:	2800      	cmp	r0, #0
10004658:	d04a      	beq.n	100046f0 <stdio_usb_out_chars+0xd8>
1000465a:	2600      	movs	r6, #0
1000465c:	2c00      	cmp	r4, #0
1000465e:	dd43      	ble.n	100046e8 <stdio_usb_out_chars+0xd0>
10004660:	4b2b      	ldr	r3, [pc, #172]	@ (10004710 <stdio_usb_out_chars+0xf8>)
10004662:	469b      	mov	fp, r3
10004664:	e014      	b.n	10004690 <stdio_usb_out_chars+0x78>
10004666:	19a9      	adds	r1, r5, r6
10004668:	2000      	movs	r0, #0
1000466a:	f001 fb1f 	bl	10005cac <tud_cdc_n_write>
1000466e:	0007      	movs	r7, r0
10004670:	2001      	movs	r0, #1
10004672:	2100      	movs	r1, #0
10004674:	4240      	negs	r0, r0
10004676:	f000 fc91 	bl	10004f9c <tud_task_ext>
1000467a:	2000      	movs	r0, #0
1000467c:	f001 fadc 	bl	10005c38 <tud_cdc_n_write_flush>
10004680:	f7fd f83a 	bl	100016f8 <time_us_64>
10004684:	4b22      	ldr	r3, [pc, #136]	@ (10004710 <stdio_usb_out_chars+0xf8>)
10004686:	19f6      	adds	r6, r6, r7
10004688:	6018      	str	r0, [r3, #0]
1000468a:	6059      	str	r1, [r3, #4]
1000468c:	42b4      	cmp	r4, r6
1000468e:	dd2b      	ble.n	100046e8 <stdio_usb_out_chars+0xd0>
10004690:	2000      	movs	r0, #0
10004692:	f001 fb2b 	bl	10005cec <tud_cdc_n_write_available>
10004696:	1ba7      	subs	r7, r4, r6
10004698:	0002      	movs	r2, r0
1000469a:	42b8      	cmp	r0, r7
1000469c:	dd00      	ble.n	100046a0 <stdio_usb_out_chars+0x88>
1000469e:	003a      	movs	r2, r7
100046a0:	2a00      	cmp	r2, #0
100046a2:	d1e0      	bne.n	10004666 <stdio_usb_out_chars+0x4e>
100046a4:	2001      	movs	r0, #1
100046a6:	2100      	movs	r1, #0
100046a8:	4240      	negs	r0, r0
100046aa:	f000 fc77 	bl	10004f9c <tud_task_ext>
100046ae:	2000      	movs	r0, #0
100046b0:	f001 fac2 	bl	10005c38 <tud_cdc_n_write_flush>
100046b4:	2000      	movs	r0, #0
100046b6:	f001 fa5b 	bl	10005b70 <tud_cdc_n_connected>
100046ba:	2800      	cmp	r0, #0
100046bc:	d014      	beq.n	100046e8 <stdio_usb_out_chars+0xd0>
100046be:	2000      	movs	r0, #0
100046c0:	f001 fb14 	bl	10005cec <tud_cdc_n_write_available>
100046c4:	2800      	cmp	r0, #0
100046c6:	d1e1      	bne.n	1000468c <stdio_usb_out_chars+0x74>
100046c8:	f7fd f816 	bl	100016f8 <time_us_64>
100046cc:	465b      	mov	r3, fp
100046ce:	000f      	movs	r7, r1
100046d0:	681a      	ldr	r2, [r3, #0]
100046d2:	685b      	ldr	r3, [r3, #4]
100046d4:	2100      	movs	r1, #0
100046d6:	4684      	mov	ip, r0
100046d8:	480e      	ldr	r0, [pc, #56]	@ (10004714 <stdio_usb_out_chars+0xfc>)
100046da:	1812      	adds	r2, r2, r0
100046dc:	414b      	adcs	r3, r1
100046de:	429f      	cmp	r7, r3
100046e0:	d802      	bhi.n	100046e8 <stdio_usb_out_chars+0xd0>
100046e2:	d1d3      	bne.n	1000468c <stdio_usb_out_chars+0x74>
100046e4:	4594      	cmp	ip, r2
100046e6:	d9d1      	bls.n	1000468c <stdio_usb_out_chars+0x74>
100046e8:	4650      	mov	r0, sl
100046ea:	f006 f935 	bl	1000a958 <__mutex_exit_veneer>
100046ee:	e7ab      	b.n	10004648 <stdio_usb_out_chars+0x30>
100046f0:	2000      	movs	r0, #0
100046f2:	2100      	movs	r1, #0
100046f4:	4b06      	ldr	r3, [pc, #24]	@ (10004710 <stdio_usb_out_chars+0xf8>)
100046f6:	6018      	str	r0, [r3, #0]
100046f8:	6059      	str	r1, [r3, #4]
100046fa:	4650      	mov	r0, sl
100046fc:	f006 f92c 	bl	1000a958 <__mutex_exit_veneer>
10004700:	e7a2      	b.n	10004648 <stdio_usb_out_chars+0x30>
10004702:	46c0      	nop			@ (mov r8, r8)
10004704:	000f4240 	.word	0x000f4240
10004708:	7fffffff 	.word	0x7fffffff
1000470c:	20002c48 	.word	0x20002c48
10004710:	20001430 	.word	0x20001430
10004714:	0007a120 	.word	0x0007a120

10004718 <low_priority_worker_irq>:
10004718:	b530      	push	{r4, r5, lr}
1000471a:	4c2a      	ldr	r4, [pc, #168]	@ (100047c4 <low_priority_worker_irq+0xac>)
1000471c:	b085      	sub	sp, #20
1000471e:	2100      	movs	r1, #0
10004720:	0020      	movs	r0, r4
10004722:	f006 f941 	bl	1000a9a8 <__mutex_try_enter_veneer>
10004726:	2800      	cmp	r0, #0
10004728:	d11c      	bne.n	10004764 <low_priority_worker_irq+0x4c>
1000472a:	4b27      	ldr	r3, [pc, #156]	@ (100047c8 <low_priority_worker_irq+0xb0>)
1000472c:	681a      	ldr	r2, [r3, #0]
1000472e:	2a00      	cmp	r2, #0
10004730:	d016      	beq.n	10004760 <low_priority_worker_irq+0x48>
10004732:	f3ef 8110 	mrs	r1, PRIMASK
10004736:	b672      	cpsid	i
10004738:	6810      	ldr	r0, [r2, #0]
1000473a:	2800      	cmp	r0, #0
1000473c:	d0fc      	beq.n	10004738 <low_priority_worker_irq+0x20>
1000473e:	f3bf 8f5f 	dmb	sy
10004742:	2401      	movs	r4, #1
10004744:	4821      	ldr	r0, [pc, #132]	@ (100047cc <low_priority_worker_irq+0xb4>)
10004746:	6059      	str	r1, [r3, #4]
10004748:	7802      	ldrb	r2, [r0, #0]
1000474a:	681b      	ldr	r3, [r3, #0]
1000474c:	b2d2      	uxtb	r2, r2
1000474e:	7004      	strb	r4, [r0, #0]
10004750:	f3bf 8f5f 	dmb	sy
10004754:	2000      	movs	r0, #0
10004756:	6018      	str	r0, [r3, #0]
10004758:	f381 8810 	msr	PRIMASK, r1
1000475c:	2a00      	cmp	r2, #0
1000475e:	d017      	beq.n	10004790 <low_priority_worker_irq+0x78>
10004760:	b005      	add	sp, #20
10004762:	bd30      	pop	{r4, r5, pc}
10004764:	2001      	movs	r0, #1
10004766:	2100      	movs	r1, #0
10004768:	4240      	negs	r0, r0
1000476a:	f000 fc17 	bl	10004f9c <tud_task_ext>
1000476e:	2000      	movs	r0, #0
10004770:	f001 fa14 	bl	10005b9c <tud_cdc_n_available>
10004774:	0005      	movs	r5, r0
10004776:	0020      	movs	r0, r4
10004778:	f006 f8ee 	bl	1000a958 <__mutex_exit_veneer>
1000477c:	2d00      	cmp	r5, #0
1000477e:	d0ef      	beq.n	10004760 <low_priority_worker_irq+0x48>
10004780:	4b13      	ldr	r3, [pc, #76]	@ (100047d0 <low_priority_worker_irq+0xb8>)
10004782:	681b      	ldr	r3, [r3, #0]
10004784:	2b00      	cmp	r3, #0
10004786:	d0eb      	beq.n	10004760 <low_priority_worker_irq+0x48>
10004788:	4a12      	ldr	r2, [pc, #72]	@ (100047d4 <low_priority_worker_irq+0xbc>)
1000478a:	6810      	ldr	r0, [r2, #0]
1000478c:	4798      	blx	r3
1000478e:	e7e7      	b.n	10004760 <low_priority_worker_irq+0x48>
10004790:	f7fc fd34 	bl	100011fc <alarm_pool_get_default>
10004794:	0004      	movs	r4, r0
10004796:	f7fc ffaf 	bl	100016f8 <time_us_64>
1000479a:	22fa      	movs	r2, #250	@ 0xfa
1000479c:	2300      	movs	r3, #0
1000479e:	0092      	lsls	r2, r2, #2
100047a0:	1812      	adds	r2, r2, r0
100047a2:	414b      	adcs	r3, r1
100047a4:	2b00      	cmp	r3, #0
100047a6:	da02      	bge.n	100047ae <low_priority_worker_irq+0x96>
100047a8:	2201      	movs	r2, #1
100047aa:	4b0b      	ldr	r3, [pc, #44]	@ (100047d8 <low_priority_worker_irq+0xc0>)
100047ac:	4252      	negs	r2, r2
100047ae:	2101      	movs	r1, #1
100047b0:	9102      	str	r1, [sp, #8]
100047b2:	2100      	movs	r1, #0
100047b4:	9101      	str	r1, [sp, #4]
100047b6:	4909      	ldr	r1, [pc, #36]	@ (100047dc <low_priority_worker_irq+0xc4>)
100047b8:	0020      	movs	r0, r4
100047ba:	9100      	str	r1, [sp, #0]
100047bc:	f7fc fd22 	bl	10001204 <alarm_pool_add_alarm_at>
100047c0:	e7ce      	b.n	10004760 <low_priority_worker_irq+0x48>
100047c2:	46c0      	nop			@ (mov r8, r8)
100047c4:	20002c48 	.word	0x20002c48
100047c8:	20002b18 	.word	0x20002b18
100047cc:	20002c6d 	.word	0x20002c6d
100047d0:	20001db4 	.word	0x20001db4
100047d4:	20001db8 	.word	0x20001db8
100047d8:	7fffffff 	.word	0x7fffffff
100047dc:	100044dd 	.word	0x100044dd

100047e0 <stdio_usb_init>:
100047e0:	23d0      	movs	r3, #208	@ 0xd0
100047e2:	b510      	push	{r4, lr}
100047e4:	061b      	lsls	r3, r3, #24
100047e6:	b084      	sub	sp, #16
100047e8:	681c      	ldr	r4, [r3, #0]
100047ea:	f7fc fd07 	bl	100011fc <alarm_pool_get_default>
100047ee:	f7fc fe03 	bl	100013f8 <alarm_pool_core_num>
100047f2:	42a0      	cmp	r0, r4
100047f4:	d002      	beq.n	100047fc <stdio_usb_init+0x1c>
100047f6:	2000      	movs	r0, #0
100047f8:	b004      	add	sp, #16
100047fa:	bd10      	pop	{r4, pc}
100047fc:	4b29      	ldr	r3, [pc, #164]	@ (100048a4 <stdio_usb_init+0xc4>)
100047fe:	2100      	movs	r1, #0
10004800:	2000      	movs	r0, #0
10004802:	781b      	ldrb	r3, [r3, #0]
10004804:	f001 fd66 	bl	100062d4 <tusb_rhport_init>
10004808:	4827      	ldr	r0, [pc, #156]	@ (100048a8 <stdio_usb_init+0xc8>)
1000480a:	6803      	ldr	r3, [r0, #0]
1000480c:	2b00      	cmp	r3, #0
1000480e:	d045      	beq.n	1000489c <stdio_usb_init+0xbc>
10004810:	2001      	movs	r0, #1
10004812:	f7fc fa63 	bl	10000cdc <user_irq_claim_unused>
10004816:	23ff      	movs	r3, #255	@ 0xff
10004818:	4c24      	ldr	r4, [pc, #144]	@ (100048ac <stdio_usb_init+0xcc>)
1000481a:	4925      	ldr	r1, [pc, #148]	@ (100048b0 <stdio_usb_init+0xd0>)
1000481c:	7020      	strb	r0, [r4, #0]
1000481e:	4018      	ands	r0, r3
10004820:	f7fb ffd6 	bl	100007d0 <irq_set_exclusive_handler>
10004824:	7820      	ldrb	r0, [r4, #0]
10004826:	2101      	movs	r1, #1
10004828:	f7fb ff9a 	bl	10000760 <irq_set_enabled>
1000482c:	2005      	movs	r0, #5
1000482e:	f7fb ffbd 	bl	100007ac <irq_has_shared_handler>
10004832:	2800      	cmp	r0, #0
10004834:	d124      	bne.n	10004880 <stdio_usb_init+0xa0>
10004836:	2208      	movs	r2, #8
10004838:	2100      	movs	r1, #0
1000483a:	481e      	ldr	r0, [pc, #120]	@ (100048b4 <stdio_usb_init+0xd4>)
1000483c:	f7fd ff12 	bl	10002664 <__wrap_memset>
10004840:	f7fc fcdc 	bl	100011fc <alarm_pool_get_default>
10004844:	0004      	movs	r4, r0
10004846:	f7fc ff57 	bl	100016f8 <time_us_64>
1000484a:	22fa      	movs	r2, #250	@ 0xfa
1000484c:	2300      	movs	r3, #0
1000484e:	0092      	lsls	r2, r2, #2
10004850:	1812      	adds	r2, r2, r0
10004852:	414b      	adcs	r3, r1
10004854:	2b00      	cmp	r3, #0
10004856:	da02      	bge.n	1000485e <stdio_usb_init+0x7e>
10004858:	2201      	movs	r2, #1
1000485a:	4b17      	ldr	r3, [pc, #92]	@ (100048b8 <stdio_usb_init+0xd8>)
1000485c:	4252      	negs	r2, r2
1000485e:	2101      	movs	r1, #1
10004860:	9102      	str	r1, [sp, #8]
10004862:	2100      	movs	r1, #0
10004864:	9101      	str	r1, [sp, #4]
10004866:	4915      	ldr	r1, [pc, #84]	@ (100048bc <stdio_usb_init+0xdc>)
10004868:	0020      	movs	r0, r4
1000486a:	9100      	str	r1, [sp, #0]
1000486c:	f7fc fcca 	bl	10001204 <alarm_pool_add_alarm_at>
10004870:	2800      	cmp	r0, #0
10004872:	dbc0      	blt.n	100047f6 <stdio_usb_init+0x16>
10004874:	4812      	ldr	r0, [pc, #72]	@ (100048c0 <stdio_usb_init+0xe0>)
10004876:	2101      	movs	r1, #1
10004878:	f7ff fca6 	bl	100041c8 <stdio_set_driver_enabled>
1000487c:	2001      	movs	r0, #1
1000487e:	e7bb      	b.n	100047f8 <stdio_usb_init+0x18>
10004880:	2001      	movs	r0, #1
10004882:	f7fb ff3b 	bl	100006fc <spin_lock_claim_unused>
10004886:	4b0b      	ldr	r3, [pc, #44]	@ (100048b4 <stdio_usb_init+0xd4>)
10004888:	0001      	movs	r1, r0
1000488a:	0018      	movs	r0, r3
1000488c:	f7fc faa6 	bl	10000ddc <critical_section_init_with_lock_num>
10004890:	2200      	movs	r2, #0
10004892:	2005      	movs	r0, #5
10004894:	490b      	ldr	r1, [pc, #44]	@ (100048c4 <stdio_usb_init+0xe4>)
10004896:	f7fb ffc5 	bl	10000824 <irq_add_shared_handler>
1000489a:	e7eb      	b.n	10004874 <stdio_usb_init+0x94>
1000489c:	f7fc fa74 	bl	10000d88 <mutex_init>
100048a0:	e7b6      	b.n	10004810 <stdio_usb_init+0x30>
100048a2:	46c0      	nop			@ (mov r8, r8)
100048a4:	10042a4c 	.word	0x10042a4c
100048a8:	20002c48 	.word	0x20002c48
100048ac:	20002c6c 	.word	0x20002c6c
100048b0:	10004719 	.word	0x10004719
100048b4:	20002b18 	.word	0x20002b18
100048b8:	7fffffff 	.word	0x7fffffff
100048bc:	100044dd 	.word	0x100044dd
100048c0:	20001200 	.word	0x20001200
100048c4:	100044cd 	.word	0x100044cd

100048c8 <tud_descriptor_device_cb>:
100048c8:	4800      	ldr	r0, [pc, #0]	@ (100048cc <tud_descriptor_device_cb+0x4>)
100048ca:	4770      	bx	lr
100048cc:	1000b388 	.word	0x1000b388

100048d0 <tud_descriptor_configuration_cb>:
100048d0:	4800      	ldr	r0, [pc, #0]	@ (100048d4 <tud_descriptor_configuration_cb+0x4>)
100048d2:	4770      	bx	lr
100048d4:	1000b334 	.word	0x1000b334

100048d8 <tud_descriptor_string_cb>:
100048d8:	b510      	push	{r4, lr}
100048da:	0004      	movs	r4, r0
100048dc:	4817      	ldr	r0, [pc, #92]	@ (1000493c <tud_descriptor_string_cb+0x64>)
100048de:	7803      	ldrb	r3, [r0, #0]
100048e0:	2b00      	cmp	r3, #0
100048e2:	d020      	beq.n	10004926 <tud_descriptor_string_cb+0x4e>
100048e4:	2c00      	cmp	r4, #0
100048e6:	d106      	bne.n	100048f6 <tud_descriptor_string_cb+0x1e>
100048e8:	4b15      	ldr	r3, [pc, #84]	@ (10004940 <tud_descriptor_string_cb+0x68>)
100048ea:	4816      	ldr	r0, [pc, #88]	@ (10004944 <tud_descriptor_string_cb+0x6c>)
100048ec:	8043      	strh	r3, [r0, #2]
100048ee:	3b06      	subs	r3, #6
100048f0:	3bff      	subs	r3, #255	@ 0xff
100048f2:	8003      	strh	r3, [r0, #0]
100048f4:	bd10      	pop	{r4, pc}
100048f6:	2c05      	cmp	r4, #5
100048f8:	d81d      	bhi.n	10004936 <tud_descriptor_string_cb+0x5e>
100048fa:	4b13      	ldr	r3, [pc, #76]	@ (10004948 <tud_descriptor_string_cb+0x70>)
100048fc:	00a4      	lsls	r4, r4, #2
100048fe:	58e0      	ldr	r0, [r4, r3]
10004900:	4912      	ldr	r1, [pc, #72]	@ (1000494c <tud_descriptor_string_cb+0x74>)
10004902:	2301      	movs	r3, #1
10004904:	3801      	subs	r0, #1
10004906:	e004      	b.n	10004912 <tud_descriptor_string_cb+0x3a>
10004908:	3301      	adds	r3, #1
1000490a:	800a      	strh	r2, [r1, #0]
1000490c:	3102      	adds	r1, #2
1000490e:	2b14      	cmp	r3, #20
10004910:	d00d      	beq.n	1000492e <tud_descriptor_string_cb+0x56>
10004912:	5cc2      	ldrb	r2, [r0, r3]
10004914:	2a00      	cmp	r2, #0
10004916:	d1f7      	bne.n	10004908 <tud_descriptor_string_cb+0x30>
10004918:	22c0      	movs	r2, #192	@ 0xc0
1000491a:	b2db      	uxtb	r3, r3
1000491c:	005b      	lsls	r3, r3, #1
1000491e:	0092      	lsls	r2, r2, #2
10004920:	4808      	ldr	r0, [pc, #32]	@ (10004944 <tud_descriptor_string_cb+0x6c>)
10004922:	4313      	orrs	r3, r2
10004924:	e7e5      	b.n	100048f2 <tud_descriptor_string_cb+0x1a>
10004926:	2111      	movs	r1, #17
10004928:	f000 f822 	bl	10004970 <pico_get_unique_board_id_string>
1000492c:	e7da      	b.n	100048e4 <tud_descriptor_string_cb+0xc>
1000492e:	23ca      	movs	r3, #202	@ 0xca
10004930:	4804      	ldr	r0, [pc, #16]	@ (10004944 <tud_descriptor_string_cb+0x6c>)
10004932:	009b      	lsls	r3, r3, #2
10004934:	e7dd      	b.n	100048f2 <tud_descriptor_string_cb+0x1a>
10004936:	2000      	movs	r0, #0
10004938:	e7dc      	b.n	100048f4 <tud_descriptor_string_cb+0x1c>
1000493a:	46c0      	nop			@ (mov r8, r8)
1000493c:	20002c50 	.word	0x20002c50
10004940:	00000409 	.word	0x00000409
10004944:	200026d8 	.word	0x200026d8
10004948:	1000b31c 	.word	0x1000b31c
1000494c:	200026da 	.word	0x200026da

10004950 <_retrieve_unique_id_on_boot>:
10004950:	b510      	push	{r4, lr}
10004952:	4802      	ldr	r0, [pc, #8]	@ (1000495c <_retrieve_unique_id_on_boot+0xc>)
10004954:	f000 f8e0 	bl	10004b18 <flash_get_unique_id>
10004958:	bd10      	pop	{r4, pc}
1000495a:	46c0      	nop			@ (mov r8, r8)
1000495c:	20002b38 	.word	0x20002b38

10004960 <pico_get_unique_board_id>:
10004960:	b510      	push	{r4, lr}
10004962:	2208      	movs	r2, #8
10004964:	4901      	ldr	r1, [pc, #4]	@ (1000496c <pico_get_unique_board_id+0xc>)
10004966:	f7fd fe83 	bl	10002670 <__wrap___aeabi_memcpy>
1000496a:	bd10      	pop	{r4, pc}
1000496c:	20002b38 	.word	0x20002b38

10004970 <pico_get_unique_board_id_string>:
10004970:	b530      	push	{r4, r5, lr}
10004972:	1e4b      	subs	r3, r1, #1
10004974:	2901      	cmp	r1, #1
10004976:	d100      	bne.n	1000497a <pico_get_unique_board_id_string+0xa>
10004978:	e0a7      	b.n	10004aca <pico_get_unique_board_id_string+0x15a>
1000497a:	4a66      	ldr	r2, [pc, #408]	@ (10004b14 <pico_get_unique_board_id_string+0x1a4>)
1000497c:	7811      	ldrb	r1, [r2, #0]
1000497e:	090d      	lsrs	r5, r1, #4
10004980:	002c      	movs	r4, r5
10004982:	3430      	adds	r4, #48	@ 0x30
10004984:	299f      	cmp	r1, #159	@ 0x9f
10004986:	d900      	bls.n	1000498a <pico_get_unique_board_id_string+0x1a>
10004988:	e0a2      	b.n	10004ad0 <pico_get_unique_board_id_string+0x160>
1000498a:	7004      	strb	r4, [r0, #0]
1000498c:	2b01      	cmp	r3, #1
1000498e:	d100      	bne.n	10004992 <pico_get_unique_board_id_string+0x22>
10004990:	e0be      	b.n	10004b10 <pico_get_unique_board_id_string+0x1a0>
10004992:	210f      	movs	r1, #15
10004994:	7814      	ldrb	r4, [r2, #0]
10004996:	4021      	ands	r1, r4
10004998:	000c      	movs	r4, r1
1000499a:	3430      	adds	r4, #48	@ 0x30
1000499c:	2909      	cmp	r1, #9
1000499e:	d900      	bls.n	100049a2 <pico_get_unique_board_id_string+0x32>
100049a0:	e098      	b.n	10004ad4 <pico_get_unique_board_id_string+0x164>
100049a2:	7044      	strb	r4, [r0, #1]
100049a4:	2b02      	cmp	r3, #2
100049a6:	d100      	bne.n	100049aa <pico_get_unique_board_id_string+0x3a>
100049a8:	e0b2      	b.n	10004b10 <pico_get_unique_board_id_string+0x1a0>
100049aa:	7854      	ldrb	r4, [r2, #1]
100049ac:	0925      	lsrs	r5, r4, #4
100049ae:	0029      	movs	r1, r5
100049b0:	3130      	adds	r1, #48	@ 0x30
100049b2:	2c9f      	cmp	r4, #159	@ 0x9f
100049b4:	d900      	bls.n	100049b8 <pico_get_unique_board_id_string+0x48>
100049b6:	e090      	b.n	10004ada <pico_get_unique_board_id_string+0x16a>
100049b8:	7081      	strb	r1, [r0, #2]
100049ba:	2b03      	cmp	r3, #3
100049bc:	d100      	bne.n	100049c0 <pico_get_unique_board_id_string+0x50>
100049be:	e0a7      	b.n	10004b10 <pico_get_unique_board_id_string+0x1a0>
100049c0:	210f      	movs	r1, #15
100049c2:	4021      	ands	r1, r4
100049c4:	000c      	movs	r4, r1
100049c6:	3430      	adds	r4, #48	@ 0x30
100049c8:	2909      	cmp	r1, #9
100049ca:	d900      	bls.n	100049ce <pico_get_unique_board_id_string+0x5e>
100049cc:	e087      	b.n	10004ade <pico_get_unique_board_id_string+0x16e>
100049ce:	70c4      	strb	r4, [r0, #3]
100049d0:	2b04      	cmp	r3, #4
100049d2:	d100      	bne.n	100049d6 <pico_get_unique_board_id_string+0x66>
100049d4:	e09c      	b.n	10004b10 <pico_get_unique_board_id_string+0x1a0>
100049d6:	7894      	ldrb	r4, [r2, #2]
100049d8:	0925      	lsrs	r5, r4, #4
100049da:	0029      	movs	r1, r5
100049dc:	3130      	adds	r1, #48	@ 0x30
100049de:	2c9f      	cmp	r4, #159	@ 0x9f
100049e0:	d900      	bls.n	100049e4 <pico_get_unique_board_id_string+0x74>
100049e2:	e07f      	b.n	10004ae4 <pico_get_unique_board_id_string+0x174>
100049e4:	7101      	strb	r1, [r0, #4]
100049e6:	2b05      	cmp	r3, #5
100049e8:	d100      	bne.n	100049ec <pico_get_unique_board_id_string+0x7c>
100049ea:	e091      	b.n	10004b10 <pico_get_unique_board_id_string+0x1a0>
100049ec:	210f      	movs	r1, #15
100049ee:	4021      	ands	r1, r4
100049f0:	000c      	movs	r4, r1
100049f2:	3430      	adds	r4, #48	@ 0x30
100049f4:	2909      	cmp	r1, #9
100049f6:	d900      	bls.n	100049fa <pico_get_unique_board_id_string+0x8a>
100049f8:	e076      	b.n	10004ae8 <pico_get_unique_board_id_string+0x178>
100049fa:	7144      	strb	r4, [r0, #5]
100049fc:	2b06      	cmp	r3, #6
100049fe:	d100      	bne.n	10004a02 <pico_get_unique_board_id_string+0x92>
10004a00:	e086      	b.n	10004b10 <pico_get_unique_board_id_string+0x1a0>
10004a02:	78d4      	ldrb	r4, [r2, #3]
10004a04:	0925      	lsrs	r5, r4, #4
10004a06:	0029      	movs	r1, r5
10004a08:	3130      	adds	r1, #48	@ 0x30
10004a0a:	2c9f      	cmp	r4, #159	@ 0x9f
10004a0c:	d900      	bls.n	10004a10 <pico_get_unique_board_id_string+0xa0>
10004a0e:	e06e      	b.n	10004aee <pico_get_unique_board_id_string+0x17e>
10004a10:	7181      	strb	r1, [r0, #6]
10004a12:	2b07      	cmp	r3, #7
10004a14:	d100      	bne.n	10004a18 <pico_get_unique_board_id_string+0xa8>
10004a16:	e07b      	b.n	10004b10 <pico_get_unique_board_id_string+0x1a0>
10004a18:	210f      	movs	r1, #15
10004a1a:	4021      	ands	r1, r4
10004a1c:	000c      	movs	r4, r1
10004a1e:	3430      	adds	r4, #48	@ 0x30
10004a20:	2909      	cmp	r1, #9
10004a22:	d866      	bhi.n	10004af2 <pico_get_unique_board_id_string+0x182>
10004a24:	71c4      	strb	r4, [r0, #7]
10004a26:	2b08      	cmp	r3, #8
10004a28:	d100      	bne.n	10004a2c <pico_get_unique_board_id_string+0xbc>
10004a2a:	e071      	b.n	10004b10 <pico_get_unique_board_id_string+0x1a0>
10004a2c:	7914      	ldrb	r4, [r2, #4]
10004a2e:	0925      	lsrs	r5, r4, #4
10004a30:	0029      	movs	r1, r5
10004a32:	3130      	adds	r1, #48	@ 0x30
10004a34:	2c9f      	cmp	r4, #159	@ 0x9f
10004a36:	d85f      	bhi.n	10004af8 <pico_get_unique_board_id_string+0x188>
10004a38:	7201      	strb	r1, [r0, #8]
10004a3a:	2b09      	cmp	r3, #9
10004a3c:	d068      	beq.n	10004b10 <pico_get_unique_board_id_string+0x1a0>
10004a3e:	210f      	movs	r1, #15
10004a40:	4021      	ands	r1, r4
10004a42:	000c      	movs	r4, r1
10004a44:	3430      	adds	r4, #48	@ 0x30
10004a46:	2909      	cmp	r1, #9
10004a48:	d858      	bhi.n	10004afc <pico_get_unique_board_id_string+0x18c>
10004a4a:	7244      	strb	r4, [r0, #9]
10004a4c:	2b0a      	cmp	r3, #10
10004a4e:	d05f      	beq.n	10004b10 <pico_get_unique_board_id_string+0x1a0>
10004a50:	7954      	ldrb	r4, [r2, #5]
10004a52:	0925      	lsrs	r5, r4, #4
10004a54:	0029      	movs	r1, r5
10004a56:	3130      	adds	r1, #48	@ 0x30
10004a58:	2c9f      	cmp	r4, #159	@ 0x9f
10004a5a:	d852      	bhi.n	10004b02 <pico_get_unique_board_id_string+0x192>
10004a5c:	7281      	strb	r1, [r0, #10]
10004a5e:	2b0b      	cmp	r3, #11
10004a60:	d056      	beq.n	10004b10 <pico_get_unique_board_id_string+0x1a0>
10004a62:	210f      	movs	r1, #15
10004a64:	4021      	ands	r1, r4
10004a66:	000c      	movs	r4, r1
10004a68:	3430      	adds	r4, #48	@ 0x30
10004a6a:	2909      	cmp	r1, #9
10004a6c:	d84b      	bhi.n	10004b06 <pico_get_unique_board_id_string+0x196>
10004a6e:	72c4      	strb	r4, [r0, #11]
10004a70:	2b0c      	cmp	r3, #12
10004a72:	d04d      	beq.n	10004b10 <pico_get_unique_board_id_string+0x1a0>
10004a74:	7994      	ldrb	r4, [r2, #6]
10004a76:	0925      	lsrs	r5, r4, #4
10004a78:	0029      	movs	r1, r5
10004a7a:	3130      	adds	r1, #48	@ 0x30
10004a7c:	2c9f      	cmp	r4, #159	@ 0x9f
10004a7e:	d900      	bls.n	10004a82 <pico_get_unique_board_id_string+0x112>
10004a80:	3107      	adds	r1, #7
10004a82:	7301      	strb	r1, [r0, #12]
10004a84:	2b0d      	cmp	r3, #13
10004a86:	d043      	beq.n	10004b10 <pico_get_unique_board_id_string+0x1a0>
10004a88:	210f      	movs	r1, #15
10004a8a:	4021      	ands	r1, r4
10004a8c:	000c      	movs	r4, r1
10004a8e:	3430      	adds	r4, #48	@ 0x30
10004a90:	2909      	cmp	r1, #9
10004a92:	d901      	bls.n	10004a98 <pico_get_unique_board_id_string+0x128>
10004a94:	3137      	adds	r1, #55	@ 0x37
10004a96:	000c      	movs	r4, r1
10004a98:	7344      	strb	r4, [r0, #13]
10004a9a:	2b0e      	cmp	r3, #14
10004a9c:	d038      	beq.n	10004b10 <pico_get_unique_board_id_string+0x1a0>
10004a9e:	79d1      	ldrb	r1, [r2, #7]
10004aa0:	090c      	lsrs	r4, r1, #4
10004aa2:	0022      	movs	r2, r4
10004aa4:	3230      	adds	r2, #48	@ 0x30
10004aa6:	299f      	cmp	r1, #159	@ 0x9f
10004aa8:	d900      	bls.n	10004aac <pico_get_unique_board_id_string+0x13c>
10004aaa:	3207      	adds	r2, #7
10004aac:	7382      	strb	r2, [r0, #14]
10004aae:	2b0f      	cmp	r3, #15
10004ab0:	d02e      	beq.n	10004b10 <pico_get_unique_board_id_string+0x1a0>
10004ab2:	220f      	movs	r2, #15
10004ab4:	400a      	ands	r2, r1
10004ab6:	0011      	movs	r1, r2
10004ab8:	3137      	adds	r1, #55	@ 0x37
10004aba:	2a09      	cmp	r2, #9
10004abc:	d801      	bhi.n	10004ac2 <pico_get_unique_board_id_string+0x152>
10004abe:	3230      	adds	r2, #48	@ 0x30
10004ac0:	0011      	movs	r1, r2
10004ac2:	73c1      	strb	r1, [r0, #15]
10004ac4:	2b10      	cmp	r3, #16
10004ac6:	d023      	beq.n	10004b10 <pico_get_unique_board_id_string+0x1a0>
10004ac8:	3010      	adds	r0, #16
10004aca:	2300      	movs	r3, #0
10004acc:	7003      	strb	r3, [r0, #0]
10004ace:	bd30      	pop	{r4, r5, pc}
10004ad0:	3407      	adds	r4, #7
10004ad2:	e75a      	b.n	1000498a <pico_get_unique_board_id_string+0x1a>
10004ad4:	3137      	adds	r1, #55	@ 0x37
10004ad6:	000c      	movs	r4, r1
10004ad8:	e763      	b.n	100049a2 <pico_get_unique_board_id_string+0x32>
10004ada:	3107      	adds	r1, #7
10004adc:	e76c      	b.n	100049b8 <pico_get_unique_board_id_string+0x48>
10004ade:	3137      	adds	r1, #55	@ 0x37
10004ae0:	000c      	movs	r4, r1
10004ae2:	e774      	b.n	100049ce <pico_get_unique_board_id_string+0x5e>
10004ae4:	3107      	adds	r1, #7
10004ae6:	e77d      	b.n	100049e4 <pico_get_unique_board_id_string+0x74>
10004ae8:	3137      	adds	r1, #55	@ 0x37
10004aea:	000c      	movs	r4, r1
10004aec:	e785      	b.n	100049fa <pico_get_unique_board_id_string+0x8a>
10004aee:	3107      	adds	r1, #7
10004af0:	e78e      	b.n	10004a10 <pico_get_unique_board_id_string+0xa0>
10004af2:	3137      	adds	r1, #55	@ 0x37
10004af4:	000c      	movs	r4, r1
10004af6:	e795      	b.n	10004a24 <pico_get_unique_board_id_string+0xb4>
10004af8:	3107      	adds	r1, #7
10004afa:	e79d      	b.n	10004a38 <pico_get_unique_board_id_string+0xc8>
10004afc:	3137      	adds	r1, #55	@ 0x37
10004afe:	000c      	movs	r4, r1
10004b00:	e7a3      	b.n	10004a4a <pico_get_unique_board_id_string+0xda>
10004b02:	3107      	adds	r1, #7
10004b04:	e7aa      	b.n	10004a5c <pico_get_unique_board_id_string+0xec>
10004b06:	3137      	adds	r1, #55	@ 0x37
10004b08:	000c      	movs	r4, r1
10004b0a:	72c4      	strb	r4, [r0, #11]
10004b0c:	2b0c      	cmp	r3, #12
10004b0e:	d1b1      	bne.n	10004a74 <pico_get_unique_board_id_string+0x104>
10004b10:	18c0      	adds	r0, r0, r3
10004b12:	e7da      	b.n	10004aca <pico_get_unique_board_id_string+0x15a>
10004b14:	20002b38 	.word	0x20002b38

10004b18 <flash_get_unique_id>:
10004b18:	b510      	push	{r4, lr}
10004b1a:	b088      	sub	sp, #32
10004b1c:	0004      	movs	r4, r0
10004b1e:	220d      	movs	r2, #13
10004b20:	2100      	movs	r1, #0
10004b22:	4668      	mov	r0, sp
10004b24:	f7fd fd9e 	bl	10002664 <__wrap_memset>
10004b28:	220d      	movs	r2, #13
10004b2a:	2100      	movs	r1, #0
10004b2c:	a804      	add	r0, sp, #16
10004b2e:	f7fd fd99 	bl	10002664 <__wrap_memset>
10004b32:	234b      	movs	r3, #75	@ 0x4b
10004b34:	466a      	mov	r2, sp
10004b36:	4668      	mov	r0, sp
10004b38:	7013      	strb	r3, [r2, #0]
10004b3a:	a904      	add	r1, sp, #16
10004b3c:	220d      	movs	r2, #13
10004b3e:	f005 ff03 	bl	1000a948 <__flash_do_cmd_veneer>
10004b42:	2115      	movs	r1, #21
10004b44:	2208      	movs	r2, #8
10004b46:	0020      	movs	r0, r4
10004b48:	4469      	add	r1, sp
10004b4a:	f7fd fd91 	bl	10002670 <__wrap___aeabi_memcpy>
10004b4e:	b008      	add	sp, #32
10004b50:	bd10      	pop	{r4, pc}
10004b52:	46c0      	nop			@ (mov r8, r8)

10004b54 <dcd_init>:
10004b54:	b5f8      	push	{r3, r4, r5, r6, r7, lr}
10004b56:	f000 f947 	bl	10004de8 <rp2040_usb_init>
10004b5a:	230c      	movs	r3, #12
10004b5c:	4d19      	ldr	r5, [pc, #100]	@ (10004bc4 <dcd_init+0x70>)
10004b5e:	22ff      	movs	r2, #255	@ 0xff
10004b60:	67ab      	str	r3, [r5, #120]	@ 0x78
10004b62:	2005      	movs	r0, #5
10004b64:	4918      	ldr	r1, [pc, #96]	@ (10004bc8 <dcd_init+0x74>)
10004b66:	f7fb fe5d 	bl	10000824 <irq_add_shared_handler>
10004b6a:	4c18      	ldr	r4, [pc, #96]	@ (10004bcc <dcd_init+0x78>)
10004b6c:	2240      	movs	r2, #64	@ 0x40
10004b6e:	2100      	movs	r1, #0
10004b70:	0020      	movs	r0, r4
10004b72:	f7fd fd77 	bl	10002664 <__wrap_memset>
10004b76:	2740      	movs	r7, #64	@ 0x40
10004b78:	2300      	movs	r3, #0
10004b7a:	2601      	movs	r6, #1
10004b7c:	2121      	movs	r1, #33	@ 0x21
10004b7e:	4a14      	ldr	r2, [pc, #80]	@ (10004bd0 <dcd_init+0x7c>)
10004b80:	7066      	strb	r6, [r4, #1]
10004b82:	8327      	strh	r7, [r4, #24]
10004b84:	60a2      	str	r2, [r4, #8]
10004b86:	6013      	str	r3, [r2, #0]
10004b88:	5463      	strb	r3, [r4, r1]
10004b8a:	315f      	adds	r1, #95	@ 0x5f
10004b8c:	8461      	strh	r1, [r4, #34]	@ 0x22
10004b8e:	3945      	subs	r1, #69	@ 0x45
10004b90:	5463      	strb	r3, [r4, r1]
10004b92:	4a10      	ldr	r2, [pc, #64]	@ (10004bd4 <dcd_init+0x80>)
10004b94:	4910      	ldr	r1, [pc, #64]	@ (10004bd8 <dcd_init+0x84>)
10004b96:	6063      	str	r3, [r4, #4]
10004b98:	60e2      	str	r2, [r4, #12]
10004b9a:	8727      	strh	r7, [r4, #56]	@ 0x38
10004b9c:	62a1      	str	r1, [r4, #40]	@ 0x28
10004b9e:	600b      	str	r3, [r1, #0]
10004ba0:	6263      	str	r3, [r4, #36]	@ 0x24
10004ba2:	62e2      	str	r2, [r4, #44]	@ 0x2c
10004ba4:	f005 ff28 	bl	1000a9f8 <__reset_non_control_endpoints_veneer>
10004ba8:	2380      	movs	r3, #128	@ 0x80
10004baa:	059b      	lsls	r3, r3, #22
10004bac:	642e      	str	r6, [r5, #64]	@ 0x40
10004bae:	64eb      	str	r3, [r5, #76]	@ 0x4c
10004bb0:	2390      	movs	r3, #144	@ 0x90
10004bb2:	4a0a      	ldr	r2, [pc, #40]	@ (10004bdc <dcd_init+0x88>)
10004bb4:	2001      	movs	r0, #1
10004bb6:	50ea      	str	r2, [r5, r3]
10004bb8:	2280      	movs	r2, #128	@ 0x80
10004bba:	4b09      	ldr	r3, [pc, #36]	@ (10004be0 <dcd_init+0x8c>)
10004bbc:	0252      	lsls	r2, r2, #9
10004bbe:	64da      	str	r2, [r3, #76]	@ 0x4c
10004bc0:	bdf8      	pop	{r3, r4, r5, r6, r7, pc}
10004bc2:	46c0      	nop			@ (mov r8, r8)
10004bc4:	50110000 	.word	0x50110000
10004bc8:	200006d9 	.word	0x200006d9
10004bcc:	2000270c 	.word	0x2000270c
10004bd0:	50100084 	.word	0x50100084
10004bd4:	50100100 	.word	0x50100100
10004bd8:	50100080 	.word	0x50100080
10004bdc:	0001d010 	.word	0x0001d010
10004be0:	50112000 	.word	0x50112000

10004be4 <dcd_int_enable>:
10004be4:	b510      	push	{r4, lr}
10004be6:	2101      	movs	r1, #1
10004be8:	2005      	movs	r0, #5
10004bea:	f7fb fdb9 	bl	10000760 <irq_set_enabled>
10004bee:	bd10      	pop	{r4, pc}

10004bf0 <dcd_set_address>:
10004bf0:	b510      	push	{r4, lr}
10004bf2:	2200      	movs	r2, #0
10004bf4:	2100      	movs	r1, #0
10004bf6:	4802      	ldr	r0, [pc, #8]	@ (10004c00 <dcd_set_address+0x10>)
10004bf8:	f000 f916 	bl	10004e28 <hw_endpoint_xfer_start>
10004bfc:	bd10      	pop	{r4, pc}
10004bfe:	46c0      	nop			@ (mov r8, r8)
10004c00:	2000272c 	.word	0x2000272c

10004c04 <dcd_sof_enable>:
10004c04:	4b04      	ldr	r3, [pc, #16]	@ (10004c18 <dcd_sof_enable+0x14>)
10004c06:	7019      	strb	r1, [r3, #0]
10004c08:	2900      	cmp	r1, #0
10004c0a:	d004      	beq.n	10004c16 <dcd_sof_enable+0x12>
10004c0c:	2180      	movs	r1, #128	@ 0x80
10004c0e:	2390      	movs	r3, #144	@ 0x90
10004c10:	4a02      	ldr	r2, [pc, #8]	@ (10004c1c <dcd_sof_enable+0x18>)
10004c12:	0289      	lsls	r1, r1, #10
10004c14:	50d1      	str	r1, [r2, r3]
10004c16:	4770      	bx	lr
10004c18:	20002c67 	.word	0x20002c67
10004c1c:	50112000 	.word	0x50112000

10004c20 <dcd_edpt0_status_complete>:
10004c20:	780b      	ldrb	r3, [r1, #0]
10004c22:	065b      	lsls	r3, r3, #25
10004c24:	d102      	bne.n	10004c2c <dcd_edpt0_status_complete+0xc>
10004c26:	784b      	ldrb	r3, [r1, #1]
10004c28:	2b05      	cmp	r3, #5
10004c2a:	d000      	beq.n	10004c2e <dcd_edpt0_status_complete+0xe>
10004c2c:	4770      	bx	lr
10004c2e:	788a      	ldrb	r2, [r1, #2]
10004c30:	4b01      	ldr	r3, [pc, #4]	@ (10004c38 <dcd_edpt0_status_complete+0x18>)
10004c32:	601a      	str	r2, [r3, #0]
10004c34:	e7fa      	b.n	10004c2c <dcd_edpt0_status_complete+0xc>
10004c36:	46c0      	nop			@ (mov r8, r8)
10004c38:	50110000 	.word	0x50110000

10004c3c <dcd_edpt_open>:
10004c3c:	b5f0      	push	{r4, r5, r6, r7, lr}
10004c3e:	46c6      	mov	lr, r8
10004c40:	78c8      	ldrb	r0, [r1, #3]
10004c42:	b500      	push	{lr}
10004c44:	0780      	lsls	r0, r0, #30
10004c46:	0f83      	lsrs	r3, r0, #30
10004c48:	0018      	movs	r0, r3
10004c4a:	2b01      	cmp	r3, #1
10004c4c:	d060      	beq.n	10004d10 <dcd_edpt_open+0xd4>
10004c4e:	788f      	ldrb	r7, [r1, #2]
10004c50:	790a      	ldrb	r2, [r1, #4]
10004c52:	794b      	ldrb	r3, [r1, #5]
10004c54:	217f      	movs	r1, #127	@ 0x7f
10004c56:	4039      	ands	r1, r7
10004c58:	09fc      	lsrs	r4, r7, #7
10004c5a:	021b      	lsls	r3, r3, #8
10004c5c:	004e      	lsls	r6, r1, #1
10004c5e:	4313      	orrs	r3, r2
10004c60:	4d33      	ldr	r5, [pc, #204]	@ (10004d30 <dcd_edpt_open+0xf4>)
10004c62:	1932      	adds	r2, r6, r4
10004c64:	0152      	lsls	r2, r2, #5
10004c66:	18aa      	adds	r2, r5, r2
10004c68:	7097      	strb	r7, [r2, #2]
10004c6a:	2701      	movs	r7, #1
10004c6c:	4067      	eors	r7, r4
10004c6e:	7057      	strb	r7, [r2, #1]
10004c70:	2700      	movs	r7, #0
10004c72:	055b      	lsls	r3, r3, #21
10004c74:	0d5b      	lsrs	r3, r3, #21
10004c76:	70d7      	strb	r7, [r2, #3]
10004c78:	8313      	strh	r3, [r2, #24]
10004c7a:	76d0      	strb	r0, [r2, #27]
10004c7c:	46b8      	mov	r8, r7
10004c7e:	00ca      	lsls	r2, r1, #3
10004c80:	2c01      	cmp	r4, #1
10004c82:	d032      	beq.n	10004cea <dcd_edpt_open+0xae>
10004c84:	4f2b      	ldr	r7, [pc, #172]	@ (10004d34 <dcd_edpt_open+0xf8>)
10004c86:	46bc      	mov	ip, r7
10004c88:	018f      	lsls	r7, r1, #6
10004c8a:	4462      	add	r2, ip
10004c8c:	46bc      	mov	ip, r7
10004c8e:	44ac      	add	ip, r5
10004c90:	4667      	mov	r7, ip
10004c92:	60ba      	str	r2, [r7, #8]
10004c94:	4647      	mov	r7, r8
10004c96:	6017      	str	r7, [r2, #0]
10004c98:	2900      	cmp	r1, #0
10004c9a:	d032      	beq.n	10004d02 <dcd_edpt_open+0xc6>
10004c9c:	4a26      	ldr	r2, [pc, #152]	@ (10004d38 <dcd_edpt_open+0xfc>)
10004c9e:	00c9      	lsls	r1, r1, #3
10004ca0:	4690      	mov	r8, r2
10004ca2:	4662      	mov	r2, ip
10004ca4:	4441      	add	r1, r8
10004ca6:	6051      	str	r1, [r2, #4]
10004ca8:	223f      	movs	r2, #63	@ 0x3f
10004caa:	333f      	adds	r3, #63	@ 0x3f
10004cac:	4393      	bics	r3, r2
10004cae:	2802      	cmp	r0, #2
10004cb0:	d037      	beq.n	10004d22 <dcd_edpt_open+0xe6>
10004cb2:	4922      	ldr	r1, [pc, #136]	@ (10004d3c <dcd_edpt_open+0x100>)
10004cb4:	1937      	adds	r7, r6, r4
10004cb6:	680a      	ldr	r2, [r1, #0]
10004cb8:	017f      	lsls	r7, r7, #5
10004cba:	18d3      	adds	r3, r2, r3
10004cbc:	600b      	str	r3, [r1, #0]
10004cbe:	4920      	ldr	r1, [pc, #128]	@ (10004d40 <dcd_edpt_open+0x104>)
10004cc0:	19ef      	adds	r7, r5, r7
10004cc2:	60fa      	str	r2, [r7, #12]
10004cc4:	428b      	cmp	r3, r1
10004cc6:	d82e      	bhi.n	10004d26 <dcd_edpt_open+0xea>
10004cc8:	1936      	adds	r6, r6, r4
10004cca:	0176      	lsls	r6, r6, #5
10004ccc:	19ad      	adds	r5, r5, r6
10004cce:	7eeb      	ldrb	r3, [r5, #27]
10004cd0:	491c      	ldr	r1, [pc, #112]	@ (10004d44 <dcd_edpt_open+0x108>)
10004cd2:	069b      	lsls	r3, r3, #26
10004cd4:	404a      	eors	r2, r1
10004cd6:	4313      	orrs	r3, r2
10004cd8:	2280      	movs	r2, #128	@ 0x80
10004cda:	0612      	lsls	r2, r2, #24
10004cdc:	4313      	orrs	r3, r2
10004cde:	686a      	ldr	r2, [r5, #4]
10004ce0:	6013      	str	r3, [r2, #0]
10004ce2:	2001      	movs	r0, #1
10004ce4:	bc80      	pop	{r7}
10004ce6:	46b8      	mov	r8, r7
10004ce8:	bdf0      	pop	{r4, r5, r6, r7, pc}
10004cea:	4f17      	ldr	r7, [pc, #92]	@ (10004d48 <dcd_edpt_open+0x10c>)
10004cec:	46bc      	mov	ip, r7
10004cee:	018f      	lsls	r7, r1, #6
10004cf0:	4462      	add	r2, ip
10004cf2:	46bc      	mov	ip, r7
10004cf4:	44ac      	add	ip, r5
10004cf6:	4667      	mov	r7, ip
10004cf8:	62ba      	str	r2, [r7, #40]	@ 0x28
10004cfa:	4647      	mov	r7, r8
10004cfc:	6017      	str	r7, [r2, #0]
10004cfe:	2900      	cmp	r1, #0
10004d00:	d108      	bne.n	10004d14 <dcd_edpt_open+0xd8>
10004d02:	2300      	movs	r3, #0
10004d04:	0164      	lsls	r4, r4, #5
10004d06:	192c      	adds	r4, r5, r4
10004d08:	6063      	str	r3, [r4, #4]
10004d0a:	4b10      	ldr	r3, [pc, #64]	@ (10004d4c <dcd_edpt_open+0x110>)
10004d0c:	60e3      	str	r3, [r4, #12]
10004d0e:	e7e8      	b.n	10004ce2 <dcd_edpt_open+0xa6>
10004d10:	2000      	movs	r0, #0
10004d12:	e7e7      	b.n	10004ce4 <dcd_edpt_open+0xa8>
10004d14:	4a0b      	ldr	r2, [pc, #44]	@ (10004d44 <dcd_edpt_open+0x108>)
10004d16:	00c9      	lsls	r1, r1, #3
10004d18:	4690      	mov	r8, r2
10004d1a:	4662      	mov	r2, ip
10004d1c:	4441      	add	r1, r8
10004d1e:	6251      	str	r1, [r2, #36]	@ 0x24
10004d20:	e7c2      	b.n	10004ca8 <dcd_edpt_open+0x6c>
10004d22:	005b      	lsls	r3, r3, #1
10004d24:	e7c5      	b.n	10004cb2 <dcd_edpt_open+0x76>
10004d26:	f7fc fef7 	bl	10001b18 <hard_assertion_failure>
10004d2a:	68fa      	ldr	r2, [r7, #12]
10004d2c:	e7cc      	b.n	10004cc8 <dcd_edpt_open+0x8c>
10004d2e:	46c0      	nop			@ (mov r8, r8)
10004d30:	2000270c 	.word	0x2000270c
10004d34:	50100084 	.word	0x50100084
10004d38:	50100004 	.word	0x50100004
10004d3c:	20002b14 	.word	0x20002b14
10004d40:	50100fff 	.word	0x50100fff
10004d44:	50100000 	.word	0x50100000
10004d48:	50100080 	.word	0x50100080
10004d4c:	50100100 	.word	0x50100100

10004d50 <dcd_edpt_close_all>:
10004d50:	b510      	push	{r4, lr}
10004d52:	f005 fe51 	bl	1000a9f8 <__reset_non_control_endpoints_veneer>
10004d56:	bd10      	pop	{r4, pc}

10004d58 <dcd_edpt_xfer>:
10004d58:	b510      	push	{r4, lr}
10004d5a:	207f      	movs	r0, #127	@ 0x7f
10004d5c:	000c      	movs	r4, r1
10004d5e:	4020      	ands	r0, r4
10004d60:	0040      	lsls	r0, r0, #1
10004d62:	09e4      	lsrs	r4, r4, #7
10004d64:	0011      	movs	r1, r2
10004d66:	1900      	adds	r0, r0, r4
10004d68:	001a      	movs	r2, r3
10004d6a:	4b03      	ldr	r3, [pc, #12]	@ (10004d78 <dcd_edpt_xfer+0x20>)
10004d6c:	0140      	lsls	r0, r0, #5
10004d6e:	18c0      	adds	r0, r0, r3
10004d70:	f000 f85a 	bl	10004e28 <hw_endpoint_xfer_start>
10004d74:	2001      	movs	r0, #1
10004d76:	bd10      	pop	{r4, pc}
10004d78:	2000270c 	.word	0x2000270c

10004d7c <dcd_edpt_stall>:
10004d7c:	237f      	movs	r3, #127	@ 0x7f
10004d7e:	0018      	movs	r0, r3
10004d80:	b500      	push	{lr}
10004d82:	4008      	ands	r0, r1
10004d84:	b083      	sub	sp, #12
10004d86:	420b      	tst	r3, r1
10004d88:	d104      	bne.n	10004d94 <dcd_edpt_stall+0x18>
10004d8a:	424b      	negs	r3, r1
10004d8c:	414b      	adcs	r3, r1
10004d8e:	4a08      	ldr	r2, [pc, #32]	@ (10004db0 <dcd_edpt_stall+0x34>)
10004d90:	3301      	adds	r3, #1
10004d92:	6693      	str	r3, [r2, #104]	@ 0x68
10004d94:	2280      	movs	r2, #128	@ 0x80
10004d96:	09c9      	lsrs	r1, r1, #7
10004d98:	0040      	lsls	r0, r0, #1
10004d9a:	4b06      	ldr	r3, [pc, #24]	@ (10004db4 <dcd_edpt_stall+0x38>)
10004d9c:	1840      	adds	r0, r0, r1
10004d9e:	0140      	lsls	r0, r0, #5
10004da0:	2100      	movs	r1, #0
10004da2:	18c0      	adds	r0, r0, r3
10004da4:	0112      	lsls	r2, r2, #4
10004da6:	f005 fe2f 	bl	1000aa08 <___hw_endpoint_buffer_control_update32_veneer>
10004daa:	b003      	add	sp, #12
10004dac:	bd00      	pop	{pc}
10004dae:	46c0      	nop			@ (mov r8, r8)
10004db0:	50112000 	.word	0x50112000
10004db4:	2000270c 	.word	0x2000270c

10004db8 <dcd_edpt_clear_stall>:
10004db8:	227f      	movs	r2, #127	@ 0x7f
10004dba:	0013      	movs	r3, r2
10004dbc:	b510      	push	{r4, lr}
10004dbe:	400b      	ands	r3, r1
10004dc0:	420a      	tst	r2, r1
10004dc2:	d100      	bne.n	10004dc6 <dcd_edpt_clear_stall+0xe>
10004dc4:	bd10      	pop	{r4, pc}
10004dc6:	09c9      	lsrs	r1, r1, #7
10004dc8:	005b      	lsls	r3, r3, #1
10004dca:	185b      	adds	r3, r3, r1
10004dcc:	4804      	ldr	r0, [pc, #16]	@ (10004de0 <dcd_edpt_clear_stall+0x28>)
10004dce:	015b      	lsls	r3, r3, #5
10004dd0:	18c0      	adds	r0, r0, r3
10004dd2:	2300      	movs	r3, #0
10004dd4:	2200      	movs	r2, #0
10004dd6:	4903      	ldr	r1, [pc, #12]	@ (10004de4 <dcd_edpt_clear_stall+0x2c>)
10004dd8:	70c3      	strb	r3, [r0, #3]
10004dda:	f005 fe15 	bl	1000aa08 <___hw_endpoint_buffer_control_update32_veneer>
10004dde:	e7f1      	b.n	10004dc4 <dcd_edpt_clear_stall+0xc>
10004de0:	2000270c 	.word	0x2000270c
10004de4:	fffff7ff 	.word	0xfffff7ff

10004de8 <rp2040_usb_init>:
10004de8:	2280      	movs	r2, #128	@ 0x80
10004dea:	4b0a      	ldr	r3, [pc, #40]	@ (10004e14 <rp2040_usb_init+0x2c>)
10004dec:	0452      	lsls	r2, r2, #17
10004dee:	b510      	push	{r4, lr}
10004df0:	601a      	str	r2, [r3, #0]
10004df2:	4b09      	ldr	r3, [pc, #36]	@ (10004e18 <rp2040_usb_init+0x30>)
10004df4:	4909      	ldr	r1, [pc, #36]	@ (10004e1c <rp2040_usb_init+0x34>)
10004df6:	601a      	str	r2, [r3, #0]
10004df8:	0010      	movs	r0, r2
10004dfa:	680b      	ldr	r3, [r1, #0]
10004dfc:	4398      	bics	r0, r3
10004dfe:	d1fb      	bne.n	10004df8 <rp2040_usb_init+0x10>
10004e00:	2280      	movs	r2, #128	@ 0x80
10004e02:	2100      	movs	r1, #0
10004e04:	0152      	lsls	r2, r2, #5
10004e06:	4806      	ldr	r0, [pc, #24]	@ (10004e20 <rp2040_usb_init+0x38>)
10004e08:	f7fd fc2c 	bl	10002664 <__wrap_memset>
10004e0c:	2209      	movs	r2, #9
10004e0e:	4b05      	ldr	r3, [pc, #20]	@ (10004e24 <rp2040_usb_init+0x3c>)
10004e10:	675a      	str	r2, [r3, #116]	@ 0x74
10004e12:	bd10      	pop	{r4, pc}
10004e14:	4000e000 	.word	0x4000e000
10004e18:	4000f000 	.word	0x4000f000
10004e1c:	4000c008 	.word	0x4000c008
10004e20:	50100000 	.word	0x50100000
10004e24:	50110000 	.word	0x50110000

10004e28 <hw_endpoint_xfer_start>:
10004e28:	2300      	movs	r3, #0
10004e2a:	b510      	push	{r4, lr}
10004e2c:	82c3      	strh	r3, [r0, #22]
10004e2e:	3301      	adds	r3, #1
10004e30:	8282      	strh	r2, [r0, #20]
10004e32:	7683      	strb	r3, [r0, #26]
10004e34:	6101      	str	r1, [r0, #16]
10004e36:	0004      	movs	r4, r0
10004e38:	f005 fdee 	bl	1000aa18 <__e15_is_bulkin_ep_veneer>
10004e3c:	2800      	cmp	r0, #0
10004e3e:	d004      	beq.n	10004e4a <hw_endpoint_xfer_start+0x22>
10004e40:	2180      	movs	r1, #128	@ 0x80
10004e42:	2390      	movs	r3, #144	@ 0x90
10004e44:	4a07      	ldr	r2, [pc, #28]	@ (10004e64 <hw_endpoint_xfer_start+0x3c>)
10004e46:	0289      	lsls	r1, r1, #10
10004e48:	50d1      	str	r1, [r2, r3]
10004e4a:	0020      	movs	r0, r4
10004e4c:	f005 fd74 	bl	1000a938 <__e15_is_critical_frame_period_veneer>
10004e50:	2800      	cmp	r0, #0
10004e52:	d002      	beq.n	10004e5a <hw_endpoint_xfer_start+0x32>
10004e54:	2301      	movs	r3, #1
10004e56:	7723      	strb	r3, [r4, #28]
10004e58:	bd10      	pop	{r4, pc}
10004e5a:	0020      	movs	r0, r4
10004e5c:	f005 fdbc 	bl	1000a9d8 <__hw_endpoint_start_next_buffer_veneer>
10004e60:	e7fa      	b.n	10004e58 <hw_endpoint_xfer_start+0x30>
10004e62:	46c0      	nop			@ (mov r8, r8)
10004e64:	50112000 	.word	0x50112000

10004e68 <tud_event_hook_cb>:
10004e68:	4770      	bx	lr
10004e6a:	46c0      	nop			@ (mov r8, r8)

10004e6c <tud_sof_cb>:
10004e6c:	4770      	bx	lr
10004e6e:	46c0      	nop			@ (mov r8, r8)

10004e70 <tud_descriptor_device_qualifier_cb>:
10004e70:	2000      	movs	r0, #0
10004e72:	4770      	bx	lr

10004e74 <tud_descriptor_other_speed_configuration_cb>:
10004e74:	2000      	movs	r0, #0
10004e76:	4770      	bx	lr

10004e78 <tud_mount_cb>:
10004e78:	4770      	bx	lr
10004e7a:	46c0      	nop			@ (mov r8, r8)

10004e7c <tud_umount_cb>:
10004e7c:	4770      	bx	lr
10004e7e:	46c0      	nop			@ (mov r8, r8)

10004e80 <tud_suspend_cb>:
10004e80:	4770      	bx	lr
10004e82:	46c0      	nop			@ (mov r8, r8)

10004e84 <tud_resume_cb>:
10004e84:	4770      	bx	lr
10004e86:	46c0      	nop			@ (mov r8, r8)

10004e88 <tud_mounted>:
10004e88:	4b02      	ldr	r3, [pc, #8]	@ (10004e94 <tud_mounted+0xc>)
10004e8a:	7858      	ldrb	r0, [r3, #1]
10004e8c:	1e43      	subs	r3, r0, #1
10004e8e:	4198      	sbcs	r0, r3
10004e90:	b2c0      	uxtb	r0, r0
10004e92:	4770      	bx	lr
10004e94:	20001898 	.word	0x20001898

10004e98 <tud_suspended>:
10004e98:	4b02      	ldr	r3, [pc, #8]	@ (10004ea4 <tud_suspended+0xc>)
10004e9a:	7818      	ldrb	r0, [r3, #0]
10004e9c:	0740      	lsls	r0, r0, #29
10004e9e:	0fc0      	lsrs	r0, r0, #31
10004ea0:	4770      	bx	lr
10004ea2:	46c0      	nop			@ (mov r8, r8)
10004ea4:	20001898 	.word	0x20001898

10004ea8 <tud_rhport_init>:
10004ea8:	b5f0      	push	{r4, r5, r6, r7, lr}
10004eaa:	46d6      	mov	lr, sl
10004eac:	464f      	mov	r7, r9
10004eae:	4646      	mov	r6, r8
10004eb0:	b5c0      	push	{r6, r7, lr}
10004eb2:	4b2f      	ldr	r3, [pc, #188]	@ (10004f70 <tud_rhport_init+0xc8>)
10004eb4:	0007      	movs	r7, r0
10004eb6:	469a      	mov	sl, r3
10004eb8:	781b      	ldrb	r3, [r3, #0]
10004eba:	000e      	movs	r6, r1
10004ebc:	2bff      	cmp	r3, #255	@ 0xff
10004ebe:	d150      	bne.n	10004f62 <tud_rhport_init+0xba>
10004ec0:	2900      	cmp	r1, #0
10004ec2:	d041      	beq.n	10004f48 <tud_rhport_init+0xa0>
10004ec4:	2100      	movs	r1, #0
10004ec6:	2254      	movs	r2, #84	@ 0x54
10004ec8:	482a      	ldr	r0, [pc, #168]	@ (10004f74 <tud_rhport_init+0xcc>)
10004eca:	f7fd fbcb 	bl	10002664 <__wrap_memset>
10004ece:	2200      	movs	r2, #0
10004ed0:	4c29      	ldr	r4, [pc, #164]	@ (10004f78 <tud_rhport_init+0xd0>)
10004ed2:	4b2a      	ldr	r3, [pc, #168]	@ (10004f7c <tud_rhport_init+0xd4>)
10004ed4:	0020      	movs	r0, r4
10004ed6:	701a      	strb	r2, [r3, #0]
10004ed8:	f7fb ff56 	bl	10000d88 <mutex_init>
10004edc:	4b28      	ldr	r3, [pc, #160]	@ (10004f80 <tud_rhport_init+0xd8>)
10004ede:	601c      	str	r4, [r3, #0]
10004ee0:	4c28      	ldr	r4, [pc, #160]	@ (10004f84 <tud_rhport_init+0xdc>)
10004ee2:	0020      	movs	r0, r4
10004ee4:	3c14      	subs	r4, #20
10004ee6:	f7fb ff6b 	bl	10000dc0 <critical_section_init>
10004eea:	0020      	movs	r0, r4
10004eec:	f001 fdfa 	bl	10006ae4 <tu_fifo_clear>
10004ef0:	4b25      	ldr	r3, [pc, #148]	@ (10004f88 <tud_rhport_init+0xe0>)
10004ef2:	4d26      	ldr	r5, [pc, #152]	@ (10004f8c <tud_rhport_init+0xe4>)
10004ef4:	601c      	str	r4, [r3, #0]
10004ef6:	4b26      	ldr	r3, [pc, #152]	@ (10004f90 <tud_rhport_init+0xe8>)
10004ef8:	2b00      	cmp	r3, #0
10004efa:	d004      	beq.n	10004f06 <tud_rhport_init+0x5e>
10004efc:	0028      	movs	r0, r5
10004efe:	f7ff fabf 	bl	10004480 <usbd_app_driver_get_cb>
10004f02:	4b24      	ldr	r3, [pc, #144]	@ (10004f94 <tud_rhport_init+0xec>)
10004f04:	6018      	str	r0, [r3, #0]
10004f06:	4924      	ldr	r1, [pc, #144]	@ (10004f98 <tud_rhport_init+0xf0>)
10004f08:	2400      	movs	r4, #0
10004f0a:	4689      	mov	r9, r1
10004f0c:	4921      	ldr	r1, [pc, #132]	@ (10004f94 <tud_rhport_init+0xec>)
10004f0e:	2300      	movs	r3, #0
10004f10:	4688      	mov	r8, r1
10004f12:	782a      	ldrb	r2, [r5, #0]
10004f14:	e010      	b.n	10004f38 <tud_rhport_init+0x90>
10004f16:	4643      	mov	r3, r8
10004f18:	681b      	ldr	r3, [r3, #0]
10004f1a:	0162      	lsls	r2, r4, #5
10004f1c:	189b      	adds	r3, r3, r2
10004f1e:	2b00      	cmp	r3, #0
10004f20:	d012      	beq.n	10004f48 <tud_rhport_init+0xa0>
10004f22:	685b      	ldr	r3, [r3, #4]
10004f24:	2b00      	cmp	r3, #0
10004f26:	d00f      	beq.n	10004f48 <tud_rhport_init+0xa0>
10004f28:	4798      	blx	r3
10004f2a:	782a      	ldrb	r2, [r5, #0]
10004f2c:	3401      	adds	r4, #1
10004f2e:	b2e4      	uxtb	r4, r4
10004f30:	1c51      	adds	r1, r2, #1
10004f32:	0023      	movs	r3, r4
10004f34:	42a1      	cmp	r1, r4
10004f36:	db09      	blt.n	10004f4c <tud_rhport_init+0xa4>
10004f38:	42a2      	cmp	r2, r4
10004f3a:	d8ec      	bhi.n	10004f16 <tud_rhport_init+0x6e>
10004f3c:	1a9b      	subs	r3, r3, r2
10004f3e:	015b      	lsls	r3, r3, #5
10004f40:	444b      	add	r3, r9
10004f42:	685b      	ldr	r3, [r3, #4]
10004f44:	2b00      	cmp	r3, #0
10004f46:	d1ef      	bne.n	10004f28 <tud_rhport_init+0x80>
10004f48:	2000      	movs	r0, #0
10004f4a:	e00b      	b.n	10004f64 <tud_rhport_init+0xbc>
10004f4c:	4653      	mov	r3, sl
10004f4e:	0031      	movs	r1, r6
10004f50:	0038      	movs	r0, r7
10004f52:	701f      	strb	r7, [r3, #0]
10004f54:	f7ff fdfe 	bl	10004b54 <dcd_init>
10004f58:	2800      	cmp	r0, #0
10004f5a:	d0f5      	beq.n	10004f48 <tud_rhport_init+0xa0>
10004f5c:	0038      	movs	r0, r7
10004f5e:	f7ff fe41 	bl	10004be4 <dcd_int_enable>
10004f62:	2001      	movs	r0, #1
10004f64:	bce0      	pop	{r5, r6, r7}
10004f66:	46ba      	mov	sl, r7
10004f68:	46b1      	mov	r9, r6
10004f6a:	46a8      	mov	r8, r5
10004f6c:	bdf0      	pop	{r4, r5, r6, r7, pc}
10004f6e:	46c0      	nop			@ (mov r8, r8)
10004f70:	20001234 	.word	0x20001234
10004f74:	20001898 	.word	0x20001898
10004f78:	20001890 	.word	0x20001890
10004f7c:	20002c68 	.word	0x20002c68
10004f80:	200018ec 	.word	0x200018ec
10004f84:	2000122c 	.word	0x2000122c
10004f88:	200018f0 	.word	0x200018f0
10004f8c:	20002c66 	.word	0x20002c66
10004f90:	10004481 	.word	0x10004481
10004f94:	200016e8 	.word	0x200016e8
10004f98:	1000b444 	.word	0x1000b444

10004f9c <tud_task_ext>:
10004f9c:	b5f0      	push	{r4, r5, r6, r7, lr}
10004f9e:	46de      	mov	lr, fp
10004fa0:	4657      	mov	r7, sl
10004fa2:	464e      	mov	r6, r9
10004fa4:	4645      	mov	r5, r8
10004fa6:	b5e0      	push	{r5, r6, r7, lr}
10004fa8:	4bc8      	ldr	r3, [pc, #800]	@ (100052cc <tud_task_ext+0x330>)
10004faa:	b091      	sub	sp, #68	@ 0x44
10004fac:	9302      	str	r3, [sp, #8]
10004fae:	781b      	ldrb	r3, [r3, #0]
10004fb0:	2bff      	cmp	r3, #255	@ 0xff
10004fb2:	d100      	bne.n	10004fb6 <tud_task_ext+0x1a>
10004fb4:	e13e      	b.n	10005234 <tud_task_ext+0x298>
10004fb6:	4bc6      	ldr	r3, [pc, #792]	@ (100052d0 <tud_task_ext+0x334>)
10004fb8:	4ec6      	ldr	r6, [pc, #792]	@ (100052d4 <tud_task_ext+0x338>)
10004fba:	469b      	mov	fp, r3
10004fbc:	465f      	mov	r7, fp
10004fbe:	4bc6      	ldr	r3, [pc, #792]	@ (100052d8 <tud_task_ext+0x33c>)
10004fc0:	ac0d      	add	r4, sp, #52	@ 0x34
10004fc2:	9301      	str	r3, [sp, #4]
10004fc4:	4bc5      	ldr	r3, [pc, #788]	@ (100052dc <tud_task_ext+0x340>)
10004fc6:	9300      	str	r3, [sp, #0]
10004fc8:	6835      	ldr	r5, [r6, #0]
10004fca:	696a      	ldr	r2, [r5, #20]
10004fcc:	f3ef 8110 	mrs	r1, PRIMASK
10004fd0:	b672      	cpsid	i
10004fd2:	6813      	ldr	r3, [r2, #0]
10004fd4:	2b00      	cmp	r3, #0
10004fd6:	d0fc      	beq.n	10004fd2 <tud_task_ext+0x36>
10004fd8:	f3bf 8f5f 	dmb	sy
10004fdc:	61a9      	str	r1, [r5, #24]
10004fde:	0028      	movs	r0, r5
10004fe0:	0021      	movs	r1, r4
10004fe2:	f001 fbaf 	bl	10006744 <tu_fifo_read>
10004fe6:	696a      	ldr	r2, [r5, #20]
10004fe8:	69ab      	ldr	r3, [r5, #24]
10004fea:	f3bf 8f5f 	dmb	sy
10004fee:	2100      	movs	r1, #0
10004ff0:	6011      	str	r1, [r2, #0]
10004ff2:	f383 8810 	msr	PRIMASK, r3
10004ff6:	2800      	cmp	r0, #0
10004ff8:	d100      	bne.n	10004ffc <tud_task_ext+0x60>
10004ffa:	e11b      	b.n	10005234 <tud_task_ext+0x298>
10004ffc:	7863      	ldrb	r3, [r4, #1]
10004ffe:	2b08      	cmp	r3, #8
10005000:	d8e2      	bhi.n	10004fc8 <tud_task_ext+0x2c>
10005002:	009b      	lsls	r3, r3, #2
10005004:	58fb      	ldr	r3, [r7, r3]
10005006:	469f      	mov	pc, r3
10005008:	6863      	ldr	r3, [r4, #4]
1000500a:	2b00      	cmp	r3, #0
1000500c:	d0dc      	beq.n	10004fc8 <tud_task_ext+0x2c>
1000500e:	68a0      	ldr	r0, [r4, #8]
10005010:	4798      	blx	r3
10005012:	e7d9      	b.n	10004fc8 <tud_task_ext+0x2c>
10005014:	227f      	movs	r2, #127	@ 0x7f
10005016:	7921      	ldrb	r1, [r4, #4]
10005018:	4daf      	ldr	r5, [pc, #700]	@ (100052d8 <tud_task_ext+0x33c>)
1000501a:	400a      	ands	r2, r1
1000501c:	0053      	lsls	r3, r2, #1
1000501e:	18eb      	adds	r3, r5, r3
10005020:	4698      	mov	r8, r3
10005022:	09c8      	lsrs	r0, r1, #7
10005024:	4480      	add	r8, r0
10005026:	4640      	mov	r0, r8
10005028:	2301      	movs	r3, #1
1000502a:	3030      	adds	r0, #48	@ 0x30
1000502c:	7905      	ldrb	r5, [r0, #4]
1000502e:	439d      	bics	r5, r3
10005030:	7105      	strb	r5, [r0, #4]
10005032:	7905      	ldrb	r5, [r0, #4]
10005034:	3303      	adds	r3, #3
10005036:	439d      	bics	r5, r3
10005038:	7105      	strb	r5, [r0, #4]
1000503a:	2a00      	cmp	r2, #0
1000503c:	d100      	bne.n	10005040 <tud_task_ext+0xa4>
1000503e:	e100      	b.n	10005242 <tud_task_ext+0x2a6>
10005040:	4643      	mov	r3, r8
10005042:	4aa7      	ldr	r2, [pc, #668]	@ (100052e0 <tud_task_ext+0x344>)
10005044:	7d1b      	ldrb	r3, [r3, #20]
10005046:	7812      	ldrb	r2, [r2, #0]
10005048:	4293      	cmp	r3, r2
1000504a:	d300      	bcc.n	1000504e <tud_task_ext+0xb2>
1000504c:	e0ef      	b.n	1000522e <tud_task_ext+0x292>
1000504e:	4aa5      	ldr	r2, [pc, #660]	@ (100052e4 <tud_task_ext+0x348>)
10005050:	015b      	lsls	r3, r3, #5
10005052:	6815      	ldr	r5, [r2, #0]
10005054:	18ed      	adds	r5, r5, r3
10005056:	2d00      	cmp	r5, #0
10005058:	d100      	bne.n	1000505c <tud_task_ext+0xc0>
1000505a:	e0eb      	b.n	10005234 <tud_task_ext+0x298>
1000505c:	68a3      	ldr	r3, [r4, #8]
1000505e:	7962      	ldrb	r2, [r4, #5]
10005060:	7820      	ldrb	r0, [r4, #0]
10005062:	69ad      	ldr	r5, [r5, #24]
10005064:	47a8      	blx	r5
10005066:	e7af      	b.n	10004fc8 <tud_task_ext+0x2c>
10005068:	4a9f      	ldr	r2, [pc, #636]	@ (100052e8 <tud_task_ext+0x34c>)
1000506a:	7813      	ldrb	r3, [r2, #0]
1000506c:	2b00      	cmp	r3, #0
1000506e:	d100      	bne.n	10005072 <tud_task_ext+0xd6>
10005070:	e0e0      	b.n	10005234 <tud_task_ext+0x298>
10005072:	7813      	ldrb	r3, [r2, #0]
10005074:	3b01      	subs	r3, #1
10005076:	b2db      	uxtb	r3, r3
10005078:	7013      	strb	r3, [r2, #0]
1000507a:	7813      	ldrb	r3, [r2, #0]
1000507c:	2b00      	cmp	r3, #0
1000507e:	d1a3      	bne.n	10004fc8 <tud_task_ext+0x2c>
10005080:	2201      	movs	r2, #1
10005082:	4d95      	ldr	r5, [pc, #596]	@ (100052d8 <tud_task_ext+0x33c>)
10005084:	2101      	movs	r1, #1
10005086:	782b      	ldrb	r3, [r5, #0]
10005088:	2004      	movs	r0, #4
1000508a:	4313      	orrs	r3, r2
1000508c:	702b      	strb	r3, [r5, #0]
1000508e:	2334      	movs	r3, #52	@ 0x34
10005090:	5cea      	ldrb	r2, [r5, r3]
10005092:	438a      	bics	r2, r1
10005094:	54ea      	strb	r2, [r5, r3]
10005096:	5cea      	ldrb	r2, [r5, r3]
10005098:	4382      	bics	r2, r0
1000509a:	54ea      	strb	r2, [r5, r3]
1000509c:	3301      	adds	r3, #1
1000509e:	5cea      	ldrb	r2, [r5, r3]
100050a0:	438a      	bics	r2, r1
100050a2:	54ea      	strb	r2, [r5, r3]
100050a4:	5cea      	ldrb	r2, [r5, r3]
100050a6:	4382      	bics	r2, r0
100050a8:	54ea      	strb	r2, [r5, r3]
100050aa:	7823      	ldrb	r3, [r4, #0]
100050ac:	2000      	movs	r0, #0
100050ae:	469b      	mov	fp, r3
100050b0:	f000 fc9e 	bl	100059f0 <usbd_control_set_complete_callback>
100050b4:	2260      	movs	r2, #96	@ 0x60
100050b6:	7923      	ldrb	r3, [r4, #4]
100050b8:	401a      	ands	r2, r3
100050ba:	2a60      	cmp	r2, #96	@ 0x60
100050bc:	d100      	bne.n	100050c0 <tud_task_ext+0x124>
100050be:	e0ef      	b.n	100052a0 <tud_task_ext+0x304>
100050c0:	2a40      	cmp	r2, #64	@ 0x40
100050c2:	d100      	bne.n	100050c6 <tud_task_ext+0x12a>
100050c4:	e0f5      	b.n	100052b2 <tud_task_ext+0x316>
100050c6:	06db      	lsls	r3, r3, #27
100050c8:	0edb      	lsrs	r3, r3, #27
100050ca:	2b01      	cmp	r3, #1
100050cc:	d100      	bne.n	100050d0 <tud_task_ext+0x134>
100050ce:	e113      	b.n	100052f8 <tud_task_ext+0x35c>
100050d0:	2b02      	cmp	r3, #2
100050d2:	d100      	bne.n	100050d6 <tud_task_ext+0x13a>
100050d4:	e0c7      	b.n	10005266 <tud_task_ext+0x2ca>
100050d6:	2b00      	cmp	r3, #0
100050d8:	d000      	beq.n	100050dc <tud_task_ext+0x140>
100050da:	e0e1      	b.n	100052a0 <tud_task_ext+0x304>
100050dc:	2a20      	cmp	r2, #32
100050de:	d100      	bne.n	100050e2 <tud_task_ext+0x146>
100050e0:	e21c      	b.n	1000551c <tud_task_ext+0x580>
100050e2:	2a00      	cmp	r2, #0
100050e4:	d000      	beq.n	100050e8 <tud_task_ext+0x14c>
100050e6:	e0db      	b.n	100052a0 <tud_task_ext+0x304>
100050e8:	7963      	ldrb	r3, [r4, #5]
100050ea:	2b09      	cmp	r3, #9
100050ec:	d900      	bls.n	100050f0 <tud_task_ext+0x154>
100050ee:	e0d7      	b.n	100052a0 <tud_task_ext+0x304>
100050f0:	4a7e      	ldr	r2, [pc, #504]	@ (100052ec <tud_task_ext+0x350>)
100050f2:	009b      	lsls	r3, r3, #2
100050f4:	58d3      	ldr	r3, [r2, r3]
100050f6:	469f      	mov	pc, r3
100050f8:	4d77      	ldr	r5, [pc, #476]	@ (100052d8 <tud_task_ext+0x33c>)
100050fa:	782b      	ldrb	r3, [r5, #0]
100050fc:	07db      	lsls	r3, r3, #31
100050fe:	d400      	bmi.n	10005102 <tud_task_ext+0x166>
10005100:	e762      	b.n	10004fc8 <tud_task_ext+0x2c>
10005102:	f7ff febf 	bl	10004e84 <tud_resume_cb>
10005106:	e75f      	b.n	10004fc8 <tud_task_ext+0x2c>
10005108:	9b01      	ldr	r3, [sp, #4]
1000510a:	78db      	ldrb	r3, [r3, #3]
1000510c:	07db      	lsls	r3, r3, #31
1000510e:	d400      	bmi.n	10005112 <tud_task_ext+0x176>
10005110:	e75a      	b.n	10004fc8 <tud_task_ext+0x2c>
10005112:	6860      	ldr	r0, [r4, #4]
10005114:	f7ff feaa 	bl	10004e6c <tud_sof_cb>
10005118:	e756      	b.n	10004fc8 <tud_task_ext+0x2c>
1000511a:	4d6f      	ldr	r5, [pc, #444]	@ (100052d8 <tud_task_ext+0x33c>)
1000511c:	782b      	ldrb	r3, [r5, #0]
1000511e:	07db      	lsls	r3, r3, #31
10005120:	d400      	bmi.n	10005124 <tud_task_ext+0x188>
10005122:	e751      	b.n	10004fc8 <tud_task_ext+0x2c>
10005124:	7828      	ldrb	r0, [r5, #0]
10005126:	0700      	lsls	r0, r0, #28
10005128:	0fc0      	lsrs	r0, r0, #31
1000512a:	f7ff fea9 	bl	10004e80 <tud_suspend_cb>
1000512e:	e74b      	b.n	10004fc8 <tud_task_ext+0x2c>
10005130:	7823      	ldrb	r3, [r4, #0]
10005132:	496a      	ldr	r1, [pc, #424]	@ (100052dc <tud_task_ext+0x340>)
10005134:	4699      	mov	r9, r3
10005136:	468b      	mov	fp, r1
10005138:	4b69      	ldr	r3, [pc, #420]	@ (100052e0 <tud_task_ext+0x344>)
1000513a:	496a      	ldr	r1, [pc, #424]	@ (100052e4 <tud_task_ext+0x348>)
1000513c:	4698      	mov	r8, r3
1000513e:	468a      	mov	sl, r1
10005140:	0039      	movs	r1, r7
10005142:	781a      	ldrb	r2, [r3, #0]
10005144:	4647      	mov	r7, r8
10005146:	2300      	movs	r3, #0
10005148:	46b0      	mov	r8, r6
1000514a:	2500      	movs	r5, #0
1000514c:	464e      	mov	r6, r9
1000514e:	4689      	mov	r9, r1
10005150:	e010      	b.n	10005174 <tud_task_ext+0x1d8>
10005152:	4653      	mov	r3, sl
10005154:	681b      	ldr	r3, [r3, #0]
10005156:	016a      	lsls	r2, r5, #5
10005158:	189b      	adds	r3, r3, r2
1000515a:	2b00      	cmp	r3, #0
1000515c:	d100      	bne.n	10005160 <tud_task_ext+0x1c4>
1000515e:	e076      	b.n	1000524e <tud_task_ext+0x2b2>
10005160:	68db      	ldr	r3, [r3, #12]
10005162:	0030      	movs	r0, r6
10005164:	4798      	blx	r3
10005166:	783a      	ldrb	r2, [r7, #0]
10005168:	3501      	adds	r5, #1
1000516a:	b2ed      	uxtb	r5, r5
1000516c:	1c51      	adds	r1, r2, #1
1000516e:	002b      	movs	r3, r5
10005170:	428d      	cmp	r5, r1
10005172:	dc44      	bgt.n	100051fe <tud_task_ext+0x262>
10005174:	4295      	cmp	r5, r2
10005176:	d3ec      	bcc.n	10005152 <tud_task_ext+0x1b6>
10005178:	1a9b      	subs	r3, r3, r2
1000517a:	015b      	lsls	r3, r3, #5
1000517c:	445b      	add	r3, fp
1000517e:	e7ef      	b.n	10005160 <tud_task_ext+0x1c4>
10005180:	7823      	ldrb	r3, [r4, #0]
10005182:	4958      	ldr	r1, [pc, #352]	@ (100052e4 <tud_task_ext+0x348>)
10005184:	4699      	mov	r9, r3
10005186:	4b56      	ldr	r3, [pc, #344]	@ (100052e0 <tud_task_ext+0x344>)
10005188:	468a      	mov	sl, r1
1000518a:	4698      	mov	r8, r3
1000518c:	0031      	movs	r1, r6
1000518e:	46bb      	mov	fp, r7
10005190:	464e      	mov	r6, r9
10005192:	781a      	ldrb	r2, [r3, #0]
10005194:	2500      	movs	r5, #0
10005196:	2300      	movs	r3, #0
10005198:	4647      	mov	r7, r8
1000519a:	4689      	mov	r9, r1
1000519c:	e00f      	b.n	100051be <tud_task_ext+0x222>
1000519e:	4653      	mov	r3, sl
100051a0:	681b      	ldr	r3, [r3, #0]
100051a2:	016a      	lsls	r2, r5, #5
100051a4:	189b      	adds	r3, r3, r2
100051a6:	2b00      	cmp	r3, #0
100051a8:	d055      	beq.n	10005256 <tud_task_ext+0x2ba>
100051aa:	68db      	ldr	r3, [r3, #12]
100051ac:	0030      	movs	r0, r6
100051ae:	4798      	blx	r3
100051b0:	783a      	ldrb	r2, [r7, #0]
100051b2:	3501      	adds	r5, #1
100051b4:	b2ed      	uxtb	r5, r5
100051b6:	1c51      	adds	r1, r2, #1
100051b8:	002b      	movs	r3, r5
100051ba:	428d      	cmp	r5, r1
100051bc:	dc07      	bgt.n	100051ce <tud_task_ext+0x232>
100051be:	4295      	cmp	r5, r2
100051c0:	d3ed      	bcc.n	1000519e <tud_task_ext+0x202>
100051c2:	1a9b      	subs	r3, r3, r2
100051c4:	9a00      	ldr	r2, [sp, #0]
100051c6:	015b      	lsls	r3, r3, #5
100051c8:	4694      	mov	ip, r2
100051ca:	4463      	add	r3, ip
100051cc:	e7ed      	b.n	100051aa <tud_task_ext+0x20e>
100051ce:	9d01      	ldr	r5, [sp, #4]
100051d0:	2254      	movs	r2, #84	@ 0x54
100051d2:	2100      	movs	r1, #0
100051d4:	0028      	movs	r0, r5
100051d6:	f7fd fa45 	bl	10002664 <__wrap_memset>
100051da:	2210      	movs	r2, #16
100051dc:	21ff      	movs	r1, #255	@ 0xff
100051de:	4844      	ldr	r0, [pc, #272]	@ (100052f0 <tud_task_ext+0x354>)
100051e0:	f7fd fa40 	bl	10002664 <__wrap_memset>
100051e4:	0028      	movs	r0, r5
100051e6:	2220      	movs	r2, #32
100051e8:	21ff      	movs	r1, #255	@ 0xff
100051ea:	3014      	adds	r0, #20
100051ec:	464e      	mov	r6, r9
100051ee:	465f      	mov	r7, fp
100051f0:	f7fd fa38 	bl	10002664 <__wrap_memset>
100051f4:	f000 fbf2 	bl	100059dc <usbd_control_reset>
100051f8:	f7ff fe40 	bl	10004e7c <tud_umount_cb>
100051fc:	e6e4      	b.n	10004fc8 <tud_task_ext+0x2c>
100051fe:	4d36      	ldr	r5, [pc, #216]	@ (100052d8 <tud_task_ext+0x33c>)
10005200:	2254      	movs	r2, #84	@ 0x54
10005202:	2100      	movs	r1, #0
10005204:	0028      	movs	r0, r5
10005206:	f7fd fa2d 	bl	10002664 <__wrap_memset>
1000520a:	2210      	movs	r2, #16
1000520c:	21ff      	movs	r1, #255	@ 0xff
1000520e:	1d28      	adds	r0, r5, #4
10005210:	f7fd fa28 	bl	10002664 <__wrap_memset>
10005214:	0028      	movs	r0, r5
10005216:	2220      	movs	r2, #32
10005218:	21ff      	movs	r1, #255	@ 0xff
1000521a:	3014      	adds	r0, #20
1000521c:	4646      	mov	r6, r8
1000521e:	464f      	mov	r7, r9
10005220:	f7fd fa20 	bl	10002664 <__wrap_memset>
10005224:	f000 fbda 	bl	100059dc <usbd_control_reset>
10005228:	7923      	ldrb	r3, [r4, #4]
1000522a:	70ab      	strb	r3, [r5, #2]
1000522c:	e6cc      	b.n	10004fc8 <tud_task_ext+0x2c>
1000522e:	1c50      	adds	r0, r2, #1
10005230:	4298      	cmp	r0, r3
10005232:	da13      	bge.n	1000525c <tud_task_ext+0x2c0>
10005234:	b011      	add	sp, #68	@ 0x44
10005236:	bcf0      	pop	{r4, r5, r6, r7}
10005238:	46bb      	mov	fp, r7
1000523a:	46b2      	mov	sl, r6
1000523c:	46a9      	mov	r9, r5
1000523e:	46a0      	mov	r8, r4
10005240:	bdf0      	pop	{r4, r5, r6, r7, pc}
10005242:	68a3      	ldr	r3, [r4, #8]
10005244:	7962      	ldrb	r2, [r4, #5]
10005246:	7820      	ldrb	r0, [r4, #0]
10005248:	f000 fbe6 	bl	10005a18 <usbd_control_xfer_cb>
1000524c:	e6bc      	b.n	10004fc8 <tud_task_ext+0x2c>
1000524e:	4646      	mov	r6, r8
10005250:	464f      	mov	r7, r9
10005252:	4d21      	ldr	r5, [pc, #132]	@ (100052d8 <tud_task_ext+0x33c>)
10005254:	e7e6      	b.n	10005224 <tud_task_ext+0x288>
10005256:	464e      	mov	r6, r9
10005258:	465f      	mov	r7, fp
1000525a:	e7cb      	b.n	100051f4 <tud_task_ext+0x258>
1000525c:	4d1f      	ldr	r5, [pc, #124]	@ (100052dc <tud_task_ext+0x340>)
1000525e:	1a9b      	subs	r3, r3, r2
10005260:	015b      	lsls	r3, r3, #5
10005262:	195d      	adds	r5, r3, r5
10005264:	e6fa      	b.n	1000505c <tud_task_ext+0xc0>
10005266:	2370      	movs	r3, #112	@ 0x70
10005268:	7a21      	ldrb	r1, [r4, #8]
1000526a:	420b      	tst	r3, r1
1000526c:	d118      	bne.n	100052a0 <tud_task_ext+0x304>
1000526e:	09c8      	lsrs	r0, r1, #7
10005270:	4682      	mov	sl, r0
10005272:	330f      	adds	r3, #15
10005274:	400b      	ands	r3, r1
10005276:	005b      	lsls	r3, r3, #1
10005278:	4698      	mov	r8, r3
1000527a:	4819      	ldr	r0, [pc, #100]	@ (100052e0 <tud_task_ext+0x344>)
1000527c:	18eb      	adds	r3, r5, r3
1000527e:	4453      	add	r3, sl
10005280:	7d1b      	ldrb	r3, [r3, #20]
10005282:	7800      	ldrb	r0, [r0, #0]
10005284:	4699      	mov	r9, r3
10005286:	4283      	cmp	r3, r0
10005288:	d266      	bcs.n	10005358 <tud_task_ext+0x3bc>
1000528a:	4816      	ldr	r0, [pc, #88]	@ (100052e4 <tud_task_ext+0x348>)
1000528c:	015b      	lsls	r3, r3, #5
1000528e:	6800      	ldr	r0, [r0, #0]
10005290:	4681      	mov	r9, r0
10005292:	4499      	add	r9, r3
10005294:	2a00      	cmp	r2, #0
10005296:	d100      	bne.n	1000529a <tud_task_ext+0x2fe>
10005298:	e15f      	b.n	1000555a <tud_task_ext+0x5be>
1000529a:	464b      	mov	r3, r9
1000529c:	2b00      	cmp	r3, #0
1000529e:	d168      	bne.n	10005372 <tud_task_ext+0x3d6>
100052a0:	7820      	ldrb	r0, [r4, #0]
100052a2:	2100      	movs	r1, #0
100052a4:	f7ff fd6a 	bl	10004d7c <dcd_edpt_stall>
100052a8:	2180      	movs	r1, #128	@ 0x80
100052aa:	7820      	ldrb	r0, [r4, #0]
100052ac:	f7ff fd66 	bl	10004d7c <dcd_edpt_stall>
100052b0:	e68a      	b.n	10004fc8 <tud_task_ext+0x2c>
100052b2:	4810      	ldr	r0, [pc, #64]	@ (100052f4 <tud_task_ext+0x358>)
100052b4:	f000 fb9c 	bl	100059f0 <usbd_control_set_complete_callback>
100052b8:	2101      	movs	r1, #1
100052ba:	4658      	mov	r0, fp
100052bc:	aa0e      	add	r2, sp, #56	@ 0x38
100052be:	f7ff f8c5 	bl	1000444c <tud_vendor_control_xfer_cb>
100052c2:	2800      	cmp	r0, #0
100052c4:	d000      	beq.n	100052c8 <tud_task_ext+0x32c>
100052c6:	e67f      	b.n	10004fc8 <tud_task_ext+0x2c>
100052c8:	e7ea      	b.n	100052a0 <tud_task_ext+0x304>
100052ca:	46c0      	nop			@ (mov r8, r8)
100052cc:	20001234 	.word	0x20001234
100052d0:	1000b39c 	.word	0x1000b39c
100052d4:	200018f0 	.word	0x200018f0
100052d8:	20001898 	.word	0x20001898
100052dc:	1000b444 	.word	0x1000b444
100052e0:	20002c66 	.word	0x20002c66
100052e4:	200016e8 	.word	0x200016e8
100052e8:	20002c68 	.word	0x20002c68
100052ec:	1000b3c0 	.word	0x1000b3c0
100052f0:	2000189c 	.word	0x2000189c
100052f4:	1000444d 	.word	0x1000444d
100052f8:	7a23      	ldrb	r3, [r4, #8]
100052fa:	2b0f      	cmp	r3, #15
100052fc:	d8d0      	bhi.n	100052a0 <tud_task_ext+0x304>
100052fe:	4acf      	ldr	r2, [pc, #828]	@ (1000563c <tud_task_ext+0x6a0>)
10005300:	18eb      	adds	r3, r5, r3
10005302:	791b      	ldrb	r3, [r3, #4]
10005304:	7815      	ldrb	r5, [r2, #0]
10005306:	42ab      	cmp	r3, r5
10005308:	d33e      	bcc.n	10005388 <tud_task_ext+0x3ec>
1000530a:	1c69      	adds	r1, r5, #1
1000530c:	4299      	cmp	r1, r3
1000530e:	dbc7      	blt.n	100052a0 <tud_task_ext+0x304>
10005310:	1b5d      	subs	r5, r3, r5
10005312:	4bcb      	ldr	r3, [pc, #812]	@ (10005640 <tud_task_ext+0x6a4>)
10005314:	016d      	lsls	r5, r5, #5
10005316:	18ed      	adds	r5, r5, r3
10005318:	6968      	ldr	r0, [r5, #20]
1000531a:	f000 fb69 	bl	100059f0 <usbd_control_set_complete_callback>
1000531e:	2101      	movs	r1, #1
10005320:	4658      	mov	r0, fp
10005322:	696b      	ldr	r3, [r5, #20]
10005324:	aa0e      	add	r2, sp, #56	@ 0x38
10005326:	4798      	blx	r3
10005328:	2800      	cmp	r0, #0
1000532a:	d000      	beq.n	1000532e <tud_task_ext+0x392>
1000532c:	e64c      	b.n	10004fc8 <tud_task_ext+0x2c>
1000532e:	2260      	movs	r2, #96	@ 0x60
10005330:	0015      	movs	r5, r2
10005332:	7923      	ldrb	r3, [r4, #4]
10005334:	401d      	ands	r5, r3
10005336:	421a      	tst	r2, r3
10005338:	d1b2      	bne.n	100052a0 <tud_task_ext+0x304>
1000533a:	7963      	ldrb	r3, [r4, #5]
1000533c:	3b0a      	subs	r3, #10
1000533e:	2b01      	cmp	r3, #1
10005340:	d8ae      	bhi.n	100052a0 <tud_task_ext+0x304>
10005342:	f000 fb55 	bl	100059f0 <usbd_control_set_complete_callback>
10005346:	7963      	ldrb	r3, [r4, #5]
10005348:	2b0a      	cmp	r3, #10
1000534a:	d100      	bne.n	1000534e <tud_task_ext+0x3b2>
1000534c:	e199      	b.n	10005682 <tud_task_ext+0x6e6>
1000534e:	4658      	mov	r0, fp
10005350:	a90e      	add	r1, sp, #56	@ 0x38
10005352:	f000 fad9 	bl	10005908 <tud_control_status>
10005356:	e637      	b.n	10004fc8 <tud_task_ext+0x2c>
10005358:	1c43      	adds	r3, r0, #1
1000535a:	454b      	cmp	r3, r9
1000535c:	da00      	bge.n	10005360 <tud_task_ext+0x3c4>
1000535e:	e0f7      	b.n	10005550 <tud_task_ext+0x5b4>
10005360:	464b      	mov	r3, r9
10005362:	1a1b      	subs	r3, r3, r0
10005364:	015b      	lsls	r3, r3, #5
10005366:	4699      	mov	r9, r3
10005368:	48b5      	ldr	r0, [pc, #724]	@ (10005640 <tud_task_ext+0x6a4>)
1000536a:	4481      	add	r9, r0
1000536c:	2a00      	cmp	r2, #0
1000536e:	d100      	bne.n	10005372 <tud_task_ext+0x3d6>
10005370:	e0f3      	b.n	1000555a <tud_task_ext+0x5be>
10005372:	464b      	mov	r3, r9
10005374:	6958      	ldr	r0, [r3, #20]
10005376:	f000 fb3b 	bl	100059f0 <usbd_control_set_complete_callback>
1000537a:	464b      	mov	r3, r9
1000537c:	2101      	movs	r1, #1
1000537e:	4658      	mov	r0, fp
10005380:	695b      	ldr	r3, [r3, #20]
10005382:	aa0e      	add	r2, sp, #56	@ 0x38
10005384:	4798      	blx	r3
10005386:	e79c      	b.n	100052c2 <tud_task_ext+0x326>
10005388:	4aae      	ldr	r2, [pc, #696]	@ (10005644 <tud_task_ext+0x6a8>)
1000538a:	015b      	lsls	r3, r3, #5
1000538c:	6815      	ldr	r5, [r2, #0]
1000538e:	18ed      	adds	r5, r5, r3
10005390:	2d00      	cmp	r5, #0
10005392:	d1c1      	bne.n	10005318 <tud_task_ext+0x37c>
10005394:	e784      	b.n	100052a0 <tud_task_ext+0x304>
10005396:	79a3      	ldrb	r3, [r4, #6]
10005398:	4699      	mov	r9, r3
1000539a:	786b      	ldrb	r3, [r5, #1]
1000539c:	4599      	cmp	r9, r3
1000539e:	d0d6      	beq.n	1000534e <tud_task_ext+0x3b2>
100053a0:	786b      	ldrb	r3, [r5, #1]
100053a2:	2b00      	cmp	r3, #0
100053a4:	d000      	beq.n	100053a8 <tud_task_ext+0x40c>
100053a6:	e133      	b.n	10005610 <tud_task_ext+0x674>
100053a8:	464b      	mov	r3, r9
100053aa:	706b      	strb	r3, [r5, #1]
100053ac:	2b00      	cmp	r3, #0
100053ae:	d100      	bne.n	100053b2 <tud_task_ext+0x416>
100053b0:	e12b      	b.n	1000560a <tud_task_ext+0x66e>
100053b2:	4648      	mov	r0, r9
100053b4:	3801      	subs	r0, #1
100053b6:	b2c0      	uxtb	r0, r0
100053b8:	f7ff fa8a 	bl	100048d0 <tud_descriptor_configuration_cb>
100053bc:	2800      	cmp	r0, #0
100053be:	d100      	bne.n	100053c2 <tud_task_ext+0x426>
100053c0:	e17e      	b.n	100056c0 <tud_task_ext+0x724>
100053c2:	7843      	ldrb	r3, [r0, #1]
100053c4:	9307      	str	r3, [sp, #28]
100053c6:	2b02      	cmp	r3, #2
100053c8:	d000      	beq.n	100053cc <tud_task_ext+0x430>
100053ca:	e179      	b.n	100056c0 <tud_task_ext+0x724>
100053cc:	2201      	movs	r2, #1
100053ce:	79c1      	ldrb	r1, [r0, #7]
100053d0:	46b1      	mov	r9, r6
100053d2:	118b      	asrs	r3, r1, #6
100053d4:	1149      	asrs	r1, r1, #5
100053d6:	4013      	ands	r3, r2
100053d8:	400a      	ands	r2, r1
100053da:	2130      	movs	r1, #48	@ 0x30
100053dc:	0112      	lsls	r2, r2, #4
100053de:	015b      	lsls	r3, r3, #5
100053e0:	4313      	orrs	r3, r2
100053e2:	782a      	ldrb	r2, [r5, #0]
100053e4:	46a8      	mov	r8, r5
100053e6:	438a      	bics	r2, r1
100053e8:	4313      	orrs	r3, r2
100053ea:	702b      	strb	r3, [r5, #0]
100053ec:	2309      	movs	r3, #9
100053ee:	469a      	mov	sl, r3
100053f0:	4482      	add	sl, r0
100053f2:	4656      	mov	r6, sl
100053f4:	46ba      	mov	sl, r7
100053f6:	78c3      	ldrb	r3, [r0, #3]
100053f8:	7882      	ldrb	r2, [r0, #2]
100053fa:	021b      	lsls	r3, r3, #8
100053fc:	4313      	orrs	r3, r2
100053fe:	18c3      	adds	r3, r0, r3
10005400:	9305      	str	r3, [sp, #20]
10005402:	4b8e      	ldr	r3, [pc, #568]	@ (1000563c <tud_task_ext+0x6a0>)
10005404:	9304      	str	r3, [sp, #16]
10005406:	4b8e      	ldr	r3, [pc, #568]	@ (10005640 <tud_task_ext+0x6a4>)
10005408:	9308      	str	r3, [sp, #32]
1000540a:	4b8e      	ldr	r3, [pc, #568]	@ (10005644 <tud_task_ext+0x6a8>)
1000540c:	9309      	str	r3, [sp, #36]	@ 0x24
1000540e:	4b8e      	ldr	r3, [pc, #568]	@ (10005648 <tud_task_ext+0x6ac>)
10005410:	930a      	str	r3, [sp, #40]	@ 0x28
10005412:	9b05      	ldr	r3, [sp, #20]
10005414:	42b3      	cmp	r3, r6
10005416:	d800      	bhi.n	1000541a <tud_task_ext+0x47e>
10005418:	e155      	b.n	100056c6 <tud_task_ext+0x72a>
1000541a:	7873      	ldrb	r3, [r6, #1]
1000541c:	2201      	movs	r2, #1
1000541e:	2b0b      	cmp	r3, #11
10005420:	d103      	bne.n	1000542a <tud_task_ext+0x48e>
10005422:	7833      	ldrb	r3, [r6, #0]
10005424:	78f2      	ldrb	r2, [r6, #3]
10005426:	18f6      	adds	r6, r6, r3
10005428:	7873      	ldrb	r3, [r6, #1]
1000542a:	2b04      	cmp	r3, #4
1000542c:	d000      	beq.n	10005430 <tud_task_ext+0x494>
1000542e:	e144      	b.n	100056ba <tud_task_ext+0x71e>
10005430:	9b05      	ldr	r3, [sp, #20]
10005432:	2700      	movs	r7, #0
10005434:	1b9b      	subs	r3, r3, r6
10005436:	b29b      	uxth	r3, r3
10005438:	9306      	str	r3, [sp, #24]
1000543a:	9b04      	ldr	r3, [sp, #16]
1000543c:	920b      	str	r2, [sp, #44]	@ 0x2c
1000543e:	781d      	ldrb	r5, [r3, #0]
10005440:	2300      	movs	r3, #0
10005442:	9303      	str	r3, [sp, #12]
10005444:	e01b      	b.n	1000547e <tud_task_ext+0x4e2>
10005446:	9a09      	ldr	r2, [sp, #36]	@ 0x24
10005448:	017b      	lsls	r3, r7, #5
1000544a:	6815      	ldr	r5, [r2, #0]
1000544c:	18ed      	adds	r5, r5, r3
1000544e:	2d00      	cmp	r5, #0
10005450:	d100      	bne.n	10005454 <tud_task_ext+0x4b8>
10005452:	e132      	b.n	100056ba <tud_task_ext+0x71e>
10005454:	0031      	movs	r1, r6
10005456:	4658      	mov	r0, fp
10005458:	692b      	ldr	r3, [r5, #16]
1000545a:	9a06      	ldr	r2, [sp, #24]
1000545c:	4798      	blx	r3
1000545e:	4684      	mov	ip, r0
10005460:	2808      	cmp	r0, #8
10005462:	d903      	bls.n	1000546c <tud_task_ext+0x4d0>
10005464:	9a06      	ldr	r2, [sp, #24]
10005466:	4282      	cmp	r2, r0
10005468:	d300      	bcc.n	1000546c <tud_task_ext+0x4d0>
1000546a:	e113      	b.n	10005694 <tud_task_ext+0x6f8>
1000546c:	9b04      	ldr	r3, [sp, #16]
1000546e:	3701      	adds	r7, #1
10005470:	781d      	ldrb	r5, [r3, #0]
10005472:	b2ff      	uxtb	r7, r7
10005474:	1c6b      	adds	r3, r5, #1
10005476:	9703      	str	r7, [sp, #12]
10005478:	429f      	cmp	r7, r3
1000547a:	dd00      	ble.n	1000547e <tud_task_ext+0x4e2>
1000547c:	e11d      	b.n	100056ba <tud_task_ext+0x71e>
1000547e:	42bd      	cmp	r5, r7
10005480:	d8e1      	bhi.n	10005446 <tud_task_ext+0x4aa>
10005482:	9b03      	ldr	r3, [sp, #12]
10005484:	1b5d      	subs	r5, r3, r5
10005486:	9b08      	ldr	r3, [sp, #32]
10005488:	016d      	lsls	r5, r5, #5
1000548a:	469c      	mov	ip, r3
1000548c:	4465      	add	r5, ip
1000548e:	e7e1      	b.n	10005454 <tud_task_ext+0x4b8>
10005490:	786b      	ldrb	r3, [r5, #1]
10005492:	aa0c      	add	r2, sp, #48	@ 0x30
10005494:	3202      	adds	r2, #2
10005496:	7013      	strb	r3, [r2, #0]
10005498:	4658      	mov	r0, fp
1000549a:	2301      	movs	r3, #1
1000549c:	a90e      	add	r1, sp, #56	@ 0x38
1000549e:	f000 fa49 	bl	10005934 <tud_control_xfer>
100054a2:	e591      	b.n	10004fc8 <tud_task_ext+0x2c>
100054a4:	88e3      	ldrh	r3, [r4, #6]
100054a6:	0a1a      	lsrs	r2, r3, #8
100054a8:	b2d8      	uxtb	r0, r3
100054aa:	2a0f      	cmp	r2, #15
100054ac:	d900      	bls.n	100054b0 <tud_task_ext+0x514>
100054ae:	e6f7      	b.n	100052a0 <tud_task_ext+0x304>
100054b0:	4966      	ldr	r1, [pc, #408]	@ (1000564c <tud_task_ext+0x6b0>)
100054b2:	0093      	lsls	r3, r2, #2
100054b4:	58cb      	ldr	r3, [r1, r3]
100054b6:	469f      	mov	pc, r3
100054b8:	a80e      	add	r0, sp, #56	@ 0x38
100054ba:	f000 fa9f 	bl	100059fc <usbd_control_set_request>
100054be:	4658      	mov	r0, fp
100054c0:	79a1      	ldrb	r1, [r4, #6]
100054c2:	f7ff fb95 	bl	10004bf0 <dcd_set_address>
100054c6:	2202      	movs	r2, #2
100054c8:	782b      	ldrb	r3, [r5, #0]
100054ca:	4313      	orrs	r3, r2
100054cc:	702b      	strb	r3, [r5, #0]
100054ce:	e57b      	b.n	10004fc8 <tud_task_ext+0x2c>
100054d0:	88e3      	ldrh	r3, [r4, #6]
100054d2:	2b01      	cmp	r3, #1
100054d4:	d000      	beq.n	100054d8 <tud_task_ext+0x53c>
100054d6:	e6e3      	b.n	100052a0 <tud_task_ext+0x304>
100054d8:	2208      	movs	r2, #8
100054da:	782b      	ldrb	r3, [r5, #0]
100054dc:	4658      	mov	r0, fp
100054de:	4393      	bics	r3, r2
100054e0:	a90e      	add	r1, sp, #56	@ 0x38
100054e2:	702b      	strb	r3, [r5, #0]
100054e4:	f000 fa10 	bl	10005908 <tud_control_status>
100054e8:	e56e      	b.n	10004fc8 <tud_task_ext+0x2c>
100054ea:	2002      	movs	r0, #2
100054ec:	7829      	ldrb	r1, [r5, #0]
100054ee:	ab0c      	add	r3, sp, #48	@ 0x30
100054f0:	1c9a      	adds	r2, r3, #2
100054f2:	068b      	lsls	r3, r1, #26
100054f4:	0889      	lsrs	r1, r1, #2
100054f6:	0fdb      	lsrs	r3, r3, #31
100054f8:	4001      	ands	r1, r0
100054fa:	430b      	orrs	r3, r1
100054fc:	8013      	strh	r3, [r2, #0]
100054fe:	4658      	mov	r0, fp
10005500:	2302      	movs	r3, #2
10005502:	a90e      	add	r1, sp, #56	@ 0x38
10005504:	f000 fa16 	bl	10005934 <tud_control_xfer>
10005508:	e55e      	b.n	10004fc8 <tud_task_ext+0x2c>
1000550a:	88e3      	ldrh	r3, [r4, #6]
1000550c:	2b01      	cmp	r3, #1
1000550e:	d000      	beq.n	10005512 <tud_task_ext+0x576>
10005510:	e6c6      	b.n	100052a0 <tud_task_ext+0x304>
10005512:	2208      	movs	r2, #8
10005514:	782b      	ldrb	r3, [r5, #0]
10005516:	4313      	orrs	r3, r2
10005518:	702b      	strb	r3, [r5, #0]
1000551a:	e718      	b.n	1000534e <tud_task_ext+0x3b2>
1000551c:	7a23      	ldrb	r3, [r4, #8]
1000551e:	2b0f      	cmp	r3, #15
10005520:	d900      	bls.n	10005524 <tud_task_ext+0x588>
10005522:	e6bd      	b.n	100052a0 <tud_task_ext+0x304>
10005524:	18eb      	adds	r3, r5, r3
10005526:	791d      	ldrb	r5, [r3, #4]
10005528:	4b44      	ldr	r3, [pc, #272]	@ (1000563c <tud_task_ext+0x6a0>)
1000552a:	781b      	ldrb	r3, [r3, #0]
1000552c:	429d      	cmp	r5, r3
1000552e:	d228      	bcs.n	10005582 <tud_task_ext+0x5e6>
10005530:	4b44      	ldr	r3, [pc, #272]	@ (10005644 <tud_task_ext+0x6a8>)
10005532:	016d      	lsls	r5, r5, #5
10005534:	681b      	ldr	r3, [r3, #0]
10005536:	195d      	adds	r5, r3, r5
10005538:	2d00      	cmp	r5, #0
1000553a:	d100      	bne.n	1000553e <tud_task_ext+0x5a2>
1000553c:	e6b0      	b.n	100052a0 <tud_task_ext+0x304>
1000553e:	6968      	ldr	r0, [r5, #20]
10005540:	f000 fa56 	bl	100059f0 <usbd_control_set_complete_callback>
10005544:	2101      	movs	r1, #1
10005546:	4658      	mov	r0, fp
10005548:	696b      	ldr	r3, [r5, #20]
1000554a:	aa0e      	add	r2, sp, #56	@ 0x38
1000554c:	4798      	blx	r3
1000554e:	e6b8      	b.n	100052c2 <tud_task_ext+0x326>
10005550:	2a00      	cmp	r2, #0
10005552:	d000      	beq.n	10005556 <tud_task_ext+0x5ba>
10005554:	e6a4      	b.n	100052a0 <tud_task_ext+0x304>
10005556:	2300      	movs	r3, #0
10005558:	4699      	mov	r9, r3
1000555a:	7962      	ldrb	r2, [r4, #5]
1000555c:	2002      	movs	r0, #2
1000555e:	0013      	movs	r3, r2
10005560:	9203      	str	r2, [sp, #12]
10005562:	4383      	bics	r3, r0
10005564:	2b01      	cmp	r3, #1
10005566:	d015      	beq.n	10005594 <tud_task_ext+0x5f8>
10005568:	2a00      	cmp	r2, #0
1000556a:	d000      	beq.n	1000556e <tud_task_ext+0x5d2>
1000556c:	e698      	b.n	100052a0 <tud_task_ext+0x304>
1000556e:	002b      	movs	r3, r5
10005570:	4443      	add	r3, r8
10005572:	4453      	add	r3, sl
10005574:	3330      	adds	r3, #48	@ 0x30
10005576:	791b      	ldrb	r3, [r3, #4]
10005578:	aa0c      	add	r2, sp, #48	@ 0x30
1000557a:	079b      	lsls	r3, r3, #30
1000557c:	0fdb      	lsrs	r3, r3, #31
1000557e:	3202      	adds	r2, #2
10005580:	e7bc      	b.n	100054fc <tud_task_ext+0x560>
10005582:	1c5a      	adds	r2, r3, #1
10005584:	42aa      	cmp	r2, r5
10005586:	da00      	bge.n	1000558a <tud_task_ext+0x5ee>
10005588:	e68a      	b.n	100052a0 <tud_task_ext+0x304>
1000558a:	1aed      	subs	r5, r5, r3
1000558c:	4b2c      	ldr	r3, [pc, #176]	@ (10005640 <tud_task_ext+0x6a4>)
1000558e:	016d      	lsls	r5, r5, #5
10005590:	18ed      	adds	r5, r5, r3
10005592:	e7d4      	b.n	1000553e <tud_task_ext+0x5a2>
10005594:	88e3      	ldrh	r3, [r4, #6]
10005596:	2b00      	cmp	r3, #0
10005598:	d112      	bne.n	100055c0 <tud_task_ext+0x624>
1000559a:	9b02      	ldr	r3, [sp, #8]
1000559c:	7818      	ldrb	r0, [r3, #0]
1000559e:	9b03      	ldr	r3, [sp, #12]
100055a0:	2b01      	cmp	r3, #1
100055a2:	d023      	beq.n	100055ec <tud_task_ext+0x650>
100055a4:	f7ff fbea 	bl	10004d7c <dcd_edpt_stall>
100055a8:	4643      	mov	r3, r8
100055aa:	2102      	movs	r1, #2
100055ac:	18eb      	adds	r3, r5, r3
100055ae:	4453      	add	r3, sl
100055b0:	3330      	adds	r3, #48	@ 0x30
100055b2:	791a      	ldrb	r2, [r3, #4]
100055b4:	430a      	orrs	r2, r1
100055b6:	2101      	movs	r1, #1
100055b8:	711a      	strb	r2, [r3, #4]
100055ba:	791a      	ldrb	r2, [r3, #4]
100055bc:	430a      	orrs	r2, r1
100055be:	711a      	strb	r2, [r3, #4]
100055c0:	464b      	mov	r3, r9
100055c2:	2b00      	cmp	r3, #0
100055c4:	d100      	bne.n	100055c8 <tud_task_ext+0x62c>
100055c6:	e4ff      	b.n	10004fc8 <tud_task_ext+0x2c>
100055c8:	6958      	ldr	r0, [r3, #20]
100055ca:	f000 fa11 	bl	100059f0 <usbd_control_set_complete_callback>
100055ce:	464b      	mov	r3, r9
100055d0:	2101      	movs	r1, #1
100055d2:	695b      	ldr	r3, [r3, #20]
100055d4:	aa0e      	add	r2, sp, #56	@ 0x38
100055d6:	4658      	mov	r0, fp
100055d8:	4798      	blx	r3
100055da:	2000      	movs	r0, #0
100055dc:	f000 fa08 	bl	100059f0 <usbd_control_set_complete_callback>
100055e0:	2335      	movs	r3, #53	@ 0x35
100055e2:	5ceb      	ldrb	r3, [r5, r3]
100055e4:	07db      	lsls	r3, r3, #31
100055e6:	d500      	bpl.n	100055ea <tud_task_ext+0x64e>
100055e8:	e4ee      	b.n	10004fc8 <tud_task_ext+0x2c>
100055ea:	e6b0      	b.n	1000534e <tud_task_ext+0x3b2>
100055ec:	f7ff fbe4 	bl	10004db8 <dcd_edpt_clear_stall>
100055f0:	4643      	mov	r3, r8
100055f2:	2102      	movs	r1, #2
100055f4:	18eb      	adds	r3, r5, r3
100055f6:	4453      	add	r3, sl
100055f8:	3330      	adds	r3, #48	@ 0x30
100055fa:	791a      	ldrb	r2, [r3, #4]
100055fc:	438a      	bics	r2, r1
100055fe:	711a      	strb	r2, [r3, #4]
10005600:	791a      	ldrb	r2, [r3, #4]
10005602:	9903      	ldr	r1, [sp, #12]
10005604:	438a      	bics	r2, r1
10005606:	711a      	strb	r2, [r3, #4]
10005608:	e7da      	b.n	100055c0 <tud_task_ext+0x624>
1000560a:	f7ff fc37 	bl	10004e7c <tud_umount_cb>
1000560e:	e69e      	b.n	1000534e <tud_task_ext+0x3b2>
10005610:	2100      	movs	r1, #0
10005612:	4658      	mov	r0, fp
10005614:	f7ff faf6 	bl	10004c04 <dcd_sof_enable>
10005618:	4658      	mov	r0, fp
1000561a:	f7ff fb99 	bl	10004d50 <dcd_edpt_close_all>
1000561e:	78ab      	ldrb	r3, [r5, #2]
10005620:	4907      	ldr	r1, [pc, #28]	@ (10005640 <tud_task_ext+0x6a4>)
10005622:	9303      	str	r3, [sp, #12]
10005624:	9104      	str	r1, [sp, #16]
10005626:	4b05      	ldr	r3, [pc, #20]	@ (1000563c <tud_task_ext+0x6a0>)
10005628:	4906      	ldr	r1, [pc, #24]	@ (10005644 <tud_task_ext+0x6a8>)
1000562a:	4698      	mov	r8, r3
1000562c:	781a      	ldrb	r2, [r3, #0]
1000562e:	9105      	str	r1, [sp, #20]
10005630:	2300      	movs	r3, #0
10005632:	0029      	movs	r1, r5
10005634:	001d      	movs	r5, r3
10005636:	468a      	mov	sl, r1
10005638:	e01b      	b.n	10005672 <tud_task_ext+0x6d6>
1000563a:	46c0      	nop			@ (mov r8, r8)
1000563c:	20002c66 	.word	0x20002c66
10005640:	1000b444 	.word	0x1000b444
10005644:	200016e8 	.word	0x200016e8
10005648:	200018ac 	.word	0x200018ac
1000564c:	1000b3e8 	.word	0x1000b3e8
10005650:	9b05      	ldr	r3, [sp, #20]
10005652:	016a      	lsls	r2, r5, #5
10005654:	681b      	ldr	r3, [r3, #0]
10005656:	189b      	adds	r3, r3, r2
10005658:	2b00      	cmp	r3, #0
1000565a:	d04d      	beq.n	100056f8 <tud_task_ext+0x75c>
1000565c:	68db      	ldr	r3, [r3, #12]
1000565e:	4658      	mov	r0, fp
10005660:	4798      	blx	r3
10005662:	4643      	mov	r3, r8
10005664:	781a      	ldrb	r2, [r3, #0]
10005666:	3501      	adds	r5, #1
10005668:	b2ed      	uxtb	r5, r5
1000566a:	1c51      	adds	r1, r2, #1
1000566c:	002b      	movs	r3, r5
1000566e:	428d      	cmp	r5, r1
10005670:	dc2e      	bgt.n	100056d0 <tud_task_ext+0x734>
10005672:	4295      	cmp	r5, r2
10005674:	d3ec      	bcc.n	10005650 <tud_task_ext+0x6b4>
10005676:	1a9b      	subs	r3, r3, r2
10005678:	9a04      	ldr	r2, [sp, #16]
1000567a:	015b      	lsls	r3, r3, #5
1000567c:	4694      	mov	ip, r2
1000567e:	4463      	add	r3, ip
10005680:	e7ec      	b.n	1000565c <tud_task_ext+0x6c0>
10005682:	ab0c      	add	r3, sp, #48	@ 0x30
10005684:	1c9a      	adds	r2, r3, #2
10005686:	4658      	mov	r0, fp
10005688:	2301      	movs	r3, #1
1000568a:	a90e      	add	r1, sp, #56	@ 0x38
1000568c:	7015      	strb	r5, [r2, #0]
1000568e:	f000 f951 	bl	10005934 <tud_control_xfer>
10005692:	e499      	b.n	10004fc8 <tud_task_ext+0x2c>
10005694:	9a0b      	ldr	r2, [sp, #44]	@ 0x2c
10005696:	2a01      	cmp	r2, #1
10005698:	d04f      	beq.n	1000573a <tud_task_ext+0x79e>
1000569a:	2a00      	cmp	r2, #0
1000569c:	d03c      	beq.n	10005718 <tud_task_ext+0x77c>
1000569e:	2300      	movs	r3, #0
100056a0:	78b0      	ldrb	r0, [r6, #2]
100056a2:	e004      	b.n	100056ae <tud_task_ext+0x712>
100056a4:	3301      	adds	r3, #1
100056a6:	b2db      	uxtb	r3, r3
100056a8:	710f      	strb	r7, [r1, #4]
100056aa:	4293      	cmp	r3, r2
100056ac:	d234      	bcs.n	10005718 <tud_task_ext+0x77c>
100056ae:	18c1      	adds	r1, r0, r3
100056b0:	b2c9      	uxtb	r1, r1
100056b2:	4441      	add	r1, r8
100056b4:	790d      	ldrb	r5, [r1, #4]
100056b6:	2dff      	cmp	r5, #255	@ 0xff
100056b8:	d0f4      	beq.n	100056a4 <tud_task_ext+0x708>
100056ba:	464e      	mov	r6, r9
100056bc:	4645      	mov	r5, r8
100056be:	4657      	mov	r7, sl
100056c0:	2300      	movs	r3, #0
100056c2:	706b      	strb	r3, [r5, #1]
100056c4:	e5ec      	b.n	100052a0 <tud_task_ext+0x304>
100056c6:	464e      	mov	r6, r9
100056c8:	4657      	mov	r7, sl
100056ca:	f7ff fbd5 	bl	10004e78 <tud_mount_cb>
100056ce:	e63e      	b.n	1000534e <tud_task_ext+0x3b2>
100056d0:	4655      	mov	r5, sl
100056d2:	2254      	movs	r2, #84	@ 0x54
100056d4:	2100      	movs	r1, #0
100056d6:	0028      	movs	r0, r5
100056d8:	f7fc ffc4 	bl	10002664 <__wrap_memset>
100056dc:	2210      	movs	r2, #16
100056de:	21ff      	movs	r1, #255	@ 0xff
100056e0:	1d28      	adds	r0, r5, #4
100056e2:	f7fc ffbf 	bl	10002664 <__wrap_memset>
100056e6:	0028      	movs	r0, r5
100056e8:	2220      	movs	r2, #32
100056ea:	21ff      	movs	r1, #255	@ 0xff
100056ec:	3014      	adds	r0, #20
100056ee:	f7fc ffb9 	bl	10002664 <__wrap_memset>
100056f2:	9b03      	ldr	r3, [sp, #12]
100056f4:	70ab      	strb	r3, [r5, #2]
100056f6:	e657      	b.n	100053a8 <tud_task_ext+0x40c>
100056f8:	4655      	mov	r5, sl
100056fa:	e7fa      	b.n	100056f2 <tud_task_ext+0x756>
100056fc:	f7fe fea2 	bl	10004444 <tud_descriptor_bos_cb>
10005700:	1e02      	subs	r2, r0, #0
10005702:	d100      	bne.n	10005706 <tud_task_ext+0x76a>
10005704:	e5cc      	b.n	100052a0 <tud_task_ext+0x304>
10005706:	78d3      	ldrb	r3, [r2, #3]
10005708:	7891      	ldrb	r1, [r2, #2]
1000570a:	021b      	lsls	r3, r3, #8
1000570c:	430b      	orrs	r3, r1
1000570e:	4658      	mov	r0, fp
10005710:	a90e      	add	r1, sp, #56	@ 0x38
10005712:	f000 f90f 	bl	10005934 <tud_control_xfer>
10005716:	e5d4      	b.n	100052c2 <tud_task_ext+0x326>
10005718:	4665      	mov	r5, ip
1000571a:	003b      	movs	r3, r7
1000571c:	002a      	movs	r2, r5
1000571e:	0031      	movs	r1, r6
10005720:	980a      	ldr	r0, [sp, #40]	@ 0x28
10005722:	f000 fe7f 	bl	10006424 <tu_edpt_bind_driver>
10005726:	46ac      	mov	ip, r5
10005728:	9b04      	ldr	r3, [sp, #16]
1000572a:	9a03      	ldr	r2, [sp, #12]
1000572c:	781b      	ldrb	r3, [r3, #0]
1000572e:	4466      	add	r6, ip
10005730:	3301      	adds	r3, #1
10005732:	4293      	cmp	r3, r2
10005734:	db00      	blt.n	10005738 <tud_task_ext+0x79c>
10005736:	e66c      	b.n	10005412 <tud_task_ext+0x476>
10005738:	e7bf      	b.n	100056ba <tud_task_ext+0x71e>
1000573a:	4b17      	ldr	r3, [pc, #92]	@ (10005798 <tud_task_ext+0x7fc>)
1000573c:	6929      	ldr	r1, [r5, #16]
1000573e:	4299      	cmp	r1, r3
10005740:	d1ad      	bne.n	1000569e <tud_task_ext+0x702>
10005742:	9a07      	ldr	r2, [sp, #28]
10005744:	e7ab      	b.n	1000569e <tud_task_ext+0x702>
10005746:	f7ff fb93 	bl	10004e70 <tud_descriptor_device_qualifier_cb>
1000574a:	1e02      	subs	r2, r0, #0
1000574c:	d100      	bne.n	10005750 <tud_task_ext+0x7b4>
1000574e:	e5a7      	b.n	100052a0 <tud_task_ext+0x304>
10005750:	4658      	mov	r0, fp
10005752:	7813      	ldrb	r3, [r2, #0]
10005754:	a90e      	add	r1, sp, #56	@ 0x38
10005756:	f000 f8ed 	bl	10005934 <tud_control_xfer>
1000575a:	e5b2      	b.n	100052c2 <tud_task_ext+0x326>
1000575c:	8921      	ldrh	r1, [r4, #8]
1000575e:	f7ff f8bb 	bl	100048d8 <tud_descriptor_string_cb>
10005762:	1e02      	subs	r2, r0, #0
10005764:	d1f4      	bne.n	10005750 <tud_task_ext+0x7b4>
10005766:	e59b      	b.n	100052a0 <tud_task_ext+0x304>
10005768:	2a02      	cmp	r2, #2
1000576a:	d00f      	beq.n	1000578c <tud_task_ext+0x7f0>
1000576c:	f7ff fb82 	bl	10004e74 <tud_descriptor_other_speed_configuration_cb>
10005770:	1e02      	subs	r2, r0, #0
10005772:	d1c8      	bne.n	10005706 <tud_task_ext+0x76a>
10005774:	e594      	b.n	100052a0 <tud_task_ext+0x304>
10005776:	f7ff f8a7 	bl	100048c8 <tud_descriptor_device_cb>
1000577a:	1e02      	subs	r2, r0, #0
1000577c:	d100      	bne.n	10005780 <tud_task_ext+0x7e4>
1000577e:	e58f      	b.n	100052a0 <tud_task_ext+0x304>
10005780:	2312      	movs	r3, #18
10005782:	4658      	mov	r0, fp
10005784:	a90e      	add	r1, sp, #56	@ 0x38
10005786:	f000 f8d5 	bl	10005934 <tud_control_xfer>
1000578a:	e59a      	b.n	100052c2 <tud_task_ext+0x326>
1000578c:	f7ff f8a0 	bl	100048d0 <tud_descriptor_configuration_cb>
10005790:	1e02      	subs	r2, r0, #0
10005792:	d1b8      	bne.n	10005706 <tud_task_ext+0x76a>
10005794:	e584      	b.n	100052a0 <tud_task_ext+0x304>
10005796:	46c0      	nop			@ (mov r8, r8)
10005798:	10005ded 	.word	0x10005ded

1000579c <usbd_open_edpt_pair>:
1000579c:	b5f8      	push	{r3, r4, r5, r6, r7, lr}
1000579e:	4657      	mov	r7, sl
100057a0:	464e      	mov	r6, r9
100057a2:	46de      	mov	lr, fp
100057a4:	4645      	mov	r5, r8
100057a6:	000c      	movs	r4, r1
100057a8:	b5e0      	push	{r5, r6, r7, lr}
100057aa:	0016      	movs	r6, r2
100057ac:	001f      	movs	r7, r3
100057ae:	2a00      	cmp	r2, #0
100057b0:	d03c      	beq.n	1000582c <usbd_open_edpt_pair+0x90>
100057b2:	2370      	movs	r3, #112	@ 0x70
100057b4:	4698      	mov	r8, r3
100057b6:	4b1e      	ldr	r3, [pc, #120]	@ (10005830 <usbd_open_edpt_pair+0x94>)
100057b8:	2500      	movs	r5, #0
100057ba:	469b      	mov	fp, r3
100057bc:	4b1d      	ldr	r3, [pc, #116]	@ (10005834 <usbd_open_edpt_pair+0x98>)
100057be:	469a      	mov	sl, r3
100057c0:	e01a      	b.n	100057f8 <usbd_open_edpt_pair+0x5c>
100057c2:	465b      	mov	r3, fp
100057c4:	781b      	ldrb	r3, [r3, #0]
100057c6:	0020      	movs	r0, r4
100057c8:	4699      	mov	r9, r3
100057ca:	4653      	mov	r3, sl
100057cc:	7899      	ldrb	r1, [r3, #2]
100057ce:	f000 fdeb 	bl	100063a8 <tu_edpt_validate>
100057d2:	2800      	cmp	r0, #0
100057d4:	d01c      	beq.n	10005810 <usbd_open_edpt_pair+0x74>
100057d6:	0021      	movs	r1, r4
100057d8:	4648      	mov	r0, r9
100057da:	f7ff fa2f 	bl	10004c3c <dcd_edpt_open>
100057de:	2800      	cmp	r0, #0
100057e0:	d016      	beq.n	10005810 <usbd_open_edpt_pair+0x74>
100057e2:	78a3      	ldrb	r3, [r4, #2]
100057e4:	09da      	lsrs	r2, r3, #7
100057e6:	2a01      	cmp	r2, #1
100057e8:	d019      	beq.n	1000581e <usbd_open_edpt_pair+0x82>
100057ea:	9a0a      	ldr	r2, [sp, #40]	@ 0x28
100057ec:	3501      	adds	r5, #1
100057ee:	7013      	strb	r3, [r2, #0]
100057f0:	7823      	ldrb	r3, [r4, #0]
100057f2:	18e4      	adds	r4, r4, r3
100057f4:	42b5      	cmp	r5, r6
100057f6:	da19      	bge.n	1000582c <usbd_open_edpt_pair+0x90>
100057f8:	7863      	ldrb	r3, [r4, #1]
100057fa:	2b05      	cmp	r3, #5
100057fc:	d108      	bne.n	10005810 <usbd_open_edpt_pair+0x74>
100057fe:	78e3      	ldrb	r3, [r4, #3]
10005800:	079b      	lsls	r3, r3, #30
10005802:	0f9b      	lsrs	r3, r3, #30
10005804:	42bb      	cmp	r3, r7
10005806:	d103      	bne.n	10005810 <usbd_open_edpt_pair+0x74>
10005808:	4642      	mov	r2, r8
1000580a:	78a3      	ldrb	r3, [r4, #2]
1000580c:	421a      	tst	r2, r3
1000580e:	d0d8      	beq.n	100057c2 <usbd_open_edpt_pair+0x26>
10005810:	2000      	movs	r0, #0
10005812:	bcf0      	pop	{r4, r5, r6, r7}
10005814:	46bb      	mov	fp, r7
10005816:	46b2      	mov	sl, r6
10005818:	46a9      	mov	r9, r5
1000581a:	46a0      	mov	r8, r4
1000581c:	bdf8      	pop	{r3, r4, r5, r6, r7, pc}
1000581e:	9a0b      	ldr	r2, [sp, #44]	@ 0x2c
10005820:	3501      	adds	r5, #1
10005822:	7013      	strb	r3, [r2, #0]
10005824:	7823      	ldrb	r3, [r4, #0]
10005826:	18e4      	adds	r4, r4, r3
10005828:	42b5      	cmp	r5, r6
1000582a:	dbe5      	blt.n	100057f8 <usbd_open_edpt_pair+0x5c>
1000582c:	2001      	movs	r0, #1
1000582e:	e7f0      	b.n	10005812 <usbd_open_edpt_pair+0x76>
10005830:	20001234 	.word	0x20001234
10005834:	20001898 	.word	0x20001898

10005838 <usbd_edpt_open>:
10005838:	2270      	movs	r2, #112	@ 0x70
1000583a:	b570      	push	{r4, r5, r6, lr}
1000583c:	788b      	ldrb	r3, [r1, #2]
1000583e:	000c      	movs	r4, r1
10005840:	421a      	tst	r2, r3
10005842:	d001      	beq.n	10005848 <usbd_edpt_open+0x10>
10005844:	2000      	movs	r0, #0
10005846:	bd70      	pop	{r4, r5, r6, pc}
10005848:	4b06      	ldr	r3, [pc, #24]	@ (10005864 <usbd_edpt_open+0x2c>)
1000584a:	0020      	movs	r0, r4
1000584c:	781d      	ldrb	r5, [r3, #0]
1000584e:	4b06      	ldr	r3, [pc, #24]	@ (10005868 <usbd_edpt_open+0x30>)
10005850:	7899      	ldrb	r1, [r3, #2]
10005852:	f000 fda9 	bl	100063a8 <tu_edpt_validate>
10005856:	2800      	cmp	r0, #0
10005858:	d0f4      	beq.n	10005844 <usbd_edpt_open+0xc>
1000585a:	0021      	movs	r1, r4
1000585c:	0028      	movs	r0, r5
1000585e:	f7ff f9ed 	bl	10004c3c <dcd_edpt_open>
10005862:	e7f0      	b.n	10005846 <usbd_edpt_open+0xe>
10005864:	20001234 	.word	0x20001234
10005868:	20001898 	.word	0x20001898

1000586c <usbd_edpt_claim>:
1000586c:	000b      	movs	r3, r1
1000586e:	207f      	movs	r0, #127	@ 0x7f
10005870:	b510      	push	{r4, lr}
10005872:	4018      	ands	r0, r3
10005874:	09db      	lsrs	r3, r3, #7
10005876:	3334      	adds	r3, #52	@ 0x34
10005878:	0040      	lsls	r0, r0, #1
1000587a:	4a04      	ldr	r2, [pc, #16]	@ (1000588c <usbd_edpt_claim+0x20>)
1000587c:	18c0      	adds	r0, r0, r3
1000587e:	4b04      	ldr	r3, [pc, #16]	@ (10005890 <usbd_edpt_claim+0x24>)
10005880:	6811      	ldr	r1, [r2, #0]
10005882:	18c0      	adds	r0, r0, r3
10005884:	f000 fd4c 	bl	10006320 <tu_edpt_claim>
10005888:	bd10      	pop	{r4, pc}
1000588a:	46c0      	nop			@ (mov r8, r8)
1000588c:	200018ec 	.word	0x200018ec
10005890:	20001898 	.word	0x20001898

10005894 <usbd_edpt_release>:
10005894:	000b      	movs	r3, r1
10005896:	207f      	movs	r0, #127	@ 0x7f
10005898:	b510      	push	{r4, lr}
1000589a:	4018      	ands	r0, r3
1000589c:	09db      	lsrs	r3, r3, #7
1000589e:	3334      	adds	r3, #52	@ 0x34
100058a0:	0040      	lsls	r0, r0, #1
100058a2:	4a04      	ldr	r2, [pc, #16]	@ (100058b4 <usbd_edpt_release+0x20>)
100058a4:	18c0      	adds	r0, r0, r3
100058a6:	4b04      	ldr	r3, [pc, #16]	@ (100058b8 <usbd_edpt_release+0x24>)
100058a8:	6811      	ldr	r1, [r2, #0]
100058aa:	18c0      	adds	r0, r0, r3
100058ac:	f000 fd60 	bl	10006370 <tu_edpt_release>
100058b0:	bd10      	pop	{r4, pc}
100058b2:	46c0      	nop			@ (mov r8, r8)
100058b4:	200018ec 	.word	0x200018ec
100058b8:	20001898 	.word	0x20001898

100058bc <usbd_edpt_xfer>:
100058bc:	b570      	push	{r4, r5, r6, lr}
100058be:	247f      	movs	r4, #127	@ 0x7f
100058c0:	480f      	ldr	r0, [pc, #60]	@ (10005900 <usbd_edpt_xfer+0x44>)
100058c2:	400c      	ands	r4, r1
100058c4:	0064      	lsls	r4, r4, #1
100058c6:	1904      	adds	r4, r0, r4
100058c8:	09cd      	lsrs	r5, r1, #7
100058ca:	1964      	adds	r4, r4, r5
100058cc:	3430      	adds	r4, #48	@ 0x30
100058ce:	7920      	ldrb	r0, [r4, #4]
100058d0:	07c0      	lsls	r0, r0, #31
100058d2:	d501      	bpl.n	100058d8 <usbd_edpt_xfer+0x1c>
100058d4:	2000      	movs	r0, #0
100058d6:	bd70      	pop	{r4, r5, r6, pc}
100058d8:	2601      	movs	r6, #1
100058da:	7925      	ldrb	r5, [r4, #4]
100058dc:	4809      	ldr	r0, [pc, #36]	@ (10005904 <usbd_edpt_xfer+0x48>)
100058de:	4335      	orrs	r5, r6
100058e0:	7800      	ldrb	r0, [r0, #0]
100058e2:	7125      	strb	r5, [r4, #4]
100058e4:	f7ff fa38 	bl	10004d58 <dcd_edpt_xfer>
100058e8:	2800      	cmp	r0, #0
100058ea:	d1f4      	bne.n	100058d6 <usbd_edpt_xfer+0x1a>
100058ec:	2201      	movs	r2, #1
100058ee:	7923      	ldrb	r3, [r4, #4]
100058f0:	4393      	bics	r3, r2
100058f2:	7123      	strb	r3, [r4, #4]
100058f4:	7923      	ldrb	r3, [r4, #4]
100058f6:	3203      	adds	r2, #3
100058f8:	4393      	bics	r3, r2
100058fa:	7123      	strb	r3, [r4, #4]
100058fc:	e7ea      	b.n	100058d4 <usbd_edpt_xfer+0x18>
100058fe:	46c0      	nop			@ (mov r8, r8)
10005900:	20001898 	.word	0x20001898
10005904:	20001234 	.word	0x20001234

10005908 <tud_control_status>:
10005908:	b570      	push	{r4, r5, r6, lr}
1000590a:	4c09      	ldr	r4, [pc, #36]	@ (10005930 <tud_control_status+0x28>)
1000590c:	0006      	movs	r6, r0
1000590e:	2208      	movs	r2, #8
10005910:	0020      	movs	r0, r4
10005912:	000d      	movs	r5, r1
10005914:	f7fc feac 	bl	10002670 <__wrap___aeabi_memcpy>
10005918:	2300      	movs	r3, #0
1000591a:	2180      	movs	r1, #128	@ 0x80
1000591c:	60e3      	str	r3, [r4, #12]
1000591e:	60a3      	str	r3, [r4, #8]
10005920:	782b      	ldrb	r3, [r5, #0]
10005922:	0030      	movs	r0, r6
10005924:	4399      	bics	r1, r3
10005926:	2200      	movs	r2, #0
10005928:	2300      	movs	r3, #0
1000592a:	f7ff ffc7 	bl	100058bc <usbd_edpt_xfer>
1000592e:	bd70      	pop	{r4, r5, r6, pc}
10005930:	20001878 	.word	0x20001878

10005934 <tud_control_xfer>:
10005934:	b5f8      	push	{r3, r4, r5, r6, r7, lr}
10005936:	46ce      	mov	lr, r9
10005938:	4647      	mov	r7, r8
1000593a:	4690      	mov	r8, r2
1000593c:	4e25      	ldr	r6, [pc, #148]	@ (100059d4 <tud_control_xfer+0xa0>)
1000593e:	b580      	push	{r7, lr}
10005940:	4681      	mov	r9, r0
10005942:	2208      	movs	r2, #8
10005944:	0030      	movs	r0, r6
10005946:	000d      	movs	r5, r1
10005948:	001f      	movs	r7, r3
1000594a:	f7fc fe91 	bl	10002670 <__wrap___aeabi_memcpy>
1000594e:	4643      	mov	r3, r8
10005950:	60b3      	str	r3, [r6, #8]
10005952:	2300      	movs	r3, #0
10005954:	81f3      	strh	r3, [r6, #14]
10005956:	79ec      	ldrb	r4, [r5, #7]
10005958:	79ab      	ldrb	r3, [r5, #6]
1000595a:	0224      	lsls	r4, r4, #8
1000595c:	431c      	orrs	r4, r3
1000595e:	1c23      	adds	r3, r4, #0
10005960:	42bc      	cmp	r4, r7
10005962:	d900      	bls.n	10005966 <tud_control_xfer+0x32>
10005964:	1c3b      	adds	r3, r7, #0
10005966:	b29f      	uxth	r7, r3
10005968:	81b3      	strh	r3, [r6, #12]
1000596a:	2c00      	cmp	r4, #0
1000596c:	d00d      	beq.n	1000598a <tud_control_xfer+0x56>
1000596e:	2f00      	cmp	r7, #0
10005970:	d017      	beq.n	100059a2 <tud_control_xfer+0x6e>
10005972:	4642      	mov	r2, r8
10005974:	2a00      	cmp	r2, #0
10005976:	d02b      	beq.n	100059d0 <tud_control_xfer+0x9c>
10005978:	2f40      	cmp	r7, #64	@ 0x40
1000597a:	d81b      	bhi.n	100059b4 <tud_control_xfer+0x80>
1000597c:	b29f      	uxth	r7, r3
1000597e:	7833      	ldrb	r3, [r6, #0]
10005980:	2b7f      	cmp	r3, #127	@ 0x7f
10005982:	d81c      	bhi.n	100059be <tud_control_xfer+0x8a>
10005984:	2100      	movs	r1, #0
10005986:	4a14      	ldr	r2, [pc, #80]	@ (100059d8 <tud_control_xfer+0xa4>)
10005988:	e00f      	b.n	100059aa <tud_control_xfer+0x76>
1000598a:	2180      	movs	r1, #128	@ 0x80
1000598c:	782b      	ldrb	r3, [r5, #0]
1000598e:	2200      	movs	r2, #0
10005990:	4399      	bics	r1, r3
10005992:	4648      	mov	r0, r9
10005994:	2300      	movs	r3, #0
10005996:	f7ff ff91 	bl	100058bc <usbd_edpt_xfer>
1000599a:	bcc0      	pop	{r6, r7}
1000599c:	46b9      	mov	r9, r7
1000599e:	46b0      	mov	r8, r6
100059a0:	bdf8      	pop	{r3, r4, r5, r6, r7, pc}
100059a2:	237f      	movs	r3, #127	@ 0x7f
100059a4:	2200      	movs	r2, #0
100059a6:	7831      	ldrb	r1, [r6, #0]
100059a8:	4399      	bics	r1, r3
100059aa:	003b      	movs	r3, r7
100059ac:	4648      	mov	r0, r9
100059ae:	f7ff ff85 	bl	100058bc <usbd_edpt_xfer>
100059b2:	e7f2      	b.n	1000599a <tud_control_xfer+0x66>
100059b4:	2340      	movs	r3, #64	@ 0x40
100059b6:	b29f      	uxth	r7, r3
100059b8:	7833      	ldrb	r3, [r6, #0]
100059ba:	2b7f      	cmp	r3, #127	@ 0x7f
100059bc:	d9e2      	bls.n	10005984 <tud_control_xfer+0x50>
100059be:	4c06      	ldr	r4, [pc, #24]	@ (100059d8 <tud_control_xfer+0xa4>)
100059c0:	003a      	movs	r2, r7
100059c2:	4641      	mov	r1, r8
100059c4:	0020      	movs	r0, r4
100059c6:	f7fc fe53 	bl	10002670 <__wrap___aeabi_memcpy>
100059ca:	2180      	movs	r1, #128	@ 0x80
100059cc:	0022      	movs	r2, r4
100059ce:	e7ec      	b.n	100059aa <tud_control_xfer+0x76>
100059d0:	2000      	movs	r0, #0
100059d2:	e7e2      	b.n	1000599a <tud_control_xfer+0x66>
100059d4:	20001878 	.word	0x20001878
100059d8:	20001838 	.word	0x20001838

100059dc <usbd_control_reset>:
100059dc:	b510      	push	{r4, lr}
100059de:	2214      	movs	r2, #20
100059e0:	2100      	movs	r1, #0
100059e2:	4802      	ldr	r0, [pc, #8]	@ (100059ec <usbd_control_reset+0x10>)
100059e4:	f7fc fe3e 	bl	10002664 <__wrap_memset>
100059e8:	bd10      	pop	{r4, pc}
100059ea:	46c0      	nop			@ (mov r8, r8)
100059ec:	20001878 	.word	0x20001878

100059f0 <usbd_control_set_complete_callback>:
100059f0:	4b01      	ldr	r3, [pc, #4]	@ (100059f8 <usbd_control_set_complete_callback+0x8>)
100059f2:	6118      	str	r0, [r3, #16]
100059f4:	4770      	bx	lr
100059f6:	46c0      	nop			@ (mov r8, r8)
100059f8:	20001878 	.word	0x20001878

100059fc <usbd_control_set_request>:
100059fc:	b510      	push	{r4, lr}
100059fe:	4c05      	ldr	r4, [pc, #20]	@ (10005a14 <usbd_control_set_request+0x18>)
10005a00:	0001      	movs	r1, r0
10005a02:	2208      	movs	r2, #8
10005a04:	0020      	movs	r0, r4
10005a06:	f7fc fe33 	bl	10002670 <__wrap___aeabi_memcpy>
10005a0a:	2300      	movs	r3, #0
10005a0c:	60a3      	str	r3, [r4, #8]
10005a0e:	60e3      	str	r3, [r4, #12]
10005a10:	bd10      	pop	{r4, pc}
10005a12:	46c0      	nop			@ (mov r8, r8)
10005a14:	20001878 	.word	0x20001878

10005a18 <usbd_control_xfer_cb>:
10005a18:	b570      	push	{r4, r5, r6, lr}
10005a1a:	4c38      	ldr	r4, [pc, #224]	@ (10005afc <usbd_control_xfer_cb+0xe4>)
10005a1c:	001d      	movs	r5, r3
10005a1e:	7823      	ldrb	r3, [r4, #0]
10005a20:	0006      	movs	r6, r0
10005a22:	09da      	lsrs	r2, r3, #7
10005a24:	09c9      	lsrs	r1, r1, #7
10005a26:	428a      	cmp	r2, r1
10005a28:	d010      	beq.n	10005a4c <usbd_control_xfer_cb+0x34>
10005a2a:	2000      	movs	r0, #0
10005a2c:	2d00      	cmp	r5, #0
10005a2e:	d000      	beq.n	10005a32 <usbd_control_xfer_cb+0x1a>
10005a30:	bd70      	pop	{r4, r5, r6, pc}
10005a32:	0021      	movs	r1, r4
10005a34:	0030      	movs	r0, r6
10005a36:	f7ff f8f3 	bl	10004c20 <dcd_edpt0_status_complete>
10005a3a:	6923      	ldr	r3, [r4, #16]
10005a3c:	2b00      	cmp	r3, #0
10005a3e:	d003      	beq.n	10005a48 <usbd_control_xfer_cb+0x30>
10005a40:	0022      	movs	r2, r4
10005a42:	2103      	movs	r1, #3
10005a44:	0030      	movs	r0, r6
10005a46:	4798      	blx	r3
10005a48:	2001      	movs	r0, #1
10005a4a:	e7f1      	b.n	10005a30 <usbd_control_xfer_cb+0x18>
10005a4c:	2b7f      	cmp	r3, #127	@ 0x7f
10005a4e:	d806      	bhi.n	10005a5e <usbd_control_xfer_cb+0x46>
10005a50:	68a0      	ldr	r0, [r4, #8]
10005a52:	2800      	cmp	r0, #0
10005a54:	d034      	beq.n	10005ac0 <usbd_control_xfer_cb+0xa8>
10005a56:	002a      	movs	r2, r5
10005a58:	4929      	ldr	r1, [pc, #164]	@ (10005b00 <usbd_control_xfer_cb+0xe8>)
10005a5a:	f7fc fe09 	bl	10002670 <__wrap___aeabi_memcpy>
10005a5e:	89e2      	ldrh	r2, [r4, #14]
10005a60:	68a1      	ldr	r1, [r4, #8]
10005a62:	1952      	adds	r2, r2, r5
10005a64:	88e3      	ldrh	r3, [r4, #6]
10005a66:	b292      	uxth	r2, r2
10005a68:	1949      	adds	r1, r1, r5
10005a6a:	81e2      	strh	r2, [r4, #14]
10005a6c:	60a1      	str	r1, [r4, #8]
10005a6e:	4293      	cmp	r3, r2
10005a70:	d014      	beq.n	10005a9c <usbd_control_xfer_cb+0x84>
10005a72:	2d3f      	cmp	r5, #63	@ 0x3f
10005a74:	d912      	bls.n	10005a9c <usbd_control_xfer_cb+0x84>
10005a76:	89a3      	ldrh	r3, [r4, #12]
10005a78:	1a98      	subs	r0, r3, r2
10005a7a:	1c05      	adds	r5, r0, #0
10005a7c:	b280      	uxth	r0, r0
10005a7e:	2840      	cmp	r0, #64	@ 0x40
10005a80:	d82a      	bhi.n	10005ad8 <usbd_control_xfer_cb+0xc0>
10005a82:	7820      	ldrb	r0, [r4, #0]
10005a84:	b2ad      	uxth	r5, r5
10005a86:	287f      	cmp	r0, #127	@ 0x7f
10005a88:	d828      	bhi.n	10005adc <usbd_control_xfer_cb+0xc4>
10005a8a:	2100      	movs	r1, #0
10005a8c:	429a      	cmp	r2, r3
10005a8e:	d032      	beq.n	10005af6 <usbd_control_xfer_cb+0xde>
10005a90:	4a1b      	ldr	r2, [pc, #108]	@ (10005b00 <usbd_control_xfer_cb+0xe8>)
10005a92:	002b      	movs	r3, r5
10005a94:	0030      	movs	r0, r6
10005a96:	f7ff ff11 	bl	100058bc <usbd_edpt_xfer>
10005a9a:	e7c9      	b.n	10005a30 <usbd_control_xfer_cb+0x18>
10005a9c:	6923      	ldr	r3, [r4, #16]
10005a9e:	2b00      	cmp	r3, #0
10005aa0:	d005      	beq.n	10005aae <usbd_control_xfer_cb+0x96>
10005aa2:	0022      	movs	r2, r4
10005aa4:	2102      	movs	r1, #2
10005aa6:	0030      	movs	r0, r6
10005aa8:	4798      	blx	r3
10005aaa:	2800      	cmp	r0, #0
10005aac:	d00a      	beq.n	10005ac4 <usbd_control_xfer_cb+0xac>
10005aae:	2180      	movs	r1, #128	@ 0x80
10005ab0:	7823      	ldrb	r3, [r4, #0]
10005ab2:	2200      	movs	r2, #0
10005ab4:	4399      	bics	r1, r3
10005ab6:	0030      	movs	r0, r6
10005ab8:	2300      	movs	r3, #0
10005aba:	f7ff feff 	bl	100058bc <usbd_edpt_xfer>
10005abe:	e7b7      	b.n	10005a30 <usbd_control_xfer_cb+0x18>
10005ac0:	2000      	movs	r0, #0
10005ac2:	e7b5      	b.n	10005a30 <usbd_control_xfer_cb+0x18>
10005ac4:	2100      	movs	r1, #0
10005ac6:	0030      	movs	r0, r6
10005ac8:	f7ff f958 	bl	10004d7c <dcd_edpt_stall>
10005acc:	0030      	movs	r0, r6
10005ace:	2180      	movs	r1, #128	@ 0x80
10005ad0:	f7ff f954 	bl	10004d7c <dcd_edpt_stall>
10005ad4:	2001      	movs	r0, #1
10005ad6:	e7ab      	b.n	10005a30 <usbd_control_xfer_cb+0x18>
10005ad8:	2540      	movs	r5, #64	@ 0x40
10005ada:	e7d2      	b.n	10005a82 <usbd_control_xfer_cb+0x6a>
10005adc:	429a      	cmp	r2, r3
10005ade:	d007      	beq.n	10005af0 <usbd_control_xfer_cb+0xd8>
10005ae0:	4c07      	ldr	r4, [pc, #28]	@ (10005b00 <usbd_control_xfer_cb+0xe8>)
10005ae2:	002a      	movs	r2, r5
10005ae4:	0020      	movs	r0, r4
10005ae6:	f7fc fdc3 	bl	10002670 <__wrap___aeabi_memcpy>
10005aea:	2180      	movs	r1, #128	@ 0x80
10005aec:	0022      	movs	r2, r4
10005aee:	e7d0      	b.n	10005a92 <usbd_control_xfer_cb+0x7a>
10005af0:	2180      	movs	r1, #128	@ 0x80
10005af2:	2200      	movs	r2, #0
10005af4:	e7cd      	b.n	10005a92 <usbd_control_xfer_cb+0x7a>
10005af6:	2200      	movs	r2, #0
10005af8:	e7cb      	b.n	10005a92 <usbd_control_xfer_cb+0x7a>
10005afa:	46c0      	nop			@ (mov r8, r8)
10005afc:	20001878 	.word	0x20001878
10005b00:	20001838 	.word	0x20001838

10005b04 <_prep_out_transaction.isra.0>:
10005b04:	b570      	push	{r4, r5, r6, lr}
10005b06:	0004      	movs	r4, r0
10005b08:	f7ff f9be 	bl	10004e88 <tud_mounted>
10005b0c:	2800      	cmp	r0, #0
10005b0e:	d100      	bne.n	10005b12 <_prep_out_transaction.isra.0+0xe>
10005b10:	bd70      	pop	{r4, r5, r6, pc}
10005b12:	f7ff f9c1 	bl	10004e98 <tud_suspended>
10005b16:	2800      	cmp	r0, #0
10005b18:	d1fa      	bne.n	10005b10 <_prep_out_transaction.isra.0+0xc>
10005b1a:	23c8      	movs	r3, #200	@ 0xc8
10005b1c:	4363      	muls	r3, r4
10005b1e:	4d12      	ldr	r5, [pc, #72]	@ (10005b68 <_prep_out_transaction.isra.0+0x64>)
10005b20:	18ee      	adds	r6, r5, r3
10005b22:	78f1      	ldrb	r1, [r6, #3]
10005b24:	2900      	cmp	r1, #0
10005b26:	d0f3      	beq.n	10005b10 <_prep_out_transaction.isra.0+0xc>
10005b28:	3310      	adds	r3, #16
10005b2a:	195d      	adds	r5, r3, r5
10005b2c:	0028      	movs	r0, r5
10005b2e:	f000 fdf3 	bl	10006718 <tu_fifo_remaining>
10005b32:	283f      	cmp	r0, #63	@ 0x3f
10005b34:	d9ec      	bls.n	10005b10 <_prep_out_transaction.isra.0+0xc>
10005b36:	2000      	movs	r0, #0
10005b38:	78f1      	ldrb	r1, [r6, #3]
10005b3a:	f7ff fe97 	bl	1000586c <usbd_edpt_claim>
10005b3e:	2800      	cmp	r0, #0
10005b40:	d0e6      	beq.n	10005b10 <_prep_out_transaction.isra.0+0xc>
10005b42:	0028      	movs	r0, r5
10005b44:	f000 fde8 	bl	10006718 <tu_fifo_remaining>
10005b48:	78f1      	ldrb	r1, [r6, #3]
10005b4a:	283f      	cmp	r0, #63	@ 0x3f
10005b4c:	d907      	bls.n	10005b5e <_prep_out_transaction.isra.0+0x5a>
10005b4e:	4b07      	ldr	r3, [pc, #28]	@ (10005b6c <_prep_out_transaction.isra.0+0x68>)
10005b50:	01e2      	lsls	r2, r4, #7
10005b52:	18d2      	adds	r2, r2, r3
10005b54:	2000      	movs	r0, #0
10005b56:	2340      	movs	r3, #64	@ 0x40
10005b58:	f7ff feb0 	bl	100058bc <usbd_edpt_xfer>
10005b5c:	e7d8      	b.n	10005b10 <_prep_out_transaction.isra.0+0xc>
10005b5e:	2000      	movs	r0, #0
10005b60:	f7ff fe98 	bl	10005894 <usbd_edpt_release>
10005b64:	e7d4      	b.n	10005b10 <_prep_out_transaction.isra.0+0xc>
10005b66:	46c0      	nop			@ (mov r8, r8)
10005b68:	20001770 	.word	0x20001770
10005b6c:	200016ec 	.word	0x200016ec

10005b70 <tud_cdc_n_connected>:
10005b70:	b510      	push	{r4, lr}
10005b72:	0004      	movs	r4, r0
10005b74:	f7ff f988 	bl	10004e88 <tud_mounted>
10005b78:	2800      	cmp	r0, #0
10005b7a:	d101      	bne.n	10005b80 <tud_cdc_n_connected+0x10>
10005b7c:	2000      	movs	r0, #0
10005b7e:	bd10      	pop	{r4, pc}
10005b80:	f7ff f98a 	bl	10004e98 <tud_suspended>
10005b84:	2800      	cmp	r0, #0
10005b86:	d1f9      	bne.n	10005b7c <tud_cdc_n_connected+0xc>
10005b88:	22c8      	movs	r2, #200	@ 0xc8
10005b8a:	4362      	muls	r2, r4
10005b8c:	4b02      	ldr	r3, [pc, #8]	@ (10005b98 <tud_cdc_n_connected+0x28>)
10005b8e:	3001      	adds	r0, #1
10005b90:	189b      	adds	r3, r3, r2
10005b92:	791b      	ldrb	r3, [r3, #4]
10005b94:	4018      	ands	r0, r3
10005b96:	e7f2      	b.n	10005b7e <tud_cdc_n_connected+0xe>
10005b98:	20001770 	.word	0x20001770

10005b9c <tud_cdc_n_available>:
10005b9c:	23c8      	movs	r3, #200	@ 0xc8
10005b9e:	b510      	push	{r4, lr}
10005ba0:	4343      	muls	r3, r0
10005ba2:	4802      	ldr	r0, [pc, #8]	@ (10005bac <tud_cdc_n_available+0x10>)
10005ba4:	1818      	adds	r0, r3, r0
10005ba6:	f000 fd99 	bl	100066dc <tu_fifo_count>
10005baa:	bd10      	pop	{r4, pc}
10005bac:	20001780 	.word	0x20001780

10005bb0 <tud_cdc_n_read>:
10005bb0:	b5f8      	push	{r3, r4, r5, r6, r7, lr}
10005bb2:	24c8      	movs	r4, #200	@ 0xc8
10005bb4:	2380      	movs	r3, #128	@ 0x80
10005bb6:	4344      	muls	r4, r0
10005bb8:	4f1c      	ldr	r7, [pc, #112]	@ (10005c2c <tud_cdc_n_read+0x7c>)
10005bba:	3410      	adds	r4, #16
10005bbc:	0005      	movs	r5, r0
10005bbe:	193c      	adds	r4, r7, r4
10005bc0:	025b      	lsls	r3, r3, #9
10005bc2:	429a      	cmp	r2, r3
10005bc4:	d300      	bcc.n	10005bc8 <tud_cdc_n_read+0x18>
10005bc6:	4a1a      	ldr	r2, [pc, #104]	@ (10005c30 <tud_cdc_n_read+0x80>)
10005bc8:	0020      	movs	r0, r4
10005bca:	b292      	uxth	r2, r2
10005bcc:	f000 fe08 	bl	100067e0 <tu_fifo_read_n>
10005bd0:	0006      	movs	r6, r0
10005bd2:	f7ff f959 	bl	10004e88 <tud_mounted>
10005bd6:	2800      	cmp	r0, #0
10005bd8:	d101      	bne.n	10005bde <tud_cdc_n_read+0x2e>
10005bda:	0030      	movs	r0, r6
10005bdc:	bdf8      	pop	{r3, r4, r5, r6, r7, pc}
10005bde:	f7ff f95b 	bl	10004e98 <tud_suspended>
10005be2:	2800      	cmp	r0, #0
10005be4:	d1f9      	bne.n	10005bda <tud_cdc_n_read+0x2a>
10005be6:	23c8      	movs	r3, #200	@ 0xc8
10005be8:	436b      	muls	r3, r5
10005bea:	18ff      	adds	r7, r7, r3
10005bec:	78fb      	ldrb	r3, [r7, #3]
10005bee:	2b00      	cmp	r3, #0
10005bf0:	d0f3      	beq.n	10005bda <tud_cdc_n_read+0x2a>
10005bf2:	0020      	movs	r0, r4
10005bf4:	f000 fd90 	bl	10006718 <tu_fifo_remaining>
10005bf8:	283f      	cmp	r0, #63	@ 0x3f
10005bfa:	d9ee      	bls.n	10005bda <tud_cdc_n_read+0x2a>
10005bfc:	2000      	movs	r0, #0
10005bfe:	78f9      	ldrb	r1, [r7, #3]
10005c00:	f7ff fe34 	bl	1000586c <usbd_edpt_claim>
10005c04:	2800      	cmp	r0, #0
10005c06:	d0e8      	beq.n	10005bda <tud_cdc_n_read+0x2a>
10005c08:	0020      	movs	r0, r4
10005c0a:	f000 fd85 	bl	10006718 <tu_fifo_remaining>
10005c0e:	78f9      	ldrb	r1, [r7, #3]
10005c10:	283f      	cmp	r0, #63	@ 0x3f
10005c12:	d907      	bls.n	10005c24 <tud_cdc_n_read+0x74>
10005c14:	4b07      	ldr	r3, [pc, #28]	@ (10005c34 <tud_cdc_n_read+0x84>)
10005c16:	01ea      	lsls	r2, r5, #7
10005c18:	18d2      	adds	r2, r2, r3
10005c1a:	2000      	movs	r0, #0
10005c1c:	2340      	movs	r3, #64	@ 0x40
10005c1e:	f7ff fe4d 	bl	100058bc <usbd_edpt_xfer>
10005c22:	e7da      	b.n	10005bda <tud_cdc_n_read+0x2a>
10005c24:	2000      	movs	r0, #0
10005c26:	f7ff fe35 	bl	10005894 <usbd_edpt_release>
10005c2a:	e7d6      	b.n	10005bda <tud_cdc_n_read+0x2a>
10005c2c:	20001770 	.word	0x20001770
10005c30:	0000ffff 	.word	0x0000ffff
10005c34:	200016ec 	.word	0x200016ec

10005c38 <tud_cdc_n_write_flush>:
10005c38:	b5f8      	push	{r3, r4, r5, r6, r7, lr}
10005c3a:	0004      	movs	r4, r0
10005c3c:	f7ff f924 	bl	10004e88 <tud_mounted>
10005c40:	2800      	cmp	r0, #0
10005c42:	d101      	bne.n	10005c48 <tud_cdc_n_write_flush+0x10>
10005c44:	2000      	movs	r0, #0
10005c46:	bdf8      	pop	{r3, r4, r5, r6, r7, pc}
10005c48:	f7ff f926 	bl	10004e98 <tud_suspended>
10005c4c:	2800      	cmp	r0, #0
10005c4e:	d1f9      	bne.n	10005c44 <tud_cdc_n_write_flush+0xc>
10005c50:	25c8      	movs	r5, #200	@ 0xc8
10005c52:	4365      	muls	r5, r4
10005c54:	002e      	movs	r6, r5
10005c56:	4f13      	ldr	r7, [pc, #76]	@ (10005ca4 <tud_cdc_n_write_flush+0x6c>)
10005c58:	3624      	adds	r6, #36	@ 0x24
10005c5a:	19f6      	adds	r6, r6, r7
10005c5c:	0030      	movs	r0, r6
10005c5e:	f000 fd3d 	bl	100066dc <tu_fifo_count>
10005c62:	2800      	cmp	r0, #0
10005c64:	d0ee      	beq.n	10005c44 <tud_cdc_n_write_flush+0xc>
10005c66:	197f      	adds	r7, r7, r5
10005c68:	2000      	movs	r0, #0
10005c6a:	78b9      	ldrb	r1, [r7, #2]
10005c6c:	f7ff fdfe 	bl	1000586c <usbd_edpt_claim>
10005c70:	2800      	cmp	r0, #0
10005c72:	d0e7      	beq.n	10005c44 <tud_cdc_n_write_flush+0xc>
10005c74:	4d0c      	ldr	r5, [pc, #48]	@ (10005ca8 <tud_cdc_n_write_flush+0x70>)
10005c76:	01e4      	lsls	r4, r4, #7
10005c78:	1965      	adds	r5, r4, r5
10005c7a:	0029      	movs	r1, r5
10005c7c:	2240      	movs	r2, #64	@ 0x40
10005c7e:	0030      	movs	r0, r6
10005c80:	f000 fdae 	bl	100067e0 <tu_fifo_read_n>
10005c84:	78b9      	ldrb	r1, [r7, #2]
10005c86:	1e04      	subs	r4, r0, #0
10005c88:	d008      	beq.n	10005c9c <tud_cdc_n_write_flush+0x64>
10005c8a:	0003      	movs	r3, r0
10005c8c:	002a      	movs	r2, r5
10005c8e:	2000      	movs	r0, #0
10005c90:	f7ff fe14 	bl	100058bc <usbd_edpt_xfer>
10005c94:	2800      	cmp	r0, #0
10005c96:	d0d5      	beq.n	10005c44 <tud_cdc_n_write_flush+0xc>
10005c98:	0020      	movs	r0, r4
10005c9a:	e7d4      	b.n	10005c46 <tud_cdc_n_write_flush+0xe>
10005c9c:	2000      	movs	r0, #0
10005c9e:	f7ff fdf9 	bl	10005894 <usbd_edpt_release>
10005ca2:	e7cf      	b.n	10005c44 <tud_cdc_n_write_flush+0xc>
10005ca4:	20001770 	.word	0x20001770
10005ca8:	2000172c 	.word	0x2000172c

10005cac <tud_cdc_n_write>:
10005cac:	b570      	push	{r4, r5, r6, lr}
10005cae:	24c8      	movs	r4, #200	@ 0xc8
10005cb0:	4344      	muls	r4, r0
10005cb2:	4b0c      	ldr	r3, [pc, #48]	@ (10005ce4 <tud_cdc_n_write+0x38>)
10005cb4:	0005      	movs	r5, r0
10005cb6:	18e4      	adds	r4, r4, r3
10005cb8:	2380      	movs	r3, #128	@ 0x80
10005cba:	025b      	lsls	r3, r3, #9
10005cbc:	429a      	cmp	r2, r3
10005cbe:	d300      	bcc.n	10005cc2 <tud_cdc_n_write+0x16>
10005cc0:	4a09      	ldr	r2, [pc, #36]	@ (10005ce8 <tud_cdc_n_write+0x3c>)
10005cc2:	0020      	movs	r0, r4
10005cc4:	b292      	uxth	r2, r2
10005cc6:	f000 fe51 	bl	1000696c <tu_fifo_write_n>
10005cca:	0006      	movs	r6, r0
10005ccc:	0020      	movs	r0, r4
10005cce:	f000 fd05 	bl	100066dc <tu_fifo_count>
10005cd2:	283f      	cmp	r0, #63	@ 0x3f
10005cd4:	d801      	bhi.n	10005cda <tud_cdc_n_write+0x2e>
10005cd6:	0030      	movs	r0, r6
10005cd8:	bd70      	pop	{r4, r5, r6, pc}
10005cda:	0028      	movs	r0, r5
10005cdc:	f7ff ffac 	bl	10005c38 <tud_cdc_n_write_flush>
10005ce0:	e7f9      	b.n	10005cd6 <tud_cdc_n_write+0x2a>
10005ce2:	46c0      	nop			@ (mov r8, r8)
10005ce4:	20001794 	.word	0x20001794
10005ce8:	0000ffff 	.word	0x0000ffff

10005cec <tud_cdc_n_write_available>:
10005cec:	23c8      	movs	r3, #200	@ 0xc8
10005cee:	b510      	push	{r4, lr}
10005cf0:	4343      	muls	r3, r0
10005cf2:	4802      	ldr	r0, [pc, #8]	@ (10005cfc <tud_cdc_n_write_available+0x10>)
10005cf4:	1818      	adds	r0, r3, r0
10005cf6:	f000 fd0f 	bl	10006718 <tu_fifo_remaining>
10005cfa:	bd10      	pop	{r4, pc}
10005cfc:	20001794 	.word	0x20001794

10005d00 <cdcd_init>:
10005d00:	b5f0      	push	{r4, r5, r6, r7, lr}
10005d02:	2500      	movs	r5, #0
10005d04:	4c18      	ldr	r4, [pc, #96]	@ (10005d68 <cdcd_init+0x68>)
10005d06:	b083      	sub	sp, #12
10005d08:	22c8      	movs	r2, #200	@ 0xc8
10005d0a:	2100      	movs	r1, #0
10005d0c:	0020      	movs	r0, r4
10005d0e:	f7fc fca9 	bl	10002664 <__wrap_memset>
10005d12:	4b16      	ldr	r3, [pc, #88]	@ (10005d6c <cdcd_init+0x6c>)
10005d14:	0021      	movs	r1, r4
10005d16:	701d      	strb	r5, [r3, #0]
10005d18:	23ff      	movs	r3, #255	@ 0xff
10005d1a:	7163      	strb	r3, [r4, #5]
10005d1c:	23e1      	movs	r3, #225	@ 0xe1
10005d1e:	025b      	lsls	r3, r3, #9
10005d20:	60a3      	str	r3, [r4, #8]
10005d22:	0020      	movs	r0, r4
10005d24:	2308      	movs	r3, #8
10005d26:	2240      	movs	r2, #64	@ 0x40
10005d28:	73a3      	strb	r3, [r4, #14]
10005d2a:	3138      	adds	r1, #56	@ 0x38
10005d2c:	9500      	str	r5, [sp, #0]
10005d2e:	3b07      	subs	r3, #7
10005d30:	3010      	adds	r0, #16
10005d32:	f000 fc9d 	bl	10006670 <tu_fifo_config>
10005d36:	0027      	movs	r7, r4
10005d38:	2301      	movs	r3, #1
10005d3a:	0021      	movs	r1, r4
10005d3c:	0020      	movs	r0, r4
10005d3e:	0026      	movs	r6, r4
10005d40:	2240      	movs	r2, #64	@ 0x40
10005d42:	3178      	adds	r1, #120	@ 0x78
10005d44:	9300      	str	r3, [sp, #0]
10005d46:	37b8      	adds	r7, #184	@ 0xb8
10005d48:	3024      	adds	r0, #36	@ 0x24
10005d4a:	f000 fc91 	bl	10006670 <tu_fifo_config>
10005d4e:	36c0      	adds	r6, #192	@ 0xc0
10005d50:	0038      	movs	r0, r7
10005d52:	f7fb f819 	bl	10000d88 <mutex_init>
10005d56:	0030      	movs	r0, r6
10005d58:	f7fb f816 	bl	10000d88 <mutex_init>
10005d5c:	61e5      	str	r5, [r4, #28]
10005d5e:	6227      	str	r7, [r4, #32]
10005d60:	6326      	str	r6, [r4, #48]	@ 0x30
10005d62:	6365      	str	r5, [r4, #52]	@ 0x34
10005d64:	b003      	add	sp, #12
10005d66:	bdf0      	pop	{r4, r5, r6, r7, pc}
10005d68:	20001770 	.word	0x20001770
10005d6c:	2000176c 	.word	0x2000176c

10005d70 <cdcd_deinit>:
10005d70:	4a0a      	ldr	r2, [pc, #40]	@ (10005d9c <cdcd_deinit+0x2c>)
10005d72:	6b11      	ldr	r1, [r2, #48]	@ 0x30
10005d74:	6a13      	ldr	r3, [r2, #32]
10005d76:	2900      	cmp	r1, #0
10005d78:	d00c      	beq.n	10005d94 <cdcd_deinit+0x24>
10005d7a:	2b00      	cmp	r3, #0
10005d7c:	d007      	beq.n	10005d8e <cdcd_deinit+0x1e>
10005d7e:	2300      	movs	r3, #0
10005d80:	61d3      	str	r3, [r2, #28]
10005d82:	6353      	str	r3, [r2, #52]	@ 0x34
10005d84:	6313      	str	r3, [r2, #48]	@ 0x30
10005d86:	2300      	movs	r3, #0
10005d88:	6213      	str	r3, [r2, #32]
10005d8a:	2001      	movs	r0, #1
10005d8c:	4770      	bx	lr
10005d8e:	6353      	str	r3, [r2, #52]	@ 0x34
10005d90:	6313      	str	r3, [r2, #48]	@ 0x30
10005d92:	e7fa      	b.n	10005d8a <cdcd_deinit+0x1a>
10005d94:	2b00      	cmp	r3, #0
10005d96:	d0f8      	beq.n	10005d8a <cdcd_deinit+0x1a>
10005d98:	61d1      	str	r1, [r2, #28]
10005d9a:	e7f4      	b.n	10005d86 <cdcd_deinit+0x16>
10005d9c:	20001770 	.word	0x20001770

10005da0 <cdcd_reset>:
10005da0:	b570      	push	{r4, r5, r6, lr}
10005da2:	4c0f      	ldr	r4, [pc, #60]	@ (10005de0 <cdcd_reset+0x40>)
10005da4:	2205      	movs	r2, #5
10005da6:	2100      	movs	r1, #0
10005da8:	0020      	movs	r0, r4
10005daa:	f7fc fc5b 	bl	10002664 <__wrap_memset>
10005dae:	4d0d      	ldr	r5, [pc, #52]	@ (10005de4 <cdcd_reset+0x44>)
10005db0:	782b      	ldrb	r3, [r5, #0]
10005db2:	07da      	lsls	r2, r3, #31
10005db4:	d507      	bpl.n	10005dc6 <cdcd_reset+0x26>
10005db6:	4c0c      	ldr	r4, [pc, #48]	@ (10005de8 <cdcd_reset+0x48>)
10005db8:	079b      	lsls	r3, r3, #30
10005dba:	d50c      	bpl.n	10005dd6 <cdcd_reset+0x36>
10005dbc:	2101      	movs	r1, #1
10005dbe:	0020      	movs	r0, r4
10005dc0:	f000 feb0 	bl	10006b24 <tu_fifo_set_overwritable>
10005dc4:	bd70      	pop	{r4, r5, r6, pc}
10005dc6:	0020      	movs	r0, r4
10005dc8:	3010      	adds	r0, #16
10005dca:	f000 fe8b 	bl	10006ae4 <tu_fifo_clear>
10005dce:	782b      	ldrb	r3, [r5, #0]
10005dd0:	4c05      	ldr	r4, [pc, #20]	@ (10005de8 <cdcd_reset+0x48>)
10005dd2:	079b      	lsls	r3, r3, #30
10005dd4:	d4f2      	bmi.n	10005dbc <cdcd_reset+0x1c>
10005dd6:	0020      	movs	r0, r4
10005dd8:	f000 fe84 	bl	10006ae4 <tu_fifo_clear>
10005ddc:	e7ee      	b.n	10005dbc <cdcd_reset+0x1c>
10005dde:	46c0      	nop			@ (mov r8, r8)
10005de0:	20001770 	.word	0x20001770
10005de4:	2000176c 	.word	0x2000176c
10005de8:	20001794 	.word	0x20001794

10005dec <cdcd_open>:
10005dec:	b5f0      	push	{r4, r5, r6, r7, lr}
10005dee:	794b      	ldrb	r3, [r1, #5]
10005df0:	0006      	movs	r6, r0
10005df2:	b083      	sub	sp, #12
10005df4:	2b02      	cmp	r3, #2
10005df6:	d102      	bne.n	10005dfe <cdcd_open+0x12>
10005df8:	798b      	ldrb	r3, [r1, #6]
10005dfa:	2b02      	cmp	r3, #2
10005dfc:	d003      	beq.n	10005e06 <cdcd_open+0x1a>
10005dfe:	2500      	movs	r5, #0
10005e00:	0028      	movs	r0, r5
10005e02:	b003      	add	sp, #12
10005e04:	bdf0      	pop	{r4, r5, r6, r7, pc}
10005e06:	4f20      	ldr	r7, [pc, #128]	@ (10005e88 <cdcd_open+0x9c>)
10005e08:	78bb      	ldrb	r3, [r7, #2]
10005e0a:	2b00      	cmp	r3, #0
10005e0c:	d1f7      	bne.n	10005dfe <cdcd_open+0x12>
10005e0e:	788b      	ldrb	r3, [r1, #2]
10005e10:	2509      	movs	r5, #9
10005e12:	703b      	strb	r3, [r7, #0]
10005e14:	780c      	ldrb	r4, [r1, #0]
10005e16:	190c      	adds	r4, r1, r4
10005e18:	7863      	ldrb	r3, [r4, #1]
10005e1a:	2b24      	cmp	r3, #36	@ 0x24
10005e1c:	d007      	beq.n	10005e2e <cdcd_open+0x42>
10005e1e:	e00c      	b.n	10005e3a <cdcd_open+0x4e>
10005e20:	7823      	ldrb	r3, [r4, #0]
10005e22:	18e4      	adds	r4, r4, r3
10005e24:	195d      	adds	r5, r3, r5
10005e26:	7863      	ldrb	r3, [r4, #1]
10005e28:	b2ad      	uxth	r5, r5
10005e2a:	2b24      	cmp	r3, #36	@ 0x24
10005e2c:	d105      	bne.n	10005e3a <cdcd_open+0x4e>
10005e2e:	4295      	cmp	r5, r2
10005e30:	d9f6      	bls.n	10005e20 <cdcd_open+0x34>
10005e32:	2000      	movs	r0, #0
10005e34:	f7ff fe66 	bl	10005b04 <_prep_out_transaction.isra.0>
10005e38:	e7e2      	b.n	10005e00 <cdcd_open+0x14>
10005e3a:	001a      	movs	r2, r3
10005e3c:	2b05      	cmp	r3, #5
10005e3e:	d015      	beq.n	10005e6c <cdcd_open+0x80>
10005e40:	2a04      	cmp	r2, #4
10005e42:	d1f6      	bne.n	10005e32 <cdcd_open+0x46>
10005e44:	7963      	ldrb	r3, [r4, #5]
10005e46:	2b0a      	cmp	r3, #10
10005e48:	d1f3      	bne.n	10005e32 <cdcd_open+0x46>
10005e4a:	4b10      	ldr	r3, [pc, #64]	@ (10005e8c <cdcd_open+0xa0>)
10005e4c:	7827      	ldrb	r7, [r4, #0]
10005e4e:	9301      	str	r3, [sp, #4]
10005e50:	3301      	adds	r3, #1
10005e52:	9300      	str	r3, [sp, #0]
10005e54:	0030      	movs	r0, r6
10005e56:	2302      	movs	r3, #2
10005e58:	19e1      	adds	r1, r4, r7
10005e5a:	3a02      	subs	r2, #2
10005e5c:	f7ff fc9e 	bl	1000579c <usbd_open_edpt_pair>
10005e60:	2800      	cmp	r0, #0
10005e62:	d0cc      	beq.n	10005dfe <cdcd_open+0x12>
10005e64:	350e      	adds	r5, #14
10005e66:	19ed      	adds	r5, r5, r7
10005e68:	b2ad      	uxth	r5, r5
10005e6a:	e7e2      	b.n	10005e32 <cdcd_open+0x46>
10005e6c:	0021      	movs	r1, r4
10005e6e:	0030      	movs	r0, r6
10005e70:	f7ff fce2 	bl	10005838 <usbd_edpt_open>
10005e74:	2800      	cmp	r0, #0
10005e76:	d0c2      	beq.n	10005dfe <cdcd_open+0x12>
10005e78:	78a3      	ldrb	r3, [r4, #2]
10005e7a:	707b      	strb	r3, [r7, #1]
10005e7c:	7823      	ldrb	r3, [r4, #0]
10005e7e:	195d      	adds	r5, r3, r5
10005e80:	18e4      	adds	r4, r4, r3
10005e82:	7862      	ldrb	r2, [r4, #1]
10005e84:	b2ad      	uxth	r5, r5
10005e86:	e7db      	b.n	10005e40 <cdcd_open+0x54>
10005e88:	20001770 	.word	0x20001770
10005e8c:	20001772 	.word	0x20001772

10005e90 <cdcd_control_xfer_cb>:
10005e90:	b5f8      	push	{r3, r4, r5, r6, r7, lr}
10005e92:	2360      	movs	r3, #96	@ 0x60
10005e94:	0014      	movs	r4, r2
10005e96:	7812      	ldrb	r2, [r2, #0]
10005e98:	0005      	movs	r5, r0
10005e9a:	4013      	ands	r3, r2
10005e9c:	2000      	movs	r0, #0
10005e9e:	2b20      	cmp	r3, #32
10005ea0:	d107      	bne.n	10005eb2 <cdcd_control_xfer_cb+0x22>
10005ea2:	4a30      	ldr	r2, [pc, #192]	@ (10005f64 <cdcd_control_xfer_cb+0xd4>)
10005ea4:	7963      	ldrb	r3, [r4, #5]
10005ea6:	7927      	ldrb	r7, [r4, #4]
10005ea8:	7816      	ldrb	r6, [r2, #0]
10005eaa:	021b      	lsls	r3, r3, #8
10005eac:	433b      	orrs	r3, r7
10005eae:	429e      	cmp	r6, r3
10005eb0:	d000      	beq.n	10005eb4 <cdcd_control_xfer_cb+0x24>
10005eb2:	bdf8      	pop	{r3, r4, r5, r6, r7, pc}
10005eb4:	7863      	ldrb	r3, [r4, #1]
10005eb6:	2b22      	cmp	r3, #34	@ 0x22
10005eb8:	d01a      	beq.n	10005ef0 <cdcd_control_xfer_cb+0x60>
10005eba:	d807      	bhi.n	10005ecc <cdcd_control_xfer_cb+0x3c>
10005ebc:	2b20      	cmp	r3, #32
10005ebe:	d034      	beq.n	10005f2a <cdcd_control_xfer_cb+0x9a>
10005ec0:	2b21      	cmp	r3, #33	@ 0x21
10005ec2:	d1f6      	bne.n	10005eb2 <cdcd_control_xfer_cb+0x22>
10005ec4:	2901      	cmp	r1, #1
10005ec6:	d03e      	beq.n	10005f46 <cdcd_control_xfer_cb+0xb6>
10005ec8:	2001      	movs	r0, #1
10005eca:	e7f2      	b.n	10005eb2 <cdcd_control_xfer_cb+0x22>
10005ecc:	2b23      	cmp	r3, #35	@ 0x23
10005ece:	d1f0      	bne.n	10005eb2 <cdcd_control_xfer_cb+0x22>
10005ed0:	2901      	cmp	r1, #1
10005ed2:	d040      	beq.n	10005f56 <cdcd_control_xfer_cb+0xc6>
10005ed4:	2903      	cmp	r1, #3
10005ed6:	d1f7      	bne.n	10005ec8 <cdcd_control_xfer_cb+0x38>
10005ed8:	4b23      	ldr	r3, [pc, #140]	@ (10005f68 <cdcd_control_xfer_cb+0xd8>)
10005eda:	2b00      	cmp	r3, #0
10005edc:	d0f4      	beq.n	10005ec8 <cdcd_control_xfer_cb+0x38>
10005ede:	78e1      	ldrb	r1, [r4, #3]
10005ee0:	78a3      	ldrb	r3, [r4, #2]
10005ee2:	0209      	lsls	r1, r1, #8
10005ee4:	2000      	movs	r0, #0
10005ee6:	4319      	orrs	r1, r3
10005ee8:	e000      	b.n	10005eec <cdcd_control_xfer_cb+0x5c>
10005eea:	bf00      	nop
10005eec:	2001      	movs	r0, #1
10005eee:	e7e0      	b.n	10005eb2 <cdcd_control_xfer_cb+0x22>
10005ef0:	2901      	cmp	r1, #1
10005ef2:	d030      	beq.n	10005f56 <cdcd_control_xfer_cb+0xc6>
10005ef4:	2903      	cmp	r1, #3
10005ef6:	d1e7      	bne.n	10005ec8 <cdcd_control_xfer_cb+0x38>
10005ef8:	2501      	movs	r5, #1
10005efa:	002e      	movs	r6, r5
10005efc:	78a3      	ldrb	r3, [r4, #2]
10005efe:	78e4      	ldrb	r4, [r4, #3]
10005f00:	3902      	subs	r1, #2
10005f02:	0224      	lsls	r4, r4, #8
10005f04:	431c      	orrs	r4, r3
10005f06:	7114      	strb	r4, [r2, #4]
10005f08:	4026      	ands	r6, r4
10005f0a:	3224      	adds	r2, #36	@ 0x24
10005f0c:	0010      	movs	r0, r2
10005f0e:	4071      	eors	r1, r6
10005f10:	f000 fe08 	bl	10006b24 <tu_fifo_set_overwritable>
10005f14:	4b15      	ldr	r3, [pc, #84]	@ (10005f6c <cdcd_control_xfer_cb+0xdc>)
10005f16:	2b00      	cmp	r3, #0
10005f18:	d0d6      	beq.n	10005ec8 <cdcd_control_xfer_cb+0x38>
10005f1a:	0862      	lsrs	r2, r4, #1
10005f1c:	2000      	movs	r0, #0
10005f1e:	0031      	movs	r1, r6
10005f20:	402a      	ands	r2, r5
10005f22:	e000      	b.n	10005f26 <cdcd_control_xfer_cb+0x96>
10005f24:	bf00      	nop
10005f26:	2001      	movs	r0, #1
10005f28:	e7c3      	b.n	10005eb2 <cdcd_control_xfer_cb+0x22>
10005f2a:	2901      	cmp	r1, #1
10005f2c:	d00b      	beq.n	10005f46 <cdcd_control_xfer_cb+0xb6>
10005f2e:	2903      	cmp	r1, #3
10005f30:	d1ca      	bne.n	10005ec8 <cdcd_control_xfer_cb+0x38>
10005f32:	4b0f      	ldr	r3, [pc, #60]	@ (10005f70 <cdcd_control_xfer_cb+0xe0>)
10005f34:	2b00      	cmp	r3, #0
10005f36:	d0c7      	beq.n	10005ec8 <cdcd_control_xfer_cb+0x38>
10005f38:	3208      	adds	r2, #8
10005f3a:	2000      	movs	r0, #0
10005f3c:	0011      	movs	r1, r2
10005f3e:	f7fe faa5 	bl	1000448c <tud_cdc_line_coding_cb>
10005f42:	2001      	movs	r0, #1
10005f44:	e7b5      	b.n	10005eb2 <cdcd_control_xfer_cb+0x22>
10005f46:	2307      	movs	r3, #7
10005f48:	0021      	movs	r1, r4
10005f4a:	0028      	movs	r0, r5
10005f4c:	4a09      	ldr	r2, [pc, #36]	@ (10005f74 <cdcd_control_xfer_cb+0xe4>)
10005f4e:	f7ff fcf1 	bl	10005934 <tud_control_xfer>
10005f52:	2001      	movs	r0, #1
10005f54:	e7ad      	b.n	10005eb2 <cdcd_control_xfer_cb+0x22>
10005f56:	0021      	movs	r1, r4
10005f58:	0028      	movs	r0, r5
10005f5a:	f7ff fcd5 	bl	10005908 <tud_control_status>
10005f5e:	2001      	movs	r0, #1
10005f60:	e7a7      	b.n	10005eb2 <cdcd_control_xfer_cb+0x22>
10005f62:	46c0      	nop			@ (mov r8, r8)
10005f64:	20001770 	.word	0x20001770
	...
10005f70:	1000448d 	.word	0x1000448d
10005f74:	20001778 	.word	0x20001778

10005f78 <cdcd_xfer_cb>:
10005f78:	b5f0      	push	{r4, r5, r6, r7, lr}
10005f7a:	464f      	mov	r7, r9
10005f7c:	4646      	mov	r6, r8
10005f7e:	46d6      	mov	lr, sl
10005f80:	b5c0      	push	{r6, r7, lr}
10005f82:	4d36      	ldr	r5, [pc, #216]	@ (1000605c <cdcd_xfer_cb+0xe4>)
10005f84:	4680      	mov	r8, r0
10005f86:	78ea      	ldrb	r2, [r5, #3]
10005f88:	000c      	movs	r4, r1
10005f8a:	001f      	movs	r7, r3
10005f8c:	428a      	cmp	r2, r1
10005f8e:	d03c      	beq.n	1000600a <cdcd_xfer_cb+0x92>
10005f90:	78ab      	ldrb	r3, [r5, #2]
10005f92:	428b      	cmp	r3, r1
10005f94:	d010      	beq.n	10005fb8 <cdcd_xfer_cb+0x40>
10005f96:	2000      	movs	r0, #0
10005f98:	bce0      	pop	{r5, r6, r7}
10005f9a:	46ba      	mov	sl, r7
10005f9c:	46b1      	mov	r9, r6
10005f9e:	46a8      	mov	r8, r5
10005fa0:	bdf0      	pop	{r4, r5, r6, r7, pc}
10005fa2:	4b2f      	ldr	r3, [pc, #188]	@ (10006060 <cdcd_xfer_cb+0xe8>)
10005fa4:	2b00      	cmp	r3, #0
10005fa6:	d004      	beq.n	10005fb2 <cdcd_xfer_cb+0x3a>
10005fa8:	482e      	ldr	r0, [pc, #184]	@ (10006064 <cdcd_xfer_cb+0xec>)
10005faa:	f000 fbad 	bl	10006708 <tu_fifo_empty>
10005fae:	2800      	cmp	r0, #0
10005fb0:	d051      	beq.n	10006056 <cdcd_xfer_cb+0xde>
10005fb2:	2000      	movs	r0, #0
10005fb4:	f7ff fda6 	bl	10005b04 <_prep_out_transaction.isra.0>
10005fb8:	78ab      	ldrb	r3, [r5, #2]
10005fba:	42a3      	cmp	r3, r4
10005fbc:	d001      	beq.n	10005fc2 <cdcd_xfer_cb+0x4a>
10005fbe:	2001      	movs	r0, #1
10005fc0:	e7ea      	b.n	10005f98 <cdcd_xfer_cb+0x20>
10005fc2:	4b29      	ldr	r3, [pc, #164]	@ (10006068 <cdcd_xfer_cb+0xf0>)
10005fc4:	2b00      	cmp	r3, #0
10005fc6:	d002      	beq.n	10005fce <cdcd_xfer_cb+0x56>
10005fc8:	2000      	movs	r0, #0
10005fca:	e000      	b.n	10005fce <cdcd_xfer_cb+0x56>
10005fcc:	bf00      	nop
10005fce:	2000      	movs	r0, #0
10005fd0:	f7ff fe32 	bl	10005c38 <tud_cdc_n_write_flush>
10005fd4:	2800      	cmp	r0, #0
10005fd6:	d1f2      	bne.n	10005fbe <cdcd_xfer_cb+0x46>
10005fd8:	4c24      	ldr	r4, [pc, #144]	@ (1000606c <cdcd_xfer_cb+0xf4>)
10005fda:	0020      	movs	r0, r4
10005fdc:	f000 fb7e 	bl	100066dc <tu_fifo_count>
10005fe0:	2800      	cmp	r0, #0
10005fe2:	d1ec      	bne.n	10005fbe <cdcd_xfer_cb+0x46>
10005fe4:	2f00      	cmp	r7, #0
10005fe6:	d0ea      	beq.n	10005fbe <cdcd_xfer_cb+0x46>
10005fe8:	06bf      	lsls	r7, r7, #26
10005fea:	d1e8      	bne.n	10005fbe <cdcd_xfer_cb+0x46>
10005fec:	3c24      	subs	r4, #36	@ 0x24
10005fee:	4640      	mov	r0, r8
10005ff0:	78a1      	ldrb	r1, [r4, #2]
10005ff2:	f7ff fc3b 	bl	1000586c <usbd_edpt_claim>
10005ff6:	2800      	cmp	r0, #0
10005ff8:	d0e1      	beq.n	10005fbe <cdcd_xfer_cb+0x46>
10005ffa:	2300      	movs	r3, #0
10005ffc:	2200      	movs	r2, #0
10005ffe:	4640      	mov	r0, r8
10006000:	78a1      	ldrb	r1, [r4, #2]
10006002:	f7ff fc5b 	bl	100058bc <usbd_edpt_xfer>
10006006:	2001      	movs	r0, #1
10006008:	e7c6      	b.n	10005f98 <cdcd_xfer_cb+0x20>
1000600a:	b29a      	uxth	r2, r3
1000600c:	2310      	movs	r3, #16
1000600e:	469a      	mov	sl, r3
10006010:	4e17      	ldr	r6, [pc, #92]	@ (10006070 <cdcd_xfer_cb+0xf8>)
10006012:	44aa      	add	sl, r5
10006014:	0031      	movs	r1, r6
10006016:	4650      	mov	r0, sl
10006018:	f000 fca8 	bl	1000696c <tu_fifo_write_n>
1000601c:	4b15      	ldr	r3, [pc, #84]	@ (10006074 <cdcd_xfer_cb+0xfc>)
1000601e:	2b00      	cmp	r3, #0
10006020:	d0bf      	beq.n	10005fa2 <cdcd_xfer_cb+0x2a>
10006022:	796b      	ldrb	r3, [r5, #5]
10006024:	2bff      	cmp	r3, #255	@ 0xff
10006026:	d0bc      	beq.n	10005fa2 <cdcd_xfer_cb+0x2a>
10006028:	2f00      	cmp	r7, #0
1000602a:	d0ba      	beq.n	10005fa2 <cdcd_xfer_cb+0x2a>
1000602c:	19f2      	adds	r2, r6, r7
1000602e:	4691      	mov	r9, r2
10006030:	e003      	b.n	1000603a <cdcd_xfer_cb+0xc2>
10006032:	3601      	adds	r6, #1
10006034:	454e      	cmp	r6, r9
10006036:	d0b4      	beq.n	10005fa2 <cdcd_xfer_cb+0x2a>
10006038:	796b      	ldrb	r3, [r5, #5]
1000603a:	7832      	ldrb	r2, [r6, #0]
1000603c:	429a      	cmp	r2, r3
1000603e:	d1f8      	bne.n	10006032 <cdcd_xfer_cb+0xba>
10006040:	4650      	mov	r0, sl
10006042:	f000 fb61 	bl	10006708 <tu_fifo_empty>
10006046:	2800      	cmp	r0, #0
10006048:	d1f3      	bne.n	10006032 <cdcd_xfer_cb+0xba>
1000604a:	4653      	mov	r3, sl
1000604c:	3b10      	subs	r3, #16
1000604e:	7959      	ldrb	r1, [r3, #5]
10006050:	e000      	b.n	10006054 <cdcd_xfer_cb+0xdc>
10006052:	bf00      	nop
10006054:	e7ed      	b.n	10006032 <cdcd_xfer_cb+0xba>
10006056:	e000      	b.n	1000605a <cdcd_xfer_cb+0xe2>
10006058:	bf00      	nop
1000605a:	e7aa      	b.n	10005fb2 <cdcd_xfer_cb+0x3a>
1000605c:	20001770 	.word	0x20001770
10006060:	00000000 	.word	0x00000000
10006064:	20001780 	.word	0x20001780
10006068:	00000000 	.word	0x00000000
1000606c:	20001794 	.word	0x20001794
10006070:	200016ec 	.word	0x200016ec
10006074:	00000000 	.word	0x00000000

10006078 <vendord_init>:
10006078:	2293      	movs	r2, #147	@ 0x93
1000607a:	b5f0      	push	{r4, r5, r6, r7, lr}
1000607c:	4c13      	ldr	r4, [pc, #76]	@ (100060cc <vendord_init+0x54>)
1000607e:	b085      	sub	sp, #20
10006080:	2100      	movs	r1, #0
10006082:	0020      	movs	r0, r4
10006084:	0092      	lsls	r2, r2, #2
10006086:	f7fc faed 	bl	10002664 <__wrap_memset>
1000608a:	0023      	movs	r3, r4
1000608c:	0020      	movs	r0, r4
1000608e:	2680      	movs	r6, #128	@ 0x80
10006090:	2740      	movs	r7, #64	@ 0x40
10006092:	4d0f      	ldr	r5, [pc, #60]	@ (100060d0 <vendord_init+0x58>)
10006094:	334d      	adds	r3, #77	@ 0x4d
10006096:	0076      	lsls	r6, r6, #1
10006098:	33ff      	adds	r3, #255	@ 0xff
1000609a:	3029      	adds	r0, #41	@ 0x29
1000609c:	9502      	str	r5, [sp, #8]
1000609e:	9300      	str	r3, [sp, #0]
100060a0:	2200      	movs	r2, #0
100060a2:	2300      	movs	r3, #0
100060a4:	2100      	movs	r1, #0
100060a6:	9703      	str	r7, [sp, #12]
100060a8:	9601      	str	r6, [sp, #4]
100060aa:	30ff      	adds	r0, #255	@ 0xff
100060ac:	f000 f9d4 	bl	10006458 <tu_edpt_stream_init>
100060b0:	3540      	adds	r5, #64	@ 0x40
100060b2:	1d20      	adds	r0, r4, #4
100060b4:	3428      	adds	r4, #40	@ 0x28
100060b6:	2300      	movs	r3, #0
100060b8:	2201      	movs	r2, #1
100060ba:	2100      	movs	r1, #0
100060bc:	9703      	str	r7, [sp, #12]
100060be:	9502      	str	r5, [sp, #8]
100060c0:	9601      	str	r6, [sp, #4]
100060c2:	9400      	str	r4, [sp, #0]
100060c4:	f000 f9c8 	bl	10006458 <tu_edpt_stream_init>
100060c8:	b005      	add	sp, #20
100060ca:	bdf0      	pop	{r4, r5, r6, r7, pc}
100060cc:	20001a3c 	.word	0x20001a3c
100060d0:	200019bc 	.word	0x200019bc

100060d4 <vendord_deinit>:
100060d4:	b510      	push	{r4, lr}
100060d6:	4c05      	ldr	r4, [pc, #20]	@ (100060ec <vendord_deinit+0x18>)
100060d8:	0020      	movs	r0, r4
100060da:	f000 f9f3 	bl	100064c4 <tu_edpt_stream_deinit>
100060de:	0020      	movs	r0, r4
100060e0:	3825      	subs	r0, #37	@ 0x25
100060e2:	38ff      	subs	r0, #255	@ 0xff
100060e4:	f000 f9ee 	bl	100064c4 <tu_edpt_stream_deinit>
100060e8:	2001      	movs	r0, #1
100060ea:	bd10      	pop	{r4, pc}
100060ec:	20001b64 	.word	0x20001b64

100060f0 <vendord_reset>:
100060f0:	b570      	push	{r4, r5, r6, lr}
100060f2:	4c08      	ldr	r4, [pc, #32]	@ (10006114 <vendord_reset+0x24>)
100060f4:	2500      	movs	r5, #0
100060f6:	0020      	movs	r0, r4
100060f8:	3031      	adds	r0, #49	@ 0x31
100060fa:	30ff      	adds	r0, #255	@ 0xff
100060fc:	7025      	strb	r5, [r4, #0]
100060fe:	f000 fcf1 	bl	10006ae4 <tu_fifo_clear>
10006102:	0020      	movs	r0, r4
10006104:	300c      	adds	r0, #12
10006106:	f000 fced 	bl	10006ae4 <tu_fifo_clear>
1000610a:	232a      	movs	r3, #42	@ 0x2a
1000610c:	33ff      	adds	r3, #255	@ 0xff
1000610e:	54e5      	strb	r5, [r4, r3]
10006110:	7165      	strb	r5, [r4, #5]
10006112:	bd70      	pop	{r4, r5, r6, pc}
10006114:	20001a3c 	.word	0x20001a3c

10006118 <vendord_open>:
10006118:	b5f8      	push	{r3, r4, r5, r6, r7, lr}
1000611a:	4657      	mov	r7, sl
1000611c:	4645      	mov	r5, r8
1000611e:	46de      	mov	lr, fp
10006120:	464e      	mov	r6, r9
10006122:	b5e0      	push	{r5, r6, r7, lr}
10006124:	794b      	ldrb	r3, [r1, #5]
10006126:	4680      	mov	r8, r0
10006128:	000f      	movs	r7, r1
1000612a:	2bff      	cmp	r3, #255	@ 0xff
1000612c:	d15b      	bne.n	100061e6 <vendord_open+0xce>
1000612e:	4b40      	ldr	r3, [pc, #256]	@ (10006230 <vendord_open+0x118>)
10006130:	4699      	mov	r9, r3
10006132:	232a      	movs	r3, #42	@ 0x2a
10006134:	4649      	mov	r1, r9
10006136:	33ff      	adds	r3, #255	@ 0xff
10006138:	5ccb      	ldrb	r3, [r1, r3]
1000613a:	2b00      	cmp	r3, #0
1000613c:	d153      	bne.n	100061e6 <vendord_open+0xce>
1000613e:	794e      	ldrb	r6, [r1, #5]
10006140:	2e00      	cmp	r6, #0
10006142:	d150      	bne.n	100061e6 <vendord_open+0xce>
10006144:	78bb      	ldrb	r3, [r7, #2]
10006146:	783c      	ldrb	r4, [r7, #0]
10006148:	700b      	strb	r3, [r1, #0]
1000614a:	793b      	ldrb	r3, [r7, #4]
1000614c:	193c      	adds	r4, r7, r4
1000614e:	2b00      	cmp	r3, #0
10006150:	d046      	beq.n	100061e0 <vendord_open+0xc8>
10006152:	2398      	movs	r3, #152	@ 0x98
10006154:	005b      	lsls	r3, r3, #1
10006156:	444b      	add	r3, r9
10006158:	469a      	mov	sl, r3
1000615a:	230c      	movs	r3, #12
1000615c:	444b      	add	r3, r9
1000615e:	469b      	mov	fp, r3
10006160:	18a5      	adds	r5, r4, r2
10006162:	e003      	b.n	1000616c <vendord_open+0x54>
10006164:	42ac      	cmp	r4, r5
10006166:	d23b      	bcs.n	100061e0 <vendord_open+0xc8>
10006168:	7823      	ldrb	r3, [r4, #0]
1000616a:	18e4      	adds	r4, r4, r3
1000616c:	7863      	ldrb	r3, [r4, #1]
1000616e:	2b05      	cmp	r3, #5
10006170:	d1f8      	bne.n	10006164 <vendord_open+0x4c>
10006172:	42ac      	cmp	r4, r5
10006174:	d234      	bcs.n	100061e0 <vendord_open+0xc8>
10006176:	0021      	movs	r1, r4
10006178:	4640      	mov	r0, r8
1000617a:	f7ff fb5d 	bl	10005838 <usbd_edpt_open>
1000617e:	2800      	cmp	r0, #0
10006180:	d031      	beq.n	100061e6 <vendord_open+0xce>
10006182:	78a3      	ldrb	r3, [r4, #2]
10006184:	3601      	adds	r6, #1
10006186:	b2f6      	uxtb	r6, r6
10006188:	09db      	lsrs	r3, r3, #7
1000618a:	2b01      	cmp	r3, #1
1000618c:	d032      	beq.n	100061f4 <vendord_open+0xdc>
1000618e:	4650      	mov	r0, sl
10006190:	f000 fca8 	bl	10006ae4 <tu_fifo_clear>
10006194:	232a      	movs	r3, #42	@ 0x2a
10006196:	4649      	mov	r1, r9
10006198:	78a2      	ldrb	r2, [r4, #2]
1000619a:	33ff      	adds	r3, #255	@ 0xff
1000619c:	54ca      	strb	r2, [r1, r3]
1000619e:	7963      	ldrb	r3, [r4, #5]
100061a0:	7922      	ldrb	r2, [r4, #4]
100061a2:	021b      	lsls	r3, r3, #8
100061a4:	4313      	orrs	r3, r2
100061a6:	4a23      	ldr	r2, [pc, #140]	@ (10006234 <vendord_open+0x11c>)
100061a8:	055b      	lsls	r3, r3, #21
100061aa:	4694      	mov	ip, r2
100061ac:	0d5b      	lsrs	r3, r3, #21
100061ae:	2194      	movs	r1, #148	@ 0x94
100061b0:	4463      	add	r3, ip
100061b2:	425a      	negs	r2, r3
100061b4:	4153      	adcs	r3, r2
100061b6:	464a      	mov	r2, r9
100061b8:	2002      	movs	r0, #2
100061ba:	0049      	lsls	r1, r1, #1
100061bc:	5c52      	ldrb	r2, [r2, r1]
100061be:	005b      	lsls	r3, r3, #1
100061c0:	4382      	bics	r2, r0
100061c2:	4313      	orrs	r3, r2
100061c4:	464a      	mov	r2, r9
100061c6:	5453      	strb	r3, [r2, r1]
100061c8:	4651      	mov	r1, sl
100061ca:	4640      	mov	r0, r8
100061cc:	3908      	subs	r1, #8
100061ce:	f000 f9e3 	bl	10006598 <tu_edpt_stream_read_xfer>
100061d2:	2800      	cmp	r0, #0
100061d4:	d007      	beq.n	100061e6 <vendord_open+0xce>
100061d6:	7823      	ldrb	r3, [r4, #0]
100061d8:	18e4      	adds	r4, r4, r3
100061da:	793b      	ldrb	r3, [r7, #4]
100061dc:	42b3      	cmp	r3, r6
100061de:	d8c5      	bhi.n	1000616c <vendord_open+0x54>
100061e0:	1be0      	subs	r0, r4, r7
100061e2:	b280      	uxth	r0, r0
100061e4:	e000      	b.n	100061e8 <vendord_open+0xd0>
100061e6:	2000      	movs	r0, #0
100061e8:	bcf0      	pop	{r4, r5, r6, r7}
100061ea:	46bb      	mov	fp, r7
100061ec:	46b2      	mov	sl, r6
100061ee:	46a9      	mov	r9, r5
100061f0:	46a0      	mov	r8, r4
100061f2:	bdf8      	pop	{r3, r4, r5, r6, r7, pc}
100061f4:	4658      	mov	r0, fp
100061f6:	f000 fc75 	bl	10006ae4 <tu_fifo_clear>
100061fa:	465a      	mov	r2, fp
100061fc:	78a3      	ldrb	r3, [r4, #2]
100061fe:	3a0c      	subs	r2, #12
10006200:	7153      	strb	r3, [r2, #5]
10006202:	7963      	ldrb	r3, [r4, #5]
10006204:	7921      	ldrb	r1, [r4, #4]
10006206:	021b      	lsls	r3, r3, #8
10006208:	430b      	orrs	r3, r1
1000620a:	490a      	ldr	r1, [pc, #40]	@ (10006234 <vendord_open+0x11c>)
1000620c:	055b      	lsls	r3, r3, #21
1000620e:	468c      	mov	ip, r1
10006210:	0d5b      	lsrs	r3, r3, #21
10006212:	4463      	add	r3, ip
10006214:	4259      	negs	r1, r3
10006216:	414b      	adcs	r3, r1
10006218:	2002      	movs	r0, #2
1000621a:	7911      	ldrb	r1, [r2, #4]
1000621c:	005b      	lsls	r3, r3, #1
1000621e:	4381      	bics	r1, r0
10006220:	430b      	orrs	r3, r1
10006222:	4659      	mov	r1, fp
10006224:	2000      	movs	r0, #0
10006226:	3908      	subs	r1, #8
10006228:	7113      	strb	r3, [r2, #4]
1000622a:	f000 f981 	bl	10006530 <tu_edpt_stream_write_xfer>
1000622e:	e7d2      	b.n	100061d6 <vendord_open+0xbe>
10006230:	20001a3c 	.word	0x20001a3c
10006234:	fffffe00 	.word	0xfffffe00

10006238 <vendord_xfer_cb>:
10006238:	b5f8      	push	{r3, r4, r5, r6, r7, lr}
1000623a:	252a      	movs	r5, #42	@ 0x2a
1000623c:	0006      	movs	r6, r0
1000623e:	481f      	ldr	r0, [pc, #124]	@ (100062bc <vendord_xfer_cb+0x84>)
10006240:	35ff      	adds	r5, #255	@ 0xff
10006242:	5d45      	ldrb	r5, [r0, r5]
10006244:	001f      	movs	r7, r3
10006246:	428d      	cmp	r5, r1
10006248:	d015      	beq.n	10006276 <vendord_xfer_cb+0x3e>
1000624a:	7943      	ldrb	r3, [r0, #5]
1000624c:	428b      	cmp	r3, r1
1000624e:	d001      	beq.n	10006254 <vendord_xfer_cb+0x1c>
10006250:	2000      	movs	r0, #0
10006252:	bdf8      	pop	{r3, r4, r5, r6, r7, pc}
10006254:	4b1a      	ldr	r3, [pc, #104]	@ (100062c0 <vendord_xfer_cb+0x88>)
10006256:	2b00      	cmp	r3, #0
10006258:	d004      	beq.n	10006264 <vendord_xfer_cb+0x2c>
1000625a:	0439      	lsls	r1, r7, #16
1000625c:	2000      	movs	r0, #0
1000625e:	0c09      	lsrs	r1, r1, #16
10006260:	e000      	b.n	10006264 <vendord_xfer_cb+0x2c>
10006262:	bf00      	nop
10006264:	4c17      	ldr	r4, [pc, #92]	@ (100062c4 <vendord_xfer_cb+0x8c>)
10006266:	0030      	movs	r0, r6
10006268:	0021      	movs	r1, r4
1000626a:	f000 f961 	bl	10006530 <tu_edpt_stream_write_xfer>
1000626e:	2800      	cmp	r0, #0
10006270:	d01d      	beq.n	100062ae <vendord_xfer_cb+0x76>
10006272:	2001      	movs	r0, #1
10006274:	e7ed      	b.n	10006252 <vendord_xfer_cb+0x1a>
10006276:	239a      	movs	r3, #154	@ 0x9a
10006278:	005b      	lsls	r3, r3, #1
1000627a:	5ac3      	ldrh	r3, [r0, r3]
1000627c:	2b00      	cmp	r3, #0
1000627e:	d10d      	bne.n	1000629c <vendord_xfer_cb+0x64>
10006280:	4b11      	ldr	r3, [pc, #68]	@ (100062c8 <vendord_xfer_cb+0x90>)
10006282:	2b00      	cmp	r3, #0
10006284:	d004      	beq.n	10006290 <vendord_xfer_cb+0x58>
10006286:	2000      	movs	r0, #0
10006288:	4910      	ldr	r1, [pc, #64]	@ (100062cc <vendord_xfer_cb+0x94>)
1000628a:	b2ba      	uxth	r2, r7
1000628c:	e000      	b.n	10006290 <vendord_xfer_cb+0x58>
1000628e:	bf00      	nop
10006290:	0030      	movs	r0, r6
10006292:	490f      	ldr	r1, [pc, #60]	@ (100062d0 <vendord_xfer_cb+0x98>)
10006294:	f000 f980 	bl	10006598 <tu_edpt_stream_read_xfer>
10006298:	2001      	movs	r0, #1
1000629a:	e7da      	b.n	10006252 <vendord_xfer_cb+0x1a>
1000629c:	2396      	movs	r3, #150	@ 0x96
1000629e:	005b      	lsls	r3, r3, #1
100062a0:	58c1      	ldr	r1, [r0, r3]
100062a2:	3031      	adds	r0, #49	@ 0x31
100062a4:	b2ba      	uxth	r2, r7
100062a6:	30ff      	adds	r0, #255	@ 0xff
100062a8:	f000 fb60 	bl	1000696c <tu_fifo_write_n>
100062ac:	e7e8      	b.n	10006280 <vendord_xfer_cb+0x48>
100062ae:	003a      	movs	r2, r7
100062b0:	0021      	movs	r1, r4
100062b2:	0030      	movs	r0, r6
100062b4:	f000 f908 	bl	100064c8 <tu_edpt_stream_write_zlp_if_needed>
100062b8:	2001      	movs	r0, #1
100062ba:	e7ca      	b.n	10006252 <vendord_xfer_cb+0x1a>
100062bc:	20001a3c 	.word	0x20001a3c
100062c0:	00000000 	.word	0x00000000
100062c4:	20001a40 	.word	0x20001a40
100062c8:	00000000 	.word	0x00000000
100062cc:	200019bc 	.word	0x200019bc
100062d0:	20001b64 	.word	0x20001b64

100062d4 <tusb_rhport_init>:
100062d4:	b500      	push	{lr}
100062d6:	0003      	movs	r3, r0
100062d8:	b083      	sub	sp, #12
100062da:	2900      	cmp	r1, #0
100062dc:	d010      	beq.n	10006300 <tusb_rhport_init+0x2c>
100062de:	2000      	movs	r0, #0
100062e0:	2b01      	cmp	r3, #1
100062e2:	d807      	bhi.n	100062f4 <tusb_rhport_init+0x20>
100062e4:	780a      	ldrb	r2, [r1, #0]
100062e6:	2a00      	cmp	r2, #0
100062e8:	d004      	beq.n	100062f4 <tusb_rhport_init+0x20>
100062ea:	480c      	ldr	r0, [pc, #48]	@ (1000631c <tusb_rhport_init+0x48>)
100062ec:	54c2      	strb	r2, [r0, r3]
100062ee:	2001      	movs	r0, #1
100062f0:	2a01      	cmp	r2, #1
100062f2:	d001      	beq.n	100062f8 <tusb_rhport_init+0x24>
100062f4:	b003      	add	sp, #12
100062f6:	bd00      	pop	{pc}
100062f8:	0018      	movs	r0, r3
100062fa:	f7fe fdd5 	bl	10004ea8 <tud_rhport_init>
100062fe:	e7f9      	b.n	100062f4 <tusb_rhport_init+0x20>
10006300:	2301      	movs	r3, #1
10006302:	466a      	mov	r2, sp
10006304:	2000      	movs	r0, #0
10006306:	a901      	add	r1, sp, #4
10006308:	8093      	strh	r3, [r2, #4]
1000630a:	f7fe fdcd 	bl	10004ea8 <tud_rhport_init>
1000630e:	2800      	cmp	r0, #0
10006310:	d0f0      	beq.n	100062f4 <tusb_rhport_init+0x20>
10006312:	2201      	movs	r2, #1
10006314:	4b01      	ldr	r3, [pc, #4]	@ (1000631c <tusb_rhport_init+0x48>)
10006316:	701a      	strb	r2, [r3, #0]
10006318:	e7ec      	b.n	100062f4 <tusb_rhport_init+0x20>
1000631a:	46c0      	nop			@ (mov r8, r8)
1000631c:	2000188c 	.word	0x2000188c

10006320 <tu_edpt_claim>:
10006320:	7803      	ldrb	r3, [r0, #0]
10006322:	b570      	push	{r4, r5, r6, lr}
10006324:	07db      	lsls	r3, r3, #31
10006326:	0004      	movs	r4, r0
10006328:	000e      	movs	r6, r1
1000632a:	0fdd      	lsrs	r5, r3, #31
1000632c:	2b00      	cmp	r3, #0
1000632e:	d117      	bne.n	10006360 <tu_edpt_claim+0x40>
10006330:	7803      	ldrb	r3, [r0, #0]
10006332:	075b      	lsls	r3, r3, #29
10006334:	d501      	bpl.n	1000633a <tu_edpt_claim+0x1a>
10006336:	0028      	movs	r0, r5
10006338:	bd70      	pop	{r4, r5, r6, pc}
1000633a:	2101      	movs	r1, #1
1000633c:	0030      	movs	r0, r6
1000633e:	4249      	negs	r1, r1
10006340:	f004 fb3a 	bl	1000a9b8 <__mutex_enter_timeout_ms_veneer>
10006344:	7823      	ldrb	r3, [r4, #0]
10006346:	07db      	lsls	r3, r3, #31
10006348:	0fdd      	lsrs	r5, r3, #31
1000634a:	2b00      	cmp	r3, #0
1000634c:	d10a      	bne.n	10006364 <tu_edpt_claim+0x44>
1000634e:	7823      	ldrb	r3, [r4, #0]
10006350:	075b      	lsls	r3, r3, #29
10006352:	d408      	bmi.n	10006366 <tu_edpt_claim+0x46>
10006354:	2204      	movs	r2, #4
10006356:	7823      	ldrb	r3, [r4, #0]
10006358:	2501      	movs	r5, #1
1000635a:	4313      	orrs	r3, r2
1000635c:	7023      	strb	r3, [r4, #0]
1000635e:	e002      	b.n	10006366 <tu_edpt_claim+0x46>
10006360:	2500      	movs	r5, #0
10006362:	e7e8      	b.n	10006336 <tu_edpt_claim+0x16>
10006364:	2500      	movs	r5, #0
10006366:	0030      	movs	r0, r6
10006368:	f004 faf6 	bl	1000a958 <__mutex_exit_veneer>
1000636c:	e7e3      	b.n	10006336 <tu_edpt_claim+0x16>
1000636e:	46c0      	nop			@ (mov r8, r8)

10006370 <tu_edpt_release>:
10006370:	b570      	push	{r4, r5, r6, lr}
10006372:	000c      	movs	r4, r1
10006374:	2101      	movs	r1, #1
10006376:	0006      	movs	r6, r0
10006378:	4249      	negs	r1, r1
1000637a:	0020      	movs	r0, r4
1000637c:	f004 fb1c 	bl	1000a9b8 <__mutex_enter_timeout_ms_veneer>
10006380:	7833      	ldrb	r3, [r6, #0]
10006382:	075b      	lsls	r3, r3, #29
10006384:	0fdd      	lsrs	r5, r3, #31
10006386:	2b00      	cmp	r3, #0
10006388:	db04      	blt.n	10006394 <tu_edpt_release+0x24>
1000638a:	0020      	movs	r0, r4
1000638c:	f004 fae4 	bl	1000a958 <__mutex_exit_veneer>
10006390:	0028      	movs	r0, r5
10006392:	bd70      	pop	{r4, r5, r6, pc}
10006394:	7833      	ldrb	r3, [r6, #0]
10006396:	07db      	lsls	r3, r3, #31
10006398:	d404      	bmi.n	100063a4 <tu_edpt_release+0x34>
1000639a:	2204      	movs	r2, #4
1000639c:	7833      	ldrb	r3, [r6, #0]
1000639e:	4393      	bics	r3, r2
100063a0:	7033      	strb	r3, [r6, #0]
100063a2:	e7f2      	b.n	1000638a <tu_edpt_release+0x1a>
100063a4:	2500      	movs	r5, #0
100063a6:	e7f0      	b.n	1000638a <tu_edpt_release+0x1a>

100063a8 <tu_edpt_validate>:
100063a8:	7943      	ldrb	r3, [r0, #5]
100063aa:	7902      	ldrb	r2, [r0, #4]
100063ac:	021b      	lsls	r3, r3, #8
100063ae:	4313      	orrs	r3, r2
100063b0:	78c2      	ldrb	r2, [r0, #3]
100063b2:	055b      	lsls	r3, r3, #21
100063b4:	0792      	lsls	r2, r2, #30
100063b6:	0d5b      	lsrs	r3, r3, #21
100063b8:	0f92      	lsrs	r2, r2, #30
100063ba:	2a02      	cmp	r2, #2
100063bc:	d01d      	beq.n	100063fa <tu_edpt_validate+0x52>
100063be:	2a03      	cmp	r2, #3
100063c0:	d00c      	beq.n	100063dc <tu_edpt_validate+0x34>
100063c2:	2000      	movs	r0, #0
100063c4:	2a01      	cmp	r2, #1
100063c6:	d108      	bne.n	100063da <tu_edpt_validate+0x32>
100063c8:	3902      	subs	r1, #2
100063ca:	424a      	negs	r2, r1
100063cc:	4151      	adcs	r1, r2
100063ce:	4a12      	ldr	r2, [pc, #72]	@ (10006418 <tu_edpt_validate+0x70>)
100063d0:	4694      	mov	ip, r2
100063d2:	4461      	add	r1, ip
100063d4:	4299      	cmp	r1, r3
100063d6:	4140      	adcs	r0, r0
100063d8:	b2c0      	uxtb	r0, r0
100063da:	4770      	bx	lr
100063dc:	3902      	subs	r1, #2
100063de:	1e4a      	subs	r2, r1, #1
100063e0:	4191      	sbcs	r1, r2
100063e2:	4a0e      	ldr	r2, [pc, #56]	@ (1000641c <tu_edpt_validate+0x74>)
100063e4:	4249      	negs	r1, r1
100063e6:	4011      	ands	r1, r2
100063e8:	2280      	movs	r2, #128	@ 0x80
100063ea:	00d2      	lsls	r2, r2, #3
100063ec:	4694      	mov	ip, r2
100063ee:	2000      	movs	r0, #0
100063f0:	4461      	add	r1, ip
100063f2:	4299      	cmp	r1, r3
100063f4:	4140      	adcs	r0, r0
100063f6:	b2c0      	uxtb	r0, r0
100063f8:	e7ef      	b.n	100063da <tu_edpt_validate+0x32>
100063fa:	2902      	cmp	r1, #2
100063fc:	d005      	beq.n	1000640a <tu_edpt_validate+0x62>
100063fe:	2000      	movs	r0, #0
10006400:	2240      	movs	r2, #64	@ 0x40
10006402:	429a      	cmp	r2, r3
10006404:	4140      	adcs	r0, r0
10006406:	b2c0      	uxtb	r0, r0
10006408:	e7e7      	b.n	100063da <tu_edpt_validate+0x32>
1000640a:	4a05      	ldr	r2, [pc, #20]	@ (10006420 <tu_edpt_validate+0x78>)
1000640c:	1898      	adds	r0, r3, r2
1000640e:	4243      	negs	r3, r0
10006410:	4158      	adcs	r0, r3
10006412:	b2c0      	uxtb	r0, r0
10006414:	e7e1      	b.n	100063da <tu_edpt_validate+0x32>
10006416:	46c0      	nop			@ (mov r8, r8)
10006418:	000003ff 	.word	0x000003ff
1000641c:	fffffc40 	.word	0xfffffc40
10006420:	fffffe00 	.word	0xfffffe00

10006424 <tu_edpt_bind_driver>:
10006424:	188a      	adds	r2, r1, r2
10006426:	b570      	push	{r4, r5, r6, lr}
10006428:	4291      	cmp	r1, r2
1000642a:	d207      	bcs.n	1000643c <tu_edpt_bind_driver+0x18>
1000642c:	267f      	movs	r6, #127	@ 0x7f
1000642e:	784c      	ldrb	r4, [r1, #1]
10006430:	2c05      	cmp	r4, #5
10006432:	d004      	beq.n	1000643e <tu_edpt_bind_driver+0x1a>
10006434:	780c      	ldrb	r4, [r1, #0]
10006436:	1909      	adds	r1, r1, r4
10006438:	428a      	cmp	r2, r1
1000643a:	d8f8      	bhi.n	1000642e <tu_edpt_bind_driver+0xa>
1000643c:	bd70      	pop	{r4, r5, r6, pc}
1000643e:	0034      	movs	r4, r6
10006440:	788d      	ldrb	r5, [r1, #2]
10006442:	402c      	ands	r4, r5
10006444:	0064      	lsls	r4, r4, #1
10006446:	1904      	adds	r4, r0, r4
10006448:	09ed      	lsrs	r5, r5, #7
1000644a:	5563      	strb	r3, [r4, r5]
1000644c:	780c      	ldrb	r4, [r1, #0]
1000644e:	1909      	adds	r1, r1, r4
10006450:	428a      	cmp	r2, r1
10006452:	d8ec      	bhi.n	1000642e <tu_edpt_bind_driver+0xa>
10006454:	e7f2      	b.n	1000643c <tu_edpt_bind_driver+0x18>
10006456:	46c0      	nop			@ (mov r8, r8)

10006458 <tu_edpt_stream_init>:
10006458:	b5f0      	push	{r4, r5, r6, r7, lr}
1000645a:	46c6      	mov	lr, r8
1000645c:	b500      	push	{lr}
1000645e:	b082      	sub	sp, #8
10006460:	0015      	movs	r5, r2
10006462:	aa08      	add	r2, sp, #32
10006464:	ca40      	ldmia	r2!, {r6}
10006466:	0004      	movs	r4, r0
10006468:	8817      	ldrh	r7, [r2, #0]
1000646a:	466a      	mov	r2, sp
1000646c:	8d92      	ldrh	r2, [r2, #44]	@ 0x2c
1000646e:	2001      	movs	r0, #1
10006470:	4690      	mov	r8, r2
10006472:	000a      	movs	r2, r1
10006474:	7821      	ldrb	r1, [r4, #0]
10006476:	4002      	ands	r2, r0
10006478:	4381      	bics	r1, r0
1000647a:	0020      	movs	r0, r4
1000647c:	4311      	orrs	r1, r2
1000647e:	7021      	strb	r1, [r4, #0]
10006480:	003a      	movs	r2, r7
10006482:	9300      	str	r3, [sp, #0]
10006484:	0031      	movs	r1, r6
10006486:	2301      	movs	r3, #1
10006488:	3008      	adds	r0, #8
1000648a:	f000 f8f1 	bl	10006670 <tu_fifo_config>
1000648e:	2e00      	cmp	r6, #0
10006490:	d001      	beq.n	10006496 <tu_edpt_stream_init+0x3e>
10006492:	2f00      	cmp	r7, #0
10006494:	d108      	bne.n	100064a8 <tu_edpt_stream_init+0x50>
10006496:	9b0a      	ldr	r3, [sp, #40]	@ 0x28
10006498:	2001      	movs	r0, #1
1000649a:	6063      	str	r3, [r4, #4]
1000649c:	4643      	mov	r3, r8
1000649e:	8063      	strh	r3, [r4, #2]
100064a0:	b002      	add	sp, #8
100064a2:	bc80      	pop	{r7}
100064a4:	46b8      	mov	r8, r7
100064a6:	bdf0      	pop	{r4, r5, r6, r7, pc}
100064a8:	0026      	movs	r6, r4
100064aa:	361c      	adds	r6, #28
100064ac:	0030      	movs	r0, r6
100064ae:	f7fa fc6b 	bl	10000d88 <mutex_init>
100064b2:	2300      	movs	r3, #0
100064b4:	2d00      	cmp	r5, #0
100064b6:	d001      	beq.n	100064bc <tu_edpt_stream_init+0x64>
100064b8:	0033      	movs	r3, r6
100064ba:	2600      	movs	r6, #0
100064bc:	6163      	str	r3, [r4, #20]
100064be:	61a6      	str	r6, [r4, #24]
100064c0:	e7e9      	b.n	10006496 <tu_edpt_stream_init+0x3e>
100064c2:	46c0      	nop			@ (mov r8, r8)

100064c4 <tu_edpt_stream_deinit>:
100064c4:	2001      	movs	r0, #1
100064c6:	4770      	bx	lr

100064c8 <tu_edpt_stream_write_zlp_if_needed>:
100064c8:	b5f8      	push	{r3, r4, r5, r6, r7, lr}
100064ca:	2402      	movs	r4, #2
100064cc:	780b      	ldrb	r3, [r1, #0]
100064ce:	0007      	movs	r7, r0
100064d0:	401c      	ands	r4, r3
100064d2:	4263      	negs	r3, r4
100064d4:	415c      	adcs	r4, r3
100064d6:	4b14      	ldr	r3, [pc, #80]	@ (10006528 <tu_edpt_stream_write_zlp_if_needed+0x60>)
100064d8:	4264      	negs	r4, r4
100064da:	401c      	ands	r4, r3
100064dc:	4b13      	ldr	r3, [pc, #76]	@ (1000652c <tu_edpt_stream_write_zlp_if_needed+0x64>)
100064de:	0008      	movs	r0, r1
100064e0:	469c      	mov	ip, r3
100064e2:	3008      	adds	r0, #8
100064e4:	000d      	movs	r5, r1
100064e6:	0016      	movs	r6, r2
100064e8:	4464      	add	r4, ip
100064ea:	f000 f8f7 	bl	100066dc <tu_fifo_count>
100064ee:	2800      	cmp	r0, #0
100064f0:	d107      	bne.n	10006502 <tu_edpt_stream_write_zlp_if_needed+0x3a>
100064f2:	2e00      	cmp	r6, #0
100064f4:	d005      	beq.n	10006502 <tu_edpt_stream_write_zlp_if_needed+0x3a>
100064f6:	4234      	tst	r4, r6
100064f8:	d103      	bne.n	10006502 <tu_edpt_stream_write_zlp_if_needed+0x3a>
100064fa:	2401      	movs	r4, #1
100064fc:	782b      	ldrb	r3, [r5, #0]
100064fe:	421c      	tst	r4, r3
10006500:	d001      	beq.n	10006506 <tu_edpt_stream_write_zlp_if_needed+0x3e>
10006502:	2000      	movs	r0, #0
10006504:	bdf8      	pop	{r3, r4, r5, r6, r7, pc}
10006506:	0038      	movs	r0, r7
10006508:	7869      	ldrb	r1, [r5, #1]
1000650a:	f7ff f9af 	bl	1000586c <usbd_edpt_claim>
1000650e:	2800      	cmp	r0, #0
10006510:	d0f7      	beq.n	10006502 <tu_edpt_stream_write_zlp_if_needed+0x3a>
10006512:	782b      	ldrb	r3, [r5, #0]
10006514:	421c      	tst	r4, r3
10006516:	d1f4      	bne.n	10006502 <tu_edpt_stream_write_zlp_if_needed+0x3a>
10006518:	2300      	movs	r3, #0
1000651a:	2200      	movs	r2, #0
1000651c:	0038      	movs	r0, r7
1000651e:	7869      	ldrb	r1, [r5, #1]
10006520:	f7ff f9cc 	bl	100058bc <usbd_edpt_xfer>
10006524:	e7ee      	b.n	10006504 <tu_edpt_stream_write_zlp_if_needed+0x3c>
10006526:	46c0      	nop			@ (mov r8, r8)
10006528:	fffffe40 	.word	0xfffffe40
1000652c:	000001ff 	.word	0x000001ff

10006530 <tu_edpt_stream_write_xfer>:
10006530:	b5f8      	push	{r3, r4, r5, r6, r7, lr}
10006532:	000d      	movs	r5, r1
10006534:	3508      	adds	r5, #8
10006536:	0006      	movs	r6, r0
10006538:	0028      	movs	r0, r5
1000653a:	000c      	movs	r4, r1
1000653c:	f000 f8ce 	bl	100066dc <tu_fifo_count>
10006540:	2800      	cmp	r0, #0
10006542:	d003      	beq.n	1000654c <tu_edpt_stream_write_xfer+0x1c>
10006544:	2701      	movs	r7, #1
10006546:	7823      	ldrb	r3, [r4, #0]
10006548:	421f      	tst	r7, r3
1000654a:	d001      	beq.n	10006550 <tu_edpt_stream_write_xfer+0x20>
1000654c:	2000      	movs	r0, #0
1000654e:	bdf8      	pop	{r3, r4, r5, r6, r7, pc}
10006550:	0030      	movs	r0, r6
10006552:	7861      	ldrb	r1, [r4, #1]
10006554:	f7ff f98a 	bl	1000586c <usbd_edpt_claim>
10006558:	2800      	cmp	r0, #0
1000655a:	d0f7      	beq.n	1000654c <tu_edpt_stream_write_xfer+0x1c>
1000655c:	0028      	movs	r0, r5
1000655e:	8862      	ldrh	r2, [r4, #2]
10006560:	6861      	ldr	r1, [r4, #4]
10006562:	f000 f93d 	bl	100067e0 <tu_fifo_read_n>
10006566:	7823      	ldrb	r3, [r4, #0]
10006568:	0005      	movs	r5, r0
1000656a:	401f      	ands	r7, r3
1000656c:	2800      	cmp	r0, #0
1000656e:	d00b      	beq.n	10006588 <tu_edpt_stream_write_xfer+0x58>
10006570:	2f00      	cmp	r7, #0
10006572:	d1eb      	bne.n	1000654c <tu_edpt_stream_write_xfer+0x1c>
10006574:	0003      	movs	r3, r0
10006576:	6862      	ldr	r2, [r4, #4]
10006578:	0030      	movs	r0, r6
1000657a:	7861      	ldrb	r1, [r4, #1]
1000657c:	f7ff f99e 	bl	100058bc <usbd_edpt_xfer>
10006580:	2800      	cmp	r0, #0
10006582:	d0e3      	beq.n	1000654c <tu_edpt_stream_write_xfer+0x1c>
10006584:	0028      	movs	r0, r5
10006586:	e7e2      	b.n	1000654e <tu_edpt_stream_write_xfer+0x1e>
10006588:	2f00      	cmp	r7, #0
1000658a:	d1df      	bne.n	1000654c <tu_edpt_stream_write_xfer+0x1c>
1000658c:	0030      	movs	r0, r6
1000658e:	7861      	ldrb	r1, [r4, #1]
10006590:	f7ff f980 	bl	10005894 <usbd_edpt_release>
10006594:	e7da      	b.n	1000654c <tu_edpt_stream_write_xfer+0x1c>
10006596:	46c0      	nop			@ (mov r8, r8)

10006598 <tu_edpt_stream_read_xfer>:
10006598:	b5f8      	push	{r3, r4, r5, r6, r7, lr}
1000659a:	46ce      	mov	lr, r9
1000659c:	4647      	mov	r7, r8
1000659e:	b580      	push	{r7, lr}
100065a0:	898a      	ldrh	r2, [r1, #12]
100065a2:	0006      	movs	r6, r0
100065a4:	000c      	movs	r4, r1
100065a6:	780b      	ldrb	r3, [r1, #0]
100065a8:	2a00      	cmp	r2, #0
100065aa:	d107      	bne.n	100065bc <tu_edpt_stream_read_xfer+0x24>
100065ac:	2501      	movs	r5, #1
100065ae:	421d      	tst	r5, r3
100065b0:	d040      	beq.n	10006634 <tu_edpt_stream_read_xfer+0x9c>
100065b2:	2000      	movs	r0, #0
100065b4:	bcc0      	pop	{r6, r7}
100065b6:	46b9      	mov	r9, r7
100065b8:	46b0      	mov	r8, r6
100065ba:	bdf8      	pop	{r3, r4, r5, r6, r7, pc}
100065bc:	079b      	lsls	r3, r3, #30
100065be:	d433      	bmi.n	10006628 <tu_edpt_stream_read_xfer+0x90>
100065c0:	4b2a      	ldr	r3, [pc, #168]	@ (1000666c <tu_edpt_stream_read_xfer+0xd4>)
100065c2:	2540      	movs	r5, #64	@ 0x40
100065c4:	4699      	mov	r9, r3
100065c6:	0027      	movs	r7, r4
100065c8:	3708      	adds	r7, #8
100065ca:	0038      	movs	r0, r7
100065cc:	f000 f8a4 	bl	10006718 <tu_fifo_remaining>
100065d0:	4285      	cmp	r5, r0
100065d2:	d8ee      	bhi.n	100065b2 <tu_edpt_stream_read_xfer+0x1a>
100065d4:	2201      	movs	r2, #1
100065d6:	7823      	ldrb	r3, [r4, #0]
100065d8:	4690      	mov	r8, r2
100065da:	421a      	tst	r2, r3
100065dc:	d1e9      	bne.n	100065b2 <tu_edpt_stream_read_xfer+0x1a>
100065de:	0030      	movs	r0, r6
100065e0:	7861      	ldrb	r1, [r4, #1]
100065e2:	f7ff f943 	bl	1000586c <usbd_edpt_claim>
100065e6:	2800      	cmp	r0, #0
100065e8:	d0e3      	beq.n	100065b2 <tu_edpt_stream_read_xfer+0x1a>
100065ea:	0038      	movs	r0, r7
100065ec:	f000 f894 	bl	10006718 <tu_fifo_remaining>
100065f0:	4642      	mov	r2, r8
100065f2:	7823      	ldrb	r3, [r4, #0]
100065f4:	401a      	ands	r2, r3
100065f6:	4285      	cmp	r5, r0
100065f8:	d831      	bhi.n	1000665e <tu_edpt_stream_read_xfer+0xc6>
100065fa:	2a00      	cmp	r2, #0
100065fc:	d1d9      	bne.n	100065b2 <tu_edpt_stream_read_xfer+0x1a>
100065fe:	464a      	mov	r2, r9
10006600:	8863      	ldrh	r3, [r4, #2]
10006602:	4002      	ands	r2, r0
10006604:	1c1d      	adds	r5, r3, #0
10006606:	4293      	cmp	r3, r2
10006608:	d900      	bls.n	1000660c <tu_edpt_stream_read_xfer+0x74>
1000660a:	1c15      	adds	r5, r2, #0
1000660c:	b2ad      	uxth	r5, r5
1000660e:	2200      	movs	r2, #0
10006610:	7861      	ldrb	r1, [r4, #1]
10006612:	2d00      	cmp	r5, #0
10006614:	d000      	beq.n	10006618 <tu_edpt_stream_read_xfer+0x80>
10006616:	6862      	ldr	r2, [r4, #4]
10006618:	002b      	movs	r3, r5
1000661a:	0030      	movs	r0, r6
1000661c:	f7ff f94e 	bl	100058bc <usbd_edpt_xfer>
10006620:	2800      	cmp	r0, #0
10006622:	d0c6      	beq.n	100065b2 <tu_edpt_stream_read_xfer+0x1a>
10006624:	0028      	movs	r0, r5
10006626:	e7c5      	b.n	100065b4 <tu_edpt_stream_read_xfer+0x1c>
10006628:	23fe      	movs	r3, #254	@ 0xfe
1000662a:	2580      	movs	r5, #128	@ 0x80
1000662c:	021b      	lsls	r3, r3, #8
1000662e:	4699      	mov	r9, r3
10006630:	00ad      	lsls	r5, r5, #2
10006632:	e7c8      	b.n	100065c6 <tu_edpt_stream_read_xfer+0x2e>
10006634:	7849      	ldrb	r1, [r1, #1]
10006636:	f7ff f919 	bl	1000586c <usbd_edpt_claim>
1000663a:	2800      	cmp	r0, #0
1000663c:	d0b9      	beq.n	100065b2 <tu_edpt_stream_read_xfer+0x1a>
1000663e:	7823      	ldrb	r3, [r4, #0]
10006640:	421d      	tst	r5, r3
10006642:	d1b6      	bne.n	100065b2 <tu_edpt_stream_read_xfer+0x1a>
10006644:	8863      	ldrh	r3, [r4, #2]
10006646:	2200      	movs	r2, #0
10006648:	7861      	ldrb	r1, [r4, #1]
1000664a:	2b00      	cmp	r3, #0
1000664c:	d000      	beq.n	10006650 <tu_edpt_stream_read_xfer+0xb8>
1000664e:	6862      	ldr	r2, [r4, #4]
10006650:	0030      	movs	r0, r6
10006652:	f7ff f933 	bl	100058bc <usbd_edpt_xfer>
10006656:	2800      	cmp	r0, #0
10006658:	d0ab      	beq.n	100065b2 <tu_edpt_stream_read_xfer+0x1a>
1000665a:	8860      	ldrh	r0, [r4, #2]
1000665c:	e7aa      	b.n	100065b4 <tu_edpt_stream_read_xfer+0x1c>
1000665e:	2a00      	cmp	r2, #0
10006660:	d1a7      	bne.n	100065b2 <tu_edpt_stream_read_xfer+0x1a>
10006662:	0030      	movs	r0, r6
10006664:	7861      	ldrb	r1, [r4, #1]
10006666:	f7ff f915 	bl	10005894 <usbd_edpt_release>
1000666a:	e7a2      	b.n	100065b2 <tu_edpt_stream_read_xfer+0x1a>
1000666c:	0000ffc0 	.word	0x0000ffc0

10006670 <tu_fifo_config>:
10006670:	b5f0      	push	{r4, r5, r6, r7, lr}
10006672:	46c6      	mov	lr, r8
10006674:	b500      	push	{lr}
10006676:	0004      	movs	r4, r0
10006678:	4668      	mov	r0, sp
1000667a:	7e05      	ldrb	r5, [r0, #24]
1000667c:	2080      	movs	r0, #128	@ 0x80
1000667e:	4688      	mov	r8, r1
10006680:	0017      	movs	r7, r2
10006682:	001e      	movs	r6, r3
10006684:	0200      	lsls	r0, r0, #8
10006686:	4282      	cmp	r2, r0
10006688:	d826      	bhi.n	100066d8 <tu_fifo_config+0x68>
1000668a:	68e0      	ldr	r0, [r4, #12]
1000668c:	2800      	cmp	r0, #0
1000668e:	d003      	beq.n	10006698 <tu_fifo_config+0x28>
10006690:	2101      	movs	r1, #1
10006692:	4249      	negs	r1, r1
10006694:	f004 f990 	bl	1000a9b8 <__mutex_enter_timeout_ms_veneer>
10006698:	6920      	ldr	r0, [r4, #16]
1000669a:	2800      	cmp	r0, #0
1000669c:	d003      	beq.n	100066a6 <tu_fifo_config+0x36>
1000669e:	2101      	movs	r1, #1
100066a0:	4249      	negs	r1, r1
100066a2:	f004 f989 	bl	1000a9b8 <__mutex_enter_timeout_ms_veneer>
100066a6:	4643      	mov	r3, r8
100066a8:	6023      	str	r3, [r4, #0]
100066aa:	0473      	lsls	r3, r6, #17
100066ac:	0c5b      	lsrs	r3, r3, #17
100066ae:	03ed      	lsls	r5, r5, #15
100066b0:	431d      	orrs	r5, r3
100066b2:	2300      	movs	r3, #0
100066b4:	68e0      	ldr	r0, [r4, #12]
100066b6:	8163      	strh	r3, [r4, #10]
100066b8:	80a7      	strh	r7, [r4, #4]
100066ba:	80e5      	strh	r5, [r4, #6]
100066bc:	8123      	strh	r3, [r4, #8]
100066be:	2800      	cmp	r0, #0
100066c0:	d001      	beq.n	100066c6 <tu_fifo_config+0x56>
100066c2:	f004 f949 	bl	1000a958 <__mutex_exit_veneer>
100066c6:	6920      	ldr	r0, [r4, #16]
100066c8:	2800      	cmp	r0, #0
100066ca:	d001      	beq.n	100066d0 <tu_fifo_config+0x60>
100066cc:	f004 f944 	bl	1000a958 <__mutex_exit_veneer>
100066d0:	2001      	movs	r0, #1
100066d2:	bc80      	pop	{r7}
100066d4:	46b8      	mov	r8, r7
100066d6:	bdf0      	pop	{r4, r5, r6, r7, pc}
100066d8:	2000      	movs	r0, #0
100066da:	e7fa      	b.n	100066d2 <tu_fifo_config+0x62>

100066dc <tu_fifo_count>:
100066dc:	b510      	push	{r4, lr}
100066de:	8904      	ldrh	r4, [r0, #8]
100066e0:	8941      	ldrh	r1, [r0, #10]
100066e2:	8882      	ldrh	r2, [r0, #4]
100066e4:	b2a3      	uxth	r3, r4
100066e6:	b288      	uxth	r0, r1
100066e8:	428c      	cmp	r4, r1
100066ea:	d307      	bcc.n	100066fc <tu_fifo_count+0x20>
100066ec:	1a1b      	subs	r3, r3, r0
100066ee:	b29b      	uxth	r3, r3
100066f0:	1c10      	adds	r0, r2, #0
100066f2:	429a      	cmp	r2, r3
100066f4:	d900      	bls.n	100066f8 <tu_fifo_count+0x1c>
100066f6:	1c18      	adds	r0, r3, #0
100066f8:	b280      	uxth	r0, r0
100066fa:	bd10      	pop	{r4, pc}
100066fc:	0051      	lsls	r1, r2, #1
100066fe:	1a09      	subs	r1, r1, r0
10006700:	185b      	adds	r3, r3, r1
10006702:	b29b      	uxth	r3, r3
10006704:	e7f4      	b.n	100066f0 <tu_fifo_count+0x14>
10006706:	46c0      	nop			@ (mov r8, r8)

10006708 <tu_fifo_empty>:
10006708:	8903      	ldrh	r3, [r0, #8]
1000670a:	8940      	ldrh	r0, [r0, #10]
1000670c:	1a18      	subs	r0, r3, r0
1000670e:	4243      	negs	r3, r0
10006710:	4158      	adcs	r0, r3
10006712:	b2c0      	uxtb	r0, r0
10006714:	4770      	bx	lr
10006716:	46c0      	nop			@ (mov r8, r8)

10006718 <tu_fifo_remaining>:
10006718:	b510      	push	{r4, lr}
1000671a:	8904      	ldrh	r4, [r0, #8]
1000671c:	8941      	ldrh	r1, [r0, #10]
1000671e:	8882      	ldrh	r2, [r0, #4]
10006720:	b2a3      	uxth	r3, r4
10006722:	b288      	uxth	r0, r1
10006724:	428c      	cmp	r4, r1
10006726:	d307      	bcc.n	10006738 <tu_fifo_remaining+0x20>
10006728:	1a1b      	subs	r3, r3, r0
1000672a:	b29b      	uxth	r3, r3
1000672c:	2000      	movs	r0, #0
1000672e:	429a      	cmp	r2, r3
10006730:	d901      	bls.n	10006736 <tu_fifo_remaining+0x1e>
10006732:	1ad2      	subs	r2, r2, r3
10006734:	b290      	uxth	r0, r2
10006736:	bd10      	pop	{r4, pc}
10006738:	0051      	lsls	r1, r2, #1
1000673a:	1a09      	subs	r1, r1, r0
1000673c:	185b      	adds	r3, r3, r1
1000673e:	b29b      	uxth	r3, r3
10006740:	e7f4      	b.n	1000672c <tu_fifo_remaining+0x14>
10006742:	46c0      	nop			@ (mov r8, r8)

10006744 <tu_fifo_read>:
10006744:	b570      	push	{r4, r5, r6, lr}
10006746:	0004      	movs	r4, r0
10006748:	6900      	ldr	r0, [r0, #16]
1000674a:	000e      	movs	r6, r1
1000674c:	2800      	cmp	r0, #0
1000674e:	d003      	beq.n	10006758 <tu_fifo_read+0x14>
10006750:	2101      	movs	r1, #1
10006752:	4249      	negs	r1, r1
10006754:	f004 f930 	bl	1000a9b8 <__mutex_enter_timeout_ms_veneer>
10006758:	8925      	ldrh	r5, [r4, #8]
1000675a:	8960      	ldrh	r0, [r4, #10]
1000675c:	88a2      	ldrh	r2, [r4, #4]
1000675e:	b2a9      	uxth	r1, r5
10006760:	b283      	uxth	r3, r0
10006762:	4285      	cmp	r5, r0
10006764:	d332      	bcc.n	100067cc <tu_fifo_read+0x88>
10006766:	1acd      	subs	r5, r1, r3
10006768:	b2ad      	uxth	r5, r5
1000676a:	2d00      	cmp	r5, #0
1000676c:	d028      	beq.n	100067c0 <tu_fifo_read+0x7c>
1000676e:	42aa      	cmp	r2, r5
10006770:	d208      	bcs.n	10006784 <tu_fifo_read+0x40>
10006772:	4291      	cmp	r1, r2
10006774:	d32f      	bcc.n	100067d6 <tu_fifo_read+0x92>
10006776:	1a89      	subs	r1, r1, r2
10006778:	b28b      	uxth	r3, r1
1000677a:	8163      	strh	r3, [r4, #10]
1000677c:	429a      	cmp	r2, r3
1000677e:	d803      	bhi.n	10006788 <tu_fifo_read+0x44>
10006780:	1a9b      	subs	r3, r3, r2
10006782:	b29b      	uxth	r3, r3
10006784:	429a      	cmp	r2, r3
10006786:	d9fb      	bls.n	10006780 <tu_fifo_read+0x3c>
10006788:	88e2      	ldrh	r2, [r4, #6]
1000678a:	6821      	ldr	r1, [r4, #0]
1000678c:	0452      	lsls	r2, r2, #17
1000678e:	0c52      	lsrs	r2, r2, #17
10006790:	4353      	muls	r3, r2
10006792:	0030      	movs	r0, r6
10006794:	18c9      	adds	r1, r1, r3
10006796:	f7fb ff6b 	bl	10002670 <__wrap___aeabi_memcpy>
1000679a:	8963      	ldrh	r3, [r4, #10]
1000679c:	2501      	movs	r5, #1
1000679e:	1c59      	adds	r1, r3, #1
100067a0:	b289      	uxth	r1, r1
100067a2:	88a2      	ldrh	r2, [r4, #4]
100067a4:	428b      	cmp	r3, r1
100067a6:	d90d      	bls.n	100067c4 <tu_fifo_read+0x80>
100067a8:	2100      	movs	r1, #0
100067aa:	0052      	lsls	r2, r2, #1
100067ac:	1a89      	subs	r1, r1, r2
100067ae:	b289      	uxth	r1, r1
100067b0:	6920      	ldr	r0, [r4, #16]
100067b2:	8161      	strh	r1, [r4, #10]
100067b4:	2800      	cmp	r0, #0
100067b6:	d001      	beq.n	100067bc <tu_fifo_read+0x78>
100067b8:	f004 f8ce 	bl	1000a958 <__mutex_exit_veneer>
100067bc:	0028      	movs	r0, r5
100067be:	bd70      	pop	{r4, r5, r6, pc}
100067c0:	8961      	ldrh	r1, [r4, #10]
100067c2:	b289      	uxth	r1, r1
100067c4:	0052      	lsls	r2, r2, #1
100067c6:	4291      	cmp	r1, r2
100067c8:	dbf2      	blt.n	100067b0 <tu_fifo_read+0x6c>
100067ca:	e7ef      	b.n	100067ac <tu_fifo_read+0x68>
100067cc:	0055      	lsls	r5, r2, #1
100067ce:	1aed      	subs	r5, r5, r3
100067d0:	194d      	adds	r5, r1, r5
100067d2:	b2ad      	uxth	r5, r5
100067d4:	e7c9      	b.n	1000676a <tu_fifo_read+0x26>
100067d6:	1889      	adds	r1, r1, r2
100067d8:	b28b      	uxth	r3, r1
100067da:	8163      	strh	r3, [r4, #10]
100067dc:	e7ce      	b.n	1000677c <tu_fifo_read+0x38>
100067de:	46c0      	nop			@ (mov r8, r8)

100067e0 <tu_fifo_read_n>:
100067e0:	b5f0      	push	{r4, r5, r6, r7, lr}
100067e2:	4646      	mov	r6, r8
100067e4:	464f      	mov	r7, r9
100067e6:	46d6      	mov	lr, sl
100067e8:	b5c0      	push	{r6, r7, lr}
100067ea:	0006      	movs	r6, r0
100067ec:	6900      	ldr	r0, [r0, #16]
100067ee:	4689      	mov	r9, r1
100067f0:	4690      	mov	r8, r2
100067f2:	2800      	cmp	r0, #0
100067f4:	d003      	beq.n	100067fe <tu_fifo_read_n+0x1e>
100067f6:	2101      	movs	r1, #1
100067f8:	4249      	negs	r1, r1
100067fa:	f004 f8dd 	bl	1000a9b8 <__mutex_enter_timeout_ms_veneer>
100067fe:	8931      	ldrh	r1, [r6, #8]
10006800:	8972      	ldrh	r2, [r6, #10]
10006802:	88b5      	ldrh	r5, [r6, #4]
10006804:	b28b      	uxth	r3, r1
10006806:	b294      	uxth	r4, r2
10006808:	4291      	cmp	r1, r2
1000680a:	d354      	bcc.n	100068b6 <tu_fifo_read_n+0xd6>
1000680c:	1b1f      	subs	r7, r3, r4
1000680e:	b2bf      	uxth	r7, r7
10006810:	2f00      	cmp	r7, #0
10006812:	d04a      	beq.n	100068aa <tu_fifo_read_n+0xca>
10006814:	42bd      	cmp	r5, r7
10006816:	d205      	bcs.n	10006824 <tu_fifo_read_n+0x44>
10006818:	42ab      	cmp	r3, r5
1000681a:	d251      	bcs.n	100068c0 <tu_fifo_read_n+0xe0>
1000681c:	195b      	adds	r3, r3, r5
1000681e:	b29c      	uxth	r4, r3
10006820:	002f      	movs	r7, r5
10006822:	8174      	strh	r4, [r6, #10]
10006824:	4643      	mov	r3, r8
10006826:	45b8      	cmp	r8, r7
10006828:	d83d      	bhi.n	100068a6 <tu_fifo_read_n+0xc6>
1000682a:	b29f      	uxth	r7, r3
1000682c:	42a5      	cmp	r5, r4
1000682e:	d803      	bhi.n	10006838 <tu_fifo_read_n+0x58>
10006830:	1b64      	subs	r4, r4, r5
10006832:	b2a4      	uxth	r4, r4
10006834:	42a5      	cmp	r5, r4
10006836:	d9fb      	bls.n	10006830 <tu_fifo_read_n+0x50>
10006838:	88f2      	ldrh	r2, [r6, #6]
1000683a:	6831      	ldr	r1, [r6, #0]
1000683c:	0452      	lsls	r2, r2, #17
1000683e:	0c52      	lsrs	r2, r2, #17
10006840:	4690      	mov	r8, r2
10006842:	4362      	muls	r2, r4
10006844:	1b2b      	subs	r3, r5, r4
10006846:	b29b      	uxth	r3, r3
10006848:	1889      	adds	r1, r1, r2
1000684a:	4642      	mov	r2, r8
1000684c:	429f      	cmp	r7, r3
1000684e:	d925      	bls.n	1000689c <tu_fifo_read_n+0xbc>
10006850:	4353      	muls	r3, r2
10006852:	b29b      	uxth	r3, r3
10006854:	001a      	movs	r2, r3
10006856:	4648      	mov	r0, r9
10006858:	469a      	mov	sl, r3
1000685a:	f7fb ff09 	bl	10002670 <__wrap___aeabi_memcpy>
1000685e:	4643      	mov	r3, r8
10006860:	4648      	mov	r0, r9
10006862:	1b7d      	subs	r5, r7, r5
10006864:	1964      	adds	r4, r4, r5
10006866:	435c      	muls	r4, r3
10006868:	6831      	ldr	r1, [r6, #0]
1000686a:	4450      	add	r0, sl
1000686c:	b2a2      	uxth	r2, r4
1000686e:	f7fb feff 	bl	10002670 <__wrap___aeabi_memcpy>
10006872:	8971      	ldrh	r1, [r6, #10]
10006874:	88b5      	ldrh	r5, [r6, #4]
10006876:	19cb      	adds	r3, r1, r7
10006878:	b29b      	uxth	r3, r3
1000687a:	006a      	lsls	r2, r5, #1
1000687c:	4299      	cmp	r1, r3
1000687e:	d916      	bls.n	100068ae <tu_fifo_read_n+0xce>
10006880:	1a9b      	subs	r3, r3, r2
10006882:	b29b      	uxth	r3, r3
10006884:	6930      	ldr	r0, [r6, #16]
10006886:	8173      	strh	r3, [r6, #10]
10006888:	2800      	cmp	r0, #0
1000688a:	d001      	beq.n	10006890 <tu_fifo_read_n+0xb0>
1000688c:	f004 f864 	bl	1000a958 <__mutex_exit_veneer>
10006890:	0038      	movs	r0, r7
10006892:	bce0      	pop	{r5, r6, r7}
10006894:	46ba      	mov	sl, r7
10006896:	46b1      	mov	r9, r6
10006898:	46a8      	mov	r8, r5
1000689a:	bdf0      	pop	{r4, r5, r6, r7, pc}
1000689c:	4648      	mov	r0, r9
1000689e:	437a      	muls	r2, r7
100068a0:	f7fb fee6 	bl	10002670 <__wrap___aeabi_memcpy>
100068a4:	e7e5      	b.n	10006872 <tu_fifo_read_n+0x92>
100068a6:	1c3b      	adds	r3, r7, #0
100068a8:	e7bf      	b.n	1000682a <tu_fifo_read_n+0x4a>
100068aa:	8973      	ldrh	r3, [r6, #10]
100068ac:	b29b      	uxth	r3, r3
100068ae:	006a      	lsls	r2, r5, #1
100068b0:	4293      	cmp	r3, r2
100068b2:	dbe7      	blt.n	10006884 <tu_fifo_read_n+0xa4>
100068b4:	e7e4      	b.n	10006880 <tu_fifo_read_n+0xa0>
100068b6:	006f      	lsls	r7, r5, #1
100068b8:	1b3f      	subs	r7, r7, r4
100068ba:	19df      	adds	r7, r3, r7
100068bc:	b2bf      	uxth	r7, r7
100068be:	e7a7      	b.n	10006810 <tu_fifo_read_n+0x30>
100068c0:	1b5b      	subs	r3, r3, r5
100068c2:	b29c      	uxth	r4, r3
100068c4:	e7ac      	b.n	10006820 <tu_fifo_read_n+0x40>
100068c6:	46c0      	nop			@ (mov r8, r8)

100068c8 <tu_fifo_write>:
100068c8:	b5f8      	push	{r3, r4, r5, r6, r7, lr}
100068ca:	0004      	movs	r4, r0
100068cc:	68c0      	ldr	r0, [r0, #12]
100068ce:	000e      	movs	r6, r1
100068d0:	2800      	cmp	r0, #0
100068d2:	d003      	beq.n	100068dc <tu_fifo_write+0x14>
100068d4:	2101      	movs	r1, #1
100068d6:	4249      	negs	r1, r1
100068d8:	f004 f86e 	bl	1000a9b8 <__mutex_enter_timeout_ms_veneer>
100068dc:	8925      	ldrh	r5, [r4, #8]
100068de:	8920      	ldrh	r0, [r4, #8]
100068e0:	8961      	ldrh	r1, [r4, #10]
100068e2:	88a2      	ldrh	r2, [r4, #4]
100068e4:	b2ad      	uxth	r5, r5
100068e6:	b283      	uxth	r3, r0
100068e8:	b28f      	uxth	r7, r1
100068ea:	4288      	cmp	r0, r1
100068ec:	d329      	bcc.n	10006942 <tu_fifo_write+0x7a>
100068ee:	1bdb      	subs	r3, r3, r7
100068f0:	b29b      	uxth	r3, r3
100068f2:	429a      	cmp	r2, r3
100068f4:	d809      	bhi.n	1000690a <tu_fifo_write+0x42>
100068f6:	79e7      	ldrb	r7, [r4, #7]
100068f8:	09ff      	lsrs	r7, r7, #7
100068fa:	d106      	bne.n	1000690a <tu_fifo_write+0x42>
100068fc:	68e0      	ldr	r0, [r4, #12]
100068fe:	2800      	cmp	r0, #0
10006900:	d001      	beq.n	10006906 <tu_fifo_write+0x3e>
10006902:	f004 f829 	bl	1000a958 <__mutex_exit_veneer>
10006906:	0038      	movs	r0, r7
10006908:	bdf8      	pop	{r3, r4, r5, r6, r7, pc}
1000690a:	002b      	movs	r3, r5
1000690c:	4295      	cmp	r5, r2
1000690e:	d31d      	bcc.n	1000694c <tu_fifo_write+0x84>
10006910:	1a9b      	subs	r3, r3, r2
10006912:	b29b      	uxth	r3, r3
10006914:	4293      	cmp	r3, r2
10006916:	d2fb      	bcs.n	10006910 <tu_fifo_write+0x48>
10006918:	88e2      	ldrh	r2, [r4, #6]
1000691a:	6820      	ldr	r0, [r4, #0]
1000691c:	0452      	lsls	r2, r2, #17
1000691e:	0c52      	lsrs	r2, r2, #17
10006920:	4353      	muls	r3, r2
10006922:	0031      	movs	r1, r6
10006924:	18c0      	adds	r0, r0, r3
10006926:	f7fb fea3 	bl	10002670 <__wrap___aeabi_memcpy>
1000692a:	1c6b      	adds	r3, r5, #1
1000692c:	b29b      	uxth	r3, r3
1000692e:	88a2      	ldrh	r2, [r4, #4]
10006930:	429d      	cmp	r5, r3
10006932:	d917      	bls.n	10006964 <tu_fifo_write+0x9c>
10006934:	2300      	movs	r3, #0
10006936:	0052      	lsls	r2, r2, #1
10006938:	1a9b      	subs	r3, r3, r2
1000693a:	b29b      	uxth	r3, r3
1000693c:	2701      	movs	r7, #1
1000693e:	8123      	strh	r3, [r4, #8]
10006940:	e7dc      	b.n	100068fc <tu_fifo_write+0x34>
10006942:	0051      	lsls	r1, r2, #1
10006944:	1bc9      	subs	r1, r1, r7
10006946:	185b      	adds	r3, r3, r1
10006948:	b29b      	uxth	r3, r3
1000694a:	e7d2      	b.n	100068f2 <tu_fifo_write+0x2a>
1000694c:	88e2      	ldrh	r2, [r4, #6]
1000694e:	6820      	ldr	r0, [r4, #0]
10006950:	0452      	lsls	r2, r2, #17
10006952:	0c52      	lsrs	r2, r2, #17
10006954:	4353      	muls	r3, r2
10006956:	0031      	movs	r1, r6
10006958:	18c0      	adds	r0, r0, r3
1000695a:	f7fb fe89 	bl	10002670 <__wrap___aeabi_memcpy>
1000695e:	3501      	adds	r5, #1
10006960:	88a2      	ldrh	r2, [r4, #4]
10006962:	b2ab      	uxth	r3, r5
10006964:	0052      	lsls	r2, r2, #1
10006966:	4293      	cmp	r3, r2
10006968:	dbe8      	blt.n	1000693c <tu_fifo_write+0x74>
1000696a:	e7e5      	b.n	10006938 <tu_fifo_write+0x70>

1000696c <tu_fifo_write_n>:
1000696c:	b5f0      	push	{r4, r5, r6, r7, lr}
1000696e:	464e      	mov	r6, r9
10006970:	4657      	mov	r7, sl
10006972:	46de      	mov	lr, fp
10006974:	4645      	mov	r5, r8
10006976:	b5e0      	push	{r5, r6, r7, lr}
10006978:	4689      	mov	r9, r1
1000697a:	0006      	movs	r6, r0
1000697c:	0017      	movs	r7, r2
1000697e:	b083      	sub	sp, #12
10006980:	2a00      	cmp	r2, #0
10006982:	d067      	beq.n	10006a54 <tu_fifo_write_n+0xe8>
10006984:	68c0      	ldr	r0, [r0, #12]
10006986:	2800      	cmp	r0, #0
10006988:	d003      	beq.n	10006992 <tu_fifo_write_n+0x26>
1000698a:	2101      	movs	r1, #1
1000698c:	4249      	negs	r1, r1
1000698e:	f004 f813 	bl	1000a9b8 <__mutex_enter_timeout_ms_veneer>
10006992:	8933      	ldrh	r3, [r6, #8]
10006994:	79f2      	ldrb	r2, [r6, #7]
10006996:	b29b      	uxth	r3, r3
10006998:	4698      	mov	r8, r3
1000699a:	8973      	ldrh	r3, [r6, #10]
1000699c:	88b5      	ldrh	r5, [r6, #4]
1000699e:	b29b      	uxth	r3, r3
100069a0:	09d2      	lsrs	r2, r2, #7
100069a2:	d140      	bne.n	10006a26 <tu_fifo_write_n+0xba>
100069a4:	4598      	cmp	r8, r3
100069a6:	d25e      	bcs.n	10006a66 <tu_fifo_write_n+0xfa>
100069a8:	006a      	lsls	r2, r5, #1
100069aa:	1ad3      	subs	r3, r2, r3
100069ac:	4443      	add	r3, r8
100069ae:	b29b      	uxth	r3, r3
100069b0:	42ab      	cmp	r3, r5
100069b2:	d25d      	bcs.n	10006a70 <tu_fifo_write_n+0x104>
100069b4:	1aeb      	subs	r3, r5, r3
100069b6:	1c1a      	adds	r2, r3, #0
100069b8:	b29b      	uxth	r3, r3
100069ba:	42bb      	cmp	r3, r7
100069bc:	d900      	bls.n	100069c0 <tu_fifo_write_n+0x54>
100069be:	1c3a      	adds	r2, r7, #0
100069c0:	b297      	uxth	r7, r2
100069c2:	1b7b      	subs	r3, r7, r5
100069c4:	b29b      	uxth	r3, r3
100069c6:	9301      	str	r3, [sp, #4]
100069c8:	88f3      	ldrh	r3, [r6, #6]
100069ca:	045b      	lsls	r3, r3, #17
100069cc:	0c5b      	lsrs	r3, r3, #17
100069ce:	469a      	mov	sl, r3
100069d0:	4643      	mov	r3, r8
100069d2:	19db      	adds	r3, r3, r7
100069d4:	b29b      	uxth	r3, r3
100069d6:	469b      	mov	fp, r3
100069d8:	4644      	mov	r4, r8
100069da:	45a8      	cmp	r8, r5
100069dc:	d303      	bcc.n	100069e6 <tu_fifo_write_n+0x7a>
100069de:	1b64      	subs	r4, r4, r5
100069e0:	b2a4      	uxth	r4, r4
100069e2:	42ac      	cmp	r4, r5
100069e4:	d2fb      	bcs.n	100069de <tu_fifo_write_n+0x72>
100069e6:	4653      	mov	r3, sl
100069e8:	4363      	muls	r3, r4
100069ea:	6830      	ldr	r0, [r6, #0]
100069ec:	1b2d      	subs	r5, r5, r4
100069ee:	b2ad      	uxth	r5, r5
100069f0:	18c0      	adds	r0, r0, r3
100069f2:	42bd      	cmp	r5, r7
100069f4:	d34b      	bcc.n	10006a8e <tu_fifo_write_n+0x122>
100069f6:	4652      	mov	r2, sl
100069f8:	4649      	mov	r1, r9
100069fa:	437a      	muls	r2, r7
100069fc:	f7fb fe38 	bl	10002670 <__wrap___aeabi_memcpy>
10006a00:	88b3      	ldrh	r3, [r6, #4]
10006a02:	005b      	lsls	r3, r3, #1
10006a04:	45d8      	cmp	r8, fp
10006a06:	d801      	bhi.n	10006a0c <tu_fifo_write_n+0xa0>
10006a08:	459b      	cmp	fp, r3
10006a0a:	db03      	blt.n	10006a14 <tu_fifo_write_n+0xa8>
10006a0c:	465a      	mov	r2, fp
10006a0e:	1ad3      	subs	r3, r2, r3
10006a10:	b29b      	uxth	r3, r3
10006a12:	469b      	mov	fp, r3
10006a14:	465b      	mov	r3, fp
10006a16:	003d      	movs	r5, r7
10006a18:	8133      	strh	r3, [r6, #8]
10006a1a:	68f0      	ldr	r0, [r6, #12]
10006a1c:	2800      	cmp	r0, #0
10006a1e:	d01a      	beq.n	10006a56 <tu_fifo_write_n+0xea>
10006a20:	f003 ff9a 	bl	1000a958 <__mutex_exit_veneer>
10006a24:	e017      	b.n	10006a56 <tu_fifo_write_n+0xea>
10006a26:	88f2      	ldrh	r2, [r6, #6]
10006a28:	0452      	lsls	r2, r2, #17
10006a2a:	0c52      	lsrs	r2, r2, #17
10006a2c:	4692      	mov	sl, r2
10006a2e:	42af      	cmp	r7, r5
10006a30:	d220      	bcs.n	10006a74 <tu_fifo_write_n+0x108>
10006a32:	4598      	cmp	r8, r3
10006a34:	d34d      	bcc.n	10006ad2 <tu_fifo_write_n+0x166>
10006a36:	4642      	mov	r2, r8
10006a38:	1ad2      	subs	r2, r2, r3
10006a3a:	b292      	uxth	r2, r2
10006a3c:	0069      	lsls	r1, r5, #1
10006a3e:	1b78      	subs	r0, r7, r5
10006a40:	b280      	uxth	r0, r0
10006a42:	19d2      	adds	r2, r2, r7
10006a44:	9001      	str	r0, [sp, #4]
10006a46:	428a      	cmp	r2, r1
10006a48:	da33      	bge.n	10006ab2 <tu_fifo_write_n+0x146>
10006a4a:	4643      	mov	r3, r8
10006a4c:	18fb      	adds	r3, r7, r3
10006a4e:	b29b      	uxth	r3, r3
10006a50:	469b      	mov	fp, r3
10006a52:	e7c1      	b.n	100069d8 <tu_fifo_write_n+0x6c>
10006a54:	2500      	movs	r5, #0
10006a56:	0028      	movs	r0, r5
10006a58:	b003      	add	sp, #12
10006a5a:	bcf0      	pop	{r4, r5, r6, r7}
10006a5c:	46bb      	mov	fp, r7
10006a5e:	46b2      	mov	sl, r6
10006a60:	46a9      	mov	r9, r5
10006a62:	46a0      	mov	r8, r4
10006a64:	bdf0      	pop	{r4, r5, r6, r7, pc}
10006a66:	4642      	mov	r2, r8
10006a68:	1ad3      	subs	r3, r2, r3
10006a6a:	b29b      	uxth	r3, r3
10006a6c:	42ab      	cmp	r3, r5
10006a6e:	d3a1      	bcc.n	100069b4 <tu_fifo_write_n+0x48>
10006a70:	2500      	movs	r5, #0
10006a72:	e7d2      	b.n	10006a1a <tu_fifo_write_n+0xae>
10006a74:	2d00      	cmp	r5, #0
10006a76:	d0d0      	beq.n	10006a1a <tu_fifo_write_n+0xae>
10006a78:	1b7f      	subs	r7, r7, r5
10006a7a:	4357      	muls	r7, r2
10006a7c:	4698      	mov	r8, r3
10006a7e:	195a      	adds	r2, r3, r5
10006a80:	2300      	movs	r3, #0
10006a82:	b292      	uxth	r2, r2
10006a84:	44b9      	add	r9, r7
10006a86:	4693      	mov	fp, r2
10006a88:	002f      	movs	r7, r5
10006a8a:	9301      	str	r3, [sp, #4]
10006a8c:	e7a4      	b.n	100069d8 <tu_fifo_write_n+0x6c>
10006a8e:	4653      	mov	r3, sl
10006a90:	435d      	muls	r5, r3
10006a92:	b2ad      	uxth	r5, r5
10006a94:	002a      	movs	r2, r5
10006a96:	4649      	mov	r1, r9
10006a98:	f7fb fdea 	bl	10002670 <__wrap___aeabi_memcpy>
10006a9c:	9b01      	ldr	r3, [sp, #4]
10006a9e:	0029      	movs	r1, r5
10006aa0:	18e2      	adds	r2, r4, r3
10006aa2:	4653      	mov	r3, sl
10006aa4:	435a      	muls	r2, r3
10006aa6:	6830      	ldr	r0, [r6, #0]
10006aa8:	b292      	uxth	r2, r2
10006aaa:	4449      	add	r1, r9
10006aac:	f7fb fde0 	bl	10002670 <__wrap___aeabi_memcpy>
10006ab0:	e7a6      	b.n	10006a00 <tu_fifo_write_n+0x94>
10006ab2:	195a      	adds	r2, r3, r5
10006ab4:	b292      	uxth	r2, r2
10006ab6:	4693      	mov	fp, r2
10006ab8:	1bd2      	subs	r2, r2, r7
10006aba:	b292      	uxth	r2, r2
10006abc:	4690      	mov	r8, r2
10006abe:	4293      	cmp	r3, r2
10006ac0:	d90c      	bls.n	10006adc <tu_fifo_write_n+0x170>
10006ac2:	4643      	mov	r3, r8
10006ac4:	1a59      	subs	r1, r3, r1
10006ac6:	b28b      	uxth	r3, r1
10006ac8:	4698      	mov	r8, r3
10006aca:	18fb      	adds	r3, r7, r3
10006acc:	b29b      	uxth	r3, r3
10006ace:	469b      	mov	fp, r3
10006ad0:	e782      	b.n	100069d8 <tu_fifo_write_n+0x6c>
10006ad2:	0069      	lsls	r1, r5, #1
10006ad4:	1aca      	subs	r2, r1, r3
10006ad6:	4442      	add	r2, r8
10006ad8:	b292      	uxth	r2, r2
10006ada:	e7b0      	b.n	10006a3e <tu_fifo_write_n+0xd2>
10006adc:	4291      	cmp	r1, r2
10006ade:	dd00      	ble.n	10006ae2 <tu_fifo_write_n+0x176>
10006ae0:	e77a      	b.n	100069d8 <tu_fifo_write_n+0x6c>
10006ae2:	e7ee      	b.n	10006ac2 <tu_fifo_write_n+0x156>

10006ae4 <tu_fifo_clear>:
10006ae4:	b510      	push	{r4, lr}
10006ae6:	0004      	movs	r4, r0
10006ae8:	68c0      	ldr	r0, [r0, #12]
10006aea:	2800      	cmp	r0, #0
10006aec:	d003      	beq.n	10006af6 <tu_fifo_clear+0x12>
10006aee:	2101      	movs	r1, #1
10006af0:	4249      	negs	r1, r1
10006af2:	f003 ff61 	bl	1000a9b8 <__mutex_enter_timeout_ms_veneer>
10006af6:	6920      	ldr	r0, [r4, #16]
10006af8:	2800      	cmp	r0, #0
10006afa:	d003      	beq.n	10006b04 <tu_fifo_clear+0x20>
10006afc:	2101      	movs	r1, #1
10006afe:	4249      	negs	r1, r1
10006b00:	f003 ff5a 	bl	1000a9b8 <__mutex_enter_timeout_ms_veneer>
10006b04:	2300      	movs	r3, #0
10006b06:	68e0      	ldr	r0, [r4, #12]
10006b08:	8163      	strh	r3, [r4, #10]
10006b0a:	8123      	strh	r3, [r4, #8]
10006b0c:	2800      	cmp	r0, #0
10006b0e:	d001      	beq.n	10006b14 <tu_fifo_clear+0x30>
10006b10:	f003 ff22 	bl	1000a958 <__mutex_exit_veneer>
10006b14:	6920      	ldr	r0, [r4, #16]
10006b16:	2800      	cmp	r0, #0
10006b18:	d001      	beq.n	10006b1e <tu_fifo_clear+0x3a>
10006b1a:	f003 ff1d 	bl	1000a958 <__mutex_exit_veneer>
10006b1e:	2001      	movs	r0, #1
10006b20:	bd10      	pop	{r4, pc}
10006b22:	46c0      	nop			@ (mov r8, r8)

10006b24 <tu_fifo_set_overwritable>:
10006b24:	b570      	push	{r4, r5, r6, lr}
10006b26:	0004      	movs	r4, r0
10006b28:	68c0      	ldr	r0, [r0, #12]
10006b2a:	000d      	movs	r5, r1
10006b2c:	2800      	cmp	r0, #0
10006b2e:	d003      	beq.n	10006b38 <tu_fifo_set_overwritable+0x14>
10006b30:	2101      	movs	r1, #1
10006b32:	4249      	negs	r1, r1
10006b34:	f003 ff40 	bl	1000a9b8 <__mutex_enter_timeout_ms_veneer>
10006b38:	6920      	ldr	r0, [r4, #16]
10006b3a:	2800      	cmp	r0, #0
10006b3c:	d003      	beq.n	10006b46 <tu_fifo_set_overwritable+0x22>
10006b3e:	2101      	movs	r1, #1
10006b40:	4249      	negs	r1, r1
10006b42:	f003 ff39 	bl	1000a9b8 <__mutex_enter_timeout_ms_veneer>
10006b46:	217f      	movs	r1, #127	@ 0x7f
10006b48:	79e3      	ldrb	r3, [r4, #7]
10006b4a:	01ed      	lsls	r5, r5, #7
10006b4c:	4019      	ands	r1, r3
10006b4e:	68e0      	ldr	r0, [r4, #12]
10006b50:	4329      	orrs	r1, r5
10006b52:	71e1      	strb	r1, [r4, #7]
10006b54:	2800      	cmp	r0, #0
10006b56:	d001      	beq.n	10006b5c <tu_fifo_set_overwritable+0x38>
10006b58:	f003 fefe 	bl	1000a958 <__mutex_exit_veneer>
10006b5c:	6920      	ldr	r0, [r4, #16]
10006b5e:	2800      	cmp	r0, #0
10006b60:	d001      	beq.n	10006b66 <tu_fifo_set_overwritable+0x42>
10006b62:	f003 fef9 	bl	1000a958 <__mutex_exit_veneer>
10006b66:	2001      	movs	r0, #1
10006b68:	bd70      	pop	{r4, r5, r6, pc}
10006b6a:	46c0      	nop			@ (mov r8, r8)

10006b6c <cyw43_arch_set_async_context>:
10006b6c:	4b01      	ldr	r3, [pc, #4]	@ (10006b74 <cyw43_arch_set_async_context+0x8>)
10006b6e:	6018      	str	r0, [r3, #0]
10006b70:	4770      	bx	lr
10006b72:	46c0      	nop			@ (mov r8, r8)
10006b74:	20001c88 	.word	0x20001c88

10006b78 <cyw43_arch_gpio_put>:
10006b78:	b510      	push	{r4, lr}
10006b7a:	4b03      	ldr	r3, [pc, #12]	@ (10006b88 <cyw43_arch_gpio_put+0x10>)
10006b7c:	000a      	movs	r2, r1
10006b7e:	0001      	movs	r1, r0
10006b80:	0018      	movs	r0, r3
10006b82:	f002 ff53 	bl	10009a2c <cyw43_gpio_set>
10006b86:	bd10      	pop	{r4, pc}
10006b88:	20001dfc 	.word	0x20001dfc

10006b8c <cyw43_arch_async_context>:
10006b8c:	4b01      	ldr	r3, [pc, #4]	@ (10006b94 <cyw43_arch_async_context+0x8>)
10006b8e:	6818      	ldr	r0, [r3, #0]
10006b90:	4770      	bx	lr
10006b92:	46c0      	nop			@ (mov r8, r8)
10006b94:	20001c88 	.word	0x20001c88

10006b98 <cyw43_arch_init>:
10006b98:	b510      	push	{r4, lr}
10006b9a:	b082      	sub	sp, #8
10006b9c:	f7ff fff6 	bl	10006b8c <cyw43_arch_async_context>
10006ba0:	2800      	cmp	r0, #0
10006ba2:	d007      	beq.n	10006bb4 <cyw43_arch_init+0x1c>
10006ba4:	f003 fa0c 	bl	10009fc0 <cyw43_driver_init>
10006ba8:	0003      	movs	r3, r0
10006baa:	2000      	movs	r0, #0
10006bac:	2b00      	cmp	r3, #0
10006bae:	d010      	beq.n	10006bd2 <cyw43_arch_init+0x3a>
10006bb0:	b002      	add	sp, #8
10006bb2:	bd10      	pop	{r4, pc}
10006bb4:	4668      	mov	r0, sp
10006bb6:	f003 fc59 	bl	1000a46c <async_context_threadsafe_background_default_config>
10006bba:	4c0f      	ldr	r4, [pc, #60]	@ (10006bf8 <cyw43_arch_init+0x60>)
10006bbc:	4669      	mov	r1, sp
10006bbe:	0020      	movs	r0, r4
10006bc0:	f003 fc5a 	bl	1000a478 <async_context_threadsafe_background_init>
10006bc4:	2800      	cmp	r0, #0
10006bc6:	d013      	beq.n	10006bf0 <cyw43_arch_init+0x58>
10006bc8:	0020      	movs	r0, r4
10006bca:	f7ff ffcf 	bl	10006b6c <cyw43_arch_set_async_context>
10006bce:	0020      	movs	r0, r4
10006bd0:	e7e8      	b.n	10006ba4 <cyw43_arch_init+0xc>
10006bd2:	f7ff ffdb 	bl	10006b8c <cyw43_arch_async_context>
10006bd6:	0004      	movs	r4, r0
10006bd8:	f003 fa0e 	bl	10009ff8 <cyw43_driver_deinit>
10006bdc:	4b06      	ldr	r3, [pc, #24]	@ (10006bf8 <cyw43_arch_init+0x60>)
10006bde:	429c      	cmp	r4, r3
10006be0:	d106      	bne.n	10006bf0 <cyw43_arch_init+0x58>
10006be2:	6823      	ldr	r3, [r4, #0]
10006be4:	0020      	movs	r0, r4
10006be6:	6b5b      	ldr	r3, [r3, #52]	@ 0x34
10006be8:	4798      	blx	r3
10006bea:	2000      	movs	r0, #0
10006bec:	f7ff ffbe 	bl	10006b6c <cyw43_arch_set_async_context>
10006bf0:	2001      	movs	r0, #1
10006bf2:	4240      	negs	r0, r0
10006bf4:	e7dc      	b.n	10006bb0 <cyw43_arch_init+0x18>
10006bf6:	46c0      	nop			@ (mov r8, r8)
10006bf8:	20001268 	.word	0x20001268

10006bfc <ns_delay.constprop.0>:
10006bfc:	b510      	push	{r4, lr}
10006bfe:	2005      	movs	r0, #5
10006c00:	f7fa fe82 	bl	10001908 <clock_get_hz>
10006c04:	0c03      	lsrs	r3, r0, #16
10006c06:	2064      	movs	r0, #100	@ 0x64
10006c08:	4903      	ldr	r1, [pc, #12]	@ (10006c18 <ns_delay.constprop.0+0x1c>)
10006c0a:	4358      	muls	r0, r3
10006c0c:	f7fb f8dc 	bl	10001dc8 <__wrap___aeabi_uidiv>
10006c10:	3803      	subs	r0, #3
10006c12:	d2fd      	bcs.n	10006c10 <ns_delay.constprop.0+0x14>
10006c14:	bd10      	pop	{r4, pc}
10006c16:	46c0      	nop			@ (mov r8, r8)
10006c18:	00003b9a 	.word	0x00003b9a

10006c1c <cyw43_spi_deinit>:
10006c1c:	4b18      	ldr	r3, [pc, #96]	@ (10006c80 <cyw43_spi_deinit+0x64>)
10006c1e:	b570      	push	{r4, r5, r6, lr}
10006c20:	58c4      	ldr	r4, [r0, r3]
10006c22:	0005      	movs	r5, r0
10006c24:	2c00      	cmp	r4, #0
10006c26:	d014      	beq.n	10006c52 <cyw43_spi_deinit+0x36>
10006c28:	6821      	ldr	r1, [r4, #0]
10006c2a:	2900      	cmp	r1, #0
10006c2c:	d006      	beq.n	10006c3c <cyw43_spi_deinit+0x20>
10006c2e:	6863      	ldr	r3, [r4, #4]
10006c30:	68a2      	ldr	r2, [r4, #8]
10006c32:	4814      	ldr	r0, [pc, #80]	@ (10006c84 <cyw43_spi_deinit+0x68>)
10006c34:	f003 f8be 	bl	10009db4 <pio_remove_program_and_unclaim_sm>
10006c38:	2300      	movs	r3, #0
10006c3a:	6023      	str	r3, [r4, #0]
10006c3c:	200c      	movs	r0, #12
10006c3e:	5620      	ldrsb	r0, [r4, r0]
10006c40:	2800      	cmp	r0, #0
10006c42:	da10      	bge.n	10006c66 <cyw43_spi_deinit+0x4a>
10006c44:	200d      	movs	r0, #13
10006c46:	5620      	ldrsb	r0, [r4, r0]
10006c48:	2800      	cmp	r0, #0
10006c4a:	da03      	bge.n	10006c54 <cyw43_spi_deinit+0x38>
10006c4c:	2200      	movs	r2, #0
10006c4e:	4b0c      	ldr	r3, [pc, #48]	@ (10006c80 <cyw43_spi_deinit+0x64>)
10006c50:	50ea      	str	r2, [r5, r3]
10006c52:	bd70      	pop	{r4, r5, r6, pc}
10006c54:	f003 f8ea 	bl	10009e2c <dma_channel_cleanup>
10006c58:	200d      	movs	r0, #13
10006c5a:	5620      	ldrsb	r0, [r4, r0]
10006c5c:	f003 f8ca 	bl	10009df4 <dma_channel_unclaim>
10006c60:	23ff      	movs	r3, #255	@ 0xff
10006c62:	7363      	strb	r3, [r4, #13]
10006c64:	e7f2      	b.n	10006c4c <cyw43_spi_deinit+0x30>
10006c66:	f003 f8e1 	bl	10009e2c <dma_channel_cleanup>
10006c6a:	200c      	movs	r0, #12
10006c6c:	5620      	ldrsb	r0, [r4, r0]
10006c6e:	f003 f8c1 	bl	10009df4 <dma_channel_unclaim>
10006c72:	23ff      	movs	r3, #255	@ 0xff
10006c74:	200d      	movs	r0, #13
10006c76:	7323      	strb	r3, [r4, #12]
10006c78:	5620      	ldrsb	r0, [r4, r0]
10006c7a:	2800      	cmp	r0, #0
10006c7c:	dbe6      	blt.n	10006c4c <cyw43_spi_deinit+0x30>
10006c7e:	e7e9      	b.n	10006c54 <cyw43_spi_deinit+0x38>
10006c80:	0000084c 	.word	0x0000084c
10006c84:	1000b484 	.word	0x1000b484

10006c88 <cyw43_spi_init>:
10006c88:	b5f0      	push	{r4, r5, r6, r7, lr}
10006c8a:	46c6      	mov	lr, r8
10006c8c:	b500      	push	{lr}
10006c8e:	4c3e      	ldr	r4, [pc, #248]	@ (10006d88 <cyw43_spi_init+0x100>)
10006c90:	4b3e      	ldr	r3, [pc, #248]	@ (10006d8c <cyw43_spi_init+0x104>)
10006c92:	b084      	sub	sp, #16
10006c94:	50c4      	str	r4, [r0, r3]
10006c96:	2300      	movs	r3, #0
10006c98:	2106      	movs	r1, #6
10006c9a:	0022      	movs	r2, r4
10006c9c:	2601      	movs	r6, #1
10006c9e:	6023      	str	r3, [r4, #0]
10006ca0:	3b01      	subs	r3, #1
10006ca2:	81a3      	strh	r3, [r4, #12]
10006ca4:	9101      	str	r1, [sp, #4]
10006ca6:	3112      	adds	r1, #18
10006ca8:	0005      	movs	r5, r0
10006caa:	9100      	str	r1, [sp, #0]
10006cac:	4838      	ldr	r0, [pc, #224]	@ (10006d90 <cyw43_spi_init+0x108>)
10006cae:	0021      	movs	r1, r4
10006cb0:	1d23      	adds	r3, r4, #4
10006cb2:	3208      	adds	r2, #8
10006cb4:	9602      	str	r6, [sp, #8]
10006cb6:	f002 ffbb 	bl	10009c30 <pio_claim_free_sm_and_add_program_for_gpio_range>
10006cba:	2800      	cmp	r0, #0
10006cbc:	d05d      	beq.n	10006d7a <cyw43_spi_init+0xf2>
10006cbe:	6863      	ldr	r3, [r4, #4]
10006cc0:	4834      	ldr	r0, [pc, #208]	@ (10006d94 <cyw43_spi_init+0x10c>)
10006cc2:	1d5a      	adds	r2, r3, #5
10006cc4:	0312      	lsls	r2, r2, #12
10006cc6:	01db      	lsls	r3, r3, #7
10006cc8:	431a      	orrs	r2, r3
10006cca:	4b33      	ldr	r3, [pc, #204]	@ (10006d98 <cyw43_spi_init+0x110>)
10006ccc:	6801      	ldr	r1, [r0, #0]
10006cce:	401a      	ands	r2, r3
10006cd0:	2330      	movs	r3, #48	@ 0x30
10006cd2:	438b      	bics	r3, r1
10006cd4:	4931      	ldr	r1, [pc, #196]	@ (10006d9c <cyw43_spi_init+0x114>)
10006cd6:	4690      	mov	r8, r2
10006cd8:	600b      	str	r3, [r1, #0]
10006cda:	6803      	ldr	r3, [r0, #0]
10006cdc:	0030      	movs	r0, r6
10006cde:	4398      	bics	r0, r3
10006ce0:	6008      	str	r0, [r1, #0]
10006ce2:	2180      	movs	r1, #128	@ 0x80
10006ce4:	6820      	ldr	r0, [r4, #0]
10006ce6:	4b2e      	ldr	r3, [pc, #184]	@ (10006da0 <cyw43_spi_init+0x118>)
10006ce8:	0449      	lsls	r1, r1, #17
10006cea:	18c3      	adds	r3, r0, r3
10006cec:	6019      	str	r1, [r3, #0]
10006cee:	68a1      	ldr	r1, [r4, #8]
10006cf0:	2280      	movs	r2, #128	@ 0x80
10006cf2:	004b      	lsls	r3, r1, #1
10006cf4:	185b      	adds	r3, r3, r1
10006cf6:	00db      	lsls	r3, r3, #3
10006cf8:	18c3      	adds	r3, r0, r3
10006cfa:	001f      	movs	r7, r3
10006cfc:	0292      	lsls	r2, r2, #10
10006cfe:	37c8      	adds	r7, #200	@ 0xc8
10006d00:	603a      	str	r2, [r7, #0]
10006d02:	22c0      	movs	r2, #192	@ 0xc0
10006d04:	0292      	lsls	r2, r2, #10
10006d06:	60ba      	str	r2, [r7, #8]
10006d08:	4642      	mov	r2, r8
10006d0a:	607a      	str	r2, [r7, #4]
10006d0c:	4a25      	ldr	r2, [pc, #148]	@ (10006da4 <cyw43_spi_init+0x11c>)
10006d0e:	33dc      	adds	r3, #220	@ 0xdc
10006d10:	601a      	str	r2, [r3, #0]
10006d12:	221d      	movs	r2, #29
10006d14:	2301      	movs	r3, #1
10006d16:	9600      	str	r6, [sp, #0]
10006d18:	f002 ff30 	bl	10009b7c <pio_sm_set_consecutive_pindirs>
10006d1c:	4b22      	ldr	r3, [pc, #136]	@ (10006da8 <cyw43_spi_init+0x120>)
10006d1e:	6821      	ldr	r1, [r4, #0]
10006d20:	469c      	mov	ip, r3
10006d22:	4461      	add	r1, ip
10006d24:	0d09      	lsrs	r1, r1, #20
10006d26:	3106      	adds	r1, #6
10006d28:	2018      	movs	r0, #24
10006d2a:	b2c9      	uxtb	r1, r1
10006d2c:	f7f9 fb64 	bl	100003f8 <gpio_set_function>
10006d30:	2201      	movs	r2, #1
10006d32:	2100      	movs	r1, #0
10006d34:	2018      	movs	r0, #24
10006d36:	f7f9 fb79 	bl	1000042c <gpio_set_pulls>
10006d3a:	2101      	movs	r1, #1
10006d3c:	2018      	movs	r0, #24
10006d3e:	f7f9 fb89 	bl	10000454 <gpio_set_input_hysteresis_enabled>
10006d42:	68a1      	ldr	r1, [r4, #8]
10006d44:	6823      	ldr	r3, [r4, #0]
10006d46:	004a      	lsls	r2, r1, #1
10006d48:	1852      	adds	r2, r2, r1
10006d4a:	00d2      	lsls	r2, r2, #3
10006d4c:	189b      	adds	r3, r3, r2
10006d4e:	4a17      	ldr	r2, [pc, #92]	@ (10006dac <cyw43_spi_init+0x124>)
10006d50:	33d8      	adds	r3, #216	@ 0xd8
10006d52:	601a      	str	r2, [r3, #0]
10006d54:	2000      	movs	r0, #0
10006d56:	f003 f857 	bl	10009e08 <dma_claim_unused_channel>
10006d5a:	7320      	strb	r0, [r4, #12]
10006d5c:	2000      	movs	r0, #0
10006d5e:	f003 f853 	bl	10009e08 <dma_claim_unused_channel>
10006d62:	7b23      	ldrb	r3, [r4, #12]
10006d64:	b240      	sxtb	r0, r0
10006d66:	7360      	strb	r0, [r4, #13]
10006d68:	4318      	orrs	r0, r3
10006d6a:	3704      	adds	r7, #4
10006d6c:	0600      	lsls	r0, r0, #24
10006d6e:	d404      	bmi.n	10006d7a <cyw43_spi_init+0xf2>
10006d70:	2000      	movs	r0, #0
10006d72:	b004      	add	sp, #16
10006d74:	bc80      	pop	{r7}
10006d76:	46b8      	mov	r8, r7
10006d78:	bdf0      	pop	{r4, r5, r6, r7, pc}
10006d7a:	0028      	movs	r0, r5
10006d7c:	f7ff ff4e 	bl	10006c1c <cyw43_spi_deinit>
10006d80:	2006      	movs	r0, #6
10006d82:	4240      	negs	r0, r0
10006d84:	e7f5      	b.n	10006d72 <cyw43_spi_init+0xea>
10006d86:	46c0      	nop			@ (mov r8, r8)
10006d88:	20001da4 	.word	0x20001da4
10006d8c:	0000084c 	.word	0x0000084c
10006d90:	1000b484 	.word	0x1000b484
10006d94:	4001c078 	.word	0x4001c078
10006d98:	9fffffff 	.word	0x9fffffff
10006d9c:	4001d078 	.word	0x4001d078
10006da0:	00002038 	.word	0x00002038
10006da4:	241c7718 	.word	0x241c7718
10006da8:	afe00000 	.word	0xafe00000
10006dac:	0000e001 	.word	0x0000e001

10006db0 <cyw43_spi_transfer>:
10006db0:	b5f0      	push	{r4, r5, r6, r7, lr}
10006db2:	4645      	mov	r5, r8
10006db4:	46de      	mov	lr, fp
10006db6:	4657      	mov	r7, sl
10006db8:	464e      	mov	r6, r9
10006dba:	b5e0      	push	{r5, r6, r7, lr}
10006dbc:	b087      	sub	sp, #28
10006dbe:	0015      	movs	r5, r2
10006dc0:	4698      	mov	r8, r3
10006dc2:	9102      	str	r1, [sp, #8]
10006dc4:	2900      	cmp	r1, #0
10006dc6:	d100      	bne.n	10006dca <cyw43_spi_transfer+0x1a>
10006dc8:	e12f      	b.n	1000702a <cyw43_spi_transfer+0x27a>
10006dca:	4b9b      	ldr	r3, [pc, #620]	@ (10007038 <cyw43_spi_transfer+0x288>)
10006dcc:	58c4      	ldr	r4, [r0, r3]
10006dce:	4b9b      	ldr	r3, [pc, #620]	@ (1000703c <cyw43_spi_transfer+0x28c>)
10006dd0:	6821      	ldr	r1, [r4, #0]
10006dd2:	469c      	mov	ip, r3
10006dd4:	4461      	add	r1, ip
10006dd6:	0d09      	lsrs	r1, r1, #20
10006dd8:	3106      	adds	r1, #6
10006dda:	2018      	movs	r0, #24
10006ddc:	b2c9      	uxtb	r1, r1
10006dde:	f7f9 fb0b 	bl	100003f8 <gpio_set_function>
10006de2:	4b96      	ldr	r3, [pc, #600]	@ (1000703c <cyw43_spi_transfer+0x28c>)
10006de4:	6821      	ldr	r1, [r4, #0]
10006de6:	469c      	mov	ip, r3
10006de8:	4461      	add	r1, ip
10006dea:	0d09      	lsrs	r1, r1, #20
10006dec:	3106      	adds	r1, #6
10006dee:	201d      	movs	r0, #29
10006df0:	b2c9      	uxtb	r1, r1
10006df2:	f7f9 fb01 	bl	100003f8 <gpio_set_function>
10006df6:	2201      	movs	r2, #1
10006df8:	2100      	movs	r1, #0
10006dfa:	201d      	movs	r0, #29
10006dfc:	f7f9 fb16 	bl	1000042c <gpio_set_pulls>
10006e00:	23d0      	movs	r3, #208	@ 0xd0
10006e02:	2280      	movs	r2, #128	@ 0x80
10006e04:	061b      	lsls	r3, r3, #24
10006e06:	0492      	lsls	r2, r2, #18
10006e08:	619a      	str	r2, [r3, #24]
10006e0a:	4643      	mov	r3, r8
10006e0c:	6820      	ldr	r0, [r4, #0]
10006e0e:	68a1      	ldr	r1, [r4, #8]
10006e10:	2b00      	cmp	r3, #0
10006e12:	d100      	bne.n	10006e16 <cyw43_spi_transfer+0x66>
10006e14:	e12a      	b.n	1000706c <cyw43_spi_transfer+0x2bc>
10006e16:	9b02      	ldr	r3, [sp, #8]
10006e18:	2b00      	cmp	r3, #0
10006e1a:	d100      	bne.n	10006e1e <cyw43_spi_transfer+0x6e>
10006e1c:	e102      	b.n	10007024 <cyw43_spi_transfer+0x274>
10006e1e:	2701      	movs	r7, #1
10006e20:	003a      	movs	r2, r7
10006e22:	26cc      	movs	r6, #204	@ 0xcc
10006e24:	408a      	lsls	r2, r1
10006e26:	46b4      	mov	ip, r6
10006e28:	6803      	ldr	r3, [r0, #0]
10006e2a:	4393      	bics	r3, r2
10006e2c:	6003      	str	r3, [r0, #0]
10006e2e:	6863      	ldr	r3, [r4, #4]
10006e30:	4699      	mov	r9, r3
10006e32:	004b      	lsls	r3, r1, #1
10006e34:	185b      	adds	r3, r3, r1
10006e36:	00db      	lsls	r3, r3, #3
10006e38:	18c2      	adds	r2, r0, r3
10006e3a:	4494      	add	ip, r2
10006e3c:	4662      	mov	r2, ip
10006e3e:	6812      	ldr	r2, [r2, #0]
10006e40:	18c3      	adds	r3, r0, r3
10006e42:	4692      	mov	sl, r2
10006e44:	464a      	mov	r2, r9
10006e46:	3205      	adds	r2, #5
10006e48:	0316      	lsls	r6, r2, #12
10006e4a:	9603      	str	r6, [sp, #12]
10006e4c:	4e7c      	ldr	r6, [pc, #496]	@ (10007040 <cyw43_spi_transfer+0x290>)
10006e4e:	46b3      	mov	fp, r6
10006e50:	4656      	mov	r6, sl
10006e52:	465a      	mov	r2, fp
10006e54:	4016      	ands	r6, r2
10006e56:	0032      	movs	r2, r6
10006e58:	9e03      	ldr	r6, [sp, #12]
10006e5a:	4316      	orrs	r6, r2
10006e5c:	0032      	movs	r2, r6
10006e5e:	464e      	mov	r6, r9
10006e60:	01f6      	lsls	r6, r6, #7
10006e62:	4332      	orrs	r2, r6
10006e64:	4666      	mov	r6, ip
10006e66:	6032      	str	r2, [r6, #0]
10006e68:	4a76      	ldr	r2, [pc, #472]	@ (10007044 <cyw43_spi_transfer+0x294>)
10006e6a:	003e      	movs	r6, r7
10006e6c:	4694      	mov	ip, r2
10006e6e:	2280      	movs	r2, #128	@ 0x80
10006e70:	4463      	add	r3, ip
10006e72:	0612      	lsls	r2, r2, #24
10006e74:	601a      	str	r2, [r3, #0]
10006e76:	601a      	str	r2, [r3, #0]
10006e78:	2280      	movs	r2, #128	@ 0x80
10006e7a:	2300      	movs	r3, #0
10006e7c:	0452      	lsls	r2, r2, #17
10006e7e:	9200      	str	r2, [sp, #0]
10006e80:	9301      	str	r3, [sp, #4]
10006e82:	f002 fe25 	bl	10009ad0 <pio_sm_set_pindirs_with_mask64>
10006e86:	0039      	movs	r1, r7
10006e88:	68a3      	ldr	r3, [r4, #8]
10006e8a:	6820      	ldr	r0, [r4, #0]
10006e8c:	1d1a      	adds	r2, r3, #4
10006e8e:	4091      	lsls	r1, r2
10006e90:	4694      	mov	ip, r2
10006e92:	2280      	movs	r2, #128	@ 0x80
10006e94:	0192      	lsls	r2, r2, #6
10006e96:	1882      	adds	r2, r0, r2
10006e98:	6011      	str	r1, [r2, #0]
10006e9a:	0019      	movs	r1, r3
10006e9c:	3108      	adds	r1, #8
10006e9e:	408e      	lsls	r6, r1
10006ea0:	0099      	lsls	r1, r3, #2
10006ea2:	6016      	str	r6, [r2, #0]
10006ea4:	00ea      	lsls	r2, r5, #3
10006ea6:	1841      	adds	r1, r0, r1
10006ea8:	3a01      	subs	r2, #1
10006eaa:	610a      	str	r2, [r1, #16]
10006eac:	005a      	lsls	r2, r3, #1
10006eae:	18d2      	adds	r2, r2, r3
10006eb0:	00d2      	lsls	r2, r2, #3
10006eb2:	4e65      	ldr	r6, [pc, #404]	@ (10007048 <cyw43_spi_transfer+0x298>)
10006eb4:	1882      	adds	r2, r0, r2
10006eb6:	32d8      	adds	r2, #216	@ 0xd8
10006eb8:	6016      	str	r6, [r2, #0]
10006eba:	9e10      	ldr	r6, [sp, #64]	@ 0x40
10006ebc:	1b76      	subs	r6, r6, r5
10006ebe:	00f6      	lsls	r6, r6, #3
10006ec0:	46b1      	mov	r9, r6
10006ec2:	2601      	movs	r6, #1
10006ec4:	4276      	negs	r6, r6
10006ec6:	46b2      	mov	sl, r6
10006ec8:	44d1      	add	r9, sl
10006eca:	464e      	mov	r6, r9
10006ecc:	610e      	str	r6, [r1, #16]
10006ece:	261f      	movs	r6, #31
10006ed0:	495e      	ldr	r1, [pc, #376]	@ (1000704c <cyw43_spi_transfer+0x29c>)
10006ed2:	6011      	str	r1, [r2, #0]
10006ed4:	6861      	ldr	r1, [r4, #4]
10006ed6:	4031      	ands	r1, r6
10006ed8:	6011      	str	r1, [r2, #0]
10006eda:	210c      	movs	r1, #12
10006edc:	5661      	ldrsb	r1, [r4, r1]
10006ede:	26a0      	movs	r6, #160	@ 0xa0
10006ee0:	408f      	lsls	r7, r1
10006ee2:	4a5b      	ldr	r2, [pc, #364]	@ (10007050 <cyw43_spi_transfer+0x2a0>)
10006ee4:	05f6      	lsls	r6, r6, #23
10006ee6:	50b7      	str	r7, [r6, r2]
10006ee8:	018a      	lsls	r2, r1, #6
10006eea:	0016      	movs	r6, r2
10006eec:	46b1      	mov	r9, r6
10006eee:	9205      	str	r2, [sp, #20]
10006ef0:	4a58      	ldr	r2, [pc, #352]	@ (10007054 <cyw43_spi_transfer+0x2a4>)
10006ef2:	2780      	movs	r7, #128	@ 0x80
10006ef4:	444a      	add	r2, r9
10006ef6:	4699      	mov	r9, r3
10006ef8:	0013      	movs	r3, r2
10006efa:	9e02      	ldr	r6, [sp, #8]
10006efc:	047f      	lsls	r7, r7, #17
10006efe:	681a      	ldr	r2, [r3, #0]
10006f00:	423a      	tst	r2, r7
10006f02:	d1fc      	bne.n	10006efe <cyw43_spi_transfer+0x14e>
10006f04:	220d      	movs	r2, #13
10006f06:	2701      	movs	r7, #1
10006f08:	9602      	str	r6, [sp, #8]
10006f0a:	56a2      	ldrsb	r2, [r4, r2]
10006f0c:	464b      	mov	r3, r9
10006f0e:	4097      	lsls	r7, r2
10006f10:	46b9      	mov	r9, r7
10006f12:	4693      	mov	fp, r2
10006f14:	22a0      	movs	r2, #160	@ 0xa0
10006f16:	464e      	mov	r6, r9
10006f18:	4f4d      	ldr	r7, [pc, #308]	@ (10007050 <cyw43_spi_transfer+0x2a0>)
10006f1a:	05d2      	lsls	r2, r2, #23
10006f1c:	51d6      	str	r6, [r2, r7]
10006f1e:	26a0      	movs	r6, #160	@ 0xa0
10006f20:	05f6      	lsls	r6, r6, #23
10006f22:	46b1      	mov	r9, r6
10006f24:	4e4b      	ldr	r6, [pc, #300]	@ (10007054 <cyw43_spi_transfer+0x2a4>)
10006f26:	465a      	mov	r2, fp
10006f28:	46b2      	mov	sl, r6
10006f2a:	0192      	lsls	r2, r2, #6
10006f2c:	2780      	movs	r7, #128	@ 0x80
10006f2e:	4491      	add	r9, r2
10006f30:	4452      	add	r2, sl
10006f32:	469a      	mov	sl, r3
10006f34:	0013      	movs	r3, r2
10006f36:	9e02      	ldr	r6, [sp, #8]
10006f38:	047f      	lsls	r7, r7, #17
10006f3a:	681a      	ldr	r2, [r3, #0]
10006f3c:	423a      	tst	r2, r7
10006f3e:	d1fc      	bne.n	10006f3a <cyw43_spi_transfer+0x18a>
10006f40:	4653      	mov	r3, sl
10006f42:	9602      	str	r6, [sp, #8]
10006f44:	4e44      	ldr	r6, [pc, #272]	@ (10007058 <cyw43_spi_transfer+0x2a8>)
10006f46:	02c9      	lsls	r1, r1, #11
10006f48:	4031      	ands	r1, r6
10006f4a:	26a0      	movs	r6, #160	@ 0xa0
10006f4c:	4a3b      	ldr	r2, [pc, #236]	@ (1000703c <cyw43_spi_transfer+0x28c>)
10006f4e:	05f6      	lsls	r6, r6, #23
10006f50:	1882      	adds	r2, r0, r2
10006f52:	0d12      	lsrs	r2, r2, #20
10006f54:	00d2      	lsls	r2, r2, #3
10006f56:	9204      	str	r2, [sp, #16]
10006f58:	189a      	adds	r2, r3, r2
10006f5a:	03d2      	lsls	r2, r2, #15
10006f5c:	4311      	orrs	r1, r2
10006f5e:	4a3f      	ldr	r2, [pc, #252]	@ (1000705c <cyw43_spi_transfer+0x2ac>)
10006f60:	46b2      	mov	sl, r6
10006f62:	430a      	orrs	r2, r1
10006f64:	0011      	movs	r1, r2
10006f66:	4662      	mov	r2, ip
10006f68:	9f05      	ldr	r7, [sp, #20]
10006f6a:	9e02      	ldr	r6, [sp, #8]
10006f6c:	0092      	lsls	r2, r2, #2
10006f6e:	4457      	add	r7, sl
10006f70:	9203      	str	r2, [sp, #12]
10006f72:	603e      	str	r6, [r7, #0]
10006f74:	9e03      	ldr	r6, [sp, #12]
10006f76:	08aa      	lsrs	r2, r5, #2
10006f78:	1986      	adds	r6, r0, r6
10006f7a:	607e      	str	r6, [r7, #4]
10006f7c:	60ba      	str	r2, [r7, #8]
10006f7e:	60f9      	str	r1, [r7, #12]
10006f80:	9f04      	ldr	r7, [sp, #16]
10006f82:	4935      	ldr	r1, [pc, #212]	@ (10007058 <cyw43_spi_transfer+0x2a8>)
10006f84:	46ba      	mov	sl, r7
10006f86:	465f      	mov	r7, fp
10006f88:	44e2      	add	sl, ip
10006f8a:	4656      	mov	r6, sl
10006f8c:	02ff      	lsls	r7, r7, #11
10006f8e:	400f      	ands	r7, r1
10006f90:	03f6      	lsls	r6, r6, #15
10006f92:	9910      	ldr	r1, [sp, #64]	@ 0x40
10006f94:	433e      	orrs	r6, r7
10006f96:	4f32      	ldr	r7, [pc, #200]	@ (10007060 <cyw43_spi_transfer+0x2b0>)
10006f98:	4337      	orrs	r7, r6
10006f9a:	088e      	lsrs	r6, r1, #2
10006f9c:	1ab2      	subs	r2, r6, r2
10006f9e:	464e      	mov	r6, r9
10006fa0:	9903      	ldr	r1, [sp, #12]
10006fa2:	3110      	adds	r1, #16
10006fa4:	1841      	adds	r1, r0, r1
10006fa6:	6031      	str	r1, [r6, #0]
10006fa8:	4641      	mov	r1, r8
10006faa:	1949      	adds	r1, r1, r5
10006fac:	6071      	str	r1, [r6, #4]
10006fae:	60b2      	str	r2, [r6, #8]
10006fb0:	2201      	movs	r2, #1
10006fb2:	409a      	lsls	r2, r3
10006fb4:	0013      	movs	r3, r2
10006fb6:	60f7      	str	r7, [r6, #12]
10006fb8:	6801      	ldr	r1, [r0, #0]
10006fba:	430b      	orrs	r3, r1
10006fbc:	6003      	str	r3, [r0, #0]
10006fbe:	220c      	movs	r2, #12
10006fc0:	4b28      	ldr	r3, [pc, #160]	@ (10007064 <cyw43_spi_transfer+0x2b4>)
10006fc2:	2180      	movs	r1, #128	@ 0x80
10006fc4:	469c      	mov	ip, r3
10006fc6:	56a2      	ldrsb	r2, [r4, r2]
10006fc8:	0449      	lsls	r1, r1, #17
10006fca:	0192      	lsls	r2, r2, #6
10006fcc:	4462      	add	r2, ip
10006fce:	6813      	ldr	r3, [r2, #0]
10006fd0:	420b      	tst	r3, r1
10006fd2:	d1fc      	bne.n	10006fce <cyw43_spi_transfer+0x21e>
10006fd4:	220d      	movs	r2, #13
10006fd6:	4b23      	ldr	r3, [pc, #140]	@ (10007064 <cyw43_spi_transfer+0x2b4>)
10006fd8:	2180      	movs	r1, #128	@ 0x80
10006fda:	469c      	mov	ip, r3
10006fdc:	56a2      	ldrsb	r2, [r4, r2]
10006fde:	0449      	lsls	r1, r1, #17
10006fe0:	0192      	lsls	r2, r2, #6
10006fe2:	4462      	add	r2, ip
10006fe4:	6813      	ldr	r3, [r2, #0]
10006fe6:	420b      	tst	r3, r1
10006fe8:	d1fc      	bne.n	10006fe4 <cyw43_spi_transfer+0x234>
10006fea:	2100      	movs	r1, #0
10006fec:	002a      	movs	r2, r5
10006fee:	4640      	mov	r0, r8
10006ff0:	f7fb fb38 	bl	10002664 <__wrap_memset>
10006ff4:	6820      	ldr	r0, [r4, #0]
10006ff6:	68a1      	ldr	r1, [r4, #8]
10006ff8:	004b      	lsls	r3, r1, #1
10006ffa:	185b      	adds	r3, r3, r1
10006ffc:	00db      	lsls	r3, r3, #3
10006ffe:	18c0      	adds	r0, r0, r3
10007000:	4b19      	ldr	r3, [pc, #100]	@ (10007068 <cyw43_spi_transfer+0x2b8>)
10007002:	30d8      	adds	r0, #216	@ 0xd8
10007004:	6003      	str	r3, [r0, #0]
10007006:	2280      	movs	r2, #128	@ 0x80
10007008:	23d0      	movs	r3, #208	@ 0xd0
1000700a:	0492      	lsls	r2, r2, #18
1000700c:	061b      	lsls	r3, r3, #24
1000700e:	615a      	str	r2, [r3, #20]
10007010:	f7ff fdf4 	bl	10006bfc <ns_delay.constprop.0>
10007014:	2000      	movs	r0, #0
10007016:	b007      	add	sp, #28
10007018:	bcf0      	pop	{r4, r5, r6, r7}
1000701a:	46bb      	mov	fp, r7
1000701c:	46b2      	mov	sl, r6
1000701e:	46a9      	mov	r9, r5
10007020:	46a0      	mov	r8, r4
10007022:	bdf0      	pop	{r4, r5, r6, r7, pc}
10007024:	4643      	mov	r3, r8
10007026:	9302      	str	r3, [sp, #8]
10007028:	e6f9      	b.n	10006e1e <cyw43_spi_transfer+0x6e>
1000702a:	4643      	mov	r3, r8
1000702c:	2b00      	cmp	r3, #0
1000702e:	d000      	beq.n	10007032 <cyw43_spi_transfer+0x282>
10007030:	e6cb      	b.n	10006dca <cyw43_spi_transfer+0x1a>
10007032:	2005      	movs	r0, #5
10007034:	4240      	negs	r0, r0
10007036:	e7ee      	b.n	10007016 <cyw43_spi_transfer+0x266>
10007038:	0000084c 	.word	0x0000084c
1000703c:	afe00000 	.word	0xafe00000
10007040:	fffe007f 	.word	0xfffe007f
10007044:	000010d0 	.word	0x000010d0
10007048:	00006020 	.word	0x00006020
1000704c:	00006040 	.word	0x00006040
10007050:	00000444 	.word	0x00000444
10007054:	5000000c 	.word	0x5000000c
10007058:	ff007ffd 	.word	0xff007ffd
1000705c:	00400019 	.word	0x00400019
10007060:	00400029 	.word	0x00400029
10007064:	50000010 	.word	0x50000010
10007068:	0000a003 	.word	0x0000a003
1000706c:	9b02      	ldr	r3, [sp, #8]
1000706e:	2b00      	cmp	r3, #0
10007070:	d0c2      	beq.n	10006ff8 <cyw43_spi_transfer+0x248>
10007072:	2701      	movs	r7, #1
10007074:	003a      	movs	r2, r7
10007076:	26cc      	movs	r6, #204	@ 0xcc
10007078:	408a      	lsls	r2, r1
1000707a:	46b4      	mov	ip, r6
1000707c:	6803      	ldr	r3, [r0, #0]
1000707e:	4e54      	ldr	r6, [pc, #336]	@ (100071d0 <cyw43_spi_transfer+0x420>)
10007080:	4393      	bics	r3, r2
10007082:	6003      	str	r3, [r0, #0]
10007084:	6863      	ldr	r3, [r4, #4]
10007086:	46b3      	mov	fp, r6
10007088:	4699      	mov	r9, r3
1000708a:	004b      	lsls	r3, r1, #1
1000708c:	185b      	adds	r3, r3, r1
1000708e:	00db      	lsls	r3, r3, #3
10007090:	18c2      	adds	r2, r0, r3
10007092:	4494      	add	ip, r2
10007094:	4662      	mov	r2, ip
10007096:	6812      	ldr	r2, [r2, #0]
10007098:	18c3      	adds	r3, r0, r3
1000709a:	4692      	mov	sl, r2
1000709c:	464a      	mov	r2, r9
1000709e:	3201      	adds	r2, #1
100070a0:	0312      	lsls	r2, r2, #12
100070a2:	9203      	str	r2, [sp, #12]
100070a4:	4656      	mov	r6, sl
100070a6:	465a      	mov	r2, fp
100070a8:	4016      	ands	r6, r2
100070aa:	0032      	movs	r2, r6
100070ac:	9e03      	ldr	r6, [sp, #12]
100070ae:	4316      	orrs	r6, r2
100070b0:	0032      	movs	r2, r6
100070b2:	464e      	mov	r6, r9
100070b4:	01f6      	lsls	r6, r6, #7
100070b6:	4332      	orrs	r2, r6
100070b8:	4666      	mov	r6, ip
100070ba:	6032      	str	r2, [r6, #0]
100070bc:	4a45      	ldr	r2, [pc, #276]	@ (100071d4 <cyw43_spi_transfer+0x424>)
100070be:	003e      	movs	r6, r7
100070c0:	4694      	mov	ip, r2
100070c2:	2280      	movs	r2, #128	@ 0x80
100070c4:	4463      	add	r3, ip
100070c6:	0612      	lsls	r2, r2, #24
100070c8:	601a      	str	r2, [r3, #0]
100070ca:	601a      	str	r2, [r3, #0]
100070cc:	2280      	movs	r2, #128	@ 0x80
100070ce:	2300      	movs	r3, #0
100070d0:	0452      	lsls	r2, r2, #17
100070d2:	9200      	str	r2, [sp, #0]
100070d4:	9301      	str	r3, [sp, #4]
100070d6:	f002 fcfb 	bl	10009ad0 <pio_sm_set_pindirs_with_mask64>
100070da:	003a      	movs	r2, r7
100070dc:	68a0      	ldr	r0, [r4, #8]
100070de:	6821      	ldr	r1, [r4, #0]
100070e0:	1d03      	adds	r3, r0, #4
100070e2:	409a      	lsls	r2, r3
100070e4:	469c      	mov	ip, r3
100070e6:	2380      	movs	r3, #128	@ 0x80
100070e8:	019b      	lsls	r3, r3, #6
100070ea:	18cb      	adds	r3, r1, r3
100070ec:	601a      	str	r2, [r3, #0]
100070ee:	0002      	movs	r2, r0
100070f0:	3208      	adds	r2, #8
100070f2:	4096      	lsls	r6, r2
100070f4:	0082      	lsls	r2, r0, #2
100070f6:	601e      	str	r6, [r3, #0]
100070f8:	00eb      	lsls	r3, r5, #3
100070fa:	188a      	adds	r2, r1, r2
100070fc:	3b01      	subs	r3, #1
100070fe:	6113      	str	r3, [r2, #16]
10007100:	0043      	lsls	r3, r0, #1
10007102:	181b      	adds	r3, r3, r0
10007104:	00db      	lsls	r3, r3, #3
10007106:	4e34      	ldr	r6, [pc, #208]	@ (100071d8 <cyw43_spi_transfer+0x428>)
10007108:	18cb      	adds	r3, r1, r3
1000710a:	33d8      	adds	r3, #216	@ 0xd8
1000710c:	601e      	str	r6, [r3, #0]
1000710e:	4646      	mov	r6, r8
10007110:	6116      	str	r6, [r2, #16]
10007112:	261f      	movs	r6, #31
10007114:	4a31      	ldr	r2, [pc, #196]	@ (100071dc <cyw43_spi_transfer+0x42c>)
10007116:	4689      	mov	r9, r1
10007118:	601a      	str	r2, [r3, #0]
1000711a:	6862      	ldr	r2, [r4, #4]
1000711c:	4032      	ands	r2, r6
1000711e:	601a      	str	r2, [r3, #0]
10007120:	230c      	movs	r3, #12
10007122:	56e3      	ldrsb	r3, [r4, r3]
10007124:	4a2e      	ldr	r2, [pc, #184]	@ (100071e0 <cyw43_spi_transfer+0x430>)
10007126:	409f      	lsls	r7, r3
10007128:	4698      	mov	r8, r3
1000712a:	23a0      	movs	r3, #160	@ 0xa0
1000712c:	05db      	lsls	r3, r3, #23
1000712e:	509f      	str	r7, [r3, r2]
10007130:	4643      	mov	r3, r8
10007132:	019b      	lsls	r3, r3, #6
10007134:	469b      	mov	fp, r3
10007136:	4b2b      	ldr	r3, [pc, #172]	@ (100071e4 <cyw43_spi_transfer+0x434>)
10007138:	27a0      	movs	r7, #160	@ 0xa0
1000713a:	2280      	movs	r2, #128	@ 0x80
1000713c:	445b      	add	r3, fp
1000713e:	0019      	movs	r1, r3
10007140:	05ff      	lsls	r7, r7, #23
10007142:	9e02      	ldr	r6, [sp, #8]
10007144:	445f      	add	r7, fp
10007146:	0452      	lsls	r2, r2, #17
10007148:	680b      	ldr	r3, [r1, #0]
1000714a:	4213      	tst	r3, r2
1000714c:	d1fc      	bne.n	10007148 <cyw43_spi_transfer+0x398>
1000714e:	4642      	mov	r2, r8
10007150:	02d2      	lsls	r2, r2, #11
10007152:	4690      	mov	r8, r2
10007154:	4a24      	ldr	r2, [pc, #144]	@ (100071e8 <cyw43_spi_transfer+0x438>)
10007156:	4649      	mov	r1, r9
10007158:	4691      	mov	r9, r2
1000715a:	46b2      	mov	sl, r6
1000715c:	4642      	mov	r2, r8
1000715e:	464e      	mov	r6, r9
10007160:	4b22      	ldr	r3, [pc, #136]	@ (100071ec <cyw43_spi_transfer+0x43c>)
10007162:	4032      	ands	r2, r6
10007164:	18cb      	adds	r3, r1, r3
10007166:	0d1b      	lsrs	r3, r3, #20
10007168:	00db      	lsls	r3, r3, #3
1000716a:	181b      	adds	r3, r3, r0
1000716c:	03db      	lsls	r3, r3, #15
1000716e:	4313      	orrs	r3, r2
10007170:	4a1f      	ldr	r2, [pc, #124]	@ (100071f0 <cyw43_spi_transfer+0x440>)
10007172:	08ad      	lsrs	r5, r5, #2
10007174:	431a      	orrs	r2, r3
10007176:	4653      	mov	r3, sl
10007178:	603b      	str	r3, [r7, #0]
1000717a:	4663      	mov	r3, ip
1000717c:	009b      	lsls	r3, r3, #2
1000717e:	18cb      	adds	r3, r1, r3
10007180:	607b      	str	r3, [r7, #4]
10007182:	2301      	movs	r3, #1
10007184:	4083      	lsls	r3, r0
10007186:	60bd      	str	r5, [r7, #8]
10007188:	60fa      	str	r2, [r7, #12]
1000718a:	680d      	ldr	r5, [r1, #0]
1000718c:	4a19      	ldr	r2, [pc, #100]	@ (100071f4 <cyw43_spi_transfer+0x444>)
1000718e:	432b      	orrs	r3, r5
10007190:	600b      	str	r3, [r1, #0]
10007192:	2180      	movs	r1, #128	@ 0x80
10007194:	445a      	add	r2, fp
10007196:	0449      	lsls	r1, r1, #17
10007198:	6813      	ldr	r3, [r2, #0]
1000719a:	420b      	tst	r3, r1
1000719c:	d1fc      	bne.n	10007198 <cyw43_spi_transfer+0x3e8>
1000719e:	2201      	movs	r2, #1
100071a0:	68a3      	ldr	r3, [r4, #8]
100071a2:	6821      	ldr	r1, [r4, #0]
100071a4:	3318      	adds	r3, #24
100071a6:	409a      	lsls	r2, r3
100071a8:	608a      	str	r2, [r1, #8]
100071aa:	688b      	ldr	r3, [r1, #8]
100071ac:	421a      	tst	r2, r3
100071ae:	d0fc      	beq.n	100071aa <cyw43_spi_transfer+0x3fa>
100071b0:	2201      	movs	r2, #1
100071b2:	68a1      	ldr	r1, [r4, #8]
100071b4:	6820      	ldr	r0, [r4, #0]
100071b6:	408a      	lsls	r2, r1
100071b8:	6803      	ldr	r3, [r0, #0]
100071ba:	4393      	bics	r3, r2
100071bc:	6003      	str	r3, [r0, #0]
100071be:	2300      	movs	r3, #0
100071c0:	2218      	movs	r2, #24
100071c2:	9300      	str	r3, [sp, #0]
100071c4:	3301      	adds	r3, #1
100071c6:	f002 fcd9 	bl	10009b7c <pio_sm_set_consecutive_pindirs>
100071ca:	6820      	ldr	r0, [r4, #0]
100071cc:	68a1      	ldr	r1, [r4, #8]
100071ce:	e713      	b.n	10006ff8 <cyw43_spi_transfer+0x248>
100071d0:	fffe007f 	.word	0xfffe007f
100071d4:	000010d0 	.word	0x000010d0
100071d8:	00006020 	.word	0x00006020
100071dc:	00006040 	.word	0x00006040
100071e0:	00000444 	.word	0x00000444
100071e4:	5000000c 	.word	0x5000000c
100071e8:	ff007ffd 	.word	0xff007ffd
100071ec:	afe00000 	.word	0xafe00000
100071f0:	00400019 	.word	0x00400019
100071f4:	50000010 	.word	0x50000010

100071f8 <cyw43_spi_gpio_setup>:
100071f8:	b510      	push	{r4, lr}
100071fa:	2017      	movs	r0, #23
100071fc:	f7f9 f99c 	bl	10000538 <gpio_init>
10007200:	24d0      	movs	r4, #208	@ 0xd0
10007202:	2380      	movs	r3, #128	@ 0x80
10007204:	0624      	lsls	r4, r4, #24
10007206:	041b      	lsls	r3, r3, #16
10007208:	2200      	movs	r2, #0
1000720a:	2101      	movs	r1, #1
1000720c:	6263      	str	r3, [r4, #36]	@ 0x24
1000720e:	2017      	movs	r0, #23
10007210:	f7f9 f90c 	bl	1000042c <gpio_set_pulls>
10007214:	2018      	movs	r0, #24
10007216:	f7f9 f98f 	bl	10000538 <gpio_init>
1000721a:	2380      	movs	r3, #128	@ 0x80
1000721c:	045b      	lsls	r3, r3, #17
1000721e:	6263      	str	r3, [r4, #36]	@ 0x24
10007220:	2019      	movs	r0, #25
10007222:	61a3      	str	r3, [r4, #24]
10007224:	f7f9 f988 	bl	10000538 <gpio_init>
10007228:	2380      	movs	r3, #128	@ 0x80
1000722a:	049b      	lsls	r3, r3, #18
1000722c:	6263      	str	r3, [r4, #36]	@ 0x24
1000722e:	6163      	str	r3, [r4, #20]
10007230:	bd10      	pop	{r4, pc}
10007232:	46c0      	nop			@ (mov r8, r8)

10007234 <cyw43_spi_reset>:
10007234:	b570      	push	{r4, r5, r6, lr}
10007236:	24d0      	movs	r4, #208	@ 0xd0
10007238:	2580      	movs	r5, #128	@ 0x80
1000723a:	0624      	lsls	r4, r4, #24
1000723c:	042d      	lsls	r5, r5, #16
1000723e:	61a5      	str	r5, [r4, #24]
10007240:	2014      	movs	r0, #20
10007242:	f002 ff55 	bl	1000a0f0 <cyw43_delay_ms>
10007246:	6165      	str	r5, [r4, #20]
10007248:	20fa      	movs	r0, #250	@ 0xfa
1000724a:	f002 ff51 	bl	1000a0f0 <cyw43_delay_ms>
1000724e:	2018      	movs	r0, #24
10007250:	f7f9 f972 	bl	10000538 <gpio_init>
10007254:	2380      	movs	r3, #128	@ 0x80
10007256:	045b      	lsls	r3, r3, #17
10007258:	62a3      	str	r3, [r4, #40]	@ 0x28
1000725a:	bd70      	pop	{r4, r5, r6, pc}

1000725c <read_reg_u32_swap>:
1000725c:	2300      	movs	r3, #0
1000725e:	b500      	push	{lr}
10007260:	b085      	sub	sp, #20
10007262:	9303      	str	r3, [sp, #12]
10007264:	4b0c      	ldr	r3, [pc, #48]	@ (10007298 <read_reg_u32_swap+0x3c>)
10007266:	02d2      	lsls	r2, r2, #11
10007268:	401a      	ands	r2, r3
1000726a:	2308      	movs	r3, #8
1000726c:	0709      	lsls	r1, r1, #28
1000726e:	4311      	orrs	r1, r2
10007270:	4a0a      	ldr	r2, [pc, #40]	@ (1000729c <read_reg_u32_swap+0x40>)
10007272:	9300      	str	r3, [sp, #0]
10007274:	430a      	orrs	r2, r1
10007276:	ab02      	add	r3, sp, #8
10007278:	ba52      	rev16	r2, r2
1000727a:	2100      	movs	r1, #0
1000727c:	9202      	str	r2, [sp, #8]
1000727e:	2204      	movs	r2, #4
10007280:	f7ff fd96 	bl	10006db0 <cyw43_spi_transfer>
10007284:	2800      	cmp	r0, #0
10007286:	d103      	bne.n	10007290 <read_reg_u32_swap+0x34>
10007288:	9803      	ldr	r0, [sp, #12]
1000728a:	ba40      	rev16	r0, r0
1000728c:	b005      	add	sp, #20
1000728e:	bd00      	pop	{pc}
10007290:	2005      	movs	r0, #5
10007292:	4240      	negs	r0, r0
10007294:	e7fa      	b.n	1000728c <read_reg_u32_swap+0x30>
10007296:	46c0      	nop			@ (mov r8, r8)
10007298:	0ffff800 	.word	0x0ffff800
1000729c:	40000004 	.word	0x40000004

100072a0 <cyw43_read_reg_u32>:
100072a0:	b510      	push	{r4, lr}
100072a2:	4b13      	ldr	r3, [pc, #76]	@ (100072f0 <cyw43_read_reg_u32+0x50>)
100072a4:	02d2      	lsls	r2, r2, #11
100072a6:	401a      	ands	r2, r3
100072a8:	070b      	lsls	r3, r1, #28
100072aa:	431a      	orrs	r2, r3
100072ac:	4b11      	ldr	r3, [pc, #68]	@ (100072f4 <cyw43_read_reg_u32+0x54>)
100072ae:	b08a      	sub	sp, #40	@ 0x28
100072b0:	4313      	orrs	r3, r2
100072b2:	1e4c      	subs	r4, r1, #1
100072b4:	9304      	str	r3, [sp, #16]
100072b6:	4263      	negs	r3, r4
100072b8:	4163      	adcs	r3, r4
100072ba:	011b      	lsls	r3, r3, #4
100072bc:	3308      	adds	r3, #8
100072be:	9300      	str	r3, [sp, #0]
100072c0:	2204      	movs	r2, #4
100072c2:	2100      	movs	r1, #0
100072c4:	ab04      	add	r3, sp, #16
100072c6:	f7ff fd73 	bl	10006db0 <cyw43_spi_transfer>
100072ca:	2800      	cmp	r0, #0
100072cc:	d10c      	bne.n	100072e8 <cyw43_read_reg_u32+0x48>
100072ce:	1e63      	subs	r3, r4, #1
100072d0:	419c      	sbcs	r4, r3
100072d2:	2303      	movs	r3, #3
100072d4:	2208      	movs	r2, #8
100072d6:	4261      	negs	r1, r4
100072d8:	4399      	bics	r1, r3
100072da:	3105      	adds	r1, #5
100072dc:	ab02      	add	r3, sp, #8
100072de:	0089      	lsls	r1, r1, #2
100072e0:	189b      	adds	r3, r3, r2
100072e2:	5858      	ldr	r0, [r3, r1]
100072e4:	b00a      	add	sp, #40	@ 0x28
100072e6:	bd10      	pop	{r4, pc}
100072e8:	2005      	movs	r0, #5
100072ea:	4240      	negs	r0, r0
100072ec:	e7fa      	b.n	100072e4 <cyw43_read_reg_u32+0x44>
100072ee:	46c0      	nop			@ (mov r8, r8)
100072f0:	0ffff800 	.word	0x0ffff800
100072f4:	40000004 	.word	0x40000004

100072f8 <cyw43_read_reg_u16>:
100072f8:	b510      	push	{r4, lr}
100072fa:	4b13      	ldr	r3, [pc, #76]	@ (10007348 <cyw43_read_reg_u16+0x50>)
100072fc:	02d2      	lsls	r2, r2, #11
100072fe:	401a      	ands	r2, r3
10007300:	070b      	lsls	r3, r1, #28
10007302:	431a      	orrs	r2, r3
10007304:	4b11      	ldr	r3, [pc, #68]	@ (1000734c <cyw43_read_reg_u16+0x54>)
10007306:	b08a      	sub	sp, #40	@ 0x28
10007308:	4313      	orrs	r3, r2
1000730a:	1e4c      	subs	r4, r1, #1
1000730c:	9304      	str	r3, [sp, #16]
1000730e:	4263      	negs	r3, r4
10007310:	4163      	adcs	r3, r4
10007312:	011b      	lsls	r3, r3, #4
10007314:	3308      	adds	r3, #8
10007316:	9300      	str	r3, [sp, #0]
10007318:	2204      	movs	r2, #4
1000731a:	2100      	movs	r1, #0
1000731c:	ab04      	add	r3, sp, #16
1000731e:	f7ff fd47 	bl	10006db0 <cyw43_spi_transfer>
10007322:	2800      	cmp	r0, #0
10007324:	d10c      	bne.n	10007340 <cyw43_read_reg_u16+0x48>
10007326:	1e63      	subs	r3, r4, #1
10007328:	419c      	sbcs	r4, r3
1000732a:	2303      	movs	r3, #3
1000732c:	2208      	movs	r2, #8
1000732e:	4261      	negs	r1, r4
10007330:	4399      	bics	r1, r3
10007332:	3105      	adds	r1, #5
10007334:	ab02      	add	r3, sp, #8
10007336:	0089      	lsls	r1, r1, #2
10007338:	189b      	adds	r3, r3, r2
1000733a:	5858      	ldr	r0, [r3, r1]
1000733c:	b00a      	add	sp, #40	@ 0x28
1000733e:	bd10      	pop	{r4, pc}
10007340:	2005      	movs	r0, #5
10007342:	4240      	negs	r0, r0
10007344:	e7fa      	b.n	1000733c <cyw43_read_reg_u16+0x44>
10007346:	46c0      	nop			@ (mov r8, r8)
10007348:	0ffff800 	.word	0x0ffff800
1000734c:	40000002 	.word	0x40000002

10007350 <cyw43_read_reg_u8>:
10007350:	b510      	push	{r4, lr}
10007352:	4b13      	ldr	r3, [pc, #76]	@ (100073a0 <cyw43_read_reg_u8+0x50>)
10007354:	02d2      	lsls	r2, r2, #11
10007356:	401a      	ands	r2, r3
10007358:	070b      	lsls	r3, r1, #28
1000735a:	431a      	orrs	r2, r3
1000735c:	4b11      	ldr	r3, [pc, #68]	@ (100073a4 <cyw43_read_reg_u8+0x54>)
1000735e:	b08a      	sub	sp, #40	@ 0x28
10007360:	4313      	orrs	r3, r2
10007362:	1e4c      	subs	r4, r1, #1
10007364:	9304      	str	r3, [sp, #16]
10007366:	4263      	negs	r3, r4
10007368:	4163      	adcs	r3, r4
1000736a:	011b      	lsls	r3, r3, #4
1000736c:	3308      	adds	r3, #8
1000736e:	9300      	str	r3, [sp, #0]
10007370:	2204      	movs	r2, #4
10007372:	2100      	movs	r1, #0
10007374:	ab04      	add	r3, sp, #16
10007376:	f7ff fd1b 	bl	10006db0 <cyw43_spi_transfer>
1000737a:	2800      	cmp	r0, #0
1000737c:	d10c      	bne.n	10007398 <cyw43_read_reg_u8+0x48>
1000737e:	1e63      	subs	r3, r4, #1
10007380:	419c      	sbcs	r4, r3
10007382:	2303      	movs	r3, #3
10007384:	2208      	movs	r2, #8
10007386:	4261      	negs	r1, r4
10007388:	4399      	bics	r1, r3
1000738a:	3105      	adds	r1, #5
1000738c:	ab02      	add	r3, sp, #8
1000738e:	0089      	lsls	r1, r1, #2
10007390:	189b      	adds	r3, r3, r2
10007392:	5858      	ldr	r0, [r3, r1]
10007394:	b00a      	add	sp, #40	@ 0x28
10007396:	bd10      	pop	{r4, pc}
10007398:	2005      	movs	r0, #5
1000739a:	4240      	negs	r0, r0
1000739c:	e7fa      	b.n	10007394 <cyw43_read_reg_u8+0x44>
1000739e:	46c0      	nop			@ (mov r8, r8)
100073a0:	0ffff800 	.word	0x0ffff800
100073a4:	40000001 	.word	0x40000001

100073a8 <write_reg_u32_swap>:
100073a8:	b5f0      	push	{r4, r5, r6, r7, lr}
100073aa:	ba5b      	rev16	r3, r3
100073ac:	46de      	mov	lr, fp
100073ae:	4657      	mov	r7, sl
100073b0:	464e      	mov	r6, r9
100073b2:	4645      	mov	r5, r8
100073b4:	b5e0      	push	{r5, r6, r7, lr}
100073b6:	4c73      	ldr	r4, [pc, #460]	@ (10007584 <write_reg_u32_swap+0x1dc>)
100073b8:	02d2      	lsls	r2, r2, #11
100073ba:	4022      	ands	r2, r4
100073bc:	0709      	lsls	r1, r1, #28
100073be:	4311      	orrs	r1, r2
100073c0:	4a71      	ldr	r2, [pc, #452]	@ (10007588 <write_reg_u32_swap+0x1e0>)
100073c2:	b085      	sub	sp, #20
100073c4:	430a      	orrs	r2, r1
100073c6:	9303      	str	r3, [sp, #12]
100073c8:	4b70      	ldr	r3, [pc, #448]	@ (1000758c <write_reg_u32_swap+0x1e4>)
100073ca:	a902      	add	r1, sp, #8
100073cc:	58c4      	ldr	r4, [r0, r3]
100073ce:	4b70      	ldr	r3, [pc, #448]	@ (10007590 <write_reg_u32_swap+0x1e8>)
100073d0:	468a      	mov	sl, r1
100073d2:	ba52      	rev16	r2, r2
100073d4:	469c      	mov	ip, r3
100073d6:	6821      	ldr	r1, [r4, #0]
100073d8:	2018      	movs	r0, #24
100073da:	4461      	add	r1, ip
100073dc:	0d09      	lsrs	r1, r1, #20
100073de:	3106      	adds	r1, #6
100073e0:	b2c9      	uxtb	r1, r1
100073e2:	9202      	str	r2, [sp, #8]
100073e4:	f7f9 f808 	bl	100003f8 <gpio_set_function>
100073e8:	4b69      	ldr	r3, [pc, #420]	@ (10007590 <write_reg_u32_swap+0x1e8>)
100073ea:	6821      	ldr	r1, [r4, #0]
100073ec:	469c      	mov	ip, r3
100073ee:	4461      	add	r1, ip
100073f0:	0d09      	lsrs	r1, r1, #20
100073f2:	3106      	adds	r1, #6
100073f4:	201d      	movs	r0, #29
100073f6:	b2c9      	uxtb	r1, r1
100073f8:	f7f8 fffe 	bl	100003f8 <gpio_set_function>
100073fc:	2201      	movs	r2, #1
100073fe:	2100      	movs	r1, #0
10007400:	201d      	movs	r0, #29
10007402:	f7f9 f813 	bl	1000042c <gpio_set_pulls>
10007406:	23d0      	movs	r3, #208	@ 0xd0
10007408:	2280      	movs	r2, #128	@ 0x80
1000740a:	2701      	movs	r7, #1
1000740c:	061b      	lsls	r3, r3, #24
1000740e:	0492      	lsls	r2, r2, #18
10007410:	619a      	str	r2, [r3, #24]
10007412:	003a      	movs	r2, r7
10007414:	68a1      	ldr	r1, [r4, #8]
10007416:	6820      	ldr	r0, [r4, #0]
10007418:	408a      	lsls	r2, r1
1000741a:	6803      	ldr	r3, [r0, #0]
1000741c:	6865      	ldr	r5, [r4, #4]
1000741e:	4393      	bics	r3, r2
10007420:	6003      	str	r3, [r0, #0]
10007422:	004b      	lsls	r3, r1, #1
10007424:	185b      	adds	r3, r3, r1
10007426:	00db      	lsls	r3, r3, #3
10007428:	18c6      	adds	r6, r0, r3
1000742a:	36cc      	adds	r6, #204	@ 0xcc
1000742c:	6832      	ldr	r2, [r6, #0]
1000742e:	469c      	mov	ip, r3
10007430:	4690      	mov	r8, r2
10007432:	1c6a      	adds	r2, r5, #1
10007434:	0313      	lsls	r3, r2, #12
10007436:	4a57      	ldr	r2, [pc, #348]	@ (10007594 <write_reg_u32_swap+0x1ec>)
10007438:	469b      	mov	fp, r3
1000743a:	4691      	mov	r9, r2
1000743c:	4642      	mov	r2, r8
1000743e:	464b      	mov	r3, r9
10007440:	401a      	ands	r2, r3
10007442:	0013      	movs	r3, r2
10007444:	465a      	mov	r2, fp
10007446:	01ed      	lsls	r5, r5, #7
10007448:	431a      	orrs	r2, r3
1000744a:	432a      	orrs	r2, r5
1000744c:	6032      	str	r2, [r6, #0]
1000744e:	4a52      	ldr	r2, [pc, #328]	@ (10007598 <write_reg_u32_swap+0x1f0>)
10007450:	4663      	mov	r3, ip
10007452:	4694      	mov	ip, r2
10007454:	2280      	movs	r2, #128	@ 0x80
10007456:	18c3      	adds	r3, r0, r3
10007458:	4463      	add	r3, ip
1000745a:	0612      	lsls	r2, r2, #24
1000745c:	601a      	str	r2, [r3, #0]
1000745e:	601a      	str	r2, [r3, #0]
10007460:	2280      	movs	r2, #128	@ 0x80
10007462:	2300      	movs	r3, #0
10007464:	0452      	lsls	r2, r2, #17
10007466:	9200      	str	r2, [sp, #0]
10007468:	9301      	str	r3, [sp, #4]
1000746a:	f002 fb31 	bl	10009ad0 <pio_sm_set_pindirs_with_mask64>
1000746e:	003a      	movs	r2, r7
10007470:	68a0      	ldr	r0, [r4, #8]
10007472:	6821      	ldr	r1, [r4, #0]
10007474:	1d03      	adds	r3, r0, #4
10007476:	409a      	lsls	r2, r3
10007478:	4699      	mov	r9, r3
1000747a:	2380      	movs	r3, #128	@ 0x80
1000747c:	019b      	lsls	r3, r3, #6
1000747e:	18cb      	adds	r3, r1, r3
10007480:	601a      	str	r2, [r3, #0]
10007482:	0002      	movs	r2, r0
10007484:	003d      	movs	r5, r7
10007486:	3208      	adds	r2, #8
10007488:	4095      	lsls	r5, r2
1000748a:	601d      	str	r5, [r3, #0]
1000748c:	233f      	movs	r3, #63	@ 0x3f
1000748e:	0082      	lsls	r2, r0, #2
10007490:	188a      	adds	r2, r1, r2
10007492:	6113      	str	r3, [r2, #16]
10007494:	0043      	lsls	r3, r0, #1
10007496:	181b      	adds	r3, r3, r0
10007498:	00db      	lsls	r3, r3, #3
1000749a:	4d40      	ldr	r5, [pc, #256]	@ (1000759c <write_reg_u32_swap+0x1f4>)
1000749c:	18cb      	adds	r3, r1, r3
1000749e:	33d8      	adds	r3, #216	@ 0xd8
100074a0:	601d      	str	r5, [r3, #0]
100074a2:	2500      	movs	r5, #0
100074a4:	6115      	str	r5, [r2, #16]
100074a6:	4a3e      	ldr	r2, [pc, #248]	@ (100075a0 <write_reg_u32_swap+0x1f8>)
100074a8:	351f      	adds	r5, #31
100074aa:	601a      	str	r2, [r3, #0]
100074ac:	6862      	ldr	r2, [r4, #4]
100074ae:	2680      	movs	r6, #128	@ 0x80
100074b0:	402a      	ands	r2, r5
100074b2:	601a      	str	r2, [r3, #0]
100074b4:	230c      	movs	r3, #12
100074b6:	56e3      	ldrsb	r3, [r4, r3]
100074b8:	4a3a      	ldr	r2, [pc, #232]	@ (100075a4 <write_reg_u32_swap+0x1fc>)
100074ba:	409f      	lsls	r7, r3
100074bc:	469c      	mov	ip, r3
100074be:	23a0      	movs	r3, #160	@ 0xa0
100074c0:	05db      	lsls	r3, r3, #23
100074c2:	509f      	str	r7, [r3, r2]
100074c4:	4663      	mov	r3, ip
100074c6:	019a      	lsls	r2, r3, #6
100074c8:	23a0      	movs	r3, #160	@ 0xa0
100074ca:	05db      	lsls	r3, r3, #23
100074cc:	18d7      	adds	r7, r2, r3
100074ce:	4b36      	ldr	r3, [pc, #216]	@ (100075a8 <write_reg_u32_swap+0x200>)
100074d0:	0476      	lsls	r6, r6, #17
100074d2:	18d5      	adds	r5, r2, r3
100074d4:	682b      	ldr	r3, [r5, #0]
100074d6:	4233      	tst	r3, r6
100074d8:	d1fc      	bne.n	100074d4 <write_reg_u32_swap+0x12c>
100074da:	4665      	mov	r5, ip
100074dc:	02ed      	lsls	r5, r5, #11
100074de:	46ac      	mov	ip, r5
100074e0:	4d32      	ldr	r5, [pc, #200]	@ (100075ac <write_reg_u32_swap+0x204>)
100074e2:	4b2b      	ldr	r3, [pc, #172]	@ (10007590 <write_reg_u32_swap+0x1e8>)
100074e4:	46a8      	mov	r8, r5
100074e6:	4665      	mov	r5, ip
100074e8:	4646      	mov	r6, r8
100074ea:	18cb      	adds	r3, r1, r3
100074ec:	0d1b      	lsrs	r3, r3, #20
100074ee:	00db      	lsls	r3, r3, #3
100074f0:	181b      	adds	r3, r3, r0
100074f2:	4035      	ands	r5, r6
100074f4:	03db      	lsls	r3, r3, #15
100074f6:	432b      	orrs	r3, r5
100074f8:	4d2d      	ldr	r5, [pc, #180]	@ (100075b0 <write_reg_u32_swap+0x208>)
100074fa:	432b      	orrs	r3, r5
100074fc:	4655      	mov	r5, sl
100074fe:	603d      	str	r5, [r7, #0]
10007500:	464d      	mov	r5, r9
10007502:	00ae      	lsls	r6, r5, #2
10007504:	2502      	movs	r5, #2
10007506:	198e      	adds	r6, r1, r6
10007508:	607e      	str	r6, [r7, #4]
1000750a:	60bd      	str	r5, [r7, #8]
1000750c:	60fb      	str	r3, [r7, #12]
1000750e:	2301      	movs	r3, #1
10007510:	4083      	lsls	r3, r0
10007512:	680d      	ldr	r5, [r1, #0]
10007514:	432b      	orrs	r3, r5
10007516:	600b      	str	r3, [r1, #0]
10007518:	4b26      	ldr	r3, [pc, #152]	@ (100075b4 <write_reg_u32_swap+0x20c>)
1000751a:	2180      	movs	r1, #128	@ 0x80
1000751c:	469c      	mov	ip, r3
1000751e:	0449      	lsls	r1, r1, #17
10007520:	4462      	add	r2, ip
10007522:	6813      	ldr	r3, [r2, #0]
10007524:	420b      	tst	r3, r1
10007526:	d1fc      	bne.n	10007522 <write_reg_u32_swap+0x17a>
10007528:	2201      	movs	r2, #1
1000752a:	68a3      	ldr	r3, [r4, #8]
1000752c:	6821      	ldr	r1, [r4, #0]
1000752e:	3318      	adds	r3, #24
10007530:	409a      	lsls	r2, r3
10007532:	608a      	str	r2, [r1, #8]
10007534:	688b      	ldr	r3, [r1, #8]
10007536:	4213      	tst	r3, r2
10007538:	d0fc      	beq.n	10007534 <write_reg_u32_swap+0x18c>
1000753a:	2201      	movs	r2, #1
1000753c:	68a1      	ldr	r1, [r4, #8]
1000753e:	6820      	ldr	r0, [r4, #0]
10007540:	408a      	lsls	r2, r1
10007542:	6803      	ldr	r3, [r0, #0]
10007544:	4393      	bics	r3, r2
10007546:	6003      	str	r3, [r0, #0]
10007548:	2300      	movs	r3, #0
1000754a:	2218      	movs	r2, #24
1000754c:	9300      	str	r3, [sp, #0]
1000754e:	3301      	adds	r3, #1
10007550:	f002 fb14 	bl	10009b7c <pio_sm_set_consecutive_pindirs>
10007554:	68a1      	ldr	r1, [r4, #8]
10007556:	6823      	ldr	r3, [r4, #0]
10007558:	004a      	lsls	r2, r1, #1
1000755a:	1852      	adds	r2, r2, r1
1000755c:	00d2      	lsls	r2, r2, #3
1000755e:	189b      	adds	r3, r3, r2
10007560:	4a15      	ldr	r2, [pc, #84]	@ (100075b8 <write_reg_u32_swap+0x210>)
10007562:	33d8      	adds	r3, #216	@ 0xd8
10007564:	601a      	str	r2, [r3, #0]
10007566:	23d0      	movs	r3, #208	@ 0xd0
10007568:	2280      	movs	r2, #128	@ 0x80
1000756a:	061b      	lsls	r3, r3, #24
1000756c:	0492      	lsls	r2, r2, #18
1000756e:	615a      	str	r2, [r3, #20]
10007570:	f7ff fb44 	bl	10006bfc <ns_delay.constprop.0>
10007574:	2000      	movs	r0, #0
10007576:	b005      	add	sp, #20
10007578:	bcf0      	pop	{r4, r5, r6, r7}
1000757a:	46bb      	mov	fp, r7
1000757c:	46b2      	mov	sl, r6
1000757e:	46a9      	mov	r9, r5
10007580:	46a0      	mov	r8, r4
10007582:	bdf0      	pop	{r4, r5, r6, r7, pc}
10007584:	0ffff800 	.word	0x0ffff800
10007588:	c0000004 	.word	0xc0000004
1000758c:	0000084c 	.word	0x0000084c
10007590:	afe00000 	.word	0xafe00000
10007594:	fffe007f 	.word	0xfffe007f
10007598:	000010d0 	.word	0x000010d0
1000759c:	00006020 	.word	0x00006020
100075a0:	00006040 	.word	0x00006040
100075a4:	00000444 	.word	0x00000444
100075a8:	5000000c 	.word	0x5000000c
100075ac:	ff007ffd 	.word	0xff007ffd
100075b0:	00400019 	.word	0x00400019
100075b4:	50000010 	.word	0x50000010
100075b8:	0000a003 	.word	0x0000a003

100075bc <cyw43_write_reg_u32>:
100075bc:	b5f0      	push	{r4, r5, r6, r7, lr}
100075be:	46de      	mov	lr, fp
100075c0:	4657      	mov	r7, sl
100075c2:	464e      	mov	r6, r9
100075c4:	4645      	mov	r5, r8
100075c6:	b5e0      	push	{r5, r6, r7, lr}
100075c8:	b085      	sub	sp, #20
100075ca:	ac02      	add	r4, sp, #8
100075cc:	46a2      	mov	sl, r4
100075ce:	4c72      	ldr	r4, [pc, #456]	@ (10007798 <cyw43_write_reg_u32+0x1dc>)
100075d0:	02d2      	lsls	r2, r2, #11
100075d2:	4022      	ands	r2, r4
100075d4:	0709      	lsls	r1, r1, #28
100075d6:	430a      	orrs	r2, r1
100075d8:	4970      	ldr	r1, [pc, #448]	@ (1000779c <cyw43_write_reg_u32+0x1e0>)
100075da:	2701      	movs	r7, #1
100075dc:	430a      	orrs	r2, r1
100075de:	9202      	str	r2, [sp, #8]
100075e0:	4652      	mov	r2, sl
100075e2:	6053      	str	r3, [r2, #4]
100075e4:	4b6e      	ldr	r3, [pc, #440]	@ (100077a0 <cyw43_write_reg_u32+0x1e4>)
100075e6:	58c4      	ldr	r4, [r0, r3]
100075e8:	4b6e      	ldr	r3, [pc, #440]	@ (100077a4 <cyw43_write_reg_u32+0x1e8>)
100075ea:	6821      	ldr	r1, [r4, #0]
100075ec:	469c      	mov	ip, r3
100075ee:	4461      	add	r1, ip
100075f0:	0d09      	lsrs	r1, r1, #20
100075f2:	3106      	adds	r1, #6
100075f4:	2018      	movs	r0, #24
100075f6:	b2c9      	uxtb	r1, r1
100075f8:	f7f8 fefe 	bl	100003f8 <gpio_set_function>
100075fc:	4b69      	ldr	r3, [pc, #420]	@ (100077a4 <cyw43_write_reg_u32+0x1e8>)
100075fe:	6821      	ldr	r1, [r4, #0]
10007600:	469c      	mov	ip, r3
10007602:	4461      	add	r1, ip
10007604:	0d09      	lsrs	r1, r1, #20
10007606:	3106      	adds	r1, #6
10007608:	201d      	movs	r0, #29
1000760a:	b2c9      	uxtb	r1, r1
1000760c:	f7f8 fef4 	bl	100003f8 <gpio_set_function>
10007610:	2201      	movs	r2, #1
10007612:	2100      	movs	r1, #0
10007614:	201d      	movs	r0, #29
10007616:	f7f8 ff09 	bl	1000042c <gpio_set_pulls>
1000761a:	23d0      	movs	r3, #208	@ 0xd0
1000761c:	2280      	movs	r2, #128	@ 0x80
1000761e:	061b      	lsls	r3, r3, #24
10007620:	0492      	lsls	r2, r2, #18
10007622:	619a      	str	r2, [r3, #24]
10007624:	003a      	movs	r2, r7
10007626:	68a1      	ldr	r1, [r4, #8]
10007628:	6820      	ldr	r0, [r4, #0]
1000762a:	408a      	lsls	r2, r1
1000762c:	6803      	ldr	r3, [r0, #0]
1000762e:	6865      	ldr	r5, [r4, #4]
10007630:	4393      	bics	r3, r2
10007632:	6003      	str	r3, [r0, #0]
10007634:	004b      	lsls	r3, r1, #1
10007636:	185b      	adds	r3, r3, r1
10007638:	00db      	lsls	r3, r3, #3
1000763a:	18c6      	adds	r6, r0, r3
1000763c:	36cc      	adds	r6, #204	@ 0xcc
1000763e:	6832      	ldr	r2, [r6, #0]
10007640:	469c      	mov	ip, r3
10007642:	4690      	mov	r8, r2
10007644:	1c6a      	adds	r2, r5, #1
10007646:	0313      	lsls	r3, r2, #12
10007648:	4a57      	ldr	r2, [pc, #348]	@ (100077a8 <cyw43_write_reg_u32+0x1ec>)
1000764a:	469b      	mov	fp, r3
1000764c:	4691      	mov	r9, r2
1000764e:	4642      	mov	r2, r8
10007650:	464b      	mov	r3, r9
10007652:	401a      	ands	r2, r3
10007654:	0013      	movs	r3, r2
10007656:	465a      	mov	r2, fp
10007658:	01ed      	lsls	r5, r5, #7
1000765a:	431a      	orrs	r2, r3
1000765c:	432a      	orrs	r2, r5
1000765e:	6032      	str	r2, [r6, #0]
10007660:	4a52      	ldr	r2, [pc, #328]	@ (100077ac <cyw43_write_reg_u32+0x1f0>)
10007662:	4663      	mov	r3, ip
10007664:	4694      	mov	ip, r2
10007666:	2280      	movs	r2, #128	@ 0x80
10007668:	18c3      	adds	r3, r0, r3
1000766a:	4463      	add	r3, ip
1000766c:	0612      	lsls	r2, r2, #24
1000766e:	601a      	str	r2, [r3, #0]
10007670:	601a      	str	r2, [r3, #0]
10007672:	2280      	movs	r2, #128	@ 0x80
10007674:	2300      	movs	r3, #0
10007676:	0452      	lsls	r2, r2, #17
10007678:	9200      	str	r2, [sp, #0]
1000767a:	9301      	str	r3, [sp, #4]
1000767c:	f002 fa28 	bl	10009ad0 <pio_sm_set_pindirs_with_mask64>
10007680:	003a      	movs	r2, r7
10007682:	68a0      	ldr	r0, [r4, #8]
10007684:	6821      	ldr	r1, [r4, #0]
10007686:	1d03      	adds	r3, r0, #4
10007688:	409a      	lsls	r2, r3
1000768a:	4699      	mov	r9, r3
1000768c:	2380      	movs	r3, #128	@ 0x80
1000768e:	019b      	lsls	r3, r3, #6
10007690:	18cb      	adds	r3, r1, r3
10007692:	601a      	str	r2, [r3, #0]
10007694:	0002      	movs	r2, r0
10007696:	003d      	movs	r5, r7
10007698:	3208      	adds	r2, #8
1000769a:	4095      	lsls	r5, r2
1000769c:	601d      	str	r5, [r3, #0]
1000769e:	233f      	movs	r3, #63	@ 0x3f
100076a0:	0082      	lsls	r2, r0, #2
100076a2:	188a      	adds	r2, r1, r2
100076a4:	6113      	str	r3, [r2, #16]
100076a6:	0043      	lsls	r3, r0, #1
100076a8:	181b      	adds	r3, r3, r0
100076aa:	00db      	lsls	r3, r3, #3
100076ac:	4d40      	ldr	r5, [pc, #256]	@ (100077b0 <cyw43_write_reg_u32+0x1f4>)
100076ae:	18cb      	adds	r3, r1, r3
100076b0:	33d8      	adds	r3, #216	@ 0xd8
100076b2:	601d      	str	r5, [r3, #0]
100076b4:	2500      	movs	r5, #0
100076b6:	6115      	str	r5, [r2, #16]
100076b8:	4a3e      	ldr	r2, [pc, #248]	@ (100077b4 <cyw43_write_reg_u32+0x1f8>)
100076ba:	351f      	adds	r5, #31
100076bc:	601a      	str	r2, [r3, #0]
100076be:	6862      	ldr	r2, [r4, #4]
100076c0:	2680      	movs	r6, #128	@ 0x80
100076c2:	402a      	ands	r2, r5
100076c4:	601a      	str	r2, [r3, #0]
100076c6:	230c      	movs	r3, #12
100076c8:	56e3      	ldrsb	r3, [r4, r3]
100076ca:	4a3b      	ldr	r2, [pc, #236]	@ (100077b8 <cyw43_write_reg_u32+0x1fc>)
100076cc:	409f      	lsls	r7, r3
100076ce:	469c      	mov	ip, r3
100076d0:	23a0      	movs	r3, #160	@ 0xa0
100076d2:	05db      	lsls	r3, r3, #23
100076d4:	509f      	str	r7, [r3, r2]
100076d6:	4663      	mov	r3, ip
100076d8:	019a      	lsls	r2, r3, #6
100076da:	23a0      	movs	r3, #160	@ 0xa0
100076dc:	05db      	lsls	r3, r3, #23
100076de:	18d7      	adds	r7, r2, r3
100076e0:	4b36      	ldr	r3, [pc, #216]	@ (100077bc <cyw43_write_reg_u32+0x200>)
100076e2:	0476      	lsls	r6, r6, #17
100076e4:	18d5      	adds	r5, r2, r3
100076e6:	682b      	ldr	r3, [r5, #0]
100076e8:	4233      	tst	r3, r6
100076ea:	d1fc      	bne.n	100076e6 <cyw43_write_reg_u32+0x12a>
100076ec:	4665      	mov	r5, ip
100076ee:	02ed      	lsls	r5, r5, #11
100076f0:	46ac      	mov	ip, r5
100076f2:	4d33      	ldr	r5, [pc, #204]	@ (100077c0 <cyw43_write_reg_u32+0x204>)
100076f4:	4b2b      	ldr	r3, [pc, #172]	@ (100077a4 <cyw43_write_reg_u32+0x1e8>)
100076f6:	46a8      	mov	r8, r5
100076f8:	4665      	mov	r5, ip
100076fa:	4646      	mov	r6, r8
100076fc:	18cb      	adds	r3, r1, r3
100076fe:	0d1b      	lsrs	r3, r3, #20
10007700:	00db      	lsls	r3, r3, #3
10007702:	181b      	adds	r3, r3, r0
10007704:	4035      	ands	r5, r6
10007706:	03db      	lsls	r3, r3, #15
10007708:	432b      	orrs	r3, r5
1000770a:	4d2e      	ldr	r5, [pc, #184]	@ (100077c4 <cyw43_write_reg_u32+0x208>)
1000770c:	432b      	orrs	r3, r5
1000770e:	4655      	mov	r5, sl
10007710:	603d      	str	r5, [r7, #0]
10007712:	464d      	mov	r5, r9
10007714:	00ae      	lsls	r6, r5, #2
10007716:	2502      	movs	r5, #2
10007718:	198e      	adds	r6, r1, r6
1000771a:	607e      	str	r6, [r7, #4]
1000771c:	60bd      	str	r5, [r7, #8]
1000771e:	60fb      	str	r3, [r7, #12]
10007720:	2301      	movs	r3, #1
10007722:	4083      	lsls	r3, r0
10007724:	680d      	ldr	r5, [r1, #0]
10007726:	432b      	orrs	r3, r5
10007728:	600b      	str	r3, [r1, #0]
1000772a:	4b27      	ldr	r3, [pc, #156]	@ (100077c8 <cyw43_write_reg_u32+0x20c>)
1000772c:	2180      	movs	r1, #128	@ 0x80
1000772e:	469c      	mov	ip, r3
10007730:	0449      	lsls	r1, r1, #17
10007732:	4462      	add	r2, ip
10007734:	6813      	ldr	r3, [r2, #0]
10007736:	420b      	tst	r3, r1
10007738:	d1fc      	bne.n	10007734 <cyw43_write_reg_u32+0x178>
1000773a:	2201      	movs	r2, #1
1000773c:	68a3      	ldr	r3, [r4, #8]
1000773e:	6821      	ldr	r1, [r4, #0]
10007740:	3318      	adds	r3, #24
10007742:	409a      	lsls	r2, r3
10007744:	608a      	str	r2, [r1, #8]
10007746:	688b      	ldr	r3, [r1, #8]
10007748:	4213      	tst	r3, r2
1000774a:	d0fc      	beq.n	10007746 <cyw43_write_reg_u32+0x18a>
1000774c:	2201      	movs	r2, #1
1000774e:	68a1      	ldr	r1, [r4, #8]
10007750:	6820      	ldr	r0, [r4, #0]
10007752:	408a      	lsls	r2, r1
10007754:	6803      	ldr	r3, [r0, #0]
10007756:	4393      	bics	r3, r2
10007758:	6003      	str	r3, [r0, #0]
1000775a:	2300      	movs	r3, #0
1000775c:	2218      	movs	r2, #24
1000775e:	9300      	str	r3, [sp, #0]
10007760:	3301      	adds	r3, #1
10007762:	f002 fa0b 	bl	10009b7c <pio_sm_set_consecutive_pindirs>
10007766:	68a1      	ldr	r1, [r4, #8]
10007768:	6823      	ldr	r3, [r4, #0]
1000776a:	004a      	lsls	r2, r1, #1
1000776c:	1852      	adds	r2, r2, r1
1000776e:	00d2      	lsls	r2, r2, #3
10007770:	189b      	adds	r3, r3, r2
10007772:	4a16      	ldr	r2, [pc, #88]	@ (100077cc <cyw43_write_reg_u32+0x210>)
10007774:	33d8      	adds	r3, #216	@ 0xd8
10007776:	601a      	str	r2, [r3, #0]
10007778:	23d0      	movs	r3, #208	@ 0xd0
1000777a:	2280      	movs	r2, #128	@ 0x80
1000777c:	061b      	lsls	r3, r3, #24
1000777e:	0492      	lsls	r2, r2, #18
10007780:	615a      	str	r2, [r3, #20]
10007782:	f7ff fa3b 	bl	10006bfc <ns_delay.constprop.0>
10007786:	2000      	movs	r0, #0
10007788:	b005      	add	sp, #20
1000778a:	bcf0      	pop	{r4, r5, r6, r7}
1000778c:	46bb      	mov	fp, r7
1000778e:	46b2      	mov	sl, r6
10007790:	46a9      	mov	r9, r5
10007792:	46a0      	mov	r8, r4
10007794:	bdf0      	pop	{r4, r5, r6, r7, pc}
10007796:	46c0      	nop			@ (mov r8, r8)
10007798:	0ffff800 	.word	0x0ffff800
1000779c:	c0000004 	.word	0xc0000004
100077a0:	0000084c 	.word	0x0000084c
100077a4:	afe00000 	.word	0xafe00000
100077a8:	fffe007f 	.word	0xfffe007f
100077ac:	000010d0 	.word	0x000010d0
100077b0:	00006020 	.word	0x00006020
100077b4:	00006040 	.word	0x00006040
100077b8:	00000444 	.word	0x00000444
100077bc:	5000000c 	.word	0x5000000c
100077c0:	ff007ffd 	.word	0xff007ffd
100077c4:	00400019 	.word	0x00400019
100077c8:	50000010 	.word	0x50000010
100077cc:	0000a003 	.word	0x0000a003

100077d0 <cyw43_write_reg_u16>:
100077d0:	b5f0      	push	{r4, r5, r6, r7, lr}
100077d2:	46de      	mov	lr, fp
100077d4:	4657      	mov	r7, sl
100077d6:	464e      	mov	r6, r9
100077d8:	4645      	mov	r5, r8
100077da:	b5e0      	push	{r5, r6, r7, lr}
100077dc:	b085      	sub	sp, #20
100077de:	ac02      	add	r4, sp, #8
100077e0:	46a2      	mov	sl, r4
100077e2:	4c72      	ldr	r4, [pc, #456]	@ (100079ac <cyw43_write_reg_u16+0x1dc>)
100077e4:	02d2      	lsls	r2, r2, #11
100077e6:	4022      	ands	r2, r4
100077e8:	0709      	lsls	r1, r1, #28
100077ea:	430a      	orrs	r2, r1
100077ec:	4970      	ldr	r1, [pc, #448]	@ (100079b0 <cyw43_write_reg_u16+0x1e0>)
100077ee:	2701      	movs	r7, #1
100077f0:	430a      	orrs	r2, r1
100077f2:	9202      	str	r2, [sp, #8]
100077f4:	4652      	mov	r2, sl
100077f6:	6053      	str	r3, [r2, #4]
100077f8:	4b6e      	ldr	r3, [pc, #440]	@ (100079b4 <cyw43_write_reg_u16+0x1e4>)
100077fa:	58c4      	ldr	r4, [r0, r3]
100077fc:	4b6e      	ldr	r3, [pc, #440]	@ (100079b8 <cyw43_write_reg_u16+0x1e8>)
100077fe:	6821      	ldr	r1, [r4, #0]
10007800:	469c      	mov	ip, r3
10007802:	4461      	add	r1, ip
10007804:	0d09      	lsrs	r1, r1, #20
10007806:	3106      	adds	r1, #6
10007808:	2018      	movs	r0, #24
1000780a:	b2c9      	uxtb	r1, r1
1000780c:	f7f8 fdf4 	bl	100003f8 <gpio_set_function>
10007810:	4b69      	ldr	r3, [pc, #420]	@ (100079b8 <cyw43_write_reg_u16+0x1e8>)
10007812:	6821      	ldr	r1, [r4, #0]
10007814:	469c      	mov	ip, r3
10007816:	4461      	add	r1, ip
10007818:	0d09      	lsrs	r1, r1, #20
1000781a:	3106      	adds	r1, #6
1000781c:	201d      	movs	r0, #29
1000781e:	b2c9      	uxtb	r1, r1
10007820:	f7f8 fdea 	bl	100003f8 <gpio_set_function>
10007824:	2201      	movs	r2, #1
10007826:	2100      	movs	r1, #0
10007828:	201d      	movs	r0, #29
1000782a:	f7f8 fdff 	bl	1000042c <gpio_set_pulls>
1000782e:	23d0      	movs	r3, #208	@ 0xd0
10007830:	2280      	movs	r2, #128	@ 0x80
10007832:	061b      	lsls	r3, r3, #24
10007834:	0492      	lsls	r2, r2, #18
10007836:	619a      	str	r2, [r3, #24]
10007838:	003a      	movs	r2, r7
1000783a:	68a1      	ldr	r1, [r4, #8]
1000783c:	6820      	ldr	r0, [r4, #0]
1000783e:	408a      	lsls	r2, r1
10007840:	6803      	ldr	r3, [r0, #0]
10007842:	6865      	ldr	r5, [r4, #4]
10007844:	4393      	bics	r3, r2
10007846:	6003      	str	r3, [r0, #0]
10007848:	004b      	lsls	r3, r1, #1
1000784a:	185b      	adds	r3, r3, r1
1000784c:	00db      	lsls	r3, r3, #3
1000784e:	18c6      	adds	r6, r0, r3
10007850:	36cc      	adds	r6, #204	@ 0xcc
10007852:	6832      	ldr	r2, [r6, #0]
10007854:	469c      	mov	ip, r3
10007856:	4690      	mov	r8, r2
10007858:	1c6a      	adds	r2, r5, #1
1000785a:	0313      	lsls	r3, r2, #12
1000785c:	4a57      	ldr	r2, [pc, #348]	@ (100079bc <cyw43_write_reg_u16+0x1ec>)
1000785e:	469b      	mov	fp, r3
10007860:	4691      	mov	r9, r2
10007862:	4642      	mov	r2, r8
10007864:	464b      	mov	r3, r9
10007866:	401a      	ands	r2, r3
10007868:	0013      	movs	r3, r2
1000786a:	465a      	mov	r2, fp
1000786c:	01ed      	lsls	r5, r5, #7
1000786e:	431a      	orrs	r2, r3
10007870:	432a      	orrs	r2, r5
10007872:	6032      	str	r2, [r6, #0]
10007874:	4a52      	ldr	r2, [pc, #328]	@ (100079c0 <cyw43_write_reg_u16+0x1f0>)
10007876:	4663      	mov	r3, ip
10007878:	4694      	mov	ip, r2
1000787a:	2280      	movs	r2, #128	@ 0x80
1000787c:	18c3      	adds	r3, r0, r3
1000787e:	4463      	add	r3, ip
10007880:	0612      	lsls	r2, r2, #24
10007882:	601a      	str	r2, [r3, #0]
10007884:	601a      	str	r2, [r3, #0]
10007886:	2280      	movs	r2, #128	@ 0x80
10007888:	2300      	movs	r3, #0
1000788a:	0452      	lsls	r2, r2, #17
1000788c:	9200      	str	r2, [sp, #0]
1000788e:	9301      	str	r3, [sp, #4]
10007890:	f002 f91e 	bl	10009ad0 <pio_sm_set_pindirs_with_mask64>
10007894:	003a      	movs	r2, r7
10007896:	68a0      	ldr	r0, [r4, #8]
10007898:	6821      	ldr	r1, [r4, #0]
1000789a:	1d03      	adds	r3, r0, #4
1000789c:	409a      	lsls	r2, r3
1000789e:	4699      	mov	r9, r3
100078a0:	2380      	movs	r3, #128	@ 0x80
100078a2:	019b      	lsls	r3, r3, #6
100078a4:	18cb      	adds	r3, r1, r3
100078a6:	601a      	str	r2, [r3, #0]
100078a8:	0002      	movs	r2, r0
100078aa:	003d      	movs	r5, r7
100078ac:	3208      	adds	r2, #8
100078ae:	4095      	lsls	r5, r2
100078b0:	601d      	str	r5, [r3, #0]
100078b2:	233f      	movs	r3, #63	@ 0x3f
100078b4:	0082      	lsls	r2, r0, #2
100078b6:	188a      	adds	r2, r1, r2
100078b8:	6113      	str	r3, [r2, #16]
100078ba:	0043      	lsls	r3, r0, #1
100078bc:	181b      	adds	r3, r3, r0
100078be:	00db      	lsls	r3, r3, #3
100078c0:	4d40      	ldr	r5, [pc, #256]	@ (100079c4 <cyw43_write_reg_u16+0x1f4>)
100078c2:	18cb      	adds	r3, r1, r3
100078c4:	33d8      	adds	r3, #216	@ 0xd8
100078c6:	601d      	str	r5, [r3, #0]
100078c8:	2500      	movs	r5, #0
100078ca:	6115      	str	r5, [r2, #16]
100078cc:	4a3e      	ldr	r2, [pc, #248]	@ (100079c8 <cyw43_write_reg_u16+0x1f8>)
100078ce:	351f      	adds	r5, #31
100078d0:	601a      	str	r2, [r3, #0]
100078d2:	6862      	ldr	r2, [r4, #4]
100078d4:	2680      	movs	r6, #128	@ 0x80
100078d6:	402a      	ands	r2, r5
100078d8:	601a      	str	r2, [r3, #0]
100078da:	230c      	movs	r3, #12
100078dc:	56e3      	ldrsb	r3, [r4, r3]
100078de:	4a3b      	ldr	r2, [pc, #236]	@ (100079cc <cyw43_write_reg_u16+0x1fc>)
100078e0:	409f      	lsls	r7, r3
100078e2:	469c      	mov	ip, r3
100078e4:	23a0      	movs	r3, #160	@ 0xa0
100078e6:	05db      	lsls	r3, r3, #23
100078e8:	509f      	str	r7, [r3, r2]
100078ea:	4663      	mov	r3, ip
100078ec:	019a      	lsls	r2, r3, #6
100078ee:	23a0      	movs	r3, #160	@ 0xa0
100078f0:	05db      	lsls	r3, r3, #23
100078f2:	18d7      	adds	r7, r2, r3
100078f4:	4b36      	ldr	r3, [pc, #216]	@ (100079d0 <cyw43_write_reg_u16+0x200>)
100078f6:	0476      	lsls	r6, r6, #17
100078f8:	18d5      	adds	r5, r2, r3
100078fa:	682b      	ldr	r3, [r5, #0]
100078fc:	4233      	tst	r3, r6
100078fe:	d1fc      	bne.n	100078fa <cyw43_write_reg_u16+0x12a>
10007900:	4665      	mov	r5, ip
10007902:	02ed      	lsls	r5, r5, #11
10007904:	46ac      	mov	ip, r5
10007906:	4d33      	ldr	r5, [pc, #204]	@ (100079d4 <cyw43_write_reg_u16+0x204>)
10007908:	4b2b      	ldr	r3, [pc, #172]	@ (100079b8 <cyw43_write_reg_u16+0x1e8>)
1000790a:	46a8      	mov	r8, r5
1000790c:	4665      	mov	r5, ip
1000790e:	4646      	mov	r6, r8
10007910:	18cb      	adds	r3, r1, r3
10007912:	0d1b      	lsrs	r3, r3, #20
10007914:	00db      	lsls	r3, r3, #3
10007916:	181b      	adds	r3, r3, r0
10007918:	4035      	ands	r5, r6
1000791a:	03db      	lsls	r3, r3, #15
1000791c:	432b      	orrs	r3, r5
1000791e:	4d2e      	ldr	r5, [pc, #184]	@ (100079d8 <cyw43_write_reg_u16+0x208>)
10007920:	432b      	orrs	r3, r5
10007922:	4655      	mov	r5, sl
10007924:	603d      	str	r5, [r7, #0]
10007926:	464d      	mov	r5, r9
10007928:	00ae      	lsls	r6, r5, #2
1000792a:	2502      	movs	r5, #2
1000792c:	198e      	adds	r6, r1, r6
1000792e:	607e      	str	r6, [r7, #4]
10007930:	60bd      	str	r5, [r7, #8]
10007932:	60fb      	str	r3, [r7, #12]
10007934:	2301      	movs	r3, #1
10007936:	4083      	lsls	r3, r0
10007938:	680d      	ldr	r5, [r1, #0]
1000793a:	432b      	orrs	r3, r5
1000793c:	600b      	str	r3, [r1, #0]
1000793e:	4b27      	ldr	r3, [pc, #156]	@ (100079dc <cyw43_write_reg_u16+0x20c>)
10007940:	2180      	movs	r1, #128	@ 0x80
10007942:	469c      	mov	ip, r3
10007944:	0449      	lsls	r1, r1, #17
10007946:	4462      	add	r2, ip
10007948:	6813      	ldr	r3, [r2, #0]
1000794a:	420b      	tst	r3, r1
1000794c:	d1fc      	bne.n	10007948 <cyw43_write_reg_u16+0x178>
1000794e:	2201      	movs	r2, #1
10007950:	68a3      	ldr	r3, [r4, #8]
10007952:	6821      	ldr	r1, [r4, #0]
10007954:	3318      	adds	r3, #24
10007956:	409a      	lsls	r2, r3
10007958:	608a      	str	r2, [r1, #8]
1000795a:	688b      	ldr	r3, [r1, #8]
1000795c:	4213      	tst	r3, r2
1000795e:	d0fc      	beq.n	1000795a <cyw43_write_reg_u16+0x18a>
10007960:	2201      	movs	r2, #1
10007962:	68a1      	ldr	r1, [r4, #8]
10007964:	6820      	ldr	r0, [r4, #0]
10007966:	408a      	lsls	r2, r1
10007968:	6803      	ldr	r3, [r0, #0]
1000796a:	4393      	bics	r3, r2
1000796c:	6003      	str	r3, [r0, #0]
1000796e:	2300      	movs	r3, #0
10007970:	2218      	movs	r2, #24
10007972:	9300      	str	r3, [sp, #0]
10007974:	3301      	adds	r3, #1
10007976:	f002 f901 	bl	10009b7c <pio_sm_set_consecutive_pindirs>
1000797a:	68a1      	ldr	r1, [r4, #8]
1000797c:	6823      	ldr	r3, [r4, #0]
1000797e:	004a      	lsls	r2, r1, #1
10007980:	1852      	adds	r2, r2, r1
10007982:	00d2      	lsls	r2, r2, #3
10007984:	189b      	adds	r3, r3, r2
10007986:	4a16      	ldr	r2, [pc, #88]	@ (100079e0 <cyw43_write_reg_u16+0x210>)
10007988:	33d8      	adds	r3, #216	@ 0xd8
1000798a:	601a      	str	r2, [r3, #0]
1000798c:	23d0      	movs	r3, #208	@ 0xd0
1000798e:	2280      	movs	r2, #128	@ 0x80
10007990:	061b      	lsls	r3, r3, #24
10007992:	0492      	lsls	r2, r2, #18
10007994:	615a      	str	r2, [r3, #20]
10007996:	f7ff f931 	bl	10006bfc <ns_delay.constprop.0>
1000799a:	2000      	movs	r0, #0
1000799c:	b005      	add	sp, #20
1000799e:	bcf0      	pop	{r4, r5, r6, r7}
100079a0:	46bb      	mov	fp, r7
100079a2:	46b2      	mov	sl, r6
100079a4:	46a9      	mov	r9, r5
100079a6:	46a0      	mov	r8, r4
100079a8:	bdf0      	pop	{r4, r5, r6, r7, pc}
100079aa:	46c0      	nop			@ (mov r8, r8)
100079ac:	0ffff800 	.word	0x0ffff800
100079b0:	c0000002 	.word	0xc0000002
100079b4:	0000084c 	.word	0x0000084c
100079b8:	afe00000 	.word	0xafe00000
100079bc:	fffe007f 	.word	0xfffe007f
100079c0:	000010d0 	.word	0x000010d0
100079c4:	00006020 	.word	0x00006020
100079c8:	00006040 	.word	0x00006040
100079cc:	00000444 	.word	0x00000444
100079d0:	5000000c 	.word	0x5000000c
100079d4:	ff007ffd 	.word	0xff007ffd
100079d8:	00400019 	.word	0x00400019
100079dc:	50000010 	.word	0x50000010
100079e0:	0000a003 	.word	0x0000a003

100079e4 <cyw43_write_reg_u8>:
100079e4:	b5f0      	push	{r4, r5, r6, r7, lr}
100079e6:	46de      	mov	lr, fp
100079e8:	4657      	mov	r7, sl
100079ea:	464e      	mov	r6, r9
100079ec:	4645      	mov	r5, r8
100079ee:	b5e0      	push	{r5, r6, r7, lr}
100079f0:	b085      	sub	sp, #20
100079f2:	ac02      	add	r4, sp, #8
100079f4:	46a2      	mov	sl, r4
100079f6:	4c72      	ldr	r4, [pc, #456]	@ (10007bc0 <cyw43_write_reg_u8+0x1dc>)
100079f8:	02d2      	lsls	r2, r2, #11
100079fa:	4022      	ands	r2, r4
100079fc:	0709      	lsls	r1, r1, #28
100079fe:	430a      	orrs	r2, r1
10007a00:	4970      	ldr	r1, [pc, #448]	@ (10007bc4 <cyw43_write_reg_u8+0x1e0>)
10007a02:	2701      	movs	r7, #1
10007a04:	430a      	orrs	r2, r1
10007a06:	9202      	str	r2, [sp, #8]
10007a08:	4652      	mov	r2, sl
10007a0a:	6053      	str	r3, [r2, #4]
10007a0c:	4b6e      	ldr	r3, [pc, #440]	@ (10007bc8 <cyw43_write_reg_u8+0x1e4>)
10007a0e:	58c4      	ldr	r4, [r0, r3]
10007a10:	4b6e      	ldr	r3, [pc, #440]	@ (10007bcc <cyw43_write_reg_u8+0x1e8>)
10007a12:	6821      	ldr	r1, [r4, #0]
10007a14:	469c      	mov	ip, r3
10007a16:	4461      	add	r1, ip
10007a18:	0d09      	lsrs	r1, r1, #20
10007a1a:	3106      	adds	r1, #6
10007a1c:	2018      	movs	r0, #24
10007a1e:	b2c9      	uxtb	r1, r1
10007a20:	f7f8 fcea 	bl	100003f8 <gpio_set_function>
10007a24:	4b69      	ldr	r3, [pc, #420]	@ (10007bcc <cyw43_write_reg_u8+0x1e8>)
10007a26:	6821      	ldr	r1, [r4, #0]
10007a28:	469c      	mov	ip, r3
10007a2a:	4461      	add	r1, ip
10007a2c:	0d09      	lsrs	r1, r1, #20
10007a2e:	3106      	adds	r1, #6
10007a30:	201d      	movs	r0, #29
10007a32:	b2c9      	uxtb	r1, r1
10007a34:	f7f8 fce0 	bl	100003f8 <gpio_set_function>
10007a38:	2201      	movs	r2, #1
10007a3a:	2100      	movs	r1, #0
10007a3c:	201d      	movs	r0, #29
10007a3e:	f7f8 fcf5 	bl	1000042c <gpio_set_pulls>
10007a42:	23d0      	movs	r3, #208	@ 0xd0
10007a44:	2280      	movs	r2, #128	@ 0x80
10007a46:	061b      	lsls	r3, r3, #24
10007a48:	0492      	lsls	r2, r2, #18
10007a4a:	619a      	str	r2, [r3, #24]
10007a4c:	003a      	movs	r2, r7
10007a4e:	68a1      	ldr	r1, [r4, #8]
10007a50:	6820      	ldr	r0, [r4, #0]
10007a52:	408a      	lsls	r2, r1
10007a54:	6803      	ldr	r3, [r0, #0]
10007a56:	6865      	ldr	r5, [r4, #4]
10007a58:	4393      	bics	r3, r2
10007a5a:	6003      	str	r3, [r0, #0]
10007a5c:	004b      	lsls	r3, r1, #1
10007a5e:	185b      	adds	r3, r3, r1
10007a60:	00db      	lsls	r3, r3, #3
10007a62:	18c6      	adds	r6, r0, r3
10007a64:	36cc      	adds	r6, #204	@ 0xcc
10007a66:	6832      	ldr	r2, [r6, #0]
10007a68:	469c      	mov	ip, r3
10007a6a:	4690      	mov	r8, r2
10007a6c:	1c6a      	adds	r2, r5, #1
10007a6e:	0313      	lsls	r3, r2, #12
10007a70:	4a57      	ldr	r2, [pc, #348]	@ (10007bd0 <cyw43_write_reg_u8+0x1ec>)
10007a72:	469b      	mov	fp, r3
10007a74:	4691      	mov	r9, r2
10007a76:	4642      	mov	r2, r8
10007a78:	464b      	mov	r3, r9
10007a7a:	401a      	ands	r2, r3
10007a7c:	0013      	movs	r3, r2
10007a7e:	465a      	mov	r2, fp
10007a80:	01ed      	lsls	r5, r5, #7
10007a82:	431a      	orrs	r2, r3
10007a84:	432a      	orrs	r2, r5
10007a86:	6032      	str	r2, [r6, #0]
10007a88:	4a52      	ldr	r2, [pc, #328]	@ (10007bd4 <cyw43_write_reg_u8+0x1f0>)
10007a8a:	4663      	mov	r3, ip
10007a8c:	4694      	mov	ip, r2
10007a8e:	2280      	movs	r2, #128	@ 0x80
10007a90:	18c3      	adds	r3, r0, r3
10007a92:	4463      	add	r3, ip
10007a94:	0612      	lsls	r2, r2, #24
10007a96:	601a      	str	r2, [r3, #0]
10007a98:	601a      	str	r2, [r3, #0]
10007a9a:	2280      	movs	r2, #128	@ 0x80
10007a9c:	2300      	movs	r3, #0
10007a9e:	0452      	lsls	r2, r2, #17
10007aa0:	9200      	str	r2, [sp, #0]
10007aa2:	9301      	str	r3, [sp, #4]
10007aa4:	f002 f814 	bl	10009ad0 <pio_sm_set_pindirs_with_mask64>
10007aa8:	003a      	movs	r2, r7
10007aaa:	68a0      	ldr	r0, [r4, #8]
10007aac:	6821      	ldr	r1, [r4, #0]
10007aae:	1d03      	adds	r3, r0, #4
10007ab0:	409a      	lsls	r2, r3
10007ab2:	4699      	mov	r9, r3
10007ab4:	2380      	movs	r3, #128	@ 0x80
10007ab6:	019b      	lsls	r3, r3, #6
10007ab8:	18cb      	adds	r3, r1, r3
10007aba:	601a      	str	r2, [r3, #0]
10007abc:	0002      	movs	r2, r0
10007abe:	003d      	movs	r5, r7
10007ac0:	3208      	adds	r2, #8
10007ac2:	4095      	lsls	r5, r2
10007ac4:	601d      	str	r5, [r3, #0]
10007ac6:	233f      	movs	r3, #63	@ 0x3f
10007ac8:	0082      	lsls	r2, r0, #2
10007aca:	188a      	adds	r2, r1, r2
10007acc:	6113      	str	r3, [r2, #16]
10007ace:	0043      	lsls	r3, r0, #1
10007ad0:	181b      	adds	r3, r3, r0
10007ad2:	00db      	lsls	r3, r3, #3
10007ad4:	4d40      	ldr	r5, [pc, #256]	@ (10007bd8 <cyw43_write_reg_u8+0x1f4>)
10007ad6:	18cb      	adds	r3, r1, r3
10007ad8:	33d8      	adds	r3, #216	@ 0xd8
10007ada:	601d      	str	r5, [r3, #0]
10007adc:	2500      	movs	r5, #0
10007ade:	6115      	str	r5, [r2, #16]
10007ae0:	4a3e      	ldr	r2, [pc, #248]	@ (10007bdc <cyw43_write_reg_u8+0x1f8>)
10007ae2:	351f      	adds	r5, #31
10007ae4:	601a      	str	r2, [r3, #0]
10007ae6:	6862      	ldr	r2, [r4, #4]
10007ae8:	2680      	movs	r6, #128	@ 0x80
10007aea:	402a      	ands	r2, r5
10007aec:	601a      	str	r2, [r3, #0]
10007aee:	230c      	movs	r3, #12
10007af0:	56e3      	ldrsb	r3, [r4, r3]
10007af2:	4a3b      	ldr	r2, [pc, #236]	@ (10007be0 <cyw43_write_reg_u8+0x1fc>)
10007af4:	409f      	lsls	r7, r3
10007af6:	469c      	mov	ip, r3
10007af8:	23a0      	movs	r3, #160	@ 0xa0
10007afa:	05db      	lsls	r3, r3, #23
10007afc:	509f      	str	r7, [r3, r2]
10007afe:	4663      	mov	r3, ip
10007b00:	019a      	lsls	r2, r3, #6
10007b02:	23a0      	movs	r3, #160	@ 0xa0
10007b04:	05db      	lsls	r3, r3, #23
10007b06:	18d7      	adds	r7, r2, r3
10007b08:	4b36      	ldr	r3, [pc, #216]	@ (10007be4 <cyw43_write_reg_u8+0x200>)
10007b0a:	0476      	lsls	r6, r6, #17
10007b0c:	18d5      	adds	r5, r2, r3
10007b0e:	682b      	ldr	r3, [r5, #0]
10007b10:	4233      	tst	r3, r6
10007b12:	d1fc      	bne.n	10007b0e <cyw43_write_reg_u8+0x12a>
10007b14:	4665      	mov	r5, ip
10007b16:	02ed      	lsls	r5, r5, #11
10007b18:	46ac      	mov	ip, r5
10007b1a:	4d33      	ldr	r5, [pc, #204]	@ (10007be8 <cyw43_write_reg_u8+0x204>)
10007b1c:	4b2b      	ldr	r3, [pc, #172]	@ (10007bcc <cyw43_write_reg_u8+0x1e8>)
10007b1e:	46a8      	mov	r8, r5
10007b20:	4665      	mov	r5, ip
10007b22:	4646      	mov	r6, r8
10007b24:	18cb      	adds	r3, r1, r3
10007b26:	0d1b      	lsrs	r3, r3, #20
10007b28:	00db      	lsls	r3, r3, #3
10007b2a:	181b      	adds	r3, r3, r0
10007b2c:	4035      	ands	r5, r6
10007b2e:	03db      	lsls	r3, r3, #15
10007b30:	432b      	orrs	r3, r5
10007b32:	4d2e      	ldr	r5, [pc, #184]	@ (10007bec <cyw43_write_reg_u8+0x208>)
10007b34:	432b      	orrs	r3, r5
10007b36:	4655      	mov	r5, sl
10007b38:	603d      	str	r5, [r7, #0]
10007b3a:	464d      	mov	r5, r9
10007b3c:	00ae      	lsls	r6, r5, #2
10007b3e:	2502      	movs	r5, #2
10007b40:	198e      	adds	r6, r1, r6
10007b42:	607e      	str	r6, [r7, #4]
10007b44:	60bd      	str	r5, [r7, #8]
10007b46:	60fb      	str	r3, [r7, #12]
10007b48:	2301      	movs	r3, #1
10007b4a:	4083      	lsls	r3, r0
10007b4c:	680d      	ldr	r5, [r1, #0]
10007b4e:	432b      	orrs	r3, r5
10007b50:	600b      	str	r3, [r1, #0]
10007b52:	4b27      	ldr	r3, [pc, #156]	@ (10007bf0 <cyw43_write_reg_u8+0x20c>)
10007b54:	2180      	movs	r1, #128	@ 0x80
10007b56:	469c      	mov	ip, r3
10007b58:	0449      	lsls	r1, r1, #17
10007b5a:	4462      	add	r2, ip
10007b5c:	6813      	ldr	r3, [r2, #0]
10007b5e:	420b      	tst	r3, r1
10007b60:	d1fc      	bne.n	10007b5c <cyw43_write_reg_u8+0x178>
10007b62:	2201      	movs	r2, #1
10007b64:	68a3      	ldr	r3, [r4, #8]
10007b66:	6821      	ldr	r1, [r4, #0]
10007b68:	3318      	adds	r3, #24
10007b6a:	409a      	lsls	r2, r3
10007b6c:	608a      	str	r2, [r1, #8]
10007b6e:	688b      	ldr	r3, [r1, #8]
10007b70:	4213      	tst	r3, r2
10007b72:	d0fc      	beq.n	10007b6e <cyw43_write_reg_u8+0x18a>
10007b74:	2201      	movs	r2, #1
10007b76:	68a1      	ldr	r1, [r4, #8]
10007b78:	6820      	ldr	r0, [r4, #0]
10007b7a:	408a      	lsls	r2, r1
10007b7c:	6803      	ldr	r3, [r0, #0]
10007b7e:	4393      	bics	r3, r2
10007b80:	6003      	str	r3, [r0, #0]
10007b82:	2300      	movs	r3, #0
10007b84:	2218      	movs	r2, #24
10007b86:	9300      	str	r3, [sp, #0]
10007b88:	3301      	adds	r3, #1
10007b8a:	f001 fff7 	bl	10009b7c <pio_sm_set_consecutive_pindirs>
10007b8e:	68a1      	ldr	r1, [r4, #8]
10007b90:	6823      	ldr	r3, [r4, #0]
10007b92:	004a      	lsls	r2, r1, #1
10007b94:	1852      	adds	r2, r2, r1
10007b96:	00d2      	lsls	r2, r2, #3
10007b98:	189b      	adds	r3, r3, r2
10007b9a:	4a16      	ldr	r2, [pc, #88]	@ (10007bf4 <cyw43_write_reg_u8+0x210>)
10007b9c:	33d8      	adds	r3, #216	@ 0xd8
10007b9e:	601a      	str	r2, [r3, #0]
10007ba0:	23d0      	movs	r3, #208	@ 0xd0
10007ba2:	2280      	movs	r2, #128	@ 0x80
10007ba4:	061b      	lsls	r3, r3, #24
10007ba6:	0492      	lsls	r2, r2, #18
10007ba8:	615a      	str	r2, [r3, #20]
10007baa:	f7ff f827 	bl	10006bfc <ns_delay.constprop.0>
10007bae:	2000      	movs	r0, #0
10007bb0:	b005      	add	sp, #20
10007bb2:	bcf0      	pop	{r4, r5, r6, r7}
10007bb4:	46bb      	mov	fp, r7
10007bb6:	46b2      	mov	sl, r6
10007bb8:	46a9      	mov	r9, r5
10007bba:	46a0      	mov	r8, r4
10007bbc:	bdf0      	pop	{r4, r5, r6, r7, pc}
10007bbe:	46c0      	nop			@ (mov r8, r8)
10007bc0:	0ffff800 	.word	0x0ffff800
10007bc4:	c0000001 	.word	0xc0000001
10007bc8:	0000084c 	.word	0x0000084c
10007bcc:	afe00000 	.word	0xafe00000
10007bd0:	fffe007f 	.word	0xfffe007f
10007bd4:	000010d0 	.word	0x000010d0
10007bd8:	00006020 	.word	0x00006020
10007bdc:	00006040 	.word	0x00006040
10007be0:	00000444 	.word	0x00000444
10007be4:	5000000c 	.word	0x5000000c
10007be8:	ff007ffd 	.word	0xff007ffd
10007bec:	00400019 	.word	0x00400019
10007bf0:	50000010 	.word	0x50000010
10007bf4:	0000a003 	.word	0x0000a003

10007bf8 <cyw43_read_bytes>:
10007bf8:	b5f0      	push	{r4, r5, r6, r7, lr}
10007bfa:	1cde      	adds	r6, r3, #3
10007bfc:	001d      	movs	r5, r3
10007bfe:	2303      	movs	r3, #3
10007c00:	0004      	movs	r4, r0
10007c02:	b083      	sub	sp, #12
10007c04:	439e      	bics	r6, r3
10007c06:	2901      	cmp	r1, #1
10007c08:	d024      	beq.n	10007c54 <cyw43_read_bytes+0x5c>
10007c0a:	2324      	movs	r3, #36	@ 0x24
10007c0c:	2004      	movs	r0, #4
10007c0e:	4f16      	ldr	r7, [pc, #88]	@ (10007c68 <cyw43_read_bytes+0x70>)
10007c10:	02d2      	lsls	r2, r2, #11
10007c12:	403a      	ands	r2, r7
10007c14:	0709      	lsls	r1, r1, #28
10007c16:	432a      	orrs	r2, r5
10007c18:	430a      	orrs	r2, r1
10007c1a:	2180      	movs	r1, #128	@ 0x80
10007c1c:	3004      	adds	r0, #4
10007c1e:	05c9      	lsls	r1, r1, #23
10007c20:	0080      	lsls	r0, r0, #2
10007c22:	430a      	orrs	r2, r1
10007c24:	1820      	adds	r0, r4, r0
10007c26:	3604      	adds	r6, #4
10007c28:	6042      	str	r2, [r0, #4]
10007c2a:	2100      	movs	r1, #0
10007c2c:	9600      	str	r6, [sp, #0]
10007c2e:	2204      	movs	r2, #4
10007c30:	0020      	movs	r0, r4
10007c32:	18e3      	adds	r3, r4, r3
10007c34:	f7ff f8bc 	bl	10006db0 <cyw43_spi_transfer>
10007c38:	1e06      	subs	r6, r0, #0
10007c3a:	d10f      	bne.n	10007c5c <cyw43_read_bytes+0x64>
10007c3c:	0021      	movs	r1, r4
10007c3e:	9b08      	ldr	r3, [sp, #32]
10007c40:	3128      	adds	r1, #40	@ 0x28
10007c42:	4299      	cmp	r1, r3
10007c44:	d003      	beq.n	10007c4e <cyw43_read_bytes+0x56>
10007c46:	002a      	movs	r2, r5
10007c48:	0018      	movs	r0, r3
10007c4a:	f7fa fd11 	bl	10002670 <__wrap___aeabi_memcpy>
10007c4e:	0030      	movs	r0, r6
10007c50:	b003      	add	sp, #12
10007c52:	bdf0      	pop	{r4, r5, r6, r7, pc}
10007c54:	2000      	movs	r0, #0
10007c56:	3610      	adds	r6, #16
10007c58:	3311      	adds	r3, #17
10007c5a:	e7d8      	b.n	10007c0e <cyw43_read_bytes+0x16>
10007c5c:	2105      	movs	r1, #5
10007c5e:	4803      	ldr	r0, [pc, #12]	@ (10007c6c <cyw43_read_bytes+0x74>)
10007c60:	4249      	negs	r1, r1
10007c62:	f7fc fb9b 	bl	1000439c <__wrap_printf>
10007c66:	e7f2      	b.n	10007c4e <cyw43_read_bytes+0x56>
10007c68:	0ffff800 	.word	0x0ffff800
10007c6c:	1000ac14 	.word	0x1000ac14

10007c70 <cyw43_write_bytes>:
10007c70:	b5f0      	push	{r4, r5, r6, r7, lr}
10007c72:	4657      	mov	r7, sl
10007c74:	464e      	mov	r6, r9
10007c76:	4645      	mov	r5, r8
10007c78:	46de      	mov	lr, fp
10007c7a:	b5e0      	push	{r5, r6, r7, lr}
10007c7c:	000f      	movs	r7, r1
10007c7e:	2103      	movs	r1, #3
10007c80:	b08b      	sub	sp, #44	@ 0x2c
10007c82:	9202      	str	r2, [sp, #8]
10007c84:	001a      	movs	r2, r3
10007c86:	3303      	adds	r3, #3
10007c88:	438b      	bics	r3, r1
10007c8a:	0006      	movs	r6, r0
10007c8c:	4698      	mov	r8, r3
10007c8e:	2f02      	cmp	r7, #2
10007c90:	d022      	beq.n	10007cd8 <cyw43_write_bytes+0x68>
10007c92:	9b02      	ldr	r3, [sp, #8]
10007c94:	4927      	ldr	r1, [pc, #156]	@ (10007d34 <cyw43_write_bytes+0xc4>)
10007c96:	073f      	lsls	r7, r7, #28
10007c98:	02db      	lsls	r3, r3, #11
10007c9a:	400b      	ands	r3, r1
10007c9c:	4317      	orrs	r7, r2
10007c9e:	431f      	orrs	r7, r3
10007ca0:	23c0      	movs	r3, #192	@ 0xc0
10007ca2:	0030      	movs	r0, r6
10007ca4:	4644      	mov	r4, r8
10007ca6:	061b      	lsls	r3, r3, #24
10007ca8:	9914      	ldr	r1, [sp, #80]	@ 0x50
10007caa:	433b      	orrs	r3, r7
10007cac:	3028      	adds	r0, #40	@ 0x28
10007cae:	3404      	adds	r4, #4
10007cb0:	6273      	str	r3, [r6, #36]	@ 0x24
10007cb2:	4288      	cmp	r0, r1
10007cb4:	d001      	beq.n	10007cba <cyw43_write_bytes+0x4a>
10007cb6:	f7fa fcdb 	bl	10002670 <__wrap___aeabi_memcpy>
10007cba:	0031      	movs	r1, r6
10007cbc:	2300      	movs	r3, #0
10007cbe:	0022      	movs	r2, r4
10007cc0:	0030      	movs	r0, r6
10007cc2:	3124      	adds	r1, #36	@ 0x24
10007cc4:	9300      	str	r3, [sp, #0]
10007cc6:	f7ff f873 	bl	10006db0 <cyw43_spi_transfer>
10007cca:	b00b      	add	sp, #44	@ 0x2c
10007ccc:	bcf0      	pop	{r4, r5, r6, r7}
10007cce:	46bb      	mov	fp, r7
10007cd0:	46b2      	mov	sl, r6
10007cd2:	46a9      	mov	r9, r5
10007cd4:	46a0      	mov	r8, r4
10007cd6:	bdf0      	pop	{r4, r5, r6, r7, pc}
10007cd8:	4b17      	ldr	r3, [pc, #92]	@ (10007d38 <cyw43_write_bytes+0xc8>)
10007cda:	4c18      	ldr	r4, [pc, #96]	@ (10007d3c <cyw43_write_bytes+0xcc>)
10007cdc:	469a      	mov	sl, r3
10007cde:	2308      	movs	r3, #8
10007ce0:	4699      	mov	r9, r3
10007ce2:	3318      	adds	r3, #24
10007ce4:	469b      	mov	fp, r3
10007ce6:	4643      	mov	r3, r8
10007ce8:	ad04      	add	r5, sp, #16
10007cea:	4690      	mov	r8, r2
10007cec:	9303      	str	r3, [sp, #12]
10007cee:	e005      	b.n	10007cfc <cyw43_write_bytes+0x8c>
10007cf0:	465a      	mov	r2, fp
10007cf2:	686b      	ldr	r3, [r5, #4]
10007cf4:	421a      	tst	r2, r3
10007cf6:	d118      	bne.n	10007d2a <cyw43_write_bytes+0xba>
10007cf8:	3c01      	subs	r4, #1
10007cfa:	d310      	bcc.n	10007d1e <cyw43_write_bytes+0xae>
10007cfc:	4653      	mov	r3, sl
10007cfe:	602b      	str	r3, [r5, #0]
10007d00:	464b      	mov	r3, r9
10007d02:	2204      	movs	r2, #4
10007d04:	9300      	str	r3, [sp, #0]
10007d06:	2100      	movs	r1, #0
10007d08:	002b      	movs	r3, r5
10007d0a:	0030      	movs	r0, r6
10007d0c:	f7ff f850 	bl	10006db0 <cyw43_spi_transfer>
10007d10:	2800      	cmp	r0, #0
10007d12:	d0ed      	beq.n	10007cf0 <cyw43_write_bytes+0x80>
10007d14:	9b03      	ldr	r3, [sp, #12]
10007d16:	4642      	mov	r2, r8
10007d18:	4698      	mov	r8, r3
10007d1a:	2c00      	cmp	r4, #0
10007d1c:	d1b9      	bne.n	10007c92 <cyw43_write_bytes+0x22>
10007d1e:	4808      	ldr	r0, [pc, #32]	@ (10007d40 <cyw43_write_bytes+0xd0>)
10007d20:	f7fc fab8 	bl	10004294 <__wrap_puts>
10007d24:	2006      	movs	r0, #6
10007d26:	4240      	negs	r0, r0
10007d28:	e7cf      	b.n	10007cca <cyw43_write_bytes+0x5a>
10007d2a:	9b03      	ldr	r3, [sp, #12]
10007d2c:	4642      	mov	r2, r8
10007d2e:	4698      	mov	r8, r3
10007d30:	e7f3      	b.n	10007d1a <cyw43_write_bytes+0xaa>
10007d32:	46c0      	nop			@ (mov r8, r8)
10007d34:	0ffff800 	.word	0x0ffff800
10007d38:	40004004 	.word	0x40004004
10007d3c:	000003e7 	.word	0x000003e7
10007d40:	1000ae48 	.word	0x1000ae48

10007d44 <cyw43_set_backplane_window>:
10007d44:	6883      	ldr	r3, [r0, #8]
10007d46:	b570      	push	{r4, r5, r6, lr}
10007d48:	0bcc      	lsrs	r4, r1, #15
10007d4a:	0005      	movs	r5, r0
10007d4c:	03e4      	lsls	r4, r4, #15
10007d4e:	42a3      	cmp	r3, r4
10007d50:	d00d      	beq.n	10007d6e <cyw43_set_backplane_window+0x2a>
10007d52:	2280      	movs	r2, #128	@ 0x80
10007d54:	4063      	eors	r3, r4
10007d56:	0452      	lsls	r2, r2, #17
10007d58:	4293      	cmp	r3, r2
10007d5a:	d219      	bcs.n	10007d90 <cyw43_set_backplane_window+0x4c>
10007d5c:	22ff      	movs	r2, #255	@ 0xff
10007d5e:	0412      	lsls	r2, r2, #16
10007d60:	4213      	tst	r3, r2
10007d62:	d10c      	bne.n	10007d7e <cyw43_set_backplane_window+0x3a>
10007d64:	22ff      	movs	r2, #255	@ 0xff
10007d66:	0212      	lsls	r2, r2, #8
10007d68:	4213      	tst	r3, r2
10007d6a:	d101      	bne.n	10007d70 <cyw43_set_backplane_window+0x2c>
10007d6c:	60ac      	str	r4, [r5, #8]
10007d6e:	bd70      	pop	{r4, r5, r6, pc}
10007d70:	2101      	movs	r1, #1
10007d72:	0028      	movs	r0, r5
10007d74:	4a0a      	ldr	r2, [pc, #40]	@ (10007da0 <cyw43_set_backplane_window+0x5c>)
10007d76:	0a23      	lsrs	r3, r4, #8
10007d78:	f7ff fe34 	bl	100079e4 <cyw43_write_reg_u8>
10007d7c:	e7f6      	b.n	10007d6c <cyw43_set_backplane_window+0x28>
10007d7e:	0c23      	lsrs	r3, r4, #16
10007d80:	2101      	movs	r1, #1
10007d82:	0028      	movs	r0, r5
10007d84:	4a07      	ldr	r2, [pc, #28]	@ (10007da4 <cyw43_set_backplane_window+0x60>)
10007d86:	f7ff fe2d 	bl	100079e4 <cyw43_write_reg_u8>
10007d8a:	68ab      	ldr	r3, [r5, #8]
10007d8c:	4063      	eors	r3, r4
10007d8e:	e7e9      	b.n	10007d64 <cyw43_set_backplane_window+0x20>
10007d90:	0e23      	lsrs	r3, r4, #24
10007d92:	2101      	movs	r1, #1
10007d94:	4a04      	ldr	r2, [pc, #16]	@ (10007da8 <cyw43_set_backplane_window+0x64>)
10007d96:	f7ff fe25 	bl	100079e4 <cyw43_write_reg_u8>
10007d9a:	68ab      	ldr	r3, [r5, #8]
10007d9c:	4063      	eors	r3, r4
10007d9e:	e7dd      	b.n	10007d5c <cyw43_set_backplane_window+0x18>
10007da0:	0001000a 	.word	0x0001000a
10007da4:	0001000b 	.word	0x0001000b
10007da8:	0001000c 	.word	0x0001000c

10007dac <cyw43_ll_parse_async_event>:
10007dac:	b5f0      	push	{r4, r5, r6, r7, lr}
10007dae:	46c6      	mov	lr, r8
10007db0:	3003      	adds	r0, #3
10007db2:	0883      	lsrs	r3, r0, #2
10007db4:	469c      	mov	ip, r3
10007db6:	b500      	push	{lr}
10007db8:	1e8e      	subs	r6, r1, #2
10007dba:	2b00      	cmp	r3, #0
10007dbc:	d01b      	beq.n	10007df6 <cyw43_ll_parse_async_event+0x4a>
10007dbe:	3b01      	subs	r3, #1
10007dc0:	2b07      	cmp	r3, #7
10007dc2:	d957      	bls.n	10007e74 <cyw43_ll_parse_async_event+0xc8>
10007dc4:	0033      	movs	r3, r6
10007dc6:	430b      	orrs	r3, r1
10007dc8:	075b      	lsls	r3, r3, #29
10007dca:	d153      	bne.n	10007e74 <cyw43_ll_parse_async_event+0xc8>
10007dcc:	08c0      	lsrs	r0, r0, #3
10007dce:	00c4      	lsls	r4, r0, #3
10007dd0:	0032      	movs	r2, r6
10007dd2:	000b      	movs	r3, r1
10007dd4:	46a0      	mov	r8, r4
10007dd6:	190f      	adds	r7, r1, r4
10007dd8:	cb30      	ldmia	r3!, {r4, r5}
10007dda:	c230      	stmia	r2!, {r4, r5}
10007ddc:	42bb      	cmp	r3, r7
10007dde:	d1fb      	bne.n	10007dd8 <cyw43_ll_parse_async_event+0x2c>
10007de0:	0040      	lsls	r0, r0, #1
10007de2:	4584      	cmp	ip, r0
10007de4:	d007      	beq.n	10007df6 <cyw43_ll_parse_async_event+0x4a>
10007de6:	4643      	mov	r3, r8
10007de8:	5aca      	ldrh	r2, [r1, r3]
10007dea:	18cb      	adds	r3, r1, r3
10007dec:	885b      	ldrh	r3, [r3, #2]
10007dee:	041b      	lsls	r3, r3, #16
10007df0:	4313      	orrs	r3, r2
10007df2:	4642      	mov	r2, r8
10007df4:	50b3      	str	r3, [r6, r2]
10007df6:	8873      	ldrh	r3, [r6, #2]
10007df8:	ba5b      	rev16	r3, r3
10007dfa:	8073      	strh	r3, [r6, #2]
10007dfc:	1c8b      	adds	r3, r1, #2
10007dfe:	681a      	ldr	r2, [r3, #0]
10007e00:	ba13      	rev	r3, r2
10007e02:	6073      	str	r3, [r6, #4]
10007e04:	1d8b      	adds	r3, r1, #6
10007e06:	6818      	ldr	r0, [r3, #0]
10007e08:	ba03      	rev	r3, r0
10007e0a:	60b3      	str	r3, [r6, #8]
10007e0c:	000b      	movs	r3, r1
10007e0e:	330a      	adds	r3, #10
10007e10:	681b      	ldr	r3, [r3, #0]
10007e12:	ba1b      	rev	r3, r3
10007e14:	60f3      	str	r3, [r6, #12]
10007e16:	238a      	movs	r3, #138	@ 0x8a
10007e18:	05db      	lsls	r3, r3, #23
10007e1a:	429a      	cmp	r2, r3
10007e1c:	d003      	beq.n	10007e26 <cyw43_ll_parse_async_event+0x7a>
10007e1e:	0030      	movs	r0, r6
10007e20:	bc80      	pop	{r7}
10007e22:	46b8      	mov	r8, r7
10007e24:	bdf0      	pop	{r4, r5, r6, r7, pc}
10007e26:	2380      	movs	r3, #128	@ 0x80
10007e28:	051b      	lsls	r3, r3, #20
10007e2a:	4298      	cmp	r0, r3
10007e2c:	d1f7      	bne.n	10007e1e <cyw43_ll_parse_async_event+0x72>
10007e2e:	000b      	movs	r3, r1
10007e30:	000a      	movs	r2, r1
10007e32:	000d      	movs	r5, r1
10007e34:	32b2      	adds	r2, #178	@ 0xb2
10007e36:	33ae      	adds	r3, #174	@ 0xae
10007e38:	6810      	ldr	r0, [r2, #0]
10007e3a:	881b      	ldrh	r3, [r3, #0]
10007e3c:	352e      	adds	r5, #46	@ 0x2e
10007e3e:	692a      	ldr	r2, [r5, #16]
10007e40:	181c      	adds	r4, r3, r0
10007e42:	4294      	cmp	r4, r2
10007e44:	d822      	bhi.n	10007e8c <cyw43_ll_parse_async_event+0xe0>
10007e46:	313a      	adds	r1, #58	@ 0x3a
10007e48:	18c9      	adds	r1, r1, r3
10007e4a:	1808      	adds	r0, r1, r0
10007e4c:	4281      	cmp	r1, r0
10007e4e:	d246      	bcs.n	10007ede <cyw43_ll_parse_async_event+0x132>
10007e50:	2700      	movs	r7, #0
10007e52:	2400      	movs	r4, #0
10007e54:	e004      	b.n	10007e60 <cyw43_ll_parse_async_event+0xb4>
10007e56:	2add      	cmp	r2, #221	@ 0xdd
10007e58:	d01c      	beq.n	10007e94 <cyw43_ll_parse_async_event+0xe8>
10007e5a:	18c9      	adds	r1, r1, r3
10007e5c:	4288      	cmp	r0, r1
10007e5e:	d92c      	bls.n	10007eba <cyw43_ll_parse_async_event+0x10e>
10007e60:	784b      	ldrb	r3, [r1, #1]
10007e62:	3302      	adds	r3, #2
10007e64:	18ca      	adds	r2, r1, r3
10007e66:	4290      	cmp	r0, r2
10007e68:	d3f7      	bcc.n	10007e5a <cyw43_ll_parse_async_event+0xae>
10007e6a:	780a      	ldrb	r2, [r1, #0]
10007e6c:	2a30      	cmp	r2, #48	@ 0x30
10007e6e:	d1f2      	bne.n	10007e56 <cyw43_ll_parse_async_event+0xaa>
10007e70:	000c      	movs	r4, r1
10007e72:	e7f2      	b.n	10007e5a <cyw43_ll_parse_async_event+0xae>
10007e74:	4663      	mov	r3, ip
10007e76:	0032      	movs	r2, r6
10007e78:	0098      	lsls	r0, r3, #2
10007e7a:	1830      	adds	r0, r6, r0
10007e7c:	8893      	ldrh	r3, [r2, #4]
10007e7e:	8854      	ldrh	r4, [r2, #2]
10007e80:	041b      	lsls	r3, r3, #16
10007e82:	4323      	orrs	r3, r4
10007e84:	c208      	stmia	r2!, {r3}
10007e86:	4282      	cmp	r2, r0
10007e88:	d1f8      	bne.n	10007e7c <cyw43_ll_parse_async_event+0xd0>
10007e8a:	e7b4      	b.n	10007df6 <cyw43_ll_parse_async_event+0x4a>
10007e8c:	2301      	movs	r3, #1
10007e8e:	425b      	negs	r3, r3
10007e90:	60b3      	str	r3, [r6, #8]
10007e92:	e7c4      	b.n	10007e1e <cyw43_ll_parse_async_event+0x72>
10007e94:	1c8a      	adds	r2, r1, #2
10007e96:	4690      	mov	r8, r2
10007e98:	788a      	ldrb	r2, [r1, #2]
10007e9a:	2a00      	cmp	r2, #0
10007e9c:	d1dd      	bne.n	10007e5a <cyw43_ll_parse_async_event+0xae>
10007e9e:	4642      	mov	r2, r8
10007ea0:	7852      	ldrb	r2, [r2, #1]
10007ea2:	2a50      	cmp	r2, #80	@ 0x50
10007ea4:	d1d9      	bne.n	10007e5a <cyw43_ll_parse_async_event+0xae>
10007ea6:	4642      	mov	r2, r8
10007ea8:	7892      	ldrb	r2, [r2, #2]
10007eaa:	2af2      	cmp	r2, #242	@ 0xf2
10007eac:	d1d5      	bne.n	10007e5a <cyw43_ll_parse_async_event+0xae>
10007eae:	4642      	mov	r2, r8
10007eb0:	78d2      	ldrb	r2, [r2, #3]
10007eb2:	2a01      	cmp	r2, #1
10007eb4:	d1d1      	bne.n	10007e5a <cyw43_ll_parse_async_event+0xae>
10007eb6:	000f      	movs	r7, r1
10007eb8:	e7cf      	b.n	10007e5a <cyw43_ll_parse_async_event+0xae>
10007eba:	1e63      	subs	r3, r4, #1
10007ebc:	419c      	sbcs	r4, r3
10007ebe:	00a4      	lsls	r4, r4, #2
10007ec0:	2f00      	cmp	r7, #0
10007ec2:	d001      	beq.n	10007ec8 <cyw43_ll_parse_async_event+0x11c>
10007ec4:	2202      	movs	r2, #2
10007ec6:	4314      	orrs	r4, r2
10007ec8:	8baa      	ldrh	r2, [r5, #28]
10007eca:	06d2      	lsls	r2, r2, #27
10007ecc:	d501      	bpl.n	10007ed2 <cyw43_ll_parse_async_event+0x126>
10007ece:	2201      	movs	r2, #1
10007ed0:	4314      	orrs	r4, r2
10007ed2:	2284      	movs	r2, #132	@ 0x84
10007ed4:	5cb1      	ldrb	r1, [r6, r2]
10007ed6:	52b1      	strh	r1, [r6, r2]
10007ed8:	3204      	adds	r2, #4
10007eda:	54b4      	strb	r4, [r6, r2]
10007edc:	e79f      	b.n	10007e1e <cyw43_ll_parse_async_event+0x72>
10007ede:	2400      	movs	r4, #0
10007ee0:	e7f2      	b.n	10007ec8 <cyw43_ll_parse_async_event+0x11c>
10007ee2:	46c0      	nop			@ (mov r8, r8)

10007ee4 <cyw43_kso_set>:
10007ee4:	b5f0      	push	{r4, r5, r6, r7, lr}
10007ee6:	46c6      	mov	lr, r8
10007ee8:	000e      	movs	r6, r1
10007eea:	0005      	movs	r5, r0
10007eec:	000b      	movs	r3, r1
10007eee:	b500      	push	{lr}
10007ef0:	2101      	movs	r1, #1
10007ef2:	4a1a      	ldr	r2, [pc, #104]	@ (10007f5c <cyw43_kso_set+0x78>)
10007ef4:	f7ff fd76 	bl	100079e4 <cyw43_write_reg_u8>
10007ef8:	0033      	movs	r3, r6
10007efa:	2101      	movs	r1, #1
10007efc:	0028      	movs	r0, r5
10007efe:	4a17      	ldr	r2, [pc, #92]	@ (10007f5c <cyw43_kso_set+0x78>)
10007f00:	f7ff fd70 	bl	100079e4 <cyw43_write_reg_u8>
10007f04:	2e00      	cmp	r6, #0
10007f06:	d025      	beq.n	10007f54 <cyw43_kso_set+0x70>
10007f08:	2303      	movs	r3, #3
10007f0a:	2703      	movs	r7, #3
10007f0c:	4698      	mov	r8, r3
10007f0e:	2440      	movs	r4, #64	@ 0x40
10007f10:	e00b      	b.n	10007f2a <cyw43_kso_set+0x46>
10007f12:	2001      	movs	r0, #1
10007f14:	f002 f8ec 	bl	1000a0f0 <cyw43_delay_ms>
10007f18:	3c01      	subs	r4, #1
10007f1a:	0033      	movs	r3, r6
10007f1c:	2101      	movs	r1, #1
10007f1e:	0028      	movs	r0, r5
10007f20:	4a0e      	ldr	r2, [pc, #56]	@ (10007f5c <cyw43_kso_set+0x78>)
10007f22:	f7ff fd5f 	bl	100079e4 <cyw43_write_reg_u8>
10007f26:	2c00      	cmp	r4, #0
10007f28:	d00f      	beq.n	10007f4a <cyw43_kso_set+0x66>
10007f2a:	2101      	movs	r1, #1
10007f2c:	0028      	movs	r0, r5
10007f2e:	4a0b      	ldr	r2, [pc, #44]	@ (10007f5c <cyw43_kso_set+0x78>)
10007f30:	f7ff fa0e 	bl	10007350 <cyw43_read_reg_u8>
10007f34:	2800      	cmp	r0, #0
10007f36:	dbec      	blt.n	10007f12 <cyw43_kso_set+0x2e>
10007f38:	003a      	movs	r2, r7
10007f3a:	4002      	ands	r2, r0
10007f3c:	4542      	cmp	r2, r8
10007f3e:	d1e8      	bne.n	10007f12 <cyw43_kso_set+0x2e>
10007f40:	28ff      	cmp	r0, #255	@ 0xff
10007f42:	d0e6      	beq.n	10007f12 <cyw43_kso_set+0x2e>
10007f44:	bc80      	pop	{r7}
10007f46:	46b8      	mov	r8, r7
10007f48:	bdf0      	pop	{r4, r5, r6, r7, pc}
10007f4a:	0031      	movs	r1, r6
10007f4c:	4804      	ldr	r0, [pc, #16]	@ (10007f60 <cyw43_kso_set+0x7c>)
10007f4e:	f7fc fa25 	bl	1000439c <__wrap_printf>
10007f52:	e7f7      	b.n	10007f44 <cyw43_kso_set+0x60>
10007f54:	2300      	movs	r3, #0
10007f56:	2701      	movs	r7, #1
10007f58:	4698      	mov	r8, r3
10007f5a:	e7d8      	b.n	10007f0e <cyw43_kso_set+0x2a>
10007f5c:	0001001f 	.word	0x0001001f
10007f60:	1000ac30 	.word	0x1000ac30

10007f64 <cyw43_ll_sdpcm_poll_device>:
10007f64:	b5f0      	push	{r4, r5, r6, r7, lr}
10007f66:	46d6      	mov	lr, sl
10007f68:	464f      	mov	r7, r9
10007f6a:	4646      	mov	r6, r8
10007f6c:	b5c0      	push	{r6, r7, lr}
10007f6e:	7cc3      	ldrb	r3, [r0, #19]
10007f70:	0005      	movs	r5, r0
10007f72:	000f      	movs	r7, r1
10007f74:	4692      	mov	sl, r2
10007f76:	b082      	sub	sp, #8
10007f78:	2b00      	cmp	r3, #0
10007f7a:	d105      	bne.n	10007f88 <cyw43_ll_sdpcm_poll_device+0x24>
10007f7c:	6800      	ldr	r0, [r0, #0]
10007f7e:	f001 fc41 	bl	10009804 <cyw43_cb_read_host_interrupt_pin>
10007f82:	2801      	cmp	r0, #1
10007f84:	d000      	beq.n	10007f88 <cyw43_ll_sdpcm_poll_device+0x24>
10007f86:	e097      	b.n	100080b8 <cyw43_ll_sdpcm_poll_device+0x154>
10007f88:	0028      	movs	r0, r5
10007f8a:	f001 fc41 	bl	10009810 <cyw43_cb_ensure_awake>
10007f8e:	7cab      	ldrb	r3, [r5, #18]
10007f90:	2b00      	cmp	r3, #0
10007f92:	d105      	bne.n	10007fa0 <cyw43_ll_sdpcm_poll_device+0x3c>
10007f94:	2101      	movs	r1, #1
10007f96:	0028      	movs	r0, r5
10007f98:	f7ff ffa4 	bl	10007ee4 <cyw43_kso_set>
10007f9c:	2301      	movs	r3, #1
10007f9e:	74ab      	strb	r3, [r5, #18]
10007fa0:	7ceb      	ldrb	r3, [r5, #19]
10007fa2:	2b00      	cmp	r3, #0
10007fa4:	d100      	bne.n	10007fa8 <cyw43_ll_sdpcm_poll_device+0x44>
10007fa6:	e06e      	b.n	10008086 <cyw43_ll_sdpcm_poll_device+0x122>
10007fa8:	24fa      	movs	r4, #250	@ 0xfa
10007faa:	00a4      	lsls	r4, r4, #2
10007fac:	e003      	b.n	10007fb6 <cyw43_ll_sdpcm_poll_device+0x52>
10007fae:	3c01      	subs	r4, #1
10007fb0:	2c00      	cmp	r4, #0
10007fb2:	d100      	bne.n	10007fb6 <cyw43_ll_sdpcm_poll_device+0x52>
10007fb4:	e080      	b.n	100080b8 <cyw43_ll_sdpcm_poll_device+0x154>
10007fb6:	2208      	movs	r2, #8
10007fb8:	2100      	movs	r1, #0
10007fba:	0028      	movs	r0, r5
10007fbc:	f7ff f970 	bl	100072a0 <cyw43_read_reg_u32>
10007fc0:	1c43      	adds	r3, r0, #1
10007fc2:	d0f4      	beq.n	10007fae <cyw43_ll_sdpcm_poll_device+0x4a>
10007fc4:	05c3      	lsls	r3, r0, #23
10007fc6:	d400      	bmi.n	10007fca <cyw43_ll_sdpcm_poll_device+0x66>
10007fc8:	e0bf      	b.n	1000814a <cyw43_ll_sdpcm_poll_device+0x1e6>
10007fca:	22c0      	movs	r2, #192	@ 0xc0
10007fcc:	0303      	lsls	r3, r0, #12
10007fce:	0d5b      	lsrs	r3, r3, #21
10007fd0:	1e59      	subs	r1, r3, #1
10007fd2:	00d2      	lsls	r2, r2, #3
10007fd4:	4291      	cmp	r1, r2
10007fd6:	d300      	bcc.n	10007fda <cyw43_ll_sdpcm_poll_device+0x76>
10007fd8:	e0b1      	b.n	1000813e <cyw43_ll_sdpcm_poll_device+0x1da>
10007fda:	0780      	lsls	r0, r0, #30
10007fdc:	d500      	bpl.n	10007fe0 <cyw43_ll_sdpcm_poll_device+0x7c>
10007fde:	e0ae      	b.n	1000813e <cyw43_ll_sdpcm_poll_device+0x1da>
10007fe0:	002c      	movs	r4, r5
10007fe2:	3428      	adds	r4, #40	@ 0x28
10007fe4:	2200      	movs	r2, #0
10007fe6:	2102      	movs	r1, #2
10007fe8:	0028      	movs	r0, r5
10007fea:	9400      	str	r4, [sp, #0]
10007fec:	f7ff fe04 	bl	10007bf8 <cyw43_read_bytes>
10007ff0:	2800      	cmp	r0, #0
10007ff2:	d13b      	bne.n	1000806c <cyw43_ll_sdpcm_poll_device+0x108>
10007ff4:	8d29      	ldrh	r1, [r5, #40]	@ 0x28
10007ff6:	8d6a      	ldrh	r2, [r5, #42]	@ 0x2a
10007ff8:	000b      	movs	r3, r1
10007ffa:	4313      	orrs	r3, r2
10007ffc:	d100      	bne.n	10008000 <cyw43_ll_sdpcm_poll_device+0x9c>
10007ffe:	e0a4      	b.n	1000814a <cyw43_ll_sdpcm_poll_device+0x1e6>
10008000:	2301      	movs	r3, #1
10008002:	74eb      	strb	r3, [r5, #19]
10008004:	4b60      	ldr	r3, [pc, #384]	@ (10008188 <cyw43_ll_sdpcm_poll_device+0x224>)
10008006:	469c      	mov	ip, r3
10008008:	000b      	movs	r3, r1
1000800a:	4053      	eors	r3, r2
1000800c:	4563      	cmp	r3, ip
1000800e:	d000      	beq.n	10008012 <cyw43_ll_sdpcm_poll_device+0xae>
10008010:	e0a1      	b.n	10008156 <cyw43_ll_sdpcm_poll_device+0x1f2>
10008012:	43d2      	mvns	r2, r2
10008014:	b292      	uxth	r2, r2
10008016:	4291      	cmp	r1, r2
10008018:	d000      	beq.n	1000801c <cyw43_ll_sdpcm_poll_device+0xb8>
1000801a:	e099      	b.n	10008150 <cyw43_ll_sdpcm_poll_device+0x1ec>
1000801c:	290b      	cmp	r1, #11
1000801e:	d800      	bhi.n	10008022 <cyw43_ll_sdpcm_poll_device+0xbe>
10008020:	e0a0      	b.n	10008164 <cyw43_ll_sdpcm_poll_device+0x200>
10008022:	7a23      	ldrb	r3, [r4, #8]
10008024:	73ab      	strb	r3, [r5, #14]
10008026:	230f      	movs	r3, #15
10008028:	7962      	ldrb	r2, [r4, #5]
1000802a:	4013      	ands	r3, r2
1000802c:	2b02      	cmp	r3, #2
1000802e:	d823      	bhi.n	10008078 <cyw43_ll_sdpcm_poll_device+0x114>
10008030:	7a62      	ldrb	r2, [r4, #9]
10008032:	4694      	mov	ip, r2
10008034:	4666      	mov	r6, ip
10008036:	7b6a      	ldrb	r2, [r5, #13]
10008038:	1ab2      	subs	r2, r6, r2
1000803a:	b2d2      	uxtb	r2, r2
1000803c:	2a14      	cmp	r2, #20
1000803e:	d93e      	bls.n	100080be <cyw43_ll_sdpcm_poll_device+0x15a>
10008040:	290c      	cmp	r1, #12
10008042:	d01d      	beq.n	10008080 <cyw43_ll_sdpcm_poll_device+0x11c>
10008044:	2b01      	cmp	r3, #1
10008046:	d03c      	beq.n	100080c2 <cyw43_ll_sdpcm_poll_device+0x15e>
10008048:	2b02      	cmp	r3, #2
1000804a:	d060      	beq.n	1000810e <cyw43_ll_sdpcm_poll_device+0x1aa>
1000804c:	291b      	cmp	r1, #27
1000804e:	d800      	bhi.n	10008052 <cyw43_ll_sdpcm_poll_device+0xee>
10008050:	e094      	b.n	1000817c <cyw43_ll_sdpcm_poll_device+0x218>
10008052:	79e3      	ldrb	r3, [r4, #7]
10008054:	8a2d      	ldrh	r5, [r5, #16]
10008056:	18e3      	adds	r3, r4, r3
10008058:	895a      	ldrh	r2, [r3, #10]
1000805a:	4295      	cmp	r5, r2
1000805c:	d000      	beq.n	10008060 <cyw43_ll_sdpcm_poll_device+0xfc>
1000805e:	e08a      	b.n	10008176 <cyw43_ll_sdpcm_poll_device+0x212>
10008060:	4652      	mov	r2, sl
10008062:	3310      	adds	r3, #16
10008064:	1b1c      	subs	r4, r3, r4
10008066:	1b0c      	subs	r4, r1, r4
10008068:	603c      	str	r4, [r7, #0]
1000806a:	6013      	str	r3, [r2, #0]
1000806c:	b002      	add	sp, #8
1000806e:	bce0      	pop	{r5, r6, r7}
10008070:	46ba      	mov	sl, r7
10008072:	46b1      	mov	r9, r6
10008074:	46a8      	mov	r8, r5
10008076:	bdf0      	pop	{r4, r5, r6, r7, pc}
10008078:	200b      	movs	r0, #11
1000807a:	4240      	negs	r0, r0
1000807c:	290c      	cmp	r1, #12
1000807e:	d1f5      	bne.n	1000806c <cyw43_ll_sdpcm_poll_device+0x108>
10008080:	2004      	movs	r0, #4
10008082:	4240      	negs	r0, r0
10008084:	e7f2      	b.n	1000806c <cyw43_ll_sdpcm_poll_device+0x108>
10008086:	2204      	movs	r2, #4
10008088:	2100      	movs	r1, #0
1000808a:	0028      	movs	r0, r5
1000808c:	f7ff f934 	bl	100072f8 <cyw43_read_reg_u16>
10008090:	b283      	uxth	r3, r0
10008092:	4698      	mov	r8, r3
10008094:	4b3d      	ldr	r3, [pc, #244]	@ (1000818c <cyw43_ll_sdpcm_poll_device+0x228>)
10008096:	0004      	movs	r4, r0
10008098:	4699      	mov	r9, r3
1000809a:	881b      	ldrh	r3, [r3, #0]
1000809c:	4543      	cmp	r3, r8
1000809e:	d002      	beq.n	100080a6 <cyw43_ll_sdpcm_poll_device+0x142>
100080a0:	2386      	movs	r3, #134	@ 0x86
100080a2:	4203      	tst	r3, r0
100080a4:	d12d      	bne.n	10008102 <cyw43_ll_sdpcm_poll_device+0x19e>
100080a6:	4643      	mov	r3, r8
100080a8:	2b00      	cmp	r3, #0
100080aa:	d142      	bne.n	10008132 <cyw43_ll_sdpcm_poll_device+0x1ce>
100080ac:	464b      	mov	r3, r9
100080ae:	4642      	mov	r2, r8
100080b0:	801a      	strh	r2, [r3, #0]
100080b2:	06a4      	lsls	r4, r4, #26
100080b4:	d500      	bpl.n	100080b8 <cyw43_ll_sdpcm_poll_device+0x154>
100080b6:	e777      	b.n	10007fa8 <cyw43_ll_sdpcm_poll_device+0x44>
100080b8:	2001      	movs	r0, #1
100080ba:	4240      	negs	r0, r0
100080bc:	e7d6      	b.n	1000806c <cyw43_ll_sdpcm_poll_device+0x108>
100080be:	736e      	strb	r6, [r5, #13]
100080c0:	e7be      	b.n	10008040 <cyw43_ll_sdpcm_poll_device+0xdc>
100080c2:	2910      	cmp	r1, #16
100080c4:	d95d      	bls.n	10008182 <cyw43_ll_sdpcm_poll_device+0x21e>
100080c6:	79e3      	ldrb	r3, [r4, #7]
100080c8:	18e3      	adds	r3, r4, r3
100080ca:	78da      	ldrb	r2, [r3, #3]
100080cc:	0092      	lsls	r2, r2, #2
100080ce:	3204      	adds	r2, #4
100080d0:	189b      	adds	r3, r3, r2
100080d2:	7b1a      	ldrb	r2, [r3, #12]
100080d4:	1b1c      	subs	r4, r3, r4
100080d6:	1b09      	subs	r1, r1, r4
100080d8:	2a88      	cmp	r2, #136	@ 0x88
100080da:	d146      	bne.n	1000816a <cyw43_ll_sdpcm_poll_device+0x206>
100080dc:	7b5a      	ldrb	r2, [r3, #13]
100080de:	2a6c      	cmp	r2, #108	@ 0x6c
100080e0:	d143      	bne.n	1000816a <cyw43_ll_sdpcm_poll_device+0x206>
100080e2:	7cda      	ldrb	r2, [r3, #19]
100080e4:	2a00      	cmp	r2, #0
100080e6:	d13a      	bne.n	1000815e <cyw43_ll_sdpcm_poll_device+0x1fa>
100080e8:	7d1a      	ldrb	r2, [r3, #20]
100080ea:	2a10      	cmp	r2, #16
100080ec:	d137      	bne.n	1000815e <cyw43_ll_sdpcm_poll_device+0x1fa>
100080ee:	7d5a      	ldrb	r2, [r3, #21]
100080f0:	2a18      	cmp	r2, #24
100080f2:	d134      	bne.n	1000815e <cyw43_ll_sdpcm_poll_device+0x1fa>
100080f4:	4652      	mov	r2, sl
100080f6:	3918      	subs	r1, #24
100080f8:	3318      	adds	r3, #24
100080fa:	6039      	str	r1, [r7, #0]
100080fc:	2001      	movs	r0, #1
100080fe:	6013      	str	r3, [r2, #0]
10008100:	e7b4      	b.n	1000806c <cyw43_ll_sdpcm_poll_device+0x108>
10008102:	0401      	lsls	r1, r0, #16
10008104:	0c09      	lsrs	r1, r1, #16
10008106:	4822      	ldr	r0, [pc, #136]	@ (10008190 <cyw43_ll_sdpcm_poll_device+0x22c>)
10008108:	f7fc f948 	bl	1000439c <__wrap_printf>
1000810c:	e7cb      	b.n	100080a6 <cyw43_ll_sdpcm_poll_device+0x142>
1000810e:	2910      	cmp	r1, #16
10008110:	d92e      	bls.n	10008170 <cyw43_ll_sdpcm_poll_device+0x20c>
10008112:	79e2      	ldrb	r2, [r4, #7]
10008114:	2002      	movs	r0, #2
10008116:	18a2      	adds	r2, r4, r2
10008118:	78d3      	ldrb	r3, [r2, #3]
1000811a:	009b      	lsls	r3, r3, #2
1000811c:	3304      	adds	r3, #4
1000811e:	18d3      	adds	r3, r2, r3
10008120:	7892      	ldrb	r2, [r2, #2]
10008122:	1b1c      	subs	r4, r3, r4
10008124:	07d2      	lsls	r2, r2, #31
10008126:	1b0c      	subs	r4, r1, r4
10008128:	4314      	orrs	r4, r2
1000812a:	4652      	mov	r2, sl
1000812c:	603c      	str	r4, [r7, #0]
1000812e:	6013      	str	r3, [r2, #0]
10008130:	e79c      	b.n	1000806c <cyw43_ll_sdpcm_poll_device+0x108>
10008132:	2204      	movs	r2, #4
10008134:	2100      	movs	r1, #0
10008136:	0028      	movs	r0, r5
10008138:	f7ff fb4a 	bl	100077d0 <cyw43_write_reg_u16>
1000813c:	e7b6      	b.n	100080ac <cyw43_ll_sdpcm_poll_device+0x148>
1000813e:	2301      	movs	r3, #1
10008140:	2101      	movs	r1, #1
10008142:	0028      	movs	r0, r5
10008144:	4a13      	ldr	r2, [pc, #76]	@ (10008194 <cyw43_ll_sdpcm_poll_device+0x230>)
10008146:	f7ff fc4d 	bl	100079e4 <cyw43_write_reg_u8>
1000814a:	2300      	movs	r3, #0
1000814c:	74eb      	strb	r3, [r5, #19]
1000814e:	e7b3      	b.n	100080b8 <cyw43_ll_sdpcm_poll_device+0x154>
10008150:	2002      	movs	r0, #2
10008152:	4240      	negs	r0, r0
10008154:	e78a      	b.n	1000806c <cyw43_ll_sdpcm_poll_device+0x108>
10008156:	4810      	ldr	r0, [pc, #64]	@ (10008198 <cyw43_ll_sdpcm_poll_device+0x234>)
10008158:	f7fc f920 	bl	1000439c <__wrap_printf>
1000815c:	e7ac      	b.n	100080b8 <cyw43_ll_sdpcm_poll_device+0x154>
1000815e:	200a      	movs	r0, #10
10008160:	4240      	negs	r0, r0
10008162:	e783      	b.n	1000806c <cyw43_ll_sdpcm_poll_device+0x108>
10008164:	2003      	movs	r0, #3
10008166:	4240      	negs	r0, r0
10008168:	e780      	b.n	1000806c <cyw43_ll_sdpcm_poll_device+0x108>
1000816a:	2009      	movs	r0, #9
1000816c:	4240      	negs	r0, r0
1000816e:	e77d      	b.n	1000806c <cyw43_ll_sdpcm_poll_device+0x108>
10008170:	2007      	movs	r0, #7
10008172:	4240      	negs	r0, r0
10008174:	e77a      	b.n	1000806c <cyw43_ll_sdpcm_poll_device+0x108>
10008176:	2006      	movs	r0, #6
10008178:	4240      	negs	r0, r0
1000817a:	e777      	b.n	1000806c <cyw43_ll_sdpcm_poll_device+0x108>
1000817c:	2005      	movs	r0, #5
1000817e:	4240      	negs	r0, r0
10008180:	e774      	b.n	1000806c <cyw43_ll_sdpcm_poll_device+0x108>
10008182:	2008      	movs	r0, #8
10008184:	4240      	negs	r0, r0
10008186:	e771      	b.n	1000806c <cyw43_ll_sdpcm_poll_device+0x108>
10008188:	0000ffff 	.word	0x0000ffff
1000818c:	20002c64 	.word	0x20002c64
10008190:	1000ac54 	.word	0x1000ac54
10008194:	0001000d 	.word	0x0001000d
10008198:	1000ac80 	.word	0x1000ac80

1000819c <cyw43_sdpcm_send_common>:
1000819c:	b5f0      	push	{r4, r5, r6, r7, lr}
1000819e:	46de      	mov	lr, fp
100081a0:	4657      	mov	r7, sl
100081a2:	4645      	mov	r5, r8
100081a4:	464e      	mov	r6, r9
100081a6:	0004      	movs	r4, r0
100081a8:	b5e0      	push	{r5, r6, r7, lr}
100081aa:	b085      	sub	sp, #20
100081ac:	469a      	mov	sl, r3
100081ae:	4688      	mov	r8, r1
100081b0:	4693      	mov	fp, r2
100081b2:	f001 fb2d 	bl	10009810 <cyw43_cb_ensure_awake>
100081b6:	7ca3      	ldrb	r3, [r4, #18]
100081b8:	2b00      	cmp	r3, #0
100081ba:	d105      	bne.n	100081c8 <cyw43_sdpcm_send_common+0x2c>
100081bc:	2101      	movs	r1, #1
100081be:	0020      	movs	r0, r4
100081c0:	f7ff fe90 	bl	10007ee4 <cyw43_kso_set>
100081c4:	2301      	movs	r3, #1
100081c6:	74a3      	strb	r3, [r4, #18]
100081c8:	7ba3      	ldrb	r3, [r4, #14]
100081ca:	2b00      	cmp	r3, #0
100081cc:	d024      	beq.n	10008218 <cyw43_sdpcm_send_common+0x7c>
100081ce:	4f2f      	ldr	r7, [pc, #188]	@ (1000828c <cyw43_sdpcm_send_common+0xf0>)
100081d0:	4e2f      	ldr	r6, [pc, #188]	@ (10008290 <cyw43_sdpcm_send_common+0xf4>)
100081d2:	6abb      	ldr	r3, [r7, #40]	@ 0x28
100081d4:	4699      	mov	r9, r3
100081d6:	e00e      	b.n	100081f6 <cyw43_sdpcm_send_common+0x5a>
100081d8:	7ba1      	ldrb	r1, [r4, #14]
100081da:	2900      	cmp	r1, #0
100081dc:	d103      	bne.n	100081e6 <cyw43_sdpcm_send_common+0x4a>
100081de:	7b23      	ldrb	r3, [r4, #12]
100081e0:	7b62      	ldrb	r2, [r4, #13]
100081e2:	429a      	cmp	r2, r3
100081e4:	d11c      	bne.n	10008220 <cyw43_sdpcm_send_common+0x84>
100081e6:	464b      	mov	r3, r9
100081e8:	1aed      	subs	r5, r5, r3
100081ea:	42b5      	cmp	r5, r6
100081ec:	d845      	bhi.n	1000827a <cyw43_sdpcm_send_common+0xde>
100081ee:	20fa      	movs	r0, #250	@ 0xfa
100081f0:	0080      	lsls	r0, r0, #2
100081f2:	f001 ff4f 	bl	1000a094 <cyw43_await_background_or_timeout_us>
100081f6:	0020      	movs	r0, r4
100081f8:	aa03      	add	r2, sp, #12
100081fa:	a902      	add	r1, sp, #8
100081fc:	6abd      	ldr	r5, [r7, #40]	@ 0x28
100081fe:	f7ff feb1 	bl	10007f64 <cyw43_ll_sdpcm_poll_device>
10008202:	2801      	cmp	r0, #1
10008204:	d1e8      	bne.n	100081d8 <cyw43_sdpcm_send_common+0x3c>
10008206:	9903      	ldr	r1, [sp, #12]
10008208:	9802      	ldr	r0, [sp, #8]
1000820a:	f7ff fdcf 	bl	10007dac <cyw43_ll_parse_async_event>
1000820e:	0001      	movs	r1, r0
10008210:	0020      	movs	r0, r4
10008212:	f001 fb03 	bl	1000981c <cyw43_cb_process_async_event>
10008216:	e7df      	b.n	100081d8 <cyw43_sdpcm_send_common+0x3c>
10008218:	7b23      	ldrb	r3, [r4, #12]
1000821a:	7b62      	ldrb	r2, [r4, #13]
1000821c:	429a      	cmp	r2, r3
1000821e:	d0d6      	beq.n	100081ce <cyw43_sdpcm_send_common+0x32>
10008220:	465a      	mov	r2, fp
10008222:	4651      	mov	r1, sl
10008224:	320c      	adds	r2, #12
10008226:	b292      	uxth	r2, r2
10008228:	800a      	strh	r2, [r1, #0]
1000822a:	43d2      	mvns	r2, r2
1000822c:	710b      	strb	r3, [r1, #4]
1000822e:	804a      	strh	r2, [r1, #2]
10008230:	4652      	mov	r2, sl
10008232:	4641      	mov	r1, r8
10008234:	7151      	strb	r1, [r2, #5]
10008236:	2200      	movs	r2, #0
10008238:	4651      	mov	r1, sl
1000823a:	718a      	strb	r2, [r1, #6]
1000823c:	4641      	mov	r1, r8
1000823e:	1e8e      	subs	r6, r1, #2
10008240:	1e71      	subs	r1, r6, #1
10008242:	418e      	sbcs	r6, r1
10008244:	2101      	movs	r1, #1
10008246:	4276      	negs	r6, r6
10008248:	438e      	bics	r6, r1
1000824a:	4651      	mov	r1, sl
1000824c:	3301      	adds	r3, #1
1000824e:	360e      	adds	r6, #14
10008250:	810a      	strh	r2, [r1, #8]
10008252:	814a      	strh	r2, [r1, #10]
10008254:	71ce      	strb	r6, [r1, #7]
10008256:	7323      	strb	r3, [r4, #12]
10008258:	465b      	mov	r3, fp
1000825a:	3203      	adds	r2, #3
1000825c:	330f      	adds	r3, #15
1000825e:	4393      	bics	r3, r2
10008260:	9100      	str	r1, [sp, #0]
10008262:	2200      	movs	r2, #0
10008264:	2102      	movs	r1, #2
10008266:	0020      	movs	r0, r4
10008268:	f7ff fd02 	bl	10007c70 <cyw43_write_bytes>
1000826c:	b005      	add	sp, #20
1000826e:	bcf0      	pop	{r4, r5, r6, r7}
10008270:	46bb      	mov	fp, r7
10008272:	46b2      	mov	sl, r6
10008274:	46a9      	mov	r9, r5
10008276:	46a0      	mov	r8, r4
10008278:	bdf0      	pop	{r4, r5, r6, r7, pc}
1000827a:	7b63      	ldrb	r3, [r4, #13]
1000827c:	7b22      	ldrb	r2, [r4, #12]
1000827e:	4805      	ldr	r0, [pc, #20]	@ (10008294 <cyw43_sdpcm_send_common+0xf8>)
10008280:	f7fc f88c 	bl	1000439c <__wrap_printf>
10008284:	2002      	movs	r0, #2
10008286:	4240      	negs	r0, r0
10008288:	e7f0      	b.n	1000826c <cyw43_sdpcm_send_common+0xd0>
1000828a:	46c0      	nop			@ (mov r8, r8)
1000828c:	40054000 	.word	0x40054000
10008290:	000f4240 	.word	0x000f4240
10008294:	1000acac 	.word	0x1000acac

10008298 <cyw43_do_ioctl.part.0>:
10008298:	b5f0      	push	{r4, r5, r6, r7, lr}
1000829a:	4657      	mov	r7, sl
1000829c:	464e      	mov	r6, r9
1000829e:	4645      	mov	r5, r8
100082a0:	46de      	mov	lr, fp
100082a2:	b5e0      	push	{r5, r6, r7, lr}
100082a4:	4e29      	ldr	r6, [pc, #164]	@ (1000834c <cyw43_do_ioctl.part.0+0xb4>)
100082a6:	4692      	mov	sl, r2
100082a8:	6ab7      	ldr	r7, [r6, #40]	@ 0x28
100082aa:	4698      	mov	r8, r3
100082ac:	4a28      	ldr	r2, [pc, #160]	@ (10008350 <cyw43_do_ioctl.part.0+0xb8>)
100082ae:	6ab3      	ldr	r3, [r6, #40]	@ 0x28
100082b0:	0005      	movs	r5, r0
100082b2:	4689      	mov	r9, r1
100082b4:	b083      	sub	sp, #12
100082b6:	1bdb      	subs	r3, r3, r7
100082b8:	4293      	cmp	r3, r2
100082ba:	d82e      	bhi.n	1000831a <cyw43_do_ioctl.part.0+0x82>
100082bc:	4b25      	ldr	r3, [pc, #148]	@ (10008354 <cyw43_do_ioctl.part.0+0xbc>)
100082be:	469b      	mov	fp, r3
100082c0:	e010      	b.n	100082e4 <cyw43_do_ioctl.part.0+0x4c>
100082c2:	2802      	cmp	r0, #2
100082c4:	d020      	beq.n	10008308 <cyw43_do_ioctl.part.0+0x70>
100082c6:	2800      	cmp	r0, #0
100082c8:	db03      	blt.n	100082d2 <cyw43_do_ioctl.part.0+0x3a>
100082ca:	0001      	movs	r1, r0
100082cc:	4658      	mov	r0, fp
100082ce:	f7fc f865 	bl	1000439c <__wrap_printf>
100082d2:	20fa      	movs	r0, #250	@ 0xfa
100082d4:	0080      	lsls	r0, r0, #2
100082d6:	f001 fedd 	bl	1000a094 <cyw43_await_background_or_timeout_us>
100082da:	6ab3      	ldr	r3, [r6, #40]	@ 0x28
100082dc:	4a1c      	ldr	r2, [pc, #112]	@ (10008350 <cyw43_do_ioctl.part.0+0xb8>)
100082de:	1bdb      	subs	r3, r3, r7
100082e0:	4293      	cmp	r3, r2
100082e2:	d81a      	bhi.n	1000831a <cyw43_do_ioctl.part.0+0x82>
100082e4:	4669      	mov	r1, sp
100082e6:	0028      	movs	r0, r5
100082e8:	aa01      	add	r2, sp, #4
100082ea:	f7ff fe3b 	bl	10007f64 <cyw43_ll_sdpcm_poll_device>
100082ee:	1e04      	subs	r4, r0, #0
100082f0:	d023      	beq.n	1000833a <cyw43_do_ioctl.part.0+0xa2>
100082f2:	2801      	cmp	r0, #1
100082f4:	d1e5      	bne.n	100082c2 <cyw43_do_ioctl.part.0+0x2a>
100082f6:	9901      	ldr	r1, [sp, #4]
100082f8:	9800      	ldr	r0, [sp, #0]
100082fa:	f7ff fd57 	bl	10007dac <cyw43_ll_parse_async_event>
100082fe:	0001      	movs	r1, r0
10008300:	0028      	movs	r0, r5
10008302:	f001 fa8b 	bl	1000981c <cyw43_cb_process_async_event>
10008306:	e7e4      	b.n	100082d2 <cyw43_do_ioctl.part.0+0x3a>
10008308:	9900      	ldr	r1, [sp, #0]
1000830a:	9b01      	ldr	r3, [sp, #4]
1000830c:	004a      	lsls	r2, r1, #1
1000830e:	6828      	ldr	r0, [r5, #0]
10008310:	0852      	lsrs	r2, r2, #1
10008312:	0fc9      	lsrs	r1, r1, #31
10008314:	f001 ff1c 	bl	1000a150 <cyw43_cb_process_ethernet>
10008318:	e7db      	b.n	100082d2 <cyw43_do_ioctl.part.0+0x3a>
1000831a:	4643      	mov	r3, r8
1000831c:	4652      	mov	r2, sl
1000831e:	4649      	mov	r1, r9
10008320:	2402      	movs	r4, #2
10008322:	480d      	ldr	r0, [pc, #52]	@ (10008358 <cyw43_do_ioctl.part.0+0xc0>)
10008324:	f7fc f83a 	bl	1000439c <__wrap_printf>
10008328:	4264      	negs	r4, r4
1000832a:	0020      	movs	r0, r4
1000832c:	b003      	add	sp, #12
1000832e:	bcf0      	pop	{r4, r5, r6, r7}
10008330:	46bb      	mov	fp, r7
10008332:	46b2      	mov	sl, r6
10008334:	46a9      	mov	r9, r5
10008336:	46a0      	mov	r8, r4
10008338:	bdf0      	pop	{r4, r5, r6, r7, pc}
1000833a:	9a00      	ldr	r2, [sp, #0]
1000833c:	4542      	cmp	r2, r8
1000833e:	d900      	bls.n	10008342 <cyw43_do_ioctl.part.0+0xaa>
10008340:	4642      	mov	r2, r8
10008342:	9901      	ldr	r1, [sp, #4]
10008344:	980c      	ldr	r0, [sp, #48]	@ 0x30
10008346:	f002 fa43 	bl	1000a7d0 <memmove>
1000834a:	e7ee      	b.n	1000832a <cyw43_do_ioctl.part.0+0x92>
1000834c:	40054000 	.word	0x40054000
10008350:	000f423f 	.word	0x000f423f
10008354:	1000acd0 	.word	0x1000acd0
10008358:	1000acfc 	.word	0x1000acfc

1000835c <cyw43_write_iovar_u32.constprop.0>:
1000835c:	b5f0      	push	{r4, r5, r6, r7, lr}
1000835e:	46ce      	mov	lr, r9
10008360:	4647      	mov	r7, r8
10008362:	b580      	push	{r7, lr}
10008364:	0006      	movs	r6, r0
10008366:	b083      	sub	sp, #12
10008368:	0004      	movs	r4, r0
1000836a:	0008      	movs	r0, r1
1000836c:	0017      	movs	r7, r2
1000836e:	4689      	mov	r9, r1
10008370:	f002 f9b2 	bl	1000a6d8 <strlen>
10008374:	1c43      	adds	r3, r0, #1
10008376:	4698      	mov	r8, r3
10008378:	3644      	adds	r6, #68	@ 0x44
1000837a:	0005      	movs	r5, r0
1000837c:	001a      	movs	r2, r3
1000837e:	4649      	mov	r1, r9
10008380:	0030      	movs	r0, r6
10008382:	f7fa f975 	bl	10002670 <__wrap___aeabi_memcpy>
10008386:	4643      	mov	r3, r8
10008388:	18f2      	adds	r2, r6, r3
1000838a:	0a3b      	lsrs	r3, r7, #8
1000838c:	7017      	strb	r7, [r2, #0]
1000838e:	7053      	strb	r3, [r2, #1]
10008390:	0c3b      	lsrs	r3, r7, #16
10008392:	0e3f      	lsrs	r7, r7, #24
10008394:	7093      	strb	r3, [r2, #2]
10008396:	70d7      	strb	r7, [r2, #3]
10008398:	002a      	movs	r2, r5
1000839a:	2380      	movs	r3, #128	@ 0x80
1000839c:	3221      	adds	r2, #33	@ 0x21
1000839e:	1d6f      	adds	r7, r5, #5
100083a0:	011b      	lsls	r3, r3, #4
100083a2:	429a      	cmp	r2, r3
100083a4:	d820      	bhi.n	100083e8 <cyw43_write_iovar_u32.constprop.0+0x8c>
100083a6:	2208      	movs	r2, #8
100083a8:	8a23      	ldrh	r3, [r4, #16]
100083aa:	32ff      	adds	r2, #255	@ 0xff
100083ac:	3301      	adds	r3, #1
100083ae:	b29b      	uxth	r3, r3
100083b0:	4690      	mov	r8, r2
100083b2:	6362      	str	r2, [r4, #52]	@ 0x34
100083b4:	3a06      	subs	r2, #6
100083b6:	3aff      	subs	r2, #255	@ 0xff
100083b8:	8223      	strh	r3, [r4, #16]
100083ba:	041b      	lsls	r3, r3, #16
100083bc:	4313      	orrs	r3, r2
100083be:	63e3      	str	r3, [r4, #60]	@ 0x3c
100083c0:	2300      	movs	r3, #0
100083c2:	002a      	movs	r2, r5
100083c4:	6423      	str	r3, [r4, #64]	@ 0x40
100083c6:	0023      	movs	r3, r4
100083c8:	2100      	movs	r1, #0
100083ca:	0020      	movs	r0, r4
100083cc:	63a7      	str	r7, [r4, #56]	@ 0x38
100083ce:	3215      	adds	r2, #21
100083d0:	3328      	adds	r3, #40	@ 0x28
100083d2:	f7ff fee3 	bl	1000819c <cyw43_sdpcm_send_common>
100083d6:	2800      	cmp	r0, #0
100083d8:	d106      	bne.n	100083e8 <cyw43_write_iovar_u32.constprop.0+0x8c>
100083da:	003b      	movs	r3, r7
100083dc:	4642      	mov	r2, r8
100083de:	2102      	movs	r1, #2
100083e0:	0020      	movs	r0, r4
100083e2:	9600      	str	r6, [sp, #0]
100083e4:	f7ff ff58 	bl	10008298 <cyw43_do_ioctl.part.0>
100083e8:	b003      	add	sp, #12
100083ea:	bcc0      	pop	{r6, r7}
100083ec:	46b9      	mov	r9, r7
100083ee:	46b0      	mov	r8, r6
100083f0:	bdf0      	pop	{r4, r5, r6, r7, pc}
100083f2:	46c0      	nop			@ (mov r8, r8)

100083f4 <cyw43_write_iovar_n>:
100083f4:	b5f0      	push	{r4, r5, r6, r7, lr}
100083f6:	46ce      	mov	lr, r9
100083f8:	4647      	mov	r7, r8
100083fa:	b580      	push	{r7, lr}
100083fc:	0006      	movs	r6, r0
100083fe:	b083      	sub	sp, #12
10008400:	0004      	movs	r4, r0
10008402:	0008      	movs	r0, r1
10008404:	4699      	mov	r9, r3
10008406:	4688      	mov	r8, r1
10008408:	0017      	movs	r7, r2
1000840a:	f002 f965 	bl	1000a6d8 <strlen>
1000840e:	3644      	adds	r6, #68	@ 0x44
10008410:	1c45      	adds	r5, r0, #1
10008412:	003a      	movs	r2, r7
10008414:	4649      	mov	r1, r9
10008416:	1970      	adds	r0, r6, r5
10008418:	f002 f9da 	bl	1000a7d0 <memmove>
1000841c:	002a      	movs	r2, r5
1000841e:	4641      	mov	r1, r8
10008420:	0030      	movs	r0, r6
10008422:	19ed      	adds	r5, r5, r7
10008424:	f7fa f924 	bl	10002670 <__wrap___aeabi_memcpy>
10008428:	002a      	movs	r2, r5
1000842a:	2380      	movs	r3, #128	@ 0x80
1000842c:	321c      	adds	r2, #28
1000842e:	011b      	lsls	r3, r3, #4
10008430:	429a      	cmp	r2, r3
10008432:	d820      	bhi.n	10008476 <cyw43_write_iovar_n+0x82>
10008434:	8a21      	ldrh	r1, [r4, #16]
10008436:	9b0a      	ldr	r3, [sp, #40]	@ 0x28
10008438:	3101      	adds	r1, #1
1000843a:	b289      	uxth	r1, r1
1000843c:	031b      	lsls	r3, r3, #12
1000843e:	8221      	strh	r1, [r4, #16]
10008440:	0409      	lsls	r1, r1, #16
10008442:	4319      	orrs	r1, r3
10008444:	2302      	movs	r3, #2
10008446:	4319      	orrs	r1, r3
10008448:	2300      	movs	r3, #0
1000844a:	2708      	movs	r7, #8
1000844c:	6423      	str	r3, [r4, #64]	@ 0x40
1000844e:	0023      	movs	r3, r4
10008450:	37ff      	adds	r7, #255	@ 0xff
10008452:	63e1      	str	r1, [r4, #60]	@ 0x3c
10008454:	0020      	movs	r0, r4
10008456:	2100      	movs	r1, #0
10008458:	6367      	str	r7, [r4, #52]	@ 0x34
1000845a:	63a5      	str	r5, [r4, #56]	@ 0x38
1000845c:	3328      	adds	r3, #40	@ 0x28
1000845e:	3a0c      	subs	r2, #12
10008460:	f7ff fe9c 	bl	1000819c <cyw43_sdpcm_send_common>
10008464:	2800      	cmp	r0, #0
10008466:	d106      	bne.n	10008476 <cyw43_write_iovar_n+0x82>
10008468:	002b      	movs	r3, r5
1000846a:	003a      	movs	r2, r7
1000846c:	2102      	movs	r1, #2
1000846e:	0020      	movs	r0, r4
10008470:	9600      	str	r6, [sp, #0]
10008472:	f7ff ff11 	bl	10008298 <cyw43_do_ioctl.part.0>
10008476:	b003      	add	sp, #12
10008478:	bcc0      	pop	{r6, r7}
1000847a:	46b9      	mov	r9, r7
1000847c:	46b0      	mov	r8, r6
1000847e:	bdf0      	pop	{r4, r5, r6, r7, pc}

10008480 <cyw43_read_backplane.constprop.0>:
10008480:	6883      	ldr	r3, [r0, #8]
10008482:	b570      	push	{r4, r5, r6, lr}
10008484:	0bce      	lsrs	r6, r1, #15
10008486:	0004      	movs	r4, r0
10008488:	000d      	movs	r5, r1
1000848a:	03f6      	lsls	r6, r6, #15
1000848c:	429e      	cmp	r6, r3
1000848e:	d00d      	beq.n	100084ac <cyw43_read_backplane.constprop.0+0x2c>
10008490:	2280      	movs	r2, #128	@ 0x80
10008492:	4073      	eors	r3, r6
10008494:	0452      	lsls	r2, r2, #17
10008496:	4293      	cmp	r3, r2
10008498:	d239      	bcs.n	1000850e <cyw43_read_backplane.constprop.0+0x8e>
1000849a:	22ff      	movs	r2, #255	@ 0xff
1000849c:	0412      	lsls	r2, r2, #16
1000849e:	4213      	tst	r3, r2
100084a0:	d12c      	bne.n	100084fc <cyw43_read_backplane.constprop.0+0x7c>
100084a2:	22ff      	movs	r2, #255	@ 0xff
100084a4:	0212      	lsls	r2, r2, #8
100084a6:	4213      	tst	r3, r2
100084a8:	d121      	bne.n	100084ee <cyw43_read_backplane.constprop.0+0x6e>
100084aa:	60a6      	str	r6, [r4, #8]
100084ac:	2280      	movs	r2, #128	@ 0x80
100084ae:	046d      	lsls	r5, r5, #17
100084b0:	0c6d      	lsrs	r5, r5, #17
100084b2:	0212      	lsls	r2, r2, #8
100084b4:	432a      	orrs	r2, r5
100084b6:	2101      	movs	r1, #1
100084b8:	0020      	movs	r0, r4
100084ba:	f7fe ff49 	bl	10007350 <cyw43_read_reg_u8>
100084be:	25c0      	movs	r5, #192	@ 0xc0
100084c0:	68a3      	ldr	r3, [r4, #8]
100084c2:	0006      	movs	r6, r0
100084c4:	056d      	lsls	r5, r5, #21
100084c6:	42ab      	cmp	r3, r5
100084c8:	d00f      	beq.n	100084ea <cyw43_read_backplane.constprop.0+0x6a>
100084ca:	2280      	movs	r2, #128	@ 0x80
100084cc:	406b      	eors	r3, r5
100084ce:	0452      	lsls	r2, r2, #17
100084d0:	4293      	cmp	r3, r2
100084d2:	d238      	bcs.n	10008546 <cyw43_read_backplane.constprop.0+0xc6>
100084d4:	22ff      	movs	r2, #255	@ 0xff
100084d6:	0412      	lsls	r2, r2, #16
100084d8:	4213      	tst	r3, r2
100084da:	d128      	bne.n	1000852e <cyw43_read_backplane.constprop.0+0xae>
100084dc:	22ff      	movs	r2, #255	@ 0xff
100084de:	0212      	lsls	r2, r2, #8
100084e0:	4213      	tst	r3, r2
100084e2:	d11c      	bne.n	1000851e <cyw43_read_backplane.constprop.0+0x9e>
100084e4:	23c0      	movs	r3, #192	@ 0xc0
100084e6:	055b      	lsls	r3, r3, #21
100084e8:	60a3      	str	r3, [r4, #8]
100084ea:	0030      	movs	r0, r6
100084ec:	bd70      	pop	{r4, r5, r6, pc}
100084ee:	2101      	movs	r1, #1
100084f0:	0020      	movs	r0, r4
100084f2:	4a19      	ldr	r2, [pc, #100]	@ (10008558 <cyw43_read_backplane.constprop.0+0xd8>)
100084f4:	0a33      	lsrs	r3, r6, #8
100084f6:	f7ff fa75 	bl	100079e4 <cyw43_write_reg_u8>
100084fa:	e7d6      	b.n	100084aa <cyw43_read_backplane.constprop.0+0x2a>
100084fc:	0c33      	lsrs	r3, r6, #16
100084fe:	2101      	movs	r1, #1
10008500:	0020      	movs	r0, r4
10008502:	4a16      	ldr	r2, [pc, #88]	@ (1000855c <cyw43_read_backplane.constprop.0+0xdc>)
10008504:	f7ff fa6e 	bl	100079e4 <cyw43_write_reg_u8>
10008508:	68a3      	ldr	r3, [r4, #8]
1000850a:	4073      	eors	r3, r6
1000850c:	e7c9      	b.n	100084a2 <cyw43_read_backplane.constprop.0+0x22>
1000850e:	0e33      	lsrs	r3, r6, #24
10008510:	2101      	movs	r1, #1
10008512:	4a13      	ldr	r2, [pc, #76]	@ (10008560 <cyw43_read_backplane.constprop.0+0xe0>)
10008514:	f7ff fa66 	bl	100079e4 <cyw43_write_reg_u8>
10008518:	68a3      	ldr	r3, [r4, #8]
1000851a:	4073      	eors	r3, r6
1000851c:	e7bd      	b.n	1000849a <cyw43_read_backplane.constprop.0+0x1a>
1000851e:	23c0      	movs	r3, #192	@ 0xc0
10008520:	2101      	movs	r1, #1
10008522:	0020      	movs	r0, r4
10008524:	4a0c      	ldr	r2, [pc, #48]	@ (10008558 <cyw43_read_backplane.constprop.0+0xd8>)
10008526:	035b      	lsls	r3, r3, #13
10008528:	f7ff fa5c 	bl	100079e4 <cyw43_write_reg_u8>
1000852c:	e7da      	b.n	100084e4 <cyw43_read_backplane.constprop.0+0x64>
1000852e:	23c0      	movs	r3, #192	@ 0xc0
10008530:	4a0a      	ldr	r2, [pc, #40]	@ (1000855c <cyw43_read_backplane.constprop.0+0xdc>)
10008532:	015b      	lsls	r3, r3, #5
10008534:	2101      	movs	r1, #1
10008536:	0020      	movs	r0, r4
10008538:	f7ff fa54 	bl	100079e4 <cyw43_write_reg_u8>
1000853c:	23c0      	movs	r3, #192	@ 0xc0
1000853e:	68a2      	ldr	r2, [r4, #8]
10008540:	055b      	lsls	r3, r3, #21
10008542:	4053      	eors	r3, r2
10008544:	e7ca      	b.n	100084dc <cyw43_read_backplane.constprop.0+0x5c>
10008546:	2318      	movs	r3, #24
10008548:	2101      	movs	r1, #1
1000854a:	0020      	movs	r0, r4
1000854c:	4a04      	ldr	r2, [pc, #16]	@ (10008560 <cyw43_read_backplane.constprop.0+0xe0>)
1000854e:	f7ff fa49 	bl	100079e4 <cyw43_write_reg_u8>
10008552:	68a3      	ldr	r3, [r4, #8]
10008554:	406b      	eors	r3, r5
10008556:	e7bd      	b.n	100084d4 <cyw43_read_backplane.constprop.0+0x54>
10008558:	0001000a 	.word	0x0001000a
1000855c:	0001000b 	.word	0x0001000b
10008560:	0001000c 	.word	0x0001000c

10008564 <cyw43_write_backplane>:
10008564:	b5f0      	push	{r4, r5, r6, r7, lr}
10008566:	46c6      	mov	lr, r8
10008568:	0bce      	lsrs	r6, r1, #15
1000856a:	000d      	movs	r5, r1
1000856c:	6881      	ldr	r1, [r0, #8]
1000856e:	0004      	movs	r4, r0
10008570:	4690      	mov	r8, r2
10008572:	001f      	movs	r7, r3
10008574:	b500      	push	{lr}
10008576:	03f6      	lsls	r6, r6, #15
10008578:	428e      	cmp	r6, r1
1000857a:	d00d      	beq.n	10008598 <cyw43_write_backplane+0x34>
1000857c:	2380      	movs	r3, #128	@ 0x80
1000857e:	4071      	eors	r1, r6
10008580:	045b      	lsls	r3, r3, #17
10008582:	4299      	cmp	r1, r3
10008584:	d266      	bcs.n	10008654 <cyw43_write_backplane+0xf0>
10008586:	23ff      	movs	r3, #255	@ 0xff
10008588:	041b      	lsls	r3, r3, #16
1000858a:	4219      	tst	r1, r3
1000858c:	d159      	bne.n	10008642 <cyw43_write_backplane+0xde>
1000858e:	23ff      	movs	r3, #255	@ 0xff
10008590:	021b      	lsls	r3, r3, #8
10008592:	4219      	tst	r1, r3
10008594:	d125      	bne.n	100085e2 <cyw43_write_backplane+0x7e>
10008596:	60a6      	str	r6, [r4, #8]
10008598:	2280      	movs	r2, #128	@ 0x80
1000859a:	4643      	mov	r3, r8
1000859c:	046d      	lsls	r5, r5, #17
1000859e:	0c6d      	lsrs	r5, r5, #17
100085a0:	0212      	lsls	r2, r2, #8
100085a2:	432a      	orrs	r2, r5
100085a4:	2b01      	cmp	r3, #1
100085a6:	d023      	beq.n	100085f0 <cyw43_write_backplane+0x8c>
100085a8:	003b      	movs	r3, r7
100085aa:	2101      	movs	r1, #1
100085ac:	0020      	movs	r0, r4
100085ae:	f7ff f805 	bl	100075bc <cyw43_write_reg_u32>
100085b2:	25c0      	movs	r5, #192	@ 0xc0
100085b4:	68a3      	ldr	r3, [r4, #8]
100085b6:	056d      	lsls	r5, r5, #21
100085b8:	42ab      	cmp	r3, r5
100085ba:	d00f      	beq.n	100085dc <cyw43_write_backplane+0x78>
100085bc:	2280      	movs	r2, #128	@ 0x80
100085be:	406b      	eors	r3, r5
100085c0:	0452      	lsls	r2, r2, #17
100085c2:	4293      	cmp	r3, r2
100085c4:	d21a      	bcs.n	100085fc <cyw43_write_backplane+0x98>
100085c6:	22ff      	movs	r2, #255	@ 0xff
100085c8:	0412      	lsls	r2, r2, #16
100085ca:	4213      	tst	r3, r2
100085cc:	d122      	bne.n	10008614 <cyw43_write_backplane+0xb0>
100085ce:	22ff      	movs	r2, #255	@ 0xff
100085d0:	0212      	lsls	r2, r2, #8
100085d2:	4213      	tst	r3, r2
100085d4:	d12d      	bne.n	10008632 <cyw43_write_backplane+0xce>
100085d6:	23c0      	movs	r3, #192	@ 0xc0
100085d8:	055b      	lsls	r3, r3, #21
100085da:	60a3      	str	r3, [r4, #8]
100085dc:	bc80      	pop	{r7}
100085de:	46b8      	mov	r8, r7
100085e0:	bdf0      	pop	{r4, r5, r6, r7, pc}
100085e2:	2101      	movs	r1, #1
100085e4:	0020      	movs	r0, r4
100085e6:	4a1f      	ldr	r2, [pc, #124]	@ (10008664 <cyw43_write_backplane+0x100>)
100085e8:	0a33      	lsrs	r3, r6, #8
100085ea:	f7ff f9fb 	bl	100079e4 <cyw43_write_reg_u8>
100085ee:	e7d2      	b.n	10008596 <cyw43_write_backplane+0x32>
100085f0:	003b      	movs	r3, r7
100085f2:	2101      	movs	r1, #1
100085f4:	0020      	movs	r0, r4
100085f6:	f7ff f9f5 	bl	100079e4 <cyw43_write_reg_u8>
100085fa:	e7da      	b.n	100085b2 <cyw43_write_backplane+0x4e>
100085fc:	2318      	movs	r3, #24
100085fe:	4a1a      	ldr	r2, [pc, #104]	@ (10008668 <cyw43_write_backplane+0x104>)
10008600:	2101      	movs	r1, #1
10008602:	0020      	movs	r0, r4
10008604:	f7ff f9ee 	bl	100079e4 <cyw43_write_reg_u8>
10008608:	22ff      	movs	r2, #255	@ 0xff
1000860a:	68a3      	ldr	r3, [r4, #8]
1000860c:	0412      	lsls	r2, r2, #16
1000860e:	406b      	eors	r3, r5
10008610:	4213      	tst	r3, r2
10008612:	d0dc      	beq.n	100085ce <cyw43_write_backplane+0x6a>
10008614:	23c0      	movs	r3, #192	@ 0xc0
10008616:	4a15      	ldr	r2, [pc, #84]	@ (1000866c <cyw43_write_backplane+0x108>)
10008618:	015b      	lsls	r3, r3, #5
1000861a:	2101      	movs	r1, #1
1000861c:	0020      	movs	r0, r4
1000861e:	f7ff f9e1 	bl	100079e4 <cyw43_write_reg_u8>
10008622:	23c0      	movs	r3, #192	@ 0xc0
10008624:	68a2      	ldr	r2, [r4, #8]
10008626:	055b      	lsls	r3, r3, #21
10008628:	4053      	eors	r3, r2
1000862a:	22ff      	movs	r2, #255	@ 0xff
1000862c:	0212      	lsls	r2, r2, #8
1000862e:	4213      	tst	r3, r2
10008630:	d0d1      	beq.n	100085d6 <cyw43_write_backplane+0x72>
10008632:	23c0      	movs	r3, #192	@ 0xc0
10008634:	2101      	movs	r1, #1
10008636:	0020      	movs	r0, r4
10008638:	4a0a      	ldr	r2, [pc, #40]	@ (10008664 <cyw43_write_backplane+0x100>)
1000863a:	035b      	lsls	r3, r3, #13
1000863c:	f7ff f9d2 	bl	100079e4 <cyw43_write_reg_u8>
10008640:	e7c9      	b.n	100085d6 <cyw43_write_backplane+0x72>
10008642:	2101      	movs	r1, #1
10008644:	0020      	movs	r0, r4
10008646:	4a09      	ldr	r2, [pc, #36]	@ (1000866c <cyw43_write_backplane+0x108>)
10008648:	0c33      	lsrs	r3, r6, #16
1000864a:	f7ff f9cb 	bl	100079e4 <cyw43_write_reg_u8>
1000864e:	68a1      	ldr	r1, [r4, #8]
10008650:	4071      	eors	r1, r6
10008652:	e79c      	b.n	1000858e <cyw43_write_backplane+0x2a>
10008654:	2101      	movs	r1, #1
10008656:	4a04      	ldr	r2, [pc, #16]	@ (10008668 <cyw43_write_backplane+0x104>)
10008658:	0e33      	lsrs	r3, r6, #24
1000865a:	f7ff f9c3 	bl	100079e4 <cyw43_write_reg_u8>
1000865e:	68a1      	ldr	r1, [r4, #8]
10008660:	4071      	eors	r1, r6
10008662:	e790      	b.n	10008586 <cyw43_write_backplane+0x22>
10008664:	0001000a 	.word	0x0001000a
10008668:	0001000c 	.word	0x0001000c
1000866c:	0001000b 	.word	0x0001000b

10008670 <reset_device_core.constprop.0>:
10008670:	b5f8      	push	{r3, r4, r5, r6, r7, lr}
10008672:	46ce      	mov	lr, r9
10008674:	4647      	mov	r7, r8
10008676:	0004      	movs	r4, r0
10008678:	000d      	movs	r5, r1
1000867a:	b580      	push	{r7, lr}
1000867c:	2901      	cmp	r1, #1
1000867e:	d100      	bne.n	10008682 <reset_device_core.constprop.0+0x12>
10008680:	e1e4      	b.n	10008a4c <reset_device_core.constprop.0+0x3dc>
10008682:	4bd7      	ldr	r3, [pc, #860]	@ (100089e0 <reset_device_core.constprop.0+0x370>)
10008684:	27c8      	movs	r7, #200	@ 0xc8
10008686:	4698      	mov	r8, r3
10008688:	023f      	lsls	r7, r7, #8
1000868a:	26c0      	movs	r6, #192	@ 0xc0
1000868c:	4641      	mov	r1, r8
1000868e:	0020      	movs	r0, r4
10008690:	f7ff fb58 	bl	10007d44 <cyw43_set_backplane_window>
10008694:	003a      	movs	r2, r7
10008696:	2101      	movs	r1, #1
10008698:	0020      	movs	r0, r4
1000869a:	f7fe fe59 	bl	10007350 <cyw43_read_reg_u8>
1000869e:	68a3      	ldr	r3, [r4, #8]
100086a0:	0576      	lsls	r6, r6, #21
100086a2:	42b3      	cmp	r3, r6
100086a4:	d012      	beq.n	100086cc <reset_device_core.constprop.0+0x5c>
100086a6:	2280      	movs	r2, #128	@ 0x80
100086a8:	4073      	eors	r3, r6
100086aa:	0452      	lsls	r2, r2, #17
100086ac:	4293      	cmp	r3, r2
100086ae:	d300      	bcc.n	100086b2 <reset_device_core.constprop.0+0x42>
100086b0:	e0e7      	b.n	10008882 <reset_device_core.constprop.0+0x212>
100086b2:	22ff      	movs	r2, #255	@ 0xff
100086b4:	0412      	lsls	r2, r2, #16
100086b6:	4213      	tst	r3, r2
100086b8:	d000      	beq.n	100086bc <reset_device_core.constprop.0+0x4c>
100086ba:	e0ef      	b.n	1000889c <reset_device_core.constprop.0+0x22c>
100086bc:	22ff      	movs	r2, #255	@ 0xff
100086be:	0212      	lsls	r2, r2, #8
100086c0:	4213      	tst	r3, r2
100086c2:	d000      	beq.n	100086c6 <reset_device_core.constprop.0+0x56>
100086c4:	e0fa      	b.n	100088bc <reset_device_core.constprop.0+0x24c>
100086c6:	23c0      	movs	r3, #192	@ 0xc0
100086c8:	055b      	lsls	r3, r3, #21
100086ca:	60a3      	str	r3, [r4, #8]
100086cc:	4641      	mov	r1, r8
100086ce:	0020      	movs	r0, r4
100086d0:	f7ff fb38 	bl	10007d44 <cyw43_set_backplane_window>
100086d4:	003a      	movs	r2, r7
100086d6:	2101      	movs	r1, #1
100086d8:	0020      	movs	r0, r4
100086da:	f7fe fe39 	bl	10007350 <cyw43_read_reg_u8>
100086de:	22c0      	movs	r2, #192	@ 0xc0
100086e0:	68a3      	ldr	r3, [r4, #8]
100086e2:	0552      	lsls	r2, r2, #21
100086e4:	0006      	movs	r6, r0
100086e6:	4691      	mov	r9, r2
100086e8:	4293      	cmp	r3, r2
100086ea:	d012      	beq.n	10008712 <reset_device_core.constprop.0+0xa2>
100086ec:	4053      	eors	r3, r2
100086ee:	2280      	movs	r2, #128	@ 0x80
100086f0:	0452      	lsls	r2, r2, #17
100086f2:	4293      	cmp	r3, r2
100086f4:	d300      	bcc.n	100086f8 <reset_device_core.constprop.0+0x88>
100086f6:	e19e      	b.n	10008a36 <reset_device_core.constprop.0+0x3c6>
100086f8:	22ff      	movs	r2, #255	@ 0xff
100086fa:	0412      	lsls	r2, r2, #16
100086fc:	4213      	tst	r3, r2
100086fe:	d000      	beq.n	10008702 <reset_device_core.constprop.0+0x92>
10008700:	e18d      	b.n	10008a1e <reset_device_core.constprop.0+0x3ae>
10008702:	22ff      	movs	r2, #255	@ 0xff
10008704:	0212      	lsls	r2, r2, #8
10008706:	4213      	tst	r3, r2
10008708:	d000      	beq.n	1000870c <reset_device_core.constprop.0+0x9c>
1000870a:	e180      	b.n	10008a0e <reset_device_core.constprop.0+0x39e>
1000870c:	23c0      	movs	r3, #192	@ 0xc0
1000870e:	055b      	lsls	r3, r3, #21
10008710:	60a3      	str	r3, [r4, #8]
10008712:	07f6      	lsls	r6, r6, #31
10008714:	d400      	bmi.n	10008718 <reset_device_core.constprop.0+0xa8>
10008716:	e1a1      	b.n	10008a5c <reset_device_core.constprop.0+0x3ec>
10008718:	2d01      	cmp	r5, #1
1000871a:	d100      	bne.n	1000871e <reset_device_core.constprop.0+0xae>
1000871c:	e19b      	b.n	10008a56 <reset_device_core.constprop.0+0x3e6>
1000871e:	4db1      	ldr	r5, [pc, #708]	@ (100089e4 <reset_device_core.constprop.0+0x374>)
10008720:	4eb1      	ldr	r6, [pc, #708]	@ (100089e8 <reset_device_core.constprop.0+0x378>)
10008722:	0031      	movs	r1, r6
10008724:	0020      	movs	r0, r4
10008726:	f7ff fb0d 	bl	10007d44 <cyw43_set_backplane_window>
1000872a:	2303      	movs	r3, #3
1000872c:	002a      	movs	r2, r5
1000872e:	2101      	movs	r1, #1
10008730:	0020      	movs	r0, r4
10008732:	f7ff f957 	bl	100079e4 <cyw43_write_reg_u8>
10008736:	22c0      	movs	r2, #192	@ 0xc0
10008738:	68a3      	ldr	r3, [r4, #8]
1000873a:	0552      	lsls	r2, r2, #21
1000873c:	4691      	mov	r9, r2
1000873e:	4293      	cmp	r3, r2
10008740:	d012      	beq.n	10008768 <reset_device_core.constprop.0+0xf8>
10008742:	4053      	eors	r3, r2
10008744:	2280      	movs	r2, #128	@ 0x80
10008746:	0452      	lsls	r2, r2, #17
10008748:	4293      	cmp	r3, r2
1000874a:	d300      	bcc.n	1000874e <reset_device_core.constprop.0+0xde>
1000874c:	e154      	b.n	100089f8 <reset_device_core.constprop.0+0x388>
1000874e:	22ff      	movs	r2, #255	@ 0xff
10008750:	0412      	lsls	r2, r2, #16
10008752:	4213      	tst	r3, r2
10008754:	d000      	beq.n	10008758 <reset_device_core.constprop.0+0xe8>
10008756:	e137      	b.n	100089c8 <reset_device_core.constprop.0+0x358>
10008758:	22ff      	movs	r2, #255	@ 0xff
1000875a:	0212      	lsls	r2, r2, #8
1000875c:	4213      	tst	r3, r2
1000875e:	d000      	beq.n	10008762 <reset_device_core.constprop.0+0xf2>
10008760:	e12a      	b.n	100089b8 <reset_device_core.constprop.0+0x348>
10008762:	23c0      	movs	r3, #192	@ 0xc0
10008764:	055b      	lsls	r3, r3, #21
10008766:	60a3      	str	r3, [r4, #8]
10008768:	0031      	movs	r1, r6
1000876a:	0020      	movs	r0, r4
1000876c:	f7ff faea 	bl	10007d44 <cyw43_set_backplane_window>
10008770:	002a      	movs	r2, r5
10008772:	2101      	movs	r1, #1
10008774:	0020      	movs	r0, r4
10008776:	f7fe fdeb 	bl	10007350 <cyw43_read_reg_u8>
1000877a:	22c0      	movs	r2, #192	@ 0xc0
1000877c:	68a3      	ldr	r3, [r4, #8]
1000877e:	0552      	lsls	r2, r2, #21
10008780:	4691      	mov	r9, r2
10008782:	4293      	cmp	r3, r2
10008784:	d012      	beq.n	100087ac <reset_device_core.constprop.0+0x13c>
10008786:	4053      	eors	r3, r2
10008788:	2280      	movs	r2, #128	@ 0x80
1000878a:	0452      	lsls	r2, r2, #17
1000878c:	4293      	cmp	r3, r2
1000878e:	d300      	bcc.n	10008792 <reset_device_core.constprop.0+0x122>
10008790:	e107      	b.n	100089a2 <reset_device_core.constprop.0+0x332>
10008792:	22ff      	movs	r2, #255	@ 0xff
10008794:	0412      	lsls	r2, r2, #16
10008796:	4213      	tst	r3, r2
10008798:	d000      	beq.n	1000879c <reset_device_core.constprop.0+0x12c>
1000879a:	e0f6      	b.n	1000898a <reset_device_core.constprop.0+0x31a>
1000879c:	22ff      	movs	r2, #255	@ 0xff
1000879e:	0212      	lsls	r2, r2, #8
100087a0:	4213      	tst	r3, r2
100087a2:	d000      	beq.n	100087a6 <reset_device_core.constprop.0+0x136>
100087a4:	e0e9      	b.n	1000897a <reset_device_core.constprop.0+0x30a>
100087a6:	23c0      	movs	r3, #192	@ 0xc0
100087a8:	055b      	lsls	r3, r3, #21
100087aa:	60a3      	str	r3, [r4, #8]
100087ac:	4641      	mov	r1, r8
100087ae:	0020      	movs	r0, r4
100087b0:	f7ff fac8 	bl	10007d44 <cyw43_set_backplane_window>
100087b4:	003a      	movs	r2, r7
100087b6:	27c0      	movs	r7, #192	@ 0xc0
100087b8:	2300      	movs	r3, #0
100087ba:	2101      	movs	r1, #1
100087bc:	0020      	movs	r0, r4
100087be:	f7ff f911 	bl	100079e4 <cyw43_write_reg_u8>
100087c2:	68a3      	ldr	r3, [r4, #8]
100087c4:	057f      	lsls	r7, r7, #21
100087c6:	42bb      	cmp	r3, r7
100087c8:	d012      	beq.n	100087f0 <reset_device_core.constprop.0+0x180>
100087ca:	2280      	movs	r2, #128	@ 0x80
100087cc:	407b      	eors	r3, r7
100087ce:	0452      	lsls	r2, r2, #17
100087d0:	4293      	cmp	r3, r2
100087d2:	d300      	bcc.n	100087d6 <reset_device_core.constprop.0+0x166>
100087d4:	e0c8      	b.n	10008968 <reset_device_core.constprop.0+0x2f8>
100087d6:	22ff      	movs	r2, #255	@ 0xff
100087d8:	0412      	lsls	r2, r2, #16
100087da:	4213      	tst	r3, r2
100087dc:	d000      	beq.n	100087e0 <reset_device_core.constprop.0+0x170>
100087de:	e0b7      	b.n	10008950 <reset_device_core.constprop.0+0x2e0>
100087e0:	22ff      	movs	r2, #255	@ 0xff
100087e2:	0212      	lsls	r2, r2, #8
100087e4:	4213      	tst	r3, r2
100087e6:	d000      	beq.n	100087ea <reset_device_core.constprop.0+0x17a>
100087e8:	e0aa      	b.n	10008940 <reset_device_core.constprop.0+0x2d0>
100087ea:	23c0      	movs	r3, #192	@ 0xc0
100087ec:	055b      	lsls	r3, r3, #21
100087ee:	60a3      	str	r3, [r4, #8]
100087f0:	27c0      	movs	r7, #192	@ 0xc0
100087f2:	2001      	movs	r0, #1
100087f4:	f001 fc7c 	bl	1000a0f0 <cyw43_delay_ms>
100087f8:	0031      	movs	r1, r6
100087fa:	0020      	movs	r0, r4
100087fc:	f7ff faa2 	bl	10007d44 <cyw43_set_backplane_window>
10008800:	2301      	movs	r3, #1
10008802:	002a      	movs	r2, r5
10008804:	2101      	movs	r1, #1
10008806:	0020      	movs	r0, r4
10008808:	f7ff f8ec 	bl	100079e4 <cyw43_write_reg_u8>
1000880c:	68a3      	ldr	r3, [r4, #8]
1000880e:	057f      	lsls	r7, r7, #21
10008810:	42bb      	cmp	r3, r7
10008812:	d011      	beq.n	10008838 <reset_device_core.constprop.0+0x1c8>
10008814:	2280      	movs	r2, #128	@ 0x80
10008816:	407b      	eors	r3, r7
10008818:	0452      	lsls	r2, r2, #17
1000881a:	4293      	cmp	r3, r2
1000881c:	d300      	bcc.n	10008820 <reset_device_core.constprop.0+0x1b0>
1000881e:	e086      	b.n	1000892e <reset_device_core.constprop.0+0x2be>
10008820:	22ff      	movs	r2, #255	@ 0xff
10008822:	0412      	lsls	r2, r2, #16
10008824:	4213      	tst	r3, r2
10008826:	d000      	beq.n	1000882a <reset_device_core.constprop.0+0x1ba>
10008828:	e075      	b.n	10008916 <reset_device_core.constprop.0+0x2a6>
1000882a:	22ff      	movs	r2, #255	@ 0xff
1000882c:	0212      	lsls	r2, r2, #8
1000882e:	4213      	tst	r3, r2
10008830:	d169      	bne.n	10008906 <reset_device_core.constprop.0+0x296>
10008832:	23c0      	movs	r3, #192	@ 0xc0
10008834:	055b      	lsls	r3, r3, #21
10008836:	60a3      	str	r3, [r4, #8]
10008838:	0031      	movs	r1, r6
1000883a:	0020      	movs	r0, r4
1000883c:	f7ff fa82 	bl	10007d44 <cyw43_set_backplane_window>
10008840:	002a      	movs	r2, r5
10008842:	25c0      	movs	r5, #192	@ 0xc0
10008844:	2101      	movs	r1, #1
10008846:	0020      	movs	r0, r4
10008848:	f7fe fd82 	bl	10007350 <cyw43_read_reg_u8>
1000884c:	68a3      	ldr	r3, [r4, #8]
1000884e:	056d      	lsls	r5, r5, #21
10008850:	42ab      	cmp	r3, r5
10008852:	d00f      	beq.n	10008874 <reset_device_core.constprop.0+0x204>
10008854:	2280      	movs	r2, #128	@ 0x80
10008856:	406b      	eors	r3, r5
10008858:	0452      	lsls	r2, r2, #17
1000885a:	4293      	cmp	r3, r2
1000885c:	d24a      	bcs.n	100088f4 <reset_device_core.constprop.0+0x284>
1000885e:	22ff      	movs	r2, #255	@ 0xff
10008860:	0412      	lsls	r2, r2, #16
10008862:	4213      	tst	r3, r2
10008864:	d13a      	bne.n	100088dc <reset_device_core.constprop.0+0x26c>
10008866:	22ff      	movs	r2, #255	@ 0xff
10008868:	0212      	lsls	r2, r2, #8
1000886a:	4213      	tst	r3, r2
1000886c:	d12e      	bne.n	100088cc <reset_device_core.constprop.0+0x25c>
1000886e:	23c0      	movs	r3, #192	@ 0xc0
10008870:	055b      	lsls	r3, r3, #21
10008872:	60a3      	str	r3, [r4, #8]
10008874:	2001      	movs	r0, #1
10008876:	f001 fc3b 	bl	1000a0f0 <cyw43_delay_ms>
1000887a:	bcc0      	pop	{r6, r7}
1000887c:	46b9      	mov	r9, r7
1000887e:	46b0      	mov	r8, r6
10008880:	bdf8      	pop	{r3, r4, r5, r6, r7, pc}
10008882:	2318      	movs	r3, #24
10008884:	4a59      	ldr	r2, [pc, #356]	@ (100089ec <reset_device_core.constprop.0+0x37c>)
10008886:	2101      	movs	r1, #1
10008888:	0020      	movs	r0, r4
1000888a:	f7ff f8ab 	bl	100079e4 <cyw43_write_reg_u8>
1000888e:	22ff      	movs	r2, #255	@ 0xff
10008890:	68a3      	ldr	r3, [r4, #8]
10008892:	0412      	lsls	r2, r2, #16
10008894:	4073      	eors	r3, r6
10008896:	4213      	tst	r3, r2
10008898:	d100      	bne.n	1000889c <reset_device_core.constprop.0+0x22c>
1000889a:	e70f      	b.n	100086bc <reset_device_core.constprop.0+0x4c>
1000889c:	23c0      	movs	r3, #192	@ 0xc0
1000889e:	4a54      	ldr	r2, [pc, #336]	@ (100089f0 <reset_device_core.constprop.0+0x380>)
100088a0:	015b      	lsls	r3, r3, #5
100088a2:	2101      	movs	r1, #1
100088a4:	0020      	movs	r0, r4
100088a6:	f7ff f89d 	bl	100079e4 <cyw43_write_reg_u8>
100088aa:	23c0      	movs	r3, #192	@ 0xc0
100088ac:	68a2      	ldr	r2, [r4, #8]
100088ae:	055b      	lsls	r3, r3, #21
100088b0:	4053      	eors	r3, r2
100088b2:	22ff      	movs	r2, #255	@ 0xff
100088b4:	0212      	lsls	r2, r2, #8
100088b6:	4213      	tst	r3, r2
100088b8:	d100      	bne.n	100088bc <reset_device_core.constprop.0+0x24c>
100088ba:	e704      	b.n	100086c6 <reset_device_core.constprop.0+0x56>
100088bc:	23c0      	movs	r3, #192	@ 0xc0
100088be:	2101      	movs	r1, #1
100088c0:	0020      	movs	r0, r4
100088c2:	4a4c      	ldr	r2, [pc, #304]	@ (100089f4 <reset_device_core.constprop.0+0x384>)
100088c4:	035b      	lsls	r3, r3, #13
100088c6:	f7ff f88d 	bl	100079e4 <cyw43_write_reg_u8>
100088ca:	e6fc      	b.n	100086c6 <reset_device_core.constprop.0+0x56>
100088cc:	23c0      	movs	r3, #192	@ 0xc0
100088ce:	2101      	movs	r1, #1
100088d0:	0020      	movs	r0, r4
100088d2:	4a48      	ldr	r2, [pc, #288]	@ (100089f4 <reset_device_core.constprop.0+0x384>)
100088d4:	035b      	lsls	r3, r3, #13
100088d6:	f7ff f885 	bl	100079e4 <cyw43_write_reg_u8>
100088da:	e7c8      	b.n	1000886e <reset_device_core.constprop.0+0x1fe>
100088dc:	23c0      	movs	r3, #192	@ 0xc0
100088de:	4a44      	ldr	r2, [pc, #272]	@ (100089f0 <reset_device_core.constprop.0+0x380>)
100088e0:	015b      	lsls	r3, r3, #5
100088e2:	2101      	movs	r1, #1
100088e4:	0020      	movs	r0, r4
100088e6:	f7ff f87d 	bl	100079e4 <cyw43_write_reg_u8>
100088ea:	23c0      	movs	r3, #192	@ 0xc0
100088ec:	68a2      	ldr	r2, [r4, #8]
100088ee:	055b      	lsls	r3, r3, #21
100088f0:	4053      	eors	r3, r2
100088f2:	e7b8      	b.n	10008866 <reset_device_core.constprop.0+0x1f6>
100088f4:	2318      	movs	r3, #24
100088f6:	2101      	movs	r1, #1
100088f8:	0020      	movs	r0, r4
100088fa:	4a3c      	ldr	r2, [pc, #240]	@ (100089ec <reset_device_core.constprop.0+0x37c>)
100088fc:	f7ff f872 	bl	100079e4 <cyw43_write_reg_u8>
10008900:	68a3      	ldr	r3, [r4, #8]
10008902:	406b      	eors	r3, r5
10008904:	e7ab      	b.n	1000885e <reset_device_core.constprop.0+0x1ee>
10008906:	23c0      	movs	r3, #192	@ 0xc0
10008908:	2101      	movs	r1, #1
1000890a:	0020      	movs	r0, r4
1000890c:	4a39      	ldr	r2, [pc, #228]	@ (100089f4 <reset_device_core.constprop.0+0x384>)
1000890e:	035b      	lsls	r3, r3, #13
10008910:	f7ff f868 	bl	100079e4 <cyw43_write_reg_u8>
10008914:	e78d      	b.n	10008832 <reset_device_core.constprop.0+0x1c2>
10008916:	23c0      	movs	r3, #192	@ 0xc0
10008918:	4a35      	ldr	r2, [pc, #212]	@ (100089f0 <reset_device_core.constprop.0+0x380>)
1000891a:	015b      	lsls	r3, r3, #5
1000891c:	2101      	movs	r1, #1
1000891e:	0020      	movs	r0, r4
10008920:	f7ff f860 	bl	100079e4 <cyw43_write_reg_u8>
10008924:	23c0      	movs	r3, #192	@ 0xc0
10008926:	68a2      	ldr	r2, [r4, #8]
10008928:	055b      	lsls	r3, r3, #21
1000892a:	4053      	eors	r3, r2
1000892c:	e77d      	b.n	1000882a <reset_device_core.constprop.0+0x1ba>
1000892e:	2318      	movs	r3, #24
10008930:	2101      	movs	r1, #1
10008932:	0020      	movs	r0, r4
10008934:	4a2d      	ldr	r2, [pc, #180]	@ (100089ec <reset_device_core.constprop.0+0x37c>)
10008936:	f7ff f855 	bl	100079e4 <cyw43_write_reg_u8>
1000893a:	68a3      	ldr	r3, [r4, #8]
1000893c:	407b      	eors	r3, r7
1000893e:	e76f      	b.n	10008820 <reset_device_core.constprop.0+0x1b0>
10008940:	23c0      	movs	r3, #192	@ 0xc0
10008942:	2101      	movs	r1, #1
10008944:	0020      	movs	r0, r4
10008946:	4a2b      	ldr	r2, [pc, #172]	@ (100089f4 <reset_device_core.constprop.0+0x384>)
10008948:	035b      	lsls	r3, r3, #13
1000894a:	f7ff f84b 	bl	100079e4 <cyw43_write_reg_u8>
1000894e:	e74c      	b.n	100087ea <reset_device_core.constprop.0+0x17a>
10008950:	23c0      	movs	r3, #192	@ 0xc0
10008952:	4a27      	ldr	r2, [pc, #156]	@ (100089f0 <reset_device_core.constprop.0+0x380>)
10008954:	015b      	lsls	r3, r3, #5
10008956:	2101      	movs	r1, #1
10008958:	0020      	movs	r0, r4
1000895a:	f7ff f843 	bl	100079e4 <cyw43_write_reg_u8>
1000895e:	23c0      	movs	r3, #192	@ 0xc0
10008960:	68a2      	ldr	r2, [r4, #8]
10008962:	055b      	lsls	r3, r3, #21
10008964:	4053      	eors	r3, r2
10008966:	e73b      	b.n	100087e0 <reset_device_core.constprop.0+0x170>
10008968:	2318      	movs	r3, #24
1000896a:	2101      	movs	r1, #1
1000896c:	0020      	movs	r0, r4
1000896e:	4a1f      	ldr	r2, [pc, #124]	@ (100089ec <reset_device_core.constprop.0+0x37c>)
10008970:	f7ff f838 	bl	100079e4 <cyw43_write_reg_u8>
10008974:	68a3      	ldr	r3, [r4, #8]
10008976:	407b      	eors	r3, r7
10008978:	e72d      	b.n	100087d6 <reset_device_core.constprop.0+0x166>
1000897a:	23c0      	movs	r3, #192	@ 0xc0
1000897c:	2101      	movs	r1, #1
1000897e:	0020      	movs	r0, r4
10008980:	4a1c      	ldr	r2, [pc, #112]	@ (100089f4 <reset_device_core.constprop.0+0x384>)
10008982:	035b      	lsls	r3, r3, #13
10008984:	f7ff f82e 	bl	100079e4 <cyw43_write_reg_u8>
10008988:	e70d      	b.n	100087a6 <reset_device_core.constprop.0+0x136>
1000898a:	23c0      	movs	r3, #192	@ 0xc0
1000898c:	4a18      	ldr	r2, [pc, #96]	@ (100089f0 <reset_device_core.constprop.0+0x380>)
1000898e:	015b      	lsls	r3, r3, #5
10008990:	2101      	movs	r1, #1
10008992:	0020      	movs	r0, r4
10008994:	f7ff f826 	bl	100079e4 <cyw43_write_reg_u8>
10008998:	23c0      	movs	r3, #192	@ 0xc0
1000899a:	68a2      	ldr	r2, [r4, #8]
1000899c:	055b      	lsls	r3, r3, #21
1000899e:	4053      	eors	r3, r2
100089a0:	e6fc      	b.n	1000879c <reset_device_core.constprop.0+0x12c>
100089a2:	2318      	movs	r3, #24
100089a4:	4a11      	ldr	r2, [pc, #68]	@ (100089ec <reset_device_core.constprop.0+0x37c>)
100089a6:	2101      	movs	r1, #1
100089a8:	0020      	movs	r0, r4
100089aa:	f7ff f81b 	bl	100079e4 <cyw43_write_reg_u8>
100089ae:	464a      	mov	r2, r9
100089b0:	68a3      	ldr	r3, [r4, #8]
100089b2:	405a      	eors	r2, r3
100089b4:	0013      	movs	r3, r2
100089b6:	e6ec      	b.n	10008792 <reset_device_core.constprop.0+0x122>
100089b8:	23c0      	movs	r3, #192	@ 0xc0
100089ba:	2101      	movs	r1, #1
100089bc:	0020      	movs	r0, r4
100089be:	4a0d      	ldr	r2, [pc, #52]	@ (100089f4 <reset_device_core.constprop.0+0x384>)
100089c0:	035b      	lsls	r3, r3, #13
100089c2:	f7ff f80f 	bl	100079e4 <cyw43_write_reg_u8>
100089c6:	e6cc      	b.n	10008762 <reset_device_core.constprop.0+0xf2>
100089c8:	23c0      	movs	r3, #192	@ 0xc0
100089ca:	4a09      	ldr	r2, [pc, #36]	@ (100089f0 <reset_device_core.constprop.0+0x380>)
100089cc:	015b      	lsls	r3, r3, #5
100089ce:	2101      	movs	r1, #1
100089d0:	0020      	movs	r0, r4
100089d2:	f7ff f807 	bl	100079e4 <cyw43_write_reg_u8>
100089d6:	23c0      	movs	r3, #192	@ 0xc0
100089d8:	68a2      	ldr	r2, [r4, #8]
100089da:	055b      	lsls	r3, r3, #21
100089dc:	4053      	eors	r3, r2
100089de:	e6bb      	b.n	10008758 <reset_device_core.constprop.0+0xe8>
100089e0:	18104800 	.word	0x18104800
100089e4:	0000c408 	.word	0x0000c408
100089e8:	18104408 	.word	0x18104408
100089ec:	0001000c 	.word	0x0001000c
100089f0:	0001000b 	.word	0x0001000b
100089f4:	0001000a 	.word	0x0001000a
100089f8:	2318      	movs	r3, #24
100089fa:	4a1a      	ldr	r2, [pc, #104]	@ (10008a64 <reset_device_core.constprop.0+0x3f4>)
100089fc:	2101      	movs	r1, #1
100089fe:	0020      	movs	r0, r4
10008a00:	f7fe fff0 	bl	100079e4 <cyw43_write_reg_u8>
10008a04:	464a      	mov	r2, r9
10008a06:	68a3      	ldr	r3, [r4, #8]
10008a08:	405a      	eors	r2, r3
10008a0a:	0013      	movs	r3, r2
10008a0c:	e69f      	b.n	1000874e <reset_device_core.constprop.0+0xde>
10008a0e:	23c0      	movs	r3, #192	@ 0xc0
10008a10:	2101      	movs	r1, #1
10008a12:	0020      	movs	r0, r4
10008a14:	4a14      	ldr	r2, [pc, #80]	@ (10008a68 <reset_device_core.constprop.0+0x3f8>)
10008a16:	035b      	lsls	r3, r3, #13
10008a18:	f7fe ffe4 	bl	100079e4 <cyw43_write_reg_u8>
10008a1c:	e676      	b.n	1000870c <reset_device_core.constprop.0+0x9c>
10008a1e:	23c0      	movs	r3, #192	@ 0xc0
10008a20:	4a12      	ldr	r2, [pc, #72]	@ (10008a6c <reset_device_core.constprop.0+0x3fc>)
10008a22:	015b      	lsls	r3, r3, #5
10008a24:	2101      	movs	r1, #1
10008a26:	0020      	movs	r0, r4
10008a28:	f7fe ffdc 	bl	100079e4 <cyw43_write_reg_u8>
10008a2c:	23c0      	movs	r3, #192	@ 0xc0
10008a2e:	68a2      	ldr	r2, [r4, #8]
10008a30:	055b      	lsls	r3, r3, #21
10008a32:	4053      	eors	r3, r2
10008a34:	e665      	b.n	10008702 <reset_device_core.constprop.0+0x92>
10008a36:	2318      	movs	r3, #24
10008a38:	4a0a      	ldr	r2, [pc, #40]	@ (10008a64 <reset_device_core.constprop.0+0x3f4>)
10008a3a:	2101      	movs	r1, #1
10008a3c:	0020      	movs	r0, r4
10008a3e:	f7fe ffd1 	bl	100079e4 <cyw43_write_reg_u8>
10008a42:	464a      	mov	r2, r9
10008a44:	68a3      	ldr	r3, [r4, #8]
10008a46:	405a      	eors	r2, r3
10008a48:	0013      	movs	r3, r2
10008a4a:	e655      	b.n	100086f8 <reset_device_core.constprop.0+0x88>
10008a4c:	27b8      	movs	r7, #184	@ 0xb8
10008a4e:	4b08      	ldr	r3, [pc, #32]	@ (10008a70 <reset_device_core.constprop.0+0x400>)
10008a50:	023f      	lsls	r7, r7, #8
10008a52:	4698      	mov	r8, r3
10008a54:	e619      	b.n	1000868a <reset_device_core.constprop.0+0x1a>
10008a56:	4d07      	ldr	r5, [pc, #28]	@ (10008a74 <reset_device_core.constprop.0+0x404>)
10008a58:	4e07      	ldr	r6, [pc, #28]	@ (10008a78 <reset_device_core.constprop.0+0x408>)
10008a5a:	e662      	b.n	10008722 <reset_device_core.constprop.0+0xb2>
10008a5c:	4807      	ldr	r0, [pc, #28]	@ (10008a7c <reset_device_core.constprop.0+0x40c>)
10008a5e:	f7fb fc19 	bl	10004294 <__wrap_puts>
10008a62:	e659      	b.n	10008718 <reset_device_core.constprop.0+0xa8>
10008a64:	0001000c 	.word	0x0001000c
10008a68:	0001000a 	.word	0x0001000a
10008a6c:	0001000b 	.word	0x0001000b
10008a70:	18103800 	.word	0x18103800
10008a74:	0000b408 	.word	0x0000b408
10008a78:	18103408 	.word	0x18103408
10008a7c:	1000ad24 	.word	0x1000ad24

10008a80 <cyw43_ll_init>:
10008a80:	2280      	movs	r2, #128	@ 0x80
10008a82:	2300      	movs	r3, #0
10008a84:	0052      	lsls	r2, r2, #1
10008a86:	8182      	strh	r2, [r0, #12]
10008a88:	4a03      	ldr	r2, [pc, #12]	@ (10008a98 <cyw43_ll_init+0x18>)
10008a8a:	6001      	str	r1, [r0, #0]
10008a8c:	6083      	str	r3, [r0, #8]
10008a8e:	7383      	strb	r3, [r0, #14]
10008a90:	6103      	str	r3, [r0, #16]
10008a92:	5083      	str	r3, [r0, r2]
10008a94:	4770      	bx	lr
10008a96:	46c0      	nop			@ (mov r8, r8)
10008a98:	0000084c 	.word	0x0000084c

10008a9c <cyw43_ll_deinit>:
10008a9c:	b510      	push	{r4, lr}
10008a9e:	f7fe f8bd 	bl	10006c1c <cyw43_spi_deinit>
10008aa2:	bd10      	pop	{r4, pc}

10008aa4 <cyw43_ll_process_packets>:
10008aa4:	b510      	push	{r4, lr}
10008aa6:	0004      	movs	r4, r0
10008aa8:	b082      	sub	sp, #8
10008aaa:	4669      	mov	r1, sp
10008aac:	0020      	movs	r0, r4
10008aae:	aa01      	add	r2, sp, #4
10008ab0:	f7ff fa58 	bl	10007f64 <cyw43_ll_sdpcm_poll_device>
10008ab4:	1c43      	adds	r3, r0, #1
10008ab6:	d014      	beq.n	10008ae2 <cyw43_ll_process_packets+0x3e>
10008ab8:	1d03      	adds	r3, r0, #4
10008aba:	d0f6      	beq.n	10008aaa <cyw43_ll_process_packets+0x6>
10008abc:	2801      	cmp	r0, #1
10008abe:	d012      	beq.n	10008ae6 <cyw43_ll_process_packets+0x42>
10008ac0:	2802      	cmp	r0, #2
10008ac2:	d1f2      	bne.n	10008aaa <cyw43_ll_process_packets+0x6>
10008ac4:	9900      	ldr	r1, [sp, #0]
10008ac6:	9b01      	ldr	r3, [sp, #4]
10008ac8:	004a      	lsls	r2, r1, #1
10008aca:	6820      	ldr	r0, [r4, #0]
10008acc:	0852      	lsrs	r2, r2, #1
10008ace:	0fc9      	lsrs	r1, r1, #31
10008ad0:	f001 fb3e 	bl	1000a150 <cyw43_cb_process_ethernet>
10008ad4:	4669      	mov	r1, sp
10008ad6:	0020      	movs	r0, r4
10008ad8:	aa01      	add	r2, sp, #4
10008ada:	f7ff fa43 	bl	10007f64 <cyw43_ll_sdpcm_poll_device>
10008ade:	1c43      	adds	r3, r0, #1
10008ae0:	d1ea      	bne.n	10008ab8 <cyw43_ll_process_packets+0x14>
10008ae2:	b002      	add	sp, #8
10008ae4:	bd10      	pop	{r4, pc}
10008ae6:	9901      	ldr	r1, [sp, #4]
10008ae8:	9800      	ldr	r0, [sp, #0]
10008aea:	f7ff f95f 	bl	10007dac <cyw43_ll_parse_async_event>
10008aee:	0001      	movs	r1, r0
10008af0:	0020      	movs	r0, r4
10008af2:	f000 fe93 	bl	1000981c <cyw43_cb_process_async_event>
10008af6:	e7d8      	b.n	10008aaa <cyw43_ll_process_packets+0x6>

10008af8 <cyw43_ll_ioctl>:
10008af8:	b5f0      	push	{r4, r5, r6, r7, lr}
10008afa:	2702      	movs	r7, #2
10008afc:	46c6      	mov	lr, r8
10008afe:	4698      	mov	r8, r3
10008b00:	004b      	lsls	r3, r1, #1
10008b02:	401f      	ands	r7, r3
10008b04:	2380      	movs	r3, #128	@ 0x80
10008b06:	b500      	push	{lr}
10008b08:	0016      	movs	r6, r2
10008b0a:	321c      	adds	r2, #28
10008b0c:	0004      	movs	r4, r0
10008b0e:	b082      	sub	sp, #8
10008b10:	084d      	lsrs	r5, r1, #1
10008b12:	011b      	lsls	r3, r3, #4
10008b14:	429a      	cmp	r2, r3
10008b16:	d82b      	bhi.n	10008b70 <cyw43_ll_ioctl+0x78>
10008b18:	0433      	lsls	r3, r6, #16
10008b1a:	8a00      	ldrh	r0, [r0, #16]
10008b1c:	0c1b      	lsrs	r3, r3, #16
10008b1e:	63a3      	str	r3, [r4, #56]	@ 0x38
10008b20:	9b08      	ldr	r3, [sp, #32]
10008b22:	3001      	adds	r0, #1
10008b24:	b280      	uxth	r0, r0
10008b26:	031b      	lsls	r3, r3, #12
10008b28:	8220      	strh	r0, [r4, #16]
10008b2a:	433b      	orrs	r3, r7
10008b2c:	0400      	lsls	r0, r0, #16
10008b2e:	4303      	orrs	r3, r0
10008b30:	63e3      	str	r3, [r4, #60]	@ 0x3c
10008b32:	0020      	movs	r0, r4
10008b34:	2300      	movs	r3, #0
10008b36:	0032      	movs	r2, r6
10008b38:	4641      	mov	r1, r8
10008b3a:	6423      	str	r3, [r4, #64]	@ 0x40
10008b3c:	6365      	str	r5, [r4, #52]	@ 0x34
10008b3e:	3044      	adds	r0, #68	@ 0x44
10008b40:	f001 fe46 	bl	1000a7d0 <memmove>
10008b44:	0023      	movs	r3, r4
10008b46:	0032      	movs	r2, r6
10008b48:	2100      	movs	r1, #0
10008b4a:	0020      	movs	r0, r4
10008b4c:	3328      	adds	r3, #40	@ 0x28
10008b4e:	3210      	adds	r2, #16
10008b50:	f7ff fb24 	bl	1000819c <cyw43_sdpcm_send_common>
10008b54:	2800      	cmp	r0, #0
10008b56:	d107      	bne.n	10008b68 <cyw43_ll_ioctl+0x70>
10008b58:	4643      	mov	r3, r8
10008b5a:	002a      	movs	r2, r5
10008b5c:	9300      	str	r3, [sp, #0]
10008b5e:	0039      	movs	r1, r7
10008b60:	0033      	movs	r3, r6
10008b62:	0020      	movs	r0, r4
10008b64:	f7ff fb98 	bl	10008298 <cyw43_do_ioctl.part.0>
10008b68:	b002      	add	sp, #8
10008b6a:	bc80      	pop	{r7}
10008b6c:	46b8      	mov	r8, r7
10008b6e:	bdf0      	pop	{r4, r5, r6, r7, pc}
10008b70:	2005      	movs	r0, #5
10008b72:	4240      	negs	r0, r0
10008b74:	e7f8      	b.n	10008b68 <cyw43_ll_ioctl+0x70>
10008b76:	46c0      	nop			@ (mov r8, r8)

10008b78 <cyw43_ll_bus_sleep>:
10008b78:	b510      	push	{r4, lr}
10008b7a:	0004      	movs	r4, r0
10008b7c:	2900      	cmp	r1, #0
10008b7e:	d009      	beq.n	10008b94 <cyw43_ll_bus_sleep+0x1c>
10008b80:	7c83      	ldrb	r3, [r0, #18]
10008b82:	2b00      	cmp	r3, #0
10008b84:	d100      	bne.n	10008b88 <cyw43_ll_bus_sleep+0x10>
10008b86:	bd10      	pop	{r4, pc}
10008b88:	2300      	movs	r3, #0
10008b8a:	2100      	movs	r1, #0
10008b8c:	7483      	strb	r3, [r0, #18]
10008b8e:	f7ff f9a9 	bl	10007ee4 <cyw43_kso_set>
10008b92:	e7f8      	b.n	10008b86 <cyw43_ll_bus_sleep+0xe>
10008b94:	f000 fe3c 	bl	10009810 <cyw43_cb_ensure_awake>
10008b98:	7ca3      	ldrb	r3, [r4, #18]
10008b9a:	2b00      	cmp	r3, #0
10008b9c:	d1f3      	bne.n	10008b86 <cyw43_ll_bus_sleep+0xe>
10008b9e:	2101      	movs	r1, #1
10008ba0:	0020      	movs	r0, r4
10008ba2:	f7ff f99f 	bl	10007ee4 <cyw43_kso_set>
10008ba6:	2301      	movs	r3, #1
10008ba8:	74a3      	strb	r3, [r4, #18]
10008baa:	e7ec      	b.n	10008b86 <cyw43_ll_bus_sleep+0xe>

10008bac <cyw43_ll_wifi_get_mac>:
10008bac:	b5f0      	push	{r4, r5, r6, r7, lr}
10008bae:	46c6      	mov	lr, r8
10008bb0:	0007      	movs	r7, r0
10008bb2:	0004      	movs	r4, r0
10008bb4:	b500      	push	{lr}
10008bb6:	3744      	adds	r7, #68	@ 0x44
10008bb8:	2214      	movs	r2, #20
10008bba:	b082      	sub	sp, #8
10008bbc:	000e      	movs	r6, r1
10008bbe:	0038      	movs	r0, r7
10008bc0:	4917      	ldr	r1, [pc, #92]	@ (10008c20 <cyw43_ll_wifi_get_mac+0x74>)
10008bc2:	f7f9 fd55 	bl	10002670 <__wrap___aeabi_memcpy>
10008bc6:	8a23      	ldrh	r3, [r4, #16]
10008bc8:	2283      	movs	r2, #131	@ 0x83
10008bca:	3301      	adds	r3, #1
10008bcc:	b29b      	uxth	r3, r3
10008bce:	8223      	strh	r3, [r4, #16]
10008bd0:	041b      	lsls	r3, r3, #16
10008bd2:	63e3      	str	r3, [r4, #60]	@ 0x3c
10008bd4:	2300      	movs	r3, #0
10008bd6:	6423      	str	r3, [r4, #64]	@ 0x40
10008bd8:	0023      	movs	r3, r4
10008bda:	0052      	lsls	r2, r2, #1
10008bdc:	6362      	str	r2, [r4, #52]	@ 0x34
10008bde:	4690      	mov	r8, r2
10008be0:	3af2      	subs	r2, #242	@ 0xf2
10008be2:	63a2      	str	r2, [r4, #56]	@ 0x38
10008be4:	2100      	movs	r1, #0
10008be6:	0020      	movs	r0, r4
10008be8:	3328      	adds	r3, #40	@ 0x28
10008bea:	3210      	adds	r2, #16
10008bec:	f7ff fad6 	bl	1000819c <cyw43_sdpcm_send_common>
10008bf0:	1e05      	subs	r5, r0, #0
10008bf2:	d10d      	bne.n	10008c10 <cyw43_ll_wifi_get_mac+0x64>
10008bf4:	2314      	movs	r3, #20
10008bf6:	4642      	mov	r2, r8
10008bf8:	2100      	movs	r1, #0
10008bfa:	0020      	movs	r0, r4
10008bfc:	9700      	str	r7, [sp, #0]
10008bfe:	f7ff fb4b 	bl	10008298 <cyw43_do_ioctl.part.0>
10008c02:	1e05      	subs	r5, r0, #0
10008c04:	d109      	bne.n	10008c1a <cyw43_ll_wifi_get_mac+0x6e>
10008c06:	2206      	movs	r2, #6
10008c08:	0039      	movs	r1, r7
10008c0a:	0030      	movs	r0, r6
10008c0c:	f7f9 fd30 	bl	10002670 <__wrap___aeabi_memcpy>
10008c10:	0028      	movs	r0, r5
10008c12:	b002      	add	sp, #8
10008c14:	bc80      	pop	{r7}
10008c16:	46b8      	mov	r8, r7
10008c18:	bdf0      	pop	{r4, r5, r6, r7, pc}
10008c1a:	2502      	movs	r5, #2
10008c1c:	426d      	negs	r5, r5
10008c1e:	e7f7      	b.n	10008c10 <cyw43_ll_wifi_get_mac+0x64>
10008c20:	1004276c 	.word	0x1004276c

10008c24 <cyw43_ll_bus_init>:
10008c24:	b5f0      	push	{r4, r5, r6, r7, lr}
10008c26:	4657      	mov	r7, sl
10008c28:	46de      	mov	lr, fp
10008c2a:	464e      	mov	r6, r9
10008c2c:	4645      	mov	r5, r8
10008c2e:	b5e0      	push	{r5, r6, r7, lr}
10008c30:	4bb1      	ldr	r3, [pc, #708]	@ (10008ef8 <cyw43_ll_bus_init+0x2d4>)
10008c32:	b089      	sub	sp, #36	@ 0x24
10008c34:	6a9b      	ldr	r3, [r3, #40]	@ 0x28
10008c36:	0004      	movs	r4, r0
10008c38:	6043      	str	r3, [r0, #4]
10008c3a:	000f      	movs	r7, r1
10008c3c:	f7fe f824 	bl	10006c88 <cyw43_spi_init>
10008c40:	2800      	cmp	r0, #0
10008c42:	d112      	bne.n	10008c6a <cyw43_ll_bus_init+0x46>
10008c44:	f7fe fad8 	bl	100071f8 <cyw43_spi_gpio_setup>
10008c48:	250a      	movs	r5, #10
10008c4a:	f7fe faf3 	bl	10007234 <cyw43_spi_reset>
10008c4e:	4eab      	ldr	r6, [pc, #684]	@ (10008efc <cyw43_ll_bus_init+0x2d8>)
10008c50:	2214      	movs	r2, #20
10008c52:	2100      	movs	r1, #0
10008c54:	0020      	movs	r0, r4
10008c56:	f7fe fb01 	bl	1000725c <read_reg_u32_swap>
10008c5a:	42b0      	cmp	r0, r6
10008c5c:	d012      	beq.n	10008c84 <cyw43_ll_bus_init+0x60>
10008c5e:	2001      	movs	r0, #1
10008c60:	3d01      	subs	r5, #1
10008c62:	f001 fa45 	bl	1000a0f0 <cyw43_delay_ms>
10008c66:	2d00      	cmp	r5, #0
10008c68:	d1f2      	bne.n	10008c50 <cyw43_ll_bus_init+0x2c>
10008c6a:	48a5      	ldr	r0, [pc, #660]	@ (10008f00 <cyw43_ll_bus_init+0x2dc>)
10008c6c:	f7fb fb12 	bl	10004294 <__wrap_puts>
10008c70:	2506      	movs	r5, #6
10008c72:	426d      	negs	r5, r5
10008c74:	0028      	movs	r0, r5
10008c76:	b009      	add	sp, #36	@ 0x24
10008c78:	bcf0      	pop	{r4, r5, r6, r7}
10008c7a:	46bb      	mov	fp, r7
10008c7c:	46b2      	mov	sl, r6
10008c7e:	46a9      	mov	r9, r5
10008c80:	46a0      	mov	r8, r4
10008c82:	bdf0      	pop	{r4, r5, r6, r7, pc}
10008c84:	2200      	movs	r2, #0
10008c86:	2100      	movs	r1, #0
10008c88:	0020      	movs	r0, r4
10008c8a:	4b9e      	ldr	r3, [pc, #632]	@ (10008f04 <cyw43_ll_bus_init+0x2e0>)
10008c8c:	f7fe fb8c 	bl	100073a8 <write_reg_u32_swap>
10008c90:	2800      	cmp	r0, #0
10008c92:	d1ea      	bne.n	10008c6a <cyw43_ll_bus_init+0x46>
10008c94:	2200      	movs	r2, #0
10008c96:	2100      	movs	r1, #0
10008c98:	0020      	movs	r0, r4
10008c9a:	f7fe fb01 	bl	100072a0 <cyw43_read_reg_u32>
10008c9e:	2310      	movs	r3, #16
10008ca0:	221d      	movs	r2, #29
10008ca2:	2100      	movs	r1, #0
10008ca4:	0020      	movs	r0, r4
10008ca6:	f7fe fe9d 	bl	100079e4 <cyw43_write_reg_u8>
10008caa:	2800      	cmp	r0, #0
10008cac:	d1dd      	bne.n	10008c6a <cyw43_ll_bus_init+0x46>
10008cae:	2399      	movs	r3, #153	@ 0x99
10008cb0:	2204      	movs	r2, #4
10008cb2:	2100      	movs	r1, #0
10008cb4:	0020      	movs	r0, r4
10008cb6:	f7fe fe95 	bl	100079e4 <cyw43_write_reg_u8>
10008cba:	2800      	cmp	r0, #0
10008cbc:	d1d5      	bne.n	10008c6a <cyw43_ll_bus_init+0x46>
10008cbe:	23be      	movs	r3, #190	@ 0xbe
10008cc0:	2206      	movs	r2, #6
10008cc2:	2100      	movs	r1, #0
10008cc4:	0020      	movs	r0, r4
10008cc6:	f7fe fd83 	bl	100077d0 <cyw43_write_reg_u16>
10008cca:	2800      	cmp	r0, #0
10008ccc:	d1cd      	bne.n	10008c6a <cyw43_ll_bus_init+0x46>
10008cce:	2308      	movs	r3, #8
10008cd0:	2101      	movs	r1, #1
10008cd2:	0020      	movs	r0, r4
10008cd4:	4a8c      	ldr	r2, [pc, #560]	@ (10008f08 <cyw43_ll_bus_init+0x2e4>)
10008cd6:	f7fe fe85 	bl	100079e4 <cyw43_write_reg_u8>
10008cda:	250a      	movs	r5, #10
10008cdc:	2640      	movs	r6, #64	@ 0x40
10008cde:	2101      	movs	r1, #1
10008ce0:	0020      	movs	r0, r4
10008ce2:	4a89      	ldr	r2, [pc, #548]	@ (10008f08 <cyw43_ll_bus_init+0x2e4>)
10008ce4:	f7fe fb34 	bl	10007350 <cyw43_read_reg_u8>
10008ce8:	4206      	tst	r6, r0
10008cea:	d109      	bne.n	10008d00 <cyw43_ll_bus_init+0xdc>
10008cec:	2001      	movs	r0, #1
10008cee:	3d01      	subs	r5, #1
10008cf0:	f001 f9fe 	bl	1000a0f0 <cyw43_delay_ms>
10008cf4:	2d00      	cmp	r5, #0
10008cf6:	d1f2      	bne.n	10008cde <cyw43_ll_bus_init+0xba>
10008cf8:	4884      	ldr	r0, [pc, #528]	@ (10008f0c <cyw43_ll_bus_init+0x2e8>)
10008cfa:	f7fb facb 	bl	10004294 <__wrap_puts>
10008cfe:	e7b7      	b.n	10008c70 <cyw43_ll_bus_init+0x4c>
10008d00:	2300      	movs	r3, #0
10008d02:	4a81      	ldr	r2, [pc, #516]	@ (10008f08 <cyw43_ll_bus_init+0x2e4>)
10008d04:	2101      	movs	r1, #1
10008d06:	0020      	movs	r0, r4
10008d08:	f7fe fe6c 	bl	100079e4 <cyw43_write_reg_u8>
10008d0c:	0020      	movs	r0, r4
10008d0e:	4980      	ldr	r1, [pc, #512]	@ (10008f10 <cyw43_ll_bus_init+0x2ec>)
10008d10:	f7ff f818 	bl	10007d44 <cyw43_set_backplane_window>
10008d14:	22b8      	movs	r2, #184	@ 0xb8
10008d16:	25c0      	movs	r5, #192	@ 0xc0
10008d18:	2101      	movs	r1, #1
10008d1a:	0020      	movs	r0, r4
10008d1c:	0212      	lsls	r2, r2, #8
10008d1e:	f7fe fb17 	bl	10007350 <cyw43_read_reg_u8>
10008d22:	68a3      	ldr	r3, [r4, #8]
10008d24:	056d      	lsls	r5, r5, #21
10008d26:	42ab      	cmp	r3, r5
10008d28:	d012      	beq.n	10008d50 <cyw43_ll_bus_init+0x12c>
10008d2a:	2280      	movs	r2, #128	@ 0x80
10008d2c:	406b      	eors	r3, r5
10008d2e:	0452      	lsls	r2, r2, #17
10008d30:	4293      	cmp	r3, r2
10008d32:	d300      	bcc.n	10008d36 <cyw43_ll_bus_init+0x112>
10008d34:	e2e4      	b.n	10009300 <cyw43_ll_bus_init+0x6dc>
10008d36:	22ff      	movs	r2, #255	@ 0xff
10008d38:	0412      	lsls	r2, r2, #16
10008d3a:	4213      	tst	r3, r2
10008d3c:	d000      	beq.n	10008d40 <cyw43_ll_bus_init+0x11c>
10008d3e:	e2d3      	b.n	100092e8 <cyw43_ll_bus_init+0x6c4>
10008d40:	22ff      	movs	r2, #255	@ 0xff
10008d42:	0212      	lsls	r2, r2, #8
10008d44:	4213      	tst	r3, r2
10008d46:	d000      	beq.n	10008d4a <cyw43_ll_bus_init+0x126>
10008d48:	e2c6      	b.n	100092d8 <cyw43_ll_bus_init+0x6b4>
10008d4a:	23c0      	movs	r3, #192	@ 0xc0
10008d4c:	055b      	lsls	r3, r3, #21
10008d4e:	60a3      	str	r3, [r4, #8]
10008d50:	0020      	movs	r0, r4
10008d52:	496f      	ldr	r1, [pc, #444]	@ (10008f10 <cyw43_ll_bus_init+0x2ec>)
10008d54:	f7fe fff6 	bl	10007d44 <cyw43_set_backplane_window>
10008d58:	22b8      	movs	r2, #184	@ 0xb8
10008d5a:	2101      	movs	r1, #1
10008d5c:	0020      	movs	r0, r4
10008d5e:	0212      	lsls	r2, r2, #8
10008d60:	f7fe faf6 	bl	10007350 <cyw43_read_reg_u8>
10008d64:	26c0      	movs	r6, #192	@ 0xc0
10008d66:	68a3      	ldr	r3, [r4, #8]
10008d68:	0005      	movs	r5, r0
10008d6a:	0576      	lsls	r6, r6, #21
10008d6c:	42b3      	cmp	r3, r6
10008d6e:	d012      	beq.n	10008d96 <cyw43_ll_bus_init+0x172>
10008d70:	2280      	movs	r2, #128	@ 0x80
10008d72:	4073      	eors	r3, r6
10008d74:	0452      	lsls	r2, r2, #17
10008d76:	4293      	cmp	r3, r2
10008d78:	d300      	bcc.n	10008d7c <cyw43_ll_bus_init+0x158>
10008d7a:	e2a4      	b.n	100092c6 <cyw43_ll_bus_init+0x6a2>
10008d7c:	22ff      	movs	r2, #255	@ 0xff
10008d7e:	0412      	lsls	r2, r2, #16
10008d80:	4213      	tst	r3, r2
10008d82:	d000      	beq.n	10008d86 <cyw43_ll_bus_init+0x162>
10008d84:	e293      	b.n	100092ae <cyw43_ll_bus_init+0x68a>
10008d86:	22ff      	movs	r2, #255	@ 0xff
10008d88:	0212      	lsls	r2, r2, #8
10008d8a:	4213      	tst	r3, r2
10008d8c:	d000      	beq.n	10008d90 <cyw43_ll_bus_init+0x16c>
10008d8e:	e286      	b.n	1000929e <cyw43_ll_bus_init+0x67a>
10008d90:	23c0      	movs	r3, #192	@ 0xc0
10008d92:	055b      	lsls	r3, r3, #21
10008d94:	60a3      	str	r3, [r4, #8]
10008d96:	07ed      	lsls	r5, r5, #31
10008d98:	d400      	bmi.n	10008d9c <cyw43_ll_bus_init+0x178>
10008d9a:	e397      	b.n	100094cc <cyw43_ll_bus_init+0x8a8>
10008d9c:	0020      	movs	r0, r4
10008d9e:	495d      	ldr	r1, [pc, #372]	@ (10008f14 <cyw43_ll_bus_init+0x2f0>)
10008da0:	f7fe ffd0 	bl	10007d44 <cyw43_set_backplane_window>
10008da4:	22c8      	movs	r2, #200	@ 0xc8
10008da6:	25c0      	movs	r5, #192	@ 0xc0
10008da8:	2101      	movs	r1, #1
10008daa:	0020      	movs	r0, r4
10008dac:	0212      	lsls	r2, r2, #8
10008dae:	f7fe facf 	bl	10007350 <cyw43_read_reg_u8>
10008db2:	68a3      	ldr	r3, [r4, #8]
10008db4:	056d      	lsls	r5, r5, #21
10008db6:	42ab      	cmp	r3, r5
10008db8:	d012      	beq.n	10008de0 <cyw43_ll_bus_init+0x1bc>
10008dba:	2280      	movs	r2, #128	@ 0x80
10008dbc:	406b      	eors	r3, r5
10008dbe:	0452      	lsls	r2, r2, #17
10008dc0:	4293      	cmp	r3, r2
10008dc2:	d300      	bcc.n	10008dc6 <cyw43_ll_bus_init+0x1a2>
10008dc4:	e2ef      	b.n	100093a6 <cyw43_ll_bus_init+0x782>
10008dc6:	22ff      	movs	r2, #255	@ 0xff
10008dc8:	0412      	lsls	r2, r2, #16
10008dca:	4213      	tst	r3, r2
10008dcc:	d000      	beq.n	10008dd0 <cyw43_ll_bus_init+0x1ac>
10008dce:	e2de      	b.n	1000938e <cyw43_ll_bus_init+0x76a>
10008dd0:	22ff      	movs	r2, #255	@ 0xff
10008dd2:	0212      	lsls	r2, r2, #8
10008dd4:	4213      	tst	r3, r2
10008dd6:	d000      	beq.n	10008dda <cyw43_ll_bus_init+0x1b6>
10008dd8:	e2d1      	b.n	1000937e <cyw43_ll_bus_init+0x75a>
10008dda:	23c0      	movs	r3, #192	@ 0xc0
10008ddc:	055b      	lsls	r3, r3, #21
10008dde:	60a3      	str	r3, [r4, #8]
10008de0:	0020      	movs	r0, r4
10008de2:	494c      	ldr	r1, [pc, #304]	@ (10008f14 <cyw43_ll_bus_init+0x2f0>)
10008de4:	f7fe ffae 	bl	10007d44 <cyw43_set_backplane_window>
10008de8:	22c8      	movs	r2, #200	@ 0xc8
10008dea:	2101      	movs	r1, #1
10008dec:	0020      	movs	r0, r4
10008dee:	0212      	lsls	r2, r2, #8
10008df0:	f7fe faae 	bl	10007350 <cyw43_read_reg_u8>
10008df4:	26c0      	movs	r6, #192	@ 0xc0
10008df6:	68a3      	ldr	r3, [r4, #8]
10008df8:	0005      	movs	r5, r0
10008dfa:	0576      	lsls	r6, r6, #21
10008dfc:	42b3      	cmp	r3, r6
10008dfe:	d012      	beq.n	10008e26 <cyw43_ll_bus_init+0x202>
10008e00:	2280      	movs	r2, #128	@ 0x80
10008e02:	4073      	eors	r3, r6
10008e04:	0452      	lsls	r2, r2, #17
10008e06:	4293      	cmp	r3, r2
10008e08:	d300      	bcc.n	10008e0c <cyw43_ll_bus_init+0x1e8>
10008e0a:	e2af      	b.n	1000936c <cyw43_ll_bus_init+0x748>
10008e0c:	22ff      	movs	r2, #255	@ 0xff
10008e0e:	0412      	lsls	r2, r2, #16
10008e10:	4213      	tst	r3, r2
10008e12:	d000      	beq.n	10008e16 <cyw43_ll_bus_init+0x1f2>
10008e14:	e2d8      	b.n	100093c8 <cyw43_ll_bus_init+0x7a4>
10008e16:	22ff      	movs	r2, #255	@ 0xff
10008e18:	0212      	lsls	r2, r2, #8
10008e1a:	4213      	tst	r3, r2
10008e1c:	d000      	beq.n	10008e20 <cyw43_ll_bus_init+0x1fc>
10008e1e:	e2cb      	b.n	100093b8 <cyw43_ll_bus_init+0x794>
10008e20:	23c0      	movs	r3, #192	@ 0xc0
10008e22:	055b      	lsls	r3, r3, #21
10008e24:	60a3      	str	r3, [r4, #8]
10008e26:	07ed      	lsls	r5, r5, #31
10008e28:	d400      	bmi.n	10008e2c <cyw43_ll_bus_init+0x208>
10008e2a:	e353      	b.n	100094d4 <cyw43_ll_bus_init+0x8b0>
10008e2c:	2102      	movs	r1, #2
10008e2e:	0020      	movs	r0, r4
10008e30:	f7ff fc1e 	bl	10008670 <reset_device_core.constprop.0>
10008e34:	2303      	movs	r3, #3
10008e36:	2204      	movs	r2, #4
10008e38:	0020      	movs	r0, r4
10008e3a:	4937      	ldr	r1, [pc, #220]	@ (10008f18 <cyw43_ll_bus_init+0x2f4>)
10008e3c:	f7ff fb92 	bl	10008564 <cyw43_write_backplane>
10008e40:	2300      	movs	r3, #0
10008e42:	2204      	movs	r2, #4
10008e44:	0020      	movs	r0, r4
10008e46:	4935      	ldr	r1, [pc, #212]	@ (10008f1c <cyw43_ll_bus_init+0x2f8>)
10008e48:	f7ff fb8c 	bl	10008564 <cyw43_write_backplane>
10008e4c:	4b34      	ldr	r3, [pc, #208]	@ (10008f20 <cyw43_ll_bus_init+0x2fc>)
10008e4e:	4a35      	ldr	r2, [pc, #212]	@ (10008f24 <cyw43_ll_bus_init+0x300>)
10008e50:	469a      	mov	sl, r3
10008e52:	4b35      	ldr	r3, [pc, #212]	@ (10008f28 <cyw43_ll_bus_init+0x304>)
10008e54:	4453      	add	r3, sl
10008e56:	5a9a      	ldrh	r2, [r3, r2]
10008e58:	4691      	mov	r9, r2
10008e5a:	22fa      	movs	r2, #250	@ 0xfa
10008e5c:	0052      	lsls	r2, r2, #1
10008e5e:	4591      	cmp	r9, r2
10008e60:	db00      	blt.n	10008e64 <cyw43_ll_bus_init+0x240>
10008e62:	e0c7      	b.n	10008ff4 <cyw43_ll_bus_init+0x3d0>
10008e64:	4a31      	ldr	r2, [pc, #196]	@ (10008f2c <cyw43_ll_bus_init+0x308>)
10008e66:	5c9b      	ldrb	r3, [r3, r2]
10008e68:	2b00      	cmp	r3, #0
10008e6a:	d000      	beq.n	10008e6e <cyw43_ll_bus_init+0x24a>
10008e6c:	e0c2      	b.n	10008ff4 <cyw43_ll_bus_init+0x3d0>
10008e6e:	464b      	mov	r3, r9
10008e70:	2b50      	cmp	r3, #80	@ 0x50
10008e72:	dc00      	bgt.n	10008e76 <cyw43_ll_bus_init+0x252>
10008e74:	e0be      	b.n	10008ff4 <cyw43_ll_bus_init+0x3d0>
10008e76:	003a      	movs	r2, r7
10008e78:	4b2d      	ldr	r3, [pc, #180]	@ (10008f30 <cyw43_ll_bus_init+0x30c>)
10008e7a:	4e2e      	ldr	r6, [pc, #184]	@ (10008f34 <cyw43_ll_bus_init+0x310>)
10008e7c:	464f      	mov	r7, r9
10008e7e:	46a0      	mov	r8, r4
10008e80:	2550      	movs	r5, #80	@ 0x50
10008e82:	001c      	movs	r4, r3
10008e84:	4691      	mov	r9, r2
10008e86:	4456      	add	r6, sl
10008e88:	e003      	b.n	10008e92 <cyw43_ll_bus_init+0x26e>
10008e8a:	3501      	adds	r5, #1
10008e8c:	42af      	cmp	r7, r5
10008e8e:	dc00      	bgt.n	10008e92 <cyw43_ll_bus_init+0x26e>
10008e90:	e0b0      	b.n	10008ff4 <cyw43_ll_bus_init+0x3d0>
10008e92:	2209      	movs	r2, #9
10008e94:	0021      	movs	r1, r4
10008e96:	1b70      	subs	r0, r6, r5
10008e98:	f001 fc60 	bl	1000a75c <strncmp>
10008e9c:	2800      	cmp	r0, #0
10008e9e:	d1f4      	bne.n	10008e8a <cyw43_ll_bus_init+0x266>
10008ea0:	2340      	movs	r3, #64	@ 0x40
10008ea2:	425b      	negs	r3, r3
10008ea4:	4453      	add	r3, sl
10008ea6:	469b      	mov	fp, r3
10008ea8:	2380      	movs	r3, #128	@ 0x80
10008eaa:	021b      	lsls	r3, r3, #8
10008eac:	464f      	mov	r7, r9
10008eae:	4699      	mov	r9, r3
10008eb0:	4b21      	ldr	r3, [pc, #132]	@ (10008f38 <cyw43_ll_bus_init+0x314>)
10008eb2:	4644      	mov	r4, r8
10008eb4:	2600      	movs	r6, #0
10008eb6:	4698      	mov	r8, r3
10008eb8:	0035      	movs	r5, r6
10008eba:	0020      	movs	r0, r4
10008ebc:	0029      	movs	r1, r5
10008ebe:	f7fe ff41 	bl	10007d44 <cyw43_set_backplane_window>
10008ec2:	464b      	mov	r3, r9
10008ec4:	046a      	lsls	r2, r5, #17
10008ec6:	0c52      	lsrs	r2, r2, #17
10008ec8:	431a      	orrs	r2, r3
10008eca:	465b      	mov	r3, fp
10008ecc:	3640      	adds	r6, #64	@ 0x40
10008ece:	199b      	adds	r3, r3, r6
10008ed0:	9300      	str	r3, [sp, #0]
10008ed2:	2101      	movs	r1, #1
10008ed4:	2340      	movs	r3, #64	@ 0x40
10008ed6:	0020      	movs	r0, r4
10008ed8:	f7fe feca 	bl	10007c70 <cyw43_write_bytes>
10008edc:	2800      	cmp	r0, #0
10008ede:	d000      	beq.n	10008ee2 <cyw43_ll_bus_init+0x2be>
10008ee0:	e1d3      	b.n	1000928a <cyw43_ll_bus_init+0x666>
10008ee2:	4546      	cmp	r6, r8
10008ee4:	d1e8      	bne.n	10008eb8 <cyw43_ll_bus_init+0x294>
10008ee6:	4b15      	ldr	r3, [pc, #84]	@ (10008f3c <cyw43_ll_bus_init+0x318>)
10008ee8:	46bb      	mov	fp, r7
10008eea:	4699      	mov	r9, r3
10008eec:	2300      	movs	r3, #0
10008eee:	0027      	movs	r7, r4
10008ef0:	9003      	str	r0, [sp, #12]
10008ef2:	001c      	movs	r4, r3
10008ef4:	e043      	b.n	10008f7e <cyw43_ll_bus_init+0x35a>
10008ef6:	46c0      	nop			@ (mov r8, r8)
10008ef8:	40054000 	.word	0x40054000
10008efc:	feedbead 	.word	0xfeedbead
10008f00:	1000ad94 	.word	0x1000ad94
10008f04:	000204b3 	.word	0x000204b3
10008f08:	0001000e 	.word	0x0001000e
10008f0c:	1000ade8 	.word	0x1000ade8
10008f10:	18103800 	.word	0x18103800
10008f14:	18104800 	.word	0x18104800
10008f18:	18004010 	.word	0x18004010
10008f1c:	18004044 	.word	0x18004044
10008f20:	1000b498 	.word	0x1000b498
10008f24:	0000030e 	.word	0x0000030e
10008f28:	0003689e 	.word	0x0003689e
10008f2c:	0000030d 	.word	0x0000030d
10008f30:	1000adb4 	.word	0x1000adb4
10008f34:	00036bab 	.word	0x00036bab
10008f38:	00036bc0 	.word	0x00036bc0
10008f3c:	10042470 	.word	0x10042470
10008f40:	22ff      	movs	r2, #255	@ 0xff
10008f42:	0412      	lsls	r2, r2, #16
10008f44:	4213      	tst	r3, r2
10008f46:	d13f      	bne.n	10008fc8 <cyw43_ll_bus_init+0x3a4>
10008f48:	22ff      	movs	r2, #255	@ 0xff
10008f4a:	0212      	lsls	r2, r2, #8
10008f4c:	4213      	tst	r3, r2
10008f4e:	d149      	bne.n	10008fe4 <cyw43_ll_bus_init+0x3c0>
10008f50:	23f0      	movs	r3, #240	@ 0xf0
10008f52:	02db      	lsls	r3, r3, #11
10008f54:	60bb      	str	r3, [r7, #8]
10008f56:	464b      	mov	r3, r9
10008f58:	2280      	movs	r2, #128	@ 0x80
10008f5a:	0476      	lsls	r6, r6, #17
10008f5c:	191b      	adds	r3, r3, r4
10008f5e:	3b40      	subs	r3, #64	@ 0x40
10008f60:	0c76      	lsrs	r6, r6, #17
10008f62:	0212      	lsls	r2, r2, #8
10008f64:	9300      	str	r3, [sp, #0]
10008f66:	2101      	movs	r1, #1
10008f68:	002b      	movs	r3, r5
10008f6a:	0038      	movs	r0, r7
10008f6c:	4332      	orrs	r2, r6
10008f6e:	f7fe fe7f 	bl	10007c70 <cyw43_write_bytes>
10008f72:	2800      	cmp	r0, #0
10008f74:	d142      	bne.n	10008ffc <cyw43_ll_bus_init+0x3d8>
10008f76:	23c0      	movs	r3, #192	@ 0xc0
10008f78:	009b      	lsls	r3, r3, #2
10008f7a:	429c      	cmp	r4, r3
10008f7c:	d03e      	beq.n	10008ffc <cyw43_ll_bus_init+0x3d8>
10008f7e:	25ba      	movs	r5, #186	@ 0xba
10008f80:	0026      	movs	r6, r4
10008f82:	00ad      	lsls	r5, r5, #2
10008f84:	3440      	adds	r4, #64	@ 0x40
10008f86:	2317      	movs	r3, #23
10008f88:	42a5      	cmp	r5, r4
10008f8a:	41ad      	sbcs	r5, r5
10008f8c:	439d      	bics	r5, r3
10008f8e:	4be1      	ldr	r3, [pc, #900]	@ (10009314 <cyw43_ll_bus_init+0x6f0>)
10008f90:	22f0      	movs	r2, #240	@ 0xf0
10008f92:	469c      	mov	ip, r3
10008f94:	68bb      	ldr	r3, [r7, #8]
10008f96:	02d2      	lsls	r2, r2, #11
10008f98:	4690      	mov	r8, r2
10008f9a:	3540      	adds	r5, #64	@ 0x40
10008f9c:	4466      	add	r6, ip
10008f9e:	4293      	cmp	r3, r2
10008fa0:	d0d9      	beq.n	10008f56 <cyw43_ll_bus_init+0x332>
10008fa2:	4053      	eors	r3, r2
10008fa4:	2280      	movs	r2, #128	@ 0x80
10008fa6:	0452      	lsls	r2, r2, #17
10008fa8:	4293      	cmp	r3, r2
10008faa:	d3c9      	bcc.n	10008f40 <cyw43_ll_bus_init+0x31c>
10008fac:	2300      	movs	r3, #0
10008fae:	4ada      	ldr	r2, [pc, #872]	@ (10009318 <cyw43_ll_bus_init+0x6f4>)
10008fb0:	2101      	movs	r1, #1
10008fb2:	0038      	movs	r0, r7
10008fb4:	f7fe fd16 	bl	100079e4 <cyw43_write_reg_u8>
10008fb8:	4642      	mov	r2, r8
10008fba:	68bb      	ldr	r3, [r7, #8]
10008fbc:	405a      	eors	r2, r3
10008fbe:	0013      	movs	r3, r2
10008fc0:	22ff      	movs	r2, #255	@ 0xff
10008fc2:	0412      	lsls	r2, r2, #16
10008fc4:	4213      	tst	r3, r2
10008fc6:	d0bf      	beq.n	10008f48 <cyw43_ll_bus_init+0x324>
10008fc8:	2307      	movs	r3, #7
10008fca:	4ad4      	ldr	r2, [pc, #848]	@ (1000931c <cyw43_ll_bus_init+0x6f8>)
10008fcc:	2101      	movs	r1, #1
10008fce:	0038      	movs	r0, r7
10008fd0:	f7fe fd08 	bl	100079e4 <cyw43_write_reg_u8>
10008fd4:	23f0      	movs	r3, #240	@ 0xf0
10008fd6:	68ba      	ldr	r2, [r7, #8]
10008fd8:	02db      	lsls	r3, r3, #11
10008fda:	4053      	eors	r3, r2
10008fdc:	22ff      	movs	r2, #255	@ 0xff
10008fde:	0212      	lsls	r2, r2, #8
10008fe0:	4213      	tst	r3, r2
10008fe2:	d0b5      	beq.n	10008f50 <cyw43_ll_bus_init+0x32c>
10008fe4:	23f0      	movs	r3, #240	@ 0xf0
10008fe6:	2101      	movs	r1, #1
10008fe8:	0038      	movs	r0, r7
10008fea:	4acd      	ldr	r2, [pc, #820]	@ (10009320 <cyw43_ll_bus_init+0x6fc>)
10008fec:	00db      	lsls	r3, r3, #3
10008fee:	f7fe fcf9 	bl	100079e4 <cyw43_write_reg_u8>
10008ff2:	e7ad      	b.n	10008f50 <cyw43_ll_bus_init+0x32c>
10008ff4:	48cb      	ldr	r0, [pc, #812]	@ (10009324 <cyw43_ll_bus_init+0x700>)
10008ff6:	f7fb f94d 	bl	10004294 <__wrap_puts>
10008ffa:	e639      	b.n	10008c70 <cyw43_ll_bus_init+0x4c>
10008ffc:	003c      	movs	r4, r7
10008ffe:	4bca      	ldr	r3, [pc, #808]	@ (10009328 <cyw43_ll_bus_init+0x704>)
10009000:	2204      	movs	r2, #4
10009002:	0020      	movs	r0, r4
10009004:	49c9      	ldr	r1, [pc, #804]	@ (1000932c <cyw43_ll_bus_init+0x708>)
10009006:	9d03      	ldr	r5, [sp, #12]
10009008:	f7ff faac 	bl	10008564 <cyw43_write_backplane>
1000900c:	2101      	movs	r1, #1
1000900e:	0020      	movs	r0, r4
10009010:	f7ff fb2e 	bl	10008670 <reset_device_core.constprop.0>
10009014:	0020      	movs	r0, r4
10009016:	49c6      	ldr	r1, [pc, #792]	@ (10009330 <cyw43_ll_bus_init+0x70c>)
10009018:	f7ff fa32 	bl	10008480 <cyw43_read_backplane.constprop.0>
1000901c:	2303      	movs	r3, #3
1000901e:	465f      	mov	r7, fp
10009020:	4003      	ands	r3, r0
10009022:	2b01      	cmp	r3, #1
10009024:	d000      	beq.n	10009028 <cyw43_ll_bus_init+0x404>
10009026:	e132      	b.n	1000928e <cyw43_ll_bus_init+0x66a>
10009028:	0020      	movs	r0, r4
1000902a:	49c2      	ldr	r1, [pc, #776]	@ (10009334 <cyw43_ll_bus_init+0x710>)
1000902c:	f7ff fa28 	bl	10008480 <cyw43_read_backplane.constprop.0>
10009030:	07c0      	lsls	r0, r0, #31
10009032:	d500      	bpl.n	10009036 <cyw43_ll_bus_init+0x412>
10009034:	e12f      	b.n	10009296 <cyw43_ll_bus_init+0x672>
10009036:	26fa      	movs	r6, #250	@ 0xfa
10009038:	2380      	movs	r3, #128	@ 0x80
1000903a:	00b6      	lsls	r6, r6, #2
1000903c:	4698      	mov	r8, r3
1000903e:	e006      	b.n	1000904e <cyw43_ll_bus_init+0x42a>
10009040:	2001      	movs	r0, #1
10009042:	3e01      	subs	r6, #1
10009044:	f001 f854 	bl	1000a0f0 <cyw43_delay_ms>
10009048:	2e00      	cmp	r6, #0
1000904a:	d100      	bne.n	1000904e <cyw43_ll_bus_init+0x42a>
1000904c:	e234      	b.n	100094b8 <cyw43_ll_bus_init+0x894>
1000904e:	2101      	movs	r1, #1
10009050:	0020      	movs	r0, r4
10009052:	4ab9      	ldr	r2, [pc, #740]	@ (10009338 <cyw43_ll_bus_init+0x714>)
10009054:	f7fe f97c 	bl	10007350 <cyw43_read_reg_u8>
10009058:	4643      	mov	r3, r8
1000905a:	4203      	tst	r3, r0
1000905c:	d0f0      	beq.n	10009040 <cyw43_ll_bus_init+0x41c>
1000905e:	23f0      	movs	r3, #240	@ 0xf0
10009060:	2204      	movs	r2, #4
10009062:	0020      	movs	r0, r4
10009064:	49b5      	ldr	r1, [pc, #724]	@ (1000933c <cyw43_ll_bus_init+0x718>)
10009066:	f7ff fa7d 	bl	10008564 <cyw43_write_backplane>
1000906a:	2320      	movs	r3, #32
1000906c:	2101      	movs	r1, #1
1000906e:	0020      	movs	r0, r4
10009070:	4ab3      	ldr	r2, [pc, #716]	@ (10009340 <cyw43_ll_bus_init+0x71c>)
10009072:	f7fe fcb7 	bl	100079e4 <cyw43_write_reg_u8>
10009076:	26fa      	movs	r6, #250	@ 0xfa
10009078:	2320      	movs	r3, #32
1000907a:	00b6      	lsls	r6, r6, #2
1000907c:	4698      	mov	r8, r3
1000907e:	e006      	b.n	1000908e <cyw43_ll_bus_init+0x46a>
10009080:	2001      	movs	r0, #1
10009082:	3e01      	subs	r6, #1
10009084:	f001 f834 	bl	1000a0f0 <cyw43_delay_ms>
10009088:	2e00      	cmp	r6, #0
1000908a:	d100      	bne.n	1000908e <cyw43_ll_bus_init+0x46a>
1000908c:	e219      	b.n	100094c2 <cyw43_ll_bus_init+0x89e>
1000908e:	2208      	movs	r2, #8
10009090:	2100      	movs	r1, #0
10009092:	0020      	movs	r0, r4
10009094:	f7fe f904 	bl	100072a0 <cyw43_read_reg_u32>
10009098:	4643      	mov	r3, r8
1000909a:	4203      	tst	r3, r0
1000909c:	d0f0      	beq.n	10009080 <cyw43_ll_bus_init+0x45c>
1000909e:	2101      	movs	r1, #1
100090a0:	4aa8      	ldr	r2, [pc, #672]	@ (10009344 <cyw43_ll_bus_init+0x720>)
100090a2:	0020      	movs	r0, r4
100090a4:	f7fe f954 	bl	10007350 <cyw43_read_reg_u8>
100090a8:	2202      	movs	r2, #2
100090aa:	b2c3      	uxtb	r3, r0
100090ac:	4313      	orrs	r3, r2
100090ae:	2101      	movs	r1, #1
100090b0:	4aa4      	ldr	r2, [pc, #656]	@ (10009344 <cyw43_ll_bus_init+0x720>)
100090b2:	0020      	movs	r0, r4
100090b4:	f7fe fc96 	bl	100079e4 <cyw43_write_reg_u8>
100090b8:	2308      	movs	r3, #8
100090ba:	22f0      	movs	r2, #240	@ 0xf0
100090bc:	2100      	movs	r1, #0
100090be:	0020      	movs	r0, r4
100090c0:	f7fe fc90 	bl	100079e4 <cyw43_write_reg_u8>
100090c4:	2302      	movs	r3, #2
100090c6:	2101      	movs	r1, #1
100090c8:	4a9b      	ldr	r2, [pc, #620]	@ (10009338 <cyw43_ll_bus_init+0x714>)
100090ca:	0020      	movs	r0, r4
100090cc:	f7fe fc8a 	bl	100079e4 <cyw43_write_reg_u8>
100090d0:	2101      	movs	r1, #1
100090d2:	0020      	movs	r0, r4
100090d4:	4a9c      	ldr	r2, [pc, #624]	@ (10009348 <cyw43_ll_bus_init+0x724>)
100090d6:	f7fe f93b 	bl	10007350 <cyw43_read_reg_u8>
100090da:	07c3      	lsls	r3, r0, #31
100090dc:	d400      	bmi.n	100090e0 <cyw43_ll_bus_init+0x4bc>
100090de:	e183      	b.n	100093e8 <cyw43_ll_bus_init+0x7c4>
100090e0:	230f      	movs	r3, #15
100090e2:	2101      	movs	r1, #1
100090e4:	4a99      	ldr	r2, [pc, #612]	@ (1000934c <cyw43_ll_bus_init+0x728>)
100090e6:	0020      	movs	r0, r4
100090e8:	f7fe fc7c 	bl	100079e4 <cyw43_write_reg_u8>
100090ec:	2300      	movs	r3, #0
100090ee:	2101      	movs	r1, #1
100090f0:	4a96      	ldr	r2, [pc, #600]	@ (1000934c <cyw43_ll_bus_init+0x728>)
100090f2:	0020      	movs	r0, r4
100090f4:	f7fe fc76 	bl	100079e4 <cyw43_write_reg_u8>
100090f8:	2101      	movs	r1, #1
100090fa:	4a94      	ldr	r2, [pc, #592]	@ (1000934c <cyw43_ll_bus_init+0x728>)
100090fc:	0020      	movs	r0, r4
100090fe:	f7fe f927 	bl	10007350 <cyw43_read_reg_u8>
10009102:	2204      	movs	r2, #4
10009104:	2100      	movs	r1, #0
10009106:	0020      	movs	r0, r4
10009108:	f7fe f8f6 	bl	100072f8 <cyw43_read_reg_u16>
1000910c:	07c3      	lsls	r3, r0, #31
1000910e:	d500      	bpl.n	10009112 <cyw43_ll_bus_init+0x4ee>
10009110:	e173      	b.n	100093fa <cyw43_ll_bus_init+0x7d6>
10009112:	26c0      	movs	r6, #192	@ 0xc0
10009114:	68a3      	ldr	r3, [r4, #8]
10009116:	0576      	lsls	r6, r6, #21
10009118:	42b3      	cmp	r3, r6
1000911a:	d012      	beq.n	10009142 <cyw43_ll_bus_init+0x51e>
1000911c:	2280      	movs	r2, #128	@ 0x80
1000911e:	4073      	eors	r3, r6
10009120:	0452      	lsls	r2, r2, #17
10009122:	4293      	cmp	r3, r2
10009124:	d300      	bcc.n	10009128 <cyw43_ll_bus_init+0x504>
10009126:	e1be      	b.n	100094a6 <cyw43_ll_bus_init+0x882>
10009128:	22ff      	movs	r2, #255	@ 0xff
1000912a:	0412      	lsls	r2, r2, #16
1000912c:	4213      	tst	r3, r2
1000912e:	d000      	beq.n	10009132 <cyw43_ll_bus_init+0x50e>
10009130:	e1ad      	b.n	1000948e <cyw43_ll_bus_init+0x86a>
10009132:	22ff      	movs	r2, #255	@ 0xff
10009134:	0212      	lsls	r2, r2, #8
10009136:	4213      	tst	r3, r2
10009138:	d000      	beq.n	1000913c <cyw43_ll_bus_init+0x518>
1000913a:	e1a0      	b.n	1000947e <cyw43_ll_bus_init+0x85a>
1000913c:	23c0      	movs	r3, #192	@ 0xc0
1000913e:	055b      	lsls	r3, r3, #21
10009140:	60a3      	str	r3, [r4, #8]
10009142:	26c0      	movs	r6, #192	@ 0xc0
10009144:	2101      	movs	r1, #1
10009146:	0020      	movs	r0, r4
10009148:	4a81      	ldr	r2, [pc, #516]	@ (10009350 <cyw43_ll_bus_init+0x72c>)
1000914a:	f7fe f8a9 	bl	100072a0 <cyw43_read_reg_u32>
1000914e:	68a3      	ldr	r3, [r4, #8]
10009150:	0576      	lsls	r6, r6, #21
10009152:	42b3      	cmp	r3, r6
10009154:	d012      	beq.n	1000917c <cyw43_ll_bus_init+0x558>
10009156:	2280      	movs	r2, #128	@ 0x80
10009158:	4073      	eors	r3, r6
1000915a:	0452      	lsls	r2, r2, #17
1000915c:	4293      	cmp	r3, r2
1000915e:	d300      	bcc.n	10009162 <cyw43_ll_bus_init+0x53e>
10009160:	e17c      	b.n	1000945c <cyw43_ll_bus_init+0x838>
10009162:	22ff      	movs	r2, #255	@ 0xff
10009164:	0412      	lsls	r2, r2, #16
10009166:	4213      	tst	r3, r2
10009168:	d000      	beq.n	1000916c <cyw43_ll_bus_init+0x548>
1000916a:	e16b      	b.n	10009444 <cyw43_ll_bus_init+0x820>
1000916c:	22ff      	movs	r2, #255	@ 0xff
1000916e:	0212      	lsls	r2, r2, #8
10009170:	4213      	tst	r3, r2
10009172:	d000      	beq.n	10009176 <cyw43_ll_bus_init+0x552>
10009174:	e17b      	b.n	1000946e <cyw43_ll_bus_init+0x84a>
10009176:	23c0      	movs	r3, #192	@ 0xc0
10009178:	055b      	lsls	r3, r3, #21
1000917a:	60a3      	str	r3, [r4, #8]
1000917c:	0020      	movs	r0, r4
1000917e:	f000 fb47 	bl	10009810 <cyw43_cb_ensure_awake>
10009182:	7ca3      	ldrb	r3, [r4, #18]
10009184:	2b00      	cmp	r3, #0
10009186:	d105      	bne.n	10009194 <cyw43_ll_bus_init+0x570>
10009188:	2101      	movs	r1, #1
1000918a:	0020      	movs	r0, r4
1000918c:	f7fe feaa 	bl	10007ee4 <cyw43_kso_set>
10009190:	2301      	movs	r3, #1
10009192:	74a3      	strb	r3, [r4, #18]
10009194:	4b6f      	ldr	r3, [pc, #444]	@ (10009354 <cyw43_ll_bus_init+0x730>)
10009196:	0026      	movs	r6, r4
10009198:	0019      	movs	r1, r3
1000919a:	3644      	adds	r6, #68	@ 0x44
1000919c:	2208      	movs	r2, #8
1000919e:	312c      	adds	r1, #44	@ 0x2c
100091a0:	0030      	movs	r0, r6
100091a2:	4698      	mov	r8, r3
100091a4:	f7f9 fa64 	bl	10002670 <__wrap___aeabi_memcpy>
100091a8:	4b6b      	ldr	r3, [pc, #428]	@ (10009358 <cyw43_ll_bus_init+0x734>)
100091aa:	22f6      	movs	r2, #246	@ 0xf6
100091ac:	21db      	movs	r1, #219	@ 0xdb
100091ae:	64e3      	str	r3, [r4, #76]	@ 0x4c
100091b0:	0020      	movs	r0, r4
100091b2:	2300      	movs	r3, #0
100091b4:	0092      	lsls	r2, r2, #2
100091b6:	0289      	lsls	r1, r1, #10
100091b8:	4451      	add	r1, sl
100091ba:	6522      	str	r2, [r4, #80]	@ 0x50
100091bc:	6563      	str	r3, [r4, #84]	@ 0x54
100091be:	3058      	adds	r0, #88	@ 0x58
100091c0:	4699      	mov	r9, r3
100091c2:	f7f9 fa55 	bl	10002670 <__wrap___aeabi_memcpy>
100091c6:	2208      	movs	r2, #8
100091c8:	32ff      	adds	r2, #255	@ 0xff
100091ca:	4692      	mov	sl, r2
100091cc:	6362      	str	r2, [r4, #52]	@ 0x34
100091ce:	22fc      	movs	r2, #252	@ 0xfc
100091d0:	0092      	lsls	r2, r2, #2
100091d2:	4693      	mov	fp, r2
100091d4:	63a2      	str	r2, [r4, #56]	@ 0x38
100091d6:	2202      	movs	r2, #2
100091d8:	8a23      	ldrh	r3, [r4, #16]
100091da:	2100      	movs	r1, #0
100091dc:	3301      	adds	r3, #1
100091de:	b29b      	uxth	r3, r3
100091e0:	8223      	strh	r3, [r4, #16]
100091e2:	041b      	lsls	r3, r3, #16
100091e4:	4313      	orrs	r3, r2
100091e6:	63e3      	str	r3, [r4, #60]	@ 0x3c
100091e8:	464b      	mov	r3, r9
100091ea:	6423      	str	r3, [r4, #64]	@ 0x40
100091ec:	3328      	adds	r3, #40	@ 0x28
100091ee:	4699      	mov	r9, r3
100091f0:	2280      	movs	r2, #128	@ 0x80
100091f2:	44a1      	add	r9, r4
100091f4:	464b      	mov	r3, r9
100091f6:	0020      	movs	r0, r4
100091f8:	00d2      	lsls	r2, r2, #3
100091fa:	f7fe ffcf 	bl	1000819c <cyw43_sdpcm_send_common>
100091fe:	2800      	cmp	r0, #0
10009200:	d106      	bne.n	10009210 <cyw43_ll_bus_init+0x5ec>
10009202:	465b      	mov	r3, fp
10009204:	4652      	mov	r2, sl
10009206:	2102      	movs	r1, #2
10009208:	0020      	movs	r0, r4
1000920a:	9600      	str	r6, [sp, #0]
1000920c:	f7ff f844 	bl	10008298 <cyw43_do_ioctl.part.0>
10009210:	4641      	mov	r1, r8
10009212:	2213      	movs	r2, #19
10009214:	3138      	adds	r1, #56	@ 0x38
10009216:	0030      	movs	r0, r6
10009218:	f7f9 fa2a 	bl	10002670 <__wrap___aeabi_memcpy>
1000921c:	8a23      	ldrh	r3, [r4, #16]
1000921e:	2283      	movs	r2, #131	@ 0x83
10009220:	3301      	adds	r3, #1
10009222:	b29b      	uxth	r3, r3
10009224:	8223      	strh	r3, [r4, #16]
10009226:	041b      	lsls	r3, r3, #16
10009228:	63e3      	str	r3, [r4, #60]	@ 0x3c
1000922a:	2300      	movs	r3, #0
1000922c:	0052      	lsls	r2, r2, #1
1000922e:	4692      	mov	sl, r2
10009230:	6362      	str	r2, [r4, #52]	@ 0x34
10009232:	3af3      	subs	r2, #243	@ 0xf3
10009234:	63a2      	str	r2, [r4, #56]	@ 0x38
10009236:	6423      	str	r3, [r4, #64]	@ 0x40
10009238:	2100      	movs	r1, #0
1000923a:	464b      	mov	r3, r9
1000923c:	0020      	movs	r0, r4
1000923e:	3210      	adds	r2, #16
10009240:	f7fe ffac 	bl	1000819c <cyw43_sdpcm_send_common>
10009244:	2800      	cmp	r0, #0
10009246:	d106      	bne.n	10009256 <cyw43_ll_bus_init+0x632>
10009248:	2313      	movs	r3, #19
1000924a:	4652      	mov	r2, sl
1000924c:	2100      	movs	r1, #0
1000924e:	0020      	movs	r0, r4
10009250:	9600      	str	r6, [sp, #0]
10009252:	f7ff f821 	bl	10008298 <cyw43_do_ioctl.part.0>
10009256:	6c63      	ldr	r3, [r4, #68]	@ 0x44
10009258:	2b00      	cmp	r3, #0
1000925a:	d000      	beq.n	1000925e <cyw43_ll_bus_init+0x63a>
1000925c:	e0c0      	b.n	100093e0 <cyw43_ll_bus_init+0x7bc>
1000925e:	2200      	movs	r2, #0
10009260:	0020      	movs	r0, r4
10009262:	493e      	ldr	r1, [pc, #248]	@ (1000935c <cyw43_ll_bus_init+0x738>)
10009264:	f7ff f87a 	bl	1000835c <cyw43_write_iovar_u32.constprop.0>
10009268:	2201      	movs	r2, #1
1000926a:	0020      	movs	r0, r4
1000926c:	493c      	ldr	r1, [pc, #240]	@ (10009360 <cyw43_ll_bus_init+0x73c>)
1000926e:	f7ff f875 	bl	1000835c <cyw43_write_iovar_u32.constprop.0>
10009272:	2f00      	cmp	r7, #0
10009274:	d100      	bne.n	10009278 <cyw43_ll_bus_init+0x654>
10009276:	e0c7      	b.n	10009408 <cyw43_ll_bus_init+0x7e4>
10009278:	2300      	movs	r3, #0
1000927a:	2206      	movs	r2, #6
1000927c:	9300      	str	r3, [sp, #0]
1000927e:	0020      	movs	r0, r4
10009280:	003b      	movs	r3, r7
10009282:	4938      	ldr	r1, [pc, #224]	@ (10009364 <cyw43_ll_bus_init+0x740>)
10009284:	f7ff f8b6 	bl	100083f4 <cyw43_write_iovar_n>
10009288:	e4f4      	b.n	10008c74 <cyw43_ll_bus_init+0x50>
1000928a:	0005      	movs	r5, r0
1000928c:	e4f2      	b.n	10008c74 <cyw43_ll_bus_init+0x50>
1000928e:	4836      	ldr	r0, [pc, #216]	@ (10009368 <cyw43_ll_bus_init+0x744>)
10009290:	f7fb f800 	bl	10004294 <__wrap_puts>
10009294:	e6c8      	b.n	10009028 <cyw43_ll_bus_init+0x404>
10009296:	4834      	ldr	r0, [pc, #208]	@ (10009368 <cyw43_ll_bus_init+0x744>)
10009298:	f7fa fffc 	bl	10004294 <__wrap_puts>
1000929c:	e6cb      	b.n	10009036 <cyw43_ll_bus_init+0x412>
1000929e:	23c0      	movs	r3, #192	@ 0xc0
100092a0:	2101      	movs	r1, #1
100092a2:	0020      	movs	r0, r4
100092a4:	4a1e      	ldr	r2, [pc, #120]	@ (10009320 <cyw43_ll_bus_init+0x6fc>)
100092a6:	035b      	lsls	r3, r3, #13
100092a8:	f7fe fb9c 	bl	100079e4 <cyw43_write_reg_u8>
100092ac:	e570      	b.n	10008d90 <cyw43_ll_bus_init+0x16c>
100092ae:	23c0      	movs	r3, #192	@ 0xc0
100092b0:	4a1a      	ldr	r2, [pc, #104]	@ (1000931c <cyw43_ll_bus_init+0x6f8>)
100092b2:	015b      	lsls	r3, r3, #5
100092b4:	2101      	movs	r1, #1
100092b6:	0020      	movs	r0, r4
100092b8:	f7fe fb94 	bl	100079e4 <cyw43_write_reg_u8>
100092bc:	23c0      	movs	r3, #192	@ 0xc0
100092be:	68a2      	ldr	r2, [r4, #8]
100092c0:	055b      	lsls	r3, r3, #21
100092c2:	4053      	eors	r3, r2
100092c4:	e55f      	b.n	10008d86 <cyw43_ll_bus_init+0x162>
100092c6:	2318      	movs	r3, #24
100092c8:	2101      	movs	r1, #1
100092ca:	0020      	movs	r0, r4
100092cc:	4a12      	ldr	r2, [pc, #72]	@ (10009318 <cyw43_ll_bus_init+0x6f4>)
100092ce:	f7fe fb89 	bl	100079e4 <cyw43_write_reg_u8>
100092d2:	68a3      	ldr	r3, [r4, #8]
100092d4:	4073      	eors	r3, r6
100092d6:	e551      	b.n	10008d7c <cyw43_ll_bus_init+0x158>
100092d8:	23c0      	movs	r3, #192	@ 0xc0
100092da:	2101      	movs	r1, #1
100092dc:	0020      	movs	r0, r4
100092de:	4a10      	ldr	r2, [pc, #64]	@ (10009320 <cyw43_ll_bus_init+0x6fc>)
100092e0:	035b      	lsls	r3, r3, #13
100092e2:	f7fe fb7f 	bl	100079e4 <cyw43_write_reg_u8>
100092e6:	e530      	b.n	10008d4a <cyw43_ll_bus_init+0x126>
100092e8:	23c0      	movs	r3, #192	@ 0xc0
100092ea:	4a0c      	ldr	r2, [pc, #48]	@ (1000931c <cyw43_ll_bus_init+0x6f8>)
100092ec:	015b      	lsls	r3, r3, #5
100092ee:	2101      	movs	r1, #1
100092f0:	0020      	movs	r0, r4
100092f2:	f7fe fb77 	bl	100079e4 <cyw43_write_reg_u8>
100092f6:	23c0      	movs	r3, #192	@ 0xc0
100092f8:	68a2      	ldr	r2, [r4, #8]
100092fa:	055b      	lsls	r3, r3, #21
100092fc:	4053      	eors	r3, r2
100092fe:	e51f      	b.n	10008d40 <cyw43_ll_bus_init+0x11c>
10009300:	2318      	movs	r3, #24
10009302:	2101      	movs	r1, #1
10009304:	0020      	movs	r0, r4
10009306:	4a04      	ldr	r2, [pc, #16]	@ (10009318 <cyw43_ll_bus_init+0x6f4>)
10009308:	f7fe fb6c 	bl	100079e4 <cyw43_write_reg_u8>
1000930c:	68a3      	ldr	r3, [r4, #8]
1000930e:	406b      	eors	r3, r5
10009310:	e511      	b.n	10008d36 <cyw43_ll_bus_init+0x112>
10009312:	46c0      	nop			@ (mov r8, r8)
10009314:	0007fd14 	.word	0x0007fd14
10009318:	0001000c 	.word	0x0001000c
1000931c:	0001000b 	.word	0x0001000b
10009320:	0001000a 	.word	0x0001000a
10009324:	1000adc0 	.word	0x1000adc0
10009328:	ff4500ba 	.word	0xff4500ba
1000932c:	0007fffc 	.word	0x0007fffc
10009330:	18103408 	.word	0x18103408
10009334:	18103800 	.word	0x18103800
10009338:	0001000e 	.word	0x0001000e
1000933c:	18002024 	.word	0x18002024
10009340:	00010008 	.word	0x00010008
10009344:	0001001e 	.word	0x0001001e
10009348:	0001001f 	.word	0x0001001f
1000934c:	0001000f 	.word	0x0001000f
10009350:	00008508 	.word	0x00008508
10009354:	10042758 	.word	0x10042758
10009358:	00021006 	.word	0x00021006
1000935c:	1000ad40 	.word	0x1000ad40
10009360:	1000ad4c 	.word	0x1000ad4c
10009364:	1000ae70 	.word	0x1000ae70
10009368:	1000ae14 	.word	0x1000ae14
1000936c:	2318      	movs	r3, #24
1000936e:	2101      	movs	r1, #1
10009370:	0020      	movs	r0, r4
10009372:	4a5a      	ldr	r2, [pc, #360]	@ (100094dc <cyw43_ll_bus_init+0x8b8>)
10009374:	f7fe fb36 	bl	100079e4 <cyw43_write_reg_u8>
10009378:	68a3      	ldr	r3, [r4, #8]
1000937a:	4073      	eors	r3, r6
1000937c:	e546      	b.n	10008e0c <cyw43_ll_bus_init+0x1e8>
1000937e:	23c0      	movs	r3, #192	@ 0xc0
10009380:	2101      	movs	r1, #1
10009382:	0020      	movs	r0, r4
10009384:	4a56      	ldr	r2, [pc, #344]	@ (100094e0 <cyw43_ll_bus_init+0x8bc>)
10009386:	035b      	lsls	r3, r3, #13
10009388:	f7fe fb2c 	bl	100079e4 <cyw43_write_reg_u8>
1000938c:	e525      	b.n	10008dda <cyw43_ll_bus_init+0x1b6>
1000938e:	23c0      	movs	r3, #192	@ 0xc0
10009390:	4a54      	ldr	r2, [pc, #336]	@ (100094e4 <cyw43_ll_bus_init+0x8c0>)
10009392:	015b      	lsls	r3, r3, #5
10009394:	2101      	movs	r1, #1
10009396:	0020      	movs	r0, r4
10009398:	f7fe fb24 	bl	100079e4 <cyw43_write_reg_u8>
1000939c:	23c0      	movs	r3, #192	@ 0xc0
1000939e:	68a2      	ldr	r2, [r4, #8]
100093a0:	055b      	lsls	r3, r3, #21
100093a2:	4053      	eors	r3, r2
100093a4:	e514      	b.n	10008dd0 <cyw43_ll_bus_init+0x1ac>
100093a6:	2318      	movs	r3, #24
100093a8:	2101      	movs	r1, #1
100093aa:	0020      	movs	r0, r4
100093ac:	4a4b      	ldr	r2, [pc, #300]	@ (100094dc <cyw43_ll_bus_init+0x8b8>)
100093ae:	f7fe fb19 	bl	100079e4 <cyw43_write_reg_u8>
100093b2:	68a3      	ldr	r3, [r4, #8]
100093b4:	406b      	eors	r3, r5
100093b6:	e506      	b.n	10008dc6 <cyw43_ll_bus_init+0x1a2>
100093b8:	23c0      	movs	r3, #192	@ 0xc0
100093ba:	2101      	movs	r1, #1
100093bc:	0020      	movs	r0, r4
100093be:	4a48      	ldr	r2, [pc, #288]	@ (100094e0 <cyw43_ll_bus_init+0x8bc>)
100093c0:	035b      	lsls	r3, r3, #13
100093c2:	f7fe fb0f 	bl	100079e4 <cyw43_write_reg_u8>
100093c6:	e52b      	b.n	10008e20 <cyw43_ll_bus_init+0x1fc>
100093c8:	23c0      	movs	r3, #192	@ 0xc0
100093ca:	4a46      	ldr	r2, [pc, #280]	@ (100094e4 <cyw43_ll_bus_init+0x8c0>)
100093cc:	015b      	lsls	r3, r3, #5
100093ce:	2101      	movs	r1, #1
100093d0:	0020      	movs	r0, r4
100093d2:	f7fe fb07 	bl	100079e4 <cyw43_write_reg_u8>
100093d6:	23c0      	movs	r3, #192	@ 0xc0
100093d8:	68a2      	ldr	r2, [r4, #8]
100093da:	055b      	lsls	r3, r3, #21
100093dc:	4053      	eors	r3, r2
100093de:	e51a      	b.n	10008e16 <cyw43_ll_bus_init+0x1f2>
100093e0:	4841      	ldr	r0, [pc, #260]	@ (100094e8 <cyw43_ll_bus_init+0x8c4>)
100093e2:	f7fa ff57 	bl	10004294 <__wrap_puts>
100093e6:	e73a      	b.n	1000925e <cyw43_ll_bus_init+0x63a>
100093e8:	2301      	movs	r3, #1
100093ea:	b2c0      	uxtb	r0, r0
100093ec:	4303      	orrs	r3, r0
100093ee:	2101      	movs	r1, #1
100093f0:	0020      	movs	r0, r4
100093f2:	4a3e      	ldr	r2, [pc, #248]	@ (100094ec <cyw43_ll_bus_init+0x8c8>)
100093f4:	f7fe faf6 	bl	100079e4 <cyw43_write_reg_u8>
100093f8:	e672      	b.n	100090e0 <cyw43_ll_bus_init+0x4bc>
100093fa:	b283      	uxth	r3, r0
100093fc:	2204      	movs	r2, #4
100093fe:	2100      	movs	r1, #0
10009400:	0020      	movs	r0, r4
10009402:	f7fe f9e5 	bl	100077d0 <cyw43_write_reg_u16>
10009406:	e684      	b.n	10009112 <cyw43_ll_bus_init+0x4ee>
10009408:	4642      	mov	r2, r8
1000940a:	4643      	mov	r3, r8
1000940c:	6cd2      	ldr	r2, [r2, #76]	@ 0x4c
1000940e:	334c      	adds	r3, #76	@ 0x4c
10009410:	9206      	str	r2, [sp, #24]
10009412:	889b      	ldrh	r3, [r3, #4]
10009414:	ae06      	add	r6, sp, #24
10009416:	af04      	add	r7, sp, #16
10009418:	0039      	movs	r1, r7
1000941a:	0020      	movs	r0, r4
1000941c:	80b3      	strh	r3, [r6, #4]
1000941e:	f7ff fbc5 	bl	10008bac <cyw43_ll_wifi_get_mac>
10009422:	2800      	cmp	r0, #0
10009424:	d109      	bne.n	1000943a <cyw43_ll_bus_init+0x816>
10009426:	9a04      	ldr	r2, [sp, #16]
10009428:	9b06      	ldr	r3, [sp, #24]
1000942a:	429a      	cmp	r2, r3
1000942c:	d000      	beq.n	10009430 <cyw43_ll_bus_init+0x80c>
1000942e:	e421      	b.n	10008c74 <cyw43_ll_bus_init+0x50>
10009430:	88ba      	ldrh	r2, [r7, #4]
10009432:	88b3      	ldrh	r3, [r6, #4]
10009434:	429a      	cmp	r2, r3
10009436:	d000      	beq.n	1000943a <cyw43_ll_bus_init+0x816>
10009438:	e41c      	b.n	10008c74 <cyw43_ll_bus_init+0x50>
1000943a:	0039      	movs	r1, r7
1000943c:	2000      	movs	r0, #0
1000943e:	f000 fe01 	bl	1000a044 <cyw43_hal_generate_laa_mac>
10009442:	e719      	b.n	10009278 <cyw43_ll_bus_init+0x654>
10009444:	23c0      	movs	r3, #192	@ 0xc0
10009446:	4a27      	ldr	r2, [pc, #156]	@ (100094e4 <cyw43_ll_bus_init+0x8c0>)
10009448:	015b      	lsls	r3, r3, #5
1000944a:	2101      	movs	r1, #1
1000944c:	0020      	movs	r0, r4
1000944e:	f7fe fac9 	bl	100079e4 <cyw43_write_reg_u8>
10009452:	23c0      	movs	r3, #192	@ 0xc0
10009454:	68a2      	ldr	r2, [r4, #8]
10009456:	055b      	lsls	r3, r3, #21
10009458:	4053      	eors	r3, r2
1000945a:	e687      	b.n	1000916c <cyw43_ll_bus_init+0x548>
1000945c:	2318      	movs	r3, #24
1000945e:	2101      	movs	r1, #1
10009460:	0020      	movs	r0, r4
10009462:	4a1e      	ldr	r2, [pc, #120]	@ (100094dc <cyw43_ll_bus_init+0x8b8>)
10009464:	f7fe fabe 	bl	100079e4 <cyw43_write_reg_u8>
10009468:	68a3      	ldr	r3, [r4, #8]
1000946a:	4073      	eors	r3, r6
1000946c:	e679      	b.n	10009162 <cyw43_ll_bus_init+0x53e>
1000946e:	23c0      	movs	r3, #192	@ 0xc0
10009470:	2101      	movs	r1, #1
10009472:	0020      	movs	r0, r4
10009474:	4a1a      	ldr	r2, [pc, #104]	@ (100094e0 <cyw43_ll_bus_init+0x8bc>)
10009476:	035b      	lsls	r3, r3, #13
10009478:	f7fe fab4 	bl	100079e4 <cyw43_write_reg_u8>
1000947c:	e67b      	b.n	10009176 <cyw43_ll_bus_init+0x552>
1000947e:	23c0      	movs	r3, #192	@ 0xc0
10009480:	2101      	movs	r1, #1
10009482:	0020      	movs	r0, r4
10009484:	4a16      	ldr	r2, [pc, #88]	@ (100094e0 <cyw43_ll_bus_init+0x8bc>)
10009486:	035b      	lsls	r3, r3, #13
10009488:	f7fe faac 	bl	100079e4 <cyw43_write_reg_u8>
1000948c:	e656      	b.n	1000913c <cyw43_ll_bus_init+0x518>
1000948e:	23c0      	movs	r3, #192	@ 0xc0
10009490:	4a14      	ldr	r2, [pc, #80]	@ (100094e4 <cyw43_ll_bus_init+0x8c0>)
10009492:	015b      	lsls	r3, r3, #5
10009494:	2101      	movs	r1, #1
10009496:	0020      	movs	r0, r4
10009498:	f7fe faa4 	bl	100079e4 <cyw43_write_reg_u8>
1000949c:	23c0      	movs	r3, #192	@ 0xc0
1000949e:	68a2      	ldr	r2, [r4, #8]
100094a0:	055b      	lsls	r3, r3, #21
100094a2:	4053      	eors	r3, r2
100094a4:	e645      	b.n	10009132 <cyw43_ll_bus_init+0x50e>
100094a6:	2318      	movs	r3, #24
100094a8:	2101      	movs	r1, #1
100094aa:	0020      	movs	r0, r4
100094ac:	4a0b      	ldr	r2, [pc, #44]	@ (100094dc <cyw43_ll_bus_init+0x8b8>)
100094ae:	f7fe fa99 	bl	100079e4 <cyw43_write_reg_u8>
100094b2:	68a3      	ldr	r3, [r4, #8]
100094b4:	4073      	eors	r3, r6
100094b6:	e637      	b.n	10009128 <cyw43_ll_bus_init+0x504>
100094b8:	480d      	ldr	r0, [pc, #52]	@ (100094f0 <cyw43_ll_bus_init+0x8cc>)
100094ba:	f7fa feeb 	bl	10004294 <__wrap_puts>
100094be:	f7ff fbd7 	bl	10008c70 <cyw43_ll_bus_init+0x4c>
100094c2:	480c      	ldr	r0, [pc, #48]	@ (100094f4 <cyw43_ll_bus_init+0x8d0>)
100094c4:	f7fa fee6 	bl	10004294 <__wrap_puts>
100094c8:	f7ff fbd2 	bl	10008c70 <cyw43_ll_bus_init+0x4c>
100094cc:	480a      	ldr	r0, [pc, #40]	@ (100094f8 <cyw43_ll_bus_init+0x8d4>)
100094ce:	f7fa fee1 	bl	10004294 <__wrap_puts>
100094d2:	e463      	b.n	10008d9c <cyw43_ll_bus_init+0x178>
100094d4:	4808      	ldr	r0, [pc, #32]	@ (100094f8 <cyw43_ll_bus_init+0x8d4>)
100094d6:	f7fa fedd 	bl	10004294 <__wrap_puts>
100094da:	e4a7      	b.n	10008e2c <cyw43_ll_bus_init+0x208>
100094dc:	0001000c 	.word	0x0001000c
100094e0:	0001000a 	.word	0x0001000a
100094e4:	0001000b 	.word	0x0001000b
100094e8:	1000ae58 	.word	0x1000ae58
100094ec:	0001001f 	.word	0x0001001f
100094f0:	1000ae28 	.word	0x1000ae28
100094f4:	1000ae40 	.word	0x1000ae40
100094f8:	1000ad24 	.word	0x1000ad24

100094fc <cyw43_ll_wifi_set_wpa_auth>:
100094fc:	2204      	movs	r2, #4
100094fe:	b510      	push	{r4, lr}
10009500:	8a03      	ldrh	r3, [r0, #16]
10009502:	b082      	sub	sp, #8
10009504:	3301      	adds	r3, #1
10009506:	b29b      	uxth	r3, r3
10009508:	6442      	str	r2, [r0, #68]	@ 0x44
1000950a:	8203      	strh	r3, [r0, #16]
1000950c:	6382      	str	r2, [r0, #56]	@ 0x38
1000950e:	041b      	lsls	r3, r3, #16
10009510:	3a02      	subs	r2, #2
10009512:	4313      	orrs	r3, r2
10009514:	63c3      	str	r3, [r0, #60]	@ 0x3c
10009516:	2300      	movs	r3, #0
10009518:	21a5      	movs	r1, #165	@ 0xa5
1000951a:	6403      	str	r3, [r0, #64]	@ 0x40
1000951c:	0003      	movs	r3, r0
1000951e:	6341      	str	r1, [r0, #52]	@ 0x34
10009520:	3328      	adds	r3, #40	@ 0x28
10009522:	2100      	movs	r1, #0
10009524:	3212      	adds	r2, #18
10009526:	0004      	movs	r4, r0
10009528:	f7fe fe38 	bl	1000819c <cyw43_sdpcm_send_common>
1000952c:	2800      	cmp	r0, #0
1000952e:	d108      	bne.n	10009542 <cyw43_ll_wifi_set_wpa_auth+0x46>
10009530:	0023      	movs	r3, r4
10009532:	3344      	adds	r3, #68	@ 0x44
10009534:	9300      	str	r3, [sp, #0]
10009536:	22a5      	movs	r2, #165	@ 0xa5
10009538:	2304      	movs	r3, #4
1000953a:	2102      	movs	r1, #2
1000953c:	0020      	movs	r0, r4
1000953e:	f7fe feab 	bl	10008298 <cyw43_do_ioctl.part.0>
10009542:	b002      	add	sp, #8
10009544:	bd10      	pop	{r4, pc}
10009546:	46c0      	nop			@ (mov r8, r8)

10009548 <cyw43_ll_wifi_rejoin>:
10009548:	221a      	movs	r2, #26
1000954a:	b530      	push	{r4, r5, lr}
1000954c:	4b13      	ldr	r3, [pc, #76]	@ (1000959c <cyw43_ll_wifi_rejoin+0x54>)
1000954e:	b083      	sub	sp, #12
10009550:	18c5      	adds	r5, r0, r3
10009552:	8a03      	ldrh	r3, [r0, #16]
10009554:	6342      	str	r2, [r0, #52]	@ 0x34
10009556:	3301      	adds	r3, #1
10009558:	b29b      	uxth	r3, r3
1000955a:	320a      	adds	r2, #10
1000955c:	8203      	strh	r3, [r0, #16]
1000955e:	6382      	str	r2, [r0, #56]	@ 0x38
10009560:	041b      	lsls	r3, r3, #16
10009562:	3a22      	subs	r2, #34	@ 0x22
10009564:	4313      	orrs	r3, r2
10009566:	63c3      	str	r3, [r0, #60]	@ 0x3c
10009568:	2300      	movs	r3, #0
1000956a:	0004      	movs	r4, r0
1000956c:	6403      	str	r3, [r0, #64]	@ 0x40
1000956e:	0029      	movs	r1, r5
10009570:	3222      	adds	r2, #34	@ 0x22
10009572:	3044      	adds	r0, #68	@ 0x44
10009574:	f7f9 f87c 	bl	10002670 <__wrap___aeabi_memcpy>
10009578:	0023      	movs	r3, r4
1000957a:	2234      	movs	r2, #52	@ 0x34
1000957c:	2100      	movs	r1, #0
1000957e:	0020      	movs	r0, r4
10009580:	3328      	adds	r3, #40	@ 0x28
10009582:	f7fe fe0b 	bl	1000819c <cyw43_sdpcm_send_common>
10009586:	2800      	cmp	r0, #0
10009588:	d106      	bne.n	10009598 <cyw43_ll_wifi_rejoin+0x50>
1000958a:	2324      	movs	r3, #36	@ 0x24
1000958c:	221a      	movs	r2, #26
1000958e:	2102      	movs	r1, #2
10009590:	0020      	movs	r0, r4
10009592:	9500      	str	r5, [sp, #0]
10009594:	f7fe fe80 	bl	10008298 <cyw43_do_ioctl.part.0>
10009598:	b003      	add	sp, #12
1000959a:	bd30      	pop	{r4, r5, pc}
1000959c:	00000828 	.word	0x00000828

100095a0 <cyw43_ll_gpio_set>:
100095a0:	b5f0      	push	{r4, r5, r6, r7, lr}
100095a2:	0004      	movs	r4, r0
100095a4:	b083      	sub	sp, #12
100095a6:	2902      	cmp	r1, #2
100095a8:	d83f      	bhi.n	1000962a <cyw43_ll_gpio_set+0x8a>
100095aa:	0006      	movs	r6, r0
100095ac:	1e53      	subs	r3, r2, #1
100095ae:	419a      	sbcs	r2, r3
100095b0:	2701      	movs	r7, #1
100095b2:	3644      	adds	r6, #68	@ 0x44
100095b4:	408f      	lsls	r7, r1
100095b6:	4255      	negs	r5, r2
100095b8:	491d      	ldr	r1, [pc, #116]	@ (10009630 <cyw43_ll_gpio_set+0x90>)
100095ba:	2208      	movs	r2, #8
100095bc:	0030      	movs	r0, r6
100095be:	f7f9 f857 	bl	10002670 <__wrap___aeabi_memcpy>
100095c2:	234c      	movs	r3, #76	@ 0x4c
100095c4:	2200      	movs	r2, #0
100095c6:	2110      	movs	r1, #16
100095c8:	b2ff      	uxtb	r7, r7
100095ca:	54e7      	strb	r7, [r4, r3]
100095cc:	3301      	adds	r3, #1
100095ce:	54e2      	strb	r2, [r4, r3]
100095d0:	3301      	adds	r3, #1
100095d2:	54e2      	strb	r2, [r4, r3]
100095d4:	3301      	adds	r3, #1
100095d6:	54e2      	strb	r2, [r4, r3]
100095d8:	403d      	ands	r5, r7
100095da:	3301      	adds	r3, #1
100095dc:	54e5      	strb	r5, [r4, r3]
100095de:	3301      	adds	r3, #1
100095e0:	54e2      	strb	r2, [r4, r3]
100095e2:	3301      	adds	r3, #1
100095e4:	54e2      	strb	r2, [r4, r3]
100095e6:	3301      	adds	r3, #1
100095e8:	54e2      	strb	r2, [r4, r3]
100095ea:	8a23      	ldrh	r3, [r4, #16]
100095ec:	63a1      	str	r1, [r4, #56]	@ 0x38
100095ee:	3301      	adds	r3, #1
100095f0:	b29b      	uxth	r3, r3
100095f2:	390e      	subs	r1, #14
100095f4:	8223      	strh	r3, [r4, #16]
100095f6:	041b      	lsls	r3, r3, #16
100095f8:	430b      	orrs	r3, r1
100095fa:	2508      	movs	r5, #8
100095fc:	63e3      	str	r3, [r4, #60]	@ 0x3c
100095fe:	0023      	movs	r3, r4
10009600:	35ff      	adds	r5, #255	@ 0xff
10009602:	6422      	str	r2, [r4, #64]	@ 0x40
10009604:	2100      	movs	r1, #0
10009606:	0020      	movs	r0, r4
10009608:	6365      	str	r5, [r4, #52]	@ 0x34
1000960a:	3328      	adds	r3, #40	@ 0x28
1000960c:	3220      	adds	r2, #32
1000960e:	f7fe fdc5 	bl	1000819c <cyw43_sdpcm_send_common>
10009612:	2800      	cmp	r0, #0
10009614:	d106      	bne.n	10009624 <cyw43_ll_gpio_set+0x84>
10009616:	2310      	movs	r3, #16
10009618:	002a      	movs	r2, r5
1000961a:	2102      	movs	r1, #2
1000961c:	0020      	movs	r0, r4
1000961e:	9600      	str	r6, [sp, #0]
10009620:	f7fe fe3a 	bl	10008298 <cyw43_do_ioctl.part.0>
10009624:	2000      	movs	r0, #0
10009626:	b003      	add	sp, #12
10009628:	bdf0      	pop	{r4, r5, r6, r7, pc}
1000962a:	2001      	movs	r0, #1
1000962c:	4240      	negs	r0, r0
1000962e:	e7fa      	b.n	10009626 <cyw43_ll_gpio_set+0x86>
10009630:	1000ae80 	.word	0x1000ae80

10009634 <cyw43_ll_has_work>:
10009634:	b510      	push	{r4, lr}
10009636:	6800      	ldr	r0, [r0, #0]
10009638:	f000 f8e4 	bl	10009804 <cyw43_cb_read_host_interrupt_pin>
1000963c:	3801      	subs	r0, #1
1000963e:	4243      	negs	r3, r0
10009640:	4158      	adcs	r0, r3
10009642:	b2c0      	uxtb	r0, r0
10009644:	bd10      	pop	{r4, pc}
10009646:	46c0      	nop			@ (mov r8, r8)

10009648 <cyw43_poll_func>:
10009648:	b510      	push	{r4, lr}
1000964a:	4b28      	ldr	r3, [pc, #160]	@ (100096ec <cyw43_poll_func+0xa4>)
1000964c:	b082      	sub	sp, #8
1000964e:	681b      	ldr	r3, [r3, #0]
10009650:	2b00      	cmp	r3, #0
10009652:	d017      	beq.n	10009684 <cyw43_poll_func+0x3c>
10009654:	4c26      	ldr	r4, [pc, #152]	@ (100096f0 <cyw43_poll_func+0xa8>)
10009656:	0020      	movs	r0, r4
10009658:	f7ff ffec 	bl	10009634 <cyw43_ll_has_work>
1000965c:	2800      	cmp	r0, #0
1000965e:	d13c      	bne.n	100096da <cyw43_poll_func+0x92>
10009660:	4b24      	ldr	r3, [pc, #144]	@ (100096f4 <cyw43_poll_func+0xac>)
10009662:	5ce2      	ldrb	r2, [r4, r3]
10009664:	2a00      	cmp	r2, #0
10009666:	d12b      	bne.n	100096c0 <cyw43_poll_func+0x78>
10009668:	4b23      	ldr	r3, [pc, #140]	@ (100096f8 <cyw43_poll_func+0xb0>)
1000966a:	5ce2      	ldrb	r2, [r4, r3]
1000966c:	2a00      	cmp	r2, #0
1000966e:	d11d      	bne.n	100096ac <cyw43_poll_func+0x64>
10009670:	4b22      	ldr	r3, [pc, #136]	@ (100096fc <cyw43_poll_func+0xb4>)
10009672:	5ce2      	ldrb	r2, [r4, r3]
10009674:	2a00      	cmp	r2, #0
10009676:	d10c      	bne.n	10009692 <cyw43_poll_func+0x4a>
10009678:	4b21      	ldr	r3, [pc, #132]	@ (10009700 <cyw43_poll_func+0xb8>)
1000967a:	681b      	ldr	r3, [r3, #0]
1000967c:	2b00      	cmp	r3, #0
1000967e:	d003      	beq.n	10009688 <cyw43_poll_func+0x40>
10009680:	f000 fc8a 	bl	10009f98 <cyw43_post_poll_hook>
10009684:	b002      	add	sp, #8
10009686:	bd10      	pop	{r4, pc}
10009688:	2101      	movs	r1, #1
1000968a:	0020      	movs	r0, r4
1000968c:	f7ff fa74 	bl	10008b78 <cyw43_ll_bus_sleep>
10009690:	e7f6      	b.n	10009680 <cyw43_poll_func+0x38>
10009692:	2200      	movs	r2, #0
10009694:	0020      	movs	r0, r4
10009696:	54e2      	strb	r2, [r4, r3]
10009698:	f7ff ff56 	bl	10009548 <cyw43_ll_wifi_rejoin>
1000969c:	2201      	movs	r2, #1
1000969e:	4b19      	ldr	r3, [pc, #100]	@ (10009704 <cyw43_poll_func+0xbc>)
100096a0:	50e2      	str	r2, [r4, r3]
100096a2:	4b17      	ldr	r3, [pc, #92]	@ (10009700 <cyw43_poll_func+0xb8>)
100096a4:	681b      	ldr	r3, [r3, #0]
100096a6:	2b00      	cmp	r3, #0
100096a8:	d1ea      	bne.n	10009680 <cyw43_poll_func+0x38>
100096aa:	e7ed      	b.n	10009688 <cyw43_poll_func+0x40>
100096ac:	2200      	movs	r2, #0
100096ae:	0020      	movs	r0, r4
100096b0:	54e2      	strb	r2, [r4, r3]
100096b2:	f7ff ff23 	bl	100094fc <cyw43_ll_wifi_set_wpa_auth>
100096b6:	4b11      	ldr	r3, [pc, #68]	@ (100096fc <cyw43_poll_func+0xb4>)
100096b8:	5ce2      	ldrb	r2, [r4, r3]
100096ba:	2a00      	cmp	r2, #0
100096bc:	d0dc      	beq.n	10009678 <cyw43_poll_func+0x30>
100096be:	e7e8      	b.n	10009692 <cyw43_poll_func+0x4a>
100096c0:	2200      	movs	r2, #0
100096c2:	2169      	movs	r1, #105	@ 0x69
100096c4:	54e2      	strb	r2, [r4, r3]
100096c6:	0020      	movs	r0, r4
100096c8:	2300      	movs	r3, #0
100096ca:	9200      	str	r2, [sp, #0]
100096cc:	f7ff fa14 	bl	10008af8 <cyw43_ll_ioctl>
100096d0:	4b09      	ldr	r3, [pc, #36]	@ (100096f8 <cyw43_poll_func+0xb0>)
100096d2:	5ce2      	ldrb	r2, [r4, r3]
100096d4:	2a00      	cmp	r2, #0
100096d6:	d0cb      	beq.n	10009670 <cyw43_poll_func+0x28>
100096d8:	e7e8      	b.n	100096ac <cyw43_poll_func+0x64>
100096da:	0020      	movs	r0, r4
100096dc:	f7ff f9e2 	bl	10008aa4 <cyw43_ll_process_packets>
100096e0:	4b04      	ldr	r3, [pc, #16]	@ (100096f4 <cyw43_poll_func+0xac>)
100096e2:	5ce2      	ldrb	r2, [r4, r3]
100096e4:	2a00      	cmp	r2, #0
100096e6:	d0bf      	beq.n	10009668 <cyw43_poll_func+0x20>
100096e8:	e7ea      	b.n	100096c0 <cyw43_poll_func+0x78>
100096ea:	46c0      	nop			@ (mov r8, r8)
100096ec:	20001df4 	.word	0x20001df4
100096f0:	20001dfc 	.word	0x20001dfc
100096f4:	00000869 	.word	0x00000869
100096f8:	0000086b 	.word	0x0000086b
100096fc:	0000086a 	.word	0x0000086a
10009700:	20001df8 	.word	0x20001df8
10009704:	0000085c 	.word	0x0000085c

10009708 <cyw43_init>:
10009708:	b570      	push	{r4, r5, r6, lr}
1000970a:	2380      	movs	r3, #128	@ 0x80
1000970c:	25d0      	movs	r5, #208	@ 0xd0
1000970e:	2680      	movs	r6, #128	@ 0x80
10009710:	0004      	movs	r4, r0
10009712:	062d      	lsls	r5, r5, #24
10009714:	045b      	lsls	r3, r3, #17
10009716:	62ab      	str	r3, [r5, #40]	@ 0x28
10009718:	0436      	lsls	r6, r6, #16
1000971a:	2200      	movs	r2, #0
1000971c:	2100      	movs	r1, #0
1000971e:	2018      	movs	r0, #24
10009720:	f7f6 fe84 	bl	1000042c <gpio_set_pulls>
10009724:	626e      	str	r6, [r5, #36]	@ 0x24
10009726:	2200      	movs	r2, #0
10009728:	2100      	movs	r1, #0
1000972a:	2017      	movs	r0, #23
1000972c:	f7f6 fe7e 	bl	1000042c <gpio_set_pulls>
10009730:	61ae      	str	r6, [r5, #24]
10009732:	0021      	movs	r1, r4
10009734:	0020      	movs	r0, r4
10009736:	f7ff f9a3 	bl	10008a80 <cyw43_ll_init>
1000973a:	2285      	movs	r2, #133	@ 0x85
1000973c:	2300      	movs	r3, #0
1000973e:	2103      	movs	r1, #3
10009740:	0112      	lsls	r2, r2, #4
10009742:	54a3      	strb	r3, [r4, r2]
10009744:	4a06      	ldr	r2, [pc, #24]	@ (10009760 <cyw43_init+0x58>)
10009746:	50a3      	str	r3, [r4, r2]
10009748:	4a06      	ldr	r2, [pc, #24]	@ (10009764 <cyw43_init+0x5c>)
1000974a:	50a3      	str	r3, [r4, r2]
1000974c:	3214      	adds	r2, #20
1000974e:	52a1      	strh	r1, [r4, r2]
10009750:	4a05      	ldr	r2, [pc, #20]	@ (10009768 <cyw43_init+0x60>)
10009752:	54a3      	strb	r3, [r4, r2]
10009754:	4a05      	ldr	r2, [pc, #20]	@ (1000976c <cyw43_init+0x64>)
10009756:	6013      	str	r3, [r2, #0]
10009758:	2201      	movs	r2, #1
1000975a:	4b05      	ldr	r3, [pc, #20]	@ (10009770 <cyw43_init+0x68>)
1000975c:	50e2      	str	r2, [r4, r3]
1000975e:	bd70      	pop	{r4, r5, r6, pc}
10009760:	00000858 	.word	0x00000858
10009764:	0000085c 	.word	0x0000085c
10009768:	00000872 	.word	0x00000872
1000976c:	20001df4 	.word	0x20001df4
10009770:	00000868 	.word	0x00000868

10009774 <cyw43_deinit>:
10009774:	b5f8      	push	{r3, r4, r5, r6, r7, lr}
10009776:	0004      	movs	r4, r0
10009778:	f000 fc78 	bl	1000a06c <cyw43_thread_enter>
1000977c:	4e1c      	ldr	r6, [pc, #112]	@ (100097f0 <cyw43_deinit+0x7c>)
1000977e:	6833      	ldr	r3, [r6, #0]
10009780:	2b00      	cmp	r3, #0
10009782:	d032      	beq.n	100097ea <cyw43_deinit+0x76>
10009784:	2100      	movs	r1, #0
10009786:	0020      	movs	r0, r4
10009788:	f000 fcd4 	bl	1000a134 <cyw43_cb_tcpip_deinit>
1000978c:	2101      	movs	r1, #1
1000978e:	0020      	movs	r0, r4
10009790:	f000 fcd0 	bl	1000a134 <cyw43_cb_tcpip_deinit>
10009794:	0020      	movs	r0, r4
10009796:	f7ff f981 	bl	10008a9c <cyw43_ll_deinit>
1000979a:	25d0      	movs	r5, #208	@ 0xd0
1000979c:	2380      	movs	r3, #128	@ 0x80
1000979e:	2780      	movs	r7, #128	@ 0x80
100097a0:	045b      	lsls	r3, r3, #17
100097a2:	062d      	lsls	r5, r5, #24
100097a4:	62ab      	str	r3, [r5, #40]	@ 0x28
100097a6:	2200      	movs	r2, #0
100097a8:	2100      	movs	r1, #0
100097aa:	2018      	movs	r0, #24
100097ac:	043f      	lsls	r7, r7, #16
100097ae:	f7f6 fe3d 	bl	1000042c <gpio_set_pulls>
100097b2:	2200      	movs	r2, #0
100097b4:	2100      	movs	r1, #0
100097b6:	2017      	movs	r0, #23
100097b8:	626f      	str	r7, [r5, #36]	@ 0x24
100097ba:	f7f6 fe37 	bl	1000042c <gpio_set_pulls>
100097be:	0021      	movs	r1, r4
100097c0:	0020      	movs	r0, r4
100097c2:	61af      	str	r7, [r5, #24]
100097c4:	f7ff f95c 	bl	10008a80 <cyw43_ll_init>
100097c8:	2285      	movs	r2, #133	@ 0x85
100097ca:	2300      	movs	r3, #0
100097cc:	2103      	movs	r1, #3
100097ce:	0112      	lsls	r2, r2, #4
100097d0:	54a3      	strb	r3, [r4, r2]
100097d2:	4a08      	ldr	r2, [pc, #32]	@ (100097f4 <cyw43_deinit+0x80>)
100097d4:	6033      	str	r3, [r6, #0]
100097d6:	50a3      	str	r3, [r4, r2]
100097d8:	4a07      	ldr	r2, [pc, #28]	@ (100097f8 <cyw43_deinit+0x84>)
100097da:	50a3      	str	r3, [r4, r2]
100097dc:	3214      	adds	r2, #20
100097de:	52a1      	strh	r1, [r4, r2]
100097e0:	4a06      	ldr	r2, [pc, #24]	@ (100097fc <cyw43_deinit+0x88>)
100097e2:	54a3      	strb	r3, [r4, r2]
100097e4:	2201      	movs	r2, #1
100097e6:	4b06      	ldr	r3, [pc, #24]	@ (10009800 <cyw43_deinit+0x8c>)
100097e8:	50e2      	str	r2, [r4, r3]
100097ea:	f000 fc49 	bl	1000a080 <cyw43_thread_exit>
100097ee:	bdf8      	pop	{r3, r4, r5, r6, r7, pc}
100097f0:	20001df4 	.word	0x20001df4
100097f4:	00000858 	.word	0x00000858
100097f8:	0000085c 	.word	0x0000085c
100097fc:	00000872 	.word	0x00000872
10009800:	00000868 	.word	0x00000868

10009804 <cyw43_cb_read_host_interrupt_pin>:
10009804:	23d0      	movs	r3, #208	@ 0xd0
10009806:	061b      	lsls	r3, r3, #24
10009808:	6858      	ldr	r0, [r3, #4]
1000980a:	01c0      	lsls	r0, r0, #7
1000980c:	0fc0      	lsrs	r0, r0, #31
1000980e:	4770      	bx	lr

10009810 <cyw43_cb_ensure_awake>:
10009810:	2232      	movs	r2, #50	@ 0x32
10009812:	4b01      	ldr	r3, [pc, #4]	@ (10009818 <cyw43_cb_ensure_awake+0x8>)
10009814:	601a      	str	r2, [r3, #0]
10009816:	4770      	bx	lr
10009818:	20001df8 	.word	0x20001df8

1000981c <cyw43_cb_process_async_event>:
1000981c:	4b75      	ldr	r3, [pc, #468]	@ (100099f4 <cyw43_cb_process_async_event+0x1d8>)
1000981e:	b570      	push	{r4, r5, r6, lr}
10009820:	58c3      	ldr	r3, [r0, r3]
10009822:	0005      	movs	r5, r0
10009824:	000c      	movs	r4, r1
10009826:	07db      	lsls	r3, r3, #31
10009828:	d412      	bmi.n	10009850 <cyw43_cb_process_async_event+0x34>
1000982a:	6863      	ldr	r3, [r4, #4]
1000982c:	2b45      	cmp	r3, #69	@ 0x45
1000982e:	d005      	beq.n	1000983c <cyw43_cb_process_async_event+0x20>
10009830:	2b31      	cmp	r3, #49	@ 0x31
10009832:	d807      	bhi.n	10009844 <cyw43_cb_process_async_event+0x28>
10009834:	4a70      	ldr	r2, [pc, #448]	@ (100099f8 <cyw43_cb_process_async_event+0x1dc>)
10009836:	009b      	lsls	r3, r3, #2
10009838:	58d3      	ldr	r3, [r2, r3]
1000983a:	469f      	mov	pc, r3
1000983c:	4a6f      	ldr	r2, [pc, #444]	@ (100099fc <cyw43_cb_process_async_event+0x1e0>)
1000983e:	58ab      	ldr	r3, [r5, r2]
10009840:	2b01      	cmp	r3, #1
10009842:	d038      	beq.n	100098b6 <cyw43_cb_process_async_event+0x9a>
10009844:	4b6e      	ldr	r3, [pc, #440]	@ (10009a00 <cyw43_cb_process_async_event+0x1e4>)
10009846:	58eb      	ldr	r3, [r5, r3]
10009848:	4a6e      	ldr	r2, [pc, #440]	@ (10009a04 <cyw43_cb_process_async_event+0x1e8>)
1000984a:	4293      	cmp	r3, r2
1000984c:	d025      	beq.n	1000989a <cyw43_cb_process_async_event+0x7e>
1000984e:	bd70      	pop	{r4, r5, r6, pc}
10009850:	f7f7 ff52 	bl	100016f8 <time_us_64>
10009854:	2900      	cmp	r1, #0
10009856:	d028      	beq.n	100098aa <cyw43_cb_process_async_event+0x8e>
10009858:	22fa      	movs	r2, #250	@ 0xfa
1000985a:	2300      	movs	r3, #0
1000985c:	0092      	lsls	r2, r2, #2
1000985e:	f7f8 faf1 	bl	10001e44 <__wrap___aeabi_uldivmod>
10009862:	0001      	movs	r1, r0
10009864:	4b68      	ldr	r3, [pc, #416]	@ (10009a08 <cyw43_cb_process_async_event+0x1ec>)
10009866:	8862      	ldrh	r2, [r4, #2]
10009868:	0018      	movs	r0, r3
1000986a:	f7fa fd97 	bl	1000439c <__wrap_printf>
1000986e:	6861      	ldr	r1, [r4, #4]
10009870:	2958      	cmp	r1, #88	@ 0x58
10009872:	d900      	bls.n	10009876 <cyw43_cb_process_async_event+0x5a>
10009874:	e08f      	b.n	10009996 <cyw43_cb_process_async_event+0x17a>
10009876:	4b65      	ldr	r3, [pc, #404]	@ (10009a0c <cyw43_cb_process_async_event+0x1f0>)
10009878:	008a      	lsls	r2, r1, #2
1000987a:	58d3      	ldr	r3, [r2, r3]
1000987c:	2b00      	cmp	r3, #0
1000987e:	d100      	bne.n	10009882 <cyw43_cb_process_async_event+0x66>
10009880:	e089      	b.n	10009996 <cyw43_cb_process_async_event+0x17a>
10009882:	0019      	movs	r1, r3
10009884:	4862      	ldr	r0, [pc, #392]	@ (10009a10 <cyw43_cb_process_async_event+0x1f4>)
10009886:	f7fa fd89 	bl	1000439c <__wrap_printf>
1000988a:	232e      	movs	r3, #46	@ 0x2e
1000988c:	68e2      	ldr	r2, [r4, #12]
1000988e:	5ce3      	ldrb	r3, [r4, r3]
10009890:	68a1      	ldr	r1, [r4, #8]
10009892:	4860      	ldr	r0, [pc, #384]	@ (10009a14 <cyw43_cb_process_async_event+0x1f8>)
10009894:	f7fa fd82 	bl	1000439c <__wrap_printf>
10009898:	e7c7      	b.n	1000982a <cyw43_cb_process_async_event+0xe>
1000989a:	2201      	movs	r2, #1
1000989c:	4b58      	ldr	r3, [pc, #352]	@ (10009a00 <cyw43_cb_process_async_event+0x1e4>)
1000989e:	2100      	movs	r1, #0
100098a0:	0028      	movs	r0, r5
100098a2:	50ea      	str	r2, [r5, r3]
100098a4:	f000 fc48 	bl	1000a138 <cyw43_cb_tcpip_set_link_up>
100098a8:	e7d1      	b.n	1000984e <cyw43_cb_process_async_event+0x32>
100098aa:	21fa      	movs	r1, #250	@ 0xfa
100098ac:	0089      	lsls	r1, r1, #2
100098ae:	f7f8 fa8b 	bl	10001dc8 <__wrap___aeabi_uidiv>
100098b2:	0001      	movs	r1, r0
100098b4:	e7d6      	b.n	10009864 <cyw43_cb_process_async_event+0x48>
100098b6:	68a1      	ldr	r1, [r4, #8]
100098b8:	2908      	cmp	r1, #8
100098ba:	d077      	beq.n	100099ac <cyw43_cb_process_async_event+0x190>
100098bc:	4b50      	ldr	r3, [pc, #320]	@ (10009a00 <cyw43_cb_process_async_event+0x1e4>)
100098be:	58eb      	ldr	r3, [r5, r3]
100098c0:	2900      	cmp	r1, #0
100098c2:	d1c1      	bne.n	10009848 <cyw43_cb_process_async_event+0x2c>
100098c4:	3102      	adds	r1, #2
100098c6:	50a9      	str	r1, [r5, r2]
100098c8:	e7be      	b.n	10009848 <cyw43_cb_process_async_event+0x2c>
100098ca:	2201      	movs	r2, #1
100098cc:	4b52      	ldr	r3, [pc, #328]	@ (10009a18 <cyw43_cb_process_async_event+0x1fc>)
100098ce:	4853      	ldr	r0, [pc, #332]	@ (10009a1c <cyw43_cb_process_async_event+0x200>)
100098d0:	52ea      	strh	r2, [r5, r3]
100098d2:	f000 fb69 	bl	10009fa8 <cyw43_schedule_internal_poll_dispatch>
100098d6:	e7b5      	b.n	10009844 <cyw43_cb_process_async_event+0x28>
100098d8:	68a3      	ldr	r3, [r4, #8]
100098da:	2b06      	cmp	r3, #6
100098dc:	d071      	beq.n	100099c2 <cyw43_cb_process_async_event+0x1a6>
100098de:	2b04      	cmp	r3, #4
100098e0:	d003      	beq.n	100098ea <cyw43_cb_process_async_event+0xce>
100098e2:	2202      	movs	r2, #2
100098e4:	4393      	bics	r3, r2
100098e6:	2b08      	cmp	r3, #8
100098e8:	d15c      	bne.n	100099a4 <cyw43_cb_process_async_event+0x188>
100098ea:	68e3      	ldr	r3, [r4, #12]
100098ec:	2b0f      	cmp	r3, #15
100098ee:	d159      	bne.n	100099a4 <cyw43_cb_process_async_event+0x188>
100098f0:	4b49      	ldr	r3, [pc, #292]	@ (10009a18 <cyw43_cb_process_async_event+0x1fc>)
100098f2:	e02b      	b.n	1000994c <cyw43_cb_process_async_event+0x130>
100098f4:	68a3      	ldr	r3, [r4, #8]
100098f6:	2b00      	cmp	r3, #0
100098f8:	d1a4      	bne.n	10009844 <cyw43_cb_process_async_event+0x28>
100098fa:	68e3      	ldr	r3, [r4, #12]
100098fc:	2b08      	cmp	r3, #8
100098fe:	d1a1      	bne.n	10009844 <cyw43_cb_process_async_event+0x28>
10009900:	2202      	movs	r2, #2
10009902:	4b45      	ldr	r3, [pc, #276]	@ (10009a18 <cyw43_cb_process_async_event+0x1fc>)
10009904:	32ff      	adds	r2, #255	@ 0xff
10009906:	e7e2      	b.n	100098ce <cyw43_cb_process_async_event+0xb2>
10009908:	68a3      	ldr	r3, [r4, #8]
1000990a:	2b00      	cmp	r3, #0
1000990c:	d19a      	bne.n	10009844 <cyw43_cb_process_async_event+0x28>
1000990e:	332e      	adds	r3, #46	@ 0x2e
10009910:	5ce1      	ldrb	r1, [r4, r3]
10009912:	8863      	ldrh	r3, [r4, #2]
10009914:	07db      	lsls	r3, r3, #31
10009916:	d561      	bpl.n	100099dc <cyw43_cb_process_async_event+0x1c0>
10009918:	2900      	cmp	r1, #0
1000991a:	d165      	bne.n	100099e8 <cyw43_cb_process_async_event+0x1cc>
1000991c:	2380      	movs	r3, #128	@ 0x80
1000991e:	4a38      	ldr	r2, [pc, #224]	@ (10009a00 <cyw43_cb_process_async_event+0x1e4>)
10009920:	00db      	lsls	r3, r3, #3
10009922:	58a9      	ldr	r1, [r5, r2]
10009924:	430b      	orrs	r3, r1
10009926:	50ab      	str	r3, [r5, r2]
10009928:	e78e      	b.n	10009848 <cyw43_cb_process_async_event+0x2c>
1000992a:	2100      	movs	r1, #0
1000992c:	0028      	movs	r0, r5
1000992e:	f000 fc09 	bl	1000a144 <cyw43_cb_tcpip_set_link_down>
10009932:	2200      	movs	r2, #0
10009934:	4b32      	ldr	r3, [pc, #200]	@ (10009a00 <cyw43_cb_process_async_event+0x1e4>)
10009936:	50ea      	str	r2, [r5, r3]
10009938:	e789      	b.n	1000984e <cyw43_cb_process_async_event+0x32>
1000993a:	68a3      	ldr	r3, [r4, #8]
1000993c:	2b00      	cmp	r3, #0
1000993e:	d000      	beq.n	10009942 <cyw43_cb_process_async_event+0x126>
10009940:	e780      	b.n	10009844 <cyw43_cb_process_async_event+0x28>
10009942:	68e3      	ldr	r3, [r4, #12]
10009944:	2b02      	cmp	r3, #2
10009946:	d000      	beq.n	1000994a <cyw43_cb_process_async_event+0x12e>
10009948:	e77c      	b.n	10009844 <cyw43_cb_process_async_event+0x28>
1000994a:	4b35      	ldr	r3, [pc, #212]	@ (10009a20 <cyw43_cb_process_async_event+0x204>)
1000994c:	2201      	movs	r2, #1
1000994e:	4833      	ldr	r0, [pc, #204]	@ (10009a1c <cyw43_cb_process_async_event+0x200>)
10009950:	54ea      	strb	r2, [r5, r3]
10009952:	f000 fb29 	bl	10009fa8 <cyw43_schedule_internal_poll_dispatch>
10009956:	4b2a      	ldr	r3, [pc, #168]	@ (10009a00 <cyw43_cb_process_async_event+0x1e4>)
10009958:	58eb      	ldr	r3, [r5, r3]
1000995a:	e775      	b.n	10009848 <cyw43_cb_process_async_event+0x2c>
1000995c:	68a3      	ldr	r3, [r4, #8]
1000995e:	2b00      	cmp	r3, #0
10009960:	d11d      	bne.n	1000999e <cyw43_cb_process_async_event+0x182>
10009962:	4b27      	ldr	r3, [pc, #156]	@ (10009a00 <cyw43_cb_process_async_event+0x1e4>)
10009964:	58ea      	ldr	r2, [r5, r3]
10009966:	230f      	movs	r3, #15
10009968:	0019      	movs	r1, r3
1000996a:	4011      	ands	r1, r2
1000996c:	2904      	cmp	r1, #4
1000996e:	d102      	bne.n	10009976 <cyw43_cb_process_async_event+0x15a>
10009970:	439a      	bics	r2, r3
10009972:	3b0e      	subs	r3, #14
10009974:	431a      	orrs	r2, r3
10009976:	2380      	movs	r3, #128	@ 0x80
10009978:	009b      	lsls	r3, r3, #2
1000997a:	4313      	orrs	r3, r2
1000997c:	4a20      	ldr	r2, [pc, #128]	@ (10009a00 <cyw43_cb_process_async_event+0x1e4>)
1000997e:	50ab      	str	r3, [r5, r2]
10009980:	e762      	b.n	10009848 <cyw43_cb_process_async_event+0x2c>
10009982:	68a3      	ldr	r3, [r4, #8]
10009984:	2b00      	cmp	r3, #0
10009986:	d100      	bne.n	1000998a <cyw43_cb_process_async_event+0x16e>
10009988:	e75c      	b.n	10009844 <cyw43_cb_process_async_event+0x28>
1000998a:	2b03      	cmp	r3, #3
1000998c:	d020      	beq.n	100099d0 <cyw43_cb_process_async_event+0x1b4>
1000998e:	2202      	movs	r2, #2
10009990:	4b1b      	ldr	r3, [pc, #108]	@ (10009a00 <cyw43_cb_process_async_event+0x1e4>)
10009992:	50ea      	str	r2, [r5, r3]
10009994:	e75b      	b.n	1000984e <cyw43_cb_process_async_event+0x32>
10009996:	4823      	ldr	r0, [pc, #140]	@ (10009a24 <cyw43_cb_process_async_event+0x208>)
10009998:	f7fa fd00 	bl	1000439c <__wrap_printf>
1000999c:	e775      	b.n	1000988a <cyw43_cb_process_async_event+0x6e>
1000999e:	2b06      	cmp	r3, #6
100099a0:	d100      	bne.n	100099a4 <cyw43_cb_process_async_event+0x188>
100099a2:	e74f      	b.n	10009844 <cyw43_cb_process_async_event+0x28>
100099a4:	2204      	movs	r2, #4
100099a6:	4b16      	ldr	r3, [pc, #88]	@ (10009a00 <cyw43_cb_process_async_event+0x1e4>)
100099a8:	50ea      	str	r2, [r5, r3]
100099aa:	e750      	b.n	1000984e <cyw43_cb_process_async_event+0x32>
100099ac:	2386      	movs	r3, #134	@ 0x86
100099ae:	0021      	movs	r1, r4
100099b0:	011b      	lsls	r3, r3, #4
100099b2:	58e8      	ldr	r0, [r5, r3]
100099b4:	4b1c      	ldr	r3, [pc, #112]	@ (10009a28 <cyw43_cb_process_async_event+0x20c>)
100099b6:	3130      	adds	r1, #48	@ 0x30
100099b8:	58eb      	ldr	r3, [r5, r3]
100099ba:	4798      	blx	r3
100099bc:	4b10      	ldr	r3, [pc, #64]	@ (10009a00 <cyw43_cb_process_async_event+0x1e4>)
100099be:	58eb      	ldr	r3, [r5, r3]
100099c0:	e742      	b.n	10009848 <cyw43_cb_process_async_event+0x2c>
100099c2:	2380      	movs	r3, #128	@ 0x80
100099c4:	4a0e      	ldr	r2, [pc, #56]	@ (10009a00 <cyw43_cb_process_async_event+0x1e4>)
100099c6:	011b      	lsls	r3, r3, #4
100099c8:	58a9      	ldr	r1, [r5, r2]
100099ca:	430b      	orrs	r3, r1
100099cc:	50ab      	str	r3, [r5, r2]
100099ce:	e73b      	b.n	10009848 <cyw43_cb_process_async_event+0x2c>
100099d0:	68e2      	ldr	r2, [r4, #12]
100099d2:	2a00      	cmp	r2, #0
100099d4:	d1db      	bne.n	1000998e <cyw43_cb_process_async_event+0x172>
100099d6:	4a0a      	ldr	r2, [pc, #40]	@ (10009a00 <cyw43_cb_process_async_event+0x1e4>)
100099d8:	50ab      	str	r3, [r5, r2]
100099da:	e738      	b.n	1000984e <cyw43_cb_process_async_event+0x32>
100099dc:	0028      	movs	r0, r5
100099de:	f000 fbb1 	bl	1000a144 <cyw43_cb_tcpip_set_link_down>
100099e2:	4b07      	ldr	r3, [pc, #28]	@ (10009a00 <cyw43_cb_process_async_event+0x1e4>)
100099e4:	58eb      	ldr	r3, [r5, r3]
100099e6:	e72f      	b.n	10009848 <cyw43_cb_process_async_event+0x2c>
100099e8:	0028      	movs	r0, r5
100099ea:	f000 fba5 	bl	1000a138 <cyw43_cb_tcpip_set_link_up>
100099ee:	4b04      	ldr	r3, [pc, #16]	@ (10009a00 <cyw43_cb_process_async_event+0x1e4>)
100099f0:	58eb      	ldr	r3, [r5, r3]
100099f2:	e729      	b.n	10009848 <cyw43_cb_process_async_event+0x2c>
100099f4:	00000854 	.word	0x00000854
100099f8:	100427cc 	.word	0x100427cc
100099fc:	00000858 	.word	0x00000858
10009a00:	0000085c 	.word	0x0000085c
10009a04:	00000e01 	.word	0x00000e01
10009a08:	1000ae88 	.word	0x1000ae88
10009a0c:	10042894 	.word	0x10042894
10009a10:	1000ae9c 	.word	0x1000ae9c
10009a14:	1000aea4 	.word	0x1000aea4
10009a18:	0000086a 	.word	0x0000086a
10009a1c:	10009649 	.word	0x10009649
10009a20:	00000869 	.word	0x00000869
10009a24:	1000aea0 	.word	0x1000aea0
10009a28:	00000864 	.word	0x00000864

10009a2c <cyw43_gpio_set>:
10009a2c:	b5f8      	push	{r3, r4, r5, r6, r7, lr}
10009a2e:	4647      	mov	r7, r8
10009a30:	46ce      	mov	lr, r9
10009a32:	0004      	movs	r4, r0
10009a34:	b580      	push	{r7, lr}
10009a36:	000e      	movs	r6, r1
10009a38:	0017      	movs	r7, r2
10009a3a:	f000 fb17 	bl	1000a06c <cyw43_thread_enter>
10009a3e:	4b20      	ldr	r3, [pc, #128]	@ (10009ac0 <cyw43_gpio_set+0x94>)
10009a40:	2100      	movs	r1, #0
10009a42:	681d      	ldr	r5, [r3, #0]
10009a44:	4698      	mov	r8, r3
10009a46:	0020      	movs	r0, r4
10009a48:	2d00      	cmp	r5, #0
10009a4a:	d00e      	beq.n	10009a6a <cyw43_gpio_set+0x3e>
10009a4c:	f7ff f894 	bl	10008b78 <cyw43_ll_bus_sleep>
10009a50:	003a      	movs	r2, r7
10009a52:	0031      	movs	r1, r6
10009a54:	0020      	movs	r0, r4
10009a56:	f7ff fda3 	bl	100095a0 <cyw43_ll_gpio_set>
10009a5a:	0005      	movs	r5, r0
10009a5c:	f000 fb10 	bl	1000a080 <cyw43_thread_exit>
10009a60:	0028      	movs	r0, r5
10009a62:	bcc0      	pop	{r6, r7}
10009a64:	46b9      	mov	r9, r7
10009a66:	46b0      	mov	r8, r6
10009a68:	bdf8      	pop	{r3, r4, r5, r6, r7, pc}
10009a6a:	f000 fb63 	bl	1000a134 <cyw43_cb_tcpip_deinit>
10009a6e:	2101      	movs	r1, #1
10009a70:	0020      	movs	r0, r4
10009a72:	f000 fb5f 	bl	1000a134 <cyw43_cb_tcpip_deinit>
10009a76:	2385      	movs	r3, #133	@ 0x85
10009a78:	011b      	lsls	r3, r3, #4
10009a7a:	54e5      	strb	r5, [r4, r3]
10009a7c:	2380      	movs	r3, #128	@ 0x80
10009a7e:	25d0      	movs	r5, #208	@ 0xd0
10009a80:	041b      	lsls	r3, r3, #16
10009a82:	4699      	mov	r9, r3
10009a84:	062d      	lsls	r5, r5, #24
10009a86:	61ab      	str	r3, [r5, #24]
10009a88:	2014      	movs	r0, #20
10009a8a:	f000 fb31 	bl	1000a0f0 <cyw43_delay_ms>
10009a8e:	464b      	mov	r3, r9
10009a90:	2032      	movs	r0, #50	@ 0x32
10009a92:	616b      	str	r3, [r5, #20]
10009a94:	f000 fb2c 	bl	1000a0f0 <cyw43_delay_ms>
10009a98:	2100      	movs	r1, #0
10009a9a:	0020      	movs	r0, r4
10009a9c:	f7ff f8c2 	bl	10008c24 <cyw43_ll_bus_init>
10009aa0:	1e05      	subs	r5, r0, #0
10009aa2:	d1db      	bne.n	10009a5c <cyw43_gpio_set+0x30>
10009aa4:	4b07      	ldr	r3, [pc, #28]	@ (10009ac4 <cyw43_gpio_set+0x98>)
10009aa6:	0020      	movs	r0, r4
10009aa8:	18e1      	adds	r1, r4, r3
10009aaa:	f7ff f87f 	bl	10008bac <cyw43_ll_wifi_get_mac>
10009aae:	2232      	movs	r2, #50	@ 0x32
10009ab0:	4b05      	ldr	r3, [pc, #20]	@ (10009ac8 <cyw43_gpio_set+0x9c>)
10009ab2:	4806      	ldr	r0, [pc, #24]	@ (10009acc <cyw43_gpio_set+0xa0>)
10009ab4:	601a      	str	r2, [r3, #0]
10009ab6:	4643      	mov	r3, r8
10009ab8:	6018      	str	r0, [r3, #0]
10009aba:	f000 fa75 	bl	10009fa8 <cyw43_schedule_internal_poll_dispatch>
10009abe:	e7c7      	b.n	10009a50 <cyw43_gpio_set+0x24>
10009ac0:	20001df4 	.word	0x20001df4
10009ac4:	000008d3 	.word	0x000008d3
10009ac8:	20001df8 	.word	0x20001df8
10009acc:	10009649 	.word	0x10009649

10009ad0 <pio_sm_set_pindirs_with_mask64>:
10009ad0:	b5f0      	push	{r4, r5, r6, r7, lr}
10009ad2:	46de      	mov	lr, fp
10009ad4:	4657      	mov	r7, sl
10009ad6:	464e      	mov	r6, r9
10009ad8:	4645      	mov	r5, r8
10009ada:	b5e0      	push	{r5, r6, r7, lr}
10009adc:	0016      	movs	r6, r2
10009ade:	22dc      	movs	r2, #220	@ 0xdc
10009ae0:	4692      	mov	sl, r2
10009ae2:	b085      	sub	sp, #20
10009ae4:	004b      	lsls	r3, r1, #1
10009ae6:	9302      	str	r3, [sp, #8]
10009ae8:	185b      	adds	r3, r3, r1
10009aea:	00db      	lsls	r3, r3, #3
10009aec:	18c5      	adds	r5, r0, r3
10009aee:	44aa      	add	sl, r5
10009af0:	4652      	mov	r2, sl
10009af2:	4683      	mov	fp, r0
10009af4:	0028      	movs	r0, r5
10009af6:	6812      	ldr	r2, [r2, #0]
10009af8:	30cc      	adds	r0, #204	@ 0xcc
10009afa:	9200      	str	r2, [sp, #0]
10009afc:	6802      	ldr	r2, [r0, #0]
10009afe:	002b      	movs	r3, r5
10009b00:	9201      	str	r2, [sp, #4]
10009b02:	4a1c      	ldr	r2, [pc, #112]	@ (10009b74 <pio_sm_set_pindirs_with_mask64+0xa4>)
10009b04:	2080      	movs	r0, #128	@ 0x80
10009b06:	4694      	mov	ip, r2
10009b08:	9c0e      	ldr	r4, [sp, #56]	@ 0x38
10009b0a:	4463      	add	r3, ip
10009b0c:	0280      	lsls	r0, r0, #10
10009b0e:	6018      	str	r0, [r3, #0]
10009b10:	2c00      	cmp	r4, #0
10009b12:	d01c      	beq.n	10009b4e <pio_sm_set_pindirs_with_mask64+0x7e>
10009b14:	2380      	movs	r3, #128	@ 0x80
10009b16:	04db      	lsls	r3, r3, #19
10009b18:	4699      	mov	r9, r3
10009b1a:	2301      	movs	r3, #1
10009b1c:	4698      	mov	r8, r3
10009b1e:	0033      	movs	r3, r6
10009b20:	35d8      	adds	r5, #216	@ 0xd8
10009b22:	002e      	movs	r6, r5
10009b24:	4655      	mov	r5, sl
10009b26:	469a      	mov	sl, r3
10009b28:	4f13      	ldr	r7, [pc, #76]	@ (10009b78 <pio_sm_set_pindirs_with_mask64+0xa8>)
10009b2a:	9103      	str	r1, [sp, #12]
10009b2c:	0020      	movs	r0, r4
10009b2e:	f7f8 f91d 	bl	10001d6c <__wrap___ctzsi2>
10009b32:	464a      	mov	r2, r9
10009b34:	0143      	lsls	r3, r0, #5
10009b36:	4313      	orrs	r3, r2
10009b38:	602b      	str	r3, [r5, #0]
10009b3a:	4653      	mov	r3, sl
10009b3c:	4642      	mov	r2, r8
10009b3e:	40c3      	lsrs	r3, r0
10009b40:	4013      	ands	r3, r2
10009b42:	433b      	orrs	r3, r7
10009b44:	6033      	str	r3, [r6, #0]
10009b46:	1e63      	subs	r3, r4, #1
10009b48:	401c      	ands	r4, r3
10009b4a:	d1ef      	bne.n	10009b2c <pio_sm_set_pindirs_with_mask64+0x5c>
10009b4c:	9903      	ldr	r1, [sp, #12]
10009b4e:	9b02      	ldr	r3, [sp, #8]
10009b50:	185b      	adds	r3, r3, r1
10009b52:	00db      	lsls	r3, r3, #3
10009b54:	445b      	add	r3, fp
10009b56:	001a      	movs	r2, r3
10009b58:	9900      	ldr	r1, [sp, #0]
10009b5a:	32dc      	adds	r2, #220	@ 0xdc
10009b5c:	6011      	str	r1, [r2, #0]
10009b5e:	9a01      	ldr	r2, [sp, #4]
10009b60:	33cc      	adds	r3, #204	@ 0xcc
10009b62:	601a      	str	r2, [r3, #0]
10009b64:	b005      	add	sp, #20
10009b66:	bcf0      	pop	{r4, r5, r6, r7}
10009b68:	46bb      	mov	fp, r7
10009b6a:	46b2      	mov	sl, r6
10009b6c:	46a9      	mov	r9, r5
10009b6e:	46a0      	mov	r8, r4
10009b70:	bdf0      	pop	{r4, r5, r6, r7, pc}
10009b72:	46c0      	nop			@ (mov r8, r8)
10009b74:	000030cc 	.word	0x000030cc
10009b78:	0000e080 	.word	0x0000e080

10009b7c <pio_sm_set_consecutive_pindirs>:
10009b7c:	b5f0      	push	{r4, r5, r6, r7, lr}
10009b7e:	464e      	mov	r6, r9
10009b80:	4645      	mov	r5, r8
10009b82:	46de      	mov	lr, fp
10009b84:	4657      	mov	r7, sl
10009b86:	b5e0      	push	{r5, r6, r7, lr}
10009b88:	b083      	sub	sp, #12
10009b8a:	4689      	mov	r9, r1
10009b8c:	a90c      	add	r1, sp, #48	@ 0x30
10009b8e:	4684      	mov	ip, r0
10009b90:	780d      	ldrb	r5, [r1, #0]
10009b92:	2a1f      	cmp	r2, #31
10009b94:	d845      	bhi.n	10009c22 <pio_sm_set_consecutive_pindirs+0xa6>
10009b96:	4649      	mov	r1, r9
10009b98:	0049      	lsls	r1, r1, #1
10009b9a:	4688      	mov	r8, r1
10009b9c:	4449      	add	r1, r9
10009b9e:	00c9      	lsls	r1, r1, #3
10009ba0:	1846      	adds	r6, r0, r1
10009ba2:	0037      	movs	r7, r6
10009ba4:	0034      	movs	r4, r6
10009ba6:	37dc      	adds	r7, #220	@ 0xdc
10009ba8:	6838      	ldr	r0, [r7, #0]
10009baa:	34cc      	adds	r4, #204	@ 0xcc
10009bac:	4683      	mov	fp, r0
10009bae:	6820      	ldr	r0, [r4, #0]
10009bb0:	0031      	movs	r1, r6
10009bb2:	9001      	str	r0, [sp, #4]
10009bb4:	481c      	ldr	r0, [pc, #112]	@ (10009c28 <pio_sm_set_consecutive_pindirs+0xac>)
10009bb6:	2480      	movs	r4, #128	@ 0x80
10009bb8:	4682      	mov	sl, r0
10009bba:	02a4      	lsls	r4, r4, #10
10009bbc:	4451      	add	r1, sl
10009bbe:	600c      	str	r4, [r1, #0]
10009bc0:	4269      	negs	r1, r5
10009bc2:	414d      	adcs	r5, r1
10009bc4:	211e      	movs	r1, #30
10009bc6:	426d      	negs	r5, r5
10009bc8:	438d      	bics	r5, r1
10009bca:	4918      	ldr	r1, [pc, #96]	@ (10009c2c <pio_sm_set_consecutive_pindirs+0xb0>)
10009bcc:	468a      	mov	sl, r1
10009bce:	4455      	add	r5, sl
10009bd0:	2b05      	cmp	r3, #5
10009bd2:	d90c      	bls.n	10009bee <pio_sm_set_consecutive_pindirs+0x72>
10009bd4:	20a0      	movs	r0, #160	@ 0xa0
10009bd6:	211f      	movs	r1, #31
10009bd8:	0540      	lsls	r0, r0, #21
10009bda:	36d8      	adds	r6, #216	@ 0xd8
10009bdc:	0154      	lsls	r4, r2, #5
10009bde:	4304      	orrs	r4, r0
10009be0:	3205      	adds	r2, #5
10009be2:	3b05      	subs	r3, #5
10009be4:	603c      	str	r4, [r7, #0]
10009be6:	400a      	ands	r2, r1
10009be8:	6035      	str	r5, [r6, #0]
10009bea:	2b05      	cmp	r3, #5
10009bec:	d8f6      	bhi.n	10009bdc <pio_sm_set_consecutive_pindirs+0x60>
10009bee:	0152      	lsls	r2, r2, #5
10009bf0:	069b      	lsls	r3, r3, #26
10009bf2:	4313      	orrs	r3, r2
10009bf4:	4642      	mov	r2, r8
10009bf6:	444a      	add	r2, r9
10009bf8:	00d2      	lsls	r2, r2, #3
10009bfa:	4462      	add	r2, ip
10009bfc:	0010      	movs	r0, r2
10009bfe:	32dc      	adds	r2, #220	@ 0xdc
10009c00:	6013      	str	r3, [r2, #0]
10009c02:	0003      	movs	r3, r0
10009c04:	33d8      	adds	r3, #216	@ 0xd8
10009c06:	601d      	str	r5, [r3, #0]
10009c08:	465b      	mov	r3, fp
10009c0a:	6013      	str	r3, [r2, #0]
10009c0c:	9b01      	ldr	r3, [sp, #4]
10009c0e:	30cc      	adds	r0, #204	@ 0xcc
10009c10:	6003      	str	r3, [r0, #0]
10009c12:	2000      	movs	r0, #0
10009c14:	b003      	add	sp, #12
10009c16:	bcf0      	pop	{r4, r5, r6, r7}
10009c18:	46bb      	mov	fp, r7
10009c1a:	46b2      	mov	sl, r6
10009c1c:	46a9      	mov	r9, r5
10009c1e:	46a0      	mov	r8, r4
10009c20:	bdf0      	pop	{r4, r5, r6, r7, pc}
10009c22:	2005      	movs	r0, #5
10009c24:	4240      	negs	r0, r0
10009c26:	e7f5      	b.n	10009c14 <pio_sm_set_consecutive_pindirs+0x98>
10009c28:	000030cc 	.word	0x000030cc
10009c2c:	0000e09f 	.word	0x0000e09f

10009c30 <pio_claim_free_sm_and_add_program_for_gpio_range>:
10009c30:	b5f0      	push	{r4, r5, r6, r7, lr}
10009c32:	464e      	mov	r6, r9
10009c34:	4645      	mov	r5, r8
10009c36:	46de      	mov	lr, fp
10009c38:	4657      	mov	r7, sl
10009c3a:	b5e0      	push	{r5, r6, r7, lr}
10009c3c:	4693      	mov	fp, r2
10009c3e:	4a56      	ldr	r2, [pc, #344]	@ (10009d98 <pio_claim_free_sm_and_add_program_for_gpio_range+0x168>)
10009c40:	b089      	sub	sp, #36	@ 0x24
10009c42:	4690      	mov	r8, r2
10009c44:	4a55      	ldr	r2, [pc, #340]	@ (10009d9c <pio_claim_free_sm_and_add_program_for_gpio_range+0x16c>)
10009c46:	9302      	str	r3, [sp, #8]
10009c48:	0006      	movs	r6, r0
10009c4a:	000c      	movs	r4, r1
10009c4c:	2502      	movs	r5, #2
10009c4e:	2302      	movs	r3, #2
10009c50:	4691      	mov	r9, r2
10009c52:	4a53      	ldr	r2, [pc, #332]	@ (10009da0 <pio_claim_free_sm_and_add_program_for_gpio_range+0x170>)
10009c54:	2100      	movs	r1, #0
10009c56:	4694      	mov	ip, r2
10009c58:	4463      	add	r3, ip
10009c5a:	4a52      	ldr	r2, [pc, #328]	@ (10009da4 <pio_claim_free_sm_and_add_program_for_gpio_range+0x174>)
10009c5c:	051b      	lsls	r3, r3, #20
10009c5e:	6023      	str	r3, [r4, #0]
10009c60:	0c9b      	lsrs	r3, r3, #18
10009c62:	189f      	adds	r7, r3, r2
10009c64:	4a50      	ldr	r2, [pc, #320]	@ (10009da8 <pio_claim_free_sm_and_add_program_for_gpio_range+0x178>)
10009c66:	4640      	mov	r0, r8
10009c68:	4694      	mov	ip, r2
10009c6a:	464a      	mov	r2, r9
10009c6c:	4463      	add	r3, ip
10009c6e:	9200      	str	r2, [sp, #0]
10009c70:	003a      	movs	r2, r7
10009c72:	f7f6 fcd7 	bl	10000624 <hw_claim_unused_from_range>
10009c76:	42b8      	cmp	r0, r7
10009c78:	db03      	blt.n	10009c82 <pio_claim_free_sm_and_add_program_for_gpio_range+0x52>
10009c7a:	1bc0      	subs	r0, r0, r7
10009c7c:	b247      	sxtb	r7, r0
10009c7e:	0600      	lsls	r0, r0, #24
10009c80:	d50e      	bpl.n	10009ca0 <pio_claim_free_sm_and_add_program_for_gpio_range+0x70>
10009c82:	2301      	movs	r3, #1
10009c84:	2d01      	cmp	r5, #1
10009c86:	d109      	bne.n	10009c9c <pio_claim_free_sm_and_add_program_for_gpio_range+0x6c>
10009c88:	2300      	movs	r3, #0
10009c8a:	2000      	movs	r0, #0
10009c8c:	6023      	str	r3, [r4, #0]
10009c8e:	b009      	add	sp, #36	@ 0x24
10009c90:	bcf0      	pop	{r4, r5, r6, r7}
10009c92:	46bb      	mov	fp, r7
10009c94:	46b2      	mov	sl, r6
10009c96:	46a9      	mov	r9, r5
10009c98:	46a0      	mov	r8, r4
10009c9a:	bdf0      	pop	{r4, r5, r6, r7, pc}
10009c9c:	2501      	movs	r5, #1
10009c9e:	e7d8      	b.n	10009c52 <pio_claim_free_sm_and_add_program_for_gpio_range+0x22>
10009ca0:	f7f6 fc88 	bl	100005b4 <hw_claim_lock>
10009ca4:	6823      	ldr	r3, [r4, #0]
10009ca6:	2205      	movs	r2, #5
10009ca8:	469a      	mov	sl, r3
10009caa:	4b40      	ldr	r3, [pc, #256]	@ (10009dac <pio_claim_free_sm_and_add_program_for_gpio_range+0x17c>)
10009cac:	4940      	ldr	r1, [pc, #256]	@ (10009db0 <pio_claim_free_sm_and_add_program_for_gpio_range+0x180>)
10009cae:	4453      	add	r3, sl
10009cb0:	0d1b      	lsrs	r3, r3, #20
10009cb2:	9004      	str	r0, [sp, #16]
10009cb4:	009b      	lsls	r3, r3, #2
10009cb6:	56b2      	ldrsb	r2, [r6, r2]
10009cb8:	9106      	str	r1, [sp, #24]
10009cba:	9305      	str	r3, [sp, #20]
10009cbc:	58cb      	ldr	r3, [r1, r3]
10009cbe:	2101      	movs	r1, #1
10009cc0:	7930      	ldrb	r0, [r6, #4]
10009cc2:	469c      	mov	ip, r3
10009cc4:	4081      	lsls	r1, r0
10009cc6:	1e4b      	subs	r3, r1, #1
10009cc8:	9303      	str	r3, [sp, #12]
10009cca:	2320      	movs	r3, #32
10009ccc:	1a1b      	subs	r3, r3, r0
10009cce:	2a00      	cmp	r2, #0
10009cd0:	db3a      	blt.n	10009d48 <pio_claim_free_sm_and_add_program_for_gpio_range+0x118>
10009cd2:	429a      	cmp	r2, r3
10009cd4:	dc51      	bgt.n	10009d7a <pio_claim_free_sm_and_add_program_for_gpio_range+0x14a>
10009cd6:	9b03      	ldr	r3, [sp, #12]
10009cd8:	4661      	mov	r1, ip
10009cda:	4093      	lsls	r3, r2
10009cdc:	4219      	tst	r1, r3
10009cde:	d14c      	bne.n	10009d7a <pio_claim_free_sm_and_add_program_for_gpio_range+0x14a>
10009ce0:	6833      	ldr	r3, [r6, #0]
10009ce2:	9307      	str	r3, [sp, #28]
10009ce4:	79b3      	ldrb	r3, [r6, #6]
10009ce6:	2b00      	cmp	r3, #0
10009ce8:	d147      	bne.n	10009d7a <pio_claim_free_sm_and_add_program_for_gpio_range+0x14a>
10009cea:	9903      	ldr	r1, [sp, #12]
10009cec:	4663      	mov	r3, ip
10009cee:	4091      	lsls	r1, r2
10009cf0:	400b      	ands	r3, r1
10009cf2:	9303      	str	r3, [sp, #12]
10009cf4:	4663      	mov	r3, ip
10009cf6:	4219      	tst	r1, r3
10009cf8:	d13f      	bne.n	10009d7a <pio_claim_free_sm_and_add_program_for_gpio_range+0x14a>
10009cfa:	2680      	movs	r6, #128	@ 0x80
10009cfc:	9b03      	ldr	r3, [sp, #12]
10009cfe:	01b6      	lsls	r6, r6, #6
10009d00:	2800      	cmp	r0, #0
10009d02:	d012      	beq.n	10009d2a <pio_claim_free_sm_and_add_program_for_gpio_range+0xfa>
10009d04:	4689      	mov	r9, r1
10009d06:	0001      	movs	r1, r0
10009d08:	4650      	mov	r0, sl
10009d0a:	46b8      	mov	r8, r7
10009d0c:	9f07      	ldr	r7, [sp, #28]
10009d0e:	005c      	lsls	r4, r3, #1
10009d10:	5b3d      	ldrh	r5, [r7, r4]
10009d12:	42b5      	cmp	r5, r6
10009d14:	d200      	bcs.n	10009d18 <pio_claim_free_sm_and_add_program_for_gpio_range+0xe8>
10009d16:	18ad      	adds	r5, r5, r2
10009d18:	189c      	adds	r4, r3, r2
10009d1a:	3412      	adds	r4, #18
10009d1c:	00a4      	lsls	r4, r4, #2
10009d1e:	3301      	adds	r3, #1
10009d20:	5025      	str	r5, [r4, r0]
10009d22:	4299      	cmp	r1, r3
10009d24:	d8f3      	bhi.n	10009d0e <pio_claim_free_sm_and_add_program_for_gpio_range+0xde>
10009d26:	4647      	mov	r7, r8
10009d28:	4649      	mov	r1, r9
10009d2a:	4663      	mov	r3, ip
10009d2c:	430b      	orrs	r3, r1
10009d2e:	0019      	movs	r1, r3
10009d30:	9805      	ldr	r0, [sp, #20]
10009d32:	9b06      	ldr	r3, [sp, #24]
10009d34:	5019      	str	r1, [r3, r0]
10009d36:	465b      	mov	r3, fp
10009d38:	601f      	str	r7, [r3, #0]
10009d3a:	9b02      	ldr	r3, [sp, #8]
10009d3c:	9804      	ldr	r0, [sp, #16]
10009d3e:	601a      	str	r2, [r3, #0]
10009d40:	f7f6 fc44 	bl	100005cc <hw_claim_unlock>
10009d44:	2001      	movs	r0, #1
10009d46:	e7a2      	b.n	10009c8e <pio_claim_free_sm_and_add_program_for_gpio_range+0x5e>
10009d48:	2b00      	cmp	r3, #0
10009d4a:	db16      	blt.n	10009d7a <pio_claim_free_sm_and_add_program_for_gpio_range+0x14a>
10009d4c:	4652      	mov	r2, sl
10009d4e:	9207      	str	r2, [sp, #28]
10009d50:	9a03      	ldr	r2, [sp, #12]
10009d52:	4661      	mov	r1, ip
10009d54:	46a2      	mov	sl, r4
10009d56:	4684      	mov	ip, r0
10009d58:	0010      	movs	r0, r2
10009d5a:	e001      	b.n	10009d60 <pio_claim_free_sm_and_add_program_for_gpio_range+0x130>
10009d5c:	3b01      	subs	r3, #1
10009d5e:	d30b      	bcc.n	10009d78 <pio_claim_free_sm_and_add_program_for_gpio_range+0x148>
10009d60:	0002      	movs	r2, r0
10009d62:	409a      	lsls	r2, r3
10009d64:	4211      	tst	r1, r2
10009d66:	d1f9      	bne.n	10009d5c <pio_claim_free_sm_and_add_program_for_gpio_range+0x12c>
10009d68:	001a      	movs	r2, r3
10009d6a:	9b07      	ldr	r3, [sp, #28]
10009d6c:	4654      	mov	r4, sl
10009d6e:	9003      	str	r0, [sp, #12]
10009d70:	469a      	mov	sl, r3
10009d72:	4660      	mov	r0, ip
10009d74:	468c      	mov	ip, r1
10009d76:	e7b3      	b.n	10009ce0 <pio_claim_free_sm_and_add_program_for_gpio_range+0xb0>
10009d78:	4654      	mov	r4, sl
10009d7a:	9804      	ldr	r0, [sp, #16]
10009d7c:	f7f6 fc26 	bl	100005cc <hw_claim_unlock>
10009d80:	4b0a      	ldr	r3, [pc, #40]	@ (10009dac <pio_claim_free_sm_and_add_program_for_gpio_range+0x17c>)
10009d82:	6821      	ldr	r1, [r4, #0]
10009d84:	469c      	mov	ip, r3
10009d86:	4461      	add	r1, ip
10009d88:	0d09      	lsrs	r1, r1, #20
10009d8a:	0089      	lsls	r1, r1, #2
10009d8c:	4640      	mov	r0, r8
10009d8e:	19c9      	adds	r1, r1, r7
10009d90:	f7f6 fc8c 	bl	100006ac <hw_claim_clear>
10009d94:	e775      	b.n	10009c82 <pio_claim_free_sm_and_add_program_for_gpio_range+0x52>
10009d96:	46c0      	nop			@ (mov r8, r8)
10009d98:	20001dc4 	.word	0x20001dc4
10009d9c:	1000af50 	.word	0x1000af50
10009da0:	00000501 	.word	0x00000501
10009da4:	ffffebf8 	.word	0xffffebf8
10009da8:	ffffebfb 	.word	0xffffebfb
10009dac:	afe00000 	.word	0xafe00000
10009db0:	200019b4 	.word	0x200019b4

10009db4 <pio_remove_program_and_unclaim_sm>:
10009db4:	b570      	push	{r4, r5, r6, lr}
10009db6:	2501      	movs	r5, #1
10009db8:	0016      	movs	r6, r2
10009dba:	7902      	ldrb	r2, [r0, #4]
10009dbc:	000c      	movs	r4, r1
10009dbe:	4095      	lsls	r5, r2
10009dc0:	3d01      	subs	r5, #1
10009dc2:	409d      	lsls	r5, r3
10009dc4:	f7f6 fbf6 	bl	100005b4 <hw_claim_lock>
10009dc8:	4b07      	ldr	r3, [pc, #28]	@ (10009de8 <pio_remove_program_and_unclaim_sm+0x34>)
10009dca:	4a08      	ldr	r2, [pc, #32]	@ (10009dec <pio_remove_program_and_unclaim_sm+0x38>)
10009dcc:	469c      	mov	ip, r3
10009dce:	4464      	add	r4, ip
10009dd0:	0d24      	lsrs	r4, r4, #20
10009dd2:	00a4      	lsls	r4, r4, #2
10009dd4:	58a3      	ldr	r3, [r4, r2]
10009dd6:	43ab      	bics	r3, r5
10009dd8:	50a3      	str	r3, [r4, r2]
10009dda:	f7f6 fbf7 	bl	100005cc <hw_claim_unlock>
10009dde:	19a1      	adds	r1, r4, r6
10009de0:	4803      	ldr	r0, [pc, #12]	@ (10009df0 <pio_remove_program_and_unclaim_sm+0x3c>)
10009de2:	f7f6 fc63 	bl	100006ac <hw_claim_clear>
10009de6:	bd70      	pop	{r4, r5, r6, pc}
10009de8:	afe00000 	.word	0xafe00000
10009dec:	200019b4 	.word	0x200019b4
10009df0:	20001dc4 	.word	0x20001dc4

10009df4 <dma_channel_unclaim>:
10009df4:	b510      	push	{r4, lr}
10009df6:	4b03      	ldr	r3, [pc, #12]	@ (10009e04 <dma_channel_unclaim+0x10>)
10009df8:	0001      	movs	r1, r0
10009dfa:	0018      	movs	r0, r3
10009dfc:	f7f6 fc56 	bl	100006ac <hw_claim_clear>
10009e00:	bd10      	pop	{r4, pc}
10009e02:	46c0      	nop			@ (mov r8, r8)
10009e04:	20002c62 	.word	0x20002c62

10009e08 <dma_claim_unused_channel>:
10009e08:	b510      	push	{r4, lr}
10009e0a:	4b06      	ldr	r3, [pc, #24]	@ (10009e24 <dma_claim_unused_channel+0x1c>)
10009e0c:	4c06      	ldr	r4, [pc, #24]	@ (10009e28 <dma_claim_unused_channel+0x20>)
10009e0e:	b082      	sub	sp, #8
10009e10:	0001      	movs	r1, r0
10009e12:	9300      	str	r3, [sp, #0]
10009e14:	2200      	movs	r2, #0
10009e16:	230b      	movs	r3, #11
10009e18:	0020      	movs	r0, r4
10009e1a:	f7f6 fc03 	bl	10000624 <hw_claim_unused_from_range>
10009e1e:	b002      	add	sp, #8
10009e20:	bd10      	pop	{r4, pc}
10009e22:	46c0      	nop			@ (mov r8, r8)
10009e24:	1000af74 	.word	0x1000af74
10009e28:	20002c62 	.word	0x20002c62

10009e2c <dma_channel_cleanup>:
10009e2c:	0003      	movs	r3, r0
10009e2e:	4911      	ldr	r1, [pc, #68]	@ (10009e74 <dma_channel_cleanup+0x48>)
10009e30:	0182      	lsls	r2, r0, #6
10009e32:	1851      	adds	r1, r2, r1
10009e34:	6808      	ldr	r0, [r1, #0]
10009e36:	02d9      	lsls	r1, r3, #11
10009e38:	4041      	eors	r1, r0
10009e3a:	480f      	ldr	r0, [pc, #60]	@ (10009e78 <dma_channel_cleanup+0x4c>)
10009e3c:	b510      	push	{r4, lr}
10009e3e:	4001      	ands	r1, r0
10009e40:	480e      	ldr	r0, [pc, #56]	@ (10009e7c <dma_channel_cleanup+0x50>)
10009e42:	24a0      	movs	r4, #160	@ 0xa0
10009e44:	1810      	adds	r0, r2, r0
10009e46:	6001      	str	r1, [r0, #0]
10009e48:	2001      	movs	r0, #1
10009e4a:	4098      	lsls	r0, r3
10009e4c:	4b0c      	ldr	r3, [pc, #48]	@ (10009e80 <dma_channel_cleanup+0x54>)
10009e4e:	05e4      	lsls	r4, r4, #23
10009e50:	6018      	str	r0, [r3, #0]
10009e52:	4b0c      	ldr	r3, [pc, #48]	@ (10009e84 <dma_channel_cleanup+0x58>)
10009e54:	2180      	movs	r1, #128	@ 0x80
10009e56:	6018      	str	r0, [r3, #0]
10009e58:	4b0b      	ldr	r3, [pc, #44]	@ (10009e88 <dma_channel_cleanup+0x5c>)
10009e5a:	0449      	lsls	r1, r1, #17
10009e5c:	50e0      	str	r0, [r4, r3]
10009e5e:	4b0b      	ldr	r3, [pc, #44]	@ (10009e8c <dma_channel_cleanup+0x60>)
10009e60:	469c      	mov	ip, r3
10009e62:	4462      	add	r2, ip
10009e64:	6813      	ldr	r3, [r2, #0]
10009e66:	420b      	tst	r3, r1
10009e68:	d1fc      	bne.n	10009e64 <dma_channel_cleanup+0x38>
10009e6a:	2380      	movs	r3, #128	@ 0x80
10009e6c:	00db      	lsls	r3, r3, #3
10009e6e:	50e0      	str	r0, [r4, r3]
10009e70:	bd10      	pop	{r4, pc}
10009e72:	46c0      	nop			@ (mov r8, r8)
10009e74:	50000010 	.word	0x50000010
10009e78:	00007801 	.word	0x00007801
10009e7c:	50001010 	.word	0x50001010
10009e80:	50003404 	.word	0x50003404
10009e84:	50003414 	.word	0x50003414
10009e88:	00000444 	.word	0x00000444
10009e8c:	5000000c 	.word	0x5000000c

10009e90 <cyw43_sleep_timeout_reached>:
10009e90:	b510      	push	{r4, lr}
10009e92:	6803      	ldr	r3, [r0, #0]
10009e94:	4901      	ldr	r1, [pc, #4]	@ (10009e9c <cyw43_sleep_timeout_reached+0xc>)
10009e96:	6a5b      	ldr	r3, [r3, #36]	@ 0x24
10009e98:	4798      	blx	r3
10009e9a:	bd10      	pop	{r4, pc}
10009e9c:	20001238 	.word	0x20001238

10009ea0 <cyw43_irq_init>:
10009ea0:	2080      	movs	r0, #128	@ 0x80
10009ea2:	b510      	push	{r4, lr}
10009ea4:	2240      	movs	r2, #64	@ 0x40
10009ea6:	4907      	ldr	r1, [pc, #28]	@ (10009ec4 <cyw43_irq_init+0x24>)
10009ea8:	0440      	lsls	r0, r0, #17
10009eaa:	f7f6 fb13 	bl	100004d4 <gpio_add_raw_irq_handler_with_order_priority_masked>
10009eae:	2201      	movs	r2, #1
10009eb0:	2102      	movs	r1, #2
10009eb2:	2018      	movs	r0, #24
10009eb4:	f7f6 fae2 	bl	1000047c <gpio_set_irq_enabled>
10009eb8:	200d      	movs	r0, #13
10009eba:	2101      	movs	r1, #1
10009ebc:	f7f6 fc50 	bl	10000760 <irq_set_enabled>
10009ec0:	2000      	movs	r0, #0
10009ec2:	bd10      	pop	{r4, pc}
10009ec4:	10009ee9 	.word	0x10009ee9

10009ec8 <cyw43_irq_deinit>:
10009ec8:	b510      	push	{r4, lr}
10009eca:	2200      	movs	r2, #0
10009ecc:	2102      	movs	r1, #2
10009ece:	2018      	movs	r0, #24
10009ed0:	f7f6 fad4 	bl	1000047c <gpio_set_irq_enabled>
10009ed4:	2080      	movs	r0, #128	@ 0x80
10009ed6:	4903      	ldr	r1, [pc, #12]	@ (10009ee4 <cyw43_irq_deinit+0x1c>)
10009ed8:	0440      	lsls	r0, r0, #17
10009eda:	f7f6 fb1d 	bl	10000518 <gpio_remove_raw_irq_handler_masked>
10009ede:	2000      	movs	r0, #0
10009ee0:	bd10      	pop	{r4, pc}
10009ee2:	46c0      	nop			@ (mov r8, r8)
10009ee4:	10009ee9 	.word	0x10009ee9

10009ee8 <cyw43_gpio_irq_handler>:
10009ee8:	23d0      	movs	r3, #208	@ 0xd0
10009eea:	061b      	lsls	r3, r3, #24
10009eec:	681b      	ldr	r3, [r3, #0]
10009eee:	b510      	push	{r4, lr}
10009ef0:	425a      	negs	r2, r3
10009ef2:	4153      	adcs	r3, r2
10009ef4:	222f      	movs	r2, #47	@ 0x2f
10009ef6:	425b      	negs	r3, r3
10009ef8:	4393      	bics	r3, r2
10009efa:	4a09      	ldr	r2, [pc, #36]	@ (10009f20 <cyw43_gpio_irq_handler+0x38>)
10009efc:	4694      	mov	ip, r2
10009efe:	4463      	add	r3, ip
10009f00:	6adb      	ldr	r3, [r3, #44]	@ 0x2c
10009f02:	079b      	lsls	r3, r3, #30
10009f04:	d400      	bmi.n	10009f08 <cyw43_gpio_irq_handler+0x20>
10009f06:	bd10      	pop	{r4, pc}
10009f08:	2200      	movs	r2, #0
10009f0a:	2102      	movs	r1, #2
10009f0c:	2018      	movs	r0, #24
10009f0e:	f7f6 fab5 	bl	1000047c <gpio_set_irq_enabled>
10009f12:	4b04      	ldr	r3, [pc, #16]	@ (10009f24 <cyw43_gpio_irq_handler+0x3c>)
10009f14:	4904      	ldr	r1, [pc, #16]	@ (10009f28 <cyw43_gpio_irq_handler+0x40>)
10009f16:	6818      	ldr	r0, [r3, #0]
10009f18:	6803      	ldr	r3, [r0, #0]
10009f1a:	6a5b      	ldr	r3, [r3, #36]	@ 0x24
10009f1c:	4798      	blx	r3
10009f1e:	e7f2      	b.n	10009f06 <cyw43_gpio_irq_handler+0x1e>
10009f20:	40014130 	.word	0x40014130
10009f24:	20001df0 	.word	0x20001df0
10009f28:	20001238 	.word	0x20001238

10009f2c <cyw43_do_poll>:
10009f2c:	4b15      	ldr	r3, [pc, #84]	@ (10009f84 <cyw43_do_poll+0x58>)
10009f2e:	b570      	push	{r4, r5, r6, lr}
10009f30:	681b      	ldr	r3, [r3, #0]
10009f32:	0004      	movs	r4, r0
10009f34:	2b00      	cmp	r3, #0
10009f36:	d00e      	beq.n	10009f56 <cyw43_do_poll+0x2a>
10009f38:	4d13      	ldr	r5, [pc, #76]	@ (10009f88 <cyw43_do_poll+0x5c>)
10009f3a:	682a      	ldr	r2, [r5, #0]
10009f3c:	2a00      	cmp	r2, #0
10009f3e:	d001      	beq.n	10009f44 <cyw43_do_poll+0x18>
10009f40:	3a01      	subs	r2, #1
10009f42:	602a      	str	r2, [r5, #0]
10009f44:	4798      	blx	r3
10009f46:	682b      	ldr	r3, [r5, #0]
10009f48:	2b00      	cmp	r3, #0
10009f4a:	d105      	bne.n	10009f58 <cyw43_do_poll+0x2c>
10009f4c:	6823      	ldr	r3, [r4, #0]
10009f4e:	0020      	movs	r0, r4
10009f50:	490e      	ldr	r1, [pc, #56]	@ (10009f8c <cyw43_do_poll+0x60>)
10009f52:	699b      	ldr	r3, [r3, #24]
10009f54:	4798      	blx	r3
10009f56:	bd70      	pop	{r4, r5, r6, pc}
10009f58:	f7f7 fbce 	bl	100016f8 <time_us_64>
10009f5c:	2300      	movs	r3, #0
10009f5e:	4a0c      	ldr	r2, [pc, #48]	@ (10009f90 <cyw43_do_poll+0x64>)
10009f60:	4d0a      	ldr	r5, [pc, #40]	@ (10009f8c <cyw43_do_poll+0x60>)
10009f62:	1880      	adds	r0, r0, r2
10009f64:	4159      	adcs	r1, r3
10009f66:	0002      	movs	r2, r0
10009f68:	1e0b      	subs	r3, r1, #0
10009f6a:	da02      	bge.n	10009f72 <cyw43_do_poll+0x46>
10009f6c:	2201      	movs	r2, #1
10009f6e:	4b09      	ldr	r3, [pc, #36]	@ (10009f94 <cyw43_do_poll+0x68>)
10009f70:	4252      	negs	r2, r2
10009f72:	60eb      	str	r3, [r5, #12]
10009f74:	6823      	ldr	r3, [r4, #0]
10009f76:	0029      	movs	r1, r5
10009f78:	0020      	movs	r0, r4
10009f7a:	695b      	ldr	r3, [r3, #20]
10009f7c:	60aa      	str	r2, [r5, #8]
10009f7e:	4798      	blx	r3
10009f80:	e7e9      	b.n	10009f56 <cyw43_do_poll+0x2a>
10009f82:	46c0      	nop			@ (mov r8, r8)
10009f84:	20001df4 	.word	0x20001df4
10009f88:	20001df8 	.word	0x20001df8
10009f8c:	20001248 	.word	0x20001248
10009f90:	0000c350 	.word	0x0000c350
10009f94:	7fffffff 	.word	0x7fffffff

10009f98 <cyw43_post_poll_hook>:
10009f98:	b510      	push	{r4, lr}
10009f9a:	2201      	movs	r2, #1
10009f9c:	2102      	movs	r1, #2
10009f9e:	2018      	movs	r0, #24
10009fa0:	f7f6 fa6c 	bl	1000047c <gpio_set_irq_enabled>
10009fa4:	bd10      	pop	{r4, pc}
10009fa6:	46c0      	nop			@ (mov r8, r8)

10009fa8 <cyw43_schedule_internal_poll_dispatch>:
10009fa8:	4b03      	ldr	r3, [pc, #12]	@ (10009fb8 <cyw43_schedule_internal_poll_dispatch+0x10>)
10009faa:	b510      	push	{r4, lr}
10009fac:	6818      	ldr	r0, [r3, #0]
10009fae:	4903      	ldr	r1, [pc, #12]	@ (10009fbc <cyw43_schedule_internal_poll_dispatch+0x14>)
10009fb0:	6803      	ldr	r3, [r0, #0]
10009fb2:	6a5b      	ldr	r3, [r3, #36]	@ 0x24
10009fb4:	4798      	blx	r3
10009fb6:	bd10      	pop	{r4, pc}
10009fb8:	20001df0 	.word	0x20001df0
10009fbc:	20001238 	.word	0x20001238

10009fc0 <cyw43_driver_init>:
10009fc0:	b510      	push	{r4, lr}
10009fc2:	0004      	movs	r4, r0
10009fc4:	4808      	ldr	r0, [pc, #32]	@ (10009fe8 <cyw43_driver_init+0x28>)
10009fc6:	f7ff fb9f 	bl	10009708 <cyw43_init>
10009fca:	4b08      	ldr	r3, [pc, #32]	@ (10009fec <cyw43_driver_init+0x2c>)
10009fcc:	2200      	movs	r2, #0
10009fce:	601c      	str	r4, [r3, #0]
10009fd0:	6823      	ldr	r3, [r4, #0]
10009fd2:	0020      	movs	r0, r4
10009fd4:	4906      	ldr	r1, [pc, #24]	@ (10009ff0 <cyw43_driver_init+0x30>)
10009fd6:	691b      	ldr	r3, [r3, #16]
10009fd8:	4798      	blx	r3
10009fda:	6823      	ldr	r3, [r4, #0]
10009fdc:	0020      	movs	r0, r4
10009fde:	4905      	ldr	r1, [pc, #20]	@ (10009ff4 <cyw43_driver_init+0x34>)
10009fe0:	69db      	ldr	r3, [r3, #28]
10009fe2:	4798      	blx	r3
10009fe4:	2001      	movs	r0, #1
10009fe6:	bd10      	pop	{r4, pc}
10009fe8:	20001dfc 	.word	0x20001dfc
10009fec:	20001df0 	.word	0x20001df0
10009ff0:	10009ea1 	.word	0x10009ea1
10009ff4:	20001238 	.word	0x20001238

10009ff8 <cyw43_driver_deinit>:
10009ff8:	b570      	push	{r4, r5, r6, lr}
10009ffa:	4d0d      	ldr	r5, [pc, #52]	@ (1000a030 <cyw43_driver_deinit+0x38>)
10009ffc:	0004      	movs	r4, r0
10009ffe:	682b      	ldr	r3, [r5, #0]
1000a000:	2b00      	cmp	r3, #0
1000a002:	d013      	beq.n	1000a02c <cyw43_driver_deinit+0x34>
1000a004:	6803      	ldr	r3, [r0, #0]
1000a006:	490b      	ldr	r1, [pc, #44]	@ (1000a034 <cyw43_driver_deinit+0x3c>)
1000a008:	699b      	ldr	r3, [r3, #24]
1000a00a:	4798      	blx	r3
1000a00c:	6823      	ldr	r3, [r4, #0]
1000a00e:	490a      	ldr	r1, [pc, #40]	@ (1000a038 <cyw43_driver_deinit+0x40>)
1000a010:	6a1b      	ldr	r3, [r3, #32]
1000a012:	0020      	movs	r0, r4
1000a014:	4798      	blx	r3
1000a016:	6823      	ldr	r3, [r4, #0]
1000a018:	2200      	movs	r2, #0
1000a01a:	691b      	ldr	r3, [r3, #16]
1000a01c:	4907      	ldr	r1, [pc, #28]	@ (1000a03c <cyw43_driver_deinit+0x44>)
1000a01e:	0020      	movs	r0, r4
1000a020:	4798      	blx	r3
1000a022:	4807      	ldr	r0, [pc, #28]	@ (1000a040 <cyw43_driver_deinit+0x48>)
1000a024:	f7ff fba6 	bl	10009774 <cyw43_deinit>
1000a028:	2300      	movs	r3, #0
1000a02a:	602b      	str	r3, [r5, #0]
1000a02c:	bd70      	pop	{r4, r5, r6, pc}
1000a02e:	46c0      	nop			@ (mov r8, r8)
1000a030:	20001df0 	.word	0x20001df0
1000a034:	20001248 	.word	0x20001248
1000a038:	20001238 	.word	0x20001238
1000a03c:	10009ec9 	.word	0x10009ec9
1000a040:	20001dfc 	.word	0x20001dfc

1000a044 <cyw43_hal_generate_laa_mac>:
1000a044:	b510      	push	{r4, lr}
1000a046:	b082      	sub	sp, #8
1000a048:	4668      	mov	r0, sp
1000a04a:	000c      	movs	r4, r1
1000a04c:	f7fa fc88 	bl	10004960 <pico_get_unique_board_id>
1000a050:	466b      	mov	r3, sp
1000a052:	2206      	movs	r2, #6
1000a054:	1c99      	adds	r1, r3, #2
1000a056:	0020      	movs	r0, r4
1000a058:	f7f8 fb0a 	bl	10002670 <__wrap___aeabi_memcpy>
1000a05c:	2201      	movs	r2, #1
1000a05e:	7823      	ldrb	r3, [r4, #0]
1000a060:	4393      	bics	r3, r2
1000a062:	2202      	movs	r2, #2
1000a064:	4313      	orrs	r3, r2
1000a066:	7023      	strb	r3, [r4, #0]
1000a068:	b002      	add	sp, #8
1000a06a:	bd10      	pop	{r4, pc}

1000a06c <cyw43_thread_enter>:
1000a06c:	4b03      	ldr	r3, [pc, #12]	@ (1000a07c <cyw43_thread_enter+0x10>)
1000a06e:	b510      	push	{r4, lr}
1000a070:	6818      	ldr	r0, [r3, #0]
1000a072:	6803      	ldr	r3, [r0, #0]
1000a074:	685b      	ldr	r3, [r3, #4]
1000a076:	4798      	blx	r3
1000a078:	bd10      	pop	{r4, pc}
1000a07a:	46c0      	nop			@ (mov r8, r8)
1000a07c:	20001df0 	.word	0x20001df0

1000a080 <cyw43_thread_exit>:
1000a080:	4b03      	ldr	r3, [pc, #12]	@ (1000a090 <cyw43_thread_exit+0x10>)
1000a082:	b510      	push	{r4, lr}
1000a084:	6818      	ldr	r0, [r3, #0]
1000a086:	6803      	ldr	r3, [r0, #0]
1000a088:	689b      	ldr	r3, [r3, #8]
1000a08a:	4798      	blx	r3
1000a08c:	bd10      	pop	{r4, pc}
1000a08e:	46c0      	nop			@ (mov r8, r8)
1000a090:	20001df0 	.word	0x20001df0

1000a094 <cyw43_await_background_or_timeout_us>:
1000a094:	b570      	push	{r4, r5, r6, lr}
1000a096:	f3ef 8305 	mrs	r3, IPSR
1000a09a:	4a13      	ldr	r2, [pc, #76]	@ (1000a0e8 <cyw43_await_background_or_timeout_us+0x54>)
1000a09c:	0004      	movs	r4, r0
1000a09e:	2500      	movs	r5, #0
1000a0a0:	6816      	ldr	r6, [r2, #0]
1000a0a2:	2b00      	cmp	r3, #0
1000a0a4:	d110      	bne.n	1000a0c8 <cyw43_await_background_or_timeout_us+0x34>
1000a0a6:	f7f7 fb27 	bl	100016f8 <time_us_64>
1000a0aa:	0002      	movs	r2, r0
1000a0ac:	000b      	movs	r3, r1
1000a0ae:	1912      	adds	r2, r2, r4
1000a0b0:	416b      	adcs	r3, r5
1000a0b2:	2b00      	cmp	r3, #0
1000a0b4:	db04      	blt.n	1000a0c0 <cyw43_await_background_or_timeout_us+0x2c>
1000a0b6:	6831      	ldr	r1, [r6, #0]
1000a0b8:	0030      	movs	r0, r6
1000a0ba:	6b09      	ldr	r1, [r1, #48]	@ 0x30
1000a0bc:	4788      	blx	r1
1000a0be:	bd70      	pop	{r4, r5, r6, pc}
1000a0c0:	2201      	movs	r2, #1
1000a0c2:	4b0a      	ldr	r3, [pc, #40]	@ (1000a0ec <cyw43_await_background_or_timeout_us+0x58>)
1000a0c4:	4252      	negs	r2, r2
1000a0c6:	e7f6      	b.n	1000a0b6 <cyw43_await_background_or_timeout_us+0x22>
1000a0c8:	f7f7 fb16 	bl	100016f8 <time_us_64>
1000a0cc:	0002      	movs	r2, r0
1000a0ce:	000b      	movs	r3, r1
1000a0d0:	1912      	adds	r2, r2, r4
1000a0d2:	416b      	adcs	r3, r5
1000a0d4:	2b00      	cmp	r3, #0
1000a0d6:	da02      	bge.n	1000a0de <cyw43_await_background_or_timeout_us+0x4a>
1000a0d8:	2201      	movs	r2, #1
1000a0da:	4b04      	ldr	r3, [pc, #16]	@ (1000a0ec <cyw43_await_background_or_timeout_us+0x58>)
1000a0dc:	4252      	negs	r2, r2
1000a0de:	6831      	ldr	r1, [r6, #0]
1000a0e0:	0030      	movs	r0, r6
1000a0e2:	6ac9      	ldr	r1, [r1, #44]	@ 0x2c
1000a0e4:	4788      	blx	r1
1000a0e6:	e7ea      	b.n	1000a0be <cyw43_await_background_or_timeout_us+0x2a>
1000a0e8:	20001df0 	.word	0x20001df0
1000a0ec:	7fffffff 	.word	0x7fffffff

1000a0f0 <cyw43_delay_ms>:
1000a0f0:	b5f8      	push	{r3, r4, r5, r6, r7, lr}
1000a0f2:	4b0e      	ldr	r3, [pc, #56]	@ (1000a12c <cyw43_delay_ms+0x3c>)
1000a0f4:	0006      	movs	r6, r0
1000a0f6:	681f      	ldr	r7, [r3, #0]
1000a0f8:	f7f7 fafe 	bl	100016f8 <time_us_64>
1000a0fc:	22fa      	movs	r2, #250	@ 0xfa
1000a0fe:	0004      	movs	r4, r0
1000a100:	000d      	movs	r5, r1
1000a102:	2300      	movs	r3, #0
1000a104:	0092      	lsls	r2, r2, #2
1000a106:	0030      	movs	r0, r6
1000a108:	2100      	movs	r1, #0
1000a10a:	f7f8 f9d7 	bl	100024bc <__wrap___aeabi_lmul>
1000a10e:	0002      	movs	r2, r0
1000a110:	000b      	movs	r3, r1
1000a112:	1912      	adds	r2, r2, r4
1000a114:	416b      	adcs	r3, r5
1000a116:	2b00      	cmp	r3, #0
1000a118:	da02      	bge.n	1000a120 <cyw43_delay_ms+0x30>
1000a11a:	2201      	movs	r2, #1
1000a11c:	4b04      	ldr	r3, [pc, #16]	@ (1000a130 <cyw43_delay_ms+0x40>)
1000a11e:	4252      	negs	r2, r2
1000a120:	6839      	ldr	r1, [r7, #0]
1000a122:	0038      	movs	r0, r7
1000a124:	6ac9      	ldr	r1, [r1, #44]	@ 0x2c
1000a126:	4788      	blx	r1
1000a128:	bdf8      	pop	{r3, r4, r5, r6, r7, pc}
1000a12a:	46c0      	nop			@ (mov r8, r8)
1000a12c:	20001df0 	.word	0x20001df0
1000a130:	7fffffff 	.word	0x7fffffff

1000a134 <cyw43_cb_tcpip_deinit>:
1000a134:	4770      	bx	lr
1000a136:	46c0      	nop			@ (mov r8, r8)

1000a138 <cyw43_cb_tcpip_set_link_up>:
1000a138:	b510      	push	{r4, lr}
1000a13a:	4801      	ldr	r0, [pc, #4]	@ (1000a140 <cyw43_cb_tcpip_set_link_up+0x8>)
1000a13c:	f7f6 fa22 	bl	10000584 <panic>
1000a140:	1000af94 	.word	0x1000af94

1000a144 <cyw43_cb_tcpip_set_link_down>:
1000a144:	b510      	push	{r4, lr}
1000a146:	4801      	ldr	r0, [pc, #4]	@ (1000a14c <cyw43_cb_tcpip_set_link_down+0x8>)
1000a148:	f7f6 fa1c 	bl	10000584 <panic>
1000a14c:	1000af94 	.word	0x1000af94

1000a150 <cyw43_cb_process_ethernet>:
1000a150:	b510      	push	{r4, lr}
1000a152:	4801      	ldr	r0, [pc, #4]	@ (1000a158 <cyw43_cb_process_ethernet+0x8>)
1000a154:	f7f6 fa16 	bl	10000584 <panic>
1000a158:	1000af94 	.word	0x1000af94

1000a15c <async_context_threadsafe_background_acquire_lock_blocking>:
1000a15c:	b510      	push	{r4, lr}
1000a15e:	3030      	adds	r0, #48	@ 0x30
1000a160:	f000 fc1a 	bl	1000a998 <__recursive_mutex_enter_blocking_veneer>
1000a164:	bd10      	pop	{r4, pc}
1000a166:	46c0      	nop			@ (mov r8, r8)

1000a168 <alarm_handler>:
1000a168:	2200      	movs	r2, #0
1000a16a:	2345      	movs	r3, #69	@ 0x45
1000a16c:	b510      	push	{r4, lr}
1000a16e:	000c      	movs	r4, r1
1000a170:	54ca      	strb	r2, [r1, r3]
1000a172:	3b01      	subs	r3, #1
1000a174:	5cc8      	ldrb	r0, [r1, r3]
1000a176:	f7f6 fb11 	bl	1000079c <irq_set_pending>
1000a17a:	0020      	movs	r0, r4
1000a17c:	3038      	adds	r0, #56	@ 0x38
1000a17e:	f000 fbd3 	bl	1000a928 <__sem_release_veneer>
1000a182:	2000      	movs	r0, #0
1000a184:	2100      	movs	r1, #0
1000a186:	bd10      	pop	{r4, pc}

1000a188 <async_context_threadsafe_background_set_work_pending>:
1000a188:	2301      	movs	r3, #1
1000a18a:	b510      	push	{r4, lr}
1000a18c:	0004      	movs	r4, r0
1000a18e:	720b      	strb	r3, [r1, #8]
1000a190:	3343      	adds	r3, #67	@ 0x43
1000a192:	5cc0      	ldrb	r0, [r0, r3]
1000a194:	f7f6 fb02 	bl	1000079c <irq_set_pending>
1000a198:	0020      	movs	r0, r4
1000a19a:	3038      	adds	r0, #56	@ 0x38
1000a19c:	f000 fbc4 	bl	1000a928 <__sem_release_veneer>
1000a1a0:	bd10      	pop	{r4, pc}
1000a1a2:	46c0      	nop			@ (mov r8, r8)

1000a1a4 <process_under_lock>:
1000a1a4:	b5f0      	push	{r4, r5, r6, r7, lr}
1000a1a6:	4b30      	ldr	r3, [pc, #192]	@ (1000a268 <process_under_lock+0xc4>)
1000a1a8:	46d6      	mov	lr, sl
1000a1aa:	464f      	mov	r7, r9
1000a1ac:	4646      	mov	r6, r8
1000a1ae:	681a      	ldr	r2, [r3, #0]
1000a1b0:	685b      	ldr	r3, [r3, #4]
1000a1b2:	0004      	movs	r4, r0
1000a1b4:	469a      	mov	sl, r3
1000a1b6:	4b2d      	ldr	r3, [pc, #180]	@ (1000a26c <process_under_lock+0xc8>)
1000a1b8:	4690      	mov	r8, r2
1000a1ba:	2545      	movs	r5, #69	@ 0x45
1000a1bc:	4699      	mov	r9, r3
1000a1be:	b5c0      	push	{r6, r7, lr}
1000a1c0:	b084      	sub	sp, #16
1000a1c2:	0020      	movs	r0, r4
1000a1c4:	f000 f9e8 	bl	1000a598 <async_context_base_execute_once>
1000a1c8:	0006      	movs	r6, r0
1000a1ca:	000f      	movs	r7, r1
1000a1cc:	f7f7 fa94 	bl	100016f8 <time_us_64>
1000a1d0:	0032      	movs	r2, r6
1000a1d2:	003b      	movs	r3, r7
1000a1d4:	1a12      	subs	r2, r2, r0
1000a1d6:	418b      	sbcs	r3, r1
1000a1d8:	2b00      	cmp	r3, #0
1000a1da:	dd29      	ble.n	1000a230 <process_under_lock+0x8c>
1000a1dc:	4546      	cmp	r6, r8
1000a1de:	d02d      	beq.n	1000a23c <process_under_lock+0x98>
1000a1e0:	5d63      	ldrb	r3, [r4, r5]
1000a1e2:	2b00      	cmp	r3, #0
1000a1e4:	d008      	beq.n	1000a1f8 <process_under_lock+0x54>
1000a1e6:	6aa2      	ldr	r2, [r4, #40]	@ 0x28
1000a1e8:	6ae3      	ldr	r3, [r4, #44]	@ 0x2c
1000a1ea:	0030      	movs	r0, r6
1000a1ec:	0039      	movs	r1, r7
1000a1ee:	1a80      	subs	r0, r0, r2
1000a1f0:	4199      	sbcs	r1, r3
1000a1f2:	2900      	cmp	r1, #0
1000a1f4:	dc27      	bgt.n	1000a246 <process_under_lock+0xa2>
1000a1f6:	d033      	beq.n	1000a260 <process_under_lock+0xbc>
1000a1f8:	6c23      	ldr	r3, [r4, #64]	@ 0x40
1000a1fa:	2b00      	cmp	r3, #0
1000a1fc:	dd03      	ble.n	1000a206 <process_under_lock+0x62>
1000a1fe:	6c21      	ldr	r1, [r4, #64]	@ 0x40
1000a200:	6a20      	ldr	r0, [r4, #32]
1000a202:	f7f7 f8bf 	bl	10001384 <alarm_pool_cancel_alarm>
1000a206:	2301      	movs	r3, #1
1000a208:	62a6      	str	r6, [r4, #40]	@ 0x28
1000a20a:	62e7      	str	r7, [r4, #44]	@ 0x2c
1000a20c:	5563      	strb	r3, [r4, r5]
1000a20e:	2300      	movs	r3, #0
1000a210:	6a20      	ldr	r0, [r4, #32]
1000a212:	9302      	str	r3, [sp, #8]
1000a214:	464b      	mov	r3, r9
1000a216:	0032      	movs	r2, r6
1000a218:	9300      	str	r3, [sp, #0]
1000a21a:	9401      	str	r4, [sp, #4]
1000a21c:	003b      	movs	r3, r7
1000a21e:	f7f6 fff1 	bl	10001204 <alarm_pool_add_alarm_at>
1000a222:	6420      	str	r0, [r4, #64]	@ 0x40
1000a224:	6c23      	ldr	r3, [r4, #64]	@ 0x40
1000a226:	2b00      	cmp	r3, #0
1000a228:	dc0d      	bgt.n	1000a246 <process_under_lock+0xa2>
1000a22a:	2300      	movs	r3, #0
1000a22c:	5563      	strb	r3, [r4, r5]
1000a22e:	e7c8      	b.n	1000a1c2 <process_under_lock+0x1e>
1000a230:	2b00      	cmp	r3, #0
1000a232:	d1c6      	bne.n	1000a1c2 <process_under_lock+0x1e>
1000a234:	2a00      	cmp	r2, #0
1000a236:	d0c4      	beq.n	1000a1c2 <process_under_lock+0x1e>
1000a238:	4546      	cmp	r6, r8
1000a23a:	d1d1      	bne.n	1000a1e0 <process_under_lock+0x3c>
1000a23c:	4557      	cmp	r7, sl
1000a23e:	d1cf      	bne.n	1000a1e0 <process_under_lock+0x3c>
1000a240:	6c23      	ldr	r3, [r4, #64]	@ 0x40
1000a242:	2b00      	cmp	r3, #0
1000a244:	dc05      	bgt.n	1000a252 <process_under_lock+0xae>
1000a246:	b004      	add	sp, #16
1000a248:	bce0      	pop	{r5, r6, r7}
1000a24a:	46ba      	mov	sl, r7
1000a24c:	46b1      	mov	r9, r6
1000a24e:	46a8      	mov	r8, r5
1000a250:	bdf0      	pop	{r4, r5, r6, r7, pc}
1000a252:	6c21      	ldr	r1, [r4, #64]	@ 0x40
1000a254:	6a20      	ldr	r0, [r4, #32]
1000a256:	f7f7 f895 	bl	10001384 <alarm_pool_cancel_alarm>
1000a25a:	2300      	movs	r3, #0
1000a25c:	6423      	str	r3, [r4, #64]	@ 0x40
1000a25e:	e7f2      	b.n	1000a246 <process_under_lock+0xa2>
1000a260:	2800      	cmp	r0, #0
1000a262:	d0c9      	beq.n	1000a1f8 <process_under_lock+0x54>
1000a264:	e7ef      	b.n	1000a246 <process_under_lock+0xa2>
1000a266:	46c0      	nop			@ (mov r8, r8)
1000a268:	1000afd8 	.word	0x1000afd8
1000a26c:	1000a169 	.word	0x1000a169

1000a270 <async_context_threadsafe_background_execute_sync>:
1000a270:	b5f8      	push	{r3, r4, r5, r6, r7, lr}
1000a272:	0006      	movs	r6, r0
1000a274:	0017      	movs	r7, r2
1000a276:	3630      	adds	r6, #48	@ 0x30
1000a278:	0004      	movs	r4, r0
1000a27a:	0030      	movs	r0, r6
1000a27c:	000d      	movs	r5, r1
1000a27e:	f000 fb8b 	bl	1000a998 <__recursive_mutex_enter_blocking_veneer>
1000a282:	0038      	movs	r0, r7
1000a284:	47a8      	blx	r5
1000a286:	7973      	ldrb	r3, [r6, #5]
1000a288:	0005      	movs	r5, r0
1000a28a:	2b01      	cmp	r3, #1
1000a28c:	d004      	beq.n	1000a298 <async_context_threadsafe_background_execute_sync+0x28>
1000a28e:	0030      	movs	r0, r6
1000a290:	f000 fbaa 	bl	1000a9e8 <__recursive_mutex_exit_veneer>
1000a294:	0028      	movs	r0, r5
1000a296:	bdf8      	pop	{r3, r4, r5, r6, r7, pc}
1000a298:	0020      	movs	r0, r4
1000a29a:	f7ff ff83 	bl	1000a1a4 <process_under_lock>
1000a29e:	e7f6      	b.n	1000a28e <async_context_threadsafe_background_execute_sync+0x1e>

1000a2a0 <async_context_threadsafe_background_deinit>:
1000a2a0:	b570      	push	{r4, r5, r6, lr}
1000a2a2:	2544      	movs	r5, #68	@ 0x44
1000a2a4:	0004      	movs	r4, r0
1000a2a6:	5d40      	ldrb	r0, [r0, r5]
1000a2a8:	2800      	cmp	r0, #0
1000a2aa:	d114      	bne.n	1000a2d6 <async_context_threadsafe_background_deinit+0x36>
1000a2ac:	6c23      	ldr	r3, [r4, #64]	@ 0x40
1000a2ae:	2b00      	cmp	r3, #0
1000a2b0:	dd03      	ble.n	1000a2ba <async_context_threadsafe_background_deinit+0x1a>
1000a2b2:	6c21      	ldr	r1, [r4, #64]	@ 0x40
1000a2b4:	6a20      	ldr	r0, [r4, #32]
1000a2b6:	f7f7 f865 	bl	10001384 <alarm_pool_cancel_alarm>
1000a2ba:	0025      	movs	r5, r4
1000a2bc:	3530      	adds	r5, #48	@ 0x30
1000a2be:	0028      	movs	r0, r5
1000a2c0:	f000 fb6a 	bl	1000a998 <__recursive_mutex_enter_blocking_veneer>
1000a2c4:	0028      	movs	r0, r5
1000a2c6:	f000 fb8f 	bl	1000a9e8 <__recursive_mutex_exit_veneer>
1000a2ca:	2248      	movs	r2, #72	@ 0x48
1000a2cc:	2100      	movs	r1, #0
1000a2ce:	0020      	movs	r0, r4
1000a2d0:	f7f8 f9c8 	bl	10002664 <__wrap_memset>
1000a2d4:	bd70      	pop	{r4, r5, r6, pc}
1000a2d6:	2100      	movs	r1, #0
1000a2d8:	f7f6 fa42 	bl	10000760 <irq_set_enabled>
1000a2dc:	4904      	ldr	r1, [pc, #16]	@ (1000a2f0 <async_context_threadsafe_background_deinit+0x50>)
1000a2de:	5d60      	ldrb	r0, [r4, r5]
1000a2e0:	f7f6 fb9a 	bl	10000a18 <irq_remove_handler>
1000a2e4:	5d60      	ldrb	r0, [r4, r5]
1000a2e6:	f7f6 fcef 	bl	10000cc8 <user_irq_unclaim>
1000a2ea:	2300      	movs	r3, #0
1000a2ec:	5563      	strb	r3, [r4, r5]
1000a2ee:	e7dd      	b.n	1000a2ac <async_context_threadsafe_background_deinit+0xc>
1000a2f0:	1000a2f5 	.word	0x1000a2f5

1000a2f4 <low_priority_irq_handler>:
1000a2f4:	b570      	push	{r4, r5, r6, lr}
1000a2f6:	f3ef 8305 	mrs	r3, IPSR
1000a2fa:	4a0c      	ldr	r2, [pc, #48]	@ (1000a32c <low_priority_irq_handler+0x38>)
1000a2fc:	3b2a      	subs	r3, #42	@ 0x2a
1000a2fe:	009b      	lsls	r3, r3, #2
1000a300:	589c      	ldr	r4, [r3, r2]
1000a302:	2c00      	cmp	r4, #0
1000a304:	d00d      	beq.n	1000a322 <low_priority_irq_handler+0x2e>
1000a306:	0025      	movs	r5, r4
1000a308:	3530      	adds	r5, #48	@ 0x30
1000a30a:	2100      	movs	r1, #0
1000a30c:	0028      	movs	r0, r5
1000a30e:	f000 fb33 	bl	1000a978 <__recursive_mutex_try_enter_veneer>
1000a312:	2800      	cmp	r0, #0
1000a314:	d005      	beq.n	1000a322 <low_priority_irq_handler+0x2e>
1000a316:	796b      	ldrb	r3, [r5, #5]
1000a318:	2b01      	cmp	r3, #1
1000a31a:	d003      	beq.n	1000a324 <low_priority_irq_handler+0x30>
1000a31c:	0028      	movs	r0, r5
1000a31e:	f000 fb63 	bl	1000a9e8 <__recursive_mutex_exit_veneer>
1000a322:	bd70      	pop	{r4, r5, r6, pc}
1000a324:	0020      	movs	r0, r4
1000a326:	f7ff ff3d 	bl	1000a1a4 <process_under_lock>
1000a32a:	e7f7      	b.n	1000a31c <low_priority_irq_handler+0x28>
1000a32c:	20001c8c 	.word	0x20001c8c

1000a330 <async_context_threadsafe_background_wait_for_work_until>:
1000a330:	b510      	push	{r4, lr}
1000a332:	3038      	adds	r0, #56	@ 0x38
1000a334:	f000 fb78 	bl	1000aa28 <__sem_acquire_block_until_veneer>
1000a338:	bd10      	pop	{r4, pc}
1000a33a:	46c0      	nop			@ (mov r8, r8)

1000a33c <async_context_threadsafe_background_wait_until>:
1000a33c:	0010      	movs	r0, r2
1000a33e:	0019      	movs	r1, r3
1000a340:	b510      	push	{r4, lr}
1000a342:	f3ef 8305 	mrs	r3, IPSR
1000a346:	2b00      	cmp	r3, #0
1000a348:	d002      	beq.n	1000a350 <async_context_threadsafe_background_wait_until+0x14>
1000a34a:	f7f7 f9df 	bl	1000170c <busy_wait_until>
1000a34e:	bd10      	pop	{r4, pc}
1000a350:	f7f7 f854 	bl	100013fc <sleep_until>
1000a354:	e7fb      	b.n	1000a34e <async_context_threadsafe_background_wait_until+0x12>
1000a356:	46c0      	nop			@ (mov r8, r8)

1000a358 <async_context_threadsafe_background_lock_check>:
1000a358:	b510      	push	{r4, lr}
1000a35a:	3030      	adds	r0, #48	@ 0x30
1000a35c:	7943      	ldrb	r3, [r0, #5]
1000a35e:	2b00      	cmp	r3, #0
1000a360:	d008      	beq.n	1000a374 <async_context_threadsafe_background_lock_check+0x1c>
1000a362:	23d0      	movs	r3, #208	@ 0xd0
1000a364:	2200      	movs	r2, #0
1000a366:	061b      	lsls	r3, r3, #24
1000a368:	569a      	ldrsb	r2, [r3, r2]
1000a36a:	2304      	movs	r3, #4
1000a36c:	56c3      	ldrsb	r3, [r0, r3]
1000a36e:	429a      	cmp	r2, r3
1000a370:	d100      	bne.n	1000a374 <async_context_threadsafe_background_lock_check+0x1c>
1000a372:	bd10      	pop	{r4, pc}
1000a374:	4801      	ldr	r0, [pc, #4]	@ (1000a37c <async_context_threadsafe_background_lock_check+0x24>)
1000a376:	f7f6 f905 	bl	10000584 <panic>
1000a37a:	46c0      	nop			@ (mov r8, r8)
1000a37c:	1000afb4 	.word	0x1000afb4

1000a380 <async_context_threadsafe_background_release_lock>:
1000a380:	b510      	push	{r4, lr}
1000a382:	0004      	movs	r4, r0
1000a384:	3430      	adds	r4, #48	@ 0x30
1000a386:	7963      	ldrb	r3, [r4, #5]
1000a388:	2b01      	cmp	r3, #1
1000a38a:	d003      	beq.n	1000a394 <async_context_threadsafe_background_release_lock+0x14>
1000a38c:	0020      	movs	r0, r4
1000a38e:	f000 fb2b 	bl	1000a9e8 <__recursive_mutex_exit_veneer>
1000a392:	bd10      	pop	{r4, pc}
1000a394:	f7ff ff06 	bl	1000a1a4 <process_under_lock>
1000a398:	e7f8      	b.n	1000a38c <async_context_threadsafe_background_release_lock+0xc>
1000a39a:	46c0      	nop			@ (mov r8, r8)

1000a39c <async_context_threadsafe_background_when_pending_worker>:
1000a39c:	b570      	push	{r4, r5, r6, lr}
1000a39e:	0006      	movs	r6, r0
1000a3a0:	000d      	movs	r5, r1
1000a3a2:	0004      	movs	r4, r0
1000a3a4:	3630      	adds	r6, #48	@ 0x30
1000a3a6:	0030      	movs	r0, r6
1000a3a8:	f000 faf6 	bl	1000a998 <__recursive_mutex_enter_blocking_veneer>
1000a3ac:	0029      	movs	r1, r5
1000a3ae:	0020      	movs	r0, r4
1000a3b0:	f000 f8e0 	bl	1000a574 <async_context_base_remove_when_pending_worker>
1000a3b4:	7973      	ldrb	r3, [r6, #5]
1000a3b6:	0005      	movs	r5, r0
1000a3b8:	2b01      	cmp	r3, #1
1000a3ba:	d004      	beq.n	1000a3c6 <async_context_threadsafe_background_when_pending_worker+0x2a>
1000a3bc:	0030      	movs	r0, r6
1000a3be:	f000 fb13 	bl	1000a9e8 <__recursive_mutex_exit_veneer>
1000a3c2:	0028      	movs	r0, r5
1000a3c4:	bd70      	pop	{r4, r5, r6, pc}
1000a3c6:	0020      	movs	r0, r4
1000a3c8:	f7ff feec 	bl	1000a1a4 <process_under_lock>
1000a3cc:	e7f6      	b.n	1000a3bc <async_context_threadsafe_background_when_pending_worker+0x20>
1000a3ce:	46c0      	nop			@ (mov r8, r8)

1000a3d0 <async_context_threadsafe_background_add_when_pending_worker>:
1000a3d0:	b570      	push	{r4, r5, r6, lr}
1000a3d2:	0006      	movs	r6, r0
1000a3d4:	000d      	movs	r5, r1
1000a3d6:	0004      	movs	r4, r0
1000a3d8:	3630      	adds	r6, #48	@ 0x30
1000a3da:	0030      	movs	r0, r6
1000a3dc:	f000 fadc 	bl	1000a998 <__recursive_mutex_enter_blocking_veneer>
1000a3e0:	0029      	movs	r1, r5
1000a3e2:	0020      	movs	r0, r4
1000a3e4:	f000 f8b4 	bl	1000a550 <async_context_base_add_when_pending_worker>
1000a3e8:	7973      	ldrb	r3, [r6, #5]
1000a3ea:	0005      	movs	r5, r0
1000a3ec:	2b01      	cmp	r3, #1
1000a3ee:	d004      	beq.n	1000a3fa <async_context_threadsafe_background_add_when_pending_worker+0x2a>
1000a3f0:	0030      	movs	r0, r6
1000a3f2:	f000 faf9 	bl	1000a9e8 <__recursive_mutex_exit_veneer>
1000a3f6:	0028      	movs	r0, r5
1000a3f8:	bd70      	pop	{r4, r5, r6, pc}
1000a3fa:	0020      	movs	r0, r4
1000a3fc:	f7ff fed2 	bl	1000a1a4 <process_under_lock>
1000a400:	e7f6      	b.n	1000a3f0 <async_context_threadsafe_background_add_when_pending_worker+0x20>
1000a402:	46c0      	nop			@ (mov r8, r8)

1000a404 <async_context_threadsafe_background_remove_at_time_worker>:
1000a404:	b570      	push	{r4, r5, r6, lr}
1000a406:	0006      	movs	r6, r0
1000a408:	000d      	movs	r5, r1
1000a40a:	0004      	movs	r4, r0
1000a40c:	3630      	adds	r6, #48	@ 0x30
1000a40e:	0030      	movs	r0, r6
1000a410:	f000 fac2 	bl	1000a998 <__recursive_mutex_enter_blocking_veneer>
1000a414:	0029      	movs	r1, r5
1000a416:	0020      	movs	r0, r4
1000a418:	f000 f888 	bl	1000a52c <async_context_base_remove_at_time_worker>
1000a41c:	7973      	ldrb	r3, [r6, #5]
1000a41e:	0005      	movs	r5, r0
1000a420:	2b01      	cmp	r3, #1
1000a422:	d004      	beq.n	1000a42e <async_context_threadsafe_background_remove_at_time_worker+0x2a>
1000a424:	0030      	movs	r0, r6
1000a426:	f000 fadf 	bl	1000a9e8 <__recursive_mutex_exit_veneer>
1000a42a:	0028      	movs	r0, r5
1000a42c:	bd70      	pop	{r4, r5, r6, pc}
1000a42e:	0020      	movs	r0, r4
1000a430:	f7ff feb8 	bl	1000a1a4 <process_under_lock>
1000a434:	e7f6      	b.n	1000a424 <async_context_threadsafe_background_remove_at_time_worker+0x20>
1000a436:	46c0      	nop			@ (mov r8, r8)

1000a438 <async_context_threadsafe_background_add_at_time_worker>:
1000a438:	b570      	push	{r4, r5, r6, lr}
1000a43a:	0006      	movs	r6, r0
1000a43c:	000d      	movs	r5, r1
1000a43e:	0004      	movs	r4, r0
1000a440:	3630      	adds	r6, #48	@ 0x30
1000a442:	0030      	movs	r0, r6
1000a444:	f000 faa8 	bl	1000a998 <__recursive_mutex_enter_blocking_veneer>
1000a448:	0029      	movs	r1, r5
1000a44a:	0020      	movs	r0, r4
1000a44c:	f000 f85a 	bl	1000a504 <async_context_base_add_at_time_worker>
1000a450:	7973      	ldrb	r3, [r6, #5]
1000a452:	0005      	movs	r5, r0
1000a454:	2b01      	cmp	r3, #1
1000a456:	d004      	beq.n	1000a462 <async_context_threadsafe_background_add_at_time_worker+0x2a>
1000a458:	0030      	movs	r0, r6
1000a45a:	f000 fac5 	bl	1000a9e8 <__recursive_mutex_exit_veneer>
1000a45e:	0028      	movs	r0, r5
1000a460:	bd70      	pop	{r4, r5, r6, pc}
1000a462:	0020      	movs	r0, r4
1000a464:	f7ff fe9e 	bl	1000a1a4 <process_under_lock>
1000a468:	e7f6      	b.n	1000a458 <async_context_threadsafe_background_add_at_time_worker+0x20>
1000a46a:	46c0      	nop			@ (mov r8, r8)

1000a46c <async_context_threadsafe_background_default_config>:
1000a46c:	23ff      	movs	r3, #255	@ 0xff
1000a46e:	7003      	strb	r3, [r0, #0]
1000a470:	2300      	movs	r3, #0
1000a472:	6043      	str	r3, [r0, #4]
1000a474:	4770      	bx	lr
1000a476:	46c0      	nop			@ (mov r8, r8)

1000a478 <async_context_threadsafe_background_init>:
1000a478:	b570      	push	{r4, r5, r6, lr}
1000a47a:	0004      	movs	r4, r0
1000a47c:	000d      	movs	r5, r1
1000a47e:	2244      	movs	r2, #68	@ 0x44
1000a480:	2100      	movs	r1, #0
1000a482:	3004      	adds	r0, #4
1000a484:	f7f8 f8ee 	bl	10002664 <__wrap_memset>
1000a488:	4b1b      	ldr	r3, [pc, #108]	@ (1000a4f8 <async_context_threadsafe_background_init+0x80>)
1000a48a:	6023      	str	r3, [r4, #0]
1000a48c:	2303      	movs	r3, #3
1000a48e:	8323      	strh	r3, [r4, #24]
1000a490:	23d0      	movs	r3, #208	@ 0xd0
1000a492:	061b      	lsls	r3, r3, #24
1000a494:	681b      	ldr	r3, [r3, #0]
1000a496:	76a3      	strb	r3, [r4, #26]
1000a498:	6868      	ldr	r0, [r5, #4]
1000a49a:	2800      	cmp	r0, #0
1000a49c:	d028      	beq.n	1000a4f0 <async_context_threadsafe_background_init+0x78>
1000a49e:	6220      	str	r0, [r4, #32]
1000a4a0:	0020      	movs	r0, r4
1000a4a2:	2201      	movs	r2, #1
1000a4a4:	2101      	movs	r1, #1
1000a4a6:	3038      	adds	r0, #56	@ 0x38
1000a4a8:	f7f6 fc2e 	bl	10000d08 <sem_init>
1000a4ac:	0020      	movs	r0, r4
1000a4ae:	3030      	adds	r0, #48	@ 0x30
1000a4b0:	f7f6 fc78 	bl	10000da4 <recursive_mutex_init>
1000a4b4:	2000      	movs	r0, #0
1000a4b6:	782e      	ldrb	r6, [r5, #0]
1000a4b8:	f7f6 fc10 	bl	10000cdc <user_irq_claim_unused>
1000a4bc:	0003      	movs	r3, r0
1000a4be:	2000      	movs	r0, #0
1000a4c0:	2b00      	cmp	r3, #0
1000a4c2:	db14      	blt.n	1000a4ee <async_context_threadsafe_background_init+0x76>
1000a4c4:	0019      	movs	r1, r3
1000a4c6:	2544      	movs	r5, #68	@ 0x44
1000a4c8:	4a0c      	ldr	r2, [pc, #48]	@ (1000a4fc <async_context_threadsafe_background_init+0x84>)
1000a4ca:	391a      	subs	r1, #26
1000a4cc:	0089      	lsls	r1, r1, #2
1000a4ce:	30ff      	adds	r0, #255	@ 0xff
1000a4d0:	508c      	str	r4, [r1, r2]
1000a4d2:	4018      	ands	r0, r3
1000a4d4:	5563      	strb	r3, [r4, r5]
1000a4d6:	490a      	ldr	r1, [pc, #40]	@ (1000a500 <async_context_threadsafe_background_init+0x88>)
1000a4d8:	f7f6 f97a 	bl	100007d0 <irq_set_exclusive_handler>
1000a4dc:	2101      	movs	r1, #1
1000a4de:	5d60      	ldrb	r0, [r4, r5]
1000a4e0:	f7f6 f93e 	bl	10000760 <irq_set_enabled>
1000a4e4:	5d60      	ldrb	r0, [r4, r5]
1000a4e6:	0031      	movs	r1, r6
1000a4e8:	f7f6 fb80 	bl	10000bec <irq_set_priority>
1000a4ec:	2001      	movs	r0, #1
1000a4ee:	bd70      	pop	{r4, r5, r6, pc}
1000a4f0:	f7f6 fe84 	bl	100011fc <alarm_pool_get_default>
1000a4f4:	e7d3      	b.n	1000a49e <async_context_threadsafe_background_init+0x26>
1000a4f6:	46c0      	nop			@ (mov r8, r8)
1000a4f8:	100429f8 	.word	0x100429f8
1000a4fc:	20001c8c 	.word	0x20001c8c
1000a500:	1000a2f5 	.word	0x1000a2f5

1000a504 <async_context_base_add_at_time_worker>:
1000a504:	6883      	ldr	r3, [r0, #8]
1000a506:	2b00      	cmp	r3, #0
1000a508:	d104      	bne.n	1000a514 <async_context_base_add_at_time_worker+0x10>
1000a50a:	e007      	b.n	1000a51c <async_context_base_add_at_time_worker+0x18>
1000a50c:	681a      	ldr	r2, [r3, #0]
1000a50e:	2a00      	cmp	r2, #0
1000a510:	d006      	beq.n	1000a520 <async_context_base_add_at_time_worker+0x1c>
1000a512:	0013      	movs	r3, r2
1000a514:	428b      	cmp	r3, r1
1000a516:	d1f9      	bne.n	1000a50c <async_context_base_add_at_time_worker+0x8>
1000a518:	2000      	movs	r0, #0
1000a51a:	e005      	b.n	1000a528 <async_context_base_add_at_time_worker+0x24>
1000a51c:	0003      	movs	r3, r0
1000a51e:	3308      	adds	r3, #8
1000a520:	6019      	str	r1, [r3, #0]
1000a522:	2300      	movs	r3, #0
1000a524:	2001      	movs	r0, #1
1000a526:	600b      	str	r3, [r1, #0]
1000a528:	4770      	bx	lr
1000a52a:	46c0      	nop			@ (mov r8, r8)

1000a52c <async_context_base_remove_at_time_worker>:
1000a52c:	0002      	movs	r2, r0
1000a52e:	6883      	ldr	r3, [r0, #8]
1000a530:	3208      	adds	r2, #8
1000a532:	2b00      	cmp	r3, #0
1000a534:	d104      	bne.n	1000a540 <async_context_base_remove_at_time_worker+0x14>
1000a536:	e009      	b.n	1000a54c <async_context_base_remove_at_time_worker+0x20>
1000a538:	001a      	movs	r2, r3
1000a53a:	681b      	ldr	r3, [r3, #0]
1000a53c:	2b00      	cmp	r3, #0
1000a53e:	d005      	beq.n	1000a54c <async_context_base_remove_at_time_worker+0x20>
1000a540:	428b      	cmp	r3, r1
1000a542:	d1f9      	bne.n	1000a538 <async_context_base_remove_at_time_worker+0xc>
1000a544:	681b      	ldr	r3, [r3, #0]
1000a546:	2001      	movs	r0, #1
1000a548:	6013      	str	r3, [r2, #0]
1000a54a:	e000      	b.n	1000a54e <async_context_base_remove_at_time_worker+0x22>
1000a54c:	2000      	movs	r0, #0
1000a54e:	4770      	bx	lr

1000a550 <async_context_base_add_when_pending_worker>:
1000a550:	6843      	ldr	r3, [r0, #4]
1000a552:	2b00      	cmp	r3, #0
1000a554:	d104      	bne.n	1000a560 <async_context_base_add_when_pending_worker+0x10>
1000a556:	e007      	b.n	1000a568 <async_context_base_add_when_pending_worker+0x18>
1000a558:	681a      	ldr	r2, [r3, #0]
1000a55a:	2a00      	cmp	r2, #0
1000a55c:	d005      	beq.n	1000a56a <async_context_base_add_when_pending_worker+0x1a>
1000a55e:	0013      	movs	r3, r2
1000a560:	428b      	cmp	r3, r1
1000a562:	d1f9      	bne.n	1000a558 <async_context_base_add_when_pending_worker+0x8>
1000a564:	2000      	movs	r0, #0
1000a566:	e004      	b.n	1000a572 <async_context_base_add_when_pending_worker+0x22>
1000a568:	1d03      	adds	r3, r0, #4
1000a56a:	6019      	str	r1, [r3, #0]
1000a56c:	2300      	movs	r3, #0
1000a56e:	2001      	movs	r0, #1
1000a570:	600b      	str	r3, [r1, #0]
1000a572:	4770      	bx	lr

1000a574 <async_context_base_remove_when_pending_worker>:
1000a574:	6843      	ldr	r3, [r0, #4]
1000a576:	1d02      	adds	r2, r0, #4
1000a578:	2b00      	cmp	r3, #0
1000a57a:	d104      	bne.n	1000a586 <async_context_base_remove_when_pending_worker+0x12>
1000a57c:	e009      	b.n	1000a592 <async_context_base_remove_when_pending_worker+0x1e>
1000a57e:	001a      	movs	r2, r3
1000a580:	681b      	ldr	r3, [r3, #0]
1000a582:	2b00      	cmp	r3, #0
1000a584:	d005      	beq.n	1000a592 <async_context_base_remove_when_pending_worker+0x1e>
1000a586:	428b      	cmp	r3, r1
1000a588:	d1f9      	bne.n	1000a57e <async_context_base_remove_when_pending_worker+0xa>
1000a58a:	681b      	ldr	r3, [r3, #0]
1000a58c:	2001      	movs	r0, #1
1000a58e:	6013      	str	r3, [r2, #0]
1000a590:	e000      	b.n	1000a594 <async_context_base_remove_when_pending_worker+0x20>
1000a592:	2000      	movs	r0, #0
1000a594:	4770      	bx	lr
1000a596:	46c0      	nop			@ (mov r8, r8)

1000a598 <async_context_base_execute_once>:
1000a598:	b5f0      	push	{r4, r5, r6, r7, lr}
1000a59a:	4657      	mov	r7, sl
1000a59c:	46de      	mov	lr, fp
1000a59e:	4646      	mov	r6, r8
1000a5a0:	b5c0      	push	{r6, r7, lr}
1000a5a2:	4b3e      	ldr	r3, [pc, #248]	@ (1000a69c <async_context_base_execute_once+0x104>)
1000a5a4:	b082      	sub	sp, #8
1000a5a6:	681a      	ldr	r2, [r3, #0]
1000a5a8:	685b      	ldr	r3, [r3, #4]
1000a5aa:	9200      	str	r2, [sp, #0]
1000a5ac:	9301      	str	r3, [sp, #4]
1000a5ae:	6883      	ldr	r3, [r0, #8]
1000a5b0:	4682      	mov	sl, r0
1000a5b2:	2b00      	cmp	r3, #0
1000a5b4:	d02c      	beq.n	1000a610 <async_context_base_execute_once+0x78>
1000a5b6:	2308      	movs	r3, #8
1000a5b8:	4453      	add	r3, sl
1000a5ba:	469b      	mov	fp, r3
1000a5bc:	f7f7 f89c 	bl	100016f8 <time_us_64>
1000a5c0:	4653      	mov	r3, sl
1000a5c2:	689b      	ldr	r3, [r3, #8]
1000a5c4:	0004      	movs	r4, r0
1000a5c6:	000d      	movs	r5, r1
1000a5c8:	465f      	mov	r7, fp
1000a5ca:	2b00      	cmp	r3, #0
1000a5cc:	d020      	beq.n	1000a610 <async_context_base_execute_once+0x78>
1000a5ce:	2200      	movs	r2, #0
1000a5d0:	001e      	movs	r6, r3
1000a5d2:	4694      	mov	ip, r2
1000a5d4:	4698      	mov	r8, r3
1000a5d6:	68b2      	ldr	r2, [r6, #8]
1000a5d8:	68f3      	ldr	r3, [r6, #12]
1000a5da:	0020      	movs	r0, r4
1000a5dc:	0029      	movs	r1, r5
1000a5de:	1a80      	subs	r0, r0, r2
1000a5e0:	4199      	sbcs	r1, r3
1000a5e2:	2900      	cmp	r1, #0
1000a5e4:	db02      	blt.n	1000a5ec <async_context_base_execute_once+0x54>
1000a5e6:	0014      	movs	r4, r2
1000a5e8:	001d      	movs	r5, r3
1000a5ea:	46bc      	mov	ip, r7
1000a5ec:	0037      	movs	r7, r6
1000a5ee:	6836      	ldr	r6, [r6, #0]
1000a5f0:	2e00      	cmp	r6, #0
1000a5f2:	d1f0      	bne.n	1000a5d6 <async_context_base_execute_once+0x3e>
1000a5f4:	4662      	mov	r2, ip
1000a5f6:	4643      	mov	r3, r8
1000a5f8:	2a00      	cmp	r2, #0
1000a5fa:	d048      	beq.n	1000a68e <async_context_base_execute_once+0xf6>
1000a5fc:	6811      	ldr	r1, [r2, #0]
1000a5fe:	4650      	mov	r0, sl
1000a600:	680b      	ldr	r3, [r1, #0]
1000a602:	6013      	str	r3, [r2, #0]
1000a604:	684b      	ldr	r3, [r1, #4]
1000a606:	4798      	blx	r3
1000a608:	4653      	mov	r3, sl
1000a60a:	689b      	ldr	r3, [r3, #8]
1000a60c:	2b00      	cmp	r3, #0
1000a60e:	d1d5      	bne.n	1000a5bc <async_context_base_execute_once+0x24>
1000a610:	4653      	mov	r3, sl
1000a612:	685c      	ldr	r4, [r3, #4]
1000a614:	2c00      	cmp	r4, #0
1000a616:	d029      	beq.n	1000a66c <async_context_base_execute_once+0xd4>
1000a618:	2500      	movs	r5, #0
1000a61a:	4656      	mov	r6, sl
1000a61c:	7a23      	ldrb	r3, [r4, #8]
1000a61e:	2b00      	cmp	r3, #0
1000a620:	d031      	beq.n	1000a686 <async_context_base_execute_once+0xee>
1000a622:	0021      	movs	r1, r4
1000a624:	6863      	ldr	r3, [r4, #4]
1000a626:	7225      	strb	r5, [r4, #8]
1000a628:	0030      	movs	r0, r6
1000a62a:	4798      	blx	r3
1000a62c:	6824      	ldr	r4, [r4, #0]
1000a62e:	2c00      	cmp	r4, #0
1000a630:	d1f4      	bne.n	1000a61c <async_context_base_execute_once+0x84>
1000a632:	68b1      	ldr	r1, [r6, #8]
1000a634:	46b2      	mov	sl, r6
1000a636:	2900      	cmp	r1, #0
1000a638:	d018      	beq.n	1000a66c <async_context_base_execute_once+0xd4>
1000a63a:	9c00      	ldr	r4, [sp, #0]
1000a63c:	9d01      	ldr	r5, [sp, #4]
1000a63e:	000e      	movs	r6, r1
1000a640:	e003      	b.n	1000a64a <async_context_base_execute_once+0xb2>
1000a642:	0004      	movs	r4, r0
1000a644:	000d      	movs	r5, r1
1000a646:	2e00      	cmp	r6, #0
1000a648:	d00e      	beq.n	1000a668 <async_context_base_execute_once+0xd0>
1000a64a:	0033      	movs	r3, r6
1000a64c:	0022      	movs	r2, r4
1000a64e:	6898      	ldr	r0, [r3, #8]
1000a650:	68d9      	ldr	r1, [r3, #12]
1000a652:	002b      	movs	r3, r5
1000a654:	1a12      	subs	r2, r2, r0
1000a656:	418b      	sbcs	r3, r1
1000a658:	6836      	ldr	r6, [r6, #0]
1000a65a:	2b00      	cmp	r3, #0
1000a65c:	dcf1      	bgt.n	1000a642 <async_context_base_execute_once+0xaa>
1000a65e:	d1f2      	bne.n	1000a646 <async_context_base_execute_once+0xae>
1000a660:	2a00      	cmp	r2, #0
1000a662:	d1ee      	bne.n	1000a642 <async_context_base_execute_once+0xaa>
1000a664:	2e00      	cmp	r6, #0
1000a666:	d1f0      	bne.n	1000a64a <async_context_base_execute_once+0xb2>
1000a668:	9400      	str	r4, [sp, #0]
1000a66a:	9501      	str	r5, [sp, #4]
1000a66c:	9b00      	ldr	r3, [sp, #0]
1000a66e:	9c01      	ldr	r4, [sp, #4]
1000a670:	4652      	mov	r2, sl
1000a672:	0018      	movs	r0, r3
1000a674:	0021      	movs	r1, r4
1000a676:	6113      	str	r3, [r2, #16]
1000a678:	6154      	str	r4, [r2, #20]
1000a67a:	b002      	add	sp, #8
1000a67c:	bce0      	pop	{r5, r6, r7}
1000a67e:	46bb      	mov	fp, r7
1000a680:	46b2      	mov	sl, r6
1000a682:	46a8      	mov	r8, r5
1000a684:	bdf0      	pop	{r4, r5, r6, r7, pc}
1000a686:	6824      	ldr	r4, [r4, #0]
1000a688:	2c00      	cmp	r4, #0
1000a68a:	d1c7      	bne.n	1000a61c <async_context_base_execute_once+0x84>
1000a68c:	e7d1      	b.n	1000a632 <async_context_base_execute_once+0x9a>
1000a68e:	0019      	movs	r1, r3
1000a690:	4653      	mov	r3, sl
1000a692:	685c      	ldr	r4, [r3, #4]
1000a694:	2c00      	cmp	r4, #0
1000a696:	d1bf      	bne.n	1000a618 <async_context_base_execute_once+0x80>
1000a698:	e7cf      	b.n	1000a63a <async_context_base_execute_once+0xa2>
1000a69a:	46c0      	nop			@ (mov r8, r8)
1000a69c:	1000afd8 	.word	0x1000afd8

1000a6a0 <adc_init>:
1000a6a0:	2301      	movs	r3, #1
1000a6a2:	2101      	movs	r1, #1
1000a6a4:	4a08      	ldr	r2, [pc, #32]	@ (1000a6c8 <adc_init+0x28>)
1000a6a6:	6013      	str	r3, [r2, #0]
1000a6a8:	4a08      	ldr	r2, [pc, #32]	@ (1000a6cc <adc_init+0x2c>)
1000a6aa:	6013      	str	r3, [r2, #0]
1000a6ac:	4a08      	ldr	r2, [pc, #32]	@ (1000a6d0 <adc_init+0x30>)
1000a6ae:	0008      	movs	r0, r1
1000a6b0:	6813      	ldr	r3, [r2, #0]
1000a6b2:	4398      	bics	r0, r3
1000a6b4:	d1fb      	bne.n	1000a6ae <adc_init+0xe>
1000a6b6:	4a07      	ldr	r2, [pc, #28]	@ (1000a6d4 <adc_init+0x34>)
1000a6b8:	6011      	str	r1, [r2, #0]
1000a6ba:	2180      	movs	r1, #128	@ 0x80
1000a6bc:	0049      	lsls	r1, r1, #1
1000a6be:	6813      	ldr	r3, [r2, #0]
1000a6c0:	420b      	tst	r3, r1
1000a6c2:	d0fc      	beq.n	1000a6be <adc_init+0x1e>
1000a6c4:	4770      	bx	lr
1000a6c6:	46c0      	nop			@ (mov r8, r8)
1000a6c8:	4000e000 	.word	0x4000e000
1000a6cc:	4000f000 	.word	0x4000f000
1000a6d0:	4000c008 	.word	0x4000c008
1000a6d4:	4004c000 	.word	0x4004c000

1000a6d8 <strlen>:
1000a6d8:	b510      	push	{r4, lr}
1000a6da:	0783      	lsls	r3, r0, #30
1000a6dc:	d00a      	beq.n	1000a6f4 <strlen+0x1c>
1000a6de:	0003      	movs	r3, r0
1000a6e0:	2103      	movs	r1, #3
1000a6e2:	e002      	b.n	1000a6ea <strlen+0x12>
1000a6e4:	3301      	adds	r3, #1
1000a6e6:	420b      	tst	r3, r1
1000a6e8:	d005      	beq.n	1000a6f6 <strlen+0x1e>
1000a6ea:	781a      	ldrb	r2, [r3, #0]
1000a6ec:	2a00      	cmp	r2, #0
1000a6ee:	d1f9      	bne.n	1000a6e4 <strlen+0xc>
1000a6f0:	1a18      	subs	r0, r3, r0
1000a6f2:	bd10      	pop	{r4, pc}
1000a6f4:	0003      	movs	r3, r0
1000a6f6:	6819      	ldr	r1, [r3, #0]
1000a6f8:	4a0c      	ldr	r2, [pc, #48]	@ (1000a72c <strlen+0x54>)
1000a6fa:	4c0d      	ldr	r4, [pc, #52]	@ (1000a730 <strlen+0x58>)
1000a6fc:	188a      	adds	r2, r1, r2
1000a6fe:	438a      	bics	r2, r1
1000a700:	4222      	tst	r2, r4
1000a702:	d10f      	bne.n	1000a724 <strlen+0x4c>
1000a704:	6859      	ldr	r1, [r3, #4]
1000a706:	4a09      	ldr	r2, [pc, #36]	@ (1000a72c <strlen+0x54>)
1000a708:	3304      	adds	r3, #4
1000a70a:	188a      	adds	r2, r1, r2
1000a70c:	438a      	bics	r2, r1
1000a70e:	4222      	tst	r2, r4
1000a710:	d108      	bne.n	1000a724 <strlen+0x4c>
1000a712:	6859      	ldr	r1, [r3, #4]
1000a714:	4a05      	ldr	r2, [pc, #20]	@ (1000a72c <strlen+0x54>)
1000a716:	3304      	adds	r3, #4
1000a718:	188a      	adds	r2, r1, r2
1000a71a:	438a      	bics	r2, r1
1000a71c:	4222      	tst	r2, r4
1000a71e:	d0f1      	beq.n	1000a704 <strlen+0x2c>
1000a720:	e000      	b.n	1000a724 <strlen+0x4c>
1000a722:	3301      	adds	r3, #1
1000a724:	781a      	ldrb	r2, [r3, #0]
1000a726:	2a00      	cmp	r2, #0
1000a728:	d1fb      	bne.n	1000a722 <strlen+0x4a>
1000a72a:	e7e1      	b.n	1000a6f0 <strlen+0x18>
1000a72c:	fefefeff 	.word	0xfefefeff
1000a730:	80808080 	.word	0x80808080

1000a734 <__libc_fini_array>:
1000a734:	b570      	push	{r4, r5, r6, lr}
1000a736:	4c07      	ldr	r4, [pc, #28]	@ (1000a754 <__libc_fini_array+0x20>)
1000a738:	4d07      	ldr	r5, [pc, #28]	@ (1000a758 <__libc_fini_array+0x24>)
1000a73a:	1b64      	subs	r4, r4, r5
1000a73c:	10a4      	asrs	r4, r4, #2
1000a73e:	d005      	beq.n	1000a74c <__libc_fini_array+0x18>
1000a740:	3c01      	subs	r4, #1
1000a742:	00a3      	lsls	r3, r4, #2
1000a744:	58eb      	ldr	r3, [r5, r3]
1000a746:	4798      	blx	r3
1000a748:	2c00      	cmp	r4, #0
1000a74a:	d1f9      	bne.n	1000a740 <__libc_fini_array+0xc>
1000a74c:	f000 f8e8 	bl	1000a920 <_fini>
1000a750:	bd70      	pop	{r4, r5, r6, pc}
1000a752:	46c0      	nop			@ (mov r8, r8)
1000a754:	1000aa80 	.word	0x1000aa80
1000a758:	1000aa80 	.word	0x1000aa80

1000a75c <strncmp>:
1000a75c:	b530      	push	{r4, r5, lr}
1000a75e:	2a00      	cmp	r2, #0
1000a760:	d026      	beq.n	1000a7b0 <strncmp+0x54>
1000a762:	0003      	movs	r3, r0
1000a764:	430b      	orrs	r3, r1
1000a766:	079b      	lsls	r3, r3, #30
1000a768:	d124      	bne.n	1000a7b4 <strncmp+0x58>
1000a76a:	2a03      	cmp	r2, #3
1000a76c:	d922      	bls.n	1000a7b4 <strncmp+0x58>
1000a76e:	4d16      	ldr	r5, [pc, #88]	@ (1000a7c8 <strncmp+0x6c>)
1000a770:	e00b      	b.n	1000a78a <strncmp+0x2e>
1000a772:	3a04      	subs	r2, #4
1000a774:	2a00      	cmp	r2, #0
1000a776:	d01b      	beq.n	1000a7b0 <strncmp+0x54>
1000a778:	4c14      	ldr	r4, [pc, #80]	@ (1000a7cc <strncmp+0x70>)
1000a77a:	191c      	adds	r4, r3, r4
1000a77c:	439c      	bics	r4, r3
1000a77e:	422c      	tst	r4, r5
1000a780:	d116      	bne.n	1000a7b0 <strncmp+0x54>
1000a782:	3004      	adds	r0, #4
1000a784:	3104      	adds	r1, #4
1000a786:	2a03      	cmp	r2, #3
1000a788:	d914      	bls.n	1000a7b4 <strncmp+0x58>
1000a78a:	6803      	ldr	r3, [r0, #0]
1000a78c:	680c      	ldr	r4, [r1, #0]
1000a78e:	42a3      	cmp	r3, r4
1000a790:	d0ef      	beq.n	1000a772 <strncmp+0x16>
1000a792:	7804      	ldrb	r4, [r0, #0]
1000a794:	780d      	ldrb	r5, [r1, #0]
1000a796:	42a5      	cmp	r5, r4
1000a798:	d113      	bne.n	1000a7c2 <strncmp+0x66>
1000a79a:	2301      	movs	r3, #1
1000a79c:	e006      	b.n	1000a7ac <strncmp+0x50>
1000a79e:	5cc4      	ldrb	r4, [r0, r3]
1000a7a0:	5ccd      	ldrb	r5, [r1, r3]
1000a7a2:	42ac      	cmp	r4, r5
1000a7a4:	d10d      	bne.n	1000a7c2 <strncmp+0x66>
1000a7a6:	3301      	adds	r3, #1
1000a7a8:	429a      	cmp	r2, r3
1000a7aa:	d001      	beq.n	1000a7b0 <strncmp+0x54>
1000a7ac:	2c00      	cmp	r4, #0
1000a7ae:	d1f6      	bne.n	1000a79e <strncmp+0x42>
1000a7b0:	2000      	movs	r0, #0
1000a7b2:	bd30      	pop	{r4, r5, pc}
1000a7b4:	7804      	ldrb	r4, [r0, #0]
1000a7b6:	780d      	ldrb	r5, [r1, #0]
1000a7b8:	42ac      	cmp	r4, r5
1000a7ba:	d102      	bne.n	1000a7c2 <strncmp+0x66>
1000a7bc:	2a01      	cmp	r2, #1
1000a7be:	d1ec      	bne.n	1000a79a <strncmp+0x3e>
1000a7c0:	e7f6      	b.n	1000a7b0 <strncmp+0x54>
1000a7c2:	1b60      	subs	r0, r4, r5
1000a7c4:	e7f5      	b.n	1000a7b2 <strncmp+0x56>
1000a7c6:	46c0      	nop			@ (mov r8, r8)
1000a7c8:	80808080 	.word	0x80808080
1000a7cc:	fefefeff 	.word	0xfefefeff

1000a7d0 <memmove>:
1000a7d0:	b5f0      	push	{r4, r5, r6, r7, lr}
1000a7d2:	4288      	cmp	r0, r1
1000a7d4:	d90a      	bls.n	1000a7ec <memmove+0x1c>
1000a7d6:	188b      	adds	r3, r1, r2
1000a7d8:	4298      	cmp	r0, r3
1000a7da:	d207      	bcs.n	1000a7ec <memmove+0x1c>
1000a7dc:	1e53      	subs	r3, r2, #1
1000a7de:	2a00      	cmp	r2, #0
1000a7e0:	d003      	beq.n	1000a7ea <memmove+0x1a>
1000a7e2:	5cca      	ldrb	r2, [r1, r3]
1000a7e4:	54c2      	strb	r2, [r0, r3]
1000a7e6:	3b01      	subs	r3, #1
1000a7e8:	d2fb      	bcs.n	1000a7e2 <memmove+0x12>
1000a7ea:	bdf0      	pop	{r4, r5, r6, r7, pc}
1000a7ec:	0005      	movs	r5, r0
1000a7ee:	2a0f      	cmp	r2, #15
1000a7f0:	d80a      	bhi.n	1000a808 <memmove+0x38>
1000a7f2:	1e56      	subs	r6, r2, #1
1000a7f4:	2a00      	cmp	r2, #0
1000a7f6:	d0f8      	beq.n	1000a7ea <memmove+0x1a>
1000a7f8:	2300      	movs	r3, #0
1000a7fa:	5ccc      	ldrb	r4, [r1, r3]
1000a7fc:	001a      	movs	r2, r3
1000a7fe:	54ec      	strb	r4, [r5, r3]
1000a800:	3301      	adds	r3, #1
1000a802:	4296      	cmp	r6, r2
1000a804:	d1f9      	bne.n	1000a7fa <memmove+0x2a>
1000a806:	e7f0      	b.n	1000a7ea <memmove+0x1a>
1000a808:	2703      	movs	r7, #3
1000a80a:	003e      	movs	r6, r7
1000a80c:	430d      	orrs	r5, r1
1000a80e:	000c      	movs	r4, r1
1000a810:	0003      	movs	r3, r0
1000a812:	402e      	ands	r6, r5
1000a814:	422f      	tst	r7, r5
1000a816:	d12d      	bne.n	1000a874 <memmove+0xa4>
1000a818:	0015      	movs	r5, r2
1000a81a:	3d10      	subs	r5, #16
1000a81c:	092d      	lsrs	r5, r5, #4
1000a81e:	46ac      	mov	ip, r5
1000a820:	012f      	lsls	r7, r5, #4
1000a822:	183f      	adds	r7, r7, r0
1000a824:	6825      	ldr	r5, [r4, #0]
1000a826:	601d      	str	r5, [r3, #0]
1000a828:	6865      	ldr	r5, [r4, #4]
1000a82a:	605d      	str	r5, [r3, #4]
1000a82c:	68a5      	ldr	r5, [r4, #8]
1000a82e:	609d      	str	r5, [r3, #8]
1000a830:	68e5      	ldr	r5, [r4, #12]
1000a832:	3410      	adds	r4, #16
1000a834:	60dd      	str	r5, [r3, #12]
1000a836:	001d      	movs	r5, r3
1000a838:	3310      	adds	r3, #16
1000a83a:	42bd      	cmp	r5, r7
1000a83c:	d1f2      	bne.n	1000a824 <memmove+0x54>
1000a83e:	4665      	mov	r5, ip
1000a840:	230f      	movs	r3, #15
1000a842:	240c      	movs	r4, #12
1000a844:	3501      	adds	r5, #1
1000a846:	012d      	lsls	r5, r5, #4
1000a848:	1949      	adds	r1, r1, r5
1000a84a:	4013      	ands	r3, r2
1000a84c:	1945      	adds	r5, r0, r5
1000a84e:	4214      	tst	r4, r2
1000a850:	d013      	beq.n	1000a87a <memmove+0xaa>
1000a852:	3b04      	subs	r3, #4
1000a854:	089b      	lsrs	r3, r3, #2
1000a856:	3301      	adds	r3, #1
1000a858:	009b      	lsls	r3, r3, #2
1000a85a:	598c      	ldr	r4, [r1, r6]
1000a85c:	51ac      	str	r4, [r5, r6]
1000a85e:	3604      	adds	r6, #4
1000a860:	429e      	cmp	r6, r3
1000a862:	d1fa      	bne.n	1000a85a <memmove+0x8a>
1000a864:	2303      	movs	r3, #3
1000a866:	401a      	ands	r2, r3
1000a868:	19ad      	adds	r5, r5, r6
1000a86a:	1989      	adds	r1, r1, r6
1000a86c:	1e56      	subs	r6, r2, #1
1000a86e:	2a00      	cmp	r2, #0
1000a870:	d1c2      	bne.n	1000a7f8 <memmove+0x28>
1000a872:	e7ba      	b.n	1000a7ea <memmove+0x1a>
1000a874:	0005      	movs	r5, r0
1000a876:	1e56      	subs	r6, r2, #1
1000a878:	e7be      	b.n	1000a7f8 <memmove+0x28>
1000a87a:	001a      	movs	r2, r3
1000a87c:	e7b9      	b.n	1000a7f2 <memmove+0x22>
1000a87e:	46c0      	nop			@ (mov r8, r8)

1000a880 <atexit>:
1000a880:	b510      	push	{r4, lr}
1000a882:	0001      	movs	r1, r0
1000a884:	2300      	movs	r3, #0
1000a886:	2200      	movs	r2, #0
1000a888:	2000      	movs	r0, #0
1000a88a:	f000 f801 	bl	1000a890 <__register_exitproc>
1000a88e:	bd10      	pop	{r4, pc}

1000a890 <__register_exitproc>:
1000a890:	b5f0      	push	{r4, r5, r6, r7, lr}
1000a892:	46c6      	mov	lr, r8
1000a894:	4c1a      	ldr	r4, [pc, #104]	@ (1000a900 <__register_exitproc+0x70>)
1000a896:	b500      	push	{lr}
1000a898:	6825      	ldr	r5, [r4, #0]
1000a89a:	2d00      	cmp	r5, #0
1000a89c:	d02a      	beq.n	1000a8f4 <__register_exitproc+0x64>
1000a89e:	686c      	ldr	r4, [r5, #4]
1000a8a0:	2c1f      	cmp	r4, #31
1000a8a2:	dc2a      	bgt.n	1000a8fa <__register_exitproc+0x6a>
1000a8a4:	2800      	cmp	r0, #0
1000a8a6:	d108      	bne.n	1000a8ba <__register_exitproc+0x2a>
1000a8a8:	2000      	movs	r0, #0
1000a8aa:	1c63      	adds	r3, r4, #1
1000a8ac:	3402      	adds	r4, #2
1000a8ae:	00a4      	lsls	r4, r4, #2
1000a8b0:	606b      	str	r3, [r5, #4]
1000a8b2:	5161      	str	r1, [r4, r5]
1000a8b4:	bc80      	pop	{r7}
1000a8b6:	46b8      	mov	r8, r7
1000a8b8:	bdf0      	pop	{r4, r5, r6, r7, pc}
1000a8ba:	2788      	movs	r7, #136	@ 0x88
1000a8bc:	00a6      	lsls	r6, r4, #2
1000a8be:	19ae      	adds	r6, r5, r6
1000a8c0:	51f2      	str	r2, [r6, r7]
1000a8c2:	3701      	adds	r7, #1
1000a8c4:	37ff      	adds	r7, #255	@ 0xff
1000a8c6:	46bc      	mov	ip, r7
1000a8c8:	2201      	movs	r2, #1
1000a8ca:	44ac      	add	ip, r5
1000a8cc:	4667      	mov	r7, ip
1000a8ce:	40a2      	lsls	r2, r4
1000a8d0:	683f      	ldr	r7, [r7, #0]
1000a8d2:	4690      	mov	r8, r2
1000a8d4:	4317      	orrs	r7, r2
1000a8d6:	4662      	mov	r2, ip
1000a8d8:	6017      	str	r7, [r2, #0]
1000a8da:	2784      	movs	r7, #132	@ 0x84
1000a8dc:	007f      	lsls	r7, r7, #1
1000a8de:	51f3      	str	r3, [r6, r7]
1000a8e0:	2802      	cmp	r0, #2
1000a8e2:	d1e1      	bne.n	1000a8a8 <__register_exitproc+0x18>
1000a8e4:	0028      	movs	r0, r5
1000a8e6:	4642      	mov	r2, r8
1000a8e8:	308d      	adds	r0, #141	@ 0x8d
1000a8ea:	30ff      	adds	r0, #255	@ 0xff
1000a8ec:	6803      	ldr	r3, [r0, #0]
1000a8ee:	4313      	orrs	r3, r2
1000a8f0:	6003      	str	r3, [r0, #0]
1000a8f2:	e7d9      	b.n	1000a8a8 <__register_exitproc+0x18>
1000a8f4:	4d03      	ldr	r5, [pc, #12]	@ (1000a904 <__register_exitproc+0x74>)
1000a8f6:	6025      	str	r5, [r4, #0]
1000a8f8:	e7d1      	b.n	1000a89e <__register_exitproc+0xe>
1000a8fa:	2001      	movs	r0, #1
1000a8fc:	4240      	negs	r0, r0
1000a8fe:	e7d9      	b.n	1000a8b4 <__register_exitproc+0x24>
1000a900:	200016e4 	.word	0x200016e4
1000a904:	20001554 	.word	0x20001554

1000a908 <register_fini>:
1000a908:	4b03      	ldr	r3, [pc, #12]	@ (1000a918 <register_fini+0x10>)
1000a90a:	b510      	push	{r4, lr}
1000a90c:	2b00      	cmp	r3, #0
1000a90e:	d002      	beq.n	1000a916 <register_fini+0xe>
1000a910:	4802      	ldr	r0, [pc, #8]	@ (1000a91c <register_fini+0x14>)
1000a912:	f7ff ffb5 	bl	1000a880 <atexit>
1000a916:	bd10      	pop	{r4, pc}
1000a918:	00000000 	.word	0x00000000
1000a91c:	1000a735 	.word	0x1000a735

1000a920 <_fini>:
1000a920:	b5f8      	push	{r3, r4, r5, r6, r7, lr}
1000a922:	46c0      	nop			@ (mov r8, r8)
1000a924:	0000      	movs	r0, r0
	...

1000a928 <__sem_release_veneer>:
1000a928:	b401      	push	{r0}
1000a92a:	4802      	ldr	r0, [pc, #8]	@ (1000a934 <__sem_release_veneer+0xc>)
1000a92c:	4684      	mov	ip, r0
1000a92e:	bc01      	pop	{r0}
1000a930:	4760      	bx	ip
1000a932:	bf00      	nop
1000a934:	20000129 	.word	0x20000129

1000a938 <__e15_is_critical_frame_period_veneer>:
1000a938:	b401      	push	{r0}
1000a93a:	4802      	ldr	r0, [pc, #8]	@ (1000a944 <__e15_is_critical_frame_period_veneer+0xc>)
1000a93c:	4684      	mov	ip, r0
1000a93e:	bc01      	pop	{r0}
1000a940:	4760      	bx	ip
1000a942:	bf00      	nop
1000a944:	20000dd5 	.word	0x20000dd5

1000a948 <__flash_do_cmd_veneer>:
1000a948:	b401      	push	{r0}
1000a94a:	4802      	ldr	r0, [pc, #8]	@ (1000a954 <__flash_do_cmd_veneer+0xc>)
1000a94c:	4684      	mov	ip, r0
1000a94e:	bc01      	pop	{r0}
1000a950:	4760      	bx	ip
1000a952:	bf00      	nop
1000a954:	20000495 	.word	0x20000495

1000a958 <__mutex_exit_veneer>:
1000a958:	b401      	push	{r0}
1000a95a:	4802      	ldr	r0, [pc, #8]	@ (1000a964 <__mutex_exit_veneer+0xc>)
1000a95c:	4684      	mov	ip, r0
1000a95e:	bc01      	pop	{r0}
1000a960:	4760      	bx	ip
1000a962:	bf00      	nop
1000a964:	20000375 	.word	0x20000375

1000a968 <____aeabi_ldiv0_veneer>:
1000a968:	b401      	push	{r0}
1000a96a:	4802      	ldr	r0, [pc, #8]	@ (1000a974 <____aeabi_ldiv0_veneer+0xc>)
1000a96c:	4684      	mov	ip, r0
1000a96e:	bc01      	pop	{r0}
1000a970:	4760      	bx	ip
1000a972:	bf00      	nop
1000a974:	200010f1 	.word	0x200010f1

1000a978 <__recursive_mutex_try_enter_veneer>:
1000a978:	b401      	push	{r0}
1000a97a:	4802      	ldr	r0, [pc, #8]	@ (1000a984 <__recursive_mutex_try_enter_veneer+0xc>)
1000a97c:	4684      	mov	ip, r0
1000a97e:	bc01      	pop	{r0}
1000a980:	4760      	bx	ip
1000a982:	bf00      	nop
1000a984:	20000299 	.word	0x20000299

1000a988 <____aeabi_idiv0_veneer>:
1000a988:	b401      	push	{r0}
1000a98a:	4802      	ldr	r0, [pc, #8]	@ (1000a994 <____aeabi_idiv0_veneer+0xc>)
1000a98c:	4684      	mov	ip, r0
1000a98e:	bc01      	pop	{r0}
1000a990:	4760      	bx	ip
1000a992:	bf00      	nop
1000a994:	200010f1 	.word	0x200010f1

1000a998 <__recursive_mutex_enter_blocking_veneer>:
1000a998:	b401      	push	{r0}
1000a99a:	4802      	ldr	r0, [pc, #8]	@ (1000a9a4 <__recursive_mutex_enter_blocking_veneer+0xc>)
1000a99c:	4684      	mov	ip, r0
1000a99e:	bc01      	pop	{r0}
1000a9a0:	4760      	bx	ip
1000a9a2:	bf00      	nop
1000a9a4:	20000171 	.word	0x20000171

1000a9a8 <__mutex_try_enter_veneer>:
1000a9a8:	b401      	push	{r0}
1000a9aa:	4802      	ldr	r0, [pc, #8]	@ (1000a9b4 <__mutex_try_enter_veneer+0xc>)
1000a9ac:	4684      	mov	ip, r0
1000a9ae:	bc01      	pop	{r0}
1000a9b0:	4760      	bx	ip
1000a9b2:	bf00      	nop
1000a9b4:	200001c1 	.word	0x200001c1

1000a9b8 <__mutex_enter_timeout_ms_veneer>:
1000a9b8:	b401      	push	{r0}
1000a9ba:	4802      	ldr	r0, [pc, #8]	@ (1000a9c4 <__mutex_enter_timeout_ms_veneer+0xc>)
1000a9bc:	4684      	mov	ip, r0
1000a9be:	bc01      	pop	{r0}
1000a9c0:	4760      	bx	ip
1000a9c2:	bf00      	nop
1000a9c4:	200002e9 	.word	0x200002e9

1000a9c8 <__mutex_try_enter_block_until_veneer>:
1000a9c8:	b401      	push	{r0}
1000a9ca:	4802      	ldr	r0, [pc, #8]	@ (1000a9d4 <__mutex_try_enter_block_until_veneer+0xc>)
1000a9cc:	4684      	mov	ip, r0
1000a9ce:	bc01      	pop	{r0}
1000a9d0:	4760      	bx	ip
1000a9d2:	bf00      	nop
1000a9d4:	20000201 	.word	0x20000201

1000a9d8 <__hw_endpoint_start_next_buffer_veneer>:
1000a9d8:	b401      	push	{r0}
1000a9da:	4802      	ldr	r0, [pc, #8]	@ (1000a9e4 <__hw_endpoint_start_next_buffer_veneer+0xc>)
1000a9dc:	4684      	mov	ip, r0
1000a9de:	bc01      	pop	{r0}
1000a9e0:	4760      	bx	ip
1000a9e2:	bf00      	nop
1000a9e4:	20000e65 	.word	0x20000e65

1000a9e8 <__recursive_mutex_exit_veneer>:
1000a9e8:	b401      	push	{r0}
1000a9ea:	4802      	ldr	r0, [pc, #8]	@ (1000a9f4 <__recursive_mutex_exit_veneer+0xc>)
1000a9ec:	4684      	mov	ip, r0
1000a9ee:	bc01      	pop	{r0}
1000a9f0:	4760      	bx	ip
1000a9f2:	bf00      	nop
1000a9f4:	2000039d 	.word	0x2000039d

1000a9f8 <__reset_non_control_endpoints_veneer>:
1000a9f8:	b401      	push	{r0}
1000a9fa:	4802      	ldr	r0, [pc, #8]	@ (1000aa04 <__reset_non_control_endpoints_veneer+0xc>)
1000a9fc:	4684      	mov	ip, r0
1000a9fe:	bc01      	pop	{r0}
1000aa00:	4760      	bx	ip
1000aa02:	bf00      	nop
1000aa04:	200005d1 	.word	0x200005d1

1000aa08 <___hw_endpoint_buffer_control_update32_veneer>:
1000aa08:	b401      	push	{r0}
1000aa0a:	4802      	ldr	r0, [pc, #8]	@ (1000aa14 <___hw_endpoint_buffer_control_update32_veneer+0xc>)
1000aa0c:	4684      	mov	ip, r0
1000aa0e:	bc01      	pop	{r0}
1000aa10:	4760      	bx	ip
1000aa12:	bf00      	nop
1000aa14:	20000e15 	.word	0x20000e15

1000aa18 <__e15_is_bulkin_ep_veneer>:
1000aa18:	b401      	push	{r0}
1000aa1a:	4802      	ldr	r0, [pc, #8]	@ (1000aa24 <__e15_is_bulkin_ep_veneer+0xc>)
1000aa1c:	4684      	mov	ip, r0
1000aa1e:	bc01      	pop	{r0}
1000aa20:	4760      	bx	ip
1000aa22:	bf00      	nop
1000aa24:	20000dad 	.word	0x20000dad

1000aa28 <__sem_acquire_block_until_veneer>:
1000aa28:	b401      	push	{r0}
1000aa2a:	4802      	ldr	r0, [pc, #8]	@ (1000aa34 <__sem_acquire_block_until_veneer+0xc>)
1000aa2c:	4684      	mov	ip, r0
1000aa2e:	bc01      	pop	{r0}
1000aa30:	4760      	bx	ip
1000aa32:	bf00      	nop
1000aa34:	200000c1 	.word	0x200000c1

1000aa38 <__pre_init_runtime_init_early_resets>:
1000aa38:	10001b4d                                M...

1000aa3c <__pre_init_runtime_init_usb_power_down>:
1000aa3c:	10001b79 10001d5d 10002655 100023f1     y...]...U&...#..
1000aa4c:	100025f9                                .%..

1000aa50 <__pre_init_runtime_init_clocks>:
1000aa50:	10001c85                                ....

1000aa54 <__pre_init_runtime_init_post_clock_resets>:
1000aa54:	10001b95                                ....

1000aa58 <__pre_init_runtime_init_rp2040_gpio_ie_disable>:
1000aa58:	10001bb5                                ....

1000aa5c <__pre_init_runtime_init_spin_locks_reset>:
1000aa5c:	10001bc9                                ....

1000aa60 <__pre_init_runtime_init_mutex>:
1000aa60:	10000d39                                9...

1000aa64 <__pre_init_runtime_init_install_ram_vector_table>:
1000aa64:	10001bd1                                ....

1000aa68 <__pre_init_runtime_init_default_alarm_pool>:
1000aa68:	10001121                                !...

1000aa6c <__pre_init_first_per_core_initializer>:
1000aa6c:	10001b15                                ....

1000aa70 <__pre_init_runtime_init_per_core_irq_priorities>:
1000aa70:	1000073d                                =...

1000aa74 <__init_array_start>:
1000aa74:	1000a909 	.word	0x1000a909
1000aa78:	10004951 	.word	0x10004951

1000aa7c <__frame_dummy_init_array_entry>:
1000aa7c:	100002fd                                ....

Disassembly of section .data:

200000c0 <sem_acquire_block_until>:
200000c0:	b5f8      	push	{r3, r4, r5, r6, r7, lr}
200000c2:	4647      	mov	r7, r8
200000c4:	46ce      	mov	lr, r9
200000c6:	b580      	push	{r7, lr}
200000c8:	001f      	movs	r7, r3
200000ca:	2300      	movs	r3, #0
200000cc:	0004      	movs	r4, r0
200000ce:	4690      	mov	r8, r2
200000d0:	4699      	mov	r9, r3
200000d2:	e00b      	b.n	200000ec <sem_acquire_block_until+0x2c>
200000d4:	f3bf 8f5f 	dmb	sy
200000d8:	464a      	mov	r2, r9
200000da:	601a      	str	r2, [r3, #0]
200000dc:	f38c 8810 	msr	PRIMASK, ip
200000e0:	4640      	mov	r0, r8
200000e2:	0039      	movs	r1, r7
200000e4:	f001 f818 	bl	20001118 <__best_effort_wfe_or_timeout_veneer>
200000e8:	2800      	cmp	r0, #0
200000ea:	d11a      	bne.n	20000122 <sem_acquire_block_until+0x62>
200000ec:	6826      	ldr	r6, [r4, #0]
200000ee:	f3ef 8c10 	mrs	ip, PRIMASK
200000f2:	b672      	cpsid	i
200000f4:	6835      	ldr	r5, [r6, #0]
200000f6:	2d00      	cmp	r5, #0
200000f8:	d0fc      	beq.n	200000f4 <sem_acquire_block_until+0x34>
200000fa:	f3bf 8f5f 	dmb	sy
200000fe:	2304      	movs	r3, #4
20000100:	5ee5      	ldrsh	r5, [r4, r3]
20000102:	6823      	ldr	r3, [r4, #0]
20000104:	2d00      	cmp	r5, #0
20000106:	dde5      	ble.n	200000d4 <sem_acquire_block_until+0x14>
20000108:	3d01      	subs	r5, #1
2000010a:	80a5      	strh	r5, [r4, #4]
2000010c:	f3bf 8f5f 	dmb	sy
20000110:	2200      	movs	r2, #0
20000112:	601a      	str	r2, [r3, #0]
20000114:	f38c 8810 	msr	PRIMASK, ip
20000118:	2001      	movs	r0, #1
2000011a:	bcc0      	pop	{r6, r7}
2000011c:	46b9      	mov	r9, r7
2000011e:	46b0      	mov	r8, r6
20000120:	bdf8      	pop	{r3, r4, r5, r6, r7, pc}
20000122:	2000      	movs	r0, #0
20000124:	e7f9      	b.n	2000011a <sem_acquire_block_until+0x5a>
20000126:	46c0      	nop			@ (mov r8, r8)

20000128 <sem_release>:
20000128:	b530      	push	{r4, r5, lr}
2000012a:	6802      	ldr	r2, [r0, #0]
2000012c:	f3ef 8110 	mrs	r1, PRIMASK
20000130:	b672      	cpsid	i
20000132:	6813      	ldr	r3, [r2, #0]
20000134:	2b00      	cmp	r3, #0
20000136:	d0fc      	beq.n	20000132 <sem_release+0xa>
20000138:	f3bf 8f5f 	dmb	sy
2000013c:	2204      	movs	r2, #4
2000013e:	5e83      	ldrsh	r3, [r0, r2]
20000140:	2506      	movs	r5, #6
20000142:	5f44      	ldrsh	r4, [r0, r5]
20000144:	6802      	ldr	r2, [r0, #0]
20000146:	429c      	cmp	r4, r3
20000148:	dd0a      	ble.n	20000160 <sem_release+0x38>
2000014a:	3301      	adds	r3, #1
2000014c:	8083      	strh	r3, [r0, #4]
2000014e:	f3bf 8f5f 	dmb	sy
20000152:	2300      	movs	r3, #0
20000154:	6013      	str	r3, [r2, #0]
20000156:	f381 8810 	msr	PRIMASK, r1
2000015a:	bf40      	sev
2000015c:	2001      	movs	r0, #1
2000015e:	bd30      	pop	{r4, r5, pc}
20000160:	f3bf 8f5f 	dmb	sy
20000164:	2300      	movs	r3, #0
20000166:	6013      	str	r3, [r2, #0]
20000168:	f381 8810 	msr	PRIMASK, r1
2000016c:	2000      	movs	r0, #0
2000016e:	e7f6      	b.n	2000015e <sem_release+0x36>

20000170 <recursive_mutex_enter_blocking>:
20000170:	23d0      	movs	r3, #208	@ 0xd0
20000172:	b530      	push	{r4, r5, lr}
20000174:	2400      	movs	r4, #0
20000176:	061b      	lsls	r3, r3, #24
20000178:	2500      	movs	r5, #0
2000017a:	571c      	ldrsb	r4, [r3, r4]
2000017c:	e007      	b.n	2000018e <recursive_mutex_enter_blocking+0x1e>
2000017e:	2b00      	cmp	r3, #0
20000180:	db13      	blt.n	200001aa <recursive_mutex_enter_blocking+0x3a>
20000182:	f3bf 8f5f 	dmb	sy
20000186:	6015      	str	r5, [r2, #0]
20000188:	f381 8810 	msr	PRIMASK, r1
2000018c:	bf20      	wfe
2000018e:	6802      	ldr	r2, [r0, #0]
20000190:	f3ef 8110 	mrs	r1, PRIMASK
20000194:	b672      	cpsid	i
20000196:	6813      	ldr	r3, [r2, #0]
20000198:	2b00      	cmp	r3, #0
2000019a:	d0fc      	beq.n	20000196 <recursive_mutex_enter_blocking+0x26>
2000019c:	f3bf 8f5f 	dmb	sy
200001a0:	2304      	movs	r3, #4
200001a2:	56c3      	ldrsb	r3, [r0, r3]
200001a4:	6802      	ldr	r2, [r0, #0]
200001a6:	42a3      	cmp	r3, r4
200001a8:	d1e9      	bne.n	2000017e <recursive_mutex_enter_blocking+0xe>
200001aa:	7943      	ldrb	r3, [r0, #5]
200001ac:	7104      	strb	r4, [r0, #4]
200001ae:	3301      	adds	r3, #1
200001b0:	7143      	strb	r3, [r0, #5]
200001b2:	f3bf 8f5f 	dmb	sy
200001b6:	2300      	movs	r3, #0
200001b8:	6013      	str	r3, [r2, #0]
200001ba:	f381 8810 	msr	PRIMASK, r1
200001be:	bd30      	pop	{r4, r5, pc}

200001c0 <mutex_try_enter>:
200001c0:	0003      	movs	r3, r0
200001c2:	6800      	ldr	r0, [r0, #0]
200001c4:	f3ef 8c10 	mrs	ip, PRIMASK
200001c8:	b672      	cpsid	i
200001ca:	6802      	ldr	r2, [r0, #0]
200001cc:	2a00      	cmp	r2, #0
200001ce:	d0fc      	beq.n	200001ca <mutex_try_enter+0xa>
200001d0:	f3bf 8f5f 	dmb	sy
200001d4:	2204      	movs	r2, #4
200001d6:	569a      	ldrsb	r2, [r3, r2]
200001d8:	2a00      	cmp	r2, #0
200001da:	db0b      	blt.n	200001f4 <mutex_try_enter+0x34>
200001dc:	2900      	cmp	r1, #0
200001de:	d000      	beq.n	200001e2 <mutex_try_enter+0x22>
200001e0:	600a      	str	r2, [r1, #0]
200001e2:	2000      	movs	r0, #0
200001e4:	681b      	ldr	r3, [r3, #0]
200001e6:	f3bf 8f5f 	dmb	sy
200001ea:	2200      	movs	r2, #0
200001ec:	601a      	str	r2, [r3, #0]
200001ee:	f38c 8810 	msr	PRIMASK, ip
200001f2:	4770      	bx	lr
200001f4:	22d0      	movs	r2, #208	@ 0xd0
200001f6:	0612      	lsls	r2, r2, #24
200001f8:	6812      	ldr	r2, [r2, #0]
200001fa:	2001      	movs	r0, #1
200001fc:	711a      	strb	r2, [r3, #4]
200001fe:	e7f1      	b.n	200001e4 <mutex_try_enter+0x24>

20000200 <mutex_try_enter_block_until>:
20000200:	b5f0      	push	{r4, r5, r6, r7, lr}
20000202:	46c6      	mov	lr, r8
20000204:	0015      	movs	r5, r2
20000206:	b500      	push	{lr}
20000208:	0004      	movs	r4, r0
2000020a:	001e      	movs	r6, r3
2000020c:	6802      	ldr	r2, [r0, #0]
2000020e:	f3ef 8110 	mrs	r1, PRIMASK
20000212:	b672      	cpsid	i
20000214:	6813      	ldr	r3, [r2, #0]
20000216:	2b00      	cmp	r3, #0
20000218:	d0fc      	beq.n	20000214 <mutex_try_enter_block_until+0x14>
2000021a:	f3bf 8f5f 	dmb	sy
2000021e:	2304      	movs	r3, #4
20000220:	56e3      	ldrsb	r3, [r4, r3]
20000222:	6822      	ldr	r2, [r4, #0]
20000224:	2b00      	cmp	r3, #0
20000226:	db2b      	blt.n	20000280 <mutex_try_enter_block_until+0x80>
20000228:	f3bf 8f5f 	dmb	sy
2000022c:	2000      	movs	r0, #0
2000022e:	6010      	str	r0, [r2, #0]
20000230:	f381 8810 	msr	PRIMASK, r1
20000234:	22d0      	movs	r2, #208	@ 0xd0
20000236:	0612      	lsls	r2, r2, #24
20000238:	7812      	ldrb	r2, [r2, #0]
2000023a:	2700      	movs	r7, #0
2000023c:	b252      	sxtb	r2, r2
2000023e:	4690      	mov	r8, r2
20000240:	429a      	cmp	r2, r3
20000242:	d10e      	bne.n	20000262 <mutex_try_enter_block_until+0x62>
20000244:	2000      	movs	r0, #0
20000246:	bc80      	pop	{r7}
20000248:	46b8      	mov	r8, r7
2000024a:	bdf0      	pop	{r4, r5, r6, r7, pc}
2000024c:	f3bf 8f5f 	dmb	sy
20000250:	6017      	str	r7, [r2, #0]
20000252:	f381 8810 	msr	PRIMASK, r1
20000256:	0028      	movs	r0, r5
20000258:	0031      	movs	r1, r6
2000025a:	f000 ff5d 	bl	20001118 <__best_effort_wfe_or_timeout_veneer>
2000025e:	2800      	cmp	r0, #0
20000260:	d1f0      	bne.n	20000244 <mutex_try_enter_block_until+0x44>
20000262:	6822      	ldr	r2, [r4, #0]
20000264:	f3ef 8110 	mrs	r1, PRIMASK
20000268:	b672      	cpsid	i
2000026a:	6813      	ldr	r3, [r2, #0]
2000026c:	2b00      	cmp	r3, #0
2000026e:	d0fc      	beq.n	2000026a <mutex_try_enter_block_until+0x6a>
20000270:	f3bf 8f5f 	dmb	sy
20000274:	7923      	ldrb	r3, [r4, #4]
20000276:	6822      	ldr	r2, [r4, #0]
20000278:	2b7f      	cmp	r3, #127	@ 0x7f
2000027a:	d9e7      	bls.n	2000024c <mutex_try_enter_block_until+0x4c>
2000027c:	4643      	mov	r3, r8
2000027e:	e002      	b.n	20000286 <mutex_try_enter_block_until+0x86>
20000280:	23d0      	movs	r3, #208	@ 0xd0
20000282:	061b      	lsls	r3, r3, #24
20000284:	681b      	ldr	r3, [r3, #0]
20000286:	7123      	strb	r3, [r4, #4]
20000288:	f3bf 8f5f 	dmb	sy
2000028c:	2300      	movs	r3, #0
2000028e:	6013      	str	r3, [r2, #0]
20000290:	f381 8810 	msr	PRIMASK, r1
20000294:	2001      	movs	r0, #1
20000296:	e7d6      	b.n	20000246 <mutex_try_enter_block_until+0x46>

20000298 <recursive_mutex_try_enter>:
20000298:	22d0      	movs	r2, #208	@ 0xd0
2000029a:	0003      	movs	r3, r0
2000029c:	2000      	movs	r0, #0
2000029e:	0612      	lsls	r2, r2, #24
200002a0:	b510      	push	{r4, lr}
200002a2:	5610      	ldrsb	r0, [r2, r0]
200002a4:	681c      	ldr	r4, [r3, #0]
200002a6:	f3ef 8c10 	mrs	ip, PRIMASK
200002aa:	b672      	cpsid	i
200002ac:	6822      	ldr	r2, [r4, #0]
200002ae:	2a00      	cmp	r2, #0
200002b0:	d0fc      	beq.n	200002ac <recursive_mutex_try_enter+0x14>
200002b2:	f3bf 8f5f 	dmb	sy
200002b6:	2204      	movs	r2, #4
200002b8:	569a      	ldrsb	r2, [r3, r2]
200002ba:	2a00      	cmp	r2, #0
200002bc:	db06      	blt.n	200002cc <recursive_mutex_try_enter+0x34>
200002be:	4282      	cmp	r2, r0
200002c0:	d004      	beq.n	200002cc <recursive_mutex_try_enter+0x34>
200002c2:	2900      	cmp	r1, #0
200002c4:	d000      	beq.n	200002c8 <recursive_mutex_try_enter+0x30>
200002c6:	600a      	str	r2, [r1, #0]
200002c8:	2000      	movs	r0, #0
200002ca:	e004      	b.n	200002d6 <recursive_mutex_try_enter+0x3e>
200002cc:	7118      	strb	r0, [r3, #4]
200002ce:	2001      	movs	r0, #1
200002d0:	795a      	ldrb	r2, [r3, #5]
200002d2:	3201      	adds	r2, #1
200002d4:	715a      	strb	r2, [r3, #5]
200002d6:	681b      	ldr	r3, [r3, #0]
200002d8:	f3bf 8f5f 	dmb	sy
200002dc:	2200      	movs	r2, #0
200002de:	601a      	str	r2, [r3, #0]
200002e0:	f38c 8810 	msr	PRIMASK, ip
200002e4:	bd10      	pop	{r4, pc}
200002e6:	46c0      	nop			@ (mov r8, r8)

200002e8 <mutex_enter_timeout_ms>:
200002e8:	b5f0      	push	{r4, r5, r6, r7, lr}
200002ea:	46c6      	mov	lr, r8
200002ec:	b500      	push	{lr}
200002ee:	000d      	movs	r5, r1
200002f0:	0004      	movs	r4, r0
200002f2:	f000 ff29 	bl	20001148 <__time_us_64_veneer>
200002f6:	22fa      	movs	r2, #250	@ 0xfa
200002f8:	0006      	movs	r6, r0
200002fa:	000f      	movs	r7, r1
200002fc:	2300      	movs	r3, #0
200002fe:	0028      	movs	r0, r5
20000300:	2100      	movs	r1, #0
20000302:	0092      	lsls	r2, r2, #2
20000304:	f000 ff00 	bl	20001108 <____wrap___aeabi_lmul_veneer>
20000308:	1836      	adds	r6, r6, r0
2000030a:	414f      	adcs	r7, r1
2000030c:	2f00      	cmp	r7, #0
2000030e:	da02      	bge.n	20000316 <mutex_enter_timeout_ms+0x2e>
20000310:	2601      	movs	r6, #1
20000312:	4f17      	ldr	r7, [pc, #92]	@ (20000370 <mutex_enter_timeout_ms+0x88>)
20000314:	4276      	negs	r6, r6
20000316:	23d0      	movs	r3, #208	@ 0xd0
20000318:	061b      	lsls	r3, r3, #24
2000031a:	681b      	ldr	r3, [r3, #0]
2000031c:	2500      	movs	r5, #0
2000031e:	4698      	mov	r8, r3
20000320:	e00a      	b.n	20000338 <mutex_enter_timeout_ms+0x50>
20000322:	f3bf 8f5f 	dmb	sy
20000326:	6015      	str	r5, [r2, #0]
20000328:	f381 8810 	msr	PRIMASK, r1
2000032c:	0030      	movs	r0, r6
2000032e:	0039      	movs	r1, r7
20000330:	f000 fef2 	bl	20001118 <__best_effort_wfe_or_timeout_veneer>
20000334:	2800      	cmp	r0, #0
20000336:	d118      	bne.n	2000036a <mutex_enter_timeout_ms+0x82>
20000338:	6822      	ldr	r2, [r4, #0]
2000033a:	f3ef 8110 	mrs	r1, PRIMASK
2000033e:	b672      	cpsid	i
20000340:	6813      	ldr	r3, [r2, #0]
20000342:	2b00      	cmp	r3, #0
20000344:	d0fc      	beq.n	20000340 <mutex_enter_timeout_ms+0x58>
20000346:	f3bf 8f5f 	dmb	sy
2000034a:	7923      	ldrb	r3, [r4, #4]
2000034c:	6822      	ldr	r2, [r4, #0]
2000034e:	2b7f      	cmp	r3, #127	@ 0x7f
20000350:	d9e7      	bls.n	20000322 <mutex_enter_timeout_ms+0x3a>
20000352:	4643      	mov	r3, r8
20000354:	7123      	strb	r3, [r4, #4]
20000356:	f3bf 8f5f 	dmb	sy
2000035a:	2300      	movs	r3, #0
2000035c:	6013      	str	r3, [r2, #0]
2000035e:	f381 8810 	msr	PRIMASK, r1
20000362:	2001      	movs	r0, #1
20000364:	bc80      	pop	{r7}
20000366:	46b8      	mov	r8, r7
20000368:	bdf0      	pop	{r4, r5, r6, r7, pc}
2000036a:	2000      	movs	r0, #0
2000036c:	e7fa      	b.n	20000364 <mutex_enter_timeout_ms+0x7c>
2000036e:	46c0      	nop			@ (mov r8, r8)
20000370:	7fffffff 	.word	0x7fffffff

20000374 <mutex_exit>:
20000374:	6802      	ldr	r2, [r0, #0]
20000376:	f3ef 8110 	mrs	r1, PRIMASK
2000037a:	b672      	cpsid	i
2000037c:	6813      	ldr	r3, [r2, #0]
2000037e:	2b00      	cmp	r3, #0
20000380:	d0fc      	beq.n	2000037c <mutex_exit+0x8>
20000382:	f3bf 8f5f 	dmb	sy
20000386:	23ff      	movs	r3, #255	@ 0xff
20000388:	7103      	strb	r3, [r0, #4]
2000038a:	6803      	ldr	r3, [r0, #0]
2000038c:	f3bf 8f5f 	dmb	sy
20000390:	2200      	movs	r2, #0
20000392:	601a      	str	r2, [r3, #0]
20000394:	f381 8810 	msr	PRIMASK, r1
20000398:	bf40      	sev
2000039a:	4770      	bx	lr

2000039c <recursive_mutex_exit>:
2000039c:	b510      	push	{r4, lr}
2000039e:	6802      	ldr	r2, [r0, #0]
200003a0:	f3ef 8110 	mrs	r1, PRIMASK
200003a4:	b672      	cpsid	i
200003a6:	6813      	ldr	r3, [r2, #0]
200003a8:	2b00      	cmp	r3, #0
200003aa:	d0fc      	beq.n	200003a6 <recursive_mutex_exit+0xa>
200003ac:	f3bf 8f5f 	dmb	sy
200003b0:	7943      	ldrb	r3, [r0, #5]
200003b2:	6802      	ldr	r2, [r0, #0]
200003b4:	3b01      	subs	r3, #1
200003b6:	b2db      	uxtb	r3, r3
200003b8:	7143      	strb	r3, [r0, #5]
200003ba:	2b00      	cmp	r3, #0
200003bc:	d108      	bne.n	200003d0 <recursive_mutex_exit+0x34>
200003be:	24ff      	movs	r4, #255	@ 0xff
200003c0:	7104      	strb	r4, [r0, #4]
200003c2:	f3bf 8f5f 	dmb	sy
200003c6:	6013      	str	r3, [r2, #0]
200003c8:	f381 8810 	msr	PRIMASK, r1
200003cc:	bf40      	sev
200003ce:	bd10      	pop	{r4, pc}
200003d0:	f3bf 8f5f 	dmb	sy
200003d4:	2300      	movs	r3, #0
200003d6:	6013      	str	r3, [r2, #0]
200003d8:	f381 8810 	msr	PRIMASK, r1
200003dc:	e7f7      	b.n	200003ce <recursive_mutex_exit+0x32>
200003de:	46c0      	nop			@ (mov r8, r8)

200003e0 <flash_init_boot2_copyout>:
200003e0:	b510      	push	{r4, lr}
200003e2:	4c08      	ldr	r4, [pc, #32]	@ (20000404 <flash_init_boot2_copyout+0x24>)
200003e4:	7823      	ldrb	r3, [r4, #0]
200003e6:	2b00      	cmp	r3, #0
200003e8:	d10a      	bne.n	20000400 <flash_init_boot2_copyout+0x20>
200003ea:	2380      	movs	r3, #128	@ 0x80
200003ec:	4806      	ldr	r0, [pc, #24]	@ (20000408 <flash_init_boot2_copyout+0x28>)
200003ee:	4907      	ldr	r1, [pc, #28]	@ (2000040c <flash_init_boot2_copyout+0x2c>)
200003f0:	055b      	lsls	r3, r3, #21
200003f2:	681a      	ldr	r2, [r3, #0]
200003f4:	50c2      	str	r2, [r0, r3]
200003f6:	3304      	adds	r3, #4
200003f8:	428b      	cmp	r3, r1
200003fa:	d1fa      	bne.n	200003f2 <flash_init_boot2_copyout+0x12>
200003fc:	2301      	movs	r3, #1
200003fe:	7023      	strb	r3, [r4, #0]
20000400:	bd10      	pop	{r4, pc}
20000402:	46c0      	nop			@ (mov r8, r8)
20000404:	20002c69 	.word	0x20002c69
20000408:	10001ca4 	.word	0x10001ca4
2000040c:	10000100 	.word	0x10000100

20000410 <flash_enable_xip_via_boot2>:
20000410:	b510      	push	{r4, lr}
20000412:	4b01      	ldr	r3, [pc, #4]	@ (20000418 <flash_enable_xip_via_boot2+0x8>)
20000414:	4798      	blx	r3
20000416:	bd10      	pop	{r4, pc}
20000418:	20001ca5 	.word	0x20001ca5

2000041c <flash_save_hardware_state>:
2000041c:	4b06      	ldr	r3, [pc, #24]	@ (20000438 <flash_save_hardware_state+0x1c>)
2000041e:	685a      	ldr	r2, [r3, #4]
20000420:	6002      	str	r2, [r0, #0]
20000422:	689a      	ldr	r2, [r3, #8]
20000424:	6042      	str	r2, [r0, #4]
20000426:	68da      	ldr	r2, [r3, #12]
20000428:	6082      	str	r2, [r0, #8]
2000042a:	691a      	ldr	r2, [r3, #16]
2000042c:	60c2      	str	r2, [r0, #12]
2000042e:	695a      	ldr	r2, [r3, #20]
20000430:	6102      	str	r2, [r0, #16]
20000432:	699b      	ldr	r3, [r3, #24]
20000434:	6143      	str	r3, [r0, #20]
20000436:	4770      	bx	lr
20000438:	40020000 	.word	0x40020000

2000043c <flash_restore_hardware_state>:
2000043c:	6802      	ldr	r2, [r0, #0]
2000043e:	4b06      	ldr	r3, [pc, #24]	@ (20000458 <flash_restore_hardware_state+0x1c>)
20000440:	605a      	str	r2, [r3, #4]
20000442:	6842      	ldr	r2, [r0, #4]
20000444:	609a      	str	r2, [r3, #8]
20000446:	6882      	ldr	r2, [r0, #8]
20000448:	60da      	str	r2, [r3, #12]
2000044a:	68c2      	ldr	r2, [r0, #12]
2000044c:	611a      	str	r2, [r3, #16]
2000044e:	6902      	ldr	r2, [r0, #16]
20000450:	615a      	str	r2, [r3, #20]
20000452:	6942      	ldr	r2, [r0, #20]
20000454:	619a      	str	r2, [r3, #24]
20000456:	4770      	bx	lr
20000458:	40020000 	.word	0x40020000

2000045c <flash_cs_force.constprop.0>:
2000045c:	4b03      	ldr	r3, [pc, #12]	@ (2000046c <flash_cs_force.constprop.0+0x10>)
2000045e:	681a      	ldr	r2, [r3, #0]
20000460:	23c0      	movs	r3, #192	@ 0xc0
20000462:	009b      	lsls	r3, r3, #2
20000464:	4393      	bics	r3, r2
20000466:	4a02      	ldr	r2, [pc, #8]	@ (20000470 <flash_cs_force.constprop.0+0x14>)
20000468:	6013      	str	r3, [r2, #0]
2000046a:	4770      	bx	lr
2000046c:	4001800c 	.word	0x4001800c
20000470:	4001900c 	.word	0x4001900c

20000474 <flash_cs_force.constprop.1>:
20000474:	4b05      	ldr	r3, [pc, #20]	@ (2000048c <flash_cs_force.constprop.1+0x18>)
20000476:	681a      	ldr	r2, [r3, #0]
20000478:	2380      	movs	r3, #128	@ 0x80
2000047a:	009b      	lsls	r3, r3, #2
2000047c:	4053      	eors	r3, r2
2000047e:	22c0      	movs	r2, #192	@ 0xc0
20000480:	0092      	lsls	r2, r2, #2
20000482:	4013      	ands	r3, r2
20000484:	4a02      	ldr	r2, [pc, #8]	@ (20000490 <flash_cs_force.constprop.1+0x1c>)
20000486:	6013      	str	r3, [r2, #0]
20000488:	4770      	bx	lr
2000048a:	46c0      	nop			@ (mov r8, r8)
2000048c:	4001800c 	.word	0x4001800c
20000490:	4001900c 	.word	0x4001900c

20000494 <flash_do_cmd>:
20000494:	2300      	movs	r3, #0
20000496:	b5f0      	push	{r4, r5, r6, r7, lr}
20000498:	46de      	mov	lr, fp
2000049a:	4657      	mov	r7, sl
2000049c:	464e      	mov	r6, r9
2000049e:	4645      	mov	r5, r8
200004a0:	469a      	mov	sl, r3
200004a2:	b5e0      	push	{r5, r6, r7, lr}
200004a4:	b089      	sub	sp, #36	@ 0x24
200004a6:	9001      	str	r0, [sp, #4]
200004a8:	000e      	movs	r6, r1
200004aa:	8a98      	ldrh	r0, [r3, #20]
200004ac:	4945      	ldr	r1, [pc, #276]	@ (200005c4 <flash_do_cmd+0x130>)
200004ae:	8b1b      	ldrh	r3, [r3, #24]
200004b0:	0014      	movs	r4, r2
200004b2:	4798      	blx	r3
200004b4:	4653      	mov	r3, sl
200004b6:	4681      	mov	r9, r0
200004b8:	4943      	ldr	r1, [pc, #268]	@ (200005c8 <flash_do_cmd+0x134>)
200004ba:	8a98      	ldrh	r0, [r3, #20]
200004bc:	8b1b      	ldrh	r3, [r3, #24]
200004be:	4798      	blx	r3
200004c0:	4653      	mov	r3, sl
200004c2:	4942      	ldr	r1, [pc, #264]	@ (200005cc <flash_do_cmd+0x138>)
200004c4:	0005      	movs	r5, r0
200004c6:	8a98      	ldrh	r0, [r3, #20]
200004c8:	8b1b      	ldrh	r3, [r3, #24]
200004ca:	4798      	blx	r3
200004cc:	4680      	mov	r8, r0
200004ce:	f7ff ff87 	bl	200003e0 <flash_init_boot2_copyout>
200004d2:	a802      	add	r0, sp, #8
200004d4:	f7ff ffa2 	bl	2000041c <flash_save_hardware_state>
200004d8:	47c8      	blx	r9
200004da:	47a8      	blx	r5
200004dc:	f7ff ffca 	bl	20000474 <flash_cs_force.constprop.1>
200004e0:	1e25      	subs	r5, r4, #0
200004e2:	d022      	beq.n	2000052a <flash_do_cmd+0x96>
200004e4:	2308      	movs	r3, #8
200004e6:	21c0      	movs	r1, #192	@ 0xc0
200004e8:	469c      	mov	ip, r3
200004ea:	2002      	movs	r0, #2
200004ec:	0549      	lsls	r1, r1, #21
200004ee:	4662      	mov	r2, ip
200004f0:	6a8b      	ldr	r3, [r1, #40]	@ 0x28
200004f2:	401a      	ands	r2, r3
200004f4:	4218      	tst	r0, r3
200004f6:	d03f      	beq.n	20000578 <flash_do_cmd+0xe4>
200004f8:	1b63      	subs	r3, r4, r5
200004fa:	2d00      	cmp	r5, #0
200004fc:	d12f      	bne.n	2000055e <flash_do_cmd+0xca>
200004fe:	2a00      	cmp	r2, #0
20000500:	d111      	bne.n	20000526 <flash_do_cmd+0x92>
20000502:	2c00      	cmp	r4, #0
20000504:	d011      	beq.n	2000052a <flash_do_cmd+0x96>
20000506:	23c0      	movs	r3, #192	@ 0xc0
20000508:	055b      	lsls	r3, r3, #21
2000050a:	469b      	mov	fp, r3
2000050c:	2302      	movs	r3, #2
2000050e:	469a      	mov	sl, r3
20000510:	3306      	adds	r3, #6
20000512:	4699      	mov	r9, r3
20000514:	465b      	mov	r3, fp
20000516:	464a      	mov	r2, r9
20000518:	4657      	mov	r7, sl
2000051a:	6a9b      	ldr	r3, [r3, #40]	@ 0x28
2000051c:	401a      	ands	r2, r3
2000051e:	421f      	tst	r7, r3
20000520:	d042      	beq.n	200005a8 <flash_do_cmd+0x114>
20000522:	2a00      	cmp	r2, #0
20000524:	d0f6      	beq.n	20000514 <flash_do_cmd+0x80>
20000526:	2c00      	cmp	r4, #0
20000528:	d130      	bne.n	2000058c <flash_do_cmd+0xf8>
2000052a:	f7ff ff97 	bl	2000045c <flash_cs_force.constprop.0>
2000052e:	47c0      	blx	r8
20000530:	f7ff ff6e 	bl	20000410 <flash_enable_xip_via_boot2>
20000534:	a802      	add	r0, sp, #8
20000536:	f7ff ff81 	bl	2000043c <flash_restore_hardware_state>
2000053a:	b009      	add	sp, #36	@ 0x24
2000053c:	bcf0      	pop	{r4, r5, r6, r7}
2000053e:	46bb      	mov	fp, r7
20000540:	46b2      	mov	sl, r6
20000542:	46a9      	mov	r9, r5
20000544:	46a0      	mov	r8, r4
20000546:	bdf0      	pop	{r4, r5, r6, r7, pc}
20000548:	2c00      	cmp	r4, #0
2000054a:	d12f      	bne.n	200005ac <flash_do_cmd+0x118>
2000054c:	22c0      	movs	r2, #192	@ 0xc0
2000054e:	0552      	lsls	r2, r2, #21
20000550:	6a92      	ldr	r2, [r2, #40]	@ 0x28
20000552:	4691      	mov	r9, r2
20000554:	2208      	movs	r2, #8
20000556:	464f      	mov	r7, r9
20000558:	403a      	ands	r2, r7
2000055a:	07bf      	lsls	r7, r7, #30
2000055c:	d52d      	bpl.n	200005ba <flash_do_cmd+0x126>
2000055e:	2b0d      	cmp	r3, #13
20000560:	d91b      	bls.n	2000059a <flash_do_cmd+0x106>
20000562:	2a00      	cmp	r2, #0
20000564:	d1f0      	bne.n	20000548 <flash_do_cmd+0xb4>
20000566:	22c0      	movs	r2, #192	@ 0xc0
20000568:	0552      	lsls	r2, r2, #21
2000056a:	6a92      	ldr	r2, [r2, #40]	@ 0x28
2000056c:	4691      	mov	r9, r2
2000056e:	2208      	movs	r2, #8
20000570:	464f      	mov	r7, r9
20000572:	403a      	ands	r2, r7
20000574:	07bf      	lsls	r7, r7, #30
20000576:	d4f2      	bmi.n	2000055e <flash_do_cmd+0xca>
20000578:	2a00      	cmp	r2, #0
2000057a:	d104      	bne.n	20000586 <flash_do_cmd+0xf2>
2000057c:	002b      	movs	r3, r5
2000057e:	4323      	orrs	r3, r4
20000580:	2b00      	cmp	r3, #0
20000582:	d1b4      	bne.n	200004ee <flash_do_cmd+0x5a>
20000584:	e7d1      	b.n	2000052a <flash_do_cmd+0x96>
20000586:	002b      	movs	r3, r5
20000588:	2c00      	cmp	r4, #0
2000058a:	d0f9      	beq.n	20000580 <flash_do_cmd+0xec>
2000058c:	6e0b      	ldr	r3, [r1, #96]	@ 0x60
2000058e:	3c01      	subs	r4, #1
20000590:	7033      	strb	r3, [r6, #0]
20000592:	0023      	movs	r3, r4
20000594:	3601      	adds	r6, #1
20000596:	432b      	orrs	r3, r5
20000598:	e7f2      	b.n	20000580 <flash_do_cmd+0xec>
2000059a:	9f01      	ldr	r7, [sp, #4]
2000059c:	3d01      	subs	r5, #1
2000059e:	783b      	ldrb	r3, [r7, #0]
200005a0:	3701      	adds	r7, #1
200005a2:	660b      	str	r3, [r1, #96]	@ 0x60
200005a4:	9701      	str	r7, [sp, #4]
200005a6:	e7e7      	b.n	20000578 <flash_do_cmd+0xe4>
200005a8:	2500      	movs	r5, #0
200005aa:	e7e5      	b.n	20000578 <flash_do_cmd+0xe4>
200005ac:	23c0      	movs	r3, #192	@ 0xc0
200005ae:	055b      	lsls	r3, r3, #21
200005b0:	6e1b      	ldr	r3, [r3, #96]	@ 0x60
200005b2:	3c01      	subs	r4, #1
200005b4:	7033      	strb	r3, [r6, #0]
200005b6:	3601      	adds	r6, #1
200005b8:	e799      	b.n	200004ee <flash_do_cmd+0x5a>
200005ba:	002b      	movs	r3, r5
200005bc:	2a00      	cmp	r2, #0
200005be:	d1df      	bne.n	20000580 <flash_do_cmd+0xec>
200005c0:	e7dc      	b.n	2000057c <flash_do_cmd+0xe8>
200005c2:	46c0      	nop			@ (mov r8, r8)
200005c4:	00004649 	.word	0x00004649
200005c8:	00005845 	.word	0x00005845
200005cc:	00004346 	.word	0x00004346

200005d0 <reset_non_control_endpoints>:
200005d0:	2200      	movs	r2, #0
200005d2:	4b15      	ldr	r3, [pc, #84]	@ (20000628 <reset_non_control_endpoints+0x58>)
200005d4:	b510      	push	{r4, lr}
200005d6:	609a      	str	r2, [r3, #8]
200005d8:	60da      	str	r2, [r3, #12]
200005da:	611a      	str	r2, [r3, #16]
200005dc:	615a      	str	r2, [r3, #20]
200005de:	619a      	str	r2, [r3, #24]
200005e0:	61da      	str	r2, [r3, #28]
200005e2:	621a      	str	r2, [r3, #32]
200005e4:	625a      	str	r2, [r3, #36]	@ 0x24
200005e6:	629a      	str	r2, [r3, #40]	@ 0x28
200005e8:	62da      	str	r2, [r3, #44]	@ 0x2c
200005ea:	631a      	str	r2, [r3, #48]	@ 0x30
200005ec:	635a      	str	r2, [r3, #52]	@ 0x34
200005ee:	639a      	str	r2, [r3, #56]	@ 0x38
200005f0:	63da      	str	r2, [r3, #60]	@ 0x3c
200005f2:	641a      	str	r2, [r3, #64]	@ 0x40
200005f4:	645a      	str	r2, [r3, #68]	@ 0x44
200005f6:	649a      	str	r2, [r3, #72]	@ 0x48
200005f8:	64da      	str	r2, [r3, #76]	@ 0x4c
200005fa:	651a      	str	r2, [r3, #80]	@ 0x50
200005fc:	655a      	str	r2, [r3, #84]	@ 0x54
200005fe:	659a      	str	r2, [r3, #88]	@ 0x58
20000600:	65da      	str	r2, [r3, #92]	@ 0x5c
20000602:	661a      	str	r2, [r3, #96]	@ 0x60
20000604:	665a      	str	r2, [r3, #100]	@ 0x64
20000606:	669a      	str	r2, [r3, #104]	@ 0x68
20000608:	66da      	str	r2, [r3, #108]	@ 0x6c
2000060a:	671a      	str	r2, [r3, #112]	@ 0x70
2000060c:	675a      	str	r2, [r3, #116]	@ 0x74
2000060e:	679a      	str	r2, [r3, #120]	@ 0x78
20000610:	67da      	str	r2, [r3, #124]	@ 0x7c
20000612:	32f0      	adds	r2, #240	@ 0xf0
20000614:	0092      	lsls	r2, r2, #2
20000616:	2100      	movs	r1, #0
20000618:	4804      	ldr	r0, [pc, #16]	@ (2000062c <reset_non_control_endpoints+0x5c>)
2000061a:	f000 fd8d 	bl	20001138 <____wrap_memset_veneer>
2000061e:	4b04      	ldr	r3, [pc, #16]	@ (20000630 <reset_non_control_endpoints+0x60>)
20000620:	4a04      	ldr	r2, [pc, #16]	@ (20000634 <reset_non_control_endpoints+0x64>)
20000622:	601a      	str	r2, [r3, #0]
20000624:	bd10      	pop	{r4, pc}
20000626:	46c0      	nop			@ (mov r8, r8)
20000628:	50100000 	.word	0x50100000
2000062c:	2000274c 	.word	0x2000274c
20000630:	20002b14 	.word	0x20002b14
20000634:	50100180 	.word	0x50100180

20000638 <hw_handle_buff_status>:
20000638:	b5f0      	push	{r4, r5, r6, r7, lr}
2000063a:	464e      	mov	r6, r9
2000063c:	4645      	mov	r5, r8
2000063e:	46de      	mov	lr, fp
20000640:	4657      	mov	r7, sl
20000642:	b5e0      	push	{r5, r6, r7, lr}
20000644:	4b21      	ldr	r3, [pc, #132]	@ (200006cc <hw_handle_buff_status+0x94>)
20000646:	2400      	movs	r4, #0
20000648:	6d9e      	ldr	r6, [r3, #88]	@ 0x58
2000064a:	2501      	movs	r5, #1
2000064c:	b085      	sub	sp, #20
2000064e:	2e00      	cmp	r6, #0
20000650:	d022      	beq.n	20000698 <hw_handle_buff_status+0x60>
20000652:	4b1f      	ldr	r3, [pc, #124]	@ (200006d0 <hw_handle_buff_status+0x98>)
20000654:	469a      	mov	sl, r3
20000656:	2301      	movs	r3, #1
20000658:	4699      	mov	r9, r3
2000065a:	4b1e      	ldr	r3, [pc, #120]	@ (200006d4 <hw_handle_buff_status+0x9c>)
2000065c:	4698      	mov	r8, r3
2000065e:	e001      	b.n	20000664 <hw_handle_buff_status+0x2c>
20000660:	2c20      	cmp	r4, #32
20000662:	d019      	beq.n	20000698 <hw_handle_buff_status+0x60>
20000664:	002a      	movs	r2, r5
20000666:	0023      	movs	r3, r4
20000668:	3401      	adds	r4, #1
2000066a:	002f      	movs	r7, r5
2000066c:	4032      	ands	r2, r6
2000066e:	b2e4      	uxtb	r4, r4
20000670:	006d      	lsls	r5, r5, #1
20000672:	2a00      	cmp	r2, #0
20000674:	d0f4      	beq.n	20000660 <hw_handle_buff_status+0x28>
20000676:	4652      	mov	r2, sl
20000678:	6597      	str	r7, [r2, #88]	@ 0x58
2000067a:	464a      	mov	r2, r9
2000067c:	085b      	lsrs	r3, r3, #1
2000067e:	005b      	lsls	r3, r3, #1
20000680:	4022      	ands	r2, r4
20000682:	189b      	adds	r3, r3, r2
20000684:	015b      	lsls	r3, r3, #5
20000686:	4443      	add	r3, r8
20000688:	0018      	movs	r0, r3
2000068a:	469b      	mov	fp, r3
2000068c:	f000 fc1e 	bl	20000ecc <hw_endpoint_xfer_continue>
20000690:	2800      	cmp	r0, #0
20000692:	d108      	bne.n	200006a6 <hw_handle_buff_status+0x6e>
20000694:	43be      	bics	r6, r7
20000696:	d1e3      	bne.n	20000660 <hw_handle_buff_status+0x28>
20000698:	b005      	add	sp, #20
2000069a:	bcf0      	pop	{r4, r5, r6, r7}
2000069c:	46bb      	mov	fp, r7
2000069e:	46b2      	mov	sl, r6
200006a0:	46a9      	mov	r9, r5
200006a2:	46a0      	mov	r8, r4
200006a4:	bdf0      	pop	{r4, r5, r6, r7, pc}
200006a6:	465b      	mov	r3, fp
200006a8:	21e0      	movs	r1, #224	@ 0xe0
200006aa:	789a      	ldrb	r2, [r3, #2]
200006ac:	8adb      	ldrh	r3, [r3, #22]
200006ae:	a801      	add	r0, sp, #4
200006b0:	6083      	str	r3, [r0, #8]
200006b2:	2300      	movs	r3, #0
200006b4:	00c9      	lsls	r1, r1, #3
200006b6:	8001      	strh	r1, [r0, #0]
200006b8:	2101      	movs	r1, #1
200006ba:	7102      	strb	r2, [r0, #4]
200006bc:	7143      	strb	r3, [r0, #5]
200006be:	f000 fc25 	bl	20000f0c <dcd_event_handler>
200006c2:	4658      	mov	r0, fp
200006c4:	f000 fba0 	bl	20000e08 <hw_endpoint_reset_transfer>
200006c8:	e7e4      	b.n	20000694 <hw_handle_buff_status+0x5c>
200006ca:	46c0      	nop			@ (mov r8, r8)
200006cc:	50110000 	.word	0x50110000
200006d0:	50113000 	.word	0x50113000
200006d4:	2000270c 	.word	0x2000270c

200006d8 <dcd_rp2040_irq>:
200006d8:	2398      	movs	r3, #152	@ 0x98
200006da:	b5f0      	push	{r4, r5, r6, r7, lr}
200006dc:	46c6      	mov	lr, r8
200006de:	4ac8      	ldr	r2, [pc, #800]	@ (20000a00 <dcd_rp2040_irq+0x328>)
200006e0:	b500      	push	{lr}
200006e2:	58d5      	ldr	r5, [r2, r3]
200006e4:	2380      	movs	r3, #128	@ 0x80
200006e6:	002e      	movs	r6, r5
200006e8:	029b      	lsls	r3, r3, #10
200006ea:	2410      	movs	r4, #16
200006ec:	b084      	sub	sp, #16
200006ee:	401e      	ands	r6, r3
200006f0:	421d      	tst	r5, r3
200006f2:	d074      	beq.n	200007de <dcd_rp2040_irq+0x106>
200006f4:	4bc3      	ldr	r3, [pc, #780]	@ (20000a04 <dcd_rp2040_irq+0x32c>)
200006f6:	4cc4      	ldr	r4, [pc, #784]	@ (20000a08 <dcd_rp2040_irq+0x330>)
200006f8:	6a9a      	ldr	r2, [r3, #40]	@ 0x28
200006fa:	4bc4      	ldr	r3, [pc, #784]	@ (20000a0c <dcd_rp2040_irq+0x334>)
200006fc:	2600      	movs	r6, #0
200006fe:	601a      	str	r2, [r3, #0]
20000700:	233b      	movs	r3, #59	@ 0x3b
20000702:	5ce3      	ldrb	r3, [r4, r3]
20000704:	2b02      	cmp	r3, #2
20000706:	d100      	bne.n	2000070a <dcd_rp2040_irq+0x32>
20000708:	e14f      	b.n	200009aa <dcd_rp2040_irq+0x2d2>
2000070a:	237b      	movs	r3, #123	@ 0x7b
2000070c:	5ce3      	ldrb	r3, [r4, r3]
2000070e:	2b02      	cmp	r3, #2
20000710:	d100      	bne.n	20000714 <dcd_rp2040_irq+0x3c>
20000712:	e0f3      	b.n	200008fc <dcd_rp2040_irq+0x224>
20000714:	23bb      	movs	r3, #187	@ 0xbb
20000716:	5ce3      	ldrb	r3, [r4, r3]
20000718:	2b02      	cmp	r3, #2
2000071a:	d100      	bne.n	2000071e <dcd_rp2040_irq+0x46>
2000071c:	e0fa      	b.n	20000914 <dcd_rp2040_irq+0x23c>
2000071e:	23fb      	movs	r3, #251	@ 0xfb
20000720:	5ce3      	ldrb	r3, [r4, r3]
20000722:	2b02      	cmp	r3, #2
20000724:	d100      	bne.n	20000728 <dcd_rp2040_irq+0x50>
20000726:	e101      	b.n	2000092c <dcd_rp2040_irq+0x254>
20000728:	233c      	movs	r3, #60	@ 0x3c
2000072a:	33ff      	adds	r3, #255	@ 0xff
2000072c:	5ce3      	ldrb	r3, [r4, r3]
2000072e:	2b02      	cmp	r3, #2
20000730:	d100      	bne.n	20000734 <dcd_rp2040_irq+0x5c>
20000732:	e12d      	b.n	20000990 <dcd_rp2040_irq+0x2b8>
20000734:	237c      	movs	r3, #124	@ 0x7c
20000736:	33ff      	adds	r3, #255	@ 0xff
20000738:	5ce3      	ldrb	r3, [r4, r3]
2000073a:	2b02      	cmp	r3, #2
2000073c:	d100      	bne.n	20000740 <dcd_rp2040_irq+0x68>
2000073e:	e10e      	b.n	2000095e <dcd_rp2040_irq+0x286>
20000740:	23bc      	movs	r3, #188	@ 0xbc
20000742:	33ff      	adds	r3, #255	@ 0xff
20000744:	5ce3      	ldrb	r3, [r4, r3]
20000746:	2b02      	cmp	r3, #2
20000748:	d100      	bne.n	2000074c <dcd_rp2040_irq+0x74>
2000074a:	e13f      	b.n	200009cc <dcd_rp2040_irq+0x2f4>
2000074c:	23fc      	movs	r3, #252	@ 0xfc
2000074e:	33ff      	adds	r3, #255	@ 0xff
20000750:	5ce3      	ldrb	r3, [r4, r3]
20000752:	2b02      	cmp	r3, #2
20000754:	d100      	bne.n	20000758 <dcd_rp2040_irq+0x80>
20000756:	e0f5      	b.n	20000944 <dcd_rp2040_irq+0x26c>
20000758:	4bad      	ldr	r3, [pc, #692]	@ (20000a10 <dcd_rp2040_irq+0x338>)
2000075a:	5ce3      	ldrb	r3, [r4, r3]
2000075c:	2b02      	cmp	r3, #2
2000075e:	d100      	bne.n	20000762 <dcd_rp2040_irq+0x8a>
20000760:	e174      	b.n	20000a4c <dcd_rp2040_irq+0x374>
20000762:	4bac      	ldr	r3, [pc, #688]	@ (20000a14 <dcd_rp2040_irq+0x33c>)
20000764:	5ce3      	ldrb	r3, [r4, r3]
20000766:	2b02      	cmp	r3, #2
20000768:	d100      	bne.n	2000076c <dcd_rp2040_irq+0x94>
2000076a:	e105      	b.n	20000978 <dcd_rp2040_irq+0x2a0>
2000076c:	4baa      	ldr	r3, [pc, #680]	@ (20000a18 <dcd_rp2040_irq+0x340>)
2000076e:	5ce3      	ldrb	r3, [r4, r3]
20000770:	2b02      	cmp	r3, #2
20000772:	d100      	bne.n	20000776 <dcd_rp2040_irq+0x9e>
20000774:	e175      	b.n	20000a62 <dcd_rp2040_irq+0x38a>
20000776:	4ba9      	ldr	r3, [pc, #676]	@ (20000a1c <dcd_rp2040_irq+0x344>)
20000778:	5ce3      	ldrb	r3, [r4, r3]
2000077a:	2b02      	cmp	r3, #2
2000077c:	d100      	bne.n	20000780 <dcd_rp2040_irq+0xa8>
2000077e:	e132      	b.n	200009e6 <dcd_rp2040_irq+0x30e>
20000780:	4ba7      	ldr	r3, [pc, #668]	@ (20000a20 <dcd_rp2040_irq+0x348>)
20000782:	5ce3      	ldrb	r3, [r4, r3]
20000784:	2b02      	cmp	r3, #2
20000786:	d100      	bne.n	2000078a <dcd_rp2040_irq+0xb2>
20000788:	e1a0      	b.n	20000acc <dcd_rp2040_irq+0x3f4>
2000078a:	4ba6      	ldr	r3, [pc, #664]	@ (20000a24 <dcd_rp2040_irq+0x34c>)
2000078c:	5ce3      	ldrb	r3, [r4, r3]
2000078e:	2b02      	cmp	r3, #2
20000790:	d100      	bne.n	20000794 <dcd_rp2040_irq+0xbc>
20000792:	e171      	b.n	20000a78 <dcd_rp2040_irq+0x3a0>
20000794:	4ba4      	ldr	r3, [pc, #656]	@ (20000a28 <dcd_rp2040_irq+0x350>)
20000796:	5ce3      	ldrb	r3, [r4, r3]
20000798:	2b02      	cmp	r3, #2
2000079a:	d100      	bne.n	2000079e <dcd_rp2040_irq+0xc6>
2000079c:	e1a1      	b.n	20000ae2 <dcd_rp2040_irq+0x40a>
2000079e:	4ba3      	ldr	r3, [pc, #652]	@ (20000a2c <dcd_rp2040_irq+0x354>)
200007a0:	5ce3      	ldrb	r3, [r4, r3]
200007a2:	2b02      	cmp	r3, #2
200007a4:	d100      	bne.n	200007a8 <dcd_rp2040_irq+0xd0>
200007a6:	e17f      	b.n	20000aa8 <dcd_rp2040_irq+0x3d0>
200007a8:	2e00      	cmp	r6, #0
200007aa:	d108      	bne.n	200007be <dcd_rp2040_irq+0xe6>
200007ac:	4ba0      	ldr	r3, [pc, #640]	@ (20000a30 <dcd_rp2040_irq+0x358>)
200007ae:	781b      	ldrb	r3, [r3, #0]
200007b0:	2b00      	cmp	r3, #0
200007b2:	d104      	bne.n	200007be <dcd_rp2040_irq+0xe6>
200007b4:	2180      	movs	r1, #128	@ 0x80
200007b6:	4a9f      	ldr	r2, [pc, #636]	@ (20000a34 <dcd_rp2040_irq+0x35c>)
200007b8:	3390      	adds	r3, #144	@ 0x90
200007ba:	0289      	lsls	r1, r1, #10
200007bc:	50d1      	str	r1, [r2, r3]
200007be:	22c0      	movs	r2, #192	@ 0xc0
200007c0:	4669      	mov	r1, sp
200007c2:	4b8f      	ldr	r3, [pc, #572]	@ (20000a00 <dcd_rp2040_irq+0x328>)
200007c4:	0092      	lsls	r2, r2, #2
200007c6:	6c9b      	ldr	r3, [r3, #72]	@ 0x48
200007c8:	2680      	movs	r6, #128	@ 0x80
200007ca:	055b      	lsls	r3, r3, #21
200007cc:	808a      	strh	r2, [r1, #4]
200007ce:	0d5b      	lsrs	r3, r3, #21
200007d0:	2101      	movs	r1, #1
200007d2:	a801      	add	r0, sp, #4
200007d4:	9302      	str	r3, [sp, #8]
200007d6:	f000 fb99 	bl	20000f0c <dcd_event_handler>
200007da:	4c97      	ldr	r4, [pc, #604]	@ (20000a38 <dcd_rp2040_irq+0x360>)
200007dc:	02b6      	lsls	r6, r6, #10
200007de:	06eb      	lsls	r3, r5, #27
200007e0:	d500      	bpl.n	200007e4 <dcd_rp2040_irq+0x10c>
200007e2:	e07f      	b.n	200008e4 <dcd_rp2040_irq+0x20c>
200007e4:	2380      	movs	r3, #128	@ 0x80
200007e6:	025b      	lsls	r3, r3, #9
200007e8:	421d      	tst	r5, r3
200007ea:	d031      	beq.n	20000850 <dcd_rp2040_irq+0x178>
200007ec:	431e      	orrs	r6, r3
200007ee:	2301      	movs	r3, #1
200007f0:	2402      	movs	r4, #2
200007f2:	4698      	mov	r8, r3
200007f4:	4f84      	ldr	r7, [pc, #528]	@ (20000a08 <dcd_rp2040_irq+0x330>)
200007f6:	7ebb      	ldrb	r3, [r7, #26]
200007f8:	2b00      	cmp	r3, #0
200007fa:	d014      	beq.n	20000826 <dcd_rp2040_irq+0x14e>
200007fc:	f000 fc94 	bl	20001128 <__rp2040_chip_version_veneer>
20000800:	2801      	cmp	r0, #1
20000802:	d900      	bls.n	20000806 <dcd_rp2040_irq+0x12e>
20000804:	e072      	b.n	200008ec <dcd_rp2040_irq+0x214>
20000806:	22c0      	movs	r2, #192	@ 0xc0
20000808:	2100      	movs	r1, #0
2000080a:	0038      	movs	r0, r7
2000080c:	0192      	lsls	r2, r2, #6
2000080e:	f000 fb01 	bl	20000e14 <_hw_endpoint_buffer_control_update32>
20000812:	0038      	movs	r0, r7
20000814:	f000 faf8 	bl	20000e08 <hw_endpoint_reset_transfer>
20000818:	f000 fc86 	bl	20001128 <__rp2040_chip_version_veneer>
2000081c:	2801      	cmp	r0, #1
2000081e:	d902      	bls.n	20000826 <dcd_rp2040_irq+0x14e>
20000820:	4b84      	ldr	r3, [pc, #528]	@ (20000a34 <dcd_rp2040_irq+0x35c>)
20000822:	665c      	str	r4, [r3, #100]	@ 0x64
20000824:	661c      	str	r4, [r3, #96]	@ 0x60
20000826:	4643      	mov	r3, r8
20000828:	70fb      	strb	r3, [r7, #3]
2000082a:	3720      	adds	r7, #32
2000082c:	2c01      	cmp	r4, #1
2000082e:	d122      	bne.n	20000876 <dcd_rp2040_irq+0x19e>
20000830:	23c0      	movs	r3, #192	@ 0xc0
20000832:	466a      	mov	r2, sp
20000834:	00db      	lsls	r3, r3, #3
20000836:	8093      	strh	r3, [r2, #4]
20000838:	4a80      	ldr	r2, [pc, #512]	@ (20000a3c <dcd_rp2040_irq+0x364>)
2000083a:	ab02      	add	r3, sp, #8
2000083c:	ca03      	ldmia	r2!, {r0, r1}
2000083e:	c303      	stmia	r3!, {r0, r1}
20000840:	2101      	movs	r1, #1
20000842:	a801      	add	r0, sp, #4
20000844:	f000 fb62 	bl	20000f0c <dcd_event_handler>
20000848:	2280      	movs	r2, #128	@ 0x80
2000084a:	4b7a      	ldr	r3, [pc, #488]	@ (20000a34 <dcd_rp2040_irq+0x35c>)
2000084c:	0292      	lsls	r2, r2, #10
2000084e:	651a      	str	r2, [r3, #80]	@ 0x50
20000850:	2380      	movs	r3, #128	@ 0x80
20000852:	015b      	lsls	r3, r3, #5
20000854:	421d      	tst	r5, r3
20000856:	d110      	bne.n	2000087a <dcd_rp2040_irq+0x1a2>
20000858:	2380      	movs	r3, #128	@ 0x80
2000085a:	01db      	lsls	r3, r3, #7
2000085c:	421d      	tst	r5, r3
2000085e:	d123      	bne.n	200008a8 <dcd_rp2040_irq+0x1d0>
20000860:	2380      	movs	r3, #128	@ 0x80
20000862:	021b      	lsls	r3, r3, #8
20000864:	421d      	tst	r5, r3
20000866:	d12f      	bne.n	200008c8 <dcd_rp2040_irq+0x1f0>
20000868:	42ae      	cmp	r6, r5
2000086a:	d000      	beq.n	2000086e <dcd_rp2040_irq+0x196>
2000086c:	e1c0      	b.n	20000bf0 <dcd_rp2040_irq+0x518>
2000086e:	b004      	add	sp, #16
20000870:	bc80      	pop	{r7}
20000872:	46b8      	mov	r8, r7
20000874:	bdf0      	pop	{r4, r5, r6, r7, pc}
20000876:	2401      	movs	r4, #1
20000878:	e7bd      	b.n	200007f6 <dcd_rp2040_irq+0x11e>
2000087a:	2400      	movs	r4, #0
2000087c:	431e      	orrs	r6, r3
2000087e:	4b60      	ldr	r3, [pc, #384]	@ (20000a00 <dcd_rp2040_irq+0x328>)
20000880:	601c      	str	r4, [r3, #0]
20000882:	f7ff fea5 	bl	200005d0 <reset_non_control_endpoints>
20000886:	2380      	movs	r3, #128	@ 0x80
20000888:	466a      	mov	r2, sp
2000088a:	005b      	lsls	r3, r3, #1
2000088c:	8093      	strh	r3, [r2, #4]
2000088e:	7214      	strb	r4, [r2, #8]
20000890:	2101      	movs	r1, #1
20000892:	a801      	add	r0, sp, #4
20000894:	f000 fb3a 	bl	20000f0c <dcd_event_handler>
20000898:	2280      	movs	r2, #128	@ 0x80
2000089a:	4b66      	ldr	r3, [pc, #408]	@ (20000a34 <dcd_rp2040_irq+0x35c>)
2000089c:	0312      	lsls	r2, r2, #12
2000089e:	651a      	str	r2, [r3, #80]	@ 0x50
200008a0:	2380      	movs	r3, #128	@ 0x80
200008a2:	01db      	lsls	r3, r3, #7
200008a4:	421d      	tst	r5, r3
200008a6:	d0db      	beq.n	20000860 <dcd_rp2040_irq+0x188>
200008a8:	431e      	orrs	r6, r3
200008aa:	2380      	movs	r3, #128	@ 0x80
200008ac:	466a      	mov	r2, sp
200008ae:	00db      	lsls	r3, r3, #3
200008b0:	8093      	strh	r3, [r2, #4]
200008b2:	2101      	movs	r1, #1
200008b4:	a801      	add	r0, sp, #4
200008b6:	f000 fb29 	bl	20000f0c <dcd_event_handler>
200008ba:	2210      	movs	r2, #16
200008bc:	4b5d      	ldr	r3, [pc, #372]	@ (20000a34 <dcd_rp2040_irq+0x35c>)
200008be:	651a      	str	r2, [r3, #80]	@ 0x50
200008c0:	2380      	movs	r3, #128	@ 0x80
200008c2:	021b      	lsls	r3, r3, #8
200008c4:	421d      	tst	r5, r3
200008c6:	d0cf      	beq.n	20000868 <dcd_rp2040_irq+0x190>
200008c8:	431e      	orrs	r6, r3
200008ca:	23a0      	movs	r3, #160	@ 0xa0
200008cc:	466a      	mov	r2, sp
200008ce:	00db      	lsls	r3, r3, #3
200008d0:	8093      	strh	r3, [r2, #4]
200008d2:	2101      	movs	r1, #1
200008d4:	a801      	add	r0, sp, #4
200008d6:	f000 fb19 	bl	20000f0c <dcd_event_handler>
200008da:	2280      	movs	r2, #128	@ 0x80
200008dc:	4b55      	ldr	r3, [pc, #340]	@ (20000a34 <dcd_rp2040_irq+0x35c>)
200008de:	0112      	lsls	r2, r2, #4
200008e0:	651a      	str	r2, [r3, #80]	@ 0x50
200008e2:	e7c1      	b.n	20000868 <dcd_rp2040_irq+0x190>
200008e4:	f7ff fea8 	bl	20000638 <hw_handle_buff_status>
200008e8:	0026      	movs	r6, r4
200008ea:	e77b      	b.n	200007e4 <dcd_rp2040_irq+0x10c>
200008ec:	4b54      	ldr	r3, [pc, #336]	@ (20000a40 <dcd_rp2040_irq+0x368>)
200008ee:	4a44      	ldr	r2, [pc, #272]	@ (20000a00 <dcd_rp2040_irq+0x328>)
200008f0:	661c      	str	r4, [r3, #96]	@ 0x60
200008f2:	6e53      	ldr	r3, [r2, #100]	@ 0x64
200008f4:	4023      	ands	r3, r4
200008f6:	42a3      	cmp	r3, r4
200008f8:	d1fb      	bne.n	200008f2 <dcd_rp2040_irq+0x21a>
200008fa:	e784      	b.n	20000806 <dcd_rp2040_irq+0x12e>
200008fc:	3378      	adds	r3, #120	@ 0x78
200008fe:	5ce7      	ldrb	r7, [r4, r3]
20000900:	2f00      	cmp	r7, #0
20000902:	d100      	bne.n	20000906 <dcd_rp2040_irq+0x22e>
20000904:	e706      	b.n	20000714 <dcd_rp2040_irq+0x3c>
20000906:	3302      	adds	r3, #2
20000908:	5ce2      	ldrb	r2, [r4, r3]
2000090a:	2a00      	cmp	r2, #0
2000090c:	d000      	beq.n	20000910 <dcd_rp2040_irq+0x238>
2000090e:	e10d      	b.n	20000b2c <dcd_rp2040_irq+0x454>
20000910:	003e      	movs	r6, r7
20000912:	e6ff      	b.n	20000714 <dcd_rp2040_irq+0x3c>
20000914:	33b8      	adds	r3, #184	@ 0xb8
20000916:	5ce7      	ldrb	r7, [r4, r3]
20000918:	2f00      	cmp	r7, #0
2000091a:	d100      	bne.n	2000091e <dcd_rp2040_irq+0x246>
2000091c:	e6ff      	b.n	2000071e <dcd_rp2040_irq+0x46>
2000091e:	3302      	adds	r3, #2
20000920:	5ce2      	ldrb	r2, [r4, r3]
20000922:	2a00      	cmp	r2, #0
20000924:	d000      	beq.n	20000928 <dcd_rp2040_irq+0x250>
20000926:	e0f9      	b.n	20000b1c <dcd_rp2040_irq+0x444>
20000928:	003e      	movs	r6, r7
2000092a:	e6f8      	b.n	2000071e <dcd_rp2040_irq+0x46>
2000092c:	33f8      	adds	r3, #248	@ 0xf8
2000092e:	5ce7      	ldrb	r7, [r4, r3]
20000930:	2f00      	cmp	r7, #0
20000932:	d100      	bne.n	20000936 <dcd_rp2040_irq+0x25e>
20000934:	e6f8      	b.n	20000728 <dcd_rp2040_irq+0x50>
20000936:	3302      	adds	r3, #2
20000938:	5ce2      	ldrb	r2, [r4, r3]
2000093a:	2a00      	cmp	r2, #0
2000093c:	d000      	beq.n	20000940 <dcd_rp2040_irq+0x268>
2000093e:	e141      	b.n	20000bc4 <dcd_rp2040_irq+0x4ec>
20000940:	003e      	movs	r6, r7
20000942:	e6f1      	b.n	20000728 <dcd_rp2040_irq+0x50>
20000944:	33f9      	adds	r3, #249	@ 0xf9
20000946:	33ff      	adds	r3, #255	@ 0xff
20000948:	5ce7      	ldrb	r7, [r4, r3]
2000094a:	2f00      	cmp	r7, #0
2000094c:	d100      	bne.n	20000950 <dcd_rp2040_irq+0x278>
2000094e:	e703      	b.n	20000758 <dcd_rp2040_irq+0x80>
20000950:	3302      	adds	r3, #2
20000952:	5ce2      	ldrb	r2, [r4, r3]
20000954:	2a00      	cmp	r2, #0
20000956:	d000      	beq.n	2000095a <dcd_rp2040_irq+0x282>
20000958:	e12b      	b.n	20000bb2 <dcd_rp2040_irq+0x4da>
2000095a:	003e      	movs	r6, r7
2000095c:	e6fc      	b.n	20000758 <dcd_rp2040_irq+0x80>
2000095e:	3379      	adds	r3, #121	@ 0x79
20000960:	33ff      	adds	r3, #255	@ 0xff
20000962:	5ce7      	ldrb	r7, [r4, r3]
20000964:	2f00      	cmp	r7, #0
20000966:	d100      	bne.n	2000096a <dcd_rp2040_irq+0x292>
20000968:	e6ea      	b.n	20000740 <dcd_rp2040_irq+0x68>
2000096a:	3302      	adds	r3, #2
2000096c:	5ce2      	ldrb	r2, [r4, r3]
2000096e:	2a00      	cmp	r2, #0
20000970:	d000      	beq.n	20000974 <dcd_rp2040_irq+0x29c>
20000972:	e115      	b.n	20000ba0 <dcd_rp2040_irq+0x4c8>
20000974:	003e      	movs	r6, r7
20000976:	e6e3      	b.n	20000740 <dcd_rp2040_irq+0x68>
20000978:	4b32      	ldr	r3, [pc, #200]	@ (20000a44 <dcd_rp2040_irq+0x36c>)
2000097a:	5ce7      	ldrb	r7, [r4, r3]
2000097c:	2f00      	cmp	r7, #0
2000097e:	d100      	bne.n	20000982 <dcd_rp2040_irq+0x2aa>
20000980:	e6f4      	b.n	2000076c <dcd_rp2040_irq+0x94>
20000982:	3302      	adds	r3, #2
20000984:	5ce2      	ldrb	r2, [r4, r3]
20000986:	2a00      	cmp	r2, #0
20000988:	d000      	beq.n	2000098c <dcd_rp2040_irq+0x2b4>
2000098a:	e101      	b.n	20000b90 <dcd_rp2040_irq+0x4b8>
2000098c:	003e      	movs	r6, r7
2000098e:	e6ed      	b.n	2000076c <dcd_rp2040_irq+0x94>
20000990:	3339      	adds	r3, #57	@ 0x39
20000992:	33ff      	adds	r3, #255	@ 0xff
20000994:	5ce7      	ldrb	r7, [r4, r3]
20000996:	2f00      	cmp	r7, #0
20000998:	d100      	bne.n	2000099c <dcd_rp2040_irq+0x2c4>
2000099a:	e6cb      	b.n	20000734 <dcd_rp2040_irq+0x5c>
2000099c:	3302      	adds	r3, #2
2000099e:	5ce2      	ldrb	r2, [r4, r3]
200009a0:	2a00      	cmp	r2, #0
200009a2:	d000      	beq.n	200009a6 <dcd_rp2040_irq+0x2ce>
200009a4:	e0eb      	b.n	20000b7e <dcd_rp2040_irq+0x4a6>
200009a6:	003e      	movs	r6, r7
200009a8:	e6c4      	b.n	20000734 <dcd_rp2040_irq+0x5c>
200009aa:	3338      	adds	r3, #56	@ 0x38
200009ac:	5ce6      	ldrb	r6, [r4, r3]
200009ae:	2e00      	cmp	r6, #0
200009b0:	d100      	bne.n	200009b4 <dcd_rp2040_irq+0x2dc>
200009b2:	e6aa      	b.n	2000070a <dcd_rp2040_irq+0x32>
200009b4:	3302      	adds	r3, #2
200009b6:	5ce2      	ldrb	r2, [r4, r3]
200009b8:	2a00      	cmp	r2, #0
200009ba:	d100      	bne.n	200009be <dcd_rp2040_irq+0x2e6>
200009bc:	e6a5      	b.n	2000070a <dcd_rp2040_irq+0x32>
200009be:	0020      	movs	r0, r4
200009c0:	2200      	movs	r2, #0
200009c2:	3020      	adds	r0, #32
200009c4:	54e2      	strb	r2, [r4, r3]
200009c6:	f000 fa4d 	bl	20000e64 <hw_endpoint_start_next_buffer>
200009ca:	e69e      	b.n	2000070a <dcd_rp2040_irq+0x32>
200009cc:	33b9      	adds	r3, #185	@ 0xb9
200009ce:	33ff      	adds	r3, #255	@ 0xff
200009d0:	5ce7      	ldrb	r7, [r4, r3]
200009d2:	2f00      	cmp	r7, #0
200009d4:	d100      	bne.n	200009d8 <dcd_rp2040_irq+0x300>
200009d6:	e6b9      	b.n	2000074c <dcd_rp2040_irq+0x74>
200009d8:	3302      	adds	r3, #2
200009da:	5ce2      	ldrb	r2, [r4, r3]
200009dc:	2a00      	cmp	r2, #0
200009de:	d000      	beq.n	200009e2 <dcd_rp2040_irq+0x30a>
200009e0:	e0c4      	b.n	20000b6c <dcd_rp2040_irq+0x494>
200009e2:	003e      	movs	r6, r7
200009e4:	e6b2      	b.n	2000074c <dcd_rp2040_irq+0x74>
200009e6:	4b18      	ldr	r3, [pc, #96]	@ (20000a48 <dcd_rp2040_irq+0x370>)
200009e8:	5ce7      	ldrb	r7, [r4, r3]
200009ea:	2f00      	cmp	r7, #0
200009ec:	d100      	bne.n	200009f0 <dcd_rp2040_irq+0x318>
200009ee:	e6c7      	b.n	20000780 <dcd_rp2040_irq+0xa8>
200009f0:	3302      	adds	r3, #2
200009f2:	5ce2      	ldrb	r2, [r4, r3]
200009f4:	2a00      	cmp	r2, #0
200009f6:	d000      	beq.n	200009fa <dcd_rp2040_irq+0x322>
200009f8:	e0b0      	b.n	20000b5c <dcd_rp2040_irq+0x484>
200009fa:	003e      	movs	r6, r7
200009fc:	e6c0      	b.n	20000780 <dcd_rp2040_irq+0xa8>
200009fe:	46c0      	nop			@ (mov r8, r8)
20000a00:	50110000 	.word	0x50110000
20000a04:	40054000 	.word	0x40054000
20000a08:	2000270c 	.word	0x2000270c
20000a0c:	20002704 	.word	0x20002704
20000a10:	0000023b 	.word	0x0000023b
20000a14:	0000027b 	.word	0x0000027b
20000a18:	000002bb 	.word	0x000002bb
20000a1c:	000002fb 	.word	0x000002fb
20000a20:	0000033b 	.word	0x0000033b
20000a24:	0000037b 	.word	0x0000037b
20000a28:	000003bb 	.word	0x000003bb
20000a2c:	000003fb 	.word	0x000003fb
20000a30:	20002c67 	.word	0x20002c67
20000a34:	50113000 	.word	0x50113000
20000a38:	00020010 	.word	0x00020010
20000a3c:	50100000 	.word	0x50100000
20000a40:	50112000 	.word	0x50112000
20000a44:	0000027a 	.word	0x0000027a
20000a48:	000002fa 	.word	0x000002fa
20000a4c:	4b6b      	ldr	r3, [pc, #428]	@ (20000bfc <dcd_rp2040_irq+0x524>)
20000a4e:	5ce7      	ldrb	r7, [r4, r3]
20000a50:	2f00      	cmp	r7, #0
20000a52:	d100      	bne.n	20000a56 <dcd_rp2040_irq+0x37e>
20000a54:	e685      	b.n	20000762 <dcd_rp2040_irq+0x8a>
20000a56:	3302      	adds	r3, #2
20000a58:	5ce2      	ldrb	r2, [r4, r3]
20000a5a:	2a00      	cmp	r2, #0
20000a5c:	d176      	bne.n	20000b4c <dcd_rp2040_irq+0x474>
20000a5e:	003e      	movs	r6, r7
20000a60:	e67f      	b.n	20000762 <dcd_rp2040_irq+0x8a>
20000a62:	4b67      	ldr	r3, [pc, #412]	@ (20000c00 <dcd_rp2040_irq+0x528>)
20000a64:	5ce7      	ldrb	r7, [r4, r3]
20000a66:	2f00      	cmp	r7, #0
20000a68:	d100      	bne.n	20000a6c <dcd_rp2040_irq+0x394>
20000a6a:	e684      	b.n	20000776 <dcd_rp2040_irq+0x9e>
20000a6c:	3302      	adds	r3, #2
20000a6e:	5ce2      	ldrb	r2, [r4, r3]
20000a70:	2a00      	cmp	r2, #0
20000a72:	d163      	bne.n	20000b3c <dcd_rp2040_irq+0x464>
20000a74:	003e      	movs	r6, r7
20000a76:	e67e      	b.n	20000776 <dcd_rp2040_irq+0x9e>
20000a78:	4b62      	ldr	r3, [pc, #392]	@ (20000c04 <dcd_rp2040_irq+0x52c>)
20000a7a:	5ce7      	ldrb	r7, [r4, r3]
20000a7c:	2f00      	cmp	r7, #0
20000a7e:	d100      	bne.n	20000a82 <dcd_rp2040_irq+0x3aa>
20000a80:	e688      	b.n	20000794 <dcd_rp2040_irq+0xbc>
20000a82:	3302      	adds	r3, #2
20000a84:	5ce2      	ldrb	r2, [r4, r3]
20000a86:	2a00      	cmp	r2, #0
20000a88:	d000      	beq.n	20000a8c <dcd_rp2040_irq+0x3b4>
20000a8a:	e0a3      	b.n	20000bd4 <dcd_rp2040_irq+0x4fc>
20000a8c:	4b5e      	ldr	r3, [pc, #376]	@ (20000c08 <dcd_rp2040_irq+0x530>)
20000a8e:	5ce3      	ldrb	r3, [r4, r3]
20000a90:	2b02      	cmp	r3, #2
20000a92:	d130      	bne.n	20000af6 <dcd_rp2040_irq+0x41e>
20000a94:	4b5d      	ldr	r3, [pc, #372]	@ (20000c0c <dcd_rp2040_irq+0x534>)
20000a96:	5ce3      	ldrb	r3, [r4, r3]
20000a98:	2b00      	cmp	r3, #0
20000a9a:	d127      	bne.n	20000aec <dcd_rp2040_irq+0x414>
20000a9c:	4b5c      	ldr	r3, [pc, #368]	@ (20000c10 <dcd_rp2040_irq+0x538>)
20000a9e:	5ce3      	ldrb	r3, [r4, r3]
20000aa0:	2b02      	cmp	r3, #2
20000aa2:	d000      	beq.n	20000aa6 <dcd_rp2040_irq+0x3ce>
20000aa4:	e68b      	b.n	200007be <dcd_rp2040_irq+0xe6>
20000aa6:	003e      	movs	r6, r7
20000aa8:	4b5a      	ldr	r3, [pc, #360]	@ (20000c14 <dcd_rp2040_irq+0x53c>)
20000aaa:	5ce3      	ldrb	r3, [r4, r3]
20000aac:	2b00      	cmp	r3, #0
20000aae:	d100      	bne.n	20000ab2 <dcd_rp2040_irq+0x3da>
20000ab0:	e67a      	b.n	200007a8 <dcd_rp2040_irq+0xd0>
20000ab2:	23ff      	movs	r3, #255	@ 0xff
20000ab4:	009b      	lsls	r3, r3, #2
20000ab6:	5ce2      	ldrb	r2, [r4, r3]
20000ab8:	2a00      	cmp	r2, #0
20000aba:	d100      	bne.n	20000abe <dcd_rp2040_irq+0x3e6>
20000abc:	e67f      	b.n	200007be <dcd_rp2040_irq+0xe6>
20000abe:	2200      	movs	r2, #0
20000ac0:	54e2      	strb	r2, [r4, r3]
20000ac2:	3b1c      	subs	r3, #28
20000ac4:	18e0      	adds	r0, r4, r3
20000ac6:	f000 f9cd 	bl	20000e64 <hw_endpoint_start_next_buffer>
20000aca:	e678      	b.n	200007be <dcd_rp2040_irq+0xe6>
20000acc:	4b52      	ldr	r3, [pc, #328]	@ (20000c18 <dcd_rp2040_irq+0x540>)
20000ace:	5ce7      	ldrb	r7, [r4, r3]
20000ad0:	2f00      	cmp	r7, #0
20000ad2:	d100      	bne.n	20000ad6 <dcd_rp2040_irq+0x3fe>
20000ad4:	e659      	b.n	2000078a <dcd_rp2040_irq+0xb2>
20000ad6:	3302      	adds	r3, #2
20000ad8:	5ce2      	ldrb	r2, [r4, r3]
20000ada:	2a00      	cmp	r2, #0
20000adc:	d116      	bne.n	20000b0c <dcd_rp2040_irq+0x434>
20000ade:	003e      	movs	r6, r7
20000ae0:	e653      	b.n	2000078a <dcd_rp2040_irq+0xb2>
20000ae2:	4b4a      	ldr	r3, [pc, #296]	@ (20000c0c <dcd_rp2040_irq+0x534>)
20000ae4:	5ce3      	ldrb	r3, [r4, r3]
20000ae6:	2b00      	cmp	r3, #0
20000ae8:	d100      	bne.n	20000aec <dcd_rp2040_irq+0x414>
20000aea:	e658      	b.n	2000079e <dcd_rp2040_irq+0xc6>
20000aec:	23ef      	movs	r3, #239	@ 0xef
20000aee:	009b      	lsls	r3, r3, #2
20000af0:	5ce2      	ldrb	r2, [r4, r3]
20000af2:	2a00      	cmp	r2, #0
20000af4:	d175      	bne.n	20000be2 <dcd_rp2040_irq+0x50a>
20000af6:	4b46      	ldr	r3, [pc, #280]	@ (20000c10 <dcd_rp2040_irq+0x538>)
20000af8:	5ce3      	ldrb	r3, [r4, r3]
20000afa:	2b02      	cmp	r3, #2
20000afc:	d000      	beq.n	20000b00 <dcd_rp2040_irq+0x428>
20000afe:	e65e      	b.n	200007be <dcd_rp2040_irq+0xe6>
20000b00:	4b44      	ldr	r3, [pc, #272]	@ (20000c14 <dcd_rp2040_irq+0x53c>)
20000b02:	5ce3      	ldrb	r3, [r4, r3]
20000b04:	2b00      	cmp	r3, #0
20000b06:	d100      	bne.n	20000b0a <dcd_rp2040_irq+0x432>
20000b08:	e659      	b.n	200007be <dcd_rp2040_irq+0xe6>
20000b0a:	e7d2      	b.n	20000ab2 <dcd_rp2040_irq+0x3da>
20000b0c:	2200      	movs	r2, #0
20000b0e:	54e2      	strb	r2, [r4, r3]
20000b10:	3b1c      	subs	r3, #28
20000b12:	18e0      	adds	r0, r4, r3
20000b14:	f000 f9a6 	bl	20000e64 <hw_endpoint_start_next_buffer>
20000b18:	003e      	movs	r6, r7
20000b1a:	e636      	b.n	2000078a <dcd_rp2040_irq+0xb2>
20000b1c:	0020      	movs	r0, r4
20000b1e:	2200      	movs	r2, #0
20000b20:	30a0      	adds	r0, #160	@ 0xa0
20000b22:	54e2      	strb	r2, [r4, r3]
20000b24:	003e      	movs	r6, r7
20000b26:	f000 f99d 	bl	20000e64 <hw_endpoint_start_next_buffer>
20000b2a:	e5f8      	b.n	2000071e <dcd_rp2040_irq+0x46>
20000b2c:	0020      	movs	r0, r4
20000b2e:	2200      	movs	r2, #0
20000b30:	3060      	adds	r0, #96	@ 0x60
20000b32:	54e2      	strb	r2, [r4, r3]
20000b34:	003e      	movs	r6, r7
20000b36:	f000 f995 	bl	20000e64 <hw_endpoint_start_next_buffer>
20000b3a:	e5eb      	b.n	20000714 <dcd_rp2040_irq+0x3c>
20000b3c:	2200      	movs	r2, #0
20000b3e:	54e2      	strb	r2, [r4, r3]
20000b40:	3b1c      	subs	r3, #28
20000b42:	18e0      	adds	r0, r4, r3
20000b44:	f000 f98e 	bl	20000e64 <hw_endpoint_start_next_buffer>
20000b48:	003e      	movs	r6, r7
20000b4a:	e614      	b.n	20000776 <dcd_rp2040_irq+0x9e>
20000b4c:	2200      	movs	r2, #0
20000b4e:	54e2      	strb	r2, [r4, r3]
20000b50:	3b1c      	subs	r3, #28
20000b52:	18e0      	adds	r0, r4, r3
20000b54:	f000 f986 	bl	20000e64 <hw_endpoint_start_next_buffer>
20000b58:	003e      	movs	r6, r7
20000b5a:	e602      	b.n	20000762 <dcd_rp2040_irq+0x8a>
20000b5c:	2200      	movs	r2, #0
20000b5e:	54e2      	strb	r2, [r4, r3]
20000b60:	3b1c      	subs	r3, #28
20000b62:	18e0      	adds	r0, r4, r3
20000b64:	f000 f97e 	bl	20000e64 <hw_endpoint_start_next_buffer>
20000b68:	003e      	movs	r6, r7
20000b6a:	e609      	b.n	20000780 <dcd_rp2040_irq+0xa8>
20000b6c:	0020      	movs	r0, r4
20000b6e:	2200      	movs	r2, #0
20000b70:	30a1      	adds	r0, #161	@ 0xa1
20000b72:	30ff      	adds	r0, #255	@ 0xff
20000b74:	54e2      	strb	r2, [r4, r3]
20000b76:	003e      	movs	r6, r7
20000b78:	f000 f974 	bl	20000e64 <hw_endpoint_start_next_buffer>
20000b7c:	e5e6      	b.n	2000074c <dcd_rp2040_irq+0x74>
20000b7e:	0020      	movs	r0, r4
20000b80:	2200      	movs	r2, #0
20000b82:	3021      	adds	r0, #33	@ 0x21
20000b84:	30ff      	adds	r0, #255	@ 0xff
20000b86:	54e2      	strb	r2, [r4, r3]
20000b88:	003e      	movs	r6, r7
20000b8a:	f000 f96b 	bl	20000e64 <hw_endpoint_start_next_buffer>
20000b8e:	e5d1      	b.n	20000734 <dcd_rp2040_irq+0x5c>
20000b90:	2200      	movs	r2, #0
20000b92:	54e2      	strb	r2, [r4, r3]
20000b94:	3b1c      	subs	r3, #28
20000b96:	18e0      	adds	r0, r4, r3
20000b98:	f000 f964 	bl	20000e64 <hw_endpoint_start_next_buffer>
20000b9c:	003e      	movs	r6, r7
20000b9e:	e5e5      	b.n	2000076c <dcd_rp2040_irq+0x94>
20000ba0:	0020      	movs	r0, r4
20000ba2:	2200      	movs	r2, #0
20000ba4:	3061      	adds	r0, #97	@ 0x61
20000ba6:	30ff      	adds	r0, #255	@ 0xff
20000ba8:	54e2      	strb	r2, [r4, r3]
20000baa:	003e      	movs	r6, r7
20000bac:	f000 f95a 	bl	20000e64 <hw_endpoint_start_next_buffer>
20000bb0:	e5c6      	b.n	20000740 <dcd_rp2040_irq+0x68>
20000bb2:	0020      	movs	r0, r4
20000bb4:	2200      	movs	r2, #0
20000bb6:	30e1      	adds	r0, #225	@ 0xe1
20000bb8:	30ff      	adds	r0, #255	@ 0xff
20000bba:	54e2      	strb	r2, [r4, r3]
20000bbc:	003e      	movs	r6, r7
20000bbe:	f000 f951 	bl	20000e64 <hw_endpoint_start_next_buffer>
20000bc2:	e5c9      	b.n	20000758 <dcd_rp2040_irq+0x80>
20000bc4:	0020      	movs	r0, r4
20000bc6:	2200      	movs	r2, #0
20000bc8:	30e0      	adds	r0, #224	@ 0xe0
20000bca:	54e2      	strb	r2, [r4, r3]
20000bcc:	003e      	movs	r6, r7
20000bce:	f000 f949 	bl	20000e64 <hw_endpoint_start_next_buffer>
20000bd2:	e5a9      	b.n	20000728 <dcd_rp2040_irq+0x50>
20000bd4:	2200      	movs	r2, #0
20000bd6:	54e2      	strb	r2, [r4, r3]
20000bd8:	3b1c      	subs	r3, #28
20000bda:	18e0      	adds	r0, r4, r3
20000bdc:	f000 f942 	bl	20000e64 <hw_endpoint_start_next_buffer>
20000be0:	e754      	b.n	20000a8c <dcd_rp2040_irq+0x3b4>
20000be2:	2200      	movs	r2, #0
20000be4:	54e2      	strb	r2, [r4, r3]
20000be6:	3b1c      	subs	r3, #28
20000be8:	18e0      	adds	r0, r4, r3
20000bea:	f000 f93b 	bl	20000e64 <hw_endpoint_start_next_buffer>
20000bee:	e782      	b.n	20000af6 <dcd_rp2040_irq+0x41e>
20000bf0:	0031      	movs	r1, r6
20000bf2:	480a      	ldr	r0, [pc, #40]	@ (20000c1c <dcd_rp2040_irq+0x544>)
20000bf4:	4069      	eors	r1, r5
20000bf6:	f000 fa7f 	bl	200010f8 <__panic_veneer>
20000bfa:	46c0      	nop			@ (mov r8, r8)
20000bfc:	0000023a 	.word	0x0000023a
20000c00:	000002ba 	.word	0x000002ba
20000c04:	0000037a 	.word	0x0000037a
20000c08:	000003bb 	.word	0x000003bb
20000c0c:	000003ba 	.word	0x000003ba
20000c10:	000003fb 	.word	0x000003fb
20000c14:	000003fa 	.word	0x000003fa
20000c18:	0000033a 	.word	0x0000033a
20000c1c:	1000abb8 	.word	0x1000abb8

20000c20 <prepare_ep_buffer>:
20000c20:	b5f0      	push	{r4, r5, r6, r7, lr}
20000c22:	46c6      	mov	lr, r8
20000c24:	b500      	push	{lr}
20000c26:	0002      	movs	r2, r0
20000c28:	8a83      	ldrh	r3, [r0, #20]
20000c2a:	8b00      	ldrh	r0, [r0, #24]
20000c2c:	468c      	mov	ip, r1
20000c2e:	1c01      	adds	r1, r0, #0
20000c30:	4298      	cmp	r0, r3
20000c32:	d900      	bls.n	20000c36 <prepare_ep_buffer+0x16>
20000c34:	1c19      	adds	r1, r3, #0
20000c36:	78d4      	ldrb	r4, [r2, #3]
20000c38:	2580      	movs	r5, #128	@ 0x80
20000c3a:	0020      	movs	r0, r4
20000c3c:	1e46      	subs	r6, r0, #1
20000c3e:	41b0      	sbcs	r0, r6
20000c40:	b289      	uxth	r1, r1
20000c42:	00ed      	lsls	r5, r5, #3
20000c44:	430d      	orrs	r5, r1
20000c46:	0340      	lsls	r0, r0, #13
20000c48:	4328      	orrs	r0, r5
20000c4a:	2501      	movs	r5, #1
20000c4c:	406c      	eors	r4, r5
20000c4e:	1a5b      	subs	r3, r3, r1
20000c50:	70d4      	strb	r4, [r2, #3]
20000c52:	7854      	ldrb	r4, [r2, #1]
20000c54:	b29b      	uxth	r3, r3
20000c56:	8293      	strh	r3, [r2, #20]
20000c58:	2c00      	cmp	r4, #0
20000c5a:	d131      	bne.n	20000cc0 <prepare_ep_buffer+0xa0>
20000c5c:	4664      	mov	r4, ip
20000c5e:	68d5      	ldr	r5, [r2, #12]
20000c60:	01a4      	lsls	r4, r4, #6
20000c62:	1e4e      	subs	r6, r1, #1
20000c64:	192d      	adds	r5, r5, r4
20000c66:	46b0      	mov	r8, r6
20000c68:	6914      	ldr	r4, [r2, #16]
20000c6a:	2900      	cmp	r1, #0
20000c6c:	d023      	beq.n	20000cb6 <prepare_ep_buffer+0x96>
20000c6e:	2e06      	cmp	r6, #6
20000c70:	d932      	bls.n	20000cd8 <prepare_ep_buffer+0xb8>
20000c72:	002b      	movs	r3, r5
20000c74:	4323      	orrs	r3, r4
20000c76:	079b      	lsls	r3, r3, #30
20000c78:	d12e      	bne.n	20000cd8 <prepare_ep_buffer+0xb8>
20000c7a:	1c63      	adds	r3, r4, #1
20000c7c:	1aeb      	subs	r3, r5, r3
20000c7e:	2b02      	cmp	r3, #2
20000c80:	d92a      	bls.n	20000cd8 <prepare_ep_buffer+0xb8>
20000c82:	2300      	movs	r3, #0
20000c84:	088f      	lsrs	r7, r1, #2
20000c86:	00bf      	lsls	r7, r7, #2
20000c88:	58e6      	ldr	r6, [r4, r3]
20000c8a:	50ee      	str	r6, [r5, r3]
20000c8c:	3304      	adds	r3, #4
20000c8e:	429f      	cmp	r7, r3
20000c90:	d1fa      	bne.n	20000c88 <prepare_ep_buffer+0x68>
20000c92:	4643      	mov	r3, r8
20000c94:	19ed      	adds	r5, r5, r7
20000c96:	1bdb      	subs	r3, r3, r7
20000c98:	19e4      	adds	r4, r4, r7
20000c9a:	42b9      	cmp	r1, r7
20000c9c:	d009      	beq.n	20000cb2 <prepare_ep_buffer+0x92>
20000c9e:	7826      	ldrb	r6, [r4, #0]
20000ca0:	702e      	strb	r6, [r5, #0]
20000ca2:	2b00      	cmp	r3, #0
20000ca4:	d005      	beq.n	20000cb2 <prepare_ep_buffer+0x92>
20000ca6:	7866      	ldrb	r6, [r4, #1]
20000ca8:	706e      	strb	r6, [r5, #1]
20000caa:	2b01      	cmp	r3, #1
20000cac:	d001      	beq.n	20000cb2 <prepare_ep_buffer+0x92>
20000cae:	78a3      	ldrb	r3, [r4, #2]
20000cb0:	70ab      	strb	r3, [r5, #2]
20000cb2:	6914      	ldr	r4, [r2, #16]
20000cb4:	8a93      	ldrh	r3, [r2, #20]
20000cb6:	1864      	adds	r4, r4, r1
20000cb8:	6114      	str	r4, [r2, #16]
20000cba:	2280      	movs	r2, #128	@ 0x80
20000cbc:	0212      	lsls	r2, r2, #8
20000cbe:	4310      	orrs	r0, r2
20000cc0:	2b00      	cmp	r3, #0
20000cc2:	d102      	bne.n	20000cca <prepare_ep_buffer+0xaa>
20000cc4:	2380      	movs	r3, #128	@ 0x80
20000cc6:	01db      	lsls	r3, r3, #7
20000cc8:	4318      	orrs	r0, r3
20000cca:	4663      	mov	r3, ip
20000ccc:	2b00      	cmp	r3, #0
20000cce:	d000      	beq.n	20000cd2 <prepare_ep_buffer+0xb2>
20000cd0:	0400      	lsls	r0, r0, #16
20000cd2:	bc80      	pop	{r7}
20000cd4:	46b8      	mov	r8, r7
20000cd6:	bdf0      	pop	{r4, r5, r6, r7, pc}
20000cd8:	2300      	movs	r3, #0
20000cda:	5ce6      	ldrb	r6, [r4, r3]
20000cdc:	54ee      	strb	r6, [r5, r3]
20000cde:	3301      	adds	r3, #1
20000ce0:	4299      	cmp	r1, r3
20000ce2:	d1fa      	bne.n	20000cda <prepare_ep_buffer+0xba>
20000ce4:	e7e5      	b.n	20000cb2 <prepare_ep_buffer+0x92>
20000ce6:	46c0      	nop			@ (mov r8, r8)

20000ce8 <sync_ep_buffer>:
20000ce8:	6883      	ldr	r3, [r0, #8]
20000cea:	b5f0      	push	{r4, r5, r6, r7, lr}
20000cec:	681a      	ldr	r2, [r3, #0]
20000cee:	0004      	movs	r4, r0
20000cf0:	2900      	cmp	r1, #0
20000cf2:	d000      	beq.n	20000cf6 <sync_ep_buffer+0xe>
20000cf4:	0c12      	lsrs	r2, r2, #16
20000cf6:	7863      	ldrb	r3, [r4, #1]
20000cf8:	0592      	lsls	r2, r2, #22
20000cfa:	0d90      	lsrs	r0, r2, #22
20000cfc:	2b00      	cmp	r3, #0
20000cfe:	d108      	bne.n	20000d12 <sync_ep_buffer+0x2a>
20000d00:	8ae3      	ldrh	r3, [r4, #22]
20000d02:	18c3      	adds	r3, r0, r3
20000d04:	82e3      	strh	r3, [r4, #22]
20000d06:	8b23      	ldrh	r3, [r4, #24]
20000d08:	4283      	cmp	r3, r0
20000d0a:	d901      	bls.n	20000d10 <sync_ep_buffer+0x28>
20000d0c:	2300      	movs	r3, #0
20000d0e:	82a3      	strh	r3, [r4, #20]
20000d10:	bdf0      	pop	{r4, r5, r6, r7, pc}
20000d12:	68e3      	ldr	r3, [r4, #12]
20000d14:	0189      	lsls	r1, r1, #6
20000d16:	6925      	ldr	r5, [r4, #16]
20000d18:	185e      	adds	r6, r3, r1
20000d1a:	1e47      	subs	r7, r0, #1
20000d1c:	2800      	cmp	r0, #0
20000d1e:	d022      	beq.n	20000d66 <sync_ep_buffer+0x7e>
20000d20:	2f06      	cmp	r7, #6
20000d22:	d926      	bls.n	20000d72 <sync_ep_buffer+0x8a>
20000d24:	3101      	adds	r1, #1
20000d26:	185b      	adds	r3, r3, r1
20000d28:	1aeb      	subs	r3, r5, r3
20000d2a:	2b02      	cmp	r3, #2
20000d2c:	d921      	bls.n	20000d72 <sync_ep_buffer+0x8a>
20000d2e:	002b      	movs	r3, r5
20000d30:	4333      	orrs	r3, r6
20000d32:	079b      	lsls	r3, r3, #30
20000d34:	d11d      	bne.n	20000d72 <sync_ep_buffer+0x8a>
20000d36:	2300      	movs	r3, #0
20000d38:	0e12      	lsrs	r2, r2, #24
20000d3a:	0092      	lsls	r2, r2, #2
20000d3c:	58f1      	ldr	r1, [r6, r3]
20000d3e:	50e9      	str	r1, [r5, r3]
20000d40:	3304      	adds	r3, #4
20000d42:	429a      	cmp	r2, r3
20000d44:	d1fa      	bne.n	20000d3c <sync_ep_buffer+0x54>
20000d46:	1abf      	subs	r7, r7, r2
20000d48:	18ad      	adds	r5, r5, r2
20000d4a:	18b6      	adds	r6, r6, r2
20000d4c:	4290      	cmp	r0, r2
20000d4e:	d009      	beq.n	20000d64 <sync_ep_buffer+0x7c>
20000d50:	7832      	ldrb	r2, [r6, #0]
20000d52:	702a      	strb	r2, [r5, #0]
20000d54:	2f00      	cmp	r7, #0
20000d56:	d005      	beq.n	20000d64 <sync_ep_buffer+0x7c>
20000d58:	7872      	ldrb	r2, [r6, #1]
20000d5a:	706a      	strb	r2, [r5, #1]
20000d5c:	2f01      	cmp	r7, #1
20000d5e:	d001      	beq.n	20000d64 <sync_ep_buffer+0x7c>
20000d60:	78b2      	ldrb	r2, [r6, #2]
20000d62:	70aa      	strb	r2, [r5, #2]
20000d64:	6925      	ldr	r5, [r4, #16]
20000d66:	8ae3      	ldrh	r3, [r4, #22]
20000d68:	182d      	adds	r5, r5, r0
20000d6a:	18c3      	adds	r3, r0, r3
20000d6c:	82e3      	strh	r3, [r4, #22]
20000d6e:	6125      	str	r5, [r4, #16]
20000d70:	e7c9      	b.n	20000d06 <sync_ep_buffer+0x1e>
20000d72:	2200      	movs	r2, #0
20000d74:	5cb3      	ldrb	r3, [r6, r2]
20000d76:	54ab      	strb	r3, [r5, r2]
20000d78:	3201      	adds	r2, #1
20000d7a:	4290      	cmp	r0, r2
20000d7c:	d1fa      	bne.n	20000d74 <sync_ep_buffer+0x8c>
20000d7e:	6925      	ldr	r5, [r4, #16]
20000d80:	e7f1      	b.n	20000d66 <sync_ep_buffer+0x7e>
20000d82:	46c0      	nop			@ (mov r8, r8)

20000d84 <_hw_endpoint_xfer_sync>:
20000d84:	b510      	push	{r4, lr}
20000d86:	0004      	movs	r4, r0
20000d88:	6883      	ldr	r3, [r0, #8]
20000d8a:	2100      	movs	r1, #0
20000d8c:	681b      	ldr	r3, [r3, #0]
20000d8e:	f7ff ffab 	bl	20000ce8 <sync_ep_buffer>
20000d92:	6863      	ldr	r3, [r4, #4]
20000d94:	681b      	ldr	r3, [r3, #0]
20000d96:	005b      	lsls	r3, r3, #1
20000d98:	d502      	bpl.n	20000da0 <_hw_endpoint_xfer_sync+0x1c>
20000d9a:	8b23      	ldrh	r3, [r4, #24]
20000d9c:	4283      	cmp	r3, r0
20000d9e:	d000      	beq.n	20000da2 <_hw_endpoint_xfer_sync+0x1e>
20000da0:	bd10      	pop	{r4, pc}
20000da2:	2101      	movs	r1, #1
20000da4:	0020      	movs	r0, r4
20000da6:	f7ff ff9f 	bl	20000ce8 <sync_ep_buffer>
20000daa:	e7f9      	b.n	20000da0 <_hw_endpoint_xfer_sync+0x1c>

20000dac <e15_is_bulkin_ep>:
20000dac:	4a08      	ldr	r2, [pc, #32]	@ (20000dd0 <e15_is_bulkin_ep+0x24>)
20000dae:	0003      	movs	r3, r0
20000db0:	6c12      	ldr	r2, [r2, #64]	@ 0x40
20000db2:	2000      	movs	r0, #0
20000db4:	0792      	lsls	r2, r2, #30
20000db6:	d403      	bmi.n	20000dc0 <e15_is_bulkin_ep+0x14>
20000db8:	789a      	ldrb	r2, [r3, #2]
20000dba:	09d2      	lsrs	r2, r2, #7
20000dbc:	2a01      	cmp	r2, #1
20000dbe:	d000      	beq.n	20000dc2 <e15_is_bulkin_ep+0x16>
20000dc0:	4770      	bx	lr
20000dc2:	7ed8      	ldrb	r0, [r3, #27]
20000dc4:	3802      	subs	r0, #2
20000dc6:	4243      	negs	r3, r0
20000dc8:	4158      	adcs	r0, r3
20000dca:	b2c0      	uxtb	r0, r0
20000dcc:	e7f8      	b.n	20000dc0 <e15_is_bulkin_ep+0x14>
20000dce:	46c0      	nop			@ (mov r8, r8)
20000dd0:	50110000 	.word	0x50110000

20000dd4 <e15_is_critical_frame_period>:
20000dd4:	b510      	push	{r4, lr}
20000dd6:	f7ff ffe9 	bl	20000dac <e15_is_bulkin_ep>
20000dda:	2800      	cmp	r0, #0
20000ddc:	d00c      	beq.n	20000df8 <e15_is_critical_frame_period+0x24>
20000dde:	4907      	ldr	r1, [pc, #28]	@ (20000dfc <e15_is_critical_frame_period+0x28>)
20000de0:	4b07      	ldr	r3, [pc, #28]	@ (20000e00 <e15_is_critical_frame_period+0x2c>)
20000de2:	468c      	mov	ip, r1
20000de4:	4a07      	ldr	r2, [pc, #28]	@ (20000e04 <e15_is_critical_frame_period+0x30>)
20000de6:	6a9b      	ldr	r3, [r3, #40]	@ 0x28
20000de8:	6812      	ldr	r2, [r2, #0]
20000dea:	4463      	add	r3, ip
20000dec:	1a9b      	subs	r3, r3, r2
20000dee:	2000      	movs	r0, #0
20000df0:	22c6      	movs	r2, #198	@ 0xc6
20000df2:	429a      	cmp	r2, r3
20000df4:	4140      	adcs	r0, r0
20000df6:	b2c0      	uxtb	r0, r0
20000df8:	bd10      	pop	{r4, pc}
20000dfa:	46c0      	nop			@ (mov r8, r8)
20000dfc:	fffffce0 	.word	0xfffffce0
20000e00:	40054000 	.word	0x40054000
20000e04:	20002704 	.word	0x20002704

20000e08 <hw_endpoint_reset_transfer>:
20000e08:	2300      	movs	r3, #0
20000e0a:	7683      	strb	r3, [r0, #26]
20000e0c:	6143      	str	r3, [r0, #20]
20000e0e:	6103      	str	r3, [r0, #16]
20000e10:	4770      	bx	lr
20000e12:	46c0      	nop			@ (mov r8, r8)

20000e14 <_hw_endpoint_buffer_control_update32>:
20000e14:	b510      	push	{r4, lr}
20000e16:	6883      	ldr	r3, [r0, #8]
20000e18:	2900      	cmp	r1, #0
20000e1a:	d001      	beq.n	20000e20 <_hw_endpoint_buffer_control_update32+0xc>
20000e1c:	681c      	ldr	r4, [r3, #0]
20000e1e:	4021      	ands	r1, r4
20000e20:	2a00      	cmp	r2, #0
20000e22:	d012      	beq.n	20000e4a <_hw_endpoint_buffer_control_update32+0x36>
20000e24:	2480      	movs	r4, #128	@ 0x80
20000e26:	00e4      	lsls	r4, r4, #3
20000e28:	4311      	orrs	r1, r2
20000e2a:	4222      	tst	r2, r4
20000e2c:	d00d      	beq.n	20000e4a <_hw_endpoint_buffer_control_update32+0x36>
20000e2e:	681a      	ldr	r2, [r3, #0]
20000e30:	4222      	tst	r2, r4
20000e32:	d10c      	bne.n	20000e4e <_hw_endpoint_buffer_control_update32+0x3a>
20000e34:	4a08      	ldr	r2, [pc, #32]	@ (20000e58 <_hw_endpoint_buffer_control_update32+0x44>)
20000e36:	400a      	ands	r2, r1
20000e38:	601a      	str	r2, [r3, #0]
20000e3a:	4a08      	ldr	r2, [pc, #32]	@ (20000e5c <_hw_endpoint_buffer_control_update32+0x48>)
20000e3c:	6c12      	ldr	r2, [r2, #64]	@ 0x40
20000e3e:	0792      	lsls	r2, r2, #30
20000e40:	d403      	bmi.n	20000e4a <_hw_endpoint_buffer_control_update32+0x36>
20000e42:	230c      	movs	r3, #12
20000e44:	3b03      	subs	r3, #3
20000e46:	d2fd      	bcs.n	20000e44 <_hw_endpoint_buffer_control_update32+0x30>
20000e48:	6883      	ldr	r3, [r0, #8]
20000e4a:	6019      	str	r1, [r3, #0]
20000e4c:	bd10      	pop	{r4, pc}
20000e4e:	7881      	ldrb	r1, [r0, #2]
20000e50:	4803      	ldr	r0, [pc, #12]	@ (20000e60 <_hw_endpoint_buffer_control_update32+0x4c>)
20000e52:	f000 f951 	bl	200010f8 <__panic_veneer>
20000e56:	46c0      	nop			@ (mov r8, r8)
20000e58:	fffffbff 	.word	0xfffffbff
20000e5c:	50110000 	.word	0x50110000
20000e60:	1000abcc 	.word	0x1000abcc

20000e64 <hw_endpoint_start_next_buffer>:
20000e64:	6843      	ldr	r3, [r0, #4]
20000e66:	b570      	push	{r4, r5, r6, lr}
20000e68:	2100      	movs	r1, #0
20000e6a:	2580      	movs	r5, #128	@ 0x80
20000e6c:	0004      	movs	r4, r0
20000e6e:	681e      	ldr	r6, [r3, #0]
20000e70:	f7ff fed6 	bl	20000c20 <prepare_ep_buffer>
20000e74:	4b12      	ldr	r3, [pc, #72]	@ (20000ec0 <hw_endpoint_start_next_buffer+0x5c>)
20000e76:	016d      	lsls	r5, r5, #5
20000e78:	6c1a      	ldr	r2, [r3, #64]	@ 0x40
20000e7a:	4305      	orrs	r5, r0
20000e7c:	78a3      	ldrb	r3, [r4, #2]
20000e7e:	0792      	lsls	r2, r2, #30
20000e80:	d50e      	bpl.n	20000ea0 <hw_endpoint_start_next_buffer+0x3c>
20000e82:	065b      	lsls	r3, r3, #25
20000e84:	d00e      	beq.n	20000ea4 <hw_endpoint_start_next_buffer+0x40>
20000e86:	4b0f      	ldr	r3, [pc, #60]	@ (20000ec4 <hw_endpoint_start_next_buffer+0x60>)
20000e88:	401e      	ands	r6, r3
20000e8a:	2380      	movs	r3, #128	@ 0x80
20000e8c:	059b      	lsls	r3, r3, #22
20000e8e:	4333      	orrs	r3, r6
20000e90:	6862      	ldr	r2, [r4, #4]
20000e92:	2100      	movs	r1, #0
20000e94:	6013      	str	r3, [r2, #0]
20000e96:	0020      	movs	r0, r4
20000e98:	002a      	movs	r2, r5
20000e9a:	f7ff ffbb 	bl	20000e14 <_hw_endpoint_buffer_control_update32>
20000e9e:	bd70      	pop	{r4, r5, r6, pc}
20000ea0:	09db      	lsrs	r3, r3, #7
20000ea2:	d0f0      	beq.n	20000e86 <hw_endpoint_start_next_buffer+0x22>
20000ea4:	8aa3      	ldrh	r3, [r4, #20]
20000ea6:	2b00      	cmp	r3, #0
20000ea8:	d0ed      	beq.n	20000e86 <hw_endpoint_start_next_buffer+0x22>
20000eaa:	2101      	movs	r1, #1
20000eac:	0020      	movs	r0, r4
20000eae:	f7ff feb7 	bl	20000c20 <prepare_ep_buffer>
20000eb2:	23a0      	movs	r3, #160	@ 0xa0
20000eb4:	4a04      	ldr	r2, [pc, #16]	@ (20000ec8 <hw_endpoint_start_next_buffer+0x64>)
20000eb6:	05db      	lsls	r3, r3, #23
20000eb8:	4032      	ands	r2, r6
20000eba:	4305      	orrs	r5, r0
20000ebc:	4313      	orrs	r3, r2
20000ebe:	e7e7      	b.n	20000e90 <hw_endpoint_start_next_buffer+0x2c>
20000ec0:	50110000 	.word	0x50110000
20000ec4:	afffffff 	.word	0xafffffff
20000ec8:	dfffffff 	.word	0xdfffffff

20000ecc <hw_endpoint_xfer_continue>:
20000ecc:	b570      	push	{r4, r5, r6, lr}
20000ece:	7e85      	ldrb	r5, [r0, #26]
20000ed0:	0004      	movs	r4, r0
20000ed2:	2d00      	cmp	r5, #0
20000ed4:	d014      	beq.n	20000f00 <hw_endpoint_xfer_continue+0x34>
20000ed6:	f7ff ff55 	bl	20000d84 <_hw_endpoint_xfer_sync>
20000eda:	8aa3      	ldrh	r3, [r4, #20]
20000edc:	2b00      	cmp	r3, #0
20000ede:	d101      	bne.n	20000ee4 <hw_endpoint_xfer_continue+0x18>
20000ee0:	0028      	movs	r0, r5
20000ee2:	bd70      	pop	{r4, r5, r6, pc}
20000ee4:	0020      	movs	r0, r4
20000ee6:	f7ff ff75 	bl	20000dd4 <e15_is_critical_frame_period>
20000eea:	2800      	cmp	r0, #0
20000eec:	d003      	beq.n	20000ef6 <hw_endpoint_xfer_continue+0x2a>
20000eee:	2301      	movs	r3, #1
20000ef0:	2500      	movs	r5, #0
20000ef2:	7723      	strb	r3, [r4, #28]
20000ef4:	e7f4      	b.n	20000ee0 <hw_endpoint_xfer_continue+0x14>
20000ef6:	0020      	movs	r0, r4
20000ef8:	f7ff ffb4 	bl	20000e64 <hw_endpoint_start_next_buffer>
20000efc:	2500      	movs	r5, #0
20000efe:	e7ef      	b.n	20000ee0 <hw_endpoint_xfer_continue+0x14>
20000f00:	7881      	ldrb	r1, [r0, #2]
20000f02:	4801      	ldr	r0, [pc, #4]	@ (20000f08 <hw_endpoint_xfer_continue+0x3c>)
20000f04:	f000 f8f8 	bl	200010f8 <__panic_veneer>
20000f08:	1000abec 	.word	0x1000abec

20000f0c <dcd_event_handler>:
20000f0c:	b5f0      	push	{r4, r5, r6, r7, lr}
20000f0e:	46ce      	mov	lr, r9
20000f10:	4647      	mov	r7, r8
20000f12:	b580      	push	{r7, lr}
20000f14:	7843      	ldrb	r3, [r0, #1]
20000f16:	0005      	movs	r5, r0
20000f18:	000e      	movs	r6, r1
20000f1a:	b085      	sub	sp, #20
20000f1c:	2b06      	cmp	r3, #6
20000f1e:	d808      	bhi.n	20000f32 <dcd_event_handler+0x26>
20000f20:	4a6c      	ldr	r2, [pc, #432]	@ (200010d4 <dcd_event_handler+0x1c8>)
20000f22:	009b      	lsls	r3, r3, #2
20000f24:	58d3      	ldr	r3, [r2, r3]
20000f26:	469f      	mov	pc, r3
20000f28:	4a6b      	ldr	r2, [pc, #428]	@ (200010d8 <dcd_event_handler+0x1cc>)
20000f2a:	7813      	ldrb	r3, [r2, #0]
20000f2c:	3301      	adds	r3, #1
20000f2e:	b2db      	uxtb	r3, r3
20000f30:	7013      	strb	r3, [r2, #0]
20000f32:	4b6a      	ldr	r3, [pc, #424]	@ (200010dc <dcd_event_handler+0x1d0>)
20000f34:	681c      	ldr	r4, [r3, #0]
20000f36:	6962      	ldr	r2, [r4, #20]
20000f38:	f3ef 8110 	mrs	r1, PRIMASK
20000f3c:	b672      	cpsid	i
20000f3e:	6813      	ldr	r3, [r2, #0]
20000f40:	2b00      	cmp	r3, #0
20000f42:	d0fc      	beq.n	20000f3e <dcd_event_handler+0x32>
20000f44:	f3bf 8f5f 	dmb	sy
20000f48:	61a1      	str	r1, [r4, #24]
20000f4a:	0020      	movs	r0, r4
20000f4c:	0029      	movs	r1, r5
20000f4e:	f000 f90b 	bl	20001168 <__tu_fifo_write_veneer>
20000f52:	6962      	ldr	r2, [r4, #20]
20000f54:	69a3      	ldr	r3, [r4, #24]
20000f56:	f3bf 8f5f 	dmb	sy
20000f5a:	2100      	movs	r1, #0
20000f5c:	6011      	str	r1, [r2, #0]
20000f5e:	f383 8810 	msr	PRIMASK, r3
20000f62:	2800      	cmp	r0, #0
20000f64:	d104      	bne.n	20000f70 <dcd_event_handler+0x64>
20000f66:	b005      	add	sp, #20
20000f68:	bcc0      	pop	{r6, r7}
20000f6a:	46b9      	mov	r9, r7
20000f6c:	46b0      	mov	r8, r6
20000f6e:	bdf0      	pop	{r4, r5, r6, r7, pc}
20000f70:	0032      	movs	r2, r6
20000f72:	7869      	ldrb	r1, [r5, #1]
20000f74:	7828      	ldrb	r0, [r5, #0]
20000f76:	f000 f8ef 	bl	20001158 <__tud_event_hook_cb_veneer>
20000f7a:	e7f4      	b.n	20000f66 <dcd_event_handler+0x5a>
20000f7c:	2101      	movs	r1, #1
20000f7e:	4b58      	ldr	r3, [pc, #352]	@ (200010e0 <dcd_event_handler+0x1d4>)
20000f80:	781a      	ldrb	r2, [r3, #0]
20000f82:	438a      	bics	r2, r1
20000f84:	701a      	strb	r2, [r3, #0]
20000f86:	781a      	ldrb	r2, [r3, #0]
20000f88:	3101      	adds	r1, #1
20000f8a:	438a      	bics	r2, r1
20000f8c:	701a      	strb	r2, [r3, #0]
20000f8e:	2200      	movs	r2, #0
20000f90:	705a      	strb	r2, [r3, #1]
20000f92:	781a      	ldrb	r2, [r3, #0]
20000f94:	3102      	adds	r1, #2
20000f96:	438a      	bics	r2, r1
20000f98:	701a      	strb	r2, [r3, #0]
20000f9a:	e7ca      	b.n	20000f32 <dcd_event_handler+0x26>
20000f9c:	4951      	ldr	r1, [pc, #324]	@ (200010e4 <dcd_event_handler+0x1d8>)
20000f9e:	4f52      	ldr	r7, [pc, #328]	@ (200010e8 <dcd_event_handler+0x1dc>)
20000fa0:	4689      	mov	r9, r1
20000fa2:	4952      	ldr	r1, [pc, #328]	@ (200010ec <dcd_event_handler+0x1e0>)
20000fa4:	2400      	movs	r4, #0
20000fa6:	2300      	movs	r3, #0
20000fa8:	4688      	mov	r8, r1
20000faa:	783a      	ldrb	r2, [r7, #0]
20000fac:	e012      	b.n	20000fd4 <dcd_event_handler+0xc8>
20000fae:	4643      	mov	r3, r8
20000fb0:	681b      	ldr	r3, [r3, #0]
20000fb2:	0161      	lsls	r1, r4, #5
20000fb4:	185b      	adds	r3, r3, r1
20000fb6:	2b00      	cmp	r3, #0
20000fb8:	d006      	beq.n	20000fc8 <dcd_event_handler+0xbc>
20000fba:	69db      	ldr	r3, [r3, #28]
20000fbc:	2b00      	cmp	r3, #0
20000fbe:	d003      	beq.n	20000fc8 <dcd_event_handler+0xbc>
20000fc0:	6869      	ldr	r1, [r5, #4]
20000fc2:	7828      	ldrb	r0, [r5, #0]
20000fc4:	4798      	blx	r3
20000fc6:	783a      	ldrb	r2, [r7, #0]
20000fc8:	3401      	adds	r4, #1
20000fca:	b2e4      	uxtb	r4, r4
20000fcc:	1c51      	adds	r1, r2, #1
20000fce:	0023      	movs	r3, r4
20000fd0:	42a1      	cmp	r1, r4
20000fd2:	db17      	blt.n	20001004 <dcd_event_handler+0xf8>
20000fd4:	42a2      	cmp	r2, r4
20000fd6:	d8ea      	bhi.n	20000fae <dcd_event_handler+0xa2>
20000fd8:	1a9b      	subs	r3, r3, r2
20000fda:	015b      	lsls	r3, r3, #5
20000fdc:	444b      	add	r3, r9
20000fde:	e7ec      	b.n	20000fba <dcd_event_handler+0xae>
20000fe0:	4b3f      	ldr	r3, [pc, #252]	@ (200010e0 <dcd_event_handler+0x1d4>)
20000fe2:	781a      	ldrb	r2, [r3, #0]
20000fe4:	07d2      	lsls	r2, r2, #31
20000fe6:	d5be      	bpl.n	20000f66 <dcd_event_handler+0x5a>
20000fe8:	2104      	movs	r1, #4
20000fea:	781a      	ldrb	r2, [r3, #0]
20000fec:	430a      	orrs	r2, r1
20000fee:	701a      	strb	r2, [r3, #0]
20000ff0:	e79f      	b.n	20000f32 <dcd_event_handler+0x26>
20000ff2:	4b3b      	ldr	r3, [pc, #236]	@ (200010e0 <dcd_event_handler+0x1d4>)
20000ff4:	781a      	ldrb	r2, [r3, #0]
20000ff6:	07d2      	lsls	r2, r2, #31
20000ff8:	d5b5      	bpl.n	20000f66 <dcd_event_handler+0x5a>
20000ffa:	2104      	movs	r1, #4
20000ffc:	781a      	ldrb	r2, [r3, #0]
20000ffe:	438a      	bics	r2, r1
20001000:	701a      	strb	r2, [r3, #0]
20001002:	e796      	b.n	20000f32 <dcd_event_handler+0x26>
20001004:	4f36      	ldr	r7, [pc, #216]	@ (200010e0 <dcd_event_handler+0x1d4>)
20001006:	783b      	ldrb	r3, [r7, #0]
20001008:	075b      	lsls	r3, r3, #29
2000100a:	d52b      	bpl.n	20001064 <dcd_event_handler+0x158>
2000100c:	2204      	movs	r2, #4
2000100e:	783b      	ldrb	r3, [r7, #0]
20001010:	2100      	movs	r1, #0
20001012:	4393      	bics	r3, r2
20001014:	703b      	strb	r3, [r7, #0]
20001016:	466b      	mov	r3, sp
20001018:	3206      	adds	r2, #6
2000101a:	1d98      	adds	r0, r3, #6
2000101c:	f000 f88c 	bl	20001138 <____wrap_memset_veneer>
20001020:	782b      	ldrb	r3, [r5, #0]
20001022:	ac01      	add	r4, sp, #4
20001024:	7023      	strb	r3, [r4, #0]
20001026:	2305      	movs	r3, #5
20001028:	7063      	strb	r3, [r4, #1]
2000102a:	4b2c      	ldr	r3, [pc, #176]	@ (200010dc <dcd_event_handler+0x1d0>)
2000102c:	681b      	ldr	r3, [r3, #0]
2000102e:	4698      	mov	r8, r3
20001030:	695a      	ldr	r2, [r3, #20]
20001032:	f3ef 8110 	mrs	r1, PRIMASK
20001036:	b672      	cpsid	i
20001038:	6813      	ldr	r3, [r2, #0]
2000103a:	2b00      	cmp	r3, #0
2000103c:	d0fc      	beq.n	20001038 <dcd_event_handler+0x12c>
2000103e:	f3bf 8f5f 	dmb	sy
20001042:	4643      	mov	r3, r8
20001044:	4640      	mov	r0, r8
20001046:	6199      	str	r1, [r3, #24]
20001048:	0021      	movs	r1, r4
2000104a:	f000 f88d 	bl	20001168 <__tu_fifo_write_veneer>
2000104e:	4643      	mov	r3, r8
20001050:	695a      	ldr	r2, [r3, #20]
20001052:	699b      	ldr	r3, [r3, #24]
20001054:	f3bf 8f5f 	dmb	sy
20001058:	2100      	movs	r1, #0
2000105a:	6011      	str	r1, [r2, #0]
2000105c:	f383 8810 	msr	PRIMASK, r3
20001060:	2800      	cmp	r0, #0
20001062:	d131      	bne.n	200010c8 <dcd_event_handler+0x1bc>
20001064:	78fb      	ldrb	r3, [r7, #3]
20001066:	07db      	lsls	r3, r3, #31
20001068:	d400      	bmi.n	2000106c <dcd_event_handler+0x160>
2000106a:	e77c      	b.n	20000f66 <dcd_event_handler+0x5a>
2000106c:	466b      	mov	r3, sp
2000106e:	220a      	movs	r2, #10
20001070:	2100      	movs	r1, #0
20001072:	1d98      	adds	r0, r3, #6
20001074:	f000 f860 	bl	20001138 <____wrap_memset_veneer>
20001078:	782b      	ldrb	r3, [r5, #0]
2000107a:	ac01      	add	r4, sp, #4
2000107c:	7023      	strb	r3, [r4, #0]
2000107e:	2303      	movs	r3, #3
20001080:	7063      	strb	r3, [r4, #1]
20001082:	686b      	ldr	r3, [r5, #4]
20001084:	6063      	str	r3, [r4, #4]
20001086:	4b15      	ldr	r3, [pc, #84]	@ (200010dc <dcd_event_handler+0x1d0>)
20001088:	681d      	ldr	r5, [r3, #0]
2000108a:	696a      	ldr	r2, [r5, #20]
2000108c:	f3ef 8110 	mrs	r1, PRIMASK
20001090:	b672      	cpsid	i
20001092:	6813      	ldr	r3, [r2, #0]
20001094:	2b00      	cmp	r3, #0
20001096:	d0fc      	beq.n	20001092 <dcd_event_handler+0x186>
20001098:	f3bf 8f5f 	dmb	sy
2000109c:	61a9      	str	r1, [r5, #24]
2000109e:	0028      	movs	r0, r5
200010a0:	0021      	movs	r1, r4
200010a2:	f000 f861 	bl	20001168 <__tu_fifo_write_veneer>
200010a6:	696a      	ldr	r2, [r5, #20]
200010a8:	69ab      	ldr	r3, [r5, #24]
200010aa:	f3bf 8f5f 	dmb	sy
200010ae:	2100      	movs	r1, #0
200010b0:	6011      	str	r1, [r2, #0]
200010b2:	f383 8810 	msr	PRIMASK, r3
200010b6:	2800      	cmp	r0, #0
200010b8:	d100      	bne.n	200010bc <dcd_event_handler+0x1b0>
200010ba:	e754      	b.n	20000f66 <dcd_event_handler+0x5a>
200010bc:	0032      	movs	r2, r6
200010be:	7861      	ldrb	r1, [r4, #1]
200010c0:	7820      	ldrb	r0, [r4, #0]
200010c2:	f000 f849 	bl	20001158 <__tud_event_hook_cb_veneer>
200010c6:	e74e      	b.n	20000f66 <dcd_event_handler+0x5a>
200010c8:	0032      	movs	r2, r6
200010ca:	7861      	ldrb	r1, [r4, #1]
200010cc:	7820      	ldrb	r0, [r4, #0]
200010ce:	f000 f843 	bl	20001158 <__tud_event_hook_cb_veneer>
200010d2:	e7c7      	b.n	20001064 <dcd_event_handler+0x158>
200010d4:	1000b428 	.word	0x1000b428
200010d8:	20002c68 	.word	0x20002c68
200010dc:	200018f0 	.word	0x200018f0
200010e0:	20001898 	.word	0x20001898
200010e4:	1000b444 	.word	0x1000b444
200010e8:	20002c66 	.word	0x20002c66
200010ec:	200016e8 	.word	0x200016e8

200010f0 <__aeabi_idiv0>:
200010f0:	4770      	bx	lr
200010f2:	46c0      	nop			@ (mov r8, r8)
200010f4:	0000      	movs	r0, r0
	...

200010f8 <__panic_veneer>:
200010f8:	b401      	push	{r0}
200010fa:	4802      	ldr	r0, [pc, #8]	@ (20001104 <__panic_veneer+0xc>)
200010fc:	4684      	mov	ip, r0
200010fe:	bc01      	pop	{r0}
20001100:	4760      	bx	ip
20001102:	bf00      	nop
20001104:	10000585 	.word	0x10000585

20001108 <____wrap___aeabi_lmul_veneer>:
20001108:	b401      	push	{r0}
2000110a:	4802      	ldr	r0, [pc, #8]	@ (20001114 <____wrap___aeabi_lmul_veneer+0xc>)
2000110c:	4684      	mov	ip, r0
2000110e:	bc01      	pop	{r0}
20001110:	4760      	bx	ip
20001112:	bf00      	nop
20001114:	100024bd 	.word	0x100024bd

20001118 <__best_effort_wfe_or_timeout_veneer>:
20001118:	b401      	push	{r0}
2000111a:	4802      	ldr	r0, [pc, #8]	@ (20001124 <__best_effort_wfe_or_timeout_veneer+0xc>)
2000111c:	4684      	mov	ip, r0
2000111e:	bc01      	pop	{r0}
20001120:	4760      	bx	ip
20001122:	bf00      	nop
20001124:	100015c9 	.word	0x100015c9

20001128 <__rp2040_chip_version_veneer>:
20001128:	b401      	push	{r0}
2000112a:	4802      	ldr	r0, [pc, #8]	@ (20001134 <__rp2040_chip_version_veneer+0xc>)
2000112c:	4684      	mov	ip, r0
2000112e:	bc01      	pop	{r0}
20001130:	4760      	bx	ip
20001132:	bf00      	nop
20001134:	10000579 	.word	0x10000579

20001138 <____wrap_memset_veneer>:
20001138:	b401      	push	{r0}
2000113a:	4802      	ldr	r0, [pc, #8]	@ (20001144 <____wrap_memset_veneer+0xc>)
2000113c:	4684      	mov	ip, r0
2000113e:	bc01      	pop	{r0}
20001140:	4760      	bx	ip
20001142:	bf00      	nop
20001144:	10002665 	.word	0x10002665

20001148 <__time_us_64_veneer>:
20001148:	b401      	push	{r0}
2000114a:	4802      	ldr	r0, [pc, #8]	@ (20001154 <__time_us_64_veneer+0xc>)
2000114c:	4684      	mov	ip, r0
2000114e:	bc01      	pop	{r0}
20001150:	4760      	bx	ip
20001152:	bf00      	nop
20001154:	100016f9 	.word	0x100016f9

20001158 <__tud_event_hook_cb_veneer>:
20001158:	b401      	push	{r0}
2000115a:	4802      	ldr	r0, [pc, #8]	@ (20001164 <__tud_event_hook_cb_veneer+0xc>)
2000115c:	4684      	mov	ip, r0
2000115e:	bc01      	pop	{r0}
20001160:	4760      	bx	ip
20001162:	bf00      	nop
20001164:	10004e69 	.word	0x10004e69

20001168 <__tu_fifo_write_veneer>:
20001168:	b401      	push	{r0}
2000116a:	4802      	ldr	r0, [pc, #8]	@ (20001174 <__tu_fifo_write_veneer+0xc>)
2000116c:	4684      	mov	ip, r0
2000116e:	bc01      	pop	{r0}
20001170:	4760      	bx	ip
20001172:	bf00      	nop
20001174:	100068c9 	.word	0x100068c9

20001178 <striped_spin_lock_num>:
20001178:	00000010                                ....

2000117c <irq_handler_chain_slots>:
2000117c:	00000000 	.word	0x00000000
20001180:	00010000 	.word	0x00010000
	...
2000118c:	00020000 	.word	0x00020000
	...
20001198:	00030000 	.word	0x00030000
	...
200011a4:	00ff0000 	.word	0x00ff0000
200011a8:	00000000 	.word	0x00000000

200011ac <irq_handler_chain_first_slot>:
200011ac:	b501      	push	{r0, lr}
200011ae:	6848      	ldr	r0, [r1, #4]
200011b0:	3101      	adds	r1, #1
200011b2:	468e      	mov	lr, r1
200011b4:	4700      	bx	r0

200011b6 <irq_handler_chain_remove_tail>:
200011b6:	4670      	mov	r0, lr
200011b8:	3809      	subs	r0, #9
200011ba:	4901      	ldr	r1, [pc, #4]	@ (200011c0 <irq_handler_chain_remove_tail+0xa>)
200011bc:	4788      	blx	r1
200011be:	bd01      	pop	{r0, pc}
200011c0:	10000c15 	.word	0x10000c15

200011c4 <default_alarm_pool>:
	...
200011d8:	200012b0 00000000                       ... ....

200011e0 <aeabi_bits_funcs>:
200011e0:	00003350 	.word	0x00003350
200011e4:	0000334c 	.word	0x0000334c
200011e8:	00003354 	.word	0x00003354
200011ec:	00003352 	.word	0x00003352

200011f0 <aeabi_bits_funcs_end>:
200011f0:	0000534d 	.word	0x0000534d
200011f4:	0000434d 	.word	0x0000434d
200011f8:	00003453 	.word	0x00003453
200011fc:	00003443 	.word	0x00003443

20001200 <stdio_usb>:
20001200:	10004619 100045cd 10004541 100044b9     .F...E..AE...D..
20001210:	00000000 00000100                       ........

20001218 <_usbd_qdef>:
20001218:	200018f4 000c0010 00000000 00000000     ... ............
	...

20001234 <_usbd_rhport>:
20001234:	000000ff                                ....

20001238 <cyw43_poll_worker>:
20001238:	00000000 10009f2d 00000000 00000000     ....-...........

20001248 <sleep_timeout_worker>:
20001248:	00000000 10009e91 00000000 00000000     ................
	...

20001260 <print_mutex>:
	...
