
/home/Tashifeen/git/University/lab5/build/lab5_red.elf:     file format elf32-littlearm

Sections:
Idx Name          Size      VMA       LMA       File off  Algn
  0 .boot2        00000100  10000000  10000000  00001000  2**0
                  CONTENTS, ALLOC, LOAD, READONLY, CODE
  1 .text         0000a8b0  10000100  10000100  00001100  2**3
                  CONTENTS, ALLOC, LOAD, READONLY, CODE
  2 .rodata       00037fa0  1000a9b0  1000a9b0  0000b9b0  2**3
                  CONTENTS, ALLOC, LOAD, READONLY, DATA
  3 .binary_info  00000020  10042950  10042950  00043950  2**2
                  CONTENTS, ALLOC, LOAD, READONLY, DATA
  4 .ram_vector_table 000000c0  20000000  20000000  00046000  2**2
                  ALLOC
  5 .uninitialized_data 00000000  200000c0  200000c0  00045268  2**0
                  CONTENTS
  6 .data         000011a8  200000c0  10042970  000440c0  2**4
                  CONTENTS, ALLOC, LOAD, READONLY, CODE
  7 .tdata        00000000  20001268  20001268  00045268  2**0
                  CONTENTS, ALLOC, LOAD, DATA, THREAD_LOCAL
  8 .tbss         00000000  20001268  20001268  00000000  2**0
                  ALLOC, THREAD_LOCAL
  9 .bss          00001a08  20001268  10043b18  00045268  2**3
                  ALLOC
 10 .heap         00000800  20002c70  10043b18  00045c70  2**2
                  ALLOC, READONLY
 11 .scratch_x    00000000  20040000  20040000  00045268  2**0
                  CONTENTS
 12 .scratch_y    00000000  20041000  20041000  00045268  2**0
                  CONTENTS
 13 .stack_dummy  00000800  20041000  20041000  00046000  2**5
                  ALLOC, READONLY
 14 .ARM.attributes 00000028  00000000  00000000  00045268  2**0
                  CONTENTS, READONLY
 15 .comment      0000004c  00000000  00000000  00045290  2**0
                  CONTENTS, READONLY
 16 .debug_info   00054de1  00000000  00000000  000452dc  2**0
                  CONTENTS, READONLY, DEBUGGING, OCTETS
 17 .debug_abbrev 0000c0cc  00000000  00000000  0009a0bd  2**0
                  CONTENTS, READONLY, DEBUGGING, OCTETS
 18 .debug_aranges 00001d90  00000000  00000000  000a6190  2**3
                  CONTENTS, READONLY, DEBUGGING, OCTETS
 19 .debug_rnglists 00006d73  00000000  00000000  000a7f20  2**0
                  CONTENTS, READONLY, DEBUGGING, OCTETS
 20 .debug_line   00032a22  00000000  00000000  000aec93  2**0
                  CONTENTS, READONLY, DEBUGGING, OCTETS
 21 .debug_str    0000beae  00000000  00000000  000e16b5  2**0
                  CONTENTS, READONLY, DEBUGGING, OCTETS
 22 .debug_frame  000047d4  00000000  00000000  000ed564  2**2
                  CONTENTS, READONLY, DEBUGGING, OCTETS
 23 .debug_loclists 0002db22  00000000  00000000  000f1d38  2**0
                  CONTENTS, READONLY, DEBUGGING, OCTETS
 24 .debug_line_str 000002c1  00000000  00000000  0011f85a  2**0
                  CONTENTS, READONLY, DEBUGGING, OCTETS

/home/Tashifeen/git/University/lab5/build/lab5_red.elf:     file format elf32-littlearm


Disassembly of section .boot2:

10000000 <__boot2_start__>:
10000000:	4b32b500 	.word	0x4b32b500
10000004:	60582021 	.word	0x60582021
10000008:	21026898 	.word	0x21026898
1000000c:	60984388 	.word	0x60984388
10000010:	611860d8 	.word	0x611860d8
10000014:	4b2e6158 	.word	0x4b2e6158
10000018:	60992100 	.word	0x60992100
1000001c:	61592102 	.word	0x61592102
10000020:	22f02101 	.word	0x22f02101
10000024:	492b5099 	.word	0x492b5099
10000028:	21016019 	.word	0x21016019
1000002c:	20356099 	.word	0x20356099
10000030:	f844f000 	.word	0xf844f000
10000034:	42902202 	.word	0x42902202
10000038:	2106d014 	.word	0x2106d014
1000003c:	f0006619 	.word	0xf0006619
10000040:	6e19f834 	.word	0x6e19f834
10000044:	66192101 	.word	0x66192101
10000048:	66182000 	.word	0x66182000
1000004c:	f000661a 	.word	0xf000661a
10000050:	6e19f82c 	.word	0x6e19f82c
10000054:	6e196e19 	.word	0x6e196e19
10000058:	f0002005 	.word	0xf0002005
1000005c:	2101f82f 	.word	0x2101f82f
10000060:	d1f94208 	.word	0xd1f94208
10000064:	60992100 	.word	0x60992100
10000068:	6019491b 	.word	0x6019491b
1000006c:	60592100 	.word	0x60592100
10000070:	481b491a 	.word	0x481b491a
10000074:	21016001 	.word	0x21016001
10000078:	21eb6099 	.word	0x21eb6099
1000007c:	21a06619 	.word	0x21a06619
10000080:	f0006619 	.word	0xf0006619
10000084:	2100f812 	.word	0x2100f812
10000088:	49166099 	.word	0x49166099
1000008c:	60014814 	.word	0x60014814
10000090:	60992101 	.word	0x60992101
10000094:	2800bc01 	.word	0x2800bc01
10000098:	4700d000 	.word	0x4700d000
1000009c:	49134812 	.word	0x49134812
100000a0:	c8036008 	.word	0xc8036008
100000a4:	8808f380 	.word	0x8808f380
100000a8:	b5034708 	.word	0xb5034708
100000ac:	20046a99 	.word	0x20046a99
100000b0:	d0fb4201 	.word	0xd0fb4201
100000b4:	42012001 	.word	0x42012001
100000b8:	bd03d1f8 	.word	0xbd03d1f8
100000bc:	6618b502 	.word	0x6618b502
100000c0:	f7ff6618 	.word	0xf7ff6618
100000c4:	6e18fff2 	.word	0x6e18fff2
100000c8:	bd026e18 	.word	0xbd026e18
100000cc:	40020000 	.word	0x40020000
100000d0:	18000000 	.word	0x18000000
100000d4:	00070000 	.word	0x00070000
100000d8:	005f0300 	.word	0x005f0300
100000dc:	00002221 	.word	0x00002221
100000e0:	180000f4 	.word	0x180000f4
100000e4:	a0002022 	.word	0xa0002022
100000e8:	10000100 	.word	0x10000100
100000ec:	e000ed08 	.word	0xe000ed08
	...
100000fc:	7a4eb274 	.word	0x7a4eb274

Disassembly of section .text:

10000100 <__VECTOR_TABLE>:
10000100:	20042000 	.word	0x20042000
10000104:	100001f7 	.word	0x100001f7
10000108:	100001cb 	.word	0x100001cb
1000010c:	100001cd 	.word	0x100001cd
10000110:	100001c9 	.word	0x100001c9
10000114:	100001c9 	.word	0x100001c9
10000118:	100001c9 	.word	0x100001c9
1000011c:	100001c9 	.word	0x100001c9
10000120:	100001c9 	.word	0x100001c9
10000124:	100001c9 	.word	0x100001c9
10000128:	100001c9 	.word	0x100001c9
1000012c:	100001cf 	.word	0x100001cf
10000130:	100001c9 	.word	0x100001c9
10000134:	100001c9 	.word	0x100001c9
10000138:	100001d1 	.word	0x100001d1
1000013c:	100001d3 	.word	0x100001d3
10000140:	100001c1 	.word	0x100001c1
10000144:	100001c1 	.word	0x100001c1
10000148:	100001c1 	.word	0x100001c1
1000014c:	100001c1 	.word	0x100001c1
10000150:	100001c1 	.word	0x100001c1
10000154:	100001c1 	.word	0x100001c1
10000158:	100001c1 	.word	0x100001c1
1000015c:	100001c1 	.word	0x100001c1
10000160:	100001c1 	.word	0x100001c1
10000164:	100001c1 	.word	0x100001c1
10000168:	100001c1 	.word	0x100001c1
1000016c:	100001c1 	.word	0x100001c1
10000170:	100001c1 	.word	0x100001c1
10000174:	100001c1 	.word	0x100001c1
10000178:	100001c1 	.word	0x100001c1
1000017c:	100001c1 	.word	0x100001c1
10000180:	100001c1 	.word	0x100001c1
10000184:	100001c1 	.word	0x100001c1
10000188:	100001c1 	.word	0x100001c1
1000018c:	100001c1 	.word	0x100001c1
10000190:	100001c1 	.word	0x100001c1
10000194:	100001c1 	.word	0x100001c1
10000198:	100001c1 	.word	0x100001c1
1000019c:	100001c1 	.word	0x100001c1
100001a0:	100001c1 	.word	0x100001c1
100001a4:	100001c1 	.word	0x100001c1
100001a8:	100001c1 	.word	0x100001c1
100001ac:	100001c1 	.word	0x100001c1
100001b0:	100001c1 	.word	0x100001c1
100001b4:	100001c1 	.word	0x100001c1
100001b8:	100001c1 	.word	0x100001c1
100001bc:	100001c1 	.word	0x100001c1

100001c0 <__unhandled_user_irq>:
100001c0:	f3ef 8005 	mrs	r0, IPSR
100001c4:	3810      	subs	r0, #16

100001c6 <unhandled_user_irq_num_in_r0>:
100001c6:	be00      	bkpt	0x0000

100001c8 <isr_invalid>:
100001c8:	be00      	bkpt	0x0000

100001ca <isr_nmi>:
100001ca:	be00      	bkpt	0x0000

100001cc <isr_hardfault>:
100001cc:	be00      	bkpt	0x0000

100001ce <isr_svcall>:
100001ce:	be00      	bkpt	0x0000

100001d0 <isr_pendsv>:
100001d0:	be00      	bkpt	0x0000

100001d2 <isr_systick>:
100001d2:	be00      	bkpt	0x0000

100001d4 <__default_isrs_end>:
100001d4:	7188ebf2 	.word	0x7188ebf2
100001d8:	10042950 	.word	0x10042950
100001dc:	10042970 	.word	0x10042970
100001e0:	10000238 	.word	0x10000238
100001e4:	e71aa390 	.word	0xe71aa390

100001e8 <_entry_point>:
100001e8:	481e      	ldr	r0, [pc, #120]	@ (10000264 <data_cpy_table+0x2c>)

100001ea <_enter_vtable_in_r0>:
100001ea:	491f      	ldr	r1, [pc, #124]	@ (10000268 <data_cpy_table+0x30>)
100001ec:	6008      	str	r0, [r1, #0]
100001ee:	c806      	ldmia	r0!, {r1, r2}
100001f0:	f381 8808 	msr	MSP, r1
100001f4:	4710      	bx	r2

100001f6 <_reset_handler>:
100001f6:	481d      	ldr	r0, [pc, #116]	@ (1000026c <data_cpy_table+0x34>)
100001f8:	6800      	ldr	r0, [r0, #0]
100001fa:	2800      	cmp	r0, #0
100001fc:	d001      	beq.n	10000202 <hold_non_core0_in_bootrom+0x4>

100001fe <hold_non_core0_in_bootrom>:
100001fe:	4819      	ldr	r0, [pc, #100]	@ (10000264 <data_cpy_table+0x2c>)
10000200:	e7f3      	b.n	100001ea <_enter_vtable_in_r0>
10000202:	a40d      	add	r4, pc, #52	@ (adr r4, 10000238 <data_cpy_table>)
10000204:	cc0e      	ldmia	r4!, {r1, r2, r3}
10000206:	2900      	cmp	r1, #0
10000208:	d002      	beq.n	10000210 <hold_non_core0_in_bootrom+0x12>
1000020a:	f000 f812 	bl	10000232 <data_cpy>
1000020e:	e7f9      	b.n	10000204 <hold_non_core0_in_bootrom+0x6>
10000210:	4917      	ldr	r1, [pc, #92]	@ (10000270 <data_cpy_table+0x38>)
10000212:	4a18      	ldr	r2, [pc, #96]	@ (10000274 <data_cpy_table+0x3c>)
10000214:	2000      	movs	r0, #0
10000216:	e000      	b.n	1000021a <bss_fill_test>

10000218 <bss_fill_loop>:
10000218:	c101      	stmia	r1!, {r0}

1000021a <bss_fill_test>:
1000021a:	4291      	cmp	r1, r2
1000021c:	d1fc      	bne.n	10000218 <bss_fill_loop>

1000021e <platform_entry>:
1000021e:	4916      	ldr	r1, [pc, #88]	@ (10000278 <data_cpy_table+0x40>)
10000220:	4788      	blx	r1
10000222:	4916      	ldr	r1, [pc, #88]	@ (1000027c <data_cpy_table+0x44>)
10000224:	4788      	blx	r1
10000226:	4916      	ldr	r1, [pc, #88]	@ (10000280 <data_cpy_table+0x48>)
10000228:	4788      	blx	r1
1000022a:	be00      	bkpt	0x0000
1000022c:	e7fd      	b.n	1000022a <platform_entry+0xc>

1000022e <data_cpy_loop>:
1000022e:	c901      	ldmia	r1!, {r0}
10000230:	c201      	stmia	r2!, {r0}

10000232 <data_cpy>:
10000232:	429a      	cmp	r2, r3
10000234:	d3fb      	bcc.n	1000022e <data_cpy_loop>
10000236:	4770      	bx	lr

10000238 <data_cpy_table>:
10000238:	10042970 	.word	0x10042970
1000023c:	200000c0 	.word	0x200000c0
10000240:	20001268 	.word	0x20001268
10000244:	10043b18 	.word	0x10043b18
10000248:	20040000 	.word	0x20040000
1000024c:	20040000 	.word	0x20040000
10000250:	10043b18 	.word	0x10043b18
10000254:	20041000 	.word	0x20041000
10000258:	20041000 	.word	0x20041000
1000025c:	00000000 	.word	0x00000000
10000260:	4770      	bx	lr
10000262:	0000      	.short	0x0000
10000264:	00000000 	.word	0x00000000
10000268:	e000ed08 	.word	0xe000ed08
1000026c:	d0000000 	.word	0xd0000000
10000270:	20001268 	.word	0x20001268
10000274:	20002c70 	.word	0x20002c70
10000278:	10003ee9 	.word	0x10003ee9
1000027c:	10000335 	.word	0x10000335
10000280:	10003ee1 	.word	0x10003ee1

10000284 <_init>:
10000284:	b5f8      	push	{r3, r4, r5, r6, r7, lr}
10000286:	46c0      	nop			@ (mov r8, r8)

10000288 <deregister_tm_clones>:
10000288:	4804      	ldr	r0, [pc, #16]	@ (1000029c <deregister_tm_clones+0x14>)
1000028a:	4b05      	ldr	r3, [pc, #20]	@ (100002a0 <deregister_tm_clones+0x18>)
1000028c:	b510      	push	{r4, lr}
1000028e:	4283      	cmp	r3, r0
10000290:	d003      	beq.n	1000029a <deregister_tm_clones+0x12>
10000292:	4b04      	ldr	r3, [pc, #16]	@ (100002a4 <deregister_tm_clones+0x1c>)
10000294:	2b00      	cmp	r3, #0
10000296:	d000      	beq.n	1000029a <deregister_tm_clones+0x12>
10000298:	4798      	blx	r3
1000029a:	bd10      	pop	{r4, pc}
1000029c:	20001268 	.word	0x20001268
100002a0:	20001268 	.word	0x20001268
100002a4:	00000000 	.word	0x00000000

100002a8 <register_tm_clones>:
100002a8:	4806      	ldr	r0, [pc, #24]	@ (100002c4 <register_tm_clones+0x1c>)
100002aa:	4907      	ldr	r1, [pc, #28]	@ (100002c8 <register_tm_clones+0x20>)
100002ac:	1a09      	subs	r1, r1, r0
100002ae:	108b      	asrs	r3, r1, #2
100002b0:	0fc9      	lsrs	r1, r1, #31
100002b2:	18c9      	adds	r1, r1, r3
100002b4:	b510      	push	{r4, lr}
100002b6:	1049      	asrs	r1, r1, #1
100002b8:	d003      	beq.n	100002c2 <register_tm_clones+0x1a>
100002ba:	4b04      	ldr	r3, [pc, #16]	@ (100002cc <register_tm_clones+0x24>)
100002bc:	2b00      	cmp	r3, #0
100002be:	d000      	beq.n	100002c2 <register_tm_clones+0x1a>
100002c0:	4798      	blx	r3
100002c2:	bd10      	pop	{r4, pc}
100002c4:	20001268 	.word	0x20001268
100002c8:	20001268 	.word	0x20001268
100002cc:	00000000 	.word	0x00000000

100002d0 <__do_global_dtors_aux>:
100002d0:	b510      	push	{r4, lr}
100002d2:	4c07      	ldr	r4, [pc, #28]	@ (100002f0 <__do_global_dtors_aux+0x20>)
100002d4:	7823      	ldrb	r3, [r4, #0]
100002d6:	2b00      	cmp	r3, #0
100002d8:	d109      	bne.n	100002ee <__do_global_dtors_aux+0x1e>
100002da:	f7ff ffd5 	bl	10000288 <deregister_tm_clones>
100002de:	4b05      	ldr	r3, [pc, #20]	@ (100002f4 <__do_global_dtors_aux+0x24>)
100002e0:	2b00      	cmp	r3, #0
100002e2:	d002      	beq.n	100002ea <__do_global_dtors_aux+0x1a>
100002e4:	4804      	ldr	r0, [pc, #16]	@ (100002f8 <__do_global_dtors_aux+0x28>)
100002e6:	e000      	b.n	100002ea <__do_global_dtors_aux+0x1a>
100002e8:	bf00      	nop
100002ea:	2301      	movs	r3, #1
100002ec:	7023      	strb	r3, [r4, #0]
100002ee:	bd10      	pop	{r4, pc}
100002f0:	20001538 	.word	0x20001538
100002f4:	00000000 	.word	0x00000000
100002f8:	1000a9b0 	.word	0x1000a9b0

100002fc <frame_dummy>:
100002fc:	4b05      	ldr	r3, [pc, #20]	@ (10000314 <frame_dummy+0x18>)
100002fe:	b510      	push	{r4, lr}
10000300:	2b00      	cmp	r3, #0
10000302:	d003      	beq.n	1000030c <frame_dummy+0x10>
10000304:	4904      	ldr	r1, [pc, #16]	@ (10000318 <frame_dummy+0x1c>)
10000306:	4805      	ldr	r0, [pc, #20]	@ (1000031c <frame_dummy+0x20>)
10000308:	e000      	b.n	1000030c <frame_dummy+0x10>
1000030a:	bf00      	nop
1000030c:	f7ff ffcc 	bl	100002a8 <register_tm_clones>
10000310:	bd10      	pop	{r4, pc}
10000312:	46c0      	nop			@ (mov r8, r8)
10000314:	00000000 	.word	0x00000000
10000318:	2000153c 	.word	0x2000153c
1000031c:	1000a9b0 	.word	0x1000a9b0

10000320 <setup>:
10000320:	b510      	push	{r4, lr}
10000322:	f003 ff1f 	bl	10004164 <stdio_init_all>
10000326:	f006 fbed 	bl	10006b04 <cyw43_arch_init>
1000032a:	2100      	movs	r1, #0
1000032c:	2000      	movs	r0, #0
1000032e:	f006 fbd9 	bl	10006ae4 <cyw43_arch_gpio_put>
10000332:	bd10      	pop	{r4, pc}

10000334 <main>:
10000334:	b510      	push	{r4, lr}
10000336:	f7ff fff3 	bl	10000320 <setup>
1000033a:	2101      	movs	r1, #1
1000033c:	2000      	movs	r0, #0
1000033e:	f006 fbd1 	bl	10006ae4 <cyw43_arch_gpio_put>
10000342:	204e      	movs	r0, #78	@ 0x4e
10000344:	30ff      	adds	r0, #255	@ 0xff
10000346:	f001 f8f5 	bl	10001534 <sleep_ms>
1000034a:	2100      	movs	r1, #0
1000034c:	2000      	movs	r0, #0
1000034e:	f006 fbc9 	bl	10006ae4 <cyw43_arch_gpio_put>
10000352:	204e      	movs	r0, #78	@ 0x4e
10000354:	30ff      	adds	r0, #255	@ 0xff
10000356:	f001 f8ed 	bl	10001534 <sleep_ms>
1000035a:	2101      	movs	r1, #1
1000035c:	2000      	movs	r0, #0
1000035e:	f006 fbc1 	bl	10006ae4 <cyw43_arch_gpio_put>
10000362:	204e      	movs	r0, #78	@ 0x4e
10000364:	30ff      	adds	r0, #255	@ 0xff
10000366:	f001 f8e5 	bl	10001534 <sleep_ms>
1000036a:	2100      	movs	r1, #0
1000036c:	2000      	movs	r0, #0
1000036e:	f006 fbb9 	bl	10006ae4 <cyw43_arch_gpio_put>
10000372:	204e      	movs	r0, #78	@ 0x4e
10000374:	30ff      	adds	r0, #255	@ 0xff
10000376:	f001 f8dd 	bl	10001534 <sleep_ms>
1000037a:	2101      	movs	r1, #1
1000037c:	2000      	movs	r0, #0
1000037e:	f006 fbb1 	bl	10006ae4 <cyw43_arch_gpio_put>
10000382:	204e      	movs	r0, #78	@ 0x4e
10000384:	30ff      	adds	r0, #255	@ 0xff
10000386:	f001 f8d5 	bl	10001534 <sleep_ms>
1000038a:	2100      	movs	r1, #0
1000038c:	2000      	movs	r0, #0
1000038e:	f006 fba9 	bl	10006ae4 <cyw43_arch_gpio_put>
10000392:	204e      	movs	r0, #78	@ 0x4e
10000394:	30ff      	adds	r0, #255	@ 0xff
10000396:	f001 f8cd 	bl	10001534 <sleep_ms>
1000039a:	2101      	movs	r1, #1
1000039c:	2000      	movs	r0, #0
1000039e:	f006 fba1 	bl	10006ae4 <cyw43_arch_gpio_put>
100003a2:	482e      	ldr	r0, [pc, #184]	@ (1000045c <main+0x128>)
100003a4:	f001 f8c6 	bl	10001534 <sleep_ms>
100003a8:	2100      	movs	r1, #0
100003aa:	2000      	movs	r0, #0
100003ac:	f006 fb9a 	bl	10006ae4 <cyw43_arch_gpio_put>
100003b0:	204e      	movs	r0, #78	@ 0x4e
100003b2:	30ff      	adds	r0, #255	@ 0xff
100003b4:	f001 f8be 	bl	10001534 <sleep_ms>
100003b8:	2101      	movs	r1, #1
100003ba:	2000      	movs	r0, #0
100003bc:	f006 fb92 	bl	10006ae4 <cyw43_arch_gpio_put>
100003c0:	4826      	ldr	r0, [pc, #152]	@ (1000045c <main+0x128>)
100003c2:	f001 f8b7 	bl	10001534 <sleep_ms>
100003c6:	2100      	movs	r1, #0
100003c8:	2000      	movs	r0, #0
100003ca:	f006 fb8b 	bl	10006ae4 <cyw43_arch_gpio_put>
100003ce:	204e      	movs	r0, #78	@ 0x4e
100003d0:	30ff      	adds	r0, #255	@ 0xff
100003d2:	f001 f8af 	bl	10001534 <sleep_ms>
100003d6:	2101      	movs	r1, #1
100003d8:	2000      	movs	r0, #0
100003da:	f006 fb83 	bl	10006ae4 <cyw43_arch_gpio_put>
100003de:	481f      	ldr	r0, [pc, #124]	@ (1000045c <main+0x128>)
100003e0:	f001 f8a8 	bl	10001534 <sleep_ms>
100003e4:	2100      	movs	r1, #0
100003e6:	2000      	movs	r0, #0
100003e8:	f006 fb7c 	bl	10006ae4 <cyw43_arch_gpio_put>
100003ec:	204e      	movs	r0, #78	@ 0x4e
100003ee:	30ff      	adds	r0, #255	@ 0xff
100003f0:	f001 f8a0 	bl	10001534 <sleep_ms>
100003f4:	2101      	movs	r1, #1
100003f6:	2000      	movs	r0, #0
100003f8:	f006 fb74 	bl	10006ae4 <cyw43_arch_gpio_put>
100003fc:	204e      	movs	r0, #78	@ 0x4e
100003fe:	30ff      	adds	r0, #255	@ 0xff
10000400:	f001 f898 	bl	10001534 <sleep_ms>
10000404:	2100      	movs	r1, #0
10000406:	2000      	movs	r0, #0
10000408:	f006 fb6c 	bl	10006ae4 <cyw43_arch_gpio_put>
1000040c:	204e      	movs	r0, #78	@ 0x4e
1000040e:	30ff      	adds	r0, #255	@ 0xff
10000410:	f001 f890 	bl	10001534 <sleep_ms>
10000414:	2101      	movs	r1, #1
10000416:	2000      	movs	r0, #0
10000418:	f006 fb64 	bl	10006ae4 <cyw43_arch_gpio_put>
1000041c:	204e      	movs	r0, #78	@ 0x4e
1000041e:	30ff      	adds	r0, #255	@ 0xff
10000420:	f001 f888 	bl	10001534 <sleep_ms>
10000424:	2100      	movs	r1, #0
10000426:	2000      	movs	r0, #0
10000428:	f006 fb5c 	bl	10006ae4 <cyw43_arch_gpio_put>
1000042c:	204e      	movs	r0, #78	@ 0x4e
1000042e:	30ff      	adds	r0, #255	@ 0xff
10000430:	f001 f880 	bl	10001534 <sleep_ms>
10000434:	2101      	movs	r1, #1
10000436:	2000      	movs	r0, #0
10000438:	f006 fb54 	bl	10006ae4 <cyw43_arch_gpio_put>
1000043c:	204e      	movs	r0, #78	@ 0x4e
1000043e:	30ff      	adds	r0, #255	@ 0xff
10000440:	f001 f878 	bl	10001534 <sleep_ms>
10000444:	2100      	movs	r1, #0
10000446:	2000      	movs	r0, #0
10000448:	f006 fb4c 	bl	10006ae4 <cyw43_arch_gpio_put>
1000044c:	204e      	movs	r0, #78	@ 0x4e
1000044e:	30ff      	adds	r0, #255	@ 0xff
10000450:	f001 f870 	bl	10001534 <sleep_ms>
10000454:	4801      	ldr	r0, [pc, #4]	@ (1000045c <main+0x128>)
10000456:	f001 f86d 	bl	10001534 <sleep_ms>
1000045a:	e76e      	b.n	1000033a <main+0x6>
1000045c:	000003e7 	.word	0x000003e7

10000460 <gpio_set_function>:
10000460:	4a09      	ldr	r2, [pc, #36]	@ (10000488 <gpio_set_function+0x28>)
10000462:	0083      	lsls	r3, r0, #2
10000464:	189a      	adds	r2, r3, r2
10000466:	b510      	push	{r4, lr}
10000468:	6814      	ldr	r4, [r2, #0]
1000046a:	2240      	movs	r2, #64	@ 0x40
1000046c:	4054      	eors	r4, r2
1000046e:	3280      	adds	r2, #128	@ 0x80
10000470:	4022      	ands	r2, r4
10000472:	4c06      	ldr	r4, [pc, #24]	@ (1000048c <gpio_set_function+0x2c>)
10000474:	00c0      	lsls	r0, r0, #3
10000476:	46a4      	mov	ip, r4
10000478:	4463      	add	r3, ip
1000047a:	601a      	str	r2, [r3, #0]
1000047c:	4b04      	ldr	r3, [pc, #16]	@ (10000490 <gpio_set_function+0x30>)
1000047e:	469c      	mov	ip, r3
10000480:	4460      	add	r0, ip
10000482:	6041      	str	r1, [r0, #4]
10000484:	bd10      	pop	{r4, pc}
10000486:	46c0      	nop			@ (mov r8, r8)
10000488:	4001c004 	.word	0x4001c004
1000048c:	4001d004 	.word	0x4001d004
10000490:	40014000 	.word	0x40014000

10000494 <gpio_set_pulls>:
10000494:	4b07      	ldr	r3, [pc, #28]	@ (100004b4 <gpio_set_pulls+0x20>)
10000496:	0080      	lsls	r0, r0, #2
10000498:	18c3      	adds	r3, r0, r3
1000049a:	681b      	ldr	r3, [r3, #0]
1000049c:	00c9      	lsls	r1, r1, #3
1000049e:	0092      	lsls	r2, r2, #2
100004a0:	430a      	orrs	r2, r1
100004a2:	405a      	eors	r2, r3
100004a4:	230c      	movs	r3, #12
100004a6:	4013      	ands	r3, r2
100004a8:	4a03      	ldr	r2, [pc, #12]	@ (100004b8 <gpio_set_pulls+0x24>)
100004aa:	4694      	mov	ip, r2
100004ac:	4460      	add	r0, ip
100004ae:	6003      	str	r3, [r0, #0]
100004b0:	4770      	bx	lr
100004b2:	46c0      	nop			@ (mov r8, r8)
100004b4:	4001c004 	.word	0x4001c004
100004b8:	4001d004 	.word	0x4001d004

100004bc <gpio_set_input_hysteresis_enabled>:
100004bc:	0080      	lsls	r0, r0, #2
100004be:	2900      	cmp	r1, #0
100004c0:	d005      	beq.n	100004ce <gpio_set_input_hysteresis_enabled+0x12>
100004c2:	4b06      	ldr	r3, [pc, #24]	@ (100004dc <gpio_set_input_hysteresis_enabled+0x20>)
100004c4:	469c      	mov	ip, r3
100004c6:	2302      	movs	r3, #2
100004c8:	4460      	add	r0, ip
100004ca:	6003      	str	r3, [r0, #0]
100004cc:	4770      	bx	lr
100004ce:	4b04      	ldr	r3, [pc, #16]	@ (100004e0 <gpio_set_input_hysteresis_enabled+0x24>)
100004d0:	469c      	mov	ip, r3
100004d2:	2302      	movs	r3, #2
100004d4:	4460      	add	r0, ip
100004d6:	6003      	str	r3, [r0, #0]
100004d8:	e7f8      	b.n	100004cc <gpio_set_input_hysteresis_enabled+0x10>
100004da:	46c0      	nop			@ (mov r8, r8)
100004dc:	4001e004 	.word	0x4001e004
100004e0:	4001f004 	.word	0x4001f004

100004e4 <gpio_set_irq_enabled>:
100004e4:	23d0      	movs	r3, #208	@ 0xd0
100004e6:	061b      	lsls	r3, r3, #24
100004e8:	681b      	ldr	r3, [r3, #0]
100004ea:	b530      	push	{r4, r5, lr}
100004ec:	0005      	movs	r5, r0
100004ee:	4258      	negs	r0, r3
100004f0:	4143      	adcs	r3, r0
100004f2:	202f      	movs	r0, #47	@ 0x2f
100004f4:	425b      	negs	r3, r3
100004f6:	4383      	bics	r3, r0
100004f8:	480e      	ldr	r0, [pc, #56]	@ (10000534 <gpio_set_irq_enabled+0x50>)
100004fa:	08ec      	lsrs	r4, r5, #3
100004fc:	4684      	mov	ip, r0
100004fe:	2007      	movs	r0, #7
10000500:	4028      	ands	r0, r5
10000502:	0080      	lsls	r0, r0, #2
10000504:	4081      	lsls	r1, r0
10000506:	0020      	movs	r0, r4
10000508:	4d0b      	ldr	r5, [pc, #44]	@ (10000538 <gpio_set_irq_enabled+0x54>)
1000050a:	303c      	adds	r0, #60	@ 0x3c
1000050c:	4463      	add	r3, ip
1000050e:	0080      	lsls	r0, r0, #2
10000510:	00a4      	lsls	r4, r4, #2
10000512:	5141      	str	r1, [r0, r5]
10000514:	191b      	adds	r3, r3, r4
10000516:	2a00      	cmp	r2, #0
10000518:	d005      	beq.n	10000526 <gpio_set_irq_enabled+0x42>
1000051a:	2280      	movs	r2, #128	@ 0x80
1000051c:	0192      	lsls	r2, r2, #6
1000051e:	4694      	mov	ip, r2
10000520:	4463      	add	r3, ip
10000522:	6019      	str	r1, [r3, #0]
10000524:	bd30      	pop	{r4, r5, pc}
10000526:	22c0      	movs	r2, #192	@ 0xc0
10000528:	0192      	lsls	r2, r2, #6
1000052a:	4694      	mov	ip, r2
1000052c:	4463      	add	r3, ip
1000052e:	6019      	str	r1, [r3, #0]
10000530:	e7f8      	b.n	10000524 <gpio_set_irq_enabled+0x40>
10000532:	46c0      	nop			@ (mov r8, r8)
10000534:	40014130 	.word	0x40014130
10000538:	40014000 	.word	0x40014000

1000053c <gpio_add_raw_irq_handler_with_order_priority_masked>:
1000053c:	23d0      	movs	r3, #208	@ 0xd0
1000053e:	b5f0      	push	{r4, r5, r6, r7, lr}
10000540:	46c6      	mov	lr, r8
10000542:	061b      	lsls	r3, r3, #24
10000544:	4698      	mov	r8, r3
10000546:	681b      	ldr	r3, [r3, #0]
10000548:	4f0c      	ldr	r7, [pc, #48]	@ (1000057c <gpio_add_raw_irq_handler_with_order_priority_masked+0x40>)
1000054a:	009b      	lsls	r3, r3, #2
1000054c:	0016      	movs	r6, r2
1000054e:	58fa      	ldr	r2, [r7, r3]
10000550:	0004      	movs	r4, r0
10000552:	000d      	movs	r5, r1
10000554:	b500      	push	{lr}
10000556:	4210      	tst	r0, r2
10000558:	d109      	bne.n	1000056e <gpio_add_raw_irq_handler_with_order_priority_masked+0x32>
1000055a:	0029      	movs	r1, r5
1000055c:	4314      	orrs	r4, r2
1000055e:	200d      	movs	r0, #13
10000560:	0032      	movs	r2, r6
10000562:	50fc      	str	r4, [r7, r3]
10000564:	f000 f992 	bl	1000088c <irq_add_shared_handler>
10000568:	bc80      	pop	{r7}
1000056a:	46b8      	mov	r8, r7
1000056c:	bdf0      	pop	{r4, r5, r6, r7, pc}
1000056e:	f001 fb07 	bl	10001b80 <hard_assertion_failure>
10000572:	4643      	mov	r3, r8
10000574:	681b      	ldr	r3, [r3, #0]
10000576:	009b      	lsls	r3, r3, #2
10000578:	58fa      	ldr	r2, [r7, r3]
1000057a:	e7ee      	b.n	1000055a <gpio_add_raw_irq_handler_with_order_priority_masked+0x1e>
1000057c:	20002b30 	.word	0x20002b30

10000580 <gpio_remove_raw_irq_handler_masked>:
10000580:	b510      	push	{r4, lr}
10000582:	0004      	movs	r4, r0
10000584:	200d      	movs	r0, #13
10000586:	f000 fa7b 	bl	10000a80 <irq_remove_handler>
1000058a:	23d0      	movs	r3, #208	@ 0xd0
1000058c:	061b      	lsls	r3, r3, #24
1000058e:	681b      	ldr	r3, [r3, #0]
10000590:	4902      	ldr	r1, [pc, #8]	@ (1000059c <gpio_remove_raw_irq_handler_masked+0x1c>)
10000592:	009b      	lsls	r3, r3, #2
10000594:	585a      	ldr	r2, [r3, r1]
10000596:	43a2      	bics	r2, r4
10000598:	505a      	str	r2, [r3, r1]
1000059a:	bd10      	pop	{r4, pc}
1000059c:	20002b30 	.word	0x20002b30

100005a0 <gpio_init>:
100005a0:	2301      	movs	r3, #1
100005a2:	22d0      	movs	r2, #208	@ 0xd0
100005a4:	4083      	lsls	r3, r0
100005a6:	0612      	lsls	r2, r2, #24
100005a8:	6293      	str	r3, [r2, #40]	@ 0x28
100005aa:	6193      	str	r3, [r2, #24]
100005ac:	4a09      	ldr	r2, [pc, #36]	@ (100005d4 <gpio_init+0x34>)
100005ae:	0083      	lsls	r3, r0, #2
100005b0:	189a      	adds	r2, r3, r2
100005b2:	6811      	ldr	r1, [r2, #0]
100005b4:	2240      	movs	r2, #64	@ 0x40
100005b6:	4051      	eors	r1, r2
100005b8:	3280      	adds	r2, #128	@ 0x80
100005ba:	400a      	ands	r2, r1
100005bc:	4906      	ldr	r1, [pc, #24]	@ (100005d8 <gpio_init+0x38>)
100005be:	00c0      	lsls	r0, r0, #3
100005c0:	468c      	mov	ip, r1
100005c2:	4463      	add	r3, ip
100005c4:	601a      	str	r2, [r3, #0]
100005c6:	4b05      	ldr	r3, [pc, #20]	@ (100005dc <gpio_init+0x3c>)
100005c8:	469c      	mov	ip, r3
100005ca:	2305      	movs	r3, #5
100005cc:	4460      	add	r0, ip
100005ce:	6043      	str	r3, [r0, #4]
100005d0:	4770      	bx	lr
100005d2:	46c0      	nop			@ (mov r8, r8)
100005d4:	4001c004 	.word	0x4001c004
100005d8:	4001d004 	.word	0x4001d004
100005dc:	40014000 	.word	0x40014000

100005e0 <rp2040_chip_version>:
100005e0:	2380      	movs	r3, #128	@ 0x80
100005e2:	05db      	lsls	r3, r3, #23
100005e4:	6818      	ldr	r0, [r3, #0]
100005e6:	0f00      	lsrs	r0, r0, #28
100005e8:	4770      	bx	lr
100005ea:	46c0      	nop			@ (mov r8, r8)

100005ec <panic>:
100005ec:	b40f      	push	{r0, r1, r2, r3}
100005ee:	b500      	push	{lr}
100005f0:	4808      	ldr	r0, [pc, #32]	@ (10000614 <panic+0x28>)
100005f2:	b083      	sub	sp, #12
100005f4:	f003 fe04 	bl	10004200 <__wrap_puts>
100005f8:	9b04      	ldr	r3, [sp, #16]
100005fa:	2b00      	cmp	r3, #0
100005fc:	d007      	beq.n	1000060e <panic+0x22>
100005fe:	a905      	add	r1, sp, #20
10000600:	0018      	movs	r0, r3
10000602:	9101      	str	r1, [sp, #4]
10000604:	f003 fc52 	bl	10003eac <weak_raw_vprintf>
10000608:	4803      	ldr	r0, [pc, #12]	@ (10000618 <panic+0x2c>)
1000060a:	f003 fdf9 	bl	10004200 <__wrap_puts>
1000060e:	2001      	movs	r0, #1
10000610:	f003 fc64 	bl	10003edc <_exit>
10000614:	1000a9b0 	.word	0x1000a9b0
10000618:	1000abec 	.word	0x1000abec

1000061c <hw_claim_lock>:
1000061c:	f3ef 8010 	mrs	r0, PRIMASK
10000620:	b672      	cpsid	i
10000622:	4a03      	ldr	r2, [pc, #12]	@ (10000630 <hw_claim_lock+0x14>)
10000624:	6813      	ldr	r3, [r2, #0]
10000626:	2b00      	cmp	r3, #0
10000628:	d0fc      	beq.n	10000624 <hw_claim_lock+0x8>
1000062a:	f3bf 8f5f 	dmb	sy
1000062e:	4770      	bx	lr
10000630:	d000012c 	.word	0xd000012c

10000634 <hw_claim_unlock>:
10000634:	f3bf 8f5f 	dmb	sy
10000638:	2200      	movs	r2, #0
1000063a:	4b02      	ldr	r3, [pc, #8]	@ (10000644 <hw_claim_unlock+0x10>)
1000063c:	601a      	str	r2, [r3, #0]
1000063e:	f380 8810 	msr	PRIMASK, r0
10000642:	4770      	bx	lr
10000644:	d000012c 	.word	0xd000012c

10000648 <hw_claim_or_assert>:
10000648:	b570      	push	{r4, r5, r6, lr}
1000064a:	f3ef 8c10 	mrs	ip, PRIMASK
1000064e:	b672      	cpsid	i
10000650:	4d0d      	ldr	r5, [pc, #52]	@ (10000688 <hw_claim_or_assert+0x40>)
10000652:	682b      	ldr	r3, [r5, #0]
10000654:	2b00      	cmp	r3, #0
10000656:	d0fc      	beq.n	10000652 <hw_claim_or_assert+0xa>
10000658:	f3bf 8f5f 	dmb	sy
1000065c:	2407      	movs	r4, #7
1000065e:	08cb      	lsrs	r3, r1, #3
10000660:	18c6      	adds	r6, r0, r3
10000662:	5cc0      	ldrb	r0, [r0, r3]
10000664:	2301      	movs	r3, #1
10000666:	400c      	ands	r4, r1
10000668:	40a3      	lsls	r3, r4
1000066a:	001c      	movs	r4, r3
1000066c:	4004      	ands	r4, r0
1000066e:	4203      	tst	r3, r0
10000670:	d107      	bne.n	10000682 <hw_claim_or_assert+0x3a>
10000672:	4318      	orrs	r0, r3
10000674:	7030      	strb	r0, [r6, #0]
10000676:	f3bf 8f5f 	dmb	sy
1000067a:	602c      	str	r4, [r5, #0]
1000067c:	f38c 8810 	msr	PRIMASK, ip
10000680:	bd70      	pop	{r4, r5, r6, pc}
10000682:	0010      	movs	r0, r2
10000684:	f7ff ffb2 	bl	100005ec <panic>
10000688:	d000012c 	.word	0xd000012c

1000068c <hw_claim_unused_from_range>:
1000068c:	b5f8      	push	{r3, r4, r5, r6, r7, lr}
1000068e:	4647      	mov	r7, r8
10000690:	46ce      	mov	lr, r9
10000692:	4688      	mov	r8, r1
10000694:	b580      	push	{r7, lr}
10000696:	f3ef 8c10 	mrs	ip, PRIMASK
1000069a:	b672      	cpsid	i
1000069c:	4d1c      	ldr	r5, [pc, #112]	@ (10000710 <hw_claim_unused_from_range+0x84>)
1000069e:	682c      	ldr	r4, [r5, #0]
100006a0:	2c00      	cmp	r4, #0
100006a2:	d0fc      	beq.n	1000069e <hw_claim_unused_from_range+0x12>
100006a4:	f3bf 8f5f 	dmb	sy
100006a8:	429a      	cmp	r2, r3
100006aa:	d822      	bhi.n	100006f2 <hw_claim_unused_from_range+0x66>
100006ac:	2107      	movs	r1, #7
100006ae:	2601      	movs	r6, #1
100006b0:	4689      	mov	r9, r1
100006b2:	e002      	b.n	100006ba <hw_claim_unused_from_range+0x2e>
100006b4:	3201      	adds	r2, #1
100006b6:	4293      	cmp	r3, r2
100006b8:	d318      	bcc.n	100006ec <hw_claim_unused_from_range+0x60>
100006ba:	464d      	mov	r5, r9
100006bc:	0037      	movs	r7, r6
100006be:	4015      	ands	r5, r2
100006c0:	40af      	lsls	r7, r5
100006c2:	08d4      	lsrs	r4, r2, #3
100006c4:	1901      	adds	r1, r0, r4
100006c6:	5d04      	ldrb	r4, [r0, r4]
100006c8:	4227      	tst	r7, r4
100006ca:	d1f3      	bne.n	100006b4 <hw_claim_unused_from_range+0x28>
100006cc:	0010      	movs	r0, r2
100006ce:	433c      	orrs	r4, r7
100006d0:	700c      	strb	r4, [r1, #0]
100006d2:	f3bf 8f5f 	dmb	sy
100006d6:	2200      	movs	r2, #0
100006d8:	4b0d      	ldr	r3, [pc, #52]	@ (10000710 <hw_claim_unused_from_range+0x84>)
100006da:	601a      	str	r2, [r3, #0]
100006dc:	f38c 8810 	msr	PRIMASK, ip
100006e0:	2800      	cmp	r0, #0
100006e2:	db0e      	blt.n	10000702 <hw_claim_unused_from_range+0x76>
100006e4:	bcc0      	pop	{r6, r7}
100006e6:	46b9      	mov	r9, r7
100006e8:	46b0      	mov	r8, r6
100006ea:	bdf8      	pop	{r3, r4, r5, r6, r7, pc}
100006ec:	2001      	movs	r0, #1
100006ee:	4240      	negs	r0, r0
100006f0:	e7ef      	b.n	100006d2 <hw_claim_unused_from_range+0x46>
100006f2:	f3bf 8f5f 	dmb	sy
100006f6:	2300      	movs	r3, #0
100006f8:	602b      	str	r3, [r5, #0]
100006fa:	f38c 8810 	msr	PRIMASK, ip
100006fe:	2001      	movs	r0, #1
10000700:	4240      	negs	r0, r0
10000702:	4643      	mov	r3, r8
10000704:	2b00      	cmp	r3, #0
10000706:	d0ed      	beq.n	100006e4 <hw_claim_unused_from_range+0x58>
10000708:	9808      	ldr	r0, [sp, #32]
1000070a:	f7ff ff6f 	bl	100005ec <panic>
1000070e:	46c0      	nop			@ (mov r8, r8)
10000710:	d000012c 	.word	0xd000012c

10000714 <hw_claim_clear>:
10000714:	b530      	push	{r4, r5, lr}
10000716:	f3ef 8c10 	mrs	ip, PRIMASK
1000071a:	b672      	cpsid	i
1000071c:	4c0a      	ldr	r4, [pc, #40]	@ (10000748 <hw_claim_clear+0x34>)
1000071e:	6823      	ldr	r3, [r4, #0]
10000720:	2b00      	cmp	r3, #0
10000722:	d0fc      	beq.n	1000071e <hw_claim_clear+0xa>
10000724:	f3bf 8f5f 	dmb	sy
10000728:	2307      	movs	r3, #7
1000072a:	2201      	movs	r2, #1
1000072c:	400b      	ands	r3, r1
1000072e:	409a      	lsls	r2, r3
10000730:	08cd      	lsrs	r5, r1, #3
10000732:	5d43      	ldrb	r3, [r0, r5]
10000734:	4393      	bics	r3, r2
10000736:	5543      	strb	r3, [r0, r5]
10000738:	f3bf 8f5f 	dmb	sy
1000073c:	2300      	movs	r3, #0
1000073e:	6023      	str	r3, [r4, #0]
10000740:	f38c 8810 	msr	PRIMASK, ip
10000744:	bd30      	pop	{r4, r5, pc}
10000746:	46c0      	nop			@ (mov r8, r8)
10000748:	d000012c 	.word	0xd000012c

1000074c <next_striped_spin_lock_num>:
1000074c:	4a04      	ldr	r2, [pc, #16]	@ (10000760 <next_striped_spin_lock_num+0x14>)
1000074e:	7810      	ldrb	r0, [r2, #0]
10000750:	1c43      	adds	r3, r0, #1
10000752:	b2db      	uxtb	r3, r3
10000754:	2b17      	cmp	r3, #23
10000756:	d900      	bls.n	1000075a <next_striped_spin_lock_num+0xe>
10000758:	2310      	movs	r3, #16
1000075a:	7013      	strb	r3, [r2, #0]
1000075c:	4770      	bx	lr
1000075e:	46c0      	nop			@ (mov r8, r8)
10000760:	20001178 	.word	0x20001178

10000764 <spin_lock_claim_unused>:
10000764:	b510      	push	{r4, lr}
10000766:	4b06      	ldr	r3, [pc, #24]	@ (10000780 <spin_lock_claim_unused+0x1c>)
10000768:	4c06      	ldr	r4, [pc, #24]	@ (10000784 <spin_lock_claim_unused+0x20>)
1000076a:	b082      	sub	sp, #8
1000076c:	0001      	movs	r1, r0
1000076e:	9300      	str	r3, [sp, #0]
10000770:	2218      	movs	r2, #24
10000772:	231f      	movs	r3, #31
10000774:	0020      	movs	r0, r4
10000776:	f7ff ff89 	bl	1000068c <hw_claim_unused_from_range>
1000077a:	b002      	add	sp, #8
1000077c:	bd10      	pop	{r4, pc}
1000077e:	46c0      	nop			@ (mov r8, r8)
10000780:	1000a9c0 	.word	0x1000a9c0
10000784:	20001dbc 	.word	0x20001dbc

10000788 <spin_locks_reset>:
10000788:	2100      	movs	r1, #0
1000078a:	4b04      	ldr	r3, [pc, #16]	@ (1000079c <spin_locks_reset+0x14>)
1000078c:	4a04      	ldr	r2, [pc, #16]	@ (100007a0 <spin_locks_reset+0x18>)
1000078e:	f3bf 8f5f 	dmb	sy
10000792:	c302      	stmia	r3!, {r1}
10000794:	4293      	cmp	r3, r2
10000796:	d1fa      	bne.n	1000078e <spin_locks_reset+0x6>
10000798:	4770      	bx	lr
1000079a:	46c0      	nop			@ (mov r8, r8)
1000079c:	d0000100 	.word	0xd0000100
100007a0:	d0000180 	.word	0xd0000180

100007a4 <runtime_init_per_core_irq_priorities>:
100007a4:	4b05      	ldr	r3, [pc, #20]	@ (100007bc <runtime_init_per_core_irq_priorities+0x18>)
100007a6:	4a06      	ldr	r2, [pc, #24]	@ (100007c0 <runtime_init_per_core_irq_priorities+0x1c>)
100007a8:	6013      	str	r3, [r2, #0]
100007aa:	4a06      	ldr	r2, [pc, #24]	@ (100007c4 <runtime_init_per_core_irq_priorities+0x20>)
100007ac:	6013      	str	r3, [r2, #0]
100007ae:	6053      	str	r3, [r2, #4]
100007b0:	6093      	str	r3, [r2, #8]
100007b2:	60d3      	str	r3, [r2, #12]
100007b4:	6113      	str	r3, [r2, #16]
100007b6:	6153      	str	r3, [r2, #20]
100007b8:	6193      	str	r3, [r2, #24]
100007ba:	4770      	bx	lr
100007bc:	80808080 	.word	0x80808080
100007c0:	e000e400 	.word	0xe000e400
100007c4:	e000e404 	.word	0xe000e404

100007c8 <irq_set_enabled>:
100007c8:	231f      	movs	r3, #31
100007ca:	4018      	ands	r0, r3
100007cc:	3b1e      	subs	r3, #30
100007ce:	4083      	lsls	r3, r0
100007d0:	2900      	cmp	r1, #0
100007d2:	d005      	beq.n	100007e0 <irq_set_enabled+0x18>
100007d4:	21c0      	movs	r1, #192	@ 0xc0
100007d6:	4a04      	ldr	r2, [pc, #16]	@ (100007e8 <irq_set_enabled+0x20>)
100007d8:	0049      	lsls	r1, r1, #1
100007da:	5053      	str	r3, [r2, r1]
100007dc:	6013      	str	r3, [r2, #0]
100007de:	4770      	bx	lr
100007e0:	2280      	movs	r2, #128	@ 0x80
100007e2:	4901      	ldr	r1, [pc, #4]	@ (100007e8 <irq_set_enabled+0x20>)
100007e4:	508b      	str	r3, [r1, r2]
100007e6:	e7fa      	b.n	100007de <irq_set_enabled+0x16>
100007e8:	e000e100 	.word	0xe000e100

100007ec <irq_is_enabled>:
100007ec:	2201      	movs	r2, #1
100007ee:	4082      	lsls	r2, r0
100007f0:	4b03      	ldr	r3, [pc, #12]	@ (10000800 <irq_is_enabled+0x14>)
100007f2:	681b      	ldr	r3, [r3, #0]
100007f4:	4013      	ands	r3, r2
100007f6:	1e5a      	subs	r2, r3, #1
100007f8:	4193      	sbcs	r3, r2
100007fa:	b2d8      	uxtb	r0, r3
100007fc:	4770      	bx	lr
100007fe:	46c0      	nop			@ (mov r8, r8)
10000800:	e000e100 	.word	0xe000e100

10000804 <irq_set_pending>:
10000804:	2301      	movs	r3, #1
10000806:	4083      	lsls	r3, r0
10000808:	4a01      	ldr	r2, [pc, #4]	@ (10000810 <irq_set_pending+0xc>)
1000080a:	6013      	str	r3, [r2, #0]
1000080c:	4770      	bx	lr
1000080e:	46c0      	nop			@ (mov r8, r8)
10000810:	e000e200 	.word	0xe000e200

10000814 <irq_has_shared_handler>:
10000814:	4b06      	ldr	r3, [pc, #24]	@ (10000830 <irq_has_shared_handler+0x1c>)
10000816:	3010      	adds	r0, #16
10000818:	689b      	ldr	r3, [r3, #8]
1000081a:	0080      	lsls	r0, r0, #2
1000081c:	58c3      	ldr	r3, [r0, r3]
1000081e:	4a05      	ldr	r2, [pc, #20]	@ (10000834 <irq_has_shared_handler+0x20>)
10000820:	2000      	movs	r0, #0
10000822:	1a9b      	subs	r3, r3, r2
10000824:	222f      	movs	r2, #47	@ 0x2f
10000826:	429a      	cmp	r2, r3
10000828:	4140      	adcs	r0, r0
1000082a:	b2c0      	uxtb	r0, r0
1000082c:	4770      	bx	lr
1000082e:	46c0      	nop			@ (mov r8, r8)
10000830:	e000ed00 	.word	0xe000ed00
10000834:	2000117c 	.word	0x2000117c

10000838 <irq_set_exclusive_handler>:
10000838:	b570      	push	{r4, r5, r6, lr}
1000083a:	000d      	movs	r5, r1
1000083c:	f3ef 8610 	mrs	r6, PRIMASK
10000840:	b672      	cpsid	i
10000842:	4a0f      	ldr	r2, [pc, #60]	@ (10000880 <irq_set_exclusive_handler+0x48>)
10000844:	6813      	ldr	r3, [r2, #0]
10000846:	2b00      	cmp	r3, #0
10000848:	d0fc      	beq.n	10000844 <irq_set_exclusive_handler+0xc>
1000084a:	f3bf 8f5f 	dmb	sy
1000084e:	4b0d      	ldr	r3, [pc, #52]	@ (10000884 <irq_set_exclusive_handler+0x4c>)
10000850:	3010      	adds	r0, #16
10000852:	689b      	ldr	r3, [r3, #8]
10000854:	0084      	lsls	r4, r0, #2
10000856:	591b      	ldr	r3, [r3, r4]
10000858:	4a0b      	ldr	r2, [pc, #44]	@ (10000888 <irq_set_exclusive_handler+0x50>)
1000085a:	4293      	cmp	r3, r2
1000085c:	d003      	beq.n	10000866 <irq_set_exclusive_handler+0x2e>
1000085e:	429d      	cmp	r5, r3
10000860:	d001      	beq.n	10000866 <irq_set_exclusive_handler+0x2e>
10000862:	f001 f98d 	bl	10001b80 <hard_assertion_failure>
10000866:	4b07      	ldr	r3, [pc, #28]	@ (10000884 <irq_set_exclusive_handler+0x4c>)
10000868:	689b      	ldr	r3, [r3, #8]
1000086a:	511d      	str	r5, [r3, r4]
1000086c:	f3bf 8f5f 	dmb	sy
10000870:	f3bf 8f5f 	dmb	sy
10000874:	2200      	movs	r2, #0
10000876:	4b02      	ldr	r3, [pc, #8]	@ (10000880 <irq_set_exclusive_handler+0x48>)
10000878:	601a      	str	r2, [r3, #0]
1000087a:	f386 8810 	msr	PRIMASK, r6
1000087e:	bd70      	pop	{r4, r5, r6, pc}
10000880:	d0000124 	.word	0xd0000124
10000884:	e000ed00 	.word	0xe000ed00
10000888:	100001c1 	.word	0x100001c1

1000088c <irq_add_shared_handler>:
1000088c:	b5f0      	push	{r4, r5, r6, r7, lr}
1000088e:	4657      	mov	r7, sl
10000890:	464e      	mov	r6, r9
10000892:	46de      	mov	lr, fp
10000894:	4645      	mov	r5, r8
10000896:	b5e0      	push	{r5, r6, r7, lr}
10000898:	b085      	sub	sp, #20
1000089a:	0006      	movs	r6, r0
1000089c:	9100      	str	r1, [sp, #0]
1000089e:	0017      	movs	r7, r2
100008a0:	f3ef 8b10 	mrs	fp, PRIMASK
100008a4:	b672      	cpsid	i
100008a6:	4a6a      	ldr	r2, [pc, #424]	@ (10000a50 <irq_add_shared_handler+0x1c4>)
100008a8:	6813      	ldr	r3, [r2, #0]
100008aa:	2b00      	cmp	r3, #0
100008ac:	d0fc      	beq.n	100008a8 <irq_add_shared_handler+0x1c>
100008ae:	f3bf 8f5f 	dmb	sy
100008b2:	2500      	movs	r5, #0
100008b4:	4b67      	ldr	r3, [pc, #412]	@ (10000a54 <irq_add_shared_handler+0x1c8>)
100008b6:	575d      	ldrsb	r5, [r3, r5]
100008b8:	469a      	mov	sl, r3
100008ba:	2d00      	cmp	r5, #0
100008bc:	da00      	bge.n	100008c0 <irq_add_shared_handler+0x34>
100008be:	e0a9      	b.n	10000a14 <irq_add_shared_handler+0x188>
100008c0:	006b      	lsls	r3, r5, #1
100008c2:	4c65      	ldr	r4, [pc, #404]	@ (10000a58 <irq_add_shared_handler+0x1cc>)
100008c4:	9301      	str	r3, [sp, #4]
100008c6:	195b      	adds	r3, r3, r5
100008c8:	009b      	lsls	r3, r3, #2
100008ca:	4698      	mov	r8, r3
100008cc:	46a1      	mov	r9, r4
100008ce:	44c1      	add	r9, r8
100008d0:	464b      	mov	r3, r9
100008d2:	4652      	mov	r2, sl
100008d4:	799b      	ldrb	r3, [r3, #6]
100008d6:	3610      	adds	r6, #16
100008d8:	7013      	strb	r3, [r2, #0]
100008da:	4b60      	ldr	r3, [pc, #384]	@ (10000a5c <irq_add_shared_handler+0x1d0>)
100008dc:	00b6      	lsls	r6, r6, #2
100008de:	689b      	ldr	r3, [r3, #8]
100008e0:	5999      	ldr	r1, [r3, r6]
100008e2:	1b0b      	subs	r3, r1, r4
100008e4:	2b2f      	cmp	r3, #47	@ 0x2f
100008e6:	d933      	bls.n	10000950 <irq_add_shared_handler+0xc4>
100008e8:	4b5d      	ldr	r3, [pc, #372]	@ (10000a60 <irq_add_shared_handler+0x1d4>)
100008ea:	4299      	cmp	r1, r3
100008ec:	d000      	beq.n	100008f0 <irq_add_shared_handler+0x64>
100008ee:	e0ac      	b.n	10000a4a <irq_add_shared_handler+0x1be>
100008f0:	9b01      	ldr	r3, [sp, #4]
100008f2:	4642      	mov	r2, r8
100008f4:	469c      	mov	ip, r3
100008f6:	4b5b      	ldr	r3, [pc, #364]	@ (10000a64 <irq_add_shared_handler+0x1d8>)
100008f8:	4465      	add	r5, ip
100008fa:	00ad      	lsls	r5, r5, #2
100008fc:	5363      	strh	r3, [r4, r5]
100008fe:	4b5a      	ldr	r3, [pc, #360]	@ (10000a68 <irq_add_shared_handler+0x1dc>)
10000900:	3202      	adds	r2, #2
10000902:	18a2      	adds	r2, r4, r2
10000904:	3b04      	subs	r3, #4
10000906:	1a9b      	subs	r3, r3, r2
10000908:	051b      	lsls	r3, r3, #20
1000090a:	4a58      	ldr	r2, [pc, #352]	@ (10000a6c <irq_add_shared_handler+0x1e0>)
1000090c:	0d5b      	lsrs	r3, r3, #21
1000090e:	1965      	adds	r5, r4, r5
10000910:	4313      	orrs	r3, r2
10000912:	806b      	strh	r3, [r5, #2]
10000914:	4b56      	ldr	r3, [pc, #344]	@ (10000a70 <irq_add_shared_handler+0x1e4>)
10000916:	2101      	movs	r1, #1
10000918:	80ab      	strh	r3, [r5, #4]
1000091a:	23ff      	movs	r3, #255	@ 0xff
1000091c:	71ab      	strb	r3, [r5, #6]
1000091e:	9b00      	ldr	r3, [sp, #0]
10000920:	71ef      	strb	r7, [r5, #7]
10000922:	60ab      	str	r3, [r5, #8]
10000924:	464b      	mov	r3, r9
10000926:	430b      	orrs	r3, r1
10000928:	0019      	movs	r1, r3
1000092a:	4b4c      	ldr	r3, [pc, #304]	@ (10000a5c <irq_add_shared_handler+0x1d0>)
1000092c:	689b      	ldr	r3, [r3, #8]
1000092e:	5199      	str	r1, [r3, r6]
10000930:	f3bf 8f5f 	dmb	sy
10000934:	f3bf 8f5f 	dmb	sy
10000938:	2200      	movs	r2, #0
1000093a:	4b45      	ldr	r3, [pc, #276]	@ (10000a50 <irq_add_shared_handler+0x1c4>)
1000093c:	601a      	str	r2, [r3, #0]
1000093e:	f38b 8810 	msr	PRIMASK, fp
10000942:	b005      	add	sp, #20
10000944:	bcf0      	pop	{r4, r5, r6, r7}
10000946:	46bb      	mov	fp, r7
10000948:	46b2      	mov	sl, r6
1000094a:	46a9      	mov	r9, r5
1000094c:	46a0      	mov	r8, r4
1000094e:	bdf0      	pop	{r4, r5, r6, r7, pc}
10000950:	2001      	movs	r0, #1
10000952:	000a      	movs	r2, r1
10000954:	4382      	bics	r2, r0
10000956:	79d3      	ldrb	r3, [r2, #7]
10000958:	468c      	mov	ip, r1
1000095a:	42bb      	cmp	r3, r7
1000095c:	d831      	bhi.n	100009c2 <irq_add_shared_handler+0x136>
1000095e:	4645      	mov	r5, r8
10000960:	0013      	movs	r3, r2
10000962:	4944      	ldr	r1, [pc, #272]	@ (10000a74 <irq_add_shared_handler+0x1e8>)
10000964:	1b1b      	subs	r3, r3, r4
10000966:	415b      	adcs	r3, r3
10000968:	4359      	muls	r1, r3
1000096a:	0d09      	lsrs	r1, r1, #20
1000096c:	4b3d      	ldr	r3, [pc, #244]	@ (10000a64 <irq_add_shared_handler+0x1d8>)
1000096e:	5363      	strh	r3, [r4, r5]
10000970:	4b3d      	ldr	r3, [pc, #244]	@ (10000a68 <irq_add_shared_handler+0x1dc>)
10000972:	3502      	adds	r5, #2
10000974:	1965      	adds	r5, r4, r5
10000976:	3b04      	subs	r3, #4
10000978:	1b5b      	subs	r3, r3, r5
1000097a:	051b      	lsls	r3, r3, #20
1000097c:	4d3b      	ldr	r5, [pc, #236]	@ (10000a6c <irq_add_shared_handler+0x1e0>)
1000097e:	0d5b      	lsrs	r3, r3, #21
10000980:	432b      	orrs	r3, r5
10000982:	46aa      	mov	sl, r5
10000984:	464d      	mov	r5, r9
10000986:	806b      	strh	r3, [r5, #2]
10000988:	2504      	movs	r5, #4
1000098a:	46ac      	mov	ip, r5
1000098c:	4655      	mov	r5, sl
1000098e:	44e0      	add	r8, ip
10000990:	1f13      	subs	r3, r2, #4
10000992:	4444      	add	r4, r8
10000994:	1b1b      	subs	r3, r3, r4
10000996:	051b      	lsls	r3, r3, #20
10000998:	0d5b      	lsrs	r3, r3, #21
1000099a:	431d      	orrs	r5, r3
1000099c:	464b      	mov	r3, r9
1000099e:	7199      	strb	r1, [r3, #6]
100009a0:	9900      	ldr	r1, [sp, #0]
100009a2:	809d      	strh	r5, [r3, #4]
100009a4:	6099      	str	r1, [r3, #8]
100009a6:	4649      	mov	r1, r9
100009a8:	71df      	strb	r7, [r3, #7]
100009aa:	4b33      	ldr	r3, [pc, #204]	@ (10000a78 <irq_add_shared_handler+0x1ec>)
100009ac:	4301      	orrs	r1, r0
100009ae:	6013      	str	r3, [r2, #0]
100009b0:	e7bb      	b.n	1000092a <irq_add_shared_handler+0x9e>
100009b2:	0058      	lsls	r0, r3, #1
100009b4:	18c0      	adds	r0, r0, r3
100009b6:	0080      	lsls	r0, r0, #2
100009b8:	1820      	adds	r0, r4, r0
100009ba:	79c1      	ldrb	r1, [r0, #7]
100009bc:	42b9      	cmp	r1, r7
100009be:	d92f      	bls.n	10000a20 <irq_add_shared_handler+0x194>
100009c0:	0002      	movs	r2, r0
100009c2:	2306      	movs	r3, #6
100009c4:	56d3      	ldrsb	r3, [r2, r3]
100009c6:	2b00      	cmp	r3, #0
100009c8:	daf3      	bge.n	100009b2 <irq_add_shared_handler+0x126>
100009ca:	9302      	str	r3, [sp, #8]
100009cc:	4b2b      	ldr	r3, [pc, #172]	@ (10000a7c <irq_add_shared_handler+0x1f0>)
100009ce:	4661      	mov	r1, ip
100009d0:	9303      	str	r3, [sp, #12]
100009d2:	1d13      	adds	r3, r2, #4
100009d4:	469a      	mov	sl, r3
100009d6:	2304      	movs	r3, #4
100009d8:	425b      	negs	r3, r3
100009da:	469c      	mov	ip, r3
100009dc:	44e1      	add	r9, ip
100009de:	4650      	mov	r0, sl
100009e0:	464b      	mov	r3, r9
100009e2:	1a1b      	subs	r3, r3, r0
100009e4:	051b      	lsls	r3, r3, #20
100009e6:	0d5b      	lsrs	r3, r3, #21
100009e8:	469c      	mov	ip, r3
100009ea:	4b20      	ldr	r3, [pc, #128]	@ (10000a6c <irq_add_shared_handler+0x1e0>)
100009ec:	7195      	strb	r5, [r2, #6]
100009ee:	4698      	mov	r8, r3
100009f0:	4663      	mov	r3, ip
100009f2:	4640      	mov	r0, r8
100009f4:	4303      	orrs	r3, r0
100009f6:	8093      	strh	r3, [r2, #4]
100009f8:	9b01      	ldr	r3, [sp, #4]
100009fa:	195a      	adds	r2, r3, r5
100009fc:	0092      	lsls	r2, r2, #2
100009fe:	9b03      	ldr	r3, [sp, #12]
10000a00:	18a4      	adds	r4, r4, r2
10000a02:	80a3      	strh	r3, [r4, #4]
10000a04:	9b02      	ldr	r3, [sp, #8]
10000a06:	4a1c      	ldr	r2, [pc, #112]	@ (10000a78 <irq_add_shared_handler+0x1ec>)
10000a08:	71a3      	strb	r3, [r4, #6]
10000a0a:	9b00      	ldr	r3, [sp, #0]
10000a0c:	6022      	str	r2, [r4, #0]
10000a0e:	71e7      	strb	r7, [r4, #7]
10000a10:	60a3      	str	r3, [r4, #8]
10000a12:	e78a      	b.n	1000092a <irq_add_shared_handler+0x9e>
10000a14:	f001 f8b4 	bl	10001b80 <hard_assertion_failure>
10000a18:	2500      	movs	r5, #0
10000a1a:	4653      	mov	r3, sl
10000a1c:	575d      	ldrsb	r5, [r3, r5]
10000a1e:	e74f      	b.n	100008c0 <irq_add_shared_handler+0x34>
10000a20:	8890      	ldrh	r0, [r2, #4]
10000a22:	9302      	str	r3, [sp, #8]
10000a24:	0540      	lsls	r0, r0, #21
10000a26:	1d13      	adds	r3, r2, #4
10000a28:	469a      	mov	sl, r3
10000a2a:	1503      	asrs	r3, r0, #20
10000a2c:	4661      	mov	r1, ip
10000a2e:	469c      	mov	ip, r3
10000a30:	4640      	mov	r0, r8
10000a32:	44d4      	add	ip, sl
10000a34:	4663      	mov	r3, ip
10000a36:	3004      	adds	r0, #4
10000a38:	1820      	adds	r0, r4, r0
10000a3a:	1a18      	subs	r0, r3, r0
10000a3c:	23e0      	movs	r3, #224	@ 0xe0
10000a3e:	0500      	lsls	r0, r0, #20
10000a40:	0d40      	lsrs	r0, r0, #21
10000a42:	021b      	lsls	r3, r3, #8
10000a44:	4318      	orrs	r0, r3
10000a46:	9003      	str	r0, [sp, #12]
10000a48:	e7c5      	b.n	100009d6 <irq_add_shared_handler+0x14a>
10000a4a:	f001 f899 	bl	10001b80 <hard_assertion_failure>
10000a4e:	e74f      	b.n	100008f0 <irq_add_shared_handler+0x64>
10000a50:	d0000124 	.word	0xd0000124
10000a54:	20002c6a 	.word	0x20002c6a
10000a58:	2000117c 	.word	0x2000117c
10000a5c:	e000ed00 	.word	0xe000ed00
10000a60:	100001c1 	.word	0x100001c1
10000a64:	ffffa100 	.word	0xffffa100
10000a68:	200011ac 	.word	0x200011ac
10000a6c:	ffffe000 	.word	0xffffe000
10000a70:	ffffbd01 	.word	0xffffbd01
10000a74:	0000aaaa 	.word	0x0000aaaa
10000a78:	47804801 	.word	0x47804801
10000a7c:	0000bd01 	.word	0x0000bd01

10000a80 <irq_remove_handler>:
10000a80:	b5f0      	push	{r4, r5, r6, r7, lr}
10000a82:	46de      	mov	lr, fp
10000a84:	4657      	mov	r7, sl
10000a86:	464e      	mov	r6, r9
10000a88:	4645      	mov	r5, r8
10000a8a:	b5e0      	push	{r5, r6, r7, lr}
10000a8c:	000c      	movs	r4, r1
10000a8e:	b083      	sub	sp, #12
10000a90:	f3ef 8810 	mrs	r8, PRIMASK
10000a94:	b672      	cpsid	i
10000a96:	4a63      	ldr	r2, [pc, #396]	@ (10000c24 <irq_remove_handler+0x1a4>)
10000a98:	6813      	ldr	r3, [r2, #0]
10000a9a:	2b00      	cmp	r3, #0
10000a9c:	d0fc      	beq.n	10000a98 <irq_remove_handler+0x18>
10000a9e:	f3bf 8f5f 	dmb	sy
10000aa2:	4b61      	ldr	r3, [pc, #388]	@ (10000c28 <irq_remove_handler+0x1a8>)
10000aa4:	4961      	ldr	r1, [pc, #388]	@ (10000c2c <irq_remove_handler+0x1ac>)
10000aa6:	689a      	ldr	r2, [r3, #8]
10000aa8:	0003      	movs	r3, r0
10000aaa:	3310      	adds	r3, #16
10000aac:	009f      	lsls	r7, r3, #2
10000aae:	59d5      	ldr	r5, [r2, r7]
10000ab0:	9301      	str	r3, [sp, #4]
10000ab2:	428d      	cmp	r5, r1
10000ab4:	d043      	beq.n	10000b3e <irq_remove_handler+0xbe>
10000ab6:	42a5      	cmp	r5, r4
10000ab8:	d054      	beq.n	10000b64 <irq_remove_handler+0xe4>
10000aba:	4e5d      	ldr	r6, [pc, #372]	@ (10000c30 <irq_remove_handler+0x1b0>)
10000abc:	1baa      	subs	r2, r5, r6
10000abe:	2a2f      	cmp	r2, #47	@ 0x2f
10000ac0:	d83d      	bhi.n	10000b3e <irq_remove_handler+0xbe>
10000ac2:	4b5c      	ldr	r3, [pc, #368]	@ (10000c34 <irq_remove_handler+0x1b4>)
10000ac4:	469b      	mov	fp, r3
10000ac6:	681b      	ldr	r3, [r3, #0]
10000ac8:	4699      	mov	r9, r3
10000aca:	2301      	movs	r3, #1
10000acc:	001a      	movs	r2, r3
10000ace:	469c      	mov	ip, r3
10000ad0:	4082      	lsls	r2, r0
10000ad2:	464b      	mov	r3, r9
10000ad4:	4013      	ands	r3, r2
10000ad6:	221f      	movs	r2, #31
10000ad8:	4699      	mov	r9, r3
10000ada:	4663      	mov	r3, ip
10000adc:	4002      	ands	r2, r0
10000ade:	4093      	lsls	r3, r2
10000ae0:	469a      	mov	sl, r3
10000ae2:	2280      	movs	r2, #128	@ 0x80
10000ae4:	465b      	mov	r3, fp
10000ae6:	4650      	mov	r0, sl
10000ae8:	5098      	str	r0, [r3, r2]
10000aea:	f3bf 8f5f 	dmb	sy
10000aee:	f3ef 8305 	mrs	r3, IPSR
10000af2:	469b      	mov	fp, r3
10000af4:	2b00      	cmp	r3, #0
10000af6:	d037      	beq.n	10000b68 <irq_remove_handler+0xe8>
10000af8:	9b01      	ldr	r3, [sp, #4]
10000afa:	455b      	cmp	r3, fp
10000afc:	d001      	beq.n	10000b02 <irq_remove_handler+0x82>
10000afe:	f001 f83f 	bl	10001b80 <hard_assertion_failure>
10000b02:	2301      	movs	r3, #1
10000b04:	002a      	movs	r2, r5
10000b06:	439a      	bics	r2, r3
10000b08:	6890      	ldr	r0, [r2, #8]
10000b0a:	4284      	cmp	r4, r0
10000b0c:	d108      	bne.n	10000b20 <irq_remove_handler+0xa0>
10000b0e:	e076      	b.n	10000bfe <irq_remove_handler+0x17e>
10000b10:	004b      	lsls	r3, r1, #1
10000b12:	185b      	adds	r3, r3, r1
10000b14:	009b      	lsls	r3, r3, #2
10000b16:	18f3      	adds	r3, r6, r3
10000b18:	6898      	ldr	r0, [r3, #8]
10000b1a:	4284      	cmp	r4, r0
10000b1c:	d036      	beq.n	10000b8c <irq_remove_handler+0x10c>
10000b1e:	001a      	movs	r2, r3
10000b20:	2106      	movs	r1, #6
10000b22:	5651      	ldrsb	r1, [r2, r1]
10000b24:	2900      	cmp	r1, #0
10000b26:	daf3      	bge.n	10000b10 <irq_remove_handler+0x90>
10000b28:	4284      	cmp	r4, r0
10000b2a:	d054      	beq.n	10000bd6 <irq_remove_handler+0x156>
10000b2c:	464b      	mov	r3, r9
10000b2e:	2b00      	cmp	r3, #0
10000b30:	d027      	beq.n	10000b82 <irq_remove_handler+0x102>
10000b32:	22c0      	movs	r2, #192	@ 0xc0
10000b34:	4651      	mov	r1, sl
10000b36:	4b3f      	ldr	r3, [pc, #252]	@ (10000c34 <irq_remove_handler+0x1b4>)
10000b38:	0052      	lsls	r2, r2, #1
10000b3a:	5099      	str	r1, [r3, r2]
10000b3c:	6019      	str	r1, [r3, #0]
10000b3e:	4b3a      	ldr	r3, [pc, #232]	@ (10000c28 <irq_remove_handler+0x1a8>)
10000b40:	689b      	ldr	r3, [r3, #8]
10000b42:	51dd      	str	r5, [r3, r7]
10000b44:	f3bf 8f5f 	dmb	sy
10000b48:	f3bf 8f5f 	dmb	sy
10000b4c:	2200      	movs	r2, #0
10000b4e:	4b35      	ldr	r3, [pc, #212]	@ (10000c24 <irq_remove_handler+0x1a4>)
10000b50:	601a      	str	r2, [r3, #0]
10000b52:	f388 8810 	msr	PRIMASK, r8
10000b56:	b003      	add	sp, #12
10000b58:	bcf0      	pop	{r4, r5, r6, r7}
10000b5a:	46bb      	mov	fp, r7
10000b5c:	46b2      	mov	sl, r6
10000b5e:	46a9      	mov	r9, r5
10000b60:	46a0      	mov	r8, r4
10000b62:	bdf0      	pop	{r4, r5, r6, r7, pc}
10000b64:	000d      	movs	r5, r1
10000b66:	e7ea      	b.n	10000b3e <irq_remove_handler+0xbe>
10000b68:	002a      	movs	r2, r5
10000b6a:	4663      	mov	r3, ip
10000b6c:	439a      	bics	r2, r3
10000b6e:	6890      	ldr	r0, [r2, #8]
10000b70:	4284      	cmp	r4, r0
10000b72:	d1d5      	bne.n	10000b20 <irq_remove_handler+0xa0>
10000b74:	2006      	movs	r0, #6
10000b76:	5610      	ldrsb	r0, [r2, r0]
10000b78:	0013      	movs	r3, r2
10000b7a:	2800      	cmp	r0, #0
10000b7c:	da0a      	bge.n	10000b94 <irq_remove_handler+0x114>
10000b7e:	000d      	movs	r5, r1
10000b80:	e031      	b.n	10000be6 <irq_remove_handler+0x166>
10000b82:	2380      	movs	r3, #128	@ 0x80
10000b84:	4651      	mov	r1, sl
10000b86:	4a2b      	ldr	r2, [pc, #172]	@ (10000c34 <irq_remove_handler+0x1b4>)
10000b88:	50d1      	str	r1, [r2, r3]
10000b8a:	e7d8      	b.n	10000b3e <irq_remove_handler+0xbe>
10000b8c:	2006      	movs	r0, #6
10000b8e:	5618      	ldrsb	r0, [r3, r0]
10000b90:	2800      	cmp	r0, #0
10000b92:	db21      	blt.n	10000bd8 <irq_remove_handler+0x158>
10000b94:	0042      	lsls	r2, r0, #1
10000b96:	1811      	adds	r1, r2, r0
10000b98:	0089      	lsls	r1, r1, #2
10000b9a:	1874      	adds	r4, r6, r1
10000b9c:	468b      	mov	fp, r1
10000b9e:	68a1      	ldr	r1, [r4, #8]
10000ba0:	6099      	str	r1, [r3, #8]
10000ba2:	79e1      	ldrb	r1, [r4, #7]
10000ba4:	71d9      	strb	r1, [r3, #7]
10000ba6:	2106      	movs	r1, #6
10000ba8:	5661      	ldrsb	r1, [r4, r1]
10000baa:	7199      	strb	r1, [r3, #6]
10000bac:	2900      	cmp	r1, #0
10000bae:	db24      	blt.n	10000bfa <irq_remove_handler+0x17a>
10000bb0:	88a4      	ldrh	r4, [r4, #4]
10000bb2:	1af1      	subs	r1, r6, r3
10000bb4:	0564      	lsls	r4, r4, #21
10000bb6:	1524      	asrs	r4, r4, #20
10000bb8:	445c      	add	r4, fp
10000bba:	1909      	adds	r1, r1, r4
10000bbc:	0509      	lsls	r1, r1, #20
10000bbe:	4c1e      	ldr	r4, [pc, #120]	@ (10000c38 <irq_remove_handler+0x1b8>)
10000bc0:	0d49      	lsrs	r1, r1, #21
10000bc2:	4321      	orrs	r1, r4
10000bc4:	8099      	strh	r1, [r3, #4]
10000bc6:	1813      	adds	r3, r2, r0
10000bc8:	4a1c      	ldr	r2, [pc, #112]	@ (10000c3c <irq_remove_handler+0x1bc>)
10000bca:	009b      	lsls	r3, r3, #2
10000bcc:	7811      	ldrb	r1, [r2, #0]
10000bce:	18f3      	adds	r3, r6, r3
10000bd0:	7199      	strb	r1, [r3, #6]
10000bd2:	7010      	strb	r0, [r2, #0]
10000bd4:	e7aa      	b.n	10000b2c <irq_remove_handler+0xac>
10000bd6:	0013      	movs	r3, r2
10000bd8:	4659      	mov	r1, fp
10000bda:	2900      	cmp	r1, #0
10000bdc:	d114      	bne.n	10000c08 <irq_remove_handler+0x188>
10000bde:	31ff      	adds	r1, #255	@ 0xff
10000be0:	7191      	strb	r1, [r2, #6]
10000be2:	4917      	ldr	r1, [pc, #92]	@ (10000c40 <irq_remove_handler+0x1c0>)
10000be4:	8091      	strh	r1, [r2, #4]
10000be6:	4915      	ldr	r1, [pc, #84]	@ (10000c3c <irq_remove_handler+0x1bc>)
10000be8:	780a      	ldrb	r2, [r1, #0]
10000bea:	719a      	strb	r2, [r3, #6]
10000bec:	4a15      	ldr	r2, [pc, #84]	@ (10000c44 <irq_remove_handler+0x1c4>)
10000bee:	1b9b      	subs	r3, r3, r6
10000bf0:	415b      	adcs	r3, r3
10000bf2:	435a      	muls	r2, r3
10000bf4:	0d12      	lsrs	r2, r2, #20
10000bf6:	700a      	strb	r2, [r1, #0]
10000bf8:	e798      	b.n	10000b2c <irq_remove_handler+0xac>
10000bfa:	4911      	ldr	r1, [pc, #68]	@ (10000c40 <irq_remove_handler+0x1c0>)
10000bfc:	e7e2      	b.n	10000bc4 <irq_remove_handler+0x144>
10000bfe:	2006      	movs	r0, #6
10000c00:	5610      	ldrsb	r0, [r2, r0]
10000c02:	0013      	movs	r3, r2
10000c04:	2800      	cmp	r0, #0
10000c06:	dac5      	bge.n	10000b94 <irq_remove_handler+0x114>
10000c08:	4a0f      	ldr	r2, [pc, #60]	@ (10000c48 <irq_remove_handler+0x1c8>)
10000c0a:	4910      	ldr	r1, [pc, #64]	@ (10000c4c <irq_remove_handler+0x1cc>)
10000c0c:	1ad2      	subs	r2, r2, r3
10000c0e:	3a08      	subs	r2, #8
10000c10:	0250      	lsls	r0, r2, #9
10000c12:	0d40      	lsrs	r0, r0, #21
10000c14:	4301      	orrs	r1, r0
10000c16:	8099      	strh	r1, [r3, #4]
10000c18:	490d      	ldr	r1, [pc, #52]	@ (10000c50 <irq_remove_handler+0x1d0>)
10000c1a:	0852      	lsrs	r2, r2, #1
10000c1c:	430a      	orrs	r2, r1
10000c1e:	80da      	strh	r2, [r3, #6]
10000c20:	e784      	b.n	10000b2c <irq_remove_handler+0xac>
10000c22:	46c0      	nop			@ (mov r8, r8)
10000c24:	d0000124 	.word	0xd0000124
10000c28:	e000ed00 	.word	0xe000ed00
10000c2c:	100001c1 	.word	0x100001c1
10000c30:	2000117c 	.word	0x2000117c
10000c34:	e000e100 	.word	0xe000e100
10000c38:	ffffe000 	.word	0xffffe000
10000c3c:	20002c6a 	.word	0x20002c6a
10000c40:	ffffbd01 	.word	0xffffbd01
10000c44:	0000aaaa 	.word	0x0000aaaa
10000c48:	200011b6 	.word	0x200011b6
10000c4c:	fffff000 	.word	0xfffff000
10000c50:	fffff800 	.word	0xfffff800

10000c54 <irq_set_priority>:
10000c54:	b510      	push	{r4, lr}
10000c56:	0883      	lsrs	r3, r0, #2
10000c58:	0004      	movs	r4, r0
10000c5a:	2003      	movs	r0, #3
10000c5c:	4020      	ands	r0, r4
10000c5e:	24ff      	movs	r4, #255	@ 0xff
10000c60:	4a05      	ldr	r2, [pc, #20]	@ (10000c78 <irq_set_priority+0x24>)
10000c62:	00c0      	lsls	r0, r0, #3
10000c64:	4694      	mov	ip, r2
10000c66:	4084      	lsls	r4, r0
10000c68:	4081      	lsls	r1, r0
10000c6a:	009b      	lsls	r3, r3, #2
10000c6c:	4463      	add	r3, ip
10000c6e:	681a      	ldr	r2, [r3, #0]
10000c70:	43a2      	bics	r2, r4
10000c72:	430a      	orrs	r2, r1
10000c74:	601a      	str	r2, [r3, #0]
10000c76:	bd10      	pop	{r4, pc}
10000c78:	e000e400 	.word	0xe000e400

10000c7c <irq_add_tail_to_free_list>:
10000c7c:	b570      	push	{r4, r5, r6, lr}
10000c7e:	2401      	movs	r4, #1
10000c80:	4304      	orrs	r4, r0
10000c82:	f3ef 8105 	mrs	r1, IPSR
10000c86:	f3ef 8c10 	mrs	ip, PRIMASK
10000c8a:	b672      	cpsid	i
10000c8c:	4a21      	ldr	r2, [pc, #132]	@ (10000d14 <irq_add_tail_to_free_list+0x98>)
10000c8e:	6813      	ldr	r3, [r2, #0]
10000c90:	2b00      	cmp	r3, #0
10000c92:	d0fc      	beq.n	10000c8e <irq_add_tail_to_free_list+0x12>
10000c94:	f3bf 8f5f 	dmb	sy
10000c98:	4b1f      	ldr	r3, [pc, #124]	@ (10000d18 <irq_add_tail_to_free_list+0x9c>)
10000c9a:	0005      	movs	r5, r0
10000c9c:	4a1f      	ldr	r2, [pc, #124]	@ (10000d1c <irq_add_tail_to_free_list+0xa0>)
10000c9e:	1aed      	subs	r5, r5, r3
10000ca0:	416d      	adcs	r5, r5
10000ca2:	436a      	muls	r2, r5
10000ca4:	0d12      	lsrs	r2, r2, #20
10000ca6:	4d1e      	ldr	r5, [pc, #120]	@ (10000d20 <irq_add_tail_to_free_list+0xa4>)
10000ca8:	0089      	lsls	r1, r1, #2
10000caa:	68ae      	ldr	r6, [r5, #8]
10000cac:	b252      	sxtb	r2, r2
10000cae:	5876      	ldr	r6, [r6, r1]
10000cb0:	42a6      	cmp	r6, r4
10000cb2:	d01c      	beq.n	10000cee <irq_add_tail_to_free_list+0x72>
10000cb4:	2106      	movs	r1, #6
10000cb6:	5659      	ldrsb	r1, [r3, r1]
10000cb8:	4291      	cmp	r1, r2
10000cba:	d01c      	beq.n	10000cf6 <irq_add_tail_to_free_list+0x7a>
10000cbc:	2112      	movs	r1, #18
10000cbe:	5659      	ldrsb	r1, [r3, r1]
10000cc0:	4291      	cmp	r1, r2
10000cc2:	d022      	beq.n	10000d0a <irq_add_tail_to_free_list+0x8e>
10000cc4:	211e      	movs	r1, #30
10000cc6:	5659      	ldrsb	r1, [r3, r1]
10000cc8:	4291      	cmp	r1, r2
10000cca:	d020      	beq.n	10000d0e <irq_add_tail_to_free_list+0x92>
10000ccc:	212a      	movs	r1, #42	@ 0x2a
10000cce:	5659      	ldrsb	r1, [r3, r1]
10000cd0:	2403      	movs	r4, #3
10000cd2:	4291      	cmp	r1, r2
10000cd4:	d010      	beq.n	10000cf8 <irq_add_tail_to_free_list+0x7c>
10000cd6:	4b13      	ldr	r3, [pc, #76]	@ (10000d24 <irq_add_tail_to_free_list+0xa8>)
10000cd8:	7819      	ldrb	r1, [r3, #0]
10000cda:	701a      	strb	r2, [r3, #0]
10000cdc:	7181      	strb	r1, [r0, #6]
10000cde:	f3bf 8f5f 	dmb	sy
10000ce2:	2200      	movs	r2, #0
10000ce4:	4b0b      	ldr	r3, [pc, #44]	@ (10000d14 <irq_add_tail_to_free_list+0x98>)
10000ce6:	601a      	str	r2, [r3, #0]
10000ce8:	f38c 8810 	msr	PRIMASK, ip
10000cec:	bd70      	pop	{r4, r5, r6, pc}
10000cee:	68ab      	ldr	r3, [r5, #8]
10000cf0:	4c0d      	ldr	r4, [pc, #52]	@ (10000d28 <irq_add_tail_to_free_list+0xac>)
10000cf2:	505c      	str	r4, [r3, r1]
10000cf4:	e7ef      	b.n	10000cd6 <irq_add_tail_to_free_list+0x5a>
10000cf6:	2400      	movs	r4, #0
10000cf8:	0061      	lsls	r1, r4, #1
10000cfa:	1909      	adds	r1, r1, r4
10000cfc:	0089      	lsls	r1, r1, #2
10000cfe:	185b      	adds	r3, r3, r1
10000d00:	21ff      	movs	r1, #255	@ 0xff
10000d02:	7199      	strb	r1, [r3, #6]
10000d04:	4909      	ldr	r1, [pc, #36]	@ (10000d2c <irq_add_tail_to_free_list+0xb0>)
10000d06:	8099      	strh	r1, [r3, #4]
10000d08:	e7e5      	b.n	10000cd6 <irq_add_tail_to_free_list+0x5a>
10000d0a:	2401      	movs	r4, #1
10000d0c:	e7f4      	b.n	10000cf8 <irq_add_tail_to_free_list+0x7c>
10000d0e:	2402      	movs	r4, #2
10000d10:	e7f2      	b.n	10000cf8 <irq_add_tail_to_free_list+0x7c>
10000d12:	46c0      	nop			@ (mov r8, r8)
10000d14:	d0000124 	.word	0xd0000124
10000d18:	2000117c 	.word	0x2000117c
10000d1c:	0000aaaa 	.word	0x0000aaaa
10000d20:	e000ed00 	.word	0xe000ed00
10000d24:	20002c6a 	.word	0x20002c6a
10000d28:	100001c1 	.word	0x100001c1
10000d2c:	ffffbd01 	.word	0xffffbd01

10000d30 <user_irq_unclaim>:
10000d30:	211f      	movs	r1, #31
10000d32:	b510      	push	{r4, lr}
10000d34:	1a09      	subs	r1, r1, r0
10000d36:	4802      	ldr	r0, [pc, #8]	@ (10000d40 <user_irq_unclaim+0x10>)
10000d38:	f7ff fcec 	bl	10000714 <hw_claim_clear>
10000d3c:	bd10      	pop	{r4, pc}
10000d3e:	46c0      	nop			@ (mov r8, r8)
10000d40:	20002c6e 	.word	0x20002c6e

10000d44 <user_irq_claim_unused>:
10000d44:	b510      	push	{r4, lr}
10000d46:	4b08      	ldr	r3, [pc, #32]	@ (10000d68 <user_irq_claim_unused+0x24>)
10000d48:	4c08      	ldr	r4, [pc, #32]	@ (10000d6c <user_irq_claim_unused+0x28>)
10000d4a:	b082      	sub	sp, #8
10000d4c:	0001      	movs	r1, r0
10000d4e:	9300      	str	r3, [sp, #0]
10000d50:	2200      	movs	r2, #0
10000d52:	2305      	movs	r3, #5
10000d54:	0020      	movs	r0, r4
10000d56:	f7ff fc99 	bl	1000068c <hw_claim_unused_from_range>
10000d5a:	2800      	cmp	r0, #0
10000d5c:	db01      	blt.n	10000d62 <user_irq_claim_unused+0x1e>
10000d5e:	231f      	movs	r3, #31
10000d60:	1a18      	subs	r0, r3, r0
10000d62:	b002      	add	sp, #8
10000d64:	bd10      	pop	{r4, pc}
10000d66:	46c0      	nop			@ (mov r8, r8)
10000d68:	1000a9dc 	.word	0x1000a9dc
10000d6c:	20002c6e 	.word	0x20002c6e

10000d70 <sem_init>:
10000d70:	b570      	push	{r4, r5, r6, lr}
10000d72:	0004      	movs	r4, r0
10000d74:	000e      	movs	r6, r1
10000d76:	0015      	movs	r5, r2
10000d78:	f7ff fce8 	bl	1000074c <next_striped_spin_lock_num>
10000d7c:	0001      	movs	r1, r0
10000d7e:	0020      	movs	r0, r4
10000d80:	f000 f806 	bl	10000d90 <lock_init>
10000d84:	80a6      	strh	r6, [r4, #4]
10000d86:	80e5      	strh	r5, [r4, #6]
10000d88:	f3bf 8f5f 	dmb	sy
10000d8c:	bd70      	pop	{r4, r5, r6, pc}
10000d8e:	46c0      	nop			@ (mov r8, r8)

10000d90 <lock_init>:
10000d90:	4b02      	ldr	r3, [pc, #8]	@ (10000d9c <lock_init+0xc>)
10000d92:	469c      	mov	ip, r3
10000d94:	4461      	add	r1, ip
10000d96:	0089      	lsls	r1, r1, #2
10000d98:	6001      	str	r1, [r0, #0]
10000d9a:	4770      	bx	lr
10000d9c:	34000040 	.word	0x34000040

10000da0 <runtime_init_mutex>:
10000da0:	b570      	push	{r4, r5, r6, lr}
10000da2:	4c11      	ldr	r4, [pc, #68]	@ (10000de8 <runtime_init_mutex+0x48>)
10000da4:	4d11      	ldr	r5, [pc, #68]	@ (10000dec <runtime_init_mutex+0x4c>)
10000da6:	42ac      	cmp	r4, r5
10000da8:	d20f      	bcs.n	10000dca <runtime_init_mutex+0x2a>
10000daa:	26ff      	movs	r6, #255	@ 0xff
10000dac:	6823      	ldr	r3, [r4, #0]
10000dae:	2b00      	cmp	r3, #0
10000db0:	d00c      	beq.n	10000dcc <runtime_init_mutex+0x2c>
10000db2:	f7ff fccb 	bl	1000074c <next_striped_spin_lock_num>
10000db6:	0001      	movs	r1, r0
10000db8:	0020      	movs	r0, r4
10000dba:	f7ff ffe9 	bl	10000d90 <lock_init>
10000dbe:	80a6      	strh	r6, [r4, #4]
10000dc0:	f3bf 8f5f 	dmb	sy
10000dc4:	3408      	adds	r4, #8
10000dc6:	42ac      	cmp	r4, r5
10000dc8:	d3f0      	bcc.n	10000dac <runtime_init_mutex+0xc>
10000dca:	bd70      	pop	{r4, r5, r6, pc}
10000dcc:	f7ff fcbe 	bl	1000074c <next_striped_spin_lock_num>
10000dd0:	0001      	movs	r1, r0
10000dd2:	0020      	movs	r0, r4
10000dd4:	f7ff ffdc 	bl	10000d90 <lock_init>
10000dd8:	7126      	strb	r6, [r4, #4]
10000dda:	f3bf 8f5f 	dmb	sy
10000dde:	3408      	adds	r4, #8
10000de0:	42ac      	cmp	r4, r5
10000de2:	d3e3      	bcc.n	10000dac <runtime_init_mutex+0xc>
10000de4:	e7f1      	b.n	10000dca <runtime_init_mutex+0x2a>
10000de6:	46c0      	nop			@ (mov r8, r8)
10000de8:	20001260 	.word	0x20001260
10000dec:	20001268 	.word	0x20001268

10000df0 <mutex_init>:
10000df0:	b510      	push	{r4, lr}
10000df2:	0004      	movs	r4, r0
10000df4:	f7ff fcaa 	bl	1000074c <next_striped_spin_lock_num>
10000df8:	0001      	movs	r1, r0
10000dfa:	0020      	movs	r0, r4
10000dfc:	f7ff ffc8 	bl	10000d90 <lock_init>
10000e00:	23ff      	movs	r3, #255	@ 0xff
10000e02:	7123      	strb	r3, [r4, #4]
10000e04:	f3bf 8f5f 	dmb	sy
10000e08:	bd10      	pop	{r4, pc}
10000e0a:	46c0      	nop			@ (mov r8, r8)

10000e0c <recursive_mutex_init>:
10000e0c:	b510      	push	{r4, lr}
10000e0e:	0004      	movs	r4, r0
10000e10:	f7ff fc9c 	bl	1000074c <next_striped_spin_lock_num>
10000e14:	0001      	movs	r1, r0
10000e16:	0020      	movs	r0, r4
10000e18:	f7ff ffba 	bl	10000d90 <lock_init>
10000e1c:	23ff      	movs	r3, #255	@ 0xff
10000e1e:	80a3      	strh	r3, [r4, #4]
10000e20:	f3bf 8f5f 	dmb	sy
10000e24:	bd10      	pop	{r4, pc}
10000e26:	46c0      	nop			@ (mov r8, r8)

10000e28 <critical_section_init>:
10000e28:	b510      	push	{r4, lr}
10000e2a:	0004      	movs	r4, r0
10000e2c:	2001      	movs	r0, #1
10000e2e:	f7ff fc99 	bl	10000764 <spin_lock_claim_unused>
10000e32:	4b03      	ldr	r3, [pc, #12]	@ (10000e40 <critical_section_init+0x18>)
10000e34:	18c3      	adds	r3, r0, r3
10000e36:	009b      	lsls	r3, r3, #2
10000e38:	6023      	str	r3, [r4, #0]
10000e3a:	f3bf 8f5f 	dmb	sy
10000e3e:	bd10      	pop	{r4, pc}
10000e40:	34000040 	.word	0x34000040

10000e44 <critical_section_init_with_lock_num>:
10000e44:	4b03      	ldr	r3, [pc, #12]	@ (10000e54 <critical_section_init_with_lock_num+0x10>)
10000e46:	469c      	mov	ip, r3
10000e48:	4461      	add	r1, ip
10000e4a:	0089      	lsls	r1, r1, #2
10000e4c:	6001      	str	r1, [r0, #0]
10000e4e:	f3bf 8f5f 	dmb	sy
10000e52:	4770      	bx	lr
10000e54:	34000040 	.word	0x34000040

10000e58 <sleep_until_callback>:
10000e58:	4b0a      	ldr	r3, [pc, #40]	@ (10000e84 <sleep_until_callback+0x2c>)
10000e5a:	6819      	ldr	r1, [r3, #0]
10000e5c:	f3ef 8010 	mrs	r0, PRIMASK
10000e60:	b672      	cpsid	i
10000e62:	680a      	ldr	r2, [r1, #0]
10000e64:	2a00      	cmp	r2, #0
10000e66:	d0fc      	beq.n	10000e62 <sleep_until_callback+0xa>
10000e68:	f3bf 8f5f 	dmb	sy
10000e6c:	681b      	ldr	r3, [r3, #0]
10000e6e:	f3bf 8f5f 	dmb	sy
10000e72:	2200      	movs	r2, #0
10000e74:	601a      	str	r2, [r3, #0]
10000e76:	f380 8810 	msr	PRIMASK, r0
10000e7a:	bf40      	sev
10000e7c:	2000      	movs	r0, #0
10000e7e:	2100      	movs	r1, #0
10000e80:	4770      	bx	lr
10000e82:	46c0      	nop			@ (mov r8, r8)
10000e84:	20002c44 	.word	0x20002c44

10000e88 <alarm_pool_irq_handler>:
10000e88:	b5f0      	push	{r4, r5, r6, r7, lr}
10000e8a:	46de      	mov	lr, fp
10000e8c:	4657      	mov	r7, sl
10000e8e:	464e      	mov	r6, r9
10000e90:	4645      	mov	r5, r8
10000e92:	b5e0      	push	{r5, r6, r7, lr}
10000e94:	b087      	sub	sp, #28
10000e96:	f3ef 8305 	mrs	r3, IPSR
10000e9a:	2203      	movs	r2, #3
10000e9c:	2501      	movs	r5, #1
10000e9e:	401a      	ands	r2, r3
10000ea0:	4095      	lsls	r5, r2
10000ea2:	0091      	lsls	r1, r2, #2
10000ea4:	4688      	mov	r8, r1
10000ea6:	46a9      	mov	r9, r5
10000ea8:	4bb3      	ldr	r3, [pc, #716]	@ (10001178 <alarm_pool_irq_handler+0x2f0>)
10000eaa:	9203      	str	r2, [sp, #12]
10000eac:	585c      	ldr	r4, [r3, r1]
10000eae:	4bb3      	ldr	r3, [pc, #716]	@ (1000117c <alarm_pool_irq_handler+0x2f4>)
10000eb0:	601d      	str	r5, [r3, #0]
10000eb2:	4bb3      	ldr	r3, [pc, #716]	@ (10001180 <alarm_pool_irq_handler+0x2f8>)
10000eb4:	9304      	str	r3, [sp, #16]
10000eb6:	464b      	mov	r3, r9
10000eb8:	48b2      	ldr	r0, [pc, #712]	@ (10001184 <alarm_pool_irq_handler+0x2fc>)
10000eba:	6343      	str	r3, [r0, #52]	@ 0x34
10000ebc:	2308      	movs	r3, #8
10000ebe:	5ee5      	ldrsh	r5, [r4, r3]
10000ec0:	2d00      	cmp	r5, #0
10000ec2:	da37      	bge.n	10000f34 <alarm_pool_irq_handler+0xac>
10000ec4:	88a3      	ldrh	r3, [r4, #4]
10000ec6:	b21b      	sxth	r3, r3
10000ec8:	2b00      	cmp	r3, #0
10000eca:	db00      	blt.n	10000ece <alarm_pool_irq_handler+0x46>
10000ecc:	e0ad      	b.n	1000102a <alarm_pool_irq_handler+0x1a2>
10000ece:	79a3      	ldrb	r3, [r4, #6]
10000ed0:	2b00      	cmp	r3, #0
10000ed2:	d000      	beq.n	10000ed6 <alarm_pool_irq_handler+0x4e>
10000ed4:	e0ee      	b.n	100010b4 <alarm_pool_irq_handler+0x22c>
10000ed6:	2308      	movs	r3, #8
10000ed8:	5ee0      	ldrsh	r0, [r4, r3]
10000eda:	2800      	cmp	r0, #0
10000edc:	db20      	blt.n	10000f20 <alarm_pool_irq_handler+0x98>
10000ede:	0043      	lsls	r3, r0, #1
10000ee0:	6962      	ldr	r2, [r4, #20]
10000ee2:	181b      	adds	r3, r3, r0
10000ee4:	00db      	lsls	r3, r3, #3
10000ee6:	18d3      	adds	r3, r2, r3
10000ee8:	689e      	ldr	r6, [r3, #8]
10000eea:	68dd      	ldr	r5, [r3, #12]
10000eec:	1c73      	adds	r3, r6, #1
10000eee:	d100      	bne.n	10000ef2 <alarm_pool_irq_handler+0x6a>
10000ef0:	e111      	b.n	10001116 <alarm_pool_irq_handler+0x28e>
10000ef2:	48a4      	ldr	r0, [pc, #656]	@ (10001184 <alarm_pool_irq_handler+0x2fc>)
10000ef4:	0001      	movs	r1, r0
10000ef6:	4441      	add	r1, r8
10000ef8:	6a82      	ldr	r2, [r0, #40]	@ 0x28
10000efa:	690b      	ldr	r3, [r1, #16]
10000efc:	1ab7      	subs	r7, r6, r2
10000efe:	1a9b      	subs	r3, r3, r2
10000f00:	429f      	cmp	r7, r3
10000f02:	d315      	bcc.n	10000f30 <alarm_pool_irq_handler+0xa8>
10000f04:	2301      	movs	r3, #1
10000f06:	6a02      	ldr	r2, [r0, #32]
10000f08:	9803      	ldr	r0, [sp, #12]
10000f0a:	4083      	lsls	r3, r0
10000f0c:	421a      	tst	r2, r3
10000f0e:	d00f      	beq.n	10000f30 <alarm_pool_irq_handler+0xa8>
10000f10:	489c      	ldr	r0, [pc, #624]	@ (10001184 <alarm_pool_irq_handler+0x2fc>)
10000f12:	f000 fc1d 	bl	10001750 <timer_time_us_64>
10000f16:	428d      	cmp	r5, r1
10000f18:	dc02      	bgt.n	10000f20 <alarm_pool_irq_handler+0x98>
10000f1a:	d1cc      	bne.n	10000eb6 <alarm_pool_irq_handler+0x2e>
10000f1c:	4286      	cmp	r6, r0
10000f1e:	d9ca      	bls.n	10000eb6 <alarm_pool_irq_handler+0x2e>
10000f20:	bf40      	sev
10000f22:	b007      	add	sp, #28
10000f24:	bcf0      	pop	{r4, r5, r6, r7}
10000f26:	46bb      	mov	fp, r7
10000f28:	46b2      	mov	sl, r6
10000f2a:	46a9      	mov	r9, r5
10000f2c:	46a0      	mov	r8, r4
10000f2e:	bdf0      	pop	{r4, r5, r6, r7, pc}
10000f30:	610e      	str	r6, [r1, #16]
10000f32:	e7ed      	b.n	10000f10 <alarm_pool_irq_handler+0x88>
10000f34:	6962      	ldr	r2, [r4, #20]
10000f36:	006b      	lsls	r3, r5, #1
10000f38:	4692      	mov	sl, r2
10000f3a:	195b      	adds	r3, r3, r5
10000f3c:	00db      	lsls	r3, r3, #3
10000f3e:	449a      	add	sl, r3
10000f40:	4653      	mov	r3, sl
10000f42:	689e      	ldr	r6, [r3, #8]
10000f44:	68df      	ldr	r7, [r3, #12]
10000f46:	f000 fc03 	bl	10001750 <timer_time_us_64>
10000f4a:	428f      	cmp	r7, r1
10000f4c:	dcba      	bgt.n	10000ec4 <alarm_pool_irq_handler+0x3c>
10000f4e:	d100      	bne.n	10000f52 <alarm_pool_irq_handler+0xca>
10000f50:	e103      	b.n	1000115a <alarm_pool_irq_handler+0x2d2>
10000f52:	2f00      	cmp	r7, #0
10000f54:	da00      	bge.n	10000f58 <alarm_pool_irq_handler+0xd0>
10000f56:	e0e8      	b.n	1000112a <alarm_pool_irq_handler+0x2a2>
10000f58:	4652      	mov	r2, sl
10000f5a:	4653      	mov	r3, sl
10000f5c:	6952      	ldr	r2, [r2, #20]
10000f5e:	691b      	ldr	r3, [r3, #16]
10000f60:	4693      	mov	fp, r2
10000f62:	9a04      	ldr	r2, [sp, #16]
10000f64:	4293      	cmp	r3, r2
10000f66:	d100      	bne.n	10000f6a <alarm_pool_irq_handler+0xe2>
10000f68:	e0d9      	b.n	1000111e <alarm_pool_irq_handler+0x296>
10000f6a:	4652      	mov	r2, sl
10000f6c:	2108      	movs	r1, #8
10000f6e:	5e60      	ldrsh	r0, [r4, r1]
10000f70:	8852      	ldrh	r2, [r2, #2]
10000f72:	0400      	lsls	r0, r0, #16
10000f74:	4659      	mov	r1, fp
10000f76:	4310      	orrs	r0, r2
10000f78:	4798      	blx	r3
10000f7a:	9000      	str	r0, [sp, #0]
10000f7c:	9101      	str	r1, [sp, #4]
10000f7e:	9900      	ldr	r1, [sp, #0]
10000f80:	9a01      	ldr	r2, [sp, #4]
10000f82:	000b      	movs	r3, r1
10000f84:	0010      	movs	r0, r2
10000f86:	4313      	orrs	r3, r2
10000f88:	d100      	bne.n	10000f8c <alarm_pool_irq_handler+0x104>
10000f8a:	e0ce      	b.n	1000112a <alarm_pool_irq_handler+0x2a2>
10000f8c:	0013      	movs	r3, r2
10000f8e:	000a      	movs	r2, r1
10000f90:	1ab6      	subs	r6, r6, r2
10000f92:	419f      	sbcs	r7, r3
10000f94:	2800      	cmp	r0, #0
10000f96:	db06      	blt.n	10000fa6 <alarm_pool_irq_handler+0x11e>
10000f98:	487a      	ldr	r0, [pc, #488]	@ (10001184 <alarm_pool_irq_handler+0x2fc>)
10000f9a:	f000 fbd9 	bl	10001750 <timer_time_us_64>
10000f9e:	9e00      	ldr	r6, [sp, #0]
10000fa0:	9f01      	ldr	r7, [sp, #4]
10000fa2:	1836      	adds	r6, r6, r0
10000fa4:	414f      	adcs	r7, r1
10000fa6:	4653      	mov	r3, sl
10000fa8:	609e      	str	r6, [r3, #8]
10000faa:	60df      	str	r7, [r3, #12]
10000fac:	2200      	movs	r2, #0
10000fae:	5e9a      	ldrsh	r2, [r3, r2]
10000fb0:	2a00      	cmp	r2, #0
10000fb2:	da00      	bge.n	10000fb6 <alarm_pool_irq_handler+0x12e>
10000fb4:	e786      	b.n	10000ec4 <alarm_pool_irq_handler+0x3c>
10000fb6:	0053      	lsls	r3, r2, #1
10000fb8:	1899      	adds	r1, r3, r2
10000fba:	6960      	ldr	r0, [r4, #20]
10000fbc:	00c9      	lsls	r1, r1, #3
10000fbe:	1841      	adds	r1, r0, r1
10000fc0:	9302      	str	r3, [sp, #8]
10000fc2:	688b      	ldr	r3, [r1, #8]
10000fc4:	68c9      	ldr	r1, [r1, #12]
10000fc6:	469b      	mov	fp, r3
10000fc8:	42b9      	cmp	r1, r7
10000fca:	dd00      	ble.n	10000fce <alarm_pool_irq_handler+0x146>
10000fcc:	e77a      	b.n	10000ec4 <alarm_pool_irq_handler+0x3c>
10000fce:	d102      	bne.n	10000fd6 <alarm_pool_irq_handler+0x14e>
10000fd0:	42b3      	cmp	r3, r6
10000fd2:	d900      	bls.n	10000fd6 <alarm_pool_irq_handler+0x14e>
10000fd4:	e776      	b.n	10000ec4 <alarm_pool_irq_handler+0x3c>
10000fd6:	2308      	movs	r3, #8
10000fd8:	469c      	mov	ip, r3
10000fda:	44a4      	add	ip, r4
10000fdc:	9505      	str	r5, [sp, #20]
10000fde:	4665      	mov	r5, ip
10000fe0:	8122      	strh	r2, [r4, #8]
10000fe2:	46a4      	mov	ip, r4
10000fe4:	9b02      	ldr	r3, [sp, #8]
10000fe6:	002c      	movs	r4, r5
10000fe8:	e006      	b.n	10000ff8 <alarm_pool_irq_handler+0x170>
10000fea:	0053      	lsls	r3, r2, #1
10000fec:	1899      	adds	r1, r3, r2
10000fee:	00c9      	lsls	r1, r1, #3
10000ff0:	1841      	adds	r1, r0, r1
10000ff2:	688d      	ldr	r5, [r1, #8]
10000ff4:	68c9      	ldr	r1, [r1, #12]
10000ff6:	46ab      	mov	fp, r5
10000ff8:	189b      	adds	r3, r3, r2
10000ffa:	00db      	lsls	r3, r3, #3
10000ffc:	18c3      	adds	r3, r0, r3
10000ffe:	42b9      	cmp	r1, r7
10001000:	dc06      	bgt.n	10001010 <alarm_pool_irq_handler+0x188>
10001002:	d100      	bne.n	10001006 <alarm_pool_irq_handler+0x17e>
10001004:	e0b3      	b.n	1000116e <alarm_pool_irq_handler+0x2e6>
10001006:	001c      	movs	r4, r3
10001008:	2300      	movs	r3, #0
1000100a:	5ee2      	ldrsh	r2, [r4, r3]
1000100c:	2a00      	cmp	r2, #0
1000100e:	daec      	bge.n	10000fea <alarm_pool_irq_handler+0x162>
10001010:	0023      	movs	r3, r4
10001012:	4664      	mov	r4, ip
10001014:	469c      	mov	ip, r3
10001016:	4653      	mov	r3, sl
10001018:	801a      	strh	r2, [r3, #0]
1000101a:	4663      	mov	r3, ip
1000101c:	9d05      	ldr	r5, [sp, #20]
1000101e:	801d      	strh	r5, [r3, #0]
10001020:	88a3      	ldrh	r3, [r4, #4]
10001022:	b21b      	sxth	r3, r3
10001024:	2b00      	cmp	r3, #0
10001026:	da00      	bge.n	1000102a <alarm_pool_irq_handler+0x1a2>
10001028:	e751      	b.n	10000ece <alarm_pool_irq_handler+0x46>
1000102a:	6922      	ldr	r2, [r4, #16]
1000102c:	f3ef 8110 	mrs	r1, PRIMASK
10001030:	b672      	cpsid	i
10001032:	6813      	ldr	r3, [r2, #0]
10001034:	2b00      	cmp	r3, #0
10001036:	d0fc      	beq.n	10001032 <alarm_pool_irq_handler+0x1aa>
10001038:	f3bf 8f5f 	dmb	sy
1000103c:	2301      	movs	r3, #1
1000103e:	88a7      	ldrh	r7, [r4, #4]
10001040:	425b      	negs	r3, r3
10001042:	80a3      	strh	r3, [r4, #4]
10001044:	b23f      	sxth	r7, r7
10001046:	6923      	ldr	r3, [r4, #16]
10001048:	f3bf 8f5f 	dmb	sy
1000104c:	2200      	movs	r2, #0
1000104e:	601a      	str	r2, [r3, #0]
10001050:	f381 8810 	msr	PRIMASK, r1
10001054:	2f00      	cmp	r7, #0
10001056:	da00      	bge.n	1000105a <alarm_pool_irq_handler+0x1d2>
10001058:	e739      	b.n	10000ece <alarm_pool_irq_handler+0x46>
1000105a:	0023      	movs	r3, r4
1000105c:	3308      	adds	r3, #8
1000105e:	0022      	movs	r2, r4
10001060:	469a      	mov	sl, r3
10001062:	6966      	ldr	r6, [r4, #20]
10001064:	007b      	lsls	r3, r7, #1
10001066:	19db      	adds	r3, r3, r7
10001068:	00db      	lsls	r3, r3, #3
1000106a:	18f3      	adds	r3, r6, r3
1000106c:	6899      	ldr	r1, [r3, #8]
1000106e:	4650      	mov	r0, sl
10001070:	468c      	mov	ip, r1
10001072:	2408      	movs	r4, #8
10001074:	5f11      	ldrsh	r1, [r2, r4]
10001076:	68dd      	ldr	r5, [r3, #12]
10001078:	2900      	cmp	r1, #0
1000107a:	db10      	blt.n	1000109e <alarm_pool_irq_handler+0x216>
1000107c:	9302      	str	r3, [sp, #8]
1000107e:	e006      	b.n	1000108e <alarm_pool_irq_handler+0x206>
10001080:	42ab      	cmp	r3, r5
10001082:	d044      	beq.n	1000110e <alarm_pool_irq_handler+0x286>
10001084:	2300      	movs	r3, #0
10001086:	5ee1      	ldrsh	r1, [r4, r3]
10001088:	0020      	movs	r0, r4
1000108a:	2900      	cmp	r1, #0
1000108c:	db06      	blt.n	1000109c <alarm_pool_irq_handler+0x214>
1000108e:	004c      	lsls	r4, r1, #1
10001090:	1864      	adds	r4, r4, r1
10001092:	00e4      	lsls	r4, r4, #3
10001094:	1934      	adds	r4, r6, r4
10001096:	68e3      	ldr	r3, [r4, #12]
10001098:	42ab      	cmp	r3, r5
1000109a:	ddf1      	ble.n	10001080 <alarm_pool_irq_handler+0x1f8>
1000109c:	9b02      	ldr	r3, [sp, #8]
1000109e:	8007      	strh	r7, [r0, #0]
100010a0:	2000      	movs	r0, #0
100010a2:	5e1f      	ldrsh	r7, [r3, r0]
100010a4:	8019      	strh	r1, [r3, #0]
100010a6:	2f00      	cmp	r7, #0
100010a8:	dadc      	bge.n	10001064 <alarm_pool_irq_handler+0x1dc>
100010aa:	0014      	movs	r4, r2
100010ac:	79a3      	ldrb	r3, [r4, #6]
100010ae:	2b00      	cmp	r3, #0
100010b0:	d100      	bne.n	100010b4 <alarm_pool_irq_handler+0x22c>
100010b2:	e710      	b.n	10000ed6 <alarm_pool_irq_handler+0x4e>
100010b4:	2300      	movs	r3, #0
100010b6:	71a3      	strb	r3, [r4, #6]
100010b8:	0026      	movs	r6, r4
100010ba:	2308      	movs	r3, #8
100010bc:	5ee1      	ldrsh	r1, [r4, r3]
100010be:	3608      	adds	r6, #8
100010c0:	1c4b      	adds	r3, r1, #1
100010c2:	d100      	bne.n	100010c6 <alarm_pool_irq_handler+0x23e>
100010c4:	e72c      	b.n	10000f20 <alarm_pool_irq_handler+0x98>
100010c6:	0008      	movs	r0, r1
100010c8:	46a2      	mov	sl, r4
100010ca:	6965      	ldr	r5, [r4, #20]
100010cc:	e002      	b.n	100010d4 <alarm_pool_irq_handler+0x24c>
100010ce:	003e      	movs	r6, r7
100010d0:	1c4b      	adds	r3, r1, #1
100010d2:	d01a      	beq.n	1000110a <alarm_pool_irq_handler+0x282>
100010d4:	004b      	lsls	r3, r1, #1
100010d6:	185b      	adds	r3, r3, r1
100010d8:	00db      	lsls	r3, r3, #3
100010da:	18ef      	adds	r7, r5, r3
100010dc:	000a      	movs	r2, r1
100010de:	468c      	mov	ip, r1
100010e0:	5ee9      	ldrsh	r1, [r5, r3]
100010e2:	887b      	ldrh	r3, [r7, #2]
100010e4:	b21b      	sxth	r3, r3
100010e6:	2b00      	cmp	r3, #0
100010e8:	daf1      	bge.n	100010ce <alarm_pool_irq_handler+0x246>
100010ea:	2301      	movs	r3, #1
100010ec:	425b      	negs	r3, r3
100010ee:	17dc      	asrs	r4, r3, #31
100010f0:	60bb      	str	r3, [r7, #8]
100010f2:	60fc      	str	r4, [r7, #12]
100010f4:	4282      	cmp	r2, r0
100010f6:	d005      	beq.n	10001104 <alarm_pool_irq_handler+0x27c>
100010f8:	4653      	mov	r3, sl
100010fa:	8031      	strh	r1, [r6, #0]
100010fc:	891b      	ldrh	r3, [r3, #8]
100010fe:	803b      	strh	r3, [r7, #0]
10001100:	4653      	mov	r3, sl
10001102:	811a      	strh	r2, [r3, #8]
10001104:	4660      	mov	r0, ip
10001106:	1c4b      	adds	r3, r1, #1
10001108:	d1e4      	bne.n	100010d4 <alarm_pool_irq_handler+0x24c>
1000110a:	4654      	mov	r4, sl
1000110c:	e6e5      	b.n	10000eda <alarm_pool_irq_handler+0x52>
1000110e:	68a3      	ldr	r3, [r4, #8]
10001110:	4563      	cmp	r3, ip
10001112:	d9b7      	bls.n	10001084 <alarm_pool_irq_handler+0x1fc>
10001114:	e7c2      	b.n	1000109c <alarm_pool_irq_handler+0x214>
10001116:	1c6b      	adds	r3, r5, #1
10001118:	d000      	beq.n	1000111c <alarm_pool_irq_handler+0x294>
1000111a:	e6ea      	b.n	10000ef2 <alarm_pool_irq_handler+0x6a>
1000111c:	e6f8      	b.n	10000f10 <alarm_pool_irq_handler+0x88>
1000111e:	465b      	mov	r3, fp
10001120:	4658      	mov	r0, fp
10001122:	691b      	ldr	r3, [r3, #16]
10001124:	4798      	blx	r3
10001126:	2800      	cmp	r0, #0
10001128:	d11b      	bne.n	10001162 <alarm_pool_irq_handler+0x2da>
1000112a:	4653      	mov	r3, sl
1000112c:	881b      	ldrh	r3, [r3, #0]
1000112e:	6922      	ldr	r2, [r4, #16]
10001130:	8123      	strh	r3, [r4, #8]
10001132:	f3ef 8310 	mrs	r3, PRIMASK
10001136:	b672      	cpsid	i
10001138:	6811      	ldr	r1, [r2, #0]
1000113a:	2900      	cmp	r1, #0
1000113c:	d0fc      	beq.n	10001138 <alarm_pool_irq_handler+0x2b0>
1000113e:	f3bf 8f5f 	dmb	sy
10001142:	4651      	mov	r1, sl
10001144:	8862      	ldrh	r2, [r4, #2]
10001146:	800a      	strh	r2, [r1, #0]
10001148:	6922      	ldr	r2, [r4, #16]
1000114a:	8065      	strh	r5, [r4, #2]
1000114c:	f3bf 8f5f 	dmb	sy
10001150:	2100      	movs	r1, #0
10001152:	6011      	str	r1, [r2, #0]
10001154:	f383 8810 	msr	PRIMASK, r3
10001158:	e6b4      	b.n	10000ec4 <alarm_pool_irq_handler+0x3c>
1000115a:	4286      	cmp	r6, r0
1000115c:	d800      	bhi.n	10001160 <alarm_pool_irq_handler+0x2d8>
1000115e:	e6f8      	b.n	10000f52 <alarm_pool_irq_handler+0xca>
10001160:	e6b0      	b.n	10000ec4 <alarm_pool_irq_handler+0x3c>
10001162:	465b      	mov	r3, fp
10001164:	681a      	ldr	r2, [r3, #0]
10001166:	685b      	ldr	r3, [r3, #4]
10001168:	9200      	str	r2, [sp, #0]
1000116a:	9301      	str	r3, [sp, #4]
1000116c:	e707      	b.n	10000f7e <alarm_pool_irq_handler+0xf6>
1000116e:	45b3      	cmp	fp, r6
10001170:	d800      	bhi.n	10001174 <alarm_pool_irq_handler+0x2ec>
10001172:	e748      	b.n	10001006 <alarm_pool_irq_handler+0x17e>
10001174:	e74c      	b.n	10001010 <alarm_pool_irq_handler+0x188>
10001176:	46c0      	nop			@ (mov r8, r8)
10001178:	20002b20 	.word	0x20002b20
1000117c:	4005703c 	.word	0x4005703c
10001180:	10000e89 	.word	0x10000e89
10001184:	40054000 	.word	0x40054000

10001188 <runtime_init_default_alarm_pool>:
10001188:	b570      	push	{r4, r5, r6, lr}
1000118a:	4c2e      	ldr	r4, [pc, #184]	@ (10001244 <runtime_init_default_alarm_pool+0xbc>)
1000118c:	6925      	ldr	r5, [r4, #16]
1000118e:	2d00      	cmp	r5, #0
10001190:	d004      	beq.n	1000119c <runtime_init_default_alarm_pool+0x14>
10001192:	210a      	movs	r1, #10
10001194:	482c      	ldr	r0, [pc, #176]	@ (10001248 <runtime_init_default_alarm_pool+0xc0>)
10001196:	f7ff fdfb 	bl	10000d90 <lock_init>
1000119a:	bd70      	pop	{r4, r5, r6, pc}
1000119c:	4e2b      	ldr	r6, [pc, #172]	@ (1000124c <runtime_init_default_alarm_pool+0xc4>)
1000119e:	2103      	movs	r1, #3
100011a0:	0030      	movs	r0, r6
100011a2:	f000 facb 	bl	1000173c <timer_hardware_alarm_claim>
100011a6:	60e6      	str	r6, [r4, #12]
100011a8:	f7ff fad0 	bl	1000074c <next_striped_spin_lock_num>
100011ac:	4b28      	ldr	r3, [pc, #160]	@ (10001250 <runtime_init_default_alarm_pool+0xc8>)
100011ae:	2203      	movs	r2, #3
100011b0:	469c      	mov	ip, r3
100011b2:	23d0      	movs	r3, #208	@ 0xd0
100011b4:	7022      	strb	r2, [r4, #0]
100011b6:	061b      	lsls	r3, r3, #24
100011b8:	681b      	ldr	r3, [r3, #0]
100011ba:	2101      	movs	r1, #1
100011bc:	7063      	strb	r3, [r4, #1]
100011be:	4b25      	ldr	r3, [pc, #148]	@ (10001254 <runtime_init_default_alarm_pool+0xcc>)
100011c0:	4460      	add	r0, ip
100011c2:	60a3      	str	r3, [r4, #8]
100011c4:	230f      	movs	r3, #15
100011c6:	0080      	lsls	r0, r0, #2
100011c8:	6120      	str	r0, [r4, #16]
100011ca:	2002      	movs	r0, #2
100011cc:	8063      	strh	r3, [r4, #2]
100011ce:	6963      	ldr	r3, [r4, #20]
100011d0:	4249      	negs	r1, r1
100011d2:	80a1      	strh	r1, [r4, #4]
100011d4:	8019      	strh	r1, [r3, #0]
100011d6:	3102      	adds	r1, #2
100011d8:	8619      	strh	r1, [r3, #48]	@ 0x30
100011da:	3147      	adds	r1, #71	@ 0x47
100011dc:	831d      	strh	r5, [r3, #24]
100011de:	5258      	strh	r0, [r3, r1]
100011e0:	3118      	adds	r1, #24
100011e2:	525a      	strh	r2, [r3, r1]
100011e4:	3275      	adds	r2, #117	@ 0x75
100011e6:	395c      	subs	r1, #92	@ 0x5c
100011e8:	5299      	strh	r1, [r3, r2]
100011ea:	3218      	adds	r2, #24
100011ec:	3101      	adds	r1, #1
100011ee:	5299      	strh	r1, [r3, r2]
100011f0:	3218      	adds	r2, #24
100011f2:	3101      	adds	r1, #1
100011f4:	5299      	strh	r1, [r3, r2]
100011f6:	3218      	adds	r2, #24
100011f8:	3101      	adds	r1, #1
100011fa:	5299      	strh	r1, [r3, r2]
100011fc:	3508      	adds	r5, #8
100011fe:	3218      	adds	r2, #24
10001200:	529d      	strh	r5, [r3, r2]
10001202:	3102      	adds	r1, #2
10001204:	3218      	adds	r2, #24
10001206:	5299      	strh	r1, [r3, r2]
10001208:	3218      	adds	r2, #24
1000120a:	3101      	adds	r1, #1
1000120c:	5299      	strh	r1, [r3, r2]
1000120e:	3218      	adds	r2, #24
10001210:	3101      	adds	r1, #1
10001212:	5299      	strh	r1, [r3, r2]
10001214:	3218      	adds	r2, #24
10001216:	3101      	adds	r1, #1
10001218:	5299      	strh	r1, [r3, r2]
1000121a:	3218      	adds	r2, #24
1000121c:	3101      	adds	r1, #1
1000121e:	5299      	strh	r1, [r3, r2]
10001220:	3218      	adds	r2, #24
10001222:	3101      	adds	r1, #1
10001224:	5299      	strh	r1, [r3, r2]
10001226:	4b0c      	ldr	r3, [pc, #48]	@ (10001258 <runtime_init_default_alarm_pool+0xd0>)
10001228:	490c      	ldr	r1, [pc, #48]	@ (1000125c <runtime_init_default_alarm_pool+0xd4>)
1000122a:	60dc      	str	r4, [r3, #12]
1000122c:	3001      	adds	r0, #1
1000122e:	6235      	str	r5, [r6, #32]
10001230:	f7ff fb02 	bl	10000838 <irq_set_exclusive_handler>
10001234:	2101      	movs	r1, #1
10001236:	2003      	movs	r0, #3
10001238:	f7ff fac6 	bl	100007c8 <irq_set_enabled>
1000123c:	4b08      	ldr	r3, [pc, #32]	@ (10001260 <runtime_init_default_alarm_pool+0xd8>)
1000123e:	601d      	str	r5, [r3, #0]
10001240:	e7a7      	b.n	10001192 <runtime_init_default_alarm_pool+0xa>
10001242:	46c0      	nop			@ (mov r8, r8)
10001244:	200011c4 	.word	0x200011c4
10001248:	20002c44 	.word	0x20002c44
1000124c:	40054000 	.word	0x40054000
10001250:	34000040 	.word	0x34000040
10001254:	0010ffff 	.word	0x0010ffff
10001258:	20002b20 	.word	0x20002b20
1000125c:	10000e89 	.word	0x10000e89
10001260:	40056038 	.word	0x40056038

10001264 <alarm_pool_get_default>:
10001264:	4800      	ldr	r0, [pc, #0]	@ (10001268 <alarm_pool_get_default+0x4>)
10001266:	4770      	bx	lr
10001268:	200011c4 	.word	0x200011c4

1000126c <alarm_pool_add_alarm_at>:
1000126c:	b5f8      	push	{r3, r4, r5, r6, r7, lr}
1000126e:	001f      	movs	r7, r3
10001270:	ab08      	add	r3, sp, #32
10001272:	781b      	ldrb	r3, [r3, #0]
10001274:	0004      	movs	r4, r0
10001276:	0016      	movs	r6, r2
10001278:	2b00      	cmp	r3, #0
1000127a:	d108      	bne.n	1000128e <alarm_pool_add_alarm_at+0x22>
1000127c:	f000 fa70 	bl	10001760 <time_us_64>
10001280:	0032      	movs	r2, r6
10001282:	003b      	movs	r3, r7
10001284:	1a12      	subs	r2, r2, r0
10001286:	418b      	sbcs	r3, r1
10001288:	2b00      	cmp	r3, #0
1000128a:	da00      	bge.n	1000128e <alarm_pool_add_alarm_at+0x22>
1000128c:	e052      	b.n	10001334 <alarm_pool_add_alarm_at+0xc8>
1000128e:	6922      	ldr	r2, [r4, #16]
10001290:	f3ef 8010 	mrs	r0, PRIMASK
10001294:	b672      	cpsid	i
10001296:	6813      	ldr	r3, [r2, #0]
10001298:	2b00      	cmp	r3, #0
1000129a:	d0fc      	beq.n	10001296 <alarm_pool_add_alarm_at+0x2a>
1000129c:	f3bf 8f5f 	dmb	sy
100012a0:	2302      	movs	r3, #2
100012a2:	5ee1      	ldrsh	r1, [r4, r3]
100012a4:	6963      	ldr	r3, [r4, #20]
100012a6:	004a      	lsls	r2, r1, #1
100012a8:	1852      	adds	r2, r2, r1
100012aa:	00d2      	lsls	r2, r2, #3
100012ac:	189b      	adds	r3, r3, r2
100012ae:	6922      	ldr	r2, [r4, #16]
100012b0:	2900      	cmp	r1, #0
100012b2:	db36      	blt.n	10001322 <alarm_pool_add_alarm_at+0xb6>
100012b4:	881d      	ldrh	r5, [r3, #0]
100012b6:	8065      	strh	r5, [r4, #2]
100012b8:	f3bf 8f5f 	dmb	sy
100012bc:	2500      	movs	r5, #0
100012be:	6015      	str	r5, [r2, #0]
100012c0:	f380 8810 	msr	PRIMASK, r0
100012c4:	9a06      	ldr	r2, [sp, #24]
100012c6:	609e      	str	r6, [r3, #8]
100012c8:	60df      	str	r7, [r3, #12]
100012ca:	611a      	str	r2, [r3, #16]
100012cc:	9a07      	ldr	r2, [sp, #28]
100012ce:	615a      	str	r2, [r3, #20]
100012d0:	885a      	ldrh	r2, [r3, #2]
100012d2:	3201      	adds	r2, #1
100012d4:	0452      	lsls	r2, r2, #17
100012d6:	0c52      	lsrs	r2, r2, #17
100012d8:	1c10      	adds	r0, r2, #0
100012da:	2a00      	cmp	r2, #0
100012dc:	d01f      	beq.n	1000131e <alarm_pool_add_alarm_at+0xb2>
100012de:	b282      	uxth	r2, r0
100012e0:	8058      	strh	r0, [r3, #2]
100012e2:	0408      	lsls	r0, r1, #16
100012e4:	4310      	orrs	r0, r2
100012e6:	6926      	ldr	r6, [r4, #16]
100012e8:	f3ef 8710 	mrs	r7, PRIMASK
100012ec:	b672      	cpsid	i
100012ee:	6832      	ldr	r2, [r6, #0]
100012f0:	2a00      	cmp	r2, #0
100012f2:	d0fc      	beq.n	100012ee <alarm_pool_add_alarm_at+0x82>
100012f4:	f3bf 8f5f 	dmb	sy
100012f8:	88a2      	ldrh	r2, [r4, #4]
100012fa:	801a      	strh	r2, [r3, #0]
100012fc:	80a1      	strh	r1, [r4, #4]
100012fe:	6923      	ldr	r3, [r4, #16]
10001300:	f3bf 8f5f 	dmb	sy
10001304:	2200      	movs	r2, #0
10001306:	601a      	str	r2, [r3, #0]
10001308:	f387 8810 	msr	PRIMASK, r7
1000130c:	490a      	ldr	r1, [pc, #40]	@ (10001338 <alarm_pool_add_alarm_at+0xcc>)
1000130e:	7823      	ldrb	r3, [r4, #0]
10001310:	468c      	mov	ip, r1
10001312:	3201      	adds	r2, #1
10001314:	409a      	lsls	r2, r3
10001316:	68e3      	ldr	r3, [r4, #12]
10001318:	4463      	add	r3, ip
1000131a:	601a      	str	r2, [r3, #0]
1000131c:	bdf8      	pop	{r3, r4, r5, r6, r7, pc}
1000131e:	2001      	movs	r0, #1
10001320:	e7dd      	b.n	100012de <alarm_pool_add_alarm_at+0x72>
10001322:	f3bf 8f5f 	dmb	sy
10001326:	2300      	movs	r3, #0
10001328:	6013      	str	r3, [r2, #0]
1000132a:	f380 8810 	msr	PRIMASK, r0
1000132e:	2001      	movs	r0, #1
10001330:	4240      	negs	r0, r0
10001332:	e7f3      	b.n	1000131c <alarm_pool_add_alarm_at+0xb0>
10001334:	2000      	movs	r0, #0
10001336:	e7f1      	b.n	1000131c <alarm_pool_add_alarm_at+0xb0>
10001338:	0000203c 	.word	0x0000203c

1000133c <alarm_pool_add_alarm_at_force_in_context>:
1000133c:	b570      	push	{r4, r5, r6, lr}
1000133e:	0001      	movs	r1, r0
10001340:	6904      	ldr	r4, [r0, #16]
10001342:	f3ef 8c10 	mrs	ip, PRIMASK
10001346:	b672      	cpsid	i
10001348:	6820      	ldr	r0, [r4, #0]
1000134a:	2800      	cmp	r0, #0
1000134c:	d0fc      	beq.n	10001348 <alarm_pool_add_alarm_at_force_in_context+0xc>
1000134e:	f3bf 8f5f 	dmb	sy
10001352:	2002      	movs	r0, #2
10001354:	5e0d      	ldrsh	r5, [r1, r0]
10001356:	694c      	ldr	r4, [r1, #20]
10001358:	0068      	lsls	r0, r5, #1
1000135a:	1940      	adds	r0, r0, r5
1000135c:	00c0      	lsls	r0, r0, #3
1000135e:	1824      	adds	r4, r4, r0
10001360:	6908      	ldr	r0, [r1, #16]
10001362:	2d00      	cmp	r5, #0
10001364:	db36      	blt.n	100013d4 <alarm_pool_add_alarm_at_force_in_context+0x98>
10001366:	8826      	ldrh	r6, [r4, #0]
10001368:	804e      	strh	r6, [r1, #2]
1000136a:	f3bf 8f5f 	dmb	sy
1000136e:	2600      	movs	r6, #0
10001370:	6006      	str	r6, [r0, #0]
10001372:	f38c 8810 	msr	PRIMASK, ip
10001376:	60e3      	str	r3, [r4, #12]
10001378:	8863      	ldrh	r3, [r4, #2]
1000137a:	9804      	ldr	r0, [sp, #16]
1000137c:	3301      	adds	r3, #1
1000137e:	6120      	str	r0, [r4, #16]
10001380:	045b      	lsls	r3, r3, #17
10001382:	9805      	ldr	r0, [sp, #20]
10001384:	0c5b      	lsrs	r3, r3, #17
10001386:	60a2      	str	r2, [r4, #8]
10001388:	6160      	str	r0, [r4, #20]
1000138a:	1c1a      	adds	r2, r3, #0
1000138c:	2b00      	cmp	r3, #0
1000138e:	d01f      	beq.n	100013d0 <alarm_pool_add_alarm_at_force_in_context+0x94>
10001390:	b293      	uxth	r3, r2
10001392:	0428      	lsls	r0, r5, #16
10001394:	8062      	strh	r2, [r4, #2]
10001396:	4318      	orrs	r0, r3
10001398:	690a      	ldr	r2, [r1, #16]
1000139a:	f3ef 8c10 	mrs	ip, PRIMASK
1000139e:	b672      	cpsid	i
100013a0:	6813      	ldr	r3, [r2, #0]
100013a2:	2b00      	cmp	r3, #0
100013a4:	d0fc      	beq.n	100013a0 <alarm_pool_add_alarm_at_force_in_context+0x64>
100013a6:	f3bf 8f5f 	dmb	sy
100013aa:	888b      	ldrh	r3, [r1, #4]
100013ac:	8023      	strh	r3, [r4, #0]
100013ae:	808d      	strh	r5, [r1, #4]
100013b0:	690b      	ldr	r3, [r1, #16]
100013b2:	f3bf 8f5f 	dmb	sy
100013b6:	2200      	movs	r2, #0
100013b8:	601a      	str	r2, [r3, #0]
100013ba:	f38c 8810 	msr	PRIMASK, ip
100013be:	780b      	ldrb	r3, [r1, #0]
100013c0:	3201      	adds	r2, #1
100013c2:	409a      	lsls	r2, r3
100013c4:	68cb      	ldr	r3, [r1, #12]
100013c6:	4908      	ldr	r1, [pc, #32]	@ (100013e8 <alarm_pool_add_alarm_at_force_in_context+0xac>)
100013c8:	468c      	mov	ip, r1
100013ca:	4463      	add	r3, ip
100013cc:	601a      	str	r2, [r3, #0]
100013ce:	bd70      	pop	{r4, r5, r6, pc}
100013d0:	2201      	movs	r2, #1
100013d2:	e7dd      	b.n	10001390 <alarm_pool_add_alarm_at_force_in_context+0x54>
100013d4:	f3bf 8f5f 	dmb	sy
100013d8:	2300      	movs	r3, #0
100013da:	6003      	str	r3, [r0, #0]
100013dc:	f38c 8810 	msr	PRIMASK, ip
100013e0:	2001      	movs	r0, #1
100013e2:	4240      	negs	r0, r0
100013e4:	e7f3      	b.n	100013ce <alarm_pool_add_alarm_at_force_in_context+0x92>
100013e6:	46c0      	nop			@ (mov r8, r8)
100013e8:	0000203c 	.word	0x0000203c

100013ec <alarm_pool_cancel_alarm>:
100013ec:	b510      	push	{r4, lr}
100013ee:	8943      	ldrh	r3, [r0, #10]
100013f0:	140a      	asrs	r2, r1, #16
100013f2:	4293      	cmp	r3, r2
100013f4:	dd1a      	ble.n	1000142c <alarm_pool_cancel_alarm+0x40>
100013f6:	0053      	lsls	r3, r2, #1
100013f8:	189b      	adds	r3, r3, r2
100013fa:	6942      	ldr	r2, [r0, #20]
100013fc:	00db      	lsls	r3, r3, #3
100013fe:	18d3      	adds	r3, r2, r3
10001400:	6904      	ldr	r4, [r0, #16]
10001402:	f3ef 8c10 	mrs	ip, PRIMASK
10001406:	b672      	cpsid	i
10001408:	6822      	ldr	r2, [r4, #0]
1000140a:	2a00      	cmp	r2, #0
1000140c:	d0fc      	beq.n	10001408 <alarm_pool_cancel_alarm+0x1c>
1000140e:	f3bf 8f5f 	dmb	sy
10001412:	885a      	ldrh	r2, [r3, #2]
10001414:	0409      	lsls	r1, r1, #16
10001416:	b294      	uxth	r4, r2
10001418:	0c09      	lsrs	r1, r1, #16
1000141a:	428a      	cmp	r2, r1
1000141c:	d008      	beq.n	10001430 <alarm_pool_cancel_alarm+0x44>
1000141e:	6903      	ldr	r3, [r0, #16]
10001420:	f3bf 8f5f 	dmb	sy
10001424:	2200      	movs	r2, #0
10001426:	601a      	str	r2, [r3, #0]
10001428:	f38c 8810 	msr	PRIMASK, ip
1000142c:	2000      	movs	r0, #0
1000142e:	bd10      	pop	{r4, pc}
10001430:	2280      	movs	r2, #128	@ 0x80
10001432:	0212      	lsls	r2, r2, #8
10001434:	4314      	orrs	r4, r2
10001436:	805c      	strh	r4, [r3, #2]
10001438:	2301      	movs	r3, #1
1000143a:	6902      	ldr	r2, [r0, #16]
1000143c:	7183      	strb	r3, [r0, #6]
1000143e:	f3bf 8f5f 	dmb	sy
10001442:	2100      	movs	r1, #0
10001444:	6011      	str	r1, [r2, #0]
10001446:	f38c 8810 	msr	PRIMASK, ip
1000144a:	4904      	ldr	r1, [pc, #16]	@ (1000145c <alarm_pool_cancel_alarm+0x70>)
1000144c:	7802      	ldrb	r2, [r0, #0]
1000144e:	468c      	mov	ip, r1
10001450:	4093      	lsls	r3, r2
10001452:	68c2      	ldr	r2, [r0, #12]
10001454:	2001      	movs	r0, #1
10001456:	4462      	add	r2, ip
10001458:	6013      	str	r3, [r2, #0]
1000145a:	e7e8      	b.n	1000142e <alarm_pool_cancel_alarm+0x42>
1000145c:	0000203c 	.word	0x0000203c

10001460 <alarm_pool_core_num>:
10001460:	7840      	ldrb	r0, [r0, #1]
10001462:	4770      	bx	lr

10001464 <sleep_until>:
10001464:	b5f0      	push	{r4, r5, r6, r7, lr}
10001466:	0006      	movs	r6, r0
10001468:	000f      	movs	r7, r1
1000146a:	2406      	movs	r4, #6
1000146c:	4264      	negs	r4, r4
1000146e:	17e5      	asrs	r5, r4, #31
10001470:	46c6      	mov	lr, r8
10001472:	19a4      	adds	r4, r4, r6
10001474:	417d      	adcs	r5, r7
10001476:	b500      	push	{lr}
10001478:	b082      	sub	sp, #8
1000147a:	428d      	cmp	r5, r1
1000147c:	d814      	bhi.n	100014a8 <sleep_until+0x44>
1000147e:	d011      	beq.n	100014a4 <sleep_until+0x40>
10001480:	f000 f96e 	bl	10001760 <time_us_64>
10001484:	0022      	movs	r2, r4
10001486:	002b      	movs	r3, r5
10001488:	1a12      	subs	r2, r2, r0
1000148a:	418b      	sbcs	r3, r1
1000148c:	2b00      	cmp	r3, #0
1000148e:	dc15      	bgt.n	100014bc <sleep_until+0x58>
10001490:	2b00      	cmp	r3, #0
10001492:	d044      	beq.n	1000151e <sleep_until+0xba>
10001494:	0030      	movs	r0, r6
10001496:	0039      	movs	r1, r7
10001498:	f000 f96c 	bl	10001774 <busy_wait_until>
1000149c:	b002      	add	sp, #8
1000149e:	bc80      	pop	{r7}
100014a0:	46b8      	mov	r8, r7
100014a2:	bdf0      	pop	{r4, r5, r6, r7, pc}
100014a4:	4284      	cmp	r4, r0
100014a6:	d9eb      	bls.n	10001480 <sleep_until+0x1c>
100014a8:	2400      	movs	r4, #0
100014aa:	2500      	movs	r5, #0
100014ac:	f000 f958 	bl	10001760 <time_us_64>
100014b0:	0022      	movs	r2, r4
100014b2:	002b      	movs	r3, r5
100014b4:	1a12      	subs	r2, r2, r0
100014b6:	418b      	sbcs	r3, r1
100014b8:	2b00      	cmp	r3, #0
100014ba:	dde9      	ble.n	10001490 <sleep_until+0x2c>
100014bc:	f000 f950 	bl	10001760 <time_us_64>
100014c0:	0022      	movs	r2, r4
100014c2:	002b      	movs	r3, r5
100014c4:	1a12      	subs	r2, r2, r0
100014c6:	418b      	sbcs	r3, r1
100014c8:	2b00      	cmp	r3, #0
100014ca:	db0a      	blt.n	100014e2 <sleep_until+0x7e>
100014cc:	2300      	movs	r3, #0
100014ce:	9301      	str	r3, [sp, #4]
100014d0:	4b14      	ldr	r3, [pc, #80]	@ (10001524 <sleep_until+0xc0>)
100014d2:	0022      	movs	r2, r4
100014d4:	9300      	str	r3, [sp, #0]
100014d6:	4814      	ldr	r0, [pc, #80]	@ (10001528 <sleep_until+0xc4>)
100014d8:	002b      	movs	r3, r5
100014da:	f7ff ff2f 	bl	1000133c <alarm_pool_add_alarm_at_force_in_context>
100014de:	3001      	adds	r0, #1
100014e0:	d0d8      	beq.n	10001494 <sleep_until+0x30>
100014e2:	46a0      	mov	r8, r4
100014e4:	0029      	movs	r1, r5
100014e6:	2400      	movs	r4, #0
100014e8:	4a10      	ldr	r2, [pc, #64]	@ (1000152c <sleep_until+0xc8>)
100014ea:	4811      	ldr	r0, [pc, #68]	@ (10001530 <sleep_until+0xcc>)
100014ec:	6a53      	ldr	r3, [r2, #36]	@ 0x24
100014ee:	4299      	cmp	r1, r3
100014f0:	d804      	bhi.n	100014fc <sleep_until+0x98>
100014f2:	6a95      	ldr	r5, [r2, #40]	@ 0x28
100014f4:	4545      	cmp	r5, r8
100014f6:	d2cd      	bcs.n	10001494 <sleep_until+0x30>
100014f8:	4299      	cmp	r1, r3
100014fa:	d1cb      	bne.n	10001494 <sleep_until+0x30>
100014fc:	6805      	ldr	r5, [r0, #0]
100014fe:	f3ef 8c10 	mrs	ip, PRIMASK
10001502:	b672      	cpsid	i
10001504:	682b      	ldr	r3, [r5, #0]
10001506:	2b00      	cmp	r3, #0
10001508:	d0fc      	beq.n	10001504 <sleep_until+0xa0>
1000150a:	f3bf 8f5f 	dmb	sy
1000150e:	6803      	ldr	r3, [r0, #0]
10001510:	f3bf 8f5f 	dmb	sy
10001514:	601c      	str	r4, [r3, #0]
10001516:	f38c 8810 	msr	PRIMASK, ip
1000151a:	bf20      	wfe
1000151c:	e7e6      	b.n	100014ec <sleep_until+0x88>
1000151e:	2a00      	cmp	r2, #0
10001520:	d0b8      	beq.n	10001494 <sleep_until+0x30>
10001522:	e7cb      	b.n	100014bc <sleep_until+0x58>
10001524:	10000e59 	.word	0x10000e59
10001528:	200011c4 	.word	0x200011c4
1000152c:	40054000 	.word	0x40054000
10001530:	20002c44 	.word	0x20002c44

10001534 <sleep_ms>:
10001534:	b5f0      	push	{r4, r5, r6, r7, lr}
10001536:	46c6      	mov	lr, r8
10001538:	b500      	push	{lr}
1000153a:	b082      	sub	sp, #8
1000153c:	0004      	movs	r4, r0
1000153e:	f000 f90f 	bl	10001760 <time_us_64>
10001542:	22fa      	movs	r2, #250	@ 0xfa
10001544:	0006      	movs	r6, r0
10001546:	000f      	movs	r7, r1
10001548:	0020      	movs	r0, r4
1000154a:	2300      	movs	r3, #0
1000154c:	2100      	movs	r1, #0
1000154e:	0092      	lsls	r2, r2, #2
10001550:	f000 ffe8 	bl	10002524 <__wrap___aeabi_lmul>
10001554:	1980      	adds	r0, r0, r6
10001556:	4179      	adcs	r1, r7
10001558:	0004      	movs	r4, r0
1000155a:	1e0d      	subs	r5, r1, #0
1000155c:	da02      	bge.n	10001564 <sleep_ms+0x30>
1000155e:	2401      	movs	r4, #1
10001560:	4d2e      	ldr	r5, [pc, #184]	@ (1000161c <sleep_ms+0xe8>)
10001562:	4264      	negs	r4, r4
10001564:	2606      	movs	r6, #6
10001566:	4276      	negs	r6, r6
10001568:	17f7      	asrs	r7, r6, #31
1000156a:	1936      	adds	r6, r6, r4
1000156c:	416f      	adcs	r7, r5
1000156e:	42af      	cmp	r7, r5
10001570:	d814      	bhi.n	1000159c <sleep_ms+0x68>
10001572:	d011      	beq.n	10001598 <sleep_ms+0x64>
10001574:	f000 f8f4 	bl	10001760 <time_us_64>
10001578:	0032      	movs	r2, r6
1000157a:	003b      	movs	r3, r7
1000157c:	1a12      	subs	r2, r2, r0
1000157e:	418b      	sbcs	r3, r1
10001580:	2b00      	cmp	r3, #0
10001582:	dc15      	bgt.n	100015b0 <sleep_ms+0x7c>
10001584:	2b00      	cmp	r3, #0
10001586:	d046      	beq.n	10001616 <sleep_ms+0xe2>
10001588:	0020      	movs	r0, r4
1000158a:	0029      	movs	r1, r5
1000158c:	f000 f8f2 	bl	10001774 <busy_wait_until>
10001590:	b002      	add	sp, #8
10001592:	bc80      	pop	{r7}
10001594:	46b8      	mov	r8, r7
10001596:	bdf0      	pop	{r4, r5, r6, r7, pc}
10001598:	42a6      	cmp	r6, r4
1000159a:	d9eb      	bls.n	10001574 <sleep_ms+0x40>
1000159c:	2600      	movs	r6, #0
1000159e:	2700      	movs	r7, #0
100015a0:	f000 f8de 	bl	10001760 <time_us_64>
100015a4:	0032      	movs	r2, r6
100015a6:	003b      	movs	r3, r7
100015a8:	1a12      	subs	r2, r2, r0
100015aa:	418b      	sbcs	r3, r1
100015ac:	2b00      	cmp	r3, #0
100015ae:	dde9      	ble.n	10001584 <sleep_ms+0x50>
100015b0:	f000 f8d6 	bl	10001760 <time_us_64>
100015b4:	0032      	movs	r2, r6
100015b6:	003b      	movs	r3, r7
100015b8:	1a12      	subs	r2, r2, r0
100015ba:	418b      	sbcs	r3, r1
100015bc:	2b00      	cmp	r3, #0
100015be:	db0a      	blt.n	100015d6 <sleep_ms+0xa2>
100015c0:	2300      	movs	r3, #0
100015c2:	9301      	str	r3, [sp, #4]
100015c4:	4b16      	ldr	r3, [pc, #88]	@ (10001620 <sleep_ms+0xec>)
100015c6:	0032      	movs	r2, r6
100015c8:	9300      	str	r3, [sp, #0]
100015ca:	4816      	ldr	r0, [pc, #88]	@ (10001624 <sleep_ms+0xf0>)
100015cc:	003b      	movs	r3, r7
100015ce:	f7ff feb5 	bl	1000133c <alarm_pool_add_alarm_at_force_in_context>
100015d2:	3001      	adds	r0, #1
100015d4:	d0d8      	beq.n	10001588 <sleep_ms+0x54>
100015d6:	2300      	movs	r3, #0
100015d8:	0039      	movs	r1, r7
100015da:	46b0      	mov	r8, r6
100015dc:	469c      	mov	ip, r3
100015de:	4a12      	ldr	r2, [pc, #72]	@ (10001628 <sleep_ms+0xf4>)
100015e0:	4812      	ldr	r0, [pc, #72]	@ (1000162c <sleep_ms+0xf8>)
100015e2:	6a53      	ldr	r3, [r2, #36]	@ 0x24
100015e4:	4299      	cmp	r1, r3
100015e6:	d804      	bhi.n	100015f2 <sleep_ms+0xbe>
100015e8:	6a96      	ldr	r6, [r2, #40]	@ 0x28
100015ea:	4546      	cmp	r6, r8
100015ec:	d2cc      	bcs.n	10001588 <sleep_ms+0x54>
100015ee:	4299      	cmp	r1, r3
100015f0:	d1ca      	bne.n	10001588 <sleep_ms+0x54>
100015f2:	6806      	ldr	r6, [r0, #0]
100015f4:	f3ef 8710 	mrs	r7, PRIMASK
100015f8:	b672      	cpsid	i
100015fa:	6833      	ldr	r3, [r6, #0]
100015fc:	2b00      	cmp	r3, #0
100015fe:	d0fc      	beq.n	100015fa <sleep_ms+0xc6>
10001600:	f3bf 8f5f 	dmb	sy
10001604:	6803      	ldr	r3, [r0, #0]
10001606:	f3bf 8f5f 	dmb	sy
1000160a:	4666      	mov	r6, ip
1000160c:	601e      	str	r6, [r3, #0]
1000160e:	f387 8810 	msr	PRIMASK, r7
10001612:	bf20      	wfe
10001614:	e7e5      	b.n	100015e2 <sleep_ms+0xae>
10001616:	2a00      	cmp	r2, #0
10001618:	d0b6      	beq.n	10001588 <sleep_ms+0x54>
1000161a:	e7c9      	b.n	100015b0 <sleep_ms+0x7c>
1000161c:	7fffffff 	.word	0x7fffffff
10001620:	10000e59 	.word	0x10000e59
10001624:	200011c4 	.word	0x200011c4
10001628:	40054000 	.word	0x40054000
1000162c:	20002c44 	.word	0x20002c44

10001630 <best_effort_wfe_or_timeout>:
10001630:	b5f0      	push	{r4, r5, r6, r7, lr}
10001632:	4657      	mov	r7, sl
10001634:	464e      	mov	r6, r9
10001636:	46de      	mov	lr, fp
10001638:	4645      	mov	r5, r8
1000163a:	b5e0      	push	{r5, r6, r7, lr}
1000163c:	0006      	movs	r6, r0
1000163e:	000f      	movs	r7, r1
10001640:	b085      	sub	sp, #20
10001642:	f3ef 8305 	mrs	r3, IPSR
10001646:	4699      	mov	r9, r3
10001648:	468b      	mov	fp, r1
1000164a:	2b00      	cmp	r3, #0
1000164c:	d012      	beq.n	10001674 <best_effort_wfe_or_timeout+0x44>
1000164e:	4938      	ldr	r1, [pc, #224]	@ (10001730 <best_effort_wfe_or_timeout+0x100>)
10001650:	2000      	movs	r0, #0
10001652:	6a4b      	ldr	r3, [r1, #36]	@ 0x24
10001654:	42bb      	cmp	r3, r7
10001656:	d306      	bcc.n	10001666 <best_effort_wfe_or_timeout+0x36>
10001658:	6a8a      	ldr	r2, [r1, #40]	@ 0x28
1000165a:	1bdb      	subs	r3, r3, r7
1000165c:	1e59      	subs	r1, r3, #1
1000165e:	418b      	sbcs	r3, r1
10001660:	42b2      	cmp	r2, r6
10001662:	4140      	adcs	r0, r0
10001664:	4318      	orrs	r0, r3
10001666:	b005      	add	sp, #20
10001668:	bcf0      	pop	{r4, r5, r6, r7}
1000166a:	46bb      	mov	fp, r7
1000166c:	46b2      	mov	sl, r6
1000166e:	46a9      	mov	r9, r5
10001670:	46a0      	mov	r8, r4
10001672:	bdf0      	pop	{r4, r5, r6, r7, pc}
10001674:	4b2f      	ldr	r3, [pc, #188]	@ (10001734 <best_effort_wfe_or_timeout+0x104>)
10001676:	469a      	mov	sl, r3
10001678:	68db      	ldr	r3, [r3, #12]
1000167a:	4698      	mov	r8, r3
1000167c:	4653      	mov	r3, sl
1000167e:	781b      	ldrb	r3, [r3, #0]
10001680:	4640      	mov	r0, r8
10001682:	9303      	str	r3, [sp, #12]
10001684:	f000 f864 	bl	10001750 <timer_time_us_64>
10001688:	4642      	mov	r2, r8
1000168a:	9b03      	ldr	r3, [sp, #12]
1000168c:	0004      	movs	r4, r0
1000168e:	3304      	adds	r3, #4
10001690:	009b      	lsls	r3, r3, #2
10001692:	589b      	ldr	r3, [r3, r2]
10001694:	000d      	movs	r5, r1
10001696:	1a1b      	subs	r3, r3, r0
10001698:	0039      	movs	r1, r7
1000169a:	0030      	movs	r0, r6
1000169c:	1b00      	subs	r0, r0, r4
1000169e:	41a9      	sbcs	r1, r5
100016a0:	4589      	cmp	r9, r1
100016a2:	dc10      	bgt.n	100016c6 <best_effort_wfe_or_timeout+0x96>
100016a4:	d00d      	beq.n	100016c2 <best_effort_wfe_or_timeout+0x92>
100016a6:	bf20      	wfe
100016a8:	4a21      	ldr	r2, [pc, #132]	@ (10001730 <best_effort_wfe_or_timeout+0x100>)
100016aa:	2000      	movs	r0, #0
100016ac:	6a53      	ldr	r3, [r2, #36]	@ 0x24
100016ae:	455b      	cmp	r3, fp
100016b0:	d3d9      	bcc.n	10001666 <best_effort_wfe_or_timeout+0x36>
100016b2:	6a92      	ldr	r2, [r2, #40]	@ 0x28
100016b4:	1bdb      	subs	r3, r3, r7
100016b6:	1e59      	subs	r1, r3, #1
100016b8:	418b      	sbcs	r3, r1
100016ba:	42b2      	cmp	r2, r6
100016bc:	4140      	adcs	r0, r0
100016be:	4318      	orrs	r0, r3
100016c0:	e7d1      	b.n	10001666 <best_effort_wfe_or_timeout+0x36>
100016c2:	4283      	cmp	r3, r0
100016c4:	d9ef      	bls.n	100016a6 <best_effort_wfe_or_timeout+0x76>
100016c6:	f000 f84b 	bl	10001760 <time_us_64>
100016ca:	0032      	movs	r2, r6
100016cc:	003b      	movs	r3, r7
100016ce:	1a12      	subs	r2, r2, r0
100016d0:	418b      	sbcs	r3, r1
100016d2:	2b00      	cmp	r3, #0
100016d4:	db1a      	blt.n	1000170c <best_effort_wfe_or_timeout+0xdc>
100016d6:	2300      	movs	r3, #0
100016d8:	9301      	str	r3, [sp, #4]
100016da:	4b17      	ldr	r3, [pc, #92]	@ (10001738 <best_effort_wfe_or_timeout+0x108>)
100016dc:	0032      	movs	r2, r6
100016de:	9300      	str	r3, [sp, #0]
100016e0:	4650      	mov	r0, sl
100016e2:	003b      	movs	r3, r7
100016e4:	f7ff fe2a 	bl	1000133c <alarm_pool_add_alarm_at_force_in_context>
100016e8:	1e01      	subs	r1, r0, #0
100016ea:	dd0f      	ble.n	1000170c <best_effort_wfe_or_timeout+0xdc>
100016ec:	4b10      	ldr	r3, [pc, #64]	@ (10001730 <best_effort_wfe_or_timeout+0x100>)
100016ee:	6a5a      	ldr	r2, [r3, #36]	@ 0x24
100016f0:	455a      	cmp	r2, fp
100016f2:	d31b      	bcc.n	1000172c <best_effort_wfe_or_timeout+0xfc>
100016f4:	6a9b      	ldr	r3, [r3, #40]	@ 0x28
100016f6:	42b3      	cmp	r3, r6
100016f8:	d316      	bcc.n	10001728 <best_effort_wfe_or_timeout+0xf8>
100016fa:	4650      	mov	r0, sl
100016fc:	f7ff fe76 	bl	100013ec <alarm_pool_cancel_alarm>
10001700:	4a0b      	ldr	r2, [pc, #44]	@ (10001730 <best_effort_wfe_or_timeout+0x100>)
10001702:	2000      	movs	r0, #0
10001704:	6a53      	ldr	r3, [r2, #36]	@ 0x24
10001706:	455b      	cmp	r3, fp
10001708:	d3ad      	bcc.n	10001666 <best_effort_wfe_or_timeout+0x36>
1000170a:	e7d2      	b.n	100016b2 <best_effort_wfe_or_timeout+0x82>
1000170c:	4a08      	ldr	r2, [pc, #32]	@ (10001730 <best_effort_wfe_or_timeout+0x100>)
1000170e:	2000      	movs	r0, #0
10001710:	6a53      	ldr	r3, [r2, #36]	@ 0x24
10001712:	455b      	cmp	r3, fp
10001714:	d3a7      	bcc.n	10001666 <best_effort_wfe_or_timeout+0x36>
10001716:	2000      	movs	r0, #0
10001718:	6a92      	ldr	r2, [r2, #40]	@ 0x28
1000171a:	1bdb      	subs	r3, r3, r7
1000171c:	42b2      	cmp	r2, r6
1000171e:	4140      	adcs	r0, r0
10001720:	1e5a      	subs	r2, r3, #1
10001722:	4193      	sbcs	r3, r2
10001724:	4318      	orrs	r0, r3
10001726:	e79e      	b.n	10001666 <best_effort_wfe_or_timeout+0x36>
10001728:	455a      	cmp	r2, fp
1000172a:	d1e6      	bne.n	100016fa <best_effort_wfe_or_timeout+0xca>
1000172c:	bf20      	wfe
1000172e:	e7e4      	b.n	100016fa <best_effort_wfe_or_timeout+0xca>
10001730:	40054000 	.word	0x40054000
10001734:	200011c4 	.word	0x200011c4
10001738:	10000e59 	.word	0x10000e59

1000173c <timer_hardware_alarm_claim>:
1000173c:	b510      	push	{r4, lr}
1000173e:	4a02      	ldr	r2, [pc, #8]	@ (10001748 <timer_hardware_alarm_claim+0xc>)
10001740:	4802      	ldr	r0, [pc, #8]	@ (1000174c <timer_hardware_alarm_claim+0x10>)
10001742:	f7fe ff81 	bl	10000648 <hw_claim_or_assert>
10001746:	bd10      	pop	{r4, pc}
10001748:	1000a9f8 	.word	0x1000a9f8
1000174c:	20001dc0 	.word	0x20001dc0

10001750 <timer_time_us_64>:
10001750:	0003      	movs	r3, r0
10001752:	6a41      	ldr	r1, [r0, #36]	@ 0x24
10001754:	000a      	movs	r2, r1
10001756:	6a98      	ldr	r0, [r3, #40]	@ 0x28
10001758:	6a59      	ldr	r1, [r3, #36]	@ 0x24
1000175a:	428a      	cmp	r2, r1
1000175c:	d1fa      	bne.n	10001754 <timer_time_us_64+0x4>
1000175e:	4770      	bx	lr

10001760 <time_us_64>:
10001760:	4b03      	ldr	r3, [pc, #12]	@ (10001770 <time_us_64+0x10>)
10001762:	6a59      	ldr	r1, [r3, #36]	@ 0x24
10001764:	000a      	movs	r2, r1
10001766:	6a98      	ldr	r0, [r3, #40]	@ 0x28
10001768:	6a59      	ldr	r1, [r3, #36]	@ 0x24
1000176a:	4291      	cmp	r1, r2
1000176c:	d1fa      	bne.n	10001764 <time_us_64+0x4>
1000176e:	4770      	bx	lr
10001770:	40054000 	.word	0x40054000

10001774 <busy_wait_until>:
10001774:	4a06      	ldr	r2, [pc, #24]	@ (10001790 <busy_wait_until+0x1c>)
10001776:	6a53      	ldr	r3, [r2, #36]	@ 0x24
10001778:	4299      	cmp	r1, r3
1000177a:	d8fc      	bhi.n	10001776 <busy_wait_until+0x2>
1000177c:	d107      	bne.n	1000178e <busy_wait_until+0x1a>
1000177e:	4b04      	ldr	r3, [pc, #16]	@ (10001790 <busy_wait_until+0x1c>)
10001780:	e002      	b.n	10001788 <busy_wait_until+0x14>
10001782:	6a5a      	ldr	r2, [r3, #36]	@ 0x24
10001784:	4291      	cmp	r1, r2
10001786:	d102      	bne.n	1000178e <busy_wait_until+0x1a>
10001788:	6a9a      	ldr	r2, [r3, #40]	@ 0x28
1000178a:	4290      	cmp	r0, r2
1000178c:	d8f9      	bhi.n	10001782 <busy_wait_until+0xe>
1000178e:	4770      	bx	lr
10001790:	40054000 	.word	0x40054000

10001794 <clock_configure_int_divider>:
10001794:	b5f8      	push	{r3, r4, r5, r6, r7, lr}
10001796:	46de      	mov	lr, fp
10001798:	464e      	mov	r6, r9
1000179a:	4657      	mov	r7, sl
1000179c:	4645      	mov	r5, r8
1000179e:	b5e0      	push	{r5, r6, r7, lr}
100017a0:	468b      	mov	fp, r1
100017a2:	0005      	movs	r5, r0
100017a4:	990a      	ldr	r1, [sp, #40]	@ 0x28
100017a6:	0018      	movs	r0, r3
100017a8:	0016      	movs	r6, r2
100017aa:	f000 fb41 	bl	10001e30 <__wrap___aeabi_uidiv>
100017ae:	9b0a      	ldr	r3, [sp, #40]	@ 0x28
100017b0:	006c      	lsls	r4, r5, #1
100017b2:	021f      	lsls	r7, r3, #8
100017b4:	4b32      	ldr	r3, [pc, #200]	@ (10001880 <clock_configure_int_divider+0xec>)
100017b6:	1964      	adds	r4, r4, r5
100017b8:	469c      	mov	ip, r3
100017ba:	00a4      	lsls	r4, r4, #2
100017bc:	4464      	add	r4, ip
100017be:	6863      	ldr	r3, [r4, #4]
100017c0:	4681      	mov	r9, r0
100017c2:	429f      	cmp	r7, r3
100017c4:	d900      	bls.n	100017c8 <clock_configure_int_divider+0x34>
100017c6:	6067      	str	r7, [r4, #4]
100017c8:	1f2b      	subs	r3, r5, #4
100017ca:	b2db      	uxtb	r3, r3
100017cc:	4698      	mov	r8, r3
100017ce:	2b01      	cmp	r3, #1
100017d0:	d930      	bls.n	10001834 <clock_configure_int_divider+0xa0>
100017d2:	23c0      	movs	r3, #192	@ 0xc0
100017d4:	2280      	movs	r2, #128	@ 0x80
100017d6:	019b      	lsls	r3, r3, #6
100017d8:	18e3      	adds	r3, r4, r3
100017da:	0112      	lsls	r2, r2, #4
100017dc:	601a      	str	r2, [r3, #0]
100017de:	4b29      	ldr	r3, [pc, #164]	@ (10001884 <clock_configure_int_divider+0xf0>)
100017e0:	00ad      	lsls	r5, r5, #2
100017e2:	5959      	ldr	r1, [r3, r5]
100017e4:	469a      	mov	sl, r3
100017e6:	2900      	cmp	r1, #0
100017e8:	d11b      	bne.n	10001822 <clock_configure_int_divider+0x8e>
100017ea:	0173      	lsls	r3, r6, #5
100017ec:	26e0      	movs	r6, #224	@ 0xe0
100017ee:	6822      	ldr	r2, [r4, #0]
100017f0:	4053      	eors	r3, r2
100017f2:	401e      	ands	r6, r3
100017f4:	2380      	movs	r3, #128	@ 0x80
100017f6:	4642      	mov	r2, r8
100017f8:	015b      	lsls	r3, r3, #5
100017fa:	18e3      	adds	r3, r4, r3
100017fc:	601e      	str	r6, [r3, #0]
100017fe:	2a01      	cmp	r2, #1
10001800:	d930      	bls.n	10001864 <clock_configure_int_divider+0xd0>
10001802:	2380      	movs	r3, #128	@ 0x80
10001804:	2280      	movs	r2, #128	@ 0x80
10001806:	019b      	lsls	r3, r3, #6
10001808:	18e3      	adds	r3, r4, r3
1000180a:	0112      	lsls	r2, r2, #4
1000180c:	601a      	str	r2, [r3, #0]
1000180e:	4653      	mov	r3, sl
10001810:	464a      	mov	r2, r9
10001812:	6067      	str	r7, [r4, #4]
10001814:	515a      	str	r2, [r3, r5]
10001816:	bcf0      	pop	{r4, r5, r6, r7}
10001818:	46bb      	mov	fp, r7
1000181a:	46b2      	mov	sl, r6
1000181c:	46a9      	mov	r9, r5
1000181e:	46a0      	mov	r8, r4
10001820:	bdf8      	pop	{r3, r4, r5, r6, r7, pc}
10001822:	6958      	ldr	r0, [r3, #20]
10001824:	f000 fb04 	bl	10001e30 <__wrap___aeabi_uidiv>
10001828:	3001      	adds	r0, #1
1000182a:	0043      	lsls	r3, r0, #1
1000182c:	181b      	adds	r3, r3, r0
1000182e:	3b03      	subs	r3, #3
10001830:	d2fd      	bcs.n	1000182e <clock_configure_int_divider+0x9a>
10001832:	e7da      	b.n	100017ea <clock_configure_int_divider+0x56>
10001834:	465b      	mov	r3, fp
10001836:	2b01      	cmp	r3, #1
10001838:	d1cb      	bne.n	100017d2 <clock_configure_int_divider+0x3e>
1000183a:	23c0      	movs	r3, #192	@ 0xc0
1000183c:	2203      	movs	r2, #3
1000183e:	019b      	lsls	r3, r3, #6
10001840:	18e3      	adds	r3, r4, r3
10001842:	601a      	str	r2, [r3, #0]
10001844:	3a02      	subs	r2, #2
10001846:	68a3      	ldr	r3, [r4, #8]
10001848:	421a      	tst	r2, r3
1000184a:	d0fc      	beq.n	10001846 <clock_configure_int_divider+0xb2>
1000184c:	0173      	lsls	r3, r6, #5
1000184e:	26e0      	movs	r6, #224	@ 0xe0
10001850:	6822      	ldr	r2, [r4, #0]
10001852:	00ad      	lsls	r5, r5, #2
10001854:	4053      	eors	r3, r2
10001856:	401e      	ands	r6, r3
10001858:	2380      	movs	r3, #128	@ 0x80
1000185a:	4a0a      	ldr	r2, [pc, #40]	@ (10001884 <clock_configure_int_divider+0xf0>)
1000185c:	015b      	lsls	r3, r3, #5
1000185e:	4692      	mov	sl, r2
10001860:	18e3      	adds	r3, r4, r3
10001862:	601e      	str	r6, [r3, #0]
10001864:	465a      	mov	r2, fp
10001866:	6821      	ldr	r1, [r4, #0]
10001868:	4051      	eors	r1, r2
1000186a:	2203      	movs	r2, #3
1000186c:	400a      	ands	r2, r1
1000186e:	601a      	str	r2, [r3, #0]
10001870:	2201      	movs	r2, #1
10001872:	465b      	mov	r3, fp
10001874:	409a      	lsls	r2, r3
10001876:	68a3      	ldr	r3, [r4, #8]
10001878:	421a      	tst	r2, r3
1000187a:	d0fc      	beq.n	10001876 <clock_configure_int_divider+0xe2>
1000187c:	e7c1      	b.n	10001802 <clock_configure_int_divider+0x6e>
1000187e:	46c0      	nop			@ (mov r8, r8)
10001880:	40008000 	.word	0x40008000
10001884:	20001dc8 	.word	0x20001dc8

10001888 <clock_configure_undivided>:
10001888:	b5f0      	push	{r4, r5, r6, r7, lr}
1000188a:	4646      	mov	r6, r8
1000188c:	464f      	mov	r7, r9
1000188e:	46d6      	mov	lr, sl
10001890:	b5c0      	push	{r6, r7, lr}
10001892:	001f      	movs	r7, r3
10001894:	4b34      	ldr	r3, [pc, #208]	@ (10001968 <clock_configure_undivided+0xe0>)
10001896:	0044      	lsls	r4, r0, #1
10001898:	469c      	mov	ip, r3
1000189a:	1824      	adds	r4, r4, r0
1000189c:	00a4      	lsls	r4, r4, #2
1000189e:	4464      	add	r4, ip
100018a0:	6863      	ldr	r3, [r4, #4]
100018a2:	4688      	mov	r8, r1
100018a4:	0016      	movs	r6, r2
100018a6:	2bff      	cmp	r3, #255	@ 0xff
100018a8:	d802      	bhi.n	100018b0 <clock_configure_undivided+0x28>
100018aa:	2380      	movs	r3, #128	@ 0x80
100018ac:	005b      	lsls	r3, r3, #1
100018ae:	6063      	str	r3, [r4, #4]
100018b0:	1f03      	subs	r3, r0, #4
100018b2:	b2db      	uxtb	r3, r3
100018b4:	469a      	mov	sl, r3
100018b6:	2b01      	cmp	r3, #1
100018b8:	d930      	bls.n	1000191c <clock_configure_undivided+0x94>
100018ba:	23c0      	movs	r3, #192	@ 0xc0
100018bc:	2280      	movs	r2, #128	@ 0x80
100018be:	019b      	lsls	r3, r3, #6
100018c0:	18e3      	adds	r3, r4, r3
100018c2:	0112      	lsls	r2, r2, #4
100018c4:	601a      	str	r2, [r3, #0]
100018c6:	4b29      	ldr	r3, [pc, #164]	@ (1000196c <clock_configure_undivided+0xe4>)
100018c8:	0085      	lsls	r5, r0, #2
100018ca:	5959      	ldr	r1, [r3, r5]
100018cc:	4699      	mov	r9, r3
100018ce:	2900      	cmp	r1, #0
100018d0:	d11b      	bne.n	1000190a <clock_configure_undivided+0x82>
100018d2:	0173      	lsls	r3, r6, #5
100018d4:	26e0      	movs	r6, #224	@ 0xe0
100018d6:	6822      	ldr	r2, [r4, #0]
100018d8:	4053      	eors	r3, r2
100018da:	401e      	ands	r6, r3
100018dc:	2380      	movs	r3, #128	@ 0x80
100018de:	4652      	mov	r2, sl
100018e0:	015b      	lsls	r3, r3, #5
100018e2:	18e3      	adds	r3, r4, r3
100018e4:	601e      	str	r6, [r3, #0]
100018e6:	2a01      	cmp	r2, #1
100018e8:	d930      	bls.n	1000194c <clock_configure_undivided+0xc4>
100018ea:	2380      	movs	r3, #128	@ 0x80
100018ec:	2280      	movs	r2, #128	@ 0x80
100018ee:	019b      	lsls	r3, r3, #6
100018f0:	18e3      	adds	r3, r4, r3
100018f2:	0112      	lsls	r2, r2, #4
100018f4:	601a      	str	r2, [r3, #0]
100018f6:	2380      	movs	r3, #128	@ 0x80
100018f8:	005b      	lsls	r3, r3, #1
100018fa:	6063      	str	r3, [r4, #4]
100018fc:	464b      	mov	r3, r9
100018fe:	515f      	str	r7, [r3, r5]
10001900:	bce0      	pop	{r5, r6, r7}
10001902:	46ba      	mov	sl, r7
10001904:	46b1      	mov	r9, r6
10001906:	46a8      	mov	r8, r5
10001908:	bdf0      	pop	{r4, r5, r6, r7, pc}
1000190a:	6958      	ldr	r0, [r3, #20]
1000190c:	f000 fa90 	bl	10001e30 <__wrap___aeabi_uidiv>
10001910:	3001      	adds	r0, #1
10001912:	0043      	lsls	r3, r0, #1
10001914:	181b      	adds	r3, r3, r0
10001916:	3b03      	subs	r3, #3
10001918:	d2fd      	bcs.n	10001916 <clock_configure_undivided+0x8e>
1000191a:	e7da      	b.n	100018d2 <clock_configure_undivided+0x4a>
1000191c:	4643      	mov	r3, r8
1000191e:	2b01      	cmp	r3, #1
10001920:	d1cb      	bne.n	100018ba <clock_configure_undivided+0x32>
10001922:	23c0      	movs	r3, #192	@ 0xc0
10001924:	2203      	movs	r2, #3
10001926:	019b      	lsls	r3, r3, #6
10001928:	18e3      	adds	r3, r4, r3
1000192a:	601a      	str	r2, [r3, #0]
1000192c:	3a02      	subs	r2, #2
1000192e:	68a3      	ldr	r3, [r4, #8]
10001930:	421a      	tst	r2, r3
10001932:	d0fc      	beq.n	1000192e <clock_configure_undivided+0xa6>
10001934:	0173      	lsls	r3, r6, #5
10001936:	26e0      	movs	r6, #224	@ 0xe0
10001938:	6822      	ldr	r2, [r4, #0]
1000193a:	0085      	lsls	r5, r0, #2
1000193c:	4053      	eors	r3, r2
1000193e:	401e      	ands	r6, r3
10001940:	2380      	movs	r3, #128	@ 0x80
10001942:	4a0a      	ldr	r2, [pc, #40]	@ (1000196c <clock_configure_undivided+0xe4>)
10001944:	015b      	lsls	r3, r3, #5
10001946:	4691      	mov	r9, r2
10001948:	18e3      	adds	r3, r4, r3
1000194a:	601e      	str	r6, [r3, #0]
1000194c:	4642      	mov	r2, r8
1000194e:	6821      	ldr	r1, [r4, #0]
10001950:	4051      	eors	r1, r2
10001952:	2203      	movs	r2, #3
10001954:	400a      	ands	r2, r1
10001956:	601a      	str	r2, [r3, #0]
10001958:	2301      	movs	r3, #1
1000195a:	4642      	mov	r2, r8
1000195c:	4093      	lsls	r3, r2
1000195e:	68a2      	ldr	r2, [r4, #8]
10001960:	4213      	tst	r3, r2
10001962:	d0fc      	beq.n	1000195e <clock_configure_undivided+0xd6>
10001964:	e7c1      	b.n	100018ea <clock_configure_undivided+0x62>
10001966:	46c0      	nop			@ (mov r8, r8)
10001968:	40008000 	.word	0x40008000
1000196c:	20001dc8 	.word	0x20001dc8

10001970 <clock_get_hz>:
10001970:	4b01      	ldr	r3, [pc, #4]	@ (10001978 <clock_get_hz+0x8>)
10001972:	0080      	lsls	r0, r0, #2
10001974:	58c0      	ldr	r0, [r0, r3]
10001976:	4770      	bx	lr
10001978:	20001dc8 	.word	0x20001dc8

1000197c <pll_init>:
1000197c:	b5f8      	push	{r3, r4, r5, r6, r7, lr}
1000197e:	0004      	movs	r4, r0
10001980:	4821      	ldr	r0, [pc, #132]	@ (10001a08 <pll_init+0x8c>)
10001982:	001e      	movs	r6, r3
10001984:	0017      	movs	r7, r2
10001986:	000d      	movs	r5, r1
10001988:	f000 fa52 	bl	10001e30 <__wrap___aeabi_uidiv>
1000198c:	0001      	movs	r1, r0
1000198e:	0038      	movs	r0, r7
10001990:	f000 fa4e 	bl	10001e30 <__wrap___aeabi_uidiv>
10001994:	9b06      	ldr	r3, [sp, #24]
10001996:	0436      	lsls	r6, r6, #16
10001998:	031b      	lsls	r3, r3, #12
1000199a:	431e      	orrs	r6, r3
1000199c:	6823      	ldr	r3, [r4, #0]
1000199e:	2b00      	cmp	r3, #0
100019a0:	db20      	blt.n	100019e4 <pll_init+0x68>
100019a2:	4b1a      	ldr	r3, [pc, #104]	@ (10001a0c <pll_init+0x90>)
100019a4:	491a      	ldr	r1, [pc, #104]	@ (10001a10 <pll_init+0x94>)
100019a6:	18e3      	adds	r3, r4, r3
100019a8:	1e5a      	subs	r2, r3, #1
100019aa:	4193      	sbcs	r3, r2
100019ac:	2280      	movs	r2, #128	@ 0x80
100019ae:	0192      	lsls	r2, r2, #6
100019b0:	4694      	mov	ip, r2
100019b2:	425b      	negs	r3, r3
100019b4:	0b1b      	lsrs	r3, r3, #12
100019b6:	4a17      	ldr	r2, [pc, #92]	@ (10001a14 <pll_init+0x98>)
100019b8:	031b      	lsls	r3, r3, #12
100019ba:	4463      	add	r3, ip
100019bc:	6013      	str	r3, [r2, #0]
100019be:	4a16      	ldr	r2, [pc, #88]	@ (10001a18 <pll_init+0x9c>)
100019c0:	6013      	str	r3, [r2, #0]
100019c2:	001f      	movs	r7, r3
100019c4:	680a      	ldr	r2, [r1, #0]
100019c6:	4397      	bics	r7, r2
100019c8:	d1fb      	bne.n	100019c2 <pll_init+0x46>
100019ca:	4b14      	ldr	r3, [pc, #80]	@ (10001a1c <pll_init+0xa0>)
100019cc:	6025      	str	r5, [r4, #0]
100019ce:	18e2      	adds	r2, r4, r3
100019d0:	2321      	movs	r3, #33	@ 0x21
100019d2:	60a0      	str	r0, [r4, #8]
100019d4:	6013      	str	r3, [r2, #0]
100019d6:	6823      	ldr	r3, [r4, #0]
100019d8:	2b00      	cmp	r3, #0
100019da:	dafc      	bge.n	100019d6 <pll_init+0x5a>
100019dc:	2308      	movs	r3, #8
100019de:	60e6      	str	r6, [r4, #12]
100019e0:	6013      	str	r3, [r2, #0]
100019e2:	bdf8      	pop	{r3, r4, r5, r6, r7, pc}
100019e4:	233f      	movs	r3, #63	@ 0x3f
100019e6:	6822      	ldr	r2, [r4, #0]
100019e8:	4013      	ands	r3, r2
100019ea:	42ab      	cmp	r3, r5
100019ec:	d1d9      	bne.n	100019a2 <pll_init+0x26>
100019ee:	68a3      	ldr	r3, [r4, #8]
100019f0:	051b      	lsls	r3, r3, #20
100019f2:	0d1b      	lsrs	r3, r3, #20
100019f4:	4283      	cmp	r3, r0
100019f6:	d1d4      	bne.n	100019a2 <pll_init+0x26>
100019f8:	22ee      	movs	r2, #238	@ 0xee
100019fa:	68e3      	ldr	r3, [r4, #12]
100019fc:	02d2      	lsls	r2, r2, #11
100019fe:	4013      	ands	r3, r2
10001a00:	42b3      	cmp	r3, r6
10001a02:	d1ce      	bne.n	100019a2 <pll_init+0x26>
10001a04:	e7ed      	b.n	100019e2 <pll_init+0x66>
10001a06:	46c0      	nop			@ (mov r8, r8)
10001a08:	00b71b00 	.word	0x00b71b00
10001a0c:	bffd4000 	.word	0xbffd4000
10001a10:	4000c008 	.word	0x4000c008
10001a14:	4000e000 	.word	0x4000e000
10001a18:	4000f000 	.word	0x4000f000
10001a1c:	00003004 	.word	0x00003004

10001a20 <watchdog_reboot>:
10001a20:	b510      	push	{r4, lr}
10001a22:	2480      	movs	r4, #128	@ 0x80
10001a24:	4b1c      	ldr	r3, [pc, #112]	@ (10001a98 <watchdog_reboot+0x78>)
10001a26:	05e4      	lsls	r4, r4, #23
10001a28:	601c      	str	r4, [r3, #0]
10001a2a:	2800      	cmp	r0, #0
10001a2c:	d01a      	beq.n	10001a64 <watchdog_reboot+0x44>
10001a2e:	2301      	movs	r3, #1
10001a30:	4c1a      	ldr	r4, [pc, #104]	@ (10001a9c <watchdog_reboot+0x7c>)
10001a32:	4318      	orrs	r0, r3
10001a34:	4b1a      	ldr	r3, [pc, #104]	@ (10001aa0 <watchdog_reboot+0x80>)
10001a36:	61dc      	str	r4, [r3, #28]
10001a38:	4c1a      	ldr	r4, [pc, #104]	@ (10001aa4 <watchdog_reboot+0x84>)
10001a3a:	4044      	eors	r4, r0
10001a3c:	621c      	str	r4, [r3, #32]
10001a3e:	6259      	str	r1, [r3, #36]	@ 0x24
10001a40:	6298      	str	r0, [r3, #40]	@ 0x28
10001a42:	2180      	movs	r1, #128	@ 0x80
10001a44:	4b14      	ldr	r3, [pc, #80]	@ (10001a98 <watchdog_reboot+0x78>)
10001a46:	05c9      	lsls	r1, r1, #23
10001a48:	6019      	str	r1, [r3, #0]
10001a4a:	4817      	ldr	r0, [pc, #92]	@ (10001aa8 <watchdog_reboot+0x88>)
10001a4c:	4917      	ldr	r1, [pc, #92]	@ (10001aac <watchdog_reboot+0x8c>)
10001a4e:	6008      	str	r0, [r1, #0]
10001a50:	21e0      	movs	r1, #224	@ 0xe0
10001a52:	04c9      	lsls	r1, r1, #19
10001a54:	6019      	str	r1, [r3, #0]
10001a56:	2a00      	cmp	r2, #0
10001a58:	d107      	bne.n	10001a6a <watchdog_reboot+0x4a>
10001a5a:	2280      	movs	r2, #128	@ 0x80
10001a5c:	4b14      	ldr	r3, [pc, #80]	@ (10001ab0 <watchdog_reboot+0x90>)
10001a5e:	0612      	lsls	r2, r2, #24
10001a60:	601a      	str	r2, [r3, #0]
10001a62:	bd10      	pop	{r4, pc}
10001a64:	4b0e      	ldr	r3, [pc, #56]	@ (10001aa0 <watchdog_reboot+0x80>)
10001a66:	61d8      	str	r0, [r3, #28]
10001a68:	e7eb      	b.n	10001a42 <watchdog_reboot+0x22>
10001a6a:	0153      	lsls	r3, r2, #5
10001a6c:	1a9b      	subs	r3, r3, r2
10001a6e:	009b      	lsls	r3, r3, #2
10001a70:	189a      	adds	r2, r3, r2
10001a72:	2380      	movs	r3, #128	@ 0x80
10001a74:	0112      	lsls	r2, r2, #4
10001a76:	045b      	lsls	r3, r3, #17
10001a78:	429a      	cmp	r2, r3
10001a7a:	d209      	bcs.n	10001a90 <watchdog_reboot+0x70>
10001a7c:	0013      	movs	r3, r2
10001a7e:	490d      	ldr	r1, [pc, #52]	@ (10001ab4 <watchdog_reboot+0x94>)
10001a80:	600b      	str	r3, [r1, #0]
10001a82:	4b07      	ldr	r3, [pc, #28]	@ (10001aa0 <watchdog_reboot+0x80>)
10001a84:	605a      	str	r2, [r3, #4]
10001a86:	2280      	movs	r2, #128	@ 0x80
10001a88:	4b09      	ldr	r3, [pc, #36]	@ (10001ab0 <watchdog_reboot+0x90>)
10001a8a:	05d2      	lsls	r2, r2, #23
10001a8c:	601a      	str	r2, [r3, #0]
10001a8e:	e7e8      	b.n	10001a62 <watchdog_reboot+0x42>
10001a90:	4b09      	ldr	r3, [pc, #36]	@ (10001ab8 <watchdog_reboot+0x98>)
10001a92:	001a      	movs	r2, r3
10001a94:	e7f3      	b.n	10001a7e <watchdog_reboot+0x5e>
10001a96:	46c0      	nop			@ (mov r8, r8)
10001a98:	4005b000 	.word	0x4005b000
10001a9c:	b007c0d3 	.word	0xb007c0d3
10001aa0:	40058000 	.word	0x40058000
10001aa4:	4ff83f2d 	.word	0x4ff83f2d
10001aa8:	0001fffc 	.word	0x0001fffc
10001aac:	40012008 	.word	0x40012008
10001ab0:	4005a000 	.word	0x4005a000
10001ab4:	20002b10 	.word	0x20002b10
10001ab8:	00ffffff 	.word	0x00ffffff

10001abc <tick_start>:
10001abc:	2380      	movs	r3, #128	@ 0x80
10001abe:	4a02      	ldr	r2, [pc, #8]	@ (10001ac8 <tick_start+0xc>)
10001ac0:	009b      	lsls	r3, r3, #2
10001ac2:	430b      	orrs	r3, r1
10001ac4:	62d3      	str	r3, [r2, #44]	@ 0x2c
10001ac6:	4770      	bx	lr
10001ac8:	40058000 	.word	0x40058000

10001acc <rom_func_lookup>:
10001acc:	2300      	movs	r3, #0
10001ace:	b510      	push	{r4, lr}
10001ad0:	0001      	movs	r1, r0
10001ad2:	8a98      	ldrh	r0, [r3, #20]
10001ad4:	8b1b      	ldrh	r3, [r3, #24]
10001ad6:	4798      	blx	r3
10001ad8:	bd10      	pop	{r4, pc}
10001ada:	46c0      	nop			@ (mov r8, r8)

10001adc <rom_data_lookup>:
10001adc:	2316      	movs	r3, #22
10001ade:	b510      	push	{r4, lr}
10001ae0:	0001      	movs	r1, r0
10001ae2:	8818      	ldrh	r0, [r3, #0]
10001ae4:	3302      	adds	r3, #2
10001ae6:	881b      	ldrh	r3, [r3, #0]
10001ae8:	4798      	blx	r3
10001aea:	bd10      	pop	{r4, pc}

10001aec <rom_funcs_lookup>:
10001aec:	b5f8      	push	{r3, r4, r5, r6, r7, lr}
10001aee:	4647      	mov	r7, r8
10001af0:	46ce      	mov	lr, r9
10001af2:	b580      	push	{r7, lr}
10001af4:	1e0f      	subs	r7, r1, #0
10001af6:	d018      	beq.n	10001b2a <rom_funcs_lookup+0x3e>
10001af8:	2314      	movs	r3, #20
10001afa:	4699      	mov	r9, r3
10001afc:	3304      	adds	r3, #4
10001afe:	0004      	movs	r4, r0
10001b00:	2500      	movs	r5, #0
10001b02:	2601      	movs	r6, #1
10001b04:	4698      	mov	r8, r3
10001b06:	464b      	mov	r3, r9
10001b08:	8818      	ldrh	r0, [r3, #0]
10001b0a:	4643      	mov	r3, r8
10001b0c:	6821      	ldr	r1, [r4, #0]
10001b0e:	881b      	ldrh	r3, [r3, #0]
10001b10:	4798      	blx	r3
10001b12:	c401      	stmia	r4!, {r0}
10001b14:	1e43      	subs	r3, r0, #1
10001b16:	4198      	sbcs	r0, r3
10001b18:	3501      	adds	r5, #1
10001b1a:	4006      	ands	r6, r0
10001b1c:	42af      	cmp	r7, r5
10001b1e:	d1f2      	bne.n	10001b06 <rom_funcs_lookup+0x1a>
10001b20:	0030      	movs	r0, r6
10001b22:	bcc0      	pop	{r6, r7}
10001b24:	46b9      	mov	r9, r7
10001b26:	46b0      	mov	r8, r6
10001b28:	bdf8      	pop	{r3, r4, r5, r6, r7, pc}
10001b2a:	2601      	movs	r6, #1
10001b2c:	e7f8      	b.n	10001b20 <rom_funcs_lookup+0x34>
10001b2e:	46c0      	nop			@ (mov r8, r8)

10001b30 <rom_reset_usb_boot_extra>:
10001b30:	2300      	movs	r3, #0
10001b32:	b570      	push	{r4, r5, r6, lr}
10001b34:	0004      	movs	r4, r0
10001b36:	000d      	movs	r5, r1
10001b38:	8a98      	ldrh	r0, [r3, #20]
10001b3a:	4905      	ldr	r1, [pc, #20]	@ (10001b50 <rom_reset_usb_boot_extra+0x20>)
10001b3c:	8b1b      	ldrh	r3, [r3, #24]
10001b3e:	4798      	blx	r3
10001b40:	0003      	movs	r3, r0
10001b42:	2000      	movs	r0, #0
10001b44:	2c00      	cmp	r4, #0
10001b46:	db01      	blt.n	10001b4c <rom_reset_usb_boot_extra+0x1c>
10001b48:	3001      	adds	r0, #1
10001b4a:	40a0      	lsls	r0, r4
10001b4c:	0029      	movs	r1, r5
10001b4e:	4798      	blx	r3
10001b50:	00004255 	.word	0x00004255

10001b54 <xosc_init>:
10001b54:	23aa      	movs	r3, #170	@ 0xaa
10001b56:	4a06      	ldr	r2, [pc, #24]	@ (10001b70 <xosc_init+0x1c>)
10001b58:	011b      	lsls	r3, r3, #4
10001b5a:	6013      	str	r3, [r2, #0]
10001b5c:	238d      	movs	r3, #141	@ 0x8d
10001b5e:	005b      	lsls	r3, r3, #1
10001b60:	60d3      	str	r3, [r2, #12]
10001b62:	4904      	ldr	r1, [pc, #16]	@ (10001b74 <xosc_init+0x20>)
10001b64:	4b04      	ldr	r3, [pc, #16]	@ (10001b78 <xosc_init+0x24>)
10001b66:	6019      	str	r1, [r3, #0]
10001b68:	6853      	ldr	r3, [r2, #4]
10001b6a:	2b00      	cmp	r3, #0
10001b6c:	dafc      	bge.n	10001b68 <xosc_init+0x14>
10001b6e:	4770      	bx	lr
10001b70:	40024000 	.word	0x40024000
10001b74:	00fab000 	.word	0x00fab000
10001b78:	40026000 	.word	0x40026000

10001b7c <first_per_core_initializer>:
10001b7c:	4770      	bx	lr
10001b7e:	46c0      	nop			@ (mov r8, r8)

10001b80 <hard_assertion_failure>:
10001b80:	b510      	push	{r4, lr}
10001b82:	4801      	ldr	r0, [pc, #4]	@ (10001b88 <hard_assertion_failure+0x8>)
10001b84:	f7fe fd32 	bl	100005ec <panic>
10001b88:	1000aa1c 	.word	0x1000aa1c

10001b8c <runtime_run_initializers>:
10001b8c:	b570      	push	{r4, r5, r6, lr}
10001b8e:	4d07      	ldr	r5, [pc, #28]	@ (10001bac <runtime_run_initializers+0x20>)
10001b90:	4e07      	ldr	r6, [pc, #28]	@ (10001bb0 <runtime_run_initializers+0x24>)
10001b92:	42b5      	cmp	r5, r6
10001b94:	d209      	bcs.n	10001baa <runtime_run_initializers+0x1e>
10001b96:	2400      	movs	r4, #0
10001b98:	3e01      	subs	r6, #1
10001b9a:	1b76      	subs	r6, r6, r5
10001b9c:	08b6      	lsrs	r6, r6, #2
10001b9e:	cd08      	ldmia	r5!, {r3}
10001ba0:	4798      	blx	r3
10001ba2:	0023      	movs	r3, r4
10001ba4:	3401      	adds	r4, #1
10001ba6:	42b3      	cmp	r3, r6
10001ba8:	d1f9      	bne.n	10001b9e <runtime_run_initializers+0x12>
10001baa:	bd70      	pop	{r4, r5, r6, pc}
10001bac:	1000a968 	.word	0x1000a968
10001bb0:	1000a9a4 	.word	0x1000a9a4

10001bb4 <runtime_init_early_resets>:
10001bb4:	4b05      	ldr	r3, [pc, #20]	@ (10001bcc <runtime_init_early_resets+0x18>)
10001bb6:	4a06      	ldr	r2, [pc, #24]	@ (10001bd0 <runtime_init_early_resets+0x1c>)
10001bb8:	4906      	ldr	r1, [pc, #24]	@ (10001bd4 <runtime_init_early_resets+0x20>)
10001bba:	601a      	str	r2, [r3, #0]
10001bbc:	4a06      	ldr	r2, [pc, #24]	@ (10001bd8 <runtime_init_early_resets+0x24>)
10001bbe:	4b07      	ldr	r3, [pc, #28]	@ (10001bdc <runtime_init_early_resets+0x28>)
10001bc0:	601a      	str	r2, [r3, #0]
10001bc2:	0010      	movs	r0, r2
10001bc4:	680b      	ldr	r3, [r1, #0]
10001bc6:	4398      	bics	r0, r3
10001bc8:	d1fb      	bne.n	10001bc2 <runtime_init_early_resets+0xe>
10001bca:	4770      	bx	lr
10001bcc:	4000e000 	.word	0x4000e000
10001bd0:	fefbcdbf 	.word	0xfefbcdbf
10001bd4:	4000c008 	.word	0x4000c008
10001bd8:	003c7ffe 	.word	0x003c7ffe
10001bdc:	4000f000 	.word	0x4000f000

10001be0 <runtime_init_usb_power_down>:
10001be0:	4b04      	ldr	r3, [pc, #16]	@ (10001bf4 <runtime_init_usb_power_down+0x14>)
10001be2:	6cdb      	ldr	r3, [r3, #76]	@ 0x4c
10001be4:	2b00      	cmp	r3, #0
10001be6:	d103      	bne.n	10001bf0 <runtime_init_usb_power_down+0x10>
10001be8:	2280      	movs	r2, #128	@ 0x80
10001bea:	4b03      	ldr	r3, [pc, #12]	@ (10001bf8 <runtime_init_usb_power_down+0x18>)
10001bec:	02d2      	lsls	r2, r2, #11
10001bee:	601a      	str	r2, [r3, #0]
10001bf0:	4770      	bx	lr
10001bf2:	46c0      	nop			@ (mov r8, r8)
10001bf4:	50110000 	.word	0x50110000
10001bf8:	5011204c 	.word	0x5011204c

10001bfc <runtime_init_post_clock_resets>:
10001bfc:	4a04      	ldr	r2, [pc, #16]	@ (10001c10 <runtime_init_post_clock_resets+0x14>)
10001bfe:	4b05      	ldr	r3, [pc, #20]	@ (10001c14 <runtime_init_post_clock_resets+0x18>)
10001c00:	601a      	str	r2, [r3, #0]
10001c02:	4a05      	ldr	r2, [pc, #20]	@ (10001c18 <runtime_init_post_clock_resets+0x1c>)
10001c04:	6813      	ldr	r3, [r2, #0]
10001c06:	01db      	lsls	r3, r3, #7
10001c08:	3380      	adds	r3, #128	@ 0x80
10001c0a:	d1fb      	bne.n	10001c04 <runtime_init_post_clock_resets+0x8>
10001c0c:	4770      	bx	lr
10001c0e:	46c0      	nop			@ (mov r8, r8)
10001c10:	01ffffff 	.word	0x01ffffff
10001c14:	4000f000 	.word	0x4000f000
10001c18:	4000c008 	.word	0x4000c008

10001c1c <runtime_init_rp2040_gpio_ie_disable>:
10001c1c:	2240      	movs	r2, #64	@ 0x40
10001c1e:	4b03      	ldr	r3, [pc, #12]	@ (10001c2c <runtime_init_rp2040_gpio_ie_disable+0x10>)
10001c20:	679a      	str	r2, [r3, #120]	@ 0x78
10001c22:	675a      	str	r2, [r3, #116]	@ 0x74
10001c24:	671a      	str	r2, [r3, #112]	@ 0x70
10001c26:	66da      	str	r2, [r3, #108]	@ 0x6c
10001c28:	4770      	bx	lr
10001c2a:	46c0      	nop			@ (mov r8, r8)
10001c2c:	4001f000 	.word	0x4001f000

10001c30 <runtime_init_spin_locks_reset>:
10001c30:	b510      	push	{r4, lr}
10001c32:	f7fe fda9 	bl	10000788 <spin_locks_reset>
10001c36:	bd10      	pop	{r4, pc}

10001c38 <runtime_init_install_ram_vector_table>:
10001c38:	b5f8      	push	{r3, r4, r5, r6, r7, lr}
10001c3a:	4927      	ldr	r1, [pc, #156]	@ (10001cd8 <runtime_init_install_ram_vector_table+0xa0>)
10001c3c:	4c27      	ldr	r4, [pc, #156]	@ (10001cdc <runtime_init_install_ram_vector_table+0xa4>)
10001c3e:	4d28      	ldr	r5, [pc, #160]	@ (10001ce0 <runtime_init_install_ram_vector_table+0xa8>)
10001c40:	1a64      	subs	r4, r4, r1
10001c42:	10a6      	asrs	r6, r4, #2
10001c44:	0032      	movs	r2, r6
10001c46:	2e30      	cmp	r6, #48	@ 0x30
10001c48:	d900      	bls.n	10001c4c <runtime_init_install_ram_vector_table+0x14>
10001c4a:	2230      	movs	r2, #48	@ 0x30
10001c4c:	0028      	movs	r0, r5
10001c4e:	0092      	lsls	r2, r2, #2
10001c50:	f000 fcc4 	bl	100025dc <__wrap___aeabi_memcpy>
10001c54:	2cbc      	cmp	r4, #188	@ 0xbc
10001c56:	d83b      	bhi.n	10001cd0 <runtime_init_install_ram_vector_table+0x98>
10001c58:	2030      	movs	r0, #48	@ 0x30
10001c5a:	232f      	movs	r3, #47	@ 0x2f
10001c5c:	192c      	adds	r4, r5, r4
10001c5e:	0764      	lsls	r4, r4, #29
10001c60:	4a20      	ldr	r2, [pc, #128]	@ (10001ce4 <runtime_init_install_ram_vector_table+0xac>)
10001c62:	1b80      	subs	r0, r0, r6
10001c64:	0fe4      	lsrs	r4, r4, #31
10001c66:	1b9b      	subs	r3, r3, r6
10001c68:	2b05      	cmp	r3, #5
10001c6a:	d916      	bls.n	10001c9a <runtime_init_install_ram_vector_table+0x62>
10001c6c:	0037      	movs	r7, r6
10001c6e:	2c00      	cmp	r4, #0
10001c70:	d002      	beq.n	10001c78 <runtime_init_install_ram_vector_table+0x40>
10001c72:	00b3      	lsls	r3, r6, #2
10001c74:	1c77      	adds	r7, r6, #1
10001c76:	50ea      	str	r2, [r5, r3]
10001c78:	1b00      	subs	r0, r0, r4
10001c7a:	1933      	adds	r3, r6, r4
10001c7c:	009b      	lsls	r3, r3, #2
10001c7e:	0841      	lsrs	r1, r0, #1
10001c80:	18eb      	adds	r3, r5, r3
10001c82:	00c9      	lsls	r1, r1, #3
10001c84:	18c9      	adds	r1, r1, r3
10001c86:	601a      	str	r2, [r3, #0]
10001c88:	605a      	str	r2, [r3, #4]
10001c8a:	3308      	adds	r3, #8
10001c8c:	4299      	cmp	r1, r3
10001c8e:	d1fa      	bne.n	10001c86 <runtime_init_install_ram_vector_table+0x4e>
10001c90:	2301      	movs	r3, #1
10001c92:	4203      	tst	r3, r0
10001c94:	d01c      	beq.n	10001cd0 <runtime_init_install_ram_vector_table+0x98>
10001c96:	4398      	bics	r0, r3
10001c98:	19c6      	adds	r6, r0, r7
10001c9a:	00b3      	lsls	r3, r6, #2
10001c9c:	50ea      	str	r2, [r5, r3]
10001c9e:	1c73      	adds	r3, r6, #1
10001ca0:	2e2f      	cmp	r6, #47	@ 0x2f
10001ca2:	d015      	beq.n	10001cd0 <runtime_init_install_ram_vector_table+0x98>
10001ca4:	009b      	lsls	r3, r3, #2
10001ca6:	50ea      	str	r2, [r5, r3]
10001ca8:	1cb3      	adds	r3, r6, #2
10001caa:	2e2e      	cmp	r6, #46	@ 0x2e
10001cac:	d010      	beq.n	10001cd0 <runtime_init_install_ram_vector_table+0x98>
10001cae:	009b      	lsls	r3, r3, #2
10001cb0:	50ea      	str	r2, [r5, r3]
10001cb2:	1cf3      	adds	r3, r6, #3
10001cb4:	2e2d      	cmp	r6, #45	@ 0x2d
10001cb6:	d00b      	beq.n	10001cd0 <runtime_init_install_ram_vector_table+0x98>
10001cb8:	009b      	lsls	r3, r3, #2
10001cba:	50ea      	str	r2, [r5, r3]
10001cbc:	1d33      	adds	r3, r6, #4
10001cbe:	2e2c      	cmp	r6, #44	@ 0x2c
10001cc0:	d006      	beq.n	10001cd0 <runtime_init_install_ram_vector_table+0x98>
10001cc2:	009b      	lsls	r3, r3, #2
10001cc4:	50ea      	str	r2, [r5, r3]
10001cc6:	1d73      	adds	r3, r6, #5
10001cc8:	2e2b      	cmp	r6, #43	@ 0x2b
10001cca:	d001      	beq.n	10001cd0 <runtime_init_install_ram_vector_table+0x98>
10001ccc:	009b      	lsls	r3, r3, #2
10001cce:	50ea      	str	r2, [r5, r3]
10001cd0:	4b05      	ldr	r3, [pc, #20]	@ (10001ce8 <runtime_init_install_ram_vector_table+0xb0>)
10001cd2:	609d      	str	r5, [r3, #8]
10001cd4:	bdf8      	pop	{r3, r4, r5, r6, r7, pc}
10001cd6:	46c0      	nop			@ (mov r8, r8)
10001cd8:	10000100 	.word	0x10000100
10001cdc:	100001c0 	.word	0x100001c0
10001ce0:	20000000 	.word	0x20000000
10001ce4:	100001c1 	.word	0x100001c1
10001ce8:	e000ed00 	.word	0xe000ed00

10001cec <runtime_init_clocks>:
10001cec:	2300      	movs	r3, #0
10001cee:	b510      	push	{r4, lr}
10001cf0:	4c29      	ldr	r4, [pc, #164]	@ (10001d98 <runtime_init_clocks+0xac>)
10001cf2:	b082      	sub	sp, #8
10001cf4:	67a3      	str	r3, [r4, #120]	@ 0x78
10001cf6:	f7ff ff2d 	bl	10001b54 <xosc_init>
10001cfa:	2201      	movs	r2, #1
10001cfc:	4b27      	ldr	r3, [pc, #156]	@ (10001d9c <runtime_init_clocks+0xb0>)
10001cfe:	601a      	str	r2, [r3, #0]
10001d00:	6c63      	ldr	r3, [r4, #68]	@ 0x44
10001d02:	2b01      	cmp	r3, #1
10001d04:	d1fc      	bne.n	10001d00 <runtime_init_clocks+0x14>
10001d06:	2203      	movs	r2, #3
10001d08:	4b25      	ldr	r3, [pc, #148]	@ (10001da0 <runtime_init_clocks+0xb4>)
10001d0a:	601a      	str	r2, [r3, #0]
10001d0c:	4a22      	ldr	r2, [pc, #136]	@ (10001d98 <runtime_init_clocks+0xac>)
10001d0e:	6b93      	ldr	r3, [r2, #56]	@ 0x38
10001d10:	2b01      	cmp	r3, #1
10001d12:	d1fc      	bne.n	10001d0e <runtime_init_clocks+0x22>
10001d14:	3301      	adds	r3, #1
10001d16:	9300      	str	r3, [sp, #0]
10001d18:	2101      	movs	r1, #1
10001d1a:	4a22      	ldr	r2, [pc, #136]	@ (10001da4 <runtime_init_clocks+0xb8>)
10001d1c:	4822      	ldr	r0, [pc, #136]	@ (10001da8 <runtime_init_clocks+0xbc>)
10001d1e:	3304      	adds	r3, #4
10001d20:	f7ff fe2c 	bl	1000197c <pll_init>
10001d24:	2305      	movs	r3, #5
10001d26:	2101      	movs	r1, #1
10001d28:	9300      	str	r3, [sp, #0]
10001d2a:	4a20      	ldr	r2, [pc, #128]	@ (10001dac <runtime_init_clocks+0xc0>)
10001d2c:	4820      	ldr	r0, [pc, #128]	@ (10001db0 <runtime_init_clocks+0xc4>)
10001d2e:	f7ff fe25 	bl	1000197c <pll_init>
10001d32:	2200      	movs	r2, #0
10001d34:	2102      	movs	r1, #2
10001d36:	2004      	movs	r0, #4
10001d38:	4b1e      	ldr	r3, [pc, #120]	@ (10001db4 <runtime_init_clocks+0xc8>)
10001d3a:	f7ff fda5 	bl	10001888 <clock_configure_undivided>
10001d3e:	2200      	movs	r2, #0
10001d40:	2101      	movs	r1, #1
10001d42:	2005      	movs	r0, #5
10001d44:	4b1c      	ldr	r3, [pc, #112]	@ (10001db8 <runtime_init_clocks+0xcc>)
10001d46:	f7ff fd9f 	bl	10001888 <clock_configure_undivided>
10001d4a:	2200      	movs	r2, #0
10001d4c:	2100      	movs	r1, #0
10001d4e:	2007      	movs	r0, #7
10001d50:	4b1a      	ldr	r3, [pc, #104]	@ (10001dbc <runtime_init_clocks+0xd0>)
10001d52:	f7ff fd99 	bl	10001888 <clock_configure_undivided>
10001d56:	2200      	movs	r2, #0
10001d58:	2100      	movs	r1, #0
10001d5a:	2008      	movs	r0, #8
10001d5c:	4b17      	ldr	r3, [pc, #92]	@ (10001dbc <runtime_init_clocks+0xd0>)
10001d5e:	f7ff fd93 	bl	10001888 <clock_configure_undivided>
10001d62:	2380      	movs	r3, #128	@ 0x80
10001d64:	00db      	lsls	r3, r3, #3
10001d66:	9300      	str	r3, [sp, #0]
10001d68:	2200      	movs	r2, #0
10001d6a:	2100      	movs	r1, #0
10001d6c:	2009      	movs	r0, #9
10001d6e:	4b13      	ldr	r3, [pc, #76]	@ (10001dbc <runtime_init_clocks+0xd0>)
10001d70:	f7ff fd10 	bl	10001794 <clock_configure_int_divider>
10001d74:	2200      	movs	r2, #0
10001d76:	4b10      	ldr	r3, [pc, #64]	@ (10001db8 <runtime_init_clocks+0xcc>)
10001d78:	2100      	movs	r1, #0
10001d7a:	2006      	movs	r0, #6
10001d7c:	f7ff fd84 	bl	10001888 <clock_configure_undivided>
10001d80:	2004      	movs	r0, #4
10001d82:	f7ff fdf5 	bl	10001970 <clock_get_hz>
10001d86:	490e      	ldr	r1, [pc, #56]	@ (10001dc0 <runtime_init_clocks+0xd4>)
10001d88:	f000 f852 	bl	10001e30 <__wrap___aeabi_uidiv>
10001d8c:	0001      	movs	r1, r0
10001d8e:	2000      	movs	r0, #0
10001d90:	f7ff fe94 	bl	10001abc <tick_start>
10001d94:	b002      	add	sp, #8
10001d96:	bd10      	pop	{r4, pc}
10001d98:	40008000 	.word	0x40008000
10001d9c:	4000b03c 	.word	0x4000b03c
10001da0:	4000b030 	.word	0x4000b030
10001da4:	59682f00 	.word	0x59682f00
10001da8:	40028000 	.word	0x40028000
10001dac:	47868c00 	.word	0x47868c00
10001db0:	4002c000 	.word	0x4002c000
10001db4:	00b71b00 	.word	0x00b71b00
10001db8:	07735940 	.word	0x07735940
10001dbc:	02dc6c00 	.word	0x02dc6c00
10001dc0:	000f4240 	.word	0x000f4240

10001dc4 <__aeabi_bits_init>:
10001dc4:	4801      	ldr	r0, [pc, #4]	@ (10001dcc <__aeabi_bits_init+0x8>)
10001dc6:	2104      	movs	r1, #4
10001dc8:	4b01      	ldr	r3, [pc, #4]	@ (10001dd0 <__aeabi_bits_init+0xc>)
10001dca:	4718      	bx	r3
10001dcc:	200011e0 	.word	0x200011e0
10001dd0:	10001aed 	.word	0x10001aed

10001dd4 <__wrap___ctzsi2>:
10001dd4:	4b01      	ldr	r3, [pc, #4]	@ (10001ddc <__wrap___ctzsi2+0x8>)
10001dd6:	689b      	ldr	r3, [r3, #8]
10001dd8:	4718      	bx	r3
10001dda:	0000      	.short	0x0000
10001ddc:	200011e0 	.word	0x200011e0

10001de0 <__wrap___aeabi_idiv>:
10001de0:	4a12      	ldr	r2, [pc, #72]	@ (10001e2c <divmod_s32s32_savestate+0x18>)
10001de2:	6f93      	ldr	r3, [r2, #120]	@ 0x78
10001de4:	089b      	lsrs	r3, r3, #2
10001de6:	d215      	bcs.n	10001e14 <divmod_s32s32_savestate>

10001de8 <divmod_s32s32_unsafe>:
10001de8:	6690      	str	r0, [r2, #104]	@ 0x68
10001dea:	66d1      	str	r1, [r2, #108]	@ 0x6c
10001dec:	2900      	cmp	r1, #0
10001dee:	d005      	beq.n	10001dfc <divmod_s32s32_unsafe+0x14>
10001df0:	e7ff      	b.n	10001df2 <divmod_s32s32_unsafe+0xa>
10001df2:	e7ff      	b.n	10001df4 <divmod_s32s32_unsafe+0xc>
10001df4:	e7ff      	b.n	10001df6 <divmod_s32s32_unsafe+0xe>
10001df6:	6f51      	ldr	r1, [r2, #116]	@ 0x74
10001df8:	6f10      	ldr	r0, [r2, #112]	@ 0x70
10001dfa:	4770      	bx	lr
10001dfc:	b504      	push	{r2, lr}
10001dfe:	2180      	movs	r1, #128	@ 0x80
10001e00:	0609      	lsls	r1, r1, #24
10001e02:	17c2      	asrs	r2, r0, #31
10001e04:	4051      	eors	r1, r2
10001e06:	2800      	cmp	r0, #0
10001e08:	d000      	beq.n	10001e0c <divmod_s32s32_unsafe+0x24>
10001e0a:	43c8      	mvns	r0, r1
10001e0c:	f008 fd4c 	bl	1000a8a8 <____aeabi_idiv0_veneer>
10001e10:	2100      	movs	r1, #0
10001e12:	bd04      	pop	{r2, pc}

10001e14 <divmod_s32s32_savestate>:
10001e14:	b5f0      	push	{r4, r5, r6, r7, lr}
10001e16:	6e14      	ldr	r4, [r2, #96]	@ 0x60
10001e18:	6e55      	ldr	r5, [r2, #100]	@ 0x64
10001e1a:	6f57      	ldr	r7, [r2, #116]	@ 0x74
10001e1c:	6f16      	ldr	r6, [r2, #112]	@ 0x70
10001e1e:	f7ff ffe3 	bl	10001de8 <divmod_s32s32_unsafe>
10001e22:	6614      	str	r4, [r2, #96]	@ 0x60
10001e24:	6655      	str	r5, [r2, #100]	@ 0x64
10001e26:	6757      	str	r7, [r2, #116]	@ 0x74
10001e28:	6716      	str	r6, [r2, #112]	@ 0x70
10001e2a:	bdf0      	pop	{r4, r5, r6, r7, pc}
10001e2c:	d0000000 	.word	0xd0000000

10001e30 <__wrap___aeabi_uidiv>:
10001e30:	4a11      	ldr	r2, [pc, #68]	@ (10001e78 <divmod_u32u32_savestate+0x18>)
10001e32:	6f93      	ldr	r3, [r2, #120]	@ 0x78
10001e34:	089b      	lsrs	r3, r3, #2
10001e36:	d213      	bcs.n	10001e60 <divmod_u32u32_savestate>

10001e38 <divmod_u32u32_unsafe>:
10001e38:	6610      	str	r0, [r2, #96]	@ 0x60
10001e3a:	6651      	str	r1, [r2, #100]	@ 0x64
10001e3c:	2900      	cmp	r1, #0
10001e3e:	d005      	beq.n	10001e4c <divmod_u32u32_unsafe+0x14>
10001e40:	e7ff      	b.n	10001e42 <divmod_u32u32_unsafe+0xa>
10001e42:	e7ff      	b.n	10001e44 <divmod_u32u32_unsafe+0xc>
10001e44:	e7ff      	b.n	10001e46 <divmod_u32u32_unsafe+0xe>
10001e46:	6f51      	ldr	r1, [r2, #116]	@ 0x74
10001e48:	6f10      	ldr	r0, [r2, #112]	@ 0x70
10001e4a:	4770      	bx	lr
10001e4c:	b504      	push	{r2, lr}
10001e4e:	2800      	cmp	r0, #0
10001e50:	d001      	beq.n	10001e56 <divmod_u32u32_unsafe+0x1e>
10001e52:	2000      	movs	r0, #0
10001e54:	43c0      	mvns	r0, r0
10001e56:	f008 fd27 	bl	1000a8a8 <____aeabi_idiv0_veneer>
10001e5a:	2100      	movs	r1, #0
10001e5c:	bd04      	pop	{r2, pc}
10001e5e:	46c0      	nop			@ (mov r8, r8)

10001e60 <divmod_u32u32_savestate>:
10001e60:	b5f0      	push	{r4, r5, r6, r7, lr}
10001e62:	6e14      	ldr	r4, [r2, #96]	@ 0x60
10001e64:	6e55      	ldr	r5, [r2, #100]	@ 0x64
10001e66:	6f57      	ldr	r7, [r2, #116]	@ 0x74
10001e68:	6f16      	ldr	r6, [r2, #112]	@ 0x70
10001e6a:	f7ff ffe5 	bl	10001e38 <divmod_u32u32_unsafe>
10001e6e:	6614      	str	r4, [r2, #96]	@ 0x60
10001e70:	6655      	str	r5, [r2, #100]	@ 0x64
10001e72:	6757      	str	r7, [r2, #116]	@ 0x74
10001e74:	6716      	str	r6, [r2, #112]	@ 0x70
10001e76:	bdf0      	pop	{r4, r5, r6, r7, pc}
10001e78:	d0000000 	.word	0xd0000000

10001e7c <__wrap___aeabi_ldivmod>:
10001e7c:	4694      	mov	ip, r2
10001e7e:	4a4a      	ldr	r2, [pc, #296]	@ (10001fa8 <udiv0+0x1a>)
10001e80:	6f92      	ldr	r2, [r2, #120]	@ 0x78
10001e82:	0892      	lsrs	r2, r2, #2
10001e84:	4662      	mov	r2, ip
10001e86:	d201      	bcs.n	10001e8c <divmod_s64s64_savestate>
10001e88:	e028      	b.n	10001edc <divmod_s64s64_unsafe>
10001e8a:	46c0      	nop			@ (mov r8, r8)

10001e8c <divmod_s64s64_savestate>:
10001e8c:	b5f0      	push	{r4, r5, r6, r7, lr}
10001e8e:	4e46      	ldr	r6, [pc, #280]	@ (10001fa8 <udiv0+0x1a>)
10001e90:	6e34      	ldr	r4, [r6, #96]	@ 0x60
10001e92:	6e75      	ldr	r5, [r6, #100]	@ 0x64
10001e94:	6f77      	ldr	r7, [r6, #116]	@ 0x74
10001e96:	6f36      	ldr	r6, [r6, #112]	@ 0x70
10001e98:	f000 f820 	bl	10001edc <divmod_s64s64_unsafe>
10001e9c:	4694      	mov	ip, r2
10001e9e:	4a42      	ldr	r2, [pc, #264]	@ (10001fa8 <udiv0+0x1a>)
10001ea0:	6614      	str	r4, [r2, #96]	@ 0x60
10001ea2:	6655      	str	r5, [r2, #100]	@ 0x64
10001ea4:	6757      	str	r7, [r2, #116]	@ 0x74
10001ea6:	6716      	str	r6, [r2, #112]	@ 0x70
10001ea8:	4662      	mov	r2, ip
10001eaa:	bdf0      	pop	{r4, r5, r6, r7, pc}

10001eac <__wrap___aeabi_uldivmod>:
10001eac:	4694      	mov	ip, r2
10001eae:	4a3e      	ldr	r2, [pc, #248]	@ (10001fa8 <udiv0+0x1a>)
10001eb0:	6f92      	ldr	r2, [r2, #120]	@ 0x78
10001eb2:	0892      	lsrs	r2, r2, #2
10001eb4:	4662      	mov	r2, ip
10001eb6:	d201      	bcs.n	10001ebc <divmod_u64u64_savestate>
10001eb8:	e054      	b.n	10001f64 <divmod_u64u64_unsafe>
10001eba:	46c0      	nop			@ (mov r8, r8)

10001ebc <divmod_u64u64_savestate>:
10001ebc:	b5f0      	push	{r4, r5, r6, r7, lr}
10001ebe:	4e3a      	ldr	r6, [pc, #232]	@ (10001fa8 <udiv0+0x1a>)
10001ec0:	6e34      	ldr	r4, [r6, #96]	@ 0x60
10001ec2:	6e75      	ldr	r5, [r6, #100]	@ 0x64
10001ec4:	6f77      	ldr	r7, [r6, #116]	@ 0x74
10001ec6:	6f36      	ldr	r6, [r6, #112]	@ 0x70
10001ec8:	f000 f84c 	bl	10001f64 <divmod_u64u64_unsafe>
10001ecc:	4694      	mov	ip, r2
10001ece:	4a36      	ldr	r2, [pc, #216]	@ (10001fa8 <udiv0+0x1a>)
10001ed0:	6614      	str	r4, [r2, #96]	@ 0x60
10001ed2:	6655      	str	r5, [r2, #100]	@ 0x64
10001ed4:	6757      	str	r7, [r2, #116]	@ 0x74
10001ed6:	6716      	str	r6, [r2, #112]	@ 0x70
10001ed8:	4662      	mov	r2, ip
10001eda:	bdf0      	pop	{r4, r5, r6, r7, pc}

10001edc <divmod_s64s64_unsafe>:
10001edc:	2b00      	cmp	r3, #0
10001ede:	db24      	blt.n	10001f2a <l42_1+0x26>
10001ee0:	d011      	beq.n	10001f06 <l42_1+0x2>
10001ee2:	2900      	cmp	r1, #0
10001ee4:	da3e      	bge.n	10001f64 <divmod_u64u64_unsafe>
10001ee6:	b500      	push	{lr}
10001ee8:	43c9      	mvns	r1, r1
10001eea:	4240      	negs	r0, r0
10001eec:	d100      	bne.n	10001ef0 <l40_1>
10001eee:	3101      	adds	r1, #1

10001ef0 <l40_1>:
10001ef0:	f000 f838 	bl	10001f64 <divmod_u64u64_unsafe>
10001ef4:	43c9      	mvns	r1, r1
10001ef6:	4240      	negs	r0, r0
10001ef8:	d100      	bne.n	10001efc <l41_1>
10001efa:	3101      	adds	r1, #1

10001efc <l41_1>:
10001efc:	43db      	mvns	r3, r3
10001efe:	4252      	negs	r2, r2
10001f00:	d100      	bne.n	10001f04 <l42_1>
10001f02:	3301      	adds	r3, #1

10001f04 <l42_1>:
10001f04:	bd00      	pop	{pc}
10001f06:	2a00      	cmp	r2, #0
10001f08:	d1eb      	bne.n	10001ee2 <divmod_s64s64_unsafe+0x6>
10001f0a:	2800      	cmp	r0, #0
10001f0c:	d101      	bne.n	10001f12 <l42_1+0xe>
10001f0e:	2900      	cmp	r1, #0
10001f10:	d005      	beq.n	10001f1e <l42_1+0x1a>
10001f12:	2000      	movs	r0, #0
10001f14:	0fc9      	lsrs	r1, r1, #31
10001f16:	07c9      	lsls	r1, r1, #31
10001f18:	d101      	bne.n	10001f1e <l42_1+0x1a>
10001f1a:	43c0      	mvns	r0, r0
10001f1c:	0841      	lsrs	r1, r0, #1
10001f1e:	b500      	push	{lr}
10001f20:	f008 fcb2 	bl	1000a888 <____aeabi_ldiv0_veneer>
10001f24:	2200      	movs	r2, #0
10001f26:	2300      	movs	r3, #0
10001f28:	bd00      	pop	{pc}
10001f2a:	b500      	push	{lr}
10001f2c:	2900      	cmp	r1, #0
10001f2e:	db0a      	blt.n	10001f46 <l44_1+0x2>
10001f30:	43db      	mvns	r3, r3
10001f32:	4252      	negs	r2, r2
10001f34:	d100      	bne.n	10001f38 <l43_1>
10001f36:	3301      	adds	r3, #1

10001f38 <l43_1>:
10001f38:	f000 f814 	bl	10001f64 <divmod_u64u64_unsafe>
10001f3c:	43c9      	mvns	r1, r1
10001f3e:	4240      	negs	r0, r0
10001f40:	d100      	bne.n	10001f44 <l44_1>
10001f42:	3101      	adds	r1, #1

10001f44 <l44_1>:
10001f44:	bd00      	pop	{pc}
10001f46:	43c9      	mvns	r1, r1
10001f48:	4240      	negs	r0, r0
10001f4a:	d100      	bne.n	10001f4e <l45_1>
10001f4c:	3101      	adds	r1, #1

10001f4e <l45_1>:
10001f4e:	43db      	mvns	r3, r3
10001f50:	4252      	negs	r2, r2
10001f52:	d100      	bne.n	10001f56 <l46_1>
10001f54:	3301      	adds	r3, #1

10001f56 <l46_1>:
10001f56:	f000 f805 	bl	10001f64 <divmod_u64u64_unsafe>
10001f5a:	43db      	mvns	r3, r3
10001f5c:	4252      	negs	r2, r2
10001f5e:	d100      	bne.n	10001f62 <l47_1>
10001f60:	3301      	adds	r3, #1

10001f62 <l47_1>:
10001f62:	bd00      	pop	{pc}

10001f64 <divmod_u64u64_unsafe>:
10001f64:	2900      	cmp	r1, #0
10001f66:	d123      	bne.n	10001fb0 <y64>
10001f68:	2b00      	cmp	r3, #0
10001f6a:	d118      	bne.n	10001f9e <udiv0+0x10>
10001f6c:	2a00      	cmp	r2, #0
10001f6e:	d00c      	beq.n	10001f8a <divmod_u64u64_unsafe+0x26>
10001f70:	46bc      	mov	ip, r7
10001f72:	4f0d      	ldr	r7, [pc, #52]	@ (10001fa8 <udiv0+0x1a>)
10001f74:	6638      	str	r0, [r7, #96]	@ 0x60
10001f76:	667a      	str	r2, [r7, #100]	@ 0x64
10001f78:	2100      	movs	r1, #0
10001f7a:	2300      	movs	r3, #0
10001f7c:	e7ff      	b.n	10001f7e <divmod_u64u64_unsafe+0x1a>
10001f7e:	e7ff      	b.n	10001f80 <divmod_u64u64_unsafe+0x1c>
10001f80:	e7ff      	b.n	10001f82 <divmod_u64u64_unsafe+0x1e>
10001f82:	6f7a      	ldr	r2, [r7, #116]	@ 0x74
10001f84:	6f38      	ldr	r0, [r7, #112]	@ 0x70
10001f86:	4667      	mov	r7, ip
10001f88:	4770      	bx	lr
10001f8a:	2800      	cmp	r0, #0
10001f8c:	d001      	beq.n	10001f92 <udiv0+0x4>

10001f8e <udiv0>:
10001f8e:	4807      	ldr	r0, [pc, #28]	@ (10001fac <udiv0+0x1e>)
10001f90:	0001      	movs	r1, r0
10001f92:	b500      	push	{lr}
10001f94:	f008 fc78 	bl	1000a888 <____aeabi_ldiv0_veneer>
10001f98:	2200      	movs	r2, #0
10001f9a:	2300      	movs	r3, #0
10001f9c:	bd00      	pop	{pc}
10001f9e:	0002      	movs	r2, r0
10001fa0:	000b      	movs	r3, r1
10001fa2:	2000      	movs	r0, #0
10001fa4:	2100      	movs	r1, #0
10001fa6:	4770      	bx	lr
10001fa8:	d0000000 	.word	0xd0000000
10001fac:	ffffffff 	.word	0xffffffff

10001fb0 <y64>:
10001fb0:	2b00      	cmp	r3, #0
10001fb2:	d000      	beq.n	10001fb6 <y64+0x6>
10001fb4:	e0bf      	b.n	10002136 <y64_x48>
10001fb6:	0c13      	lsrs	r3, r2, #16
10001fb8:	d128      	bne.n	1000200c <y64_x32>
10001fba:	2a00      	cmp	r2, #0
10001fbc:	d0e7      	beq.n	10001f8e <udiv0>
10001fbe:	b480      	push	{r7}
10001fc0:	4f11      	ldr	r7, [pc, #68]	@ (10002008 <y64+0x58>)
10001fc2:	6639      	str	r1, [r7, #96]	@ 0x60
10001fc4:	667a      	str	r2, [r7, #100]	@ 0x64
10001fc6:	e7ff      	b.n	10001fc8 <y64+0x18>
10001fc8:	e7ff      	b.n	10001fca <y64+0x1a>
10001fca:	b430      	push	{r4, r5}
10001fcc:	0c04      	lsrs	r4, r0, #16
10001fce:	6f7b      	ldr	r3, [r7, #116]	@ 0x74
10001fd0:	6f39      	ldr	r1, [r7, #112]	@ 0x70
10001fd2:	041b      	lsls	r3, r3, #16
10001fd4:	4323      	orrs	r3, r4
10001fd6:	663b      	str	r3, [r7, #96]	@ 0x60
10001fd8:	667a      	str	r2, [r7, #100]	@ 0x64
10001fda:	e7ff      	b.n	10001fdc <y64+0x2c>
10001fdc:	e7ff      	b.n	10001fde <y64+0x2e>
10001fde:	e7ff      	b.n	10001fe0 <y64+0x30>
10001fe0:	46c0      	nop			@ (mov r8, r8)
10001fe2:	b284      	uxth	r4, r0
10001fe4:	6f7b      	ldr	r3, [r7, #116]	@ 0x74
10001fe6:	6f3d      	ldr	r5, [r7, #112]	@ 0x70
10001fe8:	041b      	lsls	r3, r3, #16
10001fea:	4323      	orrs	r3, r4
10001fec:	663b      	str	r3, [r7, #96]	@ 0x60
10001fee:	667a      	str	r2, [r7, #100]	@ 0x64
10001ff0:	e7ff      	b.n	10001ff2 <y64+0x42>
10001ff2:	e7ff      	b.n	10001ff4 <y64+0x44>
10001ff4:	46c0      	nop			@ (mov r8, r8)
10001ff6:	2300      	movs	r3, #0
10001ff8:	042c      	lsls	r4, r5, #16
10001ffa:	0c2d      	lsrs	r5, r5, #16
10001ffc:	6f7a      	ldr	r2, [r7, #116]	@ 0x74
10001ffe:	6f38      	ldr	r0, [r7, #112]	@ 0x70
10002000:	1900      	adds	r0, r0, r4
10002002:	4169      	adcs	r1, r5
10002004:	bcb0      	pop	{r4, r5, r7}
10002006:	4770      	bx	lr
10002008:	d0000000 	.word	0xd0000000

1000200c <y64_x32>:
1000200c:	b5f0      	push	{r4, r5, r6, r7, lr}
1000200e:	4694      	mov	ip, r2
10002010:	2500      	movs	r5, #0
10002012:	0e14      	lsrs	r4, r2, #24
10002014:	d101      	bne.n	1000201a <y64_x32+0xe>
10002016:	0212      	lsls	r2, r2, #8
10002018:	3508      	adds	r5, #8
1000201a:	0f14      	lsrs	r4, r2, #28
1000201c:	d101      	bne.n	10002022 <y64_x32+0x16>
1000201e:	0112      	lsls	r2, r2, #4
10002020:	3504      	adds	r5, #4
10002022:	0f94      	lsrs	r4, r2, #30
10002024:	d101      	bne.n	1000202a <y64_x32+0x1e>
10002026:	0092      	lsls	r2, r2, #2
10002028:	3502      	adds	r5, #2
1000202a:	0fd4      	lsrs	r4, r2, #31
1000202c:	d101      	bne.n	10002032 <y64_x32+0x26>
1000202e:	0052      	lsls	r2, r2, #1
10002030:	3501      	adds	r5, #1
10002032:	0bd4      	lsrs	r4, r2, #15
10002034:	3401      	adds	r4, #1
10002036:	4f25      	ldr	r7, [pc, #148]	@ (100020cc <y64_x32+0xc0>)
10002038:	667c      	str	r4, [r7, #100]	@ 0x64
1000203a:	4c25      	ldr	r4, [pc, #148]	@ (100020d0 <y64_x32+0xc4>)
1000203c:	663c      	str	r4, [r7, #96]	@ 0x60
1000203e:	0c0e      	lsrs	r6, r1, #16
10002040:	b293      	uxth	r3, r2
10002042:	e7ff      	b.n	10002044 <y64_x32+0x38>
10002044:	e7ff      	b.n	10002046 <y64_x32+0x3a>
10002046:	e7ff      	b.n	10002048 <y64_x32+0x3c>
10002048:	6f3c      	ldr	r4, [r7, #112]	@ 0x70
1000204a:	4366      	muls	r6, r4
1000204c:	0c36      	lsrs	r6, r6, #16
1000204e:	0377      	lsls	r7, r6, #13
10002050:	46be      	mov	lr, r7
10002052:	4373      	muls	r3, r6
10002054:	0bdf      	lsrs	r7, r3, #15
10002056:	045b      	lsls	r3, r3, #17
10002058:	1ac0      	subs	r0, r0, r3
1000205a:	41b9      	sbcs	r1, r7
1000205c:	0c13      	lsrs	r3, r2, #16
1000205e:	4373      	muls	r3, r6
10002060:	18db      	adds	r3, r3, r3
10002062:	1ac9      	subs	r1, r1, r3
10002064:	08ce      	lsrs	r6, r1, #3
10002066:	4366      	muls	r6, r4
10002068:	0c36      	lsrs	r6, r6, #16
1000206a:	44b6      	add	lr, r6
1000206c:	b293      	uxth	r3, r2
1000206e:	4373      	muls	r3, r6
10002070:	0f1f      	lsrs	r7, r3, #28
10002072:	011b      	lsls	r3, r3, #4
10002074:	1ac0      	subs	r0, r0, r3
10002076:	41b9      	sbcs	r1, r7
10002078:	0c13      	lsrs	r3, r2, #16
1000207a:	4373      	muls	r3, r6
1000207c:	0b1f      	lsrs	r7, r3, #12
1000207e:	051b      	lsls	r3, r3, #20
10002080:	1ac0      	subs	r0, r0, r3
10002082:	41b9      	sbcs	r1, r7
10002084:	0d86      	lsrs	r6, r0, #22
10002086:	028f      	lsls	r7, r1, #10
10002088:	433e      	orrs	r6, r7
1000208a:	4366      	muls	r6, r4
1000208c:	0c36      	lsrs	r6, r6, #16
1000208e:	2d09      	cmp	r5, #9
10002090:	db24      	blt.n	100020dc <last0>
10002092:	0a52      	lsrs	r2, r2, #9
10002094:	4372      	muls	r2, r6
10002096:	1a80      	subs	r0, r0, r2
10002098:	0377      	lsls	r7, r6, #13
1000209a:	0a46      	lsrs	r6, r0, #9
1000209c:	4366      	muls	r6, r4
1000209e:	0c36      	lsrs	r6, r6, #16
100020a0:	2316      	movs	r3, #22
100020a2:	1b5b      	subs	r3, r3, r5
100020a4:	40de      	lsrs	r6, r3
100020a6:	40df      	lsrs	r7, r3
100020a8:	19bf      	adds	r7, r7, r6
100020aa:	4664      	mov	r4, ip
100020ac:	4366      	muls	r6, r4
100020ae:	1b82      	subs	r2, r0, r6
100020b0:	4670      	mov	r0, lr
100020b2:	3504      	adds	r5, #4
100020b4:	3306      	adds	r3, #6
100020b6:	0001      	movs	r1, r0
100020b8:	40d9      	lsrs	r1, r3
100020ba:	40a8      	lsls	r0, r5
100020bc:	19c0      	adds	r0, r0, r7
100020be:	d300      	bcc.n	100020c2 <y64_x32+0xb6>
100020c0:	3101      	adds	r1, #1
100020c2:	42a2      	cmp	r2, r4
100020c4:	d206      	bcs.n	100020d4 <y64_x32+0xc8>
100020c6:	2300      	movs	r3, #0
100020c8:	bdf0      	pop	{r4, r5, r6, r7, pc}
100020ca:	0000      	.short	0x0000
100020cc:	d0000000 	.word	0xd0000000
100020d0:	ffffffff 	.word	0xffffffff
100020d4:	1b12      	subs	r2, r2, r4
100020d6:	3001      	adds	r0, #1
100020d8:	d3f3      	bcc.n	100020c2 <y64_x32+0xb6>
100020da:	e7f1      	b.n	100020c0 <y64_x32+0xb4>

100020dc <last0>:
100020dc:	2709      	movs	r7, #9
100020de:	1b7f      	subs	r7, r7, r5
100020e0:	40fe      	lsrs	r6, r7
100020e2:	4664      	mov	r4, ip
100020e4:	b2a2      	uxth	r2, r4
100020e6:	4372      	muls	r2, r6
100020e8:	1a80      	subs	r0, r0, r2
100020ea:	d200      	bcs.n	100020ee <last0+0x12>
100020ec:	3901      	subs	r1, #1
100020ee:	0c22      	lsrs	r2, r4, #16
100020f0:	4372      	muls	r2, r6
100020f2:	0c13      	lsrs	r3, r2, #16
100020f4:	0412      	lsls	r2, r2, #16
100020f6:	1a82      	subs	r2, r0, r2
100020f8:	4199      	sbcs	r1, r3
100020fa:	000b      	movs	r3, r1
100020fc:	4670      	mov	r0, lr
100020fe:	3504      	adds	r5, #4
10002100:	3713      	adds	r7, #19
10002102:	0001      	movs	r1, r0
10002104:	40f9      	lsrs	r1, r7
10002106:	40a8      	lsls	r0, r5
10002108:	1980      	adds	r0, r0, r6
1000210a:	d300      	bcc.n	1000210e <last0+0x32>
1000210c:	3101      	adds	r1, #1
1000210e:	2b00      	cmp	r3, #0
10002110:	d102      	bne.n	10002118 <last0+0x3c>
10002112:	42a2      	cmp	r2, r4
10002114:	d20a      	bcs.n	1000212c <last0+0x50>
10002116:	bdf0      	pop	{r4, r5, r6, r7, pc}
10002118:	3001      	adds	r0, #1
1000211a:	d300      	bcc.n	1000211e <last0+0x42>
1000211c:	3101      	adds	r1, #1
1000211e:	1b12      	subs	r2, r2, r4
10002120:	d2fa      	bcs.n	10002118 <last0+0x3c>
10002122:	3b01      	subs	r3, #1
10002124:	d1f8      	bne.n	10002118 <last0+0x3c>
10002126:	42a2      	cmp	r2, r4
10002128:	d200      	bcs.n	1000212c <last0+0x50>
1000212a:	bdf0      	pop	{r4, r5, r6, r7, pc}
1000212c:	3001      	adds	r0, #1
1000212e:	d300      	bcc.n	10002132 <last0+0x56>
10002130:	3101      	adds	r1, #1
10002132:	1b12      	subs	r2, r2, r4
10002134:	e7f7      	b.n	10002126 <last0+0x4a>

10002136 <y64_x48>:
10002136:	b5f0      	push	{r4, r5, r6, r7, lr}
10002138:	0c1c      	lsrs	r4, r3, #16
1000213a:	d000      	beq.n	1000213e <y64_x48+0x8>
1000213c:	e080      	b.n	10002240 <y64_x64>
1000213e:	b40c      	push	{r2, r3}
10002140:	2500      	movs	r5, #0
10002142:	0a1c      	lsrs	r4, r3, #8
10002144:	d104      	bne.n	10002150 <y64_x48+0x1a>
10002146:	021b      	lsls	r3, r3, #8
10002148:	0e16      	lsrs	r6, r2, #24
1000214a:	4333      	orrs	r3, r6
1000214c:	0212      	lsls	r2, r2, #8
1000214e:	3508      	adds	r5, #8
10002150:	0b1c      	lsrs	r4, r3, #12
10002152:	d104      	bne.n	1000215e <y64_x48+0x28>
10002154:	011b      	lsls	r3, r3, #4
10002156:	0f16      	lsrs	r6, r2, #28
10002158:	4333      	orrs	r3, r6
1000215a:	0112      	lsls	r2, r2, #4
1000215c:	3504      	adds	r5, #4
1000215e:	0b9c      	lsrs	r4, r3, #14
10002160:	d104      	bne.n	1000216c <y64_x48+0x36>
10002162:	009b      	lsls	r3, r3, #2
10002164:	0f96      	lsrs	r6, r2, #30
10002166:	4333      	orrs	r3, r6
10002168:	0092      	lsls	r2, r2, #2
1000216a:	3502      	adds	r5, #2
1000216c:	0bdc      	lsrs	r4, r3, #15
1000216e:	d102      	bne.n	10002176 <y64_x48+0x40>
10002170:	1892      	adds	r2, r2, r2
10002172:	415b      	adcs	r3, r3
10002174:	3501      	adds	r5, #1
10002176:	001c      	movs	r4, r3
10002178:	1897      	adds	r7, r2, r2
1000217a:	4164      	adcs	r4, r4
1000217c:	3401      	adds	r4, #1
1000217e:	4f46      	ldr	r7, [pc, #280]	@ (10002298 <y64_x64+0x58>)
10002180:	667c      	str	r4, [r7, #100]	@ 0x64
10002182:	4c46      	ldr	r4, [pc, #280]	@ (1000229c <y64_x64+0x5c>)
10002184:	663c      	str	r4, [r7, #96]	@ 0x60
10002186:	0c0e      	lsrs	r6, r1, #16
10002188:	e7ff      	b.n	1000218a <y64_x48+0x54>
1000218a:	e7ff      	b.n	1000218c <y64_x48+0x56>
1000218c:	e7ff      	b.n	1000218e <y64_x48+0x58>
1000218e:	46c0      	nop			@ (mov r8, r8)
10002190:	6f3c      	ldr	r4, [r7, #112]	@ 0x70
10002192:	4366      	muls	r6, r4
10002194:	0c36      	lsrs	r6, r6, #16
10002196:	0377      	lsls	r7, r6, #13
10002198:	46be      	mov	lr, r7
1000219a:	b297      	uxth	r7, r2
1000219c:	4377      	muls	r7, r6
1000219e:	1bc0      	subs	r0, r0, r7
100021a0:	d200      	bcs.n	100021a4 <y64_x48+0x6e>
100021a2:	3901      	subs	r1, #1
100021a4:	1bc0      	subs	r0, r0, r7
100021a6:	d200      	bcs.n	100021aa <y64_x48+0x74>
100021a8:	3901      	subs	r1, #1
100021aa:	b29f      	uxth	r7, r3
100021ac:	4377      	muls	r7, r6
100021ae:	1bc9      	subs	r1, r1, r7
100021b0:	1bc9      	subs	r1, r1, r7
100021b2:	0c17      	lsrs	r7, r2, #16
100021b4:	4377      	muls	r7, r6
100021b6:	047e      	lsls	r6, r7, #17
100021b8:	0bff      	lsrs	r7, r7, #15
100021ba:	1b80      	subs	r0, r0, r6
100021bc:	41b9      	sbcs	r1, r7
100021be:	08ce      	lsrs	r6, r1, #3
100021c0:	4366      	muls	r6, r4
100021c2:	0c36      	lsrs	r6, r6, #16
100021c4:	2d0c      	cmp	r5, #12
100021c6:	db33      	blt.n	10002230 <last1>
100021c8:	44b6      	add	lr, r6
100021ca:	0b12      	lsrs	r2, r2, #12
100021cc:	051f      	lsls	r7, r3, #20
100021ce:	433a      	orrs	r2, r7
100021d0:	0b1b      	lsrs	r3, r3, #12
100021d2:	b297      	uxth	r7, r2
100021d4:	4377      	muls	r7, r6
100021d6:	1bc0      	subs	r0, r0, r7
100021d8:	d200      	bcs.n	100021dc <y64_x48+0xa6>
100021da:	3901      	subs	r1, #1
100021dc:	b29f      	uxth	r7, r3
100021de:	4377      	muls	r7, r6
100021e0:	1bc9      	subs	r1, r1, r7
100021e2:	0c17      	lsrs	r7, r2, #16
100021e4:	4377      	muls	r7, r6
100021e6:	043e      	lsls	r6, r7, #16
100021e8:	0c3f      	lsrs	r7, r7, #16
100021ea:	1b80      	subs	r0, r0, r6
100021ec:	41b9      	sbcs	r1, r7
100021ee:	0d86      	lsrs	r6, r0, #22
100021f0:	028f      	lsls	r7, r1, #10
100021f2:	433e      	orrs	r6, r7
100021f4:	4366      	muls	r6, r4
100021f6:	2729      	movs	r7, #41	@ 0x29
100021f8:	1b7f      	subs	r7, r7, r5
100021fa:	40fe      	lsrs	r6, r7
100021fc:	3d0c      	subs	r5, #12
100021fe:	4677      	mov	r7, lr
10002200:	40af      	lsls	r7, r5
10002202:	19bf      	adds	r7, r7, r6
10002204:	bc30      	pop	{r4, r5}
10002206:	b2a2      	uxth	r2, r4
10002208:	b2ab      	uxth	r3, r5
1000220a:	4372      	muls	r2, r6
1000220c:	4373      	muls	r3, r6
1000220e:	1a80      	subs	r0, r0, r2
10002210:	4199      	sbcs	r1, r3
10002212:	0c22      	lsrs	r2, r4, #16
10002214:	4372      	muls	r2, r6
10002216:	0c13      	lsrs	r3, r2, #16
10002218:	0412      	lsls	r2, r2, #16
1000221a:	1a80      	subs	r0, r0, r2
1000221c:	4199      	sbcs	r1, r3
1000221e:	0002      	movs	r2, r0
10002220:	000b      	movs	r3, r1
10002222:	3701      	adds	r7, #1
10002224:	1b00      	subs	r0, r0, r4
10002226:	41a9      	sbcs	r1, r5
10002228:	d2f9      	bcs.n	1000221e <y64_x48+0xe8>
1000222a:	1e78      	subs	r0, r7, #1
1000222c:	2100      	movs	r1, #0
1000222e:	bdf0      	pop	{r4, r5, r6, r7, pc}

10002230 <last1>:
10002230:	270c      	movs	r7, #12
10002232:	1b7f      	subs	r7, r7, r5
10002234:	40fe      	lsrs	r6, r7
10002236:	4677      	mov	r7, lr
10002238:	0b7f      	lsrs	r7, r7, #13
1000223a:	40af      	lsls	r7, r5
1000223c:	19ff      	adds	r7, r7, r7
1000223e:	e7e0      	b.n	10002202 <y64_x48+0xcc>

10002240 <y64_x64>:
10002240:	2400      	movs	r4, #0
10002242:	1c5d      	adds	r5, r3, #1
10002244:	d007      	beq.n	10002256 <y64_x64+0x16>
10002246:	4f14      	ldr	r7, [pc, #80]	@ (10002298 <y64_x64+0x58>)
10002248:	667d      	str	r5, [r7, #100]	@ 0x64
1000224a:	6639      	str	r1, [r7, #96]	@ 0x60
1000224c:	e7ff      	b.n	1000224e <y64_x64+0xe>
1000224e:	e7ff      	b.n	10002250 <y64_x64+0x10>
10002250:	e7ff      	b.n	10002252 <y64_x64+0x12>
10002252:	e7ff      	b.n	10002254 <y64_x64+0x14>
10002254:	6f3c      	ldr	r4, [r7, #112]	@ 0x70
10002256:	b295      	uxth	r5, r2
10002258:	b29e      	uxth	r6, r3
1000225a:	4365      	muls	r5, r4
1000225c:	4366      	muls	r6, r4
1000225e:	1b40      	subs	r0, r0, r5
10002260:	41b1      	sbcs	r1, r6
10002262:	0c15      	lsrs	r5, r2, #16
10002264:	0c1e      	lsrs	r6, r3, #16
10002266:	4365      	muls	r5, r4
10002268:	4366      	muls	r6, r4
1000226a:	0436      	lsls	r6, r6, #16
1000226c:	0c2f      	lsrs	r7, r5, #16
1000226e:	433e      	orrs	r6, r7
10002270:	042d      	lsls	r5, r5, #16
10002272:	1b40      	subs	r0, r0, r5
10002274:	41b1      	sbcs	r1, r6
10002276:	4299      	cmp	r1, r3
10002278:	d204      	bcs.n	10002284 <y64_x64+0x44>
1000227a:	0002      	movs	r2, r0
1000227c:	000b      	movs	r3, r1
1000227e:	0020      	movs	r0, r4
10002280:	2100      	movs	r1, #0
10002282:	bdf0      	pop	{r4, r5, r6, r7, pc}
10002284:	d101      	bne.n	1000228a <y64_x64+0x4a>
10002286:	4290      	cmp	r0, r2
10002288:	d3f7      	bcc.n	1000227a <y64_x64+0x3a>
1000228a:	1a80      	subs	r0, r0, r2
1000228c:	4199      	sbcs	r1, r3
1000228e:	3401      	adds	r4, #1
10002290:	4299      	cmp	r1, r3
10002292:	d3f2      	bcc.n	1000227a <y64_x64+0x3a>
10002294:	e7f6      	b.n	10002284 <y64_x64+0x44>
10002296:	0000      	.short	0x0000
10002298:	d0000000 	.word	0xd0000000
1000229c:	ffffffff 	.word	0xffffffff

100022a0 <__wrap___aeabi_drsub>:
100022a0:	4048      	eors	r0, r1
100022a2:	4041      	eors	r1, r0
100022a4:	4048      	eors	r0, r1

100022a6 <__wrap___aeabi_dsub>:
100022a6:	b418      	push	{r3, r4}
100022a8:	4b13      	ldr	r3, [pc, #76]	@ (100022f8 <__wrap___aeabi_dmul+0xa>)
100022aa:	685b      	ldr	r3, [r3, #4]
100022ac:	9301      	str	r3, [sp, #4]
100022ae:	bd08      	pop	{r3, pc}

100022b0 <__wrap___aeabi_dadd>:
100022b0:	b418      	push	{r3, r4}
100022b2:	4b11      	ldr	r3, [pc, #68]	@ (100022f8 <__wrap___aeabi_dmul+0xa>)
100022b4:	681b      	ldr	r3, [r3, #0]
100022b6:	9301      	str	r3, [sp, #4]
100022b8:	bd08      	pop	{r3, pc}

100022ba <__wrap___aeabi_ddiv>:
100022ba:	4694      	mov	ip, r2
100022bc:	4a0f      	ldr	r2, [pc, #60]	@ (100022fc <__wrap___aeabi_dmul+0xe>)
100022be:	6f92      	ldr	r2, [r2, #120]	@ 0x78
100022c0:	0892      	lsrs	r2, r2, #2
100022c2:	d205      	bcs.n	100022d0 <ddiv_save_state>
100022c4:	4662      	mov	r2, ip

100022c6 <ddiv_shim_call>:
100022c6:	b418      	push	{r3, r4}
100022c8:	4b0b      	ldr	r3, [pc, #44]	@ (100022f8 <__wrap___aeabi_dmul+0xa>)
100022ca:	68db      	ldr	r3, [r3, #12]
100022cc:	9301      	str	r3, [sp, #4]
100022ce:	bd08      	pop	{r3, pc}

100022d0 <ddiv_save_state>:
100022d0:	4a0a      	ldr	r2, [pc, #40]	@ (100022fc <__wrap___aeabi_dmul+0xe>)
100022d2:	b5f0      	push	{r4, r5, r6, r7, lr}
100022d4:	6e14      	ldr	r4, [r2, #96]	@ 0x60
100022d6:	6e55      	ldr	r5, [r2, #100]	@ 0x64
100022d8:	6f57      	ldr	r7, [r2, #116]	@ 0x74
100022da:	6f16      	ldr	r6, [r2, #112]	@ 0x70
100022dc:	4662      	mov	r2, ip
100022de:	f7ff fff2 	bl	100022c6 <ddiv_shim_call>
100022e2:	4a06      	ldr	r2, [pc, #24]	@ (100022fc <__wrap___aeabi_dmul+0xe>)
100022e4:	6614      	str	r4, [r2, #96]	@ 0x60
100022e6:	6655      	str	r5, [r2, #100]	@ 0x64
100022e8:	6757      	str	r7, [r2, #116]	@ 0x74
100022ea:	6716      	str	r6, [r2, #112]	@ 0x70
100022ec:	bdf0      	pop	{r4, r5, r6, r7, pc}

100022ee <__wrap___aeabi_dmul>:
100022ee:	b418      	push	{r3, r4}
100022f0:	4b01      	ldr	r3, [pc, #4]	@ (100022f8 <__wrap___aeabi_dmul+0xa>)
100022f2:	689b      	ldr	r3, [r3, #8]
100022f4:	9301      	str	r3, [sp, #4]
100022f6:	bd08      	pop	{r3, pc}
100022f8:	20001438 	.word	0x20001438
100022fc:	d0000000 	.word	0xd0000000

10002300 <__wrap___aeabi_cdrcmple>:
10002300:	b5ff      	push	{r0, r1, r2, r3, r4, r5, r6, r7, lr}
10002302:	4050      	eors	r0, r2
10002304:	4042      	eors	r2, r0
10002306:	4050      	eors	r0, r2
10002308:	4059      	eors	r1, r3
1000230a:	404b      	eors	r3, r1
1000230c:	4059      	eors	r1, r3
1000230e:	e000      	b.n	10002312 <__aeabi_dfcmple_guts>

10002310 <__wrap___aeabi_cdcmpeq>:
10002310:	b5ff      	push	{r0, r1, r2, r3, r4, r5, r6, r7, lr}

10002312 <__aeabi_dfcmple_guts>:
10002312:	4f15      	ldr	r7, [pc, #84]	@ (10002368 <__aeabi_dfcmple_guts+0x56>)
10002314:	004c      	lsls	r4, r1, #1
10002316:	0d64      	lsrs	r4, r4, #21
10002318:	d003      	beq.n	10002322 <__aeabi_dfcmple_guts+0x10>
1000231a:	42bc      	cmp	r4, r7
1000231c:	d104      	bne.n	10002328 <__aeabi_dfcmple_guts+0x16>
1000231e:	030c      	lsls	r4, r1, #12
10002320:	d814      	bhi.n	1000234c <__aeabi_dfcmple_guts+0x3a>
10002322:	2000      	movs	r0, #0
10002324:	0d09      	lsrs	r1, r1, #20
10002326:	0509      	lsls	r1, r1, #20
10002328:	005c      	lsls	r4, r3, #1
1000232a:	0d64      	lsrs	r4, r4, #21
1000232c:	d003      	beq.n	10002336 <__aeabi_dfcmple_guts+0x24>
1000232e:	42bc      	cmp	r4, r7
10002330:	d104      	bne.n	1000233c <__aeabi_dfcmple_guts+0x2a>
10002332:	031c      	lsls	r4, r3, #12
10002334:	d80a      	bhi.n	1000234c <__aeabi_dfcmple_guts+0x3a>
10002336:	2200      	movs	r2, #0
10002338:	0d1b      	lsrs	r3, r3, #20
1000233a:	051b      	lsls	r3, r3, #20
1000233c:	2601      	movs	r6, #1
1000233e:	404b      	eors	r3, r1
10002340:	d409      	bmi.n	10002356 <__aeabi_dfcmple_guts+0x44>
10002342:	404b      	eors	r3, r1
10002344:	d503      	bpl.n	1000234e <__aeabi_dfcmple_guts+0x3c>
10002346:	428b      	cmp	r3, r1
10002348:	d100      	bne.n	1000234c <__aeabi_dfcmple_guts+0x3a>
1000234a:	4282      	cmp	r2, r0
1000234c:	bdff      	pop	{r0, r1, r2, r3, r4, r5, r6, r7, pc}
1000234e:	4299      	cmp	r1, r3
10002350:	d1fc      	bne.n	1000234c <__aeabi_dfcmple_guts+0x3a>
10002352:	4290      	cmp	r0, r2
10002354:	bdff      	pop	{r0, r1, r2, r3, r4, r5, r6, r7, pc}
10002356:	430b      	orrs	r3, r1
10002358:	18db      	adds	r3, r3, r3
1000235a:	4303      	orrs	r3, r0
1000235c:	4313      	orrs	r3, r2
1000235e:	d0f5      	beq.n	1000234c <__aeabi_dfcmple_guts+0x3a>
10002360:	43c9      	mvns	r1, r1
10002362:	1849      	adds	r1, r1, r1
10002364:	bdff      	pop	{r0, r1, r2, r3, r4, r5, r6, r7, pc}
10002366:	0000      	.short	0x0000
10002368:	000007ff 	.word	0x000007ff

1000236c <__wrap___aeabi_dcmplt>:
1000236c:	b500      	push	{lr}
1000236e:	f7ff ffcf 	bl	10002310 <__wrap___aeabi_cdcmpeq>
10002372:	4180      	sbcs	r0, r0
10002374:	bd00      	pop	{pc}
10002376:	46c0      	nop			@ (mov r8, r8)

10002378 <__wrap___aeabi_dcmple>:
10002378:	b500      	push	{lr}
1000237a:	f7ff ffc9 	bl	10002310 <__wrap___aeabi_cdcmpeq>
1000237e:	d901      	bls.n	10002384 <__wrap___aeabi_dcmple+0xc>
10002380:	2000      	movs	r0, #0
10002382:	bd00      	pop	{pc}
10002384:	2001      	movs	r0, #1
10002386:	bd00      	pop	{pc}

10002388 <__wrap___aeabi_dcmpge>:
10002388:	b500      	push	{lr}
1000238a:	f7ff ffb9 	bl	10002300 <__wrap___aeabi_cdrcmple>
1000238e:	d901      	bls.n	10002394 <__wrap___aeabi_dcmpge+0xc>
10002390:	2000      	movs	r0, #0
10002392:	bd00      	pop	{pc}
10002394:	2001      	movs	r0, #1
10002396:	bd00      	pop	{pc}

10002398 <__wrap___aeabi_dcmpgt>:
10002398:	b500      	push	{lr}
1000239a:	f7ff ffb1 	bl	10002300 <__wrap___aeabi_cdrcmple>
1000239e:	4180      	sbcs	r0, r0
100023a0:	bd00      	pop	{pc}

100023a2 <__wrap___aeabi_dcmpun>:
100023a2:	2001      	movs	r0, #1
100023a4:	0540      	lsls	r0, r0, #21
100023a6:	004a      	lsls	r2, r1, #1
100023a8:	1812      	adds	r2, r2, r0
100023aa:	d804      	bhi.n	100023b6 <__wrap___aeabi_dcmpun+0x14>
100023ac:	005a      	lsls	r2, r3, #1
100023ae:	1812      	adds	r2, r2, r0
100023b0:	d801      	bhi.n	100023b6 <__wrap___aeabi_dcmpun+0x14>
100023b2:	2000      	movs	r0, #0
100023b4:	4770      	bx	lr
100023b6:	2001      	movs	r0, #1
100023b8:	4770      	bx	lr
	...

100023bc <__wrap___aeabi_ui2d>:
100023bc:	2100      	movs	r1, #0
100023be:	2800      	cmp	r0, #0
100023c0:	d105      	bne.n	100023ce <__wrap___aeabi_i2d+0xa>
100023c2:	4770      	bx	lr

100023c4 <__wrap___aeabi_i2d>:
100023c4:	17c1      	asrs	r1, r0, #31
100023c6:	4048      	eors	r0, r1
100023c8:	1a40      	subs	r0, r0, r1
100023ca:	d0fa      	beq.n	100023c2 <__wrap___aeabi_ui2d+0x6>
100023cc:	07c9      	lsls	r1, r1, #31
100023ce:	b513      	push	{r0, r1, r4, lr}
100023d0:	4b06      	ldr	r3, [pc, #24]	@ (100023ec <__wrap___aeabi_i2d+0x28>)
100023d2:	681b      	ldr	r3, [r3, #0]
100023d4:	4798      	blx	r3
100023d6:	bc0c      	pop	{r2, r3}
100023d8:	1c44      	adds	r4, r0, #1
100023da:	40a2      	lsls	r2, r4
100023dc:	0510      	lsls	r0, r2, #20
100023de:	0b12      	lsrs	r2, r2, #12
100023e0:	4903      	ldr	r1, [pc, #12]	@ (100023f0 <__wrap___aeabi_i2d+0x2c>)
100023e2:	1b09      	subs	r1, r1, r4
100023e4:	0509      	lsls	r1, r1, #20
100023e6:	4319      	orrs	r1, r3
100023e8:	4311      	orrs	r1, r2
100023ea:	bd10      	pop	{r4, pc}
100023ec:	20002b40 	.word	0x20002b40
100023f0:	0000041f 	.word	0x0000041f

100023f4 <__wrap___aeabi_d2iz>:
100023f4:	b510      	push	{r4, lr}
100023f6:	004c      	lsls	r4, r1, #1
100023f8:	0d62      	lsrs	r2, r4, #21
100023fa:	2380      	movs	r3, #128	@ 0x80
100023fc:	18d2      	adds	r2, r2, r3
100023fe:	00db      	lsls	r3, r3, #3
10002400:	1ad2      	subs	r2, r2, r3
10002402:	055b      	lsls	r3, r3, #21
10002404:	2a7e      	cmp	r2, #126	@ 0x7e
10002406:	dd10      	ble.n	1000242a <__wrap___aeabi_d2iz+0x36>
10002408:	3a9e      	subs	r2, #158	@ 0x9e
1000240a:	da13      	bge.n	10002434 <__wrap___aeabi_d2iz+0x40>
1000240c:	17cc      	asrs	r4, r1, #31
1000240e:	0309      	lsls	r1, r1, #12
10002410:	0849      	lsrs	r1, r1, #1
10002412:	4319      	orrs	r1, r3
10002414:	4252      	negs	r2, r2
10002416:	40d1      	lsrs	r1, r2
10002418:	0064      	lsls	r4, r4, #1
1000241a:	3401      	adds	r4, #1
1000241c:	3215      	adds	r2, #21
1000241e:	2a20      	cmp	r2, #32
10002420:	da05      	bge.n	1000242e <__wrap___aeabi_d2iz+0x3a>
10002422:	40d0      	lsrs	r0, r2
10002424:	4308      	orrs	r0, r1
10002426:	4360      	muls	r0, r4
10002428:	bd10      	pop	{r4, pc}
1000242a:	2000      	movs	r0, #0
1000242c:	bd10      	pop	{r4, pc}
1000242e:	4608      	mov	r0, r1
10002430:	4360      	muls	r0, r4
10002432:	bd10      	pop	{r4, pc}
10002434:	0fc8      	lsrs	r0, r1, #31
10002436:	18c0      	adds	r0, r0, r3
10002438:	3801      	subs	r0, #1
1000243a:	bd10      	pop	{r4, pc}

1000243c <__wrap___aeabi_d2uiz>:
1000243c:	b418      	push	{r3, r4}
1000243e:	4b02      	ldr	r3, [pc, #8]	@ (10002448 <__wrap___aeabi_d2uiz+0xc>)
10002440:	6a5b      	ldr	r3, [r3, #36]	@ 0x24
10002442:	9301      	str	r3, [sp, #4]
10002444:	bd08      	pop	{r3, pc}
10002446:	0000      	.short	0x0000
10002448:	20001438 	.word	0x20001438

1000244c <missing_double_func_shim>:
1000244c:	b510      	push	{r4, lr}
1000244e:	4801      	ldr	r0, [pc, #4]	@ (10002454 <missing_double_func_shim+0x8>)
10002450:	f7fe f8cc 	bl	100005ec <panic>
10002454:	1000aa28 	.word	0x1000aa28

10002458 <__aeabi_double_init>:
10002458:	2313      	movs	r3, #19
1000245a:	b570      	push	{r4, r5, r6, lr}
1000245c:	781d      	ldrb	r5, [r3, #0]
1000245e:	2d01      	cmp	r5, #1
10002460:	d019      	beq.n	10002496 <__aeabi_double_init+0x3e>
10002462:	dd14      	ble.n	1000248e <__aeabi_double_init+0x36>
10002464:	481d      	ldr	r0, [pc, #116]	@ (100024dc <__aeabi_double_init+0x84>)
10002466:	f7ff fb39 	bl	10001adc <rom_data_lookup>
1000246a:	0006      	movs	r6, r0
1000246c:	481c      	ldr	r0, [pc, #112]	@ (100024e0 <__aeabi_double_init+0x88>)
1000246e:	f7ff fb35 	bl	10001adc <rom_data_lookup>
10002472:	4c1c      	ldr	r4, [pc, #112]	@ (100024e4 <__aeabi_double_init+0x8c>)
10002474:	2280      	movs	r2, #128	@ 0x80
10002476:	0031      	movs	r1, r6
10002478:	0020      	movs	r0, r4
1000247a:	f000 f8af 	bl	100025dc <__wrap___aeabi_memcpy>
1000247e:	2d02      	cmp	r5, #2
10002480:	d006      	beq.n	10002490 <__aeabi_double_init+0x38>
10002482:	4819      	ldr	r0, [pc, #100]	@ (100024e8 <__aeabi_double_init+0x90>)
10002484:	f7ff fb22 	bl	10001acc <rom_func_lookup>
10002488:	4b18      	ldr	r3, [pc, #96]	@ (100024ec <__aeabi_double_init+0x94>)
1000248a:	6018      	str	r0, [r3, #0]
1000248c:	bd70      	pop	{r4, r5, r6, pc}
1000248e:	4c15      	ldr	r4, [pc, #84]	@ (100024e4 <__aeabi_double_init+0x8c>)
10002490:	4b17      	ldr	r3, [pc, #92]	@ (100024f0 <__aeabi_double_init+0x98>)
10002492:	64a3      	str	r3, [r4, #72]	@ 0x48
10002494:	e7f5      	b.n	10002482 <__aeabi_double_init+0x2a>
10002496:	4b17      	ldr	r3, [pc, #92]	@ (100024f4 <__aeabi_double_init+0x9c>)
10002498:	4c12      	ldr	r4, [pc, #72]	@ (100024e4 <__aeabi_double_init+0x8c>)
1000249a:	6023      	str	r3, [r4, #0]
1000249c:	6063      	str	r3, [r4, #4]
1000249e:	60a3      	str	r3, [r4, #8]
100024a0:	60e3      	str	r3, [r4, #12]
100024a2:	6123      	str	r3, [r4, #16]
100024a4:	6163      	str	r3, [r4, #20]
100024a6:	61a3      	str	r3, [r4, #24]
100024a8:	61e3      	str	r3, [r4, #28]
100024aa:	6223      	str	r3, [r4, #32]
100024ac:	6263      	str	r3, [r4, #36]	@ 0x24
100024ae:	62a3      	str	r3, [r4, #40]	@ 0x28
100024b0:	62e3      	str	r3, [r4, #44]	@ 0x2c
100024b2:	6323      	str	r3, [r4, #48]	@ 0x30
100024b4:	6363      	str	r3, [r4, #52]	@ 0x34
100024b6:	63a3      	str	r3, [r4, #56]	@ 0x38
100024b8:	63e3      	str	r3, [r4, #60]	@ 0x3c
100024ba:	6423      	str	r3, [r4, #64]	@ 0x40
100024bc:	6463      	str	r3, [r4, #68]	@ 0x44
100024be:	64a3      	str	r3, [r4, #72]	@ 0x48
100024c0:	64e3      	str	r3, [r4, #76]	@ 0x4c
100024c2:	6523      	str	r3, [r4, #80]	@ 0x50
100024c4:	6563      	str	r3, [r4, #84]	@ 0x54
100024c6:	65a3      	str	r3, [r4, #88]	@ 0x58
100024c8:	65e3      	str	r3, [r4, #92]	@ 0x5c
100024ca:	6623      	str	r3, [r4, #96]	@ 0x60
100024cc:	6663      	str	r3, [r4, #100]	@ 0x64
100024ce:	66a3      	str	r3, [r4, #104]	@ 0x68
100024d0:	66e3      	str	r3, [r4, #108]	@ 0x6c
100024d2:	6723      	str	r3, [r4, #112]	@ 0x70
100024d4:	6763      	str	r3, [r4, #116]	@ 0x74
100024d6:	67a3      	str	r3, [r4, #120]	@ 0x78
100024d8:	67e3      	str	r3, [r4, #124]	@ 0x7c
100024da:	e7d9      	b.n	10002490 <__aeabi_double_init+0x38>
100024dc:	00004453 	.word	0x00004453
100024e0:	00004653 	.word	0x00004653
100024e4:	20001438 	.word	0x20001438
100024e8:	0000334c 	.word	0x0000334c
100024ec:	20002b40 	.word	0x20002b40
100024f0:	100024f9 	.word	0x100024f9
100024f4:	1000244d 	.word	0x1000244d

100024f8 <double_table_shim_on_use_helper>:
100024f8:	b507      	push	{r0, r1, r2, lr}
100024fa:	4660      	mov	r0, ip
100024fc:	8801      	ldrh	r1, [r0, #0]
100024fe:	0a0a      	lsrs	r2, r1, #8
10002500:	3002      	adds	r0, #2
10002502:	2adf      	cmp	r2, #223	@ 0xdf
10002504:	d1fa      	bne.n	100024fc <double_table_shim_on_use_helper+0x4>
10002506:	b2c9      	uxtb	r1, r1
10002508:	0882      	lsrs	r2, r0, #2
1000250a:	d304      	bcc.n	10002516 <double_table_shim_on_use_helper+0x1e>
1000250c:	8802      	ldrh	r2, [r0, #0]
1000250e:	8840      	ldrh	r0, [r0, #2]
10002510:	0400      	lsls	r0, r0, #16
10002512:	4310      	orrs	r0, r2
10002514:	e000      	b.n	10002518 <double_table_shim_on_use_helper+0x20>
10002516:	6800      	ldr	r0, [r0, #0]
10002518:	4a01      	ldr	r2, [pc, #4]	@ (10002520 <double_table_shim_on_use_helper+0x28>)
1000251a:	5050      	str	r0, [r2, r1]
1000251c:	9003      	str	r0, [sp, #12]
1000251e:	bd07      	pop	{r0, r1, r2, pc}
10002520:	20001438 	.word	0x20001438

10002524 <__wrap___aeabi_lmul>:
10002524:	4351      	muls	r1, r2
10002526:	4343      	muls	r3, r0
10002528:	18c9      	adds	r1, r1, r3
1000252a:	468c      	mov	ip, r1
1000252c:	0c11      	lsrs	r1, r2, #16
1000252e:	b283      	uxth	r3, r0
10002530:	434b      	muls	r3, r1
10002532:	b410      	push	{r4}
10002534:	0c04      	lsrs	r4, r0, #16
10002536:	4361      	muls	r1, r4
10002538:	b292      	uxth	r2, r2
1000253a:	b280      	uxth	r0, r0
1000253c:	4350      	muls	r0, r2
1000253e:	4362      	muls	r2, r4
10002540:	041c      	lsls	r4, r3, #16
10002542:	0c1b      	lsrs	r3, r3, #16
10002544:	1900      	adds	r0, r0, r4
10002546:	bc10      	pop	{r4}
10002548:	4159      	adcs	r1, r3
1000254a:	0413      	lsls	r3, r2, #16
1000254c:	0c12      	lsrs	r2, r2, #16
1000254e:	18c0      	adds	r0, r0, r3
10002550:	4151      	adcs	r1, r2
10002552:	4461      	add	r1, ip
10002554:	4770      	bx	lr
	...

10002558 <missing_float_func_shim>:
10002558:	b510      	push	{r4, lr}
1000255a:	4801      	ldr	r0, [pc, #4]	@ (10002560 <missing_float_func_shim+0x8>)
1000255c:	f7fe f846 	bl	100005ec <panic>
10002560:	1000abc8 	.word	0x1000abc8

10002564 <__aeabi_float_init>:
10002564:	2313      	movs	r3, #19
10002566:	b510      	push	{r4, lr}
10002568:	4810      	ldr	r0, [pc, #64]	@ (100025ac <__aeabi_float_init+0x48>)
1000256a:	781c      	ldrb	r4, [r3, #0]
1000256c:	f7ff fab6 	bl	10001adc <rom_data_lookup>
10002570:	0001      	movs	r1, r0
10002572:	2c01      	cmp	r4, #1
10002574:	d00a      	beq.n	1000258c <__aeabi_float_init+0x28>
10002576:	dd03      	ble.n	10002580 <__aeabi_float_init+0x1c>
10002578:	2280      	movs	r2, #128	@ 0x80
1000257a:	480d      	ldr	r0, [pc, #52]	@ (100025b0 <__aeabi_float_init+0x4c>)
1000257c:	f000 f82e 	bl	100025dc <__wrap___aeabi_memcpy>
10002580:	480c      	ldr	r0, [pc, #48]	@ (100025b4 <__aeabi_float_init+0x50>)
10002582:	f7ff faa3 	bl	10001acc <rom_func_lookup>
10002586:	4b0c      	ldr	r3, [pc, #48]	@ (100025b8 <__aeabi_float_init+0x54>)
10002588:	6018      	str	r0, [r3, #0]
1000258a:	bd10      	pop	{r4, pc}
1000258c:	4c08      	ldr	r4, [pc, #32]	@ (100025b0 <__aeabi_float_init+0x4c>)
1000258e:	2254      	movs	r2, #84	@ 0x54
10002590:	0020      	movs	r0, r4
10002592:	f000 f823 	bl	100025dc <__wrap___aeabi_memcpy>
10002596:	0022      	movs	r2, r4
10002598:	4908      	ldr	r1, [pc, #32]	@ (100025bc <__aeabi_float_init+0x58>)
1000259a:	3280      	adds	r2, #128	@ 0x80
1000259c:	6823      	ldr	r3, [r4, #0]
1000259e:	2b00      	cmp	r3, #0
100025a0:	d100      	bne.n	100025a4 <__aeabi_float_init+0x40>
100025a2:	6021      	str	r1, [r4, #0]
100025a4:	3404      	adds	r4, #4
100025a6:	4294      	cmp	r4, r2
100025a8:	d1f8      	bne.n	1000259c <__aeabi_float_init+0x38>
100025aa:	e7e9      	b.n	10002580 <__aeabi_float_init+0x1c>
100025ac:	00004653 	.word	0x00004653
100025b0:	20002b44 	.word	0x20002b44
100025b4:	0000334c 	.word	0x0000334c
100025b8:	20002b40 	.word	0x20002b40
100025bc:	10002559 	.word	0x10002559

100025c0 <__aeabi_mem_init>:
100025c0:	4801      	ldr	r0, [pc, #4]	@ (100025c8 <__aeabi_mem_init+0x8>)
100025c2:	2104      	movs	r1, #4
100025c4:	4b01      	ldr	r3, [pc, #4]	@ (100025cc <__aeabi_mem_init+0xc>)
100025c6:	4718      	bx	r3
100025c8:	200011f0 	.word	0x200011f0
100025cc:	10001aed 	.word	0x10001aed

100025d0 <__wrap_memset>:
100025d0:	4b01      	ldr	r3, [pc, #4]	@ (100025d8 <__wrap_memset+0x8>)
100025d2:	681b      	ldr	r3, [r3, #0]
100025d4:	4718      	bx	r3
100025d6:	0000      	.short	0x0000
100025d8:	200011f0 	.word	0x200011f0

100025dc <__wrap___aeabi_memcpy>:
100025dc:	4b01      	ldr	r3, [pc, #4]	@ (100025e4 <__wrap___aeabi_memcpy+0x8>)
100025de:	685b      	ldr	r3, [r3, #4]
100025e0:	4718      	bx	r3
100025e2:	0000      	.short	0x0000
100025e4:	200011f0 	.word	0x200011f0

100025e8 <_out_null>:
100025e8:	4770      	bx	lr
100025ea:	46c0      	nop			@ (mov r8, r8)

100025ec <_out_rev>:
100025ec:	b5f8      	push	{r3, r4, r5, r6, r7, lr}
100025ee:	4657      	mov	r7, sl
100025f0:	46de      	mov	lr, fp
100025f2:	464e      	mov	r6, r9
100025f4:	4645      	mov	r5, r8
100025f6:	b5e0      	push	{r5, r6, r7, lr}
100025f8:	4699      	mov	r9, r3
100025fa:	9b0a      	ldr	r3, [sp, #40]	@ 0x28
100025fc:	0007      	movs	r7, r0
100025fe:	469a      	mov	sl, r3
10002600:	9b0d      	ldr	r3, [sp, #52]	@ 0x34
10002602:	4688      	mov	r8, r1
10002604:	4693      	mov	fp, r2
10002606:	9c0b      	ldr	r4, [sp, #44]	@ 0x2c
10002608:	079b      	lsls	r3, r3, #30
1000260a:	d13b      	bne.n	10002684 <_out_rev+0x98>
1000260c:	9b0c      	ldr	r3, [sp, #48]	@ 0x30
1000260e:	429c      	cmp	r4, r3
10002610:	d23d      	bcs.n	1000268e <_out_rev+0xa2>
10002612:	1b1e      	subs	r6, r3, r4
10002614:	940b      	str	r4, [sp, #44]	@ 0x2c
10002616:	0015      	movs	r5, r2
10002618:	000c      	movs	r4, r1
1000261a:	445e      	add	r6, fp
1000261c:	002a      	movs	r2, r5
1000261e:	464b      	mov	r3, r9
10002620:	3501      	adds	r5, #1
10002622:	0021      	movs	r1, r4
10002624:	2020      	movs	r0, #32
10002626:	47b8      	blx	r7
10002628:	42b5      	cmp	r5, r6
1000262a:	d1f7      	bne.n	1000261c <_out_rev+0x30>
1000262c:	46a0      	mov	r8, r4
1000262e:	9c0b      	ldr	r4, [sp, #44]	@ 0x2c
10002630:	2c00      	cmp	r4, #0
10002632:	d020      	beq.n	10002676 <_out_rev+0x8a>
10002634:	4645      	mov	r5, r8
10002636:	1936      	adds	r6, r6, r4
10002638:	4653      	mov	r3, sl
1000263a:	1b32      	subs	r2, r6, r4
1000263c:	3c01      	subs	r4, #1
1000263e:	5d18      	ldrb	r0, [r3, r4]
10002640:	0029      	movs	r1, r5
10002642:	464b      	mov	r3, r9
10002644:	47b8      	blx	r7
10002646:	2c00      	cmp	r4, #0
10002648:	d1f6      	bne.n	10002638 <_out_rev+0x4c>
1000264a:	002b      	movs	r3, r5
1000264c:	0035      	movs	r5, r6
1000264e:	4698      	mov	r8, r3
10002650:	9b0d      	ldr	r3, [sp, #52]	@ 0x34
10002652:	079b      	lsls	r3, r3, #30
10002654:	d50f      	bpl.n	10002676 <_out_rev+0x8a>
10002656:	465b      	mov	r3, fp
10002658:	1aec      	subs	r4, r5, r3
1000265a:	9b0c      	ldr	r3, [sp, #48]	@ 0x30
1000265c:	42a3      	cmp	r3, r4
1000265e:	d90a      	bls.n	10002676 <_out_rev+0x8a>
10002660:	4646      	mov	r6, r8
10002662:	4698      	mov	r8, r3
10002664:	002a      	movs	r2, r5
10002666:	464b      	mov	r3, r9
10002668:	0031      	movs	r1, r6
1000266a:	2020      	movs	r0, #32
1000266c:	3401      	adds	r4, #1
1000266e:	47b8      	blx	r7
10002670:	3501      	adds	r5, #1
10002672:	4544      	cmp	r4, r8
10002674:	d3f6      	bcc.n	10002664 <_out_rev+0x78>
10002676:	0028      	movs	r0, r5
10002678:	bcf0      	pop	{r4, r5, r6, r7}
1000267a:	46bb      	mov	fp, r7
1000267c:	46b2      	mov	sl, r6
1000267e:	46a9      	mov	r9, r5
10002680:	46a0      	mov	r8, r4
10002682:	bdf8      	pop	{r3, r4, r5, r6, r7, pc}
10002684:	0016      	movs	r6, r2
10002686:	0015      	movs	r5, r2
10002688:	2c00      	cmp	r4, #0
1000268a:	d1d3      	bne.n	10002634 <_out_rev+0x48>
1000268c:	e7e0      	b.n	10002650 <_out_rev+0x64>
1000268e:	0016      	movs	r6, r2
10002690:	0015      	movs	r5, r2
10002692:	2c00      	cmp	r4, #0
10002694:	d1ce      	bne.n	10002634 <_out_rev+0x48>
10002696:	e7ee      	b.n	10002676 <_out_rev+0x8a>

10002698 <_ntoa_format>:
10002698:	b5f0      	push	{r4, r5, r6, r7, lr}
1000269a:	4645      	mov	r5, r8
1000269c:	46de      	mov	lr, fp
1000269e:	4657      	mov	r7, sl
100026a0:	464e      	mov	r6, r9
100026a2:	b5e0      	push	{r5, r6, r7, lr}
100026a4:	b085      	sub	sp, #20
100026a6:	469c      	mov	ip, r3
100026a8:	ab10      	add	r3, sp, #64	@ 0x40
100026aa:	781b      	ldrb	r3, [r3, #0]
100026ac:	9f14      	ldr	r7, [sp, #80]	@ 0x50
100026ae:	4693      	mov	fp, r2
100026b0:	4698      	mov	r8, r3
100026b2:	9c0f      	ldr	r4, [sp, #60]	@ 0x3c
100026b4:	9e12      	ldr	r6, [sp, #72]	@ 0x48
100026b6:	9d13      	ldr	r5, [sp, #76]	@ 0x4c
100026b8:	07bb      	lsls	r3, r7, #30
100026ba:	d44c      	bmi.n	10002756 <_ntoa_format+0xbe>
100026bc:	2d00      	cmp	r5, #0
100026be:	d142      	bne.n	10002746 <_ntoa_format+0xae>
100026c0:	42b4      	cmp	r4, r6
100026c2:	d248      	bcs.n	10002756 <_ntoa_format+0xbe>
100026c4:	2301      	movs	r3, #1
100026c6:	403b      	ands	r3, r7
100026c8:	4699      	mov	r9, r3
100026ca:	9b0e      	ldr	r3, [sp, #56]	@ 0x38
100026cc:	3b01      	subs	r3, #1
100026ce:	469a      	mov	sl, r3
100026d0:	2330      	movs	r3, #48	@ 0x30
100026d2:	e004      	b.n	100026de <_ntoa_format+0x46>
100026d4:	4652      	mov	r2, sl
100026d6:	3401      	adds	r4, #1
100026d8:	5513      	strb	r3, [r2, r4]
100026da:	42a6      	cmp	r6, r4
100026dc:	d901      	bls.n	100026e2 <_ntoa_format+0x4a>
100026de:	2c20      	cmp	r4, #32
100026e0:	d1f8      	bne.n	100026d4 <_ntoa_format+0x3c>
100026e2:	464b      	mov	r3, r9
100026e4:	2b00      	cmp	r3, #0
100026e6:	d100      	bne.n	100026ea <_ntoa_format+0x52>
100026e8:	e083      	b.n	100027f2 <_ntoa_format+0x15a>
100026ea:	9b0e      	ldr	r3, [sp, #56]	@ 0x38
100026ec:	3b01      	subs	r3, #1
100026ee:	4699      	mov	r9, r3
100026f0:	2330      	movs	r3, #48	@ 0x30
100026f2:	42a5      	cmp	r5, r4
100026f4:	d805      	bhi.n	10002702 <_ntoa_format+0x6a>
100026f6:	e02e      	b.n	10002756 <_ntoa_format+0xbe>
100026f8:	464a      	mov	r2, r9
100026fa:	3401      	adds	r4, #1
100026fc:	5513      	strb	r3, [r2, r4]
100026fe:	42ac      	cmp	r4, r5
10002700:	d029      	beq.n	10002756 <_ntoa_format+0xbe>
10002702:	2c20      	cmp	r4, #32
10002704:	d1f8      	bne.n	100026f8 <_ntoa_format+0x60>
10002706:	06fb      	lsls	r3, r7, #27
10002708:	d50c      	bpl.n	10002724 <_ntoa_format+0x8c>
1000270a:	057b      	lsls	r3, r7, #21
1000270c:	d454      	bmi.n	100027b8 <_ntoa_format+0x120>
1000270e:	42a6      	cmp	r6, r4
10002710:	d063      	beq.n	100027da <_ntoa_format+0x142>
10002712:	42a5      	cmp	r5, r4
10002714:	d061      	beq.n	100027da <_ntoa_format+0x142>
10002716:	9b11      	ldr	r3, [sp, #68]	@ 0x44
10002718:	2b10      	cmp	r3, #16
1000271a:	d050      	beq.n	100027be <_ntoa_format+0x126>
1000271c:	2b02      	cmp	r3, #2
1000271e:	d057      	beq.n	100027d0 <_ntoa_format+0x138>
10002720:	2c20      	cmp	r4, #32
10002722:	d132      	bne.n	1000278a <_ntoa_format+0xf2>
10002724:	2320      	movs	r3, #32
10002726:	9301      	str	r3, [sp, #4]
10002728:	9b0e      	ldr	r3, [sp, #56]	@ 0x38
1000272a:	465a      	mov	r2, fp
1000272c:	9300      	str	r3, [sp, #0]
1000272e:	9703      	str	r7, [sp, #12]
10002730:	4663      	mov	r3, ip
10002732:	9502      	str	r5, [sp, #8]
10002734:	f7ff ff5a 	bl	100025ec <_out_rev>
10002738:	b005      	add	sp, #20
1000273a:	bcf0      	pop	{r4, r5, r6, r7}
1000273c:	46bb      	mov	fp, r7
1000273e:	46b2      	mov	sl, r6
10002740:	46a9      	mov	r9, r5
10002742:	46a0      	mov	r8, r4
10002744:	bdf0      	pop	{r4, r5, r6, r7, pc}
10002746:	2301      	movs	r3, #1
10002748:	403b      	ands	r3, r7
1000274a:	4699      	mov	r9, r3
1000274c:	2301      	movs	r3, #1
1000274e:	423b      	tst	r3, r7
10002750:	d12a      	bne.n	100027a8 <_ntoa_format+0x110>
10002752:	42b4      	cmp	r4, r6
10002754:	d3b9      	bcc.n	100026ca <_ntoa_format+0x32>
10002756:	06fb      	lsls	r3, r7, #27
10002758:	d51c      	bpl.n	10002794 <_ntoa_format+0xfc>
1000275a:	057b      	lsls	r3, r7, #21
1000275c:	d4db      	bmi.n	10002716 <_ntoa_format+0x7e>
1000275e:	2c00      	cmp	r4, #0
10002760:	d1d5      	bne.n	1000270e <_ntoa_format+0x76>
10002762:	9b11      	ldr	r3, [sp, #68]	@ 0x44
10002764:	2b10      	cmp	r3, #16
10002766:	d05b      	beq.n	10002820 <_ntoa_format+0x188>
10002768:	9b11      	ldr	r3, [sp, #68]	@ 0x44
1000276a:	2b02      	cmp	r3, #2
1000276c:	d06b      	beq.n	10002846 <_ntoa_format+0x1ae>
1000276e:	2330      	movs	r3, #48	@ 0x30
10002770:	2401      	movs	r4, #1
10002772:	9a0e      	ldr	r2, [sp, #56]	@ 0x38
10002774:	7013      	strb	r3, [r2, #0]
10002776:	4643      	mov	r3, r8
10002778:	2b00      	cmp	r3, #0
1000277a:	d110      	bne.n	1000279e <_ntoa_format+0x106>
1000277c:	077b      	lsls	r3, r7, #29
1000277e:	d53e      	bpl.n	100027fe <_ntoa_format+0x166>
10002780:	262b      	movs	r6, #43	@ 0x2b
10002782:	9a0e      	ldr	r2, [sp, #56]	@ 0x38
10002784:	1c63      	adds	r3, r4, #1
10002786:	5516      	strb	r6, [r2, r4]
10002788:	e7cd      	b.n	10002726 <_ntoa_format+0x8e>
1000278a:	0023      	movs	r3, r4
1000278c:	3401      	adds	r4, #1
1000278e:	2630      	movs	r6, #48	@ 0x30
10002790:	9a0e      	ldr	r2, [sp, #56]	@ 0x38
10002792:	54d6      	strb	r6, [r2, r3]
10002794:	2c20      	cmp	r4, #32
10002796:	d0c5      	beq.n	10002724 <_ntoa_format+0x8c>
10002798:	4643      	mov	r3, r8
1000279a:	2b00      	cmp	r3, #0
1000279c:	d0ee      	beq.n	1000277c <_ntoa_format+0xe4>
1000279e:	262d      	movs	r6, #45	@ 0x2d
100027a0:	9a0e      	ldr	r2, [sp, #56]	@ 0x38
100027a2:	1c63      	adds	r3, r4, #1
100027a4:	5516      	strb	r6, [r2, r4]
100027a6:	e7be      	b.n	10002726 <_ntoa_format+0x8e>
100027a8:	4643      	mov	r3, r8
100027aa:	2b00      	cmp	r3, #0
100027ac:	d02f      	beq.n	1000280e <_ntoa_format+0x176>
100027ae:	3d01      	subs	r5, #1
100027b0:	42b4      	cmp	r4, r6
100027b2:	d200      	bcs.n	100027b6 <_ntoa_format+0x11e>
100027b4:	e789      	b.n	100026ca <_ntoa_format+0x32>
100027b6:	e798      	b.n	100026ea <_ntoa_format+0x52>
100027b8:	9b11      	ldr	r3, [sp, #68]	@ 0x44
100027ba:	2b10      	cmp	r3, #16
100027bc:	d1b2      	bne.n	10002724 <_ntoa_format+0x8c>
100027be:	06bb      	lsls	r3, r7, #26
100027c0:	d537      	bpl.n	10002832 <_ntoa_format+0x19a>
100027c2:	2c20      	cmp	r4, #32
100027c4:	d0ae      	beq.n	10002724 <_ntoa_format+0x8c>
100027c6:	2358      	movs	r3, #88	@ 0x58
100027c8:	9a0e      	ldr	r2, [sp, #56]	@ 0x38
100027ca:	5513      	strb	r3, [r2, r4]
100027cc:	3401      	adds	r4, #1
100027ce:	e7a7      	b.n	10002720 <_ntoa_format+0x88>
100027d0:	2c20      	cmp	r4, #32
100027d2:	d0a7      	beq.n	10002724 <_ntoa_format+0x8c>
100027d4:	0023      	movs	r3, r4
100027d6:	3401      	adds	r4, #1
100027d8:	e007      	b.n	100027ea <_ntoa_format+0x152>
100027da:	1e63      	subs	r3, r4, #1
100027dc:	2c01      	cmp	r4, #1
100027de:	d0c0      	beq.n	10002762 <_ntoa_format+0xca>
100027e0:	9a11      	ldr	r2, [sp, #68]	@ 0x44
100027e2:	2a10      	cmp	r2, #16
100027e4:	d031      	beq.n	1000284a <_ntoa_format+0x1b2>
100027e6:	2a02      	cmp	r2, #2
100027e8:	d1d1      	bne.n	1000278e <_ntoa_format+0xf6>
100027ea:	2662      	movs	r6, #98	@ 0x62
100027ec:	9a0e      	ldr	r2, [sp, #56]	@ 0x38
100027ee:	54d6      	strb	r6, [r2, r3]
100027f0:	e796      	b.n	10002720 <_ntoa_format+0x88>
100027f2:	06fb      	lsls	r3, r7, #27
100027f4:	d5ce      	bpl.n	10002794 <_ntoa_format+0xfc>
100027f6:	057b      	lsls	r3, r7, #21
100027f8:	d400      	bmi.n	100027fc <_ntoa_format+0x164>
100027fa:	e788      	b.n	1000270e <_ntoa_format+0x76>
100027fc:	e78b      	b.n	10002716 <_ntoa_format+0x7e>
100027fe:	0023      	movs	r3, r4
10002800:	073e      	lsls	r6, r7, #28
10002802:	d590      	bpl.n	10002726 <_ntoa_format+0x8e>
10002804:	2620      	movs	r6, #32
10002806:	9a0e      	ldr	r2, [sp, #56]	@ 0x38
10002808:	3301      	adds	r3, #1
1000280a:	5516      	strb	r6, [r2, r4]
1000280c:	e78b      	b.n	10002726 <_ntoa_format+0x8e>
1000280e:	230c      	movs	r3, #12
10002810:	403b      	ands	r3, r7
10002812:	1e5a      	subs	r2, r3, #1
10002814:	4193      	sbcs	r3, r2
10002816:	1aed      	subs	r5, r5, r3
10002818:	42b4      	cmp	r4, r6
1000281a:	d200      	bcs.n	1000281e <_ntoa_format+0x186>
1000281c:	e755      	b.n	100026ca <_ntoa_format+0x32>
1000281e:	e764      	b.n	100026ea <_ntoa_format+0x52>
10002820:	06bb      	lsls	r3, r7, #26
10002822:	d40e      	bmi.n	10002842 <_ntoa_format+0x1aa>
10002824:	2378      	movs	r3, #120	@ 0x78
10002826:	9a0e      	ldr	r2, [sp, #56]	@ 0x38
10002828:	2402      	movs	r4, #2
1000282a:	7013      	strb	r3, [r2, #0]
1000282c:	2330      	movs	r3, #48	@ 0x30
1000282e:	7053      	strb	r3, [r2, #1]
10002830:	e7a1      	b.n	10002776 <_ntoa_format+0xde>
10002832:	2c20      	cmp	r4, #32
10002834:	d100      	bne.n	10002838 <_ntoa_format+0x1a0>
10002836:	e775      	b.n	10002724 <_ntoa_format+0x8c>
10002838:	2378      	movs	r3, #120	@ 0x78
1000283a:	9a0e      	ldr	r2, [sp, #56]	@ 0x38
1000283c:	5513      	strb	r3, [r2, r4]
1000283e:	3401      	adds	r4, #1
10002840:	e76e      	b.n	10002720 <_ntoa_format+0x88>
10002842:	2358      	movs	r3, #88	@ 0x58
10002844:	e7ef      	b.n	10002826 <_ntoa_format+0x18e>
10002846:	3360      	adds	r3, #96	@ 0x60
10002848:	e7ed      	b.n	10002826 <_ntoa_format+0x18e>
1000284a:	9a0e      	ldr	r2, [sp, #56]	@ 0x38
1000284c:	1ea6      	subs	r6, r4, #2
1000284e:	4691      	mov	r9, r2
10002850:	444e      	add	r6, r9
10002852:	06ba      	lsls	r2, r7, #26
10002854:	d502      	bpl.n	1000285c <_ntoa_format+0x1c4>
10002856:	2258      	movs	r2, #88	@ 0x58
10002858:	7032      	strb	r2, [r6, #0]
1000285a:	e798      	b.n	1000278e <_ntoa_format+0xf6>
1000285c:	2278      	movs	r2, #120	@ 0x78
1000285e:	7032      	strb	r2, [r6, #0]
10002860:	e795      	b.n	1000278e <_ntoa_format+0xf6>
10002862:	46c0      	nop			@ (mov r8, r8)

10002864 <_out_char>:
10002864:	b510      	push	{r4, lr}
10002866:	2800      	cmp	r0, #0
10002868:	d100      	bne.n	1000286c <_out_char+0x8>
1000286a:	bd10      	pop	{r4, pc}
1000286c:	f001 fc7e 	bl	1000416c <__wrap_putchar>
10002870:	e7fb      	b.n	1000286a <_out_char+0x6>
10002872:	46c0      	nop			@ (mov r8, r8)

10002874 <_out_fct>:
10002874:	000b      	movs	r3, r1
10002876:	b510      	push	{r4, lr}
10002878:	2800      	cmp	r0, #0
1000287a:	d002      	beq.n	10002882 <_out_fct+0xe>
1000287c:	6849      	ldr	r1, [r1, #4]
1000287e:	681b      	ldr	r3, [r3, #0]
10002880:	4798      	blx	r3
10002882:	bd10      	pop	{r4, pc}

10002884 <_ftoa>:
10002884:	b5f0      	push	{r4, r5, r6, r7, lr}
10002886:	4657      	mov	r7, sl
10002888:	46de      	mov	lr, fp
1000288a:	464e      	mov	r6, r9
1000288c:	4645      	mov	r5, r8
1000288e:	b5e0      	push	{r5, r6, r7, lr}
10002890:	b095      	sub	sp, #84	@ 0x54
10002892:	4683      	mov	fp, r0
10002894:	000f      	movs	r7, r1
10002896:	4692      	mov	sl, r2
10002898:	4698      	mov	r8, r3
1000289a:	9a1e      	ldr	r2, [sp, #120]	@ 0x78
1000289c:	9b1f      	ldr	r3, [sp, #124]	@ 0x7c
1000289e:	0010      	movs	r0, r2
100028a0:	0019      	movs	r1, r3
100028a2:	9e20      	ldr	r6, [sp, #128]	@ 0x80
100028a4:	f7ff fd7d 	bl	100023a2 <__wrap___aeabi_dcmpun>
100028a8:	2800      	cmp	r0, #0
100028aa:	d000      	beq.n	100028ae <_ftoa+0x2a>
100028ac:	e1ea      	b.n	10002c84 <_ftoa+0x400>
100028ae:	981e      	ldr	r0, [sp, #120]	@ 0x78
100028b0:	991f      	ldr	r1, [sp, #124]	@ 0x7c
100028b2:	2201      	movs	r2, #1
100028b4:	4bc5      	ldr	r3, [pc, #788]	@ (10002bcc <_ftoa+0x348>)
100028b6:	4252      	negs	r2, r2
100028b8:	f7ff fd58 	bl	1000236c <__wrap___aeabi_dcmplt>
100028bc:	2800      	cmp	r0, #0
100028be:	d000      	beq.n	100028c2 <_ftoa+0x3e>
100028c0:	e114      	b.n	10002aec <_ftoa+0x268>
100028c2:	981e      	ldr	r0, [sp, #120]	@ 0x78
100028c4:	991f      	ldr	r1, [sp, #124]	@ 0x7c
100028c6:	2201      	movs	r2, #1
100028c8:	4bc1      	ldr	r3, [pc, #772]	@ (10002bd0 <_ftoa+0x34c>)
100028ca:	4252      	negs	r2, r2
100028cc:	f7ff fd64 	bl	10002398 <__wrap___aeabi_dcmpgt>
100028d0:	2800      	cmp	r0, #0
100028d2:	d000      	beq.n	100028d6 <_ftoa+0x52>
100028d4:	e0e9      	b.n	10002aaa <_ftoa+0x226>
100028d6:	981e      	ldr	r0, [sp, #120]	@ 0x78
100028d8:	991f      	ldr	r1, [sp, #124]	@ 0x7c
100028da:	2200      	movs	r2, #0
100028dc:	4bbd      	ldr	r3, [pc, #756]	@ (10002bd4 <_ftoa+0x350>)
100028de:	f7ff fd5b 	bl	10002398 <__wrap___aeabi_dcmpgt>
100028e2:	2800      	cmp	r0, #0
100028e4:	d000      	beq.n	100028e8 <_ftoa+0x64>
100028e6:	e0c8      	b.n	10002a7a <_ftoa+0x1f6>
100028e8:	981e      	ldr	r0, [sp, #120]	@ 0x78
100028ea:	991f      	ldr	r1, [sp, #124]	@ 0x7c
100028ec:	2200      	movs	r2, #0
100028ee:	4bba      	ldr	r3, [pc, #744]	@ (10002bd8 <_ftoa+0x354>)
100028f0:	f7ff fd3c 	bl	1000236c <__wrap___aeabi_dcmplt>
100028f4:	2800      	cmp	r0, #0
100028f6:	d000      	beq.n	100028fa <_ftoa+0x76>
100028f8:	e0bf      	b.n	10002a7a <_ftoa+0x1f6>
100028fa:	981e      	ldr	r0, [sp, #120]	@ 0x78
100028fc:	991f      	ldr	r1, [sp, #124]	@ 0x7c
100028fe:	2200      	movs	r2, #0
10002900:	2300      	movs	r3, #0
10002902:	f7ff fd33 	bl	1000236c <__wrap___aeabi_dcmplt>
10002906:	2800      	cmp	r0, #0
10002908:	d000      	beq.n	1000290c <_ftoa+0x88>
1000290a:	e0e4      	b.n	10002ad6 <_ftoa+0x252>
1000290c:	2300      	movs	r3, #0
1000290e:	930b      	str	r3, [sp, #44]	@ 0x2c
10002910:	9b22      	ldr	r3, [sp, #136]	@ 0x88
10002912:	055b      	lsls	r3, r3, #21
10002914:	d400      	bmi.n	10002918 <_ftoa+0x94>
10002916:	2606      	movs	r6, #6
10002918:	2400      	movs	r4, #0
1000291a:	2330      	movs	r3, #48	@ 0x30
1000291c:	e007      	b.n	1000292e <_ftoa+0xaa>
1000291e:	2117      	movs	r1, #23
10002920:	aa06      	add	r2, sp, #24
10002922:	3401      	adds	r4, #1
10002924:	1852      	adds	r2, r2, r1
10002926:	5513      	strb	r3, [r2, r4]
10002928:	3e01      	subs	r6, #1
1000292a:	2c20      	cmp	r4, #32
1000292c:	d001      	beq.n	10002932 <_ftoa+0xae>
1000292e:	2e09      	cmp	r6, #9
10002930:	d8f5      	bhi.n	1000291e <_ftoa+0x9a>
10002932:	981e      	ldr	r0, [sp, #120]	@ 0x78
10002934:	991f      	ldr	r1, [sp, #124]	@ 0x7c
10002936:	f7ff fd5d 	bl	100023f4 <__wrap___aeabi_d2iz>
1000293a:	4ba8      	ldr	r3, [pc, #672]	@ (10002bdc <_ftoa+0x358>)
1000293c:	00f2      	lsls	r2, r6, #3
1000293e:	189b      	adds	r3, r3, r2
10002940:	681a      	ldr	r2, [r3, #0]
10002942:	685b      	ldr	r3, [r3, #4]
10002944:	0005      	movs	r5, r0
10002946:	9208      	str	r2, [sp, #32]
10002948:	9309      	str	r3, [sp, #36]	@ 0x24
1000294a:	f7ff fd3b 	bl	100023c4 <__wrap___aeabi_i2d>
1000294e:	0002      	movs	r2, r0
10002950:	000b      	movs	r3, r1
10002952:	981e      	ldr	r0, [sp, #120]	@ 0x78
10002954:	991f      	ldr	r1, [sp, #124]	@ 0x7c
10002956:	f7ff fca6 	bl	100022a6 <__wrap___aeabi_dsub>
1000295a:	9a08      	ldr	r2, [sp, #32]
1000295c:	9b09      	ldr	r3, [sp, #36]	@ 0x24
1000295e:	f7ff fcc6 	bl	100022ee <__wrap___aeabi_dmul>
10002962:	9006      	str	r0, [sp, #24]
10002964:	9107      	str	r1, [sp, #28]
10002966:	f7ff fd69 	bl	1000243c <__wrap___aeabi_d2uiz>
1000296a:	4681      	mov	r9, r0
1000296c:	f7ff fd26 	bl	100023bc <__wrap___aeabi_ui2d>
10002970:	0002      	movs	r2, r0
10002972:	000b      	movs	r3, r1
10002974:	9806      	ldr	r0, [sp, #24]
10002976:	9907      	ldr	r1, [sp, #28]
10002978:	f7ff fc95 	bl	100022a6 <__wrap___aeabi_dsub>
1000297c:	2200      	movs	r2, #0
1000297e:	4b98      	ldr	r3, [pc, #608]	@ (10002be0 <_ftoa+0x35c>)
10002980:	9006      	str	r0, [sp, #24]
10002982:	9107      	str	r1, [sp, #28]
10002984:	f7ff fd08 	bl	10002398 <__wrap___aeabi_dcmpgt>
10002988:	2800      	cmp	r0, #0
1000298a:	d100      	bne.n	1000298e <_ftoa+0x10a>
1000298c:	e10d      	b.n	10002baa <_ftoa+0x326>
1000298e:	2301      	movs	r3, #1
10002990:	469c      	mov	ip, r3
10002992:	44e1      	add	r9, ip
10002994:	4648      	mov	r0, r9
10002996:	f7ff fd11 	bl	100023bc <__wrap___aeabi_ui2d>
1000299a:	0002      	movs	r2, r0
1000299c:	000b      	movs	r3, r1
1000299e:	9808      	ldr	r0, [sp, #32]
100029a0:	9909      	ldr	r1, [sp, #36]	@ 0x24
100029a2:	f7ff fce9 	bl	10002378 <__wrap___aeabi_dcmple>
100029a6:	2800      	cmp	r0, #0
100029a8:	d002      	beq.n	100029b0 <_ftoa+0x12c>
100029aa:	2300      	movs	r3, #0
100029ac:	4699      	mov	r9, r3
100029ae:	3501      	adds	r5, #1
100029b0:	2e00      	cmp	r6, #0
100029b2:	d100      	bne.n	100029b6 <_ftoa+0x132>
100029b4:	e0d9      	b.n	10002b6a <_ftoa+0x2e6>
100029b6:	9506      	str	r5, [sp, #24]
100029b8:	464d      	mov	r5, r9
100029ba:	46b9      	mov	r9, r7
100029bc:	e014      	b.n	100029e8 <_ftoa+0x164>
100029be:	aa06      	add	r2, sp, #24
100029c0:	4694      	mov	ip, r2
100029c2:	2317      	movs	r3, #23
100029c4:	210a      	movs	r1, #10
100029c6:	4463      	add	r3, ip
100029c8:	0028      	movs	r0, r5
100029ca:	3401      	adds	r4, #1
100029cc:	191f      	adds	r7, r3, r4
100029ce:	f7ff fa2f 	bl	10001e30 <__wrap___aeabi_uidiv>
100029d2:	3130      	adds	r1, #48	@ 0x30
100029d4:	7039      	strb	r1, [r7, #0]
100029d6:	0028      	movs	r0, r5
100029d8:	210a      	movs	r1, #10
100029da:	3e01      	subs	r6, #1
100029dc:	f7ff fa28 	bl	10001e30 <__wrap___aeabi_uidiv>
100029e0:	2d09      	cmp	r5, #9
100029e2:	d800      	bhi.n	100029e6 <_ftoa+0x162>
100029e4:	e117      	b.n	10002c16 <_ftoa+0x392>
100029e6:	0005      	movs	r5, r0
100029e8:	2c20      	cmp	r4, #32
100029ea:	d1e8      	bne.n	100029be <_ftoa+0x13a>
100029ec:	464f      	mov	r7, r9
100029ee:	9d06      	ldr	r5, [sp, #24]
100029f0:	2420      	movs	r4, #32
100029f2:	ae0c      	add	r6, sp, #48	@ 0x30
100029f4:	aa06      	add	r2, sp, #24
100029f6:	2317      	movs	r3, #23
100029f8:	4694      	mov	ip, r2
100029fa:	4463      	add	r3, ip
100029fc:	4699      	mov	r9, r3
100029fe:	465b      	mov	r3, fp
10002a00:	46b3      	mov	fp, r6
10002a02:	9306      	str	r3, [sp, #24]
10002a04:	e00f      	b.n	10002a26 <_ftoa+0x1a2>
10002a06:	464b      	mov	r3, r9
10002a08:	0028      	movs	r0, r5
10002a0a:	210a      	movs	r1, #10
10002a0c:	3401      	adds	r4, #1
10002a0e:	18e6      	adds	r6, r4, r3
10002a10:	f7ff f9e6 	bl	10001de0 <__wrap___aeabi_idiv>
10002a14:	3130      	adds	r1, #48	@ 0x30
10002a16:	0028      	movs	r0, r5
10002a18:	7031      	strb	r1, [r6, #0]
10002a1a:	210a      	movs	r1, #10
10002a1c:	f7ff f9e0 	bl	10001de0 <__wrap___aeabi_idiv>
10002a20:	1e05      	subs	r5, r0, #0
10002a22:	d100      	bne.n	10002a26 <_ftoa+0x1a2>
10002a24:	e0e4      	b.n	10002bf0 <_ftoa+0x36c>
10002a26:	2c20      	cmp	r4, #32
10002a28:	d1ed      	bne.n	10002a06 <_ftoa+0x182>
10002a2a:	9b06      	ldr	r3, [sp, #24]
10002a2c:	465e      	mov	r6, fp
10002a2e:	469b      	mov	fp, r3
10002a30:	2303      	movs	r3, #3
10002a32:	9a22      	ldr	r2, [sp, #136]	@ 0x88
10002a34:	4013      	ands	r3, r2
10002a36:	2b01      	cmp	r3, #1
10002a38:	d118      	bne.n	10002a6c <_ftoa+0x1e8>
10002a3a:	9b21      	ldr	r3, [sp, #132]	@ 0x84
10002a3c:	2b00      	cmp	r3, #0
10002a3e:	d015      	beq.n	10002a6c <_ftoa+0x1e8>
10002a40:	9b0b      	ldr	r3, [sp, #44]	@ 0x2c
10002a42:	2b00      	cmp	r3, #0
10002a44:	d100      	bne.n	10002a48 <_ftoa+0x1c4>
10002a46:	e0fd      	b.n	10002c44 <_ftoa+0x3c0>
10002a48:	9b21      	ldr	r3, [sp, #132]	@ 0x84
10002a4a:	3b01      	subs	r3, #1
10002a4c:	9321      	str	r3, [sp, #132]	@ 0x84
10002a4e:	2b20      	cmp	r3, #32
10002a50:	d90c      	bls.n	10002a6c <_ftoa+0x1e8>
10002a52:	2330      	movs	r3, #48	@ 0x30
10002a54:	9a21      	ldr	r2, [sp, #132]	@ 0x84
10002a56:	e007      	b.n	10002a68 <_ftoa+0x1e4>
10002a58:	2017      	movs	r0, #23
10002a5a:	a906      	add	r1, sp, #24
10002a5c:	3401      	adds	r4, #1
10002a5e:	1809      	adds	r1, r1, r0
10002a60:	550b      	strb	r3, [r1, r4]
10002a62:	4294      	cmp	r4, r2
10002a64:	d300      	bcc.n	10002a68 <_ftoa+0x1e4>
10002a66:	e0cc      	b.n	10002c02 <_ftoa+0x37e>
10002a68:	2c20      	cmp	r4, #32
10002a6a:	d1f5      	bne.n	10002a58 <_ftoa+0x1d4>
10002a6c:	9b22      	ldr	r3, [sp, #136]	@ 0x88
10002a6e:	9401      	str	r4, [sp, #4]
10002a70:	9303      	str	r3, [sp, #12]
10002a72:	9b21      	ldr	r3, [sp, #132]	@ 0x84
10002a74:	9600      	str	r6, [sp, #0]
10002a76:	9302      	str	r3, [sp, #8]
10002a78:	e022      	b.n	10002ac0 <_ftoa+0x23c>
10002a7a:	9b22      	ldr	r3, [sp, #136]	@ 0x88
10002a7c:	4652      	mov	r2, sl
10002a7e:	9304      	str	r3, [sp, #16]
10002a80:	9b21      	ldr	r3, [sp, #132]	@ 0x84
10002a82:	0039      	movs	r1, r7
10002a84:	9303      	str	r3, [sp, #12]
10002a86:	4658      	mov	r0, fp
10002a88:	9b1e      	ldr	r3, [sp, #120]	@ 0x78
10002a8a:	9c1f      	ldr	r4, [sp, #124]	@ 0x7c
10002a8c:	9602      	str	r6, [sp, #8]
10002a8e:	9300      	str	r3, [sp, #0]
10002a90:	9401      	str	r4, [sp, #4]
10002a92:	4643      	mov	r3, r8
10002a94:	f000 f94a 	bl	10002d2c <_etoa>
10002a98:	0004      	movs	r4, r0
10002a9a:	0020      	movs	r0, r4
10002a9c:	b015      	add	sp, #84	@ 0x54
10002a9e:	bcf0      	pop	{r4, r5, r6, r7}
10002aa0:	46bb      	mov	fp, r7
10002aa2:	46b2      	mov	sl, r6
10002aa4:	46a9      	mov	r9, r5
10002aa6:	46a0      	mov	r8, r4
10002aa8:	bdf0      	pop	{r4, r5, r6, r7, pc}
10002aaa:	9b22      	ldr	r3, [sp, #136]	@ 0x88
10002aac:	075b      	lsls	r3, r3, #29
10002aae:	d40f      	bmi.n	10002ad0 <_ftoa+0x24c>
10002ab0:	2203      	movs	r2, #3
10002ab2:	4b4c      	ldr	r3, [pc, #304]	@ (10002be4 <_ftoa+0x360>)
10002ab4:	9922      	ldr	r1, [sp, #136]	@ 0x88
10002ab6:	9201      	str	r2, [sp, #4]
10002ab8:	9103      	str	r1, [sp, #12]
10002aba:	9921      	ldr	r1, [sp, #132]	@ 0x84
10002abc:	9300      	str	r3, [sp, #0]
10002abe:	9102      	str	r1, [sp, #8]
10002ac0:	4643      	mov	r3, r8
10002ac2:	4652      	mov	r2, sl
10002ac4:	0039      	movs	r1, r7
10002ac6:	4658      	mov	r0, fp
10002ac8:	f7ff fd90 	bl	100025ec <_out_rev>
10002acc:	0004      	movs	r4, r0
10002ace:	e7e4      	b.n	10002a9a <_ftoa+0x216>
10002ad0:	2204      	movs	r2, #4
10002ad2:	4b45      	ldr	r3, [pc, #276]	@ (10002be8 <_ftoa+0x364>)
10002ad4:	e7ee      	b.n	10002ab4 <_ftoa+0x230>
10002ad6:	9a1e      	ldr	r2, [sp, #120]	@ 0x78
10002ad8:	9b1f      	ldr	r3, [sp, #124]	@ 0x7c
10002ada:	2000      	movs	r0, #0
10002adc:	2100      	movs	r1, #0
10002ade:	f7ff fbe2 	bl	100022a6 <__wrap___aeabi_dsub>
10002ae2:	2301      	movs	r3, #1
10002ae4:	901e      	str	r0, [sp, #120]	@ 0x78
10002ae6:	911f      	str	r1, [sp, #124]	@ 0x7c
10002ae8:	930b      	str	r3, [sp, #44]	@ 0x2c
10002aea:	e711      	b.n	10002910 <_ftoa+0x8c>
10002aec:	9b22      	ldr	r3, [sp, #136]	@ 0x88
10002aee:	4654      	mov	r4, sl
10002af0:	079b      	lsls	r3, r3, #30
10002af2:	d111      	bne.n	10002b18 <_ftoa+0x294>
10002af4:	9b21      	ldr	r3, [sp, #132]	@ 0x84
10002af6:	2b04      	cmp	r3, #4
10002af8:	d90e      	bls.n	10002b18 <_ftoa+0x294>
10002afa:	9b21      	ldr	r3, [sp, #132]	@ 0x84
10002afc:	4655      	mov	r5, sl
10002afe:	469c      	mov	ip, r3
10002b00:	465e      	mov	r6, fp
10002b02:	3c04      	subs	r4, #4
10002b04:	4464      	add	r4, ip
10002b06:	002a      	movs	r2, r5
10002b08:	4643      	mov	r3, r8
10002b0a:	3501      	adds	r5, #1
10002b0c:	0039      	movs	r1, r7
10002b0e:	2020      	movs	r0, #32
10002b10:	47b0      	blx	r6
10002b12:	42a5      	cmp	r5, r4
10002b14:	d1f7      	bne.n	10002b06 <_ftoa+0x282>
10002b16:	46b3      	mov	fp, r6
10002b18:	4d34      	ldr	r5, [pc, #208]	@ (10002bec <_ftoa+0x368>)
10002b1a:	0026      	movs	r6, r4
10002b1c:	1f2b      	subs	r3, r5, #4
10002b1e:	4699      	mov	r9, r3
10002b20:	465b      	mov	r3, fp
10002b22:	46a3      	mov	fp, r4
10002b24:	001c      	movs	r4, r3
10002b26:	0032      	movs	r2, r6
10002b28:	78e8      	ldrb	r0, [r5, #3]
10002b2a:	4643      	mov	r3, r8
10002b2c:	0039      	movs	r1, r7
10002b2e:	3d01      	subs	r5, #1
10002b30:	47a0      	blx	r4
10002b32:	3601      	adds	r6, #1
10002b34:	454d      	cmp	r5, r9
10002b36:	d1f6      	bne.n	10002b26 <_ftoa+0x2a2>
10002b38:	0023      	movs	r3, r4
10002b3a:	465c      	mov	r4, fp
10002b3c:	469b      	mov	fp, r3
10002b3e:	9b22      	ldr	r3, [sp, #136]	@ 0x88
10002b40:	3404      	adds	r4, #4
10002b42:	079b      	lsls	r3, r3, #30
10002b44:	d5a9      	bpl.n	10002a9a <_ftoa+0x216>
10002b46:	4653      	mov	r3, sl
10002b48:	9a21      	ldr	r2, [sp, #132]	@ 0x84
10002b4a:	1ae3      	subs	r3, r4, r3
10002b4c:	429a      	cmp	r2, r3
10002b4e:	d9a4      	bls.n	10002a9a <_ftoa+0x216>
10002b50:	465e      	mov	r6, fp
10002b52:	0015      	movs	r5, r2
10002b54:	0022      	movs	r2, r4
10002b56:	4643      	mov	r3, r8
10002b58:	0039      	movs	r1, r7
10002b5a:	2020      	movs	r0, #32
10002b5c:	47b0      	blx	r6
10002b5e:	4653      	mov	r3, sl
10002b60:	3401      	adds	r4, #1
10002b62:	1ae3      	subs	r3, r4, r3
10002b64:	429d      	cmp	r5, r3
10002b66:	d8f5      	bhi.n	10002b54 <_ftoa+0x2d0>
10002b68:	e797      	b.n	10002a9a <_ftoa+0x216>
10002b6a:	0028      	movs	r0, r5
10002b6c:	f7ff fc2a 	bl	100023c4 <__wrap___aeabi_i2d>
10002b70:	0002      	movs	r2, r0
10002b72:	000b      	movs	r3, r1
10002b74:	981e      	ldr	r0, [sp, #120]	@ 0x78
10002b76:	991f      	ldr	r1, [sp, #124]	@ 0x7c
10002b78:	f7ff fb95 	bl	100022a6 <__wrap___aeabi_dsub>
10002b7c:	2200      	movs	r2, #0
10002b7e:	4b18      	ldr	r3, [pc, #96]	@ (10002be0 <_ftoa+0x35c>)
10002b80:	9006      	str	r0, [sp, #24]
10002b82:	9107      	str	r1, [sp, #28]
10002b84:	f7ff fbf2 	bl	1000236c <__wrap___aeabi_dcmplt>
10002b88:	ae0c      	add	r6, sp, #48	@ 0x30
10002b8a:	2800      	cmp	r0, #0
10002b8c:	d000      	beq.n	10002b90 <_ftoa+0x30c>
10002b8e:	e731      	b.n	100029f4 <_ftoa+0x170>
10002b90:	9806      	ldr	r0, [sp, #24]
10002b92:	9907      	ldr	r1, [sp, #28]
10002b94:	2200      	movs	r2, #0
10002b96:	4b12      	ldr	r3, [pc, #72]	@ (10002be0 <_ftoa+0x35c>)
10002b98:	f7ff fbfe 	bl	10002398 <__wrap___aeabi_dcmpgt>
10002b9c:	2800      	cmp	r0, #0
10002b9e:	d000      	beq.n	10002ba2 <_ftoa+0x31e>
10002ba0:	e728      	b.n	100029f4 <_ftoa+0x170>
10002ba2:	2301      	movs	r3, #1
10002ba4:	3501      	adds	r5, #1
10002ba6:	439d      	bics	r5, r3
10002ba8:	e724      	b.n	100029f4 <_ftoa+0x170>
10002baa:	2200      	movs	r2, #0
10002bac:	9806      	ldr	r0, [sp, #24]
10002bae:	9907      	ldr	r1, [sp, #28]
10002bb0:	4b0b      	ldr	r3, [pc, #44]	@ (10002be0 <_ftoa+0x35c>)
10002bb2:	f7ff fbdb 	bl	1000236c <__wrap___aeabi_dcmplt>
10002bb6:	2800      	cmp	r0, #0
10002bb8:	d000      	beq.n	10002bbc <_ftoa+0x338>
10002bba:	e6f9      	b.n	100029b0 <_ftoa+0x12c>
10002bbc:	464b      	mov	r3, r9
10002bbe:	2b00      	cmp	r3, #0
10002bc0:	d15c      	bne.n	10002c7c <_ftoa+0x3f8>
10002bc2:	2301      	movs	r3, #1
10002bc4:	469c      	mov	ip, r3
10002bc6:	44e1      	add	r9, ip
10002bc8:	e6f2      	b.n	100029b0 <_ftoa+0x12c>
10002bca:	46c0      	nop			@ (mov r8, r8)
10002bcc:	ffefffff 	.word	0xffefffff
10002bd0:	7fefffff 	.word	0x7fefffff
10002bd4:	41cdcd65 	.word	0x41cdcd65
10002bd8:	c1cdcd65 	.word	0xc1cdcd65
10002bdc:	1000b0f0 	.word	0x1000b0f0
10002be0:	3fe00000 	.word	0x3fe00000
10002be4:	1000aa88 	.word	0x1000aa88
10002be8:	1000aa80 	.word	0x1000aa80
10002bec:	1000aa90 	.word	0x1000aa90
10002bf0:	9b06      	ldr	r3, [sp, #24]
10002bf2:	465e      	mov	r6, fp
10002bf4:	469b      	mov	fp, r3
10002bf6:	2303      	movs	r3, #3
10002bf8:	9a22      	ldr	r2, [sp, #136]	@ 0x88
10002bfa:	4013      	ands	r3, r2
10002bfc:	2b01      	cmp	r3, #1
10002bfe:	d100      	bne.n	10002c02 <_ftoa+0x37e>
10002c00:	e081      	b.n	10002d06 <_ftoa+0x482>
10002c02:	2c20      	cmp	r4, #32
10002c04:	d100      	bne.n	10002c08 <_ftoa+0x384>
10002c06:	e731      	b.n	10002a6c <_ftoa+0x1e8>
10002c08:	9b0b      	ldr	r3, [sp, #44]	@ 0x2c
10002c0a:	2b00      	cmp	r3, #0
10002c0c:	d027      	beq.n	10002c5e <_ftoa+0x3da>
10002c0e:	232d      	movs	r3, #45	@ 0x2d
10002c10:	5533      	strb	r3, [r6, r4]
10002c12:	3401      	adds	r4, #1
10002c14:	e72a      	b.n	10002a6c <_ftoa+0x1e8>
10002c16:	464f      	mov	r7, r9
10002c18:	9d06      	ldr	r5, [sp, #24]
10002c1a:	2c20      	cmp	r4, #32
10002c1c:	d100      	bne.n	10002c20 <_ftoa+0x39c>
10002c1e:	e6e7      	b.n	100029f0 <_ftoa+0x16c>
10002c20:	2230      	movs	r2, #48	@ 0x30
10002c22:	1933      	adds	r3, r6, r4
10002c24:	e007      	b.n	10002c36 <_ftoa+0x3b2>
10002c26:	2017      	movs	r0, #23
10002c28:	a906      	add	r1, sp, #24
10002c2a:	3401      	adds	r4, #1
10002c2c:	1809      	adds	r1, r1, r0
10002c2e:	550a      	strb	r2, [r1, r4]
10002c30:	2c20      	cmp	r4, #32
10002c32:	d100      	bne.n	10002c36 <_ftoa+0x3b2>
10002c34:	e6dc      	b.n	100029f0 <_ftoa+0x16c>
10002c36:	42a3      	cmp	r3, r4
10002c38:	d1f5      	bne.n	10002c26 <_ftoa+0x3a2>
10002c3a:	222e      	movs	r2, #46	@ 0x2e
10002c3c:	ae0c      	add	r6, sp, #48	@ 0x30
10002c3e:	3401      	adds	r4, #1
10002c40:	54f2      	strb	r2, [r6, r3]
10002c42:	e6d7      	b.n	100029f4 <_ftoa+0x170>
10002c44:	230c      	movs	r3, #12
10002c46:	9a22      	ldr	r2, [sp, #136]	@ 0x88
10002c48:	4213      	tst	r3, r2
10002c4a:	d057      	beq.n	10002cfc <_ftoa+0x478>
10002c4c:	9b21      	ldr	r3, [sp, #132]	@ 0x84
10002c4e:	3b01      	subs	r3, #1
10002c50:	9321      	str	r3, [sp, #132]	@ 0x84
10002c52:	42a3      	cmp	r3, r4
10002c54:	d900      	bls.n	10002c58 <_ftoa+0x3d4>
10002c56:	e6fc      	b.n	10002a52 <_ftoa+0x1ce>
10002c58:	2c20      	cmp	r4, #32
10002c5a:	d100      	bne.n	10002c5e <_ftoa+0x3da>
10002c5c:	e706      	b.n	10002a6c <_ftoa+0x1e8>
10002c5e:	9b22      	ldr	r3, [sp, #136]	@ 0x88
10002c60:	075b      	lsls	r3, r3, #29
10002c62:	d503      	bpl.n	10002c6c <_ftoa+0x3e8>
10002c64:	232b      	movs	r3, #43	@ 0x2b
10002c66:	5533      	strb	r3, [r6, r4]
10002c68:	3401      	adds	r4, #1
10002c6a:	e6ff      	b.n	10002a6c <_ftoa+0x1e8>
10002c6c:	9b22      	ldr	r3, [sp, #136]	@ 0x88
10002c6e:	071b      	lsls	r3, r3, #28
10002c70:	d400      	bmi.n	10002c74 <_ftoa+0x3f0>
10002c72:	e6fb      	b.n	10002a6c <_ftoa+0x1e8>
10002c74:	2320      	movs	r3, #32
10002c76:	5533      	strb	r3, [r6, r4]
10002c78:	3401      	adds	r4, #1
10002c7a:	e6f7      	b.n	10002a6c <_ftoa+0x1e8>
10002c7c:	07db      	lsls	r3, r3, #31
10002c7e:	d400      	bmi.n	10002c82 <_ftoa+0x3fe>
10002c80:	e696      	b.n	100029b0 <_ftoa+0x12c>
10002c82:	e79e      	b.n	10002bc2 <_ftoa+0x33e>
10002c84:	9b22      	ldr	r3, [sp, #136]	@ 0x88
10002c86:	4655      	mov	r5, sl
10002c88:	079b      	lsls	r3, r3, #30
10002c8a:	d111      	bne.n	10002cb0 <_ftoa+0x42c>
10002c8c:	9b21      	ldr	r3, [sp, #132]	@ 0x84
10002c8e:	2b03      	cmp	r3, #3
10002c90:	d90e      	bls.n	10002cb0 <_ftoa+0x42c>
10002c92:	9b21      	ldr	r3, [sp, #132]	@ 0x84
10002c94:	4654      	mov	r4, sl
10002c96:	469c      	mov	ip, r3
10002c98:	465e      	mov	r6, fp
10002c9a:	3d03      	subs	r5, #3
10002c9c:	4465      	add	r5, ip
10002c9e:	0022      	movs	r2, r4
10002ca0:	4643      	mov	r3, r8
10002ca2:	3401      	adds	r4, #1
10002ca4:	0039      	movs	r1, r7
10002ca6:	2020      	movs	r0, #32
10002ca8:	47b0      	blx	r6
10002caa:	42ac      	cmp	r4, r5
10002cac:	d1f7      	bne.n	10002c9e <_ftoa+0x41a>
10002cae:	46b3      	mov	fp, r6
10002cb0:	46b9      	mov	r9, r7
10002cb2:	465f      	mov	r7, fp
10002cb4:	4e1c      	ldr	r6, [pc, #112]	@ (10002d28 <_ftoa+0x4a4>)
10002cb6:	1cec      	adds	r4, r5, #3
10002cb8:	002a      	movs	r2, r5
10002cba:	78b0      	ldrb	r0, [r6, #2]
10002cbc:	4643      	mov	r3, r8
10002cbe:	4649      	mov	r1, r9
10002cc0:	3501      	adds	r5, #1
10002cc2:	47b8      	blx	r7
10002cc4:	3e01      	subs	r6, #1
10002cc6:	42ac      	cmp	r4, r5
10002cc8:	d1f6      	bne.n	10002cb8 <_ftoa+0x434>
10002cca:	9b22      	ldr	r3, [sp, #136]	@ 0x88
10002ccc:	46bb      	mov	fp, r7
10002cce:	464f      	mov	r7, r9
10002cd0:	079b      	lsls	r3, r3, #30
10002cd2:	d400      	bmi.n	10002cd6 <_ftoa+0x452>
10002cd4:	e6e1      	b.n	10002a9a <_ftoa+0x216>
10002cd6:	4653      	mov	r3, sl
10002cd8:	9a21      	ldr	r2, [sp, #132]	@ 0x84
10002cda:	1ae3      	subs	r3, r4, r3
10002cdc:	429a      	cmp	r2, r3
10002cde:	d800      	bhi.n	10002ce2 <_ftoa+0x45e>
10002ce0:	e6db      	b.n	10002a9a <_ftoa+0x216>
10002ce2:	465e      	mov	r6, fp
10002ce4:	0015      	movs	r5, r2
10002ce6:	0022      	movs	r2, r4
10002ce8:	4643      	mov	r3, r8
10002cea:	0039      	movs	r1, r7
10002cec:	2020      	movs	r0, #32
10002cee:	47b0      	blx	r6
10002cf0:	4653      	mov	r3, sl
10002cf2:	3401      	adds	r4, #1
10002cf4:	1ae3      	subs	r3, r4, r3
10002cf6:	42ab      	cmp	r3, r5
10002cf8:	d3f5      	bcc.n	10002ce6 <_ftoa+0x462>
10002cfa:	e6ce      	b.n	10002a9a <_ftoa+0x216>
10002cfc:	9b21      	ldr	r3, [sp, #132]	@ 0x84
10002cfe:	42a3      	cmp	r3, r4
10002d00:	d900      	bls.n	10002d04 <_ftoa+0x480>
10002d02:	e6a6      	b.n	10002a52 <_ftoa+0x1ce>
10002d04:	e6b2      	b.n	10002a6c <_ftoa+0x1e8>
10002d06:	9b21      	ldr	r3, [sp, #132]	@ 0x84
10002d08:	2b00      	cmp	r3, #0
10002d0a:	d100      	bne.n	10002d0e <_ftoa+0x48a>
10002d0c:	e779      	b.n	10002c02 <_ftoa+0x37e>
10002d0e:	9b0b      	ldr	r3, [sp, #44]	@ 0x2c
10002d10:	2b00      	cmp	r3, #0
10002d12:	d097      	beq.n	10002c44 <_ftoa+0x3c0>
10002d14:	9b21      	ldr	r3, [sp, #132]	@ 0x84
10002d16:	3b01      	subs	r3, #1
10002d18:	9321      	str	r3, [sp, #132]	@ 0x84
10002d1a:	429c      	cmp	r4, r3
10002d1c:	d200      	bcs.n	10002d20 <_ftoa+0x49c>
10002d1e:	e698      	b.n	10002a52 <_ftoa+0x1ce>
10002d20:	2c20      	cmp	r4, #32
10002d22:	d000      	beq.n	10002d26 <_ftoa+0x4a2>
10002d24:	e773      	b.n	10002c0e <_ftoa+0x38a>
10002d26:	e6a1      	b.n	10002a6c <_ftoa+0x1e8>
10002d28:	1000aa8c 	.word	0x1000aa8c

10002d2c <_etoa>:
10002d2c:	b5f0      	push	{r4, r5, r6, r7, lr}
10002d2e:	46de      	mov	lr, fp
10002d30:	4657      	mov	r7, sl
10002d32:	464e      	mov	r6, r9
10002d34:	4645      	mov	r5, r8
10002d36:	b5e0      	push	{r5, r6, r7, lr}
10002d38:	b099      	sub	sp, #100	@ 0x64
10002d3a:	4681      	mov	r9, r0
10002d3c:	468b      	mov	fp, r1
10002d3e:	4692      	mov	sl, r2
10002d40:	4698      	mov	r8, r3
10002d42:	9a22      	ldr	r2, [sp, #136]	@ 0x88
10002d44:	9b23      	ldr	r3, [sp, #140]	@ 0x8c
10002d46:	0010      	movs	r0, r2
10002d48:	0019      	movs	r1, r3
10002d4a:	f7ff fb2a 	bl	100023a2 <__wrap___aeabi_dcmpun>
10002d4e:	2800      	cmp	r0, #0
10002d50:	d000      	beq.n	10002d54 <_etoa+0x28>
10002d52:	e0ca      	b.n	10002eea <_etoa+0x1be>
10002d54:	9822      	ldr	r0, [sp, #136]	@ 0x88
10002d56:	9923      	ldr	r1, [sp, #140]	@ 0x8c
10002d58:	2201      	movs	r2, #1
10002d5a:	4b82      	ldr	r3, [pc, #520]	@ (10002f64 <_etoa+0x238>)
10002d5c:	4252      	negs	r2, r2
10002d5e:	f7ff fb1b 	bl	10002398 <__wrap___aeabi_dcmpgt>
10002d62:	2800      	cmp	r0, #0
10002d64:	d000      	beq.n	10002d68 <_etoa+0x3c>
10002d66:	e0c0      	b.n	10002eea <_etoa+0x1be>
10002d68:	9822      	ldr	r0, [sp, #136]	@ 0x88
10002d6a:	9923      	ldr	r1, [sp, #140]	@ 0x8c
10002d6c:	2201      	movs	r2, #1
10002d6e:	4b7e      	ldr	r3, [pc, #504]	@ (10002f68 <_etoa+0x23c>)
10002d70:	4252      	negs	r2, r2
10002d72:	f7ff fafb 	bl	1000236c <__wrap___aeabi_dcmplt>
10002d76:	2800      	cmp	r0, #0
10002d78:	d000      	beq.n	10002d7c <_etoa+0x50>
10002d7a:	e0b6      	b.n	10002eea <_etoa+0x1be>
10002d7c:	9822      	ldr	r0, [sp, #136]	@ 0x88
10002d7e:	9923      	ldr	r1, [sp, #140]	@ 0x8c
10002d80:	2200      	movs	r2, #0
10002d82:	2300      	movs	r3, #0
10002d84:	f7ff faf2 	bl	1000236c <__wrap___aeabi_dcmplt>
10002d88:	2800      	cmp	r0, #0
10002d8a:	d000      	beq.n	10002d8e <_etoa+0x62>
10002d8c:	e1c9      	b.n	10003122 <_etoa+0x3f6>
10002d8e:	9b22      	ldr	r3, [sp, #136]	@ 0x88
10002d90:	9c23      	ldr	r4, [sp, #140]	@ 0x8c
10002d92:	9308      	str	r3, [sp, #32]
10002d94:	9409      	str	r4, [sp, #36]	@ 0x24
10002d96:	9808      	ldr	r0, [sp, #32]
10002d98:	9909      	ldr	r1, [sp, #36]	@ 0x24
10002d9a:	2380      	movs	r3, #128	@ 0x80
10002d9c:	9a26      	ldr	r2, [sp, #152]	@ 0x98
10002d9e:	00db      	lsls	r3, r3, #3
10002da0:	401a      	ands	r2, r3
10002da2:	920d      	str	r2, [sp, #52]	@ 0x34
10002da4:	2280      	movs	r2, #128	@ 0x80
10002da6:	9c26      	ldr	r4, [sp, #152]	@ 0x98
10002da8:	0112      	lsls	r2, r2, #4
10002daa:	4014      	ands	r4, r2
10002dac:	0022      	movs	r2, r4
10002dae:	940b      	str	r4, [sp, #44]	@ 0x2c
10002db0:	9c26      	ldr	r4, [sp, #152]	@ 0x98
10002db2:	0007      	movs	r7, r0
10002db4:	000e      	movs	r6, r1
10002db6:	421c      	tst	r4, r3
10002db8:	d000      	beq.n	10002dbc <_etoa+0x90>
10002dba:	e0ad      	b.n	10002f18 <_etoa+0x1ec>
10002dbc:	000b      	movs	r3, r1
10002dbe:	4303      	orrs	r3, r0
10002dc0:	d000      	beq.n	10002dc4 <_etoa+0x98>
10002dc2:	e0d5      	b.n	10002f70 <_etoa+0x244>
10002dc4:	2a00      	cmp	r2, #0
10002dc6:	d000      	beq.n	10002dca <_etoa+0x9e>
10002dc8:	e20a      	b.n	100031e0 <_etoa+0x4b4>
10002dca:	0022      	movs	r2, r4
10002dcc:	3306      	adds	r3, #6
10002dce:	9324      	str	r3, [sp, #144]	@ 0x90
10002dd0:	2302      	movs	r3, #2
10002dd2:	4013      	ands	r3, r2
10002dd4:	930c      	str	r3, [sp, #48]	@ 0x30
10002dd6:	2302      	movs	r3, #2
10002dd8:	4213      	tst	r3, r2
10002dda:	d000      	beq.n	10002dde <_etoa+0xb2>
10002ddc:	e202      	b.n	100031e4 <_etoa+0x4b8>
10002dde:	9b25      	ldr	r3, [sp, #148]	@ 0x94
10002de0:	2b04      	cmp	r3, #4
10002de2:	d200      	bcs.n	10002de6 <_etoa+0xba>
10002de4:	e20f      	b.n	10003206 <_etoa+0x4da>
10002de6:	3b04      	subs	r3, #4
10002de8:	930b      	str	r3, [sp, #44]	@ 0x2c
10002dea:	2300      	movs	r3, #0
10002dec:	2504      	movs	r5, #4
10002dee:	930a      	str	r3, [sp, #40]	@ 0x28
10002df0:	2200      	movs	r2, #0
10002df2:	9822      	ldr	r0, [sp, #136]	@ 0x88
10002df4:	9923      	ldr	r1, [sp, #140]	@ 0x8c
10002df6:	2300      	movs	r3, #0
10002df8:	f7ff fab8 	bl	1000236c <__wrap___aeabi_dcmplt>
10002dfc:	2800      	cmp	r0, #0
10002dfe:	d000      	beq.n	10002e02 <_etoa+0xd6>
10002e00:	e203      	b.n	1000320a <_etoa+0x4de>
10002e02:	4b5a      	ldr	r3, [pc, #360]	@ (10002f6c <_etoa+0x240>)
10002e04:	9a26      	ldr	r2, [sp, #152]	@ 0x98
10002e06:	4013      	ands	r3, r2
10002e08:	9304      	str	r3, [sp, #16]
10002e0a:	9b0b      	ldr	r3, [sp, #44]	@ 0x2c
10002e0c:	9303      	str	r3, [sp, #12]
10002e0e:	9b24      	ldr	r3, [sp, #144]	@ 0x90
10002e10:	9302      	str	r3, [sp, #8]
10002e12:	9b08      	ldr	r3, [sp, #32]
10002e14:	9c09      	ldr	r4, [sp, #36]	@ 0x24
10002e16:	9300      	str	r3, [sp, #0]
10002e18:	9401      	str	r4, [sp, #4]
10002e1a:	4659      	mov	r1, fp
10002e1c:	4643      	mov	r3, r8
10002e1e:	4652      	mov	r2, sl
10002e20:	4648      	mov	r0, r9
10002e22:	f7ff fd2f 	bl	10002884 <_ftoa>
10002e26:	0002      	movs	r2, r0
10002e28:	2020      	movs	r0, #32
10002e2a:	9b26      	ldr	r3, [sp, #152]	@ 0x98
10002e2c:	271f      	movs	r7, #31
10002e2e:	4003      	ands	r3, r0
10002e30:	4259      	negs	r1, r3
10002e32:	414b      	adcs	r3, r1
10002e34:	425b      	negs	r3, r3
10002e36:	4018      	ands	r0, r3
10002e38:	1c53      	adds	r3, r2, #1
10002e3a:	9308      	str	r3, [sp, #32]
10002e3c:	4659      	mov	r1, fp
10002e3e:	4643      	mov	r3, r8
10002e40:	3045      	adds	r0, #69	@ 0x45
10002e42:	47c8      	blx	r9
10002e44:	9a0a      	ldr	r2, [sp, #40]	@ 0x28
10002e46:	17d3      	asrs	r3, r2, #31
10002e48:	18d4      	adds	r4, r2, r3
10002e4a:	405c      	eors	r4, r3
10002e4c:	0fd3      	lsrs	r3, r2, #31
10002e4e:	930a      	str	r3, [sp, #40]	@ 0x28
10002e50:	1e6b      	subs	r3, r5, #1
10002e52:	930b      	str	r3, [sp, #44]	@ 0x2c
10002e54:	ab08      	add	r3, sp, #32
10002e56:	469c      	mov	ip, r3
10002e58:	2500      	movs	r5, #0
10002e5a:	4467      	add	r7, ip
10002e5c:	e001      	b.n	10002e62 <_etoa+0x136>
10002e5e:	2d20      	cmp	r5, #32
10002e60:	d00f      	beq.n	10002e82 <_etoa+0x156>
10002e62:	0020      	movs	r0, r4
10002e64:	210a      	movs	r1, #10
10002e66:	f7fe ffe3 	bl	10001e30 <__wrap___aeabi_uidiv>
10002e6a:	3501      	adds	r5, #1
10002e6c:	197e      	adds	r6, r7, r5
10002e6e:	3130      	adds	r1, #48	@ 0x30
10002e70:	7031      	strb	r1, [r6, #0]
10002e72:	0020      	movs	r0, r4
10002e74:	210a      	movs	r1, #10
10002e76:	f7fe ffdb 	bl	10001e30 <__wrap___aeabi_uidiv>
10002e7a:	0026      	movs	r6, r4
10002e7c:	0004      	movs	r4, r0
10002e7e:	2e09      	cmp	r6, #9
10002e80:	d8ed      	bhi.n	10002e5e <_etoa+0x132>
10002e82:	2305      	movs	r3, #5
10002e84:	9306      	str	r3, [sp, #24]
10002e86:	9b0b      	ldr	r3, [sp, #44]	@ 0x2c
10002e88:	4659      	mov	r1, fp
10002e8a:	9305      	str	r3, [sp, #20]
10002e8c:	2300      	movs	r3, #0
10002e8e:	9304      	str	r3, [sp, #16]
10002e90:	330a      	adds	r3, #10
10002e92:	9303      	str	r3, [sp, #12]
10002e94:	9b0a      	ldr	r3, [sp, #40]	@ 0x28
10002e96:	4648      	mov	r0, r9
10002e98:	9302      	str	r3, [sp, #8]
10002e9a:	ab10      	add	r3, sp, #64	@ 0x40
10002e9c:	9300      	str	r3, [sp, #0]
10002e9e:	9a08      	ldr	r2, [sp, #32]
10002ea0:	4643      	mov	r3, r8
10002ea2:	9501      	str	r5, [sp, #4]
10002ea4:	f7ff fbf8 	bl	10002698 <_ntoa_format>
10002ea8:	9b0c      	ldr	r3, [sp, #48]	@ 0x30
10002eaa:	2b00      	cmp	r3, #0
10002eac:	d02d      	beq.n	10002f0a <_etoa+0x1de>
10002eae:	4653      	mov	r3, sl
10002eb0:	1ac4      	subs	r4, r0, r3
10002eb2:	9b25      	ldr	r3, [sp, #148]	@ 0x94
10002eb4:	42a3      	cmp	r3, r4
10002eb6:	d928      	bls.n	10002f0a <_etoa+0x1de>
10002eb8:	464d      	mov	r5, r9
10002eba:	465f      	mov	r7, fp
10002ebc:	4681      	mov	r9, r0
10002ebe:	001e      	movs	r6, r3
10002ec0:	4653      	mov	r3, sl
10002ec2:	0039      	movs	r1, r7
10002ec4:	191a      	adds	r2, r3, r4
10002ec6:	2020      	movs	r0, #32
10002ec8:	4643      	mov	r3, r8
10002eca:	3401      	adds	r4, #1
10002ecc:	47a8      	blx	r5
10002ece:	42a6      	cmp	r6, r4
10002ed0:	d8f6      	bhi.n	10002ec0 <_etoa+0x194>
10002ed2:	4653      	mov	r3, sl
10002ed4:	4648      	mov	r0, r9
10002ed6:	9925      	ldr	r1, [sp, #148]	@ 0x94
10002ed8:	1ac2      	subs	r2, r0, r3
10002eda:	3201      	adds	r2, #1
10002edc:	2300      	movs	r3, #0
10002ede:	4291      	cmp	r1, r2
10002ee0:	d300      	bcc.n	10002ee4 <_etoa+0x1b8>
10002ee2:	e186      	b.n	100031f2 <_etoa+0x4c6>
10002ee4:	3001      	adds	r0, #1
10002ee6:	1818      	adds	r0, r3, r0
10002ee8:	e00f      	b.n	10002f0a <_etoa+0x1de>
10002eea:	9b26      	ldr	r3, [sp, #152]	@ 0x98
10002eec:	9304      	str	r3, [sp, #16]
10002eee:	9b25      	ldr	r3, [sp, #148]	@ 0x94
10002ef0:	9303      	str	r3, [sp, #12]
10002ef2:	9b24      	ldr	r3, [sp, #144]	@ 0x90
10002ef4:	9302      	str	r3, [sp, #8]
10002ef6:	9b22      	ldr	r3, [sp, #136]	@ 0x88
10002ef8:	9c23      	ldr	r4, [sp, #140]	@ 0x8c
10002efa:	9300      	str	r3, [sp, #0]
10002efc:	9401      	str	r4, [sp, #4]
10002efe:	4643      	mov	r3, r8
10002f00:	4652      	mov	r2, sl
10002f02:	4659      	mov	r1, fp
10002f04:	4648      	mov	r0, r9
10002f06:	f7ff fcbd 	bl	10002884 <_ftoa>
10002f0a:	b019      	add	sp, #100	@ 0x64
10002f0c:	bcf0      	pop	{r4, r5, r6, r7}
10002f0e:	46bb      	mov	fp, r7
10002f10:	46b2      	mov	sl, r6
10002f12:	46a9      	mov	r9, r5
10002f14:	46a0      	mov	r8, r4
10002f16:	bdf0      	pop	{r4, r5, r6, r7, pc}
10002f18:	4301      	orrs	r1, r0
10002f1a:	d12b      	bne.n	10002f74 <_etoa+0x248>
10002f1c:	9b0b      	ldr	r3, [sp, #44]	@ 0x2c
10002f1e:	0022      	movs	r2, r4
10002f20:	2b00      	cmp	r3, #0
10002f22:	d100      	bne.n	10002f26 <_etoa+0x1fa>
10002f24:	e754      	b.n	10002dd0 <_etoa+0xa4>
10002f26:	2300      	movs	r3, #0
10002f28:	930a      	str	r3, [sp, #40]	@ 0x28
10002f2a:	9b24      	ldr	r3, [sp, #144]	@ 0x90
10002f2c:	9a0a      	ldr	r2, [sp, #40]	@ 0x28
10002f2e:	2400      	movs	r4, #0
10002f30:	4293      	cmp	r3, r2
10002f32:	dd00      	ble.n	10002f36 <_etoa+0x20a>
10002f34:	e185      	b.n	10003242 <_etoa+0x516>
10002f36:	9822      	ldr	r0, [sp, #136]	@ 0x88
10002f38:	9923      	ldr	r1, [sp, #140]	@ 0x8c
10002f3a:	2200      	movs	r2, #0
10002f3c:	2300      	movs	r3, #0
10002f3e:	f7ff fa15 	bl	1000236c <__wrap___aeabi_dcmplt>
10002f42:	2800      	cmp	r0, #0
10002f44:	d000      	beq.n	10002f48 <_etoa+0x21c>
10002f46:	e135      	b.n	100031b4 <_etoa+0x488>
10002f48:	9b26      	ldr	r3, [sp, #152]	@ 0x98
10002f4a:	4a08      	ldr	r2, [pc, #32]	@ (10002f6c <_etoa+0x240>)
10002f4c:	9402      	str	r4, [sp, #8]
10002f4e:	401a      	ands	r2, r3
10002f50:	2380      	movs	r3, #128	@ 0x80
10002f52:	00db      	lsls	r3, r3, #3
10002f54:	4313      	orrs	r3, r2
10002f56:	9304      	str	r3, [sp, #16]
10002f58:	9b25      	ldr	r3, [sp, #148]	@ 0x94
10002f5a:	9303      	str	r3, [sp, #12]
10002f5c:	9b08      	ldr	r3, [sp, #32]
10002f5e:	9c09      	ldr	r4, [sp, #36]	@ 0x24
10002f60:	e7cb      	b.n	10002efa <_etoa+0x1ce>
10002f62:	46c0      	nop			@ (mov r8, r8)
10002f64:	7fefffff 	.word	0x7fefffff
10002f68:	ffefffff 	.word	0xffefffff
10002f6c:	fffff7ff 	.word	0xfffff7ff
10002f70:	2306      	movs	r3, #6
10002f72:	9324      	str	r3, [sp, #144]	@ 0x90
10002f74:	4bb4      	ldr	r3, [pc, #720]	@ (10003248 <_etoa+0x51c>)
10002f76:	0070      	lsls	r0, r6, #1
10002f78:	469c      	mov	ip, r3
10002f7a:	0d40      	lsrs	r0, r0, #21
10002f7c:	4460      	add	r0, ip
10002f7e:	f7ff fa21 	bl	100023c4 <__wrap___aeabi_i2d>
10002f82:	4ab2      	ldr	r2, [pc, #712]	@ (1000324c <_etoa+0x520>)
10002f84:	4bb2      	ldr	r3, [pc, #712]	@ (10003250 <_etoa+0x524>)
10002f86:	f7ff f9b2 	bl	100022ee <__wrap___aeabi_dmul>
10002f8a:	4ab2      	ldr	r2, [pc, #712]	@ (10003254 <_etoa+0x528>)
10002f8c:	4bb2      	ldr	r3, [pc, #712]	@ (10003258 <_etoa+0x52c>)
10002f8e:	f7ff f98f 	bl	100022b0 <__wrap___aeabi_dadd>
10002f92:	0336      	lsls	r6, r6, #12
10002f94:	4bb1      	ldr	r3, [pc, #708]	@ (1000325c <_etoa+0x530>)
10002f96:	0b36      	lsrs	r6, r6, #12
10002f98:	4333      	orrs	r3, r6
10002f9a:	0004      	movs	r4, r0
10002f9c:	000d      	movs	r5, r1
10002f9e:	0038      	movs	r0, r7
10002fa0:	0019      	movs	r1, r3
10002fa2:	2200      	movs	r2, #0
10002fa4:	4bae      	ldr	r3, [pc, #696]	@ (10003260 <_etoa+0x534>)
10002fa6:	f7ff f97e 	bl	100022a6 <__wrap___aeabi_dsub>
10002faa:	4aae      	ldr	r2, [pc, #696]	@ (10003264 <_etoa+0x538>)
10002fac:	4bae      	ldr	r3, [pc, #696]	@ (10003268 <_etoa+0x53c>)
10002fae:	f7ff f99e 	bl	100022ee <__wrap___aeabi_dmul>
10002fb2:	0002      	movs	r2, r0
10002fb4:	000b      	movs	r3, r1
10002fb6:	0020      	movs	r0, r4
10002fb8:	0029      	movs	r1, r5
10002fba:	f7ff f979 	bl	100022b0 <__wrap___aeabi_dadd>
10002fbe:	f7ff fa19 	bl	100023f4 <__wrap___aeabi_d2iz>
10002fc2:	900a      	str	r0, [sp, #40]	@ 0x28
10002fc4:	f7ff f9fe 	bl	100023c4 <__wrap___aeabi_i2d>
10002fc8:	4aa8      	ldr	r2, [pc, #672]	@ (1000326c <_etoa+0x540>)
10002fca:	4ba9      	ldr	r3, [pc, #676]	@ (10003270 <_etoa+0x544>)
10002fcc:	0004      	movs	r4, r0
10002fce:	000d      	movs	r5, r1
10002fd0:	f7ff f98d 	bl	100022ee <__wrap___aeabi_dmul>
10002fd4:	2200      	movs	r2, #0
10002fd6:	4ba7      	ldr	r3, [pc, #668]	@ (10003274 <_etoa+0x548>)
10002fd8:	f7ff f96a 	bl	100022b0 <__wrap___aeabi_dadd>
10002fdc:	f7ff fa0a 	bl	100023f4 <__wrap___aeabi_d2iz>
10002fe0:	4aa5      	ldr	r2, [pc, #660]	@ (10003278 <_etoa+0x54c>)
10002fe2:	0006      	movs	r6, r0
10002fe4:	4ba5      	ldr	r3, [pc, #660]	@ (1000327c <_etoa+0x550>)
10002fe6:	0020      	movs	r0, r4
10002fe8:	0029      	movs	r1, r5
10002fea:	f7ff f980 	bl	100022ee <__wrap___aeabi_dmul>
10002fee:	0004      	movs	r4, r0
10002ff0:	0030      	movs	r0, r6
10002ff2:	000d      	movs	r5, r1
10002ff4:	960c      	str	r6, [sp, #48]	@ 0x30
10002ff6:	f7ff f9e5 	bl	100023c4 <__wrap___aeabi_i2d>
10002ffa:	4aa1      	ldr	r2, [pc, #644]	@ (10003280 <_etoa+0x554>)
10002ffc:	4ba1      	ldr	r3, [pc, #644]	@ (10003284 <_etoa+0x558>)
10002ffe:	f7ff f976 	bl	100022ee <__wrap___aeabi_dmul>
10003002:	0002      	movs	r2, r0
10003004:	000b      	movs	r3, r1
10003006:	0020      	movs	r0, r4
10003008:	0029      	movs	r1, r5
1000300a:	f7ff f94c 	bl	100022a6 <__wrap___aeabi_dsub>
1000300e:	0002      	movs	r2, r0
10003010:	000b      	movs	r3, r1
10003012:	0006      	movs	r6, r0
10003014:	000f      	movs	r7, r1
10003016:	f7ff f96a 	bl	100022ee <__wrap___aeabi_dmul>
1000301a:	0032      	movs	r2, r6
1000301c:	0004      	movs	r4, r0
1000301e:	000d      	movs	r5, r1
10003020:	003b      	movs	r3, r7
10003022:	0030      	movs	r0, r6
10003024:	0039      	movs	r1, r7
10003026:	f7ff f943 	bl	100022b0 <__wrap___aeabi_dadd>
1000302a:	2200      	movs	r2, #0
1000302c:	900e      	str	r0, [sp, #56]	@ 0x38
1000302e:	910f      	str	r1, [sp, #60]	@ 0x3c
10003030:	4b95      	ldr	r3, [pc, #596]	@ (10003288 <_etoa+0x55c>)
10003032:	0020      	movs	r0, r4
10003034:	0029      	movs	r1, r5
10003036:	f7ff f940 	bl	100022ba <__wrap___aeabi_ddiv>
1000303a:	2200      	movs	r2, #0
1000303c:	4b93      	ldr	r3, [pc, #588]	@ (1000328c <_etoa+0x560>)
1000303e:	f7ff f937 	bl	100022b0 <__wrap___aeabi_dadd>
10003042:	0002      	movs	r2, r0
10003044:	000b      	movs	r3, r1
10003046:	0020      	movs	r0, r4
10003048:	0029      	movs	r1, r5
1000304a:	f7ff f936 	bl	100022ba <__wrap___aeabi_ddiv>
1000304e:	2200      	movs	r2, #0
10003050:	4b8f      	ldr	r3, [pc, #572]	@ (10003290 <_etoa+0x564>)
10003052:	f7ff f92d 	bl	100022b0 <__wrap___aeabi_dadd>
10003056:	0002      	movs	r2, r0
10003058:	000b      	movs	r3, r1
1000305a:	0020      	movs	r0, r4
1000305c:	0029      	movs	r1, r5
1000305e:	f7ff f92c 	bl	100022ba <__wrap___aeabi_ddiv>
10003062:	000d      	movs	r5, r1
10003064:	2180      	movs	r1, #128	@ 0x80
10003066:	0004      	movs	r4, r0
10003068:	0032      	movs	r2, r6
1000306a:	003b      	movs	r3, r7
1000306c:	2000      	movs	r0, #0
1000306e:	05c9      	lsls	r1, r1, #23
10003070:	f7ff f919 	bl	100022a6 <__wrap___aeabi_dsub>
10003074:	0002      	movs	r2, r0
10003076:	000b      	movs	r3, r1
10003078:	0020      	movs	r0, r4
1000307a:	0029      	movs	r1, r5
1000307c:	f7ff f918 	bl	100022b0 <__wrap___aeabi_dadd>
10003080:	0002      	movs	r2, r0
10003082:	000b      	movs	r3, r1
10003084:	980e      	ldr	r0, [sp, #56]	@ 0x38
10003086:	990f      	ldr	r1, [sp, #60]	@ 0x3c
10003088:	f7ff f917 	bl	100022ba <__wrap___aeabi_ddiv>
1000308c:	2200      	movs	r2, #0
1000308e:	4b73      	ldr	r3, [pc, #460]	@ (1000325c <_etoa+0x530>)
10003090:	f7ff f90e 	bl	100022b0 <__wrap___aeabi_dadd>
10003094:	4b7f      	ldr	r3, [pc, #508]	@ (10003294 <_etoa+0x568>)
10003096:	9c0c      	ldr	r4, [sp, #48]	@ 0x30
10003098:	469c      	mov	ip, r3
1000309a:	4464      	add	r4, ip
1000309c:	2200      	movs	r2, #0
1000309e:	0523      	lsls	r3, r4, #20
100030a0:	f7ff f925 	bl	100022ee <__wrap___aeabi_dmul>
100030a4:	0006      	movs	r6, r0
100030a6:	000f      	movs	r7, r1
100030a8:	0002      	movs	r2, r0
100030aa:	000b      	movs	r3, r1
100030ac:	9808      	ldr	r0, [sp, #32]
100030ae:	9909      	ldr	r1, [sp, #36]	@ 0x24
100030b0:	f7ff f95c 	bl	1000236c <__wrap___aeabi_dcmplt>
100030b4:	2800      	cmp	r0, #0
100030b6:	d00a      	beq.n	100030ce <_etoa+0x3a2>
100030b8:	9b0a      	ldr	r3, [sp, #40]	@ 0x28
100030ba:	0030      	movs	r0, r6
100030bc:	3b01      	subs	r3, #1
100030be:	0039      	movs	r1, r7
100030c0:	930a      	str	r3, [sp, #40]	@ 0x28
100030c2:	2200      	movs	r2, #0
100030c4:	4b71      	ldr	r3, [pc, #452]	@ (1000328c <_etoa+0x560>)
100030c6:	f7ff f8f8 	bl	100022ba <__wrap___aeabi_ddiv>
100030ca:	0006      	movs	r6, r0
100030cc:	000f      	movs	r7, r1
100030ce:	9a0a      	ldr	r2, [sp, #40]	@ 0x28
100030d0:	0033      	movs	r3, r6
100030d2:	3263      	adds	r2, #99	@ 0x63
100030d4:	0039      	movs	r1, r7
100030d6:	2ac6      	cmp	r2, #198	@ 0xc6
100030d8:	d812      	bhi.n	10003100 <_etoa+0x3d4>
100030da:	2202      	movs	r2, #2
100030dc:	9826      	ldr	r0, [sp, #152]	@ 0x98
100030de:	2504      	movs	r5, #4
100030e0:	4010      	ands	r0, r2
100030e2:	9a0b      	ldr	r2, [sp, #44]	@ 0x2c
100030e4:	900c      	str	r0, [sp, #48]	@ 0x30
100030e6:	2a00      	cmp	r2, #0
100030e8:	d125      	bne.n	10003136 <_etoa+0x40a>
100030ea:	9b25      	ldr	r3, [sp, #148]	@ 0x94
100030ec:	2b04      	cmp	r3, #4
100030ee:	d905      	bls.n	100030fc <_etoa+0x3d0>
100030f0:	2800      	cmp	r0, #0
100030f2:	d000      	beq.n	100030f6 <_etoa+0x3ca>
100030f4:	e0a1      	b.n	1000323a <_etoa+0x50e>
100030f6:	9b25      	ldr	r3, [sp, #148]	@ 0x94
100030f8:	3b04      	subs	r3, #4
100030fa:	930b      	str	r3, [sp, #44]	@ 0x2c
100030fc:	2504      	movs	r5, #4
100030fe:	e041      	b.n	10003184 <_etoa+0x458>
10003100:	2202      	movs	r2, #2
10003102:	9826      	ldr	r0, [sp, #152]	@ 0x98
10003104:	4010      	ands	r0, r2
10003106:	9a0b      	ldr	r2, [sp, #44]	@ 0x2c
10003108:	900c      	str	r0, [sp, #48]	@ 0x30
1000310a:	2a00      	cmp	r2, #0
1000310c:	d112      	bne.n	10003134 <_etoa+0x408>
1000310e:	9b25      	ldr	r3, [sp, #148]	@ 0x94
10003110:	2b05      	cmp	r3, #5
10003112:	d976      	bls.n	10003202 <_etoa+0x4d6>
10003114:	2800      	cmp	r0, #0
10003116:	d172      	bne.n	100031fe <_etoa+0x4d2>
10003118:	9b25      	ldr	r3, [sp, #148]	@ 0x94
1000311a:	2505      	movs	r5, #5
1000311c:	3b05      	subs	r3, #5
1000311e:	930b      	str	r3, [sp, #44]	@ 0x2c
10003120:	e034      	b.n	1000318c <_etoa+0x460>
10003122:	2280      	movs	r2, #128	@ 0x80
10003124:	0612      	lsls	r2, r2, #24
10003126:	4694      	mov	ip, r2
10003128:	9b22      	ldr	r3, [sp, #136]	@ 0x88
1000312a:	9308      	str	r3, [sp, #32]
1000312c:	9b23      	ldr	r3, [sp, #140]	@ 0x8c
1000312e:	4463      	add	r3, ip
10003130:	9309      	str	r3, [sp, #36]	@ 0x24
10003132:	e630      	b.n	10002d96 <_etoa+0x6a>
10003134:	2505      	movs	r5, #5
10003136:	430b      	orrs	r3, r1
10003138:	d100      	bne.n	1000313c <_etoa+0x410>
1000313a:	e6f6      	b.n	10002f2a <_etoa+0x1fe>
1000313c:	9808      	ldr	r0, [sp, #32]
1000313e:	9909      	ldr	r1, [sp, #36]	@ 0x24
10003140:	4a55      	ldr	r2, [pc, #340]	@ (10003298 <_etoa+0x56c>)
10003142:	4b56      	ldr	r3, [pc, #344]	@ (1000329c <_etoa+0x570>)
10003144:	f7ff f920 	bl	10002388 <__wrap___aeabi_dcmpge>
10003148:	2800      	cmp	r0, #0
1000314a:	d008      	beq.n	1000315e <_etoa+0x432>
1000314c:	9808      	ldr	r0, [sp, #32]
1000314e:	9909      	ldr	r1, [sp, #36]	@ 0x24
10003150:	2200      	movs	r2, #0
10003152:	4b53      	ldr	r3, [pc, #332]	@ (100032a0 <_etoa+0x574>)
10003154:	f7ff f90a 	bl	1000236c <__wrap___aeabi_dcmplt>
10003158:	2800      	cmp	r0, #0
1000315a:	d000      	beq.n	1000315e <_etoa+0x432>
1000315c:	e6e5      	b.n	10002f2a <_etoa+0x1fe>
1000315e:	9b24      	ldr	r3, [sp, #144]	@ 0x90
10003160:	2b00      	cmp	r3, #0
10003162:	d01c      	beq.n	1000319e <_etoa+0x472>
10003164:	9b0d      	ldr	r3, [sp, #52]	@ 0x34
10003166:	2b00      	cmp	r3, #0
10003168:	d019      	beq.n	1000319e <_etoa+0x472>
1000316a:	9b24      	ldr	r3, [sp, #144]	@ 0x90
1000316c:	3b01      	subs	r3, #1
1000316e:	9324      	str	r3, [sp, #144]	@ 0x90
10003170:	9b25      	ldr	r3, [sp, #148]	@ 0x94
10003172:	42ab      	cmp	r3, r5
10003174:	d904      	bls.n	10003180 <_etoa+0x454>
10003176:	9b0c      	ldr	r3, [sp, #48]	@ 0x30
10003178:	2b00      	cmp	r3, #0
1000317a:	d05a      	beq.n	10003232 <_etoa+0x506>
1000317c:	2302      	movs	r3, #2
1000317e:	930c      	str	r3, [sp, #48]	@ 0x30
10003180:	2300      	movs	r3, #0
10003182:	930b      	str	r3, [sp, #44]	@ 0x2c
10003184:	9b0a      	ldr	r3, [sp, #40]	@ 0x28
10003186:	2b00      	cmp	r3, #0
10003188:	d100      	bne.n	1000318c <_etoa+0x460>
1000318a:	e631      	b.n	10002df0 <_etoa+0xc4>
1000318c:	9808      	ldr	r0, [sp, #32]
1000318e:	9909      	ldr	r1, [sp, #36]	@ 0x24
10003190:	0032      	movs	r2, r6
10003192:	003b      	movs	r3, r7
10003194:	f7ff f891 	bl	100022ba <__wrap___aeabi_ddiv>
10003198:	9008      	str	r0, [sp, #32]
1000319a:	9109      	str	r1, [sp, #36]	@ 0x24
1000319c:	e628      	b.n	10002df0 <_etoa+0xc4>
1000319e:	9b25      	ldr	r3, [sp, #148]	@ 0x94
100031a0:	42ab      	cmp	r3, r5
100031a2:	d9ed      	bls.n	10003180 <_etoa+0x454>
100031a4:	9b0c      	ldr	r3, [sp, #48]	@ 0x30
100031a6:	2b00      	cmp	r3, #0
100031a8:	d043      	beq.n	10003232 <_etoa+0x506>
100031aa:	2300      	movs	r3, #0
100031ac:	930b      	str	r3, [sp, #44]	@ 0x2c
100031ae:	3302      	adds	r3, #2
100031b0:	930c      	str	r3, [sp, #48]	@ 0x30
100031b2:	e7e7      	b.n	10003184 <_etoa+0x458>
100031b4:	2080      	movs	r0, #128	@ 0x80
100031b6:	9b26      	ldr	r3, [sp, #152]	@ 0x98
100031b8:	4a3a      	ldr	r2, [pc, #232]	@ (100032a4 <_etoa+0x578>)
100031ba:	0600      	lsls	r0, r0, #24
100031bc:	401a      	ands	r2, r3
100031be:	2380      	movs	r3, #128	@ 0x80
100031c0:	4684      	mov	ip, r0
100031c2:	9402      	str	r4, [sp, #8]
100031c4:	9c08      	ldr	r4, [sp, #32]
100031c6:	9d09      	ldr	r5, [sp, #36]	@ 0x24
100031c8:	0029      	movs	r1, r5
100031ca:	00db      	lsls	r3, r3, #3
100031cc:	4313      	orrs	r3, r2
100031ce:	9304      	str	r3, [sp, #16]
100031d0:	9b25      	ldr	r3, [sp, #148]	@ 0x94
100031d2:	4461      	add	r1, ip
100031d4:	0022      	movs	r2, r4
100031d6:	9303      	str	r3, [sp, #12]
100031d8:	000b      	movs	r3, r1
100031da:	9200      	str	r2, [sp, #0]
100031dc:	9301      	str	r3, [sp, #4]
100031de:	e68e      	b.n	10002efe <_etoa+0x1d2>
100031e0:	2405      	movs	r4, #5
100031e2:	e6a8      	b.n	10002f36 <_etoa+0x20a>
100031e4:	2300      	movs	r3, #0
100031e6:	930b      	str	r3, [sp, #44]	@ 0x2c
100031e8:	930a      	str	r3, [sp, #40]	@ 0x28
100031ea:	3302      	adds	r3, #2
100031ec:	2504      	movs	r5, #4
100031ee:	930c      	str	r3, [sp, #48]	@ 0x30
100031f0:	e5fe      	b.n	10002df0 <_etoa+0xc4>
100031f2:	4653      	mov	r3, sl
100031f4:	468c      	mov	ip, r1
100031f6:	3b01      	subs	r3, #1
100031f8:	4463      	add	r3, ip
100031fa:	1a1b      	subs	r3, r3, r0
100031fc:	e672      	b.n	10002ee4 <_etoa+0x1b8>
100031fe:	2302      	movs	r3, #2
10003200:	930c      	str	r3, [sp, #48]	@ 0x30
10003202:	2505      	movs	r5, #5
10003204:	e7c2      	b.n	1000318c <_etoa+0x460>
10003206:	2304      	movs	r3, #4
10003208:	e5ed      	b.n	10002de6 <_etoa+0xba>
1000320a:	2080      	movs	r0, #128	@ 0x80
1000320c:	9e08      	ldr	r6, [sp, #32]
1000320e:	9f09      	ldr	r7, [sp, #36]	@ 0x24
10003210:	0600      	lsls	r0, r0, #24
10003212:	0039      	movs	r1, r7
10003214:	4684      	mov	ip, r0
10003216:	9a26      	ldr	r2, [sp, #152]	@ 0x98
10003218:	4b22      	ldr	r3, [pc, #136]	@ (100032a4 <_etoa+0x578>)
1000321a:	4461      	add	r1, ip
1000321c:	4013      	ands	r3, r2
1000321e:	9304      	str	r3, [sp, #16]
10003220:	9b0b      	ldr	r3, [sp, #44]	@ 0x2c
10003222:	0032      	movs	r2, r6
10003224:	9303      	str	r3, [sp, #12]
10003226:	9b24      	ldr	r3, [sp, #144]	@ 0x90
10003228:	9302      	str	r3, [sp, #8]
1000322a:	000b      	movs	r3, r1
1000322c:	9200      	str	r2, [sp, #0]
1000322e:	9301      	str	r3, [sp, #4]
10003230:	e5f3      	b.n	10002e1a <_etoa+0xee>
10003232:	9b25      	ldr	r3, [sp, #148]	@ 0x94
10003234:	1b5b      	subs	r3, r3, r5
10003236:	930b      	str	r3, [sp, #44]	@ 0x2c
10003238:	e7a4      	b.n	10003184 <_etoa+0x458>
1000323a:	2302      	movs	r3, #2
1000323c:	2504      	movs	r5, #4
1000323e:	930c      	str	r3, [sp, #48]	@ 0x30
10003240:	e7a0      	b.n	10003184 <_etoa+0x458>
10003242:	1a9c      	subs	r4, r3, r2
10003244:	3c01      	subs	r4, #1
10003246:	e676      	b.n	10002f36 <_etoa+0x20a>
10003248:	fffffc01 	.word	0xfffffc01
1000324c:	509f79fb 	.word	0x509f79fb
10003250:	3fd34413 	.word	0x3fd34413
10003254:	8b60c8b3 	.word	0x8b60c8b3
10003258:	3fc68a28 	.word	0x3fc68a28
1000325c:	3ff00000 	.word	0x3ff00000
10003260:	3ff80000 	.word	0x3ff80000
10003264:	636f4361 	.word	0x636f4361
10003268:	3fd287a7 	.word	0x3fd287a7
1000326c:	0979a371 	.word	0x0979a371
10003270:	400a934f 	.word	0x400a934f
10003274:	3fe00000 	.word	0x3fe00000
10003278:	bbb55516 	.word	0xbbb55516
1000327c:	40026bb1 	.word	0x40026bb1
10003280:	fefa39ef 	.word	0xfefa39ef
10003284:	3fe62e42 	.word	0x3fe62e42
10003288:	402c0000 	.word	0x402c0000
1000328c:	40240000 	.word	0x40240000
10003290:	40180000 	.word	0x40180000
10003294:	000003ff 	.word	0x000003ff
10003298:	eb1c432d 	.word	0xeb1c432d
1000329c:	3f1a36e2 	.word	0x3f1a36e2
100032a0:	412e8480 	.word	0x412e8480
100032a4:	fffff7ff 	.word	0xfffff7ff

100032a8 <_vsnprintf>:
100032a8:	b5f0      	push	{r4, r5, r6, r7, lr}
100032aa:	46de      	mov	lr, fp
100032ac:	4657      	mov	r7, sl
100032ae:	464e      	mov	r6, r9
100032b0:	4645      	mov	r5, r8
100032b2:	b5e0      	push	{r5, r6, r7, lr}
100032b4:	b0a5      	sub	sp, #148	@ 0x94
100032b6:	001e      	movs	r6, r3
100032b8:	9b2e      	ldr	r3, [sp, #184]	@ 0xb8
100032ba:	4692      	mov	sl, r2
100032bc:	930c      	str	r3, [sp, #48]	@ 0x30
100032be:	4acd      	ldr	r2, [pc, #820]	@ (100035f4 <_vsnprintf+0x34c>)
100032c0:	4bcd      	ldr	r3, [pc, #820]	@ (100035f8 <_vsnprintf+0x350>)
100032c2:	4680      	mov	r8, r0
100032c4:	468b      	mov	fp, r1
100032c6:	601a      	str	r2, [r3, #0]
100032c8:	2900      	cmp	r1, #0
100032ca:	d100      	bne.n	100032ce <_vsnprintf+0x26>
100032cc:	e1ea      	b.n	100036a4 <_vsnprintf+0x3fc>
100032ce:	2300      	movs	r3, #0
100032d0:	7830      	ldrb	r0, [r6, #0]
100032d2:	4699      	mov	r9, r3
100032d4:	2800      	cmp	r0, #0
100032d6:	d100      	bne.n	100032da <_vsnprintf+0x32>
100032d8:	e1ec      	b.n	100036b4 <_vsnprintf+0x40c>
100032da:	4bc8      	ldr	r3, [pc, #800]	@ (100035fc <_vsnprintf+0x354>)
100032dc:	464c      	mov	r4, r9
100032de:	930b      	str	r3, [sp, #44]	@ 0x2c
100032e0:	4bc7      	ldr	r3, [pc, #796]	@ (10003600 <_vsnprintf+0x358>)
100032e2:	4645      	mov	r5, r8
100032e4:	4657      	mov	r7, sl
100032e6:	930e      	str	r3, [sp, #56]	@ 0x38
100032e8:	e00a      	b.n	10003300 <_vsnprintf+0x58>
100032ea:	1c63      	adds	r3, r4, #1
100032ec:	4698      	mov	r8, r3
100032ee:	0022      	movs	r2, r4
100032f0:	003b      	movs	r3, r7
100032f2:	4659      	mov	r1, fp
100032f4:	47a8      	blx	r5
100032f6:	4644      	mov	r4, r8
100032f8:	7830      	ldrb	r0, [r6, #0]
100032fa:	2800      	cmp	r0, #0
100032fc:	d100      	bne.n	10003300 <_vsnprintf+0x58>
100032fe:	e087      	b.n	10003410 <_vsnprintf+0x168>
10003300:	3601      	adds	r6, #1
10003302:	2825      	cmp	r0, #37	@ 0x25
10003304:	d1f1      	bne.n	100032ea <_vsnprintf+0x42>
10003306:	2308      	movs	r3, #8
10003308:	469a      	mov	sl, r3
1000330a:	3b04      	subs	r3, #4
1000330c:	4699      	mov	r9, r3
1000330e:	3b02      	subs	r3, #2
10003310:	4698      	mov	r8, r3
10003312:	3b01      	subs	r3, #1
10003314:	2200      	movs	r2, #0
10003316:	469c      	mov	ip, r3
10003318:	940d      	str	r4, [sp, #52]	@ 0x34
1000331a:	7830      	ldrb	r0, [r6, #0]
1000331c:	1c71      	adds	r1, r6, #1
1000331e:	0003      	movs	r3, r0
10003320:	3b20      	subs	r3, #32
10003322:	b2db      	uxtb	r3, r3
10003324:	2b10      	cmp	r3, #16
10003326:	d803      	bhi.n	10003330 <_vsnprintf+0x88>
10003328:	9c0b      	ldr	r4, [sp, #44]	@ 0x2c
1000332a:	009b      	lsls	r3, r3, #2
1000332c:	58e3      	ldr	r3, [r4, r3]
1000332e:	469f      	mov	pc, r3
10003330:	0003      	movs	r3, r0
10003332:	3b30      	subs	r3, #48	@ 0x30
10003334:	4689      	mov	r9, r1
10003336:	9c0d      	ldr	r4, [sp, #52]	@ 0x34
10003338:	2b09      	cmp	r3, #9
1000333a:	d93a      	bls.n	100033b2 <_vsnprintf+0x10a>
1000333c:	2300      	movs	r3, #0
1000333e:	4698      	mov	r8, r3
10003340:	282a      	cmp	r0, #42	@ 0x2a
10003342:	d100      	bne.n	10003346 <_vsnprintf+0x9e>
10003344:	e0c1      	b.n	100034ca <_vsnprintf+0x222>
10003346:	2300      	movs	r3, #0
10003348:	469a      	mov	sl, r3
1000334a:	282e      	cmp	r0, #46	@ 0x2e
1000334c:	d04b      	beq.n	100033e6 <_vsnprintf+0x13e>
1000334e:	0003      	movs	r3, r0
10003350:	3b68      	subs	r3, #104	@ 0x68
10003352:	b2db      	uxtb	r3, r3
10003354:	2b12      	cmp	r3, #18
10003356:	d81e      	bhi.n	10003396 <_vsnprintf+0xee>
10003358:	990e      	ldr	r1, [sp, #56]	@ 0x38
1000335a:	009b      	lsls	r3, r3, #2
1000335c:	58cb      	ldr	r3, [r1, r3]
1000335e:	469f      	mov	pc, r3
10003360:	4663      	mov	r3, ip
10003362:	000e      	movs	r6, r1
10003364:	431a      	orrs	r2, r3
10003366:	e7d8      	b.n	1000331a <_vsnprintf+0x72>
10003368:	4643      	mov	r3, r8
1000336a:	000e      	movs	r6, r1
1000336c:	431a      	orrs	r2, r3
1000336e:	e7d4      	b.n	1000331a <_vsnprintf+0x72>
10003370:	464b      	mov	r3, r9
10003372:	000e      	movs	r6, r1
10003374:	431a      	orrs	r2, r3
10003376:	e7d0      	b.n	1000331a <_vsnprintf+0x72>
10003378:	2310      	movs	r3, #16
1000337a:	000e      	movs	r6, r1
1000337c:	431a      	orrs	r2, r3
1000337e:	e7cc      	b.n	1000331a <_vsnprintf+0x72>
10003380:	4653      	mov	r3, sl
10003382:	000e      	movs	r6, r1
10003384:	431a      	orrs	r2, r3
10003386:	e7c8      	b.n	1000331a <_vsnprintf+0x72>
10003388:	2380      	movs	r3, #128	@ 0x80
1000338a:	005b      	lsls	r3, r3, #1
1000338c:	431a      	orrs	r2, r3
1000338e:	3bff      	subs	r3, #255	@ 0xff
10003390:	469c      	mov	ip, r3
10003392:	7870      	ldrb	r0, [r6, #1]
10003394:	44e1      	add	r9, ip
10003396:	464e      	mov	r6, r9
10003398:	2867      	cmp	r0, #103	@ 0x67
1000339a:	d84f      	bhi.n	1000343c <_vsnprintf+0x194>
1000339c:	2824      	cmp	r0, #36	@ 0x24
1000339e:	d9a4      	bls.n	100032ea <_vsnprintf+0x42>
100033a0:	0003      	movs	r3, r0
100033a2:	3b25      	subs	r3, #37	@ 0x25
100033a4:	b2db      	uxtb	r3, r3
100033a6:	2b42      	cmp	r3, #66	@ 0x42
100033a8:	d89f      	bhi.n	100032ea <_vsnprintf+0x42>
100033aa:	4996      	ldr	r1, [pc, #600]	@ (10003604 <_vsnprintf+0x35c>)
100033ac:	009b      	lsls	r3, r3, #2
100033ae:	58cb      	ldr	r3, [r1, r3]
100033b0:	469f      	mov	pc, r3
100033b2:	2300      	movs	r3, #0
100033b4:	4694      	mov	ip, r2
100033b6:	001e      	movs	r6, r3
100033b8:	e000      	b.n	100033bc <_vsnprintf+0x114>
100033ba:	3101      	adds	r1, #1
100033bc:	00b3      	lsls	r3, r6, #2
100033be:	199b      	adds	r3, r3, r6
100033c0:	005b      	lsls	r3, r3, #1
100033c2:	181e      	adds	r6, r3, r0
100033c4:	7808      	ldrb	r0, [r1, #0]
100033c6:	3e30      	subs	r6, #48	@ 0x30
100033c8:	0003      	movs	r3, r0
100033ca:	3b30      	subs	r3, #48	@ 0x30
100033cc:	2b09      	cmp	r3, #9
100033ce:	d9f4      	bls.n	100033ba <_vsnprintf+0x112>
100033d0:	2301      	movs	r3, #1
100033d2:	4662      	mov	r2, ip
100033d4:	4689      	mov	r9, r1
100033d6:	469c      	mov	ip, r3
100033d8:	2300      	movs	r3, #0
100033da:	46b0      	mov	r8, r6
100033dc:	469a      	mov	sl, r3
100033de:	000e      	movs	r6, r1
100033e0:	44e1      	add	r9, ip
100033e2:	282e      	cmp	r0, #46	@ 0x2e
100033e4:	d1b3      	bne.n	1000334e <_vsnprintf+0xa6>
100033e6:	2130      	movs	r1, #48	@ 0x30
100033e8:	2080      	movs	r0, #128	@ 0x80
100033ea:	4249      	negs	r1, r1
100033ec:	468c      	mov	ip, r1
100033ee:	00c0      	lsls	r0, r0, #3
100033f0:	4302      	orrs	r2, r0
100033f2:	7870      	ldrb	r0, [r6, #1]
100033f4:	464b      	mov	r3, r9
100033f6:	4484      	add	ip, r0
100033f8:	4661      	mov	r1, ip
100033fa:	2909      	cmp	r1, #9
100033fc:	d800      	bhi.n	10003400 <_vsnprintf+0x158>
100033fe:	e16c      	b.n	100036da <_vsnprintf+0x432>
10003400:	282a      	cmp	r0, #42	@ 0x2a
10003402:	d100      	bne.n	10003406 <_vsnprintf+0x15e>
10003404:	e17a      	b.n	100036fc <_vsnprintf+0x454>
10003406:	2301      	movs	r3, #1
10003408:	469c      	mov	ip, r3
1000340a:	464e      	mov	r6, r9
1000340c:	44e1      	add	r9, ip
1000340e:	e79e      	b.n	1000334e <_vsnprintf+0xa6>
10003410:	46a1      	mov	r9, r4
10003412:	46a8      	mov	r8, r5
10003414:	46ba      	mov	sl, r7
10003416:	45ca      	cmp	sl, r9
10003418:	d803      	bhi.n	10003422 <_vsnprintf+0x17a>
1000341a:	2301      	movs	r3, #1
1000341c:	425b      	negs	r3, r3
1000341e:	4453      	add	r3, sl
10003420:	4699      	mov	r9, r3
10003422:	4653      	mov	r3, sl
10003424:	464a      	mov	r2, r9
10003426:	4659      	mov	r1, fp
10003428:	2000      	movs	r0, #0
1000342a:	47c0      	blx	r8
1000342c:	0020      	movs	r0, r4
1000342e:	b025      	add	sp, #148	@ 0x94
10003430:	bcf0      	pop	{r4, r5, r6, r7}
10003432:	46bb      	mov	fp, r7
10003434:	46b2      	mov	sl, r6
10003436:	46a9      	mov	r9, r5
10003438:	46a0      	mov	r8, r4
1000343a:	bdf0      	pop	{r4, r5, r6, r7, pc}
1000343c:	0003      	movs	r3, r0
1000343e:	3b69      	subs	r3, #105	@ 0x69
10003440:	b2db      	uxtb	r3, r3
10003442:	930d      	str	r3, [sp, #52]	@ 0x34
10003444:	2b0f      	cmp	r3, #15
10003446:	d900      	bls.n	1000344a <_vsnprintf+0x1a2>
10003448:	e74f      	b.n	100032ea <_vsnprintf+0x42>
1000344a:	2101      	movs	r1, #1
1000344c:	4099      	lsls	r1, r3
1000344e:	468c      	mov	ip, r1
10003450:	496d      	ldr	r1, [pc, #436]	@ (10003608 <_vsnprintf+0x360>)
10003452:	4689      	mov	r9, r1
10003454:	4661      	mov	r1, ip
10003456:	464b      	mov	r3, r9
10003458:	4019      	ands	r1, r3
1000345a:	910f      	str	r1, [sp, #60]	@ 0x3c
1000345c:	4663      	mov	r3, ip
1000345e:	4649      	mov	r1, r9
10003460:	420b      	tst	r3, r1
10003462:	d000      	beq.n	10003466 <_vsnprintf+0x1be>
10003464:	e128      	b.n	100036b8 <_vsnprintf+0x410>
10003466:	9b0d      	ldr	r3, [sp, #52]	@ 0x34
10003468:	2b0a      	cmp	r3, #10
1000346a:	d03a      	beq.n	100034e2 <_vsnprintf+0x23a>
1000346c:	2b07      	cmp	r3, #7
1000346e:	d000      	beq.n	10003472 <_vsnprintf+0x1ca>
10003470:	e73b      	b.n	100032ea <_vsnprintf+0x42>
10003472:	9b0c      	ldr	r3, [sp, #48]	@ 0x30
10003474:	0019      	movs	r1, r3
10003476:	c908      	ldmia	r1!, {r3}
10003478:	4688      	mov	r8, r1
1000347a:	2b00      	cmp	r3, #0
1000347c:	d100      	bne.n	10003480 <_vsnprintf+0x1d8>
1000347e:	e14b      	b.n	10003718 <_vsnprintf+0x470>
10003480:	2021      	movs	r0, #33	@ 0x21
10003482:	4302      	orrs	r2, r0
10003484:	4691      	mov	r9, r2
10003486:	a914      	add	r1, sp, #80	@ 0x50
10003488:	468c      	mov	ip, r1
1000348a:	221f      	movs	r2, #31
1000348c:	210f      	movs	r1, #15
1000348e:	4462      	add	r2, ip
10003490:	468c      	mov	ip, r1
10003492:	4651      	mov	r1, sl
10003494:	950d      	str	r5, [sp, #52]	@ 0x34
10003496:	910c      	str	r1, [sp, #48]	@ 0x30
10003498:	46a2      	mov	sl, r4
1000349a:	0015      	movs	r5, r2
1000349c:	990f      	ldr	r1, [sp, #60]	@ 0x3c
1000349e:	e002      	b.n	100034a6 <_vsnprintf+0x1fe>
100034a0:	2920      	cmp	r1, #32
100034a2:	d00c      	beq.n	100034be <_vsnprintf+0x216>
100034a4:	0013      	movs	r3, r2
100034a6:	4664      	mov	r4, ip
100034a8:	401c      	ands	r4, r3
100034aa:	0020      	movs	r0, r4
100034ac:	3037      	adds	r0, #55	@ 0x37
100034ae:	2c09      	cmp	r4, #9
100034b0:	d800      	bhi.n	100034b4 <_vsnprintf+0x20c>
100034b2:	3807      	subs	r0, #7
100034b4:	3101      	adds	r1, #1
100034b6:	5468      	strb	r0, [r5, r1]
100034b8:	091a      	lsrs	r2, r3, #4
100034ba:	2b0f      	cmp	r3, #15
100034bc:	d8f0      	bhi.n	100034a0 <_vsnprintf+0x1f8>
100034be:	9b0c      	ldr	r3, [sp, #48]	@ 0x30
100034c0:	4654      	mov	r4, sl
100034c2:	9d0d      	ldr	r5, [sp, #52]	@ 0x34
100034c4:	469a      	mov	sl, r3
100034c6:	910f      	str	r1, [sp, #60]	@ 0x3c
100034c8:	e133      	b.n	10003732 <_vsnprintf+0x48a>
100034ca:	9b0c      	ldr	r3, [sp, #48]	@ 0x30
100034cc:	cb02      	ldmia	r3!, {r1}
100034ce:	4688      	mov	r8, r1
100034d0:	2900      	cmp	r1, #0
100034d2:	db47      	blt.n	10003564 <_vsnprintf+0x2bc>
100034d4:	930c      	str	r3, [sp, #48]	@ 0x30
100034d6:	2301      	movs	r3, #1
100034d8:	469c      	mov	ip, r3
100034da:	7870      	ldrb	r0, [r6, #1]
100034dc:	464e      	mov	r6, r9
100034de:	44e1      	add	r9, ip
100034e0:	e731      	b.n	10003346 <_vsnprintf+0x9e>
100034e2:	9b0c      	ldr	r3, [sp, #48]	@ 0x30
100034e4:	cb02      	ldmia	r3!, {r1}
100034e6:	9314      	str	r3, [sp, #80]	@ 0x50
100034e8:	4653      	mov	r3, sl
100034ea:	2b00      	cmp	r3, #0
100034ec:	d100      	bne.n	100034f0 <_vsnprintf+0x248>
100034ee:	e138      	b.n	10003762 <_vsnprintf+0x4ba>
100034f0:	469c      	mov	ip, r3
100034f2:	7808      	ldrb	r0, [r1, #0]
100034f4:	000b      	movs	r3, r1
100034f6:	900c      	str	r0, [sp, #48]	@ 0x30
100034f8:	448c      	add	ip, r1
100034fa:	2800      	cmp	r0, #0
100034fc:	d101      	bne.n	10003502 <_vsnprintf+0x25a>
100034fe:	f000 fc98 	bl	10003e32 <_vsnprintf+0xb8a>
10003502:	4689      	mov	r9, r1
10003504:	4661      	mov	r1, ip
10003506:	4694      	mov	ip, r2
10003508:	e003      	b.n	10003512 <_vsnprintf+0x26a>
1000350a:	785a      	ldrb	r2, [r3, #1]
1000350c:	3301      	adds	r3, #1
1000350e:	2a00      	cmp	r2, #0
10003510:	d001      	beq.n	10003516 <_vsnprintf+0x26e>
10003512:	428b      	cmp	r3, r1
10003514:	d1f9      	bne.n	1000350a <_vsnprintf+0x262>
10003516:	4649      	mov	r1, r9
10003518:	4662      	mov	r2, ip
1000351a:	1a5b      	subs	r3, r3, r1
1000351c:	900c      	str	r0, [sp, #48]	@ 0x30
1000351e:	930f      	str	r3, [sp, #60]	@ 0x3c
10003520:	0553      	lsls	r3, r2, #21
10003522:	d500      	bpl.n	10003526 <_vsnprintf+0x27e>
10003524:	e120      	b.n	10003768 <_vsnprintf+0x4c0>
10003526:	2302      	movs	r3, #2
10003528:	0018      	movs	r0, r3
1000352a:	4010      	ands	r0, r2
1000352c:	900d      	str	r0, [sp, #52]	@ 0x34
1000352e:	4213      	tst	r3, r2
10003530:	d100      	bne.n	10003534 <_vsnprintf+0x28c>
10003532:	e3cb      	b.n	10003ccc <_vsnprintf+0xa24>
10003534:	930d      	str	r3, [sp, #52]	@ 0x34
10003536:	1b0b      	subs	r3, r1, r4
10003538:	46b1      	mov	r9, r6
1000353a:	469a      	mov	sl, r3
1000353c:	465e      	mov	r6, fp
1000353e:	980c      	ldr	r0, [sp, #48]	@ 0x30
10003540:	0022      	movs	r2, r4
10003542:	003b      	movs	r3, r7
10003544:	0031      	movs	r1, r6
10003546:	47a8      	blx	r5
10003548:	4653      	mov	r3, sl
1000354a:	3401      	adds	r4, #1
1000354c:	5d18      	ldrb	r0, [r3, r4]
1000354e:	2800      	cmp	r0, #0
10003550:	d1f6      	bne.n	10003540 <_vsnprintf+0x298>
10003552:	46b3      	mov	fp, r6
10003554:	464e      	mov	r6, r9
10003556:	9b0d      	ldr	r3, [sp, #52]	@ 0x34
10003558:	2b00      	cmp	r3, #0
1000355a:	d000      	beq.n	1000355e <_vsnprintf+0x2b6>
1000355c:	e1c7      	b.n	100038ee <_vsnprintf+0x646>
1000355e:	9b14      	ldr	r3, [sp, #80]	@ 0x50
10003560:	930c      	str	r3, [sp, #48]	@ 0x30
10003562:	e6c9      	b.n	100032f8 <_vsnprintf+0x50>
10003564:	930c      	str	r3, [sp, #48]	@ 0x30
10003566:	2301      	movs	r3, #1
10003568:	469c      	mov	ip, r3
1000356a:	3828      	subs	r0, #40	@ 0x28
1000356c:	4249      	negs	r1, r1
1000356e:	4302      	orrs	r2, r0
10003570:	4688      	mov	r8, r1
10003572:	7870      	ldrb	r0, [r6, #1]
10003574:	464e      	mov	r6, r9
10003576:	44e1      	add	r9, ip
10003578:	e6e5      	b.n	10003346 <_vsnprintf+0x9e>
1000357a:	7870      	ldrb	r0, [r6, #1]
1000357c:	286c      	cmp	r0, #108	@ 0x6c
1000357e:	d100      	bne.n	10003582 <_vsnprintf+0x2da>
10003580:	e17f      	b.n	10003882 <_vsnprintf+0x5da>
10003582:	2380      	movs	r3, #128	@ 0x80
10003584:	005b      	lsls	r3, r3, #1
10003586:	431a      	orrs	r2, r3
10003588:	3bff      	subs	r3, #255	@ 0xff
1000358a:	469c      	mov	ip, r3
1000358c:	44e1      	add	r9, ip
1000358e:	e702      	b.n	10003396 <_vsnprintf+0xee>
10003590:	2380      	movs	r3, #128	@ 0x80
10003592:	009b      	lsls	r3, r3, #2
10003594:	431a      	orrs	r2, r3
10003596:	2301      	movs	r3, #1
10003598:	469c      	mov	ip, r3
1000359a:	7870      	ldrb	r0, [r6, #1]
1000359c:	44e1      	add	r9, ip
1000359e:	e6fa      	b.n	10003396 <_vsnprintf+0xee>
100035a0:	7870      	ldrb	r0, [r6, #1]
100035a2:	2868      	cmp	r0, #104	@ 0x68
100035a4:	d100      	bne.n	100035a8 <_vsnprintf+0x300>
100035a6:	e173      	b.n	10003890 <_vsnprintf+0x5e8>
100035a8:	2380      	movs	r3, #128	@ 0x80
100035aa:	431a      	orrs	r2, r3
100035ac:	3b7f      	subs	r3, #127	@ 0x7f
100035ae:	469c      	mov	ip, r3
100035b0:	44e1      	add	r9, ip
100035b2:	e6f0      	b.n	10003396 <_vsnprintf+0xee>
100035b4:	2867      	cmp	r0, #103	@ 0x67
100035b6:	d100      	bne.n	100035ba <_vsnprintf+0x312>
100035b8:	e103      	b.n	100037c2 <_vsnprintf+0x51a>
100035ba:	2847      	cmp	r0, #71	@ 0x47
100035bc:	d100      	bne.n	100035c0 <_vsnprintf+0x318>
100035be:	e15a      	b.n	10003876 <_vsnprintf+0x5ce>
100035c0:	2845      	cmp	r0, #69	@ 0x45
100035c2:	d100      	bne.n	100035c6 <_vsnprintf+0x31e>
100035c4:	e15a      	b.n	1000387c <_vsnprintf+0x5d4>
100035c6:	9204      	str	r2, [sp, #16]
100035c8:	2107      	movs	r1, #7
100035ca:	4642      	mov	r2, r8
100035cc:	9b0c      	ldr	r3, [sp, #48]	@ 0x30
100035ce:	9203      	str	r2, [sp, #12]
100035d0:	3307      	adds	r3, #7
100035d2:	4652      	mov	r2, sl
100035d4:	438b      	bics	r3, r1
100035d6:	0019      	movs	r1, r3
100035d8:	9202      	str	r2, [sp, #8]
100035da:	c90c      	ldmia	r1!, {r2, r3}
100035dc:	0028      	movs	r0, r5
100035de:	9200      	str	r2, [sp, #0]
100035e0:	9301      	str	r3, [sp, #4]
100035e2:	910c      	str	r1, [sp, #48]	@ 0x30
100035e4:	0022      	movs	r2, r4
100035e6:	003b      	movs	r3, r7
100035e8:	4659      	mov	r1, fp
100035ea:	f7ff fb9f 	bl	10002d2c <_etoa>
100035ee:	0004      	movs	r4, r0
100035f0:	e682      	b.n	100032f8 <_vsnprintf+0x50>
100035f2:	46c0      	nop			@ (mov r8, r8)
100035f4:	100032a9 	.word	0x100032a9
100035f8:	20002b0c 	.word	0x20002b0c
100035fc:	1000af54 	.word	0x1000af54
10003600:	1000af98 	.word	0x1000af98
10003604:	1000afe4 	.word	0x1000afe4
10003608:	00009041 	.word	0x00009041
1000360c:	2846      	cmp	r0, #70	@ 0x46
1000360e:	d100      	bne.n	10003612 <_vsnprintf+0x36a>
10003610:	e0db      	b.n	100037ca <_vsnprintf+0x522>
10003612:	9204      	str	r2, [sp, #16]
10003614:	2107      	movs	r1, #7
10003616:	4642      	mov	r2, r8
10003618:	9b0c      	ldr	r3, [sp, #48]	@ 0x30
1000361a:	9203      	str	r2, [sp, #12]
1000361c:	3307      	adds	r3, #7
1000361e:	4652      	mov	r2, sl
10003620:	438b      	bics	r3, r1
10003622:	0019      	movs	r1, r3
10003624:	9202      	str	r2, [sp, #8]
10003626:	c90c      	ldmia	r1!, {r2, r3}
10003628:	0028      	movs	r0, r5
1000362a:	9200      	str	r2, [sp, #0]
1000362c:	9301      	str	r3, [sp, #4]
1000362e:	910c      	str	r1, [sp, #48]	@ 0x30
10003630:	0022      	movs	r2, r4
10003632:	003b      	movs	r3, r7
10003634:	4659      	mov	r1, fp
10003636:	f7ff f925 	bl	10002884 <_ftoa>
1000363a:	0004      	movs	r4, r0
1000363c:	e65c      	b.n	100032f8 <_vsnprintf+0x50>
1000363e:	1c63      	adds	r3, r4, #1
10003640:	4698      	mov	r8, r3
10003642:	0022      	movs	r2, r4
10003644:	003b      	movs	r3, r7
10003646:	4659      	mov	r1, fp
10003648:	2025      	movs	r0, #37	@ 0x25
1000364a:	47a8      	blx	r5
1000364c:	4644      	mov	r4, r8
1000364e:	e653      	b.n	100032f8 <_vsnprintf+0x50>
10003650:	9b0c      	ldr	r3, [sp, #48]	@ 0x30
10003652:	3304      	adds	r3, #4
10003654:	930d      	str	r3, [sp, #52]	@ 0x34
10003656:	1c63      	adds	r3, r4, #1
10003658:	4699      	mov	r9, r3
1000365a:	0792      	lsls	r2, r2, #30
1000365c:	d400      	bmi.n	10003660 <_vsnprintf+0x3b8>
1000365e:	e122      	b.n	100038a6 <_vsnprintf+0x5fe>
10003660:	9b0c      	ldr	r3, [sp, #48]	@ 0x30
10003662:	0022      	movs	r2, r4
10003664:	7818      	ldrb	r0, [r3, #0]
10003666:	4659      	mov	r1, fp
10003668:	003b      	movs	r3, r7
1000366a:	47a8      	blx	r5
1000366c:	4643      	mov	r3, r8
1000366e:	4444      	add	r4, r8
10003670:	2b01      	cmp	r3, #1
10003672:	d800      	bhi.n	10003676 <_vsnprintf+0x3ce>
10003674:	e285      	b.n	10003b82 <_vsnprintf+0x8da>
10003676:	0033      	movs	r3, r6
10003678:	46b8      	mov	r8, r7
1000367a:	002e      	movs	r6, r5
1000367c:	465f      	mov	r7, fp
1000367e:	0025      	movs	r5, r4
10003680:	464c      	mov	r4, r9
10003682:	4699      	mov	r9, r3
10003684:	0022      	movs	r2, r4
10003686:	4643      	mov	r3, r8
10003688:	3401      	adds	r4, #1
1000368a:	0039      	movs	r1, r7
1000368c:	2020      	movs	r0, #32
1000368e:	47b0      	blx	r6
10003690:	42ac      	cmp	r4, r5
10003692:	d1f7      	bne.n	10003684 <_vsnprintf+0x3dc>
10003694:	002c      	movs	r4, r5
10003696:	46bb      	mov	fp, r7
10003698:	0035      	movs	r5, r6
1000369a:	4647      	mov	r7, r8
1000369c:	464e      	mov	r6, r9
1000369e:	9b0d      	ldr	r3, [sp, #52]	@ 0x34
100036a0:	930c      	str	r3, [sp, #48]	@ 0x30
100036a2:	e629      	b.n	100032f8 <_vsnprintf+0x50>
100036a4:	4bdb      	ldr	r3, [pc, #876]	@ (10003a14 <_vsnprintf+0x76c>)
100036a6:	7830      	ldrb	r0, [r6, #0]
100036a8:	4698      	mov	r8, r3
100036aa:	2300      	movs	r3, #0
100036ac:	4699      	mov	r9, r3
100036ae:	2800      	cmp	r0, #0
100036b0:	d000      	beq.n	100036b4 <_vsnprintf+0x40c>
100036b2:	e612      	b.n	100032da <_vsnprintf+0x32>
100036b4:	2400      	movs	r4, #0
100036b6:	e6ae      	b.n	10003416 <_vsnprintf+0x16e>
100036b8:	286f      	cmp	r0, #111	@ 0x6f
100036ba:	d100      	bne.n	100036be <_vsnprintf+0x416>
100036bc:	e088      	b.n	100037d0 <_vsnprintf+0x528>
100036be:	d800      	bhi.n	100036c2 <_vsnprintf+0x41a>
100036c0:	e30b      	b.n	10003cda <_vsnprintf+0xa32>
100036c2:	2310      	movs	r3, #16
100036c4:	2878      	cmp	r0, #120	@ 0x78
100036c6:	d100      	bne.n	100036ca <_vsnprintf+0x422>
100036c8:	e0cf      	b.n	1000386a <_vsnprintf+0x5c2>
100036ca:	439a      	bics	r2, r3
100036cc:	230a      	movs	r3, #10
100036ce:	469c      	mov	ip, r3
100036d0:	2300      	movs	r3, #0
100036d2:	930f      	str	r3, [sp, #60]	@ 0x3c
100036d4:	330a      	adds	r3, #10
100036d6:	930d      	str	r3, [sp, #52]	@ 0x34
100036d8:	e080      	b.n	100037dc <_vsnprintf+0x534>
100036da:	4656      	mov	r6, sl
100036dc:	00b1      	lsls	r1, r6, #2
100036de:	1989      	adds	r1, r1, r6
100036e0:	0049      	lsls	r1, r1, #1
100036e2:	3301      	adds	r3, #1
100036e4:	180e      	adds	r6, r1, r0
100036e6:	7818      	ldrb	r0, [r3, #0]
100036e8:	3e30      	subs	r6, #48	@ 0x30
100036ea:	0001      	movs	r1, r0
100036ec:	3930      	subs	r1, #48	@ 0x30
100036ee:	2909      	cmp	r1, #9
100036f0:	d9f4      	bls.n	100036dc <_vsnprintf+0x434>
100036f2:	46b2      	mov	sl, r6
100036f4:	001e      	movs	r6, r3
100036f6:	3301      	adds	r3, #1
100036f8:	4699      	mov	r9, r3
100036fa:	e628      	b.n	1000334e <_vsnprintf+0xa6>
100036fc:	9b0c      	ldr	r3, [sp, #48]	@ 0x30
100036fe:	3602      	adds	r6, #2
10003700:	cb02      	ldmia	r3!, {r1}
10003702:	468a      	mov	sl, r1
10003704:	43c9      	mvns	r1, r1
10003706:	4650      	mov	r0, sl
10003708:	17c9      	asrs	r1, r1, #31
1000370a:	4008      	ands	r0, r1
1000370c:	4682      	mov	sl, r0
1000370e:	930c      	str	r3, [sp, #48]	@ 0x30
10003710:	7830      	ldrb	r0, [r6, #0]
10003712:	1c73      	adds	r3, r6, #1
10003714:	4699      	mov	r9, r3
10003716:	e61a      	b.n	1000334e <_vsnprintf+0xa6>
10003718:	2310      	movs	r3, #16
1000371a:	0010      	movs	r0, r2
1000371c:	4398      	bics	r0, r3
1000371e:	3311      	adds	r3, #17
10003720:	4318      	orrs	r0, r3
10003722:	4681      	mov	r9, r0
10003724:	2080      	movs	r0, #128	@ 0x80
10003726:	0013      	movs	r3, r2
10003728:	00c0      	lsls	r0, r0, #3
1000372a:	4003      	ands	r3, r0
1000372c:	4202      	tst	r2, r0
1000372e:	d100      	bne.n	10003732 <_vsnprintf+0x48a>
10003730:	e6a9      	b.n	10003486 <_vsnprintf+0x1de>
10003732:	464b      	mov	r3, r9
10003734:	9306      	str	r3, [sp, #24]
10003736:	2308      	movs	r3, #8
10003738:	9305      	str	r3, [sp, #20]
1000373a:	4653      	mov	r3, sl
1000373c:	9304      	str	r3, [sp, #16]
1000373e:	2310      	movs	r3, #16
10003740:	9303      	str	r3, [sp, #12]
10003742:	2300      	movs	r3, #0
10003744:	9302      	str	r3, [sp, #8]
10003746:	9b0f      	ldr	r3, [sp, #60]	@ 0x3c
10003748:	0022      	movs	r2, r4
1000374a:	9301      	str	r3, [sp, #4]
1000374c:	ab1c      	add	r3, sp, #112	@ 0x70
1000374e:	9300      	str	r3, [sp, #0]
10003750:	4659      	mov	r1, fp
10003752:	003b      	movs	r3, r7
10003754:	0028      	movs	r0, r5
10003756:	f7fe ff9f 	bl	10002698 <_ntoa_format>
1000375a:	4643      	mov	r3, r8
1000375c:	0004      	movs	r4, r0
1000375e:	930c      	str	r3, [sp, #48]	@ 0x30
10003760:	e5ca      	b.n	100032f8 <_vsnprintf+0x50>
10003762:	2301      	movs	r3, #1
10003764:	425b      	negs	r3, r3
10003766:	e6c3      	b.n	100034f0 <_vsnprintf+0x248>
10003768:	9b0f      	ldr	r3, [sp, #60]	@ 0x3c
1000376a:	4553      	cmp	r3, sl
1000376c:	d901      	bls.n	10003772 <_vsnprintf+0x4ca>
1000376e:	4653      	mov	r3, sl
10003770:	930f      	str	r3, [sp, #60]	@ 0x3c
10003772:	2302      	movs	r3, #2
10003774:	0018      	movs	r0, r3
10003776:	4010      	ands	r0, r2
10003778:	900d      	str	r0, [sp, #52]	@ 0x34
1000377a:	4213      	tst	r3, r2
1000377c:	d100      	bne.n	10003780 <_vsnprintf+0x4d8>
1000377e:	e1b7      	b.n	10003af0 <_vsnprintf+0x848>
10003780:	930d      	str	r3, [sp, #52]	@ 0x34
10003782:	46d1      	mov	r9, sl
10003784:	1b0b      	subs	r3, r1, r4
10003786:	469a      	mov	sl, r3
10003788:	0033      	movs	r3, r6
1000378a:	44a1      	add	r9, r4
1000378c:	002e      	movs	r6, r5
1000378e:	0022      	movs	r2, r4
10003790:	464d      	mov	r5, r9
10003792:	980c      	ldr	r0, [sp, #48]	@ 0x30
10003794:	46b9      	mov	r9, r7
10003796:	465f      	mov	r7, fp
10003798:	469b      	mov	fp, r3
1000379a:	e008      	b.n	100037ae <_vsnprintf+0x506>
1000379c:	464b      	mov	r3, r9
1000379e:	0039      	movs	r1, r7
100037a0:	1c54      	adds	r4, r2, #1
100037a2:	47b0      	blx	r6
100037a4:	4653      	mov	r3, sl
100037a6:	5d18      	ldrb	r0, [r3, r4]
100037a8:	2800      	cmp	r0, #0
100037aa:	d077      	beq.n	1000389c <_vsnprintf+0x5f4>
100037ac:	0022      	movs	r2, r4
100037ae:	4295      	cmp	r5, r2
100037b0:	d1f4      	bne.n	1000379c <_vsnprintf+0x4f4>
100037b2:	465b      	mov	r3, fp
100037b4:	46bb      	mov	fp, r7
100037b6:	464f      	mov	r7, r9
100037b8:	46a9      	mov	r9, r5
100037ba:	0035      	movs	r5, r6
100037bc:	464c      	mov	r4, r9
100037be:	001e      	movs	r6, r3
100037c0:	e6c9      	b.n	10003556 <_vsnprintf+0x2ae>
100037c2:	2380      	movs	r3, #128	@ 0x80
100037c4:	011b      	lsls	r3, r3, #4
100037c6:	431a      	orrs	r2, r3
100037c8:	e6fd      	b.n	100035c6 <_vsnprintf+0x31e>
100037ca:	2320      	movs	r3, #32
100037cc:	431a      	orrs	r2, r3
100037ce:	e720      	b.n	10003612 <_vsnprintf+0x36a>
100037d0:	2308      	movs	r3, #8
100037d2:	469c      	mov	ip, r3
100037d4:	2300      	movs	r3, #0
100037d6:	930f      	str	r3, [sp, #60]	@ 0x3c
100037d8:	3308      	adds	r3, #8
100037da:	930d      	str	r3, [sp, #52]	@ 0x34
100037dc:	2380      	movs	r3, #128	@ 0x80
100037de:	0011      	movs	r1, r2
100037e0:	00db      	lsls	r3, r3, #3
100037e2:	4019      	ands	r1, r3
100037e4:	421a      	tst	r2, r3
100037e6:	d100      	bne.n	100037ea <_vsnprintf+0x542>
100037e8:	e116      	b.n	10003a18 <_vsnprintf+0x770>
100037ea:	230d      	movs	r3, #13
100037ec:	439a      	bics	r2, r3
100037ee:	0010      	movs	r0, r2
100037f0:	2380      	movs	r3, #128	@ 0x80
100037f2:	0002      	movs	r2, r0
100037f4:	009b      	lsls	r3, r3, #2
100037f6:	401a      	ands	r2, r3
100037f8:	9214      	str	r2, [sp, #80]	@ 0x50
100037fa:	4218      	tst	r0, r3
100037fc:	d000      	beq.n	10003800 <_vsnprintf+0x558>
100037fe:	e1c2      	b.n	10003b86 <_vsnprintf+0x8de>
10003800:	2380      	movs	r3, #128	@ 0x80
10003802:	0002      	movs	r2, r0
10003804:	005b      	lsls	r3, r3, #1
10003806:	401a      	ands	r2, r3
10003808:	4691      	mov	r9, r2
1000380a:	9a0c      	ldr	r2, [sp, #48]	@ 0x30
1000380c:	3204      	adds	r2, #4
1000380e:	920f      	str	r2, [sp, #60]	@ 0x3c
10003810:	4218      	tst	r0, r3
10003812:	d000      	beq.n	10003816 <_vsnprintf+0x56e>
10003814:	e2b7      	b.n	10003d86 <_vsnprintf+0xade>
10003816:	0643      	lsls	r3, r0, #25
10003818:	d500      	bpl.n	1000381c <_vsnprintf+0x574>
1000381a:	e19f      	b.n	10003b5c <_vsnprintf+0x8b4>
1000381c:	0603      	lsls	r3, r0, #24
1000381e:	d400      	bmi.n	10003822 <_vsnprintf+0x57a>
10003820:	e319      	b.n	10003e56 <_vsnprintf+0xbae>
10003822:	9b0c      	ldr	r3, [sp, #48]	@ 0x30
10003824:	881b      	ldrh	r3, [r3, #0]
10003826:	9309      	str	r3, [sp, #36]	@ 0x24
10003828:	2b00      	cmp	r3, #0
1000382a:	d000      	beq.n	1000382e <_vsnprintf+0x586>
1000382c:	e1fc      	b.n	10003c28 <_vsnprintf+0x980>
1000382e:	3310      	adds	r3, #16
10003830:	4398      	bics	r0, r3
10003832:	2900      	cmp	r1, #0
10003834:	d100      	bne.n	10003838 <_vsnprintf+0x590>
10003836:	e1f7      	b.n	10003c28 <_vsnprintf+0x980>
10003838:	2300      	movs	r3, #0
1000383a:	4699      	mov	r9, r3
1000383c:	4643      	mov	r3, r8
1000383e:	9305      	str	r3, [sp, #20]
10003840:	4653      	mov	r3, sl
10003842:	9304      	str	r3, [sp, #16]
10003844:	9b0d      	ldr	r3, [sp, #52]	@ 0x34
10003846:	9006      	str	r0, [sp, #24]
10003848:	9303      	str	r3, [sp, #12]
1000384a:	2300      	movs	r3, #0
1000384c:	e0d2      	b.n	100039f4 <_vsnprintf+0x74c>
1000384e:	2858      	cmp	r0, #88	@ 0x58
10003850:	d008      	beq.n	10003864 <_vsnprintf+0x5bc>
10003852:	2862      	cmp	r0, #98	@ 0x62
10003854:	d167      	bne.n	10003926 <_vsnprintf+0x67e>
10003856:	2302      	movs	r3, #2
10003858:	469c      	mov	ip, r3
1000385a:	2300      	movs	r3, #0
1000385c:	930f      	str	r3, [sp, #60]	@ 0x3c
1000385e:	3302      	adds	r3, #2
10003860:	930d      	str	r3, [sp, #52]	@ 0x34
10003862:	e7bb      	b.n	100037dc <_vsnprintf+0x534>
10003864:	2320      	movs	r3, #32
10003866:	431a      	orrs	r2, r3
10003868:	3b10      	subs	r3, #16
1000386a:	469c      	mov	ip, r3
1000386c:	2300      	movs	r3, #0
1000386e:	930f      	str	r3, [sp, #60]	@ 0x3c
10003870:	3310      	adds	r3, #16
10003872:	930d      	str	r3, [sp, #52]	@ 0x34
10003874:	e7b2      	b.n	100037dc <_vsnprintf+0x534>
10003876:	2380      	movs	r3, #128	@ 0x80
10003878:	011b      	lsls	r3, r3, #4
1000387a:	431a      	orrs	r2, r3
1000387c:	2320      	movs	r3, #32
1000387e:	431a      	orrs	r2, r3
10003880:	e6a1      	b.n	100035c6 <_vsnprintf+0x31e>
10003882:	23c0      	movs	r3, #192	@ 0xc0
10003884:	009b      	lsls	r3, r3, #2
10003886:	431a      	orrs	r2, r3
10003888:	1cf3      	adds	r3, r6, #3
1000388a:	4699      	mov	r9, r3
1000388c:	78b0      	ldrb	r0, [r6, #2]
1000388e:	e582      	b.n	10003396 <_vsnprintf+0xee>
10003890:	23c0      	movs	r3, #192	@ 0xc0
10003892:	431a      	orrs	r2, r3
10003894:	1cf3      	adds	r3, r6, #3
10003896:	4699      	mov	r9, r3
10003898:	78b0      	ldrb	r0, [r6, #2]
1000389a:	e57c      	b.n	10003396 <_vsnprintf+0xee>
1000389c:	0035      	movs	r5, r6
1000389e:	465e      	mov	r6, fp
100038a0:	46bb      	mov	fp, r7
100038a2:	464f      	mov	r7, r9
100038a4:	e657      	b.n	10003556 <_vsnprintf+0x2ae>
100038a6:	4643      	mov	r3, r8
100038a8:	2b01      	cmp	r3, #1
100038aa:	d800      	bhi.n	100038ae <_vsnprintf+0x606>
100038ac:	e163      	b.n	10003b76 <_vsnprintf+0x8ce>
100038ae:	1e63      	subs	r3, r4, #1
100038b0:	4443      	add	r3, r8
100038b2:	469a      	mov	sl, r3
100038b4:	0033      	movs	r3, r6
100038b6:	46b9      	mov	r9, r7
100038b8:	002e      	movs	r6, r5
100038ba:	465f      	mov	r7, fp
100038bc:	4655      	mov	r5, sl
100038be:	469b      	mov	fp, r3
100038c0:	46a2      	mov	sl, r4
100038c2:	0022      	movs	r2, r4
100038c4:	464b      	mov	r3, r9
100038c6:	3401      	adds	r4, #1
100038c8:	0039      	movs	r1, r7
100038ca:	2020      	movs	r0, #32
100038cc:	47b0      	blx	r6
100038ce:	42ac      	cmp	r4, r5
100038d0:	d1f7      	bne.n	100038c2 <_vsnprintf+0x61a>
100038d2:	0035      	movs	r5, r6
100038d4:	465e      	mov	r6, fp
100038d6:	46bb      	mov	fp, r7
100038d8:	464f      	mov	r7, r9
100038da:	46a1      	mov	r9, r4
100038dc:	4654      	mov	r4, sl
100038de:	9b0c      	ldr	r3, [sp, #48]	@ 0x30
100038e0:	464a      	mov	r2, r9
100038e2:	7818      	ldrb	r0, [r3, #0]
100038e4:	4659      	mov	r1, fp
100038e6:	003b      	movs	r3, r7
100038e8:	4444      	add	r4, r8
100038ea:	47a8      	blx	r5
100038ec:	e6d7      	b.n	1000369e <_vsnprintf+0x3f6>
100038ee:	46a1      	mov	r9, r4
100038f0:	9b0f      	ldr	r3, [sp, #60]	@ 0x3c
100038f2:	4598      	cmp	r8, r3
100038f4:	d800      	bhi.n	100038f8 <_vsnprintf+0x650>
100038f6:	e632      	b.n	1000355e <_vsnprintf+0x2b6>
100038f8:	4444      	add	r4, r8
100038fa:	1ae4      	subs	r4, r4, r3
100038fc:	0033      	movs	r3, r6
100038fe:	46b8      	mov	r8, r7
10003900:	002e      	movs	r6, r5
10003902:	465f      	mov	r7, fp
10003904:	0025      	movs	r5, r4
10003906:	464c      	mov	r4, r9
10003908:	4699      	mov	r9, r3
1000390a:	0022      	movs	r2, r4
1000390c:	4643      	mov	r3, r8
1000390e:	3401      	adds	r4, #1
10003910:	0039      	movs	r1, r7
10003912:	2020      	movs	r0, #32
10003914:	47b0      	blx	r6
10003916:	42ac      	cmp	r4, r5
10003918:	d1f7      	bne.n	1000390a <_vsnprintf+0x662>
1000391a:	002c      	movs	r4, r5
1000391c:	46bb      	mov	fp, r7
1000391e:	0035      	movs	r5, r6
10003920:	4647      	mov	r7, r8
10003922:	464e      	mov	r6, r9
10003924:	e61b      	b.n	1000355e <_vsnprintf+0x2b6>
10003926:	2380      	movs	r3, #128	@ 0x80
10003928:	0010      	movs	r0, r2
1000392a:	00db      	lsls	r3, r3, #3
1000392c:	4018      	ands	r0, r3
1000392e:	421a      	tst	r2, r3
10003930:	d100      	bne.n	10003934 <_vsnprintf+0x68c>
10003932:	e10f      	b.n	10003b54 <_vsnprintf+0x8ac>
10003934:	2111      	movs	r1, #17
10003936:	0018      	movs	r0, r3
10003938:	438a      	bics	r2, r1
1000393a:	920d      	str	r2, [sp, #52]	@ 0x34
1000393c:	9a0d      	ldr	r2, [sp, #52]	@ 0x34
1000393e:	2380      	movs	r3, #128	@ 0x80
10003940:	0011      	movs	r1, r2
10003942:	009b      	lsls	r3, r3, #2
10003944:	4019      	ands	r1, r3
10003946:	468c      	mov	ip, r1
10003948:	421a      	tst	r2, r3
1000394a:	d169      	bne.n	10003a20 <_vsnprintf+0x778>
1000394c:	2380      	movs	r3, #128	@ 0x80
1000394e:	0011      	movs	r1, r2
10003950:	005b      	lsls	r3, r3, #1
10003952:	4019      	ands	r1, r3
10003954:	4689      	mov	r9, r1
10003956:	990c      	ldr	r1, [sp, #48]	@ 0x30
10003958:	3104      	adds	r1, #4
1000395a:	910f      	str	r1, [sp, #60]	@ 0x3c
1000395c:	421a      	tst	r2, r3
1000395e:	d000      	beq.n	10003962 <_vsnprintf+0x6ba>
10003960:	e1ca      	b.n	10003cf8 <_vsnprintf+0xa50>
10003962:	0013      	movs	r3, r2
10003964:	065b      	lsls	r3, r3, #25
10003966:	d500      	bpl.n	1000396a <_vsnprintf+0x6c2>
10003968:	e0f0      	b.n	10003b4c <_vsnprintf+0x8a4>
1000396a:	0013      	movs	r3, r2
1000396c:	061b      	lsls	r3, r3, #24
1000396e:	d400      	bmi.n	10003972 <_vsnprintf+0x6ca>
10003970:	e259      	b.n	10003e26 <_vsnprintf+0xb7e>
10003972:	9b0c      	ldr	r3, [sp, #48]	@ 0x30
10003974:	2200      	movs	r2, #0
10003976:	5e9b      	ldrsh	r3, [r3, r2]
10003978:	17d9      	asrs	r1, r3, #31
1000397a:	185a      	adds	r2, r3, r1
1000397c:	404a      	eors	r2, r1
1000397e:	b292      	uxth	r2, r2
10003980:	0fd9      	lsrs	r1, r3, #31
10003982:	910c      	str	r1, [sp, #48]	@ 0x30
10003984:	2b00      	cmp	r3, #0
10003986:	d100      	bne.n	1000398a <_vsnprintf+0x6e2>
10003988:	e1f9      	b.n	10003d7e <_vsnprintf+0xad6>
1000398a:	0010      	movs	r0, r2
1000398c:	aa14      	add	r2, sp, #80	@ 0x50
1000398e:	4694      	mov	ip, r2
10003990:	4642      	mov	r2, r8
10003992:	231f      	movs	r3, #31
10003994:	9214      	str	r2, [sp, #80]	@ 0x50
10003996:	4652      	mov	r2, sl
10003998:	4463      	add	r3, ip
1000399a:	46a8      	mov	r8, r5
1000399c:	9416      	str	r4, [sp, #88]	@ 0x58
1000399e:	464d      	mov	r5, r9
100039a0:	0004      	movs	r4, r0
100039a2:	46b9      	mov	r9, r7
100039a4:	46b2      	mov	sl, r6
100039a6:	001f      	movs	r7, r3
100039a8:	9215      	str	r2, [sp, #84]	@ 0x54
100039aa:	e001      	b.n	100039b0 <_vsnprintf+0x708>
100039ac:	2d20      	cmp	r5, #32
100039ae:	d00f      	beq.n	100039d0 <_vsnprintf+0x728>
100039b0:	0020      	movs	r0, r4
100039b2:	210a      	movs	r1, #10
100039b4:	f7fe fa3c 	bl	10001e30 <__wrap___aeabi_uidiv>
100039b8:	3501      	adds	r5, #1
100039ba:	197e      	adds	r6, r7, r5
100039bc:	3130      	adds	r1, #48	@ 0x30
100039be:	7031      	strb	r1, [r6, #0]
100039c0:	0020      	movs	r0, r4
100039c2:	210a      	movs	r1, #10
100039c4:	f7fe fa34 	bl	10001e30 <__wrap___aeabi_uidiv>
100039c8:	0026      	movs	r6, r4
100039ca:	0004      	movs	r4, r0
100039cc:	2e09      	cmp	r6, #9
100039ce:	d8ed      	bhi.n	100039ac <_vsnprintf+0x704>
100039d0:	9b14      	ldr	r3, [sp, #80]	@ 0x50
100039d2:	464f      	mov	r7, r9
100039d4:	46a9      	mov	r9, r5
100039d6:	4645      	mov	r5, r8
100039d8:	4698      	mov	r8, r3
100039da:	9b15      	ldr	r3, [sp, #84]	@ 0x54
100039dc:	4656      	mov	r6, sl
100039de:	469a      	mov	sl, r3
100039e0:	9c16      	ldr	r4, [sp, #88]	@ 0x58
100039e2:	9b0d      	ldr	r3, [sp, #52]	@ 0x34
100039e4:	9306      	str	r3, [sp, #24]
100039e6:	4643      	mov	r3, r8
100039e8:	9305      	str	r3, [sp, #20]
100039ea:	4653      	mov	r3, sl
100039ec:	9304      	str	r3, [sp, #16]
100039ee:	230a      	movs	r3, #10
100039f0:	9303      	str	r3, [sp, #12]
100039f2:	9b0c      	ldr	r3, [sp, #48]	@ 0x30
100039f4:	9302      	str	r3, [sp, #8]
100039f6:	464b      	mov	r3, r9
100039f8:	9301      	str	r3, [sp, #4]
100039fa:	ab1c      	add	r3, sp, #112	@ 0x70
100039fc:	0022      	movs	r2, r4
100039fe:	9300      	str	r3, [sp, #0]
10003a00:	4659      	mov	r1, fp
10003a02:	003b      	movs	r3, r7
10003a04:	0028      	movs	r0, r5
10003a06:	f7fe fe47 	bl	10002698 <_ntoa_format>
10003a0a:	9b0f      	ldr	r3, [sp, #60]	@ 0x3c
10003a0c:	0004      	movs	r4, r0
10003a0e:	930c      	str	r3, [sp, #48]	@ 0x30
10003a10:	e472      	b.n	100032f8 <_vsnprintf+0x50>
10003a12:	46c0      	nop			@ (mov r8, r8)
10003a14:	100025e9 	.word	0x100025e9
10003a18:	230c      	movs	r3, #12
10003a1a:	439a      	bics	r2, r3
10003a1c:	0010      	movs	r0, r2
10003a1e:	e6e7      	b.n	100037f0 <_vsnprintf+0x548>
10003a20:	2207      	movs	r2, #7
10003a22:	9b0c      	ldr	r3, [sp, #48]	@ 0x30
10003a24:	3307      	adds	r3, #7
10003a26:	4393      	bics	r3, r2
10003a28:	3201      	adds	r2, #1
10003a2a:	4694      	mov	ip, r2
10003a2c:	449c      	add	ip, r3
10003a2e:	4662      	mov	r2, ip
10003a30:	920c      	str	r2, [sp, #48]	@ 0x30
10003a32:	cb0c      	ldmia	r3, {r2, r3}
10003a34:	0fd9      	lsrs	r1, r3, #31
10003a36:	910f      	str	r1, [sp, #60]	@ 0x3c
10003a38:	0011      	movs	r1, r2
10003a3a:	4319      	orrs	r1, r3
10003a3c:	d100      	bne.n	10003a40 <_vsnprintf+0x798>
10003a3e:	e091      	b.n	10003b64 <_vsnprintf+0x8bc>
10003a40:	17d9      	asrs	r1, r3, #31
10003a42:	9113      	str	r1, [sp, #76]	@ 0x4c
10003a44:	9112      	str	r1, [sp, #72]	@ 0x48
10003a46:	4051      	eors	r1, r2
10003a48:	9110      	str	r1, [sp, #64]	@ 0x40
10003a4a:	9913      	ldr	r1, [sp, #76]	@ 0x4c
10003a4c:	4059      	eors	r1, r3
10003a4e:	9111      	str	r1, [sp, #68]	@ 0x44
10003a50:	9810      	ldr	r0, [sp, #64]	@ 0x40
10003a52:	9911      	ldr	r1, [sp, #68]	@ 0x44
10003a54:	9a12      	ldr	r2, [sp, #72]	@ 0x48
10003a56:	9b13      	ldr	r3, [sp, #76]	@ 0x4c
10003a58:	1a80      	subs	r0, r0, r2
10003a5a:	4199      	sbcs	r1, r3
10003a5c:	9010      	str	r0, [sp, #64]	@ 0x40
10003a5e:	9111      	str	r1, [sp, #68]	@ 0x44
10003a60:	aa14      	add	r2, sp, #80	@ 0x50
10003a62:	2300      	movs	r3, #0
10003a64:	4694      	mov	ip, r2
10003a66:	4642      	mov	r2, r8
10003a68:	4699      	mov	r9, r3
10003a6a:	9214      	str	r2, [sp, #80]	@ 0x50
10003a6c:	4652      	mov	r2, sl
10003a6e:	331f      	adds	r3, #31
10003a70:	4463      	add	r3, ip
10003a72:	46a8      	mov	r8, r5
10003a74:	46b2      	mov	sl, r6
10003a76:	9416      	str	r4, [sp, #88]	@ 0x58
10003a78:	464e      	mov	r6, r9
10003a7a:	9c10      	ldr	r4, [sp, #64]	@ 0x40
10003a7c:	9d11      	ldr	r5, [sp, #68]	@ 0x44
10003a7e:	46b9      	mov	r9, r7
10003a80:	9215      	str	r2, [sp, #84]	@ 0x54
10003a82:	001f      	movs	r7, r3
10003a84:	e001      	b.n	10003a8a <_vsnprintf+0x7e2>
10003a86:	2e20      	cmp	r6, #32
10003a88:	d010      	beq.n	10003aac <_vsnprintf+0x804>
10003a8a:	0020      	movs	r0, r4
10003a8c:	0029      	movs	r1, r5
10003a8e:	220a      	movs	r2, #10
10003a90:	2300      	movs	r3, #0
10003a92:	f7fe fa0b 	bl	10001eac <__wrap___aeabi_uldivmod>
10003a96:	3601      	adds	r6, #1
10003a98:	3230      	adds	r2, #48	@ 0x30
10003a9a:	002b      	movs	r3, r5
10003a9c:	55ba      	strb	r2, [r7, r6]
10003a9e:	000d      	movs	r5, r1
10003aa0:	0022      	movs	r2, r4
10003aa2:	0004      	movs	r4, r0
10003aa4:	2b00      	cmp	r3, #0
10003aa6:	d1ee      	bne.n	10003a86 <_vsnprintf+0x7de>
10003aa8:	2a09      	cmp	r2, #9
10003aaa:	d8ec      	bhi.n	10003a86 <_vsnprintf+0x7de>
10003aac:	9b14      	ldr	r3, [sp, #80]	@ 0x50
10003aae:	9410      	str	r4, [sp, #64]	@ 0x40
10003ab0:	9511      	str	r5, [sp, #68]	@ 0x44
10003ab2:	4645      	mov	r5, r8
10003ab4:	4698      	mov	r8, r3
10003ab6:	9b15      	ldr	r3, [sp, #84]	@ 0x54
10003ab8:	464f      	mov	r7, r9
10003aba:	46b1      	mov	r9, r6
10003abc:	4656      	mov	r6, sl
10003abe:	469a      	mov	sl, r3
10003ac0:	9c16      	ldr	r4, [sp, #88]	@ 0x58
10003ac2:	9b0d      	ldr	r3, [sp, #52]	@ 0x34
10003ac4:	9306      	str	r3, [sp, #24]
10003ac6:	4643      	mov	r3, r8
10003ac8:	9305      	str	r3, [sp, #20]
10003aca:	4653      	mov	r3, sl
10003acc:	9304      	str	r3, [sp, #16]
10003ace:	230a      	movs	r3, #10
10003ad0:	9303      	str	r3, [sp, #12]
10003ad2:	9b0f      	ldr	r3, [sp, #60]	@ 0x3c
10003ad4:	9302      	str	r3, [sp, #8]
10003ad6:	464b      	mov	r3, r9
10003ad8:	9301      	str	r3, [sp, #4]
10003ada:	ab1c      	add	r3, sp, #112	@ 0x70
10003adc:	0022      	movs	r2, r4
10003ade:	9300      	str	r3, [sp, #0]
10003ae0:	4659      	mov	r1, fp
10003ae2:	003b      	movs	r3, r7
10003ae4:	0028      	movs	r0, r5
10003ae6:	f7fe fdd7 	bl	10002698 <_ntoa_format>
10003aea:	0004      	movs	r4, r0
10003aec:	f7ff fc04 	bl	100032f8 <_vsnprintf+0x50>
10003af0:	9b0f      	ldr	r3, [sp, #60]	@ 0x3c
10003af2:	4598      	cmp	r8, r3
10003af4:	d800      	bhi.n	10003af8 <_vsnprintf+0x850>
10003af6:	e1c1      	b.n	10003e7c <_vsnprintf+0xbd4>
10003af8:	2380      	movs	r3, #128	@ 0x80
10003afa:	00db      	lsls	r3, r3, #3
10003afc:	930d      	str	r3, [sp, #52]	@ 0x34
10003afe:	4643      	mov	r3, r8
10003b00:	9a0f      	ldr	r2, [sp, #60]	@ 0x3c
10003b02:	191b      	adds	r3, r3, r4
10003b04:	1a9b      	subs	r3, r3, r2
10003b06:	4699      	mov	r9, r3
10003b08:	0033      	movs	r3, r6
10003b0a:	002e      	movs	r6, r5
10003b0c:	464d      	mov	r5, r9
10003b0e:	46b9      	mov	r9, r7
10003b10:	465f      	mov	r7, fp
10003b12:	469b      	mov	fp, r3
10003b14:	910c      	str	r1, [sp, #48]	@ 0x30
10003b16:	0022      	movs	r2, r4
10003b18:	464b      	mov	r3, r9
10003b1a:	3401      	adds	r4, #1
10003b1c:	0039      	movs	r1, r7
10003b1e:	2020      	movs	r0, #32
10003b20:	47b0      	blx	r6
10003b22:	42ac      	cmp	r4, r5
10003b24:	d1f7      	bne.n	10003b16 <_vsnprintf+0x86e>
10003b26:	4643      	mov	r3, r8
10003b28:	990c      	ldr	r1, [sp, #48]	@ 0x30
10003b2a:	3301      	adds	r3, #1
10003b2c:	930f      	str	r3, [sp, #60]	@ 0x3c
10003b2e:	780b      	ldrb	r3, [r1, #0]
10003b30:	0035      	movs	r5, r6
10003b32:	930c      	str	r3, [sp, #48]	@ 0x30
10003b34:	465e      	mov	r6, fp
10003b36:	46bb      	mov	fp, r7
10003b38:	464f      	mov	r7, r9
10003b3a:	2b00      	cmp	r3, #0
10003b3c:	d100      	bne.n	10003b40 <_vsnprintf+0x898>
10003b3e:	e50e      	b.n	1000355e <_vsnprintf+0x2b6>
10003b40:	9b0d      	ldr	r3, [sp, #52]	@ 0x34
10003b42:	2b00      	cmp	r3, #0
10003b44:	d100      	bne.n	10003b48 <_vsnprintf+0x8a0>
10003b46:	e4f6      	b.n	10003536 <_vsnprintf+0x28e>
10003b48:	2300      	movs	r3, #0
10003b4a:	e619      	b.n	10003780 <_vsnprintf+0x4d8>
10003b4c:	9b0c      	ldr	r3, [sp, #48]	@ 0x30
10003b4e:	781b      	ldrb	r3, [r3, #0]
10003b50:	001a      	movs	r2, r3
10003b52:	e715      	b.n	10003980 <_vsnprintf+0x6d8>
10003b54:	2310      	movs	r3, #16
10003b56:	439a      	bics	r2, r3
10003b58:	920d      	str	r2, [sp, #52]	@ 0x34
10003b5a:	e6ef      	b.n	1000393c <_vsnprintf+0x694>
10003b5c:	9b0c      	ldr	r3, [sp, #48]	@ 0x30
10003b5e:	781b      	ldrb	r3, [r3, #0]
10003b60:	9309      	str	r3, [sp, #36]	@ 0x24
10003b62:	e661      	b.n	10003828 <_vsnprintf+0x580>
10003b64:	2300      	movs	r3, #0
10003b66:	4699      	mov	r9, r3
10003b68:	2800      	cmp	r0, #0
10003b6a:	d1aa      	bne.n	10003ac2 <_vsnprintf+0x81a>
10003b6c:	2200      	movs	r2, #0
10003b6e:	2300      	movs	r3, #0
10003b70:	9210      	str	r2, [sp, #64]	@ 0x40
10003b72:	9311      	str	r3, [sp, #68]	@ 0x44
10003b74:	e774      	b.n	10003a60 <_vsnprintf+0x7b8>
10003b76:	9b0c      	ldr	r3, [sp, #48]	@ 0x30
10003b78:	0022      	movs	r2, r4
10003b7a:	7818      	ldrb	r0, [r3, #0]
10003b7c:	4659      	mov	r1, fp
10003b7e:	003b      	movs	r3, r7
10003b80:	47a8      	blx	r5
10003b82:	464c      	mov	r4, r9
10003b84:	e58b      	b.n	1000369e <_vsnprintf+0x3f6>
10003b86:	9a0c      	ldr	r2, [sp, #48]	@ 0x30
10003b88:	3bfa      	subs	r3, #250	@ 0xfa
10003b8a:	3bff      	subs	r3, #255	@ 0xff
10003b8c:	3207      	adds	r2, #7
10003b8e:	439a      	bics	r2, r3
10003b90:	3301      	adds	r3, #1
10003b92:	4699      	mov	r9, r3
10003b94:	4491      	add	r9, r2
10003b96:	464b      	mov	r3, r9
10003b98:	930c      	str	r3, [sp, #48]	@ 0x30
10003b9a:	6813      	ldr	r3, [r2, #0]
10003b9c:	6852      	ldr	r2, [r2, #4]
10003b9e:	9215      	str	r2, [sp, #84]	@ 0x54
10003ba0:	431a      	orrs	r2, r3
10003ba2:	d106      	bne.n	10003bb2 <_vsnprintf+0x90a>
10003ba4:	3210      	adds	r2, #16
10003ba6:	4390      	bics	r0, r2
10003ba8:	2200      	movs	r2, #0
10003baa:	9209      	str	r2, [sp, #36]	@ 0x24
10003bac:	2900      	cmp	r1, #0
10003bae:	d000      	beq.n	10003bb2 <_vsnprintf+0x90a>
10003bb0:	e081      	b.n	10003cb6 <_vsnprintf+0xa0e>
10003bb2:	2261      	movs	r2, #97	@ 0x61
10003bb4:	0681      	lsls	r1, r0, #26
10003bb6:	d500      	bpl.n	10003bba <_vsnprintf+0x912>
10003bb8:	2241      	movs	r2, #65	@ 0x41
10003bba:	b2d2      	uxtb	r2, r2
10003bbc:	920a      	str	r2, [sp, #40]	@ 0x28
10003bbe:	aa14      	add	r2, sp, #80	@ 0x50
10003bc0:	4691      	mov	r9, r2
10003bc2:	9a0a      	ldr	r2, [sp, #40]	@ 0x28
10003bc4:	2100      	movs	r1, #0
10003bc6:	3a0a      	subs	r2, #10
10003bc8:	9214      	str	r2, [sp, #80]	@ 0x50
10003bca:	4642      	mov	r2, r8
10003bcc:	9217      	str	r2, [sp, #92]	@ 0x5c
10003bce:	4652      	mov	r2, sl
10003bd0:	9218      	str	r2, [sp, #96]	@ 0x60
10003bd2:	465a      	mov	r2, fp
10003bd4:	9109      	str	r1, [sp, #36]	@ 0x24
10003bd6:	46b3      	mov	fp, r6
10003bd8:	311f      	adds	r1, #31
10003bda:	001e      	movs	r6, r3
10003bdc:	9b0f      	ldr	r3, [sp, #60]	@ 0x3c
10003bde:	4449      	add	r1, r9
10003be0:	46ba      	mov	sl, r7
10003be2:	9419      	str	r4, [sp, #100]	@ 0x64
10003be4:	951a      	str	r5, [sp, #104]	@ 0x68
10003be6:	2400      	movs	r4, #0
10003be8:	4667      	mov	r7, ip
10003bea:	4698      	mov	r8, r3
10003bec:	4689      	mov	r9, r1
10003bee:	9d15      	ldr	r5, [sp, #84]	@ 0x54
10003bf0:	9016      	str	r0, [sp, #88]	@ 0x58
10003bf2:	921b      	str	r2, [sp, #108]	@ 0x6c
10003bf4:	e00a      	b.n	10003c0c <_vsnprintf+0x964>
10003bf6:	3230      	adds	r2, #48	@ 0x30
10003bf8:	b2d2      	uxtb	r2, r2
10003bfa:	464b      	mov	r3, r9
10003bfc:	3401      	adds	r4, #1
10003bfe:	551a      	strb	r2, [r3, r4]
10003c00:	45a8      	cmp	r8, r5
10003c02:	d04a      	beq.n	10003c9a <_vsnprintf+0x9f2>
10003c04:	2c20      	cmp	r4, #32
10003c06:	d04a      	beq.n	10003c9e <_vsnprintf+0x9f6>
10003c08:	0006      	movs	r6, r0
10003c0a:	000d      	movs	r5, r1
10003c0c:	003a      	movs	r2, r7
10003c0e:	2300      	movs	r3, #0
10003c10:	0030      	movs	r0, r6
10003c12:	0029      	movs	r1, r5
10003c14:	f7fe f94a 	bl	10001eac <__wrap___aeabi_uldivmod>
10003c18:	b2d2      	uxtb	r2, r2
10003c1a:	2a09      	cmp	r2, #9
10003c1c:	d9eb      	bls.n	10003bf6 <_vsnprintf+0x94e>
10003c1e:	9b14      	ldr	r3, [sp, #80]	@ 0x50
10003c20:	469c      	mov	ip, r3
10003c22:	4462      	add	r2, ip
10003c24:	b2d2      	uxtb	r2, r2
10003c26:	e7e8      	b.n	10003bfa <_vsnprintf+0x952>
10003c28:	2361      	movs	r3, #97	@ 0x61
10003c2a:	0682      	lsls	r2, r0, #26
10003c2c:	d500      	bpl.n	10003c30 <_vsnprintf+0x988>
10003c2e:	2341      	movs	r3, #65	@ 0x41
10003c30:	b2db      	uxtb	r3, r3
10003c32:	3b0a      	subs	r3, #10
10003c34:	930c      	str	r3, [sp, #48]	@ 0x30
10003c36:	4643      	mov	r3, r8
10003c38:	a914      	add	r1, sp, #80	@ 0x50
10003c3a:	221f      	movs	r2, #31
10003c3c:	468c      	mov	ip, r1
10003c3e:	9315      	str	r3, [sp, #84]	@ 0x54
10003c40:	4653      	mov	r3, sl
10003c42:	4462      	add	r2, ip
10003c44:	46a0      	mov	r8, r4
10003c46:	46b2      	mov	sl, r6
10003c48:	464c      	mov	r4, r9
10003c4a:	9717      	str	r7, [sp, #92]	@ 0x5c
10003c4c:	46a9      	mov	r9, r5
10003c4e:	0017      	movs	r7, r2
10003c50:	9d09      	ldr	r5, [sp, #36]	@ 0x24
10003c52:	9e0d      	ldr	r6, [sp, #52]	@ 0x34
10003c54:	9014      	str	r0, [sp, #80]	@ 0x50
10003c56:	9316      	str	r3, [sp, #88]	@ 0x58
10003c58:	e008      	b.n	10003c6c <_vsnprintf+0x9c4>
10003c5a:	3330      	adds	r3, #48	@ 0x30
10003c5c:	b2db      	uxtb	r3, r3
10003c5e:	3401      	adds	r4, #1
10003c60:	553b      	strb	r3, [r7, r4]
10003c62:	42b5      	cmp	r5, r6
10003c64:	d30e      	bcc.n	10003c84 <_vsnprintf+0x9dc>
10003c66:	2c20      	cmp	r4, #32
10003c68:	d00c      	beq.n	10003c84 <_vsnprintf+0x9dc>
10003c6a:	0005      	movs	r5, r0
10003c6c:	0031      	movs	r1, r6
10003c6e:	0028      	movs	r0, r5
10003c70:	f7fe f8de 	bl	10001e30 <__wrap___aeabi_uidiv>
10003c74:	b2cb      	uxtb	r3, r1
10003c76:	2909      	cmp	r1, #9
10003c78:	d9ef      	bls.n	10003c5a <_vsnprintf+0x9b2>
10003c7a:	9a0c      	ldr	r2, [sp, #48]	@ 0x30
10003c7c:	4694      	mov	ip, r2
10003c7e:	4463      	add	r3, ip
10003c80:	b2db      	uxtb	r3, r3
10003c82:	e7ec      	b.n	10003c5e <_vsnprintf+0x9b6>
10003c84:	9b15      	ldr	r3, [sp, #84]	@ 0x54
10003c86:	464d      	mov	r5, r9
10003c88:	46a1      	mov	r9, r4
10003c8a:	4644      	mov	r4, r8
10003c8c:	4698      	mov	r8, r3
10003c8e:	9b16      	ldr	r3, [sp, #88]	@ 0x58
10003c90:	4656      	mov	r6, sl
10003c92:	9814      	ldr	r0, [sp, #80]	@ 0x50
10003c94:	469a      	mov	sl, r3
10003c96:	9f17      	ldr	r7, [sp, #92]	@ 0x5c
10003c98:	e5d0      	b.n	1000383c <_vsnprintf+0x594>
10003c9a:	42b7      	cmp	r7, r6
10003c9c:	d9b2      	bls.n	10003c04 <_vsnprintf+0x95c>
10003c9e:	9b17      	ldr	r3, [sp, #92]	@ 0x5c
10003ca0:	4657      	mov	r7, sl
10003ca2:	4698      	mov	r8, r3
10003ca4:	9b18      	ldr	r3, [sp, #96]	@ 0x60
10003ca6:	465e      	mov	r6, fp
10003ca8:	469a      	mov	sl, r3
10003caa:	9b1b      	ldr	r3, [sp, #108]	@ 0x6c
10003cac:	9409      	str	r4, [sp, #36]	@ 0x24
10003cae:	469b      	mov	fp, r3
10003cb0:	9816      	ldr	r0, [sp, #88]	@ 0x58
10003cb2:	9c19      	ldr	r4, [sp, #100]	@ 0x64
10003cb4:	9d1a      	ldr	r5, [sp, #104]	@ 0x68
10003cb6:	4643      	mov	r3, r8
10003cb8:	9305      	str	r3, [sp, #20]
10003cba:	4653      	mov	r3, sl
10003cbc:	9304      	str	r3, [sp, #16]
10003cbe:	9b0d      	ldr	r3, [sp, #52]	@ 0x34
10003cc0:	9006      	str	r0, [sp, #24]
10003cc2:	9303      	str	r3, [sp, #12]
10003cc4:	2300      	movs	r3, #0
10003cc6:	9302      	str	r3, [sp, #8]
10003cc8:	9b09      	ldr	r3, [sp, #36]	@ 0x24
10003cca:	e705      	b.n	10003ad8 <_vsnprintf+0x830>
10003ccc:	9b0f      	ldr	r3, [sp, #60]	@ 0x3c
10003cce:	4598      	cmp	r8, r3
10003cd0:	d900      	bls.n	10003cd4 <_vsnprintf+0xa2c>
10003cd2:	e714      	b.n	10003afe <_vsnprintf+0x856>
10003cd4:	3301      	adds	r3, #1
10003cd6:	930f      	str	r3, [sp, #60]	@ 0x3c
10003cd8:	e42d      	b.n	10003536 <_vsnprintf+0x28e>
10003cda:	2310      	movs	r3, #16
10003cdc:	0011      	movs	r1, r2
10003cde:	4399      	bics	r1, r3
10003ce0:	910d      	str	r1, [sp, #52]	@ 0x34
10003ce2:	2869      	cmp	r0, #105	@ 0x69
10003ce4:	d000      	beq.n	10003ce8 <_vsnprintf+0xa40>
10003ce6:	e0ba      	b.n	10003e5e <_vsnprintf+0xbb6>
10003ce8:	2380      	movs	r3, #128	@ 0x80
10003cea:	0010      	movs	r0, r2
10003cec:	00db      	lsls	r3, r3, #3
10003cee:	4018      	ands	r0, r3
10003cf0:	421a      	tst	r2, r3
10003cf2:	d100      	bne.n	10003cf6 <_vsnprintf+0xa4e>
10003cf4:	e622      	b.n	1000393c <_vsnprintf+0x694>
10003cf6:	e61d      	b.n	10003934 <_vsnprintf+0x68c>
10003cf8:	9b0c      	ldr	r3, [sp, #48]	@ 0x30
10003cfa:	681b      	ldr	r3, [r3, #0]
10003cfc:	0fda      	lsrs	r2, r3, #31
10003cfe:	0011      	movs	r1, r2
10003d00:	2b00      	cmp	r3, #0
10003d02:	d100      	bne.n	10003d06 <_vsnprintf+0xa5e>
10003d04:	e08c      	b.n	10003e20 <_vsnprintf+0xb78>
10003d06:	17da      	asrs	r2, r3, #31
10003d08:	1898      	adds	r0, r3, r2
10003d0a:	4050      	eors	r0, r2
10003d0c:	aa14      	add	r2, sp, #80	@ 0x50
10003d0e:	4691      	mov	r9, r2
10003d10:	4642      	mov	r2, r8
10003d12:	231f      	movs	r3, #31
10003d14:	9214      	str	r2, [sp, #80]	@ 0x50
10003d16:	4652      	mov	r2, sl
10003d18:	444b      	add	r3, r9
10003d1a:	46a0      	mov	r8, r4
10003d1c:	46a9      	mov	r9, r5
10003d1e:	9716      	str	r7, [sp, #88]	@ 0x58
10003d20:	0004      	movs	r4, r0
10003d22:	4665      	mov	r5, ip
10003d24:	46b2      	mov	sl, r6
10003d26:	001f      	movs	r7, r3
10003d28:	910c      	str	r1, [sp, #48]	@ 0x30
10003d2a:	9215      	str	r2, [sp, #84]	@ 0x54
10003d2c:	e001      	b.n	10003d32 <_vsnprintf+0xa8a>
10003d2e:	2d20      	cmp	r5, #32
10003d30:	d00f      	beq.n	10003d52 <_vsnprintf+0xaaa>
10003d32:	0020      	movs	r0, r4
10003d34:	210a      	movs	r1, #10
10003d36:	f7fe f87b 	bl	10001e30 <__wrap___aeabi_uidiv>
10003d3a:	3501      	adds	r5, #1
10003d3c:	197e      	adds	r6, r7, r5
10003d3e:	3130      	adds	r1, #48	@ 0x30
10003d40:	7031      	strb	r1, [r6, #0]
10003d42:	0020      	movs	r0, r4
10003d44:	210a      	movs	r1, #10
10003d46:	f7fe f873 	bl	10001e30 <__wrap___aeabi_uidiv>
10003d4a:	0026      	movs	r6, r4
10003d4c:	0004      	movs	r4, r0
10003d4e:	2e09      	cmp	r6, #9
10003d50:	d8ed      	bhi.n	10003d2e <_vsnprintf+0xa86>
10003d52:	9b14      	ldr	r3, [sp, #80]	@ 0x50
10003d54:	4644      	mov	r4, r8
10003d56:	4698      	mov	r8, r3
10003d58:	9b0c      	ldr	r3, [sp, #48]	@ 0x30
10003d5a:	46ac      	mov	ip, r5
10003d5c:	0019      	movs	r1, r3
10003d5e:	9b15      	ldr	r3, [sp, #84]	@ 0x54
10003d60:	4656      	mov	r6, sl
10003d62:	464d      	mov	r5, r9
10003d64:	469a      	mov	sl, r3
10003d66:	9f16      	ldr	r7, [sp, #88]	@ 0x58
10003d68:	9b0d      	ldr	r3, [sp, #52]	@ 0x34
10003d6a:	9102      	str	r1, [sp, #8]
10003d6c:	9306      	str	r3, [sp, #24]
10003d6e:	4643      	mov	r3, r8
10003d70:	9305      	str	r3, [sp, #20]
10003d72:	4653      	mov	r3, sl
10003d74:	9304      	str	r3, [sp, #16]
10003d76:	230a      	movs	r3, #10
10003d78:	9303      	str	r3, [sp, #12]
10003d7a:	4663      	mov	r3, ip
10003d7c:	e63c      	b.n	100039f8 <_vsnprintf+0x750>
10003d7e:	2800      	cmp	r0, #0
10003d80:	d000      	beq.n	10003d84 <_vsnprintf+0xadc>
10003d82:	e62e      	b.n	100039e2 <_vsnprintf+0x73a>
10003d84:	e602      	b.n	1000398c <_vsnprintf+0x6e4>
10003d86:	9b0c      	ldr	r3, [sp, #48]	@ 0x30
10003d88:	681b      	ldr	r3, [r3, #0]
10003d8a:	4699      	mov	r9, r3
10003d8c:	2b00      	cmp	r3, #0
10003d8e:	d103      	bne.n	10003d98 <_vsnprintf+0xaf0>
10003d90:	3310      	adds	r3, #16
10003d92:	4398      	bics	r0, r3
10003d94:	2900      	cmp	r1, #0
10003d96:	d138      	bne.n	10003e0a <_vsnprintf+0xb62>
10003d98:	2361      	movs	r3, #97	@ 0x61
10003d9a:	0682      	lsls	r2, r0, #26
10003d9c:	d500      	bpl.n	10003da0 <_vsnprintf+0xaf8>
10003d9e:	2341      	movs	r3, #65	@ 0x41
10003da0:	b2db      	uxtb	r3, r3
10003da2:	3b0a      	subs	r3, #10
10003da4:	930c      	str	r3, [sp, #48]	@ 0x30
10003da6:	4643      	mov	r3, r8
10003da8:	9316      	str	r3, [sp, #88]	@ 0x58
10003daa:	4653      	mov	r3, sl
10003dac:	a914      	add	r1, sp, #80	@ 0x50
10003dae:	221f      	movs	r2, #31
10003db0:	468c      	mov	ip, r1
10003db2:	9317      	str	r3, [sp, #92]	@ 0x5c
10003db4:	002b      	movs	r3, r5
10003db6:	4462      	add	r2, ip
10003db8:	46a0      	mov	r8, r4
10003dba:	464d      	mov	r5, r9
10003dbc:	46b2      	mov	sl, r6
10003dbe:	9718      	str	r7, [sp, #96]	@ 0x60
10003dc0:	4699      	mov	r9, r3
10003dc2:	0017      	movs	r7, r2
10003dc4:	9c14      	ldr	r4, [sp, #80]	@ 0x50
10003dc6:	9e0d      	ldr	r6, [sp, #52]	@ 0x34
10003dc8:	9015      	str	r0, [sp, #84]	@ 0x54
10003dca:	e008      	b.n	10003dde <_vsnprintf+0xb36>
10003dcc:	3330      	adds	r3, #48	@ 0x30
10003dce:	b2db      	uxtb	r3, r3
10003dd0:	3401      	adds	r4, #1
10003dd2:	553b      	strb	r3, [r7, r4]
10003dd4:	42b5      	cmp	r5, r6
10003dd6:	d30e      	bcc.n	10003df6 <_vsnprintf+0xb4e>
10003dd8:	2c20      	cmp	r4, #32
10003dda:	d00c      	beq.n	10003df6 <_vsnprintf+0xb4e>
10003ddc:	0005      	movs	r5, r0
10003dde:	0031      	movs	r1, r6
10003de0:	0028      	movs	r0, r5
10003de2:	f7fe f825 	bl	10001e30 <__wrap___aeabi_uidiv>
10003de6:	b2cb      	uxtb	r3, r1
10003de8:	2909      	cmp	r1, #9
10003dea:	d9ef      	bls.n	10003dcc <_vsnprintf+0xb24>
10003dec:	9a0c      	ldr	r2, [sp, #48]	@ 0x30
10003dee:	4694      	mov	ip, r2
10003df0:	4463      	add	r3, ip
10003df2:	b2db      	uxtb	r3, r3
10003df4:	e7ec      	b.n	10003dd0 <_vsnprintf+0xb28>
10003df6:	9b16      	ldr	r3, [sp, #88]	@ 0x58
10003df8:	9414      	str	r4, [sp, #80]	@ 0x50
10003dfa:	4644      	mov	r4, r8
10003dfc:	4698      	mov	r8, r3
10003dfe:	9b17      	ldr	r3, [sp, #92]	@ 0x5c
10003e00:	4656      	mov	r6, sl
10003e02:	464d      	mov	r5, r9
10003e04:	469a      	mov	sl, r3
10003e06:	9815      	ldr	r0, [sp, #84]	@ 0x54
10003e08:	9f18      	ldr	r7, [sp, #96]	@ 0x60
10003e0a:	4643      	mov	r3, r8
10003e0c:	9305      	str	r3, [sp, #20]
10003e0e:	4653      	mov	r3, sl
10003e10:	9304      	str	r3, [sp, #16]
10003e12:	9b0d      	ldr	r3, [sp, #52]	@ 0x34
10003e14:	9006      	str	r0, [sp, #24]
10003e16:	9303      	str	r3, [sp, #12]
10003e18:	2300      	movs	r3, #0
10003e1a:	9302      	str	r3, [sp, #8]
10003e1c:	9b14      	ldr	r3, [sp, #80]	@ 0x50
10003e1e:	e5eb      	b.n	100039f8 <_vsnprintf+0x750>
10003e20:	2800      	cmp	r0, #0
10003e22:	d1a1      	bne.n	10003d68 <_vsnprintf+0xac0>
10003e24:	e772      	b.n	10003d0c <_vsnprintf+0xa64>
10003e26:	9b0c      	ldr	r3, [sp, #48]	@ 0x30
10003e28:	681b      	ldr	r3, [r3, #0]
10003e2a:	17d9      	asrs	r1, r3, #31
10003e2c:	185a      	adds	r2, r3, r1
10003e2e:	404a      	eors	r2, r1
10003e30:	e5a6      	b.n	10003980 <_vsnprintf+0x6d8>
10003e32:	2380      	movs	r3, #128	@ 0x80
10003e34:	0010      	movs	r0, r2
10003e36:	00db      	lsls	r3, r3, #3
10003e38:	4018      	ands	r0, r3
10003e3a:	469c      	mov	ip, r3
10003e3c:	900f      	str	r0, [sp, #60]	@ 0x3c
10003e3e:	421a      	tst	r2, r3
10003e40:	d00f      	beq.n	10003e62 <_vsnprintf+0xbba>
10003e42:	2002      	movs	r0, #2
10003e44:	0003      	movs	r3, r0
10003e46:	4013      	ands	r3, r2
10003e48:	930f      	str	r3, [sp, #60]	@ 0x3c
10003e4a:	4210      	tst	r0, r2
10003e4c:	d019      	beq.n	10003e82 <_vsnprintf+0xbda>
10003e4e:	2300      	movs	r3, #0
10003e50:	46a1      	mov	r9, r4
10003e52:	930f      	str	r3, [sp, #60]	@ 0x3c
10003e54:	e54c      	b.n	100038f0 <_vsnprintf+0x648>
10003e56:	9b0c      	ldr	r3, [sp, #48]	@ 0x30
10003e58:	681b      	ldr	r3, [r3, #0]
10003e5a:	9309      	str	r3, [sp, #36]	@ 0x24
10003e5c:	e4e4      	b.n	10003828 <_vsnprintf+0x580>
10003e5e:	000a      	movs	r2, r1
10003e60:	e434      	b.n	100036cc <_vsnprintf+0x424>
10003e62:	2302      	movs	r3, #2
10003e64:	0018      	movs	r0, r3
10003e66:	4010      	ands	r0, r2
10003e68:	900d      	str	r0, [sp, #52]	@ 0x34
10003e6a:	4213      	tst	r3, r2
10003e6c:	d000      	beq.n	10003e70 <_vsnprintf+0xbc8>
10003e6e:	e53e      	b.n	100038ee <_vsnprintf+0x646>
10003e70:	4643      	mov	r3, r8
10003e72:	2b00      	cmp	r3, #0
10003e74:	d000      	beq.n	10003e78 <_vsnprintf+0xbd0>
10003e76:	e642      	b.n	10003afe <_vsnprintf+0x856>
10003e78:	f7ff fb71 	bl	1000355e <_vsnprintf+0x2b6>
10003e7c:	3301      	adds	r3, #1
10003e7e:	930f      	str	r3, [sp, #60]	@ 0x3c
10003e80:	e47f      	b.n	10003782 <_vsnprintf+0x4da>
10003e82:	4663      	mov	r3, ip
10003e84:	930d      	str	r3, [sp, #52]	@ 0x34
10003e86:	e7f3      	b.n	10003e70 <_vsnprintf+0xbc8>

10003e88 <vfctprintf>:
10003e88:	b510      	push	{r4, lr}
10003e8a:	000c      	movs	r4, r1
10003e8c:	b084      	sub	sp, #16
10003e8e:	9403      	str	r4, [sp, #12]
10003e90:	2401      	movs	r4, #1
10003e92:	a902      	add	r1, sp, #8
10003e94:	9002      	str	r0, [sp, #8]
10003e96:	9300      	str	r3, [sp, #0]
10003e98:	4803      	ldr	r0, [pc, #12]	@ (10003ea8 <vfctprintf+0x20>)
10003e9a:	0013      	movs	r3, r2
10003e9c:	4262      	negs	r2, r4
10003e9e:	f7ff fa03 	bl	100032a8 <_vsnprintf>
10003ea2:	b004      	add	sp, #16
10003ea4:	bd10      	pop	{r4, pc}
10003ea6:	46c0      	nop			@ (mov r8, r8)
10003ea8:	10002875 	.word	0x10002875

10003eac <weak_raw_vprintf>:
10003eac:	b510      	push	{r4, lr}
10003eae:	4a09      	ldr	r2, [pc, #36]	@ (10003ed4 <weak_raw_vprintf+0x28>)
10003eb0:	0003      	movs	r3, r0
10003eb2:	6814      	ldr	r4, [r2, #0]
10003eb4:	b084      	sub	sp, #16
10003eb6:	2c00      	cmp	r4, #0
10003eb8:	d008      	beq.n	10003ecc <weak_raw_vprintf+0x20>
10003eba:	2201      	movs	r2, #1
10003ebc:	9100      	str	r1, [sp, #0]
10003ebe:	4806      	ldr	r0, [pc, #24]	@ (10003ed8 <weak_raw_vprintf+0x2c>)
10003ec0:	4252      	negs	r2, r2
10003ec2:	a903      	add	r1, sp, #12
10003ec4:	47a0      	blx	r4
10003ec6:	2001      	movs	r0, #1
10003ec8:	b004      	add	sp, #16
10003eca:	bd10      	pop	{r4, pc}
10003ecc:	f000 f998 	bl	10004200 <__wrap_puts>
10003ed0:	2000      	movs	r0, #0
10003ed2:	e7f9      	b.n	10003ec8 <weak_raw_vprintf+0x1c>
10003ed4:	20002b0c 	.word	0x20002b0c
10003ed8:	10002865 	.word	0x10002865

10003edc <_exit>:
10003edc:	be00      	bkpt	0x0000
10003ede:	e7fd      	b.n	10003edc <_exit>

10003ee0 <exit>:
10003ee0:	b510      	push	{r4, lr}
10003ee2:	f7ff fffb 	bl	10003edc <_exit>
10003ee6:	46c0      	nop			@ (mov r8, r8)

10003ee8 <runtime_init>:
10003ee8:	b570      	push	{r4, r5, r6, lr}
10003eea:	f7fd fe4f 	bl	10001b8c <runtime_run_initializers>
10003eee:	4d07      	ldr	r5, [pc, #28]	@ (10003f0c <runtime_init+0x24>)
10003ef0:	4e07      	ldr	r6, [pc, #28]	@ (10003f10 <runtime_init+0x28>)
10003ef2:	42b5      	cmp	r5, r6
10003ef4:	d209      	bcs.n	10003f0a <runtime_init+0x22>
10003ef6:	2400      	movs	r4, #0
10003ef8:	3e01      	subs	r6, #1
10003efa:	1b76      	subs	r6, r6, r5
10003efc:	08b6      	lsrs	r6, r6, #2
10003efe:	cd08      	ldmia	r5!, {r3}
10003f00:	4798      	blx	r3
10003f02:	0023      	movs	r3, r4
10003f04:	3401      	adds	r4, #1
10003f06:	42b3      	cmp	r3, r6
10003f08:	d1f9      	bne.n	10003efe <runtime_init+0x16>
10003f0a:	bd70      	pop	{r4, r5, r6, pc}
10003f0c:	1000a9a4 	.word	0x1000a9a4
10003f10:	1000a9b0 	.word	0x1000a9b0

10003f14 <stdio_out_chars_no_crlf>:
10003f14:	0003      	movs	r3, r0
10003f16:	b510      	push	{r4, lr}
10003f18:	0008      	movs	r0, r1
10003f1a:	0011      	movs	r1, r2
10003f1c:	681b      	ldr	r3, [r3, #0]
10003f1e:	4798      	blx	r3
10003f20:	bd10      	pop	{r4, pc}
10003f22:	46c0      	nop			@ (mov r8, r8)

10003f24 <stdio_out_chars_crlf>:
10003f24:	b5f0      	push	{r4, r5, r6, r7, lr}
10003f26:	46c6      	mov	lr, r8
10003f28:	b500      	push	{lr}
10003f2a:	7d43      	ldrb	r3, [r0, #21]
10003f2c:	0007      	movs	r7, r0
10003f2e:	000c      	movs	r4, r1
10003f30:	0016      	movs	r6, r2
10003f32:	2b00      	cmp	r3, #0
10003f34:	d046      	beq.n	10003fc4 <stdio_out_chars_crlf+0xa0>
10003f36:	2a00      	cmp	r2, #0
10003f38:	dd17      	ble.n	10003f6a <stdio_out_chars_crlf+0x46>
10003f3a:	780b      	ldrb	r3, [r1, #0]
10003f3c:	2b0a      	cmp	r3, #10
10003f3e:	d024      	beq.n	10003f8a <stdio_out_chars_crlf+0x66>
10003f40:	2300      	movs	r3, #0
10003f42:	4698      	mov	r8, r3
10003f44:	2e01      	cmp	r6, #1
10003f46:	d013      	beq.n	10003f70 <stdio_out_chars_crlf+0x4c>
10003f48:	2501      	movs	r5, #1
10003f4a:	0029      	movs	r1, r5
10003f4c:	5c63      	ldrb	r3, [r4, r1]
10003f4e:	3501      	adds	r5, #1
10003f50:	2b0a      	cmp	r3, #10
10003f52:	d026      	beq.n	10003fa2 <stdio_out_chars_crlf+0x7e>
10003f54:	42b5      	cmp	r5, r6
10003f56:	d1f8      	bne.n	10003f4a <stdio_out_chars_crlf+0x26>
10003f58:	4546      	cmp	r6, r8
10003f5a:	dc09      	bgt.n	10003f70 <stdio_out_chars_crlf+0x4c>
10003f5c:	19a4      	adds	r4, r4, r6
10003f5e:	3c01      	subs	r4, #1
10003f60:	7823      	ldrb	r3, [r4, #0]
10003f62:	3b0d      	subs	r3, #13
10003f64:	425a      	negs	r2, r3
10003f66:	4153      	adcs	r3, r2
10003f68:	753b      	strb	r3, [r7, #20]
10003f6a:	bc80      	pop	{r7}
10003f6c:	46b8      	mov	r8, r7
10003f6e:	bdf0      	pop	{r4, r5, r6, r7, pc}
10003f70:	4643      	mov	r3, r8
10003f72:	18e0      	adds	r0, r4, r3
10003f74:	19a4      	adds	r4, r4, r6
10003f76:	1af1      	subs	r1, r6, r3
10003f78:	3c01      	subs	r4, #1
10003f7a:	683b      	ldr	r3, [r7, #0]
10003f7c:	4798      	blx	r3
10003f7e:	7823      	ldrb	r3, [r4, #0]
10003f80:	3b0d      	subs	r3, #13
10003f82:	425a      	negs	r2, r3
10003f84:	4153      	adcs	r3, r2
10003f86:	753b      	strb	r3, [r7, #20]
10003f88:	e7ef      	b.n	10003f6a <stdio_out_chars_crlf+0x46>
10003f8a:	7d03      	ldrb	r3, [r0, #20]
10003f8c:	2b00      	cmp	r3, #0
10003f8e:	d1d7      	bne.n	10003f40 <stdio_out_chars_crlf+0x1c>
10003f90:	2102      	movs	r1, #2
10003f92:	480f      	ldr	r0, [pc, #60]	@ (10003fd0 <stdio_out_chars_crlf+0xac>)
10003f94:	683b      	ldr	r3, [r7, #0]
10003f96:	4798      	blx	r3
10003f98:	2e01      	cmp	r6, #1
10003f9a:	d0df      	beq.n	10003f5c <stdio_out_chars_crlf+0x38>
10003f9c:	2301      	movs	r3, #1
10003f9e:	4698      	mov	r8, r3
10003fa0:	e7d2      	b.n	10003f48 <stdio_out_chars_crlf+0x24>
10003fa2:	1e63      	subs	r3, r4, #1
10003fa4:	5c5b      	ldrb	r3, [r3, r1]
10003fa6:	2b0d      	cmp	r3, #13
10003fa8:	d0d4      	beq.n	10003f54 <stdio_out_chars_crlf+0x30>
10003faa:	4588      	cmp	r8, r1
10003fac:	da04      	bge.n	10003fb8 <stdio_out_chars_crlf+0x94>
10003fae:	4643      	mov	r3, r8
10003fb0:	1ac9      	subs	r1, r1, r3
10003fb2:	18e0      	adds	r0, r4, r3
10003fb4:	683b      	ldr	r3, [r7, #0]
10003fb6:	4798      	blx	r3
10003fb8:	2102      	movs	r1, #2
10003fba:	4805      	ldr	r0, [pc, #20]	@ (10003fd0 <stdio_out_chars_crlf+0xac>)
10003fbc:	683b      	ldr	r3, [r7, #0]
10003fbe:	46a8      	mov	r8, r5
10003fc0:	4798      	blx	r3
10003fc2:	e7c7      	b.n	10003f54 <stdio_out_chars_crlf+0x30>
10003fc4:	6803      	ldr	r3, [r0, #0]
10003fc6:	0011      	movs	r1, r2
10003fc8:	0020      	movs	r0, r4
10003fca:	4798      	blx	r3
10003fcc:	e7cd      	b.n	10003f6a <stdio_out_chars_crlf+0x46>
10003fce:	46c0      	nop			@ (mov r8, r8)
10003fd0:	1000b140 	.word	0x1000b140

10003fd4 <stdio_buffered_printer>:
10003fd4:	b5f0      	push	{r4, r5, r6, r7, lr}
10003fd6:	46c6      	mov	lr, r8
10003fd8:	680b      	ldr	r3, [r1, #0]
10003fda:	0006      	movs	r6, r0
10003fdc:	000c      	movs	r4, r1
10003fde:	b500      	push	{lr}
10003fe0:	2b80      	cmp	r3, #128	@ 0x80
10003fe2:	d006      	beq.n	10003ff2 <stdio_buffered_printer+0x1e>
10003fe4:	1c5a      	adds	r2, r3, #1
10003fe6:	6022      	str	r2, [r4, #0]
10003fe8:	18e4      	adds	r4, r4, r3
10003fea:	7126      	strb	r6, [r4, #4]
10003fec:	bc80      	pop	{r7}
10003fee:	46b8      	mov	r8, r7
10003ff0:	bdf0      	pop	{r4, r5, r6, r7, pc}
10003ff2:	4b0f      	ldr	r3, [pc, #60]	@ (10004030 <stdio_buffered_printer+0x5c>)
10003ff4:	681d      	ldr	r5, [r3, #0]
10003ff6:	2d00      	cmp	r5, #0
10003ff8:	d016      	beq.n	10004028 <stdio_buffered_printer+0x54>
10003ffa:	1d0b      	adds	r3, r1, #4
10003ffc:	4698      	mov	r8, r3
10003ffe:	4f0d      	ldr	r7, [pc, #52]	@ (10004034 <stdio_buffered_printer+0x60>)
10004000:	e002      	b.n	10004008 <stdio_buffered_printer+0x34>
10004002:	692d      	ldr	r5, [r5, #16]
10004004:	2d00      	cmp	r5, #0
10004006:	d00f      	beq.n	10004028 <stdio_buffered_printer+0x54>
10004008:	682b      	ldr	r3, [r5, #0]
1000400a:	2b00      	cmp	r3, #0
1000400c:	d0f9      	beq.n	10004002 <stdio_buffered_printer+0x2e>
1000400e:	683b      	ldr	r3, [r7, #0]
10004010:	2b00      	cmp	r3, #0
10004012:	d001      	beq.n	10004018 <stdio_buffered_printer+0x44>
10004014:	42ab      	cmp	r3, r5
10004016:	d1f4      	bne.n	10004002 <stdio_buffered_printer+0x2e>
10004018:	0028      	movs	r0, r5
1000401a:	4641      	mov	r1, r8
1000401c:	6822      	ldr	r2, [r4, #0]
1000401e:	f7ff ff81 	bl	10003f24 <stdio_out_chars_crlf>
10004022:	692d      	ldr	r5, [r5, #16]
10004024:	2d00      	cmp	r5, #0
10004026:	d1ef      	bne.n	10004008 <stdio_buffered_printer+0x34>
10004028:	2201      	movs	r2, #1
1000402a:	2300      	movs	r3, #0
1000402c:	e7db      	b.n	10003fe6 <stdio_buffered_printer+0x12>
1000402e:	46c0      	nop			@ (mov r8, r8)
10004030:	20002700 	.word	0x20002700
10004034:	20002708 	.word	0x20002708

10004038 <stdio_put_string>:
10004038:	b5f0      	push	{r4, r5, r6, r7, lr}
1000403a:	4645      	mov	r5, r8
1000403c:	46de      	mov	lr, fp
1000403e:	464e      	mov	r6, r9
10004040:	4657      	mov	r7, sl
10004042:	b5e0      	push	{r5, r6, r7, lr}
10004044:	b083      	sub	sp, #12
10004046:	4691      	mov	r9, r2
10004048:	001c      	movs	r4, r3
1000404a:	4680      	mov	r8, r0
1000404c:	000d      	movs	r5, r1
1000404e:	f7fd fb87 	bl	10001760 <time_us_64>
10004052:	2300      	movs	r3, #0
10004054:	4a30      	ldr	r2, [pc, #192]	@ (10004118 <stdio_put_string+0xe0>)
10004056:	1812      	adds	r2, r2, r0
10004058:	414b      	adcs	r3, r1
1000405a:	2b00      	cmp	r3, #0
1000405c:	da02      	bge.n	10004064 <stdio_put_string+0x2c>
1000405e:	2201      	movs	r2, #1
10004060:	4b2e      	ldr	r3, [pc, #184]	@ (1000411c <stdio_put_string+0xe4>)
10004062:	4252      	negs	r2, r2
10004064:	492e      	ldr	r1, [pc, #184]	@ (10004120 <stdio_put_string+0xe8>)
10004066:	0008      	movs	r0, r1
10004068:	468a      	mov	sl, r1
1000406a:	f006 fc45 	bl	1000a8f8 <__mutex_try_enter_block_until_veneer>
1000406e:	0007      	movs	r7, r0
10004070:	1c6b      	adds	r3, r5, #1
10004072:	d103      	bne.n	1000407c <stdio_put_string+0x44>
10004074:	4640      	mov	r0, r8
10004076:	f006 fac9 	bl	1000a60c <strlen>
1000407a:	0005      	movs	r5, r0
1000407c:	2c00      	cmp	r4, #0
1000407e:	d027      	beq.n	100040d0 <stdio_put_string+0x98>
10004080:	4e28      	ldr	r6, [pc, #160]	@ (10004124 <stdio_put_string+0xec>)
10004082:	4b29      	ldr	r3, [pc, #164]	@ (10004128 <stdio_put_string+0xf0>)
10004084:	681c      	ldr	r4, [r3, #0]
10004086:	2c00      	cmp	r4, #0
10004088:	d018      	beq.n	100040bc <stdio_put_string+0x84>
1000408a:	464b      	mov	r3, r9
1000408c:	2b00      	cmp	r3, #0
1000408e:	d121      	bne.n	100040d4 <stdio_put_string+0x9c>
10004090:	4b26      	ldr	r3, [pc, #152]	@ (1000412c <stdio_put_string+0xf4>)
10004092:	4699      	mov	r9, r3
10004094:	e002      	b.n	1000409c <stdio_put_string+0x64>
10004096:	6924      	ldr	r4, [r4, #16]
10004098:	2c00      	cmp	r4, #0
1000409a:	d00f      	beq.n	100040bc <stdio_put_string+0x84>
1000409c:	6823      	ldr	r3, [r4, #0]
1000409e:	2b00      	cmp	r3, #0
100040a0:	d0f9      	beq.n	10004096 <stdio_put_string+0x5e>
100040a2:	464b      	mov	r3, r9
100040a4:	681b      	ldr	r3, [r3, #0]
100040a6:	2b00      	cmp	r3, #0
100040a8:	d001      	beq.n	100040ae <stdio_put_string+0x76>
100040aa:	429c      	cmp	r4, r3
100040ac:	d1f3      	bne.n	10004096 <stdio_put_string+0x5e>
100040ae:	0020      	movs	r0, r4
100040b0:	002a      	movs	r2, r5
100040b2:	4641      	mov	r1, r8
100040b4:	47b0      	blx	r6
100040b6:	6924      	ldr	r4, [r4, #16]
100040b8:	2c00      	cmp	r4, #0
100040ba:	d1ef      	bne.n	1000409c <stdio_put_string+0x64>
100040bc:	2f00      	cmp	r7, #0
100040be:	d126      	bne.n	1000410e <stdio_put_string+0xd6>
100040c0:	0028      	movs	r0, r5
100040c2:	b003      	add	sp, #12
100040c4:	bcf0      	pop	{r4, r5, r6, r7}
100040c6:	46bb      	mov	fp, r7
100040c8:	46b2      	mov	sl, r6
100040ca:	46a9      	mov	r9, r5
100040cc:	46a0      	mov	r8, r4
100040ce:	bdf0      	pop	{r4, r5, r6, r7, pc}
100040d0:	4e17      	ldr	r6, [pc, #92]	@ (10004130 <stdio_put_string+0xf8>)
100040d2:	e7d6      	b.n	10004082 <stdio_put_string+0x4a>
100040d4:	4b15      	ldr	r3, [pc, #84]	@ (1000412c <stdio_put_string+0xf4>)
100040d6:	4699      	mov	r9, r3
100040d8:	230a      	movs	r3, #10
100040da:	469b      	mov	fp, r3
100040dc:	e002      	b.n	100040e4 <stdio_put_string+0xac>
100040de:	6924      	ldr	r4, [r4, #16]
100040e0:	2c00      	cmp	r4, #0
100040e2:	d0eb      	beq.n	100040bc <stdio_put_string+0x84>
100040e4:	6823      	ldr	r3, [r4, #0]
100040e6:	2b00      	cmp	r3, #0
100040e8:	d0f9      	beq.n	100040de <stdio_put_string+0xa6>
100040ea:	464b      	mov	r3, r9
100040ec:	681b      	ldr	r3, [r3, #0]
100040ee:	2b00      	cmp	r3, #0
100040f0:	d001      	beq.n	100040f6 <stdio_put_string+0xbe>
100040f2:	42a3      	cmp	r3, r4
100040f4:	d1f3      	bne.n	100040de <stdio_put_string+0xa6>
100040f6:	002a      	movs	r2, r5
100040f8:	4641      	mov	r1, r8
100040fa:	0020      	movs	r0, r4
100040fc:	47b0      	blx	r6
100040fe:	466b      	mov	r3, sp
10004100:	465a      	mov	r2, fp
10004102:	0020      	movs	r0, r4
10004104:	71da      	strb	r2, [r3, #7]
10004106:	1dd9      	adds	r1, r3, #7
10004108:	2201      	movs	r2, #1
1000410a:	47b0      	blx	r6
1000410c:	e7e7      	b.n	100040de <stdio_put_string+0xa6>
1000410e:	4650      	mov	r0, sl
10004110:	f006 fbb2 	bl	1000a878 <__mutex_exit_veneer>
10004114:	e7d4      	b.n	100040c0 <stdio_put_string+0x88>
10004116:	46c0      	nop			@ (mov r8, r8)
10004118:	000f4240 	.word	0x000f4240
1000411c:	7fffffff 	.word	0x7fffffff
10004120:	20001260 	.word	0x20001260
10004124:	10003f25 	.word	0x10003f25
10004128:	20002700 	.word	0x20002700
1000412c:	20002708 	.word	0x20002708
10004130:	10003f15 	.word	0x10003f15

10004134 <stdio_set_driver_enabled>:
10004134:	4a0a      	ldr	r2, [pc, #40]	@ (10004160 <stdio_set_driver_enabled+0x2c>)
10004136:	6813      	ldr	r3, [r2, #0]
10004138:	2b00      	cmp	r3, #0
1000413a:	d105      	bne.n	10004148 <stdio_set_driver_enabled+0x14>
1000413c:	e00c      	b.n	10004158 <stdio_set_driver_enabled+0x24>
1000413e:	001a      	movs	r2, r3
10004140:	691b      	ldr	r3, [r3, #16]
10004142:	3210      	adds	r2, #16
10004144:	2b00      	cmp	r3, #0
10004146:	d007      	beq.n	10004158 <stdio_set_driver_enabled+0x24>
10004148:	4283      	cmp	r3, r0
1000414a:	d1f8      	bne.n	1000413e <stdio_set_driver_enabled+0xa>
1000414c:	2900      	cmp	r1, #0
1000414e:	d102      	bne.n	10004156 <stdio_set_driver_enabled+0x22>
10004150:	6918      	ldr	r0, [r3, #16]
10004152:	6010      	str	r0, [r2, #0]
10004154:	6119      	str	r1, [r3, #16]
10004156:	4770      	bx	lr
10004158:	2900      	cmp	r1, #0
1000415a:	d0fc      	beq.n	10004156 <stdio_set_driver_enabled+0x22>
1000415c:	6010      	str	r0, [r2, #0]
1000415e:	e7fa      	b.n	10004156 <stdio_set_driver_enabled+0x22>
10004160:	20002700 	.word	0x20002700

10004164 <stdio_init_all>:
10004164:	b510      	push	{r4, lr}
10004166:	f000 faf1 	bl	1000474c <stdio_usb_init>
1000416a:	bd10      	pop	{r4, pc}

1000416c <__wrap_putchar>:
1000416c:	b5f0      	push	{r4, r5, r6, r7, lr}
1000416e:	46ce      	mov	lr, r9
10004170:	4647      	mov	r7, r8
10004172:	b580      	push	{r7, lr}
10004174:	b083      	sub	sp, #12
10004176:	466b      	mov	r3, sp
10004178:	0006      	movs	r6, r0
1000417a:	1ddd      	adds	r5, r3, #7
1000417c:	7028      	strb	r0, [r5, #0]
1000417e:	f7fd faef 	bl	10001760 <time_us_64>
10004182:	2300      	movs	r3, #0
10004184:	4a19      	ldr	r2, [pc, #100]	@ (100041ec <__wrap_putchar+0x80>)
10004186:	1812      	adds	r2, r2, r0
10004188:	414b      	adcs	r3, r1
1000418a:	2b00      	cmp	r3, #0
1000418c:	da02      	bge.n	10004194 <__wrap_putchar+0x28>
1000418e:	2201      	movs	r2, #1
10004190:	4b17      	ldr	r3, [pc, #92]	@ (100041f0 <__wrap_putchar+0x84>)
10004192:	4252      	negs	r2, r2
10004194:	4917      	ldr	r1, [pc, #92]	@ (100041f4 <__wrap_putchar+0x88>)
10004196:	0008      	movs	r0, r1
10004198:	4688      	mov	r8, r1
1000419a:	f006 fbad 	bl	1000a8f8 <__mutex_try_enter_block_until_veneer>
1000419e:	4b16      	ldr	r3, [pc, #88]	@ (100041f8 <__wrap_putchar+0x8c>)
100041a0:	4681      	mov	r9, r0
100041a2:	681c      	ldr	r4, [r3, #0]
100041a4:	2c00      	cmp	r4, #0
100041a6:	d014      	beq.n	100041d2 <__wrap_putchar+0x66>
100041a8:	4f14      	ldr	r7, [pc, #80]	@ (100041fc <__wrap_putchar+0x90>)
100041aa:	e002      	b.n	100041b2 <__wrap_putchar+0x46>
100041ac:	6924      	ldr	r4, [r4, #16]
100041ae:	2c00      	cmp	r4, #0
100041b0:	d00f      	beq.n	100041d2 <__wrap_putchar+0x66>
100041b2:	6823      	ldr	r3, [r4, #0]
100041b4:	2b00      	cmp	r3, #0
100041b6:	d0f9      	beq.n	100041ac <__wrap_putchar+0x40>
100041b8:	683b      	ldr	r3, [r7, #0]
100041ba:	2b00      	cmp	r3, #0
100041bc:	d001      	beq.n	100041c2 <__wrap_putchar+0x56>
100041be:	429c      	cmp	r4, r3
100041c0:	d1f4      	bne.n	100041ac <__wrap_putchar+0x40>
100041c2:	0020      	movs	r0, r4
100041c4:	2201      	movs	r2, #1
100041c6:	0029      	movs	r1, r5
100041c8:	f7ff feac 	bl	10003f24 <stdio_out_chars_crlf>
100041cc:	6924      	ldr	r4, [r4, #16]
100041ce:	2c00      	cmp	r4, #0
100041d0:	d1ef      	bne.n	100041b2 <__wrap_putchar+0x46>
100041d2:	464b      	mov	r3, r9
100041d4:	2b00      	cmp	r3, #0
100041d6:	d105      	bne.n	100041e4 <__wrap_putchar+0x78>
100041d8:	0030      	movs	r0, r6
100041da:	b003      	add	sp, #12
100041dc:	bcc0      	pop	{r6, r7}
100041de:	46b9      	mov	r9, r7
100041e0:	46b0      	mov	r8, r6
100041e2:	bdf0      	pop	{r4, r5, r6, r7, pc}
100041e4:	4640      	mov	r0, r8
100041e6:	f006 fb47 	bl	1000a878 <__mutex_exit_veneer>
100041ea:	e7f5      	b.n	100041d8 <__wrap_putchar+0x6c>
100041ec:	000f4240 	.word	0x000f4240
100041f0:	7fffffff 	.word	0x7fffffff
100041f4:	20001260 	.word	0x20001260
100041f8:	20002700 	.word	0x20002700
100041fc:	20002708 	.word	0x20002708

10004200 <__wrap_puts>:
10004200:	b570      	push	{r4, r5, r6, lr}
10004202:	0004      	movs	r4, r0
10004204:	f006 fa02 	bl	1000a60c <strlen>
10004208:	2301      	movs	r3, #1
1000420a:	0001      	movs	r1, r0
1000420c:	0005      	movs	r5, r0
1000420e:	2201      	movs	r2, #1
10004210:	0020      	movs	r0, r4
10004212:	f7ff ff11 	bl	10004038 <stdio_put_string>
10004216:	4b08      	ldr	r3, [pc, #32]	@ (10004238 <__wrap_puts+0x38>)
10004218:	681c      	ldr	r4, [r3, #0]
1000421a:	2c00      	cmp	r4, #0
1000421c:	d006      	beq.n	1000422c <__wrap_puts+0x2c>
1000421e:	6863      	ldr	r3, [r4, #4]
10004220:	2b00      	cmp	r3, #0
10004222:	d005      	beq.n	10004230 <__wrap_puts+0x30>
10004224:	4798      	blx	r3
10004226:	6924      	ldr	r4, [r4, #16]
10004228:	2c00      	cmp	r4, #0
1000422a:	d1f8      	bne.n	1000421e <__wrap_puts+0x1e>
1000422c:	0028      	movs	r0, r5
1000422e:	bd70      	pop	{r4, r5, r6, pc}
10004230:	6924      	ldr	r4, [r4, #16]
10004232:	2c00      	cmp	r4, #0
10004234:	d1f3      	bne.n	1000421e <__wrap_puts+0x1e>
10004236:	e7f9      	b.n	1000422c <__wrap_puts+0x2c>
10004238:	20002700 	.word	0x20002700

1000423c <__wrap_vprintf>:
1000423c:	b5f0      	push	{r4, r5, r6, r7, lr}
1000423e:	46ce      	mov	lr, r9
10004240:	4647      	mov	r7, r8
10004242:	b580      	push	{r7, lr}
10004244:	b0a3      	sub	sp, #140	@ 0x8c
10004246:	0004      	movs	r4, r0
10004248:	000d      	movs	r5, r1
1000424a:	f7fd fa89 	bl	10001760 <time_us_64>
1000424e:	2300      	movs	r3, #0
10004250:	4a27      	ldr	r2, [pc, #156]	@ (100042f0 <__wrap_vprintf+0xb4>)
10004252:	1812      	adds	r2, r2, r0
10004254:	414b      	adcs	r3, r1
10004256:	2b00      	cmp	r3, #0
10004258:	da02      	bge.n	10004260 <__wrap_vprintf+0x24>
1000425a:	2201      	movs	r2, #1
1000425c:	4b25      	ldr	r3, [pc, #148]	@ (100042f4 <__wrap_vprintf+0xb8>)
1000425e:	4252      	negs	r2, r2
10004260:	4e25      	ldr	r6, [pc, #148]	@ (100042f8 <__wrap_vprintf+0xbc>)
10004262:	0030      	movs	r0, r6
10004264:	f006 fb48 	bl	1000a8f8 <__mutex_try_enter_block_until_veneer>
10004268:	2300      	movs	r3, #0
1000426a:	0022      	movs	r2, r4
1000426c:	9301      	str	r3, [sp, #4]
1000426e:	0007      	movs	r7, r0
10004270:	002b      	movs	r3, r5
10004272:	4822      	ldr	r0, [pc, #136]	@ (100042fc <__wrap_vprintf+0xc0>)
10004274:	a901      	add	r1, sp, #4
10004276:	f7ff fe07 	bl	10003e88 <vfctprintf>
1000427a:	4b21      	ldr	r3, [pc, #132]	@ (10004300 <__wrap_vprintf+0xc4>)
1000427c:	4680      	mov	r8, r0
1000427e:	4699      	mov	r9, r3
10004280:	681c      	ldr	r4, [r3, #0]
10004282:	9b01      	ldr	r3, [sp, #4]
10004284:	2b00      	cmp	r3, #0
10004286:	d01a      	beq.n	100042be <__wrap_vprintf+0x82>
10004288:	2c00      	cmp	r4, #0
1000428a:	d02f      	beq.n	100042ec <__wrap_vprintf+0xb0>
1000428c:	4d1d      	ldr	r5, [pc, #116]	@ (10004304 <__wrap_vprintf+0xc8>)
1000428e:	e002      	b.n	10004296 <__wrap_vprintf+0x5a>
10004290:	6924      	ldr	r4, [r4, #16]
10004292:	2c00      	cmp	r4, #0
10004294:	d00f      	beq.n	100042b6 <__wrap_vprintf+0x7a>
10004296:	6823      	ldr	r3, [r4, #0]
10004298:	2b00      	cmp	r3, #0
1000429a:	d0f9      	beq.n	10004290 <__wrap_vprintf+0x54>
1000429c:	682b      	ldr	r3, [r5, #0]
1000429e:	2b00      	cmp	r3, #0
100042a0:	d001      	beq.n	100042a6 <__wrap_vprintf+0x6a>
100042a2:	42a3      	cmp	r3, r4
100042a4:	d1f4      	bne.n	10004290 <__wrap_vprintf+0x54>
100042a6:	0020      	movs	r0, r4
100042a8:	9a01      	ldr	r2, [sp, #4]
100042aa:	a902      	add	r1, sp, #8
100042ac:	f7ff fe3a 	bl	10003f24 <stdio_out_chars_crlf>
100042b0:	6924      	ldr	r4, [r4, #16]
100042b2:	2c00      	cmp	r4, #0
100042b4:	d1ef      	bne.n	10004296 <__wrap_vprintf+0x5a>
100042b6:	464b      	mov	r3, r9
100042b8:	681c      	ldr	r4, [r3, #0]
100042ba:	2300      	movs	r3, #0
100042bc:	9301      	str	r3, [sp, #4]
100042be:	2c00      	cmp	r4, #0
100042c0:	d006      	beq.n	100042d0 <__wrap_vprintf+0x94>
100042c2:	6863      	ldr	r3, [r4, #4]
100042c4:	2b00      	cmp	r3, #0
100042c6:	d00b      	beq.n	100042e0 <__wrap_vprintf+0xa4>
100042c8:	4798      	blx	r3
100042ca:	6924      	ldr	r4, [r4, #16]
100042cc:	2c00      	cmp	r4, #0
100042ce:	d1f8      	bne.n	100042c2 <__wrap_vprintf+0x86>
100042d0:	2f00      	cmp	r7, #0
100042d2:	d107      	bne.n	100042e4 <__wrap_vprintf+0xa8>
100042d4:	4640      	mov	r0, r8
100042d6:	b023      	add	sp, #140	@ 0x8c
100042d8:	bcc0      	pop	{r6, r7}
100042da:	46b9      	mov	r9, r7
100042dc:	46b0      	mov	r8, r6
100042de:	bdf0      	pop	{r4, r5, r6, r7, pc}
100042e0:	6924      	ldr	r4, [r4, #16]
100042e2:	e7ec      	b.n	100042be <__wrap_vprintf+0x82>
100042e4:	0030      	movs	r0, r6
100042e6:	f006 fac7 	bl	1000a878 <__mutex_exit_veneer>
100042ea:	e7f3      	b.n	100042d4 <__wrap_vprintf+0x98>
100042ec:	9401      	str	r4, [sp, #4]
100042ee:	e7ef      	b.n	100042d0 <__wrap_vprintf+0x94>
100042f0:	000f4240 	.word	0x000f4240
100042f4:	7fffffff 	.word	0x7fffffff
100042f8:	20001260 	.word	0x20001260
100042fc:	10003fd5 	.word	0x10003fd5
10004300:	20002700 	.word	0x20002700
10004304:	20002708 	.word	0x20002708

10004308 <__wrap_printf>:
10004308:	b40f      	push	{r0, r1, r2, r3}
1000430a:	b500      	push	{lr}
1000430c:	b083      	sub	sp, #12
1000430e:	a904      	add	r1, sp, #16
10004310:	c901      	ldmia	r1!, {r0}
10004312:	9101      	str	r1, [sp, #4]
10004314:	f7ff ff92 	bl	1000423c <__wrap_vprintf>
10004318:	b003      	add	sp, #12
1000431a:	bc08      	pop	{r3}
1000431c:	b004      	add	sp, #16
1000431e:	4718      	bx	r3

10004320 <resetd_init>:
10004320:	4770      	bx	lr
10004322:	46c0      	nop			@ (mov r8, r8)

10004324 <resetd_reset>:
10004324:	2200      	movs	r2, #0
10004326:	4b01      	ldr	r3, [pc, #4]	@ (1000432c <resetd_reset+0x8>)
10004328:	701a      	strb	r2, [r3, #0]
1000432a:	4770      	bx	lr
1000432c:	20002c6b 	.word	0x20002c6b

10004330 <resetd_open>:
10004330:	794b      	ldrb	r3, [r1, #5]
10004332:	2000      	movs	r0, #0
10004334:	2bff      	cmp	r3, #255	@ 0xff
10004336:	d10b      	bne.n	10004350 <resetd_open+0x20>
10004338:	798b      	ldrb	r3, [r1, #6]
1000433a:	2b00      	cmp	r3, #0
1000433c:	d108      	bne.n	10004350 <resetd_open+0x20>
1000433e:	79cb      	ldrb	r3, [r1, #7]
10004340:	2b01      	cmp	r3, #1
10004342:	d105      	bne.n	10004350 <resetd_open+0x20>
10004344:	2a08      	cmp	r2, #8
10004346:	d903      	bls.n	10004350 <resetd_open+0x20>
10004348:	4b02      	ldr	r3, [pc, #8]	@ (10004354 <resetd_open+0x24>)
1000434a:	788a      	ldrb	r2, [r1, #2]
1000434c:	3009      	adds	r0, #9
1000434e:	701a      	strb	r2, [r3, #0]
10004350:	4770      	bx	lr
10004352:	46c0      	nop			@ (mov r8, r8)
10004354:	20002c6b 	.word	0x20002c6b

10004358 <resetd_xfer_cb>:
10004358:	2001      	movs	r0, #1
1000435a:	4770      	bx	lr

1000435c <resetd_control_xfer_cb>:
1000435c:	b510      	push	{r4, lr}
1000435e:	2901      	cmp	r1, #1
10004360:	d113      	bne.n	1000438a <resetd_control_xfer_cb+0x2e>
10004362:	4912      	ldr	r1, [pc, #72]	@ (100043ac <resetd_control_xfer_cb+0x50>)
10004364:	7953      	ldrb	r3, [r2, #5]
10004366:	7910      	ldrb	r0, [r2, #4]
10004368:	7809      	ldrb	r1, [r1, #0]
1000436a:	021b      	lsls	r3, r3, #8
1000436c:	4303      	orrs	r3, r0
1000436e:	2000      	movs	r0, #0
10004370:	4299      	cmp	r1, r3
10004372:	d000      	beq.n	10004376 <resetd_control_xfer_cb+0x1a>
10004374:	bd10      	pop	{r4, pc}
10004376:	7853      	ldrb	r3, [r2, #1]
10004378:	2b01      	cmp	r3, #1
1000437a:	d008      	beq.n	1000438e <resetd_control_xfer_cb+0x32>
1000437c:	2b02      	cmp	r3, #2
1000437e:	d1f9      	bne.n	10004374 <resetd_control_xfer_cb+0x18>
10004380:	2264      	movs	r2, #100	@ 0x64
10004382:	2100      	movs	r1, #0
10004384:	2000      	movs	r0, #0
10004386:	f7fd fb4b 	bl	10001a20 <watchdog_reboot>
1000438a:	2001      	movs	r0, #1
1000438c:	e7f2      	b.n	10004374 <resetd_control_xfer_cb+0x18>
1000438e:	78d3      	ldrb	r3, [r2, #3]
10004390:	7891      	ldrb	r1, [r2, #2]
10004392:	021b      	lsls	r3, r3, #8
10004394:	4319      	orrs	r1, r3
10004396:	0a48      	lsrs	r0, r1, #9
10004398:	05db      	lsls	r3, r3, #23
1000439a:	d401      	bmi.n	100043a0 <resetd_control_xfer_cb+0x44>
1000439c:	2001      	movs	r0, #1
1000439e:	4240      	negs	r0, r0
100043a0:	237f      	movs	r3, #127	@ 0x7f
100043a2:	058a      	lsls	r2, r1, #22
100043a4:	0fd2      	lsrs	r2, r2, #31
100043a6:	4019      	ands	r1, r3
100043a8:	f7fd fbc2 	bl	10001b30 <rom_reset_usb_boot_extra>
100043ac:	20002c6b 	.word	0x20002c6b

100043b0 <tud_descriptor_bos_cb>:
100043b0:	4800      	ldr	r0, [pc, #0]	@ (100043b4 <tud_descriptor_bos_cb+0x4>)
100043b2:	4770      	bx	lr
100043b4:	1000b20c 	.word	0x1000b20c

100043b8 <tud_vendor_control_xfer_cb>:
100043b8:	b570      	push	{r4, r5, r6, lr}
100043ba:	0005      	movs	r5, r0
100043bc:	0014      	movs	r4, r2
100043be:	2001      	movs	r0, #1
100043c0:	2901      	cmp	r1, #1
100043c2:	d109      	bne.n	100043d8 <tud_vendor_control_xfer_cb+0x20>
100043c4:	7853      	ldrb	r3, [r2, #1]
100043c6:	2000      	movs	r0, #0
100043c8:	2b01      	cmp	r3, #1
100043ca:	d105      	bne.n	100043d8 <tud_vendor_control_xfer_cb+0x20>
100043cc:	7963      	ldrb	r3, [r4, #5]
100043ce:	7912      	ldrb	r2, [r2, #4]
100043d0:	021b      	lsls	r3, r3, #8
100043d2:	4313      	orrs	r3, r2
100043d4:	2b07      	cmp	r3, #7
100043d6:	d000      	beq.n	100043da <tud_vendor_control_xfer_cb+0x22>
100043d8:	bd70      	pop	{r4, r5, r6, pc}
100043da:	0021      	movs	r1, r4
100043dc:	0028      	movs	r0, r5
100043de:	4a02      	ldr	r2, [pc, #8]	@ (100043e8 <tud_vendor_control_xfer_cb+0x30>)
100043e0:	339f      	adds	r3, #159	@ 0x9f
100043e2:	f001 fa5d 	bl	100058a0 <tud_control_xfer>
100043e6:	e7f7      	b.n	100043d8 <tud_vendor_control_xfer_cb+0x20>
100043e8:	1000b164 	.word	0x1000b164

100043ec <usbd_app_driver_get_cb>:
100043ec:	2301      	movs	r3, #1
100043ee:	7003      	strb	r3, [r0, #0]
100043f0:	4800      	ldr	r0, [pc, #0]	@ (100043f4 <usbd_app_driver_get_cb+0x8>)
100043f2:	4770      	bx	lr
100043f4:	1000b144 	.word	0x1000b144

100043f8 <tud_cdc_line_coding_cb>:
100043f8:	784b      	ldrb	r3, [r1, #1]
100043fa:	780a      	ldrb	r2, [r1, #0]
100043fc:	021b      	lsls	r3, r3, #8
100043fe:	4313      	orrs	r3, r2
10004400:	788a      	ldrb	r2, [r1, #2]
10004402:	b510      	push	{r4, lr}
10004404:	0412      	lsls	r2, r2, #16
10004406:	431a      	orrs	r2, r3
10004408:	78cb      	ldrb	r3, [r1, #3]
1000440a:	061b      	lsls	r3, r3, #24
1000440c:	4313      	orrs	r3, r2
1000440e:	2296      	movs	r2, #150	@ 0x96
10004410:	00d2      	lsls	r2, r2, #3
10004412:	4293      	cmp	r3, r2
10004414:	d000      	beq.n	10004418 <tud_cdc_line_coding_cb+0x20>
10004416:	bd10      	pop	{r4, pc}
10004418:	2200      	movs	r2, #0
1000441a:	2001      	movs	r0, #1
1000441c:	0011      	movs	r1, r2
1000441e:	4240      	negs	r0, r0
10004420:	f7fd fb86 	bl	10001b30 <rom_reset_usb_boot_extra>

10004424 <stdio_usb_set_chars_available_callback>:
10004424:	4b02      	ldr	r3, [pc, #8]	@ (10004430 <stdio_usb_set_chars_available_callback+0xc>)
10004426:	6018      	str	r0, [r3, #0]
10004428:	4b02      	ldr	r3, [pc, #8]	@ (10004434 <stdio_usb_set_chars_available_callback+0x10>)
1000442a:	6019      	str	r1, [r3, #0]
1000442c:	4770      	bx	lr
1000442e:	46c0      	nop			@ (mov r8, r8)
10004430:	20001db4 	.word	0x20001db4
10004434:	20001db8 	.word	0x20001db8

10004438 <usb_irq>:
10004438:	b510      	push	{r4, lr}
1000443a:	4b02      	ldr	r3, [pc, #8]	@ (10004444 <usb_irq+0xc>)
1000443c:	7818      	ldrb	r0, [r3, #0]
1000443e:	f7fc f9e1 	bl	10000804 <irq_set_pending>
10004442:	bd10      	pop	{r4, pc}
10004444:	20002c6c 	.word	0x20002c6c

10004448 <timer_task>:
10004448:	4b15      	ldr	r3, [pc, #84]	@ (100044a0 <timer_task+0x58>)
1000444a:	b570      	push	{r4, r5, r6, lr}
1000444c:	681a      	ldr	r2, [r3, #0]
1000444e:	2a00      	cmp	r2, #0
10004450:	d022      	beq.n	10004498 <timer_task+0x50>
10004452:	f3ef 8110 	mrs	r1, PRIMASK
10004456:	b672      	cpsid	i
10004458:	6810      	ldr	r0, [r2, #0]
1000445a:	2800      	cmp	r0, #0
1000445c:	d0fc      	beq.n	10004458 <timer_task+0x10>
1000445e:	f3bf 8f5f 	dmb	sy
10004462:	2000      	movs	r0, #0
10004464:	4a0f      	ldr	r2, [pc, #60]	@ (100044a4 <timer_task+0x5c>)
10004466:	6059      	str	r1, [r3, #4]
10004468:	7010      	strb	r0, [r2, #0]
1000446a:	681b      	ldr	r3, [r3, #0]
1000446c:	f3bf 8f5f 	dmb	sy
10004470:	6018      	str	r0, [r3, #0]
10004472:	f381 8810 	msr	PRIMASK, r1
10004476:	2400      	movs	r4, #0
10004478:	2500      	movs	r5, #0
1000447a:	4e0b      	ldr	r6, [pc, #44]	@ (100044a8 <timer_task+0x60>)
1000447c:	7830      	ldrb	r0, [r6, #0]
1000447e:	f7fc f9b5 	bl	100007ec <irq_is_enabled>
10004482:	2800      	cmp	r0, #0
10004484:	d104      	bne.n	10004490 <timer_task+0x48>
10004486:	2400      	movs	r4, #0
10004488:	2500      	movs	r5, #0
1000448a:	0029      	movs	r1, r5
1000448c:	0020      	movs	r0, r4
1000448e:	bd70      	pop	{r4, r5, r6, pc}
10004490:	7830      	ldrb	r0, [r6, #0]
10004492:	f7fc f9b7 	bl	10000804 <irq_set_pending>
10004496:	e7f8      	b.n	1000448a <timer_task+0x42>
10004498:	24fa      	movs	r4, #250	@ 0xfa
1000449a:	2500      	movs	r5, #0
1000449c:	00a4      	lsls	r4, r4, #2
1000449e:	e7ec      	b.n	1000447a <timer_task+0x32>
100044a0:	20002b18 	.word	0x20002b18
100044a4:	20002c6d 	.word	0x20002c6d
100044a8:	20002c6c 	.word	0x20002c6c

100044ac <stdio_usb_in_chars>:
100044ac:	b570      	push	{r4, r5, r6, lr}
100044ae:	0004      	movs	r4, r0
100044b0:	2000      	movs	r0, #0
100044b2:	000e      	movs	r6, r1
100044b4:	f001 fb12 	bl	10005adc <tud_cdc_n_connected>
100044b8:	2800      	cmp	r0, #0
100044ba:	d034      	beq.n	10004526 <stdio_usb_in_chars+0x7a>
100044bc:	2000      	movs	r0, #0
100044be:	f001 fb23 	bl	10005b08 <tud_cdc_n_available>
100044c2:	2800      	cmp	r0, #0
100044c4:	d02f      	beq.n	10004526 <stdio_usb_in_chars+0x7a>
100044c6:	f7fd f94b 	bl	10001760 <time_us_64>
100044ca:	2300      	movs	r3, #0
100044cc:	4a17      	ldr	r2, [pc, #92]	@ (1000452c <stdio_usb_in_chars+0x80>)
100044ce:	1812      	adds	r2, r2, r0
100044d0:	414b      	adcs	r3, r1
100044d2:	2b00      	cmp	r3, #0
100044d4:	db16      	blt.n	10004504 <stdio_usb_in_chars+0x58>
100044d6:	4d16      	ldr	r5, [pc, #88]	@ (10004530 <stdio_usb_in_chars+0x84>)
100044d8:	0028      	movs	r0, r5
100044da:	f006 fa0d 	bl	1000a8f8 <__mutex_try_enter_block_until_veneer>
100044de:	2800      	cmp	r0, #0
100044e0:	d021      	beq.n	10004526 <stdio_usb_in_chars+0x7a>
100044e2:	2000      	movs	r0, #0
100044e4:	f001 fafa 	bl	10005adc <tud_cdc_n_connected>
100044e8:	2800      	cmp	r0, #0
100044ea:	d10f      	bne.n	1000450c <stdio_usb_in_chars+0x60>
100044ec:	2001      	movs	r0, #1
100044ee:	2100      	movs	r1, #0
100044f0:	4240      	negs	r0, r0
100044f2:	f000 fd09 	bl	10004f08 <tud_task_ext>
100044f6:	2403      	movs	r4, #3
100044f8:	4264      	negs	r4, r4
100044fa:	0028      	movs	r0, r5
100044fc:	f006 f9bc 	bl	1000a878 <__mutex_exit_veneer>
10004500:	0020      	movs	r0, r4
10004502:	bd70      	pop	{r4, r5, r6, pc}
10004504:	2201      	movs	r2, #1
10004506:	4b0b      	ldr	r3, [pc, #44]	@ (10004534 <stdio_usb_in_chars+0x88>)
10004508:	4252      	negs	r2, r2
1000450a:	e7e4      	b.n	100044d6 <stdio_usb_in_chars+0x2a>
1000450c:	2000      	movs	r0, #0
1000450e:	f001 fafb 	bl	10005b08 <tud_cdc_n_available>
10004512:	2800      	cmp	r0, #0
10004514:	d0ea      	beq.n	100044ec <stdio_usb_in_chars+0x40>
10004516:	0021      	movs	r1, r4
10004518:	0032      	movs	r2, r6
1000451a:	2000      	movs	r0, #0
1000451c:	f001 fafe 	bl	10005b1c <tud_cdc_n_read>
10004520:	1e04      	subs	r4, r0, #0
10004522:	d1ea      	bne.n	100044fa <stdio_usb_in_chars+0x4e>
10004524:	e7e7      	b.n	100044f6 <stdio_usb_in_chars+0x4a>
10004526:	2403      	movs	r4, #3
10004528:	4264      	negs	r4, r4
1000452a:	e7e9      	b.n	10004500 <stdio_usb_in_chars+0x54>
1000452c:	000f4240 	.word	0x000f4240
10004530:	20002c48 	.word	0x20002c48
10004534:	7fffffff 	.word	0x7fffffff

10004538 <stdio_usb_out_flush>:
10004538:	b510      	push	{r4, lr}
1000453a:	f7fd f911 	bl	10001760 <time_us_64>
1000453e:	2300      	movs	r3, #0
10004540:	4a0d      	ldr	r2, [pc, #52]	@ (10004578 <stdio_usb_out_flush+0x40>)
10004542:	1812      	adds	r2, r2, r0
10004544:	414b      	adcs	r3, r1
10004546:	2b00      	cmp	r3, #0
10004548:	da02      	bge.n	10004550 <stdio_usb_out_flush+0x18>
1000454a:	2201      	movs	r2, #1
1000454c:	4b0b      	ldr	r3, [pc, #44]	@ (1000457c <stdio_usb_out_flush+0x44>)
1000454e:	4252      	negs	r2, r2
10004550:	4c0b      	ldr	r4, [pc, #44]	@ (10004580 <stdio_usb_out_flush+0x48>)
10004552:	0020      	movs	r0, r4
10004554:	f006 f9d0 	bl	1000a8f8 <__mutex_try_enter_block_until_veneer>
10004558:	2800      	cmp	r0, #0
1000455a:	d00c      	beq.n	10004576 <stdio_usb_out_flush+0x3e>
1000455c:	2001      	movs	r0, #1
1000455e:	2100      	movs	r1, #0
10004560:	4240      	negs	r0, r0
10004562:	f000 fcd1 	bl	10004f08 <tud_task_ext>
10004566:	2000      	movs	r0, #0
10004568:	f001 fb1c 	bl	10005ba4 <tud_cdc_n_write_flush>
1000456c:	2800      	cmp	r0, #0
1000456e:	d1f5      	bne.n	1000455c <stdio_usb_out_flush+0x24>
10004570:	0020      	movs	r0, r4
10004572:	f006 f981 	bl	1000a878 <__mutex_exit_veneer>
10004576:	bd10      	pop	{r4, pc}
10004578:	000f4240 	.word	0x000f4240
1000457c:	7fffffff 	.word	0x7fffffff
10004580:	20002c48 	.word	0x20002c48

10004584 <stdio_usb_out_chars>:
10004584:	b5f8      	push	{r3, r4, r5, r6, r7, lr}
10004586:	46de      	mov	lr, fp
10004588:	4657      	mov	r7, sl
1000458a:	b580      	push	{r7, lr}
1000458c:	0005      	movs	r5, r0
1000458e:	000c      	movs	r4, r1
10004590:	f7fd f8e6 	bl	10001760 <time_us_64>
10004594:	2300      	movs	r3, #0
10004596:	4a36      	ldr	r2, [pc, #216]	@ (10004670 <stdio_usb_out_chars+0xec>)
10004598:	1812      	adds	r2, r2, r0
1000459a:	414b      	adcs	r3, r1
1000459c:	2b00      	cmp	r3, #0
1000459e:	da02      	bge.n	100045a6 <stdio_usb_out_chars+0x22>
100045a0:	2201      	movs	r2, #1
100045a2:	4b34      	ldr	r3, [pc, #208]	@ (10004674 <stdio_usb_out_chars+0xf0>)
100045a4:	4252      	negs	r2, r2
100045a6:	4934      	ldr	r1, [pc, #208]	@ (10004678 <stdio_usb_out_chars+0xf4>)
100045a8:	0008      	movs	r0, r1
100045aa:	468a      	mov	sl, r1
100045ac:	f006 f9a4 	bl	1000a8f8 <__mutex_try_enter_block_until_veneer>
100045b0:	2800      	cmp	r0, #0
100045b2:	d103      	bne.n	100045bc <stdio_usb_out_chars+0x38>
100045b4:	bcc0      	pop	{r6, r7}
100045b6:	46bb      	mov	fp, r7
100045b8:	46b2      	mov	sl, r6
100045ba:	bdf8      	pop	{r3, r4, r5, r6, r7, pc}
100045bc:	2000      	movs	r0, #0
100045be:	f001 fa8d 	bl	10005adc <tud_cdc_n_connected>
100045c2:	2800      	cmp	r0, #0
100045c4:	d04a      	beq.n	1000465c <stdio_usb_out_chars+0xd8>
100045c6:	2600      	movs	r6, #0
100045c8:	2c00      	cmp	r4, #0
100045ca:	dd43      	ble.n	10004654 <stdio_usb_out_chars+0xd0>
100045cc:	4b2b      	ldr	r3, [pc, #172]	@ (1000467c <stdio_usb_out_chars+0xf8>)
100045ce:	469b      	mov	fp, r3
100045d0:	e014      	b.n	100045fc <stdio_usb_out_chars+0x78>
100045d2:	19a9      	adds	r1, r5, r6
100045d4:	2000      	movs	r0, #0
100045d6:	f001 fb1f 	bl	10005c18 <tud_cdc_n_write>
100045da:	0007      	movs	r7, r0
100045dc:	2001      	movs	r0, #1
100045de:	2100      	movs	r1, #0
100045e0:	4240      	negs	r0, r0
100045e2:	f000 fc91 	bl	10004f08 <tud_task_ext>
100045e6:	2000      	movs	r0, #0
100045e8:	f001 fadc 	bl	10005ba4 <tud_cdc_n_write_flush>
100045ec:	f7fd f8b8 	bl	10001760 <time_us_64>
100045f0:	4b22      	ldr	r3, [pc, #136]	@ (1000467c <stdio_usb_out_chars+0xf8>)
100045f2:	19f6      	adds	r6, r6, r7
100045f4:	6018      	str	r0, [r3, #0]
100045f6:	6059      	str	r1, [r3, #4]
100045f8:	42b4      	cmp	r4, r6
100045fa:	dd2b      	ble.n	10004654 <stdio_usb_out_chars+0xd0>
100045fc:	2000      	movs	r0, #0
100045fe:	f001 fb2b 	bl	10005c58 <tud_cdc_n_write_available>
10004602:	1ba7      	subs	r7, r4, r6
10004604:	0002      	movs	r2, r0
10004606:	42b8      	cmp	r0, r7
10004608:	dd00      	ble.n	1000460c <stdio_usb_out_chars+0x88>
1000460a:	003a      	movs	r2, r7
1000460c:	2a00      	cmp	r2, #0
1000460e:	d1e0      	bne.n	100045d2 <stdio_usb_out_chars+0x4e>
10004610:	2001      	movs	r0, #1
10004612:	2100      	movs	r1, #0
10004614:	4240      	negs	r0, r0
10004616:	f000 fc77 	bl	10004f08 <tud_task_ext>
1000461a:	2000      	movs	r0, #0
1000461c:	f001 fac2 	bl	10005ba4 <tud_cdc_n_write_flush>
10004620:	2000      	movs	r0, #0
10004622:	f001 fa5b 	bl	10005adc <tud_cdc_n_connected>
10004626:	2800      	cmp	r0, #0
10004628:	d014      	beq.n	10004654 <stdio_usb_out_chars+0xd0>
1000462a:	2000      	movs	r0, #0
1000462c:	f001 fb14 	bl	10005c58 <tud_cdc_n_write_available>
10004630:	2800      	cmp	r0, #0
10004632:	d1e1      	bne.n	100045f8 <stdio_usb_out_chars+0x74>
10004634:	f7fd f894 	bl	10001760 <time_us_64>
10004638:	465b      	mov	r3, fp
1000463a:	000f      	movs	r7, r1
1000463c:	681a      	ldr	r2, [r3, #0]
1000463e:	685b      	ldr	r3, [r3, #4]
10004640:	2100      	movs	r1, #0
10004642:	4684      	mov	ip, r0
10004644:	480e      	ldr	r0, [pc, #56]	@ (10004680 <stdio_usb_out_chars+0xfc>)
10004646:	1812      	adds	r2, r2, r0
10004648:	414b      	adcs	r3, r1
1000464a:	429f      	cmp	r7, r3
1000464c:	d802      	bhi.n	10004654 <stdio_usb_out_chars+0xd0>
1000464e:	d1d3      	bne.n	100045f8 <stdio_usb_out_chars+0x74>
10004650:	4594      	cmp	ip, r2
10004652:	d9d1      	bls.n	100045f8 <stdio_usb_out_chars+0x74>
10004654:	4650      	mov	r0, sl
10004656:	f006 f90f 	bl	1000a878 <__mutex_exit_veneer>
1000465a:	e7ab      	b.n	100045b4 <stdio_usb_out_chars+0x30>
1000465c:	2000      	movs	r0, #0
1000465e:	2100      	movs	r1, #0
10004660:	4b06      	ldr	r3, [pc, #24]	@ (1000467c <stdio_usb_out_chars+0xf8>)
10004662:	6018      	str	r0, [r3, #0]
10004664:	6059      	str	r1, [r3, #4]
10004666:	4650      	mov	r0, sl
10004668:	f006 f906 	bl	1000a878 <__mutex_exit_veneer>
1000466c:	e7a2      	b.n	100045b4 <stdio_usb_out_chars+0x30>
1000466e:	46c0      	nop			@ (mov r8, r8)
10004670:	000f4240 	.word	0x000f4240
10004674:	7fffffff 	.word	0x7fffffff
10004678:	20002c48 	.word	0x20002c48
1000467c:	20001430 	.word	0x20001430
10004680:	0007a120 	.word	0x0007a120

10004684 <low_priority_worker_irq>:
10004684:	b530      	push	{r4, r5, lr}
10004686:	4c2a      	ldr	r4, [pc, #168]	@ (10004730 <low_priority_worker_irq+0xac>)
10004688:	b085      	sub	sp, #20
1000468a:	2100      	movs	r1, #0
1000468c:	0020      	movs	r0, r4
1000468e:	f006 f91b 	bl	1000a8c8 <__mutex_try_enter_veneer>
10004692:	2800      	cmp	r0, #0
10004694:	d11c      	bne.n	100046d0 <low_priority_worker_irq+0x4c>
10004696:	4b27      	ldr	r3, [pc, #156]	@ (10004734 <low_priority_worker_irq+0xb0>)
10004698:	681a      	ldr	r2, [r3, #0]
1000469a:	2a00      	cmp	r2, #0
1000469c:	d016      	beq.n	100046cc <low_priority_worker_irq+0x48>
1000469e:	f3ef 8110 	mrs	r1, PRIMASK
100046a2:	b672      	cpsid	i
100046a4:	6810      	ldr	r0, [r2, #0]
100046a6:	2800      	cmp	r0, #0
100046a8:	d0fc      	beq.n	100046a4 <low_priority_worker_irq+0x20>
100046aa:	f3bf 8f5f 	dmb	sy
100046ae:	2401      	movs	r4, #1
100046b0:	4821      	ldr	r0, [pc, #132]	@ (10004738 <low_priority_worker_irq+0xb4>)
100046b2:	6059      	str	r1, [r3, #4]
100046b4:	7802      	ldrb	r2, [r0, #0]
100046b6:	681b      	ldr	r3, [r3, #0]
100046b8:	b2d2      	uxtb	r2, r2
100046ba:	7004      	strb	r4, [r0, #0]
100046bc:	f3bf 8f5f 	dmb	sy
100046c0:	2000      	movs	r0, #0
100046c2:	6018      	str	r0, [r3, #0]
100046c4:	f381 8810 	msr	PRIMASK, r1
100046c8:	2a00      	cmp	r2, #0
100046ca:	d017      	beq.n	100046fc <low_priority_worker_irq+0x78>
100046cc:	b005      	add	sp, #20
100046ce:	bd30      	pop	{r4, r5, pc}
100046d0:	2001      	movs	r0, #1
100046d2:	2100      	movs	r1, #0
100046d4:	4240      	negs	r0, r0
100046d6:	f000 fc17 	bl	10004f08 <tud_task_ext>
100046da:	2000      	movs	r0, #0
100046dc:	f001 fa14 	bl	10005b08 <tud_cdc_n_available>
100046e0:	0005      	movs	r5, r0
100046e2:	0020      	movs	r0, r4
100046e4:	f006 f8c8 	bl	1000a878 <__mutex_exit_veneer>
100046e8:	2d00      	cmp	r5, #0
100046ea:	d0ef      	beq.n	100046cc <low_priority_worker_irq+0x48>
100046ec:	4b13      	ldr	r3, [pc, #76]	@ (1000473c <low_priority_worker_irq+0xb8>)
100046ee:	681b      	ldr	r3, [r3, #0]
100046f0:	2b00      	cmp	r3, #0
100046f2:	d0eb      	beq.n	100046cc <low_priority_worker_irq+0x48>
100046f4:	4a12      	ldr	r2, [pc, #72]	@ (10004740 <low_priority_worker_irq+0xbc>)
100046f6:	6810      	ldr	r0, [r2, #0]
100046f8:	4798      	blx	r3
100046fa:	e7e7      	b.n	100046cc <low_priority_worker_irq+0x48>
100046fc:	f7fc fdb2 	bl	10001264 <alarm_pool_get_default>
10004700:	0004      	movs	r4, r0
10004702:	f7fd f82d 	bl	10001760 <time_us_64>
10004706:	22fa      	movs	r2, #250	@ 0xfa
10004708:	2300      	movs	r3, #0
1000470a:	0092      	lsls	r2, r2, #2
1000470c:	1812      	adds	r2, r2, r0
1000470e:	414b      	adcs	r3, r1
10004710:	2b00      	cmp	r3, #0
10004712:	da02      	bge.n	1000471a <low_priority_worker_irq+0x96>
10004714:	2201      	movs	r2, #1
10004716:	4b0b      	ldr	r3, [pc, #44]	@ (10004744 <low_priority_worker_irq+0xc0>)
10004718:	4252      	negs	r2, r2
1000471a:	2101      	movs	r1, #1
1000471c:	9102      	str	r1, [sp, #8]
1000471e:	2100      	movs	r1, #0
10004720:	9101      	str	r1, [sp, #4]
10004722:	4909      	ldr	r1, [pc, #36]	@ (10004748 <low_priority_worker_irq+0xc4>)
10004724:	0020      	movs	r0, r4
10004726:	9100      	str	r1, [sp, #0]
10004728:	f7fc fda0 	bl	1000126c <alarm_pool_add_alarm_at>
1000472c:	e7ce      	b.n	100046cc <low_priority_worker_irq+0x48>
1000472e:	46c0      	nop			@ (mov r8, r8)
10004730:	20002c48 	.word	0x20002c48
10004734:	20002b18 	.word	0x20002b18
10004738:	20002c6d 	.word	0x20002c6d
1000473c:	20001db4 	.word	0x20001db4
10004740:	20001db8 	.word	0x20001db8
10004744:	7fffffff 	.word	0x7fffffff
10004748:	10004449 	.word	0x10004449

1000474c <stdio_usb_init>:
1000474c:	23d0      	movs	r3, #208	@ 0xd0
1000474e:	b510      	push	{r4, lr}
10004750:	061b      	lsls	r3, r3, #24
10004752:	b084      	sub	sp, #16
10004754:	681c      	ldr	r4, [r3, #0]
10004756:	f7fc fd85 	bl	10001264 <alarm_pool_get_default>
1000475a:	f7fc fe81 	bl	10001460 <alarm_pool_core_num>
1000475e:	42a0      	cmp	r0, r4
10004760:	d002      	beq.n	10004768 <stdio_usb_init+0x1c>
10004762:	2000      	movs	r0, #0
10004764:	b004      	add	sp, #16
10004766:	bd10      	pop	{r4, pc}
10004768:	4b29      	ldr	r3, [pc, #164]	@ (10004810 <stdio_usb_init+0xc4>)
1000476a:	2100      	movs	r1, #0
1000476c:	2000      	movs	r0, #0
1000476e:	781b      	ldrb	r3, [r3, #0]
10004770:	f001 fd66 	bl	10006240 <tusb_rhport_init>
10004774:	4827      	ldr	r0, [pc, #156]	@ (10004814 <stdio_usb_init+0xc8>)
10004776:	6803      	ldr	r3, [r0, #0]
10004778:	2b00      	cmp	r3, #0
1000477a:	d045      	beq.n	10004808 <stdio_usb_init+0xbc>
1000477c:	2001      	movs	r0, #1
1000477e:	f7fc fae1 	bl	10000d44 <user_irq_claim_unused>
10004782:	23ff      	movs	r3, #255	@ 0xff
10004784:	4c24      	ldr	r4, [pc, #144]	@ (10004818 <stdio_usb_init+0xcc>)
10004786:	4925      	ldr	r1, [pc, #148]	@ (1000481c <stdio_usb_init+0xd0>)
10004788:	7020      	strb	r0, [r4, #0]
1000478a:	4018      	ands	r0, r3
1000478c:	f7fc f854 	bl	10000838 <irq_set_exclusive_handler>
10004790:	7820      	ldrb	r0, [r4, #0]
10004792:	2101      	movs	r1, #1
10004794:	f7fc f818 	bl	100007c8 <irq_set_enabled>
10004798:	2005      	movs	r0, #5
1000479a:	f7fc f83b 	bl	10000814 <irq_has_shared_handler>
1000479e:	2800      	cmp	r0, #0
100047a0:	d124      	bne.n	100047ec <stdio_usb_init+0xa0>
100047a2:	2208      	movs	r2, #8
100047a4:	2100      	movs	r1, #0
100047a6:	481e      	ldr	r0, [pc, #120]	@ (10004820 <stdio_usb_init+0xd4>)
100047a8:	f7fd ff12 	bl	100025d0 <__wrap_memset>
100047ac:	f7fc fd5a 	bl	10001264 <alarm_pool_get_default>
100047b0:	0004      	movs	r4, r0
100047b2:	f7fc ffd5 	bl	10001760 <time_us_64>
100047b6:	22fa      	movs	r2, #250	@ 0xfa
100047b8:	2300      	movs	r3, #0
100047ba:	0092      	lsls	r2, r2, #2
100047bc:	1812      	adds	r2, r2, r0
100047be:	414b      	adcs	r3, r1
100047c0:	2b00      	cmp	r3, #0
100047c2:	da02      	bge.n	100047ca <stdio_usb_init+0x7e>
100047c4:	2201      	movs	r2, #1
100047c6:	4b17      	ldr	r3, [pc, #92]	@ (10004824 <stdio_usb_init+0xd8>)
100047c8:	4252      	negs	r2, r2
100047ca:	2101      	movs	r1, #1
100047cc:	9102      	str	r1, [sp, #8]
100047ce:	2100      	movs	r1, #0
100047d0:	9101      	str	r1, [sp, #4]
100047d2:	4915      	ldr	r1, [pc, #84]	@ (10004828 <stdio_usb_init+0xdc>)
100047d4:	0020      	movs	r0, r4
100047d6:	9100      	str	r1, [sp, #0]
100047d8:	f7fc fd48 	bl	1000126c <alarm_pool_add_alarm_at>
100047dc:	2800      	cmp	r0, #0
100047de:	dbc0      	blt.n	10004762 <stdio_usb_init+0x16>
100047e0:	4812      	ldr	r0, [pc, #72]	@ (1000482c <stdio_usb_init+0xe0>)
100047e2:	2101      	movs	r1, #1
100047e4:	f7ff fca6 	bl	10004134 <stdio_set_driver_enabled>
100047e8:	2001      	movs	r0, #1
100047ea:	e7bb      	b.n	10004764 <stdio_usb_init+0x18>
100047ec:	2001      	movs	r0, #1
100047ee:	f7fb ffb9 	bl	10000764 <spin_lock_claim_unused>
100047f2:	4b0b      	ldr	r3, [pc, #44]	@ (10004820 <stdio_usb_init+0xd4>)
100047f4:	0001      	movs	r1, r0
100047f6:	0018      	movs	r0, r3
100047f8:	f7fc fb24 	bl	10000e44 <critical_section_init_with_lock_num>
100047fc:	2200      	movs	r2, #0
100047fe:	2005      	movs	r0, #5
10004800:	490b      	ldr	r1, [pc, #44]	@ (10004830 <stdio_usb_init+0xe4>)
10004802:	f7fc f843 	bl	1000088c <irq_add_shared_handler>
10004806:	e7eb      	b.n	100047e0 <stdio_usb_init+0x94>
10004808:	f7fc faf2 	bl	10000df0 <mutex_init>
1000480c:	e7b6      	b.n	1000477c <stdio_usb_init+0x30>
1000480e:	46c0      	nop			@ (mov r8, r8)
10004810:	1004296c 	.word	0x1004296c
10004814:	20002c48 	.word	0x20002c48
10004818:	20002c6c 	.word	0x20002c6c
1000481c:	10004685 	.word	0x10004685
10004820:	20002b18 	.word	0x20002b18
10004824:	7fffffff 	.word	0x7fffffff
10004828:	10004449 	.word	0x10004449
1000482c:	20001200 	.word	0x20001200
10004830:	10004439 	.word	0x10004439

10004834 <tud_descriptor_device_cb>:
10004834:	4800      	ldr	r0, [pc, #0]	@ (10004838 <tud_descriptor_device_cb+0x4>)
10004836:	4770      	bx	lr
10004838:	1000b2a8 	.word	0x1000b2a8

1000483c <tud_descriptor_configuration_cb>:
1000483c:	4800      	ldr	r0, [pc, #0]	@ (10004840 <tud_descriptor_configuration_cb+0x4>)
1000483e:	4770      	bx	lr
10004840:	1000b254 	.word	0x1000b254

10004844 <tud_descriptor_string_cb>:
10004844:	b510      	push	{r4, lr}
10004846:	0004      	movs	r4, r0
10004848:	4817      	ldr	r0, [pc, #92]	@ (100048a8 <tud_descriptor_string_cb+0x64>)
1000484a:	7803      	ldrb	r3, [r0, #0]
1000484c:	2b00      	cmp	r3, #0
1000484e:	d020      	beq.n	10004892 <tud_descriptor_string_cb+0x4e>
10004850:	2c00      	cmp	r4, #0
10004852:	d106      	bne.n	10004862 <tud_descriptor_string_cb+0x1e>
10004854:	4b15      	ldr	r3, [pc, #84]	@ (100048ac <tud_descriptor_string_cb+0x68>)
10004856:	4816      	ldr	r0, [pc, #88]	@ (100048b0 <tud_descriptor_string_cb+0x6c>)
10004858:	8043      	strh	r3, [r0, #2]
1000485a:	3b06      	subs	r3, #6
1000485c:	3bff      	subs	r3, #255	@ 0xff
1000485e:	8003      	strh	r3, [r0, #0]
10004860:	bd10      	pop	{r4, pc}
10004862:	2c05      	cmp	r4, #5
10004864:	d81d      	bhi.n	100048a2 <tud_descriptor_string_cb+0x5e>
10004866:	4b13      	ldr	r3, [pc, #76]	@ (100048b4 <tud_descriptor_string_cb+0x70>)
10004868:	00a4      	lsls	r4, r4, #2
1000486a:	58e0      	ldr	r0, [r4, r3]
1000486c:	4912      	ldr	r1, [pc, #72]	@ (100048b8 <tud_descriptor_string_cb+0x74>)
1000486e:	2301      	movs	r3, #1
10004870:	3801      	subs	r0, #1
10004872:	e004      	b.n	1000487e <tud_descriptor_string_cb+0x3a>
10004874:	3301      	adds	r3, #1
10004876:	800a      	strh	r2, [r1, #0]
10004878:	3102      	adds	r1, #2
1000487a:	2b14      	cmp	r3, #20
1000487c:	d00d      	beq.n	1000489a <tud_descriptor_string_cb+0x56>
1000487e:	5cc2      	ldrb	r2, [r0, r3]
10004880:	2a00      	cmp	r2, #0
10004882:	d1f7      	bne.n	10004874 <tud_descriptor_string_cb+0x30>
10004884:	22c0      	movs	r2, #192	@ 0xc0
10004886:	b2db      	uxtb	r3, r3
10004888:	005b      	lsls	r3, r3, #1
1000488a:	0092      	lsls	r2, r2, #2
1000488c:	4808      	ldr	r0, [pc, #32]	@ (100048b0 <tud_descriptor_string_cb+0x6c>)
1000488e:	4313      	orrs	r3, r2
10004890:	e7e5      	b.n	1000485e <tud_descriptor_string_cb+0x1a>
10004892:	2111      	movs	r1, #17
10004894:	f000 f822 	bl	100048dc <pico_get_unique_board_id_string>
10004898:	e7da      	b.n	10004850 <tud_descriptor_string_cb+0xc>
1000489a:	23ca      	movs	r3, #202	@ 0xca
1000489c:	4804      	ldr	r0, [pc, #16]	@ (100048b0 <tud_descriptor_string_cb+0x6c>)
1000489e:	009b      	lsls	r3, r3, #2
100048a0:	e7dd      	b.n	1000485e <tud_descriptor_string_cb+0x1a>
100048a2:	2000      	movs	r0, #0
100048a4:	e7dc      	b.n	10004860 <tud_descriptor_string_cb+0x1c>
100048a6:	46c0      	nop			@ (mov r8, r8)
100048a8:	20002c50 	.word	0x20002c50
100048ac:	00000409 	.word	0x00000409
100048b0:	200026d8 	.word	0x200026d8
100048b4:	1000b23c 	.word	0x1000b23c
100048b8:	200026da 	.word	0x200026da

100048bc <_retrieve_unique_id_on_boot>:
100048bc:	b510      	push	{r4, lr}
100048be:	4802      	ldr	r0, [pc, #8]	@ (100048c8 <_retrieve_unique_id_on_boot+0xc>)
100048c0:	f000 f8e0 	bl	10004a84 <flash_get_unique_id>
100048c4:	bd10      	pop	{r4, pc}
100048c6:	46c0      	nop			@ (mov r8, r8)
100048c8:	20002b38 	.word	0x20002b38

100048cc <pico_get_unique_board_id>:
100048cc:	b510      	push	{r4, lr}
100048ce:	2208      	movs	r2, #8
100048d0:	4901      	ldr	r1, [pc, #4]	@ (100048d8 <pico_get_unique_board_id+0xc>)
100048d2:	f7fd fe83 	bl	100025dc <__wrap___aeabi_memcpy>
100048d6:	bd10      	pop	{r4, pc}
100048d8:	20002b38 	.word	0x20002b38

100048dc <pico_get_unique_board_id_string>:
100048dc:	b530      	push	{r4, r5, lr}
100048de:	1e4b      	subs	r3, r1, #1
100048e0:	2901      	cmp	r1, #1
100048e2:	d100      	bne.n	100048e6 <pico_get_unique_board_id_string+0xa>
100048e4:	e0a7      	b.n	10004a36 <pico_get_unique_board_id_string+0x15a>
100048e6:	4a66      	ldr	r2, [pc, #408]	@ (10004a80 <pico_get_unique_board_id_string+0x1a4>)
100048e8:	7811      	ldrb	r1, [r2, #0]
100048ea:	090d      	lsrs	r5, r1, #4
100048ec:	002c      	movs	r4, r5
100048ee:	3430      	adds	r4, #48	@ 0x30
100048f0:	299f      	cmp	r1, #159	@ 0x9f
100048f2:	d900      	bls.n	100048f6 <pico_get_unique_board_id_string+0x1a>
100048f4:	e0a2      	b.n	10004a3c <pico_get_unique_board_id_string+0x160>
100048f6:	7004      	strb	r4, [r0, #0]
100048f8:	2b01      	cmp	r3, #1
100048fa:	d100      	bne.n	100048fe <pico_get_unique_board_id_string+0x22>
100048fc:	e0be      	b.n	10004a7c <pico_get_unique_board_id_string+0x1a0>
100048fe:	210f      	movs	r1, #15
10004900:	7814      	ldrb	r4, [r2, #0]
10004902:	4021      	ands	r1, r4
10004904:	000c      	movs	r4, r1
10004906:	3430      	adds	r4, #48	@ 0x30
10004908:	2909      	cmp	r1, #9
1000490a:	d900      	bls.n	1000490e <pico_get_unique_board_id_string+0x32>
1000490c:	e098      	b.n	10004a40 <pico_get_unique_board_id_string+0x164>
1000490e:	7044      	strb	r4, [r0, #1]
10004910:	2b02      	cmp	r3, #2
10004912:	d100      	bne.n	10004916 <pico_get_unique_board_id_string+0x3a>
10004914:	e0b2      	b.n	10004a7c <pico_get_unique_board_id_string+0x1a0>
10004916:	7854      	ldrb	r4, [r2, #1]
10004918:	0925      	lsrs	r5, r4, #4
1000491a:	0029      	movs	r1, r5
1000491c:	3130      	adds	r1, #48	@ 0x30
1000491e:	2c9f      	cmp	r4, #159	@ 0x9f
10004920:	d900      	bls.n	10004924 <pico_get_unique_board_id_string+0x48>
10004922:	e090      	b.n	10004a46 <pico_get_unique_board_id_string+0x16a>
10004924:	7081      	strb	r1, [r0, #2]
10004926:	2b03      	cmp	r3, #3
10004928:	d100      	bne.n	1000492c <pico_get_unique_board_id_string+0x50>
1000492a:	e0a7      	b.n	10004a7c <pico_get_unique_board_id_string+0x1a0>
1000492c:	210f      	movs	r1, #15
1000492e:	4021      	ands	r1, r4
10004930:	000c      	movs	r4, r1
10004932:	3430      	adds	r4, #48	@ 0x30
10004934:	2909      	cmp	r1, #9
10004936:	d900      	bls.n	1000493a <pico_get_unique_board_id_string+0x5e>
10004938:	e087      	b.n	10004a4a <pico_get_unique_board_id_string+0x16e>
1000493a:	70c4      	strb	r4, [r0, #3]
1000493c:	2b04      	cmp	r3, #4
1000493e:	d100      	bne.n	10004942 <pico_get_unique_board_id_string+0x66>
10004940:	e09c      	b.n	10004a7c <pico_get_unique_board_id_string+0x1a0>
10004942:	7894      	ldrb	r4, [r2, #2]
10004944:	0925      	lsrs	r5, r4, #4
10004946:	0029      	movs	r1, r5
10004948:	3130      	adds	r1, #48	@ 0x30
1000494a:	2c9f      	cmp	r4, #159	@ 0x9f
1000494c:	d900      	bls.n	10004950 <pico_get_unique_board_id_string+0x74>
1000494e:	e07f      	b.n	10004a50 <pico_get_unique_board_id_string+0x174>
10004950:	7101      	strb	r1, [r0, #4]
10004952:	2b05      	cmp	r3, #5
10004954:	d100      	bne.n	10004958 <pico_get_unique_board_id_string+0x7c>
10004956:	e091      	b.n	10004a7c <pico_get_unique_board_id_string+0x1a0>
10004958:	210f      	movs	r1, #15
1000495a:	4021      	ands	r1, r4
1000495c:	000c      	movs	r4, r1
1000495e:	3430      	adds	r4, #48	@ 0x30
10004960:	2909      	cmp	r1, #9
10004962:	d900      	bls.n	10004966 <pico_get_unique_board_id_string+0x8a>
10004964:	e076      	b.n	10004a54 <pico_get_unique_board_id_string+0x178>
10004966:	7144      	strb	r4, [r0, #5]
10004968:	2b06      	cmp	r3, #6
1000496a:	d100      	bne.n	1000496e <pico_get_unique_board_id_string+0x92>
1000496c:	e086      	b.n	10004a7c <pico_get_unique_board_id_string+0x1a0>
1000496e:	78d4      	ldrb	r4, [r2, #3]
10004970:	0925      	lsrs	r5, r4, #4
10004972:	0029      	movs	r1, r5
10004974:	3130      	adds	r1, #48	@ 0x30
10004976:	2c9f      	cmp	r4, #159	@ 0x9f
10004978:	d900      	bls.n	1000497c <pico_get_unique_board_id_string+0xa0>
1000497a:	e06e      	b.n	10004a5a <pico_get_unique_board_id_string+0x17e>
1000497c:	7181      	strb	r1, [r0, #6]
1000497e:	2b07      	cmp	r3, #7
10004980:	d100      	bne.n	10004984 <pico_get_unique_board_id_string+0xa8>
10004982:	e07b      	b.n	10004a7c <pico_get_unique_board_id_string+0x1a0>
10004984:	210f      	movs	r1, #15
10004986:	4021      	ands	r1, r4
10004988:	000c      	movs	r4, r1
1000498a:	3430      	adds	r4, #48	@ 0x30
1000498c:	2909      	cmp	r1, #9
1000498e:	d866      	bhi.n	10004a5e <pico_get_unique_board_id_string+0x182>
10004990:	71c4      	strb	r4, [r0, #7]
10004992:	2b08      	cmp	r3, #8
10004994:	d100      	bne.n	10004998 <pico_get_unique_board_id_string+0xbc>
10004996:	e071      	b.n	10004a7c <pico_get_unique_board_id_string+0x1a0>
10004998:	7914      	ldrb	r4, [r2, #4]
1000499a:	0925      	lsrs	r5, r4, #4
1000499c:	0029      	movs	r1, r5
1000499e:	3130      	adds	r1, #48	@ 0x30
100049a0:	2c9f      	cmp	r4, #159	@ 0x9f
100049a2:	d85f      	bhi.n	10004a64 <pico_get_unique_board_id_string+0x188>
100049a4:	7201      	strb	r1, [r0, #8]
100049a6:	2b09      	cmp	r3, #9
100049a8:	d068      	beq.n	10004a7c <pico_get_unique_board_id_string+0x1a0>
100049aa:	210f      	movs	r1, #15
100049ac:	4021      	ands	r1, r4
100049ae:	000c      	movs	r4, r1
100049b0:	3430      	adds	r4, #48	@ 0x30
100049b2:	2909      	cmp	r1, #9
100049b4:	d858      	bhi.n	10004a68 <pico_get_unique_board_id_string+0x18c>
100049b6:	7244      	strb	r4, [r0, #9]
100049b8:	2b0a      	cmp	r3, #10
100049ba:	d05f      	beq.n	10004a7c <pico_get_unique_board_id_string+0x1a0>
100049bc:	7954      	ldrb	r4, [r2, #5]
100049be:	0925      	lsrs	r5, r4, #4
100049c0:	0029      	movs	r1, r5
100049c2:	3130      	adds	r1, #48	@ 0x30
100049c4:	2c9f      	cmp	r4, #159	@ 0x9f
100049c6:	d852      	bhi.n	10004a6e <pico_get_unique_board_id_string+0x192>
100049c8:	7281      	strb	r1, [r0, #10]
100049ca:	2b0b      	cmp	r3, #11
100049cc:	d056      	beq.n	10004a7c <pico_get_unique_board_id_string+0x1a0>
100049ce:	210f      	movs	r1, #15
100049d0:	4021      	ands	r1, r4
100049d2:	000c      	movs	r4, r1
100049d4:	3430      	adds	r4, #48	@ 0x30
100049d6:	2909      	cmp	r1, #9
100049d8:	d84b      	bhi.n	10004a72 <pico_get_unique_board_id_string+0x196>
100049da:	72c4      	strb	r4, [r0, #11]
100049dc:	2b0c      	cmp	r3, #12
100049de:	d04d      	beq.n	10004a7c <pico_get_unique_board_id_string+0x1a0>
100049e0:	7994      	ldrb	r4, [r2, #6]
100049e2:	0925      	lsrs	r5, r4, #4
100049e4:	0029      	movs	r1, r5
100049e6:	3130      	adds	r1, #48	@ 0x30
100049e8:	2c9f      	cmp	r4, #159	@ 0x9f
100049ea:	d900      	bls.n	100049ee <pico_get_unique_board_id_string+0x112>
100049ec:	3107      	adds	r1, #7
100049ee:	7301      	strb	r1, [r0, #12]
100049f0:	2b0d      	cmp	r3, #13
100049f2:	d043      	beq.n	10004a7c <pico_get_unique_board_id_string+0x1a0>
100049f4:	210f      	movs	r1, #15
100049f6:	4021      	ands	r1, r4
100049f8:	000c      	movs	r4, r1
100049fa:	3430      	adds	r4, #48	@ 0x30
100049fc:	2909      	cmp	r1, #9
100049fe:	d901      	bls.n	10004a04 <pico_get_unique_board_id_string+0x128>
10004a00:	3137      	adds	r1, #55	@ 0x37
10004a02:	000c      	movs	r4, r1
10004a04:	7344      	strb	r4, [r0, #13]
10004a06:	2b0e      	cmp	r3, #14
10004a08:	d038      	beq.n	10004a7c <pico_get_unique_board_id_string+0x1a0>
10004a0a:	79d1      	ldrb	r1, [r2, #7]
10004a0c:	090c      	lsrs	r4, r1, #4
10004a0e:	0022      	movs	r2, r4
10004a10:	3230      	adds	r2, #48	@ 0x30
10004a12:	299f      	cmp	r1, #159	@ 0x9f
10004a14:	d900      	bls.n	10004a18 <pico_get_unique_board_id_string+0x13c>
10004a16:	3207      	adds	r2, #7
10004a18:	7382      	strb	r2, [r0, #14]
10004a1a:	2b0f      	cmp	r3, #15
10004a1c:	d02e      	beq.n	10004a7c <pico_get_unique_board_id_string+0x1a0>
10004a1e:	220f      	movs	r2, #15
10004a20:	400a      	ands	r2, r1
10004a22:	0011      	movs	r1, r2
10004a24:	3137      	adds	r1, #55	@ 0x37
10004a26:	2a09      	cmp	r2, #9
10004a28:	d801      	bhi.n	10004a2e <pico_get_unique_board_id_string+0x152>
10004a2a:	3230      	adds	r2, #48	@ 0x30
10004a2c:	0011      	movs	r1, r2
10004a2e:	73c1      	strb	r1, [r0, #15]
10004a30:	2b10      	cmp	r3, #16
10004a32:	d023      	beq.n	10004a7c <pico_get_unique_board_id_string+0x1a0>
10004a34:	3010      	adds	r0, #16
10004a36:	2300      	movs	r3, #0
10004a38:	7003      	strb	r3, [r0, #0]
10004a3a:	bd30      	pop	{r4, r5, pc}
10004a3c:	3407      	adds	r4, #7
10004a3e:	e75a      	b.n	100048f6 <pico_get_unique_board_id_string+0x1a>
10004a40:	3137      	adds	r1, #55	@ 0x37
10004a42:	000c      	movs	r4, r1
10004a44:	e763      	b.n	1000490e <pico_get_unique_board_id_string+0x32>
10004a46:	3107      	adds	r1, #7
10004a48:	e76c      	b.n	10004924 <pico_get_unique_board_id_string+0x48>
10004a4a:	3137      	adds	r1, #55	@ 0x37
10004a4c:	000c      	movs	r4, r1
10004a4e:	e774      	b.n	1000493a <pico_get_unique_board_id_string+0x5e>
10004a50:	3107      	adds	r1, #7
10004a52:	e77d      	b.n	10004950 <pico_get_unique_board_id_string+0x74>
10004a54:	3137      	adds	r1, #55	@ 0x37
10004a56:	000c      	movs	r4, r1
10004a58:	e785      	b.n	10004966 <pico_get_unique_board_id_string+0x8a>
10004a5a:	3107      	adds	r1, #7
10004a5c:	e78e      	b.n	1000497c <pico_get_unique_board_id_string+0xa0>
10004a5e:	3137      	adds	r1, #55	@ 0x37
10004a60:	000c      	movs	r4, r1
10004a62:	e795      	b.n	10004990 <pico_get_unique_board_id_string+0xb4>
10004a64:	3107      	adds	r1, #7
10004a66:	e79d      	b.n	100049a4 <pico_get_unique_board_id_string+0xc8>
10004a68:	3137      	adds	r1, #55	@ 0x37
10004a6a:	000c      	movs	r4, r1
10004a6c:	e7a3      	b.n	100049b6 <pico_get_unique_board_id_string+0xda>
10004a6e:	3107      	adds	r1, #7
10004a70:	e7aa      	b.n	100049c8 <pico_get_unique_board_id_string+0xec>
10004a72:	3137      	adds	r1, #55	@ 0x37
10004a74:	000c      	movs	r4, r1
10004a76:	72c4      	strb	r4, [r0, #11]
10004a78:	2b0c      	cmp	r3, #12
10004a7a:	d1b1      	bne.n	100049e0 <pico_get_unique_board_id_string+0x104>
10004a7c:	18c0      	adds	r0, r0, r3
10004a7e:	e7da      	b.n	10004a36 <pico_get_unique_board_id_string+0x15a>
10004a80:	20002b38 	.word	0x20002b38

10004a84 <flash_get_unique_id>:
10004a84:	b510      	push	{r4, lr}
10004a86:	b088      	sub	sp, #32
10004a88:	0004      	movs	r4, r0
10004a8a:	220d      	movs	r2, #13
10004a8c:	2100      	movs	r1, #0
10004a8e:	4668      	mov	r0, sp
10004a90:	f7fd fd9e 	bl	100025d0 <__wrap_memset>
10004a94:	220d      	movs	r2, #13
10004a96:	2100      	movs	r1, #0
10004a98:	a804      	add	r0, sp, #16
10004a9a:	f7fd fd99 	bl	100025d0 <__wrap_memset>
10004a9e:	234b      	movs	r3, #75	@ 0x4b
10004aa0:	466a      	mov	r2, sp
10004aa2:	4668      	mov	r0, sp
10004aa4:	7013      	strb	r3, [r2, #0]
10004aa6:	a904      	add	r1, sp, #16
10004aa8:	220d      	movs	r2, #13
10004aaa:	f005 fedd 	bl	1000a868 <__flash_do_cmd_veneer>
10004aae:	2115      	movs	r1, #21
10004ab0:	2208      	movs	r2, #8
10004ab2:	0020      	movs	r0, r4
10004ab4:	4469      	add	r1, sp
10004ab6:	f7fd fd91 	bl	100025dc <__wrap___aeabi_memcpy>
10004aba:	b008      	add	sp, #32
10004abc:	bd10      	pop	{r4, pc}
10004abe:	46c0      	nop			@ (mov r8, r8)

10004ac0 <dcd_init>:
10004ac0:	b5f8      	push	{r3, r4, r5, r6, r7, lr}
10004ac2:	f000 f947 	bl	10004d54 <rp2040_usb_init>
10004ac6:	230c      	movs	r3, #12
10004ac8:	4d19      	ldr	r5, [pc, #100]	@ (10004b30 <dcd_init+0x70>)
10004aca:	22ff      	movs	r2, #255	@ 0xff
10004acc:	67ab      	str	r3, [r5, #120]	@ 0x78
10004ace:	2005      	movs	r0, #5
10004ad0:	4918      	ldr	r1, [pc, #96]	@ (10004b34 <dcd_init+0x74>)
10004ad2:	f7fb fedb 	bl	1000088c <irq_add_shared_handler>
10004ad6:	4c18      	ldr	r4, [pc, #96]	@ (10004b38 <dcd_init+0x78>)
10004ad8:	2240      	movs	r2, #64	@ 0x40
10004ada:	2100      	movs	r1, #0
10004adc:	0020      	movs	r0, r4
10004ade:	f7fd fd77 	bl	100025d0 <__wrap_memset>
10004ae2:	2740      	movs	r7, #64	@ 0x40
10004ae4:	2300      	movs	r3, #0
10004ae6:	2601      	movs	r6, #1
10004ae8:	2121      	movs	r1, #33	@ 0x21
10004aea:	4a14      	ldr	r2, [pc, #80]	@ (10004b3c <dcd_init+0x7c>)
10004aec:	7066      	strb	r6, [r4, #1]
10004aee:	8327      	strh	r7, [r4, #24]
10004af0:	60a2      	str	r2, [r4, #8]
10004af2:	6013      	str	r3, [r2, #0]
10004af4:	5463      	strb	r3, [r4, r1]
10004af6:	315f      	adds	r1, #95	@ 0x5f
10004af8:	8461      	strh	r1, [r4, #34]	@ 0x22
10004afa:	3945      	subs	r1, #69	@ 0x45
10004afc:	5463      	strb	r3, [r4, r1]
10004afe:	4a10      	ldr	r2, [pc, #64]	@ (10004b40 <dcd_init+0x80>)
10004b00:	4910      	ldr	r1, [pc, #64]	@ (10004b44 <dcd_init+0x84>)
10004b02:	6063      	str	r3, [r4, #4]
10004b04:	60e2      	str	r2, [r4, #12]
10004b06:	8727      	strh	r7, [r4, #56]	@ 0x38
10004b08:	62a1      	str	r1, [r4, #40]	@ 0x28
10004b0a:	600b      	str	r3, [r1, #0]
10004b0c:	6263      	str	r3, [r4, #36]	@ 0x24
10004b0e:	62e2      	str	r2, [r4, #44]	@ 0x2c
10004b10:	f005 feea 	bl	1000a8e8 <__reset_non_control_endpoints_veneer>
10004b14:	2380      	movs	r3, #128	@ 0x80
10004b16:	059b      	lsls	r3, r3, #22
10004b18:	642e      	str	r6, [r5, #64]	@ 0x40
10004b1a:	64eb      	str	r3, [r5, #76]	@ 0x4c
10004b1c:	2390      	movs	r3, #144	@ 0x90
10004b1e:	4a0a      	ldr	r2, [pc, #40]	@ (10004b48 <dcd_init+0x88>)
10004b20:	2001      	movs	r0, #1
10004b22:	50ea      	str	r2, [r5, r3]
10004b24:	2280      	movs	r2, #128	@ 0x80
10004b26:	4b09      	ldr	r3, [pc, #36]	@ (10004b4c <dcd_init+0x8c>)
10004b28:	0252      	lsls	r2, r2, #9
10004b2a:	64da      	str	r2, [r3, #76]	@ 0x4c
10004b2c:	bdf8      	pop	{r3, r4, r5, r6, r7, pc}
10004b2e:	46c0      	nop			@ (mov r8, r8)
10004b30:	50110000 	.word	0x50110000
10004b34:	200006d9 	.word	0x200006d9
10004b38:	2000270c 	.word	0x2000270c
10004b3c:	50100084 	.word	0x50100084
10004b40:	50100100 	.word	0x50100100
10004b44:	50100080 	.word	0x50100080
10004b48:	0001d010 	.word	0x0001d010
10004b4c:	50112000 	.word	0x50112000

10004b50 <dcd_int_enable>:
10004b50:	b510      	push	{r4, lr}
10004b52:	2101      	movs	r1, #1
10004b54:	2005      	movs	r0, #5
10004b56:	f7fb fe37 	bl	100007c8 <irq_set_enabled>
10004b5a:	bd10      	pop	{r4, pc}

10004b5c <dcd_set_address>:
10004b5c:	b510      	push	{r4, lr}
10004b5e:	2200      	movs	r2, #0
10004b60:	2100      	movs	r1, #0
10004b62:	4802      	ldr	r0, [pc, #8]	@ (10004b6c <dcd_set_address+0x10>)
10004b64:	f000 f916 	bl	10004d94 <hw_endpoint_xfer_start>
10004b68:	bd10      	pop	{r4, pc}
10004b6a:	46c0      	nop			@ (mov r8, r8)
10004b6c:	2000272c 	.word	0x2000272c

10004b70 <dcd_sof_enable>:
10004b70:	4b04      	ldr	r3, [pc, #16]	@ (10004b84 <dcd_sof_enable+0x14>)
10004b72:	7019      	strb	r1, [r3, #0]
10004b74:	2900      	cmp	r1, #0
10004b76:	d004      	beq.n	10004b82 <dcd_sof_enable+0x12>
10004b78:	2180      	movs	r1, #128	@ 0x80
10004b7a:	2390      	movs	r3, #144	@ 0x90
10004b7c:	4a02      	ldr	r2, [pc, #8]	@ (10004b88 <dcd_sof_enable+0x18>)
10004b7e:	0289      	lsls	r1, r1, #10
10004b80:	50d1      	str	r1, [r2, r3]
10004b82:	4770      	bx	lr
10004b84:	20002c67 	.word	0x20002c67
10004b88:	50112000 	.word	0x50112000

10004b8c <dcd_edpt0_status_complete>:
10004b8c:	780b      	ldrb	r3, [r1, #0]
10004b8e:	065b      	lsls	r3, r3, #25
10004b90:	d102      	bne.n	10004b98 <dcd_edpt0_status_complete+0xc>
10004b92:	784b      	ldrb	r3, [r1, #1]
10004b94:	2b05      	cmp	r3, #5
10004b96:	d000      	beq.n	10004b9a <dcd_edpt0_status_complete+0xe>
10004b98:	4770      	bx	lr
10004b9a:	788a      	ldrb	r2, [r1, #2]
10004b9c:	4b01      	ldr	r3, [pc, #4]	@ (10004ba4 <dcd_edpt0_status_complete+0x18>)
10004b9e:	601a      	str	r2, [r3, #0]
10004ba0:	e7fa      	b.n	10004b98 <dcd_edpt0_status_complete+0xc>
10004ba2:	46c0      	nop			@ (mov r8, r8)
10004ba4:	50110000 	.word	0x50110000

10004ba8 <dcd_edpt_open>:
10004ba8:	b5f0      	push	{r4, r5, r6, r7, lr}
10004baa:	46c6      	mov	lr, r8
10004bac:	78c8      	ldrb	r0, [r1, #3]
10004bae:	b500      	push	{lr}
10004bb0:	0780      	lsls	r0, r0, #30
10004bb2:	0f83      	lsrs	r3, r0, #30
10004bb4:	0018      	movs	r0, r3
10004bb6:	2b01      	cmp	r3, #1
10004bb8:	d060      	beq.n	10004c7c <dcd_edpt_open+0xd4>
10004bba:	788f      	ldrb	r7, [r1, #2]
10004bbc:	790a      	ldrb	r2, [r1, #4]
10004bbe:	794b      	ldrb	r3, [r1, #5]
10004bc0:	217f      	movs	r1, #127	@ 0x7f
10004bc2:	4039      	ands	r1, r7
10004bc4:	09fc      	lsrs	r4, r7, #7
10004bc6:	021b      	lsls	r3, r3, #8
10004bc8:	004e      	lsls	r6, r1, #1
10004bca:	4313      	orrs	r3, r2
10004bcc:	4d33      	ldr	r5, [pc, #204]	@ (10004c9c <dcd_edpt_open+0xf4>)
10004bce:	1932      	adds	r2, r6, r4
10004bd0:	0152      	lsls	r2, r2, #5
10004bd2:	18aa      	adds	r2, r5, r2
10004bd4:	7097      	strb	r7, [r2, #2]
10004bd6:	2701      	movs	r7, #1
10004bd8:	4067      	eors	r7, r4
10004bda:	7057      	strb	r7, [r2, #1]
10004bdc:	2700      	movs	r7, #0
10004bde:	055b      	lsls	r3, r3, #21
10004be0:	0d5b      	lsrs	r3, r3, #21
10004be2:	70d7      	strb	r7, [r2, #3]
10004be4:	8313      	strh	r3, [r2, #24]
10004be6:	76d0      	strb	r0, [r2, #27]
10004be8:	46b8      	mov	r8, r7
10004bea:	00ca      	lsls	r2, r1, #3
10004bec:	2c01      	cmp	r4, #1
10004bee:	d032      	beq.n	10004c56 <dcd_edpt_open+0xae>
10004bf0:	4f2b      	ldr	r7, [pc, #172]	@ (10004ca0 <dcd_edpt_open+0xf8>)
10004bf2:	46bc      	mov	ip, r7
10004bf4:	018f      	lsls	r7, r1, #6
10004bf6:	4462      	add	r2, ip
10004bf8:	46bc      	mov	ip, r7
10004bfa:	44ac      	add	ip, r5
10004bfc:	4667      	mov	r7, ip
10004bfe:	60ba      	str	r2, [r7, #8]
10004c00:	4647      	mov	r7, r8
10004c02:	6017      	str	r7, [r2, #0]
10004c04:	2900      	cmp	r1, #0
10004c06:	d032      	beq.n	10004c6e <dcd_edpt_open+0xc6>
10004c08:	4a26      	ldr	r2, [pc, #152]	@ (10004ca4 <dcd_edpt_open+0xfc>)
10004c0a:	00c9      	lsls	r1, r1, #3
10004c0c:	4690      	mov	r8, r2
10004c0e:	4662      	mov	r2, ip
10004c10:	4441      	add	r1, r8
10004c12:	6051      	str	r1, [r2, #4]
10004c14:	223f      	movs	r2, #63	@ 0x3f
10004c16:	333f      	adds	r3, #63	@ 0x3f
10004c18:	4393      	bics	r3, r2
10004c1a:	2802      	cmp	r0, #2
10004c1c:	d037      	beq.n	10004c8e <dcd_edpt_open+0xe6>
10004c1e:	4922      	ldr	r1, [pc, #136]	@ (10004ca8 <dcd_edpt_open+0x100>)
10004c20:	1937      	adds	r7, r6, r4
10004c22:	680a      	ldr	r2, [r1, #0]
10004c24:	017f      	lsls	r7, r7, #5
10004c26:	18d3      	adds	r3, r2, r3
10004c28:	600b      	str	r3, [r1, #0]
10004c2a:	4920      	ldr	r1, [pc, #128]	@ (10004cac <dcd_edpt_open+0x104>)
10004c2c:	19ef      	adds	r7, r5, r7
10004c2e:	60fa      	str	r2, [r7, #12]
10004c30:	428b      	cmp	r3, r1
10004c32:	d82e      	bhi.n	10004c92 <dcd_edpt_open+0xea>
10004c34:	1936      	adds	r6, r6, r4
10004c36:	0176      	lsls	r6, r6, #5
10004c38:	19ad      	adds	r5, r5, r6
10004c3a:	7eeb      	ldrb	r3, [r5, #27]
10004c3c:	491c      	ldr	r1, [pc, #112]	@ (10004cb0 <dcd_edpt_open+0x108>)
10004c3e:	069b      	lsls	r3, r3, #26
10004c40:	404a      	eors	r2, r1
10004c42:	4313      	orrs	r3, r2
10004c44:	2280      	movs	r2, #128	@ 0x80
10004c46:	0612      	lsls	r2, r2, #24
10004c48:	4313      	orrs	r3, r2
10004c4a:	686a      	ldr	r2, [r5, #4]
10004c4c:	6013      	str	r3, [r2, #0]
10004c4e:	2001      	movs	r0, #1
10004c50:	bc80      	pop	{r7}
10004c52:	46b8      	mov	r8, r7
10004c54:	bdf0      	pop	{r4, r5, r6, r7, pc}
10004c56:	4f17      	ldr	r7, [pc, #92]	@ (10004cb4 <dcd_edpt_open+0x10c>)
10004c58:	46bc      	mov	ip, r7
10004c5a:	018f      	lsls	r7, r1, #6
10004c5c:	4462      	add	r2, ip
10004c5e:	46bc      	mov	ip, r7
10004c60:	44ac      	add	ip, r5
10004c62:	4667      	mov	r7, ip
10004c64:	62ba      	str	r2, [r7, #40]	@ 0x28
10004c66:	4647      	mov	r7, r8
10004c68:	6017      	str	r7, [r2, #0]
10004c6a:	2900      	cmp	r1, #0
10004c6c:	d108      	bne.n	10004c80 <dcd_edpt_open+0xd8>
10004c6e:	2300      	movs	r3, #0
10004c70:	0164      	lsls	r4, r4, #5
10004c72:	192c      	adds	r4, r5, r4
10004c74:	6063      	str	r3, [r4, #4]
10004c76:	4b10      	ldr	r3, [pc, #64]	@ (10004cb8 <dcd_edpt_open+0x110>)
10004c78:	60e3      	str	r3, [r4, #12]
10004c7a:	e7e8      	b.n	10004c4e <dcd_edpt_open+0xa6>
10004c7c:	2000      	movs	r0, #0
10004c7e:	e7e7      	b.n	10004c50 <dcd_edpt_open+0xa8>
10004c80:	4a0b      	ldr	r2, [pc, #44]	@ (10004cb0 <dcd_edpt_open+0x108>)
10004c82:	00c9      	lsls	r1, r1, #3
10004c84:	4690      	mov	r8, r2
10004c86:	4662      	mov	r2, ip
10004c88:	4441      	add	r1, r8
10004c8a:	6251      	str	r1, [r2, #36]	@ 0x24
10004c8c:	e7c2      	b.n	10004c14 <dcd_edpt_open+0x6c>
10004c8e:	005b      	lsls	r3, r3, #1
10004c90:	e7c5      	b.n	10004c1e <dcd_edpt_open+0x76>
10004c92:	f7fc ff75 	bl	10001b80 <hard_assertion_failure>
10004c96:	68fa      	ldr	r2, [r7, #12]
10004c98:	e7cc      	b.n	10004c34 <dcd_edpt_open+0x8c>
10004c9a:	46c0      	nop			@ (mov r8, r8)
10004c9c:	2000270c 	.word	0x2000270c
10004ca0:	50100084 	.word	0x50100084
10004ca4:	50100004 	.word	0x50100004
10004ca8:	20002b14 	.word	0x20002b14
10004cac:	50100fff 	.word	0x50100fff
10004cb0:	50100000 	.word	0x50100000
10004cb4:	50100080 	.word	0x50100080
10004cb8:	50100100 	.word	0x50100100

10004cbc <dcd_edpt_close_all>:
10004cbc:	b510      	push	{r4, lr}
10004cbe:	f005 fe13 	bl	1000a8e8 <__reset_non_control_endpoints_veneer>
10004cc2:	bd10      	pop	{r4, pc}

10004cc4 <dcd_edpt_xfer>:
10004cc4:	b510      	push	{r4, lr}
10004cc6:	207f      	movs	r0, #127	@ 0x7f
10004cc8:	000c      	movs	r4, r1
10004cca:	4020      	ands	r0, r4
10004ccc:	0040      	lsls	r0, r0, #1
10004cce:	09e4      	lsrs	r4, r4, #7
10004cd0:	0011      	movs	r1, r2
10004cd2:	1900      	adds	r0, r0, r4
10004cd4:	001a      	movs	r2, r3
10004cd6:	4b03      	ldr	r3, [pc, #12]	@ (10004ce4 <dcd_edpt_xfer+0x20>)
10004cd8:	0140      	lsls	r0, r0, #5
10004cda:	18c0      	adds	r0, r0, r3
10004cdc:	f000 f85a 	bl	10004d94 <hw_endpoint_xfer_start>
10004ce0:	2001      	movs	r0, #1
10004ce2:	bd10      	pop	{r4, pc}
10004ce4:	2000270c 	.word	0x2000270c

10004ce8 <dcd_edpt_stall>:
10004ce8:	237f      	movs	r3, #127	@ 0x7f
10004cea:	0018      	movs	r0, r3
10004cec:	b500      	push	{lr}
10004cee:	4008      	ands	r0, r1
10004cf0:	b083      	sub	sp, #12
10004cf2:	420b      	tst	r3, r1
10004cf4:	d104      	bne.n	10004d00 <dcd_edpt_stall+0x18>
10004cf6:	424b      	negs	r3, r1
10004cf8:	414b      	adcs	r3, r1
10004cfa:	4a08      	ldr	r2, [pc, #32]	@ (10004d1c <dcd_edpt_stall+0x34>)
10004cfc:	3301      	adds	r3, #1
10004cfe:	6693      	str	r3, [r2, #104]	@ 0x68
10004d00:	2280      	movs	r2, #128	@ 0x80
10004d02:	09c9      	lsrs	r1, r1, #7
10004d04:	0040      	lsls	r0, r0, #1
10004d06:	4b06      	ldr	r3, [pc, #24]	@ (10004d20 <dcd_edpt_stall+0x38>)
10004d08:	1840      	adds	r0, r0, r1
10004d0a:	0140      	lsls	r0, r0, #5
10004d0c:	2100      	movs	r1, #0
10004d0e:	18c0      	adds	r0, r0, r3
10004d10:	0112      	lsls	r2, r2, #4
10004d12:	f005 fe11 	bl	1000a938 <___hw_endpoint_buffer_control_update32_veneer>
10004d16:	b003      	add	sp, #12
10004d18:	bd00      	pop	{pc}
10004d1a:	46c0      	nop			@ (mov r8, r8)
10004d1c:	50112000 	.word	0x50112000
10004d20:	2000270c 	.word	0x2000270c

10004d24 <dcd_edpt_clear_stall>:
10004d24:	227f      	movs	r2, #127	@ 0x7f
10004d26:	0013      	movs	r3, r2
10004d28:	b510      	push	{r4, lr}
10004d2a:	400b      	ands	r3, r1
10004d2c:	420a      	tst	r2, r1
10004d2e:	d100      	bne.n	10004d32 <dcd_edpt_clear_stall+0xe>
10004d30:	bd10      	pop	{r4, pc}
10004d32:	09c9      	lsrs	r1, r1, #7
10004d34:	005b      	lsls	r3, r3, #1
10004d36:	185b      	adds	r3, r3, r1
10004d38:	4804      	ldr	r0, [pc, #16]	@ (10004d4c <dcd_edpt_clear_stall+0x28>)
10004d3a:	015b      	lsls	r3, r3, #5
10004d3c:	18c0      	adds	r0, r0, r3
10004d3e:	2300      	movs	r3, #0
10004d40:	2200      	movs	r2, #0
10004d42:	4903      	ldr	r1, [pc, #12]	@ (10004d50 <dcd_edpt_clear_stall+0x2c>)
10004d44:	70c3      	strb	r3, [r0, #3]
10004d46:	f005 fdf7 	bl	1000a938 <___hw_endpoint_buffer_control_update32_veneer>
10004d4a:	e7f1      	b.n	10004d30 <dcd_edpt_clear_stall+0xc>
10004d4c:	2000270c 	.word	0x2000270c
10004d50:	fffff7ff 	.word	0xfffff7ff

10004d54 <rp2040_usb_init>:
10004d54:	2280      	movs	r2, #128	@ 0x80
10004d56:	4b0a      	ldr	r3, [pc, #40]	@ (10004d80 <rp2040_usb_init+0x2c>)
10004d58:	0452      	lsls	r2, r2, #17
10004d5a:	b510      	push	{r4, lr}
10004d5c:	601a      	str	r2, [r3, #0]
10004d5e:	4b09      	ldr	r3, [pc, #36]	@ (10004d84 <rp2040_usb_init+0x30>)
10004d60:	4909      	ldr	r1, [pc, #36]	@ (10004d88 <rp2040_usb_init+0x34>)
10004d62:	601a      	str	r2, [r3, #0]
10004d64:	0010      	movs	r0, r2
10004d66:	680b      	ldr	r3, [r1, #0]
10004d68:	4398      	bics	r0, r3
10004d6a:	d1fb      	bne.n	10004d64 <rp2040_usb_init+0x10>
10004d6c:	2280      	movs	r2, #128	@ 0x80
10004d6e:	2100      	movs	r1, #0
10004d70:	0152      	lsls	r2, r2, #5
10004d72:	4806      	ldr	r0, [pc, #24]	@ (10004d8c <rp2040_usb_init+0x38>)
10004d74:	f7fd fc2c 	bl	100025d0 <__wrap_memset>
10004d78:	2209      	movs	r2, #9
10004d7a:	4b05      	ldr	r3, [pc, #20]	@ (10004d90 <rp2040_usb_init+0x3c>)
10004d7c:	675a      	str	r2, [r3, #116]	@ 0x74
10004d7e:	bd10      	pop	{r4, pc}
10004d80:	4000e000 	.word	0x4000e000
10004d84:	4000f000 	.word	0x4000f000
10004d88:	4000c008 	.word	0x4000c008
10004d8c:	50100000 	.word	0x50100000
10004d90:	50110000 	.word	0x50110000

10004d94 <hw_endpoint_xfer_start>:
10004d94:	2300      	movs	r3, #0
10004d96:	b510      	push	{r4, lr}
10004d98:	82c3      	strh	r3, [r0, #22]
10004d9a:	3301      	adds	r3, #1
10004d9c:	8282      	strh	r2, [r0, #20]
10004d9e:	7683      	strb	r3, [r0, #26]
10004da0:	6101      	str	r1, [r0, #16]
10004da2:	0004      	movs	r4, r0
10004da4:	f005 fdd0 	bl	1000a948 <__e15_is_bulkin_ep_veneer>
10004da8:	2800      	cmp	r0, #0
10004daa:	d004      	beq.n	10004db6 <hw_endpoint_xfer_start+0x22>
10004dac:	2180      	movs	r1, #128	@ 0x80
10004dae:	2390      	movs	r3, #144	@ 0x90
10004db0:	4a07      	ldr	r2, [pc, #28]	@ (10004dd0 <hw_endpoint_xfer_start+0x3c>)
10004db2:	0289      	lsls	r1, r1, #10
10004db4:	50d1      	str	r1, [r2, r3]
10004db6:	0020      	movs	r0, r4
10004db8:	f005 fdb6 	bl	1000a928 <__e15_is_critical_frame_period_veneer>
10004dbc:	2800      	cmp	r0, #0
10004dbe:	d002      	beq.n	10004dc6 <hw_endpoint_xfer_start+0x32>
10004dc0:	2301      	movs	r3, #1
10004dc2:	7723      	strb	r3, [r4, #28]
10004dc4:	bd10      	pop	{r4, pc}
10004dc6:	0020      	movs	r0, r4
10004dc8:	f005 fd9e 	bl	1000a908 <__hw_endpoint_start_next_buffer_veneer>
10004dcc:	e7fa      	b.n	10004dc4 <hw_endpoint_xfer_start+0x30>
10004dce:	46c0      	nop			@ (mov r8, r8)
10004dd0:	50112000 	.word	0x50112000

10004dd4 <tud_event_hook_cb>:
10004dd4:	4770      	bx	lr
10004dd6:	46c0      	nop			@ (mov r8, r8)

10004dd8 <tud_sof_cb>:
10004dd8:	4770      	bx	lr
10004dda:	46c0      	nop			@ (mov r8, r8)

10004ddc <tud_descriptor_device_qualifier_cb>:
10004ddc:	2000      	movs	r0, #0
10004dde:	4770      	bx	lr

10004de0 <tud_descriptor_other_speed_configuration_cb>:
10004de0:	2000      	movs	r0, #0
10004de2:	4770      	bx	lr

10004de4 <tud_mount_cb>:
10004de4:	4770      	bx	lr
10004de6:	46c0      	nop			@ (mov r8, r8)

10004de8 <tud_umount_cb>:
10004de8:	4770      	bx	lr
10004dea:	46c0      	nop			@ (mov r8, r8)

10004dec <tud_suspend_cb>:
10004dec:	4770      	bx	lr
10004dee:	46c0      	nop			@ (mov r8, r8)

10004df0 <tud_resume_cb>:
10004df0:	4770      	bx	lr
10004df2:	46c0      	nop			@ (mov r8, r8)

10004df4 <tud_mounted>:
10004df4:	4b02      	ldr	r3, [pc, #8]	@ (10004e00 <tud_mounted+0xc>)
10004df6:	7858      	ldrb	r0, [r3, #1]
10004df8:	1e43      	subs	r3, r0, #1
10004dfa:	4198      	sbcs	r0, r3
10004dfc:	b2c0      	uxtb	r0, r0
10004dfe:	4770      	bx	lr
10004e00:	20001898 	.word	0x20001898

10004e04 <tud_suspended>:
10004e04:	4b02      	ldr	r3, [pc, #8]	@ (10004e10 <tud_suspended+0xc>)
10004e06:	7818      	ldrb	r0, [r3, #0]
10004e08:	0740      	lsls	r0, r0, #29
10004e0a:	0fc0      	lsrs	r0, r0, #31
10004e0c:	4770      	bx	lr
10004e0e:	46c0      	nop			@ (mov r8, r8)
10004e10:	20001898 	.word	0x20001898

10004e14 <tud_rhport_init>:
10004e14:	b5f0      	push	{r4, r5, r6, r7, lr}
10004e16:	46d6      	mov	lr, sl
10004e18:	464f      	mov	r7, r9
10004e1a:	4646      	mov	r6, r8
10004e1c:	b5c0      	push	{r6, r7, lr}
10004e1e:	4b2f      	ldr	r3, [pc, #188]	@ (10004edc <tud_rhport_init+0xc8>)
10004e20:	0007      	movs	r7, r0
10004e22:	469a      	mov	sl, r3
10004e24:	781b      	ldrb	r3, [r3, #0]
10004e26:	000e      	movs	r6, r1
10004e28:	2bff      	cmp	r3, #255	@ 0xff
10004e2a:	d150      	bne.n	10004ece <tud_rhport_init+0xba>
10004e2c:	2900      	cmp	r1, #0
10004e2e:	d041      	beq.n	10004eb4 <tud_rhport_init+0xa0>
10004e30:	2100      	movs	r1, #0
10004e32:	2254      	movs	r2, #84	@ 0x54
10004e34:	482a      	ldr	r0, [pc, #168]	@ (10004ee0 <tud_rhport_init+0xcc>)
10004e36:	f7fd fbcb 	bl	100025d0 <__wrap_memset>
10004e3a:	2200      	movs	r2, #0
10004e3c:	4c29      	ldr	r4, [pc, #164]	@ (10004ee4 <tud_rhport_init+0xd0>)
10004e3e:	4b2a      	ldr	r3, [pc, #168]	@ (10004ee8 <tud_rhport_init+0xd4>)
10004e40:	0020      	movs	r0, r4
10004e42:	701a      	strb	r2, [r3, #0]
10004e44:	f7fb ffd4 	bl	10000df0 <mutex_init>
10004e48:	4b28      	ldr	r3, [pc, #160]	@ (10004eec <tud_rhport_init+0xd8>)
10004e4a:	601c      	str	r4, [r3, #0]
10004e4c:	4c28      	ldr	r4, [pc, #160]	@ (10004ef0 <tud_rhport_init+0xdc>)
10004e4e:	0020      	movs	r0, r4
10004e50:	3c14      	subs	r4, #20
10004e52:	f7fb ffe9 	bl	10000e28 <critical_section_init>
10004e56:	0020      	movs	r0, r4
10004e58:	f001 fdfa 	bl	10006a50 <tu_fifo_clear>
10004e5c:	4b25      	ldr	r3, [pc, #148]	@ (10004ef4 <tud_rhport_init+0xe0>)
10004e5e:	4d26      	ldr	r5, [pc, #152]	@ (10004ef8 <tud_rhport_init+0xe4>)
10004e60:	601c      	str	r4, [r3, #0]
10004e62:	4b26      	ldr	r3, [pc, #152]	@ (10004efc <tud_rhport_init+0xe8>)
10004e64:	2b00      	cmp	r3, #0
10004e66:	d004      	beq.n	10004e72 <tud_rhport_init+0x5e>
10004e68:	0028      	movs	r0, r5
10004e6a:	f7ff fabf 	bl	100043ec <usbd_app_driver_get_cb>
10004e6e:	4b24      	ldr	r3, [pc, #144]	@ (10004f00 <tud_rhport_init+0xec>)
10004e70:	6018      	str	r0, [r3, #0]
10004e72:	4924      	ldr	r1, [pc, #144]	@ (10004f04 <tud_rhport_init+0xf0>)
10004e74:	2400      	movs	r4, #0
10004e76:	4689      	mov	r9, r1
10004e78:	4921      	ldr	r1, [pc, #132]	@ (10004f00 <tud_rhport_init+0xec>)
10004e7a:	2300      	movs	r3, #0
10004e7c:	4688      	mov	r8, r1
10004e7e:	782a      	ldrb	r2, [r5, #0]
10004e80:	e010      	b.n	10004ea4 <tud_rhport_init+0x90>
10004e82:	4643      	mov	r3, r8
10004e84:	681b      	ldr	r3, [r3, #0]
10004e86:	0162      	lsls	r2, r4, #5
10004e88:	189b      	adds	r3, r3, r2
10004e8a:	2b00      	cmp	r3, #0
10004e8c:	d012      	beq.n	10004eb4 <tud_rhport_init+0xa0>
10004e8e:	685b      	ldr	r3, [r3, #4]
10004e90:	2b00      	cmp	r3, #0
10004e92:	d00f      	beq.n	10004eb4 <tud_rhport_init+0xa0>
10004e94:	4798      	blx	r3
10004e96:	782a      	ldrb	r2, [r5, #0]
10004e98:	3401      	adds	r4, #1
10004e9a:	b2e4      	uxtb	r4, r4
10004e9c:	1c51      	adds	r1, r2, #1
10004e9e:	0023      	movs	r3, r4
10004ea0:	42a1      	cmp	r1, r4
10004ea2:	db09      	blt.n	10004eb8 <tud_rhport_init+0xa4>
10004ea4:	42a2      	cmp	r2, r4
10004ea6:	d8ec      	bhi.n	10004e82 <tud_rhport_init+0x6e>
10004ea8:	1a9b      	subs	r3, r3, r2
10004eaa:	015b      	lsls	r3, r3, #5
10004eac:	444b      	add	r3, r9
10004eae:	685b      	ldr	r3, [r3, #4]
10004eb0:	2b00      	cmp	r3, #0
10004eb2:	d1ef      	bne.n	10004e94 <tud_rhport_init+0x80>
10004eb4:	2000      	movs	r0, #0
10004eb6:	e00b      	b.n	10004ed0 <tud_rhport_init+0xbc>
10004eb8:	4653      	mov	r3, sl
10004eba:	0031      	movs	r1, r6
10004ebc:	0038      	movs	r0, r7
10004ebe:	701f      	strb	r7, [r3, #0]
10004ec0:	f7ff fdfe 	bl	10004ac0 <dcd_init>
10004ec4:	2800      	cmp	r0, #0
10004ec6:	d0f5      	beq.n	10004eb4 <tud_rhport_init+0xa0>
10004ec8:	0038      	movs	r0, r7
10004eca:	f7ff fe41 	bl	10004b50 <dcd_int_enable>
10004ece:	2001      	movs	r0, #1
10004ed0:	bce0      	pop	{r5, r6, r7}
10004ed2:	46ba      	mov	sl, r7
10004ed4:	46b1      	mov	r9, r6
10004ed6:	46a8      	mov	r8, r5
10004ed8:	bdf0      	pop	{r4, r5, r6, r7, pc}
10004eda:	46c0      	nop			@ (mov r8, r8)
10004edc:	20001234 	.word	0x20001234
10004ee0:	20001898 	.word	0x20001898
10004ee4:	20001890 	.word	0x20001890
10004ee8:	20002c68 	.word	0x20002c68
10004eec:	200018ec 	.word	0x200018ec
10004ef0:	2000122c 	.word	0x2000122c
10004ef4:	200018f0 	.word	0x200018f0
10004ef8:	20002c66 	.word	0x20002c66
10004efc:	100043ed 	.word	0x100043ed
10004f00:	200016e8 	.word	0x200016e8
10004f04:	1000b364 	.word	0x1000b364

10004f08 <tud_task_ext>:
10004f08:	b5f0      	push	{r4, r5, r6, r7, lr}
10004f0a:	46de      	mov	lr, fp
10004f0c:	4657      	mov	r7, sl
10004f0e:	464e      	mov	r6, r9
10004f10:	4645      	mov	r5, r8
10004f12:	b5e0      	push	{r5, r6, r7, lr}
10004f14:	4bc8      	ldr	r3, [pc, #800]	@ (10005238 <tud_task_ext+0x330>)
10004f16:	b091      	sub	sp, #68	@ 0x44
10004f18:	9302      	str	r3, [sp, #8]
10004f1a:	781b      	ldrb	r3, [r3, #0]
10004f1c:	2bff      	cmp	r3, #255	@ 0xff
10004f1e:	d100      	bne.n	10004f22 <tud_task_ext+0x1a>
10004f20:	e13e      	b.n	100051a0 <tud_task_ext+0x298>
10004f22:	4bc6      	ldr	r3, [pc, #792]	@ (1000523c <tud_task_ext+0x334>)
10004f24:	4ec6      	ldr	r6, [pc, #792]	@ (10005240 <tud_task_ext+0x338>)
10004f26:	469b      	mov	fp, r3
10004f28:	465f      	mov	r7, fp
10004f2a:	4bc6      	ldr	r3, [pc, #792]	@ (10005244 <tud_task_ext+0x33c>)
10004f2c:	ac0d      	add	r4, sp, #52	@ 0x34
10004f2e:	9301      	str	r3, [sp, #4]
10004f30:	4bc5      	ldr	r3, [pc, #788]	@ (10005248 <tud_task_ext+0x340>)
10004f32:	9300      	str	r3, [sp, #0]
10004f34:	6835      	ldr	r5, [r6, #0]
10004f36:	696a      	ldr	r2, [r5, #20]
10004f38:	f3ef 8110 	mrs	r1, PRIMASK
10004f3c:	b672      	cpsid	i
10004f3e:	6813      	ldr	r3, [r2, #0]
10004f40:	2b00      	cmp	r3, #0
10004f42:	d0fc      	beq.n	10004f3e <tud_task_ext+0x36>
10004f44:	f3bf 8f5f 	dmb	sy
10004f48:	61a9      	str	r1, [r5, #24]
10004f4a:	0028      	movs	r0, r5
10004f4c:	0021      	movs	r1, r4
10004f4e:	f001 fbaf 	bl	100066b0 <tu_fifo_read>
10004f52:	696a      	ldr	r2, [r5, #20]
10004f54:	69ab      	ldr	r3, [r5, #24]
10004f56:	f3bf 8f5f 	dmb	sy
10004f5a:	2100      	movs	r1, #0
10004f5c:	6011      	str	r1, [r2, #0]
10004f5e:	f383 8810 	msr	PRIMASK, r3
10004f62:	2800      	cmp	r0, #0
10004f64:	d100      	bne.n	10004f68 <tud_task_ext+0x60>
10004f66:	e11b      	b.n	100051a0 <tud_task_ext+0x298>
10004f68:	7863      	ldrb	r3, [r4, #1]
10004f6a:	2b08      	cmp	r3, #8
10004f6c:	d8e2      	bhi.n	10004f34 <tud_task_ext+0x2c>
10004f6e:	009b      	lsls	r3, r3, #2
10004f70:	58fb      	ldr	r3, [r7, r3]
10004f72:	469f      	mov	pc, r3
10004f74:	6863      	ldr	r3, [r4, #4]
10004f76:	2b00      	cmp	r3, #0
10004f78:	d0dc      	beq.n	10004f34 <tud_task_ext+0x2c>
10004f7a:	68a0      	ldr	r0, [r4, #8]
10004f7c:	4798      	blx	r3
10004f7e:	e7d9      	b.n	10004f34 <tud_task_ext+0x2c>
10004f80:	227f      	movs	r2, #127	@ 0x7f
10004f82:	7921      	ldrb	r1, [r4, #4]
10004f84:	4daf      	ldr	r5, [pc, #700]	@ (10005244 <tud_task_ext+0x33c>)
10004f86:	400a      	ands	r2, r1
10004f88:	0053      	lsls	r3, r2, #1
10004f8a:	18eb      	adds	r3, r5, r3
10004f8c:	4698      	mov	r8, r3
10004f8e:	09c8      	lsrs	r0, r1, #7
10004f90:	4480      	add	r8, r0
10004f92:	4640      	mov	r0, r8
10004f94:	2301      	movs	r3, #1
10004f96:	3030      	adds	r0, #48	@ 0x30
10004f98:	7905      	ldrb	r5, [r0, #4]
10004f9a:	439d      	bics	r5, r3
10004f9c:	7105      	strb	r5, [r0, #4]
10004f9e:	7905      	ldrb	r5, [r0, #4]
10004fa0:	3303      	adds	r3, #3
10004fa2:	439d      	bics	r5, r3
10004fa4:	7105      	strb	r5, [r0, #4]
10004fa6:	2a00      	cmp	r2, #0
10004fa8:	d100      	bne.n	10004fac <tud_task_ext+0xa4>
10004faa:	e100      	b.n	100051ae <tud_task_ext+0x2a6>
10004fac:	4643      	mov	r3, r8
10004fae:	4aa7      	ldr	r2, [pc, #668]	@ (1000524c <tud_task_ext+0x344>)
10004fb0:	7d1b      	ldrb	r3, [r3, #20]
10004fb2:	7812      	ldrb	r2, [r2, #0]
10004fb4:	4293      	cmp	r3, r2
10004fb6:	d300      	bcc.n	10004fba <tud_task_ext+0xb2>
10004fb8:	e0ef      	b.n	1000519a <tud_task_ext+0x292>
10004fba:	4aa5      	ldr	r2, [pc, #660]	@ (10005250 <tud_task_ext+0x348>)
10004fbc:	015b      	lsls	r3, r3, #5
10004fbe:	6815      	ldr	r5, [r2, #0]
10004fc0:	18ed      	adds	r5, r5, r3
10004fc2:	2d00      	cmp	r5, #0
10004fc4:	d100      	bne.n	10004fc8 <tud_task_ext+0xc0>
10004fc6:	e0eb      	b.n	100051a0 <tud_task_ext+0x298>
10004fc8:	68a3      	ldr	r3, [r4, #8]
10004fca:	7962      	ldrb	r2, [r4, #5]
10004fcc:	7820      	ldrb	r0, [r4, #0]
10004fce:	69ad      	ldr	r5, [r5, #24]
10004fd0:	47a8      	blx	r5
10004fd2:	e7af      	b.n	10004f34 <tud_task_ext+0x2c>
10004fd4:	4a9f      	ldr	r2, [pc, #636]	@ (10005254 <tud_task_ext+0x34c>)
10004fd6:	7813      	ldrb	r3, [r2, #0]
10004fd8:	2b00      	cmp	r3, #0
10004fda:	d100      	bne.n	10004fde <tud_task_ext+0xd6>
10004fdc:	e0e0      	b.n	100051a0 <tud_task_ext+0x298>
10004fde:	7813      	ldrb	r3, [r2, #0]
10004fe0:	3b01      	subs	r3, #1
10004fe2:	b2db      	uxtb	r3, r3
10004fe4:	7013      	strb	r3, [r2, #0]
10004fe6:	7813      	ldrb	r3, [r2, #0]
10004fe8:	2b00      	cmp	r3, #0
10004fea:	d1a3      	bne.n	10004f34 <tud_task_ext+0x2c>
10004fec:	2201      	movs	r2, #1
10004fee:	4d95      	ldr	r5, [pc, #596]	@ (10005244 <tud_task_ext+0x33c>)
10004ff0:	2101      	movs	r1, #1
10004ff2:	782b      	ldrb	r3, [r5, #0]
10004ff4:	2004      	movs	r0, #4
10004ff6:	4313      	orrs	r3, r2
10004ff8:	702b      	strb	r3, [r5, #0]
10004ffa:	2334      	movs	r3, #52	@ 0x34
10004ffc:	5cea      	ldrb	r2, [r5, r3]
10004ffe:	438a      	bics	r2, r1
10005000:	54ea      	strb	r2, [r5, r3]
10005002:	5cea      	ldrb	r2, [r5, r3]
10005004:	4382      	bics	r2, r0
10005006:	54ea      	strb	r2, [r5, r3]
10005008:	3301      	adds	r3, #1
1000500a:	5cea      	ldrb	r2, [r5, r3]
1000500c:	438a      	bics	r2, r1
1000500e:	54ea      	strb	r2, [r5, r3]
10005010:	5cea      	ldrb	r2, [r5, r3]
10005012:	4382      	bics	r2, r0
10005014:	54ea      	strb	r2, [r5, r3]
10005016:	7823      	ldrb	r3, [r4, #0]
10005018:	2000      	movs	r0, #0
1000501a:	469b      	mov	fp, r3
1000501c:	f000 fc9e 	bl	1000595c <usbd_control_set_complete_callback>
10005020:	2260      	movs	r2, #96	@ 0x60
10005022:	7923      	ldrb	r3, [r4, #4]
10005024:	401a      	ands	r2, r3
10005026:	2a60      	cmp	r2, #96	@ 0x60
10005028:	d100      	bne.n	1000502c <tud_task_ext+0x124>
1000502a:	e0ef      	b.n	1000520c <tud_task_ext+0x304>
1000502c:	2a40      	cmp	r2, #64	@ 0x40
1000502e:	d100      	bne.n	10005032 <tud_task_ext+0x12a>
10005030:	e0f5      	b.n	1000521e <tud_task_ext+0x316>
10005032:	06db      	lsls	r3, r3, #27
10005034:	0edb      	lsrs	r3, r3, #27
10005036:	2b01      	cmp	r3, #1
10005038:	d100      	bne.n	1000503c <tud_task_ext+0x134>
1000503a:	e113      	b.n	10005264 <tud_task_ext+0x35c>
1000503c:	2b02      	cmp	r3, #2
1000503e:	d100      	bne.n	10005042 <tud_task_ext+0x13a>
10005040:	e0c7      	b.n	100051d2 <tud_task_ext+0x2ca>
10005042:	2b00      	cmp	r3, #0
10005044:	d000      	beq.n	10005048 <tud_task_ext+0x140>
10005046:	e0e1      	b.n	1000520c <tud_task_ext+0x304>
10005048:	2a20      	cmp	r2, #32
1000504a:	d100      	bne.n	1000504e <tud_task_ext+0x146>
1000504c:	e21c      	b.n	10005488 <tud_task_ext+0x580>
1000504e:	2a00      	cmp	r2, #0
10005050:	d000      	beq.n	10005054 <tud_task_ext+0x14c>
10005052:	e0db      	b.n	1000520c <tud_task_ext+0x304>
10005054:	7963      	ldrb	r3, [r4, #5]
10005056:	2b09      	cmp	r3, #9
10005058:	d900      	bls.n	1000505c <tud_task_ext+0x154>
1000505a:	e0d7      	b.n	1000520c <tud_task_ext+0x304>
1000505c:	4a7e      	ldr	r2, [pc, #504]	@ (10005258 <tud_task_ext+0x350>)
1000505e:	009b      	lsls	r3, r3, #2
10005060:	58d3      	ldr	r3, [r2, r3]
10005062:	469f      	mov	pc, r3
10005064:	4d77      	ldr	r5, [pc, #476]	@ (10005244 <tud_task_ext+0x33c>)
10005066:	782b      	ldrb	r3, [r5, #0]
10005068:	07db      	lsls	r3, r3, #31
1000506a:	d400      	bmi.n	1000506e <tud_task_ext+0x166>
1000506c:	e762      	b.n	10004f34 <tud_task_ext+0x2c>
1000506e:	f7ff febf 	bl	10004df0 <tud_resume_cb>
10005072:	e75f      	b.n	10004f34 <tud_task_ext+0x2c>
10005074:	9b01      	ldr	r3, [sp, #4]
10005076:	78db      	ldrb	r3, [r3, #3]
10005078:	07db      	lsls	r3, r3, #31
1000507a:	d400      	bmi.n	1000507e <tud_task_ext+0x176>
1000507c:	e75a      	b.n	10004f34 <tud_task_ext+0x2c>
1000507e:	6860      	ldr	r0, [r4, #4]
10005080:	f7ff feaa 	bl	10004dd8 <tud_sof_cb>
10005084:	e756      	b.n	10004f34 <tud_task_ext+0x2c>
10005086:	4d6f      	ldr	r5, [pc, #444]	@ (10005244 <tud_task_ext+0x33c>)
10005088:	782b      	ldrb	r3, [r5, #0]
1000508a:	07db      	lsls	r3, r3, #31
1000508c:	d400      	bmi.n	10005090 <tud_task_ext+0x188>
1000508e:	e751      	b.n	10004f34 <tud_task_ext+0x2c>
10005090:	7828      	ldrb	r0, [r5, #0]
10005092:	0700      	lsls	r0, r0, #28
10005094:	0fc0      	lsrs	r0, r0, #31
10005096:	f7ff fea9 	bl	10004dec <tud_suspend_cb>
1000509a:	e74b      	b.n	10004f34 <tud_task_ext+0x2c>
1000509c:	7823      	ldrb	r3, [r4, #0]
1000509e:	496a      	ldr	r1, [pc, #424]	@ (10005248 <tud_task_ext+0x340>)
100050a0:	4699      	mov	r9, r3
100050a2:	468b      	mov	fp, r1
100050a4:	4b69      	ldr	r3, [pc, #420]	@ (1000524c <tud_task_ext+0x344>)
100050a6:	496a      	ldr	r1, [pc, #424]	@ (10005250 <tud_task_ext+0x348>)
100050a8:	4698      	mov	r8, r3
100050aa:	468a      	mov	sl, r1
100050ac:	0039      	movs	r1, r7
100050ae:	781a      	ldrb	r2, [r3, #0]
100050b0:	4647      	mov	r7, r8
100050b2:	2300      	movs	r3, #0
100050b4:	46b0      	mov	r8, r6
100050b6:	2500      	movs	r5, #0
100050b8:	464e      	mov	r6, r9
100050ba:	4689      	mov	r9, r1
100050bc:	e010      	b.n	100050e0 <tud_task_ext+0x1d8>
100050be:	4653      	mov	r3, sl
100050c0:	681b      	ldr	r3, [r3, #0]
100050c2:	016a      	lsls	r2, r5, #5
100050c4:	189b      	adds	r3, r3, r2
100050c6:	2b00      	cmp	r3, #0
100050c8:	d100      	bne.n	100050cc <tud_task_ext+0x1c4>
100050ca:	e076      	b.n	100051ba <tud_task_ext+0x2b2>
100050cc:	68db      	ldr	r3, [r3, #12]
100050ce:	0030      	movs	r0, r6
100050d0:	4798      	blx	r3
100050d2:	783a      	ldrb	r2, [r7, #0]
100050d4:	3501      	adds	r5, #1
100050d6:	b2ed      	uxtb	r5, r5
100050d8:	1c51      	adds	r1, r2, #1
100050da:	002b      	movs	r3, r5
100050dc:	428d      	cmp	r5, r1
100050de:	dc44      	bgt.n	1000516a <tud_task_ext+0x262>
100050e0:	4295      	cmp	r5, r2
100050e2:	d3ec      	bcc.n	100050be <tud_task_ext+0x1b6>
100050e4:	1a9b      	subs	r3, r3, r2
100050e6:	015b      	lsls	r3, r3, #5
100050e8:	445b      	add	r3, fp
100050ea:	e7ef      	b.n	100050cc <tud_task_ext+0x1c4>
100050ec:	7823      	ldrb	r3, [r4, #0]
100050ee:	4958      	ldr	r1, [pc, #352]	@ (10005250 <tud_task_ext+0x348>)
100050f0:	4699      	mov	r9, r3
100050f2:	4b56      	ldr	r3, [pc, #344]	@ (1000524c <tud_task_ext+0x344>)
100050f4:	468a      	mov	sl, r1
100050f6:	4698      	mov	r8, r3
100050f8:	0031      	movs	r1, r6
100050fa:	46bb      	mov	fp, r7
100050fc:	464e      	mov	r6, r9
100050fe:	781a      	ldrb	r2, [r3, #0]
10005100:	2500      	movs	r5, #0
10005102:	2300      	movs	r3, #0
10005104:	4647      	mov	r7, r8
10005106:	4689      	mov	r9, r1
10005108:	e00f      	b.n	1000512a <tud_task_ext+0x222>
1000510a:	4653      	mov	r3, sl
1000510c:	681b      	ldr	r3, [r3, #0]
1000510e:	016a      	lsls	r2, r5, #5
10005110:	189b      	adds	r3, r3, r2
10005112:	2b00      	cmp	r3, #0
10005114:	d055      	beq.n	100051c2 <tud_task_ext+0x2ba>
10005116:	68db      	ldr	r3, [r3, #12]
10005118:	0030      	movs	r0, r6
1000511a:	4798      	blx	r3
1000511c:	783a      	ldrb	r2, [r7, #0]
1000511e:	3501      	adds	r5, #1
10005120:	b2ed      	uxtb	r5, r5
10005122:	1c51      	adds	r1, r2, #1
10005124:	002b      	movs	r3, r5
10005126:	428d      	cmp	r5, r1
10005128:	dc07      	bgt.n	1000513a <tud_task_ext+0x232>
1000512a:	4295      	cmp	r5, r2
1000512c:	d3ed      	bcc.n	1000510a <tud_task_ext+0x202>
1000512e:	1a9b      	subs	r3, r3, r2
10005130:	9a00      	ldr	r2, [sp, #0]
10005132:	015b      	lsls	r3, r3, #5
10005134:	4694      	mov	ip, r2
10005136:	4463      	add	r3, ip
10005138:	e7ed      	b.n	10005116 <tud_task_ext+0x20e>
1000513a:	9d01      	ldr	r5, [sp, #4]
1000513c:	2254      	movs	r2, #84	@ 0x54
1000513e:	2100      	movs	r1, #0
10005140:	0028      	movs	r0, r5
10005142:	f7fd fa45 	bl	100025d0 <__wrap_memset>
10005146:	2210      	movs	r2, #16
10005148:	21ff      	movs	r1, #255	@ 0xff
1000514a:	4844      	ldr	r0, [pc, #272]	@ (1000525c <tud_task_ext+0x354>)
1000514c:	f7fd fa40 	bl	100025d0 <__wrap_memset>
10005150:	0028      	movs	r0, r5
10005152:	2220      	movs	r2, #32
10005154:	21ff      	movs	r1, #255	@ 0xff
10005156:	3014      	adds	r0, #20
10005158:	464e      	mov	r6, r9
1000515a:	465f      	mov	r7, fp
1000515c:	f7fd fa38 	bl	100025d0 <__wrap_memset>
10005160:	f000 fbf2 	bl	10005948 <usbd_control_reset>
10005164:	f7ff fe40 	bl	10004de8 <tud_umount_cb>
10005168:	e6e4      	b.n	10004f34 <tud_task_ext+0x2c>
1000516a:	4d36      	ldr	r5, [pc, #216]	@ (10005244 <tud_task_ext+0x33c>)
1000516c:	2254      	movs	r2, #84	@ 0x54
1000516e:	2100      	movs	r1, #0
10005170:	0028      	movs	r0, r5
10005172:	f7fd fa2d 	bl	100025d0 <__wrap_memset>
10005176:	2210      	movs	r2, #16
10005178:	21ff      	movs	r1, #255	@ 0xff
1000517a:	1d28      	adds	r0, r5, #4
1000517c:	f7fd fa28 	bl	100025d0 <__wrap_memset>
10005180:	0028      	movs	r0, r5
10005182:	2220      	movs	r2, #32
10005184:	21ff      	movs	r1, #255	@ 0xff
10005186:	3014      	adds	r0, #20
10005188:	4646      	mov	r6, r8
1000518a:	464f      	mov	r7, r9
1000518c:	f7fd fa20 	bl	100025d0 <__wrap_memset>
10005190:	f000 fbda 	bl	10005948 <usbd_control_reset>
10005194:	7923      	ldrb	r3, [r4, #4]
10005196:	70ab      	strb	r3, [r5, #2]
10005198:	e6cc      	b.n	10004f34 <tud_task_ext+0x2c>
1000519a:	1c50      	adds	r0, r2, #1
1000519c:	4298      	cmp	r0, r3
1000519e:	da13      	bge.n	100051c8 <tud_task_ext+0x2c0>
100051a0:	b011      	add	sp, #68	@ 0x44
100051a2:	bcf0      	pop	{r4, r5, r6, r7}
100051a4:	46bb      	mov	fp, r7
100051a6:	46b2      	mov	sl, r6
100051a8:	46a9      	mov	r9, r5
100051aa:	46a0      	mov	r8, r4
100051ac:	bdf0      	pop	{r4, r5, r6, r7, pc}
100051ae:	68a3      	ldr	r3, [r4, #8]
100051b0:	7962      	ldrb	r2, [r4, #5]
100051b2:	7820      	ldrb	r0, [r4, #0]
100051b4:	f000 fbe6 	bl	10005984 <usbd_control_xfer_cb>
100051b8:	e6bc      	b.n	10004f34 <tud_task_ext+0x2c>
100051ba:	4646      	mov	r6, r8
100051bc:	464f      	mov	r7, r9
100051be:	4d21      	ldr	r5, [pc, #132]	@ (10005244 <tud_task_ext+0x33c>)
100051c0:	e7e6      	b.n	10005190 <tud_task_ext+0x288>
100051c2:	464e      	mov	r6, r9
100051c4:	465f      	mov	r7, fp
100051c6:	e7cb      	b.n	10005160 <tud_task_ext+0x258>
100051c8:	4d1f      	ldr	r5, [pc, #124]	@ (10005248 <tud_task_ext+0x340>)
100051ca:	1a9b      	subs	r3, r3, r2
100051cc:	015b      	lsls	r3, r3, #5
100051ce:	195d      	adds	r5, r3, r5
100051d0:	e6fa      	b.n	10004fc8 <tud_task_ext+0xc0>
100051d2:	2370      	movs	r3, #112	@ 0x70
100051d4:	7a21      	ldrb	r1, [r4, #8]
100051d6:	420b      	tst	r3, r1
100051d8:	d118      	bne.n	1000520c <tud_task_ext+0x304>
100051da:	09c8      	lsrs	r0, r1, #7
100051dc:	4682      	mov	sl, r0
100051de:	330f      	adds	r3, #15
100051e0:	400b      	ands	r3, r1
100051e2:	005b      	lsls	r3, r3, #1
100051e4:	4698      	mov	r8, r3
100051e6:	4819      	ldr	r0, [pc, #100]	@ (1000524c <tud_task_ext+0x344>)
100051e8:	18eb      	adds	r3, r5, r3
100051ea:	4453      	add	r3, sl
100051ec:	7d1b      	ldrb	r3, [r3, #20]
100051ee:	7800      	ldrb	r0, [r0, #0]
100051f0:	4699      	mov	r9, r3
100051f2:	4283      	cmp	r3, r0
100051f4:	d266      	bcs.n	100052c4 <tud_task_ext+0x3bc>
100051f6:	4816      	ldr	r0, [pc, #88]	@ (10005250 <tud_task_ext+0x348>)
100051f8:	015b      	lsls	r3, r3, #5
100051fa:	6800      	ldr	r0, [r0, #0]
100051fc:	4681      	mov	r9, r0
100051fe:	4499      	add	r9, r3
10005200:	2a00      	cmp	r2, #0
10005202:	d100      	bne.n	10005206 <tud_task_ext+0x2fe>
10005204:	e15f      	b.n	100054c6 <tud_task_ext+0x5be>
10005206:	464b      	mov	r3, r9
10005208:	2b00      	cmp	r3, #0
1000520a:	d168      	bne.n	100052de <tud_task_ext+0x3d6>
1000520c:	7820      	ldrb	r0, [r4, #0]
1000520e:	2100      	movs	r1, #0
10005210:	f7ff fd6a 	bl	10004ce8 <dcd_edpt_stall>
10005214:	2180      	movs	r1, #128	@ 0x80
10005216:	7820      	ldrb	r0, [r4, #0]
10005218:	f7ff fd66 	bl	10004ce8 <dcd_edpt_stall>
1000521c:	e68a      	b.n	10004f34 <tud_task_ext+0x2c>
1000521e:	4810      	ldr	r0, [pc, #64]	@ (10005260 <tud_task_ext+0x358>)
10005220:	f000 fb9c 	bl	1000595c <usbd_control_set_complete_callback>
10005224:	2101      	movs	r1, #1
10005226:	4658      	mov	r0, fp
10005228:	aa0e      	add	r2, sp, #56	@ 0x38
1000522a:	f7ff f8c5 	bl	100043b8 <tud_vendor_control_xfer_cb>
1000522e:	2800      	cmp	r0, #0
10005230:	d000      	beq.n	10005234 <tud_task_ext+0x32c>
10005232:	e67f      	b.n	10004f34 <tud_task_ext+0x2c>
10005234:	e7ea      	b.n	1000520c <tud_task_ext+0x304>
10005236:	46c0      	nop			@ (mov r8, r8)
10005238:	20001234 	.word	0x20001234
1000523c:	1000b2bc 	.word	0x1000b2bc
10005240:	200018f0 	.word	0x200018f0
10005244:	20001898 	.word	0x20001898
10005248:	1000b364 	.word	0x1000b364
1000524c:	20002c66 	.word	0x20002c66
10005250:	200016e8 	.word	0x200016e8
10005254:	20002c68 	.word	0x20002c68
10005258:	1000b2e0 	.word	0x1000b2e0
1000525c:	2000189c 	.word	0x2000189c
10005260:	100043b9 	.word	0x100043b9
10005264:	7a23      	ldrb	r3, [r4, #8]
10005266:	2b0f      	cmp	r3, #15
10005268:	d8d0      	bhi.n	1000520c <tud_task_ext+0x304>
1000526a:	4acf      	ldr	r2, [pc, #828]	@ (100055a8 <tud_task_ext+0x6a0>)
1000526c:	18eb      	adds	r3, r5, r3
1000526e:	791b      	ldrb	r3, [r3, #4]
10005270:	7815      	ldrb	r5, [r2, #0]
10005272:	42ab      	cmp	r3, r5
10005274:	d33e      	bcc.n	100052f4 <tud_task_ext+0x3ec>
10005276:	1c69      	adds	r1, r5, #1
10005278:	4299      	cmp	r1, r3
1000527a:	dbc7      	blt.n	1000520c <tud_task_ext+0x304>
1000527c:	1b5d      	subs	r5, r3, r5
1000527e:	4bcb      	ldr	r3, [pc, #812]	@ (100055ac <tud_task_ext+0x6a4>)
10005280:	016d      	lsls	r5, r5, #5
10005282:	18ed      	adds	r5, r5, r3
10005284:	6968      	ldr	r0, [r5, #20]
10005286:	f000 fb69 	bl	1000595c <usbd_control_set_complete_callback>
1000528a:	2101      	movs	r1, #1
1000528c:	4658      	mov	r0, fp
1000528e:	696b      	ldr	r3, [r5, #20]
10005290:	aa0e      	add	r2, sp, #56	@ 0x38
10005292:	4798      	blx	r3
10005294:	2800      	cmp	r0, #0
10005296:	d000      	beq.n	1000529a <tud_task_ext+0x392>
10005298:	e64c      	b.n	10004f34 <tud_task_ext+0x2c>
1000529a:	2260      	movs	r2, #96	@ 0x60
1000529c:	0015      	movs	r5, r2
1000529e:	7923      	ldrb	r3, [r4, #4]
100052a0:	401d      	ands	r5, r3
100052a2:	421a      	tst	r2, r3
100052a4:	d1b2      	bne.n	1000520c <tud_task_ext+0x304>
100052a6:	7963      	ldrb	r3, [r4, #5]
100052a8:	3b0a      	subs	r3, #10
100052aa:	2b01      	cmp	r3, #1
100052ac:	d8ae      	bhi.n	1000520c <tud_task_ext+0x304>
100052ae:	f000 fb55 	bl	1000595c <usbd_control_set_complete_callback>
100052b2:	7963      	ldrb	r3, [r4, #5]
100052b4:	2b0a      	cmp	r3, #10
100052b6:	d100      	bne.n	100052ba <tud_task_ext+0x3b2>
100052b8:	e199      	b.n	100055ee <tud_task_ext+0x6e6>
100052ba:	4658      	mov	r0, fp
100052bc:	a90e      	add	r1, sp, #56	@ 0x38
100052be:	f000 fad9 	bl	10005874 <tud_control_status>
100052c2:	e637      	b.n	10004f34 <tud_task_ext+0x2c>
100052c4:	1c43      	adds	r3, r0, #1
100052c6:	454b      	cmp	r3, r9
100052c8:	da00      	bge.n	100052cc <tud_task_ext+0x3c4>
100052ca:	e0f7      	b.n	100054bc <tud_task_ext+0x5b4>
100052cc:	464b      	mov	r3, r9
100052ce:	1a1b      	subs	r3, r3, r0
100052d0:	015b      	lsls	r3, r3, #5
100052d2:	4699      	mov	r9, r3
100052d4:	48b5      	ldr	r0, [pc, #724]	@ (100055ac <tud_task_ext+0x6a4>)
100052d6:	4481      	add	r9, r0
100052d8:	2a00      	cmp	r2, #0
100052da:	d100      	bne.n	100052de <tud_task_ext+0x3d6>
100052dc:	e0f3      	b.n	100054c6 <tud_task_ext+0x5be>
100052de:	464b      	mov	r3, r9
100052e0:	6958      	ldr	r0, [r3, #20]
100052e2:	f000 fb3b 	bl	1000595c <usbd_control_set_complete_callback>
100052e6:	464b      	mov	r3, r9
100052e8:	2101      	movs	r1, #1
100052ea:	4658      	mov	r0, fp
100052ec:	695b      	ldr	r3, [r3, #20]
100052ee:	aa0e      	add	r2, sp, #56	@ 0x38
100052f0:	4798      	blx	r3
100052f2:	e79c      	b.n	1000522e <tud_task_ext+0x326>
100052f4:	4aae      	ldr	r2, [pc, #696]	@ (100055b0 <tud_task_ext+0x6a8>)
100052f6:	015b      	lsls	r3, r3, #5
100052f8:	6815      	ldr	r5, [r2, #0]
100052fa:	18ed      	adds	r5, r5, r3
100052fc:	2d00      	cmp	r5, #0
100052fe:	d1c1      	bne.n	10005284 <tud_task_ext+0x37c>
10005300:	e784      	b.n	1000520c <tud_task_ext+0x304>
10005302:	79a3      	ldrb	r3, [r4, #6]
10005304:	4699      	mov	r9, r3
10005306:	786b      	ldrb	r3, [r5, #1]
10005308:	4599      	cmp	r9, r3
1000530a:	d0d6      	beq.n	100052ba <tud_task_ext+0x3b2>
1000530c:	786b      	ldrb	r3, [r5, #1]
1000530e:	2b00      	cmp	r3, #0
10005310:	d000      	beq.n	10005314 <tud_task_ext+0x40c>
10005312:	e133      	b.n	1000557c <tud_task_ext+0x674>
10005314:	464b      	mov	r3, r9
10005316:	706b      	strb	r3, [r5, #1]
10005318:	2b00      	cmp	r3, #0
1000531a:	d100      	bne.n	1000531e <tud_task_ext+0x416>
1000531c:	e12b      	b.n	10005576 <tud_task_ext+0x66e>
1000531e:	4648      	mov	r0, r9
10005320:	3801      	subs	r0, #1
10005322:	b2c0      	uxtb	r0, r0
10005324:	f7ff fa8a 	bl	1000483c <tud_descriptor_configuration_cb>
10005328:	2800      	cmp	r0, #0
1000532a:	d100      	bne.n	1000532e <tud_task_ext+0x426>
1000532c:	e17e      	b.n	1000562c <tud_task_ext+0x724>
1000532e:	7843      	ldrb	r3, [r0, #1]
10005330:	9307      	str	r3, [sp, #28]
10005332:	2b02      	cmp	r3, #2
10005334:	d000      	beq.n	10005338 <tud_task_ext+0x430>
10005336:	e179      	b.n	1000562c <tud_task_ext+0x724>
10005338:	2201      	movs	r2, #1
1000533a:	79c1      	ldrb	r1, [r0, #7]
1000533c:	46b1      	mov	r9, r6
1000533e:	118b      	asrs	r3, r1, #6
10005340:	1149      	asrs	r1, r1, #5
10005342:	4013      	ands	r3, r2
10005344:	400a      	ands	r2, r1
10005346:	2130      	movs	r1, #48	@ 0x30
10005348:	0112      	lsls	r2, r2, #4
1000534a:	015b      	lsls	r3, r3, #5
1000534c:	4313      	orrs	r3, r2
1000534e:	782a      	ldrb	r2, [r5, #0]
10005350:	46a8      	mov	r8, r5
10005352:	438a      	bics	r2, r1
10005354:	4313      	orrs	r3, r2
10005356:	702b      	strb	r3, [r5, #0]
10005358:	2309      	movs	r3, #9
1000535a:	469a      	mov	sl, r3
1000535c:	4482      	add	sl, r0
1000535e:	4656      	mov	r6, sl
10005360:	46ba      	mov	sl, r7
10005362:	78c3      	ldrb	r3, [r0, #3]
10005364:	7882      	ldrb	r2, [r0, #2]
10005366:	021b      	lsls	r3, r3, #8
10005368:	4313      	orrs	r3, r2
1000536a:	18c3      	adds	r3, r0, r3
1000536c:	9305      	str	r3, [sp, #20]
1000536e:	4b8e      	ldr	r3, [pc, #568]	@ (100055a8 <tud_task_ext+0x6a0>)
10005370:	9304      	str	r3, [sp, #16]
10005372:	4b8e      	ldr	r3, [pc, #568]	@ (100055ac <tud_task_ext+0x6a4>)
10005374:	9308      	str	r3, [sp, #32]
10005376:	4b8e      	ldr	r3, [pc, #568]	@ (100055b0 <tud_task_ext+0x6a8>)
10005378:	9309      	str	r3, [sp, #36]	@ 0x24
1000537a:	4b8e      	ldr	r3, [pc, #568]	@ (100055b4 <tud_task_ext+0x6ac>)
1000537c:	930a      	str	r3, [sp, #40]	@ 0x28
1000537e:	9b05      	ldr	r3, [sp, #20]
10005380:	42b3      	cmp	r3, r6
10005382:	d800      	bhi.n	10005386 <tud_task_ext+0x47e>
10005384:	e155      	b.n	10005632 <tud_task_ext+0x72a>
10005386:	7873      	ldrb	r3, [r6, #1]
10005388:	2201      	movs	r2, #1
1000538a:	2b0b      	cmp	r3, #11
1000538c:	d103      	bne.n	10005396 <tud_task_ext+0x48e>
1000538e:	7833      	ldrb	r3, [r6, #0]
10005390:	78f2      	ldrb	r2, [r6, #3]
10005392:	18f6      	adds	r6, r6, r3
10005394:	7873      	ldrb	r3, [r6, #1]
10005396:	2b04      	cmp	r3, #4
10005398:	d000      	beq.n	1000539c <tud_task_ext+0x494>
1000539a:	e144      	b.n	10005626 <tud_task_ext+0x71e>
1000539c:	9b05      	ldr	r3, [sp, #20]
1000539e:	2700      	movs	r7, #0
100053a0:	1b9b      	subs	r3, r3, r6
100053a2:	b29b      	uxth	r3, r3
100053a4:	9306      	str	r3, [sp, #24]
100053a6:	9b04      	ldr	r3, [sp, #16]
100053a8:	920b      	str	r2, [sp, #44]	@ 0x2c
100053aa:	781d      	ldrb	r5, [r3, #0]
100053ac:	2300      	movs	r3, #0
100053ae:	9303      	str	r3, [sp, #12]
100053b0:	e01b      	b.n	100053ea <tud_task_ext+0x4e2>
100053b2:	9a09      	ldr	r2, [sp, #36]	@ 0x24
100053b4:	017b      	lsls	r3, r7, #5
100053b6:	6815      	ldr	r5, [r2, #0]
100053b8:	18ed      	adds	r5, r5, r3
100053ba:	2d00      	cmp	r5, #0
100053bc:	d100      	bne.n	100053c0 <tud_task_ext+0x4b8>
100053be:	e132      	b.n	10005626 <tud_task_ext+0x71e>
100053c0:	0031      	movs	r1, r6
100053c2:	4658      	mov	r0, fp
100053c4:	692b      	ldr	r3, [r5, #16]
100053c6:	9a06      	ldr	r2, [sp, #24]
100053c8:	4798      	blx	r3
100053ca:	4684      	mov	ip, r0
100053cc:	2808      	cmp	r0, #8
100053ce:	d903      	bls.n	100053d8 <tud_task_ext+0x4d0>
100053d0:	9a06      	ldr	r2, [sp, #24]
100053d2:	4282      	cmp	r2, r0
100053d4:	d300      	bcc.n	100053d8 <tud_task_ext+0x4d0>
100053d6:	e113      	b.n	10005600 <tud_task_ext+0x6f8>
100053d8:	9b04      	ldr	r3, [sp, #16]
100053da:	3701      	adds	r7, #1
100053dc:	781d      	ldrb	r5, [r3, #0]
100053de:	b2ff      	uxtb	r7, r7
100053e0:	1c6b      	adds	r3, r5, #1
100053e2:	9703      	str	r7, [sp, #12]
100053e4:	429f      	cmp	r7, r3
100053e6:	dd00      	ble.n	100053ea <tud_task_ext+0x4e2>
100053e8:	e11d      	b.n	10005626 <tud_task_ext+0x71e>
100053ea:	42bd      	cmp	r5, r7
100053ec:	d8e1      	bhi.n	100053b2 <tud_task_ext+0x4aa>
100053ee:	9b03      	ldr	r3, [sp, #12]
100053f0:	1b5d      	subs	r5, r3, r5
100053f2:	9b08      	ldr	r3, [sp, #32]
100053f4:	016d      	lsls	r5, r5, #5
100053f6:	469c      	mov	ip, r3
100053f8:	4465      	add	r5, ip
100053fa:	e7e1      	b.n	100053c0 <tud_task_ext+0x4b8>
100053fc:	786b      	ldrb	r3, [r5, #1]
100053fe:	aa0c      	add	r2, sp, #48	@ 0x30
10005400:	3202      	adds	r2, #2
10005402:	7013      	strb	r3, [r2, #0]
10005404:	4658      	mov	r0, fp
10005406:	2301      	movs	r3, #1
10005408:	a90e      	add	r1, sp, #56	@ 0x38
1000540a:	f000 fa49 	bl	100058a0 <tud_control_xfer>
1000540e:	e591      	b.n	10004f34 <tud_task_ext+0x2c>
10005410:	88e3      	ldrh	r3, [r4, #6]
10005412:	0a1a      	lsrs	r2, r3, #8
10005414:	b2d8      	uxtb	r0, r3
10005416:	2a0f      	cmp	r2, #15
10005418:	d900      	bls.n	1000541c <tud_task_ext+0x514>
1000541a:	e6f7      	b.n	1000520c <tud_task_ext+0x304>
1000541c:	4966      	ldr	r1, [pc, #408]	@ (100055b8 <tud_task_ext+0x6b0>)
1000541e:	0093      	lsls	r3, r2, #2
10005420:	58cb      	ldr	r3, [r1, r3]
10005422:	469f      	mov	pc, r3
10005424:	a80e      	add	r0, sp, #56	@ 0x38
10005426:	f000 fa9f 	bl	10005968 <usbd_control_set_request>
1000542a:	4658      	mov	r0, fp
1000542c:	79a1      	ldrb	r1, [r4, #6]
1000542e:	f7ff fb95 	bl	10004b5c <dcd_set_address>
10005432:	2202      	movs	r2, #2
10005434:	782b      	ldrb	r3, [r5, #0]
10005436:	4313      	orrs	r3, r2
10005438:	702b      	strb	r3, [r5, #0]
1000543a:	e57b      	b.n	10004f34 <tud_task_ext+0x2c>
1000543c:	88e3      	ldrh	r3, [r4, #6]
1000543e:	2b01      	cmp	r3, #1
10005440:	d000      	beq.n	10005444 <tud_task_ext+0x53c>
10005442:	e6e3      	b.n	1000520c <tud_task_ext+0x304>
10005444:	2208      	movs	r2, #8
10005446:	782b      	ldrb	r3, [r5, #0]
10005448:	4658      	mov	r0, fp
1000544a:	4393      	bics	r3, r2
1000544c:	a90e      	add	r1, sp, #56	@ 0x38
1000544e:	702b      	strb	r3, [r5, #0]
10005450:	f000 fa10 	bl	10005874 <tud_control_status>
10005454:	e56e      	b.n	10004f34 <tud_task_ext+0x2c>
10005456:	2002      	movs	r0, #2
10005458:	7829      	ldrb	r1, [r5, #0]
1000545a:	ab0c      	add	r3, sp, #48	@ 0x30
1000545c:	1c9a      	adds	r2, r3, #2
1000545e:	068b      	lsls	r3, r1, #26
10005460:	0889      	lsrs	r1, r1, #2
10005462:	0fdb      	lsrs	r3, r3, #31
10005464:	4001      	ands	r1, r0
10005466:	430b      	orrs	r3, r1
10005468:	8013      	strh	r3, [r2, #0]
1000546a:	4658      	mov	r0, fp
1000546c:	2302      	movs	r3, #2
1000546e:	a90e      	add	r1, sp, #56	@ 0x38
10005470:	f000 fa16 	bl	100058a0 <tud_control_xfer>
10005474:	e55e      	b.n	10004f34 <tud_task_ext+0x2c>
10005476:	88e3      	ldrh	r3, [r4, #6]
10005478:	2b01      	cmp	r3, #1
1000547a:	d000      	beq.n	1000547e <tud_task_ext+0x576>
1000547c:	e6c6      	b.n	1000520c <tud_task_ext+0x304>
1000547e:	2208      	movs	r2, #8
10005480:	782b      	ldrb	r3, [r5, #0]
10005482:	4313      	orrs	r3, r2
10005484:	702b      	strb	r3, [r5, #0]
10005486:	e718      	b.n	100052ba <tud_task_ext+0x3b2>
10005488:	7a23      	ldrb	r3, [r4, #8]
1000548a:	2b0f      	cmp	r3, #15
1000548c:	d900      	bls.n	10005490 <tud_task_ext+0x588>
1000548e:	e6bd      	b.n	1000520c <tud_task_ext+0x304>
10005490:	18eb      	adds	r3, r5, r3
10005492:	791d      	ldrb	r5, [r3, #4]
10005494:	4b44      	ldr	r3, [pc, #272]	@ (100055a8 <tud_task_ext+0x6a0>)
10005496:	781b      	ldrb	r3, [r3, #0]
10005498:	429d      	cmp	r5, r3
1000549a:	d228      	bcs.n	100054ee <tud_task_ext+0x5e6>
1000549c:	4b44      	ldr	r3, [pc, #272]	@ (100055b0 <tud_task_ext+0x6a8>)
1000549e:	016d      	lsls	r5, r5, #5
100054a0:	681b      	ldr	r3, [r3, #0]
100054a2:	195d      	adds	r5, r3, r5
100054a4:	2d00      	cmp	r5, #0
100054a6:	d100      	bne.n	100054aa <tud_task_ext+0x5a2>
100054a8:	e6b0      	b.n	1000520c <tud_task_ext+0x304>
100054aa:	6968      	ldr	r0, [r5, #20]
100054ac:	f000 fa56 	bl	1000595c <usbd_control_set_complete_callback>
100054b0:	2101      	movs	r1, #1
100054b2:	4658      	mov	r0, fp
100054b4:	696b      	ldr	r3, [r5, #20]
100054b6:	aa0e      	add	r2, sp, #56	@ 0x38
100054b8:	4798      	blx	r3
100054ba:	e6b8      	b.n	1000522e <tud_task_ext+0x326>
100054bc:	2a00      	cmp	r2, #0
100054be:	d000      	beq.n	100054c2 <tud_task_ext+0x5ba>
100054c0:	e6a4      	b.n	1000520c <tud_task_ext+0x304>
100054c2:	2300      	movs	r3, #0
100054c4:	4699      	mov	r9, r3
100054c6:	7962      	ldrb	r2, [r4, #5]
100054c8:	2002      	movs	r0, #2
100054ca:	0013      	movs	r3, r2
100054cc:	9203      	str	r2, [sp, #12]
100054ce:	4383      	bics	r3, r0
100054d0:	2b01      	cmp	r3, #1
100054d2:	d015      	beq.n	10005500 <tud_task_ext+0x5f8>
100054d4:	2a00      	cmp	r2, #0
100054d6:	d000      	beq.n	100054da <tud_task_ext+0x5d2>
100054d8:	e698      	b.n	1000520c <tud_task_ext+0x304>
100054da:	002b      	movs	r3, r5
100054dc:	4443      	add	r3, r8
100054de:	4453      	add	r3, sl
100054e0:	3330      	adds	r3, #48	@ 0x30
100054e2:	791b      	ldrb	r3, [r3, #4]
100054e4:	aa0c      	add	r2, sp, #48	@ 0x30
100054e6:	079b      	lsls	r3, r3, #30
100054e8:	0fdb      	lsrs	r3, r3, #31
100054ea:	3202      	adds	r2, #2
100054ec:	e7bc      	b.n	10005468 <tud_task_ext+0x560>
100054ee:	1c5a      	adds	r2, r3, #1
100054f0:	42aa      	cmp	r2, r5
100054f2:	da00      	bge.n	100054f6 <tud_task_ext+0x5ee>
100054f4:	e68a      	b.n	1000520c <tud_task_ext+0x304>
100054f6:	1aed      	subs	r5, r5, r3
100054f8:	4b2c      	ldr	r3, [pc, #176]	@ (100055ac <tud_task_ext+0x6a4>)
100054fa:	016d      	lsls	r5, r5, #5
100054fc:	18ed      	adds	r5, r5, r3
100054fe:	e7d4      	b.n	100054aa <tud_task_ext+0x5a2>
10005500:	88e3      	ldrh	r3, [r4, #6]
10005502:	2b00      	cmp	r3, #0
10005504:	d112      	bne.n	1000552c <tud_task_ext+0x624>
10005506:	9b02      	ldr	r3, [sp, #8]
10005508:	7818      	ldrb	r0, [r3, #0]
1000550a:	9b03      	ldr	r3, [sp, #12]
1000550c:	2b01      	cmp	r3, #1
1000550e:	d023      	beq.n	10005558 <tud_task_ext+0x650>
10005510:	f7ff fbea 	bl	10004ce8 <dcd_edpt_stall>
10005514:	4643      	mov	r3, r8
10005516:	2102      	movs	r1, #2
10005518:	18eb      	adds	r3, r5, r3
1000551a:	4453      	add	r3, sl
1000551c:	3330      	adds	r3, #48	@ 0x30
1000551e:	791a      	ldrb	r2, [r3, #4]
10005520:	430a      	orrs	r2, r1
10005522:	2101      	movs	r1, #1
10005524:	711a      	strb	r2, [r3, #4]
10005526:	791a      	ldrb	r2, [r3, #4]
10005528:	430a      	orrs	r2, r1
1000552a:	711a      	strb	r2, [r3, #4]
1000552c:	464b      	mov	r3, r9
1000552e:	2b00      	cmp	r3, #0
10005530:	d100      	bne.n	10005534 <tud_task_ext+0x62c>
10005532:	e4ff      	b.n	10004f34 <tud_task_ext+0x2c>
10005534:	6958      	ldr	r0, [r3, #20]
10005536:	f000 fa11 	bl	1000595c <usbd_control_set_complete_callback>
1000553a:	464b      	mov	r3, r9
1000553c:	2101      	movs	r1, #1
1000553e:	695b      	ldr	r3, [r3, #20]
10005540:	aa0e      	add	r2, sp, #56	@ 0x38
10005542:	4658      	mov	r0, fp
10005544:	4798      	blx	r3
10005546:	2000      	movs	r0, #0
10005548:	f000 fa08 	bl	1000595c <usbd_control_set_complete_callback>
1000554c:	2335      	movs	r3, #53	@ 0x35
1000554e:	5ceb      	ldrb	r3, [r5, r3]
10005550:	07db      	lsls	r3, r3, #31
10005552:	d500      	bpl.n	10005556 <tud_task_ext+0x64e>
10005554:	e4ee      	b.n	10004f34 <tud_task_ext+0x2c>
10005556:	e6b0      	b.n	100052ba <tud_task_ext+0x3b2>
10005558:	f7ff fbe4 	bl	10004d24 <dcd_edpt_clear_stall>
1000555c:	4643      	mov	r3, r8
1000555e:	2102      	movs	r1, #2
10005560:	18eb      	adds	r3, r5, r3
10005562:	4453      	add	r3, sl
10005564:	3330      	adds	r3, #48	@ 0x30
10005566:	791a      	ldrb	r2, [r3, #4]
10005568:	438a      	bics	r2, r1
1000556a:	711a      	strb	r2, [r3, #4]
1000556c:	791a      	ldrb	r2, [r3, #4]
1000556e:	9903      	ldr	r1, [sp, #12]
10005570:	438a      	bics	r2, r1
10005572:	711a      	strb	r2, [r3, #4]
10005574:	e7da      	b.n	1000552c <tud_task_ext+0x624>
10005576:	f7ff fc37 	bl	10004de8 <tud_umount_cb>
1000557a:	e69e      	b.n	100052ba <tud_task_ext+0x3b2>
1000557c:	2100      	movs	r1, #0
1000557e:	4658      	mov	r0, fp
10005580:	f7ff faf6 	bl	10004b70 <dcd_sof_enable>
10005584:	4658      	mov	r0, fp
10005586:	f7ff fb99 	bl	10004cbc <dcd_edpt_close_all>
1000558a:	78ab      	ldrb	r3, [r5, #2]
1000558c:	4907      	ldr	r1, [pc, #28]	@ (100055ac <tud_task_ext+0x6a4>)
1000558e:	9303      	str	r3, [sp, #12]
10005590:	9104      	str	r1, [sp, #16]
10005592:	4b05      	ldr	r3, [pc, #20]	@ (100055a8 <tud_task_ext+0x6a0>)
10005594:	4906      	ldr	r1, [pc, #24]	@ (100055b0 <tud_task_ext+0x6a8>)
10005596:	4698      	mov	r8, r3
10005598:	781a      	ldrb	r2, [r3, #0]
1000559a:	9105      	str	r1, [sp, #20]
1000559c:	2300      	movs	r3, #0
1000559e:	0029      	movs	r1, r5
100055a0:	001d      	movs	r5, r3
100055a2:	468a      	mov	sl, r1
100055a4:	e01b      	b.n	100055de <tud_task_ext+0x6d6>
100055a6:	46c0      	nop			@ (mov r8, r8)
100055a8:	20002c66 	.word	0x20002c66
100055ac:	1000b364 	.word	0x1000b364
100055b0:	200016e8 	.word	0x200016e8
100055b4:	200018ac 	.word	0x200018ac
100055b8:	1000b308 	.word	0x1000b308
100055bc:	9b05      	ldr	r3, [sp, #20]
100055be:	016a      	lsls	r2, r5, #5
100055c0:	681b      	ldr	r3, [r3, #0]
100055c2:	189b      	adds	r3, r3, r2
100055c4:	2b00      	cmp	r3, #0
100055c6:	d04d      	beq.n	10005664 <tud_task_ext+0x75c>
100055c8:	68db      	ldr	r3, [r3, #12]
100055ca:	4658      	mov	r0, fp
100055cc:	4798      	blx	r3
100055ce:	4643      	mov	r3, r8
100055d0:	781a      	ldrb	r2, [r3, #0]
100055d2:	3501      	adds	r5, #1
100055d4:	b2ed      	uxtb	r5, r5
100055d6:	1c51      	adds	r1, r2, #1
100055d8:	002b      	movs	r3, r5
100055da:	428d      	cmp	r5, r1
100055dc:	dc2e      	bgt.n	1000563c <tud_task_ext+0x734>
100055de:	4295      	cmp	r5, r2
100055e0:	d3ec      	bcc.n	100055bc <tud_task_ext+0x6b4>
100055e2:	1a9b      	subs	r3, r3, r2
100055e4:	9a04      	ldr	r2, [sp, #16]
100055e6:	015b      	lsls	r3, r3, #5
100055e8:	4694      	mov	ip, r2
100055ea:	4463      	add	r3, ip
100055ec:	e7ec      	b.n	100055c8 <tud_task_ext+0x6c0>
100055ee:	ab0c      	add	r3, sp, #48	@ 0x30
100055f0:	1c9a      	adds	r2, r3, #2
100055f2:	4658      	mov	r0, fp
100055f4:	2301      	movs	r3, #1
100055f6:	a90e      	add	r1, sp, #56	@ 0x38
100055f8:	7015      	strb	r5, [r2, #0]
100055fa:	f000 f951 	bl	100058a0 <tud_control_xfer>
100055fe:	e499      	b.n	10004f34 <tud_task_ext+0x2c>
10005600:	9a0b      	ldr	r2, [sp, #44]	@ 0x2c
10005602:	2a01      	cmp	r2, #1
10005604:	d04f      	beq.n	100056a6 <tud_task_ext+0x79e>
10005606:	2a00      	cmp	r2, #0
10005608:	d03c      	beq.n	10005684 <tud_task_ext+0x77c>
1000560a:	2300      	movs	r3, #0
1000560c:	78b0      	ldrb	r0, [r6, #2]
1000560e:	e004      	b.n	1000561a <tud_task_ext+0x712>
10005610:	3301      	adds	r3, #1
10005612:	b2db      	uxtb	r3, r3
10005614:	710f      	strb	r7, [r1, #4]
10005616:	4293      	cmp	r3, r2
10005618:	d234      	bcs.n	10005684 <tud_task_ext+0x77c>
1000561a:	18c1      	adds	r1, r0, r3
1000561c:	b2c9      	uxtb	r1, r1
1000561e:	4441      	add	r1, r8
10005620:	790d      	ldrb	r5, [r1, #4]
10005622:	2dff      	cmp	r5, #255	@ 0xff
10005624:	d0f4      	beq.n	10005610 <tud_task_ext+0x708>
10005626:	464e      	mov	r6, r9
10005628:	4645      	mov	r5, r8
1000562a:	4657      	mov	r7, sl
1000562c:	2300      	movs	r3, #0
1000562e:	706b      	strb	r3, [r5, #1]
10005630:	e5ec      	b.n	1000520c <tud_task_ext+0x304>
10005632:	464e      	mov	r6, r9
10005634:	4657      	mov	r7, sl
10005636:	f7ff fbd5 	bl	10004de4 <tud_mount_cb>
1000563a:	e63e      	b.n	100052ba <tud_task_ext+0x3b2>
1000563c:	4655      	mov	r5, sl
1000563e:	2254      	movs	r2, #84	@ 0x54
10005640:	2100      	movs	r1, #0
10005642:	0028      	movs	r0, r5
10005644:	f7fc ffc4 	bl	100025d0 <__wrap_memset>
10005648:	2210      	movs	r2, #16
1000564a:	21ff      	movs	r1, #255	@ 0xff
1000564c:	1d28      	adds	r0, r5, #4
1000564e:	f7fc ffbf 	bl	100025d0 <__wrap_memset>
10005652:	0028      	movs	r0, r5
10005654:	2220      	movs	r2, #32
10005656:	21ff      	movs	r1, #255	@ 0xff
10005658:	3014      	adds	r0, #20
1000565a:	f7fc ffb9 	bl	100025d0 <__wrap_memset>
1000565e:	9b03      	ldr	r3, [sp, #12]
10005660:	70ab      	strb	r3, [r5, #2]
10005662:	e657      	b.n	10005314 <tud_task_ext+0x40c>
10005664:	4655      	mov	r5, sl
10005666:	e7fa      	b.n	1000565e <tud_task_ext+0x756>
10005668:	f7fe fea2 	bl	100043b0 <tud_descriptor_bos_cb>
1000566c:	1e02      	subs	r2, r0, #0
1000566e:	d100      	bne.n	10005672 <tud_task_ext+0x76a>
10005670:	e5cc      	b.n	1000520c <tud_task_ext+0x304>
10005672:	78d3      	ldrb	r3, [r2, #3]
10005674:	7891      	ldrb	r1, [r2, #2]
10005676:	021b      	lsls	r3, r3, #8
10005678:	430b      	orrs	r3, r1
1000567a:	4658      	mov	r0, fp
1000567c:	a90e      	add	r1, sp, #56	@ 0x38
1000567e:	f000 f90f 	bl	100058a0 <tud_control_xfer>
10005682:	e5d4      	b.n	1000522e <tud_task_ext+0x326>
10005684:	4665      	mov	r5, ip
10005686:	003b      	movs	r3, r7
10005688:	002a      	movs	r2, r5
1000568a:	0031      	movs	r1, r6
1000568c:	980a      	ldr	r0, [sp, #40]	@ 0x28
1000568e:	f000 fe7f 	bl	10006390 <tu_edpt_bind_driver>
10005692:	46ac      	mov	ip, r5
10005694:	9b04      	ldr	r3, [sp, #16]
10005696:	9a03      	ldr	r2, [sp, #12]
10005698:	781b      	ldrb	r3, [r3, #0]
1000569a:	4466      	add	r6, ip
1000569c:	3301      	adds	r3, #1
1000569e:	4293      	cmp	r3, r2
100056a0:	db00      	blt.n	100056a4 <tud_task_ext+0x79c>
100056a2:	e66c      	b.n	1000537e <tud_task_ext+0x476>
100056a4:	e7bf      	b.n	10005626 <tud_task_ext+0x71e>
100056a6:	4b17      	ldr	r3, [pc, #92]	@ (10005704 <tud_task_ext+0x7fc>)
100056a8:	6929      	ldr	r1, [r5, #16]
100056aa:	4299      	cmp	r1, r3
100056ac:	d1ad      	bne.n	1000560a <tud_task_ext+0x702>
100056ae:	9a07      	ldr	r2, [sp, #28]
100056b0:	e7ab      	b.n	1000560a <tud_task_ext+0x702>
100056b2:	f7ff fb93 	bl	10004ddc <tud_descriptor_device_qualifier_cb>
100056b6:	1e02      	subs	r2, r0, #0
100056b8:	d100      	bne.n	100056bc <tud_task_ext+0x7b4>
100056ba:	e5a7      	b.n	1000520c <tud_task_ext+0x304>
100056bc:	4658      	mov	r0, fp
100056be:	7813      	ldrb	r3, [r2, #0]
100056c0:	a90e      	add	r1, sp, #56	@ 0x38
100056c2:	f000 f8ed 	bl	100058a0 <tud_control_xfer>
100056c6:	e5b2      	b.n	1000522e <tud_task_ext+0x326>
100056c8:	8921      	ldrh	r1, [r4, #8]
100056ca:	f7ff f8bb 	bl	10004844 <tud_descriptor_string_cb>
100056ce:	1e02      	subs	r2, r0, #0
100056d0:	d1f4      	bne.n	100056bc <tud_task_ext+0x7b4>
100056d2:	e59b      	b.n	1000520c <tud_task_ext+0x304>
100056d4:	2a02      	cmp	r2, #2
100056d6:	d00f      	beq.n	100056f8 <tud_task_ext+0x7f0>
100056d8:	f7ff fb82 	bl	10004de0 <tud_descriptor_other_speed_configuration_cb>
100056dc:	1e02      	subs	r2, r0, #0
100056de:	d1c8      	bne.n	10005672 <tud_task_ext+0x76a>
100056e0:	e594      	b.n	1000520c <tud_task_ext+0x304>
100056e2:	f7ff f8a7 	bl	10004834 <tud_descriptor_device_cb>
100056e6:	1e02      	subs	r2, r0, #0
100056e8:	d100      	bne.n	100056ec <tud_task_ext+0x7e4>
100056ea:	e58f      	b.n	1000520c <tud_task_ext+0x304>
100056ec:	2312      	movs	r3, #18
100056ee:	4658      	mov	r0, fp
100056f0:	a90e      	add	r1, sp, #56	@ 0x38
100056f2:	f000 f8d5 	bl	100058a0 <tud_control_xfer>
100056f6:	e59a      	b.n	1000522e <tud_task_ext+0x326>
100056f8:	f7ff f8a0 	bl	1000483c <tud_descriptor_configuration_cb>
100056fc:	1e02      	subs	r2, r0, #0
100056fe:	d1b8      	bne.n	10005672 <tud_task_ext+0x76a>
10005700:	e584      	b.n	1000520c <tud_task_ext+0x304>
10005702:	46c0      	nop			@ (mov r8, r8)
10005704:	10005d59 	.word	0x10005d59

10005708 <usbd_open_edpt_pair>:
10005708:	b5f8      	push	{r3, r4, r5, r6, r7, lr}
1000570a:	4657      	mov	r7, sl
1000570c:	464e      	mov	r6, r9
1000570e:	46de      	mov	lr, fp
10005710:	4645      	mov	r5, r8
10005712:	000c      	movs	r4, r1
10005714:	b5e0      	push	{r5, r6, r7, lr}
10005716:	0016      	movs	r6, r2
10005718:	001f      	movs	r7, r3
1000571a:	2a00      	cmp	r2, #0
1000571c:	d03c      	beq.n	10005798 <usbd_open_edpt_pair+0x90>
1000571e:	2370      	movs	r3, #112	@ 0x70
10005720:	4698      	mov	r8, r3
10005722:	4b1e      	ldr	r3, [pc, #120]	@ (1000579c <usbd_open_edpt_pair+0x94>)
10005724:	2500      	movs	r5, #0
10005726:	469b      	mov	fp, r3
10005728:	4b1d      	ldr	r3, [pc, #116]	@ (100057a0 <usbd_open_edpt_pair+0x98>)
1000572a:	469a      	mov	sl, r3
1000572c:	e01a      	b.n	10005764 <usbd_open_edpt_pair+0x5c>
1000572e:	465b      	mov	r3, fp
10005730:	781b      	ldrb	r3, [r3, #0]
10005732:	0020      	movs	r0, r4
10005734:	4699      	mov	r9, r3
10005736:	4653      	mov	r3, sl
10005738:	7899      	ldrb	r1, [r3, #2]
1000573a:	f000 fdeb 	bl	10006314 <tu_edpt_validate>
1000573e:	2800      	cmp	r0, #0
10005740:	d01c      	beq.n	1000577c <usbd_open_edpt_pair+0x74>
10005742:	0021      	movs	r1, r4
10005744:	4648      	mov	r0, r9
10005746:	f7ff fa2f 	bl	10004ba8 <dcd_edpt_open>
1000574a:	2800      	cmp	r0, #0
1000574c:	d016      	beq.n	1000577c <usbd_open_edpt_pair+0x74>
1000574e:	78a3      	ldrb	r3, [r4, #2]
10005750:	09da      	lsrs	r2, r3, #7
10005752:	2a01      	cmp	r2, #1
10005754:	d019      	beq.n	1000578a <usbd_open_edpt_pair+0x82>
10005756:	9a0a      	ldr	r2, [sp, #40]	@ 0x28
10005758:	3501      	adds	r5, #1
1000575a:	7013      	strb	r3, [r2, #0]
1000575c:	7823      	ldrb	r3, [r4, #0]
1000575e:	18e4      	adds	r4, r4, r3
10005760:	42b5      	cmp	r5, r6
10005762:	da19      	bge.n	10005798 <usbd_open_edpt_pair+0x90>
10005764:	7863      	ldrb	r3, [r4, #1]
10005766:	2b05      	cmp	r3, #5
10005768:	d108      	bne.n	1000577c <usbd_open_edpt_pair+0x74>
1000576a:	78e3      	ldrb	r3, [r4, #3]
1000576c:	079b      	lsls	r3, r3, #30
1000576e:	0f9b      	lsrs	r3, r3, #30
10005770:	42bb      	cmp	r3, r7
10005772:	d103      	bne.n	1000577c <usbd_open_edpt_pair+0x74>
10005774:	4642      	mov	r2, r8
10005776:	78a3      	ldrb	r3, [r4, #2]
10005778:	421a      	tst	r2, r3
1000577a:	d0d8      	beq.n	1000572e <usbd_open_edpt_pair+0x26>
1000577c:	2000      	movs	r0, #0
1000577e:	bcf0      	pop	{r4, r5, r6, r7}
10005780:	46bb      	mov	fp, r7
10005782:	46b2      	mov	sl, r6
10005784:	46a9      	mov	r9, r5
10005786:	46a0      	mov	r8, r4
10005788:	bdf8      	pop	{r3, r4, r5, r6, r7, pc}
1000578a:	9a0b      	ldr	r2, [sp, #44]	@ 0x2c
1000578c:	3501      	adds	r5, #1
1000578e:	7013      	strb	r3, [r2, #0]
10005790:	7823      	ldrb	r3, [r4, #0]
10005792:	18e4      	adds	r4, r4, r3
10005794:	42b5      	cmp	r5, r6
10005796:	dbe5      	blt.n	10005764 <usbd_open_edpt_pair+0x5c>
10005798:	2001      	movs	r0, #1
1000579a:	e7f0      	b.n	1000577e <usbd_open_edpt_pair+0x76>
1000579c:	20001234 	.word	0x20001234
100057a0:	20001898 	.word	0x20001898

100057a4 <usbd_edpt_open>:
100057a4:	2270      	movs	r2, #112	@ 0x70
100057a6:	b570      	push	{r4, r5, r6, lr}
100057a8:	788b      	ldrb	r3, [r1, #2]
100057aa:	000c      	movs	r4, r1
100057ac:	421a      	tst	r2, r3
100057ae:	d001      	beq.n	100057b4 <usbd_edpt_open+0x10>
100057b0:	2000      	movs	r0, #0
100057b2:	bd70      	pop	{r4, r5, r6, pc}
100057b4:	4b06      	ldr	r3, [pc, #24]	@ (100057d0 <usbd_edpt_open+0x2c>)
100057b6:	0020      	movs	r0, r4
100057b8:	781d      	ldrb	r5, [r3, #0]
100057ba:	4b06      	ldr	r3, [pc, #24]	@ (100057d4 <usbd_edpt_open+0x30>)
100057bc:	7899      	ldrb	r1, [r3, #2]
100057be:	f000 fda9 	bl	10006314 <tu_edpt_validate>
100057c2:	2800      	cmp	r0, #0
100057c4:	d0f4      	beq.n	100057b0 <usbd_edpt_open+0xc>
100057c6:	0021      	movs	r1, r4
100057c8:	0028      	movs	r0, r5
100057ca:	f7ff f9ed 	bl	10004ba8 <dcd_edpt_open>
100057ce:	e7f0      	b.n	100057b2 <usbd_edpt_open+0xe>
100057d0:	20001234 	.word	0x20001234
100057d4:	20001898 	.word	0x20001898

100057d8 <usbd_edpt_claim>:
100057d8:	000b      	movs	r3, r1
100057da:	207f      	movs	r0, #127	@ 0x7f
100057dc:	b510      	push	{r4, lr}
100057de:	4018      	ands	r0, r3
100057e0:	09db      	lsrs	r3, r3, #7
100057e2:	3334      	adds	r3, #52	@ 0x34
100057e4:	0040      	lsls	r0, r0, #1
100057e6:	4a04      	ldr	r2, [pc, #16]	@ (100057f8 <usbd_edpt_claim+0x20>)
100057e8:	18c0      	adds	r0, r0, r3
100057ea:	4b04      	ldr	r3, [pc, #16]	@ (100057fc <usbd_edpt_claim+0x24>)
100057ec:	6811      	ldr	r1, [r2, #0]
100057ee:	18c0      	adds	r0, r0, r3
100057f0:	f000 fd4c 	bl	1000628c <tu_edpt_claim>
100057f4:	bd10      	pop	{r4, pc}
100057f6:	46c0      	nop			@ (mov r8, r8)
100057f8:	200018ec 	.word	0x200018ec
100057fc:	20001898 	.word	0x20001898

10005800 <usbd_edpt_release>:
10005800:	000b      	movs	r3, r1
10005802:	207f      	movs	r0, #127	@ 0x7f
10005804:	b510      	push	{r4, lr}
10005806:	4018      	ands	r0, r3
10005808:	09db      	lsrs	r3, r3, #7
1000580a:	3334      	adds	r3, #52	@ 0x34
1000580c:	0040      	lsls	r0, r0, #1
1000580e:	4a04      	ldr	r2, [pc, #16]	@ (10005820 <usbd_edpt_release+0x20>)
10005810:	18c0      	adds	r0, r0, r3
10005812:	4b04      	ldr	r3, [pc, #16]	@ (10005824 <usbd_edpt_release+0x24>)
10005814:	6811      	ldr	r1, [r2, #0]
10005816:	18c0      	adds	r0, r0, r3
10005818:	f000 fd60 	bl	100062dc <tu_edpt_release>
1000581c:	bd10      	pop	{r4, pc}
1000581e:	46c0      	nop			@ (mov r8, r8)
10005820:	200018ec 	.word	0x200018ec
10005824:	20001898 	.word	0x20001898

10005828 <usbd_edpt_xfer>:
10005828:	b570      	push	{r4, r5, r6, lr}
1000582a:	247f      	movs	r4, #127	@ 0x7f
1000582c:	480f      	ldr	r0, [pc, #60]	@ (1000586c <usbd_edpt_xfer+0x44>)
1000582e:	400c      	ands	r4, r1
10005830:	0064      	lsls	r4, r4, #1
10005832:	1904      	adds	r4, r0, r4
10005834:	09cd      	lsrs	r5, r1, #7
10005836:	1964      	adds	r4, r4, r5
10005838:	3430      	adds	r4, #48	@ 0x30
1000583a:	7920      	ldrb	r0, [r4, #4]
1000583c:	07c0      	lsls	r0, r0, #31
1000583e:	d501      	bpl.n	10005844 <usbd_edpt_xfer+0x1c>
10005840:	2000      	movs	r0, #0
10005842:	bd70      	pop	{r4, r5, r6, pc}
10005844:	2601      	movs	r6, #1
10005846:	7925      	ldrb	r5, [r4, #4]
10005848:	4809      	ldr	r0, [pc, #36]	@ (10005870 <usbd_edpt_xfer+0x48>)
1000584a:	4335      	orrs	r5, r6
1000584c:	7800      	ldrb	r0, [r0, #0]
1000584e:	7125      	strb	r5, [r4, #4]
10005850:	f7ff fa38 	bl	10004cc4 <dcd_edpt_xfer>
10005854:	2800      	cmp	r0, #0
10005856:	d1f4      	bne.n	10005842 <usbd_edpt_xfer+0x1a>
10005858:	2201      	movs	r2, #1
1000585a:	7923      	ldrb	r3, [r4, #4]
1000585c:	4393      	bics	r3, r2
1000585e:	7123      	strb	r3, [r4, #4]
10005860:	7923      	ldrb	r3, [r4, #4]
10005862:	3203      	adds	r2, #3
10005864:	4393      	bics	r3, r2
10005866:	7123      	strb	r3, [r4, #4]
10005868:	e7ea      	b.n	10005840 <usbd_edpt_xfer+0x18>
1000586a:	46c0      	nop			@ (mov r8, r8)
1000586c:	20001898 	.word	0x20001898
10005870:	20001234 	.word	0x20001234

10005874 <tud_control_status>:
10005874:	b570      	push	{r4, r5, r6, lr}
10005876:	4c09      	ldr	r4, [pc, #36]	@ (1000589c <tud_control_status+0x28>)
10005878:	0006      	movs	r6, r0
1000587a:	2208      	movs	r2, #8
1000587c:	0020      	movs	r0, r4
1000587e:	000d      	movs	r5, r1
10005880:	f7fc feac 	bl	100025dc <__wrap___aeabi_memcpy>
10005884:	2300      	movs	r3, #0
10005886:	2180      	movs	r1, #128	@ 0x80
10005888:	60e3      	str	r3, [r4, #12]
1000588a:	60a3      	str	r3, [r4, #8]
1000588c:	782b      	ldrb	r3, [r5, #0]
1000588e:	0030      	movs	r0, r6
10005890:	4399      	bics	r1, r3
10005892:	2200      	movs	r2, #0
10005894:	2300      	movs	r3, #0
10005896:	f7ff ffc7 	bl	10005828 <usbd_edpt_xfer>
1000589a:	bd70      	pop	{r4, r5, r6, pc}
1000589c:	20001878 	.word	0x20001878

100058a0 <tud_control_xfer>:
100058a0:	b5f8      	push	{r3, r4, r5, r6, r7, lr}
100058a2:	46ce      	mov	lr, r9
100058a4:	4647      	mov	r7, r8
100058a6:	4690      	mov	r8, r2
100058a8:	4e25      	ldr	r6, [pc, #148]	@ (10005940 <tud_control_xfer+0xa0>)
100058aa:	b580      	push	{r7, lr}
100058ac:	4681      	mov	r9, r0
100058ae:	2208      	movs	r2, #8
100058b0:	0030      	movs	r0, r6
100058b2:	000d      	movs	r5, r1
100058b4:	001f      	movs	r7, r3
100058b6:	f7fc fe91 	bl	100025dc <__wrap___aeabi_memcpy>
100058ba:	4643      	mov	r3, r8
100058bc:	60b3      	str	r3, [r6, #8]
100058be:	2300      	movs	r3, #0
100058c0:	81f3      	strh	r3, [r6, #14]
100058c2:	79ec      	ldrb	r4, [r5, #7]
100058c4:	79ab      	ldrb	r3, [r5, #6]
100058c6:	0224      	lsls	r4, r4, #8
100058c8:	431c      	orrs	r4, r3
100058ca:	1c23      	adds	r3, r4, #0
100058cc:	42bc      	cmp	r4, r7
100058ce:	d900      	bls.n	100058d2 <tud_control_xfer+0x32>
100058d0:	1c3b      	adds	r3, r7, #0
100058d2:	b29f      	uxth	r7, r3
100058d4:	81b3      	strh	r3, [r6, #12]
100058d6:	2c00      	cmp	r4, #0
100058d8:	d00d      	beq.n	100058f6 <tud_control_xfer+0x56>
100058da:	2f00      	cmp	r7, #0
100058dc:	d017      	beq.n	1000590e <tud_control_xfer+0x6e>
100058de:	4642      	mov	r2, r8
100058e0:	2a00      	cmp	r2, #0
100058e2:	d02b      	beq.n	1000593c <tud_control_xfer+0x9c>
100058e4:	2f40      	cmp	r7, #64	@ 0x40
100058e6:	d81b      	bhi.n	10005920 <tud_control_xfer+0x80>
100058e8:	b29f      	uxth	r7, r3
100058ea:	7833      	ldrb	r3, [r6, #0]
100058ec:	2b7f      	cmp	r3, #127	@ 0x7f
100058ee:	d81c      	bhi.n	1000592a <tud_control_xfer+0x8a>
100058f0:	2100      	movs	r1, #0
100058f2:	4a14      	ldr	r2, [pc, #80]	@ (10005944 <tud_control_xfer+0xa4>)
100058f4:	e00f      	b.n	10005916 <tud_control_xfer+0x76>
100058f6:	2180      	movs	r1, #128	@ 0x80
100058f8:	782b      	ldrb	r3, [r5, #0]
100058fa:	2200      	movs	r2, #0
100058fc:	4399      	bics	r1, r3
100058fe:	4648      	mov	r0, r9
10005900:	2300      	movs	r3, #0
10005902:	f7ff ff91 	bl	10005828 <usbd_edpt_xfer>
10005906:	bcc0      	pop	{r6, r7}
10005908:	46b9      	mov	r9, r7
1000590a:	46b0      	mov	r8, r6
1000590c:	bdf8      	pop	{r3, r4, r5, r6, r7, pc}
1000590e:	237f      	movs	r3, #127	@ 0x7f
10005910:	2200      	movs	r2, #0
10005912:	7831      	ldrb	r1, [r6, #0]
10005914:	4399      	bics	r1, r3
10005916:	003b      	movs	r3, r7
10005918:	4648      	mov	r0, r9
1000591a:	f7ff ff85 	bl	10005828 <usbd_edpt_xfer>
1000591e:	e7f2      	b.n	10005906 <tud_control_xfer+0x66>
10005920:	2340      	movs	r3, #64	@ 0x40
10005922:	b29f      	uxth	r7, r3
10005924:	7833      	ldrb	r3, [r6, #0]
10005926:	2b7f      	cmp	r3, #127	@ 0x7f
10005928:	d9e2      	bls.n	100058f0 <tud_control_xfer+0x50>
1000592a:	4c06      	ldr	r4, [pc, #24]	@ (10005944 <tud_control_xfer+0xa4>)
1000592c:	003a      	movs	r2, r7
1000592e:	4641      	mov	r1, r8
10005930:	0020      	movs	r0, r4
10005932:	f7fc fe53 	bl	100025dc <__wrap___aeabi_memcpy>
10005936:	2180      	movs	r1, #128	@ 0x80
10005938:	0022      	movs	r2, r4
1000593a:	e7ec      	b.n	10005916 <tud_control_xfer+0x76>
1000593c:	2000      	movs	r0, #0
1000593e:	e7e2      	b.n	10005906 <tud_control_xfer+0x66>
10005940:	20001878 	.word	0x20001878
10005944:	20001838 	.word	0x20001838

10005948 <usbd_control_reset>:
10005948:	b510      	push	{r4, lr}
1000594a:	2214      	movs	r2, #20
1000594c:	2100      	movs	r1, #0
1000594e:	4802      	ldr	r0, [pc, #8]	@ (10005958 <usbd_control_reset+0x10>)
10005950:	f7fc fe3e 	bl	100025d0 <__wrap_memset>
10005954:	bd10      	pop	{r4, pc}
10005956:	46c0      	nop			@ (mov r8, r8)
10005958:	20001878 	.word	0x20001878

1000595c <usbd_control_set_complete_callback>:
1000595c:	4b01      	ldr	r3, [pc, #4]	@ (10005964 <usbd_control_set_complete_callback+0x8>)
1000595e:	6118      	str	r0, [r3, #16]
10005960:	4770      	bx	lr
10005962:	46c0      	nop			@ (mov r8, r8)
10005964:	20001878 	.word	0x20001878

10005968 <usbd_control_set_request>:
10005968:	b510      	push	{r4, lr}
1000596a:	4c05      	ldr	r4, [pc, #20]	@ (10005980 <usbd_control_set_request+0x18>)
1000596c:	0001      	movs	r1, r0
1000596e:	2208      	movs	r2, #8
10005970:	0020      	movs	r0, r4
10005972:	f7fc fe33 	bl	100025dc <__wrap___aeabi_memcpy>
10005976:	2300      	movs	r3, #0
10005978:	60a3      	str	r3, [r4, #8]
1000597a:	60e3      	str	r3, [r4, #12]
1000597c:	bd10      	pop	{r4, pc}
1000597e:	46c0      	nop			@ (mov r8, r8)
10005980:	20001878 	.word	0x20001878

10005984 <usbd_control_xfer_cb>:
10005984:	b570      	push	{r4, r5, r6, lr}
10005986:	4c38      	ldr	r4, [pc, #224]	@ (10005a68 <usbd_control_xfer_cb+0xe4>)
10005988:	001d      	movs	r5, r3
1000598a:	7823      	ldrb	r3, [r4, #0]
1000598c:	0006      	movs	r6, r0
1000598e:	09da      	lsrs	r2, r3, #7
10005990:	09c9      	lsrs	r1, r1, #7
10005992:	428a      	cmp	r2, r1
10005994:	d010      	beq.n	100059b8 <usbd_control_xfer_cb+0x34>
10005996:	2000      	movs	r0, #0
10005998:	2d00      	cmp	r5, #0
1000599a:	d000      	beq.n	1000599e <usbd_control_xfer_cb+0x1a>
1000599c:	bd70      	pop	{r4, r5, r6, pc}
1000599e:	0021      	movs	r1, r4
100059a0:	0030      	movs	r0, r6
100059a2:	f7ff f8f3 	bl	10004b8c <dcd_edpt0_status_complete>
100059a6:	6923      	ldr	r3, [r4, #16]
100059a8:	2b00      	cmp	r3, #0
100059aa:	d003      	beq.n	100059b4 <usbd_control_xfer_cb+0x30>
100059ac:	0022      	movs	r2, r4
100059ae:	2103      	movs	r1, #3
100059b0:	0030      	movs	r0, r6
100059b2:	4798      	blx	r3
100059b4:	2001      	movs	r0, #1
100059b6:	e7f1      	b.n	1000599c <usbd_control_xfer_cb+0x18>
100059b8:	2b7f      	cmp	r3, #127	@ 0x7f
100059ba:	d806      	bhi.n	100059ca <usbd_control_xfer_cb+0x46>
100059bc:	68a0      	ldr	r0, [r4, #8]
100059be:	2800      	cmp	r0, #0
100059c0:	d034      	beq.n	10005a2c <usbd_control_xfer_cb+0xa8>
100059c2:	002a      	movs	r2, r5
100059c4:	4929      	ldr	r1, [pc, #164]	@ (10005a6c <usbd_control_xfer_cb+0xe8>)
100059c6:	f7fc fe09 	bl	100025dc <__wrap___aeabi_memcpy>
100059ca:	89e2      	ldrh	r2, [r4, #14]
100059cc:	68a1      	ldr	r1, [r4, #8]
100059ce:	1952      	adds	r2, r2, r5
100059d0:	88e3      	ldrh	r3, [r4, #6]
100059d2:	b292      	uxth	r2, r2
100059d4:	1949      	adds	r1, r1, r5
100059d6:	81e2      	strh	r2, [r4, #14]
100059d8:	60a1      	str	r1, [r4, #8]
100059da:	4293      	cmp	r3, r2
100059dc:	d014      	beq.n	10005a08 <usbd_control_xfer_cb+0x84>
100059de:	2d3f      	cmp	r5, #63	@ 0x3f
100059e0:	d912      	bls.n	10005a08 <usbd_control_xfer_cb+0x84>
100059e2:	89a3      	ldrh	r3, [r4, #12]
100059e4:	1a98      	subs	r0, r3, r2
100059e6:	1c05      	adds	r5, r0, #0
100059e8:	b280      	uxth	r0, r0
100059ea:	2840      	cmp	r0, #64	@ 0x40
100059ec:	d82a      	bhi.n	10005a44 <usbd_control_xfer_cb+0xc0>
100059ee:	7820      	ldrb	r0, [r4, #0]
100059f0:	b2ad      	uxth	r5, r5
100059f2:	287f      	cmp	r0, #127	@ 0x7f
100059f4:	d828      	bhi.n	10005a48 <usbd_control_xfer_cb+0xc4>
100059f6:	2100      	movs	r1, #0
100059f8:	429a      	cmp	r2, r3
100059fa:	d032      	beq.n	10005a62 <usbd_control_xfer_cb+0xde>
100059fc:	4a1b      	ldr	r2, [pc, #108]	@ (10005a6c <usbd_control_xfer_cb+0xe8>)
100059fe:	002b      	movs	r3, r5
10005a00:	0030      	movs	r0, r6
10005a02:	f7ff ff11 	bl	10005828 <usbd_edpt_xfer>
10005a06:	e7c9      	b.n	1000599c <usbd_control_xfer_cb+0x18>
10005a08:	6923      	ldr	r3, [r4, #16]
10005a0a:	2b00      	cmp	r3, #0
10005a0c:	d005      	beq.n	10005a1a <usbd_control_xfer_cb+0x96>
10005a0e:	0022      	movs	r2, r4
10005a10:	2102      	movs	r1, #2
10005a12:	0030      	movs	r0, r6
10005a14:	4798      	blx	r3
10005a16:	2800      	cmp	r0, #0
10005a18:	d00a      	beq.n	10005a30 <usbd_control_xfer_cb+0xac>
10005a1a:	2180      	movs	r1, #128	@ 0x80
10005a1c:	7823      	ldrb	r3, [r4, #0]
10005a1e:	2200      	movs	r2, #0
10005a20:	4399      	bics	r1, r3
10005a22:	0030      	movs	r0, r6
10005a24:	2300      	movs	r3, #0
10005a26:	f7ff feff 	bl	10005828 <usbd_edpt_xfer>
10005a2a:	e7b7      	b.n	1000599c <usbd_control_xfer_cb+0x18>
10005a2c:	2000      	movs	r0, #0
10005a2e:	e7b5      	b.n	1000599c <usbd_control_xfer_cb+0x18>
10005a30:	2100      	movs	r1, #0
10005a32:	0030      	movs	r0, r6
10005a34:	f7ff f958 	bl	10004ce8 <dcd_edpt_stall>
10005a38:	0030      	movs	r0, r6
10005a3a:	2180      	movs	r1, #128	@ 0x80
10005a3c:	f7ff f954 	bl	10004ce8 <dcd_edpt_stall>
10005a40:	2001      	movs	r0, #1
10005a42:	e7ab      	b.n	1000599c <usbd_control_xfer_cb+0x18>
10005a44:	2540      	movs	r5, #64	@ 0x40
10005a46:	e7d2      	b.n	100059ee <usbd_control_xfer_cb+0x6a>
10005a48:	429a      	cmp	r2, r3
10005a4a:	d007      	beq.n	10005a5c <usbd_control_xfer_cb+0xd8>
10005a4c:	4c07      	ldr	r4, [pc, #28]	@ (10005a6c <usbd_control_xfer_cb+0xe8>)
10005a4e:	002a      	movs	r2, r5
10005a50:	0020      	movs	r0, r4
10005a52:	f7fc fdc3 	bl	100025dc <__wrap___aeabi_memcpy>
10005a56:	2180      	movs	r1, #128	@ 0x80
10005a58:	0022      	movs	r2, r4
10005a5a:	e7d0      	b.n	100059fe <usbd_control_xfer_cb+0x7a>
10005a5c:	2180      	movs	r1, #128	@ 0x80
10005a5e:	2200      	movs	r2, #0
10005a60:	e7cd      	b.n	100059fe <usbd_control_xfer_cb+0x7a>
10005a62:	2200      	movs	r2, #0
10005a64:	e7cb      	b.n	100059fe <usbd_control_xfer_cb+0x7a>
10005a66:	46c0      	nop			@ (mov r8, r8)
10005a68:	20001878 	.word	0x20001878
10005a6c:	20001838 	.word	0x20001838

10005a70 <_prep_out_transaction.isra.0>:
10005a70:	b570      	push	{r4, r5, r6, lr}
10005a72:	0004      	movs	r4, r0
10005a74:	f7ff f9be 	bl	10004df4 <tud_mounted>
10005a78:	2800      	cmp	r0, #0
10005a7a:	d100      	bne.n	10005a7e <_prep_out_transaction.isra.0+0xe>
10005a7c:	bd70      	pop	{r4, r5, r6, pc}
10005a7e:	f7ff f9c1 	bl	10004e04 <tud_suspended>
10005a82:	2800      	cmp	r0, #0
10005a84:	d1fa      	bne.n	10005a7c <_prep_out_transaction.isra.0+0xc>
10005a86:	23c8      	movs	r3, #200	@ 0xc8
10005a88:	4363      	muls	r3, r4
10005a8a:	4d12      	ldr	r5, [pc, #72]	@ (10005ad4 <_prep_out_transaction.isra.0+0x64>)
10005a8c:	18ee      	adds	r6, r5, r3
10005a8e:	78f1      	ldrb	r1, [r6, #3]
10005a90:	2900      	cmp	r1, #0
10005a92:	d0f3      	beq.n	10005a7c <_prep_out_transaction.isra.0+0xc>
10005a94:	3310      	adds	r3, #16
10005a96:	195d      	adds	r5, r3, r5
10005a98:	0028      	movs	r0, r5
10005a9a:	f000 fdf3 	bl	10006684 <tu_fifo_remaining>
10005a9e:	283f      	cmp	r0, #63	@ 0x3f
10005aa0:	d9ec      	bls.n	10005a7c <_prep_out_transaction.isra.0+0xc>
10005aa2:	2000      	movs	r0, #0
10005aa4:	78f1      	ldrb	r1, [r6, #3]
10005aa6:	f7ff fe97 	bl	100057d8 <usbd_edpt_claim>
10005aaa:	2800      	cmp	r0, #0
10005aac:	d0e6      	beq.n	10005a7c <_prep_out_transaction.isra.0+0xc>
10005aae:	0028      	movs	r0, r5
10005ab0:	f000 fde8 	bl	10006684 <tu_fifo_remaining>
10005ab4:	78f1      	ldrb	r1, [r6, #3]
10005ab6:	283f      	cmp	r0, #63	@ 0x3f
10005ab8:	d907      	bls.n	10005aca <_prep_out_transaction.isra.0+0x5a>
10005aba:	4b07      	ldr	r3, [pc, #28]	@ (10005ad8 <_prep_out_transaction.isra.0+0x68>)
10005abc:	01e2      	lsls	r2, r4, #7
10005abe:	18d2      	adds	r2, r2, r3
10005ac0:	2000      	movs	r0, #0
10005ac2:	2340      	movs	r3, #64	@ 0x40
10005ac4:	f7ff feb0 	bl	10005828 <usbd_edpt_xfer>
10005ac8:	e7d8      	b.n	10005a7c <_prep_out_transaction.isra.0+0xc>
10005aca:	2000      	movs	r0, #0
10005acc:	f7ff fe98 	bl	10005800 <usbd_edpt_release>
10005ad0:	e7d4      	b.n	10005a7c <_prep_out_transaction.isra.0+0xc>
10005ad2:	46c0      	nop			@ (mov r8, r8)
10005ad4:	20001770 	.word	0x20001770
10005ad8:	200016ec 	.word	0x200016ec

10005adc <tud_cdc_n_connected>:
10005adc:	b510      	push	{r4, lr}
10005ade:	0004      	movs	r4, r0
10005ae0:	f7ff f988 	bl	10004df4 <tud_mounted>
10005ae4:	2800      	cmp	r0, #0
10005ae6:	d101      	bne.n	10005aec <tud_cdc_n_connected+0x10>
10005ae8:	2000      	movs	r0, #0
10005aea:	bd10      	pop	{r4, pc}
10005aec:	f7ff f98a 	bl	10004e04 <tud_suspended>
10005af0:	2800      	cmp	r0, #0
10005af2:	d1f9      	bne.n	10005ae8 <tud_cdc_n_connected+0xc>
10005af4:	22c8      	movs	r2, #200	@ 0xc8
10005af6:	4362      	muls	r2, r4
10005af8:	4b02      	ldr	r3, [pc, #8]	@ (10005b04 <tud_cdc_n_connected+0x28>)
10005afa:	3001      	adds	r0, #1
10005afc:	189b      	adds	r3, r3, r2
10005afe:	791b      	ldrb	r3, [r3, #4]
10005b00:	4018      	ands	r0, r3
10005b02:	e7f2      	b.n	10005aea <tud_cdc_n_connected+0xe>
10005b04:	20001770 	.word	0x20001770

10005b08 <tud_cdc_n_available>:
10005b08:	23c8      	movs	r3, #200	@ 0xc8
10005b0a:	b510      	push	{r4, lr}
10005b0c:	4343      	muls	r3, r0
10005b0e:	4802      	ldr	r0, [pc, #8]	@ (10005b18 <tud_cdc_n_available+0x10>)
10005b10:	1818      	adds	r0, r3, r0
10005b12:	f000 fd99 	bl	10006648 <tu_fifo_count>
10005b16:	bd10      	pop	{r4, pc}
10005b18:	20001780 	.word	0x20001780

10005b1c <tud_cdc_n_read>:
10005b1c:	b5f8      	push	{r3, r4, r5, r6, r7, lr}
10005b1e:	24c8      	movs	r4, #200	@ 0xc8
10005b20:	2380      	movs	r3, #128	@ 0x80
10005b22:	4344      	muls	r4, r0
10005b24:	4f1c      	ldr	r7, [pc, #112]	@ (10005b98 <tud_cdc_n_read+0x7c>)
10005b26:	3410      	adds	r4, #16
10005b28:	0005      	movs	r5, r0
10005b2a:	193c      	adds	r4, r7, r4
10005b2c:	025b      	lsls	r3, r3, #9
10005b2e:	429a      	cmp	r2, r3
10005b30:	d300      	bcc.n	10005b34 <tud_cdc_n_read+0x18>
10005b32:	4a1a      	ldr	r2, [pc, #104]	@ (10005b9c <tud_cdc_n_read+0x80>)
10005b34:	0020      	movs	r0, r4
10005b36:	b292      	uxth	r2, r2
10005b38:	f000 fe08 	bl	1000674c <tu_fifo_read_n>
10005b3c:	0006      	movs	r6, r0
10005b3e:	f7ff f959 	bl	10004df4 <tud_mounted>
10005b42:	2800      	cmp	r0, #0
10005b44:	d101      	bne.n	10005b4a <tud_cdc_n_read+0x2e>
10005b46:	0030      	movs	r0, r6
10005b48:	bdf8      	pop	{r3, r4, r5, r6, r7, pc}
10005b4a:	f7ff f95b 	bl	10004e04 <tud_suspended>
10005b4e:	2800      	cmp	r0, #0
10005b50:	d1f9      	bne.n	10005b46 <tud_cdc_n_read+0x2a>
10005b52:	23c8      	movs	r3, #200	@ 0xc8
10005b54:	436b      	muls	r3, r5
10005b56:	18ff      	adds	r7, r7, r3
10005b58:	78fb      	ldrb	r3, [r7, #3]
10005b5a:	2b00      	cmp	r3, #0
10005b5c:	d0f3      	beq.n	10005b46 <tud_cdc_n_read+0x2a>
10005b5e:	0020      	movs	r0, r4
10005b60:	f000 fd90 	bl	10006684 <tu_fifo_remaining>
10005b64:	283f      	cmp	r0, #63	@ 0x3f
10005b66:	d9ee      	bls.n	10005b46 <tud_cdc_n_read+0x2a>
10005b68:	2000      	movs	r0, #0
10005b6a:	78f9      	ldrb	r1, [r7, #3]
10005b6c:	f7ff fe34 	bl	100057d8 <usbd_edpt_claim>
10005b70:	2800      	cmp	r0, #0
10005b72:	d0e8      	beq.n	10005b46 <tud_cdc_n_read+0x2a>
10005b74:	0020      	movs	r0, r4
10005b76:	f000 fd85 	bl	10006684 <tu_fifo_remaining>
10005b7a:	78f9      	ldrb	r1, [r7, #3]
10005b7c:	283f      	cmp	r0, #63	@ 0x3f
10005b7e:	d907      	bls.n	10005b90 <tud_cdc_n_read+0x74>
10005b80:	4b07      	ldr	r3, [pc, #28]	@ (10005ba0 <tud_cdc_n_read+0x84>)
10005b82:	01ea      	lsls	r2, r5, #7
10005b84:	18d2      	adds	r2, r2, r3
10005b86:	2000      	movs	r0, #0
10005b88:	2340      	movs	r3, #64	@ 0x40
10005b8a:	f7ff fe4d 	bl	10005828 <usbd_edpt_xfer>
10005b8e:	e7da      	b.n	10005b46 <tud_cdc_n_read+0x2a>
10005b90:	2000      	movs	r0, #0
10005b92:	f7ff fe35 	bl	10005800 <usbd_edpt_release>
10005b96:	e7d6      	b.n	10005b46 <tud_cdc_n_read+0x2a>
10005b98:	20001770 	.word	0x20001770
10005b9c:	0000ffff 	.word	0x0000ffff
10005ba0:	200016ec 	.word	0x200016ec

10005ba4 <tud_cdc_n_write_flush>:
10005ba4:	b5f8      	push	{r3, r4, r5, r6, r7, lr}
10005ba6:	0004      	movs	r4, r0
10005ba8:	f7ff f924 	bl	10004df4 <tud_mounted>
10005bac:	2800      	cmp	r0, #0
10005bae:	d101      	bne.n	10005bb4 <tud_cdc_n_write_flush+0x10>
10005bb0:	2000      	movs	r0, #0
10005bb2:	bdf8      	pop	{r3, r4, r5, r6, r7, pc}
10005bb4:	f7ff f926 	bl	10004e04 <tud_suspended>
10005bb8:	2800      	cmp	r0, #0
10005bba:	d1f9      	bne.n	10005bb0 <tud_cdc_n_write_flush+0xc>
10005bbc:	25c8      	movs	r5, #200	@ 0xc8
10005bbe:	4365      	muls	r5, r4
10005bc0:	002e      	movs	r6, r5
10005bc2:	4f13      	ldr	r7, [pc, #76]	@ (10005c10 <tud_cdc_n_write_flush+0x6c>)
10005bc4:	3624      	adds	r6, #36	@ 0x24
10005bc6:	19f6      	adds	r6, r6, r7
10005bc8:	0030      	movs	r0, r6
10005bca:	f000 fd3d 	bl	10006648 <tu_fifo_count>
10005bce:	2800      	cmp	r0, #0
10005bd0:	d0ee      	beq.n	10005bb0 <tud_cdc_n_write_flush+0xc>
10005bd2:	197f      	adds	r7, r7, r5
10005bd4:	2000      	movs	r0, #0
10005bd6:	78b9      	ldrb	r1, [r7, #2]
10005bd8:	f7ff fdfe 	bl	100057d8 <usbd_edpt_claim>
10005bdc:	2800      	cmp	r0, #0
10005bde:	d0e7      	beq.n	10005bb0 <tud_cdc_n_write_flush+0xc>
10005be0:	4d0c      	ldr	r5, [pc, #48]	@ (10005c14 <tud_cdc_n_write_flush+0x70>)
10005be2:	01e4      	lsls	r4, r4, #7
10005be4:	1965      	adds	r5, r4, r5
10005be6:	0029      	movs	r1, r5
10005be8:	2240      	movs	r2, #64	@ 0x40
10005bea:	0030      	movs	r0, r6
10005bec:	f000 fdae 	bl	1000674c <tu_fifo_read_n>
10005bf0:	78b9      	ldrb	r1, [r7, #2]
10005bf2:	1e04      	subs	r4, r0, #0
10005bf4:	d008      	beq.n	10005c08 <tud_cdc_n_write_flush+0x64>
10005bf6:	0003      	movs	r3, r0
10005bf8:	002a      	movs	r2, r5
10005bfa:	2000      	movs	r0, #0
10005bfc:	f7ff fe14 	bl	10005828 <usbd_edpt_xfer>
10005c00:	2800      	cmp	r0, #0
10005c02:	d0d5      	beq.n	10005bb0 <tud_cdc_n_write_flush+0xc>
10005c04:	0020      	movs	r0, r4
10005c06:	e7d4      	b.n	10005bb2 <tud_cdc_n_write_flush+0xe>
10005c08:	2000      	movs	r0, #0
10005c0a:	f7ff fdf9 	bl	10005800 <usbd_edpt_release>
10005c0e:	e7cf      	b.n	10005bb0 <tud_cdc_n_write_flush+0xc>
10005c10:	20001770 	.word	0x20001770
10005c14:	2000172c 	.word	0x2000172c

10005c18 <tud_cdc_n_write>:
10005c18:	b570      	push	{r4, r5, r6, lr}
10005c1a:	24c8      	movs	r4, #200	@ 0xc8
10005c1c:	4344      	muls	r4, r0
10005c1e:	4b0c      	ldr	r3, [pc, #48]	@ (10005c50 <tud_cdc_n_write+0x38>)
10005c20:	0005      	movs	r5, r0
10005c22:	18e4      	adds	r4, r4, r3
10005c24:	2380      	movs	r3, #128	@ 0x80
10005c26:	025b      	lsls	r3, r3, #9
10005c28:	429a      	cmp	r2, r3
10005c2a:	d300      	bcc.n	10005c2e <tud_cdc_n_write+0x16>
10005c2c:	4a09      	ldr	r2, [pc, #36]	@ (10005c54 <tud_cdc_n_write+0x3c>)
10005c2e:	0020      	movs	r0, r4
10005c30:	b292      	uxth	r2, r2
10005c32:	f000 fe51 	bl	100068d8 <tu_fifo_write_n>
10005c36:	0006      	movs	r6, r0
10005c38:	0020      	movs	r0, r4
10005c3a:	f000 fd05 	bl	10006648 <tu_fifo_count>
10005c3e:	283f      	cmp	r0, #63	@ 0x3f
10005c40:	d801      	bhi.n	10005c46 <tud_cdc_n_write+0x2e>
10005c42:	0030      	movs	r0, r6
10005c44:	bd70      	pop	{r4, r5, r6, pc}
10005c46:	0028      	movs	r0, r5
10005c48:	f7ff ffac 	bl	10005ba4 <tud_cdc_n_write_flush>
10005c4c:	e7f9      	b.n	10005c42 <tud_cdc_n_write+0x2a>
10005c4e:	46c0      	nop			@ (mov r8, r8)
10005c50:	20001794 	.word	0x20001794
10005c54:	0000ffff 	.word	0x0000ffff

10005c58 <tud_cdc_n_write_available>:
10005c58:	23c8      	movs	r3, #200	@ 0xc8
10005c5a:	b510      	push	{r4, lr}
10005c5c:	4343      	muls	r3, r0
10005c5e:	4802      	ldr	r0, [pc, #8]	@ (10005c68 <tud_cdc_n_write_available+0x10>)
10005c60:	1818      	adds	r0, r3, r0
10005c62:	f000 fd0f 	bl	10006684 <tu_fifo_remaining>
10005c66:	bd10      	pop	{r4, pc}
10005c68:	20001794 	.word	0x20001794

10005c6c <cdcd_init>:
10005c6c:	b5f0      	push	{r4, r5, r6, r7, lr}
10005c6e:	2500      	movs	r5, #0
10005c70:	4c18      	ldr	r4, [pc, #96]	@ (10005cd4 <cdcd_init+0x68>)
10005c72:	b083      	sub	sp, #12
10005c74:	22c8      	movs	r2, #200	@ 0xc8
10005c76:	2100      	movs	r1, #0
10005c78:	0020      	movs	r0, r4
10005c7a:	f7fc fca9 	bl	100025d0 <__wrap_memset>
10005c7e:	4b16      	ldr	r3, [pc, #88]	@ (10005cd8 <cdcd_init+0x6c>)
10005c80:	0021      	movs	r1, r4
10005c82:	701d      	strb	r5, [r3, #0]
10005c84:	23ff      	movs	r3, #255	@ 0xff
10005c86:	7163      	strb	r3, [r4, #5]
10005c88:	23e1      	movs	r3, #225	@ 0xe1
10005c8a:	025b      	lsls	r3, r3, #9
10005c8c:	60a3      	str	r3, [r4, #8]
10005c8e:	0020      	movs	r0, r4
10005c90:	2308      	movs	r3, #8
10005c92:	2240      	movs	r2, #64	@ 0x40
10005c94:	73a3      	strb	r3, [r4, #14]
10005c96:	3138      	adds	r1, #56	@ 0x38
10005c98:	9500      	str	r5, [sp, #0]
10005c9a:	3b07      	subs	r3, #7
10005c9c:	3010      	adds	r0, #16
10005c9e:	f000 fc9d 	bl	100065dc <tu_fifo_config>
10005ca2:	0027      	movs	r7, r4
10005ca4:	2301      	movs	r3, #1
10005ca6:	0021      	movs	r1, r4
10005ca8:	0020      	movs	r0, r4
10005caa:	0026      	movs	r6, r4
10005cac:	2240      	movs	r2, #64	@ 0x40
10005cae:	3178      	adds	r1, #120	@ 0x78
10005cb0:	9300      	str	r3, [sp, #0]
10005cb2:	37b8      	adds	r7, #184	@ 0xb8
10005cb4:	3024      	adds	r0, #36	@ 0x24
10005cb6:	f000 fc91 	bl	100065dc <tu_fifo_config>
10005cba:	36c0      	adds	r6, #192	@ 0xc0
10005cbc:	0038      	movs	r0, r7
10005cbe:	f7fb f897 	bl	10000df0 <mutex_init>
10005cc2:	0030      	movs	r0, r6
10005cc4:	f7fb f894 	bl	10000df0 <mutex_init>
10005cc8:	61e5      	str	r5, [r4, #28]
10005cca:	6227      	str	r7, [r4, #32]
10005ccc:	6326      	str	r6, [r4, #48]	@ 0x30
10005cce:	6365      	str	r5, [r4, #52]	@ 0x34
10005cd0:	b003      	add	sp, #12
10005cd2:	bdf0      	pop	{r4, r5, r6, r7, pc}
10005cd4:	20001770 	.word	0x20001770
10005cd8:	2000176c 	.word	0x2000176c

10005cdc <cdcd_deinit>:
10005cdc:	4a0a      	ldr	r2, [pc, #40]	@ (10005d08 <cdcd_deinit+0x2c>)
10005cde:	6b11      	ldr	r1, [r2, #48]	@ 0x30
10005ce0:	6a13      	ldr	r3, [r2, #32]
10005ce2:	2900      	cmp	r1, #0
10005ce4:	d00c      	beq.n	10005d00 <cdcd_deinit+0x24>
10005ce6:	2b00      	cmp	r3, #0
10005ce8:	d007      	beq.n	10005cfa <cdcd_deinit+0x1e>
10005cea:	2300      	movs	r3, #0
10005cec:	61d3      	str	r3, [r2, #28]
10005cee:	6353      	str	r3, [r2, #52]	@ 0x34
10005cf0:	6313      	str	r3, [r2, #48]	@ 0x30
10005cf2:	2300      	movs	r3, #0
10005cf4:	6213      	str	r3, [r2, #32]
10005cf6:	2001      	movs	r0, #1
10005cf8:	4770      	bx	lr
10005cfa:	6353      	str	r3, [r2, #52]	@ 0x34
10005cfc:	6313      	str	r3, [r2, #48]	@ 0x30
10005cfe:	e7fa      	b.n	10005cf6 <cdcd_deinit+0x1a>
10005d00:	2b00      	cmp	r3, #0
10005d02:	d0f8      	beq.n	10005cf6 <cdcd_deinit+0x1a>
10005d04:	61d1      	str	r1, [r2, #28]
10005d06:	e7f4      	b.n	10005cf2 <cdcd_deinit+0x16>
10005d08:	20001770 	.word	0x20001770

10005d0c <cdcd_reset>:
10005d0c:	b570      	push	{r4, r5, r6, lr}
10005d0e:	4c0f      	ldr	r4, [pc, #60]	@ (10005d4c <cdcd_reset+0x40>)
10005d10:	2205      	movs	r2, #5
10005d12:	2100      	movs	r1, #0
10005d14:	0020      	movs	r0, r4
10005d16:	f7fc fc5b 	bl	100025d0 <__wrap_memset>
10005d1a:	4d0d      	ldr	r5, [pc, #52]	@ (10005d50 <cdcd_reset+0x44>)
10005d1c:	782b      	ldrb	r3, [r5, #0]
10005d1e:	07da      	lsls	r2, r3, #31
10005d20:	d507      	bpl.n	10005d32 <cdcd_reset+0x26>
10005d22:	4c0c      	ldr	r4, [pc, #48]	@ (10005d54 <cdcd_reset+0x48>)
10005d24:	079b      	lsls	r3, r3, #30
10005d26:	d50c      	bpl.n	10005d42 <cdcd_reset+0x36>
10005d28:	2101      	movs	r1, #1
10005d2a:	0020      	movs	r0, r4
10005d2c:	f000 feb0 	bl	10006a90 <tu_fifo_set_overwritable>
10005d30:	bd70      	pop	{r4, r5, r6, pc}
10005d32:	0020      	movs	r0, r4
10005d34:	3010      	adds	r0, #16
10005d36:	f000 fe8b 	bl	10006a50 <tu_fifo_clear>
10005d3a:	782b      	ldrb	r3, [r5, #0]
10005d3c:	4c05      	ldr	r4, [pc, #20]	@ (10005d54 <cdcd_reset+0x48>)
10005d3e:	079b      	lsls	r3, r3, #30
10005d40:	d4f2      	bmi.n	10005d28 <cdcd_reset+0x1c>
10005d42:	0020      	movs	r0, r4
10005d44:	f000 fe84 	bl	10006a50 <tu_fifo_clear>
10005d48:	e7ee      	b.n	10005d28 <cdcd_reset+0x1c>
10005d4a:	46c0      	nop			@ (mov r8, r8)
10005d4c:	20001770 	.word	0x20001770
10005d50:	2000176c 	.word	0x2000176c
10005d54:	20001794 	.word	0x20001794

10005d58 <cdcd_open>:
10005d58:	b5f0      	push	{r4, r5, r6, r7, lr}
10005d5a:	794b      	ldrb	r3, [r1, #5]
10005d5c:	0006      	movs	r6, r0
10005d5e:	b083      	sub	sp, #12
10005d60:	2b02      	cmp	r3, #2
10005d62:	d102      	bne.n	10005d6a <cdcd_open+0x12>
10005d64:	798b      	ldrb	r3, [r1, #6]
10005d66:	2b02      	cmp	r3, #2
10005d68:	d003      	beq.n	10005d72 <cdcd_open+0x1a>
10005d6a:	2500      	movs	r5, #0
10005d6c:	0028      	movs	r0, r5
10005d6e:	b003      	add	sp, #12
10005d70:	bdf0      	pop	{r4, r5, r6, r7, pc}
10005d72:	4f20      	ldr	r7, [pc, #128]	@ (10005df4 <cdcd_open+0x9c>)
10005d74:	78bb      	ldrb	r3, [r7, #2]
10005d76:	2b00      	cmp	r3, #0
10005d78:	d1f7      	bne.n	10005d6a <cdcd_open+0x12>
10005d7a:	788b      	ldrb	r3, [r1, #2]
10005d7c:	2509      	movs	r5, #9
10005d7e:	703b      	strb	r3, [r7, #0]
10005d80:	780c      	ldrb	r4, [r1, #0]
10005d82:	190c      	adds	r4, r1, r4
10005d84:	7863      	ldrb	r3, [r4, #1]
10005d86:	2b24      	cmp	r3, #36	@ 0x24
10005d88:	d007      	beq.n	10005d9a <cdcd_open+0x42>
10005d8a:	e00c      	b.n	10005da6 <cdcd_open+0x4e>
10005d8c:	7823      	ldrb	r3, [r4, #0]
10005d8e:	18e4      	adds	r4, r4, r3
10005d90:	195d      	adds	r5, r3, r5
10005d92:	7863      	ldrb	r3, [r4, #1]
10005d94:	b2ad      	uxth	r5, r5
10005d96:	2b24      	cmp	r3, #36	@ 0x24
10005d98:	d105      	bne.n	10005da6 <cdcd_open+0x4e>
10005d9a:	4295      	cmp	r5, r2
10005d9c:	d9f6      	bls.n	10005d8c <cdcd_open+0x34>
10005d9e:	2000      	movs	r0, #0
10005da0:	f7ff fe66 	bl	10005a70 <_prep_out_transaction.isra.0>
10005da4:	e7e2      	b.n	10005d6c <cdcd_open+0x14>
10005da6:	001a      	movs	r2, r3
10005da8:	2b05      	cmp	r3, #5
10005daa:	d015      	beq.n	10005dd8 <cdcd_open+0x80>
10005dac:	2a04      	cmp	r2, #4
10005dae:	d1f6      	bne.n	10005d9e <cdcd_open+0x46>
10005db0:	7963      	ldrb	r3, [r4, #5]
10005db2:	2b0a      	cmp	r3, #10
10005db4:	d1f3      	bne.n	10005d9e <cdcd_open+0x46>
10005db6:	4b10      	ldr	r3, [pc, #64]	@ (10005df8 <cdcd_open+0xa0>)
10005db8:	7827      	ldrb	r7, [r4, #0]
10005dba:	9301      	str	r3, [sp, #4]
10005dbc:	3301      	adds	r3, #1
10005dbe:	9300      	str	r3, [sp, #0]
10005dc0:	0030      	movs	r0, r6
10005dc2:	2302      	movs	r3, #2
10005dc4:	19e1      	adds	r1, r4, r7
10005dc6:	3a02      	subs	r2, #2
10005dc8:	f7ff fc9e 	bl	10005708 <usbd_open_edpt_pair>
10005dcc:	2800      	cmp	r0, #0
10005dce:	d0cc      	beq.n	10005d6a <cdcd_open+0x12>
10005dd0:	350e      	adds	r5, #14
10005dd2:	19ed      	adds	r5, r5, r7
10005dd4:	b2ad      	uxth	r5, r5
10005dd6:	e7e2      	b.n	10005d9e <cdcd_open+0x46>
10005dd8:	0021      	movs	r1, r4
10005dda:	0030      	movs	r0, r6
10005ddc:	f7ff fce2 	bl	100057a4 <usbd_edpt_open>
10005de0:	2800      	cmp	r0, #0
10005de2:	d0c2      	beq.n	10005d6a <cdcd_open+0x12>
10005de4:	78a3      	ldrb	r3, [r4, #2]
10005de6:	707b      	strb	r3, [r7, #1]
10005de8:	7823      	ldrb	r3, [r4, #0]
10005dea:	195d      	adds	r5, r3, r5
10005dec:	18e4      	adds	r4, r4, r3
10005dee:	7862      	ldrb	r2, [r4, #1]
10005df0:	b2ad      	uxth	r5, r5
10005df2:	e7db      	b.n	10005dac <cdcd_open+0x54>
10005df4:	20001770 	.word	0x20001770
10005df8:	20001772 	.word	0x20001772

10005dfc <cdcd_control_xfer_cb>:
10005dfc:	b5f8      	push	{r3, r4, r5, r6, r7, lr}
10005dfe:	2360      	movs	r3, #96	@ 0x60
10005e00:	0014      	movs	r4, r2
10005e02:	7812      	ldrb	r2, [r2, #0]
10005e04:	0005      	movs	r5, r0
10005e06:	4013      	ands	r3, r2
10005e08:	2000      	movs	r0, #0
10005e0a:	2b20      	cmp	r3, #32
10005e0c:	d107      	bne.n	10005e1e <cdcd_control_xfer_cb+0x22>
10005e0e:	4a30      	ldr	r2, [pc, #192]	@ (10005ed0 <cdcd_control_xfer_cb+0xd4>)
10005e10:	7963      	ldrb	r3, [r4, #5]
10005e12:	7927      	ldrb	r7, [r4, #4]
10005e14:	7816      	ldrb	r6, [r2, #0]
10005e16:	021b      	lsls	r3, r3, #8
10005e18:	433b      	orrs	r3, r7
10005e1a:	429e      	cmp	r6, r3
10005e1c:	d000      	beq.n	10005e20 <cdcd_control_xfer_cb+0x24>
10005e1e:	bdf8      	pop	{r3, r4, r5, r6, r7, pc}
10005e20:	7863      	ldrb	r3, [r4, #1]
10005e22:	2b22      	cmp	r3, #34	@ 0x22
10005e24:	d01a      	beq.n	10005e5c <cdcd_control_xfer_cb+0x60>
10005e26:	d807      	bhi.n	10005e38 <cdcd_control_xfer_cb+0x3c>
10005e28:	2b20      	cmp	r3, #32
10005e2a:	d034      	beq.n	10005e96 <cdcd_control_xfer_cb+0x9a>
10005e2c:	2b21      	cmp	r3, #33	@ 0x21
10005e2e:	d1f6      	bne.n	10005e1e <cdcd_control_xfer_cb+0x22>
10005e30:	2901      	cmp	r1, #1
10005e32:	d03e      	beq.n	10005eb2 <cdcd_control_xfer_cb+0xb6>
10005e34:	2001      	movs	r0, #1
10005e36:	e7f2      	b.n	10005e1e <cdcd_control_xfer_cb+0x22>
10005e38:	2b23      	cmp	r3, #35	@ 0x23
10005e3a:	d1f0      	bne.n	10005e1e <cdcd_control_xfer_cb+0x22>
10005e3c:	2901      	cmp	r1, #1
10005e3e:	d040      	beq.n	10005ec2 <cdcd_control_xfer_cb+0xc6>
10005e40:	2903      	cmp	r1, #3
10005e42:	d1f7      	bne.n	10005e34 <cdcd_control_xfer_cb+0x38>
10005e44:	4b23      	ldr	r3, [pc, #140]	@ (10005ed4 <cdcd_control_xfer_cb+0xd8>)
10005e46:	2b00      	cmp	r3, #0
10005e48:	d0f4      	beq.n	10005e34 <cdcd_control_xfer_cb+0x38>
10005e4a:	78e1      	ldrb	r1, [r4, #3]
10005e4c:	78a3      	ldrb	r3, [r4, #2]
10005e4e:	0209      	lsls	r1, r1, #8
10005e50:	2000      	movs	r0, #0
10005e52:	4319      	orrs	r1, r3
10005e54:	e000      	b.n	10005e58 <cdcd_control_xfer_cb+0x5c>
10005e56:	bf00      	nop
10005e58:	2001      	movs	r0, #1
10005e5a:	e7e0      	b.n	10005e1e <cdcd_control_xfer_cb+0x22>
10005e5c:	2901      	cmp	r1, #1
10005e5e:	d030      	beq.n	10005ec2 <cdcd_control_xfer_cb+0xc6>
10005e60:	2903      	cmp	r1, #3
10005e62:	d1e7      	bne.n	10005e34 <cdcd_control_xfer_cb+0x38>
10005e64:	2501      	movs	r5, #1
10005e66:	002e      	movs	r6, r5
10005e68:	78a3      	ldrb	r3, [r4, #2]
10005e6a:	78e4      	ldrb	r4, [r4, #3]
10005e6c:	3902      	subs	r1, #2
10005e6e:	0224      	lsls	r4, r4, #8
10005e70:	431c      	orrs	r4, r3
10005e72:	7114      	strb	r4, [r2, #4]
10005e74:	4026      	ands	r6, r4
10005e76:	3224      	adds	r2, #36	@ 0x24
10005e78:	0010      	movs	r0, r2
10005e7a:	4071      	eors	r1, r6
10005e7c:	f000 fe08 	bl	10006a90 <tu_fifo_set_overwritable>
10005e80:	4b15      	ldr	r3, [pc, #84]	@ (10005ed8 <cdcd_control_xfer_cb+0xdc>)
10005e82:	2b00      	cmp	r3, #0
10005e84:	d0d6      	beq.n	10005e34 <cdcd_control_xfer_cb+0x38>
10005e86:	0862      	lsrs	r2, r4, #1
10005e88:	2000      	movs	r0, #0
10005e8a:	0031      	movs	r1, r6
10005e8c:	402a      	ands	r2, r5
10005e8e:	e000      	b.n	10005e92 <cdcd_control_xfer_cb+0x96>
10005e90:	bf00      	nop
10005e92:	2001      	movs	r0, #1
10005e94:	e7c3      	b.n	10005e1e <cdcd_control_xfer_cb+0x22>
10005e96:	2901      	cmp	r1, #1
10005e98:	d00b      	beq.n	10005eb2 <cdcd_control_xfer_cb+0xb6>
10005e9a:	2903      	cmp	r1, #3
10005e9c:	d1ca      	bne.n	10005e34 <cdcd_control_xfer_cb+0x38>
10005e9e:	4b0f      	ldr	r3, [pc, #60]	@ (10005edc <cdcd_control_xfer_cb+0xe0>)
10005ea0:	2b00      	cmp	r3, #0
10005ea2:	d0c7      	beq.n	10005e34 <cdcd_control_xfer_cb+0x38>
10005ea4:	3208      	adds	r2, #8
10005ea6:	2000      	movs	r0, #0
10005ea8:	0011      	movs	r1, r2
10005eaa:	f7fe faa5 	bl	100043f8 <tud_cdc_line_coding_cb>
10005eae:	2001      	movs	r0, #1
10005eb0:	e7b5      	b.n	10005e1e <cdcd_control_xfer_cb+0x22>
10005eb2:	2307      	movs	r3, #7
10005eb4:	0021      	movs	r1, r4
10005eb6:	0028      	movs	r0, r5
10005eb8:	4a09      	ldr	r2, [pc, #36]	@ (10005ee0 <cdcd_control_xfer_cb+0xe4>)
10005eba:	f7ff fcf1 	bl	100058a0 <tud_control_xfer>
10005ebe:	2001      	movs	r0, #1
10005ec0:	e7ad      	b.n	10005e1e <cdcd_control_xfer_cb+0x22>
10005ec2:	0021      	movs	r1, r4
10005ec4:	0028      	movs	r0, r5
10005ec6:	f7ff fcd5 	bl	10005874 <tud_control_status>
10005eca:	2001      	movs	r0, #1
10005ecc:	e7a7      	b.n	10005e1e <cdcd_control_xfer_cb+0x22>
10005ece:	46c0      	nop			@ (mov r8, r8)
10005ed0:	20001770 	.word	0x20001770
	...
10005edc:	100043f9 	.word	0x100043f9
10005ee0:	20001778 	.word	0x20001778

10005ee4 <cdcd_xfer_cb>:
10005ee4:	b5f0      	push	{r4, r5, r6, r7, lr}
10005ee6:	464f      	mov	r7, r9
10005ee8:	4646      	mov	r6, r8
10005eea:	46d6      	mov	lr, sl
10005eec:	b5c0      	push	{r6, r7, lr}
10005eee:	4d36      	ldr	r5, [pc, #216]	@ (10005fc8 <cdcd_xfer_cb+0xe4>)
10005ef0:	4680      	mov	r8, r0
10005ef2:	78ea      	ldrb	r2, [r5, #3]
10005ef4:	000c      	movs	r4, r1
10005ef6:	001f      	movs	r7, r3
10005ef8:	428a      	cmp	r2, r1
10005efa:	d03c      	beq.n	10005f76 <cdcd_xfer_cb+0x92>
10005efc:	78ab      	ldrb	r3, [r5, #2]
10005efe:	428b      	cmp	r3, r1
10005f00:	d010      	beq.n	10005f24 <cdcd_xfer_cb+0x40>
10005f02:	2000      	movs	r0, #0
10005f04:	bce0      	pop	{r5, r6, r7}
10005f06:	46ba      	mov	sl, r7
10005f08:	46b1      	mov	r9, r6
10005f0a:	46a8      	mov	r8, r5
10005f0c:	bdf0      	pop	{r4, r5, r6, r7, pc}
10005f0e:	4b2f      	ldr	r3, [pc, #188]	@ (10005fcc <cdcd_xfer_cb+0xe8>)
10005f10:	2b00      	cmp	r3, #0
10005f12:	d004      	beq.n	10005f1e <cdcd_xfer_cb+0x3a>
10005f14:	482e      	ldr	r0, [pc, #184]	@ (10005fd0 <cdcd_xfer_cb+0xec>)
10005f16:	f000 fbad 	bl	10006674 <tu_fifo_empty>
10005f1a:	2800      	cmp	r0, #0
10005f1c:	d051      	beq.n	10005fc2 <cdcd_xfer_cb+0xde>
10005f1e:	2000      	movs	r0, #0
10005f20:	f7ff fda6 	bl	10005a70 <_prep_out_transaction.isra.0>
10005f24:	78ab      	ldrb	r3, [r5, #2]
10005f26:	42a3      	cmp	r3, r4
10005f28:	d001      	beq.n	10005f2e <cdcd_xfer_cb+0x4a>
10005f2a:	2001      	movs	r0, #1
10005f2c:	e7ea      	b.n	10005f04 <cdcd_xfer_cb+0x20>
10005f2e:	4b29      	ldr	r3, [pc, #164]	@ (10005fd4 <cdcd_xfer_cb+0xf0>)
10005f30:	2b00      	cmp	r3, #0
10005f32:	d002      	beq.n	10005f3a <cdcd_xfer_cb+0x56>
10005f34:	2000      	movs	r0, #0
10005f36:	e000      	b.n	10005f3a <cdcd_xfer_cb+0x56>
10005f38:	bf00      	nop
10005f3a:	2000      	movs	r0, #0
10005f3c:	f7ff fe32 	bl	10005ba4 <tud_cdc_n_write_flush>
10005f40:	2800      	cmp	r0, #0
10005f42:	d1f2      	bne.n	10005f2a <cdcd_xfer_cb+0x46>
10005f44:	4c24      	ldr	r4, [pc, #144]	@ (10005fd8 <cdcd_xfer_cb+0xf4>)
10005f46:	0020      	movs	r0, r4
10005f48:	f000 fb7e 	bl	10006648 <tu_fifo_count>
10005f4c:	2800      	cmp	r0, #0
10005f4e:	d1ec      	bne.n	10005f2a <cdcd_xfer_cb+0x46>
10005f50:	2f00      	cmp	r7, #0
10005f52:	d0ea      	beq.n	10005f2a <cdcd_xfer_cb+0x46>
10005f54:	06bf      	lsls	r7, r7, #26
10005f56:	d1e8      	bne.n	10005f2a <cdcd_xfer_cb+0x46>
10005f58:	3c24      	subs	r4, #36	@ 0x24
10005f5a:	4640      	mov	r0, r8
10005f5c:	78a1      	ldrb	r1, [r4, #2]
10005f5e:	f7ff fc3b 	bl	100057d8 <usbd_edpt_claim>
10005f62:	2800      	cmp	r0, #0
10005f64:	d0e1      	beq.n	10005f2a <cdcd_xfer_cb+0x46>
10005f66:	2300      	movs	r3, #0
10005f68:	2200      	movs	r2, #0
10005f6a:	4640      	mov	r0, r8
10005f6c:	78a1      	ldrb	r1, [r4, #2]
10005f6e:	f7ff fc5b 	bl	10005828 <usbd_edpt_xfer>
10005f72:	2001      	movs	r0, #1
10005f74:	e7c6      	b.n	10005f04 <cdcd_xfer_cb+0x20>
10005f76:	b29a      	uxth	r2, r3
10005f78:	2310      	movs	r3, #16
10005f7a:	469a      	mov	sl, r3
10005f7c:	4e17      	ldr	r6, [pc, #92]	@ (10005fdc <cdcd_xfer_cb+0xf8>)
10005f7e:	44aa      	add	sl, r5
10005f80:	0031      	movs	r1, r6
10005f82:	4650      	mov	r0, sl
10005f84:	f000 fca8 	bl	100068d8 <tu_fifo_write_n>
10005f88:	4b15      	ldr	r3, [pc, #84]	@ (10005fe0 <cdcd_xfer_cb+0xfc>)
10005f8a:	2b00      	cmp	r3, #0
10005f8c:	d0bf      	beq.n	10005f0e <cdcd_xfer_cb+0x2a>
10005f8e:	796b      	ldrb	r3, [r5, #5]
10005f90:	2bff      	cmp	r3, #255	@ 0xff
10005f92:	d0bc      	beq.n	10005f0e <cdcd_xfer_cb+0x2a>
10005f94:	2f00      	cmp	r7, #0
10005f96:	d0ba      	beq.n	10005f0e <cdcd_xfer_cb+0x2a>
10005f98:	19f2      	adds	r2, r6, r7
10005f9a:	4691      	mov	r9, r2
10005f9c:	e003      	b.n	10005fa6 <cdcd_xfer_cb+0xc2>
10005f9e:	3601      	adds	r6, #1
10005fa0:	454e      	cmp	r6, r9
10005fa2:	d0b4      	beq.n	10005f0e <cdcd_xfer_cb+0x2a>
10005fa4:	796b      	ldrb	r3, [r5, #5]
10005fa6:	7832      	ldrb	r2, [r6, #0]
10005fa8:	429a      	cmp	r2, r3
10005faa:	d1f8      	bne.n	10005f9e <cdcd_xfer_cb+0xba>
10005fac:	4650      	mov	r0, sl
10005fae:	f000 fb61 	bl	10006674 <tu_fifo_empty>
10005fb2:	2800      	cmp	r0, #0
10005fb4:	d1f3      	bne.n	10005f9e <cdcd_xfer_cb+0xba>
10005fb6:	4653      	mov	r3, sl
10005fb8:	3b10      	subs	r3, #16
10005fba:	7959      	ldrb	r1, [r3, #5]
10005fbc:	e000      	b.n	10005fc0 <cdcd_xfer_cb+0xdc>
10005fbe:	bf00      	nop
10005fc0:	e7ed      	b.n	10005f9e <cdcd_xfer_cb+0xba>
10005fc2:	e000      	b.n	10005fc6 <cdcd_xfer_cb+0xe2>
10005fc4:	bf00      	nop
10005fc6:	e7aa      	b.n	10005f1e <cdcd_xfer_cb+0x3a>
10005fc8:	20001770 	.word	0x20001770
10005fcc:	00000000 	.word	0x00000000
10005fd0:	20001780 	.word	0x20001780
10005fd4:	00000000 	.word	0x00000000
10005fd8:	20001794 	.word	0x20001794
10005fdc:	200016ec 	.word	0x200016ec
10005fe0:	00000000 	.word	0x00000000

10005fe4 <vendord_init>:
10005fe4:	2293      	movs	r2, #147	@ 0x93
10005fe6:	b5f0      	push	{r4, r5, r6, r7, lr}
10005fe8:	4c13      	ldr	r4, [pc, #76]	@ (10006038 <vendord_init+0x54>)
10005fea:	b085      	sub	sp, #20
10005fec:	2100      	movs	r1, #0
10005fee:	0020      	movs	r0, r4
10005ff0:	0092      	lsls	r2, r2, #2
10005ff2:	f7fc faed 	bl	100025d0 <__wrap_memset>
10005ff6:	0023      	movs	r3, r4
10005ff8:	0020      	movs	r0, r4
10005ffa:	2680      	movs	r6, #128	@ 0x80
10005ffc:	2740      	movs	r7, #64	@ 0x40
10005ffe:	4d0f      	ldr	r5, [pc, #60]	@ (1000603c <vendord_init+0x58>)
10006000:	334d      	adds	r3, #77	@ 0x4d
10006002:	0076      	lsls	r6, r6, #1
10006004:	33ff      	adds	r3, #255	@ 0xff
10006006:	3029      	adds	r0, #41	@ 0x29
10006008:	9502      	str	r5, [sp, #8]
1000600a:	9300      	str	r3, [sp, #0]
1000600c:	2200      	movs	r2, #0
1000600e:	2300      	movs	r3, #0
10006010:	2100      	movs	r1, #0
10006012:	9703      	str	r7, [sp, #12]
10006014:	9601      	str	r6, [sp, #4]
10006016:	30ff      	adds	r0, #255	@ 0xff
10006018:	f000 f9d4 	bl	100063c4 <tu_edpt_stream_init>
1000601c:	3540      	adds	r5, #64	@ 0x40
1000601e:	1d20      	adds	r0, r4, #4
10006020:	3428      	adds	r4, #40	@ 0x28
10006022:	2300      	movs	r3, #0
10006024:	2201      	movs	r2, #1
10006026:	2100      	movs	r1, #0
10006028:	9703      	str	r7, [sp, #12]
1000602a:	9502      	str	r5, [sp, #8]
1000602c:	9601      	str	r6, [sp, #4]
1000602e:	9400      	str	r4, [sp, #0]
10006030:	f000 f9c8 	bl	100063c4 <tu_edpt_stream_init>
10006034:	b005      	add	sp, #20
10006036:	bdf0      	pop	{r4, r5, r6, r7, pc}
10006038:	20001a3c 	.word	0x20001a3c
1000603c:	200019bc 	.word	0x200019bc

10006040 <vendord_deinit>:
10006040:	b510      	push	{r4, lr}
10006042:	4c05      	ldr	r4, [pc, #20]	@ (10006058 <vendord_deinit+0x18>)
10006044:	0020      	movs	r0, r4
10006046:	f000 f9f3 	bl	10006430 <tu_edpt_stream_deinit>
1000604a:	0020      	movs	r0, r4
1000604c:	3825      	subs	r0, #37	@ 0x25
1000604e:	38ff      	subs	r0, #255	@ 0xff
10006050:	f000 f9ee 	bl	10006430 <tu_edpt_stream_deinit>
10006054:	2001      	movs	r0, #1
10006056:	bd10      	pop	{r4, pc}
10006058:	20001b64 	.word	0x20001b64

1000605c <vendord_reset>:
1000605c:	b570      	push	{r4, r5, r6, lr}
1000605e:	4c08      	ldr	r4, [pc, #32]	@ (10006080 <vendord_reset+0x24>)
10006060:	2500      	movs	r5, #0
10006062:	0020      	movs	r0, r4
10006064:	3031      	adds	r0, #49	@ 0x31
10006066:	30ff      	adds	r0, #255	@ 0xff
10006068:	7025      	strb	r5, [r4, #0]
1000606a:	f000 fcf1 	bl	10006a50 <tu_fifo_clear>
1000606e:	0020      	movs	r0, r4
10006070:	300c      	adds	r0, #12
10006072:	f000 fced 	bl	10006a50 <tu_fifo_clear>
10006076:	232a      	movs	r3, #42	@ 0x2a
10006078:	33ff      	adds	r3, #255	@ 0xff
1000607a:	54e5      	strb	r5, [r4, r3]
1000607c:	7165      	strb	r5, [r4, #5]
1000607e:	bd70      	pop	{r4, r5, r6, pc}
10006080:	20001a3c 	.word	0x20001a3c

10006084 <vendord_open>:
10006084:	b5f8      	push	{r3, r4, r5, r6, r7, lr}
10006086:	4657      	mov	r7, sl
10006088:	4645      	mov	r5, r8
1000608a:	46de      	mov	lr, fp
1000608c:	464e      	mov	r6, r9
1000608e:	b5e0      	push	{r5, r6, r7, lr}
10006090:	794b      	ldrb	r3, [r1, #5]
10006092:	4680      	mov	r8, r0
10006094:	000f      	movs	r7, r1
10006096:	2bff      	cmp	r3, #255	@ 0xff
10006098:	d15b      	bne.n	10006152 <vendord_open+0xce>
1000609a:	4b40      	ldr	r3, [pc, #256]	@ (1000619c <vendord_open+0x118>)
1000609c:	4699      	mov	r9, r3
1000609e:	232a      	movs	r3, #42	@ 0x2a
100060a0:	4649      	mov	r1, r9
100060a2:	33ff      	adds	r3, #255	@ 0xff
100060a4:	5ccb      	ldrb	r3, [r1, r3]
100060a6:	2b00      	cmp	r3, #0
100060a8:	d153      	bne.n	10006152 <vendord_open+0xce>
100060aa:	794e      	ldrb	r6, [r1, #5]
100060ac:	2e00      	cmp	r6, #0
100060ae:	d150      	bne.n	10006152 <vendord_open+0xce>
100060b0:	78bb      	ldrb	r3, [r7, #2]
100060b2:	783c      	ldrb	r4, [r7, #0]
100060b4:	700b      	strb	r3, [r1, #0]
100060b6:	793b      	ldrb	r3, [r7, #4]
100060b8:	193c      	adds	r4, r7, r4
100060ba:	2b00      	cmp	r3, #0
100060bc:	d046      	beq.n	1000614c <vendord_open+0xc8>
100060be:	2398      	movs	r3, #152	@ 0x98
100060c0:	005b      	lsls	r3, r3, #1
100060c2:	444b      	add	r3, r9
100060c4:	469a      	mov	sl, r3
100060c6:	230c      	movs	r3, #12
100060c8:	444b      	add	r3, r9
100060ca:	469b      	mov	fp, r3
100060cc:	18a5      	adds	r5, r4, r2
100060ce:	e003      	b.n	100060d8 <vendord_open+0x54>
100060d0:	42ac      	cmp	r4, r5
100060d2:	d23b      	bcs.n	1000614c <vendord_open+0xc8>
100060d4:	7823      	ldrb	r3, [r4, #0]
100060d6:	18e4      	adds	r4, r4, r3
100060d8:	7863      	ldrb	r3, [r4, #1]
100060da:	2b05      	cmp	r3, #5
100060dc:	d1f8      	bne.n	100060d0 <vendord_open+0x4c>
100060de:	42ac      	cmp	r4, r5
100060e0:	d234      	bcs.n	1000614c <vendord_open+0xc8>
100060e2:	0021      	movs	r1, r4
100060e4:	4640      	mov	r0, r8
100060e6:	f7ff fb5d 	bl	100057a4 <usbd_edpt_open>
100060ea:	2800      	cmp	r0, #0
100060ec:	d031      	beq.n	10006152 <vendord_open+0xce>
100060ee:	78a3      	ldrb	r3, [r4, #2]
100060f0:	3601      	adds	r6, #1
100060f2:	b2f6      	uxtb	r6, r6
100060f4:	09db      	lsrs	r3, r3, #7
100060f6:	2b01      	cmp	r3, #1
100060f8:	d032      	beq.n	10006160 <vendord_open+0xdc>
100060fa:	4650      	mov	r0, sl
100060fc:	f000 fca8 	bl	10006a50 <tu_fifo_clear>
10006100:	232a      	movs	r3, #42	@ 0x2a
10006102:	4649      	mov	r1, r9
10006104:	78a2      	ldrb	r2, [r4, #2]
10006106:	33ff      	adds	r3, #255	@ 0xff
10006108:	54ca      	strb	r2, [r1, r3]
1000610a:	7963      	ldrb	r3, [r4, #5]
1000610c:	7922      	ldrb	r2, [r4, #4]
1000610e:	021b      	lsls	r3, r3, #8
10006110:	4313      	orrs	r3, r2
10006112:	4a23      	ldr	r2, [pc, #140]	@ (100061a0 <vendord_open+0x11c>)
10006114:	055b      	lsls	r3, r3, #21
10006116:	4694      	mov	ip, r2
10006118:	0d5b      	lsrs	r3, r3, #21
1000611a:	2194      	movs	r1, #148	@ 0x94
1000611c:	4463      	add	r3, ip
1000611e:	425a      	negs	r2, r3
10006120:	4153      	adcs	r3, r2
10006122:	464a      	mov	r2, r9
10006124:	2002      	movs	r0, #2
10006126:	0049      	lsls	r1, r1, #1
10006128:	5c52      	ldrb	r2, [r2, r1]
1000612a:	005b      	lsls	r3, r3, #1
1000612c:	4382      	bics	r2, r0
1000612e:	4313      	orrs	r3, r2
10006130:	464a      	mov	r2, r9
10006132:	5453      	strb	r3, [r2, r1]
10006134:	4651      	mov	r1, sl
10006136:	4640      	mov	r0, r8
10006138:	3908      	subs	r1, #8
1000613a:	f000 f9e3 	bl	10006504 <tu_edpt_stream_read_xfer>
1000613e:	2800      	cmp	r0, #0
10006140:	d007      	beq.n	10006152 <vendord_open+0xce>
10006142:	7823      	ldrb	r3, [r4, #0]
10006144:	18e4      	adds	r4, r4, r3
10006146:	793b      	ldrb	r3, [r7, #4]
10006148:	42b3      	cmp	r3, r6
1000614a:	d8c5      	bhi.n	100060d8 <vendord_open+0x54>
1000614c:	1be0      	subs	r0, r4, r7
1000614e:	b280      	uxth	r0, r0
10006150:	e000      	b.n	10006154 <vendord_open+0xd0>
10006152:	2000      	movs	r0, #0
10006154:	bcf0      	pop	{r4, r5, r6, r7}
10006156:	46bb      	mov	fp, r7
10006158:	46b2      	mov	sl, r6
1000615a:	46a9      	mov	r9, r5
1000615c:	46a0      	mov	r8, r4
1000615e:	bdf8      	pop	{r3, r4, r5, r6, r7, pc}
10006160:	4658      	mov	r0, fp
10006162:	f000 fc75 	bl	10006a50 <tu_fifo_clear>
10006166:	465a      	mov	r2, fp
10006168:	78a3      	ldrb	r3, [r4, #2]
1000616a:	3a0c      	subs	r2, #12
1000616c:	7153      	strb	r3, [r2, #5]
1000616e:	7963      	ldrb	r3, [r4, #5]
10006170:	7921      	ldrb	r1, [r4, #4]
10006172:	021b      	lsls	r3, r3, #8
10006174:	430b      	orrs	r3, r1
10006176:	490a      	ldr	r1, [pc, #40]	@ (100061a0 <vendord_open+0x11c>)
10006178:	055b      	lsls	r3, r3, #21
1000617a:	468c      	mov	ip, r1
1000617c:	0d5b      	lsrs	r3, r3, #21
1000617e:	4463      	add	r3, ip
10006180:	4259      	negs	r1, r3
10006182:	414b      	adcs	r3, r1
10006184:	2002      	movs	r0, #2
10006186:	7911      	ldrb	r1, [r2, #4]
10006188:	005b      	lsls	r3, r3, #1
1000618a:	4381      	bics	r1, r0
1000618c:	430b      	orrs	r3, r1
1000618e:	4659      	mov	r1, fp
10006190:	2000      	movs	r0, #0
10006192:	3908      	subs	r1, #8
10006194:	7113      	strb	r3, [r2, #4]
10006196:	f000 f981 	bl	1000649c <tu_edpt_stream_write_xfer>
1000619a:	e7d2      	b.n	10006142 <vendord_open+0xbe>
1000619c:	20001a3c 	.word	0x20001a3c
100061a0:	fffffe00 	.word	0xfffffe00

100061a4 <vendord_xfer_cb>:
100061a4:	b5f8      	push	{r3, r4, r5, r6, r7, lr}
100061a6:	252a      	movs	r5, #42	@ 0x2a
100061a8:	0006      	movs	r6, r0
100061aa:	481f      	ldr	r0, [pc, #124]	@ (10006228 <vendord_xfer_cb+0x84>)
100061ac:	35ff      	adds	r5, #255	@ 0xff
100061ae:	5d45      	ldrb	r5, [r0, r5]
100061b0:	001f      	movs	r7, r3
100061b2:	428d      	cmp	r5, r1
100061b4:	d015      	beq.n	100061e2 <vendord_xfer_cb+0x3e>
100061b6:	7943      	ldrb	r3, [r0, #5]
100061b8:	428b      	cmp	r3, r1
100061ba:	d001      	beq.n	100061c0 <vendord_xfer_cb+0x1c>
100061bc:	2000      	movs	r0, #0
100061be:	bdf8      	pop	{r3, r4, r5, r6, r7, pc}
100061c0:	4b1a      	ldr	r3, [pc, #104]	@ (1000622c <vendord_xfer_cb+0x88>)
100061c2:	2b00      	cmp	r3, #0
100061c4:	d004      	beq.n	100061d0 <vendord_xfer_cb+0x2c>
100061c6:	0439      	lsls	r1, r7, #16
100061c8:	2000      	movs	r0, #0
100061ca:	0c09      	lsrs	r1, r1, #16
100061cc:	e000      	b.n	100061d0 <vendord_xfer_cb+0x2c>
100061ce:	bf00      	nop
100061d0:	4c17      	ldr	r4, [pc, #92]	@ (10006230 <vendord_xfer_cb+0x8c>)
100061d2:	0030      	movs	r0, r6
100061d4:	0021      	movs	r1, r4
100061d6:	f000 f961 	bl	1000649c <tu_edpt_stream_write_xfer>
100061da:	2800      	cmp	r0, #0
100061dc:	d01d      	beq.n	1000621a <vendord_xfer_cb+0x76>
100061de:	2001      	movs	r0, #1
100061e0:	e7ed      	b.n	100061be <vendord_xfer_cb+0x1a>
100061e2:	239a      	movs	r3, #154	@ 0x9a
100061e4:	005b      	lsls	r3, r3, #1
100061e6:	5ac3      	ldrh	r3, [r0, r3]
100061e8:	2b00      	cmp	r3, #0
100061ea:	d10d      	bne.n	10006208 <vendord_xfer_cb+0x64>
100061ec:	4b11      	ldr	r3, [pc, #68]	@ (10006234 <vendord_xfer_cb+0x90>)
100061ee:	2b00      	cmp	r3, #0
100061f0:	d004      	beq.n	100061fc <vendord_xfer_cb+0x58>
100061f2:	2000      	movs	r0, #0
100061f4:	4910      	ldr	r1, [pc, #64]	@ (10006238 <vendord_xfer_cb+0x94>)
100061f6:	b2ba      	uxth	r2, r7
100061f8:	e000      	b.n	100061fc <vendord_xfer_cb+0x58>
100061fa:	bf00      	nop
100061fc:	0030      	movs	r0, r6
100061fe:	490f      	ldr	r1, [pc, #60]	@ (1000623c <vendord_xfer_cb+0x98>)
10006200:	f000 f980 	bl	10006504 <tu_edpt_stream_read_xfer>
10006204:	2001      	movs	r0, #1
10006206:	e7da      	b.n	100061be <vendord_xfer_cb+0x1a>
10006208:	2396      	movs	r3, #150	@ 0x96
1000620a:	005b      	lsls	r3, r3, #1
1000620c:	58c1      	ldr	r1, [r0, r3]
1000620e:	3031      	adds	r0, #49	@ 0x31
10006210:	b2ba      	uxth	r2, r7
10006212:	30ff      	adds	r0, #255	@ 0xff
10006214:	f000 fb60 	bl	100068d8 <tu_fifo_write_n>
10006218:	e7e8      	b.n	100061ec <vendord_xfer_cb+0x48>
1000621a:	003a      	movs	r2, r7
1000621c:	0021      	movs	r1, r4
1000621e:	0030      	movs	r0, r6
10006220:	f000 f908 	bl	10006434 <tu_edpt_stream_write_zlp_if_needed>
10006224:	2001      	movs	r0, #1
10006226:	e7ca      	b.n	100061be <vendord_xfer_cb+0x1a>
10006228:	20001a3c 	.word	0x20001a3c
1000622c:	00000000 	.word	0x00000000
10006230:	20001a40 	.word	0x20001a40
10006234:	00000000 	.word	0x00000000
10006238:	200019bc 	.word	0x200019bc
1000623c:	20001b64 	.word	0x20001b64

10006240 <tusb_rhport_init>:
10006240:	b500      	push	{lr}
10006242:	0003      	movs	r3, r0
10006244:	b083      	sub	sp, #12
10006246:	2900      	cmp	r1, #0
10006248:	d010      	beq.n	1000626c <tusb_rhport_init+0x2c>
1000624a:	2000      	movs	r0, #0
1000624c:	2b01      	cmp	r3, #1
1000624e:	d807      	bhi.n	10006260 <tusb_rhport_init+0x20>
10006250:	780a      	ldrb	r2, [r1, #0]
10006252:	2a00      	cmp	r2, #0
10006254:	d004      	beq.n	10006260 <tusb_rhport_init+0x20>
10006256:	480c      	ldr	r0, [pc, #48]	@ (10006288 <tusb_rhport_init+0x48>)
10006258:	54c2      	strb	r2, [r0, r3]
1000625a:	2001      	movs	r0, #1
1000625c:	2a01      	cmp	r2, #1
1000625e:	d001      	beq.n	10006264 <tusb_rhport_init+0x24>
10006260:	b003      	add	sp, #12
10006262:	bd00      	pop	{pc}
10006264:	0018      	movs	r0, r3
10006266:	f7fe fdd5 	bl	10004e14 <tud_rhport_init>
1000626a:	e7f9      	b.n	10006260 <tusb_rhport_init+0x20>
1000626c:	2301      	movs	r3, #1
1000626e:	466a      	mov	r2, sp
10006270:	2000      	movs	r0, #0
10006272:	a901      	add	r1, sp, #4
10006274:	8093      	strh	r3, [r2, #4]
10006276:	f7fe fdcd 	bl	10004e14 <tud_rhport_init>
1000627a:	2800      	cmp	r0, #0
1000627c:	d0f0      	beq.n	10006260 <tusb_rhport_init+0x20>
1000627e:	2201      	movs	r2, #1
10006280:	4b01      	ldr	r3, [pc, #4]	@ (10006288 <tusb_rhport_init+0x48>)
10006282:	701a      	strb	r2, [r3, #0]
10006284:	e7ec      	b.n	10006260 <tusb_rhport_init+0x20>
10006286:	46c0      	nop			@ (mov r8, r8)
10006288:	2000188c 	.word	0x2000188c

1000628c <tu_edpt_claim>:
1000628c:	7803      	ldrb	r3, [r0, #0]
1000628e:	b570      	push	{r4, r5, r6, lr}
10006290:	07db      	lsls	r3, r3, #31
10006292:	0004      	movs	r4, r0
10006294:	000e      	movs	r6, r1
10006296:	0fdd      	lsrs	r5, r3, #31
10006298:	2b00      	cmp	r3, #0
1000629a:	d117      	bne.n	100062cc <tu_edpt_claim+0x40>
1000629c:	7803      	ldrb	r3, [r0, #0]
1000629e:	075b      	lsls	r3, r3, #29
100062a0:	d501      	bpl.n	100062a6 <tu_edpt_claim+0x1a>
100062a2:	0028      	movs	r0, r5
100062a4:	bd70      	pop	{r4, r5, r6, pc}
100062a6:	2101      	movs	r1, #1
100062a8:	0030      	movs	r0, r6
100062aa:	4249      	negs	r1, r1
100062ac:	f004 fb14 	bl	1000a8d8 <__mutex_enter_timeout_ms_veneer>
100062b0:	7823      	ldrb	r3, [r4, #0]
100062b2:	07db      	lsls	r3, r3, #31
100062b4:	0fdd      	lsrs	r5, r3, #31
100062b6:	2b00      	cmp	r3, #0
100062b8:	d10a      	bne.n	100062d0 <tu_edpt_claim+0x44>
100062ba:	7823      	ldrb	r3, [r4, #0]
100062bc:	075b      	lsls	r3, r3, #29
100062be:	d408      	bmi.n	100062d2 <tu_edpt_claim+0x46>
100062c0:	2204      	movs	r2, #4
100062c2:	7823      	ldrb	r3, [r4, #0]
100062c4:	2501      	movs	r5, #1
100062c6:	4313      	orrs	r3, r2
100062c8:	7023      	strb	r3, [r4, #0]
100062ca:	e002      	b.n	100062d2 <tu_edpt_claim+0x46>
100062cc:	2500      	movs	r5, #0
100062ce:	e7e8      	b.n	100062a2 <tu_edpt_claim+0x16>
100062d0:	2500      	movs	r5, #0
100062d2:	0030      	movs	r0, r6
100062d4:	f004 fad0 	bl	1000a878 <__mutex_exit_veneer>
100062d8:	e7e3      	b.n	100062a2 <tu_edpt_claim+0x16>
100062da:	46c0      	nop			@ (mov r8, r8)

100062dc <tu_edpt_release>:
100062dc:	b570      	push	{r4, r5, r6, lr}
100062de:	000c      	movs	r4, r1
100062e0:	2101      	movs	r1, #1
100062e2:	0006      	movs	r6, r0
100062e4:	4249      	negs	r1, r1
100062e6:	0020      	movs	r0, r4
100062e8:	f004 faf6 	bl	1000a8d8 <__mutex_enter_timeout_ms_veneer>
100062ec:	7833      	ldrb	r3, [r6, #0]
100062ee:	075b      	lsls	r3, r3, #29
100062f0:	0fdd      	lsrs	r5, r3, #31
100062f2:	2b00      	cmp	r3, #0
100062f4:	db04      	blt.n	10006300 <tu_edpt_release+0x24>
100062f6:	0020      	movs	r0, r4
100062f8:	f004 fabe 	bl	1000a878 <__mutex_exit_veneer>
100062fc:	0028      	movs	r0, r5
100062fe:	bd70      	pop	{r4, r5, r6, pc}
10006300:	7833      	ldrb	r3, [r6, #0]
10006302:	07db      	lsls	r3, r3, #31
10006304:	d404      	bmi.n	10006310 <tu_edpt_release+0x34>
10006306:	2204      	movs	r2, #4
10006308:	7833      	ldrb	r3, [r6, #0]
1000630a:	4393      	bics	r3, r2
1000630c:	7033      	strb	r3, [r6, #0]
1000630e:	e7f2      	b.n	100062f6 <tu_edpt_release+0x1a>
10006310:	2500      	movs	r5, #0
10006312:	e7f0      	b.n	100062f6 <tu_edpt_release+0x1a>

10006314 <tu_edpt_validate>:
10006314:	7943      	ldrb	r3, [r0, #5]
10006316:	7902      	ldrb	r2, [r0, #4]
10006318:	021b      	lsls	r3, r3, #8
1000631a:	4313      	orrs	r3, r2
1000631c:	78c2      	ldrb	r2, [r0, #3]
1000631e:	055b      	lsls	r3, r3, #21
10006320:	0792      	lsls	r2, r2, #30
10006322:	0d5b      	lsrs	r3, r3, #21
10006324:	0f92      	lsrs	r2, r2, #30
10006326:	2a02      	cmp	r2, #2
10006328:	d01d      	beq.n	10006366 <tu_edpt_validate+0x52>
1000632a:	2a03      	cmp	r2, #3
1000632c:	d00c      	beq.n	10006348 <tu_edpt_validate+0x34>
1000632e:	2000      	movs	r0, #0
10006330:	2a01      	cmp	r2, #1
10006332:	d108      	bne.n	10006346 <tu_edpt_validate+0x32>
10006334:	3902      	subs	r1, #2
10006336:	424a      	negs	r2, r1
10006338:	4151      	adcs	r1, r2
1000633a:	4a12      	ldr	r2, [pc, #72]	@ (10006384 <tu_edpt_validate+0x70>)
1000633c:	4694      	mov	ip, r2
1000633e:	4461      	add	r1, ip
10006340:	4299      	cmp	r1, r3
10006342:	4140      	adcs	r0, r0
10006344:	b2c0      	uxtb	r0, r0
10006346:	4770      	bx	lr
10006348:	3902      	subs	r1, #2
1000634a:	1e4a      	subs	r2, r1, #1
1000634c:	4191      	sbcs	r1, r2
1000634e:	4a0e      	ldr	r2, [pc, #56]	@ (10006388 <tu_edpt_validate+0x74>)
10006350:	4249      	negs	r1, r1
10006352:	4011      	ands	r1, r2
10006354:	2280      	movs	r2, #128	@ 0x80
10006356:	00d2      	lsls	r2, r2, #3
10006358:	4694      	mov	ip, r2
1000635a:	2000      	movs	r0, #0
1000635c:	4461      	add	r1, ip
1000635e:	4299      	cmp	r1, r3
10006360:	4140      	adcs	r0, r0
10006362:	b2c0      	uxtb	r0, r0
10006364:	e7ef      	b.n	10006346 <tu_edpt_validate+0x32>
10006366:	2902      	cmp	r1, #2
10006368:	d005      	beq.n	10006376 <tu_edpt_validate+0x62>
1000636a:	2000      	movs	r0, #0
1000636c:	2240      	movs	r2, #64	@ 0x40
1000636e:	429a      	cmp	r2, r3
10006370:	4140      	adcs	r0, r0
10006372:	b2c0      	uxtb	r0, r0
10006374:	e7e7      	b.n	10006346 <tu_edpt_validate+0x32>
10006376:	4a05      	ldr	r2, [pc, #20]	@ (1000638c <tu_edpt_validate+0x78>)
10006378:	1898      	adds	r0, r3, r2
1000637a:	4243      	negs	r3, r0
1000637c:	4158      	adcs	r0, r3
1000637e:	b2c0      	uxtb	r0, r0
10006380:	e7e1      	b.n	10006346 <tu_edpt_validate+0x32>
10006382:	46c0      	nop			@ (mov r8, r8)
10006384:	000003ff 	.word	0x000003ff
10006388:	fffffc40 	.word	0xfffffc40
1000638c:	fffffe00 	.word	0xfffffe00

10006390 <tu_edpt_bind_driver>:
10006390:	188a      	adds	r2, r1, r2
10006392:	b570      	push	{r4, r5, r6, lr}
10006394:	4291      	cmp	r1, r2
10006396:	d207      	bcs.n	100063a8 <tu_edpt_bind_driver+0x18>
10006398:	267f      	movs	r6, #127	@ 0x7f
1000639a:	784c      	ldrb	r4, [r1, #1]
1000639c:	2c05      	cmp	r4, #5
1000639e:	d004      	beq.n	100063aa <tu_edpt_bind_driver+0x1a>
100063a0:	780c      	ldrb	r4, [r1, #0]
100063a2:	1909      	adds	r1, r1, r4
100063a4:	428a      	cmp	r2, r1
100063a6:	d8f8      	bhi.n	1000639a <tu_edpt_bind_driver+0xa>
100063a8:	bd70      	pop	{r4, r5, r6, pc}
100063aa:	0034      	movs	r4, r6
100063ac:	788d      	ldrb	r5, [r1, #2]
100063ae:	402c      	ands	r4, r5
100063b0:	0064      	lsls	r4, r4, #1
100063b2:	1904      	adds	r4, r0, r4
100063b4:	09ed      	lsrs	r5, r5, #7
100063b6:	5563      	strb	r3, [r4, r5]
100063b8:	780c      	ldrb	r4, [r1, #0]
100063ba:	1909      	adds	r1, r1, r4
100063bc:	428a      	cmp	r2, r1
100063be:	d8ec      	bhi.n	1000639a <tu_edpt_bind_driver+0xa>
100063c0:	e7f2      	b.n	100063a8 <tu_edpt_bind_driver+0x18>
100063c2:	46c0      	nop			@ (mov r8, r8)

100063c4 <tu_edpt_stream_init>:
100063c4:	b5f0      	push	{r4, r5, r6, r7, lr}
100063c6:	46c6      	mov	lr, r8
100063c8:	b500      	push	{lr}
100063ca:	b082      	sub	sp, #8
100063cc:	0015      	movs	r5, r2
100063ce:	aa08      	add	r2, sp, #32
100063d0:	ca40      	ldmia	r2!, {r6}
100063d2:	0004      	movs	r4, r0
100063d4:	8817      	ldrh	r7, [r2, #0]
100063d6:	466a      	mov	r2, sp
100063d8:	8d92      	ldrh	r2, [r2, #44]	@ 0x2c
100063da:	2001      	movs	r0, #1
100063dc:	4690      	mov	r8, r2
100063de:	000a      	movs	r2, r1
100063e0:	7821      	ldrb	r1, [r4, #0]
100063e2:	4002      	ands	r2, r0
100063e4:	4381      	bics	r1, r0
100063e6:	0020      	movs	r0, r4
100063e8:	4311      	orrs	r1, r2
100063ea:	7021      	strb	r1, [r4, #0]
100063ec:	003a      	movs	r2, r7
100063ee:	9300      	str	r3, [sp, #0]
100063f0:	0031      	movs	r1, r6
100063f2:	2301      	movs	r3, #1
100063f4:	3008      	adds	r0, #8
100063f6:	f000 f8f1 	bl	100065dc <tu_fifo_config>
100063fa:	2e00      	cmp	r6, #0
100063fc:	d001      	beq.n	10006402 <tu_edpt_stream_init+0x3e>
100063fe:	2f00      	cmp	r7, #0
10006400:	d108      	bne.n	10006414 <tu_edpt_stream_init+0x50>
10006402:	9b0a      	ldr	r3, [sp, #40]	@ 0x28
10006404:	2001      	movs	r0, #1
10006406:	6063      	str	r3, [r4, #4]
10006408:	4643      	mov	r3, r8
1000640a:	8063      	strh	r3, [r4, #2]
1000640c:	b002      	add	sp, #8
1000640e:	bc80      	pop	{r7}
10006410:	46b8      	mov	r8, r7
10006412:	bdf0      	pop	{r4, r5, r6, r7, pc}
10006414:	0026      	movs	r6, r4
10006416:	361c      	adds	r6, #28
10006418:	0030      	movs	r0, r6
1000641a:	f7fa fce9 	bl	10000df0 <mutex_init>
1000641e:	2300      	movs	r3, #0
10006420:	2d00      	cmp	r5, #0
10006422:	d001      	beq.n	10006428 <tu_edpt_stream_init+0x64>
10006424:	0033      	movs	r3, r6
10006426:	2600      	movs	r6, #0
10006428:	6163      	str	r3, [r4, #20]
1000642a:	61a6      	str	r6, [r4, #24]
1000642c:	e7e9      	b.n	10006402 <tu_edpt_stream_init+0x3e>
1000642e:	46c0      	nop			@ (mov r8, r8)

10006430 <tu_edpt_stream_deinit>:
10006430:	2001      	movs	r0, #1
10006432:	4770      	bx	lr

10006434 <tu_edpt_stream_write_zlp_if_needed>:
10006434:	b5f8      	push	{r3, r4, r5, r6, r7, lr}
10006436:	2402      	movs	r4, #2
10006438:	780b      	ldrb	r3, [r1, #0]
1000643a:	0007      	movs	r7, r0
1000643c:	401c      	ands	r4, r3
1000643e:	4263      	negs	r3, r4
10006440:	415c      	adcs	r4, r3
10006442:	4b14      	ldr	r3, [pc, #80]	@ (10006494 <tu_edpt_stream_write_zlp_if_needed+0x60>)
10006444:	4264      	negs	r4, r4
10006446:	401c      	ands	r4, r3
10006448:	4b13      	ldr	r3, [pc, #76]	@ (10006498 <tu_edpt_stream_write_zlp_if_needed+0x64>)
1000644a:	0008      	movs	r0, r1
1000644c:	469c      	mov	ip, r3
1000644e:	3008      	adds	r0, #8
10006450:	000d      	movs	r5, r1
10006452:	0016      	movs	r6, r2
10006454:	4464      	add	r4, ip
10006456:	f000 f8f7 	bl	10006648 <tu_fifo_count>
1000645a:	2800      	cmp	r0, #0
1000645c:	d107      	bne.n	1000646e <tu_edpt_stream_write_zlp_if_needed+0x3a>
1000645e:	2e00      	cmp	r6, #0
10006460:	d005      	beq.n	1000646e <tu_edpt_stream_write_zlp_if_needed+0x3a>
10006462:	4234      	tst	r4, r6
10006464:	d103      	bne.n	1000646e <tu_edpt_stream_write_zlp_if_needed+0x3a>
10006466:	2401      	movs	r4, #1
10006468:	782b      	ldrb	r3, [r5, #0]
1000646a:	421c      	tst	r4, r3
1000646c:	d001      	beq.n	10006472 <tu_edpt_stream_write_zlp_if_needed+0x3e>
1000646e:	2000      	movs	r0, #0
10006470:	bdf8      	pop	{r3, r4, r5, r6, r7, pc}
10006472:	0038      	movs	r0, r7
10006474:	7869      	ldrb	r1, [r5, #1]
10006476:	f7ff f9af 	bl	100057d8 <usbd_edpt_claim>
1000647a:	2800      	cmp	r0, #0
1000647c:	d0f7      	beq.n	1000646e <tu_edpt_stream_write_zlp_if_needed+0x3a>
1000647e:	782b      	ldrb	r3, [r5, #0]
10006480:	421c      	tst	r4, r3
10006482:	d1f4      	bne.n	1000646e <tu_edpt_stream_write_zlp_if_needed+0x3a>
10006484:	2300      	movs	r3, #0
10006486:	2200      	movs	r2, #0
10006488:	0038      	movs	r0, r7
1000648a:	7869      	ldrb	r1, [r5, #1]
1000648c:	f7ff f9cc 	bl	10005828 <usbd_edpt_xfer>
10006490:	e7ee      	b.n	10006470 <tu_edpt_stream_write_zlp_if_needed+0x3c>
10006492:	46c0      	nop			@ (mov r8, r8)
10006494:	fffffe40 	.word	0xfffffe40
10006498:	000001ff 	.word	0x000001ff

1000649c <tu_edpt_stream_write_xfer>:
1000649c:	b5f8      	push	{r3, r4, r5, r6, r7, lr}
1000649e:	000d      	movs	r5, r1
100064a0:	3508      	adds	r5, #8
100064a2:	0006      	movs	r6, r0
100064a4:	0028      	movs	r0, r5
100064a6:	000c      	movs	r4, r1
100064a8:	f000 f8ce 	bl	10006648 <tu_fifo_count>
100064ac:	2800      	cmp	r0, #0
100064ae:	d003      	beq.n	100064b8 <tu_edpt_stream_write_xfer+0x1c>
100064b0:	2701      	movs	r7, #1
100064b2:	7823      	ldrb	r3, [r4, #0]
100064b4:	421f      	tst	r7, r3
100064b6:	d001      	beq.n	100064bc <tu_edpt_stream_write_xfer+0x20>
100064b8:	2000      	movs	r0, #0
100064ba:	bdf8      	pop	{r3, r4, r5, r6, r7, pc}
100064bc:	0030      	movs	r0, r6
100064be:	7861      	ldrb	r1, [r4, #1]
100064c0:	f7ff f98a 	bl	100057d8 <usbd_edpt_claim>
100064c4:	2800      	cmp	r0, #0
100064c6:	d0f7      	beq.n	100064b8 <tu_edpt_stream_write_xfer+0x1c>
100064c8:	0028      	movs	r0, r5
100064ca:	8862      	ldrh	r2, [r4, #2]
100064cc:	6861      	ldr	r1, [r4, #4]
100064ce:	f000 f93d 	bl	1000674c <tu_fifo_read_n>
100064d2:	7823      	ldrb	r3, [r4, #0]
100064d4:	0005      	movs	r5, r0
100064d6:	401f      	ands	r7, r3
100064d8:	2800      	cmp	r0, #0
100064da:	d00b      	beq.n	100064f4 <tu_edpt_stream_write_xfer+0x58>
100064dc:	2f00      	cmp	r7, #0
100064de:	d1eb      	bne.n	100064b8 <tu_edpt_stream_write_xfer+0x1c>
100064e0:	0003      	movs	r3, r0
100064e2:	6862      	ldr	r2, [r4, #4]
100064e4:	0030      	movs	r0, r6
100064e6:	7861      	ldrb	r1, [r4, #1]
100064e8:	f7ff f99e 	bl	10005828 <usbd_edpt_xfer>
100064ec:	2800      	cmp	r0, #0
100064ee:	d0e3      	beq.n	100064b8 <tu_edpt_stream_write_xfer+0x1c>
100064f0:	0028      	movs	r0, r5
100064f2:	e7e2      	b.n	100064ba <tu_edpt_stream_write_xfer+0x1e>
100064f4:	2f00      	cmp	r7, #0
100064f6:	d1df      	bne.n	100064b8 <tu_edpt_stream_write_xfer+0x1c>
100064f8:	0030      	movs	r0, r6
100064fa:	7861      	ldrb	r1, [r4, #1]
100064fc:	f7ff f980 	bl	10005800 <usbd_edpt_release>
10006500:	e7da      	b.n	100064b8 <tu_edpt_stream_write_xfer+0x1c>
10006502:	46c0      	nop			@ (mov r8, r8)

10006504 <tu_edpt_stream_read_xfer>:
10006504:	b5f8      	push	{r3, r4, r5, r6, r7, lr}
10006506:	46ce      	mov	lr, r9
10006508:	4647      	mov	r7, r8
1000650a:	b580      	push	{r7, lr}
1000650c:	898a      	ldrh	r2, [r1, #12]
1000650e:	0006      	movs	r6, r0
10006510:	000c      	movs	r4, r1
10006512:	780b      	ldrb	r3, [r1, #0]
10006514:	2a00      	cmp	r2, #0
10006516:	d107      	bne.n	10006528 <tu_edpt_stream_read_xfer+0x24>
10006518:	2501      	movs	r5, #1
1000651a:	421d      	tst	r5, r3
1000651c:	d040      	beq.n	100065a0 <tu_edpt_stream_read_xfer+0x9c>
1000651e:	2000      	movs	r0, #0
10006520:	bcc0      	pop	{r6, r7}
10006522:	46b9      	mov	r9, r7
10006524:	46b0      	mov	r8, r6
10006526:	bdf8      	pop	{r3, r4, r5, r6, r7, pc}
10006528:	079b      	lsls	r3, r3, #30
1000652a:	d433      	bmi.n	10006594 <tu_edpt_stream_read_xfer+0x90>
1000652c:	4b2a      	ldr	r3, [pc, #168]	@ (100065d8 <tu_edpt_stream_read_xfer+0xd4>)
1000652e:	2540      	movs	r5, #64	@ 0x40
10006530:	4699      	mov	r9, r3
10006532:	0027      	movs	r7, r4
10006534:	3708      	adds	r7, #8
10006536:	0038      	movs	r0, r7
10006538:	f000 f8a4 	bl	10006684 <tu_fifo_remaining>
1000653c:	4285      	cmp	r5, r0
1000653e:	d8ee      	bhi.n	1000651e <tu_edpt_stream_read_xfer+0x1a>
10006540:	2201      	movs	r2, #1
10006542:	7823      	ldrb	r3, [r4, #0]
10006544:	4690      	mov	r8, r2
10006546:	421a      	tst	r2, r3
10006548:	d1e9      	bne.n	1000651e <tu_edpt_stream_read_xfer+0x1a>
1000654a:	0030      	movs	r0, r6
1000654c:	7861      	ldrb	r1, [r4, #1]
1000654e:	f7ff f943 	bl	100057d8 <usbd_edpt_claim>
10006552:	2800      	cmp	r0, #0
10006554:	d0e3      	beq.n	1000651e <tu_edpt_stream_read_xfer+0x1a>
10006556:	0038      	movs	r0, r7
10006558:	f000 f894 	bl	10006684 <tu_fifo_remaining>
1000655c:	4642      	mov	r2, r8
1000655e:	7823      	ldrb	r3, [r4, #0]
10006560:	401a      	ands	r2, r3
10006562:	4285      	cmp	r5, r0
10006564:	d831      	bhi.n	100065ca <tu_edpt_stream_read_xfer+0xc6>
10006566:	2a00      	cmp	r2, #0
10006568:	d1d9      	bne.n	1000651e <tu_edpt_stream_read_xfer+0x1a>
1000656a:	464a      	mov	r2, r9
1000656c:	8863      	ldrh	r3, [r4, #2]
1000656e:	4002      	ands	r2, r0
10006570:	1c1d      	adds	r5, r3, #0
10006572:	4293      	cmp	r3, r2
10006574:	d900      	bls.n	10006578 <tu_edpt_stream_read_xfer+0x74>
10006576:	1c15      	adds	r5, r2, #0
10006578:	b2ad      	uxth	r5, r5
1000657a:	2200      	movs	r2, #0
1000657c:	7861      	ldrb	r1, [r4, #1]
1000657e:	2d00      	cmp	r5, #0
10006580:	d000      	beq.n	10006584 <tu_edpt_stream_read_xfer+0x80>
10006582:	6862      	ldr	r2, [r4, #4]
10006584:	002b      	movs	r3, r5
10006586:	0030      	movs	r0, r6
10006588:	f7ff f94e 	bl	10005828 <usbd_edpt_xfer>
1000658c:	2800      	cmp	r0, #0
1000658e:	d0c6      	beq.n	1000651e <tu_edpt_stream_read_xfer+0x1a>
10006590:	0028      	movs	r0, r5
10006592:	e7c5      	b.n	10006520 <tu_edpt_stream_read_xfer+0x1c>
10006594:	23fe      	movs	r3, #254	@ 0xfe
10006596:	2580      	movs	r5, #128	@ 0x80
10006598:	021b      	lsls	r3, r3, #8
1000659a:	4699      	mov	r9, r3
1000659c:	00ad      	lsls	r5, r5, #2
1000659e:	e7c8      	b.n	10006532 <tu_edpt_stream_read_xfer+0x2e>
100065a0:	7849      	ldrb	r1, [r1, #1]
100065a2:	f7ff f919 	bl	100057d8 <usbd_edpt_claim>
100065a6:	2800      	cmp	r0, #0
100065a8:	d0b9      	beq.n	1000651e <tu_edpt_stream_read_xfer+0x1a>
100065aa:	7823      	ldrb	r3, [r4, #0]
100065ac:	421d      	tst	r5, r3
100065ae:	d1b6      	bne.n	1000651e <tu_edpt_stream_read_xfer+0x1a>
100065b0:	8863      	ldrh	r3, [r4, #2]
100065b2:	2200      	movs	r2, #0
100065b4:	7861      	ldrb	r1, [r4, #1]
100065b6:	2b00      	cmp	r3, #0
100065b8:	d000      	beq.n	100065bc <tu_edpt_stream_read_xfer+0xb8>
100065ba:	6862      	ldr	r2, [r4, #4]
100065bc:	0030      	movs	r0, r6
100065be:	f7ff f933 	bl	10005828 <usbd_edpt_xfer>
100065c2:	2800      	cmp	r0, #0
100065c4:	d0ab      	beq.n	1000651e <tu_edpt_stream_read_xfer+0x1a>
100065c6:	8860      	ldrh	r0, [r4, #2]
100065c8:	e7aa      	b.n	10006520 <tu_edpt_stream_read_xfer+0x1c>
100065ca:	2a00      	cmp	r2, #0
100065cc:	d1a7      	bne.n	1000651e <tu_edpt_stream_read_xfer+0x1a>
100065ce:	0030      	movs	r0, r6
100065d0:	7861      	ldrb	r1, [r4, #1]
100065d2:	f7ff f915 	bl	10005800 <usbd_edpt_release>
100065d6:	e7a2      	b.n	1000651e <tu_edpt_stream_read_xfer+0x1a>
100065d8:	0000ffc0 	.word	0x0000ffc0

100065dc <tu_fifo_config>:
100065dc:	b5f0      	push	{r4, r5, r6, r7, lr}
100065de:	46c6      	mov	lr, r8
100065e0:	b500      	push	{lr}
100065e2:	0004      	movs	r4, r0
100065e4:	4668      	mov	r0, sp
100065e6:	7e05      	ldrb	r5, [r0, #24]
100065e8:	2080      	movs	r0, #128	@ 0x80
100065ea:	4688      	mov	r8, r1
100065ec:	0017      	movs	r7, r2
100065ee:	001e      	movs	r6, r3
100065f0:	0200      	lsls	r0, r0, #8
100065f2:	4282      	cmp	r2, r0
100065f4:	d826      	bhi.n	10006644 <tu_fifo_config+0x68>
100065f6:	68e0      	ldr	r0, [r4, #12]
100065f8:	2800      	cmp	r0, #0
100065fa:	d003      	beq.n	10006604 <tu_fifo_config+0x28>
100065fc:	2101      	movs	r1, #1
100065fe:	4249      	negs	r1, r1
10006600:	f004 f96a 	bl	1000a8d8 <__mutex_enter_timeout_ms_veneer>
10006604:	6920      	ldr	r0, [r4, #16]
10006606:	2800      	cmp	r0, #0
10006608:	d003      	beq.n	10006612 <tu_fifo_config+0x36>
1000660a:	2101      	movs	r1, #1
1000660c:	4249      	negs	r1, r1
1000660e:	f004 f963 	bl	1000a8d8 <__mutex_enter_timeout_ms_veneer>
10006612:	4643      	mov	r3, r8
10006614:	6023      	str	r3, [r4, #0]
10006616:	0473      	lsls	r3, r6, #17
10006618:	0c5b      	lsrs	r3, r3, #17
1000661a:	03ed      	lsls	r5, r5, #15
1000661c:	431d      	orrs	r5, r3
1000661e:	2300      	movs	r3, #0
10006620:	68e0      	ldr	r0, [r4, #12]
10006622:	8163      	strh	r3, [r4, #10]
10006624:	80a7      	strh	r7, [r4, #4]
10006626:	80e5      	strh	r5, [r4, #6]
10006628:	8123      	strh	r3, [r4, #8]
1000662a:	2800      	cmp	r0, #0
1000662c:	d001      	beq.n	10006632 <tu_fifo_config+0x56>
1000662e:	f004 f923 	bl	1000a878 <__mutex_exit_veneer>
10006632:	6920      	ldr	r0, [r4, #16]
10006634:	2800      	cmp	r0, #0
10006636:	d001      	beq.n	1000663c <tu_fifo_config+0x60>
10006638:	f004 f91e 	bl	1000a878 <__mutex_exit_veneer>
1000663c:	2001      	movs	r0, #1
1000663e:	bc80      	pop	{r7}
10006640:	46b8      	mov	r8, r7
10006642:	bdf0      	pop	{r4, r5, r6, r7, pc}
10006644:	2000      	movs	r0, #0
10006646:	e7fa      	b.n	1000663e <tu_fifo_config+0x62>

10006648 <tu_fifo_count>:
10006648:	b510      	push	{r4, lr}
1000664a:	8904      	ldrh	r4, [r0, #8]
1000664c:	8941      	ldrh	r1, [r0, #10]
1000664e:	8882      	ldrh	r2, [r0, #4]
10006650:	b2a3      	uxth	r3, r4
10006652:	b288      	uxth	r0, r1
10006654:	428c      	cmp	r4, r1
10006656:	d307      	bcc.n	10006668 <tu_fifo_count+0x20>
10006658:	1a1b      	subs	r3, r3, r0
1000665a:	b29b      	uxth	r3, r3
1000665c:	1c10      	adds	r0, r2, #0
1000665e:	429a      	cmp	r2, r3
10006660:	d900      	bls.n	10006664 <tu_fifo_count+0x1c>
10006662:	1c18      	adds	r0, r3, #0
10006664:	b280      	uxth	r0, r0
10006666:	bd10      	pop	{r4, pc}
10006668:	0051      	lsls	r1, r2, #1
1000666a:	1a09      	subs	r1, r1, r0
1000666c:	185b      	adds	r3, r3, r1
1000666e:	b29b      	uxth	r3, r3
10006670:	e7f4      	b.n	1000665c <tu_fifo_count+0x14>
10006672:	46c0      	nop			@ (mov r8, r8)

10006674 <tu_fifo_empty>:
10006674:	8903      	ldrh	r3, [r0, #8]
10006676:	8940      	ldrh	r0, [r0, #10]
10006678:	1a18      	subs	r0, r3, r0
1000667a:	4243      	negs	r3, r0
1000667c:	4158      	adcs	r0, r3
1000667e:	b2c0      	uxtb	r0, r0
10006680:	4770      	bx	lr
10006682:	46c0      	nop			@ (mov r8, r8)

10006684 <tu_fifo_remaining>:
10006684:	b510      	push	{r4, lr}
10006686:	8904      	ldrh	r4, [r0, #8]
10006688:	8941      	ldrh	r1, [r0, #10]
1000668a:	8882      	ldrh	r2, [r0, #4]
1000668c:	b2a3      	uxth	r3, r4
1000668e:	b288      	uxth	r0, r1
10006690:	428c      	cmp	r4, r1
10006692:	d307      	bcc.n	100066a4 <tu_fifo_remaining+0x20>
10006694:	1a1b      	subs	r3, r3, r0
10006696:	b29b      	uxth	r3, r3
10006698:	2000      	movs	r0, #0
1000669a:	429a      	cmp	r2, r3
1000669c:	d901      	bls.n	100066a2 <tu_fifo_remaining+0x1e>
1000669e:	1ad2      	subs	r2, r2, r3
100066a0:	b290      	uxth	r0, r2
100066a2:	bd10      	pop	{r4, pc}
100066a4:	0051      	lsls	r1, r2, #1
100066a6:	1a09      	subs	r1, r1, r0
100066a8:	185b      	adds	r3, r3, r1
100066aa:	b29b      	uxth	r3, r3
100066ac:	e7f4      	b.n	10006698 <tu_fifo_remaining+0x14>
100066ae:	46c0      	nop			@ (mov r8, r8)

100066b0 <tu_fifo_read>:
100066b0:	b570      	push	{r4, r5, r6, lr}
100066b2:	0004      	movs	r4, r0
100066b4:	6900      	ldr	r0, [r0, #16]
100066b6:	000e      	movs	r6, r1
100066b8:	2800      	cmp	r0, #0
100066ba:	d003      	beq.n	100066c4 <tu_fifo_read+0x14>
100066bc:	2101      	movs	r1, #1
100066be:	4249      	negs	r1, r1
100066c0:	f004 f90a 	bl	1000a8d8 <__mutex_enter_timeout_ms_veneer>
100066c4:	8925      	ldrh	r5, [r4, #8]
100066c6:	8960      	ldrh	r0, [r4, #10]
100066c8:	88a2      	ldrh	r2, [r4, #4]
100066ca:	b2a9      	uxth	r1, r5
100066cc:	b283      	uxth	r3, r0
100066ce:	4285      	cmp	r5, r0
100066d0:	d332      	bcc.n	10006738 <tu_fifo_read+0x88>
100066d2:	1acd      	subs	r5, r1, r3
100066d4:	b2ad      	uxth	r5, r5
100066d6:	2d00      	cmp	r5, #0
100066d8:	d028      	beq.n	1000672c <tu_fifo_read+0x7c>
100066da:	42aa      	cmp	r2, r5
100066dc:	d208      	bcs.n	100066f0 <tu_fifo_read+0x40>
100066de:	4291      	cmp	r1, r2
100066e0:	d32f      	bcc.n	10006742 <tu_fifo_read+0x92>
100066e2:	1a89      	subs	r1, r1, r2
100066e4:	b28b      	uxth	r3, r1
100066e6:	8163      	strh	r3, [r4, #10]
100066e8:	429a      	cmp	r2, r3
100066ea:	d803      	bhi.n	100066f4 <tu_fifo_read+0x44>
100066ec:	1a9b      	subs	r3, r3, r2
100066ee:	b29b      	uxth	r3, r3
100066f0:	429a      	cmp	r2, r3
100066f2:	d9fb      	bls.n	100066ec <tu_fifo_read+0x3c>
100066f4:	88e2      	ldrh	r2, [r4, #6]
100066f6:	6821      	ldr	r1, [r4, #0]
100066f8:	0452      	lsls	r2, r2, #17
100066fa:	0c52      	lsrs	r2, r2, #17
100066fc:	4353      	muls	r3, r2
100066fe:	0030      	movs	r0, r6
10006700:	18c9      	adds	r1, r1, r3
10006702:	f7fb ff6b 	bl	100025dc <__wrap___aeabi_memcpy>
10006706:	8963      	ldrh	r3, [r4, #10]
10006708:	2501      	movs	r5, #1
1000670a:	1c59      	adds	r1, r3, #1
1000670c:	b289      	uxth	r1, r1
1000670e:	88a2      	ldrh	r2, [r4, #4]
10006710:	428b      	cmp	r3, r1
10006712:	d90d      	bls.n	10006730 <tu_fifo_read+0x80>
10006714:	2100      	movs	r1, #0
10006716:	0052      	lsls	r2, r2, #1
10006718:	1a89      	subs	r1, r1, r2
1000671a:	b289      	uxth	r1, r1
1000671c:	6920      	ldr	r0, [r4, #16]
1000671e:	8161      	strh	r1, [r4, #10]
10006720:	2800      	cmp	r0, #0
10006722:	d001      	beq.n	10006728 <tu_fifo_read+0x78>
10006724:	f004 f8a8 	bl	1000a878 <__mutex_exit_veneer>
10006728:	0028      	movs	r0, r5
1000672a:	bd70      	pop	{r4, r5, r6, pc}
1000672c:	8961      	ldrh	r1, [r4, #10]
1000672e:	b289      	uxth	r1, r1
10006730:	0052      	lsls	r2, r2, #1
10006732:	4291      	cmp	r1, r2
10006734:	dbf2      	blt.n	1000671c <tu_fifo_read+0x6c>
10006736:	e7ef      	b.n	10006718 <tu_fifo_read+0x68>
10006738:	0055      	lsls	r5, r2, #1
1000673a:	1aed      	subs	r5, r5, r3
1000673c:	194d      	adds	r5, r1, r5
1000673e:	b2ad      	uxth	r5, r5
10006740:	e7c9      	b.n	100066d6 <tu_fifo_read+0x26>
10006742:	1889      	adds	r1, r1, r2
10006744:	b28b      	uxth	r3, r1
10006746:	8163      	strh	r3, [r4, #10]
10006748:	e7ce      	b.n	100066e8 <tu_fifo_read+0x38>
1000674a:	46c0      	nop			@ (mov r8, r8)

1000674c <tu_fifo_read_n>:
1000674c:	b5f0      	push	{r4, r5, r6, r7, lr}
1000674e:	4646      	mov	r6, r8
10006750:	464f      	mov	r7, r9
10006752:	46d6      	mov	lr, sl
10006754:	b5c0      	push	{r6, r7, lr}
10006756:	0006      	movs	r6, r0
10006758:	6900      	ldr	r0, [r0, #16]
1000675a:	4689      	mov	r9, r1
1000675c:	4690      	mov	r8, r2
1000675e:	2800      	cmp	r0, #0
10006760:	d003      	beq.n	1000676a <tu_fifo_read_n+0x1e>
10006762:	2101      	movs	r1, #1
10006764:	4249      	negs	r1, r1
10006766:	f004 f8b7 	bl	1000a8d8 <__mutex_enter_timeout_ms_veneer>
1000676a:	8931      	ldrh	r1, [r6, #8]
1000676c:	8972      	ldrh	r2, [r6, #10]
1000676e:	88b5      	ldrh	r5, [r6, #4]
10006770:	b28b      	uxth	r3, r1
10006772:	b294      	uxth	r4, r2
10006774:	4291      	cmp	r1, r2
10006776:	d354      	bcc.n	10006822 <tu_fifo_read_n+0xd6>
10006778:	1b1f      	subs	r7, r3, r4
1000677a:	b2bf      	uxth	r7, r7
1000677c:	2f00      	cmp	r7, #0
1000677e:	d04a      	beq.n	10006816 <tu_fifo_read_n+0xca>
10006780:	42bd      	cmp	r5, r7
10006782:	d205      	bcs.n	10006790 <tu_fifo_read_n+0x44>
10006784:	42ab      	cmp	r3, r5
10006786:	d251      	bcs.n	1000682c <tu_fifo_read_n+0xe0>
10006788:	195b      	adds	r3, r3, r5
1000678a:	b29c      	uxth	r4, r3
1000678c:	002f      	movs	r7, r5
1000678e:	8174      	strh	r4, [r6, #10]
10006790:	4643      	mov	r3, r8
10006792:	45b8      	cmp	r8, r7
10006794:	d83d      	bhi.n	10006812 <tu_fifo_read_n+0xc6>
10006796:	b29f      	uxth	r7, r3
10006798:	42a5      	cmp	r5, r4
1000679a:	d803      	bhi.n	100067a4 <tu_fifo_read_n+0x58>
1000679c:	1b64      	subs	r4, r4, r5
1000679e:	b2a4      	uxth	r4, r4
100067a0:	42a5      	cmp	r5, r4
100067a2:	d9fb      	bls.n	1000679c <tu_fifo_read_n+0x50>
100067a4:	88f2      	ldrh	r2, [r6, #6]
100067a6:	6831      	ldr	r1, [r6, #0]
100067a8:	0452      	lsls	r2, r2, #17
100067aa:	0c52      	lsrs	r2, r2, #17
100067ac:	4690      	mov	r8, r2
100067ae:	4362      	muls	r2, r4
100067b0:	1b2b      	subs	r3, r5, r4
100067b2:	b29b      	uxth	r3, r3
100067b4:	1889      	adds	r1, r1, r2
100067b6:	4642      	mov	r2, r8
100067b8:	429f      	cmp	r7, r3
100067ba:	d925      	bls.n	10006808 <tu_fifo_read_n+0xbc>
100067bc:	4353      	muls	r3, r2
100067be:	b29b      	uxth	r3, r3
100067c0:	001a      	movs	r2, r3
100067c2:	4648      	mov	r0, r9
100067c4:	469a      	mov	sl, r3
100067c6:	f7fb ff09 	bl	100025dc <__wrap___aeabi_memcpy>
100067ca:	4643      	mov	r3, r8
100067cc:	4648      	mov	r0, r9
100067ce:	1b7d      	subs	r5, r7, r5
100067d0:	1964      	adds	r4, r4, r5
100067d2:	435c      	muls	r4, r3
100067d4:	6831      	ldr	r1, [r6, #0]
100067d6:	4450      	add	r0, sl
100067d8:	b2a2      	uxth	r2, r4
100067da:	f7fb feff 	bl	100025dc <__wrap___aeabi_memcpy>
100067de:	8971      	ldrh	r1, [r6, #10]
100067e0:	88b5      	ldrh	r5, [r6, #4]
100067e2:	19cb      	adds	r3, r1, r7
100067e4:	b29b      	uxth	r3, r3
100067e6:	006a      	lsls	r2, r5, #1
100067e8:	4299      	cmp	r1, r3
100067ea:	d916      	bls.n	1000681a <tu_fifo_read_n+0xce>
100067ec:	1a9b      	subs	r3, r3, r2
100067ee:	b29b      	uxth	r3, r3
100067f0:	6930      	ldr	r0, [r6, #16]
100067f2:	8173      	strh	r3, [r6, #10]
100067f4:	2800      	cmp	r0, #0
100067f6:	d001      	beq.n	100067fc <tu_fifo_read_n+0xb0>
100067f8:	f004 f83e 	bl	1000a878 <__mutex_exit_veneer>
100067fc:	0038      	movs	r0, r7
100067fe:	bce0      	pop	{r5, r6, r7}
10006800:	46ba      	mov	sl, r7
10006802:	46b1      	mov	r9, r6
10006804:	46a8      	mov	r8, r5
10006806:	bdf0      	pop	{r4, r5, r6, r7, pc}
10006808:	4648      	mov	r0, r9
1000680a:	437a      	muls	r2, r7
1000680c:	f7fb fee6 	bl	100025dc <__wrap___aeabi_memcpy>
10006810:	e7e5      	b.n	100067de <tu_fifo_read_n+0x92>
10006812:	1c3b      	adds	r3, r7, #0
10006814:	e7bf      	b.n	10006796 <tu_fifo_read_n+0x4a>
10006816:	8973      	ldrh	r3, [r6, #10]
10006818:	b29b      	uxth	r3, r3
1000681a:	006a      	lsls	r2, r5, #1
1000681c:	4293      	cmp	r3, r2
1000681e:	dbe7      	blt.n	100067f0 <tu_fifo_read_n+0xa4>
10006820:	e7e4      	b.n	100067ec <tu_fifo_read_n+0xa0>
10006822:	006f      	lsls	r7, r5, #1
10006824:	1b3f      	subs	r7, r7, r4
10006826:	19df      	adds	r7, r3, r7
10006828:	b2bf      	uxth	r7, r7
1000682a:	e7a7      	b.n	1000677c <tu_fifo_read_n+0x30>
1000682c:	1b5b      	subs	r3, r3, r5
1000682e:	b29c      	uxth	r4, r3
10006830:	e7ac      	b.n	1000678c <tu_fifo_read_n+0x40>
10006832:	46c0      	nop			@ (mov r8, r8)

10006834 <tu_fifo_write>:
10006834:	b5f8      	push	{r3, r4, r5, r6, r7, lr}
10006836:	0004      	movs	r4, r0
10006838:	68c0      	ldr	r0, [r0, #12]
1000683a:	000e      	movs	r6, r1
1000683c:	2800      	cmp	r0, #0
1000683e:	d003      	beq.n	10006848 <tu_fifo_write+0x14>
10006840:	2101      	movs	r1, #1
10006842:	4249      	negs	r1, r1
10006844:	f004 f848 	bl	1000a8d8 <__mutex_enter_timeout_ms_veneer>
10006848:	8925      	ldrh	r5, [r4, #8]
1000684a:	8920      	ldrh	r0, [r4, #8]
1000684c:	8961      	ldrh	r1, [r4, #10]
1000684e:	88a2      	ldrh	r2, [r4, #4]
10006850:	b2ad      	uxth	r5, r5
10006852:	b283      	uxth	r3, r0
10006854:	b28f      	uxth	r7, r1
10006856:	4288      	cmp	r0, r1
10006858:	d329      	bcc.n	100068ae <tu_fifo_write+0x7a>
1000685a:	1bdb      	subs	r3, r3, r7
1000685c:	b29b      	uxth	r3, r3
1000685e:	429a      	cmp	r2, r3
10006860:	d809      	bhi.n	10006876 <tu_fifo_write+0x42>
10006862:	79e7      	ldrb	r7, [r4, #7]
10006864:	09ff      	lsrs	r7, r7, #7
10006866:	d106      	bne.n	10006876 <tu_fifo_write+0x42>
10006868:	68e0      	ldr	r0, [r4, #12]
1000686a:	2800      	cmp	r0, #0
1000686c:	d001      	beq.n	10006872 <tu_fifo_write+0x3e>
1000686e:	f004 f803 	bl	1000a878 <__mutex_exit_veneer>
10006872:	0038      	movs	r0, r7
10006874:	bdf8      	pop	{r3, r4, r5, r6, r7, pc}
10006876:	002b      	movs	r3, r5
10006878:	4295      	cmp	r5, r2
1000687a:	d31d      	bcc.n	100068b8 <tu_fifo_write+0x84>
1000687c:	1a9b      	subs	r3, r3, r2
1000687e:	b29b      	uxth	r3, r3
10006880:	4293      	cmp	r3, r2
10006882:	d2fb      	bcs.n	1000687c <tu_fifo_write+0x48>
10006884:	88e2      	ldrh	r2, [r4, #6]
10006886:	6820      	ldr	r0, [r4, #0]
10006888:	0452      	lsls	r2, r2, #17
1000688a:	0c52      	lsrs	r2, r2, #17
1000688c:	4353      	muls	r3, r2
1000688e:	0031      	movs	r1, r6
10006890:	18c0      	adds	r0, r0, r3
10006892:	f7fb fea3 	bl	100025dc <__wrap___aeabi_memcpy>
10006896:	1c6b      	adds	r3, r5, #1
10006898:	b29b      	uxth	r3, r3
1000689a:	88a2      	ldrh	r2, [r4, #4]
1000689c:	429d      	cmp	r5, r3
1000689e:	d917      	bls.n	100068d0 <tu_fifo_write+0x9c>
100068a0:	2300      	movs	r3, #0
100068a2:	0052      	lsls	r2, r2, #1
100068a4:	1a9b      	subs	r3, r3, r2
100068a6:	b29b      	uxth	r3, r3
100068a8:	2701      	movs	r7, #1
100068aa:	8123      	strh	r3, [r4, #8]
100068ac:	e7dc      	b.n	10006868 <tu_fifo_write+0x34>
100068ae:	0051      	lsls	r1, r2, #1
100068b0:	1bc9      	subs	r1, r1, r7
100068b2:	185b      	adds	r3, r3, r1
100068b4:	b29b      	uxth	r3, r3
100068b6:	e7d2      	b.n	1000685e <tu_fifo_write+0x2a>
100068b8:	88e2      	ldrh	r2, [r4, #6]
100068ba:	6820      	ldr	r0, [r4, #0]
100068bc:	0452      	lsls	r2, r2, #17
100068be:	0c52      	lsrs	r2, r2, #17
100068c0:	4353      	muls	r3, r2
100068c2:	0031      	movs	r1, r6
100068c4:	18c0      	adds	r0, r0, r3
100068c6:	f7fb fe89 	bl	100025dc <__wrap___aeabi_memcpy>
100068ca:	3501      	adds	r5, #1
100068cc:	88a2      	ldrh	r2, [r4, #4]
100068ce:	b2ab      	uxth	r3, r5
100068d0:	0052      	lsls	r2, r2, #1
100068d2:	4293      	cmp	r3, r2
100068d4:	dbe8      	blt.n	100068a8 <tu_fifo_write+0x74>
100068d6:	e7e5      	b.n	100068a4 <tu_fifo_write+0x70>

100068d8 <tu_fifo_write_n>:
100068d8:	b5f0      	push	{r4, r5, r6, r7, lr}
100068da:	464e      	mov	r6, r9
100068dc:	4657      	mov	r7, sl
100068de:	46de      	mov	lr, fp
100068e0:	4645      	mov	r5, r8
100068e2:	b5e0      	push	{r5, r6, r7, lr}
100068e4:	4689      	mov	r9, r1
100068e6:	0006      	movs	r6, r0
100068e8:	0017      	movs	r7, r2
100068ea:	b083      	sub	sp, #12
100068ec:	2a00      	cmp	r2, #0
100068ee:	d067      	beq.n	100069c0 <tu_fifo_write_n+0xe8>
100068f0:	68c0      	ldr	r0, [r0, #12]
100068f2:	2800      	cmp	r0, #0
100068f4:	d003      	beq.n	100068fe <tu_fifo_write_n+0x26>
100068f6:	2101      	movs	r1, #1
100068f8:	4249      	negs	r1, r1
100068fa:	f003 ffed 	bl	1000a8d8 <__mutex_enter_timeout_ms_veneer>
100068fe:	8933      	ldrh	r3, [r6, #8]
10006900:	79f2      	ldrb	r2, [r6, #7]
10006902:	b29b      	uxth	r3, r3
10006904:	4698      	mov	r8, r3
10006906:	8973      	ldrh	r3, [r6, #10]
10006908:	88b5      	ldrh	r5, [r6, #4]
1000690a:	b29b      	uxth	r3, r3
1000690c:	09d2      	lsrs	r2, r2, #7
1000690e:	d140      	bne.n	10006992 <tu_fifo_write_n+0xba>
10006910:	4598      	cmp	r8, r3
10006912:	d25e      	bcs.n	100069d2 <tu_fifo_write_n+0xfa>
10006914:	006a      	lsls	r2, r5, #1
10006916:	1ad3      	subs	r3, r2, r3
10006918:	4443      	add	r3, r8
1000691a:	b29b      	uxth	r3, r3
1000691c:	42ab      	cmp	r3, r5
1000691e:	d25d      	bcs.n	100069dc <tu_fifo_write_n+0x104>
10006920:	1aeb      	subs	r3, r5, r3
10006922:	1c1a      	adds	r2, r3, #0
10006924:	b29b      	uxth	r3, r3
10006926:	42bb      	cmp	r3, r7
10006928:	d900      	bls.n	1000692c <tu_fifo_write_n+0x54>
1000692a:	1c3a      	adds	r2, r7, #0
1000692c:	b297      	uxth	r7, r2
1000692e:	1b7b      	subs	r3, r7, r5
10006930:	b29b      	uxth	r3, r3
10006932:	9301      	str	r3, [sp, #4]
10006934:	88f3      	ldrh	r3, [r6, #6]
10006936:	045b      	lsls	r3, r3, #17
10006938:	0c5b      	lsrs	r3, r3, #17
1000693a:	469a      	mov	sl, r3
1000693c:	4643      	mov	r3, r8
1000693e:	19db      	adds	r3, r3, r7
10006940:	b29b      	uxth	r3, r3
10006942:	469b      	mov	fp, r3
10006944:	4644      	mov	r4, r8
10006946:	45a8      	cmp	r8, r5
10006948:	d303      	bcc.n	10006952 <tu_fifo_write_n+0x7a>
1000694a:	1b64      	subs	r4, r4, r5
1000694c:	b2a4      	uxth	r4, r4
1000694e:	42ac      	cmp	r4, r5
10006950:	d2fb      	bcs.n	1000694a <tu_fifo_write_n+0x72>
10006952:	4653      	mov	r3, sl
10006954:	4363      	muls	r3, r4
10006956:	6830      	ldr	r0, [r6, #0]
10006958:	1b2d      	subs	r5, r5, r4
1000695a:	b2ad      	uxth	r5, r5
1000695c:	18c0      	adds	r0, r0, r3
1000695e:	42bd      	cmp	r5, r7
10006960:	d34b      	bcc.n	100069fa <tu_fifo_write_n+0x122>
10006962:	4652      	mov	r2, sl
10006964:	4649      	mov	r1, r9
10006966:	437a      	muls	r2, r7
10006968:	f7fb fe38 	bl	100025dc <__wrap___aeabi_memcpy>
1000696c:	88b3      	ldrh	r3, [r6, #4]
1000696e:	005b      	lsls	r3, r3, #1
10006970:	45d8      	cmp	r8, fp
10006972:	d801      	bhi.n	10006978 <tu_fifo_write_n+0xa0>
10006974:	459b      	cmp	fp, r3
10006976:	db03      	blt.n	10006980 <tu_fifo_write_n+0xa8>
10006978:	465a      	mov	r2, fp
1000697a:	1ad3      	subs	r3, r2, r3
1000697c:	b29b      	uxth	r3, r3
1000697e:	469b      	mov	fp, r3
10006980:	465b      	mov	r3, fp
10006982:	003d      	movs	r5, r7
10006984:	8133      	strh	r3, [r6, #8]
10006986:	68f0      	ldr	r0, [r6, #12]
10006988:	2800      	cmp	r0, #0
1000698a:	d01a      	beq.n	100069c2 <tu_fifo_write_n+0xea>
1000698c:	f003 ff74 	bl	1000a878 <__mutex_exit_veneer>
10006990:	e017      	b.n	100069c2 <tu_fifo_write_n+0xea>
10006992:	88f2      	ldrh	r2, [r6, #6]
10006994:	0452      	lsls	r2, r2, #17
10006996:	0c52      	lsrs	r2, r2, #17
10006998:	4692      	mov	sl, r2
1000699a:	42af      	cmp	r7, r5
1000699c:	d220      	bcs.n	100069e0 <tu_fifo_write_n+0x108>
1000699e:	4598      	cmp	r8, r3
100069a0:	d34d      	bcc.n	10006a3e <tu_fifo_write_n+0x166>
100069a2:	4642      	mov	r2, r8
100069a4:	1ad2      	subs	r2, r2, r3
100069a6:	b292      	uxth	r2, r2
100069a8:	0069      	lsls	r1, r5, #1
100069aa:	1b78      	subs	r0, r7, r5
100069ac:	b280      	uxth	r0, r0
100069ae:	19d2      	adds	r2, r2, r7
100069b0:	9001      	str	r0, [sp, #4]
100069b2:	428a      	cmp	r2, r1
100069b4:	da33      	bge.n	10006a1e <tu_fifo_write_n+0x146>
100069b6:	4643      	mov	r3, r8
100069b8:	18fb      	adds	r3, r7, r3
100069ba:	b29b      	uxth	r3, r3
100069bc:	469b      	mov	fp, r3
100069be:	e7c1      	b.n	10006944 <tu_fifo_write_n+0x6c>
100069c0:	2500      	movs	r5, #0
100069c2:	0028      	movs	r0, r5
100069c4:	b003      	add	sp, #12
100069c6:	bcf0      	pop	{r4, r5, r6, r7}
100069c8:	46bb      	mov	fp, r7
100069ca:	46b2      	mov	sl, r6
100069cc:	46a9      	mov	r9, r5
100069ce:	46a0      	mov	r8, r4
100069d0:	bdf0      	pop	{r4, r5, r6, r7, pc}
100069d2:	4642      	mov	r2, r8
100069d4:	1ad3      	subs	r3, r2, r3
100069d6:	b29b      	uxth	r3, r3
100069d8:	42ab      	cmp	r3, r5
100069da:	d3a1      	bcc.n	10006920 <tu_fifo_write_n+0x48>
100069dc:	2500      	movs	r5, #0
100069de:	e7d2      	b.n	10006986 <tu_fifo_write_n+0xae>
100069e0:	2d00      	cmp	r5, #0
100069e2:	d0d0      	beq.n	10006986 <tu_fifo_write_n+0xae>
100069e4:	1b7f      	subs	r7, r7, r5
100069e6:	4357      	muls	r7, r2
100069e8:	4698      	mov	r8, r3
100069ea:	195a      	adds	r2, r3, r5
100069ec:	2300      	movs	r3, #0
100069ee:	b292      	uxth	r2, r2
100069f0:	44b9      	add	r9, r7
100069f2:	4693      	mov	fp, r2
100069f4:	002f      	movs	r7, r5
100069f6:	9301      	str	r3, [sp, #4]
100069f8:	e7a4      	b.n	10006944 <tu_fifo_write_n+0x6c>
100069fa:	4653      	mov	r3, sl
100069fc:	435d      	muls	r5, r3
100069fe:	b2ad      	uxth	r5, r5
10006a00:	002a      	movs	r2, r5
10006a02:	4649      	mov	r1, r9
10006a04:	f7fb fdea 	bl	100025dc <__wrap___aeabi_memcpy>
10006a08:	9b01      	ldr	r3, [sp, #4]
10006a0a:	0029      	movs	r1, r5
10006a0c:	18e2      	adds	r2, r4, r3
10006a0e:	4653      	mov	r3, sl
10006a10:	435a      	muls	r2, r3
10006a12:	6830      	ldr	r0, [r6, #0]
10006a14:	b292      	uxth	r2, r2
10006a16:	4449      	add	r1, r9
10006a18:	f7fb fde0 	bl	100025dc <__wrap___aeabi_memcpy>
10006a1c:	e7a6      	b.n	1000696c <tu_fifo_write_n+0x94>
10006a1e:	195a      	adds	r2, r3, r5
10006a20:	b292      	uxth	r2, r2
10006a22:	4693      	mov	fp, r2
10006a24:	1bd2      	subs	r2, r2, r7
10006a26:	b292      	uxth	r2, r2
10006a28:	4690      	mov	r8, r2
10006a2a:	4293      	cmp	r3, r2
10006a2c:	d90c      	bls.n	10006a48 <tu_fifo_write_n+0x170>
10006a2e:	4643      	mov	r3, r8
10006a30:	1a59      	subs	r1, r3, r1
10006a32:	b28b      	uxth	r3, r1
10006a34:	4698      	mov	r8, r3
10006a36:	18fb      	adds	r3, r7, r3
10006a38:	b29b      	uxth	r3, r3
10006a3a:	469b      	mov	fp, r3
10006a3c:	e782      	b.n	10006944 <tu_fifo_write_n+0x6c>
10006a3e:	0069      	lsls	r1, r5, #1
10006a40:	1aca      	subs	r2, r1, r3
10006a42:	4442      	add	r2, r8
10006a44:	b292      	uxth	r2, r2
10006a46:	e7b0      	b.n	100069aa <tu_fifo_write_n+0xd2>
10006a48:	4291      	cmp	r1, r2
10006a4a:	dd00      	ble.n	10006a4e <tu_fifo_write_n+0x176>
10006a4c:	e77a      	b.n	10006944 <tu_fifo_write_n+0x6c>
10006a4e:	e7ee      	b.n	10006a2e <tu_fifo_write_n+0x156>

10006a50 <tu_fifo_clear>:
10006a50:	b510      	push	{r4, lr}
10006a52:	0004      	movs	r4, r0
10006a54:	68c0      	ldr	r0, [r0, #12]
10006a56:	2800      	cmp	r0, #0
10006a58:	d003      	beq.n	10006a62 <tu_fifo_clear+0x12>
10006a5a:	2101      	movs	r1, #1
10006a5c:	4249      	negs	r1, r1
10006a5e:	f003 ff3b 	bl	1000a8d8 <__mutex_enter_timeout_ms_veneer>
10006a62:	6920      	ldr	r0, [r4, #16]
10006a64:	2800      	cmp	r0, #0
10006a66:	d003      	beq.n	10006a70 <tu_fifo_clear+0x20>
10006a68:	2101      	movs	r1, #1
10006a6a:	4249      	negs	r1, r1
10006a6c:	f003 ff34 	bl	1000a8d8 <__mutex_enter_timeout_ms_veneer>
10006a70:	2300      	movs	r3, #0
10006a72:	68e0      	ldr	r0, [r4, #12]
10006a74:	8163      	strh	r3, [r4, #10]
10006a76:	8123      	strh	r3, [r4, #8]
10006a78:	2800      	cmp	r0, #0
10006a7a:	d001      	beq.n	10006a80 <tu_fifo_clear+0x30>
10006a7c:	f003 fefc 	bl	1000a878 <__mutex_exit_veneer>
10006a80:	6920      	ldr	r0, [r4, #16]
10006a82:	2800      	cmp	r0, #0
10006a84:	d001      	beq.n	10006a8a <tu_fifo_clear+0x3a>
10006a86:	f003 fef7 	bl	1000a878 <__mutex_exit_veneer>
10006a8a:	2001      	movs	r0, #1
10006a8c:	bd10      	pop	{r4, pc}
10006a8e:	46c0      	nop			@ (mov r8, r8)

10006a90 <tu_fifo_set_overwritable>:
10006a90:	b570      	push	{r4, r5, r6, lr}
10006a92:	0004      	movs	r4, r0
10006a94:	68c0      	ldr	r0, [r0, #12]
10006a96:	000d      	movs	r5, r1
10006a98:	2800      	cmp	r0, #0
10006a9a:	d003      	beq.n	10006aa4 <tu_fifo_set_overwritable+0x14>
10006a9c:	2101      	movs	r1, #1
10006a9e:	4249      	negs	r1, r1
10006aa0:	f003 ff1a 	bl	1000a8d8 <__mutex_enter_timeout_ms_veneer>
10006aa4:	6920      	ldr	r0, [r4, #16]
10006aa6:	2800      	cmp	r0, #0
10006aa8:	d003      	beq.n	10006ab2 <tu_fifo_set_overwritable+0x22>
10006aaa:	2101      	movs	r1, #1
10006aac:	4249      	negs	r1, r1
10006aae:	f003 ff13 	bl	1000a8d8 <__mutex_enter_timeout_ms_veneer>
10006ab2:	217f      	movs	r1, #127	@ 0x7f
10006ab4:	79e3      	ldrb	r3, [r4, #7]
10006ab6:	01ed      	lsls	r5, r5, #7
10006ab8:	4019      	ands	r1, r3
10006aba:	68e0      	ldr	r0, [r4, #12]
10006abc:	4329      	orrs	r1, r5
10006abe:	71e1      	strb	r1, [r4, #7]
10006ac0:	2800      	cmp	r0, #0
10006ac2:	d001      	beq.n	10006ac8 <tu_fifo_set_overwritable+0x38>
10006ac4:	f003 fed8 	bl	1000a878 <__mutex_exit_veneer>
10006ac8:	6920      	ldr	r0, [r4, #16]
10006aca:	2800      	cmp	r0, #0
10006acc:	d001      	beq.n	10006ad2 <tu_fifo_set_overwritable+0x42>
10006ace:	f003 fed3 	bl	1000a878 <__mutex_exit_veneer>
10006ad2:	2001      	movs	r0, #1
10006ad4:	bd70      	pop	{r4, r5, r6, pc}
10006ad6:	46c0      	nop			@ (mov r8, r8)

10006ad8 <cyw43_arch_set_async_context>:
10006ad8:	4b01      	ldr	r3, [pc, #4]	@ (10006ae0 <cyw43_arch_set_async_context+0x8>)
10006ada:	6018      	str	r0, [r3, #0]
10006adc:	4770      	bx	lr
10006ade:	46c0      	nop			@ (mov r8, r8)
10006ae0:	20001c88 	.word	0x20001c88

10006ae4 <cyw43_arch_gpio_put>:
10006ae4:	b510      	push	{r4, lr}
10006ae6:	4b03      	ldr	r3, [pc, #12]	@ (10006af4 <cyw43_arch_gpio_put+0x10>)
10006ae8:	000a      	movs	r2, r1
10006aea:	0001      	movs	r1, r0
10006aec:	0018      	movs	r0, r3
10006aee:	f002 ff53 	bl	10009998 <cyw43_gpio_set>
10006af2:	bd10      	pop	{r4, pc}
10006af4:	20001dfc 	.word	0x20001dfc

10006af8 <cyw43_arch_async_context>:
10006af8:	4b01      	ldr	r3, [pc, #4]	@ (10006b00 <cyw43_arch_async_context+0x8>)
10006afa:	6818      	ldr	r0, [r3, #0]
10006afc:	4770      	bx	lr
10006afe:	46c0      	nop			@ (mov r8, r8)
10006b00:	20001c88 	.word	0x20001c88

10006b04 <cyw43_arch_init>:
10006b04:	b510      	push	{r4, lr}
10006b06:	b082      	sub	sp, #8
10006b08:	f7ff fff6 	bl	10006af8 <cyw43_arch_async_context>
10006b0c:	2800      	cmp	r0, #0
10006b0e:	d007      	beq.n	10006b20 <cyw43_arch_init+0x1c>
10006b10:	f003 fa0c 	bl	10009f2c <cyw43_driver_init>
10006b14:	0003      	movs	r3, r0
10006b16:	2000      	movs	r0, #0
10006b18:	2b00      	cmp	r3, #0
10006b1a:	d010      	beq.n	10006b3e <cyw43_arch_init+0x3a>
10006b1c:	b002      	add	sp, #8
10006b1e:	bd10      	pop	{r4, pc}
10006b20:	4668      	mov	r0, sp
10006b22:	f003 fc59 	bl	1000a3d8 <async_context_threadsafe_background_default_config>
10006b26:	4c0f      	ldr	r4, [pc, #60]	@ (10006b64 <cyw43_arch_init+0x60>)
10006b28:	4669      	mov	r1, sp
10006b2a:	0020      	movs	r0, r4
10006b2c:	f003 fc5a 	bl	1000a3e4 <async_context_threadsafe_background_init>
10006b30:	2800      	cmp	r0, #0
10006b32:	d013      	beq.n	10006b5c <cyw43_arch_init+0x58>
10006b34:	0020      	movs	r0, r4
10006b36:	f7ff ffcf 	bl	10006ad8 <cyw43_arch_set_async_context>
10006b3a:	0020      	movs	r0, r4
10006b3c:	e7e8      	b.n	10006b10 <cyw43_arch_init+0xc>
10006b3e:	f7ff ffdb 	bl	10006af8 <cyw43_arch_async_context>
10006b42:	0004      	movs	r4, r0
10006b44:	f003 fa0e 	bl	10009f64 <cyw43_driver_deinit>
10006b48:	4b06      	ldr	r3, [pc, #24]	@ (10006b64 <cyw43_arch_init+0x60>)
10006b4a:	429c      	cmp	r4, r3
10006b4c:	d106      	bne.n	10006b5c <cyw43_arch_init+0x58>
10006b4e:	6823      	ldr	r3, [r4, #0]
10006b50:	0020      	movs	r0, r4
10006b52:	6b5b      	ldr	r3, [r3, #52]	@ 0x34
10006b54:	4798      	blx	r3
10006b56:	2000      	movs	r0, #0
10006b58:	f7ff ffbe 	bl	10006ad8 <cyw43_arch_set_async_context>
10006b5c:	2001      	movs	r0, #1
10006b5e:	4240      	negs	r0, r0
10006b60:	e7dc      	b.n	10006b1c <cyw43_arch_init+0x18>
10006b62:	46c0      	nop			@ (mov r8, r8)
10006b64:	20001268 	.word	0x20001268

10006b68 <ns_delay.constprop.0>:
10006b68:	b510      	push	{r4, lr}
10006b6a:	2005      	movs	r0, #5
10006b6c:	f7fa ff00 	bl	10001970 <clock_get_hz>
10006b70:	0c03      	lsrs	r3, r0, #16
10006b72:	2064      	movs	r0, #100	@ 0x64
10006b74:	4903      	ldr	r1, [pc, #12]	@ (10006b84 <ns_delay.constprop.0+0x1c>)
10006b76:	4358      	muls	r0, r3
10006b78:	f7fb f95a 	bl	10001e30 <__wrap___aeabi_uidiv>
10006b7c:	3803      	subs	r0, #3
10006b7e:	d2fd      	bcs.n	10006b7c <ns_delay.constprop.0+0x14>
10006b80:	bd10      	pop	{r4, pc}
10006b82:	46c0      	nop			@ (mov r8, r8)
10006b84:	00003b9a 	.word	0x00003b9a

10006b88 <cyw43_spi_deinit>:
10006b88:	4b18      	ldr	r3, [pc, #96]	@ (10006bec <cyw43_spi_deinit+0x64>)
10006b8a:	b570      	push	{r4, r5, r6, lr}
10006b8c:	58c4      	ldr	r4, [r0, r3]
10006b8e:	0005      	movs	r5, r0
10006b90:	2c00      	cmp	r4, #0
10006b92:	d014      	beq.n	10006bbe <cyw43_spi_deinit+0x36>
10006b94:	6821      	ldr	r1, [r4, #0]
10006b96:	2900      	cmp	r1, #0
10006b98:	d006      	beq.n	10006ba8 <cyw43_spi_deinit+0x20>
10006b9a:	6863      	ldr	r3, [r4, #4]
10006b9c:	68a2      	ldr	r2, [r4, #8]
10006b9e:	4814      	ldr	r0, [pc, #80]	@ (10006bf0 <cyw43_spi_deinit+0x68>)
10006ba0:	f003 f8be 	bl	10009d20 <pio_remove_program_and_unclaim_sm>
10006ba4:	2300      	movs	r3, #0
10006ba6:	6023      	str	r3, [r4, #0]
10006ba8:	200c      	movs	r0, #12
10006baa:	5620      	ldrsb	r0, [r4, r0]
10006bac:	2800      	cmp	r0, #0
10006bae:	da10      	bge.n	10006bd2 <cyw43_spi_deinit+0x4a>
10006bb0:	200d      	movs	r0, #13
10006bb2:	5620      	ldrsb	r0, [r4, r0]
10006bb4:	2800      	cmp	r0, #0
10006bb6:	da03      	bge.n	10006bc0 <cyw43_spi_deinit+0x38>
10006bb8:	2200      	movs	r2, #0
10006bba:	4b0c      	ldr	r3, [pc, #48]	@ (10006bec <cyw43_spi_deinit+0x64>)
10006bbc:	50ea      	str	r2, [r5, r3]
10006bbe:	bd70      	pop	{r4, r5, r6, pc}
10006bc0:	f003 f8ea 	bl	10009d98 <dma_channel_cleanup>
10006bc4:	200d      	movs	r0, #13
10006bc6:	5620      	ldrsb	r0, [r4, r0]
10006bc8:	f003 f8ca 	bl	10009d60 <dma_channel_unclaim>
10006bcc:	23ff      	movs	r3, #255	@ 0xff
10006bce:	7363      	strb	r3, [r4, #13]
10006bd0:	e7f2      	b.n	10006bb8 <cyw43_spi_deinit+0x30>
10006bd2:	f003 f8e1 	bl	10009d98 <dma_channel_cleanup>
10006bd6:	200c      	movs	r0, #12
10006bd8:	5620      	ldrsb	r0, [r4, r0]
10006bda:	f003 f8c1 	bl	10009d60 <dma_channel_unclaim>
10006bde:	23ff      	movs	r3, #255	@ 0xff
10006be0:	200d      	movs	r0, #13
10006be2:	7323      	strb	r3, [r4, #12]
10006be4:	5620      	ldrsb	r0, [r4, r0]
10006be6:	2800      	cmp	r0, #0
10006be8:	dbe6      	blt.n	10006bb8 <cyw43_spi_deinit+0x30>
10006bea:	e7e9      	b.n	10006bc0 <cyw43_spi_deinit+0x38>
10006bec:	0000084c 	.word	0x0000084c
10006bf0:	1000b3a4 	.word	0x1000b3a4

10006bf4 <cyw43_spi_init>:
10006bf4:	b5f0      	push	{r4, r5, r6, r7, lr}
10006bf6:	46c6      	mov	lr, r8
10006bf8:	b500      	push	{lr}
10006bfa:	4c3e      	ldr	r4, [pc, #248]	@ (10006cf4 <cyw43_spi_init+0x100>)
10006bfc:	4b3e      	ldr	r3, [pc, #248]	@ (10006cf8 <cyw43_spi_init+0x104>)
10006bfe:	b084      	sub	sp, #16
10006c00:	50c4      	str	r4, [r0, r3]
10006c02:	2300      	movs	r3, #0
10006c04:	2106      	movs	r1, #6
10006c06:	0022      	movs	r2, r4
10006c08:	2601      	movs	r6, #1
10006c0a:	6023      	str	r3, [r4, #0]
10006c0c:	3b01      	subs	r3, #1
10006c0e:	81a3      	strh	r3, [r4, #12]
10006c10:	9101      	str	r1, [sp, #4]
10006c12:	3112      	adds	r1, #18
10006c14:	0005      	movs	r5, r0
10006c16:	9100      	str	r1, [sp, #0]
10006c18:	4838      	ldr	r0, [pc, #224]	@ (10006cfc <cyw43_spi_init+0x108>)
10006c1a:	0021      	movs	r1, r4
10006c1c:	1d23      	adds	r3, r4, #4
10006c1e:	3208      	adds	r2, #8
10006c20:	9602      	str	r6, [sp, #8]
10006c22:	f002 ffbb 	bl	10009b9c <pio_claim_free_sm_and_add_program_for_gpio_range>
10006c26:	2800      	cmp	r0, #0
10006c28:	d05d      	beq.n	10006ce6 <cyw43_spi_init+0xf2>
10006c2a:	6863      	ldr	r3, [r4, #4]
10006c2c:	4834      	ldr	r0, [pc, #208]	@ (10006d00 <cyw43_spi_init+0x10c>)
10006c2e:	1d5a      	adds	r2, r3, #5
10006c30:	0312      	lsls	r2, r2, #12
10006c32:	01db      	lsls	r3, r3, #7
10006c34:	431a      	orrs	r2, r3
10006c36:	4b33      	ldr	r3, [pc, #204]	@ (10006d04 <cyw43_spi_init+0x110>)
10006c38:	6801      	ldr	r1, [r0, #0]
10006c3a:	401a      	ands	r2, r3
10006c3c:	2330      	movs	r3, #48	@ 0x30
10006c3e:	438b      	bics	r3, r1
10006c40:	4931      	ldr	r1, [pc, #196]	@ (10006d08 <cyw43_spi_init+0x114>)
10006c42:	4690      	mov	r8, r2
10006c44:	600b      	str	r3, [r1, #0]
10006c46:	6803      	ldr	r3, [r0, #0]
10006c48:	0030      	movs	r0, r6
10006c4a:	4398      	bics	r0, r3
10006c4c:	6008      	str	r0, [r1, #0]
10006c4e:	2180      	movs	r1, #128	@ 0x80
10006c50:	6820      	ldr	r0, [r4, #0]
10006c52:	4b2e      	ldr	r3, [pc, #184]	@ (10006d0c <cyw43_spi_init+0x118>)
10006c54:	0449      	lsls	r1, r1, #17
10006c56:	18c3      	adds	r3, r0, r3
10006c58:	6019      	str	r1, [r3, #0]
10006c5a:	68a1      	ldr	r1, [r4, #8]
10006c5c:	2280      	movs	r2, #128	@ 0x80
10006c5e:	004b      	lsls	r3, r1, #1
10006c60:	185b      	adds	r3, r3, r1
10006c62:	00db      	lsls	r3, r3, #3
10006c64:	18c3      	adds	r3, r0, r3
10006c66:	001f      	movs	r7, r3
10006c68:	0292      	lsls	r2, r2, #10
10006c6a:	37c8      	adds	r7, #200	@ 0xc8
10006c6c:	603a      	str	r2, [r7, #0]
10006c6e:	22c0      	movs	r2, #192	@ 0xc0
10006c70:	0292      	lsls	r2, r2, #10
10006c72:	60ba      	str	r2, [r7, #8]
10006c74:	4642      	mov	r2, r8
10006c76:	607a      	str	r2, [r7, #4]
10006c78:	4a25      	ldr	r2, [pc, #148]	@ (10006d10 <cyw43_spi_init+0x11c>)
10006c7a:	33dc      	adds	r3, #220	@ 0xdc
10006c7c:	601a      	str	r2, [r3, #0]
10006c7e:	221d      	movs	r2, #29
10006c80:	2301      	movs	r3, #1
10006c82:	9600      	str	r6, [sp, #0]
10006c84:	f002 ff30 	bl	10009ae8 <pio_sm_set_consecutive_pindirs>
10006c88:	4b22      	ldr	r3, [pc, #136]	@ (10006d14 <cyw43_spi_init+0x120>)
10006c8a:	6821      	ldr	r1, [r4, #0]
10006c8c:	469c      	mov	ip, r3
10006c8e:	4461      	add	r1, ip
10006c90:	0d09      	lsrs	r1, r1, #20
10006c92:	3106      	adds	r1, #6
10006c94:	2018      	movs	r0, #24
10006c96:	b2c9      	uxtb	r1, r1
10006c98:	f7f9 fbe2 	bl	10000460 <gpio_set_function>
10006c9c:	2201      	movs	r2, #1
10006c9e:	2100      	movs	r1, #0
10006ca0:	2018      	movs	r0, #24
10006ca2:	f7f9 fbf7 	bl	10000494 <gpio_set_pulls>
10006ca6:	2101      	movs	r1, #1
10006ca8:	2018      	movs	r0, #24
10006caa:	f7f9 fc07 	bl	100004bc <gpio_set_input_hysteresis_enabled>
10006cae:	68a1      	ldr	r1, [r4, #8]
10006cb0:	6823      	ldr	r3, [r4, #0]
10006cb2:	004a      	lsls	r2, r1, #1
10006cb4:	1852      	adds	r2, r2, r1
10006cb6:	00d2      	lsls	r2, r2, #3
10006cb8:	189b      	adds	r3, r3, r2
10006cba:	4a17      	ldr	r2, [pc, #92]	@ (10006d18 <cyw43_spi_init+0x124>)
10006cbc:	33d8      	adds	r3, #216	@ 0xd8
10006cbe:	601a      	str	r2, [r3, #0]
10006cc0:	2000      	movs	r0, #0
10006cc2:	f003 f857 	bl	10009d74 <dma_claim_unused_channel>
10006cc6:	7320      	strb	r0, [r4, #12]
10006cc8:	2000      	movs	r0, #0
10006cca:	f003 f853 	bl	10009d74 <dma_claim_unused_channel>
10006cce:	7b23      	ldrb	r3, [r4, #12]
10006cd0:	b240      	sxtb	r0, r0
10006cd2:	7360      	strb	r0, [r4, #13]
10006cd4:	4318      	orrs	r0, r3
10006cd6:	3704      	adds	r7, #4
10006cd8:	0600      	lsls	r0, r0, #24
10006cda:	d404      	bmi.n	10006ce6 <cyw43_spi_init+0xf2>
10006cdc:	2000      	movs	r0, #0
10006cde:	b004      	add	sp, #16
10006ce0:	bc80      	pop	{r7}
10006ce2:	46b8      	mov	r8, r7
10006ce4:	bdf0      	pop	{r4, r5, r6, r7, pc}
10006ce6:	0028      	movs	r0, r5
10006ce8:	f7ff ff4e 	bl	10006b88 <cyw43_spi_deinit>
10006cec:	2006      	movs	r0, #6
10006cee:	4240      	negs	r0, r0
10006cf0:	e7f5      	b.n	10006cde <cyw43_spi_init+0xea>
10006cf2:	46c0      	nop			@ (mov r8, r8)
10006cf4:	20001da4 	.word	0x20001da4
10006cf8:	0000084c 	.word	0x0000084c
10006cfc:	1000b3a4 	.word	0x1000b3a4
10006d00:	4001c078 	.word	0x4001c078
10006d04:	9fffffff 	.word	0x9fffffff
10006d08:	4001d078 	.word	0x4001d078
10006d0c:	00002038 	.word	0x00002038
10006d10:	241c7718 	.word	0x241c7718
10006d14:	afe00000 	.word	0xafe00000
10006d18:	0000e001 	.word	0x0000e001

10006d1c <cyw43_spi_transfer>:
10006d1c:	b5f0      	push	{r4, r5, r6, r7, lr}
10006d1e:	4645      	mov	r5, r8
10006d20:	46de      	mov	lr, fp
10006d22:	4657      	mov	r7, sl
10006d24:	464e      	mov	r6, r9
10006d26:	b5e0      	push	{r5, r6, r7, lr}
10006d28:	b087      	sub	sp, #28
10006d2a:	0015      	movs	r5, r2
10006d2c:	4698      	mov	r8, r3
10006d2e:	9102      	str	r1, [sp, #8]
10006d30:	2900      	cmp	r1, #0
10006d32:	d100      	bne.n	10006d36 <cyw43_spi_transfer+0x1a>
10006d34:	e12f      	b.n	10006f96 <cyw43_spi_transfer+0x27a>
10006d36:	4b9b      	ldr	r3, [pc, #620]	@ (10006fa4 <cyw43_spi_transfer+0x288>)
10006d38:	58c4      	ldr	r4, [r0, r3]
10006d3a:	4b9b      	ldr	r3, [pc, #620]	@ (10006fa8 <cyw43_spi_transfer+0x28c>)
10006d3c:	6821      	ldr	r1, [r4, #0]
10006d3e:	469c      	mov	ip, r3
10006d40:	4461      	add	r1, ip
10006d42:	0d09      	lsrs	r1, r1, #20
10006d44:	3106      	adds	r1, #6
10006d46:	2018      	movs	r0, #24
10006d48:	b2c9      	uxtb	r1, r1
10006d4a:	f7f9 fb89 	bl	10000460 <gpio_set_function>
10006d4e:	4b96      	ldr	r3, [pc, #600]	@ (10006fa8 <cyw43_spi_transfer+0x28c>)
10006d50:	6821      	ldr	r1, [r4, #0]
10006d52:	469c      	mov	ip, r3
10006d54:	4461      	add	r1, ip
10006d56:	0d09      	lsrs	r1, r1, #20
10006d58:	3106      	adds	r1, #6
10006d5a:	201d      	movs	r0, #29
10006d5c:	b2c9      	uxtb	r1, r1
10006d5e:	f7f9 fb7f 	bl	10000460 <gpio_set_function>
10006d62:	2201      	movs	r2, #1
10006d64:	2100      	movs	r1, #0
10006d66:	201d      	movs	r0, #29
10006d68:	f7f9 fb94 	bl	10000494 <gpio_set_pulls>
10006d6c:	23d0      	movs	r3, #208	@ 0xd0
10006d6e:	2280      	movs	r2, #128	@ 0x80
10006d70:	061b      	lsls	r3, r3, #24
10006d72:	0492      	lsls	r2, r2, #18
10006d74:	619a      	str	r2, [r3, #24]
10006d76:	4643      	mov	r3, r8
10006d78:	6820      	ldr	r0, [r4, #0]
10006d7a:	68a1      	ldr	r1, [r4, #8]
10006d7c:	2b00      	cmp	r3, #0
10006d7e:	d100      	bne.n	10006d82 <cyw43_spi_transfer+0x66>
10006d80:	e12a      	b.n	10006fd8 <cyw43_spi_transfer+0x2bc>
10006d82:	9b02      	ldr	r3, [sp, #8]
10006d84:	2b00      	cmp	r3, #0
10006d86:	d100      	bne.n	10006d8a <cyw43_spi_transfer+0x6e>
10006d88:	e102      	b.n	10006f90 <cyw43_spi_transfer+0x274>
10006d8a:	2701      	movs	r7, #1
10006d8c:	003a      	movs	r2, r7
10006d8e:	26cc      	movs	r6, #204	@ 0xcc
10006d90:	408a      	lsls	r2, r1
10006d92:	46b4      	mov	ip, r6
10006d94:	6803      	ldr	r3, [r0, #0]
10006d96:	4393      	bics	r3, r2
10006d98:	6003      	str	r3, [r0, #0]
10006d9a:	6863      	ldr	r3, [r4, #4]
10006d9c:	4699      	mov	r9, r3
10006d9e:	004b      	lsls	r3, r1, #1
10006da0:	185b      	adds	r3, r3, r1
10006da2:	00db      	lsls	r3, r3, #3
10006da4:	18c2      	adds	r2, r0, r3
10006da6:	4494      	add	ip, r2
10006da8:	4662      	mov	r2, ip
10006daa:	6812      	ldr	r2, [r2, #0]
10006dac:	18c3      	adds	r3, r0, r3
10006dae:	4692      	mov	sl, r2
10006db0:	464a      	mov	r2, r9
10006db2:	3205      	adds	r2, #5
10006db4:	0316      	lsls	r6, r2, #12
10006db6:	9603      	str	r6, [sp, #12]
10006db8:	4e7c      	ldr	r6, [pc, #496]	@ (10006fac <cyw43_spi_transfer+0x290>)
10006dba:	46b3      	mov	fp, r6
10006dbc:	4656      	mov	r6, sl
10006dbe:	465a      	mov	r2, fp
10006dc0:	4016      	ands	r6, r2
10006dc2:	0032      	movs	r2, r6
10006dc4:	9e03      	ldr	r6, [sp, #12]
10006dc6:	4316      	orrs	r6, r2
10006dc8:	0032      	movs	r2, r6
10006dca:	464e      	mov	r6, r9
10006dcc:	01f6      	lsls	r6, r6, #7
10006dce:	4332      	orrs	r2, r6
10006dd0:	4666      	mov	r6, ip
10006dd2:	6032      	str	r2, [r6, #0]
10006dd4:	4a76      	ldr	r2, [pc, #472]	@ (10006fb0 <cyw43_spi_transfer+0x294>)
10006dd6:	003e      	movs	r6, r7
10006dd8:	4694      	mov	ip, r2
10006dda:	2280      	movs	r2, #128	@ 0x80
10006ddc:	4463      	add	r3, ip
10006dde:	0612      	lsls	r2, r2, #24
10006de0:	601a      	str	r2, [r3, #0]
10006de2:	601a      	str	r2, [r3, #0]
10006de4:	2280      	movs	r2, #128	@ 0x80
10006de6:	2300      	movs	r3, #0
10006de8:	0452      	lsls	r2, r2, #17
10006dea:	9200      	str	r2, [sp, #0]
10006dec:	9301      	str	r3, [sp, #4]
10006dee:	f002 fe25 	bl	10009a3c <pio_sm_set_pindirs_with_mask64>
10006df2:	0039      	movs	r1, r7
10006df4:	68a3      	ldr	r3, [r4, #8]
10006df6:	6820      	ldr	r0, [r4, #0]
10006df8:	1d1a      	adds	r2, r3, #4
10006dfa:	4091      	lsls	r1, r2
10006dfc:	4694      	mov	ip, r2
10006dfe:	2280      	movs	r2, #128	@ 0x80
10006e00:	0192      	lsls	r2, r2, #6
10006e02:	1882      	adds	r2, r0, r2
10006e04:	6011      	str	r1, [r2, #0]
10006e06:	0019      	movs	r1, r3
10006e08:	3108      	adds	r1, #8
10006e0a:	408e      	lsls	r6, r1
10006e0c:	0099      	lsls	r1, r3, #2
10006e0e:	6016      	str	r6, [r2, #0]
10006e10:	00ea      	lsls	r2, r5, #3
10006e12:	1841      	adds	r1, r0, r1
10006e14:	3a01      	subs	r2, #1
10006e16:	610a      	str	r2, [r1, #16]
10006e18:	005a      	lsls	r2, r3, #1
10006e1a:	18d2      	adds	r2, r2, r3
10006e1c:	00d2      	lsls	r2, r2, #3
10006e1e:	4e65      	ldr	r6, [pc, #404]	@ (10006fb4 <cyw43_spi_transfer+0x298>)
10006e20:	1882      	adds	r2, r0, r2
10006e22:	32d8      	adds	r2, #216	@ 0xd8
10006e24:	6016      	str	r6, [r2, #0]
10006e26:	9e10      	ldr	r6, [sp, #64]	@ 0x40
10006e28:	1b76      	subs	r6, r6, r5
10006e2a:	00f6      	lsls	r6, r6, #3
10006e2c:	46b1      	mov	r9, r6
10006e2e:	2601      	movs	r6, #1
10006e30:	4276      	negs	r6, r6
10006e32:	46b2      	mov	sl, r6
10006e34:	44d1      	add	r9, sl
10006e36:	464e      	mov	r6, r9
10006e38:	610e      	str	r6, [r1, #16]
10006e3a:	261f      	movs	r6, #31
10006e3c:	495e      	ldr	r1, [pc, #376]	@ (10006fb8 <cyw43_spi_transfer+0x29c>)
10006e3e:	6011      	str	r1, [r2, #0]
10006e40:	6861      	ldr	r1, [r4, #4]
10006e42:	4031      	ands	r1, r6
10006e44:	6011      	str	r1, [r2, #0]
10006e46:	210c      	movs	r1, #12
10006e48:	5661      	ldrsb	r1, [r4, r1]
10006e4a:	26a0      	movs	r6, #160	@ 0xa0
10006e4c:	408f      	lsls	r7, r1
10006e4e:	4a5b      	ldr	r2, [pc, #364]	@ (10006fbc <cyw43_spi_transfer+0x2a0>)
10006e50:	05f6      	lsls	r6, r6, #23
10006e52:	50b7      	str	r7, [r6, r2]
10006e54:	018a      	lsls	r2, r1, #6
10006e56:	0016      	movs	r6, r2
10006e58:	46b1      	mov	r9, r6
10006e5a:	9205      	str	r2, [sp, #20]
10006e5c:	4a58      	ldr	r2, [pc, #352]	@ (10006fc0 <cyw43_spi_transfer+0x2a4>)
10006e5e:	2780      	movs	r7, #128	@ 0x80
10006e60:	444a      	add	r2, r9
10006e62:	4699      	mov	r9, r3
10006e64:	0013      	movs	r3, r2
10006e66:	9e02      	ldr	r6, [sp, #8]
10006e68:	047f      	lsls	r7, r7, #17
10006e6a:	681a      	ldr	r2, [r3, #0]
10006e6c:	423a      	tst	r2, r7
10006e6e:	d1fc      	bne.n	10006e6a <cyw43_spi_transfer+0x14e>
10006e70:	220d      	movs	r2, #13
10006e72:	2701      	movs	r7, #1
10006e74:	9602      	str	r6, [sp, #8]
10006e76:	56a2      	ldrsb	r2, [r4, r2]
10006e78:	464b      	mov	r3, r9
10006e7a:	4097      	lsls	r7, r2
10006e7c:	46b9      	mov	r9, r7
10006e7e:	4693      	mov	fp, r2
10006e80:	22a0      	movs	r2, #160	@ 0xa0
10006e82:	464e      	mov	r6, r9
10006e84:	4f4d      	ldr	r7, [pc, #308]	@ (10006fbc <cyw43_spi_transfer+0x2a0>)
10006e86:	05d2      	lsls	r2, r2, #23
10006e88:	51d6      	str	r6, [r2, r7]
10006e8a:	26a0      	movs	r6, #160	@ 0xa0
10006e8c:	05f6      	lsls	r6, r6, #23
10006e8e:	46b1      	mov	r9, r6
10006e90:	4e4b      	ldr	r6, [pc, #300]	@ (10006fc0 <cyw43_spi_transfer+0x2a4>)
10006e92:	465a      	mov	r2, fp
10006e94:	46b2      	mov	sl, r6
10006e96:	0192      	lsls	r2, r2, #6
10006e98:	2780      	movs	r7, #128	@ 0x80
10006e9a:	4491      	add	r9, r2
10006e9c:	4452      	add	r2, sl
10006e9e:	469a      	mov	sl, r3
10006ea0:	0013      	movs	r3, r2
10006ea2:	9e02      	ldr	r6, [sp, #8]
10006ea4:	047f      	lsls	r7, r7, #17
10006ea6:	681a      	ldr	r2, [r3, #0]
10006ea8:	423a      	tst	r2, r7
10006eaa:	d1fc      	bne.n	10006ea6 <cyw43_spi_transfer+0x18a>
10006eac:	4653      	mov	r3, sl
10006eae:	9602      	str	r6, [sp, #8]
10006eb0:	4e44      	ldr	r6, [pc, #272]	@ (10006fc4 <cyw43_spi_transfer+0x2a8>)
10006eb2:	02c9      	lsls	r1, r1, #11
10006eb4:	4031      	ands	r1, r6
10006eb6:	26a0      	movs	r6, #160	@ 0xa0
10006eb8:	4a3b      	ldr	r2, [pc, #236]	@ (10006fa8 <cyw43_spi_transfer+0x28c>)
10006eba:	05f6      	lsls	r6, r6, #23
10006ebc:	1882      	adds	r2, r0, r2
10006ebe:	0d12      	lsrs	r2, r2, #20
10006ec0:	00d2      	lsls	r2, r2, #3
10006ec2:	9204      	str	r2, [sp, #16]
10006ec4:	189a      	adds	r2, r3, r2
10006ec6:	03d2      	lsls	r2, r2, #15
10006ec8:	4311      	orrs	r1, r2
10006eca:	4a3f      	ldr	r2, [pc, #252]	@ (10006fc8 <cyw43_spi_transfer+0x2ac>)
10006ecc:	46b2      	mov	sl, r6
10006ece:	430a      	orrs	r2, r1
10006ed0:	0011      	movs	r1, r2
10006ed2:	4662      	mov	r2, ip
10006ed4:	9f05      	ldr	r7, [sp, #20]
10006ed6:	9e02      	ldr	r6, [sp, #8]
10006ed8:	0092      	lsls	r2, r2, #2
10006eda:	4457      	add	r7, sl
10006edc:	9203      	str	r2, [sp, #12]
10006ede:	603e      	str	r6, [r7, #0]
10006ee0:	9e03      	ldr	r6, [sp, #12]
10006ee2:	08aa      	lsrs	r2, r5, #2
10006ee4:	1986      	adds	r6, r0, r6
10006ee6:	607e      	str	r6, [r7, #4]
10006ee8:	60ba      	str	r2, [r7, #8]
10006eea:	60f9      	str	r1, [r7, #12]
10006eec:	9f04      	ldr	r7, [sp, #16]
10006eee:	4935      	ldr	r1, [pc, #212]	@ (10006fc4 <cyw43_spi_transfer+0x2a8>)
10006ef0:	46ba      	mov	sl, r7
10006ef2:	465f      	mov	r7, fp
10006ef4:	44e2      	add	sl, ip
10006ef6:	4656      	mov	r6, sl
10006ef8:	02ff      	lsls	r7, r7, #11
10006efa:	400f      	ands	r7, r1
10006efc:	03f6      	lsls	r6, r6, #15
10006efe:	9910      	ldr	r1, [sp, #64]	@ 0x40
10006f00:	433e      	orrs	r6, r7
10006f02:	4f32      	ldr	r7, [pc, #200]	@ (10006fcc <cyw43_spi_transfer+0x2b0>)
10006f04:	4337      	orrs	r7, r6
10006f06:	088e      	lsrs	r6, r1, #2
10006f08:	1ab2      	subs	r2, r6, r2
10006f0a:	464e      	mov	r6, r9
10006f0c:	9903      	ldr	r1, [sp, #12]
10006f0e:	3110      	adds	r1, #16
10006f10:	1841      	adds	r1, r0, r1
10006f12:	6031      	str	r1, [r6, #0]
10006f14:	4641      	mov	r1, r8
10006f16:	1949      	adds	r1, r1, r5
10006f18:	6071      	str	r1, [r6, #4]
10006f1a:	60b2      	str	r2, [r6, #8]
10006f1c:	2201      	movs	r2, #1
10006f1e:	409a      	lsls	r2, r3
10006f20:	0013      	movs	r3, r2
10006f22:	60f7      	str	r7, [r6, #12]
10006f24:	6801      	ldr	r1, [r0, #0]
10006f26:	430b      	orrs	r3, r1
10006f28:	6003      	str	r3, [r0, #0]
10006f2a:	220c      	movs	r2, #12
10006f2c:	4b28      	ldr	r3, [pc, #160]	@ (10006fd0 <cyw43_spi_transfer+0x2b4>)
10006f2e:	2180      	movs	r1, #128	@ 0x80
10006f30:	469c      	mov	ip, r3
10006f32:	56a2      	ldrsb	r2, [r4, r2]
10006f34:	0449      	lsls	r1, r1, #17
10006f36:	0192      	lsls	r2, r2, #6
10006f38:	4462      	add	r2, ip
10006f3a:	6813      	ldr	r3, [r2, #0]
10006f3c:	420b      	tst	r3, r1
10006f3e:	d1fc      	bne.n	10006f3a <cyw43_spi_transfer+0x21e>
10006f40:	220d      	movs	r2, #13
10006f42:	4b23      	ldr	r3, [pc, #140]	@ (10006fd0 <cyw43_spi_transfer+0x2b4>)
10006f44:	2180      	movs	r1, #128	@ 0x80
10006f46:	469c      	mov	ip, r3
10006f48:	56a2      	ldrsb	r2, [r4, r2]
10006f4a:	0449      	lsls	r1, r1, #17
10006f4c:	0192      	lsls	r2, r2, #6
10006f4e:	4462      	add	r2, ip
10006f50:	6813      	ldr	r3, [r2, #0]
10006f52:	420b      	tst	r3, r1
10006f54:	d1fc      	bne.n	10006f50 <cyw43_spi_transfer+0x234>
10006f56:	2100      	movs	r1, #0
10006f58:	002a      	movs	r2, r5
10006f5a:	4640      	mov	r0, r8
10006f5c:	f7fb fb38 	bl	100025d0 <__wrap_memset>
10006f60:	6820      	ldr	r0, [r4, #0]
10006f62:	68a1      	ldr	r1, [r4, #8]
10006f64:	004b      	lsls	r3, r1, #1
10006f66:	185b      	adds	r3, r3, r1
10006f68:	00db      	lsls	r3, r3, #3
10006f6a:	18c0      	adds	r0, r0, r3
10006f6c:	4b19      	ldr	r3, [pc, #100]	@ (10006fd4 <cyw43_spi_transfer+0x2b8>)
10006f6e:	30d8      	adds	r0, #216	@ 0xd8
10006f70:	6003      	str	r3, [r0, #0]
10006f72:	2280      	movs	r2, #128	@ 0x80
10006f74:	23d0      	movs	r3, #208	@ 0xd0
10006f76:	0492      	lsls	r2, r2, #18
10006f78:	061b      	lsls	r3, r3, #24
10006f7a:	615a      	str	r2, [r3, #20]
10006f7c:	f7ff fdf4 	bl	10006b68 <ns_delay.constprop.0>
10006f80:	2000      	movs	r0, #0
10006f82:	b007      	add	sp, #28
10006f84:	bcf0      	pop	{r4, r5, r6, r7}
10006f86:	46bb      	mov	fp, r7
10006f88:	46b2      	mov	sl, r6
10006f8a:	46a9      	mov	r9, r5
10006f8c:	46a0      	mov	r8, r4
10006f8e:	bdf0      	pop	{r4, r5, r6, r7, pc}
10006f90:	4643      	mov	r3, r8
10006f92:	9302      	str	r3, [sp, #8]
10006f94:	e6f9      	b.n	10006d8a <cyw43_spi_transfer+0x6e>
10006f96:	4643      	mov	r3, r8
10006f98:	2b00      	cmp	r3, #0
10006f9a:	d000      	beq.n	10006f9e <cyw43_spi_transfer+0x282>
10006f9c:	e6cb      	b.n	10006d36 <cyw43_spi_transfer+0x1a>
10006f9e:	2005      	movs	r0, #5
10006fa0:	4240      	negs	r0, r0
10006fa2:	e7ee      	b.n	10006f82 <cyw43_spi_transfer+0x266>
10006fa4:	0000084c 	.word	0x0000084c
10006fa8:	afe00000 	.word	0xafe00000
10006fac:	fffe007f 	.word	0xfffe007f
10006fb0:	000010d0 	.word	0x000010d0
10006fb4:	00006020 	.word	0x00006020
10006fb8:	00006040 	.word	0x00006040
10006fbc:	00000444 	.word	0x00000444
10006fc0:	5000000c 	.word	0x5000000c
10006fc4:	ff007ffd 	.word	0xff007ffd
10006fc8:	00400019 	.word	0x00400019
10006fcc:	00400029 	.word	0x00400029
10006fd0:	50000010 	.word	0x50000010
10006fd4:	0000a003 	.word	0x0000a003
10006fd8:	9b02      	ldr	r3, [sp, #8]
10006fda:	2b00      	cmp	r3, #0
10006fdc:	d0c2      	beq.n	10006f64 <cyw43_spi_transfer+0x248>
10006fde:	2701      	movs	r7, #1
10006fe0:	003a      	movs	r2, r7
10006fe2:	26cc      	movs	r6, #204	@ 0xcc
10006fe4:	408a      	lsls	r2, r1
10006fe6:	46b4      	mov	ip, r6
10006fe8:	6803      	ldr	r3, [r0, #0]
10006fea:	4e54      	ldr	r6, [pc, #336]	@ (1000713c <cyw43_spi_transfer+0x420>)
10006fec:	4393      	bics	r3, r2
10006fee:	6003      	str	r3, [r0, #0]
10006ff0:	6863      	ldr	r3, [r4, #4]
10006ff2:	46b3      	mov	fp, r6
10006ff4:	4699      	mov	r9, r3
10006ff6:	004b      	lsls	r3, r1, #1
10006ff8:	185b      	adds	r3, r3, r1
10006ffa:	00db      	lsls	r3, r3, #3
10006ffc:	18c2      	adds	r2, r0, r3
10006ffe:	4494      	add	ip, r2
10007000:	4662      	mov	r2, ip
10007002:	6812      	ldr	r2, [r2, #0]
10007004:	18c3      	adds	r3, r0, r3
10007006:	4692      	mov	sl, r2
10007008:	464a      	mov	r2, r9
1000700a:	3201      	adds	r2, #1
1000700c:	0312      	lsls	r2, r2, #12
1000700e:	9203      	str	r2, [sp, #12]
10007010:	4656      	mov	r6, sl
10007012:	465a      	mov	r2, fp
10007014:	4016      	ands	r6, r2
10007016:	0032      	movs	r2, r6
10007018:	9e03      	ldr	r6, [sp, #12]
1000701a:	4316      	orrs	r6, r2
1000701c:	0032      	movs	r2, r6
1000701e:	464e      	mov	r6, r9
10007020:	01f6      	lsls	r6, r6, #7
10007022:	4332      	orrs	r2, r6
10007024:	4666      	mov	r6, ip
10007026:	6032      	str	r2, [r6, #0]
10007028:	4a45      	ldr	r2, [pc, #276]	@ (10007140 <cyw43_spi_transfer+0x424>)
1000702a:	003e      	movs	r6, r7
1000702c:	4694      	mov	ip, r2
1000702e:	2280      	movs	r2, #128	@ 0x80
10007030:	4463      	add	r3, ip
10007032:	0612      	lsls	r2, r2, #24
10007034:	601a      	str	r2, [r3, #0]
10007036:	601a      	str	r2, [r3, #0]
10007038:	2280      	movs	r2, #128	@ 0x80
1000703a:	2300      	movs	r3, #0
1000703c:	0452      	lsls	r2, r2, #17
1000703e:	9200      	str	r2, [sp, #0]
10007040:	9301      	str	r3, [sp, #4]
10007042:	f002 fcfb 	bl	10009a3c <pio_sm_set_pindirs_with_mask64>
10007046:	003a      	movs	r2, r7
10007048:	68a0      	ldr	r0, [r4, #8]
1000704a:	6821      	ldr	r1, [r4, #0]
1000704c:	1d03      	adds	r3, r0, #4
1000704e:	409a      	lsls	r2, r3
10007050:	469c      	mov	ip, r3
10007052:	2380      	movs	r3, #128	@ 0x80
10007054:	019b      	lsls	r3, r3, #6
10007056:	18cb      	adds	r3, r1, r3
10007058:	601a      	str	r2, [r3, #0]
1000705a:	0002      	movs	r2, r0
1000705c:	3208      	adds	r2, #8
1000705e:	4096      	lsls	r6, r2
10007060:	0082      	lsls	r2, r0, #2
10007062:	601e      	str	r6, [r3, #0]
10007064:	00eb      	lsls	r3, r5, #3
10007066:	188a      	adds	r2, r1, r2
10007068:	3b01      	subs	r3, #1
1000706a:	6113      	str	r3, [r2, #16]
1000706c:	0043      	lsls	r3, r0, #1
1000706e:	181b      	adds	r3, r3, r0
10007070:	00db      	lsls	r3, r3, #3
10007072:	4e34      	ldr	r6, [pc, #208]	@ (10007144 <cyw43_spi_transfer+0x428>)
10007074:	18cb      	adds	r3, r1, r3
10007076:	33d8      	adds	r3, #216	@ 0xd8
10007078:	601e      	str	r6, [r3, #0]
1000707a:	4646      	mov	r6, r8
1000707c:	6116      	str	r6, [r2, #16]
1000707e:	261f      	movs	r6, #31
10007080:	4a31      	ldr	r2, [pc, #196]	@ (10007148 <cyw43_spi_transfer+0x42c>)
10007082:	4689      	mov	r9, r1
10007084:	601a      	str	r2, [r3, #0]
10007086:	6862      	ldr	r2, [r4, #4]
10007088:	4032      	ands	r2, r6
1000708a:	601a      	str	r2, [r3, #0]
1000708c:	230c      	movs	r3, #12
1000708e:	56e3      	ldrsb	r3, [r4, r3]
10007090:	4a2e      	ldr	r2, [pc, #184]	@ (1000714c <cyw43_spi_transfer+0x430>)
10007092:	409f      	lsls	r7, r3
10007094:	4698      	mov	r8, r3
10007096:	23a0      	movs	r3, #160	@ 0xa0
10007098:	05db      	lsls	r3, r3, #23
1000709a:	509f      	str	r7, [r3, r2]
1000709c:	4643      	mov	r3, r8
1000709e:	019b      	lsls	r3, r3, #6
100070a0:	469b      	mov	fp, r3
100070a2:	4b2b      	ldr	r3, [pc, #172]	@ (10007150 <cyw43_spi_transfer+0x434>)
100070a4:	27a0      	movs	r7, #160	@ 0xa0
100070a6:	2280      	movs	r2, #128	@ 0x80
100070a8:	445b      	add	r3, fp
100070aa:	0019      	movs	r1, r3
100070ac:	05ff      	lsls	r7, r7, #23
100070ae:	9e02      	ldr	r6, [sp, #8]
100070b0:	445f      	add	r7, fp
100070b2:	0452      	lsls	r2, r2, #17
100070b4:	680b      	ldr	r3, [r1, #0]
100070b6:	4213      	tst	r3, r2
100070b8:	d1fc      	bne.n	100070b4 <cyw43_spi_transfer+0x398>
100070ba:	4642      	mov	r2, r8
100070bc:	02d2      	lsls	r2, r2, #11
100070be:	4690      	mov	r8, r2
100070c0:	4a24      	ldr	r2, [pc, #144]	@ (10007154 <cyw43_spi_transfer+0x438>)
100070c2:	4649      	mov	r1, r9
100070c4:	4691      	mov	r9, r2
100070c6:	46b2      	mov	sl, r6
100070c8:	4642      	mov	r2, r8
100070ca:	464e      	mov	r6, r9
100070cc:	4b22      	ldr	r3, [pc, #136]	@ (10007158 <cyw43_spi_transfer+0x43c>)
100070ce:	4032      	ands	r2, r6
100070d0:	18cb      	adds	r3, r1, r3
100070d2:	0d1b      	lsrs	r3, r3, #20
100070d4:	00db      	lsls	r3, r3, #3
100070d6:	181b      	adds	r3, r3, r0
100070d8:	03db      	lsls	r3, r3, #15
100070da:	4313      	orrs	r3, r2
100070dc:	4a1f      	ldr	r2, [pc, #124]	@ (1000715c <cyw43_spi_transfer+0x440>)
100070de:	08ad      	lsrs	r5, r5, #2
100070e0:	431a      	orrs	r2, r3
100070e2:	4653      	mov	r3, sl
100070e4:	603b      	str	r3, [r7, #0]
100070e6:	4663      	mov	r3, ip
100070e8:	009b      	lsls	r3, r3, #2
100070ea:	18cb      	adds	r3, r1, r3
100070ec:	607b      	str	r3, [r7, #4]
100070ee:	2301      	movs	r3, #1
100070f0:	4083      	lsls	r3, r0
100070f2:	60bd      	str	r5, [r7, #8]
100070f4:	60fa      	str	r2, [r7, #12]
100070f6:	680d      	ldr	r5, [r1, #0]
100070f8:	4a19      	ldr	r2, [pc, #100]	@ (10007160 <cyw43_spi_transfer+0x444>)
100070fa:	432b      	orrs	r3, r5
100070fc:	600b      	str	r3, [r1, #0]
100070fe:	2180      	movs	r1, #128	@ 0x80
10007100:	445a      	add	r2, fp
10007102:	0449      	lsls	r1, r1, #17
10007104:	6813      	ldr	r3, [r2, #0]
10007106:	420b      	tst	r3, r1
10007108:	d1fc      	bne.n	10007104 <cyw43_spi_transfer+0x3e8>
1000710a:	2201      	movs	r2, #1
1000710c:	68a3      	ldr	r3, [r4, #8]
1000710e:	6821      	ldr	r1, [r4, #0]
10007110:	3318      	adds	r3, #24
10007112:	409a      	lsls	r2, r3
10007114:	608a      	str	r2, [r1, #8]
10007116:	688b      	ldr	r3, [r1, #8]
10007118:	421a      	tst	r2, r3
1000711a:	d0fc      	beq.n	10007116 <cyw43_spi_transfer+0x3fa>
1000711c:	2201      	movs	r2, #1
1000711e:	68a1      	ldr	r1, [r4, #8]
10007120:	6820      	ldr	r0, [r4, #0]
10007122:	408a      	lsls	r2, r1
10007124:	6803      	ldr	r3, [r0, #0]
10007126:	4393      	bics	r3, r2
10007128:	6003      	str	r3, [r0, #0]
1000712a:	2300      	movs	r3, #0
1000712c:	2218      	movs	r2, #24
1000712e:	9300      	str	r3, [sp, #0]
10007130:	3301      	adds	r3, #1
10007132:	f002 fcd9 	bl	10009ae8 <pio_sm_set_consecutive_pindirs>
10007136:	6820      	ldr	r0, [r4, #0]
10007138:	68a1      	ldr	r1, [r4, #8]
1000713a:	e713      	b.n	10006f64 <cyw43_spi_transfer+0x248>
1000713c:	fffe007f 	.word	0xfffe007f
10007140:	000010d0 	.word	0x000010d0
10007144:	00006020 	.word	0x00006020
10007148:	00006040 	.word	0x00006040
1000714c:	00000444 	.word	0x00000444
10007150:	5000000c 	.word	0x5000000c
10007154:	ff007ffd 	.word	0xff007ffd
10007158:	afe00000 	.word	0xafe00000
1000715c:	00400019 	.word	0x00400019
10007160:	50000010 	.word	0x50000010

10007164 <cyw43_spi_gpio_setup>:
10007164:	b510      	push	{r4, lr}
10007166:	2017      	movs	r0, #23
10007168:	f7f9 fa1a 	bl	100005a0 <gpio_init>
1000716c:	24d0      	movs	r4, #208	@ 0xd0
1000716e:	2380      	movs	r3, #128	@ 0x80
10007170:	0624      	lsls	r4, r4, #24
10007172:	041b      	lsls	r3, r3, #16
10007174:	2200      	movs	r2, #0
10007176:	2101      	movs	r1, #1
10007178:	6263      	str	r3, [r4, #36]	@ 0x24
1000717a:	2017      	movs	r0, #23
1000717c:	f7f9 f98a 	bl	10000494 <gpio_set_pulls>
10007180:	2018      	movs	r0, #24
10007182:	f7f9 fa0d 	bl	100005a0 <gpio_init>
10007186:	2380      	movs	r3, #128	@ 0x80
10007188:	045b      	lsls	r3, r3, #17
1000718a:	6263      	str	r3, [r4, #36]	@ 0x24
1000718c:	2019      	movs	r0, #25
1000718e:	61a3      	str	r3, [r4, #24]
10007190:	f7f9 fa06 	bl	100005a0 <gpio_init>
10007194:	2380      	movs	r3, #128	@ 0x80
10007196:	049b      	lsls	r3, r3, #18
10007198:	6263      	str	r3, [r4, #36]	@ 0x24
1000719a:	6163      	str	r3, [r4, #20]
1000719c:	bd10      	pop	{r4, pc}
1000719e:	46c0      	nop			@ (mov r8, r8)

100071a0 <cyw43_spi_reset>:
100071a0:	b570      	push	{r4, r5, r6, lr}
100071a2:	24d0      	movs	r4, #208	@ 0xd0
100071a4:	2580      	movs	r5, #128	@ 0x80
100071a6:	0624      	lsls	r4, r4, #24
100071a8:	042d      	lsls	r5, r5, #16
100071aa:	61a5      	str	r5, [r4, #24]
100071ac:	2014      	movs	r0, #20
100071ae:	f002 ff55 	bl	1000a05c <cyw43_delay_ms>
100071b2:	6165      	str	r5, [r4, #20]
100071b4:	20fa      	movs	r0, #250	@ 0xfa
100071b6:	f002 ff51 	bl	1000a05c <cyw43_delay_ms>
100071ba:	2018      	movs	r0, #24
100071bc:	f7f9 f9f0 	bl	100005a0 <gpio_init>
100071c0:	2380      	movs	r3, #128	@ 0x80
100071c2:	045b      	lsls	r3, r3, #17
100071c4:	62a3      	str	r3, [r4, #40]	@ 0x28
100071c6:	bd70      	pop	{r4, r5, r6, pc}

100071c8 <read_reg_u32_swap>:
100071c8:	2300      	movs	r3, #0
100071ca:	b500      	push	{lr}
100071cc:	b085      	sub	sp, #20
100071ce:	9303      	str	r3, [sp, #12]
100071d0:	4b0c      	ldr	r3, [pc, #48]	@ (10007204 <read_reg_u32_swap+0x3c>)
100071d2:	02d2      	lsls	r2, r2, #11
100071d4:	401a      	ands	r2, r3
100071d6:	2308      	movs	r3, #8
100071d8:	0709      	lsls	r1, r1, #28
100071da:	4311      	orrs	r1, r2
100071dc:	4a0a      	ldr	r2, [pc, #40]	@ (10007208 <read_reg_u32_swap+0x40>)
100071de:	9300      	str	r3, [sp, #0]
100071e0:	430a      	orrs	r2, r1
100071e2:	ab02      	add	r3, sp, #8
100071e4:	ba52      	rev16	r2, r2
100071e6:	2100      	movs	r1, #0
100071e8:	9202      	str	r2, [sp, #8]
100071ea:	2204      	movs	r2, #4
100071ec:	f7ff fd96 	bl	10006d1c <cyw43_spi_transfer>
100071f0:	2800      	cmp	r0, #0
100071f2:	d103      	bne.n	100071fc <read_reg_u32_swap+0x34>
100071f4:	9803      	ldr	r0, [sp, #12]
100071f6:	ba40      	rev16	r0, r0
100071f8:	b005      	add	sp, #20
100071fa:	bd00      	pop	{pc}
100071fc:	2005      	movs	r0, #5
100071fe:	4240      	negs	r0, r0
10007200:	e7fa      	b.n	100071f8 <read_reg_u32_swap+0x30>
10007202:	46c0      	nop			@ (mov r8, r8)
10007204:	0ffff800 	.word	0x0ffff800
10007208:	40000004 	.word	0x40000004

1000720c <cyw43_read_reg_u32>:
1000720c:	b510      	push	{r4, lr}
1000720e:	4b13      	ldr	r3, [pc, #76]	@ (1000725c <cyw43_read_reg_u32+0x50>)
10007210:	02d2      	lsls	r2, r2, #11
10007212:	401a      	ands	r2, r3
10007214:	070b      	lsls	r3, r1, #28
10007216:	431a      	orrs	r2, r3
10007218:	4b11      	ldr	r3, [pc, #68]	@ (10007260 <cyw43_read_reg_u32+0x54>)
1000721a:	b08a      	sub	sp, #40	@ 0x28
1000721c:	4313      	orrs	r3, r2
1000721e:	1e4c      	subs	r4, r1, #1
10007220:	9304      	str	r3, [sp, #16]
10007222:	4263      	negs	r3, r4
10007224:	4163      	adcs	r3, r4
10007226:	011b      	lsls	r3, r3, #4
10007228:	3308      	adds	r3, #8
1000722a:	9300      	str	r3, [sp, #0]
1000722c:	2204      	movs	r2, #4
1000722e:	2100      	movs	r1, #0
10007230:	ab04      	add	r3, sp, #16
10007232:	f7ff fd73 	bl	10006d1c <cyw43_spi_transfer>
10007236:	2800      	cmp	r0, #0
10007238:	d10c      	bne.n	10007254 <cyw43_read_reg_u32+0x48>
1000723a:	1e63      	subs	r3, r4, #1
1000723c:	419c      	sbcs	r4, r3
1000723e:	2303      	movs	r3, #3
10007240:	2208      	movs	r2, #8
10007242:	4261      	negs	r1, r4
10007244:	4399      	bics	r1, r3
10007246:	3105      	adds	r1, #5
10007248:	ab02      	add	r3, sp, #8
1000724a:	0089      	lsls	r1, r1, #2
1000724c:	189b      	adds	r3, r3, r2
1000724e:	5858      	ldr	r0, [r3, r1]
10007250:	b00a      	add	sp, #40	@ 0x28
10007252:	bd10      	pop	{r4, pc}
10007254:	2005      	movs	r0, #5
10007256:	4240      	negs	r0, r0
10007258:	e7fa      	b.n	10007250 <cyw43_read_reg_u32+0x44>
1000725a:	46c0      	nop			@ (mov r8, r8)
1000725c:	0ffff800 	.word	0x0ffff800
10007260:	40000004 	.word	0x40000004

10007264 <cyw43_read_reg_u16>:
10007264:	b510      	push	{r4, lr}
10007266:	4b13      	ldr	r3, [pc, #76]	@ (100072b4 <cyw43_read_reg_u16+0x50>)
10007268:	02d2      	lsls	r2, r2, #11
1000726a:	401a      	ands	r2, r3
1000726c:	070b      	lsls	r3, r1, #28
1000726e:	431a      	orrs	r2, r3
10007270:	4b11      	ldr	r3, [pc, #68]	@ (100072b8 <cyw43_read_reg_u16+0x54>)
10007272:	b08a      	sub	sp, #40	@ 0x28
10007274:	4313      	orrs	r3, r2
10007276:	1e4c      	subs	r4, r1, #1
10007278:	9304      	str	r3, [sp, #16]
1000727a:	4263      	negs	r3, r4
1000727c:	4163      	adcs	r3, r4
1000727e:	011b      	lsls	r3, r3, #4
10007280:	3308      	adds	r3, #8
10007282:	9300      	str	r3, [sp, #0]
10007284:	2204      	movs	r2, #4
10007286:	2100      	movs	r1, #0
10007288:	ab04      	add	r3, sp, #16
1000728a:	f7ff fd47 	bl	10006d1c <cyw43_spi_transfer>
1000728e:	2800      	cmp	r0, #0
10007290:	d10c      	bne.n	100072ac <cyw43_read_reg_u16+0x48>
10007292:	1e63      	subs	r3, r4, #1
10007294:	419c      	sbcs	r4, r3
10007296:	2303      	movs	r3, #3
10007298:	2208      	movs	r2, #8
1000729a:	4261      	negs	r1, r4
1000729c:	4399      	bics	r1, r3
1000729e:	3105      	adds	r1, #5
100072a0:	ab02      	add	r3, sp, #8
100072a2:	0089      	lsls	r1, r1, #2
100072a4:	189b      	adds	r3, r3, r2
100072a6:	5858      	ldr	r0, [r3, r1]
100072a8:	b00a      	add	sp, #40	@ 0x28
100072aa:	bd10      	pop	{r4, pc}
100072ac:	2005      	movs	r0, #5
100072ae:	4240      	negs	r0, r0
100072b0:	e7fa      	b.n	100072a8 <cyw43_read_reg_u16+0x44>
100072b2:	46c0      	nop			@ (mov r8, r8)
100072b4:	0ffff800 	.word	0x0ffff800
100072b8:	40000002 	.word	0x40000002

100072bc <cyw43_read_reg_u8>:
100072bc:	b510      	push	{r4, lr}
100072be:	4b13      	ldr	r3, [pc, #76]	@ (1000730c <cyw43_read_reg_u8+0x50>)
100072c0:	02d2      	lsls	r2, r2, #11
100072c2:	401a      	ands	r2, r3
100072c4:	070b      	lsls	r3, r1, #28
100072c6:	431a      	orrs	r2, r3
100072c8:	4b11      	ldr	r3, [pc, #68]	@ (10007310 <cyw43_read_reg_u8+0x54>)
100072ca:	b08a      	sub	sp, #40	@ 0x28
100072cc:	4313      	orrs	r3, r2
100072ce:	1e4c      	subs	r4, r1, #1
100072d0:	9304      	str	r3, [sp, #16]
100072d2:	4263      	negs	r3, r4
100072d4:	4163      	adcs	r3, r4
100072d6:	011b      	lsls	r3, r3, #4
100072d8:	3308      	adds	r3, #8
100072da:	9300      	str	r3, [sp, #0]
100072dc:	2204      	movs	r2, #4
100072de:	2100      	movs	r1, #0
100072e0:	ab04      	add	r3, sp, #16
100072e2:	f7ff fd1b 	bl	10006d1c <cyw43_spi_transfer>
100072e6:	2800      	cmp	r0, #0
100072e8:	d10c      	bne.n	10007304 <cyw43_read_reg_u8+0x48>
100072ea:	1e63      	subs	r3, r4, #1
100072ec:	419c      	sbcs	r4, r3
100072ee:	2303      	movs	r3, #3
100072f0:	2208      	movs	r2, #8
100072f2:	4261      	negs	r1, r4
100072f4:	4399      	bics	r1, r3
100072f6:	3105      	adds	r1, #5
100072f8:	ab02      	add	r3, sp, #8
100072fa:	0089      	lsls	r1, r1, #2
100072fc:	189b      	adds	r3, r3, r2
100072fe:	5858      	ldr	r0, [r3, r1]
10007300:	b00a      	add	sp, #40	@ 0x28
10007302:	bd10      	pop	{r4, pc}
10007304:	2005      	movs	r0, #5
10007306:	4240      	negs	r0, r0
10007308:	e7fa      	b.n	10007300 <cyw43_read_reg_u8+0x44>
1000730a:	46c0      	nop			@ (mov r8, r8)
1000730c:	0ffff800 	.word	0x0ffff800
10007310:	40000001 	.word	0x40000001

10007314 <write_reg_u32_swap>:
10007314:	b5f0      	push	{r4, r5, r6, r7, lr}
10007316:	ba5b      	rev16	r3, r3
10007318:	46de      	mov	lr, fp
1000731a:	4657      	mov	r7, sl
1000731c:	464e      	mov	r6, r9
1000731e:	4645      	mov	r5, r8
10007320:	b5e0      	push	{r5, r6, r7, lr}
10007322:	4c73      	ldr	r4, [pc, #460]	@ (100074f0 <write_reg_u32_swap+0x1dc>)
10007324:	02d2      	lsls	r2, r2, #11
10007326:	4022      	ands	r2, r4
10007328:	0709      	lsls	r1, r1, #28
1000732a:	4311      	orrs	r1, r2
1000732c:	4a71      	ldr	r2, [pc, #452]	@ (100074f4 <write_reg_u32_swap+0x1e0>)
1000732e:	b085      	sub	sp, #20
10007330:	430a      	orrs	r2, r1
10007332:	9303      	str	r3, [sp, #12]
10007334:	4b70      	ldr	r3, [pc, #448]	@ (100074f8 <write_reg_u32_swap+0x1e4>)
10007336:	a902      	add	r1, sp, #8
10007338:	58c4      	ldr	r4, [r0, r3]
1000733a:	4b70      	ldr	r3, [pc, #448]	@ (100074fc <write_reg_u32_swap+0x1e8>)
1000733c:	468a      	mov	sl, r1
1000733e:	ba52      	rev16	r2, r2
10007340:	469c      	mov	ip, r3
10007342:	6821      	ldr	r1, [r4, #0]
10007344:	2018      	movs	r0, #24
10007346:	4461      	add	r1, ip
10007348:	0d09      	lsrs	r1, r1, #20
1000734a:	3106      	adds	r1, #6
1000734c:	b2c9      	uxtb	r1, r1
1000734e:	9202      	str	r2, [sp, #8]
10007350:	f7f9 f886 	bl	10000460 <gpio_set_function>
10007354:	4b69      	ldr	r3, [pc, #420]	@ (100074fc <write_reg_u32_swap+0x1e8>)
10007356:	6821      	ldr	r1, [r4, #0]
10007358:	469c      	mov	ip, r3
1000735a:	4461      	add	r1, ip
1000735c:	0d09      	lsrs	r1, r1, #20
1000735e:	3106      	adds	r1, #6
10007360:	201d      	movs	r0, #29
10007362:	b2c9      	uxtb	r1, r1
10007364:	f7f9 f87c 	bl	10000460 <gpio_set_function>
10007368:	2201      	movs	r2, #1
1000736a:	2100      	movs	r1, #0
1000736c:	201d      	movs	r0, #29
1000736e:	f7f9 f891 	bl	10000494 <gpio_set_pulls>
10007372:	23d0      	movs	r3, #208	@ 0xd0
10007374:	2280      	movs	r2, #128	@ 0x80
10007376:	2701      	movs	r7, #1
10007378:	061b      	lsls	r3, r3, #24
1000737a:	0492      	lsls	r2, r2, #18
1000737c:	619a      	str	r2, [r3, #24]
1000737e:	003a      	movs	r2, r7
10007380:	68a1      	ldr	r1, [r4, #8]
10007382:	6820      	ldr	r0, [r4, #0]
10007384:	408a      	lsls	r2, r1
10007386:	6803      	ldr	r3, [r0, #0]
10007388:	6865      	ldr	r5, [r4, #4]
1000738a:	4393      	bics	r3, r2
1000738c:	6003      	str	r3, [r0, #0]
1000738e:	004b      	lsls	r3, r1, #1
10007390:	185b      	adds	r3, r3, r1
10007392:	00db      	lsls	r3, r3, #3
10007394:	18c6      	adds	r6, r0, r3
10007396:	36cc      	adds	r6, #204	@ 0xcc
10007398:	6832      	ldr	r2, [r6, #0]
1000739a:	469c      	mov	ip, r3
1000739c:	4690      	mov	r8, r2
1000739e:	1c6a      	adds	r2, r5, #1
100073a0:	0313      	lsls	r3, r2, #12
100073a2:	4a57      	ldr	r2, [pc, #348]	@ (10007500 <write_reg_u32_swap+0x1ec>)
100073a4:	469b      	mov	fp, r3
100073a6:	4691      	mov	r9, r2
100073a8:	4642      	mov	r2, r8
100073aa:	464b      	mov	r3, r9
100073ac:	401a      	ands	r2, r3
100073ae:	0013      	movs	r3, r2
100073b0:	465a      	mov	r2, fp
100073b2:	01ed      	lsls	r5, r5, #7
100073b4:	431a      	orrs	r2, r3
100073b6:	432a      	orrs	r2, r5
100073b8:	6032      	str	r2, [r6, #0]
100073ba:	4a52      	ldr	r2, [pc, #328]	@ (10007504 <write_reg_u32_swap+0x1f0>)
100073bc:	4663      	mov	r3, ip
100073be:	4694      	mov	ip, r2
100073c0:	2280      	movs	r2, #128	@ 0x80
100073c2:	18c3      	adds	r3, r0, r3
100073c4:	4463      	add	r3, ip
100073c6:	0612      	lsls	r2, r2, #24
100073c8:	601a      	str	r2, [r3, #0]
100073ca:	601a      	str	r2, [r3, #0]
100073cc:	2280      	movs	r2, #128	@ 0x80
100073ce:	2300      	movs	r3, #0
100073d0:	0452      	lsls	r2, r2, #17
100073d2:	9200      	str	r2, [sp, #0]
100073d4:	9301      	str	r3, [sp, #4]
100073d6:	f002 fb31 	bl	10009a3c <pio_sm_set_pindirs_with_mask64>
100073da:	003a      	movs	r2, r7
100073dc:	68a0      	ldr	r0, [r4, #8]
100073de:	6821      	ldr	r1, [r4, #0]
100073e0:	1d03      	adds	r3, r0, #4
100073e2:	409a      	lsls	r2, r3
100073e4:	4699      	mov	r9, r3
100073e6:	2380      	movs	r3, #128	@ 0x80
100073e8:	019b      	lsls	r3, r3, #6
100073ea:	18cb      	adds	r3, r1, r3
100073ec:	601a      	str	r2, [r3, #0]
100073ee:	0002      	movs	r2, r0
100073f0:	003d      	movs	r5, r7
100073f2:	3208      	adds	r2, #8
100073f4:	4095      	lsls	r5, r2
100073f6:	601d      	str	r5, [r3, #0]
100073f8:	233f      	movs	r3, #63	@ 0x3f
100073fa:	0082      	lsls	r2, r0, #2
100073fc:	188a      	adds	r2, r1, r2
100073fe:	6113      	str	r3, [r2, #16]
10007400:	0043      	lsls	r3, r0, #1
10007402:	181b      	adds	r3, r3, r0
10007404:	00db      	lsls	r3, r3, #3
10007406:	4d40      	ldr	r5, [pc, #256]	@ (10007508 <write_reg_u32_swap+0x1f4>)
10007408:	18cb      	adds	r3, r1, r3
1000740a:	33d8      	adds	r3, #216	@ 0xd8
1000740c:	601d      	str	r5, [r3, #0]
1000740e:	2500      	movs	r5, #0
10007410:	6115      	str	r5, [r2, #16]
10007412:	4a3e      	ldr	r2, [pc, #248]	@ (1000750c <write_reg_u32_swap+0x1f8>)
10007414:	351f      	adds	r5, #31
10007416:	601a      	str	r2, [r3, #0]
10007418:	6862      	ldr	r2, [r4, #4]
1000741a:	2680      	movs	r6, #128	@ 0x80
1000741c:	402a      	ands	r2, r5
1000741e:	601a      	str	r2, [r3, #0]
10007420:	230c      	movs	r3, #12
10007422:	56e3      	ldrsb	r3, [r4, r3]
10007424:	4a3a      	ldr	r2, [pc, #232]	@ (10007510 <write_reg_u32_swap+0x1fc>)
10007426:	409f      	lsls	r7, r3
10007428:	469c      	mov	ip, r3
1000742a:	23a0      	movs	r3, #160	@ 0xa0
1000742c:	05db      	lsls	r3, r3, #23
1000742e:	509f      	str	r7, [r3, r2]
10007430:	4663      	mov	r3, ip
10007432:	019a      	lsls	r2, r3, #6
10007434:	23a0      	movs	r3, #160	@ 0xa0
10007436:	05db      	lsls	r3, r3, #23
10007438:	18d7      	adds	r7, r2, r3
1000743a:	4b36      	ldr	r3, [pc, #216]	@ (10007514 <write_reg_u32_swap+0x200>)
1000743c:	0476      	lsls	r6, r6, #17
1000743e:	18d5      	adds	r5, r2, r3
10007440:	682b      	ldr	r3, [r5, #0]
10007442:	4233      	tst	r3, r6
10007444:	d1fc      	bne.n	10007440 <write_reg_u32_swap+0x12c>
10007446:	4665      	mov	r5, ip
10007448:	02ed      	lsls	r5, r5, #11
1000744a:	46ac      	mov	ip, r5
1000744c:	4d32      	ldr	r5, [pc, #200]	@ (10007518 <write_reg_u32_swap+0x204>)
1000744e:	4b2b      	ldr	r3, [pc, #172]	@ (100074fc <write_reg_u32_swap+0x1e8>)
10007450:	46a8      	mov	r8, r5
10007452:	4665      	mov	r5, ip
10007454:	4646      	mov	r6, r8
10007456:	18cb      	adds	r3, r1, r3
10007458:	0d1b      	lsrs	r3, r3, #20
1000745a:	00db      	lsls	r3, r3, #3
1000745c:	181b      	adds	r3, r3, r0
1000745e:	4035      	ands	r5, r6
10007460:	03db      	lsls	r3, r3, #15
10007462:	432b      	orrs	r3, r5
10007464:	4d2d      	ldr	r5, [pc, #180]	@ (1000751c <write_reg_u32_swap+0x208>)
10007466:	432b      	orrs	r3, r5
10007468:	4655      	mov	r5, sl
1000746a:	603d      	str	r5, [r7, #0]
1000746c:	464d      	mov	r5, r9
1000746e:	00ae      	lsls	r6, r5, #2
10007470:	2502      	movs	r5, #2
10007472:	198e      	adds	r6, r1, r6
10007474:	607e      	str	r6, [r7, #4]
10007476:	60bd      	str	r5, [r7, #8]
10007478:	60fb      	str	r3, [r7, #12]
1000747a:	2301      	movs	r3, #1
1000747c:	4083      	lsls	r3, r0
1000747e:	680d      	ldr	r5, [r1, #0]
10007480:	432b      	orrs	r3, r5
10007482:	600b      	str	r3, [r1, #0]
10007484:	4b26      	ldr	r3, [pc, #152]	@ (10007520 <write_reg_u32_swap+0x20c>)
10007486:	2180      	movs	r1, #128	@ 0x80
10007488:	469c      	mov	ip, r3
1000748a:	0449      	lsls	r1, r1, #17
1000748c:	4462      	add	r2, ip
1000748e:	6813      	ldr	r3, [r2, #0]
10007490:	420b      	tst	r3, r1
10007492:	d1fc      	bne.n	1000748e <write_reg_u32_swap+0x17a>
10007494:	2201      	movs	r2, #1
10007496:	68a3      	ldr	r3, [r4, #8]
10007498:	6821      	ldr	r1, [r4, #0]
1000749a:	3318      	adds	r3, #24
1000749c:	409a      	lsls	r2, r3
1000749e:	608a      	str	r2, [r1, #8]
100074a0:	688b      	ldr	r3, [r1, #8]
100074a2:	4213      	tst	r3, r2
100074a4:	d0fc      	beq.n	100074a0 <write_reg_u32_swap+0x18c>
100074a6:	2201      	movs	r2, #1
100074a8:	68a1      	ldr	r1, [r4, #8]
100074aa:	6820      	ldr	r0, [r4, #0]
100074ac:	408a      	lsls	r2, r1
100074ae:	6803      	ldr	r3, [r0, #0]
100074b0:	4393      	bics	r3, r2
100074b2:	6003      	str	r3, [r0, #0]
100074b4:	2300      	movs	r3, #0
100074b6:	2218      	movs	r2, #24
100074b8:	9300      	str	r3, [sp, #0]
100074ba:	3301      	adds	r3, #1
100074bc:	f002 fb14 	bl	10009ae8 <pio_sm_set_consecutive_pindirs>
100074c0:	68a1      	ldr	r1, [r4, #8]
100074c2:	6823      	ldr	r3, [r4, #0]
100074c4:	004a      	lsls	r2, r1, #1
100074c6:	1852      	adds	r2, r2, r1
100074c8:	00d2      	lsls	r2, r2, #3
100074ca:	189b      	adds	r3, r3, r2
100074cc:	4a15      	ldr	r2, [pc, #84]	@ (10007524 <write_reg_u32_swap+0x210>)
100074ce:	33d8      	adds	r3, #216	@ 0xd8
100074d0:	601a      	str	r2, [r3, #0]
100074d2:	23d0      	movs	r3, #208	@ 0xd0
100074d4:	2280      	movs	r2, #128	@ 0x80
100074d6:	061b      	lsls	r3, r3, #24
100074d8:	0492      	lsls	r2, r2, #18
100074da:	615a      	str	r2, [r3, #20]
100074dc:	f7ff fb44 	bl	10006b68 <ns_delay.constprop.0>
100074e0:	2000      	movs	r0, #0
100074e2:	b005      	add	sp, #20
100074e4:	bcf0      	pop	{r4, r5, r6, r7}
100074e6:	46bb      	mov	fp, r7
100074e8:	46b2      	mov	sl, r6
100074ea:	46a9      	mov	r9, r5
100074ec:	46a0      	mov	r8, r4
100074ee:	bdf0      	pop	{r4, r5, r6, r7, pc}
100074f0:	0ffff800 	.word	0x0ffff800
100074f4:	c0000004 	.word	0xc0000004
100074f8:	0000084c 	.word	0x0000084c
100074fc:	afe00000 	.word	0xafe00000
10007500:	fffe007f 	.word	0xfffe007f
10007504:	000010d0 	.word	0x000010d0
10007508:	00006020 	.word	0x00006020
1000750c:	00006040 	.word	0x00006040
10007510:	00000444 	.word	0x00000444
10007514:	5000000c 	.word	0x5000000c
10007518:	ff007ffd 	.word	0xff007ffd
1000751c:	00400019 	.word	0x00400019
10007520:	50000010 	.word	0x50000010
10007524:	0000a003 	.word	0x0000a003

10007528 <cyw43_write_reg_u32>:
10007528:	b5f0      	push	{r4, r5, r6, r7, lr}
1000752a:	46de      	mov	lr, fp
1000752c:	4657      	mov	r7, sl
1000752e:	464e      	mov	r6, r9
10007530:	4645      	mov	r5, r8
10007532:	b5e0      	push	{r5, r6, r7, lr}
10007534:	b085      	sub	sp, #20
10007536:	ac02      	add	r4, sp, #8
10007538:	46a2      	mov	sl, r4
1000753a:	4c72      	ldr	r4, [pc, #456]	@ (10007704 <cyw43_write_reg_u32+0x1dc>)
1000753c:	02d2      	lsls	r2, r2, #11
1000753e:	4022      	ands	r2, r4
10007540:	0709      	lsls	r1, r1, #28
10007542:	430a      	orrs	r2, r1
10007544:	4970      	ldr	r1, [pc, #448]	@ (10007708 <cyw43_write_reg_u32+0x1e0>)
10007546:	2701      	movs	r7, #1
10007548:	430a      	orrs	r2, r1
1000754a:	9202      	str	r2, [sp, #8]
1000754c:	4652      	mov	r2, sl
1000754e:	6053      	str	r3, [r2, #4]
10007550:	4b6e      	ldr	r3, [pc, #440]	@ (1000770c <cyw43_write_reg_u32+0x1e4>)
10007552:	58c4      	ldr	r4, [r0, r3]
10007554:	4b6e      	ldr	r3, [pc, #440]	@ (10007710 <cyw43_write_reg_u32+0x1e8>)
10007556:	6821      	ldr	r1, [r4, #0]
10007558:	469c      	mov	ip, r3
1000755a:	4461      	add	r1, ip
1000755c:	0d09      	lsrs	r1, r1, #20
1000755e:	3106      	adds	r1, #6
10007560:	2018      	movs	r0, #24
10007562:	b2c9      	uxtb	r1, r1
10007564:	f7f8 ff7c 	bl	10000460 <gpio_set_function>
10007568:	4b69      	ldr	r3, [pc, #420]	@ (10007710 <cyw43_write_reg_u32+0x1e8>)
1000756a:	6821      	ldr	r1, [r4, #0]
1000756c:	469c      	mov	ip, r3
1000756e:	4461      	add	r1, ip
10007570:	0d09      	lsrs	r1, r1, #20
10007572:	3106      	adds	r1, #6
10007574:	201d      	movs	r0, #29
10007576:	b2c9      	uxtb	r1, r1
10007578:	f7f8 ff72 	bl	10000460 <gpio_set_function>
1000757c:	2201      	movs	r2, #1
1000757e:	2100      	movs	r1, #0
10007580:	201d      	movs	r0, #29
10007582:	f7f8 ff87 	bl	10000494 <gpio_set_pulls>
10007586:	23d0      	movs	r3, #208	@ 0xd0
10007588:	2280      	movs	r2, #128	@ 0x80
1000758a:	061b      	lsls	r3, r3, #24
1000758c:	0492      	lsls	r2, r2, #18
1000758e:	619a      	str	r2, [r3, #24]
10007590:	003a      	movs	r2, r7
10007592:	68a1      	ldr	r1, [r4, #8]
10007594:	6820      	ldr	r0, [r4, #0]
10007596:	408a      	lsls	r2, r1
10007598:	6803      	ldr	r3, [r0, #0]
1000759a:	6865      	ldr	r5, [r4, #4]
1000759c:	4393      	bics	r3, r2
1000759e:	6003      	str	r3, [r0, #0]
100075a0:	004b      	lsls	r3, r1, #1
100075a2:	185b      	adds	r3, r3, r1
100075a4:	00db      	lsls	r3, r3, #3
100075a6:	18c6      	adds	r6, r0, r3
100075a8:	36cc      	adds	r6, #204	@ 0xcc
100075aa:	6832      	ldr	r2, [r6, #0]
100075ac:	469c      	mov	ip, r3
100075ae:	4690      	mov	r8, r2
100075b0:	1c6a      	adds	r2, r5, #1
100075b2:	0313      	lsls	r3, r2, #12
100075b4:	4a57      	ldr	r2, [pc, #348]	@ (10007714 <cyw43_write_reg_u32+0x1ec>)
100075b6:	469b      	mov	fp, r3
100075b8:	4691      	mov	r9, r2
100075ba:	4642      	mov	r2, r8
100075bc:	464b      	mov	r3, r9
100075be:	401a      	ands	r2, r3
100075c0:	0013      	movs	r3, r2
100075c2:	465a      	mov	r2, fp
100075c4:	01ed      	lsls	r5, r5, #7
100075c6:	431a      	orrs	r2, r3
100075c8:	432a      	orrs	r2, r5
100075ca:	6032      	str	r2, [r6, #0]
100075cc:	4a52      	ldr	r2, [pc, #328]	@ (10007718 <cyw43_write_reg_u32+0x1f0>)
100075ce:	4663      	mov	r3, ip
100075d0:	4694      	mov	ip, r2
100075d2:	2280      	movs	r2, #128	@ 0x80
100075d4:	18c3      	adds	r3, r0, r3
100075d6:	4463      	add	r3, ip
100075d8:	0612      	lsls	r2, r2, #24
100075da:	601a      	str	r2, [r3, #0]
100075dc:	601a      	str	r2, [r3, #0]
100075de:	2280      	movs	r2, #128	@ 0x80
100075e0:	2300      	movs	r3, #0
100075e2:	0452      	lsls	r2, r2, #17
100075e4:	9200      	str	r2, [sp, #0]
100075e6:	9301      	str	r3, [sp, #4]
100075e8:	f002 fa28 	bl	10009a3c <pio_sm_set_pindirs_with_mask64>
100075ec:	003a      	movs	r2, r7
100075ee:	68a0      	ldr	r0, [r4, #8]
100075f0:	6821      	ldr	r1, [r4, #0]
100075f2:	1d03      	adds	r3, r0, #4
100075f4:	409a      	lsls	r2, r3
100075f6:	4699      	mov	r9, r3
100075f8:	2380      	movs	r3, #128	@ 0x80
100075fa:	019b      	lsls	r3, r3, #6
100075fc:	18cb      	adds	r3, r1, r3
100075fe:	601a      	str	r2, [r3, #0]
10007600:	0002      	movs	r2, r0
10007602:	003d      	movs	r5, r7
10007604:	3208      	adds	r2, #8
10007606:	4095      	lsls	r5, r2
10007608:	601d      	str	r5, [r3, #0]
1000760a:	233f      	movs	r3, #63	@ 0x3f
1000760c:	0082      	lsls	r2, r0, #2
1000760e:	188a      	adds	r2, r1, r2
10007610:	6113      	str	r3, [r2, #16]
10007612:	0043      	lsls	r3, r0, #1
10007614:	181b      	adds	r3, r3, r0
10007616:	00db      	lsls	r3, r3, #3
10007618:	4d40      	ldr	r5, [pc, #256]	@ (1000771c <cyw43_write_reg_u32+0x1f4>)
1000761a:	18cb      	adds	r3, r1, r3
1000761c:	33d8      	adds	r3, #216	@ 0xd8
1000761e:	601d      	str	r5, [r3, #0]
10007620:	2500      	movs	r5, #0
10007622:	6115      	str	r5, [r2, #16]
10007624:	4a3e      	ldr	r2, [pc, #248]	@ (10007720 <cyw43_write_reg_u32+0x1f8>)
10007626:	351f      	adds	r5, #31
10007628:	601a      	str	r2, [r3, #0]
1000762a:	6862      	ldr	r2, [r4, #4]
1000762c:	2680      	movs	r6, #128	@ 0x80
1000762e:	402a      	ands	r2, r5
10007630:	601a      	str	r2, [r3, #0]
10007632:	230c      	movs	r3, #12
10007634:	56e3      	ldrsb	r3, [r4, r3]
10007636:	4a3b      	ldr	r2, [pc, #236]	@ (10007724 <cyw43_write_reg_u32+0x1fc>)
10007638:	409f      	lsls	r7, r3
1000763a:	469c      	mov	ip, r3
1000763c:	23a0      	movs	r3, #160	@ 0xa0
1000763e:	05db      	lsls	r3, r3, #23
10007640:	509f      	str	r7, [r3, r2]
10007642:	4663      	mov	r3, ip
10007644:	019a      	lsls	r2, r3, #6
10007646:	23a0      	movs	r3, #160	@ 0xa0
10007648:	05db      	lsls	r3, r3, #23
1000764a:	18d7      	adds	r7, r2, r3
1000764c:	4b36      	ldr	r3, [pc, #216]	@ (10007728 <cyw43_write_reg_u32+0x200>)
1000764e:	0476      	lsls	r6, r6, #17
10007650:	18d5      	adds	r5, r2, r3
10007652:	682b      	ldr	r3, [r5, #0]
10007654:	4233      	tst	r3, r6
10007656:	d1fc      	bne.n	10007652 <cyw43_write_reg_u32+0x12a>
10007658:	4665      	mov	r5, ip
1000765a:	02ed      	lsls	r5, r5, #11
1000765c:	46ac      	mov	ip, r5
1000765e:	4d33      	ldr	r5, [pc, #204]	@ (1000772c <cyw43_write_reg_u32+0x204>)
10007660:	4b2b      	ldr	r3, [pc, #172]	@ (10007710 <cyw43_write_reg_u32+0x1e8>)
10007662:	46a8      	mov	r8, r5
10007664:	4665      	mov	r5, ip
10007666:	4646      	mov	r6, r8
10007668:	18cb      	adds	r3, r1, r3
1000766a:	0d1b      	lsrs	r3, r3, #20
1000766c:	00db      	lsls	r3, r3, #3
1000766e:	181b      	adds	r3, r3, r0
10007670:	4035      	ands	r5, r6
10007672:	03db      	lsls	r3, r3, #15
10007674:	432b      	orrs	r3, r5
10007676:	4d2e      	ldr	r5, [pc, #184]	@ (10007730 <cyw43_write_reg_u32+0x208>)
10007678:	432b      	orrs	r3, r5
1000767a:	4655      	mov	r5, sl
1000767c:	603d      	str	r5, [r7, #0]
1000767e:	464d      	mov	r5, r9
10007680:	00ae      	lsls	r6, r5, #2
10007682:	2502      	movs	r5, #2
10007684:	198e      	adds	r6, r1, r6
10007686:	607e      	str	r6, [r7, #4]
10007688:	60bd      	str	r5, [r7, #8]
1000768a:	60fb      	str	r3, [r7, #12]
1000768c:	2301      	movs	r3, #1
1000768e:	4083      	lsls	r3, r0
10007690:	680d      	ldr	r5, [r1, #0]
10007692:	432b      	orrs	r3, r5
10007694:	600b      	str	r3, [r1, #0]
10007696:	4b27      	ldr	r3, [pc, #156]	@ (10007734 <cyw43_write_reg_u32+0x20c>)
10007698:	2180      	movs	r1, #128	@ 0x80
1000769a:	469c      	mov	ip, r3
1000769c:	0449      	lsls	r1, r1, #17
1000769e:	4462      	add	r2, ip
100076a0:	6813      	ldr	r3, [r2, #0]
100076a2:	420b      	tst	r3, r1
100076a4:	d1fc      	bne.n	100076a0 <cyw43_write_reg_u32+0x178>
100076a6:	2201      	movs	r2, #1
100076a8:	68a3      	ldr	r3, [r4, #8]
100076aa:	6821      	ldr	r1, [r4, #0]
100076ac:	3318      	adds	r3, #24
100076ae:	409a      	lsls	r2, r3
100076b0:	608a      	str	r2, [r1, #8]
100076b2:	688b      	ldr	r3, [r1, #8]
100076b4:	4213      	tst	r3, r2
100076b6:	d0fc      	beq.n	100076b2 <cyw43_write_reg_u32+0x18a>
100076b8:	2201      	movs	r2, #1
100076ba:	68a1      	ldr	r1, [r4, #8]
100076bc:	6820      	ldr	r0, [r4, #0]
100076be:	408a      	lsls	r2, r1
100076c0:	6803      	ldr	r3, [r0, #0]
100076c2:	4393      	bics	r3, r2
100076c4:	6003      	str	r3, [r0, #0]
100076c6:	2300      	movs	r3, #0
100076c8:	2218      	movs	r2, #24
100076ca:	9300      	str	r3, [sp, #0]
100076cc:	3301      	adds	r3, #1
100076ce:	f002 fa0b 	bl	10009ae8 <pio_sm_set_consecutive_pindirs>
100076d2:	68a1      	ldr	r1, [r4, #8]
100076d4:	6823      	ldr	r3, [r4, #0]
100076d6:	004a      	lsls	r2, r1, #1
100076d8:	1852      	adds	r2, r2, r1
100076da:	00d2      	lsls	r2, r2, #3
100076dc:	189b      	adds	r3, r3, r2
100076de:	4a16      	ldr	r2, [pc, #88]	@ (10007738 <cyw43_write_reg_u32+0x210>)
100076e0:	33d8      	adds	r3, #216	@ 0xd8
100076e2:	601a      	str	r2, [r3, #0]
100076e4:	23d0      	movs	r3, #208	@ 0xd0
100076e6:	2280      	movs	r2, #128	@ 0x80
100076e8:	061b      	lsls	r3, r3, #24
100076ea:	0492      	lsls	r2, r2, #18
100076ec:	615a      	str	r2, [r3, #20]
100076ee:	f7ff fa3b 	bl	10006b68 <ns_delay.constprop.0>
100076f2:	2000      	movs	r0, #0
100076f4:	b005      	add	sp, #20
100076f6:	bcf0      	pop	{r4, r5, r6, r7}
100076f8:	46bb      	mov	fp, r7
100076fa:	46b2      	mov	sl, r6
100076fc:	46a9      	mov	r9, r5
100076fe:	46a0      	mov	r8, r4
10007700:	bdf0      	pop	{r4, r5, r6, r7, pc}
10007702:	46c0      	nop			@ (mov r8, r8)
10007704:	0ffff800 	.word	0x0ffff800
10007708:	c0000004 	.word	0xc0000004
1000770c:	0000084c 	.word	0x0000084c
10007710:	afe00000 	.word	0xafe00000
10007714:	fffe007f 	.word	0xfffe007f
10007718:	000010d0 	.word	0x000010d0
1000771c:	00006020 	.word	0x00006020
10007720:	00006040 	.word	0x00006040
10007724:	00000444 	.word	0x00000444
10007728:	5000000c 	.word	0x5000000c
1000772c:	ff007ffd 	.word	0xff007ffd
10007730:	00400019 	.word	0x00400019
10007734:	50000010 	.word	0x50000010
10007738:	0000a003 	.word	0x0000a003

1000773c <cyw43_write_reg_u16>:
1000773c:	b5f0      	push	{r4, r5, r6, r7, lr}
1000773e:	46de      	mov	lr, fp
10007740:	4657      	mov	r7, sl
10007742:	464e      	mov	r6, r9
10007744:	4645      	mov	r5, r8
10007746:	b5e0      	push	{r5, r6, r7, lr}
10007748:	b085      	sub	sp, #20
1000774a:	ac02      	add	r4, sp, #8
1000774c:	46a2      	mov	sl, r4
1000774e:	4c72      	ldr	r4, [pc, #456]	@ (10007918 <cyw43_write_reg_u16+0x1dc>)
10007750:	02d2      	lsls	r2, r2, #11
10007752:	4022      	ands	r2, r4
10007754:	0709      	lsls	r1, r1, #28
10007756:	430a      	orrs	r2, r1
10007758:	4970      	ldr	r1, [pc, #448]	@ (1000791c <cyw43_write_reg_u16+0x1e0>)
1000775a:	2701      	movs	r7, #1
1000775c:	430a      	orrs	r2, r1
1000775e:	9202      	str	r2, [sp, #8]
10007760:	4652      	mov	r2, sl
10007762:	6053      	str	r3, [r2, #4]
10007764:	4b6e      	ldr	r3, [pc, #440]	@ (10007920 <cyw43_write_reg_u16+0x1e4>)
10007766:	58c4      	ldr	r4, [r0, r3]
10007768:	4b6e      	ldr	r3, [pc, #440]	@ (10007924 <cyw43_write_reg_u16+0x1e8>)
1000776a:	6821      	ldr	r1, [r4, #0]
1000776c:	469c      	mov	ip, r3
1000776e:	4461      	add	r1, ip
10007770:	0d09      	lsrs	r1, r1, #20
10007772:	3106      	adds	r1, #6
10007774:	2018      	movs	r0, #24
10007776:	b2c9      	uxtb	r1, r1
10007778:	f7f8 fe72 	bl	10000460 <gpio_set_function>
1000777c:	4b69      	ldr	r3, [pc, #420]	@ (10007924 <cyw43_write_reg_u16+0x1e8>)
1000777e:	6821      	ldr	r1, [r4, #0]
10007780:	469c      	mov	ip, r3
10007782:	4461      	add	r1, ip
10007784:	0d09      	lsrs	r1, r1, #20
10007786:	3106      	adds	r1, #6
10007788:	201d      	movs	r0, #29
1000778a:	b2c9      	uxtb	r1, r1
1000778c:	f7f8 fe68 	bl	10000460 <gpio_set_function>
10007790:	2201      	movs	r2, #1
10007792:	2100      	movs	r1, #0
10007794:	201d      	movs	r0, #29
10007796:	f7f8 fe7d 	bl	10000494 <gpio_set_pulls>
1000779a:	23d0      	movs	r3, #208	@ 0xd0
1000779c:	2280      	movs	r2, #128	@ 0x80
1000779e:	061b      	lsls	r3, r3, #24
100077a0:	0492      	lsls	r2, r2, #18
100077a2:	619a      	str	r2, [r3, #24]
100077a4:	003a      	movs	r2, r7
100077a6:	68a1      	ldr	r1, [r4, #8]
100077a8:	6820      	ldr	r0, [r4, #0]
100077aa:	408a      	lsls	r2, r1
100077ac:	6803      	ldr	r3, [r0, #0]
100077ae:	6865      	ldr	r5, [r4, #4]
100077b0:	4393      	bics	r3, r2
100077b2:	6003      	str	r3, [r0, #0]
100077b4:	004b      	lsls	r3, r1, #1
100077b6:	185b      	adds	r3, r3, r1
100077b8:	00db      	lsls	r3, r3, #3
100077ba:	18c6      	adds	r6, r0, r3
100077bc:	36cc      	adds	r6, #204	@ 0xcc
100077be:	6832      	ldr	r2, [r6, #0]
100077c0:	469c      	mov	ip, r3
100077c2:	4690      	mov	r8, r2
100077c4:	1c6a      	adds	r2, r5, #1
100077c6:	0313      	lsls	r3, r2, #12
100077c8:	4a57      	ldr	r2, [pc, #348]	@ (10007928 <cyw43_write_reg_u16+0x1ec>)
100077ca:	469b      	mov	fp, r3
100077cc:	4691      	mov	r9, r2
100077ce:	4642      	mov	r2, r8
100077d0:	464b      	mov	r3, r9
100077d2:	401a      	ands	r2, r3
100077d4:	0013      	movs	r3, r2
100077d6:	465a      	mov	r2, fp
100077d8:	01ed      	lsls	r5, r5, #7
100077da:	431a      	orrs	r2, r3
100077dc:	432a      	orrs	r2, r5
100077de:	6032      	str	r2, [r6, #0]
100077e0:	4a52      	ldr	r2, [pc, #328]	@ (1000792c <cyw43_write_reg_u16+0x1f0>)
100077e2:	4663      	mov	r3, ip
100077e4:	4694      	mov	ip, r2
100077e6:	2280      	movs	r2, #128	@ 0x80
100077e8:	18c3      	adds	r3, r0, r3
100077ea:	4463      	add	r3, ip
100077ec:	0612      	lsls	r2, r2, #24
100077ee:	601a      	str	r2, [r3, #0]
100077f0:	601a      	str	r2, [r3, #0]
100077f2:	2280      	movs	r2, #128	@ 0x80
100077f4:	2300      	movs	r3, #0
100077f6:	0452      	lsls	r2, r2, #17
100077f8:	9200      	str	r2, [sp, #0]
100077fa:	9301      	str	r3, [sp, #4]
100077fc:	f002 f91e 	bl	10009a3c <pio_sm_set_pindirs_with_mask64>
10007800:	003a      	movs	r2, r7
10007802:	68a0      	ldr	r0, [r4, #8]
10007804:	6821      	ldr	r1, [r4, #0]
10007806:	1d03      	adds	r3, r0, #4
10007808:	409a      	lsls	r2, r3
1000780a:	4699      	mov	r9, r3
1000780c:	2380      	movs	r3, #128	@ 0x80
1000780e:	019b      	lsls	r3, r3, #6
10007810:	18cb      	adds	r3, r1, r3
10007812:	601a      	str	r2, [r3, #0]
10007814:	0002      	movs	r2, r0
10007816:	003d      	movs	r5, r7
10007818:	3208      	adds	r2, #8
1000781a:	4095      	lsls	r5, r2
1000781c:	601d      	str	r5, [r3, #0]
1000781e:	233f      	movs	r3, #63	@ 0x3f
10007820:	0082      	lsls	r2, r0, #2
10007822:	188a      	adds	r2, r1, r2
10007824:	6113      	str	r3, [r2, #16]
10007826:	0043      	lsls	r3, r0, #1
10007828:	181b      	adds	r3, r3, r0
1000782a:	00db      	lsls	r3, r3, #3
1000782c:	4d40      	ldr	r5, [pc, #256]	@ (10007930 <cyw43_write_reg_u16+0x1f4>)
1000782e:	18cb      	adds	r3, r1, r3
10007830:	33d8      	adds	r3, #216	@ 0xd8
10007832:	601d      	str	r5, [r3, #0]
10007834:	2500      	movs	r5, #0
10007836:	6115      	str	r5, [r2, #16]
10007838:	4a3e      	ldr	r2, [pc, #248]	@ (10007934 <cyw43_write_reg_u16+0x1f8>)
1000783a:	351f      	adds	r5, #31
1000783c:	601a      	str	r2, [r3, #0]
1000783e:	6862      	ldr	r2, [r4, #4]
10007840:	2680      	movs	r6, #128	@ 0x80
10007842:	402a      	ands	r2, r5
10007844:	601a      	str	r2, [r3, #0]
10007846:	230c      	movs	r3, #12
10007848:	56e3      	ldrsb	r3, [r4, r3]
1000784a:	4a3b      	ldr	r2, [pc, #236]	@ (10007938 <cyw43_write_reg_u16+0x1fc>)
1000784c:	409f      	lsls	r7, r3
1000784e:	469c      	mov	ip, r3
10007850:	23a0      	movs	r3, #160	@ 0xa0
10007852:	05db      	lsls	r3, r3, #23
10007854:	509f      	str	r7, [r3, r2]
10007856:	4663      	mov	r3, ip
10007858:	019a      	lsls	r2, r3, #6
1000785a:	23a0      	movs	r3, #160	@ 0xa0
1000785c:	05db      	lsls	r3, r3, #23
1000785e:	18d7      	adds	r7, r2, r3
10007860:	4b36      	ldr	r3, [pc, #216]	@ (1000793c <cyw43_write_reg_u16+0x200>)
10007862:	0476      	lsls	r6, r6, #17
10007864:	18d5      	adds	r5, r2, r3
10007866:	682b      	ldr	r3, [r5, #0]
10007868:	4233      	tst	r3, r6
1000786a:	d1fc      	bne.n	10007866 <cyw43_write_reg_u16+0x12a>
1000786c:	4665      	mov	r5, ip
1000786e:	02ed      	lsls	r5, r5, #11
10007870:	46ac      	mov	ip, r5
10007872:	4d33      	ldr	r5, [pc, #204]	@ (10007940 <cyw43_write_reg_u16+0x204>)
10007874:	4b2b      	ldr	r3, [pc, #172]	@ (10007924 <cyw43_write_reg_u16+0x1e8>)
10007876:	46a8      	mov	r8, r5
10007878:	4665      	mov	r5, ip
1000787a:	4646      	mov	r6, r8
1000787c:	18cb      	adds	r3, r1, r3
1000787e:	0d1b      	lsrs	r3, r3, #20
10007880:	00db      	lsls	r3, r3, #3
10007882:	181b      	adds	r3, r3, r0
10007884:	4035      	ands	r5, r6
10007886:	03db      	lsls	r3, r3, #15
10007888:	432b      	orrs	r3, r5
1000788a:	4d2e      	ldr	r5, [pc, #184]	@ (10007944 <cyw43_write_reg_u16+0x208>)
1000788c:	432b      	orrs	r3, r5
1000788e:	4655      	mov	r5, sl
10007890:	603d      	str	r5, [r7, #0]
10007892:	464d      	mov	r5, r9
10007894:	00ae      	lsls	r6, r5, #2
10007896:	2502      	movs	r5, #2
10007898:	198e      	adds	r6, r1, r6
1000789a:	607e      	str	r6, [r7, #4]
1000789c:	60bd      	str	r5, [r7, #8]
1000789e:	60fb      	str	r3, [r7, #12]
100078a0:	2301      	movs	r3, #1
100078a2:	4083      	lsls	r3, r0
100078a4:	680d      	ldr	r5, [r1, #0]
100078a6:	432b      	orrs	r3, r5
100078a8:	600b      	str	r3, [r1, #0]
100078aa:	4b27      	ldr	r3, [pc, #156]	@ (10007948 <cyw43_write_reg_u16+0x20c>)
100078ac:	2180      	movs	r1, #128	@ 0x80
100078ae:	469c      	mov	ip, r3
100078b0:	0449      	lsls	r1, r1, #17
100078b2:	4462      	add	r2, ip
100078b4:	6813      	ldr	r3, [r2, #0]
100078b6:	420b      	tst	r3, r1
100078b8:	d1fc      	bne.n	100078b4 <cyw43_write_reg_u16+0x178>
100078ba:	2201      	movs	r2, #1
100078bc:	68a3      	ldr	r3, [r4, #8]
100078be:	6821      	ldr	r1, [r4, #0]
100078c0:	3318      	adds	r3, #24
100078c2:	409a      	lsls	r2, r3
100078c4:	608a      	str	r2, [r1, #8]
100078c6:	688b      	ldr	r3, [r1, #8]
100078c8:	4213      	tst	r3, r2
100078ca:	d0fc      	beq.n	100078c6 <cyw43_write_reg_u16+0x18a>
100078cc:	2201      	movs	r2, #1
100078ce:	68a1      	ldr	r1, [r4, #8]
100078d0:	6820      	ldr	r0, [r4, #0]
100078d2:	408a      	lsls	r2, r1
100078d4:	6803      	ldr	r3, [r0, #0]
100078d6:	4393      	bics	r3, r2
100078d8:	6003      	str	r3, [r0, #0]
100078da:	2300      	movs	r3, #0
100078dc:	2218      	movs	r2, #24
100078de:	9300      	str	r3, [sp, #0]
100078e0:	3301      	adds	r3, #1
100078e2:	f002 f901 	bl	10009ae8 <pio_sm_set_consecutive_pindirs>
100078e6:	68a1      	ldr	r1, [r4, #8]
100078e8:	6823      	ldr	r3, [r4, #0]
100078ea:	004a      	lsls	r2, r1, #1
100078ec:	1852      	adds	r2, r2, r1
100078ee:	00d2      	lsls	r2, r2, #3
100078f0:	189b      	adds	r3, r3, r2
100078f2:	4a16      	ldr	r2, [pc, #88]	@ (1000794c <cyw43_write_reg_u16+0x210>)
100078f4:	33d8      	adds	r3, #216	@ 0xd8
100078f6:	601a      	str	r2, [r3, #0]
100078f8:	23d0      	movs	r3, #208	@ 0xd0
100078fa:	2280      	movs	r2, #128	@ 0x80
100078fc:	061b      	lsls	r3, r3, #24
100078fe:	0492      	lsls	r2, r2, #18
10007900:	615a      	str	r2, [r3, #20]
10007902:	f7ff f931 	bl	10006b68 <ns_delay.constprop.0>
10007906:	2000      	movs	r0, #0
10007908:	b005      	add	sp, #20
1000790a:	bcf0      	pop	{r4, r5, r6, r7}
1000790c:	46bb      	mov	fp, r7
1000790e:	46b2      	mov	sl, r6
10007910:	46a9      	mov	r9, r5
10007912:	46a0      	mov	r8, r4
10007914:	bdf0      	pop	{r4, r5, r6, r7, pc}
10007916:	46c0      	nop			@ (mov r8, r8)
10007918:	0ffff800 	.word	0x0ffff800
1000791c:	c0000002 	.word	0xc0000002
10007920:	0000084c 	.word	0x0000084c
10007924:	afe00000 	.word	0xafe00000
10007928:	fffe007f 	.word	0xfffe007f
1000792c:	000010d0 	.word	0x000010d0
10007930:	00006020 	.word	0x00006020
10007934:	00006040 	.word	0x00006040
10007938:	00000444 	.word	0x00000444
1000793c:	5000000c 	.word	0x5000000c
10007940:	ff007ffd 	.word	0xff007ffd
10007944:	00400019 	.word	0x00400019
10007948:	50000010 	.word	0x50000010
1000794c:	0000a003 	.word	0x0000a003

10007950 <cyw43_write_reg_u8>:
10007950:	b5f0      	push	{r4, r5, r6, r7, lr}
10007952:	46de      	mov	lr, fp
10007954:	4657      	mov	r7, sl
10007956:	464e      	mov	r6, r9
10007958:	4645      	mov	r5, r8
1000795a:	b5e0      	push	{r5, r6, r7, lr}
1000795c:	b085      	sub	sp, #20
1000795e:	ac02      	add	r4, sp, #8
10007960:	46a2      	mov	sl, r4
10007962:	4c72      	ldr	r4, [pc, #456]	@ (10007b2c <cyw43_write_reg_u8+0x1dc>)
10007964:	02d2      	lsls	r2, r2, #11
10007966:	4022      	ands	r2, r4
10007968:	0709      	lsls	r1, r1, #28
1000796a:	430a      	orrs	r2, r1
1000796c:	4970      	ldr	r1, [pc, #448]	@ (10007b30 <cyw43_write_reg_u8+0x1e0>)
1000796e:	2701      	movs	r7, #1
10007970:	430a      	orrs	r2, r1
10007972:	9202      	str	r2, [sp, #8]
10007974:	4652      	mov	r2, sl
10007976:	6053      	str	r3, [r2, #4]
10007978:	4b6e      	ldr	r3, [pc, #440]	@ (10007b34 <cyw43_write_reg_u8+0x1e4>)
1000797a:	58c4      	ldr	r4, [r0, r3]
1000797c:	4b6e      	ldr	r3, [pc, #440]	@ (10007b38 <cyw43_write_reg_u8+0x1e8>)
1000797e:	6821      	ldr	r1, [r4, #0]
10007980:	469c      	mov	ip, r3
10007982:	4461      	add	r1, ip
10007984:	0d09      	lsrs	r1, r1, #20
10007986:	3106      	adds	r1, #6
10007988:	2018      	movs	r0, #24
1000798a:	b2c9      	uxtb	r1, r1
1000798c:	f7f8 fd68 	bl	10000460 <gpio_set_function>
10007990:	4b69      	ldr	r3, [pc, #420]	@ (10007b38 <cyw43_write_reg_u8+0x1e8>)
10007992:	6821      	ldr	r1, [r4, #0]
10007994:	469c      	mov	ip, r3
10007996:	4461      	add	r1, ip
10007998:	0d09      	lsrs	r1, r1, #20
1000799a:	3106      	adds	r1, #6
1000799c:	201d      	movs	r0, #29
1000799e:	b2c9      	uxtb	r1, r1
100079a0:	f7f8 fd5e 	bl	10000460 <gpio_set_function>
100079a4:	2201      	movs	r2, #1
100079a6:	2100      	movs	r1, #0
100079a8:	201d      	movs	r0, #29
100079aa:	f7f8 fd73 	bl	10000494 <gpio_set_pulls>
100079ae:	23d0      	movs	r3, #208	@ 0xd0
100079b0:	2280      	movs	r2, #128	@ 0x80
100079b2:	061b      	lsls	r3, r3, #24
100079b4:	0492      	lsls	r2, r2, #18
100079b6:	619a      	str	r2, [r3, #24]
100079b8:	003a      	movs	r2, r7
100079ba:	68a1      	ldr	r1, [r4, #8]
100079bc:	6820      	ldr	r0, [r4, #0]
100079be:	408a      	lsls	r2, r1
100079c0:	6803      	ldr	r3, [r0, #0]
100079c2:	6865      	ldr	r5, [r4, #4]
100079c4:	4393      	bics	r3, r2
100079c6:	6003      	str	r3, [r0, #0]
100079c8:	004b      	lsls	r3, r1, #1
100079ca:	185b      	adds	r3, r3, r1
100079cc:	00db      	lsls	r3, r3, #3
100079ce:	18c6      	adds	r6, r0, r3
100079d0:	36cc      	adds	r6, #204	@ 0xcc
100079d2:	6832      	ldr	r2, [r6, #0]
100079d4:	469c      	mov	ip, r3
100079d6:	4690      	mov	r8, r2
100079d8:	1c6a      	adds	r2, r5, #1
100079da:	0313      	lsls	r3, r2, #12
100079dc:	4a57      	ldr	r2, [pc, #348]	@ (10007b3c <cyw43_write_reg_u8+0x1ec>)
100079de:	469b      	mov	fp, r3
100079e0:	4691      	mov	r9, r2
100079e2:	4642      	mov	r2, r8
100079e4:	464b      	mov	r3, r9
100079e6:	401a      	ands	r2, r3
100079e8:	0013      	movs	r3, r2
100079ea:	465a      	mov	r2, fp
100079ec:	01ed      	lsls	r5, r5, #7
100079ee:	431a      	orrs	r2, r3
100079f0:	432a      	orrs	r2, r5
100079f2:	6032      	str	r2, [r6, #0]
100079f4:	4a52      	ldr	r2, [pc, #328]	@ (10007b40 <cyw43_write_reg_u8+0x1f0>)
100079f6:	4663      	mov	r3, ip
100079f8:	4694      	mov	ip, r2
100079fa:	2280      	movs	r2, #128	@ 0x80
100079fc:	18c3      	adds	r3, r0, r3
100079fe:	4463      	add	r3, ip
10007a00:	0612      	lsls	r2, r2, #24
10007a02:	601a      	str	r2, [r3, #0]
10007a04:	601a      	str	r2, [r3, #0]
10007a06:	2280      	movs	r2, #128	@ 0x80
10007a08:	2300      	movs	r3, #0
10007a0a:	0452      	lsls	r2, r2, #17
10007a0c:	9200      	str	r2, [sp, #0]
10007a0e:	9301      	str	r3, [sp, #4]
10007a10:	f002 f814 	bl	10009a3c <pio_sm_set_pindirs_with_mask64>
10007a14:	003a      	movs	r2, r7
10007a16:	68a0      	ldr	r0, [r4, #8]
10007a18:	6821      	ldr	r1, [r4, #0]
10007a1a:	1d03      	adds	r3, r0, #4
10007a1c:	409a      	lsls	r2, r3
10007a1e:	4699      	mov	r9, r3
10007a20:	2380      	movs	r3, #128	@ 0x80
10007a22:	019b      	lsls	r3, r3, #6
10007a24:	18cb      	adds	r3, r1, r3
10007a26:	601a      	str	r2, [r3, #0]
10007a28:	0002      	movs	r2, r0
10007a2a:	003d      	movs	r5, r7
10007a2c:	3208      	adds	r2, #8
10007a2e:	4095      	lsls	r5, r2
10007a30:	601d      	str	r5, [r3, #0]
10007a32:	233f      	movs	r3, #63	@ 0x3f
10007a34:	0082      	lsls	r2, r0, #2
10007a36:	188a      	adds	r2, r1, r2
10007a38:	6113      	str	r3, [r2, #16]
10007a3a:	0043      	lsls	r3, r0, #1
10007a3c:	181b      	adds	r3, r3, r0
10007a3e:	00db      	lsls	r3, r3, #3
10007a40:	4d40      	ldr	r5, [pc, #256]	@ (10007b44 <cyw43_write_reg_u8+0x1f4>)
10007a42:	18cb      	adds	r3, r1, r3
10007a44:	33d8      	adds	r3, #216	@ 0xd8
10007a46:	601d      	str	r5, [r3, #0]
10007a48:	2500      	movs	r5, #0
10007a4a:	6115      	str	r5, [r2, #16]
10007a4c:	4a3e      	ldr	r2, [pc, #248]	@ (10007b48 <cyw43_write_reg_u8+0x1f8>)
10007a4e:	351f      	adds	r5, #31
10007a50:	601a      	str	r2, [r3, #0]
10007a52:	6862      	ldr	r2, [r4, #4]
10007a54:	2680      	movs	r6, #128	@ 0x80
10007a56:	402a      	ands	r2, r5
10007a58:	601a      	str	r2, [r3, #0]
10007a5a:	230c      	movs	r3, #12
10007a5c:	56e3      	ldrsb	r3, [r4, r3]
10007a5e:	4a3b      	ldr	r2, [pc, #236]	@ (10007b4c <cyw43_write_reg_u8+0x1fc>)
10007a60:	409f      	lsls	r7, r3
10007a62:	469c      	mov	ip, r3
10007a64:	23a0      	movs	r3, #160	@ 0xa0
10007a66:	05db      	lsls	r3, r3, #23
10007a68:	509f      	str	r7, [r3, r2]
10007a6a:	4663      	mov	r3, ip
10007a6c:	019a      	lsls	r2, r3, #6
10007a6e:	23a0      	movs	r3, #160	@ 0xa0
10007a70:	05db      	lsls	r3, r3, #23
10007a72:	18d7      	adds	r7, r2, r3
10007a74:	4b36      	ldr	r3, [pc, #216]	@ (10007b50 <cyw43_write_reg_u8+0x200>)
10007a76:	0476      	lsls	r6, r6, #17
10007a78:	18d5      	adds	r5, r2, r3
10007a7a:	682b      	ldr	r3, [r5, #0]
10007a7c:	4233      	tst	r3, r6
10007a7e:	d1fc      	bne.n	10007a7a <cyw43_write_reg_u8+0x12a>
10007a80:	4665      	mov	r5, ip
10007a82:	02ed      	lsls	r5, r5, #11
10007a84:	46ac      	mov	ip, r5
10007a86:	4d33      	ldr	r5, [pc, #204]	@ (10007b54 <cyw43_write_reg_u8+0x204>)
10007a88:	4b2b      	ldr	r3, [pc, #172]	@ (10007b38 <cyw43_write_reg_u8+0x1e8>)
10007a8a:	46a8      	mov	r8, r5
10007a8c:	4665      	mov	r5, ip
10007a8e:	4646      	mov	r6, r8
10007a90:	18cb      	adds	r3, r1, r3
10007a92:	0d1b      	lsrs	r3, r3, #20
10007a94:	00db      	lsls	r3, r3, #3
10007a96:	181b      	adds	r3, r3, r0
10007a98:	4035      	ands	r5, r6
10007a9a:	03db      	lsls	r3, r3, #15
10007a9c:	432b      	orrs	r3, r5
10007a9e:	4d2e      	ldr	r5, [pc, #184]	@ (10007b58 <cyw43_write_reg_u8+0x208>)
10007aa0:	432b      	orrs	r3, r5
10007aa2:	4655      	mov	r5, sl
10007aa4:	603d      	str	r5, [r7, #0]
10007aa6:	464d      	mov	r5, r9
10007aa8:	00ae      	lsls	r6, r5, #2
10007aaa:	2502      	movs	r5, #2
10007aac:	198e      	adds	r6, r1, r6
10007aae:	607e      	str	r6, [r7, #4]
10007ab0:	60bd      	str	r5, [r7, #8]
10007ab2:	60fb      	str	r3, [r7, #12]
10007ab4:	2301      	movs	r3, #1
10007ab6:	4083      	lsls	r3, r0
10007ab8:	680d      	ldr	r5, [r1, #0]
10007aba:	432b      	orrs	r3, r5
10007abc:	600b      	str	r3, [r1, #0]
10007abe:	4b27      	ldr	r3, [pc, #156]	@ (10007b5c <cyw43_write_reg_u8+0x20c>)
10007ac0:	2180      	movs	r1, #128	@ 0x80
10007ac2:	469c      	mov	ip, r3
10007ac4:	0449      	lsls	r1, r1, #17
10007ac6:	4462      	add	r2, ip
10007ac8:	6813      	ldr	r3, [r2, #0]
10007aca:	420b      	tst	r3, r1
10007acc:	d1fc      	bne.n	10007ac8 <cyw43_write_reg_u8+0x178>
10007ace:	2201      	movs	r2, #1
10007ad0:	68a3      	ldr	r3, [r4, #8]
10007ad2:	6821      	ldr	r1, [r4, #0]
10007ad4:	3318      	adds	r3, #24
10007ad6:	409a      	lsls	r2, r3
10007ad8:	608a      	str	r2, [r1, #8]
10007ada:	688b      	ldr	r3, [r1, #8]
10007adc:	4213      	tst	r3, r2
10007ade:	d0fc      	beq.n	10007ada <cyw43_write_reg_u8+0x18a>
10007ae0:	2201      	movs	r2, #1
10007ae2:	68a1      	ldr	r1, [r4, #8]
10007ae4:	6820      	ldr	r0, [r4, #0]
10007ae6:	408a      	lsls	r2, r1
10007ae8:	6803      	ldr	r3, [r0, #0]
10007aea:	4393      	bics	r3, r2
10007aec:	6003      	str	r3, [r0, #0]
10007aee:	2300      	movs	r3, #0
10007af0:	2218      	movs	r2, #24
10007af2:	9300      	str	r3, [sp, #0]
10007af4:	3301      	adds	r3, #1
10007af6:	f001 fff7 	bl	10009ae8 <pio_sm_set_consecutive_pindirs>
10007afa:	68a1      	ldr	r1, [r4, #8]
10007afc:	6823      	ldr	r3, [r4, #0]
10007afe:	004a      	lsls	r2, r1, #1
10007b00:	1852      	adds	r2, r2, r1
10007b02:	00d2      	lsls	r2, r2, #3
10007b04:	189b      	adds	r3, r3, r2
10007b06:	4a16      	ldr	r2, [pc, #88]	@ (10007b60 <cyw43_write_reg_u8+0x210>)
10007b08:	33d8      	adds	r3, #216	@ 0xd8
10007b0a:	601a      	str	r2, [r3, #0]
10007b0c:	23d0      	movs	r3, #208	@ 0xd0
10007b0e:	2280      	movs	r2, #128	@ 0x80
10007b10:	061b      	lsls	r3, r3, #24
10007b12:	0492      	lsls	r2, r2, #18
10007b14:	615a      	str	r2, [r3, #20]
10007b16:	f7ff f827 	bl	10006b68 <ns_delay.constprop.0>
10007b1a:	2000      	movs	r0, #0
10007b1c:	b005      	add	sp, #20
10007b1e:	bcf0      	pop	{r4, r5, r6, r7}
10007b20:	46bb      	mov	fp, r7
10007b22:	46b2      	mov	sl, r6
10007b24:	46a9      	mov	r9, r5
10007b26:	46a0      	mov	r8, r4
10007b28:	bdf0      	pop	{r4, r5, r6, r7, pc}
10007b2a:	46c0      	nop			@ (mov r8, r8)
10007b2c:	0ffff800 	.word	0x0ffff800
10007b30:	c0000001 	.word	0xc0000001
10007b34:	0000084c 	.word	0x0000084c
10007b38:	afe00000 	.word	0xafe00000
10007b3c:	fffe007f 	.word	0xfffe007f
10007b40:	000010d0 	.word	0x000010d0
10007b44:	00006020 	.word	0x00006020
10007b48:	00006040 	.word	0x00006040
10007b4c:	00000444 	.word	0x00000444
10007b50:	5000000c 	.word	0x5000000c
10007b54:	ff007ffd 	.word	0xff007ffd
10007b58:	00400019 	.word	0x00400019
10007b5c:	50000010 	.word	0x50000010
10007b60:	0000a003 	.word	0x0000a003

10007b64 <cyw43_read_bytes>:
10007b64:	b5f0      	push	{r4, r5, r6, r7, lr}
10007b66:	1cde      	adds	r6, r3, #3
10007b68:	001d      	movs	r5, r3
10007b6a:	2303      	movs	r3, #3
10007b6c:	0004      	movs	r4, r0
10007b6e:	b083      	sub	sp, #12
10007b70:	439e      	bics	r6, r3
10007b72:	2901      	cmp	r1, #1
10007b74:	d024      	beq.n	10007bc0 <cyw43_read_bytes+0x5c>
10007b76:	2324      	movs	r3, #36	@ 0x24
10007b78:	2004      	movs	r0, #4
10007b7a:	4f16      	ldr	r7, [pc, #88]	@ (10007bd4 <cyw43_read_bytes+0x70>)
10007b7c:	02d2      	lsls	r2, r2, #11
10007b7e:	403a      	ands	r2, r7
10007b80:	0709      	lsls	r1, r1, #28
10007b82:	432a      	orrs	r2, r5
10007b84:	430a      	orrs	r2, r1
10007b86:	2180      	movs	r1, #128	@ 0x80
10007b88:	3004      	adds	r0, #4
10007b8a:	05c9      	lsls	r1, r1, #23
10007b8c:	0080      	lsls	r0, r0, #2
10007b8e:	430a      	orrs	r2, r1
10007b90:	1820      	adds	r0, r4, r0
10007b92:	3604      	adds	r6, #4
10007b94:	6042      	str	r2, [r0, #4]
10007b96:	2100      	movs	r1, #0
10007b98:	9600      	str	r6, [sp, #0]
10007b9a:	2204      	movs	r2, #4
10007b9c:	0020      	movs	r0, r4
10007b9e:	18e3      	adds	r3, r4, r3
10007ba0:	f7ff f8bc 	bl	10006d1c <cyw43_spi_transfer>
10007ba4:	1e06      	subs	r6, r0, #0
10007ba6:	d10f      	bne.n	10007bc8 <cyw43_read_bytes+0x64>
10007ba8:	0021      	movs	r1, r4
10007baa:	9b08      	ldr	r3, [sp, #32]
10007bac:	3128      	adds	r1, #40	@ 0x28
10007bae:	4299      	cmp	r1, r3
10007bb0:	d003      	beq.n	10007bba <cyw43_read_bytes+0x56>
10007bb2:	002a      	movs	r2, r5
10007bb4:	0018      	movs	r0, r3
10007bb6:	f7fa fd11 	bl	100025dc <__wrap___aeabi_memcpy>
10007bba:	0030      	movs	r0, r6
10007bbc:	b003      	add	sp, #12
10007bbe:	bdf0      	pop	{r4, r5, r6, r7, pc}
10007bc0:	2000      	movs	r0, #0
10007bc2:	3610      	adds	r6, #16
10007bc4:	3311      	adds	r3, #17
10007bc6:	e7d8      	b.n	10007b7a <cyw43_read_bytes+0x16>
10007bc8:	2105      	movs	r1, #5
10007bca:	4803      	ldr	r0, [pc, #12]	@ (10007bd8 <cyw43_read_bytes+0x74>)
10007bcc:	4249      	negs	r1, r1
10007bce:	f7fc fb9b 	bl	10004308 <__wrap_printf>
10007bd2:	e7f2      	b.n	10007bba <cyw43_read_bytes+0x56>
10007bd4:	0ffff800 	.word	0x0ffff800
10007bd8:	1000ab34 	.word	0x1000ab34

10007bdc <cyw43_write_bytes>:
10007bdc:	b5f0      	push	{r4, r5, r6, r7, lr}
10007bde:	4657      	mov	r7, sl
10007be0:	464e      	mov	r6, r9
10007be2:	4645      	mov	r5, r8
10007be4:	46de      	mov	lr, fp
10007be6:	b5e0      	push	{r5, r6, r7, lr}
10007be8:	000f      	movs	r7, r1
10007bea:	2103      	movs	r1, #3
10007bec:	b08b      	sub	sp, #44	@ 0x2c
10007bee:	9202      	str	r2, [sp, #8]
10007bf0:	001a      	movs	r2, r3
10007bf2:	3303      	adds	r3, #3
10007bf4:	438b      	bics	r3, r1
10007bf6:	0006      	movs	r6, r0
10007bf8:	4698      	mov	r8, r3
10007bfa:	2f02      	cmp	r7, #2
10007bfc:	d022      	beq.n	10007c44 <cyw43_write_bytes+0x68>
10007bfe:	9b02      	ldr	r3, [sp, #8]
10007c00:	4927      	ldr	r1, [pc, #156]	@ (10007ca0 <cyw43_write_bytes+0xc4>)
10007c02:	073f      	lsls	r7, r7, #28
10007c04:	02db      	lsls	r3, r3, #11
10007c06:	400b      	ands	r3, r1
10007c08:	4317      	orrs	r7, r2
10007c0a:	431f      	orrs	r7, r3
10007c0c:	23c0      	movs	r3, #192	@ 0xc0
10007c0e:	0030      	movs	r0, r6
10007c10:	4644      	mov	r4, r8
10007c12:	061b      	lsls	r3, r3, #24
10007c14:	9914      	ldr	r1, [sp, #80]	@ 0x50
10007c16:	433b      	orrs	r3, r7
10007c18:	3028      	adds	r0, #40	@ 0x28
10007c1a:	3404      	adds	r4, #4
10007c1c:	6273      	str	r3, [r6, #36]	@ 0x24
10007c1e:	4288      	cmp	r0, r1
10007c20:	d001      	beq.n	10007c26 <cyw43_write_bytes+0x4a>
10007c22:	f7fa fcdb 	bl	100025dc <__wrap___aeabi_memcpy>
10007c26:	0031      	movs	r1, r6
10007c28:	2300      	movs	r3, #0
10007c2a:	0022      	movs	r2, r4
10007c2c:	0030      	movs	r0, r6
10007c2e:	3124      	adds	r1, #36	@ 0x24
10007c30:	9300      	str	r3, [sp, #0]
10007c32:	f7ff f873 	bl	10006d1c <cyw43_spi_transfer>
10007c36:	b00b      	add	sp, #44	@ 0x2c
10007c38:	bcf0      	pop	{r4, r5, r6, r7}
10007c3a:	46bb      	mov	fp, r7
10007c3c:	46b2      	mov	sl, r6
10007c3e:	46a9      	mov	r9, r5
10007c40:	46a0      	mov	r8, r4
10007c42:	bdf0      	pop	{r4, r5, r6, r7, pc}
10007c44:	4b17      	ldr	r3, [pc, #92]	@ (10007ca4 <cyw43_write_bytes+0xc8>)
10007c46:	4c18      	ldr	r4, [pc, #96]	@ (10007ca8 <cyw43_write_bytes+0xcc>)
10007c48:	469a      	mov	sl, r3
10007c4a:	2308      	movs	r3, #8
10007c4c:	4699      	mov	r9, r3
10007c4e:	3318      	adds	r3, #24
10007c50:	469b      	mov	fp, r3
10007c52:	4643      	mov	r3, r8
10007c54:	ad04      	add	r5, sp, #16
10007c56:	4690      	mov	r8, r2
10007c58:	9303      	str	r3, [sp, #12]
10007c5a:	e005      	b.n	10007c68 <cyw43_write_bytes+0x8c>
10007c5c:	465a      	mov	r2, fp
10007c5e:	686b      	ldr	r3, [r5, #4]
10007c60:	421a      	tst	r2, r3
10007c62:	d118      	bne.n	10007c96 <cyw43_write_bytes+0xba>
10007c64:	3c01      	subs	r4, #1
10007c66:	d310      	bcc.n	10007c8a <cyw43_write_bytes+0xae>
10007c68:	4653      	mov	r3, sl
10007c6a:	602b      	str	r3, [r5, #0]
10007c6c:	464b      	mov	r3, r9
10007c6e:	2204      	movs	r2, #4
10007c70:	9300      	str	r3, [sp, #0]
10007c72:	2100      	movs	r1, #0
10007c74:	002b      	movs	r3, r5
10007c76:	0030      	movs	r0, r6
10007c78:	f7ff f850 	bl	10006d1c <cyw43_spi_transfer>
10007c7c:	2800      	cmp	r0, #0
10007c7e:	d0ed      	beq.n	10007c5c <cyw43_write_bytes+0x80>
10007c80:	9b03      	ldr	r3, [sp, #12]
10007c82:	4642      	mov	r2, r8
10007c84:	4698      	mov	r8, r3
10007c86:	2c00      	cmp	r4, #0
10007c88:	d1b9      	bne.n	10007bfe <cyw43_write_bytes+0x22>
10007c8a:	4808      	ldr	r0, [pc, #32]	@ (10007cac <cyw43_write_bytes+0xd0>)
10007c8c:	f7fc fab8 	bl	10004200 <__wrap_puts>
10007c90:	2006      	movs	r0, #6
10007c92:	4240      	negs	r0, r0
10007c94:	e7cf      	b.n	10007c36 <cyw43_write_bytes+0x5a>
10007c96:	9b03      	ldr	r3, [sp, #12]
10007c98:	4642      	mov	r2, r8
10007c9a:	4698      	mov	r8, r3
10007c9c:	e7f3      	b.n	10007c86 <cyw43_write_bytes+0xaa>
10007c9e:	46c0      	nop			@ (mov r8, r8)
10007ca0:	0ffff800 	.word	0x0ffff800
10007ca4:	40004004 	.word	0x40004004
10007ca8:	000003e7 	.word	0x000003e7
10007cac:	1000ad68 	.word	0x1000ad68

10007cb0 <cyw43_set_backplane_window>:
10007cb0:	6883      	ldr	r3, [r0, #8]
10007cb2:	b570      	push	{r4, r5, r6, lr}
10007cb4:	0bcc      	lsrs	r4, r1, #15
10007cb6:	0005      	movs	r5, r0
10007cb8:	03e4      	lsls	r4, r4, #15
10007cba:	42a3      	cmp	r3, r4
10007cbc:	d00d      	beq.n	10007cda <cyw43_set_backplane_window+0x2a>
10007cbe:	2280      	movs	r2, #128	@ 0x80
10007cc0:	4063      	eors	r3, r4
10007cc2:	0452      	lsls	r2, r2, #17
10007cc4:	4293      	cmp	r3, r2
10007cc6:	d219      	bcs.n	10007cfc <cyw43_set_backplane_window+0x4c>
10007cc8:	22ff      	movs	r2, #255	@ 0xff
10007cca:	0412      	lsls	r2, r2, #16
10007ccc:	4213      	tst	r3, r2
10007cce:	d10c      	bne.n	10007cea <cyw43_set_backplane_window+0x3a>
10007cd0:	22ff      	movs	r2, #255	@ 0xff
10007cd2:	0212      	lsls	r2, r2, #8
10007cd4:	4213      	tst	r3, r2
10007cd6:	d101      	bne.n	10007cdc <cyw43_set_backplane_window+0x2c>
10007cd8:	60ac      	str	r4, [r5, #8]
10007cda:	bd70      	pop	{r4, r5, r6, pc}
10007cdc:	2101      	movs	r1, #1
10007cde:	0028      	movs	r0, r5
10007ce0:	4a0a      	ldr	r2, [pc, #40]	@ (10007d0c <cyw43_set_backplane_window+0x5c>)
10007ce2:	0a23      	lsrs	r3, r4, #8
10007ce4:	f7ff fe34 	bl	10007950 <cyw43_write_reg_u8>
10007ce8:	e7f6      	b.n	10007cd8 <cyw43_set_backplane_window+0x28>
10007cea:	0c23      	lsrs	r3, r4, #16
10007cec:	2101      	movs	r1, #1
10007cee:	0028      	movs	r0, r5
10007cf0:	4a07      	ldr	r2, [pc, #28]	@ (10007d10 <cyw43_set_backplane_window+0x60>)
10007cf2:	f7ff fe2d 	bl	10007950 <cyw43_write_reg_u8>
10007cf6:	68ab      	ldr	r3, [r5, #8]
10007cf8:	4063      	eors	r3, r4
10007cfa:	e7e9      	b.n	10007cd0 <cyw43_set_backplane_window+0x20>
10007cfc:	0e23      	lsrs	r3, r4, #24
10007cfe:	2101      	movs	r1, #1
10007d00:	4a04      	ldr	r2, [pc, #16]	@ (10007d14 <cyw43_set_backplane_window+0x64>)
10007d02:	f7ff fe25 	bl	10007950 <cyw43_write_reg_u8>
10007d06:	68ab      	ldr	r3, [r5, #8]
10007d08:	4063      	eors	r3, r4
10007d0a:	e7dd      	b.n	10007cc8 <cyw43_set_backplane_window+0x18>
10007d0c:	0001000a 	.word	0x0001000a
10007d10:	0001000b 	.word	0x0001000b
10007d14:	0001000c 	.word	0x0001000c

10007d18 <cyw43_ll_parse_async_event>:
10007d18:	b5f0      	push	{r4, r5, r6, r7, lr}
10007d1a:	46c6      	mov	lr, r8
10007d1c:	3003      	adds	r0, #3
10007d1e:	0883      	lsrs	r3, r0, #2
10007d20:	469c      	mov	ip, r3
10007d22:	b500      	push	{lr}
10007d24:	1e8e      	subs	r6, r1, #2
10007d26:	2b00      	cmp	r3, #0
10007d28:	d01b      	beq.n	10007d62 <cyw43_ll_parse_async_event+0x4a>
10007d2a:	3b01      	subs	r3, #1
10007d2c:	2b07      	cmp	r3, #7
10007d2e:	d957      	bls.n	10007de0 <cyw43_ll_parse_async_event+0xc8>
10007d30:	0033      	movs	r3, r6
10007d32:	430b      	orrs	r3, r1
10007d34:	075b      	lsls	r3, r3, #29
10007d36:	d153      	bne.n	10007de0 <cyw43_ll_parse_async_event+0xc8>
10007d38:	08c0      	lsrs	r0, r0, #3
10007d3a:	00c4      	lsls	r4, r0, #3
10007d3c:	0032      	movs	r2, r6
10007d3e:	000b      	movs	r3, r1
10007d40:	46a0      	mov	r8, r4
10007d42:	190f      	adds	r7, r1, r4
10007d44:	cb30      	ldmia	r3!, {r4, r5}
10007d46:	c230      	stmia	r2!, {r4, r5}
10007d48:	42bb      	cmp	r3, r7
10007d4a:	d1fb      	bne.n	10007d44 <cyw43_ll_parse_async_event+0x2c>
10007d4c:	0040      	lsls	r0, r0, #1
10007d4e:	4584      	cmp	ip, r0
10007d50:	d007      	beq.n	10007d62 <cyw43_ll_parse_async_event+0x4a>
10007d52:	4643      	mov	r3, r8
10007d54:	5aca      	ldrh	r2, [r1, r3]
10007d56:	18cb      	adds	r3, r1, r3
10007d58:	885b      	ldrh	r3, [r3, #2]
10007d5a:	041b      	lsls	r3, r3, #16
10007d5c:	4313      	orrs	r3, r2
10007d5e:	4642      	mov	r2, r8
10007d60:	50b3      	str	r3, [r6, r2]
10007d62:	8873      	ldrh	r3, [r6, #2]
10007d64:	ba5b      	rev16	r3, r3
10007d66:	8073      	strh	r3, [r6, #2]
10007d68:	1c8b      	adds	r3, r1, #2
10007d6a:	681a      	ldr	r2, [r3, #0]
10007d6c:	ba13      	rev	r3, r2
10007d6e:	6073      	str	r3, [r6, #4]
10007d70:	1d8b      	adds	r3, r1, #6
10007d72:	6818      	ldr	r0, [r3, #0]
10007d74:	ba03      	rev	r3, r0
10007d76:	60b3      	str	r3, [r6, #8]
10007d78:	000b      	movs	r3, r1
10007d7a:	330a      	adds	r3, #10
10007d7c:	681b      	ldr	r3, [r3, #0]
10007d7e:	ba1b      	rev	r3, r3
10007d80:	60f3      	str	r3, [r6, #12]
10007d82:	238a      	movs	r3, #138	@ 0x8a
10007d84:	05db      	lsls	r3, r3, #23
10007d86:	429a      	cmp	r2, r3
10007d88:	d003      	beq.n	10007d92 <cyw43_ll_parse_async_event+0x7a>
10007d8a:	0030      	movs	r0, r6
10007d8c:	bc80      	pop	{r7}
10007d8e:	46b8      	mov	r8, r7
10007d90:	bdf0      	pop	{r4, r5, r6, r7, pc}
10007d92:	2380      	movs	r3, #128	@ 0x80
10007d94:	051b      	lsls	r3, r3, #20
10007d96:	4298      	cmp	r0, r3
10007d98:	d1f7      	bne.n	10007d8a <cyw43_ll_parse_async_event+0x72>
10007d9a:	000b      	movs	r3, r1
10007d9c:	000a      	movs	r2, r1
10007d9e:	000d      	movs	r5, r1
10007da0:	32b2      	adds	r2, #178	@ 0xb2
10007da2:	33ae      	adds	r3, #174	@ 0xae
10007da4:	6810      	ldr	r0, [r2, #0]
10007da6:	881b      	ldrh	r3, [r3, #0]
10007da8:	352e      	adds	r5, #46	@ 0x2e
10007daa:	692a      	ldr	r2, [r5, #16]
10007dac:	181c      	adds	r4, r3, r0
10007dae:	4294      	cmp	r4, r2
10007db0:	d822      	bhi.n	10007df8 <cyw43_ll_parse_async_event+0xe0>
10007db2:	313a      	adds	r1, #58	@ 0x3a
10007db4:	18c9      	adds	r1, r1, r3
10007db6:	1808      	adds	r0, r1, r0
10007db8:	4281      	cmp	r1, r0
10007dba:	d246      	bcs.n	10007e4a <cyw43_ll_parse_async_event+0x132>
10007dbc:	2700      	movs	r7, #0
10007dbe:	2400      	movs	r4, #0
10007dc0:	e004      	b.n	10007dcc <cyw43_ll_parse_async_event+0xb4>
10007dc2:	2add      	cmp	r2, #221	@ 0xdd
10007dc4:	d01c      	beq.n	10007e00 <cyw43_ll_parse_async_event+0xe8>
10007dc6:	18c9      	adds	r1, r1, r3
10007dc8:	4288      	cmp	r0, r1
10007dca:	d92c      	bls.n	10007e26 <cyw43_ll_parse_async_event+0x10e>
10007dcc:	784b      	ldrb	r3, [r1, #1]
10007dce:	3302      	adds	r3, #2
10007dd0:	18ca      	adds	r2, r1, r3
10007dd2:	4290      	cmp	r0, r2
10007dd4:	d3f7      	bcc.n	10007dc6 <cyw43_ll_parse_async_event+0xae>
10007dd6:	780a      	ldrb	r2, [r1, #0]
10007dd8:	2a30      	cmp	r2, #48	@ 0x30
10007dda:	d1f2      	bne.n	10007dc2 <cyw43_ll_parse_async_event+0xaa>
10007ddc:	000c      	movs	r4, r1
10007dde:	e7f2      	b.n	10007dc6 <cyw43_ll_parse_async_event+0xae>
10007de0:	4663      	mov	r3, ip
10007de2:	0032      	movs	r2, r6
10007de4:	0098      	lsls	r0, r3, #2
10007de6:	1830      	adds	r0, r6, r0
10007de8:	8893      	ldrh	r3, [r2, #4]
10007dea:	8854      	ldrh	r4, [r2, #2]
10007dec:	041b      	lsls	r3, r3, #16
10007dee:	4323      	orrs	r3, r4
10007df0:	c208      	stmia	r2!, {r3}
10007df2:	4282      	cmp	r2, r0
10007df4:	d1f8      	bne.n	10007de8 <cyw43_ll_parse_async_event+0xd0>
10007df6:	e7b4      	b.n	10007d62 <cyw43_ll_parse_async_event+0x4a>
10007df8:	2301      	movs	r3, #1
10007dfa:	425b      	negs	r3, r3
10007dfc:	60b3      	str	r3, [r6, #8]
10007dfe:	e7c4      	b.n	10007d8a <cyw43_ll_parse_async_event+0x72>
10007e00:	1c8a      	adds	r2, r1, #2
10007e02:	4690      	mov	r8, r2
10007e04:	788a      	ldrb	r2, [r1, #2]
10007e06:	2a00      	cmp	r2, #0
10007e08:	d1dd      	bne.n	10007dc6 <cyw43_ll_parse_async_event+0xae>
10007e0a:	4642      	mov	r2, r8
10007e0c:	7852      	ldrb	r2, [r2, #1]
10007e0e:	2a50      	cmp	r2, #80	@ 0x50
10007e10:	d1d9      	bne.n	10007dc6 <cyw43_ll_parse_async_event+0xae>
10007e12:	4642      	mov	r2, r8
10007e14:	7892      	ldrb	r2, [r2, #2]
10007e16:	2af2      	cmp	r2, #242	@ 0xf2
10007e18:	d1d5      	bne.n	10007dc6 <cyw43_ll_parse_async_event+0xae>
10007e1a:	4642      	mov	r2, r8
10007e1c:	78d2      	ldrb	r2, [r2, #3]
10007e1e:	2a01      	cmp	r2, #1
10007e20:	d1d1      	bne.n	10007dc6 <cyw43_ll_parse_async_event+0xae>
10007e22:	000f      	movs	r7, r1
10007e24:	e7cf      	b.n	10007dc6 <cyw43_ll_parse_async_event+0xae>
10007e26:	1e63      	subs	r3, r4, #1
10007e28:	419c      	sbcs	r4, r3
10007e2a:	00a4      	lsls	r4, r4, #2
10007e2c:	2f00      	cmp	r7, #0
10007e2e:	d001      	beq.n	10007e34 <cyw43_ll_parse_async_event+0x11c>
10007e30:	2202      	movs	r2, #2
10007e32:	4314      	orrs	r4, r2
10007e34:	8baa      	ldrh	r2, [r5, #28]
10007e36:	06d2      	lsls	r2, r2, #27
10007e38:	d501      	bpl.n	10007e3e <cyw43_ll_parse_async_event+0x126>
10007e3a:	2201      	movs	r2, #1
10007e3c:	4314      	orrs	r4, r2
10007e3e:	2284      	movs	r2, #132	@ 0x84
10007e40:	5cb1      	ldrb	r1, [r6, r2]
10007e42:	52b1      	strh	r1, [r6, r2]
10007e44:	3204      	adds	r2, #4
10007e46:	54b4      	strb	r4, [r6, r2]
10007e48:	e79f      	b.n	10007d8a <cyw43_ll_parse_async_event+0x72>
10007e4a:	2400      	movs	r4, #0
10007e4c:	e7f2      	b.n	10007e34 <cyw43_ll_parse_async_event+0x11c>
10007e4e:	46c0      	nop			@ (mov r8, r8)

10007e50 <cyw43_kso_set>:
10007e50:	b5f0      	push	{r4, r5, r6, r7, lr}
10007e52:	46c6      	mov	lr, r8
10007e54:	000e      	movs	r6, r1
10007e56:	0005      	movs	r5, r0
10007e58:	000b      	movs	r3, r1
10007e5a:	b500      	push	{lr}
10007e5c:	2101      	movs	r1, #1
10007e5e:	4a1a      	ldr	r2, [pc, #104]	@ (10007ec8 <cyw43_kso_set+0x78>)
10007e60:	f7ff fd76 	bl	10007950 <cyw43_write_reg_u8>
10007e64:	0033      	movs	r3, r6
10007e66:	2101      	movs	r1, #1
10007e68:	0028      	movs	r0, r5
10007e6a:	4a17      	ldr	r2, [pc, #92]	@ (10007ec8 <cyw43_kso_set+0x78>)
10007e6c:	f7ff fd70 	bl	10007950 <cyw43_write_reg_u8>
10007e70:	2e00      	cmp	r6, #0
10007e72:	d025      	beq.n	10007ec0 <cyw43_kso_set+0x70>
10007e74:	2303      	movs	r3, #3
10007e76:	2703      	movs	r7, #3
10007e78:	4698      	mov	r8, r3
10007e7a:	2440      	movs	r4, #64	@ 0x40
10007e7c:	e00b      	b.n	10007e96 <cyw43_kso_set+0x46>
10007e7e:	2001      	movs	r0, #1
10007e80:	f002 f8ec 	bl	1000a05c <cyw43_delay_ms>
10007e84:	3c01      	subs	r4, #1
10007e86:	0033      	movs	r3, r6
10007e88:	2101      	movs	r1, #1
10007e8a:	0028      	movs	r0, r5
10007e8c:	4a0e      	ldr	r2, [pc, #56]	@ (10007ec8 <cyw43_kso_set+0x78>)
10007e8e:	f7ff fd5f 	bl	10007950 <cyw43_write_reg_u8>
10007e92:	2c00      	cmp	r4, #0
10007e94:	d00f      	beq.n	10007eb6 <cyw43_kso_set+0x66>
10007e96:	2101      	movs	r1, #1
10007e98:	0028      	movs	r0, r5
10007e9a:	4a0b      	ldr	r2, [pc, #44]	@ (10007ec8 <cyw43_kso_set+0x78>)
10007e9c:	f7ff fa0e 	bl	100072bc <cyw43_read_reg_u8>
10007ea0:	2800      	cmp	r0, #0
10007ea2:	dbec      	blt.n	10007e7e <cyw43_kso_set+0x2e>
10007ea4:	003a      	movs	r2, r7
10007ea6:	4002      	ands	r2, r0
10007ea8:	4542      	cmp	r2, r8
10007eaa:	d1e8      	bne.n	10007e7e <cyw43_kso_set+0x2e>
10007eac:	28ff      	cmp	r0, #255	@ 0xff
10007eae:	d0e6      	beq.n	10007e7e <cyw43_kso_set+0x2e>
10007eb0:	bc80      	pop	{r7}
10007eb2:	46b8      	mov	r8, r7
10007eb4:	bdf0      	pop	{r4, r5, r6, r7, pc}
10007eb6:	0031      	movs	r1, r6
10007eb8:	4804      	ldr	r0, [pc, #16]	@ (10007ecc <cyw43_kso_set+0x7c>)
10007eba:	f7fc fa25 	bl	10004308 <__wrap_printf>
10007ebe:	e7f7      	b.n	10007eb0 <cyw43_kso_set+0x60>
10007ec0:	2300      	movs	r3, #0
10007ec2:	2701      	movs	r7, #1
10007ec4:	4698      	mov	r8, r3
10007ec6:	e7d8      	b.n	10007e7a <cyw43_kso_set+0x2a>
10007ec8:	0001001f 	.word	0x0001001f
10007ecc:	1000ab50 	.word	0x1000ab50

10007ed0 <cyw43_ll_sdpcm_poll_device>:
10007ed0:	b5f0      	push	{r4, r5, r6, r7, lr}
10007ed2:	46d6      	mov	lr, sl
10007ed4:	464f      	mov	r7, r9
10007ed6:	4646      	mov	r6, r8
10007ed8:	b5c0      	push	{r6, r7, lr}
10007eda:	7cc3      	ldrb	r3, [r0, #19]
10007edc:	0005      	movs	r5, r0
10007ede:	000f      	movs	r7, r1
10007ee0:	4692      	mov	sl, r2
10007ee2:	b082      	sub	sp, #8
10007ee4:	2b00      	cmp	r3, #0
10007ee6:	d105      	bne.n	10007ef4 <cyw43_ll_sdpcm_poll_device+0x24>
10007ee8:	6800      	ldr	r0, [r0, #0]
10007eea:	f001 fc41 	bl	10009770 <cyw43_cb_read_host_interrupt_pin>
10007eee:	2801      	cmp	r0, #1
10007ef0:	d000      	beq.n	10007ef4 <cyw43_ll_sdpcm_poll_device+0x24>
10007ef2:	e097      	b.n	10008024 <cyw43_ll_sdpcm_poll_device+0x154>
10007ef4:	0028      	movs	r0, r5
10007ef6:	f001 fc41 	bl	1000977c <cyw43_cb_ensure_awake>
10007efa:	7cab      	ldrb	r3, [r5, #18]
10007efc:	2b00      	cmp	r3, #0
10007efe:	d105      	bne.n	10007f0c <cyw43_ll_sdpcm_poll_device+0x3c>
10007f00:	2101      	movs	r1, #1
10007f02:	0028      	movs	r0, r5
10007f04:	f7ff ffa4 	bl	10007e50 <cyw43_kso_set>
10007f08:	2301      	movs	r3, #1
10007f0a:	74ab      	strb	r3, [r5, #18]
10007f0c:	7ceb      	ldrb	r3, [r5, #19]
10007f0e:	2b00      	cmp	r3, #0
10007f10:	d100      	bne.n	10007f14 <cyw43_ll_sdpcm_poll_device+0x44>
10007f12:	e06e      	b.n	10007ff2 <cyw43_ll_sdpcm_poll_device+0x122>
10007f14:	24fa      	movs	r4, #250	@ 0xfa
10007f16:	00a4      	lsls	r4, r4, #2
10007f18:	e003      	b.n	10007f22 <cyw43_ll_sdpcm_poll_device+0x52>
10007f1a:	3c01      	subs	r4, #1
10007f1c:	2c00      	cmp	r4, #0
10007f1e:	d100      	bne.n	10007f22 <cyw43_ll_sdpcm_poll_device+0x52>
10007f20:	e080      	b.n	10008024 <cyw43_ll_sdpcm_poll_device+0x154>
10007f22:	2208      	movs	r2, #8
10007f24:	2100      	movs	r1, #0
10007f26:	0028      	movs	r0, r5
10007f28:	f7ff f970 	bl	1000720c <cyw43_read_reg_u32>
10007f2c:	1c43      	adds	r3, r0, #1
10007f2e:	d0f4      	beq.n	10007f1a <cyw43_ll_sdpcm_poll_device+0x4a>
10007f30:	05c3      	lsls	r3, r0, #23
10007f32:	d400      	bmi.n	10007f36 <cyw43_ll_sdpcm_poll_device+0x66>
10007f34:	e0bf      	b.n	100080b6 <cyw43_ll_sdpcm_poll_device+0x1e6>
10007f36:	22c0      	movs	r2, #192	@ 0xc0
10007f38:	0303      	lsls	r3, r0, #12
10007f3a:	0d5b      	lsrs	r3, r3, #21
10007f3c:	1e59      	subs	r1, r3, #1
10007f3e:	00d2      	lsls	r2, r2, #3
10007f40:	4291      	cmp	r1, r2
10007f42:	d300      	bcc.n	10007f46 <cyw43_ll_sdpcm_poll_device+0x76>
10007f44:	e0b1      	b.n	100080aa <cyw43_ll_sdpcm_poll_device+0x1da>
10007f46:	0780      	lsls	r0, r0, #30
10007f48:	d500      	bpl.n	10007f4c <cyw43_ll_sdpcm_poll_device+0x7c>
10007f4a:	e0ae      	b.n	100080aa <cyw43_ll_sdpcm_poll_device+0x1da>
10007f4c:	002c      	movs	r4, r5
10007f4e:	3428      	adds	r4, #40	@ 0x28
10007f50:	2200      	movs	r2, #0
10007f52:	2102      	movs	r1, #2
10007f54:	0028      	movs	r0, r5
10007f56:	9400      	str	r4, [sp, #0]
10007f58:	f7ff fe04 	bl	10007b64 <cyw43_read_bytes>
10007f5c:	2800      	cmp	r0, #0
10007f5e:	d13b      	bne.n	10007fd8 <cyw43_ll_sdpcm_poll_device+0x108>
10007f60:	8d29      	ldrh	r1, [r5, #40]	@ 0x28
10007f62:	8d6a      	ldrh	r2, [r5, #42]	@ 0x2a
10007f64:	000b      	movs	r3, r1
10007f66:	4313      	orrs	r3, r2
10007f68:	d100      	bne.n	10007f6c <cyw43_ll_sdpcm_poll_device+0x9c>
10007f6a:	e0a4      	b.n	100080b6 <cyw43_ll_sdpcm_poll_device+0x1e6>
10007f6c:	2301      	movs	r3, #1
10007f6e:	74eb      	strb	r3, [r5, #19]
10007f70:	4b60      	ldr	r3, [pc, #384]	@ (100080f4 <cyw43_ll_sdpcm_poll_device+0x224>)
10007f72:	469c      	mov	ip, r3
10007f74:	000b      	movs	r3, r1
10007f76:	4053      	eors	r3, r2
10007f78:	4563      	cmp	r3, ip
10007f7a:	d000      	beq.n	10007f7e <cyw43_ll_sdpcm_poll_device+0xae>
10007f7c:	e0a1      	b.n	100080c2 <cyw43_ll_sdpcm_poll_device+0x1f2>
10007f7e:	43d2      	mvns	r2, r2
10007f80:	b292      	uxth	r2, r2
10007f82:	4291      	cmp	r1, r2
10007f84:	d000      	beq.n	10007f88 <cyw43_ll_sdpcm_poll_device+0xb8>
10007f86:	e099      	b.n	100080bc <cyw43_ll_sdpcm_poll_device+0x1ec>
10007f88:	290b      	cmp	r1, #11
10007f8a:	d800      	bhi.n	10007f8e <cyw43_ll_sdpcm_poll_device+0xbe>
10007f8c:	e0a0      	b.n	100080d0 <cyw43_ll_sdpcm_poll_device+0x200>
10007f8e:	7a23      	ldrb	r3, [r4, #8]
10007f90:	73ab      	strb	r3, [r5, #14]
10007f92:	230f      	movs	r3, #15
10007f94:	7962      	ldrb	r2, [r4, #5]
10007f96:	4013      	ands	r3, r2
10007f98:	2b02      	cmp	r3, #2
10007f9a:	d823      	bhi.n	10007fe4 <cyw43_ll_sdpcm_poll_device+0x114>
10007f9c:	7a62      	ldrb	r2, [r4, #9]
10007f9e:	4694      	mov	ip, r2
10007fa0:	4666      	mov	r6, ip
10007fa2:	7b6a      	ldrb	r2, [r5, #13]
10007fa4:	1ab2      	subs	r2, r6, r2
10007fa6:	b2d2      	uxtb	r2, r2
10007fa8:	2a14      	cmp	r2, #20
10007faa:	d93e      	bls.n	1000802a <cyw43_ll_sdpcm_poll_device+0x15a>
10007fac:	290c      	cmp	r1, #12
10007fae:	d01d      	beq.n	10007fec <cyw43_ll_sdpcm_poll_device+0x11c>
10007fb0:	2b01      	cmp	r3, #1
10007fb2:	d03c      	beq.n	1000802e <cyw43_ll_sdpcm_poll_device+0x15e>
10007fb4:	2b02      	cmp	r3, #2
10007fb6:	d060      	beq.n	1000807a <cyw43_ll_sdpcm_poll_device+0x1aa>
10007fb8:	291b      	cmp	r1, #27
10007fba:	d800      	bhi.n	10007fbe <cyw43_ll_sdpcm_poll_device+0xee>
10007fbc:	e094      	b.n	100080e8 <cyw43_ll_sdpcm_poll_device+0x218>
10007fbe:	79e3      	ldrb	r3, [r4, #7]
10007fc0:	8a2d      	ldrh	r5, [r5, #16]
10007fc2:	18e3      	adds	r3, r4, r3
10007fc4:	895a      	ldrh	r2, [r3, #10]
10007fc6:	4295      	cmp	r5, r2
10007fc8:	d000      	beq.n	10007fcc <cyw43_ll_sdpcm_poll_device+0xfc>
10007fca:	e08a      	b.n	100080e2 <cyw43_ll_sdpcm_poll_device+0x212>
10007fcc:	4652      	mov	r2, sl
10007fce:	3310      	adds	r3, #16
10007fd0:	1b1c      	subs	r4, r3, r4
10007fd2:	1b0c      	subs	r4, r1, r4
10007fd4:	603c      	str	r4, [r7, #0]
10007fd6:	6013      	str	r3, [r2, #0]
10007fd8:	b002      	add	sp, #8
10007fda:	bce0      	pop	{r5, r6, r7}
10007fdc:	46ba      	mov	sl, r7
10007fde:	46b1      	mov	r9, r6
10007fe0:	46a8      	mov	r8, r5
10007fe2:	bdf0      	pop	{r4, r5, r6, r7, pc}
10007fe4:	200b      	movs	r0, #11
10007fe6:	4240      	negs	r0, r0
10007fe8:	290c      	cmp	r1, #12
10007fea:	d1f5      	bne.n	10007fd8 <cyw43_ll_sdpcm_poll_device+0x108>
10007fec:	2004      	movs	r0, #4
10007fee:	4240      	negs	r0, r0
10007ff0:	e7f2      	b.n	10007fd8 <cyw43_ll_sdpcm_poll_device+0x108>
10007ff2:	2204      	movs	r2, #4
10007ff4:	2100      	movs	r1, #0
10007ff6:	0028      	movs	r0, r5
10007ff8:	f7ff f934 	bl	10007264 <cyw43_read_reg_u16>
10007ffc:	b283      	uxth	r3, r0
10007ffe:	4698      	mov	r8, r3
10008000:	4b3d      	ldr	r3, [pc, #244]	@ (100080f8 <cyw43_ll_sdpcm_poll_device+0x228>)
10008002:	0004      	movs	r4, r0
10008004:	4699      	mov	r9, r3
10008006:	881b      	ldrh	r3, [r3, #0]
10008008:	4543      	cmp	r3, r8
1000800a:	d002      	beq.n	10008012 <cyw43_ll_sdpcm_poll_device+0x142>
1000800c:	2386      	movs	r3, #134	@ 0x86
1000800e:	4203      	tst	r3, r0
10008010:	d12d      	bne.n	1000806e <cyw43_ll_sdpcm_poll_device+0x19e>
10008012:	4643      	mov	r3, r8
10008014:	2b00      	cmp	r3, #0
10008016:	d142      	bne.n	1000809e <cyw43_ll_sdpcm_poll_device+0x1ce>
10008018:	464b      	mov	r3, r9
1000801a:	4642      	mov	r2, r8
1000801c:	801a      	strh	r2, [r3, #0]
1000801e:	06a4      	lsls	r4, r4, #26
10008020:	d500      	bpl.n	10008024 <cyw43_ll_sdpcm_poll_device+0x154>
10008022:	e777      	b.n	10007f14 <cyw43_ll_sdpcm_poll_device+0x44>
10008024:	2001      	movs	r0, #1
10008026:	4240      	negs	r0, r0
10008028:	e7d6      	b.n	10007fd8 <cyw43_ll_sdpcm_poll_device+0x108>
1000802a:	736e      	strb	r6, [r5, #13]
1000802c:	e7be      	b.n	10007fac <cyw43_ll_sdpcm_poll_device+0xdc>
1000802e:	2910      	cmp	r1, #16
10008030:	d95d      	bls.n	100080ee <cyw43_ll_sdpcm_poll_device+0x21e>
10008032:	79e3      	ldrb	r3, [r4, #7]
10008034:	18e3      	adds	r3, r4, r3
10008036:	78da      	ldrb	r2, [r3, #3]
10008038:	0092      	lsls	r2, r2, #2
1000803a:	3204      	adds	r2, #4
1000803c:	189b      	adds	r3, r3, r2
1000803e:	7b1a      	ldrb	r2, [r3, #12]
10008040:	1b1c      	subs	r4, r3, r4
10008042:	1b09      	subs	r1, r1, r4
10008044:	2a88      	cmp	r2, #136	@ 0x88
10008046:	d146      	bne.n	100080d6 <cyw43_ll_sdpcm_poll_device+0x206>
10008048:	7b5a      	ldrb	r2, [r3, #13]
1000804a:	2a6c      	cmp	r2, #108	@ 0x6c
1000804c:	d143      	bne.n	100080d6 <cyw43_ll_sdpcm_poll_device+0x206>
1000804e:	7cda      	ldrb	r2, [r3, #19]
10008050:	2a00      	cmp	r2, #0
10008052:	d13a      	bne.n	100080ca <cyw43_ll_sdpcm_poll_device+0x1fa>
10008054:	7d1a      	ldrb	r2, [r3, #20]
10008056:	2a10      	cmp	r2, #16
10008058:	d137      	bne.n	100080ca <cyw43_ll_sdpcm_poll_device+0x1fa>
1000805a:	7d5a      	ldrb	r2, [r3, #21]
1000805c:	2a18      	cmp	r2, #24
1000805e:	d134      	bne.n	100080ca <cyw43_ll_sdpcm_poll_device+0x1fa>
10008060:	4652      	mov	r2, sl
10008062:	3918      	subs	r1, #24
10008064:	3318      	adds	r3, #24
10008066:	6039      	str	r1, [r7, #0]
10008068:	2001      	movs	r0, #1
1000806a:	6013      	str	r3, [r2, #0]
1000806c:	e7b4      	b.n	10007fd8 <cyw43_ll_sdpcm_poll_device+0x108>
1000806e:	0401      	lsls	r1, r0, #16
10008070:	0c09      	lsrs	r1, r1, #16
10008072:	4822      	ldr	r0, [pc, #136]	@ (100080fc <cyw43_ll_sdpcm_poll_device+0x22c>)
10008074:	f7fc f948 	bl	10004308 <__wrap_printf>
10008078:	e7cb      	b.n	10008012 <cyw43_ll_sdpcm_poll_device+0x142>
1000807a:	2910      	cmp	r1, #16
1000807c:	d92e      	bls.n	100080dc <cyw43_ll_sdpcm_poll_device+0x20c>
1000807e:	79e2      	ldrb	r2, [r4, #7]
10008080:	2002      	movs	r0, #2
10008082:	18a2      	adds	r2, r4, r2
10008084:	78d3      	ldrb	r3, [r2, #3]
10008086:	009b      	lsls	r3, r3, #2
10008088:	3304      	adds	r3, #4
1000808a:	18d3      	adds	r3, r2, r3
1000808c:	7892      	ldrb	r2, [r2, #2]
1000808e:	1b1c      	subs	r4, r3, r4
10008090:	07d2      	lsls	r2, r2, #31
10008092:	1b0c      	subs	r4, r1, r4
10008094:	4314      	orrs	r4, r2
10008096:	4652      	mov	r2, sl
10008098:	603c      	str	r4, [r7, #0]
1000809a:	6013      	str	r3, [r2, #0]
1000809c:	e79c      	b.n	10007fd8 <cyw43_ll_sdpcm_poll_device+0x108>
1000809e:	2204      	movs	r2, #4
100080a0:	2100      	movs	r1, #0
100080a2:	0028      	movs	r0, r5
100080a4:	f7ff fb4a 	bl	1000773c <cyw43_write_reg_u16>
100080a8:	e7b6      	b.n	10008018 <cyw43_ll_sdpcm_poll_device+0x148>
100080aa:	2301      	movs	r3, #1
100080ac:	2101      	movs	r1, #1
100080ae:	0028      	movs	r0, r5
100080b0:	4a13      	ldr	r2, [pc, #76]	@ (10008100 <cyw43_ll_sdpcm_poll_device+0x230>)
100080b2:	f7ff fc4d 	bl	10007950 <cyw43_write_reg_u8>
100080b6:	2300      	movs	r3, #0
100080b8:	74eb      	strb	r3, [r5, #19]
100080ba:	e7b3      	b.n	10008024 <cyw43_ll_sdpcm_poll_device+0x154>
100080bc:	2002      	movs	r0, #2
100080be:	4240      	negs	r0, r0
100080c0:	e78a      	b.n	10007fd8 <cyw43_ll_sdpcm_poll_device+0x108>
100080c2:	4810      	ldr	r0, [pc, #64]	@ (10008104 <cyw43_ll_sdpcm_poll_device+0x234>)
100080c4:	f7fc f920 	bl	10004308 <__wrap_printf>
100080c8:	e7ac      	b.n	10008024 <cyw43_ll_sdpcm_poll_device+0x154>
100080ca:	200a      	movs	r0, #10
100080cc:	4240      	negs	r0, r0
100080ce:	e783      	b.n	10007fd8 <cyw43_ll_sdpcm_poll_device+0x108>
100080d0:	2003      	movs	r0, #3
100080d2:	4240      	negs	r0, r0
100080d4:	e780      	b.n	10007fd8 <cyw43_ll_sdpcm_poll_device+0x108>
100080d6:	2009      	movs	r0, #9
100080d8:	4240      	negs	r0, r0
100080da:	e77d      	b.n	10007fd8 <cyw43_ll_sdpcm_poll_device+0x108>
100080dc:	2007      	movs	r0, #7
100080de:	4240      	negs	r0, r0
100080e0:	e77a      	b.n	10007fd8 <cyw43_ll_sdpcm_poll_device+0x108>
100080e2:	2006      	movs	r0, #6
100080e4:	4240      	negs	r0, r0
100080e6:	e777      	b.n	10007fd8 <cyw43_ll_sdpcm_poll_device+0x108>
100080e8:	2005      	movs	r0, #5
100080ea:	4240      	negs	r0, r0
100080ec:	e774      	b.n	10007fd8 <cyw43_ll_sdpcm_poll_device+0x108>
100080ee:	2008      	movs	r0, #8
100080f0:	4240      	negs	r0, r0
100080f2:	e771      	b.n	10007fd8 <cyw43_ll_sdpcm_poll_device+0x108>
100080f4:	0000ffff 	.word	0x0000ffff
100080f8:	20002c64 	.word	0x20002c64
100080fc:	1000ab74 	.word	0x1000ab74
10008100:	0001000d 	.word	0x0001000d
10008104:	1000aba0 	.word	0x1000aba0

10008108 <cyw43_sdpcm_send_common>:
10008108:	b5f0      	push	{r4, r5, r6, r7, lr}
1000810a:	46de      	mov	lr, fp
1000810c:	4657      	mov	r7, sl
1000810e:	4645      	mov	r5, r8
10008110:	464e      	mov	r6, r9
10008112:	0004      	movs	r4, r0
10008114:	b5e0      	push	{r5, r6, r7, lr}
10008116:	b085      	sub	sp, #20
10008118:	469a      	mov	sl, r3
1000811a:	4688      	mov	r8, r1
1000811c:	4693      	mov	fp, r2
1000811e:	f001 fb2d 	bl	1000977c <cyw43_cb_ensure_awake>
10008122:	7ca3      	ldrb	r3, [r4, #18]
10008124:	2b00      	cmp	r3, #0
10008126:	d105      	bne.n	10008134 <cyw43_sdpcm_send_common+0x2c>
10008128:	2101      	movs	r1, #1
1000812a:	0020      	movs	r0, r4
1000812c:	f7ff fe90 	bl	10007e50 <cyw43_kso_set>
10008130:	2301      	movs	r3, #1
10008132:	74a3      	strb	r3, [r4, #18]
10008134:	7ba3      	ldrb	r3, [r4, #14]
10008136:	2b00      	cmp	r3, #0
10008138:	d024      	beq.n	10008184 <cyw43_sdpcm_send_common+0x7c>
1000813a:	4f2f      	ldr	r7, [pc, #188]	@ (100081f8 <cyw43_sdpcm_send_common+0xf0>)
1000813c:	4e2f      	ldr	r6, [pc, #188]	@ (100081fc <cyw43_sdpcm_send_common+0xf4>)
1000813e:	6abb      	ldr	r3, [r7, #40]	@ 0x28
10008140:	4699      	mov	r9, r3
10008142:	e00e      	b.n	10008162 <cyw43_sdpcm_send_common+0x5a>
10008144:	7ba1      	ldrb	r1, [r4, #14]
10008146:	2900      	cmp	r1, #0
10008148:	d103      	bne.n	10008152 <cyw43_sdpcm_send_common+0x4a>
1000814a:	7b23      	ldrb	r3, [r4, #12]
1000814c:	7b62      	ldrb	r2, [r4, #13]
1000814e:	429a      	cmp	r2, r3
10008150:	d11c      	bne.n	1000818c <cyw43_sdpcm_send_common+0x84>
10008152:	464b      	mov	r3, r9
10008154:	1aed      	subs	r5, r5, r3
10008156:	42b5      	cmp	r5, r6
10008158:	d845      	bhi.n	100081e6 <cyw43_sdpcm_send_common+0xde>
1000815a:	20fa      	movs	r0, #250	@ 0xfa
1000815c:	0080      	lsls	r0, r0, #2
1000815e:	f001 ff4f 	bl	1000a000 <cyw43_await_background_or_timeout_us>
10008162:	0020      	movs	r0, r4
10008164:	aa03      	add	r2, sp, #12
10008166:	a902      	add	r1, sp, #8
10008168:	6abd      	ldr	r5, [r7, #40]	@ 0x28
1000816a:	f7ff feb1 	bl	10007ed0 <cyw43_ll_sdpcm_poll_device>
1000816e:	2801      	cmp	r0, #1
10008170:	d1e8      	bne.n	10008144 <cyw43_sdpcm_send_common+0x3c>
10008172:	9903      	ldr	r1, [sp, #12]
10008174:	9802      	ldr	r0, [sp, #8]
10008176:	f7ff fdcf 	bl	10007d18 <cyw43_ll_parse_async_event>
1000817a:	0001      	movs	r1, r0
1000817c:	0020      	movs	r0, r4
1000817e:	f001 fb03 	bl	10009788 <cyw43_cb_process_async_event>
10008182:	e7df      	b.n	10008144 <cyw43_sdpcm_send_common+0x3c>
10008184:	7b23      	ldrb	r3, [r4, #12]
10008186:	7b62      	ldrb	r2, [r4, #13]
10008188:	429a      	cmp	r2, r3
1000818a:	d0d6      	beq.n	1000813a <cyw43_sdpcm_send_common+0x32>
1000818c:	465a      	mov	r2, fp
1000818e:	4651      	mov	r1, sl
10008190:	320c      	adds	r2, #12
10008192:	b292      	uxth	r2, r2
10008194:	800a      	strh	r2, [r1, #0]
10008196:	43d2      	mvns	r2, r2
10008198:	710b      	strb	r3, [r1, #4]
1000819a:	804a      	strh	r2, [r1, #2]
1000819c:	4652      	mov	r2, sl
1000819e:	4641      	mov	r1, r8
100081a0:	7151      	strb	r1, [r2, #5]
100081a2:	2200      	movs	r2, #0
100081a4:	4651      	mov	r1, sl
100081a6:	718a      	strb	r2, [r1, #6]
100081a8:	4641      	mov	r1, r8
100081aa:	1e8e      	subs	r6, r1, #2
100081ac:	1e71      	subs	r1, r6, #1
100081ae:	418e      	sbcs	r6, r1
100081b0:	2101      	movs	r1, #1
100081b2:	4276      	negs	r6, r6
100081b4:	438e      	bics	r6, r1
100081b6:	4651      	mov	r1, sl
100081b8:	3301      	adds	r3, #1
100081ba:	360e      	adds	r6, #14
100081bc:	810a      	strh	r2, [r1, #8]
100081be:	814a      	strh	r2, [r1, #10]
100081c0:	71ce      	strb	r6, [r1, #7]
100081c2:	7323      	strb	r3, [r4, #12]
100081c4:	465b      	mov	r3, fp
100081c6:	3203      	adds	r2, #3
100081c8:	330f      	adds	r3, #15
100081ca:	4393      	bics	r3, r2
100081cc:	9100      	str	r1, [sp, #0]
100081ce:	2200      	movs	r2, #0
100081d0:	2102      	movs	r1, #2
100081d2:	0020      	movs	r0, r4
100081d4:	f7ff fd02 	bl	10007bdc <cyw43_write_bytes>
100081d8:	b005      	add	sp, #20
100081da:	bcf0      	pop	{r4, r5, r6, r7}
100081dc:	46bb      	mov	fp, r7
100081de:	46b2      	mov	sl, r6
100081e0:	46a9      	mov	r9, r5
100081e2:	46a0      	mov	r8, r4
100081e4:	bdf0      	pop	{r4, r5, r6, r7, pc}
100081e6:	7b63      	ldrb	r3, [r4, #13]
100081e8:	7b22      	ldrb	r2, [r4, #12]
100081ea:	4805      	ldr	r0, [pc, #20]	@ (10008200 <cyw43_sdpcm_send_common+0xf8>)
100081ec:	f7fc f88c 	bl	10004308 <__wrap_printf>
100081f0:	2002      	movs	r0, #2
100081f2:	4240      	negs	r0, r0
100081f4:	e7f0      	b.n	100081d8 <cyw43_sdpcm_send_common+0xd0>
100081f6:	46c0      	nop			@ (mov r8, r8)
100081f8:	40054000 	.word	0x40054000
100081fc:	000f4240 	.word	0x000f4240
10008200:	1000abcc 	.word	0x1000abcc

10008204 <cyw43_do_ioctl.part.0>:
10008204:	b5f0      	push	{r4, r5, r6, r7, lr}
10008206:	4657      	mov	r7, sl
10008208:	464e      	mov	r6, r9
1000820a:	4645      	mov	r5, r8
1000820c:	46de      	mov	lr, fp
1000820e:	b5e0      	push	{r5, r6, r7, lr}
10008210:	4e29      	ldr	r6, [pc, #164]	@ (100082b8 <cyw43_do_ioctl.part.0+0xb4>)
10008212:	4692      	mov	sl, r2
10008214:	6ab7      	ldr	r7, [r6, #40]	@ 0x28
10008216:	4698      	mov	r8, r3
10008218:	4a28      	ldr	r2, [pc, #160]	@ (100082bc <cyw43_do_ioctl.part.0+0xb8>)
1000821a:	6ab3      	ldr	r3, [r6, #40]	@ 0x28
1000821c:	0005      	movs	r5, r0
1000821e:	4689      	mov	r9, r1
10008220:	b083      	sub	sp, #12
10008222:	1bdb      	subs	r3, r3, r7
10008224:	4293      	cmp	r3, r2
10008226:	d82e      	bhi.n	10008286 <cyw43_do_ioctl.part.0+0x82>
10008228:	4b25      	ldr	r3, [pc, #148]	@ (100082c0 <cyw43_do_ioctl.part.0+0xbc>)
1000822a:	469b      	mov	fp, r3
1000822c:	e010      	b.n	10008250 <cyw43_do_ioctl.part.0+0x4c>
1000822e:	2802      	cmp	r0, #2
10008230:	d020      	beq.n	10008274 <cyw43_do_ioctl.part.0+0x70>
10008232:	2800      	cmp	r0, #0
10008234:	db03      	blt.n	1000823e <cyw43_do_ioctl.part.0+0x3a>
10008236:	0001      	movs	r1, r0
10008238:	4658      	mov	r0, fp
1000823a:	f7fc f865 	bl	10004308 <__wrap_printf>
1000823e:	20fa      	movs	r0, #250	@ 0xfa
10008240:	0080      	lsls	r0, r0, #2
10008242:	f001 fedd 	bl	1000a000 <cyw43_await_background_or_timeout_us>
10008246:	6ab3      	ldr	r3, [r6, #40]	@ 0x28
10008248:	4a1c      	ldr	r2, [pc, #112]	@ (100082bc <cyw43_do_ioctl.part.0+0xb8>)
1000824a:	1bdb      	subs	r3, r3, r7
1000824c:	4293      	cmp	r3, r2
1000824e:	d81a      	bhi.n	10008286 <cyw43_do_ioctl.part.0+0x82>
10008250:	4669      	mov	r1, sp
10008252:	0028      	movs	r0, r5
10008254:	aa01      	add	r2, sp, #4
10008256:	f7ff fe3b 	bl	10007ed0 <cyw43_ll_sdpcm_poll_device>
1000825a:	1e04      	subs	r4, r0, #0
1000825c:	d023      	beq.n	100082a6 <cyw43_do_ioctl.part.0+0xa2>
1000825e:	2801      	cmp	r0, #1
10008260:	d1e5      	bne.n	1000822e <cyw43_do_ioctl.part.0+0x2a>
10008262:	9901      	ldr	r1, [sp, #4]
10008264:	9800      	ldr	r0, [sp, #0]
10008266:	f7ff fd57 	bl	10007d18 <cyw43_ll_parse_async_event>
1000826a:	0001      	movs	r1, r0
1000826c:	0028      	movs	r0, r5
1000826e:	f001 fa8b 	bl	10009788 <cyw43_cb_process_async_event>
10008272:	e7e4      	b.n	1000823e <cyw43_do_ioctl.part.0+0x3a>
10008274:	9900      	ldr	r1, [sp, #0]
10008276:	9b01      	ldr	r3, [sp, #4]
10008278:	004a      	lsls	r2, r1, #1
1000827a:	6828      	ldr	r0, [r5, #0]
1000827c:	0852      	lsrs	r2, r2, #1
1000827e:	0fc9      	lsrs	r1, r1, #31
10008280:	f001 ff1c 	bl	1000a0bc <cyw43_cb_process_ethernet>
10008284:	e7db      	b.n	1000823e <cyw43_do_ioctl.part.0+0x3a>
10008286:	4643      	mov	r3, r8
10008288:	4652      	mov	r2, sl
1000828a:	4649      	mov	r1, r9
1000828c:	2402      	movs	r4, #2
1000828e:	480d      	ldr	r0, [pc, #52]	@ (100082c4 <cyw43_do_ioctl.part.0+0xc0>)
10008290:	f7fc f83a 	bl	10004308 <__wrap_printf>
10008294:	4264      	negs	r4, r4
10008296:	0020      	movs	r0, r4
10008298:	b003      	add	sp, #12
1000829a:	bcf0      	pop	{r4, r5, r6, r7}
1000829c:	46bb      	mov	fp, r7
1000829e:	46b2      	mov	sl, r6
100082a0:	46a9      	mov	r9, r5
100082a2:	46a0      	mov	r8, r4
100082a4:	bdf0      	pop	{r4, r5, r6, r7, pc}
100082a6:	9a00      	ldr	r2, [sp, #0]
100082a8:	4542      	cmp	r2, r8
100082aa:	d900      	bls.n	100082ae <cyw43_do_ioctl.part.0+0xaa>
100082ac:	4642      	mov	r2, r8
100082ae:	9901      	ldr	r1, [sp, #4]
100082b0:	980c      	ldr	r0, [sp, #48]	@ 0x30
100082b2:	f002 fa27 	bl	1000a704 <memmove>
100082b6:	e7ee      	b.n	10008296 <cyw43_do_ioctl.part.0+0x92>
100082b8:	40054000 	.word	0x40054000
100082bc:	000f423f 	.word	0x000f423f
100082c0:	1000abf0 	.word	0x1000abf0
100082c4:	1000ac1c 	.word	0x1000ac1c

100082c8 <cyw43_write_iovar_u32.constprop.0>:
100082c8:	b5f0      	push	{r4, r5, r6, r7, lr}
100082ca:	46ce      	mov	lr, r9
100082cc:	4647      	mov	r7, r8
100082ce:	b580      	push	{r7, lr}
100082d0:	0006      	movs	r6, r0
100082d2:	b083      	sub	sp, #12
100082d4:	0004      	movs	r4, r0
100082d6:	0008      	movs	r0, r1
100082d8:	0017      	movs	r7, r2
100082da:	4689      	mov	r9, r1
100082dc:	f002 f996 	bl	1000a60c <strlen>
100082e0:	1c43      	adds	r3, r0, #1
100082e2:	4698      	mov	r8, r3
100082e4:	3644      	adds	r6, #68	@ 0x44
100082e6:	0005      	movs	r5, r0
100082e8:	001a      	movs	r2, r3
100082ea:	4649      	mov	r1, r9
100082ec:	0030      	movs	r0, r6
100082ee:	f7fa f975 	bl	100025dc <__wrap___aeabi_memcpy>
100082f2:	4643      	mov	r3, r8
100082f4:	18f2      	adds	r2, r6, r3
100082f6:	0a3b      	lsrs	r3, r7, #8
100082f8:	7017      	strb	r7, [r2, #0]
100082fa:	7053      	strb	r3, [r2, #1]
100082fc:	0c3b      	lsrs	r3, r7, #16
100082fe:	0e3f      	lsrs	r7, r7, #24
10008300:	7093      	strb	r3, [r2, #2]
10008302:	70d7      	strb	r7, [r2, #3]
10008304:	002a      	movs	r2, r5
10008306:	2380      	movs	r3, #128	@ 0x80
10008308:	3221      	adds	r2, #33	@ 0x21
1000830a:	1d6f      	adds	r7, r5, #5
1000830c:	011b      	lsls	r3, r3, #4
1000830e:	429a      	cmp	r2, r3
10008310:	d820      	bhi.n	10008354 <cyw43_write_iovar_u32.constprop.0+0x8c>
10008312:	2208      	movs	r2, #8
10008314:	8a23      	ldrh	r3, [r4, #16]
10008316:	32ff      	adds	r2, #255	@ 0xff
10008318:	3301      	adds	r3, #1
1000831a:	b29b      	uxth	r3, r3
1000831c:	4690      	mov	r8, r2
1000831e:	6362      	str	r2, [r4, #52]	@ 0x34
10008320:	3a06      	subs	r2, #6
10008322:	3aff      	subs	r2, #255	@ 0xff
10008324:	8223      	strh	r3, [r4, #16]
10008326:	041b      	lsls	r3, r3, #16
10008328:	4313      	orrs	r3, r2
1000832a:	63e3      	str	r3, [r4, #60]	@ 0x3c
1000832c:	2300      	movs	r3, #0
1000832e:	002a      	movs	r2, r5
10008330:	6423      	str	r3, [r4, #64]	@ 0x40
10008332:	0023      	movs	r3, r4
10008334:	2100      	movs	r1, #0
10008336:	0020      	movs	r0, r4
10008338:	63a7      	str	r7, [r4, #56]	@ 0x38
1000833a:	3215      	adds	r2, #21
1000833c:	3328      	adds	r3, #40	@ 0x28
1000833e:	f7ff fee3 	bl	10008108 <cyw43_sdpcm_send_common>
10008342:	2800      	cmp	r0, #0
10008344:	d106      	bne.n	10008354 <cyw43_write_iovar_u32.constprop.0+0x8c>
10008346:	003b      	movs	r3, r7
10008348:	4642      	mov	r2, r8
1000834a:	2102      	movs	r1, #2
1000834c:	0020      	movs	r0, r4
1000834e:	9600      	str	r6, [sp, #0]
10008350:	f7ff ff58 	bl	10008204 <cyw43_do_ioctl.part.0>
10008354:	b003      	add	sp, #12
10008356:	bcc0      	pop	{r6, r7}
10008358:	46b9      	mov	r9, r7
1000835a:	46b0      	mov	r8, r6
1000835c:	bdf0      	pop	{r4, r5, r6, r7, pc}
1000835e:	46c0      	nop			@ (mov r8, r8)

10008360 <cyw43_write_iovar_n>:
10008360:	b5f0      	push	{r4, r5, r6, r7, lr}
10008362:	46ce      	mov	lr, r9
10008364:	4647      	mov	r7, r8
10008366:	b580      	push	{r7, lr}
10008368:	0006      	movs	r6, r0
1000836a:	b083      	sub	sp, #12
1000836c:	0004      	movs	r4, r0
1000836e:	0008      	movs	r0, r1
10008370:	4699      	mov	r9, r3
10008372:	4688      	mov	r8, r1
10008374:	0017      	movs	r7, r2
10008376:	f002 f949 	bl	1000a60c <strlen>
1000837a:	3644      	adds	r6, #68	@ 0x44
1000837c:	1c45      	adds	r5, r0, #1
1000837e:	003a      	movs	r2, r7
10008380:	4649      	mov	r1, r9
10008382:	1970      	adds	r0, r6, r5
10008384:	f002 f9be 	bl	1000a704 <memmove>
10008388:	002a      	movs	r2, r5
1000838a:	4641      	mov	r1, r8
1000838c:	0030      	movs	r0, r6
1000838e:	19ed      	adds	r5, r5, r7
10008390:	f7fa f924 	bl	100025dc <__wrap___aeabi_memcpy>
10008394:	002a      	movs	r2, r5
10008396:	2380      	movs	r3, #128	@ 0x80
10008398:	321c      	adds	r2, #28
1000839a:	011b      	lsls	r3, r3, #4
1000839c:	429a      	cmp	r2, r3
1000839e:	d820      	bhi.n	100083e2 <cyw43_write_iovar_n+0x82>
100083a0:	8a21      	ldrh	r1, [r4, #16]
100083a2:	9b0a      	ldr	r3, [sp, #40]	@ 0x28
100083a4:	3101      	adds	r1, #1
100083a6:	b289      	uxth	r1, r1
100083a8:	031b      	lsls	r3, r3, #12
100083aa:	8221      	strh	r1, [r4, #16]
100083ac:	0409      	lsls	r1, r1, #16
100083ae:	4319      	orrs	r1, r3
100083b0:	2302      	movs	r3, #2
100083b2:	4319      	orrs	r1, r3
100083b4:	2300      	movs	r3, #0
100083b6:	2708      	movs	r7, #8
100083b8:	6423      	str	r3, [r4, #64]	@ 0x40
100083ba:	0023      	movs	r3, r4
100083bc:	37ff      	adds	r7, #255	@ 0xff
100083be:	63e1      	str	r1, [r4, #60]	@ 0x3c
100083c0:	0020      	movs	r0, r4
100083c2:	2100      	movs	r1, #0
100083c4:	6367      	str	r7, [r4, #52]	@ 0x34
100083c6:	63a5      	str	r5, [r4, #56]	@ 0x38
100083c8:	3328      	adds	r3, #40	@ 0x28
100083ca:	3a0c      	subs	r2, #12
100083cc:	f7ff fe9c 	bl	10008108 <cyw43_sdpcm_send_common>
100083d0:	2800      	cmp	r0, #0
100083d2:	d106      	bne.n	100083e2 <cyw43_write_iovar_n+0x82>
100083d4:	002b      	movs	r3, r5
100083d6:	003a      	movs	r2, r7
100083d8:	2102      	movs	r1, #2
100083da:	0020      	movs	r0, r4
100083dc:	9600      	str	r6, [sp, #0]
100083de:	f7ff ff11 	bl	10008204 <cyw43_do_ioctl.part.0>
100083e2:	b003      	add	sp, #12
100083e4:	bcc0      	pop	{r6, r7}
100083e6:	46b9      	mov	r9, r7
100083e8:	46b0      	mov	r8, r6
100083ea:	bdf0      	pop	{r4, r5, r6, r7, pc}

100083ec <cyw43_read_backplane.constprop.0>:
100083ec:	6883      	ldr	r3, [r0, #8]
100083ee:	b570      	push	{r4, r5, r6, lr}
100083f0:	0bce      	lsrs	r6, r1, #15
100083f2:	0004      	movs	r4, r0
100083f4:	000d      	movs	r5, r1
100083f6:	03f6      	lsls	r6, r6, #15
100083f8:	429e      	cmp	r6, r3
100083fa:	d00d      	beq.n	10008418 <cyw43_read_backplane.constprop.0+0x2c>
100083fc:	2280      	movs	r2, #128	@ 0x80
100083fe:	4073      	eors	r3, r6
10008400:	0452      	lsls	r2, r2, #17
10008402:	4293      	cmp	r3, r2
10008404:	d239      	bcs.n	1000847a <cyw43_read_backplane.constprop.0+0x8e>
10008406:	22ff      	movs	r2, #255	@ 0xff
10008408:	0412      	lsls	r2, r2, #16
1000840a:	4213      	tst	r3, r2
1000840c:	d12c      	bne.n	10008468 <cyw43_read_backplane.constprop.0+0x7c>
1000840e:	22ff      	movs	r2, #255	@ 0xff
10008410:	0212      	lsls	r2, r2, #8
10008412:	4213      	tst	r3, r2
10008414:	d121      	bne.n	1000845a <cyw43_read_backplane.constprop.0+0x6e>
10008416:	60a6      	str	r6, [r4, #8]
10008418:	2280      	movs	r2, #128	@ 0x80
1000841a:	046d      	lsls	r5, r5, #17
1000841c:	0c6d      	lsrs	r5, r5, #17
1000841e:	0212      	lsls	r2, r2, #8
10008420:	432a      	orrs	r2, r5
10008422:	2101      	movs	r1, #1
10008424:	0020      	movs	r0, r4
10008426:	f7fe ff49 	bl	100072bc <cyw43_read_reg_u8>
1000842a:	25c0      	movs	r5, #192	@ 0xc0
1000842c:	68a3      	ldr	r3, [r4, #8]
1000842e:	0006      	movs	r6, r0
10008430:	056d      	lsls	r5, r5, #21
10008432:	42ab      	cmp	r3, r5
10008434:	d00f      	beq.n	10008456 <cyw43_read_backplane.constprop.0+0x6a>
10008436:	2280      	movs	r2, #128	@ 0x80
10008438:	406b      	eors	r3, r5
1000843a:	0452      	lsls	r2, r2, #17
1000843c:	4293      	cmp	r3, r2
1000843e:	d238      	bcs.n	100084b2 <cyw43_read_backplane.constprop.0+0xc6>
10008440:	22ff      	movs	r2, #255	@ 0xff
10008442:	0412      	lsls	r2, r2, #16
10008444:	4213      	tst	r3, r2
10008446:	d128      	bne.n	1000849a <cyw43_read_backplane.constprop.0+0xae>
10008448:	22ff      	movs	r2, #255	@ 0xff
1000844a:	0212      	lsls	r2, r2, #8
1000844c:	4213      	tst	r3, r2
1000844e:	d11c      	bne.n	1000848a <cyw43_read_backplane.constprop.0+0x9e>
10008450:	23c0      	movs	r3, #192	@ 0xc0
10008452:	055b      	lsls	r3, r3, #21
10008454:	60a3      	str	r3, [r4, #8]
10008456:	0030      	movs	r0, r6
10008458:	bd70      	pop	{r4, r5, r6, pc}
1000845a:	2101      	movs	r1, #1
1000845c:	0020      	movs	r0, r4
1000845e:	4a19      	ldr	r2, [pc, #100]	@ (100084c4 <cyw43_read_backplane.constprop.0+0xd8>)
10008460:	0a33      	lsrs	r3, r6, #8
10008462:	f7ff fa75 	bl	10007950 <cyw43_write_reg_u8>
10008466:	e7d6      	b.n	10008416 <cyw43_read_backplane.constprop.0+0x2a>
10008468:	0c33      	lsrs	r3, r6, #16
1000846a:	2101      	movs	r1, #1
1000846c:	0020      	movs	r0, r4
1000846e:	4a16      	ldr	r2, [pc, #88]	@ (100084c8 <cyw43_read_backplane.constprop.0+0xdc>)
10008470:	f7ff fa6e 	bl	10007950 <cyw43_write_reg_u8>
10008474:	68a3      	ldr	r3, [r4, #8]
10008476:	4073      	eors	r3, r6
10008478:	e7c9      	b.n	1000840e <cyw43_read_backplane.constprop.0+0x22>
1000847a:	0e33      	lsrs	r3, r6, #24
1000847c:	2101      	movs	r1, #1
1000847e:	4a13      	ldr	r2, [pc, #76]	@ (100084cc <cyw43_read_backplane.constprop.0+0xe0>)
10008480:	f7ff fa66 	bl	10007950 <cyw43_write_reg_u8>
10008484:	68a3      	ldr	r3, [r4, #8]
10008486:	4073      	eors	r3, r6
10008488:	e7bd      	b.n	10008406 <cyw43_read_backplane.constprop.0+0x1a>
1000848a:	23c0      	movs	r3, #192	@ 0xc0
1000848c:	2101      	movs	r1, #1
1000848e:	0020      	movs	r0, r4
10008490:	4a0c      	ldr	r2, [pc, #48]	@ (100084c4 <cyw43_read_backplane.constprop.0+0xd8>)
10008492:	035b      	lsls	r3, r3, #13
10008494:	f7ff fa5c 	bl	10007950 <cyw43_write_reg_u8>
10008498:	e7da      	b.n	10008450 <cyw43_read_backplane.constprop.0+0x64>
1000849a:	23c0      	movs	r3, #192	@ 0xc0
1000849c:	4a0a      	ldr	r2, [pc, #40]	@ (100084c8 <cyw43_read_backplane.constprop.0+0xdc>)
1000849e:	015b      	lsls	r3, r3, #5
100084a0:	2101      	movs	r1, #1
100084a2:	0020      	movs	r0, r4
100084a4:	f7ff fa54 	bl	10007950 <cyw43_write_reg_u8>
100084a8:	23c0      	movs	r3, #192	@ 0xc0
100084aa:	68a2      	ldr	r2, [r4, #8]
100084ac:	055b      	lsls	r3, r3, #21
100084ae:	4053      	eors	r3, r2
100084b0:	e7ca      	b.n	10008448 <cyw43_read_backplane.constprop.0+0x5c>
100084b2:	2318      	movs	r3, #24
100084b4:	2101      	movs	r1, #1
100084b6:	0020      	movs	r0, r4
100084b8:	4a04      	ldr	r2, [pc, #16]	@ (100084cc <cyw43_read_backplane.constprop.0+0xe0>)
100084ba:	f7ff fa49 	bl	10007950 <cyw43_write_reg_u8>
100084be:	68a3      	ldr	r3, [r4, #8]
100084c0:	406b      	eors	r3, r5
100084c2:	e7bd      	b.n	10008440 <cyw43_read_backplane.constprop.0+0x54>
100084c4:	0001000a 	.word	0x0001000a
100084c8:	0001000b 	.word	0x0001000b
100084cc:	0001000c 	.word	0x0001000c

100084d0 <cyw43_write_backplane>:
100084d0:	b5f0      	push	{r4, r5, r6, r7, lr}
100084d2:	46c6      	mov	lr, r8
100084d4:	0bce      	lsrs	r6, r1, #15
100084d6:	000d      	movs	r5, r1
100084d8:	6881      	ldr	r1, [r0, #8]
100084da:	0004      	movs	r4, r0
100084dc:	4690      	mov	r8, r2
100084de:	001f      	movs	r7, r3
100084e0:	b500      	push	{lr}
100084e2:	03f6      	lsls	r6, r6, #15
100084e4:	428e      	cmp	r6, r1
100084e6:	d00d      	beq.n	10008504 <cyw43_write_backplane+0x34>
100084e8:	2380      	movs	r3, #128	@ 0x80
100084ea:	4071      	eors	r1, r6
100084ec:	045b      	lsls	r3, r3, #17
100084ee:	4299      	cmp	r1, r3
100084f0:	d266      	bcs.n	100085c0 <cyw43_write_backplane+0xf0>
100084f2:	23ff      	movs	r3, #255	@ 0xff
100084f4:	041b      	lsls	r3, r3, #16
100084f6:	4219      	tst	r1, r3
100084f8:	d159      	bne.n	100085ae <cyw43_write_backplane+0xde>
100084fa:	23ff      	movs	r3, #255	@ 0xff
100084fc:	021b      	lsls	r3, r3, #8
100084fe:	4219      	tst	r1, r3
10008500:	d125      	bne.n	1000854e <cyw43_write_backplane+0x7e>
10008502:	60a6      	str	r6, [r4, #8]
10008504:	2280      	movs	r2, #128	@ 0x80
10008506:	4643      	mov	r3, r8
10008508:	046d      	lsls	r5, r5, #17
1000850a:	0c6d      	lsrs	r5, r5, #17
1000850c:	0212      	lsls	r2, r2, #8
1000850e:	432a      	orrs	r2, r5
10008510:	2b01      	cmp	r3, #1
10008512:	d023      	beq.n	1000855c <cyw43_write_backplane+0x8c>
10008514:	003b      	movs	r3, r7
10008516:	2101      	movs	r1, #1
10008518:	0020      	movs	r0, r4
1000851a:	f7ff f805 	bl	10007528 <cyw43_write_reg_u32>
1000851e:	25c0      	movs	r5, #192	@ 0xc0
10008520:	68a3      	ldr	r3, [r4, #8]
10008522:	056d      	lsls	r5, r5, #21
10008524:	42ab      	cmp	r3, r5
10008526:	d00f      	beq.n	10008548 <cyw43_write_backplane+0x78>
10008528:	2280      	movs	r2, #128	@ 0x80
1000852a:	406b      	eors	r3, r5
1000852c:	0452      	lsls	r2, r2, #17
1000852e:	4293      	cmp	r3, r2
10008530:	d21a      	bcs.n	10008568 <cyw43_write_backplane+0x98>
10008532:	22ff      	movs	r2, #255	@ 0xff
10008534:	0412      	lsls	r2, r2, #16
10008536:	4213      	tst	r3, r2
10008538:	d122      	bne.n	10008580 <cyw43_write_backplane+0xb0>
1000853a:	22ff      	movs	r2, #255	@ 0xff
1000853c:	0212      	lsls	r2, r2, #8
1000853e:	4213      	tst	r3, r2
10008540:	d12d      	bne.n	1000859e <cyw43_write_backplane+0xce>
10008542:	23c0      	movs	r3, #192	@ 0xc0
10008544:	055b      	lsls	r3, r3, #21
10008546:	60a3      	str	r3, [r4, #8]
10008548:	bc80      	pop	{r7}
1000854a:	46b8      	mov	r8, r7
1000854c:	bdf0      	pop	{r4, r5, r6, r7, pc}
1000854e:	2101      	movs	r1, #1
10008550:	0020      	movs	r0, r4
10008552:	4a1f      	ldr	r2, [pc, #124]	@ (100085d0 <cyw43_write_backplane+0x100>)
10008554:	0a33      	lsrs	r3, r6, #8
10008556:	f7ff f9fb 	bl	10007950 <cyw43_write_reg_u8>
1000855a:	e7d2      	b.n	10008502 <cyw43_write_backplane+0x32>
1000855c:	003b      	movs	r3, r7
1000855e:	2101      	movs	r1, #1
10008560:	0020      	movs	r0, r4
10008562:	f7ff f9f5 	bl	10007950 <cyw43_write_reg_u8>
10008566:	e7da      	b.n	1000851e <cyw43_write_backplane+0x4e>
10008568:	2318      	movs	r3, #24
1000856a:	4a1a      	ldr	r2, [pc, #104]	@ (100085d4 <cyw43_write_backplane+0x104>)
1000856c:	2101      	movs	r1, #1
1000856e:	0020      	movs	r0, r4
10008570:	f7ff f9ee 	bl	10007950 <cyw43_write_reg_u8>
10008574:	22ff      	movs	r2, #255	@ 0xff
10008576:	68a3      	ldr	r3, [r4, #8]
10008578:	0412      	lsls	r2, r2, #16
1000857a:	406b      	eors	r3, r5
1000857c:	4213      	tst	r3, r2
1000857e:	d0dc      	beq.n	1000853a <cyw43_write_backplane+0x6a>
10008580:	23c0      	movs	r3, #192	@ 0xc0
10008582:	4a15      	ldr	r2, [pc, #84]	@ (100085d8 <cyw43_write_backplane+0x108>)
10008584:	015b      	lsls	r3, r3, #5
10008586:	2101      	movs	r1, #1
10008588:	0020      	movs	r0, r4
1000858a:	f7ff f9e1 	bl	10007950 <cyw43_write_reg_u8>
1000858e:	23c0      	movs	r3, #192	@ 0xc0
10008590:	68a2      	ldr	r2, [r4, #8]
10008592:	055b      	lsls	r3, r3, #21
10008594:	4053      	eors	r3, r2
10008596:	22ff      	movs	r2, #255	@ 0xff
10008598:	0212      	lsls	r2, r2, #8
1000859a:	4213      	tst	r3, r2
1000859c:	d0d1      	beq.n	10008542 <cyw43_write_backplane+0x72>
1000859e:	23c0      	movs	r3, #192	@ 0xc0
100085a0:	2101      	movs	r1, #1
100085a2:	0020      	movs	r0, r4
100085a4:	4a0a      	ldr	r2, [pc, #40]	@ (100085d0 <cyw43_write_backplane+0x100>)
100085a6:	035b      	lsls	r3, r3, #13
100085a8:	f7ff f9d2 	bl	10007950 <cyw43_write_reg_u8>
100085ac:	e7c9      	b.n	10008542 <cyw43_write_backplane+0x72>
100085ae:	2101      	movs	r1, #1
100085b0:	0020      	movs	r0, r4
100085b2:	4a09      	ldr	r2, [pc, #36]	@ (100085d8 <cyw43_write_backplane+0x108>)
100085b4:	0c33      	lsrs	r3, r6, #16
100085b6:	f7ff f9cb 	bl	10007950 <cyw43_write_reg_u8>
100085ba:	68a1      	ldr	r1, [r4, #8]
100085bc:	4071      	eors	r1, r6
100085be:	e79c      	b.n	100084fa <cyw43_write_backplane+0x2a>
100085c0:	2101      	movs	r1, #1
100085c2:	4a04      	ldr	r2, [pc, #16]	@ (100085d4 <cyw43_write_backplane+0x104>)
100085c4:	0e33      	lsrs	r3, r6, #24
100085c6:	f7ff f9c3 	bl	10007950 <cyw43_write_reg_u8>
100085ca:	68a1      	ldr	r1, [r4, #8]
100085cc:	4071      	eors	r1, r6
100085ce:	e790      	b.n	100084f2 <cyw43_write_backplane+0x22>
100085d0:	0001000a 	.word	0x0001000a
100085d4:	0001000c 	.word	0x0001000c
100085d8:	0001000b 	.word	0x0001000b

100085dc <reset_device_core.constprop.0>:
100085dc:	b5f8      	push	{r3, r4, r5, r6, r7, lr}
100085de:	46ce      	mov	lr, r9
100085e0:	4647      	mov	r7, r8
100085e2:	0004      	movs	r4, r0
100085e4:	000d      	movs	r5, r1
100085e6:	b580      	push	{r7, lr}
100085e8:	2901      	cmp	r1, #1
100085ea:	d100      	bne.n	100085ee <reset_device_core.constprop.0+0x12>
100085ec:	e1e4      	b.n	100089b8 <reset_device_core.constprop.0+0x3dc>
100085ee:	4bd7      	ldr	r3, [pc, #860]	@ (1000894c <reset_device_core.constprop.0+0x370>)
100085f0:	27c8      	movs	r7, #200	@ 0xc8
100085f2:	4698      	mov	r8, r3
100085f4:	023f      	lsls	r7, r7, #8
100085f6:	26c0      	movs	r6, #192	@ 0xc0
100085f8:	4641      	mov	r1, r8
100085fa:	0020      	movs	r0, r4
100085fc:	f7ff fb58 	bl	10007cb0 <cyw43_set_backplane_window>
10008600:	003a      	movs	r2, r7
10008602:	2101      	movs	r1, #1
10008604:	0020      	movs	r0, r4
10008606:	f7fe fe59 	bl	100072bc <cyw43_read_reg_u8>
1000860a:	68a3      	ldr	r3, [r4, #8]
1000860c:	0576      	lsls	r6, r6, #21
1000860e:	42b3      	cmp	r3, r6
10008610:	d012      	beq.n	10008638 <reset_device_core.constprop.0+0x5c>
10008612:	2280      	movs	r2, #128	@ 0x80
10008614:	4073      	eors	r3, r6
10008616:	0452      	lsls	r2, r2, #17
10008618:	4293      	cmp	r3, r2
1000861a:	d300      	bcc.n	1000861e <reset_device_core.constprop.0+0x42>
1000861c:	e0e7      	b.n	100087ee <reset_device_core.constprop.0+0x212>
1000861e:	22ff      	movs	r2, #255	@ 0xff
10008620:	0412      	lsls	r2, r2, #16
10008622:	4213      	tst	r3, r2
10008624:	d000      	beq.n	10008628 <reset_device_core.constprop.0+0x4c>
10008626:	e0ef      	b.n	10008808 <reset_device_core.constprop.0+0x22c>
10008628:	22ff      	movs	r2, #255	@ 0xff
1000862a:	0212      	lsls	r2, r2, #8
1000862c:	4213      	tst	r3, r2
1000862e:	d000      	beq.n	10008632 <reset_device_core.constprop.0+0x56>
10008630:	e0fa      	b.n	10008828 <reset_device_core.constprop.0+0x24c>
10008632:	23c0      	movs	r3, #192	@ 0xc0
10008634:	055b      	lsls	r3, r3, #21
10008636:	60a3      	str	r3, [r4, #8]
10008638:	4641      	mov	r1, r8
1000863a:	0020      	movs	r0, r4
1000863c:	f7ff fb38 	bl	10007cb0 <cyw43_set_backplane_window>
10008640:	003a      	movs	r2, r7
10008642:	2101      	movs	r1, #1
10008644:	0020      	movs	r0, r4
10008646:	f7fe fe39 	bl	100072bc <cyw43_read_reg_u8>
1000864a:	22c0      	movs	r2, #192	@ 0xc0
1000864c:	68a3      	ldr	r3, [r4, #8]
1000864e:	0552      	lsls	r2, r2, #21
10008650:	0006      	movs	r6, r0
10008652:	4691      	mov	r9, r2
10008654:	4293      	cmp	r3, r2
10008656:	d012      	beq.n	1000867e <reset_device_core.constprop.0+0xa2>
10008658:	4053      	eors	r3, r2
1000865a:	2280      	movs	r2, #128	@ 0x80
1000865c:	0452      	lsls	r2, r2, #17
1000865e:	4293      	cmp	r3, r2
10008660:	d300      	bcc.n	10008664 <reset_device_core.constprop.0+0x88>
10008662:	e19e      	b.n	100089a2 <reset_device_core.constprop.0+0x3c6>
10008664:	22ff      	movs	r2, #255	@ 0xff
10008666:	0412      	lsls	r2, r2, #16
10008668:	4213      	tst	r3, r2
1000866a:	d000      	beq.n	1000866e <reset_device_core.constprop.0+0x92>
1000866c:	e18d      	b.n	1000898a <reset_device_core.constprop.0+0x3ae>
1000866e:	22ff      	movs	r2, #255	@ 0xff
10008670:	0212      	lsls	r2, r2, #8
10008672:	4213      	tst	r3, r2
10008674:	d000      	beq.n	10008678 <reset_device_core.constprop.0+0x9c>
10008676:	e180      	b.n	1000897a <reset_device_core.constprop.0+0x39e>
10008678:	23c0      	movs	r3, #192	@ 0xc0
1000867a:	055b      	lsls	r3, r3, #21
1000867c:	60a3      	str	r3, [r4, #8]
1000867e:	07f6      	lsls	r6, r6, #31
10008680:	d400      	bmi.n	10008684 <reset_device_core.constprop.0+0xa8>
10008682:	e1a1      	b.n	100089c8 <reset_device_core.constprop.0+0x3ec>
10008684:	2d01      	cmp	r5, #1
10008686:	d100      	bne.n	1000868a <reset_device_core.constprop.0+0xae>
10008688:	e19b      	b.n	100089c2 <reset_device_core.constprop.0+0x3e6>
1000868a:	4db1      	ldr	r5, [pc, #708]	@ (10008950 <reset_device_core.constprop.0+0x374>)
1000868c:	4eb1      	ldr	r6, [pc, #708]	@ (10008954 <reset_device_core.constprop.0+0x378>)
1000868e:	0031      	movs	r1, r6
10008690:	0020      	movs	r0, r4
10008692:	f7ff fb0d 	bl	10007cb0 <cyw43_set_backplane_window>
10008696:	2303      	movs	r3, #3
10008698:	002a      	movs	r2, r5
1000869a:	2101      	movs	r1, #1
1000869c:	0020      	movs	r0, r4
1000869e:	f7ff f957 	bl	10007950 <cyw43_write_reg_u8>
100086a2:	22c0      	movs	r2, #192	@ 0xc0
100086a4:	68a3      	ldr	r3, [r4, #8]
100086a6:	0552      	lsls	r2, r2, #21
100086a8:	4691      	mov	r9, r2
100086aa:	4293      	cmp	r3, r2
100086ac:	d012      	beq.n	100086d4 <reset_device_core.constprop.0+0xf8>
100086ae:	4053      	eors	r3, r2
100086b0:	2280      	movs	r2, #128	@ 0x80
100086b2:	0452      	lsls	r2, r2, #17
100086b4:	4293      	cmp	r3, r2
100086b6:	d300      	bcc.n	100086ba <reset_device_core.constprop.0+0xde>
100086b8:	e154      	b.n	10008964 <reset_device_core.constprop.0+0x388>
100086ba:	22ff      	movs	r2, #255	@ 0xff
100086bc:	0412      	lsls	r2, r2, #16
100086be:	4213      	tst	r3, r2
100086c0:	d000      	beq.n	100086c4 <reset_device_core.constprop.0+0xe8>
100086c2:	e137      	b.n	10008934 <reset_device_core.constprop.0+0x358>
100086c4:	22ff      	movs	r2, #255	@ 0xff
100086c6:	0212      	lsls	r2, r2, #8
100086c8:	4213      	tst	r3, r2
100086ca:	d000      	beq.n	100086ce <reset_device_core.constprop.0+0xf2>
100086cc:	e12a      	b.n	10008924 <reset_device_core.constprop.0+0x348>
100086ce:	23c0      	movs	r3, #192	@ 0xc0
100086d0:	055b      	lsls	r3, r3, #21
100086d2:	60a3      	str	r3, [r4, #8]
100086d4:	0031      	movs	r1, r6
100086d6:	0020      	movs	r0, r4
100086d8:	f7ff faea 	bl	10007cb0 <cyw43_set_backplane_window>
100086dc:	002a      	movs	r2, r5
100086de:	2101      	movs	r1, #1
100086e0:	0020      	movs	r0, r4
100086e2:	f7fe fdeb 	bl	100072bc <cyw43_read_reg_u8>
100086e6:	22c0      	movs	r2, #192	@ 0xc0
100086e8:	68a3      	ldr	r3, [r4, #8]
100086ea:	0552      	lsls	r2, r2, #21
100086ec:	4691      	mov	r9, r2
100086ee:	4293      	cmp	r3, r2
100086f0:	d012      	beq.n	10008718 <reset_device_core.constprop.0+0x13c>
100086f2:	4053      	eors	r3, r2
100086f4:	2280      	movs	r2, #128	@ 0x80
100086f6:	0452      	lsls	r2, r2, #17
100086f8:	4293      	cmp	r3, r2
100086fa:	d300      	bcc.n	100086fe <reset_device_core.constprop.0+0x122>
100086fc:	e107      	b.n	1000890e <reset_device_core.constprop.0+0x332>
100086fe:	22ff      	movs	r2, #255	@ 0xff
10008700:	0412      	lsls	r2, r2, #16
10008702:	4213      	tst	r3, r2
10008704:	d000      	beq.n	10008708 <reset_device_core.constprop.0+0x12c>
10008706:	e0f6      	b.n	100088f6 <reset_device_core.constprop.0+0x31a>
10008708:	22ff      	movs	r2, #255	@ 0xff
1000870a:	0212      	lsls	r2, r2, #8
1000870c:	4213      	tst	r3, r2
1000870e:	d000      	beq.n	10008712 <reset_device_core.constprop.0+0x136>
10008710:	e0e9      	b.n	100088e6 <reset_device_core.constprop.0+0x30a>
10008712:	23c0      	movs	r3, #192	@ 0xc0
10008714:	055b      	lsls	r3, r3, #21
10008716:	60a3      	str	r3, [r4, #8]
10008718:	4641      	mov	r1, r8
1000871a:	0020      	movs	r0, r4
1000871c:	f7ff fac8 	bl	10007cb0 <cyw43_set_backplane_window>
10008720:	003a      	movs	r2, r7
10008722:	27c0      	movs	r7, #192	@ 0xc0
10008724:	2300      	movs	r3, #0
10008726:	2101      	movs	r1, #1
10008728:	0020      	movs	r0, r4
1000872a:	f7ff f911 	bl	10007950 <cyw43_write_reg_u8>
1000872e:	68a3      	ldr	r3, [r4, #8]
10008730:	057f      	lsls	r7, r7, #21
10008732:	42bb      	cmp	r3, r7
10008734:	d012      	beq.n	1000875c <reset_device_core.constprop.0+0x180>
10008736:	2280      	movs	r2, #128	@ 0x80
10008738:	407b      	eors	r3, r7
1000873a:	0452      	lsls	r2, r2, #17
1000873c:	4293      	cmp	r3, r2
1000873e:	d300      	bcc.n	10008742 <reset_device_core.constprop.0+0x166>
10008740:	e0c8      	b.n	100088d4 <reset_device_core.constprop.0+0x2f8>
10008742:	22ff      	movs	r2, #255	@ 0xff
10008744:	0412      	lsls	r2, r2, #16
10008746:	4213      	tst	r3, r2
10008748:	d000      	beq.n	1000874c <reset_device_core.constprop.0+0x170>
1000874a:	e0b7      	b.n	100088bc <reset_device_core.constprop.0+0x2e0>
1000874c:	22ff      	movs	r2, #255	@ 0xff
1000874e:	0212      	lsls	r2, r2, #8
10008750:	4213      	tst	r3, r2
10008752:	d000      	beq.n	10008756 <reset_device_core.constprop.0+0x17a>
10008754:	e0aa      	b.n	100088ac <reset_device_core.constprop.0+0x2d0>
10008756:	23c0      	movs	r3, #192	@ 0xc0
10008758:	055b      	lsls	r3, r3, #21
1000875a:	60a3      	str	r3, [r4, #8]
1000875c:	27c0      	movs	r7, #192	@ 0xc0
1000875e:	2001      	movs	r0, #1
10008760:	f001 fc7c 	bl	1000a05c <cyw43_delay_ms>
10008764:	0031      	movs	r1, r6
10008766:	0020      	movs	r0, r4
10008768:	f7ff faa2 	bl	10007cb0 <cyw43_set_backplane_window>
1000876c:	2301      	movs	r3, #1
1000876e:	002a      	movs	r2, r5
10008770:	2101      	movs	r1, #1
10008772:	0020      	movs	r0, r4
10008774:	f7ff f8ec 	bl	10007950 <cyw43_write_reg_u8>
10008778:	68a3      	ldr	r3, [r4, #8]
1000877a:	057f      	lsls	r7, r7, #21
1000877c:	42bb      	cmp	r3, r7
1000877e:	d011      	beq.n	100087a4 <reset_device_core.constprop.0+0x1c8>
10008780:	2280      	movs	r2, #128	@ 0x80
10008782:	407b      	eors	r3, r7
10008784:	0452      	lsls	r2, r2, #17
10008786:	4293      	cmp	r3, r2
10008788:	d300      	bcc.n	1000878c <reset_device_core.constprop.0+0x1b0>
1000878a:	e086      	b.n	1000889a <reset_device_core.constprop.0+0x2be>
1000878c:	22ff      	movs	r2, #255	@ 0xff
1000878e:	0412      	lsls	r2, r2, #16
10008790:	4213      	tst	r3, r2
10008792:	d000      	beq.n	10008796 <reset_device_core.constprop.0+0x1ba>
10008794:	e075      	b.n	10008882 <reset_device_core.constprop.0+0x2a6>
10008796:	22ff      	movs	r2, #255	@ 0xff
10008798:	0212      	lsls	r2, r2, #8
1000879a:	4213      	tst	r3, r2
1000879c:	d169      	bne.n	10008872 <reset_device_core.constprop.0+0x296>
1000879e:	23c0      	movs	r3, #192	@ 0xc0
100087a0:	055b      	lsls	r3, r3, #21
100087a2:	60a3      	str	r3, [r4, #8]
100087a4:	0031      	movs	r1, r6
100087a6:	0020      	movs	r0, r4
100087a8:	f7ff fa82 	bl	10007cb0 <cyw43_set_backplane_window>
100087ac:	002a      	movs	r2, r5
100087ae:	25c0      	movs	r5, #192	@ 0xc0
100087b0:	2101      	movs	r1, #1
100087b2:	0020      	movs	r0, r4
100087b4:	f7fe fd82 	bl	100072bc <cyw43_read_reg_u8>
100087b8:	68a3      	ldr	r3, [r4, #8]
100087ba:	056d      	lsls	r5, r5, #21
100087bc:	42ab      	cmp	r3, r5
100087be:	d00f      	beq.n	100087e0 <reset_device_core.constprop.0+0x204>
100087c0:	2280      	movs	r2, #128	@ 0x80
100087c2:	406b      	eors	r3, r5
100087c4:	0452      	lsls	r2, r2, #17
100087c6:	4293      	cmp	r3, r2
100087c8:	d24a      	bcs.n	10008860 <reset_device_core.constprop.0+0x284>
100087ca:	22ff      	movs	r2, #255	@ 0xff
100087cc:	0412      	lsls	r2, r2, #16
100087ce:	4213      	tst	r3, r2
100087d0:	d13a      	bne.n	10008848 <reset_device_core.constprop.0+0x26c>
100087d2:	22ff      	movs	r2, #255	@ 0xff
100087d4:	0212      	lsls	r2, r2, #8
100087d6:	4213      	tst	r3, r2
100087d8:	d12e      	bne.n	10008838 <reset_device_core.constprop.0+0x25c>
100087da:	23c0      	movs	r3, #192	@ 0xc0
100087dc:	055b      	lsls	r3, r3, #21
100087de:	60a3      	str	r3, [r4, #8]
100087e0:	2001      	movs	r0, #1
100087e2:	f001 fc3b 	bl	1000a05c <cyw43_delay_ms>
100087e6:	bcc0      	pop	{r6, r7}
100087e8:	46b9      	mov	r9, r7
100087ea:	46b0      	mov	r8, r6
100087ec:	bdf8      	pop	{r3, r4, r5, r6, r7, pc}
100087ee:	2318      	movs	r3, #24
100087f0:	4a59      	ldr	r2, [pc, #356]	@ (10008958 <reset_device_core.constprop.0+0x37c>)
100087f2:	2101      	movs	r1, #1
100087f4:	0020      	movs	r0, r4
100087f6:	f7ff f8ab 	bl	10007950 <cyw43_write_reg_u8>
100087fa:	22ff      	movs	r2, #255	@ 0xff
100087fc:	68a3      	ldr	r3, [r4, #8]
100087fe:	0412      	lsls	r2, r2, #16
10008800:	4073      	eors	r3, r6
10008802:	4213      	tst	r3, r2
10008804:	d100      	bne.n	10008808 <reset_device_core.constprop.0+0x22c>
10008806:	e70f      	b.n	10008628 <reset_device_core.constprop.0+0x4c>
10008808:	23c0      	movs	r3, #192	@ 0xc0
1000880a:	4a54      	ldr	r2, [pc, #336]	@ (1000895c <reset_device_core.constprop.0+0x380>)
1000880c:	015b      	lsls	r3, r3, #5
1000880e:	2101      	movs	r1, #1
10008810:	0020      	movs	r0, r4
10008812:	f7ff f89d 	bl	10007950 <cyw43_write_reg_u8>
10008816:	23c0      	movs	r3, #192	@ 0xc0
10008818:	68a2      	ldr	r2, [r4, #8]
1000881a:	055b      	lsls	r3, r3, #21
1000881c:	4053      	eors	r3, r2
1000881e:	22ff      	movs	r2, #255	@ 0xff
10008820:	0212      	lsls	r2, r2, #8
10008822:	4213      	tst	r3, r2
10008824:	d100      	bne.n	10008828 <reset_device_core.constprop.0+0x24c>
10008826:	e704      	b.n	10008632 <reset_device_core.constprop.0+0x56>
10008828:	23c0      	movs	r3, #192	@ 0xc0
1000882a:	2101      	movs	r1, #1
1000882c:	0020      	movs	r0, r4
1000882e:	4a4c      	ldr	r2, [pc, #304]	@ (10008960 <reset_device_core.constprop.0+0x384>)
10008830:	035b      	lsls	r3, r3, #13
10008832:	f7ff f88d 	bl	10007950 <cyw43_write_reg_u8>
10008836:	e6fc      	b.n	10008632 <reset_device_core.constprop.0+0x56>
10008838:	23c0      	movs	r3, #192	@ 0xc0
1000883a:	2101      	movs	r1, #1
1000883c:	0020      	movs	r0, r4
1000883e:	4a48      	ldr	r2, [pc, #288]	@ (10008960 <reset_device_core.constprop.0+0x384>)
10008840:	035b      	lsls	r3, r3, #13
10008842:	f7ff f885 	bl	10007950 <cyw43_write_reg_u8>
10008846:	e7c8      	b.n	100087da <reset_device_core.constprop.0+0x1fe>
10008848:	23c0      	movs	r3, #192	@ 0xc0
1000884a:	4a44      	ldr	r2, [pc, #272]	@ (1000895c <reset_device_core.constprop.0+0x380>)
1000884c:	015b      	lsls	r3, r3, #5
1000884e:	2101      	movs	r1, #1
10008850:	0020      	movs	r0, r4
10008852:	f7ff f87d 	bl	10007950 <cyw43_write_reg_u8>
10008856:	23c0      	movs	r3, #192	@ 0xc0
10008858:	68a2      	ldr	r2, [r4, #8]
1000885a:	055b      	lsls	r3, r3, #21
1000885c:	4053      	eors	r3, r2
1000885e:	e7b8      	b.n	100087d2 <reset_device_core.constprop.0+0x1f6>
10008860:	2318      	movs	r3, #24
10008862:	2101      	movs	r1, #1
10008864:	0020      	movs	r0, r4
10008866:	4a3c      	ldr	r2, [pc, #240]	@ (10008958 <reset_device_core.constprop.0+0x37c>)
10008868:	f7ff f872 	bl	10007950 <cyw43_write_reg_u8>
1000886c:	68a3      	ldr	r3, [r4, #8]
1000886e:	406b      	eors	r3, r5
10008870:	e7ab      	b.n	100087ca <reset_device_core.constprop.0+0x1ee>
10008872:	23c0      	movs	r3, #192	@ 0xc0
10008874:	2101      	movs	r1, #1
10008876:	0020      	movs	r0, r4
10008878:	4a39      	ldr	r2, [pc, #228]	@ (10008960 <reset_device_core.constprop.0+0x384>)
1000887a:	035b      	lsls	r3, r3, #13
1000887c:	f7ff f868 	bl	10007950 <cyw43_write_reg_u8>
10008880:	e78d      	b.n	1000879e <reset_device_core.constprop.0+0x1c2>
10008882:	23c0      	movs	r3, #192	@ 0xc0
10008884:	4a35      	ldr	r2, [pc, #212]	@ (1000895c <reset_device_core.constprop.0+0x380>)
10008886:	015b      	lsls	r3, r3, #5
10008888:	2101      	movs	r1, #1
1000888a:	0020      	movs	r0, r4
1000888c:	f7ff f860 	bl	10007950 <cyw43_write_reg_u8>
10008890:	23c0      	movs	r3, #192	@ 0xc0
10008892:	68a2      	ldr	r2, [r4, #8]
10008894:	055b      	lsls	r3, r3, #21
10008896:	4053      	eors	r3, r2
10008898:	e77d      	b.n	10008796 <reset_device_core.constprop.0+0x1ba>
1000889a:	2318      	movs	r3, #24
1000889c:	2101      	movs	r1, #1
1000889e:	0020      	movs	r0, r4
100088a0:	4a2d      	ldr	r2, [pc, #180]	@ (10008958 <reset_device_core.constprop.0+0x37c>)
100088a2:	f7ff f855 	bl	10007950 <cyw43_write_reg_u8>
100088a6:	68a3      	ldr	r3, [r4, #8]
100088a8:	407b      	eors	r3, r7
100088aa:	e76f      	b.n	1000878c <reset_device_core.constprop.0+0x1b0>
100088ac:	23c0      	movs	r3, #192	@ 0xc0
100088ae:	2101      	movs	r1, #1
100088b0:	0020      	movs	r0, r4
100088b2:	4a2b      	ldr	r2, [pc, #172]	@ (10008960 <reset_device_core.constprop.0+0x384>)
100088b4:	035b      	lsls	r3, r3, #13
100088b6:	f7ff f84b 	bl	10007950 <cyw43_write_reg_u8>
100088ba:	e74c      	b.n	10008756 <reset_device_core.constprop.0+0x17a>
100088bc:	23c0      	movs	r3, #192	@ 0xc0
100088be:	4a27      	ldr	r2, [pc, #156]	@ (1000895c <reset_device_core.constprop.0+0x380>)
100088c0:	015b      	lsls	r3, r3, #5
100088c2:	2101      	movs	r1, #1
100088c4:	0020      	movs	r0, r4
100088c6:	f7ff f843 	bl	10007950 <cyw43_write_reg_u8>
100088ca:	23c0      	movs	r3, #192	@ 0xc0
100088cc:	68a2      	ldr	r2, [r4, #8]
100088ce:	055b      	lsls	r3, r3, #21
100088d0:	4053      	eors	r3, r2
100088d2:	e73b      	b.n	1000874c <reset_device_core.constprop.0+0x170>
100088d4:	2318      	movs	r3, #24
100088d6:	2101      	movs	r1, #1
100088d8:	0020      	movs	r0, r4
100088da:	4a1f      	ldr	r2, [pc, #124]	@ (10008958 <reset_device_core.constprop.0+0x37c>)
100088dc:	f7ff f838 	bl	10007950 <cyw43_write_reg_u8>
100088e0:	68a3      	ldr	r3, [r4, #8]
100088e2:	407b      	eors	r3, r7
100088e4:	e72d      	b.n	10008742 <reset_device_core.constprop.0+0x166>
100088e6:	23c0      	movs	r3, #192	@ 0xc0
100088e8:	2101      	movs	r1, #1
100088ea:	0020      	movs	r0, r4
100088ec:	4a1c      	ldr	r2, [pc, #112]	@ (10008960 <reset_device_core.constprop.0+0x384>)
100088ee:	035b      	lsls	r3, r3, #13
100088f0:	f7ff f82e 	bl	10007950 <cyw43_write_reg_u8>
100088f4:	e70d      	b.n	10008712 <reset_device_core.constprop.0+0x136>
100088f6:	23c0      	movs	r3, #192	@ 0xc0
100088f8:	4a18      	ldr	r2, [pc, #96]	@ (1000895c <reset_device_core.constprop.0+0x380>)
100088fa:	015b      	lsls	r3, r3, #5
100088fc:	2101      	movs	r1, #1
100088fe:	0020      	movs	r0, r4
10008900:	f7ff f826 	bl	10007950 <cyw43_write_reg_u8>
10008904:	23c0      	movs	r3, #192	@ 0xc0
10008906:	68a2      	ldr	r2, [r4, #8]
10008908:	055b      	lsls	r3, r3, #21
1000890a:	4053      	eors	r3, r2
1000890c:	e6fc      	b.n	10008708 <reset_device_core.constprop.0+0x12c>
1000890e:	2318      	movs	r3, #24
10008910:	4a11      	ldr	r2, [pc, #68]	@ (10008958 <reset_device_core.constprop.0+0x37c>)
10008912:	2101      	movs	r1, #1
10008914:	0020      	movs	r0, r4
10008916:	f7ff f81b 	bl	10007950 <cyw43_write_reg_u8>
1000891a:	464a      	mov	r2, r9
1000891c:	68a3      	ldr	r3, [r4, #8]
1000891e:	405a      	eors	r2, r3
10008920:	0013      	movs	r3, r2
10008922:	e6ec      	b.n	100086fe <reset_device_core.constprop.0+0x122>
10008924:	23c0      	movs	r3, #192	@ 0xc0
10008926:	2101      	movs	r1, #1
10008928:	0020      	movs	r0, r4
1000892a:	4a0d      	ldr	r2, [pc, #52]	@ (10008960 <reset_device_core.constprop.0+0x384>)
1000892c:	035b      	lsls	r3, r3, #13
1000892e:	f7ff f80f 	bl	10007950 <cyw43_write_reg_u8>
10008932:	e6cc      	b.n	100086ce <reset_device_core.constprop.0+0xf2>
10008934:	23c0      	movs	r3, #192	@ 0xc0
10008936:	4a09      	ldr	r2, [pc, #36]	@ (1000895c <reset_device_core.constprop.0+0x380>)
10008938:	015b      	lsls	r3, r3, #5
1000893a:	2101      	movs	r1, #1
1000893c:	0020      	movs	r0, r4
1000893e:	f7ff f807 	bl	10007950 <cyw43_write_reg_u8>
10008942:	23c0      	movs	r3, #192	@ 0xc0
10008944:	68a2      	ldr	r2, [r4, #8]
10008946:	055b      	lsls	r3, r3, #21
10008948:	4053      	eors	r3, r2
1000894a:	e6bb      	b.n	100086c4 <reset_device_core.constprop.0+0xe8>
1000894c:	18104800 	.word	0x18104800
10008950:	0000c408 	.word	0x0000c408
10008954:	18104408 	.word	0x18104408
10008958:	0001000c 	.word	0x0001000c
1000895c:	0001000b 	.word	0x0001000b
10008960:	0001000a 	.word	0x0001000a
10008964:	2318      	movs	r3, #24
10008966:	4a1a      	ldr	r2, [pc, #104]	@ (100089d0 <reset_device_core.constprop.0+0x3f4>)
10008968:	2101      	movs	r1, #1
1000896a:	0020      	movs	r0, r4
1000896c:	f7fe fff0 	bl	10007950 <cyw43_write_reg_u8>
10008970:	464a      	mov	r2, r9
10008972:	68a3      	ldr	r3, [r4, #8]
10008974:	405a      	eors	r2, r3
10008976:	0013      	movs	r3, r2
10008978:	e69f      	b.n	100086ba <reset_device_core.constprop.0+0xde>
1000897a:	23c0      	movs	r3, #192	@ 0xc0
1000897c:	2101      	movs	r1, #1
1000897e:	0020      	movs	r0, r4
10008980:	4a14      	ldr	r2, [pc, #80]	@ (100089d4 <reset_device_core.constprop.0+0x3f8>)
10008982:	035b      	lsls	r3, r3, #13
10008984:	f7fe ffe4 	bl	10007950 <cyw43_write_reg_u8>
10008988:	e676      	b.n	10008678 <reset_device_core.constprop.0+0x9c>
1000898a:	23c0      	movs	r3, #192	@ 0xc0
1000898c:	4a12      	ldr	r2, [pc, #72]	@ (100089d8 <reset_device_core.constprop.0+0x3fc>)
1000898e:	015b      	lsls	r3, r3, #5
10008990:	2101      	movs	r1, #1
10008992:	0020      	movs	r0, r4
10008994:	f7fe ffdc 	bl	10007950 <cyw43_write_reg_u8>
10008998:	23c0      	movs	r3, #192	@ 0xc0
1000899a:	68a2      	ldr	r2, [r4, #8]
1000899c:	055b      	lsls	r3, r3, #21
1000899e:	4053      	eors	r3, r2
100089a0:	e665      	b.n	1000866e <reset_device_core.constprop.0+0x92>
100089a2:	2318      	movs	r3, #24
100089a4:	4a0a      	ldr	r2, [pc, #40]	@ (100089d0 <reset_device_core.constprop.0+0x3f4>)
100089a6:	2101      	movs	r1, #1
100089a8:	0020      	movs	r0, r4
100089aa:	f7fe ffd1 	bl	10007950 <cyw43_write_reg_u8>
100089ae:	464a      	mov	r2, r9
100089b0:	68a3      	ldr	r3, [r4, #8]
100089b2:	405a      	eors	r2, r3
100089b4:	0013      	movs	r3, r2
100089b6:	e655      	b.n	10008664 <reset_device_core.constprop.0+0x88>
100089b8:	27b8      	movs	r7, #184	@ 0xb8
100089ba:	4b08      	ldr	r3, [pc, #32]	@ (100089dc <reset_device_core.constprop.0+0x400>)
100089bc:	023f      	lsls	r7, r7, #8
100089be:	4698      	mov	r8, r3
100089c0:	e619      	b.n	100085f6 <reset_device_core.constprop.0+0x1a>
100089c2:	4d07      	ldr	r5, [pc, #28]	@ (100089e0 <reset_device_core.constprop.0+0x404>)
100089c4:	4e07      	ldr	r6, [pc, #28]	@ (100089e4 <reset_device_core.constprop.0+0x408>)
100089c6:	e662      	b.n	1000868e <reset_device_core.constprop.0+0xb2>
100089c8:	4807      	ldr	r0, [pc, #28]	@ (100089e8 <reset_device_core.constprop.0+0x40c>)
100089ca:	f7fb fc19 	bl	10004200 <__wrap_puts>
100089ce:	e659      	b.n	10008684 <reset_device_core.constprop.0+0xa8>
100089d0:	0001000c 	.word	0x0001000c
100089d4:	0001000a 	.word	0x0001000a
100089d8:	0001000b 	.word	0x0001000b
100089dc:	18103800 	.word	0x18103800
100089e0:	0000b408 	.word	0x0000b408
100089e4:	18103408 	.word	0x18103408
100089e8:	1000ac44 	.word	0x1000ac44

100089ec <cyw43_ll_init>:
100089ec:	2280      	movs	r2, #128	@ 0x80
100089ee:	2300      	movs	r3, #0
100089f0:	0052      	lsls	r2, r2, #1
100089f2:	8182      	strh	r2, [r0, #12]
100089f4:	4a03      	ldr	r2, [pc, #12]	@ (10008a04 <cyw43_ll_init+0x18>)
100089f6:	6001      	str	r1, [r0, #0]
100089f8:	6083      	str	r3, [r0, #8]
100089fa:	7383      	strb	r3, [r0, #14]
100089fc:	6103      	str	r3, [r0, #16]
100089fe:	5083      	str	r3, [r0, r2]
10008a00:	4770      	bx	lr
10008a02:	46c0      	nop			@ (mov r8, r8)
10008a04:	0000084c 	.word	0x0000084c

10008a08 <cyw43_ll_deinit>:
10008a08:	b510      	push	{r4, lr}
10008a0a:	f7fe f8bd 	bl	10006b88 <cyw43_spi_deinit>
10008a0e:	bd10      	pop	{r4, pc}

10008a10 <cyw43_ll_process_packets>:
10008a10:	b510      	push	{r4, lr}
10008a12:	0004      	movs	r4, r0
10008a14:	b082      	sub	sp, #8
10008a16:	4669      	mov	r1, sp
10008a18:	0020      	movs	r0, r4
10008a1a:	aa01      	add	r2, sp, #4
10008a1c:	f7ff fa58 	bl	10007ed0 <cyw43_ll_sdpcm_poll_device>
10008a20:	1c43      	adds	r3, r0, #1
10008a22:	d014      	beq.n	10008a4e <cyw43_ll_process_packets+0x3e>
10008a24:	1d03      	adds	r3, r0, #4
10008a26:	d0f6      	beq.n	10008a16 <cyw43_ll_process_packets+0x6>
10008a28:	2801      	cmp	r0, #1
10008a2a:	d012      	beq.n	10008a52 <cyw43_ll_process_packets+0x42>
10008a2c:	2802      	cmp	r0, #2
10008a2e:	d1f2      	bne.n	10008a16 <cyw43_ll_process_packets+0x6>
10008a30:	9900      	ldr	r1, [sp, #0]
10008a32:	9b01      	ldr	r3, [sp, #4]
10008a34:	004a      	lsls	r2, r1, #1
10008a36:	6820      	ldr	r0, [r4, #0]
10008a38:	0852      	lsrs	r2, r2, #1
10008a3a:	0fc9      	lsrs	r1, r1, #31
10008a3c:	f001 fb3e 	bl	1000a0bc <cyw43_cb_process_ethernet>
10008a40:	4669      	mov	r1, sp
10008a42:	0020      	movs	r0, r4
10008a44:	aa01      	add	r2, sp, #4
10008a46:	f7ff fa43 	bl	10007ed0 <cyw43_ll_sdpcm_poll_device>
10008a4a:	1c43      	adds	r3, r0, #1
10008a4c:	d1ea      	bne.n	10008a24 <cyw43_ll_process_packets+0x14>
10008a4e:	b002      	add	sp, #8
10008a50:	bd10      	pop	{r4, pc}
10008a52:	9901      	ldr	r1, [sp, #4]
10008a54:	9800      	ldr	r0, [sp, #0]
10008a56:	f7ff f95f 	bl	10007d18 <cyw43_ll_parse_async_event>
10008a5a:	0001      	movs	r1, r0
10008a5c:	0020      	movs	r0, r4
10008a5e:	f000 fe93 	bl	10009788 <cyw43_cb_process_async_event>
10008a62:	e7d8      	b.n	10008a16 <cyw43_ll_process_packets+0x6>

10008a64 <cyw43_ll_ioctl>:
10008a64:	b5f0      	push	{r4, r5, r6, r7, lr}
10008a66:	2702      	movs	r7, #2
10008a68:	46c6      	mov	lr, r8
10008a6a:	4698      	mov	r8, r3
10008a6c:	004b      	lsls	r3, r1, #1
10008a6e:	401f      	ands	r7, r3
10008a70:	2380      	movs	r3, #128	@ 0x80
10008a72:	b500      	push	{lr}
10008a74:	0016      	movs	r6, r2
10008a76:	321c      	adds	r2, #28
10008a78:	0004      	movs	r4, r0
10008a7a:	b082      	sub	sp, #8
10008a7c:	084d      	lsrs	r5, r1, #1
10008a7e:	011b      	lsls	r3, r3, #4
10008a80:	429a      	cmp	r2, r3
10008a82:	d82b      	bhi.n	10008adc <cyw43_ll_ioctl+0x78>
10008a84:	0433      	lsls	r3, r6, #16
10008a86:	8a00      	ldrh	r0, [r0, #16]
10008a88:	0c1b      	lsrs	r3, r3, #16
10008a8a:	63a3      	str	r3, [r4, #56]	@ 0x38
10008a8c:	9b08      	ldr	r3, [sp, #32]
10008a8e:	3001      	adds	r0, #1
10008a90:	b280      	uxth	r0, r0
10008a92:	031b      	lsls	r3, r3, #12
10008a94:	8220      	strh	r0, [r4, #16]
10008a96:	433b      	orrs	r3, r7
10008a98:	0400      	lsls	r0, r0, #16
10008a9a:	4303      	orrs	r3, r0
10008a9c:	63e3      	str	r3, [r4, #60]	@ 0x3c
10008a9e:	0020      	movs	r0, r4
10008aa0:	2300      	movs	r3, #0
10008aa2:	0032      	movs	r2, r6
10008aa4:	4641      	mov	r1, r8
10008aa6:	6423      	str	r3, [r4, #64]	@ 0x40
10008aa8:	6365      	str	r5, [r4, #52]	@ 0x34
10008aaa:	3044      	adds	r0, #68	@ 0x44
10008aac:	f001 fe2a 	bl	1000a704 <memmove>
10008ab0:	0023      	movs	r3, r4
10008ab2:	0032      	movs	r2, r6
10008ab4:	2100      	movs	r1, #0
10008ab6:	0020      	movs	r0, r4
10008ab8:	3328      	adds	r3, #40	@ 0x28
10008aba:	3210      	adds	r2, #16
10008abc:	f7ff fb24 	bl	10008108 <cyw43_sdpcm_send_common>
10008ac0:	2800      	cmp	r0, #0
10008ac2:	d107      	bne.n	10008ad4 <cyw43_ll_ioctl+0x70>
10008ac4:	4643      	mov	r3, r8
10008ac6:	002a      	movs	r2, r5
10008ac8:	9300      	str	r3, [sp, #0]
10008aca:	0039      	movs	r1, r7
10008acc:	0033      	movs	r3, r6
10008ace:	0020      	movs	r0, r4
10008ad0:	f7ff fb98 	bl	10008204 <cyw43_do_ioctl.part.0>
10008ad4:	b002      	add	sp, #8
10008ad6:	bc80      	pop	{r7}
10008ad8:	46b8      	mov	r8, r7
10008ada:	bdf0      	pop	{r4, r5, r6, r7, pc}
10008adc:	2005      	movs	r0, #5
10008ade:	4240      	negs	r0, r0
10008ae0:	e7f8      	b.n	10008ad4 <cyw43_ll_ioctl+0x70>
10008ae2:	46c0      	nop			@ (mov r8, r8)

10008ae4 <cyw43_ll_bus_sleep>:
10008ae4:	b510      	push	{r4, lr}
10008ae6:	0004      	movs	r4, r0
10008ae8:	2900      	cmp	r1, #0
10008aea:	d009      	beq.n	10008b00 <cyw43_ll_bus_sleep+0x1c>
10008aec:	7c83      	ldrb	r3, [r0, #18]
10008aee:	2b00      	cmp	r3, #0
10008af0:	d100      	bne.n	10008af4 <cyw43_ll_bus_sleep+0x10>
10008af2:	bd10      	pop	{r4, pc}
10008af4:	2300      	movs	r3, #0
10008af6:	2100      	movs	r1, #0
10008af8:	7483      	strb	r3, [r0, #18]
10008afa:	f7ff f9a9 	bl	10007e50 <cyw43_kso_set>
10008afe:	e7f8      	b.n	10008af2 <cyw43_ll_bus_sleep+0xe>
10008b00:	f000 fe3c 	bl	1000977c <cyw43_cb_ensure_awake>
10008b04:	7ca3      	ldrb	r3, [r4, #18]
10008b06:	2b00      	cmp	r3, #0
10008b08:	d1f3      	bne.n	10008af2 <cyw43_ll_bus_sleep+0xe>
10008b0a:	2101      	movs	r1, #1
10008b0c:	0020      	movs	r0, r4
10008b0e:	f7ff f99f 	bl	10007e50 <cyw43_kso_set>
10008b12:	2301      	movs	r3, #1
10008b14:	74a3      	strb	r3, [r4, #18]
10008b16:	e7ec      	b.n	10008af2 <cyw43_ll_bus_sleep+0xe>

10008b18 <cyw43_ll_wifi_get_mac>:
10008b18:	b5f0      	push	{r4, r5, r6, r7, lr}
10008b1a:	46c6      	mov	lr, r8
10008b1c:	0007      	movs	r7, r0
10008b1e:	0004      	movs	r4, r0
10008b20:	b500      	push	{lr}
10008b22:	3744      	adds	r7, #68	@ 0x44
10008b24:	2214      	movs	r2, #20
10008b26:	b082      	sub	sp, #8
10008b28:	000e      	movs	r6, r1
10008b2a:	0038      	movs	r0, r7
10008b2c:	4917      	ldr	r1, [pc, #92]	@ (10008b8c <cyw43_ll_wifi_get_mac+0x74>)
10008b2e:	f7f9 fd55 	bl	100025dc <__wrap___aeabi_memcpy>
10008b32:	8a23      	ldrh	r3, [r4, #16]
10008b34:	2283      	movs	r2, #131	@ 0x83
10008b36:	3301      	adds	r3, #1
10008b38:	b29b      	uxth	r3, r3
10008b3a:	8223      	strh	r3, [r4, #16]
10008b3c:	041b      	lsls	r3, r3, #16
10008b3e:	63e3      	str	r3, [r4, #60]	@ 0x3c
10008b40:	2300      	movs	r3, #0
10008b42:	6423      	str	r3, [r4, #64]	@ 0x40
10008b44:	0023      	movs	r3, r4
10008b46:	0052      	lsls	r2, r2, #1
10008b48:	6362      	str	r2, [r4, #52]	@ 0x34
10008b4a:	4690      	mov	r8, r2
10008b4c:	3af2      	subs	r2, #242	@ 0xf2
10008b4e:	63a2      	str	r2, [r4, #56]	@ 0x38
10008b50:	2100      	movs	r1, #0
10008b52:	0020      	movs	r0, r4
10008b54:	3328      	adds	r3, #40	@ 0x28
10008b56:	3210      	adds	r2, #16
10008b58:	f7ff fad6 	bl	10008108 <cyw43_sdpcm_send_common>
10008b5c:	1e05      	subs	r5, r0, #0
10008b5e:	d10d      	bne.n	10008b7c <cyw43_ll_wifi_get_mac+0x64>
10008b60:	2314      	movs	r3, #20
10008b62:	4642      	mov	r2, r8
10008b64:	2100      	movs	r1, #0
10008b66:	0020      	movs	r0, r4
10008b68:	9700      	str	r7, [sp, #0]
10008b6a:	f7ff fb4b 	bl	10008204 <cyw43_do_ioctl.part.0>
10008b6e:	1e05      	subs	r5, r0, #0
10008b70:	d109      	bne.n	10008b86 <cyw43_ll_wifi_get_mac+0x6e>
10008b72:	2206      	movs	r2, #6
10008b74:	0039      	movs	r1, r7
10008b76:	0030      	movs	r0, r6
10008b78:	f7f9 fd30 	bl	100025dc <__wrap___aeabi_memcpy>
10008b7c:	0028      	movs	r0, r5
10008b7e:	b002      	add	sp, #8
10008b80:	bc80      	pop	{r7}
10008b82:	46b8      	mov	r8, r7
10008b84:	bdf0      	pop	{r4, r5, r6, r7, pc}
10008b86:	2502      	movs	r5, #2
10008b88:	426d      	negs	r5, r5
10008b8a:	e7f7      	b.n	10008b7c <cyw43_ll_wifi_get_mac+0x64>
10008b8c:	1004268c 	.word	0x1004268c

10008b90 <cyw43_ll_bus_init>:
10008b90:	b5f0      	push	{r4, r5, r6, r7, lr}
10008b92:	4657      	mov	r7, sl
10008b94:	46de      	mov	lr, fp
10008b96:	464e      	mov	r6, r9
10008b98:	4645      	mov	r5, r8
10008b9a:	b5e0      	push	{r5, r6, r7, lr}
10008b9c:	4bb1      	ldr	r3, [pc, #708]	@ (10008e64 <cyw43_ll_bus_init+0x2d4>)
10008b9e:	b089      	sub	sp, #36	@ 0x24
10008ba0:	6a9b      	ldr	r3, [r3, #40]	@ 0x28
10008ba2:	0004      	movs	r4, r0
10008ba4:	6043      	str	r3, [r0, #4]
10008ba6:	000f      	movs	r7, r1
10008ba8:	f7fe f824 	bl	10006bf4 <cyw43_spi_init>
10008bac:	2800      	cmp	r0, #0
10008bae:	d112      	bne.n	10008bd6 <cyw43_ll_bus_init+0x46>
10008bb0:	f7fe fad8 	bl	10007164 <cyw43_spi_gpio_setup>
10008bb4:	250a      	movs	r5, #10
10008bb6:	f7fe faf3 	bl	100071a0 <cyw43_spi_reset>
10008bba:	4eab      	ldr	r6, [pc, #684]	@ (10008e68 <cyw43_ll_bus_init+0x2d8>)
10008bbc:	2214      	movs	r2, #20
10008bbe:	2100      	movs	r1, #0
10008bc0:	0020      	movs	r0, r4
10008bc2:	f7fe fb01 	bl	100071c8 <read_reg_u32_swap>
10008bc6:	42b0      	cmp	r0, r6
10008bc8:	d012      	beq.n	10008bf0 <cyw43_ll_bus_init+0x60>
10008bca:	2001      	movs	r0, #1
10008bcc:	3d01      	subs	r5, #1
10008bce:	f001 fa45 	bl	1000a05c <cyw43_delay_ms>
10008bd2:	2d00      	cmp	r5, #0
10008bd4:	d1f2      	bne.n	10008bbc <cyw43_ll_bus_init+0x2c>
10008bd6:	48a5      	ldr	r0, [pc, #660]	@ (10008e6c <cyw43_ll_bus_init+0x2dc>)
10008bd8:	f7fb fb12 	bl	10004200 <__wrap_puts>
10008bdc:	2506      	movs	r5, #6
10008bde:	426d      	negs	r5, r5
10008be0:	0028      	movs	r0, r5
10008be2:	b009      	add	sp, #36	@ 0x24
10008be4:	bcf0      	pop	{r4, r5, r6, r7}
10008be6:	46bb      	mov	fp, r7
10008be8:	46b2      	mov	sl, r6
10008bea:	46a9      	mov	r9, r5
10008bec:	46a0      	mov	r8, r4
10008bee:	bdf0      	pop	{r4, r5, r6, r7, pc}
10008bf0:	2200      	movs	r2, #0
10008bf2:	2100      	movs	r1, #0
10008bf4:	0020      	movs	r0, r4
10008bf6:	4b9e      	ldr	r3, [pc, #632]	@ (10008e70 <cyw43_ll_bus_init+0x2e0>)
10008bf8:	f7fe fb8c 	bl	10007314 <write_reg_u32_swap>
10008bfc:	2800      	cmp	r0, #0
10008bfe:	d1ea      	bne.n	10008bd6 <cyw43_ll_bus_init+0x46>
10008c00:	2200      	movs	r2, #0
10008c02:	2100      	movs	r1, #0
10008c04:	0020      	movs	r0, r4
10008c06:	f7fe fb01 	bl	1000720c <cyw43_read_reg_u32>
10008c0a:	2310      	movs	r3, #16
10008c0c:	221d      	movs	r2, #29
10008c0e:	2100      	movs	r1, #0
10008c10:	0020      	movs	r0, r4
10008c12:	f7fe fe9d 	bl	10007950 <cyw43_write_reg_u8>
10008c16:	2800      	cmp	r0, #0
10008c18:	d1dd      	bne.n	10008bd6 <cyw43_ll_bus_init+0x46>
10008c1a:	2399      	movs	r3, #153	@ 0x99
10008c1c:	2204      	movs	r2, #4
10008c1e:	2100      	movs	r1, #0
10008c20:	0020      	movs	r0, r4
10008c22:	f7fe fe95 	bl	10007950 <cyw43_write_reg_u8>
10008c26:	2800      	cmp	r0, #0
10008c28:	d1d5      	bne.n	10008bd6 <cyw43_ll_bus_init+0x46>
10008c2a:	23be      	movs	r3, #190	@ 0xbe
10008c2c:	2206      	movs	r2, #6
10008c2e:	2100      	movs	r1, #0
10008c30:	0020      	movs	r0, r4
10008c32:	f7fe fd83 	bl	1000773c <cyw43_write_reg_u16>
10008c36:	2800      	cmp	r0, #0
10008c38:	d1cd      	bne.n	10008bd6 <cyw43_ll_bus_init+0x46>
10008c3a:	2308      	movs	r3, #8
10008c3c:	2101      	movs	r1, #1
10008c3e:	0020      	movs	r0, r4
10008c40:	4a8c      	ldr	r2, [pc, #560]	@ (10008e74 <cyw43_ll_bus_init+0x2e4>)
10008c42:	f7fe fe85 	bl	10007950 <cyw43_write_reg_u8>
10008c46:	250a      	movs	r5, #10
10008c48:	2640      	movs	r6, #64	@ 0x40
10008c4a:	2101      	movs	r1, #1
10008c4c:	0020      	movs	r0, r4
10008c4e:	4a89      	ldr	r2, [pc, #548]	@ (10008e74 <cyw43_ll_bus_init+0x2e4>)
10008c50:	f7fe fb34 	bl	100072bc <cyw43_read_reg_u8>
10008c54:	4206      	tst	r6, r0
10008c56:	d109      	bne.n	10008c6c <cyw43_ll_bus_init+0xdc>
10008c58:	2001      	movs	r0, #1
10008c5a:	3d01      	subs	r5, #1
10008c5c:	f001 f9fe 	bl	1000a05c <cyw43_delay_ms>
10008c60:	2d00      	cmp	r5, #0
10008c62:	d1f2      	bne.n	10008c4a <cyw43_ll_bus_init+0xba>
10008c64:	4884      	ldr	r0, [pc, #528]	@ (10008e78 <cyw43_ll_bus_init+0x2e8>)
10008c66:	f7fb facb 	bl	10004200 <__wrap_puts>
10008c6a:	e7b7      	b.n	10008bdc <cyw43_ll_bus_init+0x4c>
10008c6c:	2300      	movs	r3, #0
10008c6e:	4a81      	ldr	r2, [pc, #516]	@ (10008e74 <cyw43_ll_bus_init+0x2e4>)
10008c70:	2101      	movs	r1, #1
10008c72:	0020      	movs	r0, r4
10008c74:	f7fe fe6c 	bl	10007950 <cyw43_write_reg_u8>
10008c78:	0020      	movs	r0, r4
10008c7a:	4980      	ldr	r1, [pc, #512]	@ (10008e7c <cyw43_ll_bus_init+0x2ec>)
10008c7c:	f7ff f818 	bl	10007cb0 <cyw43_set_backplane_window>
10008c80:	22b8      	movs	r2, #184	@ 0xb8
10008c82:	25c0      	movs	r5, #192	@ 0xc0
10008c84:	2101      	movs	r1, #1
10008c86:	0020      	movs	r0, r4
10008c88:	0212      	lsls	r2, r2, #8
10008c8a:	f7fe fb17 	bl	100072bc <cyw43_read_reg_u8>
10008c8e:	68a3      	ldr	r3, [r4, #8]
10008c90:	056d      	lsls	r5, r5, #21
10008c92:	42ab      	cmp	r3, r5
10008c94:	d012      	beq.n	10008cbc <cyw43_ll_bus_init+0x12c>
10008c96:	2280      	movs	r2, #128	@ 0x80
10008c98:	406b      	eors	r3, r5
10008c9a:	0452      	lsls	r2, r2, #17
10008c9c:	4293      	cmp	r3, r2
10008c9e:	d300      	bcc.n	10008ca2 <cyw43_ll_bus_init+0x112>
10008ca0:	e2e4      	b.n	1000926c <cyw43_ll_bus_init+0x6dc>
10008ca2:	22ff      	movs	r2, #255	@ 0xff
10008ca4:	0412      	lsls	r2, r2, #16
10008ca6:	4213      	tst	r3, r2
10008ca8:	d000      	beq.n	10008cac <cyw43_ll_bus_init+0x11c>
10008caa:	e2d3      	b.n	10009254 <cyw43_ll_bus_init+0x6c4>
10008cac:	22ff      	movs	r2, #255	@ 0xff
10008cae:	0212      	lsls	r2, r2, #8
10008cb0:	4213      	tst	r3, r2
10008cb2:	d000      	beq.n	10008cb6 <cyw43_ll_bus_init+0x126>
10008cb4:	e2c6      	b.n	10009244 <cyw43_ll_bus_init+0x6b4>
10008cb6:	23c0      	movs	r3, #192	@ 0xc0
10008cb8:	055b      	lsls	r3, r3, #21
10008cba:	60a3      	str	r3, [r4, #8]
10008cbc:	0020      	movs	r0, r4
10008cbe:	496f      	ldr	r1, [pc, #444]	@ (10008e7c <cyw43_ll_bus_init+0x2ec>)
10008cc0:	f7fe fff6 	bl	10007cb0 <cyw43_set_backplane_window>
10008cc4:	22b8      	movs	r2, #184	@ 0xb8
10008cc6:	2101      	movs	r1, #1
10008cc8:	0020      	movs	r0, r4
10008cca:	0212      	lsls	r2, r2, #8
10008ccc:	f7fe faf6 	bl	100072bc <cyw43_read_reg_u8>
10008cd0:	26c0      	movs	r6, #192	@ 0xc0
10008cd2:	68a3      	ldr	r3, [r4, #8]
10008cd4:	0005      	movs	r5, r0
10008cd6:	0576      	lsls	r6, r6, #21
10008cd8:	42b3      	cmp	r3, r6
10008cda:	d012      	beq.n	10008d02 <cyw43_ll_bus_init+0x172>
10008cdc:	2280      	movs	r2, #128	@ 0x80
10008cde:	4073      	eors	r3, r6
10008ce0:	0452      	lsls	r2, r2, #17
10008ce2:	4293      	cmp	r3, r2
10008ce4:	d300      	bcc.n	10008ce8 <cyw43_ll_bus_init+0x158>
10008ce6:	e2a4      	b.n	10009232 <cyw43_ll_bus_init+0x6a2>
10008ce8:	22ff      	movs	r2, #255	@ 0xff
10008cea:	0412      	lsls	r2, r2, #16
10008cec:	4213      	tst	r3, r2
10008cee:	d000      	beq.n	10008cf2 <cyw43_ll_bus_init+0x162>
10008cf0:	e293      	b.n	1000921a <cyw43_ll_bus_init+0x68a>
10008cf2:	22ff      	movs	r2, #255	@ 0xff
10008cf4:	0212      	lsls	r2, r2, #8
10008cf6:	4213      	tst	r3, r2
10008cf8:	d000      	beq.n	10008cfc <cyw43_ll_bus_init+0x16c>
10008cfa:	e286      	b.n	1000920a <cyw43_ll_bus_init+0x67a>
10008cfc:	23c0      	movs	r3, #192	@ 0xc0
10008cfe:	055b      	lsls	r3, r3, #21
10008d00:	60a3      	str	r3, [r4, #8]
10008d02:	07ed      	lsls	r5, r5, #31
10008d04:	d400      	bmi.n	10008d08 <cyw43_ll_bus_init+0x178>
10008d06:	e397      	b.n	10009438 <cyw43_ll_bus_init+0x8a8>
10008d08:	0020      	movs	r0, r4
10008d0a:	495d      	ldr	r1, [pc, #372]	@ (10008e80 <cyw43_ll_bus_init+0x2f0>)
10008d0c:	f7fe ffd0 	bl	10007cb0 <cyw43_set_backplane_window>
10008d10:	22c8      	movs	r2, #200	@ 0xc8
10008d12:	25c0      	movs	r5, #192	@ 0xc0
10008d14:	2101      	movs	r1, #1
10008d16:	0020      	movs	r0, r4
10008d18:	0212      	lsls	r2, r2, #8
10008d1a:	f7fe facf 	bl	100072bc <cyw43_read_reg_u8>
10008d1e:	68a3      	ldr	r3, [r4, #8]
10008d20:	056d      	lsls	r5, r5, #21
10008d22:	42ab      	cmp	r3, r5
10008d24:	d012      	beq.n	10008d4c <cyw43_ll_bus_init+0x1bc>
10008d26:	2280      	movs	r2, #128	@ 0x80
10008d28:	406b      	eors	r3, r5
10008d2a:	0452      	lsls	r2, r2, #17
10008d2c:	4293      	cmp	r3, r2
10008d2e:	d300      	bcc.n	10008d32 <cyw43_ll_bus_init+0x1a2>
10008d30:	e2ef      	b.n	10009312 <cyw43_ll_bus_init+0x782>
10008d32:	22ff      	movs	r2, #255	@ 0xff
10008d34:	0412      	lsls	r2, r2, #16
10008d36:	4213      	tst	r3, r2
10008d38:	d000      	beq.n	10008d3c <cyw43_ll_bus_init+0x1ac>
10008d3a:	e2de      	b.n	100092fa <cyw43_ll_bus_init+0x76a>
10008d3c:	22ff      	movs	r2, #255	@ 0xff
10008d3e:	0212      	lsls	r2, r2, #8
10008d40:	4213      	tst	r3, r2
10008d42:	d000      	beq.n	10008d46 <cyw43_ll_bus_init+0x1b6>
10008d44:	e2d1      	b.n	100092ea <cyw43_ll_bus_init+0x75a>
10008d46:	23c0      	movs	r3, #192	@ 0xc0
10008d48:	055b      	lsls	r3, r3, #21
10008d4a:	60a3      	str	r3, [r4, #8]
10008d4c:	0020      	movs	r0, r4
10008d4e:	494c      	ldr	r1, [pc, #304]	@ (10008e80 <cyw43_ll_bus_init+0x2f0>)
10008d50:	f7fe ffae 	bl	10007cb0 <cyw43_set_backplane_window>
10008d54:	22c8      	movs	r2, #200	@ 0xc8
10008d56:	2101      	movs	r1, #1
10008d58:	0020      	movs	r0, r4
10008d5a:	0212      	lsls	r2, r2, #8
10008d5c:	f7fe faae 	bl	100072bc <cyw43_read_reg_u8>
10008d60:	26c0      	movs	r6, #192	@ 0xc0
10008d62:	68a3      	ldr	r3, [r4, #8]
10008d64:	0005      	movs	r5, r0
10008d66:	0576      	lsls	r6, r6, #21
10008d68:	42b3      	cmp	r3, r6
10008d6a:	d012      	beq.n	10008d92 <cyw43_ll_bus_init+0x202>
10008d6c:	2280      	movs	r2, #128	@ 0x80
10008d6e:	4073      	eors	r3, r6
10008d70:	0452      	lsls	r2, r2, #17
10008d72:	4293      	cmp	r3, r2
10008d74:	d300      	bcc.n	10008d78 <cyw43_ll_bus_init+0x1e8>
10008d76:	e2af      	b.n	100092d8 <cyw43_ll_bus_init+0x748>
10008d78:	22ff      	movs	r2, #255	@ 0xff
10008d7a:	0412      	lsls	r2, r2, #16
10008d7c:	4213      	tst	r3, r2
10008d7e:	d000      	beq.n	10008d82 <cyw43_ll_bus_init+0x1f2>
10008d80:	e2d8      	b.n	10009334 <cyw43_ll_bus_init+0x7a4>
10008d82:	22ff      	movs	r2, #255	@ 0xff
10008d84:	0212      	lsls	r2, r2, #8
10008d86:	4213      	tst	r3, r2
10008d88:	d000      	beq.n	10008d8c <cyw43_ll_bus_init+0x1fc>
10008d8a:	e2cb      	b.n	10009324 <cyw43_ll_bus_init+0x794>
10008d8c:	23c0      	movs	r3, #192	@ 0xc0
10008d8e:	055b      	lsls	r3, r3, #21
10008d90:	60a3      	str	r3, [r4, #8]
10008d92:	07ed      	lsls	r5, r5, #31
10008d94:	d400      	bmi.n	10008d98 <cyw43_ll_bus_init+0x208>
10008d96:	e353      	b.n	10009440 <cyw43_ll_bus_init+0x8b0>
10008d98:	2102      	movs	r1, #2
10008d9a:	0020      	movs	r0, r4
10008d9c:	f7ff fc1e 	bl	100085dc <reset_device_core.constprop.0>
10008da0:	2303      	movs	r3, #3
10008da2:	2204      	movs	r2, #4
10008da4:	0020      	movs	r0, r4
10008da6:	4937      	ldr	r1, [pc, #220]	@ (10008e84 <cyw43_ll_bus_init+0x2f4>)
10008da8:	f7ff fb92 	bl	100084d0 <cyw43_write_backplane>
10008dac:	2300      	movs	r3, #0
10008dae:	2204      	movs	r2, #4
10008db0:	0020      	movs	r0, r4
10008db2:	4935      	ldr	r1, [pc, #212]	@ (10008e88 <cyw43_ll_bus_init+0x2f8>)
10008db4:	f7ff fb8c 	bl	100084d0 <cyw43_write_backplane>
10008db8:	4b34      	ldr	r3, [pc, #208]	@ (10008e8c <cyw43_ll_bus_init+0x2fc>)
10008dba:	4a35      	ldr	r2, [pc, #212]	@ (10008e90 <cyw43_ll_bus_init+0x300>)
10008dbc:	469a      	mov	sl, r3
10008dbe:	4b35      	ldr	r3, [pc, #212]	@ (10008e94 <cyw43_ll_bus_init+0x304>)
10008dc0:	4453      	add	r3, sl
10008dc2:	5a9a      	ldrh	r2, [r3, r2]
10008dc4:	4691      	mov	r9, r2
10008dc6:	22fa      	movs	r2, #250	@ 0xfa
10008dc8:	0052      	lsls	r2, r2, #1
10008dca:	4591      	cmp	r9, r2
10008dcc:	db00      	blt.n	10008dd0 <cyw43_ll_bus_init+0x240>
10008dce:	e0c7      	b.n	10008f60 <cyw43_ll_bus_init+0x3d0>
10008dd0:	4a31      	ldr	r2, [pc, #196]	@ (10008e98 <cyw43_ll_bus_init+0x308>)
10008dd2:	5c9b      	ldrb	r3, [r3, r2]
10008dd4:	2b00      	cmp	r3, #0
10008dd6:	d000      	beq.n	10008dda <cyw43_ll_bus_init+0x24a>
10008dd8:	e0c2      	b.n	10008f60 <cyw43_ll_bus_init+0x3d0>
10008dda:	464b      	mov	r3, r9
10008ddc:	2b50      	cmp	r3, #80	@ 0x50
10008dde:	dc00      	bgt.n	10008de2 <cyw43_ll_bus_init+0x252>
10008de0:	e0be      	b.n	10008f60 <cyw43_ll_bus_init+0x3d0>
10008de2:	003a      	movs	r2, r7
10008de4:	4b2d      	ldr	r3, [pc, #180]	@ (10008e9c <cyw43_ll_bus_init+0x30c>)
10008de6:	4e2e      	ldr	r6, [pc, #184]	@ (10008ea0 <cyw43_ll_bus_init+0x310>)
10008de8:	464f      	mov	r7, r9
10008dea:	46a0      	mov	r8, r4
10008dec:	2550      	movs	r5, #80	@ 0x50
10008dee:	001c      	movs	r4, r3
10008df0:	4691      	mov	r9, r2
10008df2:	4456      	add	r6, sl
10008df4:	e003      	b.n	10008dfe <cyw43_ll_bus_init+0x26e>
10008df6:	3501      	adds	r5, #1
10008df8:	42af      	cmp	r7, r5
10008dfa:	dc00      	bgt.n	10008dfe <cyw43_ll_bus_init+0x26e>
10008dfc:	e0b0      	b.n	10008f60 <cyw43_ll_bus_init+0x3d0>
10008dfe:	2209      	movs	r2, #9
10008e00:	0021      	movs	r1, r4
10008e02:	1b70      	subs	r0, r6, r5
10008e04:	f001 fc44 	bl	1000a690 <strncmp>
10008e08:	2800      	cmp	r0, #0
10008e0a:	d1f4      	bne.n	10008df6 <cyw43_ll_bus_init+0x266>
10008e0c:	2340      	movs	r3, #64	@ 0x40
10008e0e:	425b      	negs	r3, r3
10008e10:	4453      	add	r3, sl
10008e12:	469b      	mov	fp, r3
10008e14:	2380      	movs	r3, #128	@ 0x80
10008e16:	021b      	lsls	r3, r3, #8
10008e18:	464f      	mov	r7, r9
10008e1a:	4699      	mov	r9, r3
10008e1c:	4b21      	ldr	r3, [pc, #132]	@ (10008ea4 <cyw43_ll_bus_init+0x314>)
10008e1e:	4644      	mov	r4, r8
10008e20:	2600      	movs	r6, #0
10008e22:	4698      	mov	r8, r3
10008e24:	0035      	movs	r5, r6
10008e26:	0020      	movs	r0, r4
10008e28:	0029      	movs	r1, r5
10008e2a:	f7fe ff41 	bl	10007cb0 <cyw43_set_backplane_window>
10008e2e:	464b      	mov	r3, r9
10008e30:	046a      	lsls	r2, r5, #17
10008e32:	0c52      	lsrs	r2, r2, #17
10008e34:	431a      	orrs	r2, r3
10008e36:	465b      	mov	r3, fp
10008e38:	3640      	adds	r6, #64	@ 0x40
10008e3a:	199b      	adds	r3, r3, r6
10008e3c:	9300      	str	r3, [sp, #0]
10008e3e:	2101      	movs	r1, #1
10008e40:	2340      	movs	r3, #64	@ 0x40
10008e42:	0020      	movs	r0, r4
10008e44:	f7fe feca 	bl	10007bdc <cyw43_write_bytes>
10008e48:	2800      	cmp	r0, #0
10008e4a:	d000      	beq.n	10008e4e <cyw43_ll_bus_init+0x2be>
10008e4c:	e1d3      	b.n	100091f6 <cyw43_ll_bus_init+0x666>
10008e4e:	4546      	cmp	r6, r8
10008e50:	d1e8      	bne.n	10008e24 <cyw43_ll_bus_init+0x294>
10008e52:	4b15      	ldr	r3, [pc, #84]	@ (10008ea8 <cyw43_ll_bus_init+0x318>)
10008e54:	46bb      	mov	fp, r7
10008e56:	4699      	mov	r9, r3
10008e58:	2300      	movs	r3, #0
10008e5a:	0027      	movs	r7, r4
10008e5c:	9003      	str	r0, [sp, #12]
10008e5e:	001c      	movs	r4, r3
10008e60:	e043      	b.n	10008eea <cyw43_ll_bus_init+0x35a>
10008e62:	46c0      	nop			@ (mov r8, r8)
10008e64:	40054000 	.word	0x40054000
10008e68:	feedbead 	.word	0xfeedbead
10008e6c:	1000acb4 	.word	0x1000acb4
10008e70:	000204b3 	.word	0x000204b3
10008e74:	0001000e 	.word	0x0001000e
10008e78:	1000ad08 	.word	0x1000ad08
10008e7c:	18103800 	.word	0x18103800
10008e80:	18104800 	.word	0x18104800
10008e84:	18004010 	.word	0x18004010
10008e88:	18004044 	.word	0x18004044
10008e8c:	1000b3b8 	.word	0x1000b3b8
10008e90:	0000030e 	.word	0x0000030e
10008e94:	0003689e 	.word	0x0003689e
10008e98:	0000030d 	.word	0x0000030d
10008e9c:	1000acd4 	.word	0x1000acd4
10008ea0:	00036bab 	.word	0x00036bab
10008ea4:	00036bc0 	.word	0x00036bc0
10008ea8:	10042390 	.word	0x10042390
10008eac:	22ff      	movs	r2, #255	@ 0xff
10008eae:	0412      	lsls	r2, r2, #16
10008eb0:	4213      	tst	r3, r2
10008eb2:	d13f      	bne.n	10008f34 <cyw43_ll_bus_init+0x3a4>
10008eb4:	22ff      	movs	r2, #255	@ 0xff
10008eb6:	0212      	lsls	r2, r2, #8
10008eb8:	4213      	tst	r3, r2
10008eba:	d149      	bne.n	10008f50 <cyw43_ll_bus_init+0x3c0>
10008ebc:	23f0      	movs	r3, #240	@ 0xf0
10008ebe:	02db      	lsls	r3, r3, #11
10008ec0:	60bb      	str	r3, [r7, #8]
10008ec2:	464b      	mov	r3, r9
10008ec4:	2280      	movs	r2, #128	@ 0x80
10008ec6:	0476      	lsls	r6, r6, #17
10008ec8:	191b      	adds	r3, r3, r4
10008eca:	3b40      	subs	r3, #64	@ 0x40
10008ecc:	0c76      	lsrs	r6, r6, #17
10008ece:	0212      	lsls	r2, r2, #8
10008ed0:	9300      	str	r3, [sp, #0]
10008ed2:	2101      	movs	r1, #1
10008ed4:	002b      	movs	r3, r5
10008ed6:	0038      	movs	r0, r7
10008ed8:	4332      	orrs	r2, r6
10008eda:	f7fe fe7f 	bl	10007bdc <cyw43_write_bytes>
10008ede:	2800      	cmp	r0, #0
10008ee0:	d142      	bne.n	10008f68 <cyw43_ll_bus_init+0x3d8>
10008ee2:	23c0      	movs	r3, #192	@ 0xc0
10008ee4:	009b      	lsls	r3, r3, #2
10008ee6:	429c      	cmp	r4, r3
10008ee8:	d03e      	beq.n	10008f68 <cyw43_ll_bus_init+0x3d8>
10008eea:	25ba      	movs	r5, #186	@ 0xba
10008eec:	0026      	movs	r6, r4
10008eee:	00ad      	lsls	r5, r5, #2
10008ef0:	3440      	adds	r4, #64	@ 0x40
10008ef2:	2317      	movs	r3, #23
10008ef4:	42a5      	cmp	r5, r4
10008ef6:	41ad      	sbcs	r5, r5
10008ef8:	439d      	bics	r5, r3
10008efa:	4be1      	ldr	r3, [pc, #900]	@ (10009280 <cyw43_ll_bus_init+0x6f0>)
10008efc:	22f0      	movs	r2, #240	@ 0xf0
10008efe:	469c      	mov	ip, r3
10008f00:	68bb      	ldr	r3, [r7, #8]
10008f02:	02d2      	lsls	r2, r2, #11
10008f04:	4690      	mov	r8, r2
10008f06:	3540      	adds	r5, #64	@ 0x40
10008f08:	4466      	add	r6, ip
10008f0a:	4293      	cmp	r3, r2
10008f0c:	d0d9      	beq.n	10008ec2 <cyw43_ll_bus_init+0x332>
10008f0e:	4053      	eors	r3, r2
10008f10:	2280      	movs	r2, #128	@ 0x80
10008f12:	0452      	lsls	r2, r2, #17
10008f14:	4293      	cmp	r3, r2
10008f16:	d3c9      	bcc.n	10008eac <cyw43_ll_bus_init+0x31c>
10008f18:	2300      	movs	r3, #0
10008f1a:	4ada      	ldr	r2, [pc, #872]	@ (10009284 <cyw43_ll_bus_init+0x6f4>)
10008f1c:	2101      	movs	r1, #1
10008f1e:	0038      	movs	r0, r7
10008f20:	f7fe fd16 	bl	10007950 <cyw43_write_reg_u8>
10008f24:	4642      	mov	r2, r8
10008f26:	68bb      	ldr	r3, [r7, #8]
10008f28:	405a      	eors	r2, r3
10008f2a:	0013      	movs	r3, r2
10008f2c:	22ff      	movs	r2, #255	@ 0xff
10008f2e:	0412      	lsls	r2, r2, #16
10008f30:	4213      	tst	r3, r2
10008f32:	d0bf      	beq.n	10008eb4 <cyw43_ll_bus_init+0x324>
10008f34:	2307      	movs	r3, #7
10008f36:	4ad4      	ldr	r2, [pc, #848]	@ (10009288 <cyw43_ll_bus_init+0x6f8>)
10008f38:	2101      	movs	r1, #1
10008f3a:	0038      	movs	r0, r7
10008f3c:	f7fe fd08 	bl	10007950 <cyw43_write_reg_u8>
10008f40:	23f0      	movs	r3, #240	@ 0xf0
10008f42:	68ba      	ldr	r2, [r7, #8]
10008f44:	02db      	lsls	r3, r3, #11
10008f46:	4053      	eors	r3, r2
10008f48:	22ff      	movs	r2, #255	@ 0xff
10008f4a:	0212      	lsls	r2, r2, #8
10008f4c:	4213      	tst	r3, r2
10008f4e:	d0b5      	beq.n	10008ebc <cyw43_ll_bus_init+0x32c>
10008f50:	23f0      	movs	r3, #240	@ 0xf0
10008f52:	2101      	movs	r1, #1
10008f54:	0038      	movs	r0, r7
10008f56:	4acd      	ldr	r2, [pc, #820]	@ (1000928c <cyw43_ll_bus_init+0x6fc>)
10008f58:	00db      	lsls	r3, r3, #3
10008f5a:	f7fe fcf9 	bl	10007950 <cyw43_write_reg_u8>
10008f5e:	e7ad      	b.n	10008ebc <cyw43_ll_bus_init+0x32c>
10008f60:	48cb      	ldr	r0, [pc, #812]	@ (10009290 <cyw43_ll_bus_init+0x700>)
10008f62:	f7fb f94d 	bl	10004200 <__wrap_puts>
10008f66:	e639      	b.n	10008bdc <cyw43_ll_bus_init+0x4c>
10008f68:	003c      	movs	r4, r7
10008f6a:	4bca      	ldr	r3, [pc, #808]	@ (10009294 <cyw43_ll_bus_init+0x704>)
10008f6c:	2204      	movs	r2, #4
10008f6e:	0020      	movs	r0, r4
10008f70:	49c9      	ldr	r1, [pc, #804]	@ (10009298 <cyw43_ll_bus_init+0x708>)
10008f72:	9d03      	ldr	r5, [sp, #12]
10008f74:	f7ff faac 	bl	100084d0 <cyw43_write_backplane>
10008f78:	2101      	movs	r1, #1
10008f7a:	0020      	movs	r0, r4
10008f7c:	f7ff fb2e 	bl	100085dc <reset_device_core.constprop.0>
10008f80:	0020      	movs	r0, r4
10008f82:	49c6      	ldr	r1, [pc, #792]	@ (1000929c <cyw43_ll_bus_init+0x70c>)
10008f84:	f7ff fa32 	bl	100083ec <cyw43_read_backplane.constprop.0>
10008f88:	2303      	movs	r3, #3
10008f8a:	465f      	mov	r7, fp
10008f8c:	4003      	ands	r3, r0
10008f8e:	2b01      	cmp	r3, #1
10008f90:	d000      	beq.n	10008f94 <cyw43_ll_bus_init+0x404>
10008f92:	e132      	b.n	100091fa <cyw43_ll_bus_init+0x66a>
10008f94:	0020      	movs	r0, r4
10008f96:	49c2      	ldr	r1, [pc, #776]	@ (100092a0 <cyw43_ll_bus_init+0x710>)
10008f98:	f7ff fa28 	bl	100083ec <cyw43_read_backplane.constprop.0>
10008f9c:	07c0      	lsls	r0, r0, #31
10008f9e:	d500      	bpl.n	10008fa2 <cyw43_ll_bus_init+0x412>
10008fa0:	e12f      	b.n	10009202 <cyw43_ll_bus_init+0x672>
10008fa2:	26fa      	movs	r6, #250	@ 0xfa
10008fa4:	2380      	movs	r3, #128	@ 0x80
10008fa6:	00b6      	lsls	r6, r6, #2
10008fa8:	4698      	mov	r8, r3
10008faa:	e006      	b.n	10008fba <cyw43_ll_bus_init+0x42a>
10008fac:	2001      	movs	r0, #1
10008fae:	3e01      	subs	r6, #1
10008fb0:	f001 f854 	bl	1000a05c <cyw43_delay_ms>
10008fb4:	2e00      	cmp	r6, #0
10008fb6:	d100      	bne.n	10008fba <cyw43_ll_bus_init+0x42a>
10008fb8:	e234      	b.n	10009424 <cyw43_ll_bus_init+0x894>
10008fba:	2101      	movs	r1, #1
10008fbc:	0020      	movs	r0, r4
10008fbe:	4ab9      	ldr	r2, [pc, #740]	@ (100092a4 <cyw43_ll_bus_init+0x714>)
10008fc0:	f7fe f97c 	bl	100072bc <cyw43_read_reg_u8>
10008fc4:	4643      	mov	r3, r8
10008fc6:	4203      	tst	r3, r0
10008fc8:	d0f0      	beq.n	10008fac <cyw43_ll_bus_init+0x41c>
10008fca:	23f0      	movs	r3, #240	@ 0xf0
10008fcc:	2204      	movs	r2, #4
10008fce:	0020      	movs	r0, r4
10008fd0:	49b5      	ldr	r1, [pc, #724]	@ (100092a8 <cyw43_ll_bus_init+0x718>)
10008fd2:	f7ff fa7d 	bl	100084d0 <cyw43_write_backplane>
10008fd6:	2320      	movs	r3, #32
10008fd8:	2101      	movs	r1, #1
10008fda:	0020      	movs	r0, r4
10008fdc:	4ab3      	ldr	r2, [pc, #716]	@ (100092ac <cyw43_ll_bus_init+0x71c>)
10008fde:	f7fe fcb7 	bl	10007950 <cyw43_write_reg_u8>
10008fe2:	26fa      	movs	r6, #250	@ 0xfa
10008fe4:	2320      	movs	r3, #32
10008fe6:	00b6      	lsls	r6, r6, #2
10008fe8:	4698      	mov	r8, r3
10008fea:	e006      	b.n	10008ffa <cyw43_ll_bus_init+0x46a>
10008fec:	2001      	movs	r0, #1
10008fee:	3e01      	subs	r6, #1
10008ff0:	f001 f834 	bl	1000a05c <cyw43_delay_ms>
10008ff4:	2e00      	cmp	r6, #0
10008ff6:	d100      	bne.n	10008ffa <cyw43_ll_bus_init+0x46a>
10008ff8:	e219      	b.n	1000942e <cyw43_ll_bus_init+0x89e>
10008ffa:	2208      	movs	r2, #8
10008ffc:	2100      	movs	r1, #0
10008ffe:	0020      	movs	r0, r4
10009000:	f7fe f904 	bl	1000720c <cyw43_read_reg_u32>
10009004:	4643      	mov	r3, r8
10009006:	4203      	tst	r3, r0
10009008:	d0f0      	beq.n	10008fec <cyw43_ll_bus_init+0x45c>
1000900a:	2101      	movs	r1, #1
1000900c:	4aa8      	ldr	r2, [pc, #672]	@ (100092b0 <cyw43_ll_bus_init+0x720>)
1000900e:	0020      	movs	r0, r4
10009010:	f7fe f954 	bl	100072bc <cyw43_read_reg_u8>
10009014:	2202      	movs	r2, #2
10009016:	b2c3      	uxtb	r3, r0
10009018:	4313      	orrs	r3, r2
1000901a:	2101      	movs	r1, #1
1000901c:	4aa4      	ldr	r2, [pc, #656]	@ (100092b0 <cyw43_ll_bus_init+0x720>)
1000901e:	0020      	movs	r0, r4
10009020:	f7fe fc96 	bl	10007950 <cyw43_write_reg_u8>
10009024:	2308      	movs	r3, #8
10009026:	22f0      	movs	r2, #240	@ 0xf0
10009028:	2100      	movs	r1, #0
1000902a:	0020      	movs	r0, r4
1000902c:	f7fe fc90 	bl	10007950 <cyw43_write_reg_u8>
10009030:	2302      	movs	r3, #2
10009032:	2101      	movs	r1, #1
10009034:	4a9b      	ldr	r2, [pc, #620]	@ (100092a4 <cyw43_ll_bus_init+0x714>)
10009036:	0020      	movs	r0, r4
10009038:	f7fe fc8a 	bl	10007950 <cyw43_write_reg_u8>
1000903c:	2101      	movs	r1, #1
1000903e:	0020      	movs	r0, r4
10009040:	4a9c      	ldr	r2, [pc, #624]	@ (100092b4 <cyw43_ll_bus_init+0x724>)
10009042:	f7fe f93b 	bl	100072bc <cyw43_read_reg_u8>
10009046:	07c3      	lsls	r3, r0, #31
10009048:	d400      	bmi.n	1000904c <cyw43_ll_bus_init+0x4bc>
1000904a:	e183      	b.n	10009354 <cyw43_ll_bus_init+0x7c4>
1000904c:	230f      	movs	r3, #15
1000904e:	2101      	movs	r1, #1
10009050:	4a99      	ldr	r2, [pc, #612]	@ (100092b8 <cyw43_ll_bus_init+0x728>)
10009052:	0020      	movs	r0, r4
10009054:	f7fe fc7c 	bl	10007950 <cyw43_write_reg_u8>
10009058:	2300      	movs	r3, #0
1000905a:	2101      	movs	r1, #1
1000905c:	4a96      	ldr	r2, [pc, #600]	@ (100092b8 <cyw43_ll_bus_init+0x728>)
1000905e:	0020      	movs	r0, r4
10009060:	f7fe fc76 	bl	10007950 <cyw43_write_reg_u8>
10009064:	2101      	movs	r1, #1
10009066:	4a94      	ldr	r2, [pc, #592]	@ (100092b8 <cyw43_ll_bus_init+0x728>)
10009068:	0020      	movs	r0, r4
1000906a:	f7fe f927 	bl	100072bc <cyw43_read_reg_u8>
1000906e:	2204      	movs	r2, #4
10009070:	2100      	movs	r1, #0
10009072:	0020      	movs	r0, r4
10009074:	f7fe f8f6 	bl	10007264 <cyw43_read_reg_u16>
10009078:	07c3      	lsls	r3, r0, #31
1000907a:	d500      	bpl.n	1000907e <cyw43_ll_bus_init+0x4ee>
1000907c:	e173      	b.n	10009366 <cyw43_ll_bus_init+0x7d6>
1000907e:	26c0      	movs	r6, #192	@ 0xc0
10009080:	68a3      	ldr	r3, [r4, #8]
10009082:	0576      	lsls	r6, r6, #21
10009084:	42b3      	cmp	r3, r6
10009086:	d012      	beq.n	100090ae <cyw43_ll_bus_init+0x51e>
10009088:	2280      	movs	r2, #128	@ 0x80
1000908a:	4073      	eors	r3, r6
1000908c:	0452      	lsls	r2, r2, #17
1000908e:	4293      	cmp	r3, r2
10009090:	d300      	bcc.n	10009094 <cyw43_ll_bus_init+0x504>
10009092:	e1be      	b.n	10009412 <cyw43_ll_bus_init+0x882>
10009094:	22ff      	movs	r2, #255	@ 0xff
10009096:	0412      	lsls	r2, r2, #16
10009098:	4213      	tst	r3, r2
1000909a:	d000      	beq.n	1000909e <cyw43_ll_bus_init+0x50e>
1000909c:	e1ad      	b.n	100093fa <cyw43_ll_bus_init+0x86a>
1000909e:	22ff      	movs	r2, #255	@ 0xff
100090a0:	0212      	lsls	r2, r2, #8
100090a2:	4213      	tst	r3, r2
100090a4:	d000      	beq.n	100090a8 <cyw43_ll_bus_init+0x518>
100090a6:	e1a0      	b.n	100093ea <cyw43_ll_bus_init+0x85a>
100090a8:	23c0      	movs	r3, #192	@ 0xc0
100090aa:	055b      	lsls	r3, r3, #21
100090ac:	60a3      	str	r3, [r4, #8]
100090ae:	26c0      	movs	r6, #192	@ 0xc0
100090b0:	2101      	movs	r1, #1
100090b2:	0020      	movs	r0, r4
100090b4:	4a81      	ldr	r2, [pc, #516]	@ (100092bc <cyw43_ll_bus_init+0x72c>)
100090b6:	f7fe f8a9 	bl	1000720c <cyw43_read_reg_u32>
100090ba:	68a3      	ldr	r3, [r4, #8]
100090bc:	0576      	lsls	r6, r6, #21
100090be:	42b3      	cmp	r3, r6
100090c0:	d012      	beq.n	100090e8 <cyw43_ll_bus_init+0x558>
100090c2:	2280      	movs	r2, #128	@ 0x80
100090c4:	4073      	eors	r3, r6
100090c6:	0452      	lsls	r2, r2, #17
100090c8:	4293      	cmp	r3, r2
100090ca:	d300      	bcc.n	100090ce <cyw43_ll_bus_init+0x53e>
100090cc:	e17c      	b.n	100093c8 <cyw43_ll_bus_init+0x838>
100090ce:	22ff      	movs	r2, #255	@ 0xff
100090d0:	0412      	lsls	r2, r2, #16
100090d2:	4213      	tst	r3, r2
100090d4:	d000      	beq.n	100090d8 <cyw43_ll_bus_init+0x548>
100090d6:	e16b      	b.n	100093b0 <cyw43_ll_bus_init+0x820>
100090d8:	22ff      	movs	r2, #255	@ 0xff
100090da:	0212      	lsls	r2, r2, #8
100090dc:	4213      	tst	r3, r2
100090de:	d000      	beq.n	100090e2 <cyw43_ll_bus_init+0x552>
100090e0:	e17b      	b.n	100093da <cyw43_ll_bus_init+0x84a>
100090e2:	23c0      	movs	r3, #192	@ 0xc0
100090e4:	055b      	lsls	r3, r3, #21
100090e6:	60a3      	str	r3, [r4, #8]
100090e8:	0020      	movs	r0, r4
100090ea:	f000 fb47 	bl	1000977c <cyw43_cb_ensure_awake>
100090ee:	7ca3      	ldrb	r3, [r4, #18]
100090f0:	2b00      	cmp	r3, #0
100090f2:	d105      	bne.n	10009100 <cyw43_ll_bus_init+0x570>
100090f4:	2101      	movs	r1, #1
100090f6:	0020      	movs	r0, r4
100090f8:	f7fe feaa 	bl	10007e50 <cyw43_kso_set>
100090fc:	2301      	movs	r3, #1
100090fe:	74a3      	strb	r3, [r4, #18]
10009100:	4b6f      	ldr	r3, [pc, #444]	@ (100092c0 <cyw43_ll_bus_init+0x730>)
10009102:	0026      	movs	r6, r4
10009104:	0019      	movs	r1, r3
10009106:	3644      	adds	r6, #68	@ 0x44
10009108:	2208      	movs	r2, #8
1000910a:	312c      	adds	r1, #44	@ 0x2c
1000910c:	0030      	movs	r0, r6
1000910e:	4698      	mov	r8, r3
10009110:	f7f9 fa64 	bl	100025dc <__wrap___aeabi_memcpy>
10009114:	4b6b      	ldr	r3, [pc, #428]	@ (100092c4 <cyw43_ll_bus_init+0x734>)
10009116:	22f6      	movs	r2, #246	@ 0xf6
10009118:	21db      	movs	r1, #219	@ 0xdb
1000911a:	64e3      	str	r3, [r4, #76]	@ 0x4c
1000911c:	0020      	movs	r0, r4
1000911e:	2300      	movs	r3, #0
10009120:	0092      	lsls	r2, r2, #2
10009122:	0289      	lsls	r1, r1, #10
10009124:	4451      	add	r1, sl
10009126:	6522      	str	r2, [r4, #80]	@ 0x50
10009128:	6563      	str	r3, [r4, #84]	@ 0x54
1000912a:	3058      	adds	r0, #88	@ 0x58
1000912c:	4699      	mov	r9, r3
1000912e:	f7f9 fa55 	bl	100025dc <__wrap___aeabi_memcpy>
10009132:	2208      	movs	r2, #8
10009134:	32ff      	adds	r2, #255	@ 0xff
10009136:	4692      	mov	sl, r2
10009138:	6362      	str	r2, [r4, #52]	@ 0x34
1000913a:	22fc      	movs	r2, #252	@ 0xfc
1000913c:	0092      	lsls	r2, r2, #2
1000913e:	4693      	mov	fp, r2
10009140:	63a2      	str	r2, [r4, #56]	@ 0x38
10009142:	2202      	movs	r2, #2
10009144:	8a23      	ldrh	r3, [r4, #16]
10009146:	2100      	movs	r1, #0
10009148:	3301      	adds	r3, #1
1000914a:	b29b      	uxth	r3, r3
1000914c:	8223      	strh	r3, [r4, #16]
1000914e:	041b      	lsls	r3, r3, #16
10009150:	4313      	orrs	r3, r2
10009152:	63e3      	str	r3, [r4, #60]	@ 0x3c
10009154:	464b      	mov	r3, r9
10009156:	6423      	str	r3, [r4, #64]	@ 0x40
10009158:	3328      	adds	r3, #40	@ 0x28
1000915a:	4699      	mov	r9, r3
1000915c:	2280      	movs	r2, #128	@ 0x80
1000915e:	44a1      	add	r9, r4
10009160:	464b      	mov	r3, r9
10009162:	0020      	movs	r0, r4
10009164:	00d2      	lsls	r2, r2, #3
10009166:	f7fe ffcf 	bl	10008108 <cyw43_sdpcm_send_common>
1000916a:	2800      	cmp	r0, #0
1000916c:	d106      	bne.n	1000917c <cyw43_ll_bus_init+0x5ec>
1000916e:	465b      	mov	r3, fp
10009170:	4652      	mov	r2, sl
10009172:	2102      	movs	r1, #2
10009174:	0020      	movs	r0, r4
10009176:	9600      	str	r6, [sp, #0]
10009178:	f7ff f844 	bl	10008204 <cyw43_do_ioctl.part.0>
1000917c:	4641      	mov	r1, r8
1000917e:	2213      	movs	r2, #19
10009180:	3138      	adds	r1, #56	@ 0x38
10009182:	0030      	movs	r0, r6
10009184:	f7f9 fa2a 	bl	100025dc <__wrap___aeabi_memcpy>
10009188:	8a23      	ldrh	r3, [r4, #16]
1000918a:	2283      	movs	r2, #131	@ 0x83
1000918c:	3301      	adds	r3, #1
1000918e:	b29b      	uxth	r3, r3
10009190:	8223      	strh	r3, [r4, #16]
10009192:	041b      	lsls	r3, r3, #16
10009194:	63e3      	str	r3, [r4, #60]	@ 0x3c
10009196:	2300      	movs	r3, #0
10009198:	0052      	lsls	r2, r2, #1
1000919a:	4692      	mov	sl, r2
1000919c:	6362      	str	r2, [r4, #52]	@ 0x34
1000919e:	3af3      	subs	r2, #243	@ 0xf3
100091a0:	63a2      	str	r2, [r4, #56]	@ 0x38
100091a2:	6423      	str	r3, [r4, #64]	@ 0x40
100091a4:	2100      	movs	r1, #0
100091a6:	464b      	mov	r3, r9
100091a8:	0020      	movs	r0, r4
100091aa:	3210      	adds	r2, #16
100091ac:	f7fe ffac 	bl	10008108 <cyw43_sdpcm_send_common>
100091b0:	2800      	cmp	r0, #0
100091b2:	d106      	bne.n	100091c2 <cyw43_ll_bus_init+0x632>
100091b4:	2313      	movs	r3, #19
100091b6:	4652      	mov	r2, sl
100091b8:	2100      	movs	r1, #0
100091ba:	0020      	movs	r0, r4
100091bc:	9600      	str	r6, [sp, #0]
100091be:	f7ff f821 	bl	10008204 <cyw43_do_ioctl.part.0>
100091c2:	6c63      	ldr	r3, [r4, #68]	@ 0x44
100091c4:	2b00      	cmp	r3, #0
100091c6:	d000      	beq.n	100091ca <cyw43_ll_bus_init+0x63a>
100091c8:	e0c0      	b.n	1000934c <cyw43_ll_bus_init+0x7bc>
100091ca:	2200      	movs	r2, #0
100091cc:	0020      	movs	r0, r4
100091ce:	493e      	ldr	r1, [pc, #248]	@ (100092c8 <cyw43_ll_bus_init+0x738>)
100091d0:	f7ff f87a 	bl	100082c8 <cyw43_write_iovar_u32.constprop.0>
100091d4:	2201      	movs	r2, #1
100091d6:	0020      	movs	r0, r4
100091d8:	493c      	ldr	r1, [pc, #240]	@ (100092cc <cyw43_ll_bus_init+0x73c>)
100091da:	f7ff f875 	bl	100082c8 <cyw43_write_iovar_u32.constprop.0>
100091de:	2f00      	cmp	r7, #0
100091e0:	d100      	bne.n	100091e4 <cyw43_ll_bus_init+0x654>
100091e2:	e0c7      	b.n	10009374 <cyw43_ll_bus_init+0x7e4>
100091e4:	2300      	movs	r3, #0
100091e6:	2206      	movs	r2, #6
100091e8:	9300      	str	r3, [sp, #0]
100091ea:	0020      	movs	r0, r4
100091ec:	003b      	movs	r3, r7
100091ee:	4938      	ldr	r1, [pc, #224]	@ (100092d0 <cyw43_ll_bus_init+0x740>)
100091f0:	f7ff f8b6 	bl	10008360 <cyw43_write_iovar_n>
100091f4:	e4f4      	b.n	10008be0 <cyw43_ll_bus_init+0x50>
100091f6:	0005      	movs	r5, r0
100091f8:	e4f2      	b.n	10008be0 <cyw43_ll_bus_init+0x50>
100091fa:	4836      	ldr	r0, [pc, #216]	@ (100092d4 <cyw43_ll_bus_init+0x744>)
100091fc:	f7fb f800 	bl	10004200 <__wrap_puts>
10009200:	e6c8      	b.n	10008f94 <cyw43_ll_bus_init+0x404>
10009202:	4834      	ldr	r0, [pc, #208]	@ (100092d4 <cyw43_ll_bus_init+0x744>)
10009204:	f7fa fffc 	bl	10004200 <__wrap_puts>
10009208:	e6cb      	b.n	10008fa2 <cyw43_ll_bus_init+0x412>
1000920a:	23c0      	movs	r3, #192	@ 0xc0
1000920c:	2101      	movs	r1, #1
1000920e:	0020      	movs	r0, r4
10009210:	4a1e      	ldr	r2, [pc, #120]	@ (1000928c <cyw43_ll_bus_init+0x6fc>)
10009212:	035b      	lsls	r3, r3, #13
10009214:	f7fe fb9c 	bl	10007950 <cyw43_write_reg_u8>
10009218:	e570      	b.n	10008cfc <cyw43_ll_bus_init+0x16c>
1000921a:	23c0      	movs	r3, #192	@ 0xc0
1000921c:	4a1a      	ldr	r2, [pc, #104]	@ (10009288 <cyw43_ll_bus_init+0x6f8>)
1000921e:	015b      	lsls	r3, r3, #5
10009220:	2101      	movs	r1, #1
10009222:	0020      	movs	r0, r4
10009224:	f7fe fb94 	bl	10007950 <cyw43_write_reg_u8>
10009228:	23c0      	movs	r3, #192	@ 0xc0
1000922a:	68a2      	ldr	r2, [r4, #8]
1000922c:	055b      	lsls	r3, r3, #21
1000922e:	4053      	eors	r3, r2
10009230:	e55f      	b.n	10008cf2 <cyw43_ll_bus_init+0x162>
10009232:	2318      	movs	r3, #24
10009234:	2101      	movs	r1, #1
10009236:	0020      	movs	r0, r4
10009238:	4a12      	ldr	r2, [pc, #72]	@ (10009284 <cyw43_ll_bus_init+0x6f4>)
1000923a:	f7fe fb89 	bl	10007950 <cyw43_write_reg_u8>
1000923e:	68a3      	ldr	r3, [r4, #8]
10009240:	4073      	eors	r3, r6
10009242:	e551      	b.n	10008ce8 <cyw43_ll_bus_init+0x158>
10009244:	23c0      	movs	r3, #192	@ 0xc0
10009246:	2101      	movs	r1, #1
10009248:	0020      	movs	r0, r4
1000924a:	4a10      	ldr	r2, [pc, #64]	@ (1000928c <cyw43_ll_bus_init+0x6fc>)
1000924c:	035b      	lsls	r3, r3, #13
1000924e:	f7fe fb7f 	bl	10007950 <cyw43_write_reg_u8>
10009252:	e530      	b.n	10008cb6 <cyw43_ll_bus_init+0x126>
10009254:	23c0      	movs	r3, #192	@ 0xc0
10009256:	4a0c      	ldr	r2, [pc, #48]	@ (10009288 <cyw43_ll_bus_init+0x6f8>)
10009258:	015b      	lsls	r3, r3, #5
1000925a:	2101      	movs	r1, #1
1000925c:	0020      	movs	r0, r4
1000925e:	f7fe fb77 	bl	10007950 <cyw43_write_reg_u8>
10009262:	23c0      	movs	r3, #192	@ 0xc0
10009264:	68a2      	ldr	r2, [r4, #8]
10009266:	055b      	lsls	r3, r3, #21
10009268:	4053      	eors	r3, r2
1000926a:	e51f      	b.n	10008cac <cyw43_ll_bus_init+0x11c>
1000926c:	2318      	movs	r3, #24
1000926e:	2101      	movs	r1, #1
10009270:	0020      	movs	r0, r4
10009272:	4a04      	ldr	r2, [pc, #16]	@ (10009284 <cyw43_ll_bus_init+0x6f4>)
10009274:	f7fe fb6c 	bl	10007950 <cyw43_write_reg_u8>
10009278:	68a3      	ldr	r3, [r4, #8]
1000927a:	406b      	eors	r3, r5
1000927c:	e511      	b.n	10008ca2 <cyw43_ll_bus_init+0x112>
1000927e:	46c0      	nop			@ (mov r8, r8)
10009280:	0007fd14 	.word	0x0007fd14
10009284:	0001000c 	.word	0x0001000c
10009288:	0001000b 	.word	0x0001000b
1000928c:	0001000a 	.word	0x0001000a
10009290:	1000ace0 	.word	0x1000ace0
10009294:	ff4500ba 	.word	0xff4500ba
10009298:	0007fffc 	.word	0x0007fffc
1000929c:	18103408 	.word	0x18103408
100092a0:	18103800 	.word	0x18103800
100092a4:	0001000e 	.word	0x0001000e
100092a8:	18002024 	.word	0x18002024
100092ac:	00010008 	.word	0x00010008
100092b0:	0001001e 	.word	0x0001001e
100092b4:	0001001f 	.word	0x0001001f
100092b8:	0001000f 	.word	0x0001000f
100092bc:	00008508 	.word	0x00008508
100092c0:	10042678 	.word	0x10042678
100092c4:	00021006 	.word	0x00021006
100092c8:	1000ac60 	.word	0x1000ac60
100092cc:	1000ac6c 	.word	0x1000ac6c
100092d0:	1000ad90 	.word	0x1000ad90
100092d4:	1000ad34 	.word	0x1000ad34
100092d8:	2318      	movs	r3, #24
100092da:	2101      	movs	r1, #1
100092dc:	0020      	movs	r0, r4
100092de:	4a5a      	ldr	r2, [pc, #360]	@ (10009448 <cyw43_ll_bus_init+0x8b8>)
100092e0:	f7fe fb36 	bl	10007950 <cyw43_write_reg_u8>
100092e4:	68a3      	ldr	r3, [r4, #8]
100092e6:	4073      	eors	r3, r6
100092e8:	e546      	b.n	10008d78 <cyw43_ll_bus_init+0x1e8>
100092ea:	23c0      	movs	r3, #192	@ 0xc0
100092ec:	2101      	movs	r1, #1
100092ee:	0020      	movs	r0, r4
100092f0:	4a56      	ldr	r2, [pc, #344]	@ (1000944c <cyw43_ll_bus_init+0x8bc>)
100092f2:	035b      	lsls	r3, r3, #13
100092f4:	f7fe fb2c 	bl	10007950 <cyw43_write_reg_u8>
100092f8:	e525      	b.n	10008d46 <cyw43_ll_bus_init+0x1b6>
100092fa:	23c0      	movs	r3, #192	@ 0xc0
100092fc:	4a54      	ldr	r2, [pc, #336]	@ (10009450 <cyw43_ll_bus_init+0x8c0>)
100092fe:	015b      	lsls	r3, r3, #5
10009300:	2101      	movs	r1, #1
10009302:	0020      	movs	r0, r4
10009304:	f7fe fb24 	bl	10007950 <cyw43_write_reg_u8>
10009308:	23c0      	movs	r3, #192	@ 0xc0
1000930a:	68a2      	ldr	r2, [r4, #8]
1000930c:	055b      	lsls	r3, r3, #21
1000930e:	4053      	eors	r3, r2
10009310:	e514      	b.n	10008d3c <cyw43_ll_bus_init+0x1ac>
10009312:	2318      	movs	r3, #24
10009314:	2101      	movs	r1, #1
10009316:	0020      	movs	r0, r4
10009318:	4a4b      	ldr	r2, [pc, #300]	@ (10009448 <cyw43_ll_bus_init+0x8b8>)
1000931a:	f7fe fb19 	bl	10007950 <cyw43_write_reg_u8>
1000931e:	68a3      	ldr	r3, [r4, #8]
10009320:	406b      	eors	r3, r5
10009322:	e506      	b.n	10008d32 <cyw43_ll_bus_init+0x1a2>
10009324:	23c0      	movs	r3, #192	@ 0xc0
10009326:	2101      	movs	r1, #1
10009328:	0020      	movs	r0, r4
1000932a:	4a48      	ldr	r2, [pc, #288]	@ (1000944c <cyw43_ll_bus_init+0x8bc>)
1000932c:	035b      	lsls	r3, r3, #13
1000932e:	f7fe fb0f 	bl	10007950 <cyw43_write_reg_u8>
10009332:	e52b      	b.n	10008d8c <cyw43_ll_bus_init+0x1fc>
10009334:	23c0      	movs	r3, #192	@ 0xc0
10009336:	4a46      	ldr	r2, [pc, #280]	@ (10009450 <cyw43_ll_bus_init+0x8c0>)
10009338:	015b      	lsls	r3, r3, #5
1000933a:	2101      	movs	r1, #1
1000933c:	0020      	movs	r0, r4
1000933e:	f7fe fb07 	bl	10007950 <cyw43_write_reg_u8>
10009342:	23c0      	movs	r3, #192	@ 0xc0
10009344:	68a2      	ldr	r2, [r4, #8]
10009346:	055b      	lsls	r3, r3, #21
10009348:	4053      	eors	r3, r2
1000934a:	e51a      	b.n	10008d82 <cyw43_ll_bus_init+0x1f2>
1000934c:	4841      	ldr	r0, [pc, #260]	@ (10009454 <cyw43_ll_bus_init+0x8c4>)
1000934e:	f7fa ff57 	bl	10004200 <__wrap_puts>
10009352:	e73a      	b.n	100091ca <cyw43_ll_bus_init+0x63a>
10009354:	2301      	movs	r3, #1
10009356:	b2c0      	uxtb	r0, r0
10009358:	4303      	orrs	r3, r0
1000935a:	2101      	movs	r1, #1
1000935c:	0020      	movs	r0, r4
1000935e:	4a3e      	ldr	r2, [pc, #248]	@ (10009458 <cyw43_ll_bus_init+0x8c8>)
10009360:	f7fe faf6 	bl	10007950 <cyw43_write_reg_u8>
10009364:	e672      	b.n	1000904c <cyw43_ll_bus_init+0x4bc>
10009366:	b283      	uxth	r3, r0
10009368:	2204      	movs	r2, #4
1000936a:	2100      	movs	r1, #0
1000936c:	0020      	movs	r0, r4
1000936e:	f7fe f9e5 	bl	1000773c <cyw43_write_reg_u16>
10009372:	e684      	b.n	1000907e <cyw43_ll_bus_init+0x4ee>
10009374:	4642      	mov	r2, r8
10009376:	4643      	mov	r3, r8
10009378:	6cd2      	ldr	r2, [r2, #76]	@ 0x4c
1000937a:	334c      	adds	r3, #76	@ 0x4c
1000937c:	9206      	str	r2, [sp, #24]
1000937e:	889b      	ldrh	r3, [r3, #4]
10009380:	ae06      	add	r6, sp, #24
10009382:	af04      	add	r7, sp, #16
10009384:	0039      	movs	r1, r7
10009386:	0020      	movs	r0, r4
10009388:	80b3      	strh	r3, [r6, #4]
1000938a:	f7ff fbc5 	bl	10008b18 <cyw43_ll_wifi_get_mac>
1000938e:	2800      	cmp	r0, #0
10009390:	d109      	bne.n	100093a6 <cyw43_ll_bus_init+0x816>
10009392:	9a04      	ldr	r2, [sp, #16]
10009394:	9b06      	ldr	r3, [sp, #24]
10009396:	429a      	cmp	r2, r3
10009398:	d000      	beq.n	1000939c <cyw43_ll_bus_init+0x80c>
1000939a:	e421      	b.n	10008be0 <cyw43_ll_bus_init+0x50>
1000939c:	88ba      	ldrh	r2, [r7, #4]
1000939e:	88b3      	ldrh	r3, [r6, #4]
100093a0:	429a      	cmp	r2, r3
100093a2:	d000      	beq.n	100093a6 <cyw43_ll_bus_init+0x816>
100093a4:	e41c      	b.n	10008be0 <cyw43_ll_bus_init+0x50>
100093a6:	0039      	movs	r1, r7
100093a8:	2000      	movs	r0, #0
100093aa:	f000 fe01 	bl	10009fb0 <cyw43_hal_generate_laa_mac>
100093ae:	e719      	b.n	100091e4 <cyw43_ll_bus_init+0x654>
100093b0:	23c0      	movs	r3, #192	@ 0xc0
100093b2:	4a27      	ldr	r2, [pc, #156]	@ (10009450 <cyw43_ll_bus_init+0x8c0>)
100093b4:	015b      	lsls	r3, r3, #5
100093b6:	2101      	movs	r1, #1
100093b8:	0020      	movs	r0, r4
100093ba:	f7fe fac9 	bl	10007950 <cyw43_write_reg_u8>
100093be:	23c0      	movs	r3, #192	@ 0xc0
100093c0:	68a2      	ldr	r2, [r4, #8]
100093c2:	055b      	lsls	r3, r3, #21
100093c4:	4053      	eors	r3, r2
100093c6:	e687      	b.n	100090d8 <cyw43_ll_bus_init+0x548>
100093c8:	2318      	movs	r3, #24
100093ca:	2101      	movs	r1, #1
100093cc:	0020      	movs	r0, r4
100093ce:	4a1e      	ldr	r2, [pc, #120]	@ (10009448 <cyw43_ll_bus_init+0x8b8>)
100093d0:	f7fe fabe 	bl	10007950 <cyw43_write_reg_u8>
100093d4:	68a3      	ldr	r3, [r4, #8]
100093d6:	4073      	eors	r3, r6
100093d8:	e679      	b.n	100090ce <cyw43_ll_bus_init+0x53e>
100093da:	23c0      	movs	r3, #192	@ 0xc0
100093dc:	2101      	movs	r1, #1
100093de:	0020      	movs	r0, r4
100093e0:	4a1a      	ldr	r2, [pc, #104]	@ (1000944c <cyw43_ll_bus_init+0x8bc>)
100093e2:	035b      	lsls	r3, r3, #13
100093e4:	f7fe fab4 	bl	10007950 <cyw43_write_reg_u8>
100093e8:	e67b      	b.n	100090e2 <cyw43_ll_bus_init+0x552>
100093ea:	23c0      	movs	r3, #192	@ 0xc0
100093ec:	2101      	movs	r1, #1
100093ee:	0020      	movs	r0, r4
100093f0:	4a16      	ldr	r2, [pc, #88]	@ (1000944c <cyw43_ll_bus_init+0x8bc>)
100093f2:	035b      	lsls	r3, r3, #13
100093f4:	f7fe faac 	bl	10007950 <cyw43_write_reg_u8>
100093f8:	e656      	b.n	100090a8 <cyw43_ll_bus_init+0x518>
100093fa:	23c0      	movs	r3, #192	@ 0xc0
100093fc:	4a14      	ldr	r2, [pc, #80]	@ (10009450 <cyw43_ll_bus_init+0x8c0>)
100093fe:	015b      	lsls	r3, r3, #5
10009400:	2101      	movs	r1, #1
10009402:	0020      	movs	r0, r4
10009404:	f7fe faa4 	bl	10007950 <cyw43_write_reg_u8>
10009408:	23c0      	movs	r3, #192	@ 0xc0
1000940a:	68a2      	ldr	r2, [r4, #8]
1000940c:	055b      	lsls	r3, r3, #21
1000940e:	4053      	eors	r3, r2
10009410:	e645      	b.n	1000909e <cyw43_ll_bus_init+0x50e>
10009412:	2318      	movs	r3, #24
10009414:	2101      	movs	r1, #1
10009416:	0020      	movs	r0, r4
10009418:	4a0b      	ldr	r2, [pc, #44]	@ (10009448 <cyw43_ll_bus_init+0x8b8>)
1000941a:	f7fe fa99 	bl	10007950 <cyw43_write_reg_u8>
1000941e:	68a3      	ldr	r3, [r4, #8]
10009420:	4073      	eors	r3, r6
10009422:	e637      	b.n	10009094 <cyw43_ll_bus_init+0x504>
10009424:	480d      	ldr	r0, [pc, #52]	@ (1000945c <cyw43_ll_bus_init+0x8cc>)
10009426:	f7fa feeb 	bl	10004200 <__wrap_puts>
1000942a:	f7ff fbd7 	bl	10008bdc <cyw43_ll_bus_init+0x4c>
1000942e:	480c      	ldr	r0, [pc, #48]	@ (10009460 <cyw43_ll_bus_init+0x8d0>)
10009430:	f7fa fee6 	bl	10004200 <__wrap_puts>
10009434:	f7ff fbd2 	bl	10008bdc <cyw43_ll_bus_init+0x4c>
10009438:	480a      	ldr	r0, [pc, #40]	@ (10009464 <cyw43_ll_bus_init+0x8d4>)
1000943a:	f7fa fee1 	bl	10004200 <__wrap_puts>
1000943e:	e463      	b.n	10008d08 <cyw43_ll_bus_init+0x178>
10009440:	4808      	ldr	r0, [pc, #32]	@ (10009464 <cyw43_ll_bus_init+0x8d4>)
10009442:	f7fa fedd 	bl	10004200 <__wrap_puts>
10009446:	e4a7      	b.n	10008d98 <cyw43_ll_bus_init+0x208>
10009448:	0001000c 	.word	0x0001000c
1000944c:	0001000a 	.word	0x0001000a
10009450:	0001000b 	.word	0x0001000b
10009454:	1000ad78 	.word	0x1000ad78
10009458:	0001001f 	.word	0x0001001f
1000945c:	1000ad48 	.word	0x1000ad48
10009460:	1000ad60 	.word	0x1000ad60
10009464:	1000ac44 	.word	0x1000ac44

10009468 <cyw43_ll_wifi_set_wpa_auth>:
10009468:	2204      	movs	r2, #4
1000946a:	b510      	push	{r4, lr}
1000946c:	8a03      	ldrh	r3, [r0, #16]
1000946e:	b082      	sub	sp, #8
10009470:	3301      	adds	r3, #1
10009472:	b29b      	uxth	r3, r3
10009474:	6442      	str	r2, [r0, #68]	@ 0x44
10009476:	8203      	strh	r3, [r0, #16]
10009478:	6382      	str	r2, [r0, #56]	@ 0x38
1000947a:	041b      	lsls	r3, r3, #16
1000947c:	3a02      	subs	r2, #2
1000947e:	4313      	orrs	r3, r2
10009480:	63c3      	str	r3, [r0, #60]	@ 0x3c
10009482:	2300      	movs	r3, #0
10009484:	21a5      	movs	r1, #165	@ 0xa5
10009486:	6403      	str	r3, [r0, #64]	@ 0x40
10009488:	0003      	movs	r3, r0
1000948a:	6341      	str	r1, [r0, #52]	@ 0x34
1000948c:	3328      	adds	r3, #40	@ 0x28
1000948e:	2100      	movs	r1, #0
10009490:	3212      	adds	r2, #18
10009492:	0004      	movs	r4, r0
10009494:	f7fe fe38 	bl	10008108 <cyw43_sdpcm_send_common>
10009498:	2800      	cmp	r0, #0
1000949a:	d108      	bne.n	100094ae <cyw43_ll_wifi_set_wpa_auth+0x46>
1000949c:	0023      	movs	r3, r4
1000949e:	3344      	adds	r3, #68	@ 0x44
100094a0:	9300      	str	r3, [sp, #0]
100094a2:	22a5      	movs	r2, #165	@ 0xa5
100094a4:	2304      	movs	r3, #4
100094a6:	2102      	movs	r1, #2
100094a8:	0020      	movs	r0, r4
100094aa:	f7fe feab 	bl	10008204 <cyw43_do_ioctl.part.0>
100094ae:	b002      	add	sp, #8
100094b0:	bd10      	pop	{r4, pc}
100094b2:	46c0      	nop			@ (mov r8, r8)

100094b4 <cyw43_ll_wifi_rejoin>:
100094b4:	221a      	movs	r2, #26
100094b6:	b530      	push	{r4, r5, lr}
100094b8:	4b13      	ldr	r3, [pc, #76]	@ (10009508 <cyw43_ll_wifi_rejoin+0x54>)
100094ba:	b083      	sub	sp, #12
100094bc:	18c5      	adds	r5, r0, r3
100094be:	8a03      	ldrh	r3, [r0, #16]
100094c0:	6342      	str	r2, [r0, #52]	@ 0x34
100094c2:	3301      	adds	r3, #1
100094c4:	b29b      	uxth	r3, r3
100094c6:	320a      	adds	r2, #10
100094c8:	8203      	strh	r3, [r0, #16]
100094ca:	6382      	str	r2, [r0, #56]	@ 0x38
100094cc:	041b      	lsls	r3, r3, #16
100094ce:	3a22      	subs	r2, #34	@ 0x22
100094d0:	4313      	orrs	r3, r2
100094d2:	63c3      	str	r3, [r0, #60]	@ 0x3c
100094d4:	2300      	movs	r3, #0
100094d6:	0004      	movs	r4, r0
100094d8:	6403      	str	r3, [r0, #64]	@ 0x40
100094da:	0029      	movs	r1, r5
100094dc:	3222      	adds	r2, #34	@ 0x22
100094de:	3044      	adds	r0, #68	@ 0x44
100094e0:	f7f9 f87c 	bl	100025dc <__wrap___aeabi_memcpy>
100094e4:	0023      	movs	r3, r4
100094e6:	2234      	movs	r2, #52	@ 0x34
100094e8:	2100      	movs	r1, #0
100094ea:	0020      	movs	r0, r4
100094ec:	3328      	adds	r3, #40	@ 0x28
100094ee:	f7fe fe0b 	bl	10008108 <cyw43_sdpcm_send_common>
100094f2:	2800      	cmp	r0, #0
100094f4:	d106      	bne.n	10009504 <cyw43_ll_wifi_rejoin+0x50>
100094f6:	2324      	movs	r3, #36	@ 0x24
100094f8:	221a      	movs	r2, #26
100094fa:	2102      	movs	r1, #2
100094fc:	0020      	movs	r0, r4
100094fe:	9500      	str	r5, [sp, #0]
10009500:	f7fe fe80 	bl	10008204 <cyw43_do_ioctl.part.0>
10009504:	b003      	add	sp, #12
10009506:	bd30      	pop	{r4, r5, pc}
10009508:	00000828 	.word	0x00000828

1000950c <cyw43_ll_gpio_set>:
1000950c:	b5f0      	push	{r4, r5, r6, r7, lr}
1000950e:	0004      	movs	r4, r0
10009510:	b083      	sub	sp, #12
10009512:	2902      	cmp	r1, #2
10009514:	d83f      	bhi.n	10009596 <cyw43_ll_gpio_set+0x8a>
10009516:	0006      	movs	r6, r0
10009518:	1e53      	subs	r3, r2, #1
1000951a:	419a      	sbcs	r2, r3
1000951c:	2701      	movs	r7, #1
1000951e:	3644      	adds	r6, #68	@ 0x44
10009520:	408f      	lsls	r7, r1
10009522:	4255      	negs	r5, r2
10009524:	491d      	ldr	r1, [pc, #116]	@ (1000959c <cyw43_ll_gpio_set+0x90>)
10009526:	2208      	movs	r2, #8
10009528:	0030      	movs	r0, r6
1000952a:	f7f9 f857 	bl	100025dc <__wrap___aeabi_memcpy>
1000952e:	234c      	movs	r3, #76	@ 0x4c
10009530:	2200      	movs	r2, #0
10009532:	2110      	movs	r1, #16
10009534:	b2ff      	uxtb	r7, r7
10009536:	54e7      	strb	r7, [r4, r3]
10009538:	3301      	adds	r3, #1
1000953a:	54e2      	strb	r2, [r4, r3]
1000953c:	3301      	adds	r3, #1
1000953e:	54e2      	strb	r2, [r4, r3]
10009540:	3301      	adds	r3, #1
10009542:	54e2      	strb	r2, [r4, r3]
10009544:	403d      	ands	r5, r7
10009546:	3301      	adds	r3, #1
10009548:	54e5      	strb	r5, [r4, r3]
1000954a:	3301      	adds	r3, #1
1000954c:	54e2      	strb	r2, [r4, r3]
1000954e:	3301      	adds	r3, #1
10009550:	54e2      	strb	r2, [r4, r3]
10009552:	3301      	adds	r3, #1
10009554:	54e2      	strb	r2, [r4, r3]
10009556:	8a23      	ldrh	r3, [r4, #16]
10009558:	63a1      	str	r1, [r4, #56]	@ 0x38
1000955a:	3301      	adds	r3, #1
1000955c:	b29b      	uxth	r3, r3
1000955e:	390e      	subs	r1, #14
10009560:	8223      	strh	r3, [r4, #16]
10009562:	041b      	lsls	r3, r3, #16
10009564:	430b      	orrs	r3, r1
10009566:	2508      	movs	r5, #8
10009568:	63e3      	str	r3, [r4, #60]	@ 0x3c
1000956a:	0023      	movs	r3, r4
1000956c:	35ff      	adds	r5, #255	@ 0xff
1000956e:	6422      	str	r2, [r4, #64]	@ 0x40
10009570:	2100      	movs	r1, #0
10009572:	0020      	movs	r0, r4
10009574:	6365      	str	r5, [r4, #52]	@ 0x34
10009576:	3328      	adds	r3, #40	@ 0x28
10009578:	3220      	adds	r2, #32
1000957a:	f7fe fdc5 	bl	10008108 <cyw43_sdpcm_send_common>
1000957e:	2800      	cmp	r0, #0
10009580:	d106      	bne.n	10009590 <cyw43_ll_gpio_set+0x84>
10009582:	2310      	movs	r3, #16
10009584:	002a      	movs	r2, r5
10009586:	2102      	movs	r1, #2
10009588:	0020      	movs	r0, r4
1000958a:	9600      	str	r6, [sp, #0]
1000958c:	f7fe fe3a 	bl	10008204 <cyw43_do_ioctl.part.0>
10009590:	2000      	movs	r0, #0
10009592:	b003      	add	sp, #12
10009594:	bdf0      	pop	{r4, r5, r6, r7, pc}
10009596:	2001      	movs	r0, #1
10009598:	4240      	negs	r0, r0
1000959a:	e7fa      	b.n	10009592 <cyw43_ll_gpio_set+0x86>
1000959c:	1000ada0 	.word	0x1000ada0

100095a0 <cyw43_ll_has_work>:
100095a0:	b510      	push	{r4, lr}
100095a2:	6800      	ldr	r0, [r0, #0]
100095a4:	f000 f8e4 	bl	10009770 <cyw43_cb_read_host_interrupt_pin>
100095a8:	3801      	subs	r0, #1
100095aa:	4243      	negs	r3, r0
100095ac:	4158      	adcs	r0, r3
100095ae:	b2c0      	uxtb	r0, r0
100095b0:	bd10      	pop	{r4, pc}
100095b2:	46c0      	nop			@ (mov r8, r8)

100095b4 <cyw43_poll_func>:
100095b4:	b510      	push	{r4, lr}
100095b6:	4b28      	ldr	r3, [pc, #160]	@ (10009658 <cyw43_poll_func+0xa4>)
100095b8:	b082      	sub	sp, #8
100095ba:	681b      	ldr	r3, [r3, #0]
100095bc:	2b00      	cmp	r3, #0
100095be:	d017      	beq.n	100095f0 <cyw43_poll_func+0x3c>
100095c0:	4c26      	ldr	r4, [pc, #152]	@ (1000965c <cyw43_poll_func+0xa8>)
100095c2:	0020      	movs	r0, r4
100095c4:	f7ff ffec 	bl	100095a0 <cyw43_ll_has_work>
100095c8:	2800      	cmp	r0, #0
100095ca:	d13c      	bne.n	10009646 <cyw43_poll_func+0x92>
100095cc:	4b24      	ldr	r3, [pc, #144]	@ (10009660 <cyw43_poll_func+0xac>)
100095ce:	5ce2      	ldrb	r2, [r4, r3]
100095d0:	2a00      	cmp	r2, #0
100095d2:	d12b      	bne.n	1000962c <cyw43_poll_func+0x78>
100095d4:	4b23      	ldr	r3, [pc, #140]	@ (10009664 <cyw43_poll_func+0xb0>)
100095d6:	5ce2      	ldrb	r2, [r4, r3]
100095d8:	2a00      	cmp	r2, #0
100095da:	d11d      	bne.n	10009618 <cyw43_poll_func+0x64>
100095dc:	4b22      	ldr	r3, [pc, #136]	@ (10009668 <cyw43_poll_func+0xb4>)
100095de:	5ce2      	ldrb	r2, [r4, r3]
100095e0:	2a00      	cmp	r2, #0
100095e2:	d10c      	bne.n	100095fe <cyw43_poll_func+0x4a>
100095e4:	4b21      	ldr	r3, [pc, #132]	@ (1000966c <cyw43_poll_func+0xb8>)
100095e6:	681b      	ldr	r3, [r3, #0]
100095e8:	2b00      	cmp	r3, #0
100095ea:	d003      	beq.n	100095f4 <cyw43_poll_func+0x40>
100095ec:	f000 fc8a 	bl	10009f04 <cyw43_post_poll_hook>
100095f0:	b002      	add	sp, #8
100095f2:	bd10      	pop	{r4, pc}
100095f4:	2101      	movs	r1, #1
100095f6:	0020      	movs	r0, r4
100095f8:	f7ff fa74 	bl	10008ae4 <cyw43_ll_bus_sleep>
100095fc:	e7f6      	b.n	100095ec <cyw43_poll_func+0x38>
100095fe:	2200      	movs	r2, #0
10009600:	0020      	movs	r0, r4
10009602:	54e2      	strb	r2, [r4, r3]
10009604:	f7ff ff56 	bl	100094b4 <cyw43_ll_wifi_rejoin>
10009608:	2201      	movs	r2, #1
1000960a:	4b19      	ldr	r3, [pc, #100]	@ (10009670 <cyw43_poll_func+0xbc>)
1000960c:	50e2      	str	r2, [r4, r3]
1000960e:	4b17      	ldr	r3, [pc, #92]	@ (1000966c <cyw43_poll_func+0xb8>)
10009610:	681b      	ldr	r3, [r3, #0]
10009612:	2b00      	cmp	r3, #0
10009614:	d1ea      	bne.n	100095ec <cyw43_poll_func+0x38>
10009616:	e7ed      	b.n	100095f4 <cyw43_poll_func+0x40>
10009618:	2200      	movs	r2, #0
1000961a:	0020      	movs	r0, r4
1000961c:	54e2      	strb	r2, [r4, r3]
1000961e:	f7ff ff23 	bl	10009468 <cyw43_ll_wifi_set_wpa_auth>
10009622:	4b11      	ldr	r3, [pc, #68]	@ (10009668 <cyw43_poll_func+0xb4>)
10009624:	5ce2      	ldrb	r2, [r4, r3]
10009626:	2a00      	cmp	r2, #0
10009628:	d0dc      	beq.n	100095e4 <cyw43_poll_func+0x30>
1000962a:	e7e8      	b.n	100095fe <cyw43_poll_func+0x4a>
1000962c:	2200      	movs	r2, #0
1000962e:	2169      	movs	r1, #105	@ 0x69
10009630:	54e2      	strb	r2, [r4, r3]
10009632:	0020      	movs	r0, r4
10009634:	2300      	movs	r3, #0
10009636:	9200      	str	r2, [sp, #0]
10009638:	f7ff fa14 	bl	10008a64 <cyw43_ll_ioctl>
1000963c:	4b09      	ldr	r3, [pc, #36]	@ (10009664 <cyw43_poll_func+0xb0>)
1000963e:	5ce2      	ldrb	r2, [r4, r3]
10009640:	2a00      	cmp	r2, #0
10009642:	d0cb      	beq.n	100095dc <cyw43_poll_func+0x28>
10009644:	e7e8      	b.n	10009618 <cyw43_poll_func+0x64>
10009646:	0020      	movs	r0, r4
10009648:	f7ff f9e2 	bl	10008a10 <cyw43_ll_process_packets>
1000964c:	4b04      	ldr	r3, [pc, #16]	@ (10009660 <cyw43_poll_func+0xac>)
1000964e:	5ce2      	ldrb	r2, [r4, r3]
10009650:	2a00      	cmp	r2, #0
10009652:	d0bf      	beq.n	100095d4 <cyw43_poll_func+0x20>
10009654:	e7ea      	b.n	1000962c <cyw43_poll_func+0x78>
10009656:	46c0      	nop			@ (mov r8, r8)
10009658:	20001df4 	.word	0x20001df4
1000965c:	20001dfc 	.word	0x20001dfc
10009660:	00000869 	.word	0x00000869
10009664:	0000086b 	.word	0x0000086b
10009668:	0000086a 	.word	0x0000086a
1000966c:	20001df8 	.word	0x20001df8
10009670:	0000085c 	.word	0x0000085c

10009674 <cyw43_init>:
10009674:	b570      	push	{r4, r5, r6, lr}
10009676:	2380      	movs	r3, #128	@ 0x80
10009678:	25d0      	movs	r5, #208	@ 0xd0
1000967a:	2680      	movs	r6, #128	@ 0x80
1000967c:	0004      	movs	r4, r0
1000967e:	062d      	lsls	r5, r5, #24
10009680:	045b      	lsls	r3, r3, #17
10009682:	62ab      	str	r3, [r5, #40]	@ 0x28
10009684:	0436      	lsls	r6, r6, #16
10009686:	2200      	movs	r2, #0
10009688:	2100      	movs	r1, #0
1000968a:	2018      	movs	r0, #24
1000968c:	f7f6 ff02 	bl	10000494 <gpio_set_pulls>
10009690:	626e      	str	r6, [r5, #36]	@ 0x24
10009692:	2200      	movs	r2, #0
10009694:	2100      	movs	r1, #0
10009696:	2017      	movs	r0, #23
10009698:	f7f6 fefc 	bl	10000494 <gpio_set_pulls>
1000969c:	61ae      	str	r6, [r5, #24]
1000969e:	0021      	movs	r1, r4
100096a0:	0020      	movs	r0, r4
100096a2:	f7ff f9a3 	bl	100089ec <cyw43_ll_init>
100096a6:	2285      	movs	r2, #133	@ 0x85
100096a8:	2300      	movs	r3, #0
100096aa:	2103      	movs	r1, #3
100096ac:	0112      	lsls	r2, r2, #4
100096ae:	54a3      	strb	r3, [r4, r2]
100096b0:	4a06      	ldr	r2, [pc, #24]	@ (100096cc <cyw43_init+0x58>)
100096b2:	50a3      	str	r3, [r4, r2]
100096b4:	4a06      	ldr	r2, [pc, #24]	@ (100096d0 <cyw43_init+0x5c>)
100096b6:	50a3      	str	r3, [r4, r2]
100096b8:	3214      	adds	r2, #20
100096ba:	52a1      	strh	r1, [r4, r2]
100096bc:	4a05      	ldr	r2, [pc, #20]	@ (100096d4 <cyw43_init+0x60>)
100096be:	54a3      	strb	r3, [r4, r2]
100096c0:	4a05      	ldr	r2, [pc, #20]	@ (100096d8 <cyw43_init+0x64>)
100096c2:	6013      	str	r3, [r2, #0]
100096c4:	2201      	movs	r2, #1
100096c6:	4b05      	ldr	r3, [pc, #20]	@ (100096dc <cyw43_init+0x68>)
100096c8:	50e2      	str	r2, [r4, r3]
100096ca:	bd70      	pop	{r4, r5, r6, pc}
100096cc:	00000858 	.word	0x00000858
100096d0:	0000085c 	.word	0x0000085c
100096d4:	00000872 	.word	0x00000872
100096d8:	20001df4 	.word	0x20001df4
100096dc:	00000868 	.word	0x00000868

100096e0 <cyw43_deinit>:
100096e0:	b5f8      	push	{r3, r4, r5, r6, r7, lr}
100096e2:	0004      	movs	r4, r0
100096e4:	f000 fc78 	bl	10009fd8 <cyw43_thread_enter>
100096e8:	4e1c      	ldr	r6, [pc, #112]	@ (1000975c <cyw43_deinit+0x7c>)
100096ea:	6833      	ldr	r3, [r6, #0]
100096ec:	2b00      	cmp	r3, #0
100096ee:	d032      	beq.n	10009756 <cyw43_deinit+0x76>
100096f0:	2100      	movs	r1, #0
100096f2:	0020      	movs	r0, r4
100096f4:	f000 fcd4 	bl	1000a0a0 <cyw43_cb_tcpip_deinit>
100096f8:	2101      	movs	r1, #1
100096fa:	0020      	movs	r0, r4
100096fc:	f000 fcd0 	bl	1000a0a0 <cyw43_cb_tcpip_deinit>
10009700:	0020      	movs	r0, r4
10009702:	f7ff f981 	bl	10008a08 <cyw43_ll_deinit>
10009706:	25d0      	movs	r5, #208	@ 0xd0
10009708:	2380      	movs	r3, #128	@ 0x80
1000970a:	2780      	movs	r7, #128	@ 0x80
1000970c:	045b      	lsls	r3, r3, #17
1000970e:	062d      	lsls	r5, r5, #24
10009710:	62ab      	str	r3, [r5, #40]	@ 0x28
10009712:	2200      	movs	r2, #0
10009714:	2100      	movs	r1, #0
10009716:	2018      	movs	r0, #24
10009718:	043f      	lsls	r7, r7, #16
1000971a:	f7f6 febb 	bl	10000494 <gpio_set_pulls>
1000971e:	2200      	movs	r2, #0
10009720:	2100      	movs	r1, #0
10009722:	2017      	movs	r0, #23
10009724:	626f      	str	r7, [r5, #36]	@ 0x24
10009726:	f7f6 feb5 	bl	10000494 <gpio_set_pulls>
1000972a:	0021      	movs	r1, r4
1000972c:	0020      	movs	r0, r4
1000972e:	61af      	str	r7, [r5, #24]
10009730:	f7ff f95c 	bl	100089ec <cyw43_ll_init>
10009734:	2285      	movs	r2, #133	@ 0x85
10009736:	2300      	movs	r3, #0
10009738:	2103      	movs	r1, #3
1000973a:	0112      	lsls	r2, r2, #4
1000973c:	54a3      	strb	r3, [r4, r2]
1000973e:	4a08      	ldr	r2, [pc, #32]	@ (10009760 <cyw43_deinit+0x80>)
10009740:	6033      	str	r3, [r6, #0]
10009742:	50a3      	str	r3, [r4, r2]
10009744:	4a07      	ldr	r2, [pc, #28]	@ (10009764 <cyw43_deinit+0x84>)
10009746:	50a3      	str	r3, [r4, r2]
10009748:	3214      	adds	r2, #20
1000974a:	52a1      	strh	r1, [r4, r2]
1000974c:	4a06      	ldr	r2, [pc, #24]	@ (10009768 <cyw43_deinit+0x88>)
1000974e:	54a3      	strb	r3, [r4, r2]
10009750:	2201      	movs	r2, #1
10009752:	4b06      	ldr	r3, [pc, #24]	@ (1000976c <cyw43_deinit+0x8c>)
10009754:	50e2      	str	r2, [r4, r3]
10009756:	f000 fc49 	bl	10009fec <cyw43_thread_exit>
1000975a:	bdf8      	pop	{r3, r4, r5, r6, r7, pc}
1000975c:	20001df4 	.word	0x20001df4
10009760:	00000858 	.word	0x00000858
10009764:	0000085c 	.word	0x0000085c
10009768:	00000872 	.word	0x00000872
1000976c:	00000868 	.word	0x00000868

10009770 <cyw43_cb_read_host_interrupt_pin>:
10009770:	23d0      	movs	r3, #208	@ 0xd0
10009772:	061b      	lsls	r3, r3, #24
10009774:	6858      	ldr	r0, [r3, #4]
10009776:	01c0      	lsls	r0, r0, #7
10009778:	0fc0      	lsrs	r0, r0, #31
1000977a:	4770      	bx	lr

1000977c <cyw43_cb_ensure_awake>:
1000977c:	2232      	movs	r2, #50	@ 0x32
1000977e:	4b01      	ldr	r3, [pc, #4]	@ (10009784 <cyw43_cb_ensure_awake+0x8>)
10009780:	601a      	str	r2, [r3, #0]
10009782:	4770      	bx	lr
10009784:	20001df8 	.word	0x20001df8

10009788 <cyw43_cb_process_async_event>:
10009788:	4b75      	ldr	r3, [pc, #468]	@ (10009960 <cyw43_cb_process_async_event+0x1d8>)
1000978a:	b570      	push	{r4, r5, r6, lr}
1000978c:	58c3      	ldr	r3, [r0, r3]
1000978e:	0005      	movs	r5, r0
10009790:	000c      	movs	r4, r1
10009792:	07db      	lsls	r3, r3, #31
10009794:	d412      	bmi.n	100097bc <cyw43_cb_process_async_event+0x34>
10009796:	6863      	ldr	r3, [r4, #4]
10009798:	2b45      	cmp	r3, #69	@ 0x45
1000979a:	d005      	beq.n	100097a8 <cyw43_cb_process_async_event+0x20>
1000979c:	2b31      	cmp	r3, #49	@ 0x31
1000979e:	d807      	bhi.n	100097b0 <cyw43_cb_process_async_event+0x28>
100097a0:	4a70      	ldr	r2, [pc, #448]	@ (10009964 <cyw43_cb_process_async_event+0x1dc>)
100097a2:	009b      	lsls	r3, r3, #2
100097a4:	58d3      	ldr	r3, [r2, r3]
100097a6:	469f      	mov	pc, r3
100097a8:	4a6f      	ldr	r2, [pc, #444]	@ (10009968 <cyw43_cb_process_async_event+0x1e0>)
100097aa:	58ab      	ldr	r3, [r5, r2]
100097ac:	2b01      	cmp	r3, #1
100097ae:	d038      	beq.n	10009822 <cyw43_cb_process_async_event+0x9a>
100097b0:	4b6e      	ldr	r3, [pc, #440]	@ (1000996c <cyw43_cb_process_async_event+0x1e4>)
100097b2:	58eb      	ldr	r3, [r5, r3]
100097b4:	4a6e      	ldr	r2, [pc, #440]	@ (10009970 <cyw43_cb_process_async_event+0x1e8>)
100097b6:	4293      	cmp	r3, r2
100097b8:	d025      	beq.n	10009806 <cyw43_cb_process_async_event+0x7e>
100097ba:	bd70      	pop	{r4, r5, r6, pc}
100097bc:	f7f7 ffd0 	bl	10001760 <time_us_64>
100097c0:	2900      	cmp	r1, #0
100097c2:	d028      	beq.n	10009816 <cyw43_cb_process_async_event+0x8e>
100097c4:	22fa      	movs	r2, #250	@ 0xfa
100097c6:	2300      	movs	r3, #0
100097c8:	0092      	lsls	r2, r2, #2
100097ca:	f7f8 fb6f 	bl	10001eac <__wrap___aeabi_uldivmod>
100097ce:	0001      	movs	r1, r0
100097d0:	4b68      	ldr	r3, [pc, #416]	@ (10009974 <cyw43_cb_process_async_event+0x1ec>)
100097d2:	8862      	ldrh	r2, [r4, #2]
100097d4:	0018      	movs	r0, r3
100097d6:	f7fa fd97 	bl	10004308 <__wrap_printf>
100097da:	6861      	ldr	r1, [r4, #4]
100097dc:	2958      	cmp	r1, #88	@ 0x58
100097de:	d900      	bls.n	100097e2 <cyw43_cb_process_async_event+0x5a>
100097e0:	e08f      	b.n	10009902 <cyw43_cb_process_async_event+0x17a>
100097e2:	4b65      	ldr	r3, [pc, #404]	@ (10009978 <cyw43_cb_process_async_event+0x1f0>)
100097e4:	008a      	lsls	r2, r1, #2
100097e6:	58d3      	ldr	r3, [r2, r3]
100097e8:	2b00      	cmp	r3, #0
100097ea:	d100      	bne.n	100097ee <cyw43_cb_process_async_event+0x66>
100097ec:	e089      	b.n	10009902 <cyw43_cb_process_async_event+0x17a>
100097ee:	0019      	movs	r1, r3
100097f0:	4862      	ldr	r0, [pc, #392]	@ (1000997c <cyw43_cb_process_async_event+0x1f4>)
100097f2:	f7fa fd89 	bl	10004308 <__wrap_printf>
100097f6:	232e      	movs	r3, #46	@ 0x2e
100097f8:	68e2      	ldr	r2, [r4, #12]
100097fa:	5ce3      	ldrb	r3, [r4, r3]
100097fc:	68a1      	ldr	r1, [r4, #8]
100097fe:	4860      	ldr	r0, [pc, #384]	@ (10009980 <cyw43_cb_process_async_event+0x1f8>)
10009800:	f7fa fd82 	bl	10004308 <__wrap_printf>
10009804:	e7c7      	b.n	10009796 <cyw43_cb_process_async_event+0xe>
10009806:	2201      	movs	r2, #1
10009808:	4b58      	ldr	r3, [pc, #352]	@ (1000996c <cyw43_cb_process_async_event+0x1e4>)
1000980a:	2100      	movs	r1, #0
1000980c:	0028      	movs	r0, r5
1000980e:	50ea      	str	r2, [r5, r3]
10009810:	f000 fc48 	bl	1000a0a4 <cyw43_cb_tcpip_set_link_up>
10009814:	e7d1      	b.n	100097ba <cyw43_cb_process_async_event+0x32>
10009816:	21fa      	movs	r1, #250	@ 0xfa
10009818:	0089      	lsls	r1, r1, #2
1000981a:	f7f8 fb09 	bl	10001e30 <__wrap___aeabi_uidiv>
1000981e:	0001      	movs	r1, r0
10009820:	e7d6      	b.n	100097d0 <cyw43_cb_process_async_event+0x48>
10009822:	68a1      	ldr	r1, [r4, #8]
10009824:	2908      	cmp	r1, #8
10009826:	d077      	beq.n	10009918 <cyw43_cb_process_async_event+0x190>
10009828:	4b50      	ldr	r3, [pc, #320]	@ (1000996c <cyw43_cb_process_async_event+0x1e4>)
1000982a:	58eb      	ldr	r3, [r5, r3]
1000982c:	2900      	cmp	r1, #0
1000982e:	d1c1      	bne.n	100097b4 <cyw43_cb_process_async_event+0x2c>
10009830:	3102      	adds	r1, #2
10009832:	50a9      	str	r1, [r5, r2]
10009834:	e7be      	b.n	100097b4 <cyw43_cb_process_async_event+0x2c>
10009836:	2201      	movs	r2, #1
10009838:	4b52      	ldr	r3, [pc, #328]	@ (10009984 <cyw43_cb_process_async_event+0x1fc>)
1000983a:	4853      	ldr	r0, [pc, #332]	@ (10009988 <cyw43_cb_process_async_event+0x200>)
1000983c:	52ea      	strh	r2, [r5, r3]
1000983e:	f000 fb69 	bl	10009f14 <cyw43_schedule_internal_poll_dispatch>
10009842:	e7b5      	b.n	100097b0 <cyw43_cb_process_async_event+0x28>
10009844:	68a3      	ldr	r3, [r4, #8]
10009846:	2b06      	cmp	r3, #6
10009848:	d071      	beq.n	1000992e <cyw43_cb_process_async_event+0x1a6>
1000984a:	2b04      	cmp	r3, #4
1000984c:	d003      	beq.n	10009856 <cyw43_cb_process_async_event+0xce>
1000984e:	2202      	movs	r2, #2
10009850:	4393      	bics	r3, r2
10009852:	2b08      	cmp	r3, #8
10009854:	d15c      	bne.n	10009910 <cyw43_cb_process_async_event+0x188>
10009856:	68e3      	ldr	r3, [r4, #12]
10009858:	2b0f      	cmp	r3, #15
1000985a:	d159      	bne.n	10009910 <cyw43_cb_process_async_event+0x188>
1000985c:	4b49      	ldr	r3, [pc, #292]	@ (10009984 <cyw43_cb_process_async_event+0x1fc>)
1000985e:	e02b      	b.n	100098b8 <cyw43_cb_process_async_event+0x130>
10009860:	68a3      	ldr	r3, [r4, #8]
10009862:	2b00      	cmp	r3, #0
10009864:	d1a4      	bne.n	100097b0 <cyw43_cb_process_async_event+0x28>
10009866:	68e3      	ldr	r3, [r4, #12]
10009868:	2b08      	cmp	r3, #8
1000986a:	d1a1      	bne.n	100097b0 <cyw43_cb_process_async_event+0x28>
1000986c:	2202      	movs	r2, #2
1000986e:	4b45      	ldr	r3, [pc, #276]	@ (10009984 <cyw43_cb_process_async_event+0x1fc>)
10009870:	32ff      	adds	r2, #255	@ 0xff
10009872:	e7e2      	b.n	1000983a <cyw43_cb_process_async_event+0xb2>
10009874:	68a3      	ldr	r3, [r4, #8]
10009876:	2b00      	cmp	r3, #0
10009878:	d19a      	bne.n	100097b0 <cyw43_cb_process_async_event+0x28>
1000987a:	332e      	adds	r3, #46	@ 0x2e
1000987c:	5ce1      	ldrb	r1, [r4, r3]
1000987e:	8863      	ldrh	r3, [r4, #2]
10009880:	07db      	lsls	r3, r3, #31
10009882:	d561      	bpl.n	10009948 <cyw43_cb_process_async_event+0x1c0>
10009884:	2900      	cmp	r1, #0
10009886:	d165      	bne.n	10009954 <cyw43_cb_process_async_event+0x1cc>
10009888:	2380      	movs	r3, #128	@ 0x80
1000988a:	4a38      	ldr	r2, [pc, #224]	@ (1000996c <cyw43_cb_process_async_event+0x1e4>)
1000988c:	00db      	lsls	r3, r3, #3
1000988e:	58a9      	ldr	r1, [r5, r2]
10009890:	430b      	orrs	r3, r1
10009892:	50ab      	str	r3, [r5, r2]
10009894:	e78e      	b.n	100097b4 <cyw43_cb_process_async_event+0x2c>
10009896:	2100      	movs	r1, #0
10009898:	0028      	movs	r0, r5
1000989a:	f000 fc09 	bl	1000a0b0 <cyw43_cb_tcpip_set_link_down>
1000989e:	2200      	movs	r2, #0
100098a0:	4b32      	ldr	r3, [pc, #200]	@ (1000996c <cyw43_cb_process_async_event+0x1e4>)
100098a2:	50ea      	str	r2, [r5, r3]
100098a4:	e789      	b.n	100097ba <cyw43_cb_process_async_event+0x32>
100098a6:	68a3      	ldr	r3, [r4, #8]
100098a8:	2b00      	cmp	r3, #0
100098aa:	d000      	beq.n	100098ae <cyw43_cb_process_async_event+0x126>
100098ac:	e780      	b.n	100097b0 <cyw43_cb_process_async_event+0x28>
100098ae:	68e3      	ldr	r3, [r4, #12]
100098b0:	2b02      	cmp	r3, #2
100098b2:	d000      	beq.n	100098b6 <cyw43_cb_process_async_event+0x12e>
100098b4:	e77c      	b.n	100097b0 <cyw43_cb_process_async_event+0x28>
100098b6:	4b35      	ldr	r3, [pc, #212]	@ (1000998c <cyw43_cb_process_async_event+0x204>)
100098b8:	2201      	movs	r2, #1
100098ba:	4833      	ldr	r0, [pc, #204]	@ (10009988 <cyw43_cb_process_async_event+0x200>)
100098bc:	54ea      	strb	r2, [r5, r3]
100098be:	f000 fb29 	bl	10009f14 <cyw43_schedule_internal_poll_dispatch>
100098c2:	4b2a      	ldr	r3, [pc, #168]	@ (1000996c <cyw43_cb_process_async_event+0x1e4>)
100098c4:	58eb      	ldr	r3, [r5, r3]
100098c6:	e775      	b.n	100097b4 <cyw43_cb_process_async_event+0x2c>
100098c8:	68a3      	ldr	r3, [r4, #8]
100098ca:	2b00      	cmp	r3, #0
100098cc:	d11d      	bne.n	1000990a <cyw43_cb_process_async_event+0x182>
100098ce:	4b27      	ldr	r3, [pc, #156]	@ (1000996c <cyw43_cb_process_async_event+0x1e4>)
100098d0:	58ea      	ldr	r2, [r5, r3]
100098d2:	230f      	movs	r3, #15
100098d4:	0019      	movs	r1, r3
100098d6:	4011      	ands	r1, r2
100098d8:	2904      	cmp	r1, #4
100098da:	d102      	bne.n	100098e2 <cyw43_cb_process_async_event+0x15a>
100098dc:	439a      	bics	r2, r3
100098de:	3b0e      	subs	r3, #14
100098e0:	431a      	orrs	r2, r3
100098e2:	2380      	movs	r3, #128	@ 0x80
100098e4:	009b      	lsls	r3, r3, #2
100098e6:	4313      	orrs	r3, r2
100098e8:	4a20      	ldr	r2, [pc, #128]	@ (1000996c <cyw43_cb_process_async_event+0x1e4>)
100098ea:	50ab      	str	r3, [r5, r2]
100098ec:	e762      	b.n	100097b4 <cyw43_cb_process_async_event+0x2c>
100098ee:	68a3      	ldr	r3, [r4, #8]
100098f0:	2b00      	cmp	r3, #0
100098f2:	d100      	bne.n	100098f6 <cyw43_cb_process_async_event+0x16e>
100098f4:	e75c      	b.n	100097b0 <cyw43_cb_process_async_event+0x28>
100098f6:	2b03      	cmp	r3, #3
100098f8:	d020      	beq.n	1000993c <cyw43_cb_process_async_event+0x1b4>
100098fa:	2202      	movs	r2, #2
100098fc:	4b1b      	ldr	r3, [pc, #108]	@ (1000996c <cyw43_cb_process_async_event+0x1e4>)
100098fe:	50ea      	str	r2, [r5, r3]
10009900:	e75b      	b.n	100097ba <cyw43_cb_process_async_event+0x32>
10009902:	4823      	ldr	r0, [pc, #140]	@ (10009990 <cyw43_cb_process_async_event+0x208>)
10009904:	f7fa fd00 	bl	10004308 <__wrap_printf>
10009908:	e775      	b.n	100097f6 <cyw43_cb_process_async_event+0x6e>
1000990a:	2b06      	cmp	r3, #6
1000990c:	d100      	bne.n	10009910 <cyw43_cb_process_async_event+0x188>
1000990e:	e74f      	b.n	100097b0 <cyw43_cb_process_async_event+0x28>
10009910:	2204      	movs	r2, #4
10009912:	4b16      	ldr	r3, [pc, #88]	@ (1000996c <cyw43_cb_process_async_event+0x1e4>)
10009914:	50ea      	str	r2, [r5, r3]
10009916:	e750      	b.n	100097ba <cyw43_cb_process_async_event+0x32>
10009918:	2386      	movs	r3, #134	@ 0x86
1000991a:	0021      	movs	r1, r4
1000991c:	011b      	lsls	r3, r3, #4
1000991e:	58e8      	ldr	r0, [r5, r3]
10009920:	4b1c      	ldr	r3, [pc, #112]	@ (10009994 <cyw43_cb_process_async_event+0x20c>)
10009922:	3130      	adds	r1, #48	@ 0x30
10009924:	58eb      	ldr	r3, [r5, r3]
10009926:	4798      	blx	r3
10009928:	4b10      	ldr	r3, [pc, #64]	@ (1000996c <cyw43_cb_process_async_event+0x1e4>)
1000992a:	58eb      	ldr	r3, [r5, r3]
1000992c:	e742      	b.n	100097b4 <cyw43_cb_process_async_event+0x2c>
1000992e:	2380      	movs	r3, #128	@ 0x80
10009930:	4a0e      	ldr	r2, [pc, #56]	@ (1000996c <cyw43_cb_process_async_event+0x1e4>)
10009932:	011b      	lsls	r3, r3, #4
10009934:	58a9      	ldr	r1, [r5, r2]
10009936:	430b      	orrs	r3, r1
10009938:	50ab      	str	r3, [r5, r2]
1000993a:	e73b      	b.n	100097b4 <cyw43_cb_process_async_event+0x2c>
1000993c:	68e2      	ldr	r2, [r4, #12]
1000993e:	2a00      	cmp	r2, #0
10009940:	d1db      	bne.n	100098fa <cyw43_cb_process_async_event+0x172>
10009942:	4a0a      	ldr	r2, [pc, #40]	@ (1000996c <cyw43_cb_process_async_event+0x1e4>)
10009944:	50ab      	str	r3, [r5, r2]
10009946:	e738      	b.n	100097ba <cyw43_cb_process_async_event+0x32>
10009948:	0028      	movs	r0, r5
1000994a:	f000 fbb1 	bl	1000a0b0 <cyw43_cb_tcpip_set_link_down>
1000994e:	4b07      	ldr	r3, [pc, #28]	@ (1000996c <cyw43_cb_process_async_event+0x1e4>)
10009950:	58eb      	ldr	r3, [r5, r3]
10009952:	e72f      	b.n	100097b4 <cyw43_cb_process_async_event+0x2c>
10009954:	0028      	movs	r0, r5
10009956:	f000 fba5 	bl	1000a0a4 <cyw43_cb_tcpip_set_link_up>
1000995a:	4b04      	ldr	r3, [pc, #16]	@ (1000996c <cyw43_cb_process_async_event+0x1e4>)
1000995c:	58eb      	ldr	r3, [r5, r3]
1000995e:	e729      	b.n	100097b4 <cyw43_cb_process_async_event+0x2c>
10009960:	00000854 	.word	0x00000854
10009964:	100426ec 	.word	0x100426ec
10009968:	00000858 	.word	0x00000858
1000996c:	0000085c 	.word	0x0000085c
10009970:	00000e01 	.word	0x00000e01
10009974:	1000ada8 	.word	0x1000ada8
10009978:	100427b4 	.word	0x100427b4
1000997c:	1000adbc 	.word	0x1000adbc
10009980:	1000adc4 	.word	0x1000adc4
10009984:	0000086a 	.word	0x0000086a
10009988:	100095b5 	.word	0x100095b5
1000998c:	00000869 	.word	0x00000869
10009990:	1000adc0 	.word	0x1000adc0
10009994:	00000864 	.word	0x00000864

10009998 <cyw43_gpio_set>:
10009998:	b5f8      	push	{r3, r4, r5, r6, r7, lr}
1000999a:	4647      	mov	r7, r8
1000999c:	46ce      	mov	lr, r9
1000999e:	0004      	movs	r4, r0
100099a0:	b580      	push	{r7, lr}
100099a2:	000e      	movs	r6, r1
100099a4:	0017      	movs	r7, r2
100099a6:	f000 fb17 	bl	10009fd8 <cyw43_thread_enter>
100099aa:	4b20      	ldr	r3, [pc, #128]	@ (10009a2c <cyw43_gpio_set+0x94>)
100099ac:	2100      	movs	r1, #0
100099ae:	681d      	ldr	r5, [r3, #0]
100099b0:	4698      	mov	r8, r3
100099b2:	0020      	movs	r0, r4
100099b4:	2d00      	cmp	r5, #0
100099b6:	d00e      	beq.n	100099d6 <cyw43_gpio_set+0x3e>
100099b8:	f7ff f894 	bl	10008ae4 <cyw43_ll_bus_sleep>
100099bc:	003a      	movs	r2, r7
100099be:	0031      	movs	r1, r6
100099c0:	0020      	movs	r0, r4
100099c2:	f7ff fda3 	bl	1000950c <cyw43_ll_gpio_set>
100099c6:	0005      	movs	r5, r0
100099c8:	f000 fb10 	bl	10009fec <cyw43_thread_exit>
100099cc:	0028      	movs	r0, r5
100099ce:	bcc0      	pop	{r6, r7}
100099d0:	46b9      	mov	r9, r7
100099d2:	46b0      	mov	r8, r6
100099d4:	bdf8      	pop	{r3, r4, r5, r6, r7, pc}
100099d6:	f000 fb63 	bl	1000a0a0 <cyw43_cb_tcpip_deinit>
100099da:	2101      	movs	r1, #1
100099dc:	0020      	movs	r0, r4
100099de:	f000 fb5f 	bl	1000a0a0 <cyw43_cb_tcpip_deinit>
100099e2:	2385      	movs	r3, #133	@ 0x85
100099e4:	011b      	lsls	r3, r3, #4
100099e6:	54e5      	strb	r5, [r4, r3]
100099e8:	2380      	movs	r3, #128	@ 0x80
100099ea:	25d0      	movs	r5, #208	@ 0xd0
100099ec:	041b      	lsls	r3, r3, #16
100099ee:	4699      	mov	r9, r3
100099f0:	062d      	lsls	r5, r5, #24
100099f2:	61ab      	str	r3, [r5, #24]
100099f4:	2014      	movs	r0, #20
100099f6:	f000 fb31 	bl	1000a05c <cyw43_delay_ms>
100099fa:	464b      	mov	r3, r9
100099fc:	2032      	movs	r0, #50	@ 0x32
100099fe:	616b      	str	r3, [r5, #20]
10009a00:	f000 fb2c 	bl	1000a05c <cyw43_delay_ms>
10009a04:	2100      	movs	r1, #0
10009a06:	0020      	movs	r0, r4
10009a08:	f7ff f8c2 	bl	10008b90 <cyw43_ll_bus_init>
10009a0c:	1e05      	subs	r5, r0, #0
10009a0e:	d1db      	bne.n	100099c8 <cyw43_gpio_set+0x30>
10009a10:	4b07      	ldr	r3, [pc, #28]	@ (10009a30 <cyw43_gpio_set+0x98>)
10009a12:	0020      	movs	r0, r4
10009a14:	18e1      	adds	r1, r4, r3
10009a16:	f7ff f87f 	bl	10008b18 <cyw43_ll_wifi_get_mac>
10009a1a:	2232      	movs	r2, #50	@ 0x32
10009a1c:	4b05      	ldr	r3, [pc, #20]	@ (10009a34 <cyw43_gpio_set+0x9c>)
10009a1e:	4806      	ldr	r0, [pc, #24]	@ (10009a38 <cyw43_gpio_set+0xa0>)
10009a20:	601a      	str	r2, [r3, #0]
10009a22:	4643      	mov	r3, r8
10009a24:	6018      	str	r0, [r3, #0]
10009a26:	f000 fa75 	bl	10009f14 <cyw43_schedule_internal_poll_dispatch>
10009a2a:	e7c7      	b.n	100099bc <cyw43_gpio_set+0x24>
10009a2c:	20001df4 	.word	0x20001df4
10009a30:	000008d3 	.word	0x000008d3
10009a34:	20001df8 	.word	0x20001df8
10009a38:	100095b5 	.word	0x100095b5

10009a3c <pio_sm_set_pindirs_with_mask64>:
10009a3c:	b5f0      	push	{r4, r5, r6, r7, lr}
10009a3e:	46de      	mov	lr, fp
10009a40:	4657      	mov	r7, sl
10009a42:	464e      	mov	r6, r9
10009a44:	4645      	mov	r5, r8
10009a46:	b5e0      	push	{r5, r6, r7, lr}
10009a48:	0016      	movs	r6, r2
10009a4a:	22dc      	movs	r2, #220	@ 0xdc
10009a4c:	4692      	mov	sl, r2
10009a4e:	b085      	sub	sp, #20
10009a50:	004b      	lsls	r3, r1, #1
10009a52:	9302      	str	r3, [sp, #8]
10009a54:	185b      	adds	r3, r3, r1
10009a56:	00db      	lsls	r3, r3, #3
10009a58:	18c5      	adds	r5, r0, r3
10009a5a:	44aa      	add	sl, r5
10009a5c:	4652      	mov	r2, sl
10009a5e:	4683      	mov	fp, r0
10009a60:	0028      	movs	r0, r5
10009a62:	6812      	ldr	r2, [r2, #0]
10009a64:	30cc      	adds	r0, #204	@ 0xcc
10009a66:	9200      	str	r2, [sp, #0]
10009a68:	6802      	ldr	r2, [r0, #0]
10009a6a:	002b      	movs	r3, r5
10009a6c:	9201      	str	r2, [sp, #4]
10009a6e:	4a1c      	ldr	r2, [pc, #112]	@ (10009ae0 <pio_sm_set_pindirs_with_mask64+0xa4>)
10009a70:	2080      	movs	r0, #128	@ 0x80
10009a72:	4694      	mov	ip, r2
10009a74:	9c0e      	ldr	r4, [sp, #56]	@ 0x38
10009a76:	4463      	add	r3, ip
10009a78:	0280      	lsls	r0, r0, #10
10009a7a:	6018      	str	r0, [r3, #0]
10009a7c:	2c00      	cmp	r4, #0
10009a7e:	d01c      	beq.n	10009aba <pio_sm_set_pindirs_with_mask64+0x7e>
10009a80:	2380      	movs	r3, #128	@ 0x80
10009a82:	04db      	lsls	r3, r3, #19
10009a84:	4699      	mov	r9, r3
10009a86:	2301      	movs	r3, #1
10009a88:	4698      	mov	r8, r3
10009a8a:	0033      	movs	r3, r6
10009a8c:	35d8      	adds	r5, #216	@ 0xd8
10009a8e:	002e      	movs	r6, r5
10009a90:	4655      	mov	r5, sl
10009a92:	469a      	mov	sl, r3
10009a94:	4f13      	ldr	r7, [pc, #76]	@ (10009ae4 <pio_sm_set_pindirs_with_mask64+0xa8>)
10009a96:	9103      	str	r1, [sp, #12]
10009a98:	0020      	movs	r0, r4
10009a9a:	f7f8 f99b 	bl	10001dd4 <__wrap___ctzsi2>
10009a9e:	464a      	mov	r2, r9
10009aa0:	0143      	lsls	r3, r0, #5
10009aa2:	4313      	orrs	r3, r2
10009aa4:	602b      	str	r3, [r5, #0]
10009aa6:	4653      	mov	r3, sl
10009aa8:	4642      	mov	r2, r8
10009aaa:	40c3      	lsrs	r3, r0
10009aac:	4013      	ands	r3, r2
10009aae:	433b      	orrs	r3, r7
10009ab0:	6033      	str	r3, [r6, #0]
10009ab2:	1e63      	subs	r3, r4, #1
10009ab4:	401c      	ands	r4, r3
10009ab6:	d1ef      	bne.n	10009a98 <pio_sm_set_pindirs_with_mask64+0x5c>
10009ab8:	9903      	ldr	r1, [sp, #12]
10009aba:	9b02      	ldr	r3, [sp, #8]
10009abc:	185b      	adds	r3, r3, r1
10009abe:	00db      	lsls	r3, r3, #3
10009ac0:	445b      	add	r3, fp
10009ac2:	001a      	movs	r2, r3
10009ac4:	9900      	ldr	r1, [sp, #0]
10009ac6:	32dc      	adds	r2, #220	@ 0xdc
10009ac8:	6011      	str	r1, [r2, #0]
10009aca:	9a01      	ldr	r2, [sp, #4]
10009acc:	33cc      	adds	r3, #204	@ 0xcc
10009ace:	601a      	str	r2, [r3, #0]
10009ad0:	b005      	add	sp, #20
10009ad2:	bcf0      	pop	{r4, r5, r6, r7}
10009ad4:	46bb      	mov	fp, r7
10009ad6:	46b2      	mov	sl, r6
10009ad8:	46a9      	mov	r9, r5
10009ada:	46a0      	mov	r8, r4
10009adc:	bdf0      	pop	{r4, r5, r6, r7, pc}
10009ade:	46c0      	nop			@ (mov r8, r8)
10009ae0:	000030cc 	.word	0x000030cc
10009ae4:	0000e080 	.word	0x0000e080

10009ae8 <pio_sm_set_consecutive_pindirs>:
10009ae8:	b5f0      	push	{r4, r5, r6, r7, lr}
10009aea:	464e      	mov	r6, r9
10009aec:	4645      	mov	r5, r8
10009aee:	46de      	mov	lr, fp
10009af0:	4657      	mov	r7, sl
10009af2:	b5e0      	push	{r5, r6, r7, lr}
10009af4:	b083      	sub	sp, #12
10009af6:	4689      	mov	r9, r1
10009af8:	a90c      	add	r1, sp, #48	@ 0x30
10009afa:	4684      	mov	ip, r0
10009afc:	780d      	ldrb	r5, [r1, #0]
10009afe:	2a1f      	cmp	r2, #31
10009b00:	d845      	bhi.n	10009b8e <pio_sm_set_consecutive_pindirs+0xa6>
10009b02:	4649      	mov	r1, r9
10009b04:	0049      	lsls	r1, r1, #1
10009b06:	4688      	mov	r8, r1
10009b08:	4449      	add	r1, r9
10009b0a:	00c9      	lsls	r1, r1, #3
10009b0c:	1846      	adds	r6, r0, r1
10009b0e:	0037      	movs	r7, r6
10009b10:	0034      	movs	r4, r6
10009b12:	37dc      	adds	r7, #220	@ 0xdc
10009b14:	6838      	ldr	r0, [r7, #0]
10009b16:	34cc      	adds	r4, #204	@ 0xcc
10009b18:	4683      	mov	fp, r0
10009b1a:	6820      	ldr	r0, [r4, #0]
10009b1c:	0031      	movs	r1, r6
10009b1e:	9001      	str	r0, [sp, #4]
10009b20:	481c      	ldr	r0, [pc, #112]	@ (10009b94 <pio_sm_set_consecutive_pindirs+0xac>)
10009b22:	2480      	movs	r4, #128	@ 0x80
10009b24:	4682      	mov	sl, r0
10009b26:	02a4      	lsls	r4, r4, #10
10009b28:	4451      	add	r1, sl
10009b2a:	600c      	str	r4, [r1, #0]
10009b2c:	4269      	negs	r1, r5
10009b2e:	414d      	adcs	r5, r1
10009b30:	211e      	movs	r1, #30
10009b32:	426d      	negs	r5, r5
10009b34:	438d      	bics	r5, r1
10009b36:	4918      	ldr	r1, [pc, #96]	@ (10009b98 <pio_sm_set_consecutive_pindirs+0xb0>)
10009b38:	468a      	mov	sl, r1
10009b3a:	4455      	add	r5, sl
10009b3c:	2b05      	cmp	r3, #5
10009b3e:	d90c      	bls.n	10009b5a <pio_sm_set_consecutive_pindirs+0x72>
10009b40:	20a0      	movs	r0, #160	@ 0xa0
10009b42:	211f      	movs	r1, #31
10009b44:	0540      	lsls	r0, r0, #21
10009b46:	36d8      	adds	r6, #216	@ 0xd8
10009b48:	0154      	lsls	r4, r2, #5
10009b4a:	4304      	orrs	r4, r0
10009b4c:	3205      	adds	r2, #5
10009b4e:	3b05      	subs	r3, #5
10009b50:	603c      	str	r4, [r7, #0]
10009b52:	400a      	ands	r2, r1
10009b54:	6035      	str	r5, [r6, #0]
10009b56:	2b05      	cmp	r3, #5
10009b58:	d8f6      	bhi.n	10009b48 <pio_sm_set_consecutive_pindirs+0x60>
10009b5a:	0152      	lsls	r2, r2, #5
10009b5c:	069b      	lsls	r3, r3, #26
10009b5e:	4313      	orrs	r3, r2
10009b60:	4642      	mov	r2, r8
10009b62:	444a      	add	r2, r9
10009b64:	00d2      	lsls	r2, r2, #3
10009b66:	4462      	add	r2, ip
10009b68:	0010      	movs	r0, r2
10009b6a:	32dc      	adds	r2, #220	@ 0xdc
10009b6c:	6013      	str	r3, [r2, #0]
10009b6e:	0003      	movs	r3, r0
10009b70:	33d8      	adds	r3, #216	@ 0xd8
10009b72:	601d      	str	r5, [r3, #0]
10009b74:	465b      	mov	r3, fp
10009b76:	6013      	str	r3, [r2, #0]
10009b78:	9b01      	ldr	r3, [sp, #4]
10009b7a:	30cc      	adds	r0, #204	@ 0xcc
10009b7c:	6003      	str	r3, [r0, #0]
10009b7e:	2000      	movs	r0, #0
10009b80:	b003      	add	sp, #12
10009b82:	bcf0      	pop	{r4, r5, r6, r7}
10009b84:	46bb      	mov	fp, r7
10009b86:	46b2      	mov	sl, r6
10009b88:	46a9      	mov	r9, r5
10009b8a:	46a0      	mov	r8, r4
10009b8c:	bdf0      	pop	{r4, r5, r6, r7, pc}
10009b8e:	2005      	movs	r0, #5
10009b90:	4240      	negs	r0, r0
10009b92:	e7f5      	b.n	10009b80 <pio_sm_set_consecutive_pindirs+0x98>
10009b94:	000030cc 	.word	0x000030cc
10009b98:	0000e09f 	.word	0x0000e09f

10009b9c <pio_claim_free_sm_and_add_program_for_gpio_range>:
10009b9c:	b5f0      	push	{r4, r5, r6, r7, lr}
10009b9e:	464e      	mov	r6, r9
10009ba0:	4645      	mov	r5, r8
10009ba2:	46de      	mov	lr, fp
10009ba4:	4657      	mov	r7, sl
10009ba6:	b5e0      	push	{r5, r6, r7, lr}
10009ba8:	4693      	mov	fp, r2
10009baa:	4a56      	ldr	r2, [pc, #344]	@ (10009d04 <pio_claim_free_sm_and_add_program_for_gpio_range+0x168>)
10009bac:	b089      	sub	sp, #36	@ 0x24
10009bae:	4690      	mov	r8, r2
10009bb0:	4a55      	ldr	r2, [pc, #340]	@ (10009d08 <pio_claim_free_sm_and_add_program_for_gpio_range+0x16c>)
10009bb2:	9302      	str	r3, [sp, #8]
10009bb4:	0006      	movs	r6, r0
10009bb6:	000c      	movs	r4, r1
10009bb8:	2502      	movs	r5, #2
10009bba:	2302      	movs	r3, #2
10009bbc:	4691      	mov	r9, r2
10009bbe:	4a53      	ldr	r2, [pc, #332]	@ (10009d0c <pio_claim_free_sm_and_add_program_for_gpio_range+0x170>)
10009bc0:	2100      	movs	r1, #0
10009bc2:	4694      	mov	ip, r2
10009bc4:	4463      	add	r3, ip
10009bc6:	4a52      	ldr	r2, [pc, #328]	@ (10009d10 <pio_claim_free_sm_and_add_program_for_gpio_range+0x174>)
10009bc8:	051b      	lsls	r3, r3, #20
10009bca:	6023      	str	r3, [r4, #0]
10009bcc:	0c9b      	lsrs	r3, r3, #18
10009bce:	189f      	adds	r7, r3, r2
10009bd0:	4a50      	ldr	r2, [pc, #320]	@ (10009d14 <pio_claim_free_sm_and_add_program_for_gpio_range+0x178>)
10009bd2:	4640      	mov	r0, r8
10009bd4:	4694      	mov	ip, r2
10009bd6:	464a      	mov	r2, r9
10009bd8:	4463      	add	r3, ip
10009bda:	9200      	str	r2, [sp, #0]
10009bdc:	003a      	movs	r2, r7
10009bde:	f7f6 fd55 	bl	1000068c <hw_claim_unused_from_range>
10009be2:	42b8      	cmp	r0, r7
10009be4:	db03      	blt.n	10009bee <pio_claim_free_sm_and_add_program_for_gpio_range+0x52>
10009be6:	1bc0      	subs	r0, r0, r7
10009be8:	b247      	sxtb	r7, r0
10009bea:	0600      	lsls	r0, r0, #24
10009bec:	d50e      	bpl.n	10009c0c <pio_claim_free_sm_and_add_program_for_gpio_range+0x70>
10009bee:	2301      	movs	r3, #1
10009bf0:	2d01      	cmp	r5, #1
10009bf2:	d109      	bne.n	10009c08 <pio_claim_free_sm_and_add_program_for_gpio_range+0x6c>
10009bf4:	2300      	movs	r3, #0
10009bf6:	2000      	movs	r0, #0
10009bf8:	6023      	str	r3, [r4, #0]
10009bfa:	b009      	add	sp, #36	@ 0x24
10009bfc:	bcf0      	pop	{r4, r5, r6, r7}
10009bfe:	46bb      	mov	fp, r7
10009c00:	46b2      	mov	sl, r6
10009c02:	46a9      	mov	r9, r5
10009c04:	46a0      	mov	r8, r4
10009c06:	bdf0      	pop	{r4, r5, r6, r7, pc}
10009c08:	2501      	movs	r5, #1
10009c0a:	e7d8      	b.n	10009bbe <pio_claim_free_sm_and_add_program_for_gpio_range+0x22>
10009c0c:	f7f6 fd06 	bl	1000061c <hw_claim_lock>
10009c10:	6823      	ldr	r3, [r4, #0]
10009c12:	2205      	movs	r2, #5
10009c14:	469a      	mov	sl, r3
10009c16:	4b40      	ldr	r3, [pc, #256]	@ (10009d18 <pio_claim_free_sm_and_add_program_for_gpio_range+0x17c>)
10009c18:	4940      	ldr	r1, [pc, #256]	@ (10009d1c <pio_claim_free_sm_and_add_program_for_gpio_range+0x180>)
10009c1a:	4453      	add	r3, sl
10009c1c:	0d1b      	lsrs	r3, r3, #20
10009c1e:	9004      	str	r0, [sp, #16]
10009c20:	009b      	lsls	r3, r3, #2
10009c22:	56b2      	ldrsb	r2, [r6, r2]
10009c24:	9106      	str	r1, [sp, #24]
10009c26:	9305      	str	r3, [sp, #20]
10009c28:	58cb      	ldr	r3, [r1, r3]
10009c2a:	2101      	movs	r1, #1
10009c2c:	7930      	ldrb	r0, [r6, #4]
10009c2e:	469c      	mov	ip, r3
10009c30:	4081      	lsls	r1, r0
10009c32:	1e4b      	subs	r3, r1, #1
10009c34:	9303      	str	r3, [sp, #12]
10009c36:	2320      	movs	r3, #32
10009c38:	1a1b      	subs	r3, r3, r0
10009c3a:	2a00      	cmp	r2, #0
10009c3c:	db3a      	blt.n	10009cb4 <pio_claim_free_sm_and_add_program_for_gpio_range+0x118>
10009c3e:	429a      	cmp	r2, r3
10009c40:	dc51      	bgt.n	10009ce6 <pio_claim_free_sm_and_add_program_for_gpio_range+0x14a>
10009c42:	9b03      	ldr	r3, [sp, #12]
10009c44:	4661      	mov	r1, ip
10009c46:	4093      	lsls	r3, r2
10009c48:	4219      	tst	r1, r3
10009c4a:	d14c      	bne.n	10009ce6 <pio_claim_free_sm_and_add_program_for_gpio_range+0x14a>
10009c4c:	6833      	ldr	r3, [r6, #0]
10009c4e:	9307      	str	r3, [sp, #28]
10009c50:	79b3      	ldrb	r3, [r6, #6]
10009c52:	2b00      	cmp	r3, #0
10009c54:	d147      	bne.n	10009ce6 <pio_claim_free_sm_and_add_program_for_gpio_range+0x14a>
10009c56:	9903      	ldr	r1, [sp, #12]
10009c58:	4663      	mov	r3, ip
10009c5a:	4091      	lsls	r1, r2
10009c5c:	400b      	ands	r3, r1
10009c5e:	9303      	str	r3, [sp, #12]
10009c60:	4663      	mov	r3, ip
10009c62:	4219      	tst	r1, r3
10009c64:	d13f      	bne.n	10009ce6 <pio_claim_free_sm_and_add_program_for_gpio_range+0x14a>
10009c66:	2680      	movs	r6, #128	@ 0x80
10009c68:	9b03      	ldr	r3, [sp, #12]
10009c6a:	01b6      	lsls	r6, r6, #6
10009c6c:	2800      	cmp	r0, #0
10009c6e:	d012      	beq.n	10009c96 <pio_claim_free_sm_and_add_program_for_gpio_range+0xfa>
10009c70:	4689      	mov	r9, r1
10009c72:	0001      	movs	r1, r0
10009c74:	4650      	mov	r0, sl
10009c76:	46b8      	mov	r8, r7
10009c78:	9f07      	ldr	r7, [sp, #28]
10009c7a:	005c      	lsls	r4, r3, #1
10009c7c:	5b3d      	ldrh	r5, [r7, r4]
10009c7e:	42b5      	cmp	r5, r6
10009c80:	d200      	bcs.n	10009c84 <pio_claim_free_sm_and_add_program_for_gpio_range+0xe8>
10009c82:	18ad      	adds	r5, r5, r2
10009c84:	189c      	adds	r4, r3, r2
10009c86:	3412      	adds	r4, #18
10009c88:	00a4      	lsls	r4, r4, #2
10009c8a:	3301      	adds	r3, #1
10009c8c:	5025      	str	r5, [r4, r0]
10009c8e:	4299      	cmp	r1, r3
10009c90:	d8f3      	bhi.n	10009c7a <pio_claim_free_sm_and_add_program_for_gpio_range+0xde>
10009c92:	4647      	mov	r7, r8
10009c94:	4649      	mov	r1, r9
10009c96:	4663      	mov	r3, ip
10009c98:	430b      	orrs	r3, r1
10009c9a:	0019      	movs	r1, r3
10009c9c:	9805      	ldr	r0, [sp, #20]
10009c9e:	9b06      	ldr	r3, [sp, #24]
10009ca0:	5019      	str	r1, [r3, r0]
10009ca2:	465b      	mov	r3, fp
10009ca4:	601f      	str	r7, [r3, #0]
10009ca6:	9b02      	ldr	r3, [sp, #8]
10009ca8:	9804      	ldr	r0, [sp, #16]
10009caa:	601a      	str	r2, [r3, #0]
10009cac:	f7f6 fcc2 	bl	10000634 <hw_claim_unlock>
10009cb0:	2001      	movs	r0, #1
10009cb2:	e7a2      	b.n	10009bfa <pio_claim_free_sm_and_add_program_for_gpio_range+0x5e>
10009cb4:	2b00      	cmp	r3, #0
10009cb6:	db16      	blt.n	10009ce6 <pio_claim_free_sm_and_add_program_for_gpio_range+0x14a>
10009cb8:	4652      	mov	r2, sl
10009cba:	9207      	str	r2, [sp, #28]
10009cbc:	9a03      	ldr	r2, [sp, #12]
10009cbe:	4661      	mov	r1, ip
10009cc0:	46a2      	mov	sl, r4
10009cc2:	4684      	mov	ip, r0
10009cc4:	0010      	movs	r0, r2
10009cc6:	e001      	b.n	10009ccc <pio_claim_free_sm_and_add_program_for_gpio_range+0x130>
10009cc8:	3b01      	subs	r3, #1
10009cca:	d30b      	bcc.n	10009ce4 <pio_claim_free_sm_and_add_program_for_gpio_range+0x148>
10009ccc:	0002      	movs	r2, r0
10009cce:	409a      	lsls	r2, r3
10009cd0:	4211      	tst	r1, r2
10009cd2:	d1f9      	bne.n	10009cc8 <pio_claim_free_sm_and_add_program_for_gpio_range+0x12c>
10009cd4:	001a      	movs	r2, r3
10009cd6:	9b07      	ldr	r3, [sp, #28]
10009cd8:	4654      	mov	r4, sl
10009cda:	9003      	str	r0, [sp, #12]
10009cdc:	469a      	mov	sl, r3
10009cde:	4660      	mov	r0, ip
10009ce0:	468c      	mov	ip, r1
10009ce2:	e7b3      	b.n	10009c4c <pio_claim_free_sm_and_add_program_for_gpio_range+0xb0>
10009ce4:	4654      	mov	r4, sl
10009ce6:	9804      	ldr	r0, [sp, #16]
10009ce8:	f7f6 fca4 	bl	10000634 <hw_claim_unlock>
10009cec:	4b0a      	ldr	r3, [pc, #40]	@ (10009d18 <pio_claim_free_sm_and_add_program_for_gpio_range+0x17c>)
10009cee:	6821      	ldr	r1, [r4, #0]
10009cf0:	469c      	mov	ip, r3
10009cf2:	4461      	add	r1, ip
10009cf4:	0d09      	lsrs	r1, r1, #20
10009cf6:	0089      	lsls	r1, r1, #2
10009cf8:	4640      	mov	r0, r8
10009cfa:	19c9      	adds	r1, r1, r7
10009cfc:	f7f6 fd0a 	bl	10000714 <hw_claim_clear>
10009d00:	e775      	b.n	10009bee <pio_claim_free_sm_and_add_program_for_gpio_range+0x52>
10009d02:	46c0      	nop			@ (mov r8, r8)
10009d04:	20001dc4 	.word	0x20001dc4
10009d08:	1000ae70 	.word	0x1000ae70
10009d0c:	00000501 	.word	0x00000501
10009d10:	ffffebf8 	.word	0xffffebf8
10009d14:	ffffebfb 	.word	0xffffebfb
10009d18:	afe00000 	.word	0xafe00000
10009d1c:	200019b4 	.word	0x200019b4

10009d20 <pio_remove_program_and_unclaim_sm>:
10009d20:	b570      	push	{r4, r5, r6, lr}
10009d22:	2501      	movs	r5, #1
10009d24:	0016      	movs	r6, r2
10009d26:	7902      	ldrb	r2, [r0, #4]
10009d28:	000c      	movs	r4, r1
10009d2a:	4095      	lsls	r5, r2
10009d2c:	3d01      	subs	r5, #1
10009d2e:	409d      	lsls	r5, r3
10009d30:	f7f6 fc74 	bl	1000061c <hw_claim_lock>
10009d34:	4b07      	ldr	r3, [pc, #28]	@ (10009d54 <pio_remove_program_and_unclaim_sm+0x34>)
10009d36:	4a08      	ldr	r2, [pc, #32]	@ (10009d58 <pio_remove_program_and_unclaim_sm+0x38>)
10009d38:	469c      	mov	ip, r3
10009d3a:	4464      	add	r4, ip
10009d3c:	0d24      	lsrs	r4, r4, #20
10009d3e:	00a4      	lsls	r4, r4, #2
10009d40:	58a3      	ldr	r3, [r4, r2]
10009d42:	43ab      	bics	r3, r5
10009d44:	50a3      	str	r3, [r4, r2]
10009d46:	f7f6 fc75 	bl	10000634 <hw_claim_unlock>
10009d4a:	19a1      	adds	r1, r4, r6
10009d4c:	4803      	ldr	r0, [pc, #12]	@ (10009d5c <pio_remove_program_and_unclaim_sm+0x3c>)
10009d4e:	f7f6 fce1 	bl	10000714 <hw_claim_clear>
10009d52:	bd70      	pop	{r4, r5, r6, pc}
10009d54:	afe00000 	.word	0xafe00000
10009d58:	200019b4 	.word	0x200019b4
10009d5c:	20001dc4 	.word	0x20001dc4

10009d60 <dma_channel_unclaim>:
10009d60:	b510      	push	{r4, lr}
10009d62:	4b03      	ldr	r3, [pc, #12]	@ (10009d70 <dma_channel_unclaim+0x10>)
10009d64:	0001      	movs	r1, r0
10009d66:	0018      	movs	r0, r3
10009d68:	f7f6 fcd4 	bl	10000714 <hw_claim_clear>
10009d6c:	bd10      	pop	{r4, pc}
10009d6e:	46c0      	nop			@ (mov r8, r8)
10009d70:	20002c62 	.word	0x20002c62

10009d74 <dma_claim_unused_channel>:
10009d74:	b510      	push	{r4, lr}
10009d76:	4b06      	ldr	r3, [pc, #24]	@ (10009d90 <dma_claim_unused_channel+0x1c>)
10009d78:	4c06      	ldr	r4, [pc, #24]	@ (10009d94 <dma_claim_unused_channel+0x20>)
10009d7a:	b082      	sub	sp, #8
10009d7c:	0001      	movs	r1, r0
10009d7e:	9300      	str	r3, [sp, #0]
10009d80:	2200      	movs	r2, #0
10009d82:	230b      	movs	r3, #11
10009d84:	0020      	movs	r0, r4
10009d86:	f7f6 fc81 	bl	1000068c <hw_claim_unused_from_range>
10009d8a:	b002      	add	sp, #8
10009d8c:	bd10      	pop	{r4, pc}
10009d8e:	46c0      	nop			@ (mov r8, r8)
10009d90:	1000ae94 	.word	0x1000ae94
10009d94:	20002c62 	.word	0x20002c62

10009d98 <dma_channel_cleanup>:
10009d98:	0003      	movs	r3, r0
10009d9a:	4911      	ldr	r1, [pc, #68]	@ (10009de0 <dma_channel_cleanup+0x48>)
10009d9c:	0182      	lsls	r2, r0, #6
10009d9e:	1851      	adds	r1, r2, r1
10009da0:	6808      	ldr	r0, [r1, #0]
10009da2:	02d9      	lsls	r1, r3, #11
10009da4:	4041      	eors	r1, r0
10009da6:	480f      	ldr	r0, [pc, #60]	@ (10009de4 <dma_channel_cleanup+0x4c>)
10009da8:	b510      	push	{r4, lr}
10009daa:	4001      	ands	r1, r0
10009dac:	480e      	ldr	r0, [pc, #56]	@ (10009de8 <dma_channel_cleanup+0x50>)
10009dae:	24a0      	movs	r4, #160	@ 0xa0
10009db0:	1810      	adds	r0, r2, r0
10009db2:	6001      	str	r1, [r0, #0]
10009db4:	2001      	movs	r0, #1
10009db6:	4098      	lsls	r0, r3
10009db8:	4b0c      	ldr	r3, [pc, #48]	@ (10009dec <dma_channel_cleanup+0x54>)
10009dba:	05e4      	lsls	r4, r4, #23
10009dbc:	6018      	str	r0, [r3, #0]
10009dbe:	4b0c      	ldr	r3, [pc, #48]	@ (10009df0 <dma_channel_cleanup+0x58>)
10009dc0:	2180      	movs	r1, #128	@ 0x80
10009dc2:	6018      	str	r0, [r3, #0]
10009dc4:	4b0b      	ldr	r3, [pc, #44]	@ (10009df4 <dma_channel_cleanup+0x5c>)
10009dc6:	0449      	lsls	r1, r1, #17
10009dc8:	50e0      	str	r0, [r4, r3]
10009dca:	4b0b      	ldr	r3, [pc, #44]	@ (10009df8 <dma_channel_cleanup+0x60>)
10009dcc:	469c      	mov	ip, r3
10009dce:	4462      	add	r2, ip
10009dd0:	6813      	ldr	r3, [r2, #0]
10009dd2:	420b      	tst	r3, r1
10009dd4:	d1fc      	bne.n	10009dd0 <dma_channel_cleanup+0x38>
10009dd6:	2380      	movs	r3, #128	@ 0x80
10009dd8:	00db      	lsls	r3, r3, #3
10009dda:	50e0      	str	r0, [r4, r3]
10009ddc:	bd10      	pop	{r4, pc}
10009dde:	46c0      	nop			@ (mov r8, r8)
10009de0:	50000010 	.word	0x50000010
10009de4:	00007801 	.word	0x00007801
10009de8:	50001010 	.word	0x50001010
10009dec:	50003404 	.word	0x50003404
10009df0:	50003414 	.word	0x50003414
10009df4:	00000444 	.word	0x00000444
10009df8:	5000000c 	.word	0x5000000c

10009dfc <cyw43_sleep_timeout_reached>:
10009dfc:	b510      	push	{r4, lr}
10009dfe:	6803      	ldr	r3, [r0, #0]
10009e00:	4901      	ldr	r1, [pc, #4]	@ (10009e08 <cyw43_sleep_timeout_reached+0xc>)
10009e02:	6a5b      	ldr	r3, [r3, #36]	@ 0x24
10009e04:	4798      	blx	r3
10009e06:	bd10      	pop	{r4, pc}
10009e08:	20001238 	.word	0x20001238

10009e0c <cyw43_irq_init>:
10009e0c:	2080      	movs	r0, #128	@ 0x80
10009e0e:	b510      	push	{r4, lr}
10009e10:	2240      	movs	r2, #64	@ 0x40
10009e12:	4907      	ldr	r1, [pc, #28]	@ (10009e30 <cyw43_irq_init+0x24>)
10009e14:	0440      	lsls	r0, r0, #17
10009e16:	f7f6 fb91 	bl	1000053c <gpio_add_raw_irq_handler_with_order_priority_masked>
10009e1a:	2201      	movs	r2, #1
10009e1c:	2102      	movs	r1, #2
10009e1e:	2018      	movs	r0, #24
10009e20:	f7f6 fb60 	bl	100004e4 <gpio_set_irq_enabled>
10009e24:	200d      	movs	r0, #13
10009e26:	2101      	movs	r1, #1
10009e28:	f7f6 fcce 	bl	100007c8 <irq_set_enabled>
10009e2c:	2000      	movs	r0, #0
10009e2e:	bd10      	pop	{r4, pc}
10009e30:	10009e55 	.word	0x10009e55

10009e34 <cyw43_irq_deinit>:
10009e34:	b510      	push	{r4, lr}
10009e36:	2200      	movs	r2, #0
10009e38:	2102      	movs	r1, #2
10009e3a:	2018      	movs	r0, #24
10009e3c:	f7f6 fb52 	bl	100004e4 <gpio_set_irq_enabled>
10009e40:	2080      	movs	r0, #128	@ 0x80
10009e42:	4903      	ldr	r1, [pc, #12]	@ (10009e50 <cyw43_irq_deinit+0x1c>)
10009e44:	0440      	lsls	r0, r0, #17
10009e46:	f7f6 fb9b 	bl	10000580 <gpio_remove_raw_irq_handler_masked>
10009e4a:	2000      	movs	r0, #0
10009e4c:	bd10      	pop	{r4, pc}
10009e4e:	46c0      	nop			@ (mov r8, r8)
10009e50:	10009e55 	.word	0x10009e55

10009e54 <cyw43_gpio_irq_handler>:
10009e54:	23d0      	movs	r3, #208	@ 0xd0
10009e56:	061b      	lsls	r3, r3, #24
10009e58:	681b      	ldr	r3, [r3, #0]
10009e5a:	b510      	push	{r4, lr}
10009e5c:	425a      	negs	r2, r3
10009e5e:	4153      	adcs	r3, r2
10009e60:	222f      	movs	r2, #47	@ 0x2f
10009e62:	425b      	negs	r3, r3
10009e64:	4393      	bics	r3, r2
10009e66:	4a09      	ldr	r2, [pc, #36]	@ (10009e8c <cyw43_gpio_irq_handler+0x38>)
10009e68:	4694      	mov	ip, r2
10009e6a:	4463      	add	r3, ip
10009e6c:	6adb      	ldr	r3, [r3, #44]	@ 0x2c
10009e6e:	079b      	lsls	r3, r3, #30
10009e70:	d400      	bmi.n	10009e74 <cyw43_gpio_irq_handler+0x20>
10009e72:	bd10      	pop	{r4, pc}
10009e74:	2200      	movs	r2, #0
10009e76:	2102      	movs	r1, #2
10009e78:	2018      	movs	r0, #24
10009e7a:	f7f6 fb33 	bl	100004e4 <gpio_set_irq_enabled>
10009e7e:	4b04      	ldr	r3, [pc, #16]	@ (10009e90 <cyw43_gpio_irq_handler+0x3c>)
10009e80:	4904      	ldr	r1, [pc, #16]	@ (10009e94 <cyw43_gpio_irq_handler+0x40>)
10009e82:	6818      	ldr	r0, [r3, #0]
10009e84:	6803      	ldr	r3, [r0, #0]
10009e86:	6a5b      	ldr	r3, [r3, #36]	@ 0x24
10009e88:	4798      	blx	r3
10009e8a:	e7f2      	b.n	10009e72 <cyw43_gpio_irq_handler+0x1e>
10009e8c:	40014130 	.word	0x40014130
10009e90:	20001df0 	.word	0x20001df0
10009e94:	20001238 	.word	0x20001238

10009e98 <cyw43_do_poll>:
10009e98:	4b15      	ldr	r3, [pc, #84]	@ (10009ef0 <cyw43_do_poll+0x58>)
10009e9a:	b570      	push	{r4, r5, r6, lr}
10009e9c:	681b      	ldr	r3, [r3, #0]
10009e9e:	0004      	movs	r4, r0
10009ea0:	2b00      	cmp	r3, #0
10009ea2:	d00e      	beq.n	10009ec2 <cyw43_do_poll+0x2a>
10009ea4:	4d13      	ldr	r5, [pc, #76]	@ (10009ef4 <cyw43_do_poll+0x5c>)
10009ea6:	682a      	ldr	r2, [r5, #0]
10009ea8:	2a00      	cmp	r2, #0
10009eaa:	d001      	beq.n	10009eb0 <cyw43_do_poll+0x18>
10009eac:	3a01      	subs	r2, #1
10009eae:	602a      	str	r2, [r5, #0]
10009eb0:	4798      	blx	r3
10009eb2:	682b      	ldr	r3, [r5, #0]
10009eb4:	2b00      	cmp	r3, #0
10009eb6:	d105      	bne.n	10009ec4 <cyw43_do_poll+0x2c>
10009eb8:	6823      	ldr	r3, [r4, #0]
10009eba:	0020      	movs	r0, r4
10009ebc:	490e      	ldr	r1, [pc, #56]	@ (10009ef8 <cyw43_do_poll+0x60>)
10009ebe:	699b      	ldr	r3, [r3, #24]
10009ec0:	4798      	blx	r3
10009ec2:	bd70      	pop	{r4, r5, r6, pc}
10009ec4:	f7f7 fc4c 	bl	10001760 <time_us_64>
10009ec8:	2300      	movs	r3, #0
10009eca:	4a0c      	ldr	r2, [pc, #48]	@ (10009efc <cyw43_do_poll+0x64>)
10009ecc:	4d0a      	ldr	r5, [pc, #40]	@ (10009ef8 <cyw43_do_poll+0x60>)
10009ece:	1880      	adds	r0, r0, r2
10009ed0:	4159      	adcs	r1, r3
10009ed2:	0002      	movs	r2, r0
10009ed4:	1e0b      	subs	r3, r1, #0
10009ed6:	da02      	bge.n	10009ede <cyw43_do_poll+0x46>
10009ed8:	2201      	movs	r2, #1
10009eda:	4b09      	ldr	r3, [pc, #36]	@ (10009f00 <cyw43_do_poll+0x68>)
10009edc:	4252      	negs	r2, r2
10009ede:	60eb      	str	r3, [r5, #12]
10009ee0:	6823      	ldr	r3, [r4, #0]
10009ee2:	0029      	movs	r1, r5
10009ee4:	0020      	movs	r0, r4
10009ee6:	695b      	ldr	r3, [r3, #20]
10009ee8:	60aa      	str	r2, [r5, #8]
10009eea:	4798      	blx	r3
10009eec:	e7e9      	b.n	10009ec2 <cyw43_do_poll+0x2a>
10009eee:	46c0      	nop			@ (mov r8, r8)
10009ef0:	20001df4 	.word	0x20001df4
10009ef4:	20001df8 	.word	0x20001df8
10009ef8:	20001248 	.word	0x20001248
10009efc:	0000c350 	.word	0x0000c350
10009f00:	7fffffff 	.word	0x7fffffff

10009f04 <cyw43_post_poll_hook>:
10009f04:	b510      	push	{r4, lr}
10009f06:	2201      	movs	r2, #1
10009f08:	2102      	movs	r1, #2
10009f0a:	2018      	movs	r0, #24
10009f0c:	f7f6 faea 	bl	100004e4 <gpio_set_irq_enabled>
10009f10:	bd10      	pop	{r4, pc}
10009f12:	46c0      	nop			@ (mov r8, r8)

10009f14 <cyw43_schedule_internal_poll_dispatch>:
10009f14:	4b03      	ldr	r3, [pc, #12]	@ (10009f24 <cyw43_schedule_internal_poll_dispatch+0x10>)
10009f16:	b510      	push	{r4, lr}
10009f18:	6818      	ldr	r0, [r3, #0]
10009f1a:	4903      	ldr	r1, [pc, #12]	@ (10009f28 <cyw43_schedule_internal_poll_dispatch+0x14>)
10009f1c:	6803      	ldr	r3, [r0, #0]
10009f1e:	6a5b      	ldr	r3, [r3, #36]	@ 0x24
10009f20:	4798      	blx	r3
10009f22:	bd10      	pop	{r4, pc}
10009f24:	20001df0 	.word	0x20001df0
10009f28:	20001238 	.word	0x20001238

10009f2c <cyw43_driver_init>:
10009f2c:	b510      	push	{r4, lr}
10009f2e:	0004      	movs	r4, r0
10009f30:	4808      	ldr	r0, [pc, #32]	@ (10009f54 <cyw43_driver_init+0x28>)
10009f32:	f7ff fb9f 	bl	10009674 <cyw43_init>
10009f36:	4b08      	ldr	r3, [pc, #32]	@ (10009f58 <cyw43_driver_init+0x2c>)
10009f38:	2200      	movs	r2, #0
10009f3a:	601c      	str	r4, [r3, #0]
10009f3c:	6823      	ldr	r3, [r4, #0]
10009f3e:	0020      	movs	r0, r4
10009f40:	4906      	ldr	r1, [pc, #24]	@ (10009f5c <cyw43_driver_init+0x30>)
10009f42:	691b      	ldr	r3, [r3, #16]
10009f44:	4798      	blx	r3
10009f46:	6823      	ldr	r3, [r4, #0]
10009f48:	0020      	movs	r0, r4
10009f4a:	4905      	ldr	r1, [pc, #20]	@ (10009f60 <cyw43_driver_init+0x34>)
10009f4c:	69db      	ldr	r3, [r3, #28]
10009f4e:	4798      	blx	r3
10009f50:	2001      	movs	r0, #1
10009f52:	bd10      	pop	{r4, pc}
10009f54:	20001dfc 	.word	0x20001dfc
10009f58:	20001df0 	.word	0x20001df0
10009f5c:	10009e0d 	.word	0x10009e0d
10009f60:	20001238 	.word	0x20001238

10009f64 <cyw43_driver_deinit>:
10009f64:	b570      	push	{r4, r5, r6, lr}
10009f66:	4d0d      	ldr	r5, [pc, #52]	@ (10009f9c <cyw43_driver_deinit+0x38>)
10009f68:	0004      	movs	r4, r0
10009f6a:	682b      	ldr	r3, [r5, #0]
10009f6c:	2b00      	cmp	r3, #0
10009f6e:	d013      	beq.n	10009f98 <cyw43_driver_deinit+0x34>
10009f70:	6803      	ldr	r3, [r0, #0]
10009f72:	490b      	ldr	r1, [pc, #44]	@ (10009fa0 <cyw43_driver_deinit+0x3c>)
10009f74:	699b      	ldr	r3, [r3, #24]
10009f76:	4798      	blx	r3
10009f78:	6823      	ldr	r3, [r4, #0]
10009f7a:	490a      	ldr	r1, [pc, #40]	@ (10009fa4 <cyw43_driver_deinit+0x40>)
10009f7c:	6a1b      	ldr	r3, [r3, #32]
10009f7e:	0020      	movs	r0, r4
10009f80:	4798      	blx	r3
10009f82:	6823      	ldr	r3, [r4, #0]
10009f84:	2200      	movs	r2, #0
10009f86:	691b      	ldr	r3, [r3, #16]
10009f88:	4907      	ldr	r1, [pc, #28]	@ (10009fa8 <cyw43_driver_deinit+0x44>)
10009f8a:	0020      	movs	r0, r4
10009f8c:	4798      	blx	r3
10009f8e:	4807      	ldr	r0, [pc, #28]	@ (10009fac <cyw43_driver_deinit+0x48>)
10009f90:	f7ff fba6 	bl	100096e0 <cyw43_deinit>
10009f94:	2300      	movs	r3, #0
10009f96:	602b      	str	r3, [r5, #0]
10009f98:	bd70      	pop	{r4, r5, r6, pc}
10009f9a:	46c0      	nop			@ (mov r8, r8)
10009f9c:	20001df0 	.word	0x20001df0
10009fa0:	20001248 	.word	0x20001248
10009fa4:	20001238 	.word	0x20001238
10009fa8:	10009e35 	.word	0x10009e35
10009fac:	20001dfc 	.word	0x20001dfc

10009fb0 <cyw43_hal_generate_laa_mac>:
10009fb0:	b510      	push	{r4, lr}
10009fb2:	b082      	sub	sp, #8
10009fb4:	4668      	mov	r0, sp
10009fb6:	000c      	movs	r4, r1
10009fb8:	f7fa fc88 	bl	100048cc <pico_get_unique_board_id>
10009fbc:	466b      	mov	r3, sp
10009fbe:	2206      	movs	r2, #6
10009fc0:	1c99      	adds	r1, r3, #2
10009fc2:	0020      	movs	r0, r4
10009fc4:	f7f8 fb0a 	bl	100025dc <__wrap___aeabi_memcpy>
10009fc8:	2201      	movs	r2, #1
10009fca:	7823      	ldrb	r3, [r4, #0]
10009fcc:	4393      	bics	r3, r2
10009fce:	2202      	movs	r2, #2
10009fd0:	4313      	orrs	r3, r2
10009fd2:	7023      	strb	r3, [r4, #0]
10009fd4:	b002      	add	sp, #8
10009fd6:	bd10      	pop	{r4, pc}

10009fd8 <cyw43_thread_enter>:
10009fd8:	4b03      	ldr	r3, [pc, #12]	@ (10009fe8 <cyw43_thread_enter+0x10>)
10009fda:	b510      	push	{r4, lr}
10009fdc:	6818      	ldr	r0, [r3, #0]
10009fde:	6803      	ldr	r3, [r0, #0]
10009fe0:	685b      	ldr	r3, [r3, #4]
10009fe2:	4798      	blx	r3
10009fe4:	bd10      	pop	{r4, pc}
10009fe6:	46c0      	nop			@ (mov r8, r8)
10009fe8:	20001df0 	.word	0x20001df0

10009fec <cyw43_thread_exit>:
10009fec:	4b03      	ldr	r3, [pc, #12]	@ (10009ffc <cyw43_thread_exit+0x10>)
10009fee:	b510      	push	{r4, lr}
10009ff0:	6818      	ldr	r0, [r3, #0]
10009ff2:	6803      	ldr	r3, [r0, #0]
10009ff4:	689b      	ldr	r3, [r3, #8]
10009ff6:	4798      	blx	r3
10009ff8:	bd10      	pop	{r4, pc}
10009ffa:	46c0      	nop			@ (mov r8, r8)
10009ffc:	20001df0 	.word	0x20001df0

1000a000 <cyw43_await_background_or_timeout_us>:
1000a000:	b570      	push	{r4, r5, r6, lr}
1000a002:	f3ef 8305 	mrs	r3, IPSR
1000a006:	4a13      	ldr	r2, [pc, #76]	@ (1000a054 <cyw43_await_background_or_timeout_us+0x54>)
1000a008:	0004      	movs	r4, r0
1000a00a:	2500      	movs	r5, #0
1000a00c:	6816      	ldr	r6, [r2, #0]
1000a00e:	2b00      	cmp	r3, #0
1000a010:	d110      	bne.n	1000a034 <cyw43_await_background_or_timeout_us+0x34>
1000a012:	f7f7 fba5 	bl	10001760 <time_us_64>
1000a016:	0002      	movs	r2, r0
1000a018:	000b      	movs	r3, r1
1000a01a:	1912      	adds	r2, r2, r4
1000a01c:	416b      	adcs	r3, r5
1000a01e:	2b00      	cmp	r3, #0
1000a020:	db04      	blt.n	1000a02c <cyw43_await_background_or_timeout_us+0x2c>
1000a022:	6831      	ldr	r1, [r6, #0]
1000a024:	0030      	movs	r0, r6
1000a026:	6b09      	ldr	r1, [r1, #48]	@ 0x30
1000a028:	4788      	blx	r1
1000a02a:	bd70      	pop	{r4, r5, r6, pc}
1000a02c:	2201      	movs	r2, #1
1000a02e:	4b0a      	ldr	r3, [pc, #40]	@ (1000a058 <cyw43_await_background_or_timeout_us+0x58>)
1000a030:	4252      	negs	r2, r2
1000a032:	e7f6      	b.n	1000a022 <cyw43_await_background_or_timeout_us+0x22>
1000a034:	f7f7 fb94 	bl	10001760 <time_us_64>
1000a038:	0002      	movs	r2, r0
1000a03a:	000b      	movs	r3, r1
1000a03c:	1912      	adds	r2, r2, r4
1000a03e:	416b      	adcs	r3, r5
1000a040:	2b00      	cmp	r3, #0
1000a042:	da02      	bge.n	1000a04a <cyw43_await_background_or_timeout_us+0x4a>
1000a044:	2201      	movs	r2, #1
1000a046:	4b04      	ldr	r3, [pc, #16]	@ (1000a058 <cyw43_await_background_or_timeout_us+0x58>)
1000a048:	4252      	negs	r2, r2
1000a04a:	6831      	ldr	r1, [r6, #0]
1000a04c:	0030      	movs	r0, r6
1000a04e:	6ac9      	ldr	r1, [r1, #44]	@ 0x2c
1000a050:	4788      	blx	r1
1000a052:	e7ea      	b.n	1000a02a <cyw43_await_background_or_timeout_us+0x2a>
1000a054:	20001df0 	.word	0x20001df0
1000a058:	7fffffff 	.word	0x7fffffff

1000a05c <cyw43_delay_ms>:
1000a05c:	b5f8      	push	{r3, r4, r5, r6, r7, lr}
1000a05e:	4b0e      	ldr	r3, [pc, #56]	@ (1000a098 <cyw43_delay_ms+0x3c>)
1000a060:	0006      	movs	r6, r0
1000a062:	681f      	ldr	r7, [r3, #0]
1000a064:	f7f7 fb7c 	bl	10001760 <time_us_64>
1000a068:	22fa      	movs	r2, #250	@ 0xfa
1000a06a:	0004      	movs	r4, r0
1000a06c:	000d      	movs	r5, r1
1000a06e:	2300      	movs	r3, #0
1000a070:	0092      	lsls	r2, r2, #2
1000a072:	0030      	movs	r0, r6
1000a074:	2100      	movs	r1, #0
1000a076:	f7f8 fa55 	bl	10002524 <__wrap___aeabi_lmul>
1000a07a:	0002      	movs	r2, r0
1000a07c:	000b      	movs	r3, r1
1000a07e:	1912      	adds	r2, r2, r4
1000a080:	416b      	adcs	r3, r5
1000a082:	2b00      	cmp	r3, #0
1000a084:	da02      	bge.n	1000a08c <cyw43_delay_ms+0x30>
1000a086:	2201      	movs	r2, #1
1000a088:	4b04      	ldr	r3, [pc, #16]	@ (1000a09c <cyw43_delay_ms+0x40>)
1000a08a:	4252      	negs	r2, r2
1000a08c:	6839      	ldr	r1, [r7, #0]
1000a08e:	0038      	movs	r0, r7
1000a090:	6ac9      	ldr	r1, [r1, #44]	@ 0x2c
1000a092:	4788      	blx	r1
1000a094:	bdf8      	pop	{r3, r4, r5, r6, r7, pc}
1000a096:	46c0      	nop			@ (mov r8, r8)
1000a098:	20001df0 	.word	0x20001df0
1000a09c:	7fffffff 	.word	0x7fffffff

1000a0a0 <cyw43_cb_tcpip_deinit>:
1000a0a0:	4770      	bx	lr
1000a0a2:	46c0      	nop			@ (mov r8, r8)

1000a0a4 <cyw43_cb_tcpip_set_link_up>:
1000a0a4:	b510      	push	{r4, lr}
1000a0a6:	4801      	ldr	r0, [pc, #4]	@ (1000a0ac <cyw43_cb_tcpip_set_link_up+0x8>)
1000a0a8:	f7f6 faa0 	bl	100005ec <panic>
1000a0ac:	1000aeb4 	.word	0x1000aeb4

1000a0b0 <cyw43_cb_tcpip_set_link_down>:
1000a0b0:	b510      	push	{r4, lr}
1000a0b2:	4801      	ldr	r0, [pc, #4]	@ (1000a0b8 <cyw43_cb_tcpip_set_link_down+0x8>)
1000a0b4:	f7f6 fa9a 	bl	100005ec <panic>
1000a0b8:	1000aeb4 	.word	0x1000aeb4

1000a0bc <cyw43_cb_process_ethernet>:
1000a0bc:	b510      	push	{r4, lr}
1000a0be:	4801      	ldr	r0, [pc, #4]	@ (1000a0c4 <cyw43_cb_process_ethernet+0x8>)
1000a0c0:	f7f6 fa94 	bl	100005ec <panic>
1000a0c4:	1000aeb4 	.word	0x1000aeb4

1000a0c8 <async_context_threadsafe_background_acquire_lock_blocking>:
1000a0c8:	b510      	push	{r4, lr}
1000a0ca:	3030      	adds	r0, #48	@ 0x30
1000a0cc:	f000 fbf4 	bl	1000a8b8 <__recursive_mutex_enter_blocking_veneer>
1000a0d0:	bd10      	pop	{r4, pc}
1000a0d2:	46c0      	nop			@ (mov r8, r8)

1000a0d4 <alarm_handler>:
1000a0d4:	2200      	movs	r2, #0
1000a0d6:	2345      	movs	r3, #69	@ 0x45
1000a0d8:	b510      	push	{r4, lr}
1000a0da:	000c      	movs	r4, r1
1000a0dc:	54ca      	strb	r2, [r1, r3]
1000a0de:	3b01      	subs	r3, #1
1000a0e0:	5cc8      	ldrb	r0, [r1, r3]
1000a0e2:	f7f6 fb8f 	bl	10000804 <irq_set_pending>
1000a0e6:	0020      	movs	r0, r4
1000a0e8:	3038      	adds	r0, #56	@ 0x38
1000a0ea:	f000 fbb5 	bl	1000a858 <__sem_release_veneer>
1000a0ee:	2000      	movs	r0, #0
1000a0f0:	2100      	movs	r1, #0
1000a0f2:	bd10      	pop	{r4, pc}

1000a0f4 <async_context_threadsafe_background_set_work_pending>:
1000a0f4:	2301      	movs	r3, #1
1000a0f6:	b510      	push	{r4, lr}
1000a0f8:	0004      	movs	r4, r0
1000a0fa:	720b      	strb	r3, [r1, #8]
1000a0fc:	3343      	adds	r3, #67	@ 0x43
1000a0fe:	5cc0      	ldrb	r0, [r0, r3]
1000a100:	f7f6 fb80 	bl	10000804 <irq_set_pending>
1000a104:	0020      	movs	r0, r4
1000a106:	3038      	adds	r0, #56	@ 0x38
1000a108:	f000 fba6 	bl	1000a858 <__sem_release_veneer>
1000a10c:	bd10      	pop	{r4, pc}
1000a10e:	46c0      	nop			@ (mov r8, r8)

1000a110 <process_under_lock>:
1000a110:	b5f0      	push	{r4, r5, r6, r7, lr}
1000a112:	4b30      	ldr	r3, [pc, #192]	@ (1000a1d4 <process_under_lock+0xc4>)
1000a114:	46d6      	mov	lr, sl
1000a116:	464f      	mov	r7, r9
1000a118:	4646      	mov	r6, r8
1000a11a:	681a      	ldr	r2, [r3, #0]
1000a11c:	685b      	ldr	r3, [r3, #4]
1000a11e:	0004      	movs	r4, r0
1000a120:	469a      	mov	sl, r3
1000a122:	4b2d      	ldr	r3, [pc, #180]	@ (1000a1d8 <process_under_lock+0xc8>)
1000a124:	4690      	mov	r8, r2
1000a126:	2545      	movs	r5, #69	@ 0x45
1000a128:	4699      	mov	r9, r3
1000a12a:	b5c0      	push	{r6, r7, lr}
1000a12c:	b084      	sub	sp, #16
1000a12e:	0020      	movs	r0, r4
1000a130:	f000 f9e8 	bl	1000a504 <async_context_base_execute_once>
1000a134:	0006      	movs	r6, r0
1000a136:	000f      	movs	r7, r1
1000a138:	f7f7 fb12 	bl	10001760 <time_us_64>
1000a13c:	0032      	movs	r2, r6
1000a13e:	003b      	movs	r3, r7
1000a140:	1a12      	subs	r2, r2, r0
1000a142:	418b      	sbcs	r3, r1
1000a144:	2b00      	cmp	r3, #0
1000a146:	dd29      	ble.n	1000a19c <process_under_lock+0x8c>
1000a148:	4546      	cmp	r6, r8
1000a14a:	d02d      	beq.n	1000a1a8 <process_under_lock+0x98>
1000a14c:	5d63      	ldrb	r3, [r4, r5]
1000a14e:	2b00      	cmp	r3, #0
1000a150:	d008      	beq.n	1000a164 <process_under_lock+0x54>
1000a152:	6aa2      	ldr	r2, [r4, #40]	@ 0x28
1000a154:	6ae3      	ldr	r3, [r4, #44]	@ 0x2c
1000a156:	0030      	movs	r0, r6
1000a158:	0039      	movs	r1, r7
1000a15a:	1a80      	subs	r0, r0, r2
1000a15c:	4199      	sbcs	r1, r3
1000a15e:	2900      	cmp	r1, #0
1000a160:	dc27      	bgt.n	1000a1b2 <process_under_lock+0xa2>
1000a162:	d033      	beq.n	1000a1cc <process_under_lock+0xbc>
1000a164:	6c23      	ldr	r3, [r4, #64]	@ 0x40
1000a166:	2b00      	cmp	r3, #0
1000a168:	dd03      	ble.n	1000a172 <process_under_lock+0x62>
1000a16a:	6c21      	ldr	r1, [r4, #64]	@ 0x40
1000a16c:	6a20      	ldr	r0, [r4, #32]
1000a16e:	f7f7 f93d 	bl	100013ec <alarm_pool_cancel_alarm>
1000a172:	2301      	movs	r3, #1
1000a174:	62a6      	str	r6, [r4, #40]	@ 0x28
1000a176:	62e7      	str	r7, [r4, #44]	@ 0x2c
1000a178:	5563      	strb	r3, [r4, r5]
1000a17a:	2300      	movs	r3, #0
1000a17c:	6a20      	ldr	r0, [r4, #32]
1000a17e:	9302      	str	r3, [sp, #8]
1000a180:	464b      	mov	r3, r9
1000a182:	0032      	movs	r2, r6
1000a184:	9300      	str	r3, [sp, #0]
1000a186:	9401      	str	r4, [sp, #4]
1000a188:	003b      	movs	r3, r7
1000a18a:	f7f7 f86f 	bl	1000126c <alarm_pool_add_alarm_at>
1000a18e:	6420      	str	r0, [r4, #64]	@ 0x40
1000a190:	6c23      	ldr	r3, [r4, #64]	@ 0x40
1000a192:	2b00      	cmp	r3, #0
1000a194:	dc0d      	bgt.n	1000a1b2 <process_under_lock+0xa2>
1000a196:	2300      	movs	r3, #0
1000a198:	5563      	strb	r3, [r4, r5]
1000a19a:	e7c8      	b.n	1000a12e <process_under_lock+0x1e>
1000a19c:	2b00      	cmp	r3, #0
1000a19e:	d1c6      	bne.n	1000a12e <process_under_lock+0x1e>
1000a1a0:	2a00      	cmp	r2, #0
1000a1a2:	d0c4      	beq.n	1000a12e <process_under_lock+0x1e>
1000a1a4:	4546      	cmp	r6, r8
1000a1a6:	d1d1      	bne.n	1000a14c <process_under_lock+0x3c>
1000a1a8:	4557      	cmp	r7, sl
1000a1aa:	d1cf      	bne.n	1000a14c <process_under_lock+0x3c>
1000a1ac:	6c23      	ldr	r3, [r4, #64]	@ 0x40
1000a1ae:	2b00      	cmp	r3, #0
1000a1b0:	dc05      	bgt.n	1000a1be <process_under_lock+0xae>
1000a1b2:	b004      	add	sp, #16
1000a1b4:	bce0      	pop	{r5, r6, r7}
1000a1b6:	46ba      	mov	sl, r7
1000a1b8:	46b1      	mov	r9, r6
1000a1ba:	46a8      	mov	r8, r5
1000a1bc:	bdf0      	pop	{r4, r5, r6, r7, pc}
1000a1be:	6c21      	ldr	r1, [r4, #64]	@ 0x40
1000a1c0:	6a20      	ldr	r0, [r4, #32]
1000a1c2:	f7f7 f913 	bl	100013ec <alarm_pool_cancel_alarm>
1000a1c6:	2300      	movs	r3, #0
1000a1c8:	6423      	str	r3, [r4, #64]	@ 0x40
1000a1ca:	e7f2      	b.n	1000a1b2 <process_under_lock+0xa2>
1000a1cc:	2800      	cmp	r0, #0
1000a1ce:	d0c9      	beq.n	1000a164 <process_under_lock+0x54>
1000a1d0:	e7ef      	b.n	1000a1b2 <process_under_lock+0xa2>
1000a1d2:	46c0      	nop			@ (mov r8, r8)
1000a1d4:	1000aef8 	.word	0x1000aef8
1000a1d8:	1000a0d5 	.word	0x1000a0d5

1000a1dc <async_context_threadsafe_background_execute_sync>:
1000a1dc:	b5f8      	push	{r3, r4, r5, r6, r7, lr}
1000a1de:	0006      	movs	r6, r0
1000a1e0:	0017      	movs	r7, r2
1000a1e2:	3630      	adds	r6, #48	@ 0x30
1000a1e4:	0004      	movs	r4, r0
1000a1e6:	0030      	movs	r0, r6
1000a1e8:	000d      	movs	r5, r1
1000a1ea:	f000 fb65 	bl	1000a8b8 <__recursive_mutex_enter_blocking_veneer>
1000a1ee:	0038      	movs	r0, r7
1000a1f0:	47a8      	blx	r5
1000a1f2:	7973      	ldrb	r3, [r6, #5]
1000a1f4:	0005      	movs	r5, r0
1000a1f6:	2b01      	cmp	r3, #1
1000a1f8:	d004      	beq.n	1000a204 <async_context_threadsafe_background_execute_sync+0x28>
1000a1fa:	0030      	movs	r0, r6
1000a1fc:	f000 fb8c 	bl	1000a918 <__recursive_mutex_exit_veneer>
1000a200:	0028      	movs	r0, r5
1000a202:	bdf8      	pop	{r3, r4, r5, r6, r7, pc}
1000a204:	0020      	movs	r0, r4
1000a206:	f7ff ff83 	bl	1000a110 <process_under_lock>
1000a20a:	e7f6      	b.n	1000a1fa <async_context_threadsafe_background_execute_sync+0x1e>

1000a20c <async_context_threadsafe_background_deinit>:
1000a20c:	b570      	push	{r4, r5, r6, lr}
1000a20e:	2544      	movs	r5, #68	@ 0x44
1000a210:	0004      	movs	r4, r0
1000a212:	5d40      	ldrb	r0, [r0, r5]
1000a214:	2800      	cmp	r0, #0
1000a216:	d114      	bne.n	1000a242 <async_context_threadsafe_background_deinit+0x36>
1000a218:	6c23      	ldr	r3, [r4, #64]	@ 0x40
1000a21a:	2b00      	cmp	r3, #0
1000a21c:	dd03      	ble.n	1000a226 <async_context_threadsafe_background_deinit+0x1a>
1000a21e:	6c21      	ldr	r1, [r4, #64]	@ 0x40
1000a220:	6a20      	ldr	r0, [r4, #32]
1000a222:	f7f7 f8e3 	bl	100013ec <alarm_pool_cancel_alarm>
1000a226:	0025      	movs	r5, r4
1000a228:	3530      	adds	r5, #48	@ 0x30
1000a22a:	0028      	movs	r0, r5
1000a22c:	f000 fb44 	bl	1000a8b8 <__recursive_mutex_enter_blocking_veneer>
1000a230:	0028      	movs	r0, r5
1000a232:	f000 fb71 	bl	1000a918 <__recursive_mutex_exit_veneer>
1000a236:	2248      	movs	r2, #72	@ 0x48
1000a238:	2100      	movs	r1, #0
1000a23a:	0020      	movs	r0, r4
1000a23c:	f7f8 f9c8 	bl	100025d0 <__wrap_memset>
1000a240:	bd70      	pop	{r4, r5, r6, pc}
1000a242:	2100      	movs	r1, #0
1000a244:	f7f6 fac0 	bl	100007c8 <irq_set_enabled>
1000a248:	4904      	ldr	r1, [pc, #16]	@ (1000a25c <async_context_threadsafe_background_deinit+0x50>)
1000a24a:	5d60      	ldrb	r0, [r4, r5]
1000a24c:	f7f6 fc18 	bl	10000a80 <irq_remove_handler>
1000a250:	5d60      	ldrb	r0, [r4, r5]
1000a252:	f7f6 fd6d 	bl	10000d30 <user_irq_unclaim>
1000a256:	2300      	movs	r3, #0
1000a258:	5563      	strb	r3, [r4, r5]
1000a25a:	e7dd      	b.n	1000a218 <async_context_threadsafe_background_deinit+0xc>
1000a25c:	1000a261 	.word	0x1000a261

1000a260 <low_priority_irq_handler>:
1000a260:	b570      	push	{r4, r5, r6, lr}
1000a262:	f3ef 8305 	mrs	r3, IPSR
1000a266:	4a0c      	ldr	r2, [pc, #48]	@ (1000a298 <low_priority_irq_handler+0x38>)
1000a268:	3b2a      	subs	r3, #42	@ 0x2a
1000a26a:	009b      	lsls	r3, r3, #2
1000a26c:	589c      	ldr	r4, [r3, r2]
1000a26e:	2c00      	cmp	r4, #0
1000a270:	d00d      	beq.n	1000a28e <low_priority_irq_handler+0x2e>
1000a272:	0025      	movs	r5, r4
1000a274:	3530      	adds	r5, #48	@ 0x30
1000a276:	2100      	movs	r1, #0
1000a278:	0028      	movs	r0, r5
1000a27a:	f000 fb0d 	bl	1000a898 <__recursive_mutex_try_enter_veneer>
1000a27e:	2800      	cmp	r0, #0
1000a280:	d005      	beq.n	1000a28e <low_priority_irq_handler+0x2e>
1000a282:	796b      	ldrb	r3, [r5, #5]
1000a284:	2b01      	cmp	r3, #1
1000a286:	d003      	beq.n	1000a290 <low_priority_irq_handler+0x30>
1000a288:	0028      	movs	r0, r5
1000a28a:	f000 fb45 	bl	1000a918 <__recursive_mutex_exit_veneer>
1000a28e:	bd70      	pop	{r4, r5, r6, pc}
1000a290:	0020      	movs	r0, r4
1000a292:	f7ff ff3d 	bl	1000a110 <process_under_lock>
1000a296:	e7f7      	b.n	1000a288 <low_priority_irq_handler+0x28>
1000a298:	20001c8c 	.word	0x20001c8c

1000a29c <async_context_threadsafe_background_wait_for_work_until>:
1000a29c:	b510      	push	{r4, lr}
1000a29e:	3038      	adds	r0, #56	@ 0x38
1000a2a0:	f000 fb5a 	bl	1000a958 <__sem_acquire_block_until_veneer>
1000a2a4:	bd10      	pop	{r4, pc}
1000a2a6:	46c0      	nop			@ (mov r8, r8)

1000a2a8 <async_context_threadsafe_background_wait_until>:
1000a2a8:	0010      	movs	r0, r2
1000a2aa:	0019      	movs	r1, r3
1000a2ac:	b510      	push	{r4, lr}
1000a2ae:	f3ef 8305 	mrs	r3, IPSR
1000a2b2:	2b00      	cmp	r3, #0
1000a2b4:	d002      	beq.n	1000a2bc <async_context_threadsafe_background_wait_until+0x14>
1000a2b6:	f7f7 fa5d 	bl	10001774 <busy_wait_until>
1000a2ba:	bd10      	pop	{r4, pc}
1000a2bc:	f7f7 f8d2 	bl	10001464 <sleep_until>
1000a2c0:	e7fb      	b.n	1000a2ba <async_context_threadsafe_background_wait_until+0x12>
1000a2c2:	46c0      	nop			@ (mov r8, r8)

1000a2c4 <async_context_threadsafe_background_lock_check>:
1000a2c4:	b510      	push	{r4, lr}
1000a2c6:	3030      	adds	r0, #48	@ 0x30
1000a2c8:	7943      	ldrb	r3, [r0, #5]
1000a2ca:	2b00      	cmp	r3, #0
1000a2cc:	d008      	beq.n	1000a2e0 <async_context_threadsafe_background_lock_check+0x1c>
1000a2ce:	23d0      	movs	r3, #208	@ 0xd0
1000a2d0:	2200      	movs	r2, #0
1000a2d2:	061b      	lsls	r3, r3, #24
1000a2d4:	569a      	ldrsb	r2, [r3, r2]
1000a2d6:	2304      	movs	r3, #4
1000a2d8:	56c3      	ldrsb	r3, [r0, r3]
1000a2da:	429a      	cmp	r2, r3
1000a2dc:	d100      	bne.n	1000a2e0 <async_context_threadsafe_background_lock_check+0x1c>
1000a2de:	bd10      	pop	{r4, pc}
1000a2e0:	4801      	ldr	r0, [pc, #4]	@ (1000a2e8 <async_context_threadsafe_background_lock_check+0x24>)
1000a2e2:	f7f6 f983 	bl	100005ec <panic>
1000a2e6:	46c0      	nop			@ (mov r8, r8)
1000a2e8:	1000aed4 	.word	0x1000aed4

1000a2ec <async_context_threadsafe_background_release_lock>:
1000a2ec:	b510      	push	{r4, lr}
1000a2ee:	0004      	movs	r4, r0
1000a2f0:	3430      	adds	r4, #48	@ 0x30
1000a2f2:	7963      	ldrb	r3, [r4, #5]
1000a2f4:	2b01      	cmp	r3, #1
1000a2f6:	d003      	beq.n	1000a300 <async_context_threadsafe_background_release_lock+0x14>
1000a2f8:	0020      	movs	r0, r4
1000a2fa:	f000 fb0d 	bl	1000a918 <__recursive_mutex_exit_veneer>
1000a2fe:	bd10      	pop	{r4, pc}
1000a300:	f7ff ff06 	bl	1000a110 <process_under_lock>
1000a304:	e7f8      	b.n	1000a2f8 <async_context_threadsafe_background_release_lock+0xc>
1000a306:	46c0      	nop			@ (mov r8, r8)

1000a308 <async_context_threadsafe_background_when_pending_worker>:
1000a308:	b570      	push	{r4, r5, r6, lr}
1000a30a:	0006      	movs	r6, r0
1000a30c:	000d      	movs	r5, r1
1000a30e:	0004      	movs	r4, r0
1000a310:	3630      	adds	r6, #48	@ 0x30
1000a312:	0030      	movs	r0, r6
1000a314:	f000 fad0 	bl	1000a8b8 <__recursive_mutex_enter_blocking_veneer>
1000a318:	0029      	movs	r1, r5
1000a31a:	0020      	movs	r0, r4
1000a31c:	f000 f8e0 	bl	1000a4e0 <async_context_base_remove_when_pending_worker>
1000a320:	7973      	ldrb	r3, [r6, #5]
1000a322:	0005      	movs	r5, r0
1000a324:	2b01      	cmp	r3, #1
1000a326:	d004      	beq.n	1000a332 <async_context_threadsafe_background_when_pending_worker+0x2a>
1000a328:	0030      	movs	r0, r6
1000a32a:	f000 faf5 	bl	1000a918 <__recursive_mutex_exit_veneer>
1000a32e:	0028      	movs	r0, r5
1000a330:	bd70      	pop	{r4, r5, r6, pc}
1000a332:	0020      	movs	r0, r4
1000a334:	f7ff feec 	bl	1000a110 <process_under_lock>
1000a338:	e7f6      	b.n	1000a328 <async_context_threadsafe_background_when_pending_worker+0x20>
1000a33a:	46c0      	nop			@ (mov r8, r8)

1000a33c <async_context_threadsafe_background_add_when_pending_worker>:
1000a33c:	b570      	push	{r4, r5, r6, lr}
1000a33e:	0006      	movs	r6, r0
1000a340:	000d      	movs	r5, r1
1000a342:	0004      	movs	r4, r0
1000a344:	3630      	adds	r6, #48	@ 0x30
1000a346:	0030      	movs	r0, r6
1000a348:	f000 fab6 	bl	1000a8b8 <__recursive_mutex_enter_blocking_veneer>
1000a34c:	0029      	movs	r1, r5
1000a34e:	0020      	movs	r0, r4
1000a350:	f000 f8b4 	bl	1000a4bc <async_context_base_add_when_pending_worker>
1000a354:	7973      	ldrb	r3, [r6, #5]
1000a356:	0005      	movs	r5, r0
1000a358:	2b01      	cmp	r3, #1
1000a35a:	d004      	beq.n	1000a366 <async_context_threadsafe_background_add_when_pending_worker+0x2a>
1000a35c:	0030      	movs	r0, r6
1000a35e:	f000 fadb 	bl	1000a918 <__recursive_mutex_exit_veneer>
1000a362:	0028      	movs	r0, r5
1000a364:	bd70      	pop	{r4, r5, r6, pc}
1000a366:	0020      	movs	r0, r4
1000a368:	f7ff fed2 	bl	1000a110 <process_under_lock>
1000a36c:	e7f6      	b.n	1000a35c <async_context_threadsafe_background_add_when_pending_worker+0x20>
1000a36e:	46c0      	nop			@ (mov r8, r8)

1000a370 <async_context_threadsafe_background_remove_at_time_worker>:
1000a370:	b570      	push	{r4, r5, r6, lr}
1000a372:	0006      	movs	r6, r0
1000a374:	000d      	movs	r5, r1
1000a376:	0004      	movs	r4, r0
1000a378:	3630      	adds	r6, #48	@ 0x30
1000a37a:	0030      	movs	r0, r6
1000a37c:	f000 fa9c 	bl	1000a8b8 <__recursive_mutex_enter_blocking_veneer>
1000a380:	0029      	movs	r1, r5
1000a382:	0020      	movs	r0, r4
1000a384:	f000 f888 	bl	1000a498 <async_context_base_remove_at_time_worker>
1000a388:	7973      	ldrb	r3, [r6, #5]
1000a38a:	0005      	movs	r5, r0
1000a38c:	2b01      	cmp	r3, #1
1000a38e:	d004      	beq.n	1000a39a <async_context_threadsafe_background_remove_at_time_worker+0x2a>
1000a390:	0030      	movs	r0, r6
1000a392:	f000 fac1 	bl	1000a918 <__recursive_mutex_exit_veneer>
1000a396:	0028      	movs	r0, r5
1000a398:	bd70      	pop	{r4, r5, r6, pc}
1000a39a:	0020      	movs	r0, r4
1000a39c:	f7ff feb8 	bl	1000a110 <process_under_lock>
1000a3a0:	e7f6      	b.n	1000a390 <async_context_threadsafe_background_remove_at_time_worker+0x20>
1000a3a2:	46c0      	nop			@ (mov r8, r8)

1000a3a4 <async_context_threadsafe_background_add_at_time_worker>:
1000a3a4:	b570      	push	{r4, r5, r6, lr}
1000a3a6:	0006      	movs	r6, r0
1000a3a8:	000d      	movs	r5, r1
1000a3aa:	0004      	movs	r4, r0
1000a3ac:	3630      	adds	r6, #48	@ 0x30
1000a3ae:	0030      	movs	r0, r6
1000a3b0:	f000 fa82 	bl	1000a8b8 <__recursive_mutex_enter_blocking_veneer>
1000a3b4:	0029      	movs	r1, r5
1000a3b6:	0020      	movs	r0, r4
1000a3b8:	f000 f85a 	bl	1000a470 <async_context_base_add_at_time_worker>
1000a3bc:	7973      	ldrb	r3, [r6, #5]
1000a3be:	0005      	movs	r5, r0
1000a3c0:	2b01      	cmp	r3, #1
1000a3c2:	d004      	beq.n	1000a3ce <async_context_threadsafe_background_add_at_time_worker+0x2a>
1000a3c4:	0030      	movs	r0, r6
1000a3c6:	f000 faa7 	bl	1000a918 <__recursive_mutex_exit_veneer>
1000a3ca:	0028      	movs	r0, r5
1000a3cc:	bd70      	pop	{r4, r5, r6, pc}
1000a3ce:	0020      	movs	r0, r4
1000a3d0:	f7ff fe9e 	bl	1000a110 <process_under_lock>
1000a3d4:	e7f6      	b.n	1000a3c4 <async_context_threadsafe_background_add_at_time_worker+0x20>
1000a3d6:	46c0      	nop			@ (mov r8, r8)

1000a3d8 <async_context_threadsafe_background_default_config>:
1000a3d8:	23ff      	movs	r3, #255	@ 0xff
1000a3da:	7003      	strb	r3, [r0, #0]
1000a3dc:	2300      	movs	r3, #0
1000a3de:	6043      	str	r3, [r0, #4]
1000a3e0:	4770      	bx	lr
1000a3e2:	46c0      	nop			@ (mov r8, r8)

1000a3e4 <async_context_threadsafe_background_init>:
1000a3e4:	b570      	push	{r4, r5, r6, lr}
1000a3e6:	0004      	movs	r4, r0
1000a3e8:	000d      	movs	r5, r1
1000a3ea:	2244      	movs	r2, #68	@ 0x44
1000a3ec:	2100      	movs	r1, #0
1000a3ee:	3004      	adds	r0, #4
1000a3f0:	f7f8 f8ee 	bl	100025d0 <__wrap_memset>
1000a3f4:	4b1b      	ldr	r3, [pc, #108]	@ (1000a464 <async_context_threadsafe_background_init+0x80>)
1000a3f6:	6023      	str	r3, [r4, #0]
1000a3f8:	2303      	movs	r3, #3
1000a3fa:	8323      	strh	r3, [r4, #24]
1000a3fc:	23d0      	movs	r3, #208	@ 0xd0
1000a3fe:	061b      	lsls	r3, r3, #24
1000a400:	681b      	ldr	r3, [r3, #0]
1000a402:	76a3      	strb	r3, [r4, #26]
1000a404:	6868      	ldr	r0, [r5, #4]
1000a406:	2800      	cmp	r0, #0
1000a408:	d028      	beq.n	1000a45c <async_context_threadsafe_background_init+0x78>
1000a40a:	6220      	str	r0, [r4, #32]
1000a40c:	0020      	movs	r0, r4
1000a40e:	2201      	movs	r2, #1
1000a410:	2101      	movs	r1, #1
1000a412:	3038      	adds	r0, #56	@ 0x38
1000a414:	f7f6 fcac 	bl	10000d70 <sem_init>
1000a418:	0020      	movs	r0, r4
1000a41a:	3030      	adds	r0, #48	@ 0x30
1000a41c:	f7f6 fcf6 	bl	10000e0c <recursive_mutex_init>
1000a420:	2000      	movs	r0, #0
1000a422:	782e      	ldrb	r6, [r5, #0]
1000a424:	f7f6 fc8e 	bl	10000d44 <user_irq_claim_unused>
1000a428:	0003      	movs	r3, r0
1000a42a:	2000      	movs	r0, #0
1000a42c:	2b00      	cmp	r3, #0
1000a42e:	db14      	blt.n	1000a45a <async_context_threadsafe_background_init+0x76>
1000a430:	0019      	movs	r1, r3
1000a432:	2544      	movs	r5, #68	@ 0x44
1000a434:	4a0c      	ldr	r2, [pc, #48]	@ (1000a468 <async_context_threadsafe_background_init+0x84>)
1000a436:	391a      	subs	r1, #26
1000a438:	0089      	lsls	r1, r1, #2
1000a43a:	30ff      	adds	r0, #255	@ 0xff
1000a43c:	508c      	str	r4, [r1, r2]
1000a43e:	4018      	ands	r0, r3
1000a440:	5563      	strb	r3, [r4, r5]
1000a442:	490a      	ldr	r1, [pc, #40]	@ (1000a46c <async_context_threadsafe_background_init+0x88>)
1000a444:	f7f6 f9f8 	bl	10000838 <irq_set_exclusive_handler>
1000a448:	2101      	movs	r1, #1
1000a44a:	5d60      	ldrb	r0, [r4, r5]
1000a44c:	f7f6 f9bc 	bl	100007c8 <irq_set_enabled>
1000a450:	5d60      	ldrb	r0, [r4, r5]
1000a452:	0031      	movs	r1, r6
1000a454:	f7f6 fbfe 	bl	10000c54 <irq_set_priority>
1000a458:	2001      	movs	r0, #1
1000a45a:	bd70      	pop	{r4, r5, r6, pc}
1000a45c:	f7f6 ff02 	bl	10001264 <alarm_pool_get_default>
1000a460:	e7d3      	b.n	1000a40a <async_context_threadsafe_background_init+0x26>
1000a462:	46c0      	nop			@ (mov r8, r8)
1000a464:	10042918 	.word	0x10042918
1000a468:	20001c8c 	.word	0x20001c8c
1000a46c:	1000a261 	.word	0x1000a261

1000a470 <async_context_base_add_at_time_worker>:
1000a470:	6883      	ldr	r3, [r0, #8]
1000a472:	2b00      	cmp	r3, #0
1000a474:	d104      	bne.n	1000a480 <async_context_base_add_at_time_worker+0x10>
1000a476:	e007      	b.n	1000a488 <async_context_base_add_at_time_worker+0x18>
1000a478:	681a      	ldr	r2, [r3, #0]
1000a47a:	2a00      	cmp	r2, #0
1000a47c:	d006      	beq.n	1000a48c <async_context_base_add_at_time_worker+0x1c>
1000a47e:	0013      	movs	r3, r2
1000a480:	428b      	cmp	r3, r1
1000a482:	d1f9      	bne.n	1000a478 <async_context_base_add_at_time_worker+0x8>
1000a484:	2000      	movs	r0, #0
1000a486:	e005      	b.n	1000a494 <async_context_base_add_at_time_worker+0x24>
1000a488:	0003      	movs	r3, r0
1000a48a:	3308      	adds	r3, #8
1000a48c:	6019      	str	r1, [r3, #0]
1000a48e:	2300      	movs	r3, #0
1000a490:	2001      	movs	r0, #1
1000a492:	600b      	str	r3, [r1, #0]
1000a494:	4770      	bx	lr
1000a496:	46c0      	nop			@ (mov r8, r8)

1000a498 <async_context_base_remove_at_time_worker>:
1000a498:	0002      	movs	r2, r0
1000a49a:	6883      	ldr	r3, [r0, #8]
1000a49c:	3208      	adds	r2, #8
1000a49e:	2b00      	cmp	r3, #0
1000a4a0:	d104      	bne.n	1000a4ac <async_context_base_remove_at_time_worker+0x14>
1000a4a2:	e009      	b.n	1000a4b8 <async_context_base_remove_at_time_worker+0x20>
1000a4a4:	001a      	movs	r2, r3
1000a4a6:	681b      	ldr	r3, [r3, #0]
1000a4a8:	2b00      	cmp	r3, #0
1000a4aa:	d005      	beq.n	1000a4b8 <async_context_base_remove_at_time_worker+0x20>
1000a4ac:	428b      	cmp	r3, r1
1000a4ae:	d1f9      	bne.n	1000a4a4 <async_context_base_remove_at_time_worker+0xc>
1000a4b0:	681b      	ldr	r3, [r3, #0]
1000a4b2:	2001      	movs	r0, #1
1000a4b4:	6013      	str	r3, [r2, #0]
1000a4b6:	e000      	b.n	1000a4ba <async_context_base_remove_at_time_worker+0x22>
1000a4b8:	2000      	movs	r0, #0
1000a4ba:	4770      	bx	lr

1000a4bc <async_context_base_add_when_pending_worker>:
1000a4bc:	6843      	ldr	r3, [r0, #4]
1000a4be:	2b00      	cmp	r3, #0
1000a4c0:	d104      	bne.n	1000a4cc <async_context_base_add_when_pending_worker+0x10>
1000a4c2:	e007      	b.n	1000a4d4 <async_context_base_add_when_pending_worker+0x18>
1000a4c4:	681a      	ldr	r2, [r3, #0]
1000a4c6:	2a00      	cmp	r2, #0
1000a4c8:	d005      	beq.n	1000a4d6 <async_context_base_add_when_pending_worker+0x1a>
1000a4ca:	0013      	movs	r3, r2
1000a4cc:	428b      	cmp	r3, r1
1000a4ce:	d1f9      	bne.n	1000a4c4 <async_context_base_add_when_pending_worker+0x8>
1000a4d0:	2000      	movs	r0, #0
1000a4d2:	e004      	b.n	1000a4de <async_context_base_add_when_pending_worker+0x22>
1000a4d4:	1d03      	adds	r3, r0, #4
1000a4d6:	6019      	str	r1, [r3, #0]
1000a4d8:	2300      	movs	r3, #0
1000a4da:	2001      	movs	r0, #1
1000a4dc:	600b      	str	r3, [r1, #0]
1000a4de:	4770      	bx	lr

1000a4e0 <async_context_base_remove_when_pending_worker>:
1000a4e0:	6843      	ldr	r3, [r0, #4]
1000a4e2:	1d02      	adds	r2, r0, #4
1000a4e4:	2b00      	cmp	r3, #0
1000a4e6:	d104      	bne.n	1000a4f2 <async_context_base_remove_when_pending_worker+0x12>
1000a4e8:	e009      	b.n	1000a4fe <async_context_base_remove_when_pending_worker+0x1e>
1000a4ea:	001a      	movs	r2, r3
1000a4ec:	681b      	ldr	r3, [r3, #0]
1000a4ee:	2b00      	cmp	r3, #0
1000a4f0:	d005      	beq.n	1000a4fe <async_context_base_remove_when_pending_worker+0x1e>
1000a4f2:	428b      	cmp	r3, r1
1000a4f4:	d1f9      	bne.n	1000a4ea <async_context_base_remove_when_pending_worker+0xa>
1000a4f6:	681b      	ldr	r3, [r3, #0]
1000a4f8:	2001      	movs	r0, #1
1000a4fa:	6013      	str	r3, [r2, #0]
1000a4fc:	e000      	b.n	1000a500 <async_context_base_remove_when_pending_worker+0x20>
1000a4fe:	2000      	movs	r0, #0
1000a500:	4770      	bx	lr
1000a502:	46c0      	nop			@ (mov r8, r8)

1000a504 <async_context_base_execute_once>:
1000a504:	b5f0      	push	{r4, r5, r6, r7, lr}
1000a506:	4657      	mov	r7, sl
1000a508:	46de      	mov	lr, fp
1000a50a:	4646      	mov	r6, r8
1000a50c:	b5c0      	push	{r6, r7, lr}
1000a50e:	4b3e      	ldr	r3, [pc, #248]	@ (1000a608 <async_context_base_execute_once+0x104>)
1000a510:	b082      	sub	sp, #8
1000a512:	681a      	ldr	r2, [r3, #0]
1000a514:	685b      	ldr	r3, [r3, #4]
1000a516:	9200      	str	r2, [sp, #0]
1000a518:	9301      	str	r3, [sp, #4]
1000a51a:	6883      	ldr	r3, [r0, #8]
1000a51c:	4682      	mov	sl, r0
1000a51e:	2b00      	cmp	r3, #0
1000a520:	d02c      	beq.n	1000a57c <async_context_base_execute_once+0x78>
1000a522:	2308      	movs	r3, #8
1000a524:	4453      	add	r3, sl
1000a526:	469b      	mov	fp, r3
1000a528:	f7f7 f91a 	bl	10001760 <time_us_64>
1000a52c:	4653      	mov	r3, sl
1000a52e:	689b      	ldr	r3, [r3, #8]
1000a530:	0004      	movs	r4, r0
1000a532:	000d      	movs	r5, r1
1000a534:	465f      	mov	r7, fp
1000a536:	2b00      	cmp	r3, #0
1000a538:	d020      	beq.n	1000a57c <async_context_base_execute_once+0x78>
1000a53a:	2200      	movs	r2, #0
1000a53c:	001e      	movs	r6, r3
1000a53e:	4694      	mov	ip, r2
1000a540:	4698      	mov	r8, r3
1000a542:	68b2      	ldr	r2, [r6, #8]
1000a544:	68f3      	ldr	r3, [r6, #12]
1000a546:	0020      	movs	r0, r4
1000a548:	0029      	movs	r1, r5
1000a54a:	1a80      	subs	r0, r0, r2
1000a54c:	4199      	sbcs	r1, r3
1000a54e:	2900      	cmp	r1, #0
1000a550:	db02      	blt.n	1000a558 <async_context_base_execute_once+0x54>
1000a552:	0014      	movs	r4, r2
1000a554:	001d      	movs	r5, r3
1000a556:	46bc      	mov	ip, r7
1000a558:	0037      	movs	r7, r6
1000a55a:	6836      	ldr	r6, [r6, #0]
1000a55c:	2e00      	cmp	r6, #0
1000a55e:	d1f0      	bne.n	1000a542 <async_context_base_execute_once+0x3e>
1000a560:	4662      	mov	r2, ip
1000a562:	4643      	mov	r3, r8
1000a564:	2a00      	cmp	r2, #0
1000a566:	d048      	beq.n	1000a5fa <async_context_base_execute_once+0xf6>
1000a568:	6811      	ldr	r1, [r2, #0]
1000a56a:	4650      	mov	r0, sl
1000a56c:	680b      	ldr	r3, [r1, #0]
1000a56e:	6013      	str	r3, [r2, #0]
1000a570:	684b      	ldr	r3, [r1, #4]
1000a572:	4798      	blx	r3
1000a574:	4653      	mov	r3, sl
1000a576:	689b      	ldr	r3, [r3, #8]
1000a578:	2b00      	cmp	r3, #0
1000a57a:	d1d5      	bne.n	1000a528 <async_context_base_execute_once+0x24>
1000a57c:	4653      	mov	r3, sl
1000a57e:	685c      	ldr	r4, [r3, #4]
1000a580:	2c00      	cmp	r4, #0
1000a582:	d029      	beq.n	1000a5d8 <async_context_base_execute_once+0xd4>
1000a584:	2500      	movs	r5, #0
1000a586:	4656      	mov	r6, sl
1000a588:	7a23      	ldrb	r3, [r4, #8]
1000a58a:	2b00      	cmp	r3, #0
1000a58c:	d031      	beq.n	1000a5f2 <async_context_base_execute_once+0xee>
1000a58e:	0021      	movs	r1, r4
1000a590:	6863      	ldr	r3, [r4, #4]
1000a592:	7225      	strb	r5, [r4, #8]
1000a594:	0030      	movs	r0, r6
1000a596:	4798      	blx	r3
1000a598:	6824      	ldr	r4, [r4, #0]
1000a59a:	2c00      	cmp	r4, #0
1000a59c:	d1f4      	bne.n	1000a588 <async_context_base_execute_once+0x84>
1000a59e:	68b1      	ldr	r1, [r6, #8]
1000a5a0:	46b2      	mov	sl, r6
1000a5a2:	2900      	cmp	r1, #0
1000a5a4:	d018      	beq.n	1000a5d8 <async_context_base_execute_once+0xd4>
1000a5a6:	9c00      	ldr	r4, [sp, #0]
1000a5a8:	9d01      	ldr	r5, [sp, #4]
1000a5aa:	000e      	movs	r6, r1
1000a5ac:	e003      	b.n	1000a5b6 <async_context_base_execute_once+0xb2>
1000a5ae:	0004      	movs	r4, r0
1000a5b0:	000d      	movs	r5, r1
1000a5b2:	2e00      	cmp	r6, #0
1000a5b4:	d00e      	beq.n	1000a5d4 <async_context_base_execute_once+0xd0>
1000a5b6:	0033      	movs	r3, r6
1000a5b8:	0022      	movs	r2, r4
1000a5ba:	6898      	ldr	r0, [r3, #8]
1000a5bc:	68d9      	ldr	r1, [r3, #12]
1000a5be:	002b      	movs	r3, r5
1000a5c0:	1a12      	subs	r2, r2, r0
1000a5c2:	418b      	sbcs	r3, r1
1000a5c4:	6836      	ldr	r6, [r6, #0]
1000a5c6:	2b00      	cmp	r3, #0
1000a5c8:	dcf1      	bgt.n	1000a5ae <async_context_base_execute_once+0xaa>
1000a5ca:	d1f2      	bne.n	1000a5b2 <async_context_base_execute_once+0xae>
1000a5cc:	2a00      	cmp	r2, #0
1000a5ce:	d1ee      	bne.n	1000a5ae <async_context_base_execute_once+0xaa>
1000a5d0:	2e00      	cmp	r6, #0
1000a5d2:	d1f0      	bne.n	1000a5b6 <async_context_base_execute_once+0xb2>
1000a5d4:	9400      	str	r4, [sp, #0]
1000a5d6:	9501      	str	r5, [sp, #4]
1000a5d8:	9b00      	ldr	r3, [sp, #0]
1000a5da:	9c01      	ldr	r4, [sp, #4]
1000a5dc:	4652      	mov	r2, sl
1000a5de:	0018      	movs	r0, r3
1000a5e0:	0021      	movs	r1, r4
1000a5e2:	6113      	str	r3, [r2, #16]
1000a5e4:	6154      	str	r4, [r2, #20]
1000a5e6:	b002      	add	sp, #8
1000a5e8:	bce0      	pop	{r5, r6, r7}
1000a5ea:	46bb      	mov	fp, r7
1000a5ec:	46b2      	mov	sl, r6
1000a5ee:	46a8      	mov	r8, r5
1000a5f0:	bdf0      	pop	{r4, r5, r6, r7, pc}
1000a5f2:	6824      	ldr	r4, [r4, #0]
1000a5f4:	2c00      	cmp	r4, #0
1000a5f6:	d1c7      	bne.n	1000a588 <async_context_base_execute_once+0x84>
1000a5f8:	e7d1      	b.n	1000a59e <async_context_base_execute_once+0x9a>
1000a5fa:	0019      	movs	r1, r3
1000a5fc:	4653      	mov	r3, sl
1000a5fe:	685c      	ldr	r4, [r3, #4]
1000a600:	2c00      	cmp	r4, #0
1000a602:	d1bf      	bne.n	1000a584 <async_context_base_execute_once+0x80>
1000a604:	e7cf      	b.n	1000a5a6 <async_context_base_execute_once+0xa2>
1000a606:	46c0      	nop			@ (mov r8, r8)
1000a608:	1000aef8 	.word	0x1000aef8

1000a60c <strlen>:
1000a60c:	b510      	push	{r4, lr}
1000a60e:	0783      	lsls	r3, r0, #30
1000a610:	d00a      	beq.n	1000a628 <strlen+0x1c>
1000a612:	0003      	movs	r3, r0
1000a614:	2103      	movs	r1, #3
1000a616:	e002      	b.n	1000a61e <strlen+0x12>
1000a618:	3301      	adds	r3, #1
1000a61a:	420b      	tst	r3, r1
1000a61c:	d005      	beq.n	1000a62a <strlen+0x1e>
1000a61e:	781a      	ldrb	r2, [r3, #0]
1000a620:	2a00      	cmp	r2, #0
1000a622:	d1f9      	bne.n	1000a618 <strlen+0xc>
1000a624:	1a18      	subs	r0, r3, r0
1000a626:	bd10      	pop	{r4, pc}
1000a628:	0003      	movs	r3, r0
1000a62a:	6819      	ldr	r1, [r3, #0]
1000a62c:	4a0c      	ldr	r2, [pc, #48]	@ (1000a660 <strlen+0x54>)
1000a62e:	4c0d      	ldr	r4, [pc, #52]	@ (1000a664 <strlen+0x58>)
1000a630:	188a      	adds	r2, r1, r2
1000a632:	438a      	bics	r2, r1
1000a634:	4222      	tst	r2, r4
1000a636:	d10f      	bne.n	1000a658 <strlen+0x4c>
1000a638:	6859      	ldr	r1, [r3, #4]
1000a63a:	4a09      	ldr	r2, [pc, #36]	@ (1000a660 <strlen+0x54>)
1000a63c:	3304      	adds	r3, #4
1000a63e:	188a      	adds	r2, r1, r2
1000a640:	438a      	bics	r2, r1
1000a642:	4222      	tst	r2, r4
1000a644:	d108      	bne.n	1000a658 <strlen+0x4c>
1000a646:	6859      	ldr	r1, [r3, #4]
1000a648:	4a05      	ldr	r2, [pc, #20]	@ (1000a660 <strlen+0x54>)
1000a64a:	3304      	adds	r3, #4
1000a64c:	188a      	adds	r2, r1, r2
1000a64e:	438a      	bics	r2, r1
1000a650:	4222      	tst	r2, r4
1000a652:	d0f1      	beq.n	1000a638 <strlen+0x2c>
1000a654:	e000      	b.n	1000a658 <strlen+0x4c>
1000a656:	3301      	adds	r3, #1
1000a658:	781a      	ldrb	r2, [r3, #0]
1000a65a:	2a00      	cmp	r2, #0
1000a65c:	d1fb      	bne.n	1000a656 <strlen+0x4a>
1000a65e:	e7e1      	b.n	1000a624 <strlen+0x18>
1000a660:	fefefeff 	.word	0xfefefeff
1000a664:	80808080 	.word	0x80808080

1000a668 <__libc_fini_array>:
1000a668:	b570      	push	{r4, r5, r6, lr}
1000a66a:	4c07      	ldr	r4, [pc, #28]	@ (1000a688 <__libc_fini_array+0x20>)
1000a66c:	4d07      	ldr	r5, [pc, #28]	@ (1000a68c <__libc_fini_array+0x24>)
1000a66e:	1b64      	subs	r4, r4, r5
1000a670:	10a4      	asrs	r4, r4, #2
1000a672:	d005      	beq.n	1000a680 <__libc_fini_array+0x18>
1000a674:	3c01      	subs	r4, #1
1000a676:	00a3      	lsls	r3, r4, #2
1000a678:	58eb      	ldr	r3, [r5, r3]
1000a67a:	4798      	blx	r3
1000a67c:	2c00      	cmp	r4, #0
1000a67e:	d1f9      	bne.n	1000a674 <__libc_fini_array+0xc>
1000a680:	f000 f8e8 	bl	1000a854 <_fini>
1000a684:	bd70      	pop	{r4, r5, r6, pc}
1000a686:	46c0      	nop			@ (mov r8, r8)
1000a688:	1000a9b0 	.word	0x1000a9b0
1000a68c:	1000a9b0 	.word	0x1000a9b0

1000a690 <strncmp>:
1000a690:	b530      	push	{r4, r5, lr}
1000a692:	2a00      	cmp	r2, #0
1000a694:	d026      	beq.n	1000a6e4 <strncmp+0x54>
1000a696:	0003      	movs	r3, r0
1000a698:	430b      	orrs	r3, r1
1000a69a:	079b      	lsls	r3, r3, #30
1000a69c:	d124      	bne.n	1000a6e8 <strncmp+0x58>
1000a69e:	2a03      	cmp	r2, #3
1000a6a0:	d922      	bls.n	1000a6e8 <strncmp+0x58>
1000a6a2:	4d16      	ldr	r5, [pc, #88]	@ (1000a6fc <strncmp+0x6c>)
1000a6a4:	e00b      	b.n	1000a6be <strncmp+0x2e>
1000a6a6:	3a04      	subs	r2, #4
1000a6a8:	2a00      	cmp	r2, #0
1000a6aa:	d01b      	beq.n	1000a6e4 <strncmp+0x54>
1000a6ac:	4c14      	ldr	r4, [pc, #80]	@ (1000a700 <strncmp+0x70>)
1000a6ae:	191c      	adds	r4, r3, r4
1000a6b0:	439c      	bics	r4, r3
1000a6b2:	422c      	tst	r4, r5
1000a6b4:	d116      	bne.n	1000a6e4 <strncmp+0x54>
1000a6b6:	3004      	adds	r0, #4
1000a6b8:	3104      	adds	r1, #4
1000a6ba:	2a03      	cmp	r2, #3
1000a6bc:	d914      	bls.n	1000a6e8 <strncmp+0x58>
1000a6be:	6803      	ldr	r3, [r0, #0]
1000a6c0:	680c      	ldr	r4, [r1, #0]
1000a6c2:	42a3      	cmp	r3, r4
1000a6c4:	d0ef      	beq.n	1000a6a6 <strncmp+0x16>
1000a6c6:	7804      	ldrb	r4, [r0, #0]
1000a6c8:	780d      	ldrb	r5, [r1, #0]
1000a6ca:	42a5      	cmp	r5, r4
1000a6cc:	d113      	bne.n	1000a6f6 <strncmp+0x66>
1000a6ce:	2301      	movs	r3, #1
1000a6d0:	e006      	b.n	1000a6e0 <strncmp+0x50>
1000a6d2:	5cc4      	ldrb	r4, [r0, r3]
1000a6d4:	5ccd      	ldrb	r5, [r1, r3]
1000a6d6:	42ac      	cmp	r4, r5
1000a6d8:	d10d      	bne.n	1000a6f6 <strncmp+0x66>
1000a6da:	3301      	adds	r3, #1
1000a6dc:	429a      	cmp	r2, r3
1000a6de:	d001      	beq.n	1000a6e4 <strncmp+0x54>
1000a6e0:	2c00      	cmp	r4, #0
1000a6e2:	d1f6      	bne.n	1000a6d2 <strncmp+0x42>
1000a6e4:	2000      	movs	r0, #0
1000a6e6:	bd30      	pop	{r4, r5, pc}
1000a6e8:	7804      	ldrb	r4, [r0, #0]
1000a6ea:	780d      	ldrb	r5, [r1, #0]
1000a6ec:	42ac      	cmp	r4, r5
1000a6ee:	d102      	bne.n	1000a6f6 <strncmp+0x66>
1000a6f0:	2a01      	cmp	r2, #1
1000a6f2:	d1ec      	bne.n	1000a6ce <strncmp+0x3e>
1000a6f4:	e7f6      	b.n	1000a6e4 <strncmp+0x54>
1000a6f6:	1b60      	subs	r0, r4, r5
1000a6f8:	e7f5      	b.n	1000a6e6 <strncmp+0x56>
1000a6fa:	46c0      	nop			@ (mov r8, r8)
1000a6fc:	80808080 	.word	0x80808080
1000a700:	fefefeff 	.word	0xfefefeff

1000a704 <memmove>:
1000a704:	b5f0      	push	{r4, r5, r6, r7, lr}
1000a706:	4288      	cmp	r0, r1
1000a708:	d90a      	bls.n	1000a720 <memmove+0x1c>
1000a70a:	188b      	adds	r3, r1, r2
1000a70c:	4298      	cmp	r0, r3
1000a70e:	d207      	bcs.n	1000a720 <memmove+0x1c>
1000a710:	1e53      	subs	r3, r2, #1
1000a712:	2a00      	cmp	r2, #0
1000a714:	d003      	beq.n	1000a71e <memmove+0x1a>
1000a716:	5cca      	ldrb	r2, [r1, r3]
1000a718:	54c2      	strb	r2, [r0, r3]
1000a71a:	3b01      	subs	r3, #1
1000a71c:	d2fb      	bcs.n	1000a716 <memmove+0x12>
1000a71e:	bdf0      	pop	{r4, r5, r6, r7, pc}
1000a720:	0005      	movs	r5, r0
1000a722:	2a0f      	cmp	r2, #15
1000a724:	d80a      	bhi.n	1000a73c <memmove+0x38>
1000a726:	1e56      	subs	r6, r2, #1
1000a728:	2a00      	cmp	r2, #0
1000a72a:	d0f8      	beq.n	1000a71e <memmove+0x1a>
1000a72c:	2300      	movs	r3, #0
1000a72e:	5ccc      	ldrb	r4, [r1, r3]
1000a730:	001a      	movs	r2, r3
1000a732:	54ec      	strb	r4, [r5, r3]
1000a734:	3301      	adds	r3, #1
1000a736:	4296      	cmp	r6, r2
1000a738:	d1f9      	bne.n	1000a72e <memmove+0x2a>
1000a73a:	e7f0      	b.n	1000a71e <memmove+0x1a>
1000a73c:	2703      	movs	r7, #3
1000a73e:	003e      	movs	r6, r7
1000a740:	430d      	orrs	r5, r1
1000a742:	000c      	movs	r4, r1
1000a744:	0003      	movs	r3, r0
1000a746:	402e      	ands	r6, r5
1000a748:	422f      	tst	r7, r5
1000a74a:	d12d      	bne.n	1000a7a8 <memmove+0xa4>
1000a74c:	0015      	movs	r5, r2
1000a74e:	3d10      	subs	r5, #16
1000a750:	092d      	lsrs	r5, r5, #4
1000a752:	46ac      	mov	ip, r5
1000a754:	012f      	lsls	r7, r5, #4
1000a756:	183f      	adds	r7, r7, r0
1000a758:	6825      	ldr	r5, [r4, #0]
1000a75a:	601d      	str	r5, [r3, #0]
1000a75c:	6865      	ldr	r5, [r4, #4]
1000a75e:	605d      	str	r5, [r3, #4]
1000a760:	68a5      	ldr	r5, [r4, #8]
1000a762:	609d      	str	r5, [r3, #8]
1000a764:	68e5      	ldr	r5, [r4, #12]
1000a766:	3410      	adds	r4, #16
1000a768:	60dd      	str	r5, [r3, #12]
1000a76a:	001d      	movs	r5, r3
1000a76c:	3310      	adds	r3, #16
1000a76e:	42bd      	cmp	r5, r7
1000a770:	d1f2      	bne.n	1000a758 <memmove+0x54>
1000a772:	4665      	mov	r5, ip
1000a774:	230f      	movs	r3, #15
1000a776:	240c      	movs	r4, #12
1000a778:	3501      	adds	r5, #1
1000a77a:	012d      	lsls	r5, r5, #4
1000a77c:	1949      	adds	r1, r1, r5
1000a77e:	4013      	ands	r3, r2
1000a780:	1945      	adds	r5, r0, r5
1000a782:	4214      	tst	r4, r2
1000a784:	d013      	beq.n	1000a7ae <memmove+0xaa>
1000a786:	3b04      	subs	r3, #4
1000a788:	089b      	lsrs	r3, r3, #2
1000a78a:	3301      	adds	r3, #1
1000a78c:	009b      	lsls	r3, r3, #2
1000a78e:	598c      	ldr	r4, [r1, r6]
1000a790:	51ac      	str	r4, [r5, r6]
1000a792:	3604      	adds	r6, #4
1000a794:	429e      	cmp	r6, r3
1000a796:	d1fa      	bne.n	1000a78e <memmove+0x8a>
1000a798:	2303      	movs	r3, #3
1000a79a:	401a      	ands	r2, r3
1000a79c:	19ad      	adds	r5, r5, r6
1000a79e:	1989      	adds	r1, r1, r6
1000a7a0:	1e56      	subs	r6, r2, #1
1000a7a2:	2a00      	cmp	r2, #0
1000a7a4:	d1c2      	bne.n	1000a72c <memmove+0x28>
1000a7a6:	e7ba      	b.n	1000a71e <memmove+0x1a>
1000a7a8:	0005      	movs	r5, r0
1000a7aa:	1e56      	subs	r6, r2, #1
1000a7ac:	e7be      	b.n	1000a72c <memmove+0x28>
1000a7ae:	001a      	movs	r2, r3
1000a7b0:	e7b9      	b.n	1000a726 <memmove+0x22>
1000a7b2:	46c0      	nop			@ (mov r8, r8)

1000a7b4 <atexit>:
1000a7b4:	b510      	push	{r4, lr}
1000a7b6:	0001      	movs	r1, r0
1000a7b8:	2300      	movs	r3, #0
1000a7ba:	2200      	movs	r2, #0
1000a7bc:	2000      	movs	r0, #0
1000a7be:	f000 f801 	bl	1000a7c4 <__register_exitproc>
1000a7c2:	bd10      	pop	{r4, pc}

1000a7c4 <__register_exitproc>:
1000a7c4:	b5f0      	push	{r4, r5, r6, r7, lr}
1000a7c6:	46c6      	mov	lr, r8
1000a7c8:	4c1a      	ldr	r4, [pc, #104]	@ (1000a834 <__register_exitproc+0x70>)
1000a7ca:	b500      	push	{lr}
1000a7cc:	6825      	ldr	r5, [r4, #0]
1000a7ce:	2d00      	cmp	r5, #0
1000a7d0:	d02a      	beq.n	1000a828 <__register_exitproc+0x64>
1000a7d2:	686c      	ldr	r4, [r5, #4]
1000a7d4:	2c1f      	cmp	r4, #31
1000a7d6:	dc2a      	bgt.n	1000a82e <__register_exitproc+0x6a>
1000a7d8:	2800      	cmp	r0, #0
1000a7da:	d108      	bne.n	1000a7ee <__register_exitproc+0x2a>
1000a7dc:	2000      	movs	r0, #0
1000a7de:	1c63      	adds	r3, r4, #1
1000a7e0:	3402      	adds	r4, #2
1000a7e2:	00a4      	lsls	r4, r4, #2
1000a7e4:	606b      	str	r3, [r5, #4]
1000a7e6:	5161      	str	r1, [r4, r5]
1000a7e8:	bc80      	pop	{r7}
1000a7ea:	46b8      	mov	r8, r7
1000a7ec:	bdf0      	pop	{r4, r5, r6, r7, pc}
1000a7ee:	2788      	movs	r7, #136	@ 0x88
1000a7f0:	00a6      	lsls	r6, r4, #2
1000a7f2:	19ae      	adds	r6, r5, r6
1000a7f4:	51f2      	str	r2, [r6, r7]
1000a7f6:	3701      	adds	r7, #1
1000a7f8:	37ff      	adds	r7, #255	@ 0xff
1000a7fa:	46bc      	mov	ip, r7
1000a7fc:	2201      	movs	r2, #1
1000a7fe:	44ac      	add	ip, r5
1000a800:	4667      	mov	r7, ip
1000a802:	40a2      	lsls	r2, r4
1000a804:	683f      	ldr	r7, [r7, #0]
1000a806:	4690      	mov	r8, r2
1000a808:	4317      	orrs	r7, r2
1000a80a:	4662      	mov	r2, ip
1000a80c:	6017      	str	r7, [r2, #0]
1000a80e:	2784      	movs	r7, #132	@ 0x84
1000a810:	007f      	lsls	r7, r7, #1
1000a812:	51f3      	str	r3, [r6, r7]
1000a814:	2802      	cmp	r0, #2
1000a816:	d1e1      	bne.n	1000a7dc <__register_exitproc+0x18>
1000a818:	0028      	movs	r0, r5
1000a81a:	4642      	mov	r2, r8
1000a81c:	308d      	adds	r0, #141	@ 0x8d
1000a81e:	30ff      	adds	r0, #255	@ 0xff
1000a820:	6803      	ldr	r3, [r0, #0]
1000a822:	4313      	orrs	r3, r2
1000a824:	6003      	str	r3, [r0, #0]
1000a826:	e7d9      	b.n	1000a7dc <__register_exitproc+0x18>
1000a828:	4d03      	ldr	r5, [pc, #12]	@ (1000a838 <__register_exitproc+0x74>)
1000a82a:	6025      	str	r5, [r4, #0]
1000a82c:	e7d1      	b.n	1000a7d2 <__register_exitproc+0xe>
1000a82e:	2001      	movs	r0, #1
1000a830:	4240      	negs	r0, r0
1000a832:	e7d9      	b.n	1000a7e8 <__register_exitproc+0x24>
1000a834:	200016e4 	.word	0x200016e4
1000a838:	20001554 	.word	0x20001554

1000a83c <register_fini>:
1000a83c:	4b03      	ldr	r3, [pc, #12]	@ (1000a84c <register_fini+0x10>)
1000a83e:	b510      	push	{r4, lr}
1000a840:	2b00      	cmp	r3, #0
1000a842:	d002      	beq.n	1000a84a <register_fini+0xe>
1000a844:	4802      	ldr	r0, [pc, #8]	@ (1000a850 <register_fini+0x14>)
1000a846:	f7ff ffb5 	bl	1000a7b4 <atexit>
1000a84a:	bd10      	pop	{r4, pc}
1000a84c:	00000000 	.word	0x00000000
1000a850:	1000a669 	.word	0x1000a669

1000a854 <_fini>:
1000a854:	b5f8      	push	{r3, r4, r5, r6, r7, lr}
1000a856:	46c0      	nop			@ (mov r8, r8)

1000a858 <__sem_release_veneer>:
1000a858:	b401      	push	{r0}
1000a85a:	4802      	ldr	r0, [pc, #8]	@ (1000a864 <__sem_release_veneer+0xc>)
1000a85c:	4684      	mov	ip, r0
1000a85e:	bc01      	pop	{r0}
1000a860:	4760      	bx	ip
1000a862:	bf00      	nop
1000a864:	20000129 	.word	0x20000129

1000a868 <__flash_do_cmd_veneer>:
1000a868:	b401      	push	{r0}
1000a86a:	4802      	ldr	r0, [pc, #8]	@ (1000a874 <__flash_do_cmd_veneer+0xc>)
1000a86c:	4684      	mov	ip, r0
1000a86e:	bc01      	pop	{r0}
1000a870:	4760      	bx	ip
1000a872:	bf00      	nop
1000a874:	20000495 	.word	0x20000495

1000a878 <__mutex_exit_veneer>:
1000a878:	b401      	push	{r0}
1000a87a:	4802      	ldr	r0, [pc, #8]	@ (1000a884 <__mutex_exit_veneer+0xc>)
1000a87c:	4684      	mov	ip, r0
1000a87e:	bc01      	pop	{r0}
1000a880:	4760      	bx	ip
1000a882:	bf00      	nop
1000a884:	20000375 	.word	0x20000375

1000a888 <____aeabi_ldiv0_veneer>:
1000a888:	b401      	push	{r0}
1000a88a:	4802      	ldr	r0, [pc, #8]	@ (1000a894 <____aeabi_ldiv0_veneer+0xc>)
1000a88c:	4684      	mov	ip, r0
1000a88e:	bc01      	pop	{r0}
1000a890:	4760      	bx	ip
1000a892:	bf00      	nop
1000a894:	200010f1 	.word	0x200010f1

1000a898 <__recursive_mutex_try_enter_veneer>:
1000a898:	b401      	push	{r0}
1000a89a:	4802      	ldr	r0, [pc, #8]	@ (1000a8a4 <__recursive_mutex_try_enter_veneer+0xc>)
1000a89c:	4684      	mov	ip, r0
1000a89e:	bc01      	pop	{r0}
1000a8a0:	4760      	bx	ip
1000a8a2:	bf00      	nop
1000a8a4:	20000299 	.word	0x20000299

1000a8a8 <____aeabi_idiv0_veneer>:
1000a8a8:	b401      	push	{r0}
1000a8aa:	4802      	ldr	r0, [pc, #8]	@ (1000a8b4 <____aeabi_idiv0_veneer+0xc>)
1000a8ac:	4684      	mov	ip, r0
1000a8ae:	bc01      	pop	{r0}
1000a8b0:	4760      	bx	ip
1000a8b2:	bf00      	nop
1000a8b4:	200010f1 	.word	0x200010f1

1000a8b8 <__recursive_mutex_enter_blocking_veneer>:
1000a8b8:	b401      	push	{r0}
1000a8ba:	4802      	ldr	r0, [pc, #8]	@ (1000a8c4 <__recursive_mutex_enter_blocking_veneer+0xc>)
1000a8bc:	4684      	mov	ip, r0
1000a8be:	bc01      	pop	{r0}
1000a8c0:	4760      	bx	ip
1000a8c2:	bf00      	nop
1000a8c4:	20000171 	.word	0x20000171

1000a8c8 <__mutex_try_enter_veneer>:
1000a8c8:	b401      	push	{r0}
1000a8ca:	4802      	ldr	r0, [pc, #8]	@ (1000a8d4 <__mutex_try_enter_veneer+0xc>)
1000a8cc:	4684      	mov	ip, r0
1000a8ce:	bc01      	pop	{r0}
1000a8d0:	4760      	bx	ip
1000a8d2:	bf00      	nop
1000a8d4:	200001c1 	.word	0x200001c1

1000a8d8 <__mutex_enter_timeout_ms_veneer>:
1000a8d8:	b401      	push	{r0}
1000a8da:	4802      	ldr	r0, [pc, #8]	@ (1000a8e4 <__mutex_enter_timeout_ms_veneer+0xc>)
1000a8dc:	4684      	mov	ip, r0
1000a8de:	bc01      	pop	{r0}
1000a8e0:	4760      	bx	ip
1000a8e2:	bf00      	nop
1000a8e4:	200002e9 	.word	0x200002e9

1000a8e8 <__reset_non_control_endpoints_veneer>:
1000a8e8:	b401      	push	{r0}
1000a8ea:	4802      	ldr	r0, [pc, #8]	@ (1000a8f4 <__reset_non_control_endpoints_veneer+0xc>)
1000a8ec:	4684      	mov	ip, r0
1000a8ee:	bc01      	pop	{r0}
1000a8f0:	4760      	bx	ip
1000a8f2:	bf00      	nop
1000a8f4:	200005d1 	.word	0x200005d1

1000a8f8 <__mutex_try_enter_block_until_veneer>:
1000a8f8:	b401      	push	{r0}
1000a8fa:	4802      	ldr	r0, [pc, #8]	@ (1000a904 <__mutex_try_enter_block_until_veneer+0xc>)
1000a8fc:	4684      	mov	ip, r0
1000a8fe:	bc01      	pop	{r0}
1000a900:	4760      	bx	ip
1000a902:	bf00      	nop
1000a904:	20000201 	.word	0x20000201

1000a908 <__hw_endpoint_start_next_buffer_veneer>:
1000a908:	b401      	push	{r0}
1000a90a:	4802      	ldr	r0, [pc, #8]	@ (1000a914 <__hw_endpoint_start_next_buffer_veneer+0xc>)
1000a90c:	4684      	mov	ip, r0
1000a90e:	bc01      	pop	{r0}
1000a910:	4760      	bx	ip
1000a912:	bf00      	nop
1000a914:	20000e65 	.word	0x20000e65

1000a918 <__recursive_mutex_exit_veneer>:
1000a918:	b401      	push	{r0}
1000a91a:	4802      	ldr	r0, [pc, #8]	@ (1000a924 <__recursive_mutex_exit_veneer+0xc>)
1000a91c:	4684      	mov	ip, r0
1000a91e:	bc01      	pop	{r0}
1000a920:	4760      	bx	ip
1000a922:	bf00      	nop
1000a924:	2000039d 	.word	0x2000039d

1000a928 <__e15_is_critical_frame_period_veneer>:
1000a928:	b401      	push	{r0}
1000a92a:	4802      	ldr	r0, [pc, #8]	@ (1000a934 <__e15_is_critical_frame_period_veneer+0xc>)
1000a92c:	4684      	mov	ip, r0
1000a92e:	bc01      	pop	{r0}
1000a930:	4760      	bx	ip
1000a932:	bf00      	nop
1000a934:	20000dd5 	.word	0x20000dd5

1000a938 <___hw_endpoint_buffer_control_update32_veneer>:
1000a938:	b401      	push	{r0}
1000a93a:	4802      	ldr	r0, [pc, #8]	@ (1000a944 <___hw_endpoint_buffer_control_update32_veneer+0xc>)
1000a93c:	4684      	mov	ip, r0
1000a93e:	bc01      	pop	{r0}
1000a940:	4760      	bx	ip
1000a942:	bf00      	nop
1000a944:	20000e15 	.word	0x20000e15

1000a948 <__e15_is_bulkin_ep_veneer>:
1000a948:	b401      	push	{r0}
1000a94a:	4802      	ldr	r0, [pc, #8]	@ (1000a954 <__e15_is_bulkin_ep_veneer+0xc>)
1000a94c:	4684      	mov	ip, r0
1000a94e:	bc01      	pop	{r0}
1000a950:	4760      	bx	ip
1000a952:	bf00      	nop
1000a954:	20000dad 	.word	0x20000dad

1000a958 <__sem_acquire_block_until_veneer>:
1000a958:	b401      	push	{r0}
1000a95a:	4802      	ldr	r0, [pc, #8]	@ (1000a964 <__sem_acquire_block_until_veneer+0xc>)
1000a95c:	4684      	mov	ip, r0
1000a95e:	bc01      	pop	{r0}
1000a960:	4760      	bx	ip
1000a962:	bf00      	nop
1000a964:	200000c1 	.word	0x200000c1

1000a968 <__pre_init_runtime_init_early_resets>:
1000a968:	10001bb5                                ....

1000a96c <__pre_init_runtime_init_usb_power_down>:
1000a96c:	10001be1 10001dc5 100025c1 10002459     .........%..Y$..
1000a97c:	10002565                                e%..

1000a980 <__pre_init_runtime_init_clocks>:
1000a980:	10001ced                                ....

1000a984 <__pre_init_runtime_init_post_clock_resets>:
1000a984:	10001bfd                                ....

1000a988 <__pre_init_runtime_init_rp2040_gpio_ie_disable>:
1000a988:	10001c1d                                ....

1000a98c <__pre_init_runtime_init_spin_locks_reset>:
1000a98c:	10001c31                                1...

1000a990 <__pre_init_runtime_init_mutex>:
1000a990:	10000da1                                ....

1000a994 <__pre_init_runtime_init_install_ram_vector_table>:
1000a994:	10001c39                                9...

1000a998 <__pre_init_runtime_init_default_alarm_pool>:
1000a998:	10001189                                ....

1000a99c <__pre_init_first_per_core_initializer>:
1000a99c:	10001b7d                                }...

1000a9a0 <__pre_init_runtime_init_per_core_irq_priorities>:
1000a9a0:	100007a5                                ....

1000a9a4 <__init_array_start>:
1000a9a4:	1000a83d 	.word	0x1000a83d
1000a9a8:	100048bd 	.word	0x100048bd

1000a9ac <__frame_dummy_init_array_entry>:
1000a9ac:	100002fd                                ....

Disassembly of section .data:

200000c0 <sem_acquire_block_until>:
200000c0:	b5f8      	push	{r3, r4, r5, r6, r7, lr}
200000c2:	4647      	mov	r7, r8
200000c4:	46ce      	mov	lr, r9
200000c6:	b580      	push	{r7, lr}
200000c8:	001f      	movs	r7, r3
200000ca:	2300      	movs	r3, #0
200000cc:	0004      	movs	r4, r0
200000ce:	4690      	mov	r8, r2
200000d0:	4699      	mov	r9, r3
200000d2:	e00b      	b.n	200000ec <sem_acquire_block_until+0x2c>
200000d4:	f3bf 8f5f 	dmb	sy
200000d8:	464a      	mov	r2, r9
200000da:	601a      	str	r2, [r3, #0]
200000dc:	f38c 8810 	msr	PRIMASK, ip
200000e0:	4640      	mov	r0, r8
200000e2:	0039      	movs	r1, r7
200000e4:	f001 f820 	bl	20001128 <__best_effort_wfe_or_timeout_veneer>
200000e8:	2800      	cmp	r0, #0
200000ea:	d11a      	bne.n	20000122 <sem_acquire_block_until+0x62>
200000ec:	6826      	ldr	r6, [r4, #0]
200000ee:	f3ef 8c10 	mrs	ip, PRIMASK
200000f2:	b672      	cpsid	i
200000f4:	6835      	ldr	r5, [r6, #0]
200000f6:	2d00      	cmp	r5, #0
200000f8:	d0fc      	beq.n	200000f4 <sem_acquire_block_until+0x34>
200000fa:	f3bf 8f5f 	dmb	sy
200000fe:	2304      	movs	r3, #4
20000100:	5ee5      	ldrsh	r5, [r4, r3]
20000102:	6823      	ldr	r3, [r4, #0]
20000104:	2d00      	cmp	r5, #0
20000106:	dde5      	ble.n	200000d4 <sem_acquire_block_until+0x14>
20000108:	3d01      	subs	r5, #1
2000010a:	80a5      	strh	r5, [r4, #4]
2000010c:	f3bf 8f5f 	dmb	sy
20000110:	2200      	movs	r2, #0
20000112:	601a      	str	r2, [r3, #0]
20000114:	f38c 8810 	msr	PRIMASK, ip
20000118:	2001      	movs	r0, #1
2000011a:	bcc0      	pop	{r6, r7}
2000011c:	46b9      	mov	r9, r7
2000011e:	46b0      	mov	r8, r6
20000120:	bdf8      	pop	{r3, r4, r5, r6, r7, pc}
20000122:	2000      	movs	r0, #0
20000124:	e7f9      	b.n	2000011a <sem_acquire_block_until+0x5a>
20000126:	46c0      	nop			@ (mov r8, r8)

20000128 <sem_release>:
20000128:	b530      	push	{r4, r5, lr}
2000012a:	6802      	ldr	r2, [r0, #0]
2000012c:	f3ef 8110 	mrs	r1, PRIMASK
20000130:	b672      	cpsid	i
20000132:	6813      	ldr	r3, [r2, #0]
20000134:	2b00      	cmp	r3, #0
20000136:	d0fc      	beq.n	20000132 <sem_release+0xa>
20000138:	f3bf 8f5f 	dmb	sy
2000013c:	2204      	movs	r2, #4
2000013e:	5e83      	ldrsh	r3, [r0, r2]
20000140:	2506      	movs	r5, #6
20000142:	5f44      	ldrsh	r4, [r0, r5]
20000144:	6802      	ldr	r2, [r0, #0]
20000146:	429c      	cmp	r4, r3
20000148:	dd0a      	ble.n	20000160 <sem_release+0x38>
2000014a:	3301      	adds	r3, #1
2000014c:	8083      	strh	r3, [r0, #4]
2000014e:	f3bf 8f5f 	dmb	sy
20000152:	2300      	movs	r3, #0
20000154:	6013      	str	r3, [r2, #0]
20000156:	f381 8810 	msr	PRIMASK, r1
2000015a:	bf40      	sev
2000015c:	2001      	movs	r0, #1
2000015e:	bd30      	pop	{r4, r5, pc}
20000160:	f3bf 8f5f 	dmb	sy
20000164:	2300      	movs	r3, #0
20000166:	6013      	str	r3, [r2, #0]
20000168:	f381 8810 	msr	PRIMASK, r1
2000016c:	2000      	movs	r0, #0
2000016e:	e7f6      	b.n	2000015e <sem_release+0x36>

20000170 <recursive_mutex_enter_blocking>:
20000170:	23d0      	movs	r3, #208	@ 0xd0
20000172:	b530      	push	{r4, r5, lr}
20000174:	2400      	movs	r4, #0
20000176:	061b      	lsls	r3, r3, #24
20000178:	2500      	movs	r5, #0
2000017a:	571c      	ldrsb	r4, [r3, r4]
2000017c:	e007      	b.n	2000018e <recursive_mutex_enter_blocking+0x1e>
2000017e:	2b00      	cmp	r3, #0
20000180:	db13      	blt.n	200001aa <recursive_mutex_enter_blocking+0x3a>
20000182:	f3bf 8f5f 	dmb	sy
20000186:	6015      	str	r5, [r2, #0]
20000188:	f381 8810 	msr	PRIMASK, r1
2000018c:	bf20      	wfe
2000018e:	6802      	ldr	r2, [r0, #0]
20000190:	f3ef 8110 	mrs	r1, PRIMASK
20000194:	b672      	cpsid	i
20000196:	6813      	ldr	r3, [r2, #0]
20000198:	2b00      	cmp	r3, #0
2000019a:	d0fc      	beq.n	20000196 <recursive_mutex_enter_blocking+0x26>
2000019c:	f3bf 8f5f 	dmb	sy
200001a0:	2304      	movs	r3, #4
200001a2:	56c3      	ldrsb	r3, [r0, r3]
200001a4:	6802      	ldr	r2, [r0, #0]
200001a6:	42a3      	cmp	r3, r4
200001a8:	d1e9      	bne.n	2000017e <recursive_mutex_enter_blocking+0xe>
200001aa:	7943      	ldrb	r3, [r0, #5]
200001ac:	7104      	strb	r4, [r0, #4]
200001ae:	3301      	adds	r3, #1
200001b0:	7143      	strb	r3, [r0, #5]
200001b2:	f3bf 8f5f 	dmb	sy
200001b6:	2300      	movs	r3, #0
200001b8:	6013      	str	r3, [r2, #0]
200001ba:	f381 8810 	msr	PRIMASK, r1
200001be:	bd30      	pop	{r4, r5, pc}

200001c0 <mutex_try_enter>:
200001c0:	0003      	movs	r3, r0
200001c2:	6800      	ldr	r0, [r0, #0]
200001c4:	f3ef 8c10 	mrs	ip, PRIMASK
200001c8:	b672      	cpsid	i
200001ca:	6802      	ldr	r2, [r0, #0]
200001cc:	2a00      	cmp	r2, #0
200001ce:	d0fc      	beq.n	200001ca <mutex_try_enter+0xa>
200001d0:	f3bf 8f5f 	dmb	sy
200001d4:	2204      	movs	r2, #4
200001d6:	569a      	ldrsb	r2, [r3, r2]
200001d8:	2a00      	cmp	r2, #0
200001da:	db0b      	blt.n	200001f4 <mutex_try_enter+0x34>
200001dc:	2900      	cmp	r1, #0
200001de:	d000      	beq.n	200001e2 <mutex_try_enter+0x22>
200001e0:	600a      	str	r2, [r1, #0]
200001e2:	2000      	movs	r0, #0
200001e4:	681b      	ldr	r3, [r3, #0]
200001e6:	f3bf 8f5f 	dmb	sy
200001ea:	2200      	movs	r2, #0
200001ec:	601a      	str	r2, [r3, #0]
200001ee:	f38c 8810 	msr	PRIMASK, ip
200001f2:	4770      	bx	lr
200001f4:	22d0      	movs	r2, #208	@ 0xd0
200001f6:	0612      	lsls	r2, r2, #24
200001f8:	6812      	ldr	r2, [r2, #0]
200001fa:	2001      	movs	r0, #1
200001fc:	711a      	strb	r2, [r3, #4]
200001fe:	e7f1      	b.n	200001e4 <mutex_try_enter+0x24>

20000200 <mutex_try_enter_block_until>:
20000200:	b5f0      	push	{r4, r5, r6, r7, lr}
20000202:	46c6      	mov	lr, r8
20000204:	0015      	movs	r5, r2
20000206:	b500      	push	{lr}
20000208:	0004      	movs	r4, r0
2000020a:	001e      	movs	r6, r3
2000020c:	6802      	ldr	r2, [r0, #0]
2000020e:	f3ef 8110 	mrs	r1, PRIMASK
20000212:	b672      	cpsid	i
20000214:	6813      	ldr	r3, [r2, #0]
20000216:	2b00      	cmp	r3, #0
20000218:	d0fc      	beq.n	20000214 <mutex_try_enter_block_until+0x14>
2000021a:	f3bf 8f5f 	dmb	sy
2000021e:	2304      	movs	r3, #4
20000220:	56e3      	ldrsb	r3, [r4, r3]
20000222:	6822      	ldr	r2, [r4, #0]
20000224:	2b00      	cmp	r3, #0
20000226:	db2b      	blt.n	20000280 <mutex_try_enter_block_until+0x80>
20000228:	f3bf 8f5f 	dmb	sy
2000022c:	2000      	movs	r0, #0
2000022e:	6010      	str	r0, [r2, #0]
20000230:	f381 8810 	msr	PRIMASK, r1
20000234:	22d0      	movs	r2, #208	@ 0xd0
20000236:	0612      	lsls	r2, r2, #24
20000238:	7812      	ldrb	r2, [r2, #0]
2000023a:	2700      	movs	r7, #0
2000023c:	b252      	sxtb	r2, r2
2000023e:	4690      	mov	r8, r2
20000240:	429a      	cmp	r2, r3
20000242:	d10e      	bne.n	20000262 <mutex_try_enter_block_until+0x62>
20000244:	2000      	movs	r0, #0
20000246:	bc80      	pop	{r7}
20000248:	46b8      	mov	r8, r7
2000024a:	bdf0      	pop	{r4, r5, r6, r7, pc}
2000024c:	f3bf 8f5f 	dmb	sy
20000250:	6017      	str	r7, [r2, #0]
20000252:	f381 8810 	msr	PRIMASK, r1
20000256:	0028      	movs	r0, r5
20000258:	0031      	movs	r1, r6
2000025a:	f000 ff65 	bl	20001128 <__best_effort_wfe_or_timeout_veneer>
2000025e:	2800      	cmp	r0, #0
20000260:	d1f0      	bne.n	20000244 <mutex_try_enter_block_until+0x44>
20000262:	6822      	ldr	r2, [r4, #0]
20000264:	f3ef 8110 	mrs	r1, PRIMASK
20000268:	b672      	cpsid	i
2000026a:	6813      	ldr	r3, [r2, #0]
2000026c:	2b00      	cmp	r3, #0
2000026e:	d0fc      	beq.n	2000026a <mutex_try_enter_block_until+0x6a>
20000270:	f3bf 8f5f 	dmb	sy
20000274:	7923      	ldrb	r3, [r4, #4]
20000276:	6822      	ldr	r2, [r4, #0]
20000278:	2b7f      	cmp	r3, #127	@ 0x7f
2000027a:	d9e7      	bls.n	2000024c <mutex_try_enter_block_until+0x4c>
2000027c:	4643      	mov	r3, r8
2000027e:	e002      	b.n	20000286 <mutex_try_enter_block_until+0x86>
20000280:	23d0      	movs	r3, #208	@ 0xd0
20000282:	061b      	lsls	r3, r3, #24
20000284:	681b      	ldr	r3, [r3, #0]
20000286:	7123      	strb	r3, [r4, #4]
20000288:	f3bf 8f5f 	dmb	sy
2000028c:	2300      	movs	r3, #0
2000028e:	6013      	str	r3, [r2, #0]
20000290:	f381 8810 	msr	PRIMASK, r1
20000294:	2001      	movs	r0, #1
20000296:	e7d6      	b.n	20000246 <mutex_try_enter_block_until+0x46>

20000298 <recursive_mutex_try_enter>:
20000298:	22d0      	movs	r2, #208	@ 0xd0
2000029a:	0003      	movs	r3, r0
2000029c:	2000      	movs	r0, #0
2000029e:	0612      	lsls	r2, r2, #24
200002a0:	b510      	push	{r4, lr}
200002a2:	5610      	ldrsb	r0, [r2, r0]
200002a4:	681c      	ldr	r4, [r3, #0]
200002a6:	f3ef 8c10 	mrs	ip, PRIMASK
200002aa:	b672      	cpsid	i
200002ac:	6822      	ldr	r2, [r4, #0]
200002ae:	2a00      	cmp	r2, #0
200002b0:	d0fc      	beq.n	200002ac <recursive_mutex_try_enter+0x14>
200002b2:	f3bf 8f5f 	dmb	sy
200002b6:	2204      	movs	r2, #4
200002b8:	569a      	ldrsb	r2, [r3, r2]
200002ba:	2a00      	cmp	r2, #0
200002bc:	db06      	blt.n	200002cc <recursive_mutex_try_enter+0x34>
200002be:	4282      	cmp	r2, r0
200002c0:	d004      	beq.n	200002cc <recursive_mutex_try_enter+0x34>
200002c2:	2900      	cmp	r1, #0
200002c4:	d000      	beq.n	200002c8 <recursive_mutex_try_enter+0x30>
200002c6:	600a      	str	r2, [r1, #0]
200002c8:	2000      	movs	r0, #0
200002ca:	e004      	b.n	200002d6 <recursive_mutex_try_enter+0x3e>
200002cc:	7118      	strb	r0, [r3, #4]
200002ce:	2001      	movs	r0, #1
200002d0:	795a      	ldrb	r2, [r3, #5]
200002d2:	3201      	adds	r2, #1
200002d4:	715a      	strb	r2, [r3, #5]
200002d6:	681b      	ldr	r3, [r3, #0]
200002d8:	f3bf 8f5f 	dmb	sy
200002dc:	2200      	movs	r2, #0
200002de:	601a      	str	r2, [r3, #0]
200002e0:	f38c 8810 	msr	PRIMASK, ip
200002e4:	bd10      	pop	{r4, pc}
200002e6:	46c0      	nop			@ (mov r8, r8)

200002e8 <mutex_enter_timeout_ms>:
200002e8:	b5f0      	push	{r4, r5, r6, r7, lr}
200002ea:	46c6      	mov	lr, r8
200002ec:	b500      	push	{lr}
200002ee:	000d      	movs	r5, r1
200002f0:	0004      	movs	r4, r0
200002f2:	f000 ff29 	bl	20001148 <__time_us_64_veneer>
200002f6:	22fa      	movs	r2, #250	@ 0xfa
200002f8:	0006      	movs	r6, r0
200002fa:	000f      	movs	r7, r1
200002fc:	2300      	movs	r3, #0
200002fe:	0028      	movs	r0, r5
20000300:	2100      	movs	r1, #0
20000302:	0092      	lsls	r2, r2, #2
20000304:	f000 ff30 	bl	20001168 <____wrap___aeabi_lmul_veneer>
20000308:	1836      	adds	r6, r6, r0
2000030a:	414f      	adcs	r7, r1
2000030c:	2f00      	cmp	r7, #0
2000030e:	da02      	bge.n	20000316 <mutex_enter_timeout_ms+0x2e>
20000310:	2601      	movs	r6, #1
20000312:	4f17      	ldr	r7, [pc, #92]	@ (20000370 <mutex_enter_timeout_ms+0x88>)
20000314:	4276      	negs	r6, r6
20000316:	23d0      	movs	r3, #208	@ 0xd0
20000318:	061b      	lsls	r3, r3, #24
2000031a:	681b      	ldr	r3, [r3, #0]
2000031c:	2500      	movs	r5, #0
2000031e:	4698      	mov	r8, r3
20000320:	e00a      	b.n	20000338 <mutex_enter_timeout_ms+0x50>
20000322:	f3bf 8f5f 	dmb	sy
20000326:	6015      	str	r5, [r2, #0]
20000328:	f381 8810 	msr	PRIMASK, r1
2000032c:	0030      	movs	r0, r6
2000032e:	0039      	movs	r1, r7
20000330:	f000 fefa 	bl	20001128 <__best_effort_wfe_or_timeout_veneer>
20000334:	2800      	cmp	r0, #0
20000336:	d118      	bne.n	2000036a <mutex_enter_timeout_ms+0x82>
20000338:	6822      	ldr	r2, [r4, #0]
2000033a:	f3ef 8110 	mrs	r1, PRIMASK
2000033e:	b672      	cpsid	i
20000340:	6813      	ldr	r3, [r2, #0]
20000342:	2b00      	cmp	r3, #0
20000344:	d0fc      	beq.n	20000340 <mutex_enter_timeout_ms+0x58>
20000346:	f3bf 8f5f 	dmb	sy
2000034a:	7923      	ldrb	r3, [r4, #4]
2000034c:	6822      	ldr	r2, [r4, #0]
2000034e:	2b7f      	cmp	r3, #127	@ 0x7f
20000350:	d9e7      	bls.n	20000322 <mutex_enter_timeout_ms+0x3a>
20000352:	4643      	mov	r3, r8
20000354:	7123      	strb	r3, [r4, #4]
20000356:	f3bf 8f5f 	dmb	sy
2000035a:	2300      	movs	r3, #0
2000035c:	6013      	str	r3, [r2, #0]
2000035e:	f381 8810 	msr	PRIMASK, r1
20000362:	2001      	movs	r0, #1
20000364:	bc80      	pop	{r7}
20000366:	46b8      	mov	r8, r7
20000368:	bdf0      	pop	{r4, r5, r6, r7, pc}
2000036a:	2000      	movs	r0, #0
2000036c:	e7fa      	b.n	20000364 <mutex_enter_timeout_ms+0x7c>
2000036e:	46c0      	nop			@ (mov r8, r8)
20000370:	7fffffff 	.word	0x7fffffff

20000374 <mutex_exit>:
20000374:	6802      	ldr	r2, [r0, #0]
20000376:	f3ef 8110 	mrs	r1, PRIMASK
2000037a:	b672      	cpsid	i
2000037c:	6813      	ldr	r3, [r2, #0]
2000037e:	2b00      	cmp	r3, #0
20000380:	d0fc      	beq.n	2000037c <mutex_exit+0x8>
20000382:	f3bf 8f5f 	dmb	sy
20000386:	23ff      	movs	r3, #255	@ 0xff
20000388:	7103      	strb	r3, [r0, #4]
2000038a:	6803      	ldr	r3, [r0, #0]
2000038c:	f3bf 8f5f 	dmb	sy
20000390:	2200      	movs	r2, #0
20000392:	601a      	str	r2, [r3, #0]
20000394:	f381 8810 	msr	PRIMASK, r1
20000398:	bf40      	sev
2000039a:	4770      	bx	lr

2000039c <recursive_mutex_exit>:
2000039c:	b510      	push	{r4, lr}
2000039e:	6802      	ldr	r2, [r0, #0]
200003a0:	f3ef 8110 	mrs	r1, PRIMASK
200003a4:	b672      	cpsid	i
200003a6:	6813      	ldr	r3, [r2, #0]
200003a8:	2b00      	cmp	r3, #0
200003aa:	d0fc      	beq.n	200003a6 <recursive_mutex_exit+0xa>
200003ac:	f3bf 8f5f 	dmb	sy
200003b0:	7943      	ldrb	r3, [r0, #5]
200003b2:	6802      	ldr	r2, [r0, #0]
200003b4:	3b01      	subs	r3, #1
200003b6:	b2db      	uxtb	r3, r3
200003b8:	7143      	strb	r3, [r0, #5]
200003ba:	2b00      	cmp	r3, #0
200003bc:	d108      	bne.n	200003d0 <recursive_mutex_exit+0x34>
200003be:	24ff      	movs	r4, #255	@ 0xff
200003c0:	7104      	strb	r4, [r0, #4]
200003c2:	f3bf 8f5f 	dmb	sy
200003c6:	6013      	str	r3, [r2, #0]
200003c8:	f381 8810 	msr	PRIMASK, r1
200003cc:	bf40      	sev
200003ce:	bd10      	pop	{r4, pc}
200003d0:	f3bf 8f5f 	dmb	sy
200003d4:	2300      	movs	r3, #0
200003d6:	6013      	str	r3, [r2, #0]
200003d8:	f381 8810 	msr	PRIMASK, r1
200003dc:	e7f7      	b.n	200003ce <recursive_mutex_exit+0x32>
200003de:	46c0      	nop			@ (mov r8, r8)

200003e0 <flash_init_boot2_copyout>:
200003e0:	b510      	push	{r4, lr}
200003e2:	4c08      	ldr	r4, [pc, #32]	@ (20000404 <flash_init_boot2_copyout+0x24>)
200003e4:	7823      	ldrb	r3, [r4, #0]
200003e6:	2b00      	cmp	r3, #0
200003e8:	d10a      	bne.n	20000400 <flash_init_boot2_copyout+0x20>
200003ea:	2380      	movs	r3, #128	@ 0x80
200003ec:	4806      	ldr	r0, [pc, #24]	@ (20000408 <flash_init_boot2_copyout+0x28>)
200003ee:	4907      	ldr	r1, [pc, #28]	@ (2000040c <flash_init_boot2_copyout+0x2c>)
200003f0:	055b      	lsls	r3, r3, #21
200003f2:	681a      	ldr	r2, [r3, #0]
200003f4:	50c2      	str	r2, [r0, r3]
200003f6:	3304      	adds	r3, #4
200003f8:	428b      	cmp	r3, r1
200003fa:	d1fa      	bne.n	200003f2 <flash_init_boot2_copyout+0x12>
200003fc:	2301      	movs	r3, #1
200003fe:	7023      	strb	r3, [r4, #0]
20000400:	bd10      	pop	{r4, pc}
20000402:	46c0      	nop			@ (mov r8, r8)
20000404:	20002c69 	.word	0x20002c69
20000408:	10001ca4 	.word	0x10001ca4
2000040c:	10000100 	.word	0x10000100

20000410 <flash_enable_xip_via_boot2>:
20000410:	b510      	push	{r4, lr}
20000412:	4b01      	ldr	r3, [pc, #4]	@ (20000418 <flash_enable_xip_via_boot2+0x8>)
20000414:	4798      	blx	r3
20000416:	bd10      	pop	{r4, pc}
20000418:	20001ca5 	.word	0x20001ca5

2000041c <flash_save_hardware_state>:
2000041c:	4b06      	ldr	r3, [pc, #24]	@ (20000438 <flash_save_hardware_state+0x1c>)
2000041e:	685a      	ldr	r2, [r3, #4]
20000420:	6002      	str	r2, [r0, #0]
20000422:	689a      	ldr	r2, [r3, #8]
20000424:	6042      	str	r2, [r0, #4]
20000426:	68da      	ldr	r2, [r3, #12]
20000428:	6082      	str	r2, [r0, #8]
2000042a:	691a      	ldr	r2, [r3, #16]
2000042c:	60c2      	str	r2, [r0, #12]
2000042e:	695a      	ldr	r2, [r3, #20]
20000430:	6102      	str	r2, [r0, #16]
20000432:	699b      	ldr	r3, [r3, #24]
20000434:	6143      	str	r3, [r0, #20]
20000436:	4770      	bx	lr
20000438:	40020000 	.word	0x40020000

2000043c <flash_restore_hardware_state>:
2000043c:	6802      	ldr	r2, [r0, #0]
2000043e:	4b06      	ldr	r3, [pc, #24]	@ (20000458 <flash_restore_hardware_state+0x1c>)
20000440:	605a      	str	r2, [r3, #4]
20000442:	6842      	ldr	r2, [r0, #4]
20000444:	609a      	str	r2, [r3, #8]
20000446:	6882      	ldr	r2, [r0, #8]
20000448:	60da      	str	r2, [r3, #12]
2000044a:	68c2      	ldr	r2, [r0, #12]
2000044c:	611a      	str	r2, [r3, #16]
2000044e:	6902      	ldr	r2, [r0, #16]
20000450:	615a      	str	r2, [r3, #20]
20000452:	6942      	ldr	r2, [r0, #20]
20000454:	619a      	str	r2, [r3, #24]
20000456:	4770      	bx	lr
20000458:	40020000 	.word	0x40020000

2000045c <flash_cs_force.constprop.0>:
2000045c:	4b03      	ldr	r3, [pc, #12]	@ (2000046c <flash_cs_force.constprop.0+0x10>)
2000045e:	681a      	ldr	r2, [r3, #0]
20000460:	23c0      	movs	r3, #192	@ 0xc0
20000462:	009b      	lsls	r3, r3, #2
20000464:	4393      	bics	r3, r2
20000466:	4a02      	ldr	r2, [pc, #8]	@ (20000470 <flash_cs_force.constprop.0+0x14>)
20000468:	6013      	str	r3, [r2, #0]
2000046a:	4770      	bx	lr
2000046c:	4001800c 	.word	0x4001800c
20000470:	4001900c 	.word	0x4001900c

20000474 <flash_cs_force.constprop.1>:
20000474:	4b05      	ldr	r3, [pc, #20]	@ (2000048c <flash_cs_force.constprop.1+0x18>)
20000476:	681a      	ldr	r2, [r3, #0]
20000478:	2380      	movs	r3, #128	@ 0x80
2000047a:	009b      	lsls	r3, r3, #2
2000047c:	4053      	eors	r3, r2
2000047e:	22c0      	movs	r2, #192	@ 0xc0
20000480:	0092      	lsls	r2, r2, #2
20000482:	4013      	ands	r3, r2
20000484:	4a02      	ldr	r2, [pc, #8]	@ (20000490 <flash_cs_force.constprop.1+0x1c>)
20000486:	6013      	str	r3, [r2, #0]
20000488:	4770      	bx	lr
2000048a:	46c0      	nop			@ (mov r8, r8)
2000048c:	4001800c 	.word	0x4001800c
20000490:	4001900c 	.word	0x4001900c

20000494 <flash_do_cmd>:
20000494:	2300      	movs	r3, #0
20000496:	b5f0      	push	{r4, r5, r6, r7, lr}
20000498:	46de      	mov	lr, fp
2000049a:	4657      	mov	r7, sl
2000049c:	464e      	mov	r6, r9
2000049e:	4645      	mov	r5, r8
200004a0:	469a      	mov	sl, r3
200004a2:	b5e0      	push	{r5, r6, r7, lr}
200004a4:	b089      	sub	sp, #36	@ 0x24
200004a6:	9001      	str	r0, [sp, #4]
200004a8:	000e      	movs	r6, r1
200004aa:	8a98      	ldrh	r0, [r3, #20]
200004ac:	4945      	ldr	r1, [pc, #276]	@ (200005c4 <flash_do_cmd+0x130>)
200004ae:	8b1b      	ldrh	r3, [r3, #24]
200004b0:	0014      	movs	r4, r2
200004b2:	4798      	blx	r3
200004b4:	4653      	mov	r3, sl
200004b6:	4681      	mov	r9, r0
200004b8:	4943      	ldr	r1, [pc, #268]	@ (200005c8 <flash_do_cmd+0x134>)
200004ba:	8a98      	ldrh	r0, [r3, #20]
200004bc:	8b1b      	ldrh	r3, [r3, #24]
200004be:	4798      	blx	r3
200004c0:	4653      	mov	r3, sl
200004c2:	4942      	ldr	r1, [pc, #264]	@ (200005cc <flash_do_cmd+0x138>)
200004c4:	0005      	movs	r5, r0
200004c6:	8a98      	ldrh	r0, [r3, #20]
200004c8:	8b1b      	ldrh	r3, [r3, #24]
200004ca:	4798      	blx	r3
200004cc:	4680      	mov	r8, r0
200004ce:	f7ff ff87 	bl	200003e0 <flash_init_boot2_copyout>
200004d2:	a802      	add	r0, sp, #8
200004d4:	f7ff ffa2 	bl	2000041c <flash_save_hardware_state>
200004d8:	47c8      	blx	r9
200004da:	47a8      	blx	r5
200004dc:	f7ff ffca 	bl	20000474 <flash_cs_force.constprop.1>
200004e0:	1e25      	subs	r5, r4, #0
200004e2:	d022      	beq.n	2000052a <flash_do_cmd+0x96>
200004e4:	2308      	movs	r3, #8
200004e6:	21c0      	movs	r1, #192	@ 0xc0
200004e8:	469c      	mov	ip, r3
200004ea:	2002      	movs	r0, #2
200004ec:	0549      	lsls	r1, r1, #21
200004ee:	4662      	mov	r2, ip
200004f0:	6a8b      	ldr	r3, [r1, #40]	@ 0x28
200004f2:	401a      	ands	r2, r3
200004f4:	4218      	tst	r0, r3
200004f6:	d03f      	beq.n	20000578 <flash_do_cmd+0xe4>
200004f8:	1b63      	subs	r3, r4, r5
200004fa:	2d00      	cmp	r5, #0
200004fc:	d12f      	bne.n	2000055e <flash_do_cmd+0xca>
200004fe:	2a00      	cmp	r2, #0
20000500:	d111      	bne.n	20000526 <flash_do_cmd+0x92>
20000502:	2c00      	cmp	r4, #0
20000504:	d011      	beq.n	2000052a <flash_do_cmd+0x96>
20000506:	23c0      	movs	r3, #192	@ 0xc0
20000508:	055b      	lsls	r3, r3, #21
2000050a:	469b      	mov	fp, r3
2000050c:	2302      	movs	r3, #2
2000050e:	469a      	mov	sl, r3
20000510:	3306      	adds	r3, #6
20000512:	4699      	mov	r9, r3
20000514:	465b      	mov	r3, fp
20000516:	464a      	mov	r2, r9
20000518:	4657      	mov	r7, sl
2000051a:	6a9b      	ldr	r3, [r3, #40]	@ 0x28
2000051c:	401a      	ands	r2, r3
2000051e:	421f      	tst	r7, r3
20000520:	d042      	beq.n	200005a8 <flash_do_cmd+0x114>
20000522:	2a00      	cmp	r2, #0
20000524:	d0f6      	beq.n	20000514 <flash_do_cmd+0x80>
20000526:	2c00      	cmp	r4, #0
20000528:	d130      	bne.n	2000058c <flash_do_cmd+0xf8>
2000052a:	f7ff ff97 	bl	2000045c <flash_cs_force.constprop.0>
2000052e:	47c0      	blx	r8
20000530:	f7ff ff6e 	bl	20000410 <flash_enable_xip_via_boot2>
20000534:	a802      	add	r0, sp, #8
20000536:	f7ff ff81 	bl	2000043c <flash_restore_hardware_state>
2000053a:	b009      	add	sp, #36	@ 0x24
2000053c:	bcf0      	pop	{r4, r5, r6, r7}
2000053e:	46bb      	mov	fp, r7
20000540:	46b2      	mov	sl, r6
20000542:	46a9      	mov	r9, r5
20000544:	46a0      	mov	r8, r4
20000546:	bdf0      	pop	{r4, r5, r6, r7, pc}
20000548:	2c00      	cmp	r4, #0
2000054a:	d12f      	bne.n	200005ac <flash_do_cmd+0x118>
2000054c:	22c0      	movs	r2, #192	@ 0xc0
2000054e:	0552      	lsls	r2, r2, #21
20000550:	6a92      	ldr	r2, [r2, #40]	@ 0x28
20000552:	4691      	mov	r9, r2
20000554:	2208      	movs	r2, #8
20000556:	464f      	mov	r7, r9
20000558:	403a      	ands	r2, r7
2000055a:	07bf      	lsls	r7, r7, #30
2000055c:	d52d      	bpl.n	200005ba <flash_do_cmd+0x126>
2000055e:	2b0d      	cmp	r3, #13
20000560:	d91b      	bls.n	2000059a <flash_do_cmd+0x106>
20000562:	2a00      	cmp	r2, #0
20000564:	d1f0      	bne.n	20000548 <flash_do_cmd+0xb4>
20000566:	22c0      	movs	r2, #192	@ 0xc0
20000568:	0552      	lsls	r2, r2, #21
2000056a:	6a92      	ldr	r2, [r2, #40]	@ 0x28
2000056c:	4691      	mov	r9, r2
2000056e:	2208      	movs	r2, #8
20000570:	464f      	mov	r7, r9
20000572:	403a      	ands	r2, r7
20000574:	07bf      	lsls	r7, r7, #30
20000576:	d4f2      	bmi.n	2000055e <flash_do_cmd+0xca>
20000578:	2a00      	cmp	r2, #0
2000057a:	d104      	bne.n	20000586 <flash_do_cmd+0xf2>
2000057c:	002b      	movs	r3, r5
2000057e:	4323      	orrs	r3, r4
20000580:	2b00      	cmp	r3, #0
20000582:	d1b4      	bne.n	200004ee <flash_do_cmd+0x5a>
20000584:	e7d1      	b.n	2000052a <flash_do_cmd+0x96>
20000586:	002b      	movs	r3, r5
20000588:	2c00      	cmp	r4, #0
2000058a:	d0f9      	beq.n	20000580 <flash_do_cmd+0xec>
2000058c:	6e0b      	ldr	r3, [r1, #96]	@ 0x60
2000058e:	3c01      	subs	r4, #1
20000590:	7033      	strb	r3, [r6, #0]
20000592:	0023      	movs	r3, r4
20000594:	3601      	adds	r6, #1
20000596:	432b      	orrs	r3, r5
20000598:	e7f2      	b.n	20000580 <flash_do_cmd+0xec>
2000059a:	9f01      	ldr	r7, [sp, #4]
2000059c:	3d01      	subs	r5, #1
2000059e:	783b      	ldrb	r3, [r7, #0]
200005a0:	3701      	adds	r7, #1
200005a2:	660b      	str	r3, [r1, #96]	@ 0x60
200005a4:	9701      	str	r7, [sp, #4]
200005a6:	e7e7      	b.n	20000578 <flash_do_cmd+0xe4>
200005a8:	2500      	movs	r5, #0
200005aa:	e7e5      	b.n	20000578 <flash_do_cmd+0xe4>
200005ac:	23c0      	movs	r3, #192	@ 0xc0
200005ae:	055b      	lsls	r3, r3, #21
200005b0:	6e1b      	ldr	r3, [r3, #96]	@ 0x60
200005b2:	3c01      	subs	r4, #1
200005b4:	7033      	strb	r3, [r6, #0]
200005b6:	3601      	adds	r6, #1
200005b8:	e799      	b.n	200004ee <flash_do_cmd+0x5a>
200005ba:	002b      	movs	r3, r5
200005bc:	2a00      	cmp	r2, #0
200005be:	d1df      	bne.n	20000580 <flash_do_cmd+0xec>
200005c0:	e7dc      	b.n	2000057c <flash_do_cmd+0xe8>
200005c2:	46c0      	nop			@ (mov r8, r8)
200005c4:	00004649 	.word	0x00004649
200005c8:	00005845 	.word	0x00005845
200005cc:	00004346 	.word	0x00004346

200005d0 <reset_non_control_endpoints>:
200005d0:	2200      	movs	r2, #0
200005d2:	4b15      	ldr	r3, [pc, #84]	@ (20000628 <reset_non_control_endpoints+0x58>)
200005d4:	b510      	push	{r4, lr}
200005d6:	609a      	str	r2, [r3, #8]
200005d8:	60da      	str	r2, [r3, #12]
200005da:	611a      	str	r2, [r3, #16]
200005dc:	615a      	str	r2, [r3, #20]
200005de:	619a      	str	r2, [r3, #24]
200005e0:	61da      	str	r2, [r3, #28]
200005e2:	621a      	str	r2, [r3, #32]
200005e4:	625a      	str	r2, [r3, #36]	@ 0x24
200005e6:	629a      	str	r2, [r3, #40]	@ 0x28
200005e8:	62da      	str	r2, [r3, #44]	@ 0x2c
200005ea:	631a      	str	r2, [r3, #48]	@ 0x30
200005ec:	635a      	str	r2, [r3, #52]	@ 0x34
200005ee:	639a      	str	r2, [r3, #56]	@ 0x38
200005f0:	63da      	str	r2, [r3, #60]	@ 0x3c
200005f2:	641a      	str	r2, [r3, #64]	@ 0x40
200005f4:	645a      	str	r2, [r3, #68]	@ 0x44
200005f6:	649a      	str	r2, [r3, #72]	@ 0x48
200005f8:	64da      	str	r2, [r3, #76]	@ 0x4c
200005fa:	651a      	str	r2, [r3, #80]	@ 0x50
200005fc:	655a      	str	r2, [r3, #84]	@ 0x54
200005fe:	659a      	str	r2, [r3, #88]	@ 0x58
20000600:	65da      	str	r2, [r3, #92]	@ 0x5c
20000602:	661a      	str	r2, [r3, #96]	@ 0x60
20000604:	665a      	str	r2, [r3, #100]	@ 0x64
20000606:	669a      	str	r2, [r3, #104]	@ 0x68
20000608:	66da      	str	r2, [r3, #108]	@ 0x6c
2000060a:	671a      	str	r2, [r3, #112]	@ 0x70
2000060c:	675a      	str	r2, [r3, #116]	@ 0x74
2000060e:	679a      	str	r2, [r3, #120]	@ 0x78
20000610:	67da      	str	r2, [r3, #124]	@ 0x7c
20000612:	32f0      	adds	r2, #240	@ 0xf0
20000614:	0092      	lsls	r2, r2, #2
20000616:	2100      	movs	r1, #0
20000618:	4804      	ldr	r0, [pc, #16]	@ (2000062c <reset_non_control_endpoints+0x5c>)
2000061a:	f000 fd8d 	bl	20001138 <____wrap_memset_veneer>
2000061e:	4b04      	ldr	r3, [pc, #16]	@ (20000630 <reset_non_control_endpoints+0x60>)
20000620:	4a04      	ldr	r2, [pc, #16]	@ (20000634 <reset_non_control_endpoints+0x64>)
20000622:	601a      	str	r2, [r3, #0]
20000624:	bd10      	pop	{r4, pc}
20000626:	46c0      	nop			@ (mov r8, r8)
20000628:	50100000 	.word	0x50100000
2000062c:	2000274c 	.word	0x2000274c
20000630:	20002b14 	.word	0x20002b14
20000634:	50100180 	.word	0x50100180

20000638 <hw_handle_buff_status>:
20000638:	b5f0      	push	{r4, r5, r6, r7, lr}
2000063a:	464e      	mov	r6, r9
2000063c:	4645      	mov	r5, r8
2000063e:	46de      	mov	lr, fp
20000640:	4657      	mov	r7, sl
20000642:	b5e0      	push	{r5, r6, r7, lr}
20000644:	4b21      	ldr	r3, [pc, #132]	@ (200006cc <hw_handle_buff_status+0x94>)
20000646:	2400      	movs	r4, #0
20000648:	6d9e      	ldr	r6, [r3, #88]	@ 0x58
2000064a:	2501      	movs	r5, #1
2000064c:	b085      	sub	sp, #20
2000064e:	2e00      	cmp	r6, #0
20000650:	d022      	beq.n	20000698 <hw_handle_buff_status+0x60>
20000652:	4b1f      	ldr	r3, [pc, #124]	@ (200006d0 <hw_handle_buff_status+0x98>)
20000654:	469a      	mov	sl, r3
20000656:	2301      	movs	r3, #1
20000658:	4699      	mov	r9, r3
2000065a:	4b1e      	ldr	r3, [pc, #120]	@ (200006d4 <hw_handle_buff_status+0x9c>)
2000065c:	4698      	mov	r8, r3
2000065e:	e001      	b.n	20000664 <hw_handle_buff_status+0x2c>
20000660:	2c20      	cmp	r4, #32
20000662:	d019      	beq.n	20000698 <hw_handle_buff_status+0x60>
20000664:	002a      	movs	r2, r5
20000666:	0023      	movs	r3, r4
20000668:	3401      	adds	r4, #1
2000066a:	002f      	movs	r7, r5
2000066c:	4032      	ands	r2, r6
2000066e:	b2e4      	uxtb	r4, r4
20000670:	006d      	lsls	r5, r5, #1
20000672:	2a00      	cmp	r2, #0
20000674:	d0f4      	beq.n	20000660 <hw_handle_buff_status+0x28>
20000676:	4652      	mov	r2, sl
20000678:	6597      	str	r7, [r2, #88]	@ 0x58
2000067a:	464a      	mov	r2, r9
2000067c:	085b      	lsrs	r3, r3, #1
2000067e:	005b      	lsls	r3, r3, #1
20000680:	4022      	ands	r2, r4
20000682:	189b      	adds	r3, r3, r2
20000684:	015b      	lsls	r3, r3, #5
20000686:	4443      	add	r3, r8
20000688:	0018      	movs	r0, r3
2000068a:	469b      	mov	fp, r3
2000068c:	f000 fc1e 	bl	20000ecc <hw_endpoint_xfer_continue>
20000690:	2800      	cmp	r0, #0
20000692:	d108      	bne.n	200006a6 <hw_handle_buff_status+0x6e>
20000694:	43be      	bics	r6, r7
20000696:	d1e3      	bne.n	20000660 <hw_handle_buff_status+0x28>
20000698:	b005      	add	sp, #20
2000069a:	bcf0      	pop	{r4, r5, r6, r7}
2000069c:	46bb      	mov	fp, r7
2000069e:	46b2      	mov	sl, r6
200006a0:	46a9      	mov	r9, r5
200006a2:	46a0      	mov	r8, r4
200006a4:	bdf0      	pop	{r4, r5, r6, r7, pc}
200006a6:	465b      	mov	r3, fp
200006a8:	21e0      	movs	r1, #224	@ 0xe0
200006aa:	789a      	ldrb	r2, [r3, #2]
200006ac:	8adb      	ldrh	r3, [r3, #22]
200006ae:	a801      	add	r0, sp, #4
200006b0:	6083      	str	r3, [r0, #8]
200006b2:	2300      	movs	r3, #0
200006b4:	00c9      	lsls	r1, r1, #3
200006b6:	8001      	strh	r1, [r0, #0]
200006b8:	2101      	movs	r1, #1
200006ba:	7102      	strb	r2, [r0, #4]
200006bc:	7143      	strb	r3, [r0, #5]
200006be:	f000 fc25 	bl	20000f0c <dcd_event_handler>
200006c2:	4658      	mov	r0, fp
200006c4:	f000 fba0 	bl	20000e08 <hw_endpoint_reset_transfer>
200006c8:	e7e4      	b.n	20000694 <hw_handle_buff_status+0x5c>
200006ca:	46c0      	nop			@ (mov r8, r8)
200006cc:	50110000 	.word	0x50110000
200006d0:	50113000 	.word	0x50113000
200006d4:	2000270c 	.word	0x2000270c

200006d8 <dcd_rp2040_irq>:
200006d8:	2398      	movs	r3, #152	@ 0x98
200006da:	b5f0      	push	{r4, r5, r6, r7, lr}
200006dc:	46c6      	mov	lr, r8
200006de:	4ac8      	ldr	r2, [pc, #800]	@ (20000a00 <dcd_rp2040_irq+0x328>)
200006e0:	b500      	push	{lr}
200006e2:	58d5      	ldr	r5, [r2, r3]
200006e4:	2380      	movs	r3, #128	@ 0x80
200006e6:	002e      	movs	r6, r5
200006e8:	029b      	lsls	r3, r3, #10
200006ea:	2410      	movs	r4, #16
200006ec:	b084      	sub	sp, #16
200006ee:	401e      	ands	r6, r3
200006f0:	421d      	tst	r5, r3
200006f2:	d074      	beq.n	200007de <dcd_rp2040_irq+0x106>
200006f4:	4bc3      	ldr	r3, [pc, #780]	@ (20000a04 <dcd_rp2040_irq+0x32c>)
200006f6:	4cc4      	ldr	r4, [pc, #784]	@ (20000a08 <dcd_rp2040_irq+0x330>)
200006f8:	6a9a      	ldr	r2, [r3, #40]	@ 0x28
200006fa:	4bc4      	ldr	r3, [pc, #784]	@ (20000a0c <dcd_rp2040_irq+0x334>)
200006fc:	2600      	movs	r6, #0
200006fe:	601a      	str	r2, [r3, #0]
20000700:	233b      	movs	r3, #59	@ 0x3b
20000702:	5ce3      	ldrb	r3, [r4, r3]
20000704:	2b02      	cmp	r3, #2
20000706:	d100      	bne.n	2000070a <dcd_rp2040_irq+0x32>
20000708:	e14f      	b.n	200009aa <dcd_rp2040_irq+0x2d2>
2000070a:	237b      	movs	r3, #123	@ 0x7b
2000070c:	5ce3      	ldrb	r3, [r4, r3]
2000070e:	2b02      	cmp	r3, #2
20000710:	d100      	bne.n	20000714 <dcd_rp2040_irq+0x3c>
20000712:	e0f3      	b.n	200008fc <dcd_rp2040_irq+0x224>
20000714:	23bb      	movs	r3, #187	@ 0xbb
20000716:	5ce3      	ldrb	r3, [r4, r3]
20000718:	2b02      	cmp	r3, #2
2000071a:	d100      	bne.n	2000071e <dcd_rp2040_irq+0x46>
2000071c:	e0fa      	b.n	20000914 <dcd_rp2040_irq+0x23c>
2000071e:	23fb      	movs	r3, #251	@ 0xfb
20000720:	5ce3      	ldrb	r3, [r4, r3]
20000722:	2b02      	cmp	r3, #2
20000724:	d100      	bne.n	20000728 <dcd_rp2040_irq+0x50>
20000726:	e101      	b.n	2000092c <dcd_rp2040_irq+0x254>
20000728:	233c      	movs	r3, #60	@ 0x3c
2000072a:	33ff      	adds	r3, #255	@ 0xff
2000072c:	5ce3      	ldrb	r3, [r4, r3]
2000072e:	2b02      	cmp	r3, #2
20000730:	d100      	bne.n	20000734 <dcd_rp2040_irq+0x5c>
20000732:	e12d      	b.n	20000990 <dcd_rp2040_irq+0x2b8>
20000734:	237c      	movs	r3, #124	@ 0x7c
20000736:	33ff      	adds	r3, #255	@ 0xff
20000738:	5ce3      	ldrb	r3, [r4, r3]
2000073a:	2b02      	cmp	r3, #2
2000073c:	d100      	bne.n	20000740 <dcd_rp2040_irq+0x68>
2000073e:	e10e      	b.n	2000095e <dcd_rp2040_irq+0x286>
20000740:	23bc      	movs	r3, #188	@ 0xbc
20000742:	33ff      	adds	r3, #255	@ 0xff
20000744:	5ce3      	ldrb	r3, [r4, r3]
20000746:	2b02      	cmp	r3, #2
20000748:	d100      	bne.n	2000074c <dcd_rp2040_irq+0x74>
2000074a:	e13f      	b.n	200009cc <dcd_rp2040_irq+0x2f4>
2000074c:	23fc      	movs	r3, #252	@ 0xfc
2000074e:	33ff      	adds	r3, #255	@ 0xff
20000750:	5ce3      	ldrb	r3, [r4, r3]
20000752:	2b02      	cmp	r3, #2
20000754:	d100      	bne.n	20000758 <dcd_rp2040_irq+0x80>
20000756:	e0f5      	b.n	20000944 <dcd_rp2040_irq+0x26c>
20000758:	4bad      	ldr	r3, [pc, #692]	@ (20000a10 <dcd_rp2040_irq+0x338>)
2000075a:	5ce3      	ldrb	r3, [r4, r3]
2000075c:	2b02      	cmp	r3, #2
2000075e:	d100      	bne.n	20000762 <dcd_rp2040_irq+0x8a>
20000760:	e174      	b.n	20000a4c <dcd_rp2040_irq+0x374>
20000762:	4bac      	ldr	r3, [pc, #688]	@ (20000a14 <dcd_rp2040_irq+0x33c>)
20000764:	5ce3      	ldrb	r3, [r4, r3]
20000766:	2b02      	cmp	r3, #2
20000768:	d100      	bne.n	2000076c <dcd_rp2040_irq+0x94>
2000076a:	e105      	b.n	20000978 <dcd_rp2040_irq+0x2a0>
2000076c:	4baa      	ldr	r3, [pc, #680]	@ (20000a18 <dcd_rp2040_irq+0x340>)
2000076e:	5ce3      	ldrb	r3, [r4, r3]
20000770:	2b02      	cmp	r3, #2
20000772:	d100      	bne.n	20000776 <dcd_rp2040_irq+0x9e>
20000774:	e175      	b.n	20000a62 <dcd_rp2040_irq+0x38a>
20000776:	4ba9      	ldr	r3, [pc, #676]	@ (20000a1c <dcd_rp2040_irq+0x344>)
20000778:	5ce3      	ldrb	r3, [r4, r3]
2000077a:	2b02      	cmp	r3, #2
2000077c:	d100      	bne.n	20000780 <dcd_rp2040_irq+0xa8>
2000077e:	e132      	b.n	200009e6 <dcd_rp2040_irq+0x30e>
20000780:	4ba7      	ldr	r3, [pc, #668]	@ (20000a20 <dcd_rp2040_irq+0x348>)
20000782:	5ce3      	ldrb	r3, [r4, r3]
20000784:	2b02      	cmp	r3, #2
20000786:	d100      	bne.n	2000078a <dcd_rp2040_irq+0xb2>
20000788:	e1a0      	b.n	20000acc <dcd_rp2040_irq+0x3f4>
2000078a:	4ba6      	ldr	r3, [pc, #664]	@ (20000a24 <dcd_rp2040_irq+0x34c>)
2000078c:	5ce3      	ldrb	r3, [r4, r3]
2000078e:	2b02      	cmp	r3, #2
20000790:	d100      	bne.n	20000794 <dcd_rp2040_irq+0xbc>
20000792:	e171      	b.n	20000a78 <dcd_rp2040_irq+0x3a0>
20000794:	4ba4      	ldr	r3, [pc, #656]	@ (20000a28 <dcd_rp2040_irq+0x350>)
20000796:	5ce3      	ldrb	r3, [r4, r3]
20000798:	2b02      	cmp	r3, #2
2000079a:	d100      	bne.n	2000079e <dcd_rp2040_irq+0xc6>
2000079c:	e1a1      	b.n	20000ae2 <dcd_rp2040_irq+0x40a>
2000079e:	4ba3      	ldr	r3, [pc, #652]	@ (20000a2c <dcd_rp2040_irq+0x354>)
200007a0:	5ce3      	ldrb	r3, [r4, r3]
200007a2:	2b02      	cmp	r3, #2
200007a4:	d100      	bne.n	200007a8 <dcd_rp2040_irq+0xd0>
200007a6:	e17f      	b.n	20000aa8 <dcd_rp2040_irq+0x3d0>
200007a8:	2e00      	cmp	r6, #0
200007aa:	d108      	bne.n	200007be <dcd_rp2040_irq+0xe6>
200007ac:	4ba0      	ldr	r3, [pc, #640]	@ (20000a30 <dcd_rp2040_irq+0x358>)
200007ae:	781b      	ldrb	r3, [r3, #0]
200007b0:	2b00      	cmp	r3, #0
200007b2:	d104      	bne.n	200007be <dcd_rp2040_irq+0xe6>
200007b4:	2180      	movs	r1, #128	@ 0x80
200007b6:	4a9f      	ldr	r2, [pc, #636]	@ (20000a34 <dcd_rp2040_irq+0x35c>)
200007b8:	3390      	adds	r3, #144	@ 0x90
200007ba:	0289      	lsls	r1, r1, #10
200007bc:	50d1      	str	r1, [r2, r3]
200007be:	22c0      	movs	r2, #192	@ 0xc0
200007c0:	4669      	mov	r1, sp
200007c2:	4b8f      	ldr	r3, [pc, #572]	@ (20000a00 <dcd_rp2040_irq+0x328>)
200007c4:	0092      	lsls	r2, r2, #2
200007c6:	6c9b      	ldr	r3, [r3, #72]	@ 0x48
200007c8:	2680      	movs	r6, #128	@ 0x80
200007ca:	055b      	lsls	r3, r3, #21
200007cc:	808a      	strh	r2, [r1, #4]
200007ce:	0d5b      	lsrs	r3, r3, #21
200007d0:	2101      	movs	r1, #1
200007d2:	a801      	add	r0, sp, #4
200007d4:	9302      	str	r3, [sp, #8]
200007d6:	f000 fb99 	bl	20000f0c <dcd_event_handler>
200007da:	4c97      	ldr	r4, [pc, #604]	@ (20000a38 <dcd_rp2040_irq+0x360>)
200007dc:	02b6      	lsls	r6, r6, #10
200007de:	06eb      	lsls	r3, r5, #27
200007e0:	d500      	bpl.n	200007e4 <dcd_rp2040_irq+0x10c>
200007e2:	e07f      	b.n	200008e4 <dcd_rp2040_irq+0x20c>
200007e4:	2380      	movs	r3, #128	@ 0x80
200007e6:	025b      	lsls	r3, r3, #9
200007e8:	421d      	tst	r5, r3
200007ea:	d031      	beq.n	20000850 <dcd_rp2040_irq+0x178>
200007ec:	431e      	orrs	r6, r3
200007ee:	2301      	movs	r3, #1
200007f0:	2402      	movs	r4, #2
200007f2:	4698      	mov	r8, r3
200007f4:	4f84      	ldr	r7, [pc, #528]	@ (20000a08 <dcd_rp2040_irq+0x330>)
200007f6:	7ebb      	ldrb	r3, [r7, #26]
200007f8:	2b00      	cmp	r3, #0
200007fa:	d014      	beq.n	20000826 <dcd_rp2040_irq+0x14e>
200007fc:	f000 fc84 	bl	20001108 <__rp2040_chip_version_veneer>
20000800:	2801      	cmp	r0, #1
20000802:	d900      	bls.n	20000806 <dcd_rp2040_irq+0x12e>
20000804:	e072      	b.n	200008ec <dcd_rp2040_irq+0x214>
20000806:	22c0      	movs	r2, #192	@ 0xc0
20000808:	2100      	movs	r1, #0
2000080a:	0038      	movs	r0, r7
2000080c:	0192      	lsls	r2, r2, #6
2000080e:	f000 fb01 	bl	20000e14 <_hw_endpoint_buffer_control_update32>
20000812:	0038      	movs	r0, r7
20000814:	f000 faf8 	bl	20000e08 <hw_endpoint_reset_transfer>
20000818:	f000 fc76 	bl	20001108 <__rp2040_chip_version_veneer>
2000081c:	2801      	cmp	r0, #1
2000081e:	d902      	bls.n	20000826 <dcd_rp2040_irq+0x14e>
20000820:	4b84      	ldr	r3, [pc, #528]	@ (20000a34 <dcd_rp2040_irq+0x35c>)
20000822:	665c      	str	r4, [r3, #100]	@ 0x64
20000824:	661c      	str	r4, [r3, #96]	@ 0x60
20000826:	4643      	mov	r3, r8
20000828:	70fb      	strb	r3, [r7, #3]
2000082a:	3720      	adds	r7, #32
2000082c:	2c01      	cmp	r4, #1
2000082e:	d122      	bne.n	20000876 <dcd_rp2040_irq+0x19e>
20000830:	23c0      	movs	r3, #192	@ 0xc0
20000832:	466a      	mov	r2, sp
20000834:	00db      	lsls	r3, r3, #3
20000836:	8093      	strh	r3, [r2, #4]
20000838:	4a80      	ldr	r2, [pc, #512]	@ (20000a3c <dcd_rp2040_irq+0x364>)
2000083a:	ab02      	add	r3, sp, #8
2000083c:	ca03      	ldmia	r2!, {r0, r1}
2000083e:	c303      	stmia	r3!, {r0, r1}
20000840:	2101      	movs	r1, #1
20000842:	a801      	add	r0, sp, #4
20000844:	f000 fb62 	bl	20000f0c <dcd_event_handler>
20000848:	2280      	movs	r2, #128	@ 0x80
2000084a:	4b7a      	ldr	r3, [pc, #488]	@ (20000a34 <dcd_rp2040_irq+0x35c>)
2000084c:	0292      	lsls	r2, r2, #10
2000084e:	651a      	str	r2, [r3, #80]	@ 0x50
20000850:	2380      	movs	r3, #128	@ 0x80
20000852:	015b      	lsls	r3, r3, #5
20000854:	421d      	tst	r5, r3
20000856:	d110      	bne.n	2000087a <dcd_rp2040_irq+0x1a2>
20000858:	2380      	movs	r3, #128	@ 0x80
2000085a:	01db      	lsls	r3, r3, #7
2000085c:	421d      	tst	r5, r3
2000085e:	d123      	bne.n	200008a8 <dcd_rp2040_irq+0x1d0>
20000860:	2380      	movs	r3, #128	@ 0x80
20000862:	021b      	lsls	r3, r3, #8
20000864:	421d      	tst	r5, r3
20000866:	d12f      	bne.n	200008c8 <dcd_rp2040_irq+0x1f0>
20000868:	42ae      	cmp	r6, r5
2000086a:	d000      	beq.n	2000086e <dcd_rp2040_irq+0x196>
2000086c:	e1c0      	b.n	20000bf0 <dcd_rp2040_irq+0x518>
2000086e:	b004      	add	sp, #16
20000870:	bc80      	pop	{r7}
20000872:	46b8      	mov	r8, r7
20000874:	bdf0      	pop	{r4, r5, r6, r7, pc}
20000876:	2401      	movs	r4, #1
20000878:	e7bd      	b.n	200007f6 <dcd_rp2040_irq+0x11e>
2000087a:	2400      	movs	r4, #0
2000087c:	431e      	orrs	r6, r3
2000087e:	4b60      	ldr	r3, [pc, #384]	@ (20000a00 <dcd_rp2040_irq+0x328>)
20000880:	601c      	str	r4, [r3, #0]
20000882:	f7ff fea5 	bl	200005d0 <reset_non_control_endpoints>
20000886:	2380      	movs	r3, #128	@ 0x80
20000888:	466a      	mov	r2, sp
2000088a:	005b      	lsls	r3, r3, #1
2000088c:	8093      	strh	r3, [r2, #4]
2000088e:	7214      	strb	r4, [r2, #8]
20000890:	2101      	movs	r1, #1
20000892:	a801      	add	r0, sp, #4
20000894:	f000 fb3a 	bl	20000f0c <dcd_event_handler>
20000898:	2280      	movs	r2, #128	@ 0x80
2000089a:	4b66      	ldr	r3, [pc, #408]	@ (20000a34 <dcd_rp2040_irq+0x35c>)
2000089c:	0312      	lsls	r2, r2, #12
2000089e:	651a      	str	r2, [r3, #80]	@ 0x50
200008a0:	2380      	movs	r3, #128	@ 0x80
200008a2:	01db      	lsls	r3, r3, #7
200008a4:	421d      	tst	r5, r3
200008a6:	d0db      	beq.n	20000860 <dcd_rp2040_irq+0x188>
200008a8:	431e      	orrs	r6, r3
200008aa:	2380      	movs	r3, #128	@ 0x80
200008ac:	466a      	mov	r2, sp
200008ae:	00db      	lsls	r3, r3, #3
200008b0:	8093      	strh	r3, [r2, #4]
200008b2:	2101      	movs	r1, #1
200008b4:	a801      	add	r0, sp, #4
200008b6:	f000 fb29 	bl	20000f0c <dcd_event_handler>
200008ba:	2210      	movs	r2, #16
200008bc:	4b5d      	ldr	r3, [pc, #372]	@ (20000a34 <dcd_rp2040_irq+0x35c>)
200008be:	651a      	str	r2, [r3, #80]	@ 0x50
200008c0:	2380      	movs	r3, #128	@ 0x80
200008c2:	021b      	lsls	r3, r3, #8
200008c4:	421d      	tst	r5, r3
200008c6:	d0cf      	beq.n	20000868 <dcd_rp2040_irq+0x190>
200008c8:	431e      	orrs	r6, r3
200008ca:	23a0      	movs	r3, #160	@ 0xa0
200008cc:	466a      	mov	r2, sp
200008ce:	00db      	lsls	r3, r3, #3
200008d0:	8093      	strh	r3, [r2, #4]
200008d2:	2101      	movs	r1, #1
200008d4:	a801      	add	r0, sp, #4
200008d6:	f000 fb19 	bl	20000f0c <dcd_event_handler>
200008da:	2280      	movs	r2, #128	@ 0x80
200008dc:	4b55      	ldr	r3, [pc, #340]	@ (20000a34 <dcd_rp2040_irq+0x35c>)
200008de:	0112      	lsls	r2, r2, #4
200008e0:	651a      	str	r2, [r3, #80]	@ 0x50
200008e2:	e7c1      	b.n	20000868 <dcd_rp2040_irq+0x190>
200008e4:	f7ff fea8 	bl	20000638 <hw_handle_buff_status>
200008e8:	0026      	movs	r6, r4
200008ea:	e77b      	b.n	200007e4 <dcd_rp2040_irq+0x10c>
200008ec:	4b54      	ldr	r3, [pc, #336]	@ (20000a40 <dcd_rp2040_irq+0x368>)
200008ee:	4a44      	ldr	r2, [pc, #272]	@ (20000a00 <dcd_rp2040_irq+0x328>)
200008f0:	661c      	str	r4, [r3, #96]	@ 0x60
200008f2:	6e53      	ldr	r3, [r2, #100]	@ 0x64
200008f4:	4023      	ands	r3, r4
200008f6:	42a3      	cmp	r3, r4
200008f8:	d1fb      	bne.n	200008f2 <dcd_rp2040_irq+0x21a>
200008fa:	e784      	b.n	20000806 <dcd_rp2040_irq+0x12e>
200008fc:	3378      	adds	r3, #120	@ 0x78
200008fe:	5ce7      	ldrb	r7, [r4, r3]
20000900:	2f00      	cmp	r7, #0
20000902:	d100      	bne.n	20000906 <dcd_rp2040_irq+0x22e>
20000904:	e706      	b.n	20000714 <dcd_rp2040_irq+0x3c>
20000906:	3302      	adds	r3, #2
20000908:	5ce2      	ldrb	r2, [r4, r3]
2000090a:	2a00      	cmp	r2, #0
2000090c:	d000      	beq.n	20000910 <dcd_rp2040_irq+0x238>
2000090e:	e10d      	b.n	20000b2c <dcd_rp2040_irq+0x454>
20000910:	003e      	movs	r6, r7
20000912:	e6ff      	b.n	20000714 <dcd_rp2040_irq+0x3c>
20000914:	33b8      	adds	r3, #184	@ 0xb8
20000916:	5ce7      	ldrb	r7, [r4, r3]
20000918:	2f00      	cmp	r7, #0
2000091a:	d100      	bne.n	2000091e <dcd_rp2040_irq+0x246>
2000091c:	e6ff      	b.n	2000071e <dcd_rp2040_irq+0x46>
2000091e:	3302      	adds	r3, #2
20000920:	5ce2      	ldrb	r2, [r4, r3]
20000922:	2a00      	cmp	r2, #0
20000924:	d000      	beq.n	20000928 <dcd_rp2040_irq+0x250>
20000926:	e0f9      	b.n	20000b1c <dcd_rp2040_irq+0x444>
20000928:	003e      	movs	r6, r7
2000092a:	e6f8      	b.n	2000071e <dcd_rp2040_irq+0x46>
2000092c:	33f8      	adds	r3, #248	@ 0xf8
2000092e:	5ce7      	ldrb	r7, [r4, r3]
20000930:	2f00      	cmp	r7, #0
20000932:	d100      	bne.n	20000936 <dcd_rp2040_irq+0x25e>
20000934:	e6f8      	b.n	20000728 <dcd_rp2040_irq+0x50>
20000936:	3302      	adds	r3, #2
20000938:	5ce2      	ldrb	r2, [r4, r3]
2000093a:	2a00      	cmp	r2, #0
2000093c:	d000      	beq.n	20000940 <dcd_rp2040_irq+0x268>
2000093e:	e141      	b.n	20000bc4 <dcd_rp2040_irq+0x4ec>
20000940:	003e      	movs	r6, r7
20000942:	e6f1      	b.n	20000728 <dcd_rp2040_irq+0x50>
20000944:	33f9      	adds	r3, #249	@ 0xf9
20000946:	33ff      	adds	r3, #255	@ 0xff
20000948:	5ce7      	ldrb	r7, [r4, r3]
2000094a:	2f00      	cmp	r7, #0
2000094c:	d100      	bne.n	20000950 <dcd_rp2040_irq+0x278>
2000094e:	e703      	b.n	20000758 <dcd_rp2040_irq+0x80>
20000950:	3302      	adds	r3, #2
20000952:	5ce2      	ldrb	r2, [r4, r3]
20000954:	2a00      	cmp	r2, #0
20000956:	d000      	beq.n	2000095a <dcd_rp2040_irq+0x282>
20000958:	e12b      	b.n	20000bb2 <dcd_rp2040_irq+0x4da>
2000095a:	003e      	movs	r6, r7
2000095c:	e6fc      	b.n	20000758 <dcd_rp2040_irq+0x80>
2000095e:	3379      	adds	r3, #121	@ 0x79
20000960:	33ff      	adds	r3, #255	@ 0xff
20000962:	5ce7      	ldrb	r7, [r4, r3]
20000964:	2f00      	cmp	r7, #0
20000966:	d100      	bne.n	2000096a <dcd_rp2040_irq+0x292>
20000968:	e6ea      	b.n	20000740 <dcd_rp2040_irq+0x68>
2000096a:	3302      	adds	r3, #2
2000096c:	5ce2      	ldrb	r2, [r4, r3]
2000096e:	2a00      	cmp	r2, #0
20000970:	d000      	beq.n	20000974 <dcd_rp2040_irq+0x29c>
20000972:	e115      	b.n	20000ba0 <dcd_rp2040_irq+0x4c8>
20000974:	003e      	movs	r6, r7
20000976:	e6e3      	b.n	20000740 <dcd_rp2040_irq+0x68>
20000978:	4b32      	ldr	r3, [pc, #200]	@ (20000a44 <dcd_rp2040_irq+0x36c>)
2000097a:	5ce7      	ldrb	r7, [r4, r3]
2000097c:	2f00      	cmp	r7, #0
2000097e:	d100      	bne.n	20000982 <dcd_rp2040_irq+0x2aa>
20000980:	e6f4      	b.n	2000076c <dcd_rp2040_irq+0x94>
20000982:	3302      	adds	r3, #2
20000984:	5ce2      	ldrb	r2, [r4, r3]
20000986:	2a00      	cmp	r2, #0
20000988:	d000      	beq.n	2000098c <dcd_rp2040_irq+0x2b4>
2000098a:	e101      	b.n	20000b90 <dcd_rp2040_irq+0x4b8>
2000098c:	003e      	movs	r6, r7
2000098e:	e6ed      	b.n	2000076c <dcd_rp2040_irq+0x94>
20000990:	3339      	adds	r3, #57	@ 0x39
20000992:	33ff      	adds	r3, #255	@ 0xff
20000994:	5ce7      	ldrb	r7, [r4, r3]
20000996:	2f00      	cmp	r7, #0
20000998:	d100      	bne.n	2000099c <dcd_rp2040_irq+0x2c4>
2000099a:	e6cb      	b.n	20000734 <dcd_rp2040_irq+0x5c>
2000099c:	3302      	adds	r3, #2
2000099e:	5ce2      	ldrb	r2, [r4, r3]
200009a0:	2a00      	cmp	r2, #0
200009a2:	d000      	beq.n	200009a6 <dcd_rp2040_irq+0x2ce>
200009a4:	e0eb      	b.n	20000b7e <dcd_rp2040_irq+0x4a6>
200009a6:	003e      	movs	r6, r7
200009a8:	e6c4      	b.n	20000734 <dcd_rp2040_irq+0x5c>
200009aa:	3338      	adds	r3, #56	@ 0x38
200009ac:	5ce6      	ldrb	r6, [r4, r3]
200009ae:	2e00      	cmp	r6, #0
200009b0:	d100      	bne.n	200009b4 <dcd_rp2040_irq+0x2dc>
200009b2:	e6aa      	b.n	2000070a <dcd_rp2040_irq+0x32>
200009b4:	3302      	adds	r3, #2
200009b6:	5ce2      	ldrb	r2, [r4, r3]
200009b8:	2a00      	cmp	r2, #0
200009ba:	d100      	bne.n	200009be <dcd_rp2040_irq+0x2e6>
200009bc:	e6a5      	b.n	2000070a <dcd_rp2040_irq+0x32>
200009be:	0020      	movs	r0, r4
200009c0:	2200      	movs	r2, #0
200009c2:	3020      	adds	r0, #32
200009c4:	54e2      	strb	r2, [r4, r3]
200009c6:	f000 fa4d 	bl	20000e64 <hw_endpoint_start_next_buffer>
200009ca:	e69e      	b.n	2000070a <dcd_rp2040_irq+0x32>
200009cc:	33b9      	adds	r3, #185	@ 0xb9
200009ce:	33ff      	adds	r3, #255	@ 0xff
200009d0:	5ce7      	ldrb	r7, [r4, r3]
200009d2:	2f00      	cmp	r7, #0
200009d4:	d100      	bne.n	200009d8 <dcd_rp2040_irq+0x300>
200009d6:	e6b9      	b.n	2000074c <dcd_rp2040_irq+0x74>
200009d8:	3302      	adds	r3, #2
200009da:	5ce2      	ldrb	r2, [r4, r3]
200009dc:	2a00      	cmp	r2, #0
200009de:	d000      	beq.n	200009e2 <dcd_rp2040_irq+0x30a>
200009e0:	e0c4      	b.n	20000b6c <dcd_rp2040_irq+0x494>
200009e2:	003e      	movs	r6, r7
200009e4:	e6b2      	b.n	2000074c <dcd_rp2040_irq+0x74>
200009e6:	4b18      	ldr	r3, [pc, #96]	@ (20000a48 <dcd_rp2040_irq+0x370>)
200009e8:	5ce7      	ldrb	r7, [r4, r3]
200009ea:	2f00      	cmp	r7, #0
200009ec:	d100      	bne.n	200009f0 <dcd_rp2040_irq+0x318>
200009ee:	e6c7      	b.n	20000780 <dcd_rp2040_irq+0xa8>
200009f0:	3302      	adds	r3, #2
200009f2:	5ce2      	ldrb	r2, [r4, r3]
200009f4:	2a00      	cmp	r2, #0
200009f6:	d000      	beq.n	200009fa <dcd_rp2040_irq+0x322>
200009f8:	e0b0      	b.n	20000b5c <dcd_rp2040_irq+0x484>
200009fa:	003e      	movs	r6, r7
200009fc:	e6c0      	b.n	20000780 <dcd_rp2040_irq+0xa8>
200009fe:	46c0      	nop			@ (mov r8, r8)
20000a00:	50110000 	.word	0x50110000
20000a04:	40054000 	.word	0x40054000
20000a08:	2000270c 	.word	0x2000270c
20000a0c:	20002704 	.word	0x20002704
20000a10:	0000023b 	.word	0x0000023b
20000a14:	0000027b 	.word	0x0000027b
20000a18:	000002bb 	.word	0x000002bb
20000a1c:	000002fb 	.word	0x000002fb
20000a20:	0000033b 	.word	0x0000033b
20000a24:	0000037b 	.word	0x0000037b
20000a28:	000003bb 	.word	0x000003bb
20000a2c:	000003fb 	.word	0x000003fb
20000a30:	20002c67 	.word	0x20002c67
20000a34:	50113000 	.word	0x50113000
20000a38:	00020010 	.word	0x00020010
20000a3c:	50100000 	.word	0x50100000
20000a40:	50112000 	.word	0x50112000
20000a44:	0000027a 	.word	0x0000027a
20000a48:	000002fa 	.word	0x000002fa
20000a4c:	4b6b      	ldr	r3, [pc, #428]	@ (20000bfc <dcd_rp2040_irq+0x524>)
20000a4e:	5ce7      	ldrb	r7, [r4, r3]
20000a50:	2f00      	cmp	r7, #0
20000a52:	d100      	bne.n	20000a56 <dcd_rp2040_irq+0x37e>
20000a54:	e685      	b.n	20000762 <dcd_rp2040_irq+0x8a>
20000a56:	3302      	adds	r3, #2
20000a58:	5ce2      	ldrb	r2, [r4, r3]
20000a5a:	2a00      	cmp	r2, #0
20000a5c:	d176      	bne.n	20000b4c <dcd_rp2040_irq+0x474>
20000a5e:	003e      	movs	r6, r7
20000a60:	e67f      	b.n	20000762 <dcd_rp2040_irq+0x8a>
20000a62:	4b67      	ldr	r3, [pc, #412]	@ (20000c00 <dcd_rp2040_irq+0x528>)
20000a64:	5ce7      	ldrb	r7, [r4, r3]
20000a66:	2f00      	cmp	r7, #0
20000a68:	d100      	bne.n	20000a6c <dcd_rp2040_irq+0x394>
20000a6a:	e684      	b.n	20000776 <dcd_rp2040_irq+0x9e>
20000a6c:	3302      	adds	r3, #2
20000a6e:	5ce2      	ldrb	r2, [r4, r3]
20000a70:	2a00      	cmp	r2, #0
20000a72:	d163      	bne.n	20000b3c <dcd_rp2040_irq+0x464>
20000a74:	003e      	movs	r6, r7
20000a76:	e67e      	b.n	20000776 <dcd_rp2040_irq+0x9e>
20000a78:	4b62      	ldr	r3, [pc, #392]	@ (20000c04 <dcd_rp2040_irq+0x52c>)
20000a7a:	5ce7      	ldrb	r7, [r4, r3]
20000a7c:	2f00      	cmp	r7, #0
20000a7e:	d100      	bne.n	20000a82 <dcd_rp2040_irq+0x3aa>
20000a80:	e688      	b.n	20000794 <dcd_rp2040_irq+0xbc>
20000a82:	3302      	adds	r3, #2
20000a84:	5ce2      	ldrb	r2, [r4, r3]
20000a86:	2a00      	cmp	r2, #0
20000a88:	d000      	beq.n	20000a8c <dcd_rp2040_irq+0x3b4>
20000a8a:	e0a3      	b.n	20000bd4 <dcd_rp2040_irq+0x4fc>
20000a8c:	4b5e      	ldr	r3, [pc, #376]	@ (20000c08 <dcd_rp2040_irq+0x530>)
20000a8e:	5ce3      	ldrb	r3, [r4, r3]
20000a90:	2b02      	cmp	r3, #2
20000a92:	d130      	bne.n	20000af6 <dcd_rp2040_irq+0x41e>
20000a94:	4b5d      	ldr	r3, [pc, #372]	@ (20000c0c <dcd_rp2040_irq+0x534>)
20000a96:	5ce3      	ldrb	r3, [r4, r3]
20000a98:	2b00      	cmp	r3, #0
20000a9a:	d127      	bne.n	20000aec <dcd_rp2040_irq+0x414>
20000a9c:	4b5c      	ldr	r3, [pc, #368]	@ (20000c10 <dcd_rp2040_irq+0x538>)
20000a9e:	5ce3      	ldrb	r3, [r4, r3]
20000aa0:	2b02      	cmp	r3, #2
20000aa2:	d000      	beq.n	20000aa6 <dcd_rp2040_irq+0x3ce>
20000aa4:	e68b      	b.n	200007be <dcd_rp2040_irq+0xe6>
20000aa6:	003e      	movs	r6, r7
20000aa8:	4b5a      	ldr	r3, [pc, #360]	@ (20000c14 <dcd_rp2040_irq+0x53c>)
20000aaa:	5ce3      	ldrb	r3, [r4, r3]
20000aac:	2b00      	cmp	r3, #0
20000aae:	d100      	bne.n	20000ab2 <dcd_rp2040_irq+0x3da>
20000ab0:	e67a      	b.n	200007a8 <dcd_rp2040_irq+0xd0>
20000ab2:	23ff      	movs	r3, #255	@ 0xff
20000ab4:	009b      	lsls	r3, r3, #2
20000ab6:	5ce2      	ldrb	r2, [r4, r3]
20000ab8:	2a00      	cmp	r2, #0
20000aba:	d100      	bne.n	20000abe <dcd_rp2040_irq+0x3e6>
20000abc:	e67f      	b.n	200007be <dcd_rp2040_irq+0xe6>
20000abe:	2200      	movs	r2, #0
20000ac0:	54e2      	strb	r2, [r4, r3]
20000ac2:	3b1c      	subs	r3, #28
20000ac4:	18e0      	adds	r0, r4, r3
20000ac6:	f000 f9cd 	bl	20000e64 <hw_endpoint_start_next_buffer>
20000aca:	e678      	b.n	200007be <dcd_rp2040_irq+0xe6>
20000acc:	4b52      	ldr	r3, [pc, #328]	@ (20000c18 <dcd_rp2040_irq+0x540>)
20000ace:	5ce7      	ldrb	r7, [r4, r3]
20000ad0:	2f00      	cmp	r7, #0
20000ad2:	d100      	bne.n	20000ad6 <dcd_rp2040_irq+0x3fe>
20000ad4:	e659      	b.n	2000078a <dcd_rp2040_irq+0xb2>
20000ad6:	3302      	adds	r3, #2
20000ad8:	5ce2      	ldrb	r2, [r4, r3]
20000ada:	2a00      	cmp	r2, #0
20000adc:	d116      	bne.n	20000b0c <dcd_rp2040_irq+0x434>
20000ade:	003e      	movs	r6, r7
20000ae0:	e653      	b.n	2000078a <dcd_rp2040_irq+0xb2>
20000ae2:	4b4a      	ldr	r3, [pc, #296]	@ (20000c0c <dcd_rp2040_irq+0x534>)
20000ae4:	5ce3      	ldrb	r3, [r4, r3]
20000ae6:	2b00      	cmp	r3, #0
20000ae8:	d100      	bne.n	20000aec <dcd_rp2040_irq+0x414>
20000aea:	e658      	b.n	2000079e <dcd_rp2040_irq+0xc6>
20000aec:	23ef      	movs	r3, #239	@ 0xef
20000aee:	009b      	lsls	r3, r3, #2
20000af0:	5ce2      	ldrb	r2, [r4, r3]
20000af2:	2a00      	cmp	r2, #0
20000af4:	d175      	bne.n	20000be2 <dcd_rp2040_irq+0x50a>
20000af6:	4b46      	ldr	r3, [pc, #280]	@ (20000c10 <dcd_rp2040_irq+0x538>)
20000af8:	5ce3      	ldrb	r3, [r4, r3]
20000afa:	2b02      	cmp	r3, #2
20000afc:	d000      	beq.n	20000b00 <dcd_rp2040_irq+0x428>
20000afe:	e65e      	b.n	200007be <dcd_rp2040_irq+0xe6>
20000b00:	4b44      	ldr	r3, [pc, #272]	@ (20000c14 <dcd_rp2040_irq+0x53c>)
20000b02:	5ce3      	ldrb	r3, [r4, r3]
20000b04:	2b00      	cmp	r3, #0
20000b06:	d100      	bne.n	20000b0a <dcd_rp2040_irq+0x432>
20000b08:	e659      	b.n	200007be <dcd_rp2040_irq+0xe6>
20000b0a:	e7d2      	b.n	20000ab2 <dcd_rp2040_irq+0x3da>
20000b0c:	2200      	movs	r2, #0
20000b0e:	54e2      	strb	r2, [r4, r3]
20000b10:	3b1c      	subs	r3, #28
20000b12:	18e0      	adds	r0, r4, r3
20000b14:	f000 f9a6 	bl	20000e64 <hw_endpoint_start_next_buffer>
20000b18:	003e      	movs	r6, r7
20000b1a:	e636      	b.n	2000078a <dcd_rp2040_irq+0xb2>
20000b1c:	0020      	movs	r0, r4
20000b1e:	2200      	movs	r2, #0
20000b20:	30a0      	adds	r0, #160	@ 0xa0
20000b22:	54e2      	strb	r2, [r4, r3]
20000b24:	003e      	movs	r6, r7
20000b26:	f000 f99d 	bl	20000e64 <hw_endpoint_start_next_buffer>
20000b2a:	e5f8      	b.n	2000071e <dcd_rp2040_irq+0x46>
20000b2c:	0020      	movs	r0, r4
20000b2e:	2200      	movs	r2, #0
20000b30:	3060      	adds	r0, #96	@ 0x60
20000b32:	54e2      	strb	r2, [r4, r3]
20000b34:	003e      	movs	r6, r7
20000b36:	f000 f995 	bl	20000e64 <hw_endpoint_start_next_buffer>
20000b3a:	e5eb      	b.n	20000714 <dcd_rp2040_irq+0x3c>
20000b3c:	2200      	movs	r2, #0
20000b3e:	54e2      	strb	r2, [r4, r3]
20000b40:	3b1c      	subs	r3, #28
20000b42:	18e0      	adds	r0, r4, r3
20000b44:	f000 f98e 	bl	20000e64 <hw_endpoint_start_next_buffer>
20000b48:	003e      	movs	r6, r7
20000b4a:	e614      	b.n	20000776 <dcd_rp2040_irq+0x9e>
20000b4c:	2200      	movs	r2, #0
20000b4e:	54e2      	strb	r2, [r4, r3]
20000b50:	3b1c      	subs	r3, #28
20000b52:	18e0      	adds	r0, r4, r3
20000b54:	f000 f986 	bl	20000e64 <hw_endpoint_start_next_buffer>
20000b58:	003e      	movs	r6, r7
20000b5a:	e602      	b.n	20000762 <dcd_rp2040_irq+0x8a>
20000b5c:	2200      	movs	r2, #0
20000b5e:	54e2      	strb	r2, [r4, r3]
20000b60:	3b1c      	subs	r3, #28
20000b62:	18e0      	adds	r0, r4, r3
20000b64:	f000 f97e 	bl	20000e64 <hw_endpoint_start_next_buffer>
20000b68:	003e      	movs	r6, r7
20000b6a:	e609      	b.n	20000780 <dcd_rp2040_irq+0xa8>
20000b6c:	0020      	movs	r0, r4
20000b6e:	2200      	movs	r2, #0
20000b70:	30a1      	adds	r0, #161	@ 0xa1
20000b72:	30ff      	adds	r0, #255	@ 0xff
20000b74:	54e2      	strb	r2, [r4, r3]
20000b76:	003e      	movs	r6, r7
20000b78:	f000 f974 	bl	20000e64 <hw_endpoint_start_next_buffer>
20000b7c:	e5e6      	b.n	2000074c <dcd_rp2040_irq+0x74>
20000b7e:	0020      	movs	r0, r4
20000b80:	2200      	movs	r2, #0
20000b82:	3021      	adds	r0, #33	@ 0x21
20000b84:	30ff      	adds	r0, #255	@ 0xff
20000b86:	54e2      	strb	r2, [r4, r3]
20000b88:	003e      	movs	r6, r7
20000b8a:	f000 f96b 	bl	20000e64 <hw_endpoint_start_next_buffer>
20000b8e:	e5d1      	b.n	20000734 <dcd_rp2040_irq+0x5c>
20000b90:	2200      	movs	r2, #0
20000b92:	54e2      	strb	r2, [r4, r3]
20000b94:	3b1c      	subs	r3, #28
20000b96:	18e0      	adds	r0, r4, r3
20000b98:	f000 f964 	bl	20000e64 <hw_endpoint_start_next_buffer>
20000b9c:	003e      	movs	r6, r7
20000b9e:	e5e5      	b.n	2000076c <dcd_rp2040_irq+0x94>
20000ba0:	0020      	movs	r0, r4
20000ba2:	2200      	movs	r2, #0
20000ba4:	3061      	adds	r0, #97	@ 0x61
20000ba6:	30ff      	adds	r0, #255	@ 0xff
20000ba8:	54e2      	strb	r2, [r4, r3]
20000baa:	003e      	movs	r6, r7
20000bac:	f000 f95a 	bl	20000e64 <hw_endpoint_start_next_buffer>
20000bb0:	e5c6      	b.n	20000740 <dcd_rp2040_irq+0x68>
20000bb2:	0020      	movs	r0, r4
20000bb4:	2200      	movs	r2, #0
20000bb6:	30e1      	adds	r0, #225	@ 0xe1
20000bb8:	30ff      	adds	r0, #255	@ 0xff
20000bba:	54e2      	strb	r2, [r4, r3]
20000bbc:	003e      	movs	r6, r7
20000bbe:	f000 f951 	bl	20000e64 <hw_endpoint_start_next_buffer>
20000bc2:	e5c9      	b.n	20000758 <dcd_rp2040_irq+0x80>
20000bc4:	0020      	movs	r0, r4
20000bc6:	2200      	movs	r2, #0
20000bc8:	30e0      	adds	r0, #224	@ 0xe0
20000bca:	54e2      	strb	r2, [r4, r3]
20000bcc:	003e      	movs	r6, r7
20000bce:	f000 f949 	bl	20000e64 <hw_endpoint_start_next_buffer>
20000bd2:	e5a9      	b.n	20000728 <dcd_rp2040_irq+0x50>
20000bd4:	2200      	movs	r2, #0
20000bd6:	54e2      	strb	r2, [r4, r3]
20000bd8:	3b1c      	subs	r3, #28
20000bda:	18e0      	adds	r0, r4, r3
20000bdc:	f000 f942 	bl	20000e64 <hw_endpoint_start_next_buffer>
20000be0:	e754      	b.n	20000a8c <dcd_rp2040_irq+0x3b4>
20000be2:	2200      	movs	r2, #0
20000be4:	54e2      	strb	r2, [r4, r3]
20000be6:	3b1c      	subs	r3, #28
20000be8:	18e0      	adds	r0, r4, r3
20000bea:	f000 f93b 	bl	20000e64 <hw_endpoint_start_next_buffer>
20000bee:	e782      	b.n	20000af6 <dcd_rp2040_irq+0x41e>
20000bf0:	0031      	movs	r1, r6
20000bf2:	480a      	ldr	r0, [pc, #40]	@ (20000c1c <dcd_rp2040_irq+0x544>)
20000bf4:	4069      	eors	r1, r5
20000bf6:	f000 fa7f 	bl	200010f8 <__panic_veneer>
20000bfa:	46c0      	nop			@ (mov r8, r8)
20000bfc:	0000023a 	.word	0x0000023a
20000c00:	000002ba 	.word	0x000002ba
20000c04:	0000037a 	.word	0x0000037a
20000c08:	000003bb 	.word	0x000003bb
20000c0c:	000003ba 	.word	0x000003ba
20000c10:	000003fb 	.word	0x000003fb
20000c14:	000003fa 	.word	0x000003fa
20000c18:	0000033a 	.word	0x0000033a
20000c1c:	1000aad8 	.word	0x1000aad8

20000c20 <prepare_ep_buffer>:
20000c20:	b5f0      	push	{r4, r5, r6, r7, lr}
20000c22:	46c6      	mov	lr, r8
20000c24:	b500      	push	{lr}
20000c26:	0002      	movs	r2, r0
20000c28:	8a83      	ldrh	r3, [r0, #20]
20000c2a:	8b00      	ldrh	r0, [r0, #24]
20000c2c:	468c      	mov	ip, r1
20000c2e:	1c01      	adds	r1, r0, #0
20000c30:	4298      	cmp	r0, r3
20000c32:	d900      	bls.n	20000c36 <prepare_ep_buffer+0x16>
20000c34:	1c19      	adds	r1, r3, #0
20000c36:	78d4      	ldrb	r4, [r2, #3]
20000c38:	2580      	movs	r5, #128	@ 0x80
20000c3a:	0020      	movs	r0, r4
20000c3c:	1e46      	subs	r6, r0, #1
20000c3e:	41b0      	sbcs	r0, r6
20000c40:	b289      	uxth	r1, r1
20000c42:	00ed      	lsls	r5, r5, #3
20000c44:	430d      	orrs	r5, r1
20000c46:	0340      	lsls	r0, r0, #13
20000c48:	4328      	orrs	r0, r5
20000c4a:	2501      	movs	r5, #1
20000c4c:	406c      	eors	r4, r5
20000c4e:	1a5b      	subs	r3, r3, r1
20000c50:	70d4      	strb	r4, [r2, #3]
20000c52:	7854      	ldrb	r4, [r2, #1]
20000c54:	b29b      	uxth	r3, r3
20000c56:	8293      	strh	r3, [r2, #20]
20000c58:	2c00      	cmp	r4, #0
20000c5a:	d131      	bne.n	20000cc0 <prepare_ep_buffer+0xa0>
20000c5c:	4664      	mov	r4, ip
20000c5e:	68d5      	ldr	r5, [r2, #12]
20000c60:	01a4      	lsls	r4, r4, #6
20000c62:	1e4e      	subs	r6, r1, #1
20000c64:	192d      	adds	r5, r5, r4
20000c66:	46b0      	mov	r8, r6
20000c68:	6914      	ldr	r4, [r2, #16]
20000c6a:	2900      	cmp	r1, #0
20000c6c:	d023      	beq.n	20000cb6 <prepare_ep_buffer+0x96>
20000c6e:	2e06      	cmp	r6, #6
20000c70:	d932      	bls.n	20000cd8 <prepare_ep_buffer+0xb8>
20000c72:	002b      	movs	r3, r5
20000c74:	4323      	orrs	r3, r4
20000c76:	079b      	lsls	r3, r3, #30
20000c78:	d12e      	bne.n	20000cd8 <prepare_ep_buffer+0xb8>
20000c7a:	1c63      	adds	r3, r4, #1
20000c7c:	1aeb      	subs	r3, r5, r3
20000c7e:	2b02      	cmp	r3, #2
20000c80:	d92a      	bls.n	20000cd8 <prepare_ep_buffer+0xb8>
20000c82:	2300      	movs	r3, #0
20000c84:	088f      	lsrs	r7, r1, #2
20000c86:	00bf      	lsls	r7, r7, #2
20000c88:	58e6      	ldr	r6, [r4, r3]
20000c8a:	50ee      	str	r6, [r5, r3]
20000c8c:	3304      	adds	r3, #4
20000c8e:	429f      	cmp	r7, r3
20000c90:	d1fa      	bne.n	20000c88 <prepare_ep_buffer+0x68>
20000c92:	4643      	mov	r3, r8
20000c94:	19ed      	adds	r5, r5, r7
20000c96:	1bdb      	subs	r3, r3, r7
20000c98:	19e4      	adds	r4, r4, r7
20000c9a:	42b9      	cmp	r1, r7
20000c9c:	d009      	beq.n	20000cb2 <prepare_ep_buffer+0x92>
20000c9e:	7826      	ldrb	r6, [r4, #0]
20000ca0:	702e      	strb	r6, [r5, #0]
20000ca2:	2b00      	cmp	r3, #0
20000ca4:	d005      	beq.n	20000cb2 <prepare_ep_buffer+0x92>
20000ca6:	7866      	ldrb	r6, [r4, #1]
20000ca8:	706e      	strb	r6, [r5, #1]
20000caa:	2b01      	cmp	r3, #1
20000cac:	d001      	beq.n	20000cb2 <prepare_ep_buffer+0x92>
20000cae:	78a3      	ldrb	r3, [r4, #2]
20000cb0:	70ab      	strb	r3, [r5, #2]
20000cb2:	6914      	ldr	r4, [r2, #16]
20000cb4:	8a93      	ldrh	r3, [r2, #20]
20000cb6:	1864      	adds	r4, r4, r1
20000cb8:	6114      	str	r4, [r2, #16]
20000cba:	2280      	movs	r2, #128	@ 0x80
20000cbc:	0212      	lsls	r2, r2, #8
20000cbe:	4310      	orrs	r0, r2
20000cc0:	2b00      	cmp	r3, #0
20000cc2:	d102      	bne.n	20000cca <prepare_ep_buffer+0xaa>
20000cc4:	2380      	movs	r3, #128	@ 0x80
20000cc6:	01db      	lsls	r3, r3, #7
20000cc8:	4318      	orrs	r0, r3
20000cca:	4663      	mov	r3, ip
20000ccc:	2b00      	cmp	r3, #0
20000cce:	d000      	beq.n	20000cd2 <prepare_ep_buffer+0xb2>
20000cd0:	0400      	lsls	r0, r0, #16
20000cd2:	bc80      	pop	{r7}
20000cd4:	46b8      	mov	r8, r7
20000cd6:	bdf0      	pop	{r4, r5, r6, r7, pc}
20000cd8:	2300      	movs	r3, #0
20000cda:	5ce6      	ldrb	r6, [r4, r3]
20000cdc:	54ee      	strb	r6, [r5, r3]
20000cde:	3301      	adds	r3, #1
20000ce0:	4299      	cmp	r1, r3
20000ce2:	d1fa      	bne.n	20000cda <prepare_ep_buffer+0xba>
20000ce4:	e7e5      	b.n	20000cb2 <prepare_ep_buffer+0x92>
20000ce6:	46c0      	nop			@ (mov r8, r8)

20000ce8 <sync_ep_buffer>:
20000ce8:	6883      	ldr	r3, [r0, #8]
20000cea:	b5f0      	push	{r4, r5, r6, r7, lr}
20000cec:	681a      	ldr	r2, [r3, #0]
20000cee:	0004      	movs	r4, r0
20000cf0:	2900      	cmp	r1, #0
20000cf2:	d000      	beq.n	20000cf6 <sync_ep_buffer+0xe>
20000cf4:	0c12      	lsrs	r2, r2, #16
20000cf6:	7863      	ldrb	r3, [r4, #1]
20000cf8:	0592      	lsls	r2, r2, #22
20000cfa:	0d90      	lsrs	r0, r2, #22
20000cfc:	2b00      	cmp	r3, #0
20000cfe:	d108      	bne.n	20000d12 <sync_ep_buffer+0x2a>
20000d00:	8ae3      	ldrh	r3, [r4, #22]
20000d02:	18c3      	adds	r3, r0, r3
20000d04:	82e3      	strh	r3, [r4, #22]
20000d06:	8b23      	ldrh	r3, [r4, #24]
20000d08:	4283      	cmp	r3, r0
20000d0a:	d901      	bls.n	20000d10 <sync_ep_buffer+0x28>
20000d0c:	2300      	movs	r3, #0
20000d0e:	82a3      	strh	r3, [r4, #20]
20000d10:	bdf0      	pop	{r4, r5, r6, r7, pc}
20000d12:	68e3      	ldr	r3, [r4, #12]
20000d14:	0189      	lsls	r1, r1, #6
20000d16:	6925      	ldr	r5, [r4, #16]
20000d18:	185e      	adds	r6, r3, r1
20000d1a:	1e47      	subs	r7, r0, #1
20000d1c:	2800      	cmp	r0, #0
20000d1e:	d022      	beq.n	20000d66 <sync_ep_buffer+0x7e>
20000d20:	2f06      	cmp	r7, #6
20000d22:	d926      	bls.n	20000d72 <sync_ep_buffer+0x8a>
20000d24:	3101      	adds	r1, #1
20000d26:	185b      	adds	r3, r3, r1
20000d28:	1aeb      	subs	r3, r5, r3
20000d2a:	2b02      	cmp	r3, #2
20000d2c:	d921      	bls.n	20000d72 <sync_ep_buffer+0x8a>
20000d2e:	002b      	movs	r3, r5
20000d30:	4333      	orrs	r3, r6
20000d32:	079b      	lsls	r3, r3, #30
20000d34:	d11d      	bne.n	20000d72 <sync_ep_buffer+0x8a>
20000d36:	2300      	movs	r3, #0
20000d38:	0e12      	lsrs	r2, r2, #24
20000d3a:	0092      	lsls	r2, r2, #2
20000d3c:	58f1      	ldr	r1, [r6, r3]
20000d3e:	50e9      	str	r1, [r5, r3]
20000d40:	3304      	adds	r3, #4
20000d42:	429a      	cmp	r2, r3
20000d44:	d1fa      	bne.n	20000d3c <sync_ep_buffer+0x54>
20000d46:	1abf      	subs	r7, r7, r2
20000d48:	18ad      	adds	r5, r5, r2
20000d4a:	18b6      	adds	r6, r6, r2
20000d4c:	4290      	cmp	r0, r2
20000d4e:	d009      	beq.n	20000d64 <sync_ep_buffer+0x7c>
20000d50:	7832      	ldrb	r2, [r6, #0]
20000d52:	702a      	strb	r2, [r5, #0]
20000d54:	2f00      	cmp	r7, #0
20000d56:	d005      	beq.n	20000d64 <sync_ep_buffer+0x7c>
20000d58:	7872      	ldrb	r2, [r6, #1]
20000d5a:	706a      	strb	r2, [r5, #1]
20000d5c:	2f01      	cmp	r7, #1
20000d5e:	d001      	beq.n	20000d64 <sync_ep_buffer+0x7c>
20000d60:	78b2      	ldrb	r2, [r6, #2]
20000d62:	70aa      	strb	r2, [r5, #2]
20000d64:	6925      	ldr	r5, [r4, #16]
20000d66:	8ae3      	ldrh	r3, [r4, #22]
20000d68:	182d      	adds	r5, r5, r0
20000d6a:	18c3      	adds	r3, r0, r3
20000d6c:	82e3      	strh	r3, [r4, #22]
20000d6e:	6125      	str	r5, [r4, #16]
20000d70:	e7c9      	b.n	20000d06 <sync_ep_buffer+0x1e>
20000d72:	2200      	movs	r2, #0
20000d74:	5cb3      	ldrb	r3, [r6, r2]
20000d76:	54ab      	strb	r3, [r5, r2]
20000d78:	3201      	adds	r2, #1
20000d7a:	4290      	cmp	r0, r2
20000d7c:	d1fa      	bne.n	20000d74 <sync_ep_buffer+0x8c>
20000d7e:	6925      	ldr	r5, [r4, #16]
20000d80:	e7f1      	b.n	20000d66 <sync_ep_buffer+0x7e>
20000d82:	46c0      	nop			@ (mov r8, r8)

20000d84 <_hw_endpoint_xfer_sync>:
20000d84:	b510      	push	{r4, lr}
20000d86:	0004      	movs	r4, r0
20000d88:	6883      	ldr	r3, [r0, #8]
20000d8a:	2100      	movs	r1, #0
20000d8c:	681b      	ldr	r3, [r3, #0]
20000d8e:	f7ff ffab 	bl	20000ce8 <sync_ep_buffer>
20000d92:	6863      	ldr	r3, [r4, #4]
20000d94:	681b      	ldr	r3, [r3, #0]
20000d96:	005b      	lsls	r3, r3, #1
20000d98:	d502      	bpl.n	20000da0 <_hw_endpoint_xfer_sync+0x1c>
20000d9a:	8b23      	ldrh	r3, [r4, #24]
20000d9c:	4283      	cmp	r3, r0
20000d9e:	d000      	beq.n	20000da2 <_hw_endpoint_xfer_sync+0x1e>
20000da0:	bd10      	pop	{r4, pc}
20000da2:	2101      	movs	r1, #1
20000da4:	0020      	movs	r0, r4
20000da6:	f7ff ff9f 	bl	20000ce8 <sync_ep_buffer>
20000daa:	e7f9      	b.n	20000da0 <_hw_endpoint_xfer_sync+0x1c>

20000dac <e15_is_bulkin_ep>:
20000dac:	4a08      	ldr	r2, [pc, #32]	@ (20000dd0 <e15_is_bulkin_ep+0x24>)
20000dae:	0003      	movs	r3, r0
20000db0:	6c12      	ldr	r2, [r2, #64]	@ 0x40
20000db2:	2000      	movs	r0, #0
20000db4:	0792      	lsls	r2, r2, #30
20000db6:	d403      	bmi.n	20000dc0 <e15_is_bulkin_ep+0x14>
20000db8:	789a      	ldrb	r2, [r3, #2]
20000dba:	09d2      	lsrs	r2, r2, #7
20000dbc:	2a01      	cmp	r2, #1
20000dbe:	d000      	beq.n	20000dc2 <e15_is_bulkin_ep+0x16>
20000dc0:	4770      	bx	lr
20000dc2:	7ed8      	ldrb	r0, [r3, #27]
20000dc4:	3802      	subs	r0, #2
20000dc6:	4243      	negs	r3, r0
20000dc8:	4158      	adcs	r0, r3
20000dca:	b2c0      	uxtb	r0, r0
20000dcc:	e7f8      	b.n	20000dc0 <e15_is_bulkin_ep+0x14>
20000dce:	46c0      	nop			@ (mov r8, r8)
20000dd0:	50110000 	.word	0x50110000

20000dd4 <e15_is_critical_frame_period>:
20000dd4:	b510      	push	{r4, lr}
20000dd6:	f7ff ffe9 	bl	20000dac <e15_is_bulkin_ep>
20000dda:	2800      	cmp	r0, #0
20000ddc:	d00c      	beq.n	20000df8 <e15_is_critical_frame_period+0x24>
20000dde:	4907      	ldr	r1, [pc, #28]	@ (20000dfc <e15_is_critical_frame_period+0x28>)
20000de0:	4b07      	ldr	r3, [pc, #28]	@ (20000e00 <e15_is_critical_frame_period+0x2c>)
20000de2:	468c      	mov	ip, r1
20000de4:	4a07      	ldr	r2, [pc, #28]	@ (20000e04 <e15_is_critical_frame_period+0x30>)
20000de6:	6a9b      	ldr	r3, [r3, #40]	@ 0x28
20000de8:	6812      	ldr	r2, [r2, #0]
20000dea:	4463      	add	r3, ip
20000dec:	1a9b      	subs	r3, r3, r2
20000dee:	2000      	movs	r0, #0
20000df0:	22c6      	movs	r2, #198	@ 0xc6
20000df2:	429a      	cmp	r2, r3
20000df4:	4140      	adcs	r0, r0
20000df6:	b2c0      	uxtb	r0, r0
20000df8:	bd10      	pop	{r4, pc}
20000dfa:	46c0      	nop			@ (mov r8, r8)
20000dfc:	fffffce0 	.word	0xfffffce0
20000e00:	40054000 	.word	0x40054000
20000e04:	20002704 	.word	0x20002704

20000e08 <hw_endpoint_reset_transfer>:
20000e08:	2300      	movs	r3, #0
20000e0a:	7683      	strb	r3, [r0, #26]
20000e0c:	6143      	str	r3, [r0, #20]
20000e0e:	6103      	str	r3, [r0, #16]
20000e10:	4770      	bx	lr
20000e12:	46c0      	nop			@ (mov r8, r8)

20000e14 <_hw_endpoint_buffer_control_update32>:
20000e14:	b510      	push	{r4, lr}
20000e16:	6883      	ldr	r3, [r0, #8]
20000e18:	2900      	cmp	r1, #0
20000e1a:	d001      	beq.n	20000e20 <_hw_endpoint_buffer_control_update32+0xc>
20000e1c:	681c      	ldr	r4, [r3, #0]
20000e1e:	4021      	ands	r1, r4
20000e20:	2a00      	cmp	r2, #0
20000e22:	d012      	beq.n	20000e4a <_hw_endpoint_buffer_control_update32+0x36>
20000e24:	2480      	movs	r4, #128	@ 0x80
20000e26:	00e4      	lsls	r4, r4, #3
20000e28:	4311      	orrs	r1, r2
20000e2a:	4222      	tst	r2, r4
20000e2c:	d00d      	beq.n	20000e4a <_hw_endpoint_buffer_control_update32+0x36>
20000e2e:	681a      	ldr	r2, [r3, #0]
20000e30:	4222      	tst	r2, r4
20000e32:	d10c      	bne.n	20000e4e <_hw_endpoint_buffer_control_update32+0x3a>
20000e34:	4a08      	ldr	r2, [pc, #32]	@ (20000e58 <_hw_endpoint_buffer_control_update32+0x44>)
20000e36:	400a      	ands	r2, r1
20000e38:	601a      	str	r2, [r3, #0]
20000e3a:	4a08      	ldr	r2, [pc, #32]	@ (20000e5c <_hw_endpoint_buffer_control_update32+0x48>)
20000e3c:	6c12      	ldr	r2, [r2, #64]	@ 0x40
20000e3e:	0792      	lsls	r2, r2, #30
20000e40:	d403      	bmi.n	20000e4a <_hw_endpoint_buffer_control_update32+0x36>
20000e42:	230c      	movs	r3, #12
20000e44:	3b03      	subs	r3, #3
20000e46:	d2fd      	bcs.n	20000e44 <_hw_endpoint_buffer_control_update32+0x30>
20000e48:	6883      	ldr	r3, [r0, #8]
20000e4a:	6019      	str	r1, [r3, #0]
20000e4c:	bd10      	pop	{r4, pc}
20000e4e:	7881      	ldrb	r1, [r0, #2]
20000e50:	4803      	ldr	r0, [pc, #12]	@ (20000e60 <_hw_endpoint_buffer_control_update32+0x4c>)
20000e52:	f000 f951 	bl	200010f8 <__panic_veneer>
20000e56:	46c0      	nop			@ (mov r8, r8)
20000e58:	fffffbff 	.word	0xfffffbff
20000e5c:	50110000 	.word	0x50110000
20000e60:	1000aaec 	.word	0x1000aaec

20000e64 <hw_endpoint_start_next_buffer>:
20000e64:	6843      	ldr	r3, [r0, #4]
20000e66:	b570      	push	{r4, r5, r6, lr}
20000e68:	2100      	movs	r1, #0
20000e6a:	2580      	movs	r5, #128	@ 0x80
20000e6c:	0004      	movs	r4, r0
20000e6e:	681e      	ldr	r6, [r3, #0]
20000e70:	f7ff fed6 	bl	20000c20 <prepare_ep_buffer>
20000e74:	4b12      	ldr	r3, [pc, #72]	@ (20000ec0 <hw_endpoint_start_next_buffer+0x5c>)
20000e76:	016d      	lsls	r5, r5, #5
20000e78:	6c1a      	ldr	r2, [r3, #64]	@ 0x40
20000e7a:	4305      	orrs	r5, r0
20000e7c:	78a3      	ldrb	r3, [r4, #2]
20000e7e:	0792      	lsls	r2, r2, #30
20000e80:	d50e      	bpl.n	20000ea0 <hw_endpoint_start_next_buffer+0x3c>
20000e82:	065b      	lsls	r3, r3, #25
20000e84:	d00e      	beq.n	20000ea4 <hw_endpoint_start_next_buffer+0x40>
20000e86:	4b0f      	ldr	r3, [pc, #60]	@ (20000ec4 <hw_endpoint_start_next_buffer+0x60>)
20000e88:	401e      	ands	r6, r3
20000e8a:	2380      	movs	r3, #128	@ 0x80
20000e8c:	059b      	lsls	r3, r3, #22
20000e8e:	4333      	orrs	r3, r6
20000e90:	6862      	ldr	r2, [r4, #4]
20000e92:	2100      	movs	r1, #0
20000e94:	6013      	str	r3, [r2, #0]
20000e96:	0020      	movs	r0, r4
20000e98:	002a      	movs	r2, r5
20000e9a:	f7ff ffbb 	bl	20000e14 <_hw_endpoint_buffer_control_update32>
20000e9e:	bd70      	pop	{r4, r5, r6, pc}
20000ea0:	09db      	lsrs	r3, r3, #7
20000ea2:	d0f0      	beq.n	20000e86 <hw_endpoint_start_next_buffer+0x22>
20000ea4:	8aa3      	ldrh	r3, [r4, #20]
20000ea6:	2b00      	cmp	r3, #0
20000ea8:	d0ed      	beq.n	20000e86 <hw_endpoint_start_next_buffer+0x22>
20000eaa:	2101      	movs	r1, #1
20000eac:	0020      	movs	r0, r4
20000eae:	f7ff feb7 	bl	20000c20 <prepare_ep_buffer>
20000eb2:	23a0      	movs	r3, #160	@ 0xa0
20000eb4:	4a04      	ldr	r2, [pc, #16]	@ (20000ec8 <hw_endpoint_start_next_buffer+0x64>)
20000eb6:	05db      	lsls	r3, r3, #23
20000eb8:	4032      	ands	r2, r6
20000eba:	4305      	orrs	r5, r0
20000ebc:	4313      	orrs	r3, r2
20000ebe:	e7e7      	b.n	20000e90 <hw_endpoint_start_next_buffer+0x2c>
20000ec0:	50110000 	.word	0x50110000
20000ec4:	afffffff 	.word	0xafffffff
20000ec8:	dfffffff 	.word	0xdfffffff

20000ecc <hw_endpoint_xfer_continue>:
20000ecc:	b570      	push	{r4, r5, r6, lr}
20000ece:	7e85      	ldrb	r5, [r0, #26]
20000ed0:	0004      	movs	r4, r0
20000ed2:	2d00      	cmp	r5, #0
20000ed4:	d014      	beq.n	20000f00 <hw_endpoint_xfer_continue+0x34>
20000ed6:	f7ff ff55 	bl	20000d84 <_hw_endpoint_xfer_sync>
20000eda:	8aa3      	ldrh	r3, [r4, #20]
20000edc:	2b00      	cmp	r3, #0
20000ede:	d101      	bne.n	20000ee4 <hw_endpoint_xfer_continue+0x18>
20000ee0:	0028      	movs	r0, r5
20000ee2:	bd70      	pop	{r4, r5, r6, pc}
20000ee4:	0020      	movs	r0, r4
20000ee6:	f7ff ff75 	bl	20000dd4 <e15_is_critical_frame_period>
20000eea:	2800      	cmp	r0, #0
20000eec:	d003      	beq.n	20000ef6 <hw_endpoint_xfer_continue+0x2a>
20000eee:	2301      	movs	r3, #1
20000ef0:	2500      	movs	r5, #0
20000ef2:	7723      	strb	r3, [r4, #28]
20000ef4:	e7f4      	b.n	20000ee0 <hw_endpoint_xfer_continue+0x14>
20000ef6:	0020      	movs	r0, r4
20000ef8:	f7ff ffb4 	bl	20000e64 <hw_endpoint_start_next_buffer>
20000efc:	2500      	movs	r5, #0
20000efe:	e7ef      	b.n	20000ee0 <hw_endpoint_xfer_continue+0x14>
20000f00:	7881      	ldrb	r1, [r0, #2]
20000f02:	4801      	ldr	r0, [pc, #4]	@ (20000f08 <hw_endpoint_xfer_continue+0x3c>)
20000f04:	f000 f8f8 	bl	200010f8 <__panic_veneer>
20000f08:	1000ab0c 	.word	0x1000ab0c

20000f0c <dcd_event_handler>:
20000f0c:	b5f0      	push	{r4, r5, r6, r7, lr}
20000f0e:	46ce      	mov	lr, r9
20000f10:	4647      	mov	r7, r8
20000f12:	b580      	push	{r7, lr}
20000f14:	7843      	ldrb	r3, [r0, #1]
20000f16:	0005      	movs	r5, r0
20000f18:	000e      	movs	r6, r1
20000f1a:	b085      	sub	sp, #20
20000f1c:	2b06      	cmp	r3, #6
20000f1e:	d808      	bhi.n	20000f32 <dcd_event_handler+0x26>
20000f20:	4a6c      	ldr	r2, [pc, #432]	@ (200010d4 <dcd_event_handler+0x1c8>)
20000f22:	009b      	lsls	r3, r3, #2
20000f24:	58d3      	ldr	r3, [r2, r3]
20000f26:	469f      	mov	pc, r3
20000f28:	4a6b      	ldr	r2, [pc, #428]	@ (200010d8 <dcd_event_handler+0x1cc>)
20000f2a:	7813      	ldrb	r3, [r2, #0]
20000f2c:	3301      	adds	r3, #1
20000f2e:	b2db      	uxtb	r3, r3
20000f30:	7013      	strb	r3, [r2, #0]
20000f32:	4b6a      	ldr	r3, [pc, #424]	@ (200010dc <dcd_event_handler+0x1d0>)
20000f34:	681c      	ldr	r4, [r3, #0]
20000f36:	6962      	ldr	r2, [r4, #20]
20000f38:	f3ef 8110 	mrs	r1, PRIMASK
20000f3c:	b672      	cpsid	i
20000f3e:	6813      	ldr	r3, [r2, #0]
20000f40:	2b00      	cmp	r3, #0
20000f42:	d0fc      	beq.n	20000f3e <dcd_event_handler+0x32>
20000f44:	f3bf 8f5f 	dmb	sy
20000f48:	61a1      	str	r1, [r4, #24]
20000f4a:	0020      	movs	r0, r4
20000f4c:	0029      	movs	r1, r5
20000f4e:	f000 f903 	bl	20001158 <__tu_fifo_write_veneer>
20000f52:	6962      	ldr	r2, [r4, #20]
20000f54:	69a3      	ldr	r3, [r4, #24]
20000f56:	f3bf 8f5f 	dmb	sy
20000f5a:	2100      	movs	r1, #0
20000f5c:	6011      	str	r1, [r2, #0]
20000f5e:	f383 8810 	msr	PRIMASK, r3
20000f62:	2800      	cmp	r0, #0
20000f64:	d104      	bne.n	20000f70 <dcd_event_handler+0x64>
20000f66:	b005      	add	sp, #20
20000f68:	bcc0      	pop	{r6, r7}
20000f6a:	46b9      	mov	r9, r7
20000f6c:	46b0      	mov	r8, r6
20000f6e:	bdf0      	pop	{r4, r5, r6, r7, pc}
20000f70:	0032      	movs	r2, r6
20000f72:	7869      	ldrb	r1, [r5, #1]
20000f74:	7828      	ldrb	r0, [r5, #0]
20000f76:	f000 f8cf 	bl	20001118 <__tud_event_hook_cb_veneer>
20000f7a:	e7f4      	b.n	20000f66 <dcd_event_handler+0x5a>
20000f7c:	2101      	movs	r1, #1
20000f7e:	4b58      	ldr	r3, [pc, #352]	@ (200010e0 <dcd_event_handler+0x1d4>)
20000f80:	781a      	ldrb	r2, [r3, #0]
20000f82:	438a      	bics	r2, r1
20000f84:	701a      	strb	r2, [r3, #0]
20000f86:	781a      	ldrb	r2, [r3, #0]
20000f88:	3101      	adds	r1, #1
20000f8a:	438a      	bics	r2, r1
20000f8c:	701a      	strb	r2, [r3, #0]
20000f8e:	2200      	movs	r2, #0
20000f90:	705a      	strb	r2, [r3, #1]
20000f92:	781a      	ldrb	r2, [r3, #0]
20000f94:	3102      	adds	r1, #2
20000f96:	438a      	bics	r2, r1
20000f98:	701a      	strb	r2, [r3, #0]
20000f9a:	e7ca      	b.n	20000f32 <dcd_event_handler+0x26>
20000f9c:	4951      	ldr	r1, [pc, #324]	@ (200010e4 <dcd_event_handler+0x1d8>)
20000f9e:	4f52      	ldr	r7, [pc, #328]	@ (200010e8 <dcd_event_handler+0x1dc>)
20000fa0:	4689      	mov	r9, r1
20000fa2:	4952      	ldr	r1, [pc, #328]	@ (200010ec <dcd_event_handler+0x1e0>)
20000fa4:	2400      	movs	r4, #0
20000fa6:	2300      	movs	r3, #0
20000fa8:	4688      	mov	r8, r1
20000faa:	783a      	ldrb	r2, [r7, #0]
20000fac:	e012      	b.n	20000fd4 <dcd_event_handler+0xc8>
20000fae:	4643      	mov	r3, r8
20000fb0:	681b      	ldr	r3, [r3, #0]
20000fb2:	0161      	lsls	r1, r4, #5
20000fb4:	185b      	adds	r3, r3, r1
20000fb6:	2b00      	cmp	r3, #0
20000fb8:	d006      	beq.n	20000fc8 <dcd_event_handler+0xbc>
20000fba:	69db      	ldr	r3, [r3, #28]
20000fbc:	2b00      	cmp	r3, #0
20000fbe:	d003      	beq.n	20000fc8 <dcd_event_handler+0xbc>
20000fc0:	6869      	ldr	r1, [r5, #4]
20000fc2:	7828      	ldrb	r0, [r5, #0]
20000fc4:	4798      	blx	r3
20000fc6:	783a      	ldrb	r2, [r7, #0]
20000fc8:	3401      	adds	r4, #1
20000fca:	b2e4      	uxtb	r4, r4
20000fcc:	1c51      	adds	r1, r2, #1
20000fce:	0023      	movs	r3, r4
20000fd0:	42a1      	cmp	r1, r4
20000fd2:	db17      	blt.n	20001004 <dcd_event_handler+0xf8>
20000fd4:	42a2      	cmp	r2, r4
20000fd6:	d8ea      	bhi.n	20000fae <dcd_event_handler+0xa2>
20000fd8:	1a9b      	subs	r3, r3, r2
20000fda:	015b      	lsls	r3, r3, #5
20000fdc:	444b      	add	r3, r9
20000fde:	e7ec      	b.n	20000fba <dcd_event_handler+0xae>
20000fe0:	4b3f      	ldr	r3, [pc, #252]	@ (200010e0 <dcd_event_handler+0x1d4>)
20000fe2:	781a      	ldrb	r2, [r3, #0]
20000fe4:	07d2      	lsls	r2, r2, #31
20000fe6:	d5be      	bpl.n	20000f66 <dcd_event_handler+0x5a>
20000fe8:	2104      	movs	r1, #4
20000fea:	781a      	ldrb	r2, [r3, #0]
20000fec:	430a      	orrs	r2, r1
20000fee:	701a      	strb	r2, [r3, #0]
20000ff0:	e79f      	b.n	20000f32 <dcd_event_handler+0x26>
20000ff2:	4b3b      	ldr	r3, [pc, #236]	@ (200010e0 <dcd_event_handler+0x1d4>)
20000ff4:	781a      	ldrb	r2, [r3, #0]
20000ff6:	07d2      	lsls	r2, r2, #31
20000ff8:	d5b5      	bpl.n	20000f66 <dcd_event_handler+0x5a>
20000ffa:	2104      	movs	r1, #4
20000ffc:	781a      	ldrb	r2, [r3, #0]
20000ffe:	438a      	bics	r2, r1
20001000:	701a      	strb	r2, [r3, #0]
20001002:	e796      	b.n	20000f32 <dcd_event_handler+0x26>
20001004:	4f36      	ldr	r7, [pc, #216]	@ (200010e0 <dcd_event_handler+0x1d4>)
20001006:	783b      	ldrb	r3, [r7, #0]
20001008:	075b      	lsls	r3, r3, #29
2000100a:	d52b      	bpl.n	20001064 <dcd_event_handler+0x158>
2000100c:	2204      	movs	r2, #4
2000100e:	783b      	ldrb	r3, [r7, #0]
20001010:	2100      	movs	r1, #0
20001012:	4393      	bics	r3, r2
20001014:	703b      	strb	r3, [r7, #0]
20001016:	466b      	mov	r3, sp
20001018:	3206      	adds	r2, #6
2000101a:	1d98      	adds	r0, r3, #6
2000101c:	f000 f88c 	bl	20001138 <____wrap_memset_veneer>
20001020:	782b      	ldrb	r3, [r5, #0]
20001022:	ac01      	add	r4, sp, #4
20001024:	7023      	strb	r3, [r4, #0]
20001026:	2305      	movs	r3, #5
20001028:	7063      	strb	r3, [r4, #1]
2000102a:	4b2c      	ldr	r3, [pc, #176]	@ (200010dc <dcd_event_handler+0x1d0>)
2000102c:	681b      	ldr	r3, [r3, #0]
2000102e:	4698      	mov	r8, r3
20001030:	695a      	ldr	r2, [r3, #20]
20001032:	f3ef 8110 	mrs	r1, PRIMASK
20001036:	b672      	cpsid	i
20001038:	6813      	ldr	r3, [r2, #0]
2000103a:	2b00      	cmp	r3, #0
2000103c:	d0fc      	beq.n	20001038 <dcd_event_handler+0x12c>
2000103e:	f3bf 8f5f 	dmb	sy
20001042:	4643      	mov	r3, r8
20001044:	4640      	mov	r0, r8
20001046:	6199      	str	r1, [r3, #24]
20001048:	0021      	movs	r1, r4
2000104a:	f000 f885 	bl	20001158 <__tu_fifo_write_veneer>
2000104e:	4643      	mov	r3, r8
20001050:	695a      	ldr	r2, [r3, #20]
20001052:	699b      	ldr	r3, [r3, #24]
20001054:	f3bf 8f5f 	dmb	sy
20001058:	2100      	movs	r1, #0
2000105a:	6011      	str	r1, [r2, #0]
2000105c:	f383 8810 	msr	PRIMASK, r3
20001060:	2800      	cmp	r0, #0
20001062:	d131      	bne.n	200010c8 <dcd_event_handler+0x1bc>
20001064:	78fb      	ldrb	r3, [r7, #3]
20001066:	07db      	lsls	r3, r3, #31
20001068:	d400      	bmi.n	2000106c <dcd_event_handler+0x160>
2000106a:	e77c      	b.n	20000f66 <dcd_event_handler+0x5a>
2000106c:	466b      	mov	r3, sp
2000106e:	220a      	movs	r2, #10
20001070:	2100      	movs	r1, #0
20001072:	1d98      	adds	r0, r3, #6
20001074:	f000 f860 	bl	20001138 <____wrap_memset_veneer>
20001078:	782b      	ldrb	r3, [r5, #0]
2000107a:	ac01      	add	r4, sp, #4
2000107c:	7023      	strb	r3, [r4, #0]
2000107e:	2303      	movs	r3, #3
20001080:	7063      	strb	r3, [r4, #1]
20001082:	686b      	ldr	r3, [r5, #4]
20001084:	6063      	str	r3, [r4, #4]
20001086:	4b15      	ldr	r3, [pc, #84]	@ (200010dc <dcd_event_handler+0x1d0>)
20001088:	681d      	ldr	r5, [r3, #0]
2000108a:	696a      	ldr	r2, [r5, #20]
2000108c:	f3ef 8110 	mrs	r1, PRIMASK
20001090:	b672      	cpsid	i
20001092:	6813      	ldr	r3, [r2, #0]
20001094:	2b00      	cmp	r3, #0
20001096:	d0fc      	beq.n	20001092 <dcd_event_handler+0x186>
20001098:	f3bf 8f5f 	dmb	sy
2000109c:	61a9      	str	r1, [r5, #24]
2000109e:	0028      	movs	r0, r5
200010a0:	0021      	movs	r1, r4
200010a2:	f000 f859 	bl	20001158 <__tu_fifo_write_veneer>
200010a6:	696a      	ldr	r2, [r5, #20]
200010a8:	69ab      	ldr	r3, [r5, #24]
200010aa:	f3bf 8f5f 	dmb	sy
200010ae:	2100      	movs	r1, #0
200010b0:	6011      	str	r1, [r2, #0]
200010b2:	f383 8810 	msr	PRIMASK, r3
200010b6:	2800      	cmp	r0, #0
200010b8:	d100      	bne.n	200010bc <dcd_event_handler+0x1b0>
200010ba:	e754      	b.n	20000f66 <dcd_event_handler+0x5a>
200010bc:	0032      	movs	r2, r6
200010be:	7861      	ldrb	r1, [r4, #1]
200010c0:	7820      	ldrb	r0, [r4, #0]
200010c2:	f000 f829 	bl	20001118 <__tud_event_hook_cb_veneer>
200010c6:	e74e      	b.n	20000f66 <dcd_event_handler+0x5a>
200010c8:	0032      	movs	r2, r6
200010ca:	7861      	ldrb	r1, [r4, #1]
200010cc:	7820      	ldrb	r0, [r4, #0]
200010ce:	f000 f823 	bl	20001118 <__tud_event_hook_cb_veneer>
200010d2:	e7c7      	b.n	20001064 <dcd_event_handler+0x158>
200010d4:	1000b348 	.word	0x1000b348
200010d8:	20002c68 	.word	0x20002c68
200010dc:	200018f0 	.word	0x200018f0
200010e0:	20001898 	.word	0x20001898
200010e4:	1000b364 	.word	0x1000b364
200010e8:	20002c66 	.word	0x20002c66
200010ec:	200016e8 	.word	0x200016e8

200010f0 <__aeabi_idiv0>:
200010f0:	4770      	bx	lr
200010f2:	46c0      	nop			@ (mov r8, r8)
200010f4:	0000      	movs	r0, r0
	...

200010f8 <__panic_veneer>:
200010f8:	b401      	push	{r0}
200010fa:	4802      	ldr	r0, [pc, #8]	@ (20001104 <__panic_veneer+0xc>)
200010fc:	4684      	mov	ip, r0
200010fe:	bc01      	pop	{r0}
20001100:	4760      	bx	ip
20001102:	bf00      	nop
20001104:	100005ed 	.word	0x100005ed

20001108 <__rp2040_chip_version_veneer>:
20001108:	b401      	push	{r0}
2000110a:	4802      	ldr	r0, [pc, #8]	@ (20001114 <__rp2040_chip_version_veneer+0xc>)
2000110c:	4684      	mov	ip, r0
2000110e:	bc01      	pop	{r0}
20001110:	4760      	bx	ip
20001112:	bf00      	nop
20001114:	100005e1 	.word	0x100005e1

20001118 <__tud_event_hook_cb_veneer>:
20001118:	b401      	push	{r0}
2000111a:	4802      	ldr	r0, [pc, #8]	@ (20001124 <__tud_event_hook_cb_veneer+0xc>)
2000111c:	4684      	mov	ip, r0
2000111e:	bc01      	pop	{r0}
20001120:	4760      	bx	ip
20001122:	bf00      	nop
20001124:	10004dd5 	.word	0x10004dd5

20001128 <__best_effort_wfe_or_timeout_veneer>:
20001128:	b401      	push	{r0}
2000112a:	4802      	ldr	r0, [pc, #8]	@ (20001134 <__best_effort_wfe_or_timeout_veneer+0xc>)
2000112c:	4684      	mov	ip, r0
2000112e:	bc01      	pop	{r0}
20001130:	4760      	bx	ip
20001132:	bf00      	nop
20001134:	10001631 	.word	0x10001631

20001138 <____wrap_memset_veneer>:
20001138:	b401      	push	{r0}
2000113a:	4802      	ldr	r0, [pc, #8]	@ (20001144 <____wrap_memset_veneer+0xc>)
2000113c:	4684      	mov	ip, r0
2000113e:	bc01      	pop	{r0}
20001140:	4760      	bx	ip
20001142:	bf00      	nop
20001144:	100025d1 	.word	0x100025d1

20001148 <__time_us_64_veneer>:
20001148:	b401      	push	{r0}
2000114a:	4802      	ldr	r0, [pc, #8]	@ (20001154 <__time_us_64_veneer+0xc>)
2000114c:	4684      	mov	ip, r0
2000114e:	bc01      	pop	{r0}
20001150:	4760      	bx	ip
20001152:	bf00      	nop
20001154:	10001761 	.word	0x10001761

20001158 <__tu_fifo_write_veneer>:
20001158:	b401      	push	{r0}
2000115a:	4802      	ldr	r0, [pc, #8]	@ (20001164 <__tu_fifo_write_veneer+0xc>)
2000115c:	4684      	mov	ip, r0
2000115e:	bc01      	pop	{r0}
20001160:	4760      	bx	ip
20001162:	bf00      	nop
20001164:	10006835 	.word	0x10006835

20001168 <____wrap___aeabi_lmul_veneer>:
20001168:	b401      	push	{r0}
2000116a:	4802      	ldr	r0, [pc, #8]	@ (20001174 <____wrap___aeabi_lmul_veneer+0xc>)
2000116c:	4684      	mov	ip, r0
2000116e:	bc01      	pop	{r0}
20001170:	4760      	bx	ip
20001172:	bf00      	nop
20001174:	10002525 	.word	0x10002525

20001178 <striped_spin_lock_num>:
20001178:	00000010                                ....

2000117c <irq_handler_chain_slots>:
2000117c:	00000000 	.word	0x00000000
20001180:	00010000 	.word	0x00010000
	...
2000118c:	00020000 	.word	0x00020000
	...
20001198:	00030000 	.word	0x00030000
	...
200011a4:	00ff0000 	.word	0x00ff0000
200011a8:	00000000 	.word	0x00000000

200011ac <irq_handler_chain_first_slot>:
200011ac:	b501      	push	{r0, lr}
200011ae:	6848      	ldr	r0, [r1, #4]
200011b0:	3101      	adds	r1, #1
200011b2:	468e      	mov	lr, r1
200011b4:	4700      	bx	r0

200011b6 <irq_handler_chain_remove_tail>:
200011b6:	4670      	mov	r0, lr
200011b8:	3809      	subs	r0, #9
200011ba:	4901      	ldr	r1, [pc, #4]	@ (200011c0 <irq_handler_chain_remove_tail+0xa>)
200011bc:	4788      	blx	r1
200011be:	bd01      	pop	{r0, pc}
200011c0:	10000c7d 	.word	0x10000c7d

200011c4 <default_alarm_pool>:
	...
200011d8:	200012b0 00000000                       ... ....

200011e0 <aeabi_bits_funcs>:
200011e0:	00003350 	.word	0x00003350
200011e4:	0000334c 	.word	0x0000334c
200011e8:	00003354 	.word	0x00003354
200011ec:	00003352 	.word	0x00003352

200011f0 <aeabi_bits_funcs_end>:
200011f0:	0000534d 	.word	0x0000534d
200011f4:	0000434d 	.word	0x0000434d
200011f8:	00003453 	.word	0x00003453
200011fc:	00003443 	.word	0x00003443

20001200 <stdio_usb>:
20001200:	10004585 10004539 100044ad 10004425     .E..9E...D..%D..
20001210:	00000000 00000100                       ........

20001218 <_usbd_qdef>:
20001218:	200018f4 000c0010 00000000 00000000     ... ............
	...

20001234 <_usbd_rhport>:
20001234:	000000ff                                ....

20001238 <cyw43_poll_worker>:
20001238:	00000000 10009e99 00000000 00000000     ................

20001248 <sleep_timeout_worker>:
20001248:	00000000 10009dfd 00000000 00000000     ................
	...

20001260 <print_mutex>:
	...
