:020000041000EA
:1000000000B5324B212058609868022188439860DF
:10001000D860186158612E4B002199600221596106
:100020000121F02299502B49196001219960352056
:1000300000F044F80222904214D00621196600F024
:1000400034F8196E01211966002018661A6600F04E
:100050002CF8196E196E196E052000F02FF8012189
:100060000842F9D1002199601B49196000215960AB
:100070001A491B48016001219960EB211966A021F2
:10008000196600F012F800219960164914480160C1
:100090000121996001BC002800D000471248134993
:1000A000086003C880F30888084703B5996A0420EC
:1000B0000142FBD001200142F8D103BD02B5186610
:1000C0001866FFF7F2FF186E186E02BD00000240BE
:1000D000000000180000070000035F00212200005C
:1000E000F4000018222000A00001001008ED00E03C
:1000F00000000000000000000000000074B24E7A12
:1001000000200420F7010010CB010010CD010010E9
:10011000C9010010C9010010C9010010C901001077
:10012000C9010010C9010010C9010010CF01001061
:10013000C9010010C9010010D1010010D301001045
:10014000C1010010C1010010C1010010C101001067
:10015000C1010010C1010010C1010010C101001057
:10016000C1010010C1010010C1010010C101001047
:10017000C1010010C1010010C1010010C101001037
:10018000C1010010C1010010C1010010C101001027
:10019000C1010010C1010010C1010010C101001017
:1001A000C1010010C1010010C1010010C101001007
:1001B000C1010010C1010010C1010010C1010010F7
:1001C000EFF30580103800BE00BE00BE00BE00BECA
:1001D00000BE00BEF2EB8871302A0410502A0410D1
:1001E0003802001090A31AE71E481F49086006C88D
:1001F00081F3088810471D480068002801D019487D
:10020000F3E70DA40ECC002902D000F012F8F9E7B4
:100210001749184A002000E001C19142FCD116495B
:100220008847164988471649884700BEFDE701C937
:1002300001C29A42FBD37047502A0410C00000202C
:1002400068120020F83B0410000004200000042085
:10025000F83B0410001004200010042000000000EF
:10026000704700000000000008ED00E0000000D032
:1002700068120020702C00207D3F001069030010E0
:10028000753F0010F8B5C0460448054B10B58342D1
:1002900003D0044B002B00D0984710BD68120020FB
:1002A000681200200000000006480749091A8B1058
:1002B000C90FC91810B5491003D0044B002B00D04A
:1002C000984710BD6812002068120020000000004E
:1002D00010B5074C2378002B09D1FFF7D5FF054B4C
:1002E000002B02D0044800E000BF0123237010BDA2
:1002F000381500200000000080AA0010054B10B542
:10030000002B03D00449054800E000BFFFF7CCFFF5
:1003100010BDC046000000003C15002080AA00105F
:1003200010B503F069FFFA20400001F0CFF806F0A5
:1003300033FC0021002006F01FFC0AF0B1F9022274
:10034000064B1A60064B1A688023DB015340E022FB
:10035000D2011340034A136010BDC04600E00440C0
:1003600000C0044000D00440F8B50425FFF7D8FFD2
:100370001A4C1B4E80211B4A2560490013680B4212
:10038000FCD0506880B202F004F9174902F0CDF8B1
:10039000164902F0B0F8164902F0B3F8011C1548EE
:1003A00002F0A9F8071C02F01BF902000B00300054
:1003B00003F0F4FF0021381C02F0E6F8002808D012
:1003C0000121002006F0D8FBFA20800001F07EF821
:1003D000D0E70021002006F0CFFBF5E700E0044065
:1003E00080AA001000C004403333533A6ABC343F43
:1003F0002D93E13A0000D841094A83009A1810B5BC
:1004000014684022544080322240064CC000A4466A
:1004100063441A60044B9C466044416010BDC04672
:1004200004C0014004D0014000400140074B80005F
:10043000C3181B68C90092000A435A400C2313409A
:10044000034A9446604403607047C04604C00140BC
:1004500004D001408000002905D0064B9C460223B1
:10046000604403607047044B9C4602236044036071
:10047000F8E7C04604E0014004F00140D0231B0629
:100480001B6830B50500584243412F205B4283432F
:100490000E48EC0884460720284080008140200058
:1004A0000B4D3C3063448000A40041511B19002ACD
:1004B00005D08022920194466344196030BDC02269
:1004C0009201944663441960F8E7C0463041014008
:1004D00000400140D023F0B5C6461B0698461B6875
:1004E0000C4F9B001600FA5804000D0000B5104296
:1004F00009D1290014430D203200FC5000F092F97C
:1005000080BCB846F0BD01F007FB43461B689B006A
:10051000FA58EEE7302B002010B504000D2000F053
:100520007BFAD0231B061B6802499B005A58A24342
:100530005A5010BD302B00200123D02283401206D8
:1005400093629361094A83009A18116840225140CE
:1005500080320A400649C0008C4663441A60054B4D
:100560009C460523604443607047C04604C0014078
:1005700004D00140004001408023DB051868000FD3
:100580007047C0460FB400B5084883B003F082FE40
:10059000049B002B07D005A91800019103F0D0FCA3
:1005A000034803F077FE012003F0E2FC90AA00105C
:1005B000CCAC0010EFF3108072B6034A1368002B26
:1005C000FCD0BFF35F8F70472C0100D0BFF35F8F6B
:1005D0000022024B1A6080F3108870472C0100D073
:1005E00070B5EFF3108C72B60D4D2B68002BFCD05C
:1005F000BFF35F8F0724CB08C618C05C01230C40F3
:10060000A3401C000440034207D118433070BFF3DD
:100610005F8F2C608CF3108870BD1000FFF7B2FF65
:100620002C0100D0F8B54746CE46884680B5EFF39A
:10063000108C72B61C4D2C68002CFCD0BFF35F8F61
:100640009A4222D807210126894602E001329342CC
:1006500018D34D4637001540AF40D4080119045D4A
:100660002742F3D110003C430C70BFF35F8F002290
:100670000D4B1A608CF3108800280EDBC0BCB94605
:10068000B046F8BD01204042EFE7BFF35F8F002383
:100690002B608CF31088012040424346002BEDD0A4
:1006A0000898FFF76FFFC0462C0100D030B5EFF37C
:1006B000108C72B60A4C2368002BFCD0BFF35F8FFE
:1006C000072301220B409A40CD08435D93434355D5
:1006D000BFF35F8F002323608CF3108830BDC046CA
:1006E0002C0100D0044A1078431CDBB2172B00D930
:1006F000102313707047C0467811002010B5064BC8
:10070000064C82B00100009318221F232000FFF73F
:1007100089FF02B010BDC046A0AA0010BC1D002079
:100720000021044B044ABFF35F8F02C39342FAD106
:100730007047C046000100D0800100D0054B064A3A
:100740001360064A136053609360D3601361536172
:10075000936170478080808000E400E004E400E062
:100760001F2318401E3B8340002905D0C021044AA6
:100770004900535013607047802201498B50FAE7BB
:1007800000E100E001228240034B1B6813405A1E27
:100790009341D8B27047C04600E100E00123834096
:1007A000014A13607047C04600E200E0064B10307B
:1007B0009B688000C358054A00209B1A2F229A424A
:1007C0004041C0B27047C04600ED00E07C110020FF
:1007D00070B50D00EFF3108672B60F4A1368002B48
:1007E000FCD0BFF35F8F0D4B10309B6884001B590A
:1007F0000B4A934203D09D4201D001F08DF9074B83
:100800009B681D51BFF35F8FBFF35F8F0022024BC8
:100810001A6086F3108870BD240100D000ED00E05E
:10082000C1010010F0B557464E46DE464546E0B5DC
:1008300085B0060000911700EFF3108B72B66A4A7C
:100840001368002BFCD0BFF35F8F0025674B5D570B
:100850009A46002D00DAA9E06B00654C01935B1904
:100860009B009846A146C1444B4652469B791036A0
:100870001370604BB6009B6899590B1B2F2B33D913
:100880005D4B994200D0ACE0019B42469C465B4BDD
:100890006544AD0063535A4B0232A218043B9B1AC5
:1008A0001B05584A5B0D651913436B80564B01219C
:1008B000AB80FF23AB71009BEF71AB604B460B43EA
:1008C00019004C4B9B689951BFF35F8FBFF35F8F4B
:1008D0000022454B1A608BF3108805B0F0BCBB4674
:1008E000B246A946A046F0BD01200A008243D37952
:1008F0008C46BB4231D84546130044491B1B5B4123
:100900005943090D3D4B63533D4B02356519043B7B
:100910005B1B1B053B4D5B0D2B43AA464D466B8075
:100920000425AC465546E044131F44441B1B1B05DD
:100930005B0D1D434B46997100999D809960494616
:10094000DF71334B01431360BBE75800C0188000D0
:100950002018C179B9422FD902000623D356002BA3
:10096000F3DA02932B4B61460393131D9A4604233B
:100970005B429C46E14450464B461B1A1B055B0DEF
:100980009C46204B957198466346404603439380AE
:10099000019B5A199200039BA418A380029B1C4A36
:1009A000A371009B2260E771A3608AE701F0B4F8AD
:1009B000002553465D574FE7908802934005131D6D
:1009C0009A46031561469C464046D444634604302B
:1009D0002018181AE0230005400D1B02184303904D
:1009E000C5E701F099F84FE7240100D06A2C0020F8
:1009F0007C11002000ED00E0C101001000A1FFFF0C
:100A0000AC11002000E0FFFF01BDFFFFAAAA00001B
:100A10000148804701BD0000F0B5DE4657464E460E
:100A20004546E0B50C0083B0EFF3108872B6634A18
:100A30001368002BFCD0BFF35F8F614B61499A684C
:100A4000030010339F00D55901938D4243D0A54236
:100A500054D05D4EAA1B2F2A3DD85C4B9B461B6889
:100A6000994601231A009C4682404B4613401F22A0
:100A700099466346024093409A4680225B46504620
:100A80009850BFF35F8FEFF305839B46002B37D061
:100A9000019B5B4501D001F03FF801232A009A43F6
:100AA0009068844208D176E04B005B189B00F318F5
:100AB0009868844236D01A00062151560029F3DA8C
:100AC000844254D04B46002B27D0C02251463F4B86
:100AD0005200995019603A4B9B68DD51BFF35F8F0C
:100AE000BFF35F8F0022354B1A6088F3108803B084
:100AF000F0BCBB46B246A946A046F0BD0D00EAE7F1
:100B00002A0063469A4390688442D5D10620105645
:100B1000130000280ADA0D0031E0802351462B4AE9
:100B2000D150D8E706201856002821DB42001118C2
:100B3000890074188B46A1689960E179D971062102
:100B400061569971002924DBA488F11A64052415E3
:100B50005C44091909051E4C490D2143998013185D
:100B60001C4A9B001178F31899711070AAE71300C2
:100B70005946002914D1FF319171174991801549C7
:100B80000A789A71154A9B1B5B415A43120D0A70F1
:100B900098E71149E2E70620105613000028C5DA4D
:100BA0000F4A1049D21A083A5002400D0143998069
:100BB0000D4952080A43DA8084E7C046240100D078
:100BC00000ED00E0C10100107C11002000E100E018
:100BD00000E0FFFF6A2C002001BDFFFFAAAA000071
:100BE000B611002000F0FFFF00F8FFFF10B58308EA
:100BF000040003202040FF24054AC000944684409E
:100C000081409B0063441A68A2430A431A6010BDE6
:100C100000E400E070B501240443EFF30581EFF335
:100C2000108C72B6214A1368002BFCD0BFF35F8F83
:100C30001F4B05001F4AED1A6D416A43120D1E4DF0
:100C40008900AE6852B27658A6421CD00621595689
:100C500091421CD012215956914222D01E21595640
:100C6000914220D02A2159560324914210D0134B8F
:100C700019781A708171BFF35F8F00220B4B1A60D5
:100C80008CF3108870BDAB680D4C5C50EFE700240E
:100C90006100091989005B18FF2199710949998040
:100CA000E5E70124F4E70224F2E7C046240100D07E
:100CB0007C110020AAAA000000ED00E06A2C0020B0
:100CC000C101001001BDFFFF1F2110B5091A024824
:100CD000FFF7ECFC10BDC0466E2C002010B5084B91
:100CE000084C82B001000093002205232000FFF78A
:100CF00099FC002801DB1F23181A02B010BDC04662
:100D0000BCAA00106E2C002070B504000E00150067
:100D1000FFF7E8FC0100200000F006F8A680E5805F
:100D2000BFF35F8F70BDC046024B9C466144890093
:100D3000016070474000003470B5114C114DAC4259
:100D40000FD2FF262368002B0CD0FFF7CBFC01004D
:100D50002000FFF7E9FFA680BFF35F8F0834AC42A5
:100D6000F0D370BDFFF7BEFC01002000FFF7DCFFF1
:100D70002671BFF35F8F0834AC42E3D3F1E7C0467E
:100D8000601200206812002010B50400FFF7AAFCD2
:100D900001002000FFF7C8FFFF232371BFF35F8F1F
:100DA00010BDC04610B50400FFF79CFC01002000F8
:100DB000FFF7BAFFFF23A380BFF35F8F10BDC046CC
:100DC00010B504000120FFF799FC034BC3189B00EA
:100DD0002360BFF35F8F10BD40000034034B9C467F
:100DE000614489000160BFF35F8F704740000034A9
:100DF0000A4B1968EFF3108072B60A68002AFCD01B
:100E0000BFF35F8F1B68BFF35F8F00221A6080F310
:100E1000108840BF002000217047C046442C0020AD
:100E2000F0B5DE4657464E464546E0B587B0EFF38F
:100E30000583032201251A40954091008846A94662
:100E4000B34B03925C58B34B1D60B34B04934B46BA
:100E5000B24843630823E55E002D37DAA3881BB24E
:100E6000002B00DBADE0A379002B00D0EEE00823DF
:100E7000E05E002820DB430062691B18DB00D3180A
:100E80009E68DD68731C00D111E1A4480100414453
:100E9000826A0B69B71A9B1A9F4215D30123026A13
:100EA000039883401A420FD09C4800F01DFC8D42ED
:100EB00002DCCCD18642CAD940BF07B0F0BCBB46E9
:100EC000B246A946A046F0BD0E61EDE762696B002F
:100ED00092465B19DB009A4453469E68DF6800F037
:100EE00003FC8F42BADC00D103E1002F00DAE8E016
:100EF0005246534652691B699346049A934200D165
:100F0000D9E052460821605E5288000459461043D9
:100F10009847009001910099019A0B00100013432B
:100F200000D1CEE013000A00B61A9F41002806DB6C
:100F30007A4800F0D9FB009E019F36184F41534676
:100F40009E60DF6000229A5E002A00DA86E7530086
:100F500099186069C900411802938B68C9689B465B
:100F6000B94200DD7AE702D1B34200D976E708231F
:100F70009C46A444059565462281A446029B2C000C
:100F800006E053009918C90041188D68C968AB463E
:100F90009B18DB00C318B94206DC00D1B3E01C008B
:100FA0000023E25E002AECDA230064469C465346A6
:100FB0001A806346059D1D80A3881BB2002B00DAB2
:100FC00051E72269EFF3108172B61368002BFCD051
:100FD000BFF35F8F0123A7885B42A3803FB22369E1
:100FE000BFF35F8F00221A6081F31088002F00DAB0
:100FF00039E72300083322009A4666697B00DB1933
:10100000DB00F318996850468C460824115FDD68B0
:10101000002910DB029306E0AB4244D00023E15EDE
:101020002000002906DB4C006418E4003419E36852
:10103000AB42F1DD029B078000201F5E1980002F6C
:10104000DCDA1400A379002B00D110E70023A37190
:1010500026000823E15E08364B1C00D12CE708006F
:10106000A246656902E03E004B1C1AD04B005B189B
:10107000DB00EF180A008C46E95E7B881BB2002B70
:10108000F1DA01235B42DC17BB60FC60824205D0D1
:10109000534631801B893B8053461A8160464B1C66
:1010A000E4D15446E5E6A3686345B7D9C2E76B1CB3
:1010B00000D0EAE6F8E65B4658461B6998470028E8
:1010C0001BD153461B8822692381EFF3108372B62C
:1010D00011680029FCD0BFF35F8F514662880A80F7
:1010E00022696580BFF35F8F0021116083F3108850
:1010F000B4E6864200D8F8E6B0E65B461A685B685C
:101100000092019307E7B34500D848E74CE7C04693
:10111000202B00203C700540210E001000400540AF
:1011200070B52E4C2569002D04D00A212C48FFF7FC
:10113000FBFD70BD2B4E0321300000F0CBFAE660C2
:10114000FFF7D0FA284B03229C46D02322701B06BF
:101150001B6801216370254B6044A3600F2380004E
:1011600020610220638063694942A18019800231B5
:10117000198647311D83585218315A5275325C39DD
:10118000995218320131995218320131995218325C
:1011900001319952083518329D5202311832995254
:1011A00018320131995218320131995218320131F5
:1011B00099521832013199521832013199520C4B1F
:1011C0000C49DC6001303562FFF702FB012103208E
:1011D000FFF7C6FA084B1D60A7E7C046C411002000
:1011E000442C00200040054040000034FFFF100068
:1011F000202B0020210E0010386005400048704769
:10120000C4110020F8B51F0008AB1B7804001600BD
:10121000002B08D100F070FA32003B00121A8B410B
:10122000002B00DA52E02269EFF3108072B61368E7
:10123000002BFCD0BFF35F8F0223E15E63694A009D
:101240005218D2009B182269002936DB1D88658060
:10125000BFF35F8F0025156080F31088069A9E60AB
:10126000DF601A61079A5A615A8801325204520C9F
:10127000101C002A1FD082B258800804104326692F
:10128000EFF3108772B63268002AFCD0BFF35F8F8D
:10129000A2881A80A1802369BFF35F8F00221A60A1
:1012A00087F310880A4923788C4601329A40E36814
:1012B00063441A60F8BD0120DDE7BFF35F8F0023B0
:1012C000136080F3108801204042F3E70020F1E72B
:1012D0003C20000070B501000469EFF3108C72B679
:1012E00020680028FCD0BFF35F8F02200D5E4C69A0
:1012F00068004019C00024180869002D36DB2688D4
:101300004E80BFF35F8F002606608CF31088E36089
:1013100063880498013320615B0405985B0CA2602C
:1013200060611A1C002B1FD093B2280462801843FE
:101330000A69EFF3108C72B61368002BFCD0BFF370
:101340005F8F8B8823808D800B69BFF35F8F0022B6
:101350001A608CF310880B7801329A40CB680849E8
:101360008C4663441A6070BD0122DDE7BFF35F8FD6
:10137000002303608CF3108801204042F3E7C0464D
:101380003C20000010B543890A1493421ADD530033
:101390009B184269DB00D3180469EFF3108C72B616
:1013A0002268002AFCD0BFF35F8F5A88090494B2E8
:1013B000090C8A4208D00369BFF35F8F00221A60CC
:1013C0008CF31088002010BD8022120214435C8030
:1013D000012302698371BFF35F8F002111608CF3D9
:1013E0001088044902788C469340C2680120624408
:1013F0001360E8E73C20000040787047F0B5060035
:101400000F0006246442E517C646A4197D4100B5C5
:1014100082B08D4214D811D000F06EF922002B005A
:10142000121A8B41002B15DC002B44D03000390000
:1014300000F06CF902B080BCB846F0BD8442EBD934
:101440000024002500F058F922002B00121A8B41CD
:10145000002BE9DD00F050F922002B00121A8B411D
:10146000002B0ADB00230193144B22000093144845
:101470002B00FFF72FFF0130D8D0A0462900002411
:10148000104A1148536A994204D8956A4545CDD20D
:101490009942CBD10568EFF3108C72B62B68002B04
:1014A000FCD0BFF35F8F0368BFF35F8F1C608CF3CA
:1014B000108820BFE6E7002AB8D0CBE7F10D001076
:1014C000C411002000400540442C0020F0B5C64661
:1014D00000B582B0040000F00FF9FA2206000F00F8
:1014E000200000230021920000F0E8FF80197941DC
:1014F00004000D1E02DA01242E4D644206267642B7
:10150000F71736196F41AF4214D811D000F0F4F834
:1015100032003B00121A8B41002B15DC002B46D009
:101520002000290000F0F2F802B080BCB846F0BDFF
:10153000A642EBD90026002700F0DEF832003B007F
:10154000121A8B41002BE9DD00F0D6F832003B0087
:10155000121A8B41002B0ADB00230193164B320039
:10156000009316483B00FFF7B5FE0130D8D00023AA
:101570003900B0469C46124A1248536A994204D830
:10158000966A4645CCD29942CAD10668EFF31087D5
:1015900072B63368002BFCD0BFF35F8F0368BFF3D4
:1015A0005F8F66461E6087F3108820BFE5E7002A3C
:1015B000B6D0C9E7FFFFFF7FF10D0010C411002076
:1015C00000400540442C0020F0B557464E46DE460C
:1015D0004546E0B506000F0085B0EFF30583994658
:1015E0008B46002B12D0384900204B6ABB4206D3F1
:1015F0008A6ADB1B591E8B41B2424041184305B039
:10160000F0BCBB46B246A946A046F0BD2F4B9A4659
:10161000DB68984653461B784046039300F064F815
:101620004246039B040004339B009B580D001B1A89
:1016300039003000001BA941894510DC0DD020BFC6
:10164000214A0020536A5B45D9D3926ADB1B591E9D
:101650008B41B24240411843D1E78342EFD900F0B9
:101660004BF832003B00121A8B41002B1ADB00238F
:101670000193174B3200009350463B00FFF72AFEC0
:10168000011E0FDD104B5A6A5A451BD39B6AB342A9
:1016900016D35046FFF776FE0B4A0020536A5B458F
:1016A000ADD3D2E7084A0020536A5B45A7D3002098
:1016B000926ADB1BB24240415A1E934118439EE797
:1016C0005A45E6D120BFE4E700400540C4110020A0
:1016D000F10D001010B5024A0248FEF781FF10BD5F
:1016E000D8AA0010C01D00200300416A0A00986AB1
:1016F000596A8A42FAD17047034B596A0A00986ABC
:10170000596A9142FAD1704700400540064A536A2F
:101710009942FCD807D1044B02E05A6A914202D1A7
:101720009A6A9042F9D8704700400540F8B5DE4605
:101730004E4657464546E0B58B4605000A991800C7
:10174000160000F041FB0A9B6C001F02324B64192B
:101750009C46A4006444636881469F4200D9676048
:101760002B1FDBB29846012B30D9C02380229B016E
:10177000E31812011A60294BAD0059599A46002905
:101780001BD17301E026226853401E40802342464D
:101790005B01E3181E60012A30D9802380229B015F
:1017A000E31812011A6053464A4667605A51F0BC6A
:1017B000BB46B246A946A046F8BD586900F004FBF6
:1017C000013043001B18033BFDD2DAE75B46012BD7
:1017D000CBD1C02303229B01E3181A60023AA3680D
:1017E0001A42FCD07301E0262268AD0053401E402F
:1017F00080230A4A5B019246E3181E605A4621681C
:10180000514003220A401A6001225B469A40A368B5
:101810001A42FCD0C1E7C04600800040C81D00202D
:10182000F0B546464F46D646C0B51F00344B44007F
:101830009C462418A4006444636888461600FF2B65
:1018400002D880235B006360031FDBB29A46012B42
:1018500030D9C02380229B01E31812011A60294B62
:1018600085005959994600291BD17301E026226849
:1018700053401E40802352465B01E3181E60012A3C
:1018800030D9802380229B01E31812011A60802343
:101890005B0063604B465F51E0BCBA46B146A84668
:1018A000F0BD586900F090FA013043001B18033B6B
:1018B000FDD2DAE74346012BCBD1C02303229B01A3
:1018C000E3181A60023AA3681A42FCD07301E026BA
:1018D0002268850053401E4080230A4A5B019146DE
:1018E000E3181E6042462168514003220A401A60F4
:1018F000012342469340A2681342FCD0C1E7C04690
:1019000000800040C81D0020014B8000C058704777
:10191000C81D0020F8B5040021481E0017000D0066
:1019200000F052FA0100380000F04EFA069B36042F
:101930001B031E432368002B20DB1A4B1A49E318B4
:101940005A1E93418022920194465B421B0B174A18
:101950001B0363441360164A13601F000A68974311
:10196000FBD1144B2560E2182123A060136023688B
:10197000002BFCDA0823E6601360F8BD3F232268E1
:101980001340AB42D9D1A3681B051B0D8342D4D1B0
:10199000EE22E368D2021340B342CED1EDE7C04657
:1019A000001BB7000040FDBF08C0004000E0004041
:1019B00000F000400430000010B580241C4BE4050A
:1019C0001C6000281AD001231A4C18431A4BDC6102
:1019D0001A4C44401C62596298628021144BC9051C
:1019E0001960174817490860E021C9041960002AE6
:1019F00007D18022144B12061A6010BD0E4BD8611D
:101A0000EBE753019B1A9B009A18802312015B0499
:101A10009A4209D213000D490B60074B5A6080228D
:101A2000094BD2051A60E8E7094B1A00F3E7C046F4
:101A300000B00540D3C007B0008005402D3FF84FEF
:101A4000FCFF01000820014000A00540102B0020F1
:101A5000FFFFFF008023024A9B000B43D3627047C5
:101A600000800540002310B50100988A1B8B984721
:101A700010BDC046162310B50100188802331B881C
:101A8000984710BDF8B54746CE4680B50F1E18D012
:101A900014239946043304000025012698464B463A
:101AA0001888434621681B88984701C4431E984103
:101AB00001350640AF42F2D13000C0BCB946B04655
:101AC000F8BD0126F8E7C046002370B504000D00FC
:101AD000988A05491B8B984703000020002C01DBE6
:101AE0000130A0402900984755420000AA23064A29
:101AF0001B0113608D235B00D3600449044B196004
:101B00005368002BFCDA70470040024000B0FA0036
:101B1000006002407047C04610B50148FEF732FD34
:101B2000FCAA001070B5074D074EB54209D200243B
:101B3000013E761BB60808CD984723000134B34216
:101B4000F9D170BD38AA001074AA0010054B064ADE
:101B500006491A60064A074B1A6010000B68984342
:101B6000FBD1704700E00040BFCDFBFE08C0004045
:101B7000FE7F3C0000F00040044BDB6C002B03D1E7
:101B80008022034BD2021A607047C04600001150F9
:101B90004C201150044A054B1A60054A1368DB01BA
:101BA0008033FBD17047C046FFFFFF0100F00040CB
:101BB00008C000404022034B9A675A671A67DA66EA
:101BC0007047C04600F0014010B5FEF7A9FD10BDFA
:101BD000F8B52749274C284D641AA6103200302E3C
:101BE00000D930222800920000F042FDBC2C3BD8E6
:101BF00030202F232C196407204A801BE40F9B1BE5
:101C0000052B16D93700002C02D0B300771CEA5000
:101C1000001B33199B004108EB18C900C9181A6052
:101C20005A6008339942FAD1012303421CD09843E9
:101C3000C619B300EA50731C2F2E15D09B00EA5032
:101C4000B31C2E2E10D09B00EA50F31C2D2E0BD06F
:101C50009B00EA50331D2C2E06D09B00EA50731DCA
:101C60002B2E01D09B00EA50054B9D60F8BDC0466D
:101C700000010010C001001000000020C101001090
:101C800000ED00E0002310B5294C82B0A367FFF7F8
:101C90002DFF0122274B1A60636C012BFCD103221C
:101CA000254B1A60224A936B012BFCD10133009320
:101CB0000121224A22480433FFF72CFE052301218B
:101CC0000093204A2048FFF725FE0022022104202D
:101CD0001E4BFFF7A5FD0022012105201C4BFFF73D
:101CE0009FFD0022002107201A4BFFF799FD0022DB
:101CF00000210820174BFFF793FD8023DB000093A2
:101D0000002200210920134BFFF710FD0022104B89
:101D100000210620FFF784FD0420FFF7F5FD0E49A2
:101D200000F052F801000020FFF794FE02B010BD51
:101D3000008000403CB0004030B00040002F6859A7
:101D400000800240008C864700C00240001BB700A4
:101D500040597307006CDC0240420F000148042127
:101D6000014B1847E0110020851A0010014B9B68B9
:101D700018470000E0110020124A936F9B0815D20B
:101D80009066D166002905D0FFE7FFE7FFE7516FB6
:101D9000106F704704B580210906C2175140002812
:101DA00000D0C84308F0F0FD002104BDF0B5146E6A
:101DB000556E576F166FFFF7E3FF1466556657674A
:101DC0001667F0BD000000D0114A936F9B0813D234
:101DD00010665166002905D0FFE7FFE7FFE7516F66
:101DE000106F704704B5002801D00020C04308F0F0
:101DF000CBFD002104BDC046F0B5146E556E576F83
:101E0000166FFFF7E5FF1466556657671667F0BD56
:101E1000000000D094464A4A926F9208624601D26E
:101E200028E0C046F0B5464E346E756E776F366F5B
:101E300000F020F89446424A1466556657671667C4
:101E40006246F0BD94463E4A926F9208624601D2C5
:101E500054E0C046F0B53A4E346E756E776F366F0B
:101E600000F04CF89446364A146655665767166774
:101E70006246F0BD002B24DB11D000293EDA00B50C
:101E8000C943404200D1013100F038F8C943404213
:101E900000D10131DB43524200D1013300BD002AA1
:101EA000EBD1002801D1002905D00020C90FC907B6
:101EB00001D1C043410800B508F056FD00220023BF
:101EC00000BD00B500290ADBDB43524200D10133DB
:101ED00000F014F8C943404200D1013100BDC943AC
:101EE000404200D10131DB43524200D1013300F0C6
:101EF00005F8DB43524200D1013300BD002923D154
:101F0000002B18D1002A0CD0BC460D4F38667A66DB
:101F100000210023FFE7FFE7FFE77A6F386F67468E
:101F20007047002801D00748010000B508F01CFDEB
:101F30000022002300BD02000B000020002170479A
:101F4000000000D0FFFFFFFF002B00D0BFE0130C0C
:101F500028D1002AE7D080B4114F39667A66FFE7AE
:101F6000FFE730B4040C7B6F396F1B0423433B66DF
:101F70007A66FFE7FFE7FFE7C04684B27B6F3D6FFD
:101F80001B0423433B667A66FFE7FFE7C046002356
:101F90002C042D0C7A6F386F00196941B0BC704762
:101FA000000000D0F0B594460025140E01D11202B5
:101FB0000835140F01D112010435940F01D192009C
:101FC0000235D40F01D152000135D40B0134254F15
:101FD0007C66254C3C660E0C93B2FFE7FFE7FFE7FB
:101FE0003C6F6643360C7703BE467343DF0B5B04DE
:101FF000C01AB941130C7343DB18C91ACE086643E3
:10200000360CB64493B273431F0F1B01C01AB9417B
:10201000130C73431F0B1B05C01AB941860D8F02A9
:102020003E436643360C092D24DB520A7243801A64
:102030007703460A6643360C16235B1BDE40DF40FF
:10204000BF1964466643821B70460435063301009F
:10205000D940A840C01900D30131A24206D20023C2
:10206000F0BD0000000000D0FFFFFFFF121B013099
:10207000F3D3F1E709277F1BFE406446A2B2724307
:10208000801A00D20139220C7243130C1204821AF6
:1020900099410B007046043513370100F940A84000
:1020A000801900D30131002B02D1A2420AD2F0BD27
:1020B000013000D30131121BFAD2013BF8D1A24208
:1020C00000D2F0BD013000D30131121BF7E7F0B5AB
:1020D0001C0C00D080E00CB400251C0A04D11B02AB
:1020E000160E3343120208351C0B04D11B01160FC8
:1020F0003343120104359C0B04D19B00960F3343EC
:1021000092000235DC0B02D192185B4101351C00B4
:10211000971864410134464F7C66464C3C660E0C71
:10212000FFE7FFE7FFE7C0463C6F6643360C7703E7
:10213000BE4697B27743C01B00D20139C01B00D204
:1021400001399FB27743C91BC91B170C77437E0423
:10215000FF0B801BB941CE086643360C0C2D33DBD8
:10216000B644120B1F053A431B0B97B27743C01BB3
:1021700000D201399FB27743C91B170C77433E0445
:102180003F0C801BB941860D8F023E4366432927D1
:102190007F1BFE400C3D7746AF40BF1930BCA2B25A
:1021A000ABB272437343801A9941220C7243130CF1
:1021B0001204801A994102000B000137001BA9414B
:1021C000F9D2781E0021F0BD0C277F1BFE40774618
:1021D0007F0BAF40FF19E0E700245D1C07D0144FD0
:1021E0007D663966FFE7FFE7FFE7FFE73C6F95B2E3
:1021F0009EB265436643401BB141150C1E0C6543FE
:10220000664336042F0C3E432D04401BB1419942D6
:1022100004D202000B0020000021F0BD01D1904249
:10222000F7D3801A994101349942F2D3F6E70000BE
:10223000000000D0FFFFFFFF48404140484018B475
:10224000134B5B68019308BD18B4114B1B680193D5
:1022500008BD94460F4A926F920805D2624618B4A0
:102260000B4BDB68019308BD0A4AF0B5146E556E3E
:10227000576F166F6246FFF7F2FF064A14665566FF
:1022800057671667F0BD18B4014B9B68019308BDF2
:1022900038140020000000D0FFB5504042405040AC
:1022A00059404B40594000E0FFB5154F4C00640DBC
:1022B00003D0BC4204D10C0314D80020090D090539
:1022C0005C00640D03D0BC4204D11C030AD8002278
:1022D0001B0D1B0501264B4009D44B4003D58B42F7
:1022E00000D18242FFBD9942FCD19042FFBD0B4319
:1022F000DB1803431343F5D0C9434918FFBD000061
:10230000FF07000000B5FFF7CFFF804100BDC046CA
:1023100000B5FFF7C9FF01D9002000BD012000BDB5
:1023200000B5FFF7B9FF01D9002000BD012000BDB5
:1023300000B5FFF7B1FF804100BD012040054A0014
:10234000121804D85A00121801D800207047012032
:10235000704700000021002805D17047C117484090
:10236000401AFAD0C90713B5064B1B6898470CBC36
:10237000441CA2401005120B0349091B090519430F
:10238000114310BD402B00201F04000010B54C006D
:10239000620D8023D218DB00D21A5B057E2A10DD85
:1023A0009E3A13DACC170903490819435242D14027
:1023B000640001341532202A05DAD0400843604316
:1023C00010BD002010BD0846604310BDC80FC018E6
:1023D000013810BD18B4024B5B6A019308BD0000C0
:1023E0003814002010B50148FEF7CCF808AB0010F7
:1023F000132370B51D78012D19D014DD1D48FFF78A
:1024000039FB06001C48FFF735FB1C4C80223100CD
:10241000200000F02DF9022D06D01948FFF722FB0D
:10242000184B186070BD154C174BA364F5E7174B9C
:10243000124C23606360A360E36023616361A36166
:10244000E36123626362A362E36223636363A36362
:10245000E36323646364A364E36423656365A36542
:10246000E36523666366A366E36623676367A36722
:10247000E367D9E7534400005346000038140020B6
:102480004C330000402B002091240010E523001065
:1024900007B5604601880A0A0230DF2AFAD1C9B2BC
:1024A000820804D3028840880004104300E00068DA
:1024B000014A5050039007BD381400205143434354
:1024C000C9188C46110C83B24B4310B4040C614301
:1024D00092B280B2504362431C041B0C001910BC22
:1024E00059411304120CC018514161447047000057
:1024F0004840414048400E4B5B6818470C4B1B68F6
:1025000018470C4A936F9B0802D2094BDB681847A7
:10251000F0B5146E556E576F166FFFF7F6FF054A4C
:102520001466556657671667F0BD014B9B681847E0
:10253000442B0020000000D007B5484041404840EF
:1025400001E0C04607B54200120E03D0FF2A03D1B6
:10255000420218D8C00DC0054A00120E03D0FF2A4F
:1025600003D14A020FD8C90DC9050122414005D443
:10257000414001D5814207BD884207BD014349184A
:1025800001D0C043001807BD00B5FFF7D5FF80415B
:1025900000BD491A002807D108467047C10FC90776
:1025A00000D54042002817D0F44603B40B4B1B68FB
:1025B000984706BC81409E384042803107D20B06C6
:1025C00007D04900490AC00510430843604701305D
:1025D000F8E7490A8902F5E770470000402B002020
:1025E000014BDB6F18470000442B002010B5014859
:1025F000FDF7C8FFA8AC0010132310B510481C78D5
:10260000FFF738FA0100012C0AD003DD80220D48C3
:1026100000F02EF80C48FFF725FA0C4B186010BD9F
:10262000084C5422200000F023F822000849803290
:102630002368002B00D1216004349442F8D1E9E7EB
:1026400053460000442B00204C330000402B002058
:10265000ED25001001480421014B1847F01100201E
:10266000851A0010014B1B6818470000F01100206C
:10267000014B5B6818470000F01100207047C0460E
:10268000F8B55746DE464E464546E0B599460A9BA4
:1026900007009A460D9B884693460B9C9B073BD1AF
:1026A0000C9B9C423DD21E1B0B9415000C005E44FB
:1026B0002A004B46013521002020B847B542F7D10A
:1026C000A0460B9C002C20D0454636195346321BA1
:1026D000013C185D29004B46B847002CF6D12B0071
:1026E000350098460D9B9B070FD55B46EC1A0C9B5B
:1026F000A3420AD9464698462A004B46310020207C
:102700000134B84701354445F6D32800F0BCBB4638
:10271000B246A946A046F8BD16001500002CD3D13C
:10272000E0E716001500002CCED1EEE7F0B54546E7
:10273000DE4657464E46E0B585B09C4610AB1B784A
:10274000149F934698460F9C129E139DBB074CD432
:10275000002D42D1B44248D201233B4099460E9B02
:10276000013B9A46302304E0524601341355A642F9
:1027700001D9202CF8D14B46002B00D183E00E9BD1
:10278000013B99463023A54205D82EE04A46013444
:102790001355AC4229D0202CF8D1FB060CD57B0573
:1027A00054D4A64263D0A54261D0119B102B50D0C7
:1027B000022B57D0202C32D1202301930E9B5A4656
:1027C0000093039763460295FFF75AFF05B0F0BCEC
:1027D000BB46B246A946A046F0BD01233B40994600
:1027E00001233B422AD1B442B9D3FB061CD57B0559
:1027F000DBD4002CD5D1119B102B5BD0119B022B6D
:102800006BD0302301240E9A13704346002B10D155
:102810007B073ED52B260E9A631C1655CDE7230069
:10282000013430260E9AD654202CC5D04346002BB6
:10283000EED02D260E9A631C1655BEE74346002B9C
:102840002FD0013DB44200D289E798E7119B102BAD
:10285000B2D1BB0637D5202CAED058230E9A1355D3
:102860000134A7E7202CA7D02300013407E0631E22
:10287000012CC0D0119A102A31D0022AD1D162265F
:102880000E9AD65496E7FB06CED57B0500D488E792
:102890008BE723003E0790D520260E9A013316556C
:1028A0008BE70C233B405A1E9341ED1AB44200D2F1
:1028B00055E764E7BB060ED478230E9A0224137002
:1028C00030235370A1E7202C00D175E778230E9AAE
:1028D000135501346EE75823EFE76033EDE70E9AA6
:1028E000A61E91464E44BA0602D55822327098E789
:1028F0007822327095E7C04610B5002800D110BD8F
:1029000001F07EFCFBE7C0460B0010B5002802D0AA
:1029100049681B68984710BDF0B55746DE464E46DD
:102920004546E0B595B083460F00924698461E9AFC
:102930001F9B10001900209EFFF7FFFC002800D00D
:10294000EAE11E981F990122C54B5242FFF7DAFCBB
:10295000002800D014E11E981F990122C14B524259
:10296000FFF7E6FC002800D0E9E01E981F9900223E
:10297000BD4BFFF7DDFC002800D0C8E01E981F9972
:102980000022BA4BFFF7BEFC002800D0BFE01E9823
:102990001F9900220023FFF7B5FC002800D0E4E0D7
:1029A00000230B93229B5B0500D4062600243023D2
:1029B00007E0172106AA013452181355013E202CB6
:1029C00001D0092EF5D81E981F99FFF7DFFCA84B00
:1029D000F2009B181A685B68050008920993FFF7DC
:1029E000BDFC02000B001E981F99FFF728FC089AF7
:1029F000099BFFF748FC06900791FFF7EBFC814627
:102A0000FFF7A8FC02000B0006980799FFF717FCD8
:102A10000022984B06900791FFF78AFC002800D10E
:102A20000DE101239C46E1444846FFF793FC020078
:102A30000B0008980999FFF76BFC002802D00023CF
:102A400099460135002E00D1D9E006954D46B9468C
:102A500014E006AA944617230A216344280001348F
:102A60001F19FFF7B1F93031397028000A21013EF2
:102A7000FFF7AAF9092D00D817E10500202CE8D1AD
:102A80004F46069D20240CAE06AA172394466344A5
:102A900099465B46B34606930FE04B4628000A2151
:102AA0000134E618FFF768F93031280031700A2147
:102AB000FFF762F9051E00D1E4E0202CEDD1069B62
:102AC0005E469B460323229A1340012B18D1219B7B
:102AD000002B15D00B9B002B00D1FDE0219B013B6F
:102AE0002193202B0CD93023219A07E0172006A927
:102AF000013409180B55944200D3CCE0202CF5D1B9
:102B0000229B01940393219B0096029322E0229B37
:102B100052460493219B3900039358461E9B1F9CE9
:102B2000029600930194434600F04AF90400200005
:102B300015B0F0BCBB46B246A946A046F0BD229BEC
:102B40005B070FD403224C4B2299019203912199E8
:102B5000009302914346524639005846FFF790FDD4
:102B60000400E4E70422454BEEE71E9A1F9B002079
:102B70000021FFF764FB01231E901F910B9311E7C7
:102B8000229B54469B0711D1219B042B0ED9219BDC
:102B900055469C465E46043C64442A004346013543
:102BA00039002020B047A542F7D1B346344D260066
:102BB0002B1F99465B46A3461C003200E87843462B
:102BC0003900013DA04701364D45F6D123005C4652
:102BD0009B46229B04349B07A9D55346219AE31AAE
:102BE0009A42A4D95E4615002200434639002020AF
:102BF000B04753460134E31A9D42F5D897E72800C1
:102C0000FFF7ACFB02000B001E981F99FFF717FBA4
:102C10000022184B06900791FFF774FB0CAE0028BA
:102C200000D031E7069807990022124BFFF780FB8E
:102C3000002800D028E7012301359D4324E7002226
:102C4000069807990B4BFFF75DFB002800D0F9E6CB
:102C50004B46002B5CD101239C46E144F2E6C04682
:102C6000FFFFEFFFFFFFEF7F65CDCD4165CDCDC10C
:102C7000D0B100100000E03F68AB001060AB001066
:102C800070AB0010069B5E469B460323229A1340BE
:102C9000012B00D181E0202C00D131E70B9B002BD0
:102CA00027D02D23335501342AE74F46069D202C8B
:102CB00000D1E7E63022331907E0172006A90134D6
:102CC00009180A55202C00D1DCE6A342F5D12E22AA
:102CD0000CAE0134F254D7E60C23229A134257D09B
:102CE000219B013B2193A34200D9FCE6202C00D17B
:102CF00006E7229B5B0703D52B2333550134FFE600
:102D0000229B1B0700D4FBE6202333550134F7E652
:102D1000DB0700D496E69EE7229B55469B0711D120
:102D2000219B032B0ED9219B54469C465E46033DB6
:102D3000654422004346013439002020B047AC42AC
:102D4000F7D1B346B9465F461C4EEC1C2A00B0785A
:102D5000434649460135B847013EAC42F6D1229B75
:102D6000BB464F469B0700D4E1E65346219AE31A3F
:102D70009A4200D8DBE65E46150022004346390041
:102D80002020B04753460134E31AAB42F5D3CEE6D8
:102D9000219BA34200D9A6E6B2E6219B002B00D1DD
:102DA00079E70B9B002B97D0219B013B21939C4201
:102DB00000D298E6202C00D073E7A1E66CAB00109F
:102DC000F0B5DE4657464E464546E0B599B08146D9
:102DD0008B4692469846229A239B10001900FFF7D3
:102DE000ACFA002800D0CAE0229823990122824B35
:102DF0005242FFF79DFA002800D0C0E022982399A4
:102E000001227E4B5242FFF77DFA002800D0B6E047
:102E10002298239900220023FFF774FA002800D09B
:102E2000C9E1229B239C089309940898099980235F
:102E3000269ADB001A400D928022269C1201144033
:102E400022000B94269C07000E001C4200D0ADE02F
:102E50000B00034300D0D5E0002A00D00AE2220094
:102E600006332493022313400C930223134200D011
:102E700002E2259B042B00D20FE2043B0B930023BC
:102E800004250A930022229823990023FFF73AFA97
:102E9000002800D003E25A4B269A134004930B9B60
:102EA0000393249B0293089B099C00930194594629
:102EB000434652464846FFF72FFD02002020269B3E
:102EC0001F27034059424B415B421840531C089353
:102ED000594643464530C8470A9AD317D4185C4030
:102EE000D30F0A936B1E0B9308AB9C4600256744D7
:102EF00001E0202D0FD020000A21FEF765FF0135EB
:102F00007E193031317020000A21FEF75DFF260066
:102F10000400092EEDD8052306930B9B5946059313
:102F2000002304930A3303930A9B4846029310AB91
:102F30000093089A43460195FFF7F8FB0C9B002B82
:102F40002DD05346C41A259BA34228D94D465F462F
:102F500081461E00534639001A1920204346013489
:102F6000A847A642F6D8534648462599C21A0132C8
:102F70000023914200D386E1013018180FE0269B10
:102F80000493259B0393249B0293229B239C0093F1
:102F900001944346524659464846FFF7BDFC19B0D6
:102FA000F0BCBB46B246A946A046F0BD01432BD1BA
:102FB0000B9B2200002B00D154E700230A93249B93
:102FC0000A9A0024934200DD85E122982399002289
:102FD0000023FFF797F9002800D035E1269B084A27
:102FE00002941A408023DB0013430493259B039330
:102FF000089B099CCBE7C046FFFFEF7FFFFFEFFF79
:10300000FFF7FFFF06232493B44B70009C46400D4E
:103010006044FFF7A3F9B24AB24BFFF734F9B24A62
:10302000B24BFFF711F93603B14B360B33430400B3
:103030000D00380019000022AE4BFFF700F9AE4A30
:10304000AE4BFFF720F902000B0020002900FFF72C
:10305000FBF8FFF79BF90A90FFF780F9A84AA94B04
:1030600004000D00FFF70FF90022A74BFFF7ECF863
:10307000FFF78CF9A54A0600A54B20002900FFF7B1
:1030800002F9040030000D000C96FFF767F9A14A21
:10309000A14BFFF7F8F802000B0020002900FFF712
:1030A000CEF802000B0006000F00FFF7ECF832002C
:1030B00004000D003B0030003900FFF7C5F8002286
:1030C0000E900F91954B20002900FFF7C2F80022C7
:1030D000934BFFF7B9F802000B0020002900FFF71F
:1030E000B8F800228F4BFFF7AFF802000B0020006A
:1030F0002900FFF7AEF80D008021040032003B00EC
:103100000020C905FFF79BF802000B0020002900F2
:10311000FFF79AF802000B000E980F99FFF799F845
:103120000022734BFFF790F87F4B0C9C9C46644445
:1031300000222305FFF7A7F806000F0002000B008E
:1031400008980999FFF7DEF800280AD00A9B30009A
:10315000013B39000A930022714BFFF77AF8060011
:103160000F000A9A330063323900C62A12D80222AD
:103170002698042510400B9A0C90002A25D1259BF7
:10318000042B05D9002800D0A1E0259B043B0B931C
:10319000042541E00222269810400B9A0C90002A48
:1031A00012D1259B052B76D9002872D1259B0525A8
:1031B000053B0B9334E0802212069446229B089331
:1031C000239B6344099330E605250B4300D1F6E6C3
:1031D00008980999554A564BFFF7A2F8002808D0DD
:1031E000089809990022534BFFF78CF8002800D06B
:1031F000E5E6249B002B1CD00D9B002B19D0249BB3
:10320000013B2493259BAB4204D90C9B002B5AD045
:1032100002230C9300230B930A9B002B00D131E671
:103220000898099932003B00FFF713F808900991BC
:1032300028E6259BAB42EDD90C9B002B43D0002305
:103240000B9302330C93E7E78020269B3A4A000653
:103250001A40802384460294089C099D2900DB00C3
:1032600013430493259B6144220003930B000092B7
:1032700001938EE60524A8E600230B930A930233FC
:1032800004250C93FEE553468C46013B63441B1A10
:1032900072E602230C930525C2E70423EDE58020A6
:1032A000089E099F000639008446269A224B6144F5
:1032B000134004930B9B32000393249B02930B0057
:1032C00000920193F3E5259B5B1B0B93A4E702237C
:1032D00004250C93A0E79C1A013C76E601FCFFFF55
:1032E000FB799F501344D33FB3C8608B288AC63FF5
:1032F0000000F03F0000F83F61436F63A787D23FB3
:1033000071A379094F930A400000E03F1655B5BB01
:10331000B16B0240EF39FAFE422EE63F00002C402E
:103320000000244000001840FF0300002D431CEB68
:10333000E2361A3F80842E41FFF7FFFFF0B5DE46EC
:1033400057464E464546E0B5A5B01E002E9B924618
:103350000C93CD4ACD4B80468B461A60002900D194
:10336000EAE1002330789946002800D1ECE1C84B0F
:103370004C460B93C74B454657460E930AE0631CD9
:10338000984622003B005946A8474446307800281A
:1033900000D187E001362528F1D108239A46043B65
:1033A0009946023B9846013B00229C460D9430789A
:1033B000711C0300203BDBB2102B03D80B9C9B003D
:1033C000E3589F460300303B89460D9C092B3AD9B0
:1033D000002398462A2800D1C1E000239A462E28CF
:1033E0004BD00300683BDBB2122B1ED80E999B001A
:1033F000CB589F4663460E001A43D8E743460E005B
:103400001A43D4E74B460E001A43D0E710230E00B0
:103410001A43CCE753460E001A43C8E780235B00EB
:103420001A43FF3B9C467078E1444E4667284FD8CC
:103430002428A4D90300253BDBB2422B9FD8964910
:103440009B00CB589F46002394461E0000E00131AC
:10345000B3009B195B001E180878303E0300303B18
:10346000092BF4D90123624689469C460023B046C5
:103470009A460E00E1442E28B3D1302180204942E3
:103480008C46C000024370784B468444614609294B
:1034900000D86CE12A2800D17AE101239C464E46EF
:1034A000E1449EE7A146A846BA46CA4503D801238F
:1034B0005B425344994653464A4659460020C0470A
:1034C000200025B0F0BCBB46B246A946A046F0BDE0
:1034D0000300693BDBB20D930F2B00D94FE70121AD
:1034E00099408C466D49894661464B4619400F917B
:1034F000634649460B4200D028E10D9B0A2B3AD087
:10350000072B00D03BE70C9B190008C98846002B0D
:1035100000D14BE121200243914614A98C461F2281
:103520000F2162448C4651460D950C91A246150020
:103530000F9902E020290CD0130064461C402000A3
:103540003730092C00D80738013168541A090F2B7D
:10355000F0D80C9B54460D9D9A460F9133E10C9B7D
:1035600002CB8846002947DB0C9301239C467078E8
:103570004E46E14431E70C9B02CB14935346002B9B
:1035800000D138E19C4608780B000C908C44002850
:1035900001D100F098FC89466146944603E05A78D0
:1035A0000133002A01D08B42F9D1494662465B1AA9
:1035B0000C900F93530500D520E102231800104012
:1035C0000D90134200D1CBE30D930B1BB1469A46ED
:1035D0005E460C9822003B003100A8475346013458
:1035E000185D0028F6D1B3464E460D9B002B00D047
:1035F000C7E1149B0C93C9E60C9301239C46283821
:1036000049420243884670784E46E144E5E67078C8
:103610006C2800D17FE180235B001A43FF3B9C466E
:10362000E14402E780239B001A4301239C46707803
:10363000E144FAE67078682800D173E180231A43E8
:103640007F3B9C46E144F0E6672800D103E1472830
:1036500000D15AE1452800D15AE10492072142469F
:103660000C9B0392073352468B43190002920CC9FC
:103670002800009201930C9122003B005946FFF76D
:103680009FFB040082E6C0463D3300100C2B002057
:1036900034B0001078B00010C4B0001041900000A9
:1036A000462800D1DBE00492072142460C9B03929E
:1036B000073352468B43190002920CC9280000922E
:1036C00001930C9122003B005946FFF725F90400B5
:1036D0005CE6631C984622003B0059462520A8471B
:1036E000444653E60C9B04330D93631C99469207A2
:1036F00000D422E10C9B2200187859463B00A847D1
:1037000043464444012B00D885E23300B8462E00DE
:103710005F4625004C469946220043460134390055
:103720002020B047AC42F7D12C00BB4635004746BD
:103730004E460D9B0C9329E6DB4B307898460023D0
:103740009946002800D012E60024AEE66F2800D18A
:1037500088E000D80BE31023782800D1CFE09A430B
:103760000A239C4600230F930A330D9380E05646AC
:10377000B1008919490001330E181878303E010054
:1037800030390929F4D9B2461E000133994628E69A
:103790000C9B023602CB8A46C9435046C9170840E3
:1037A00082460C933078731C99461AE61023100059
:1037B000984311331843814680201300C000034012
:1037C000024200D1A9E64B460693082305935346CF
:1037D000049310230393002302930F9B2200019371
:1037E0001CAB009359463B002800FEF79FFF434661
:1037F00004000C93CAE501235B42C3E60F9B5345CB
:1038000001D953460F930223180010400D90134224
:1038100000D1B7E10D93D1460B1B9A463300A1446A
:103820002E0022004D460C98B9465F469B4608E0A4
:103830004B463900541CB0475346185D002877D0DA
:1038400022009542F4D15B46BB464F46A94635005F
:103850004C461E00C9E680231B011A43FDE62023C7
:103860001A4320E708239C4600230F9308330D9347
:1038700080231100DB0019401A4200D116E10D230C
:103880009A431000802302009B001A4014921842B1
:1038900000D0C2E1802302005B001A4091460C9ADE
:1038A00004320F92184200D0B7E2430600D59FE1E0
:1038B000030600D419E30C9B1B880993002B00D04E
:1038C000FCE110339843002900D1F7E10023994629
:1038D00043460593534604930D9B069003930023A0
:1038E000D2E0582808D0622867D102239C460023E2
:1038F0000F9302330D93BBE720231A43103B9C46E2
:1039000000230F9310330D93B2E780231B011A435A
:1039100020231A43A1E6C0239B001A43F31C9946B7
:10392000B07882E5C0231A43F31C9946B0787CE551
:1039300035005E46BB464F4657E64346012B00D84E
:1039400063E1631E43449A463300B9462E005F4646
:1039500055469B46A24622004B46013439002020A2
:10396000B047AC42F7D135005E46BB464F46A14654
:1039700054460C9B4A46187859463B004444A84795
:10398000D7E6A1460F9B984500D832E64444E41A96
:103990003300B8462E005F4625004C46994622006B
:1039A0004346013439002020B047AC42F7D12C0007
:1039B000BB46350047464E461BE680231000DB0021
:1039C00018401A4200D10FE1112118008A430D92CC
:1039D0000D9A802311009B0019408C461A4269D130
:1039E000802311005B00194089460C9904310F9126
:1039F0001A4200D0CAE113005B0600D5F0E01300C4
:103A00001B0600D459E20C9B00229B5ED9175A1862
:103A10004A4092B2D90F0C91002B00D1F9E110006D
:103A200014AA944642461F23149252466344A84661
:103A300016944D460400B946B2461F00159201E0A7
:103A4000202D0FD020000A21FEF7BEF901357E1986
:103A50003031317020000A21FEF7B6F9260004004B
:103A6000092EEDD8149B4F46A94645469846159B0E
:103A700056469A46169C0D9B06934346059353461D
:103A800004930A2303930C9B02934B4601931CABB4
:103A90002200009359463B002800FEF747FE0F9B8B
:103AA00004000C9372E4C0467D2600100C239A4358
:103AB0001000E7E607220C9B07339343013294463C
:103AC0009C4462460C920CCBD90F0F911100194304
:103AD00000D191E0D917139112915140109113998F
:103AE0005940119110981199129A139B801A99417B
:103AF0001090119114AA00239446424699461492BC
:103B000052461F336344A846B24616944E46109C54
:103B1000119DB94615921F0001E0202E10D0200003
:103B200029000A220023FEF78DF9013630322B00DE
:103B3000BA550D0022000400002BEED1092AECD862
:103B4000149B1094119545469846159B4F46B146D7
:103B500056469A46169C0D9B06934346059353463C
:103B600004930A2303930F9B02934B4601931CABD0
:103B70002200009359463B002800FEF7D7FD0400C1
:103B8000FFF704FC0F9B984500D8C1E18023DB00C0
:103B90000D9343460F9A1B199B1A994633002E002A
:103BA0004D46B9465F469B460C9122004B46013478
:103BB00039002020B047AC42F7D143460C9901337D
:103BC0000F930B7835000C935E46BB464F46002B97
:103BD00000D10EE50D9B002B00D1F6E4002319E681
:103BE0000C9B1B781A0015E710239A430D92EFE601
:103BF0000C9B1B78099361E6002399460028AAD103
:103C0000002200231092119374E70C9B2200187875
:103C100059463B00A8474C468BE50C9AFA3BFF3BC4
:103C200007329A430133994691444B460C931368EB
:103C3000526815921A4306D110329043002209921D
:103C4000002900D081E06122810600D54122D2B254
:103C50000A9214AA91460A9A00210A3A14924246FC
:103C60001792524618925A460991B3461F311E00C8
:103C70000F9B4944BA4619941A9500246746984602
:103C80008946159D16901B920AE03032D2B24B46FF
:103C900001341A55A8454AD0202C4AD006000D0000
:103CA0003A00002330002900FEF7CCF8D2B2092AEE
:103CB000EBD9149B9C466244D2B2E8E761238206AA
:103CC00000D54123DBB20A3B0C93434614A91F22C3
:103CD0008C46159353466244A046B2464C4617970D
:103CE000A9461700099D0D9E1490169308E03033E5
:103CF000DBB201343B55B5420ED3202C0CD005006D
:103D000031002800FEF760F8CBB20929EFD90C9AF0
:103D100094466344DBB2ECE7159B4D46A14644460E
:103D20009846169B564614989A46179FD0E5B74278
:103D3000B2D9179B57469846189B5E469A461B9BDE
:103D400009949B461698199C1A9D43460593534621
:103D500004930D9B0690039300230293099B05E7B0
:103D60000F9B984500D914E701330F932DE41023DE
:103D7000110099430D91692800D0BAE0802310000A
:103D8000DB0018401A4200D122E61DE60C9B1B689E
:103D9000DA0F1100002B00D18CE0DA179818504090
:103DA00014AA914642461F23149252464B44A04601
:103DB000A946169704006546B2461F000C9115925D
:103DC00001E0202D0FD020000A21FDF7FDFF013575
:103DD0007E193031317020000A21FDF7F5FF2600F1
:103DE0000400092EEDD8149B444698460C9BAC4623
:103DF0001900159B56464D469A46169F0D9B0291FB
:103E0000069343460593534604930A23039363465C
:103E10003CE6002800D02EE602E60C9B1B68994683
:103E2000002B03D110339843002938D16123820637
:103E300000D54123DBB20A3B0C934346169353460D
:103E400014A91F228C4617932B006244A0464D46AE
:103E5000B246189799461700149C0D9E159008E0DD
:103E60003033DBB201343B55B5420ED3202C0CD09D
:103E7000050031002800FDF7A7FFCBB20929EFD9D3
:103E80000C9A94466344DBB2ECE7169B14944446C8
:103E90009846179B56464D469A461598189F434696
:103EA0000593534604930D9B0690039300230293BE
:103EB000149BEBE50028A1D172E70C9B1B68D91776
:103EC0005A184A40A6E580231000DB0018409C46A3
:103ED0000F901A420FD00220030013400F9310429C
:103EE00019D00023A1460F934CE50C9B1B68099346
:103EF000E4E40A0034E40223180010400D90134259
:103F000000D03EE54346002B00D042E6FFF771FBB0
:103F100001330F937FE463460D93F3E710B50C0074
:103F200084B00394012402A9029000930348130073
:103F30006242FFF703FA04B010BDC0460929001021
:103F400010B5094A0300146884B0002C08D001227F
:103F500000910648524203A9A047012004B010BDB9
:103F600000F098F90020F9E70C2B0020F928001048
:103F700000BEFDE710B5FFF7FBFFC04670B5FDF7CB
:103F8000D1FD074D074EB54209D20024013E761BF4
:103F9000B60808CD984723000134B342F9D170BD6B
:103FA00074AA001080AA0010030010B508001100C8
:103FB0001B68984710BDC046F0B5C64600B5437DA6
:103FC00007000C001600002B46D0002A17DD0B78E6
:103FD0000A2B24D000239846012E13D00125290056
:103FE000635C01350A2B26D0B542F8D1464509DC81
:103FF000A419013C23780D3B5A4253413B7580BCC8
:10400000B846F0BD4346E018A419F11A013C3B68DC
:10401000984723780D3B5A4253413B75EFE7037DA8
:10402000002BD7D102210F483B689847012EDFD0E3
:1040300001239846D2E7631E5B5C0D2BD4D08845E4
:1040400004DA4346C91AE0183B689847022105483C
:104050003B68A8469847C7E70368110020009847C7
:10406000CDE7C04620B20010F0B5C6460B6806008A
:104070000C0000B5802B06D05A1C2260E418267173
:1040800080BCB846F0BD0F4B1D68002D16D00B1D2F
:1040900098460D4F02E02D69002D0FD02B68002BA4
:1040A000F9D03B68002B01D0AB42F4D12800414647
:1040B0002268FFF781FF2D69002DEFD10122002337
:1040C000DBE7C0460027002008270020F0B5454662
:1040D000DE464E465746E0B583B091461C0080460A
:1040E0000D00FDF709FB0023304A12184B41002B4D
:1040F00002DA01222E4B52422E4908008A4606F06F
:1041000063FC07006B1C03D1404606F0E5FA05008E
:10411000002C27D0284E294B1C68002C18D04B4669
:10412000002B21D1264B994602E02469002C0FD0A8
:104130002368002BF9D04B461B68002B01D09C4212
:10414000F3D120002A004146B0472469002CEFD16A
:10415000002F26D1280003B0F0BCBB46B246A946CA
:10416000A046F0BD174ED6E7154B99460A239B464D
:1041700002E02469002CEBD02368002BF9D04B46D9
:104180001B68002B01D0A342F3D12A004146200036
:10419000B0476B465A462000DA71D91D0122B0475C
:1041A000E7E7504606F0D8FBD4E7C04640420F0090
:1041B000FFFFFF7F60120020B93F001000270020A2
:1041C00008270020A93F00100A4A1368002B05D1D8
:1041D0000CE01A001B691032002B07D08342F8D183
:1041E000002902D118691060196170470029FCD0BC
:1041F0001060FAE70027002010B500F0F1FA10BDBA
:10420000F0B5CE46474680B583B06B460600DD1D4F
:104210002870FDF771FA0023194A12184B41002B40
:1042200002DA0122174B524217490800884606F06D
:10423000CBFB164B81461C68002C14D0144F02E0B7
:104240002469002C0FD02368002BF9D03B68002B89
:1042500001D09C42F4D1200001222900FFF7ACFEDE
:104260002469002CEFD14B46002B05D1300003B060
:10427000C0BCB946B046F0BD404606F06DFBF5E760
:1042800040420F00FFFFFF7F601200200027002048
:104290000827002070B5040006F01EFA0123010073
:1042A000050001222000FFF711FF084B1C68002CBD
:1042B00006D06368002B05D098472469002CF8D1FC
:1042C000280070BD2469002CF3D1F9E700270020F5
:1042D000F0B5CE46474680B5A3B004000D00FDF70B
:1042E0000BFA0023274A12184B41002B02DA012255
:1042F000254B5242254E300006F066FB002322007B
:10430000019307002B00224801A9FFF707FE214B6C
:10431000804699461C68019B002B1AD0002C2FD098
:104320001D4D02E02469002C0FD02368002BF9D02A
:104330002B68002B01D0A342F4D12000019A02A9DE
:10434000FFF73AFE2469002CEFD14B461C6800238E
:104350000193002C06D06368002B0BD0984724698A
:10436000002CF8D1002F07D1404623B0C0BCB9467D
:10437000B046F0BD2469ECE7300006F0EDFAF3E753
:104380000194EFE740420F00FFFFFF7F6012002023
:104390006940001000270020082700200FB400B556
:1043A00083B004A901C90191FFF792FF03B008BCD3
:1043B00004B018477047C0460022014B1A7070477E
:1043C0006B2C00204B790020FF2B0BD18B79002B1D
:1043D00008D1CB79012B05D1082A03D9024B8A7861
:1043E00009301A707047C0466B2C002001207047BE
:1043F00010B5012913D112495379107909781B029C
:1044000003430020994200D010BD5378012B08D0FF
:10441000022BF9D1642200210020FDF7CDFA012002
:10442000F2E7D37891781B021943480ADB0501D4DF
:10443000012040427F238A05D20F1940FDF744FB3B
:104440006B2C002000487047ECB2001070B50500DE
:1044500014000120012909D153780020012B05D136
:10446000637912791B021343072B00D070BD210022
:104470002800024A9F3301F05DFAF7E744B20010CA
:10448000012303700048704724B200104B780A786B
:104490001B0213438A7810B512041A43CB781B060B
:1044A00013439622D200934200D010BD0022012077
:1044B00011004042FDF708FB024B1860024B1960E7
:1044C0007047C046B41D0020B81D002010B5024B37
:1044D0001878FCF763F910BD6C2C0020154B70B5F3
:1044E0001A68002A22D0EFF3108172B610680028F3
:1044F000FCD0BFF35F8F00200F4A596010701B681B
:10450000BFF35F8F186081F31088002400250B4EE5
:104510003078FCF737F9002804D100240025290061
:10452000200070BD3078FCF739F9F8E7FA2400254F
:10453000A400ECE7182B00206D2C00206C2C002030
:1045400070B5040000200E0001F012FB002834D0EA
:10455000002001F023FB00282FD0FDF7CDF8002329
:10456000174A12184B41002B16DB164D280006F097
:104570002BFA002821D0002001F0FAFA00280FD1F0
:1045800001200021404200F009FD0324644228007C
:1045900006F0E2F9200070BD01220B4B5242E4E725
:1045A000002001F0FBFA0028EAD0210032000020B0
:1045B00001F0FEFA041EEAD1E7E703246442E9E7CA
:1045C00040420F00482C0020FFFFFF7F10B5FDF791
:1045D00093F800230D4A12184B41002B02DA0122F6
:1045E0000B4B52420B4C200006F0EEF900280CD089
:1045F00001200021404200F0D1FC002001F01CFB12
:104600000028F5D1200006F0A7F910BD40420F00A8
:10461000FFFFFF7F482C0020F8B5DE46574680B5E7
:1046200005000C00FDF768F80023364A12184B41CC
:10463000002B02DA0122344B5242344908008A46E8
:1046400006F0C2F9002803D1C0BCBB46B246F8BD93
:10465000002001F08DFA00284AD00026002C43DD0E
:104660002B4B9B4614E0A919002001F01FFB07000B
:1046700001200021404200F091FC002001F0DCFA12
:10468000FDF73AF8224BF61918605960B4422BDD59
:10469000002001F02BFBA71B0200B84200DD3A000E
:1046A000002AE0D101200021404200F077FC0020E8
:1046B00001F0C2FA002001F05BFA002814D00020BB
:1046C00001F014FB0028E1D1FDF716F85B460F005E
:1046D0001A685B68002184460E4812184B419F42BD
:1046E00002D8D3D19445D1D9504606F035F9ABE77D
:1046F00000200021064B18605960504606F02CF946
:10470000A2E7C04640420F00FFFFFF7F482C002079
:104710003014002020A1070030B52A4C85B00021BC
:10472000200006F041F900281CD1274B1A68002A06
:1047300016D0EFF3108172B610680028FCD0BFF3DA
:104740005F8F01242148596002781B68D2B204703F
:10475000BFF35F8F0020186081F31088002A17D004
:1047600005B030BD01200021404200F017FC0020C0
:1047700001F014FA0500200006F0EEF8002DEFD04D
:10478000134B1B68002BEBD0124A10689847E7E7E1
:10479000FCF734FD0400FCF7AFFFFA22002392007F
:1047A00012184B41002B02DA01220B4B524201211D
:1047B000029100210191094920000091FCF722FD9E
:1047C000CEE7C046482C0020182B00206D2C00207E
:1047D000B41D0020B81D0020FFFFFF7FDD44001046
:1047E000D02310B51B0684B01C68FCF707FDFCF74E
:1047F00003FEA04202D0002004B010BD294B0021CE
:1048000000201B7801F066FD27480368002B45D087
:104810000120FCF763FAFF23244C2549207018403F
:10482000FBF7D6FF20780121FBF79AFF0520FBF765
:10483000BDFF002824D1082200211E48FDF712FFE9
:10484000FCF7DCFC0400FCF757FFFA22002392007F
:1048500012184B41002B02DA0122174B5242012160
:10486000029100210191154920000091FCF7CAFC3A
:104870000028C0DB12480121FFF7A6FC0120BBE79E
:104880000120FBF73BFF0B4B01001800FCF7A6FAD9
:10489000002205200B49FBF7C5FFEBE7FCF774FA94
:1048A000B6E7C0464C2A0410482C00206C2C00208F
:1048B00019470010182B0020FFFFFF7FDD44001078
:1048C00000120020CD4400100048704788B300104B
:1048D0000048704734B3001010B50400174803783F
:1048E000002B20D0002C06D1154B16484380063BE8
:1048F000FF3B038010BD052C1DD8134BA400E058CE
:1049000012490123013804E001330A800231142BDB
:104910000DD0C25C002AF7D1C022DBB25B0092004E
:1049200008481343E5E7112100F022F8DAE7CA232B
:1049300004489B00DDE70020DCE7C046502C002047
:1049400009040000D82600201CB30010DA2600203D
:1049500010B5024800F0E0F810BDC046382B00202A
:1049600010B508220149FDF783FE10BD382B002049
:1049700030B54B1E012900D1A7E0664A11780D0918
:104980002C0030349F2900D9A2E00470012B00D103
:10499000BEE00F21147821400C003034092900D9E1
:1049A00098E04470022B00D1B2E054782509290028
:1049B00030319F2C00D990E08170032B00D1A7E00B
:1049C0000F2121400C003034092900D987E0C47040
:1049D000042B00D19CE094782509290030319F2CCC
:1049E00000D97FE00171052B00D191E00F2121401A
:1049F0000C003034092900D976E04471062B00D12F
:104A000086E0D4782509290030319F2C00D96EE04A
:104A10008171072B00D17BE00F2121400C00303445
:104A2000092966D8C471082B00D171E014792509D1
:104A3000290030319F2C5FD80172092B68D00F21DB
:104A400021400C003034092958D844720A2B5FD019
:104A500054792509290030319F2C52D881720B2BB3
:104A600056D00F2121400C00303409294BD8C47294
:104A70000C2B4DD094792509290030319F2C00D979
:104A8000073101730D2B43D00F2121400C0030342E
:104A9000092901D937310C0044730E2B38D0D17954
:104AA0000C09220030329F2900D9073282730F2B64
:104AB0002ED00F220A4011003731092A01D8303296
:104AC0001100C173102B23D010300023037030BDB0
:104AD00007345AE737310C0063E707316CE73731A9
:104AE0000C0074E707317DE737310C0085E70731AB
:104AF0008EE737310C0095E707319DE737310C0021
:104B0000A3E70731AAE737310C00C4720C2BB1D1EF
:104B1000C018DAE7382B002010B588B004000D2249
:104B200000216846FDF79EFD0D22002104A8FDF737
:104B300099FD4B236A466846137004A90D2205F0BF
:104B400003FF1521082220006944FDF791FD08B0FC
:104B500010BDC046F8B500F047F90C23194DFF22EF
:104B6000AB6705201849FBF75DFE184C4022002179
:104B70002000FDF777FD4027002301262121144A5C
:104B800066702783A260136063545F316184453986
:104B90006354104A10496360E2602787A1620B608A
:104BA0006362E26205F028FF80239B052E64EB64BC
:104BB00090230A4A0120EA508022094B5202DA640B
:104BC000F8BDC04600001150D90600200C27002077
:104BD00084001050000110508000105010D00100CF
:104BE0000020115010B501210520FBF7B9FD10BDC3
:104BF00010B500220021024800F016F910BDC04691
:104C00002C270020044B1970002904D08021902308
:104C1000024A8902D1507047672C002000201150B1
:104C20000B785B0602D14B78052B00D070478A7851
:104C3000014B1A60FAE7C04600001150F0B5C646B5
:104C4000C87800B58007830F1800012B60D08F78DB
:104C50000A794B797F213940FC091B024E0013432E
:104C6000334D32195201AA189770012767405770C7
:104C700000275B055B0DD7701383D076B846CA005A
:104C8000012C32D02B4FBC468F016244BC46AC4451
:104C90006746BA6047461760002932D0264AC900E5
:104CA00090466246414451603F223F33934302287D
:104CB00037D0224937190A687F01D3180B60204981
:104CC000EF19FA608B422ED836197601AD19EB7EBA
:104CD0001C499B064A4013438022120613436A680C
:104CE0001360012080BCB846F0BD174FBC468F0151
:104CF0006244BC46AC446746BA6247461760002926
:104D000008D1002364012C196360104BE360E8E7CD
:104D10000020E7E70B4AC9009046624641445162D1
:104D2000C2E75B00C5E7FCF7F7FEFA68CCE7C046D0
:104D30000C2700208400105004001050142B002079
:104D4000FF0F105000001050800010500001105054
:104D500010B505F051FE10BD10B57F200C002040AD
:104D60004000E409110000191A00034B4001C0186B
:104D700000F05AF8012010BD0C2700207F231800F6
:104D800000B5084083B00B4204D14B424B41084A66
:104D9000013393668022C9094000064B4018400148
:104DA0000021C018120105F02FFE03B000BDC0465F
:104DB000002011500C2700207F22130010B50B405B
:104DC0000A4200D110BDC9095B005B1804485B01B1
:104DD000C018002300220349C37005F015FEF1E757
:104DE0000C270020FFF7FFFF80220A4B520410B56A
:104DF0001A60094B09491A6010000B689843FBD1EF
:104E00008022002152010648FDF72CFC0922054BA7
:104E10005A6710BD00E0004000F0004008C00040AC
:104E20000000105000001150002310B5C382013360
:104E3000828283760161040005F0EEFD002804D033
:104E400080219023074A8902D150200005F074FD8B
:104E5000002802D00123237710BD200005F0BCFDFF
:104E6000FAE7C046002011507047C0467047C04660
:104E700000207047002070477047C0467047C0460A
:104E80007047C0467047C046024B5878431E984151
:104E9000C0B2704798180020024B18784007C00F26
:104EA0007047C04698180020F0B5D6464F46464693
:104EB000C0B52F4B07009A461B780E00FF2B50D130
:104EC000002941D0002154222A48FDF7CBFB0022C3
:104ED000294C2A4B20001A70FBF756FF284B1C6008
:104EE000284C2000143CFBF76BFF200001F0FAFD7A
:104EF000254B264D1C60264B002B04D02800FFF7C5
:104F0000BFFA244B18602449002489462149002314
:104F100088462A7810E043461B6862019B18002BE4
:104F200012D05B68002B0FD098472A780134E4B286
:104F3000511C2300A14209DBA242ECD89B1A5B0161
:104F40004B445B68002BEFD100200BE0534631004F
:104F500038001F70FFF7FEFD0028F5D03800FFF77E
:104F600041FE0120E0BCBA46B146A846F0BDC046AD
:104F7000341200209818002090180020682C00207F
:104F8000EC1800202C120020F0180020662C0020C5
:104F900081440010E816002044B40010F0B5DE464D
:104FA00057464E464546E0B5C84B91B002931B7834
:104FB000FF2B00D13EE1C64BC64E9B465F46C64B1B
:104FC0000DAC0193C54B009335686A69EFF310810E
:104FD00072B61368002BFCD0BFF35F8FA961280065
:104FE000210001F0AFFB6A69AB69BFF35F8F00215D
:104FF000116083F31088002800D11BE16378082B2F
:10500000E2D89B00FB589F466368002BDCD0A06869
:105010009847D9E77F222179AF4D0A405300EB181A
:105020009846C809804440460123303005799D43A5
:105030000571057903339D430571002A00D100E114
:105040004346A74A1B7D1278934200D3EFE0A54A5E
:105050005B011568ED18002D00D1EBE0A3686279C3
:105060002078AD69A847AFE79F4A1378002B00D19D
:10507000E0E01378013BDBB213701378002BA3D16F
:105080000122954D01212B78042013432B703423EA
:10509000EA5C8A43EA54EA5C8243EA540133EA5CFC
:1050A0008A43EA54EA5C8243EA54237800209B4610
:1050B00000F09EFC602223791A40602A00D1EFE0C4
:1050C000402A00D1F5E0DB06DB0E012B00D113E115
:1050D000022B00D1C7E0002B00D0E1E0202A00D154
:1050E0001CE2002A00D0DBE06379092B00D9D7E06D
:1050F0007E4A9B00D3589F46774D2B78DB0700D420
:1051000062E7FFF7BFFE5FE7019BDB78DB0700D4B8
:105110005AE76068FFF7AAFE56E76F4D2B78DB076A
:1051200000D451E728780007C00FFFF7A9FE4BE72E
:1051300023786A4999468B46694B6A4998468A465C
:1051400039001A7847460023B04600254E46894666
:1051500010E053461B686A019B18002B00D176E0D3
:10516000DB68300098473A780135EDB2511C2B00CE
:105170008D4244DC9542ECD39B1A5B015B44EFE724
:10518000237858499946564B8A4698463100BB4683
:105190004E461A7800250023474689460FE05346BD
:1051A0001B686A019B18002B55D0DB6830009847BC
:1051B0003A780135EDB2511C2B008D4207DC954247
:1051C000EDD39B1A009A5B0194466344EDE7019D81
:1051D000542200212800FDF745FA1022FF214448FF
:1051E000FDF740FA28002022FF2114304E465F468A
:1051F000FDF738FA00F0F2FBFFF740FEE4E6364D2B
:10520000542200212800FDF72DFA1022FF21281D2D
:10521000FDF728FA28002022FF21143046464F4689
:10522000FDF720FA00F0DAFB2379AB70CCE6501CD6
:10523000984213DA11B0F0BCBB46B246A946A0466C
:10524000F0BDA3686279207800F0E6FBBCE6464634
:105250004F46214DE6E74E465F46CBE71F4D9B1A72
:105260005B015D19FAE67023217A0B4218D1C80957
:1052700082460F330B405B0098461948EB185344A5
:105280001B7D00789946834266D216485B01006810
:1052900081469944002A00D15FE14B46002B68D13A
:1052A00020780021FFF76AFD80212078FFF766FD56
:1052B0008AE6104800F09CFB012158460EAAFFF731
:1052C000C5F8002800D07FE6EAE7C0463412002087
:1052D0009CB30010F01800209818002044B400106F
:1052E000662C0020E8160020682C0020C0B30010B7
:1052F0009C1800204D440010237A0F2BD0D8CF4AA1
:10530000EB181B791578AB423ED3691C9942C7DB79
:105310005D1BCB4B6D01ED18686900F069FB012145
:1053200058466B690EAA9847002800D04CE66022C8
:10533000150023791D401A42B2D163790A3B012B33
:10534000AED800F055FB63790A2B00D199E158469D
:105350000EA900F0D9FA37E6431C4B4500DAF7E016
:105360004B461B1A5B019946B5488144002A00D17F
:10537000F3E04B46586900F03BFB4B460121584691
:105380005B690EAA98479CE7AE4A5B011568ED1869
:10539000002DC1D184E7A37999466B789945D6D081
:1053A0006B78002B00D033E14B466B70002B00D1A3
:1053B0002BE148460138C0B2FFF78AFA002800D135
:1053C0007EE143780793022B00D079E10122C17975
:1053D000B1468B11491113400A40302112015B0183
:1053E00013432A78A8468A4313432B7009239A460D
:1053F00082445646BA46C37882781B021343C318C8
:1054000005938E4B04938E4B08938E4B09938E4BD2
:105410000A93059BB34200D855E1737801220B2B08
:1054200003D13378F278F6187378042B00D044E176
:10543000059B00279B1B9BB20693049B0B921D7838
:10544000002303931BE0099A7B011568ED18002DDA
:1054500000D132E1310058462B69069A98478446BC
:10546000082803D9069A824200D313E1049B01372E
:105470001D78FFB26B1C03979F4200DD1DE1BD420A
:10548000E1D8039B5D1B089B6D019C466544E1E7E9
:105490006B780CAA02321370584601230EA900F053
:1054A00049FA91E5E3881A0AD8B20F2A00D9F7E63B
:1054B00066499300CB589F460EA800F09FFA5846C5
:1054C000A179FFF795FB02222B7813432B707BE524
:1054D000E388012B00D0E3E608222B78584693435B
:1054E0000EA92B7000F010FA6EE5022029780CABA3
:1054F0009A1C8B068908DB0F01400B43138058462A
:1055000002230EA900F016FA5EE5E388012B00D015
:10551000C6E608222B7813432B7018E7237A0F2B4B
:1055200000D9BDE6EB181D79444B1B789D4228D26B
:10553000444B6D011B685D19002D00D1B0E6686910
:1055400000F056FA012158466B690EAA9847B8E652
:10555000002A00D0A4E600239946627902201300B5
:1055600003928343012B15D0002A00D098E62B002C
:105570004344534430331B790CAA9B07DB0F0232A0
:10558000BCE75A1CAA4200DA8AE6ED1A2C4B6D01E0
:10559000ED18D4E7E388002B12D1029B1878039B07
:1055A000012B23D0FFF7EAFB43460221EB185344BB
:1055B00030331A790A4301211A711A790A431A7190
:1055C0004B46002B00D1FFE4586900F011FA4B461E
:1055D00001215B690EAA58469847002000F008FA9E
:1055E0003523EB5CDB0700D5EEE4B0E6FFF7E4FB28
:1055F00043460221EB18534430331A798A431A7117
:105600001A7903998A431A71DAE7FFF737FC9EE6A5
:1056100000215846FFF7F6FA5846FFF799FBAB789A
:10562000074903930491054B064998461A7805915A
:10563000002329001D008A461BE0C046662C00207E
:1056400044B40010E8160020AC180020E8B30010A5
:10565000059B6A011B689B18002B4DD0DB685846E0
:10566000984743461A780135EDB2511C2B008D4204
:105670002EDC9542ECD39B1A049A5B01944663445A
:10568000ECE70CAB9A1C584601230EA9157000F0EC
:1056900051F999E40B9A012A4FD0002A3CD00023FB
:1056A000B07804E00133DBB20F71934234D2C118F9
:1056B000C9B241440D79FF2DF4D04E4645465746B8
:1056C00000236B70ECE54E465746FFF7D5FB3EE6F0
:1056D0005546542200212800FCF7C4FF1022FF2168
:1056E000281DFCF7BFFF28002022FF211430FCF703
:1056F000B9FF039BAB7057E65546FAE7FEF7A2FEEB
:10570000021E00D1CCE5D37891781B020B4358469A
:105710000EA900F00FF9D4E565463B002A003100E0
:105720000A9800F07FFEAC46049B039A1B786644FF
:105730000133934200DB6CE6BFE7174B29699942BE
:10574000ADD1079AABE7FFF793FB021E00D1A7E5A7
:10575000584613780EA900F0EDF8B2E52189FFF75D
:10576000BBF8021EF4D19BE5022A0FD0FFF782FBA3
:10577000021EC8D194E5FFF7A7F8021E00D18FE5FD
:10578000122358460EA900F0D5F89AE5FFF7A0F8C5
:10579000021EB8D184E5C046ED5D0010F8B557464D
:1057A0004E46DE4645460C00E0B516001F00002AB6
:1057B0003CD0702398461E4B00259B461D4B9A46B5
:1057C0001AE05B461B78200099465346997800F012
:1057D000EBFD00281CD021004846FFF72FFA0028D7
:1057E00016D0A378DA09012A19D00A9A0135137064
:1057F0002378E418B54219DA6378052B08D1E378E9
:105800009B079B0FBB4203D14246A3781A42D8D0D4
:105810000020F0BCBB46B246A946A046F8BD0B9A94
:10582000013513702378E418B542E5DB0120F0E779
:105830003412002098180020702270B58B780C006C
:105840001A4201D0002070BD064B20001D78064B87
:10585000997800F0A9FD0028F4D021002800FFF776
:10586000EDF9F0E734120020981800200B007F209B
:1058700010B51840DB0934334000044AC018044B0B
:105880001168C01800F04CFD10BDC046EC18002097
:10589000981800200B007F2010B51840DB09343326
:1058A0004000044AC018044B1168C01800F060FDA5
:1058B00010BDC046EC1800209818002070B57F2459
:1058C0000F480C4064000419CD0964193034207964
:1058D000C00701D5002070BD012625790948354350
:1058E00000782571FFF738FA0028F4D101222379D6
:1058F000934323712379033293432371EAE7C0462C
:10590000981800203412002070B5094C06000822B7
:1059100020000D00FCF7ACFE00238021E360A360B3
:105920002B783000994300220023FFF7C7FF70BD9A
:1059300078180020F8B5CE4647469046254E80B5EB
:105940008146082230000D001F00FCF791FE4346FF
:10595000B3600023F381EC79AB7924021C43231C50
:10596000BC4200D93B1C9FB2B381002C0DD0002F4C
:1059700017D04246002A2BD0402F1BD89FB2337835
:105980007F2B1CD80021144A0FE080212B780022A5
:10599000994348460023FFF791FFC0BCB946B04683
:1059A000F8BD7F230022317899433B004846FFF73A
:1059B00085FFF2E740239FB233787F2BE2D9064C74
:1059C0003A0041462000FCF753FE80212200ECE71C
:1059D0000020E2E7781800203818002010B51422C3
:1059E00000210248FCF73EFE10BDC046781800209A
:1059F000014B18617047C0467818002010B5054C5F
:105A0000010008222000FCF733FE0023A360E360BE
:105A100010BDC0467818002070B5384C1D002378A2
:105A20000600DA09C9098A4210D00020002D00D0F2
:105A300070BD21003000FFF7F3F82369002B03D07D
:105A400022000321300098470120F1E77F2B06D880
:105A5000A068002834D02A002949FCF709FEE28911
:105A6000A1685219E38892B24919E281A160934278
:105A700014D03F2D12D9A389981A051C80B2402852
:105A80002AD82078ADB27F2828D800219A4232D077
:105A90001B4A2B003000FFF711FFC9E72369002BD9
:105AA00005D0220002213000984700280AD080212A
:105AB00023780022994330000023FFF7FFFEB7E769
:105AC0000020B5E700213000FFF758F930008021B1
:105AD000FFF754F90120ABE74025D2E79A4207D0FF
:105AE000074C2A002000FCF7C3FD80212200D0E7EC
:105AF00080210022CDE70022CBE7C04678180020A5
:105B00003818002070B50400FFF7BEF9002800D156
:105B100070BDFFF7C1F90028FAD1C8236343124DC5
:105B2000EE18F1780029F3D010335D19280000F049
:105B3000F3FD3F28ECD90020F178FFF797FE00280D
:105B4000E6D0280000F0E8FDF1783F2807D9074BA0
:105B5000E201D21800204023FFF7B0FED8E7002072
:105B6000FFF798FED4E7C04670170020EC1600201F
:105B700010B50400FFF788F9002801D1002010BDFE
:105B8000FFF78AF90028F9D1C8226243024B01309D
:105B90009B181B791840F2E770170020C82310B536
:105BA00043430248181800F099FD10BD80170020EB
:105BB000F8B5C824802344431C4F103405003C1919
:105BC0005B029A4200D31A4A200092B200F008FE0B
:105BD0000600FFF759F9002801D13000F8BDFFF7A2
:105BE0005BF90028F9D1C8236B43FF18FB78002B21
:105BF000F3D0200000F090FD3F28EED90020F97886
:105C0000FFF734FE0028E8D0200000F085FDF97889
:105C10003F2807D9074BEA01D21800204023FFF79D
:105C20004DFEDAE70020FFF735FED6E770170020BB
:105C3000FFFF0000EC160020F8B50400FFF724F980
:105C4000002801D10020F8BDFFF726F90028F9D17E
:105C5000C82565432E00134F2436F619300000F096
:105C60003DFD0028EED07F190020B978FFF7FEFD3A
:105C70000028E7D00C4DE4016519290040223000CE
:105C800000F0AEFDB978041E08D003002A00002001
:105C9000FFF714FE0028D5D02000D4E70020FFF73E
:105CA000F9FDCFE7701700202C17002070B5C8242D
:105CB00044430C4B0500E41880235B029A4200D356
:105CC000094A200092B200F051FE0600200000F0C8
:105CD00005FD3F2801D8300070BD2800FFF7ACFF5C
:105CE000F9E7C04694170020FFFF0000C82310B555
:105CF00043430248181800F00FFD10BD9417002010
:105D0000F0B50025184C83B0C82200212000FCF714
:105D1000A9FC164B21001D70FF236371E1235B0278
:105D2000A360200008234022A37338310095073B6D
:105D3000103000F09DFC27000123210020002600E8
:105D4000402278310093B837243000F091FCC036FF
:105D50003800FBF719F83000FBF716F8E561276209
:105D60002663656303B0F0BD701700206C17002038
:105D70000A4A116B136A00290CD0002B07D00023AC
:105D8000D36153631363002313620120704753638D
:105D90001363FAE7002BF8D0D161F4E77017002005
:105DA00070B50F4C052200212000FCF75BFC0D4D67
:105DB0002B78DA0707D50C4C9B070CD50121200066
:105DC00000F0B0FE70BD2000103000F08BFE2B788C
:105DD000054C9B07F2D4200000F084FEEEE7C0469D
:105DE000701700206C17002094170020F0B54B7935
:105DF000060083B0022B02D18B79022B03D0002541
:105E0000280003B0F0BD204FBB78002BF7D18B7872
:105E100009253B700C780C196378242B07D00CE013
:105E20002378E4185D196378ADB2242B05D195422F
:105E3000F6D90020FFF766FEE2E71A00052B15D021
:105E4000042AF6D163790A2BF3D1104B27780193FA
:105E50000133009330000223E119023AFFF79EFC60
:105E60000028CCD00E35ED19ADB2E2E721003000AC
:105E7000FFF7E2FC0028C2D0A3787B7023785D197D
:105E8000E4186278ADB2DBE77017002072170020CB
:105E9000F8B5602314001278050013400020202B71
:105EA00007D1304A6379277916781B023B439E421B
:105EB00000D0F8BD6378222B1AD007D8202B34D01D
:105EC000212BF6D101293ED00120F2E7232BF0D17E
:105ED000012940D00329F7D1234B002BF4D0E178DE
:105EE000A37809020020194300E000BF0120E0E789
:105EF000012930D00329E7D101252E00A378E478C9
:105F0000023924021C4314712640243210007140CF
:105F100000F008FE154B002BD6D06208002031009F
:105F20002A4000E000BF0120C3E701290BD003296C
:105F3000CAD10F4B002BC7D0083200201100FEF74A
:105F4000A5FA0120B5E7072321002800094AFFF739
:105F5000F1FC0120ADE721002800FFF7D5FC01206E
:105F6000A7E7C046701700200000000000000000F6
:105F70008D44001078170020F0B54F464646D646AF
:105F8000C0B5364D8046EA780C001F008A423CD0EE
:105F9000AB788B4210D00020E0BCBA46B146A84690
:105FA000F0BD2F4B002B04D02E4800F0ADFB002895
:105FB00051D00020FFF7A6FDAB78A34201D001200D
:105FC000EAE7294B002B02D0002000E000BF0020B0
:105FD000FFF732FE0028F2D1244C200000F07EFBB7
:105FE0000028ECD1002FEAD0BF06E8D1243C40467F
:105FF000A178FFF73BFC0028E1D0002300224046B7
:10600000A178FFF75BFC0120C6E79AB210239A46FD
:10601000174EAA443100504600F0A8FC154B002B47
:10602000BFD06B79FF2BBCD0002FBAD0F2199146AC
:1060300003E001364E45B4D06B7932789A42F8D1FC
:10604000504600F061FB0028F3D15346103B5979CC
:1060500000E000BFEDE700E000BFAAE770170020F6
:1060600000000000801700200000000094170020AE
:10607000EC160020000000009322F0B5134C85B010
:10608000002120009200FCF7EDFA2300200080267A
:1060900040270F4D4D337600FF3329300295009392
:1060A00000220023002103970196FF3000F0D4F96D
:1060B0004035201D2834002301220021039702953A
:1060C0000196009400F0C8F905B0F0BD3C1A00201C
:1060D000BC19002010B5054C200000F0F3F9200099
:1060E0002538FF3800F0EEF9012010BD641B0020B8
:1060F00070B5084C002520003130FF30257000F0CD
:10610000F1FC20000C3000F0EDFC2A23FF33E554B5
:10611000657170BD3C1A0020F8B557464546DE460D
:106120004E46E0B54B7980460F00FF2B5BD1404BCC
:1061300099462A234946FF33CB5C002B53D14E7935
:10614000002E50D1BB783C780B703B793C19002B6A
:1061500046D098235B004B449A460C234B449B4605
:10616000A51803E0AC423BD22378E4186378052BF2
:10617000F8D1AC4234D221004046FFF75DFB002845
:1061800031D0A3780136F6B2DB09012B32D050466C
:1061900000F0A8FC2A234946A278FF33CA54637949
:1061A00022791B021343234A5B0594465B0D94211D
:1061B00063445A4253414A4602204900525C5B0004
:1061C000824313434A46535451464046083900F02F
:1061D000E3F9002807D02378E4183B79B342C5D807
:1061E000E01B80B200E00020F0BCBB46B246A946EE
:1061F000A046F8BD584600F075FC5A46A3780C3A04
:106200005371637921791B020B430A495B058C4664
:106210005B0D634459424B41022011795B0081437D
:106220000B43594600200839137100F081F9D2E779
:106230003C1A002000FEFFFFF8B52A2506001F4883
:10624000FF35455D1F008D4215D043798B4201D04B
:106250000020F8BD1A4B002B04D039040020090C93
:1062600000E000BF174C3000210000F061F9002869
:106270001DD00120EDE79A235B00C35A002B0DD1FE
:10628000114B002B04D000201049BAB200E000BF2F
:1062900030000F4900F080F90120DAE796235B0017
:1062A000C1583130BAB2FF3000F060FBE8E73A0085
:1062B0002100300000F008F90120CAE73C1A002054
:1062C00000000000401A002000000000BC1900205F
:1062D000641B002000B5030083B0002910D000200B
:1062E000012B07D80A78002A04D00C48C254012098
:1062F000012A01D003B000BD1800FEF7D5FDF9E773
:1063000001236A46002001A99380FEF7CDFD0028F5
:10631000F0D00122014B1A70ECE7C0468C18002027
:10632000037870B5DB0704000E00DD0F002B17D1DA
:1063300003785B0701D5280070BD01213000494278
:1063400004F03AFB2378DB07DD0F002B0AD123781A
:106350005B0708D40422237801251343237002E04D
:106360000025E8E70025300004F0F6FAE3E7C04630
:1063700070B50C00012106004942200004F01CFB0E
:1063800033785B07DD0F002B04DB200004F0E4FA18
:10639000280070BD3378DB0704D40422337893439C
:1063A0003370F2E70025F0E7437902791B021343CB
:1063B000C2785B0592075B0D920F022A1DD0032A5B
:1063C0000CD00020012A08D102394A425141124A18
:1063D0009446614499424041C0B2704702394A1E16
:1063E00091410E4A494211408022D2009446002039
:1063F000614499424041C0B2EFE7022905D0002034
:1064000040229A424041C0B2E7E7054A9818434209
:106410005841C0B2E1E7C046FF03000040FCFFFF67
:1064200000FEFFFF8A1870B5914207D27F264C7894
:10643000052C04D00C7809198A42F8D870BD3400B4
:106440008D782C4064000419ED0963550C78091906
:106450008A42ECD8F2E7C046F0B5C64600B582B035
:10646000150008AA40CA040017886A46928D0120C8
:1064700090460A0021780240814320001143217098
:106480003A00009331000123083000F0F1F8002EAB
:1064900001D0002F08D10A9B01206360434663802E
:1064A00002B080BCB846F0BD26001C363000FAF7BA
:1064B0006BFC0023002D01D0330000266361A66130
:1064C000E9E7C04601207047F8B502240B780700C1
:1064D0001C4063425C41144B64421C40134B080057
:1064E0009C4608300D001600644400F0F7F80028C0
:1064F00007D1002E05D0344203D101242B781C4251
:1065000001D00020F8BD38006978FFF7AFF9002806
:10651000F7D02B781C42F4D1002300223800697890
:10652000FFF7CCF9EEE7C04640FEFFFFFF01000099
:10653000F8B50D000835060028000C0000F0CEF874
:10654000002803D0012723781F4201D00020F8BD86
:1065500030006178FFF78AF90028F7D028006288B8
:10656000616800F03DF9237805001F4000280BD03A
:10657000002FEBD10300626830006178FFF79EF9CD
:106580000028E3D02800E2E7002FDFD13000617857
:10659000FFF780F9DAE7C046F8B5CE46474680B542
:1065A0008A8906000C000B78002A07D101251D42BC
:1065B00040D00020C0BCB946B046F8BD9B0733D4DC
:1065C0002A4B4025994627000837380000F0A4F8E8
:1065D0008542EED80122237890461A42E9D1300054
:1065E0006178FFF743F90028E3D0380000F094F811
:1065F000424623781A40854231D8002AD9D14A46EA
:10660000638802401D1C934200D9151CADB20022C4
:106610006178002D00D062682B003000FFF74EF942
:106620000028C6D02800C5E7FE2380251B02994616
:10663000AD00C8E74978FFF719F90028B9D02378E9
:106640001D42B6D1638800226178002B00D06268B9
:106650003000FFF733F90028ABD06088AAE7002AA2
:10666000A7D130006178FFF715F9A2E7C0FF00005D
:10667000F0B5C64600B504006846057E8020884611
:1066800017001E000002824226D8E068002803D0CE
:106690000121494204F090F92069002803D001212A
:1066A000494204F089F94346236073045B0CED030F
:1066B0001D430023E0686381A780E58023810028D3
:1066C00001D004F049F92069002801D004F044F910
:1066D000012080BCB846F0BD0020FAE710B504895F
:1066E00041898288A3B288B28C4207D31B1A9BB21D
:1066F000101C9A4200D9181C80B210BD5100091A12
:106700005B189BB2F4E7C04603894089181A4342DC
:106710005841C0B27047C04610B50489418982888B
:10672000A3B288B28C4207D31B1A9BB200209A42B4
:1067300001D9D21A90B210BD5100091A5B189BB250
:10674000F4E7C04670B5040000690E00002803D0CD
:106750000121494204F030F925896089A288A9B253
:1067600083B2854232D3CD1AADB2002D28D0AA42D1
:1067700008D291422FD3891A8BB263819A4203D8EF
:106780009B1A9BB29A42FBD9E28821685204520CB0
:1067900053433000C918FBF76BFF63890125591C6F
:1067A00089B2A2888B420DD900215200891A89B280
:1067B00020696181002801D004F0CEF8280070BD66
:1067C000618989B252009142F2DBEFE75500ED1A80
:1067D0004D19ADB2C9E789188BB26381CEE7C046C7
:1067E000F0B546464F46D646C0B506000069894614
:1067F0009046002803D00121494204F0DDF8318998
:106800007289B5888BB294B2914254D31F1BBFB228
:10681000002F4AD0BD4205D2AB4251D25B199CB287
:106820002F0074814346B8453DD89FB2A54203D896
:10683000641BA4B2A542FBD9F28831685204520C01
:10684000904662432B1B9BB2891842469F4225D932
:1068500053439BB21A0048469A46FBF709FF43464A
:1068600048467D1B64195C4331685044A2B2FBF773
:10687000FFFE7189B588CB199BB26A00994216D97F
:106880009B1A9BB230697381002801D004F064F830
:106890003800E0BCBA46B146A846F0BD48467A4347
:1068A000FBF7E6FEE5E73B1CBFE773899BB26A0096
:1068B0009342E7DBE4E76F003F1BDF19BFB2A7E7B6
:1068C0005B1B9CB2ACE7C046F8B50400C0680E0084
:1068D000002803D00121494204F06EF8258920895F
:1068E0006189A288ADB283B28FB2884229D3DB1B03
:1068F0009BB29A4209D8E779FF0906D1E0680028DF
:1069000001D004F029F83800F8BD2B0095421DD3C2
:106910009B1A9BB29342FBD2E28820685204520C2D
:1069200053433100C018FBF7A3FE6B1C9BB2A28837
:106930009D4217D9002352009B1A9BB20127238145
:10694000DCE75100C91B5B189BB2D2E7E2882068E4
:106950005204520C53433100C018FBF789FE013535
:10696000A288ABB252009342E8DBE5E7F0B54E46B1
:106970005746DE464546E0B589460600170083B017
:10698000002A67D0C068002803D00121494204F0E2
:1069900013F83389F2799BB298467389B5889BB214
:1069A000D20940D198455ED26A00D31A43449BB2C3
:1069B000AB425DD2EB1A1A1C9BB2BB4200D93A1C07
:1069C00097B27B1B9BB20193F3885B045B0C9A46E6
:1069D0004346DB199BB29B464446A84503D3641B40
:1069E000A4B2AC42FBD25346634330682D1BADB218
:1069F000C018BD424BD3524649467A43FBF738FE96
:106A0000B3885B00D84501D89B4503DB5A46D31AAF
:106A10009BB29B465B463D003381F06800281AD04C
:106A200003F09AFF17E0F2885204520C9246AF42EC
:106A300020D298454DD34246D21A92B26900781BB3
:106A400080B2D21901908A4233DA4346FB189BB2D6
:106A50009B46C1E70025280003B0F0BCBB46B24608
:106A6000A946A046F0BD4246D31A9BB2AB42A1D381
:106A70000025D2E7002DD0D07F1B574398465A19E6
:106A8000002392B2B94493462F000193A4E75346E2
:106A90005D43ADB22A004946FBF7EAFD019B2900A0
:106AA000E21853465A43306892B24944FBF7E0FD7E
:106AB000A6E75A1992B29346D21B92B290469342DD
:106AC0000CD94346591A8BB29846FB189BB29B4689
:106AD00082E76900CA1A424492B2B0E7914200DDEF
:106AE0007AE7EEE710B50400C068002803D0012162
:106AF000494203F061FF2069002803D00121494287
:106B000003F05AFF0023E06863812381002801D04D
:106B100003F022FF2069002801D003F01DFF0120AF
:106B200010BDC04670B50400C0680D00002803D039
:106B30000121494203F040FF2069002803D00121D0
:106B4000494203F039FF7F21E379ED011940E06804
:106B50002943E171002801D003F0FEFE20690028DE
:106B600001D003F0F9FE012070BDC046014B186052
:106B70007047C046881C002010B5034B0A00010076
:106B8000180002F053FF10BDFC1D0020014B1868D7
:106B90007047C046881C002010B582B0FFF7F6FF92
:106BA000002807D003F00CFA03000020002B10D0BF
:106BB00002B010BD684603F059FC0F4C6946200036
:106BC00003F05AFC002813D02000FFF7CFFF20006D
:106BD000E8E7FFF7DBFF040003F00EFA064B9C42E8
:106BE00006D1236820005B6B98470020FFF7BEFFAB
:106BF00001204042DCE7C0466812002010B50520A5
:106C0000FAF782FE030C642003495843FBF7DCF8D3
:106C10000338FDD210BDC0469A3B0000184B70B53A
:106C2000C4580500002C14D02168002906D06368E0
:106C3000A268144803F0BEF8002323600C202056FD
:106C4000002810DA0D202056002803DA00220C4B11
:106C5000EA5070BD03F0EAF80D20205603F0CAF8A0
:106C6000FF236373F2E703F0E1F80C20205603F0F2
:106C7000C1F8FF230D20237320560028E6DBE9E747
:106C80004C08000084B40010F0B5C64600B53E4C78
:106C90003E4B84B0C450002306212200012623600D
:106CA000013BA38101911231050000913848210078
:106CB000231D0832029602F0BBFF00285DD06368F6
:106CC00034485A1D1203DB011A43334B01681A4042
:106CD00030238B43314990460B6003683000984362
:106CE0000860802120682E4B4904C3181960A168F0
:106CF00080224B005B18DB00C3181F009202C837CC
:106D00003A60C0229202BA6042467A60254ADC3379
:106D10001A601D220123009602F030FF224B2168E9
:106D20009C466144090D06311820C9B2F9F764FB8D
:106D3000012200211820F9F779FB01211820F9F729
:106D400089FBA16823684A005218D2009B18174A91
:106D5000D8331A60002003F057F82073002003F0A6
:106D600053F8237B40B2607318430437000604D401
:106D7000002004B080BCB846F0BD2800FFF74EFFED
:106D800006204042F5E7C046A41D00204C08000044
:106D900084B4001078C00140FFFFFF9F78D001400D
:106DA0003820000018771C240000E0AF01E000004C
:106DB000F0B54546DE4657464E46E0B587B015006D
:106DC00098460291002900D12FE19B4BC4589B4B60
:106DD00021689C466144090D06311820C9B2F9F7B3
:106DE0000BFB964B21689C466144090D06311D2022
:106DF000C9B2F9F701FB012200211D20F9F716FBAA
:106E0000D02380221B0692049A6143462068A16821
:106E1000002B00D12AE1029B002B00D102E10127C7
:106E20003A00CC268A40B446036893430360636803
:106E300099464B005B18DB00C21894446246126806
:106E4000C31892464A460532160303967C4EB34653
:106E500056465A4616403200039E164332004E46AE
:106E6000F601324366463260764A3E0094468022FE
:106E7000634412061A601A608022002352040092B2
:106E8000019302F025FE3900A36820681A1D914085
:106E900094468022920182181160190008318E40B8
:106EA00099001660EA004118013A0A615A00D218A6
:106EB000D200654E8218D8321660109E761BF600FE
:106EC000B14601267642B246D1444E460E611F2697
:106ED0005E4911606168314011600C216156A02645
:106EE0008F405B4AF605B7508A011600B1460592FD
:106EF000584A80274A4499461300029E7F041A6824
:106F00003A42FCD10D2201270296A2564B469740E9
:106F1000B9469346A0224E464D4FD205D651A026E3
:106F2000F605B1464B4E5A46B2469201802791442F
:106F300052449A461300029E7F041A683A42FCD1DA
:106F400053460296444EC9023140A0263B4AF605FC
:106F50008218120DD20004929A18D20311433F4AAC
:106F6000B2460A4311006246059F029E92005744B2
:106F700003923E60039EAA0886197E60BA60F9609B
:106F8000049F3549BA465F46E2445646FF020F4029
:106F9000F60310993E43324F37438E08B21A4E46DD
:106FA0000399103141183160414649197160B2604E
:106FB00001229A401300F76001680B4303600C2222
:106FC000284B80219C46A2564904920162441368D2
:106FD0000B42FCD10D22234B80219C46A256490432
:106FE0009201624413680B42FCD100212A00404602
:106FF000FBF738FB2068A1684B005B18DB00C0186A
:10700000194BD83003608022D02392041B065A61AA
:10701000FFF7F4FD002007B0F0BCBB46B246A9461E
:10702000A046F0BD43460293F9E64346002B00D04C
:10703000CBE605204042EEE74C0800000000E0AF40
:107040007F00FEFFD01000002060000040600000C4
:10705000440400000C000050FD7F00FF19004000B8
:10706000290040001000005003A00000029B002BEC
:10707000C2D001273A00CC268A40B4460368544E59
:10708000934303606368B34699464B005B18DB008B
:10709000C218944462461268C31892464A460132A6
:1070A0001203039256465A4616403200039E164378
:1070B00032004E46F601324366463260454A3E0093
:1070C00094468022634412061A601A6080220023CC
:1070D00052040092019302F0FBFC3A00A068216880
:1070E000031D9A409C4680239B01CB181A60020026
:1070F0000832964082001E60EB008A18013B136143
:1071000043001B18DB00344ECB18D8331E604646B4
:1071100016611F26314A89461A60626832401A6039
:107120000C23E3562E4A9F409846A023DB059F5030
:1071300043469B019B462B4BA02780225B441900B2
:10714000FF05029E5F4452040B681342FCD1424685
:10715000D2029046244A49469146B24642464E469D
:10716000224B3240CB181B0DDB001B18DB031343F3
:107170001F4AAD081A4353463B6063469B00CB1839
:107180007B6001238340BD60FA600D68194A2B4380
:107190000B6080215A44490413680B42FCD1012240
:1071A000A368216818339A408A608B681A42FCD021
:1071B0000122A16820688A4003689343036000238A
:1071C00018220093013302F0D9FC2068A16813E76C
:1071D0007F00FEFFD0100000206000004060000033
:1071E000440400000C000050FD7F00FF0000E0AFF1
:1071F000190040001000005010B51720F9F79CF955
:10720000D024802324061B0400220121636217205E
:10721000F9F70CF91820F9F78FF980235B04636202
:107220001920A361F9F788F980239B0463626361E5
:1072300010BDC04670B5D024802524062D04A5615C
:10724000142002F055FF6561FA2002F051FF18206A
:10725000F9F772F980235B04A36270BD002300B5C7
:1072600085B003930C4BD2021A400823090711433F
:107270000A4A00930A4302AB52BA00210292042246
:10728000FFF796FD002803D1039840BA05B000BD72
:1072900005204042FAE7C04600F8FF0F0400004016
:1072A00010B5134BD2021A400B071A43114B8AB088
:1072B00013434C1E0493634263411B010833009344
:1072C0000422002104ABFFF773FD00280CD1631EDC
:1072D0009C410323082261429943053102AB890096
:1072E0009B1858580AB010BD05204042FAE7C04626
:1072F00000F8FF0F0400004010B5134BD2021A40F3
:107300000B071A43114B8AB013434C1E049363427C
:1073100063411B01083300930422002104ABFFF7F3
:1073200047FD00280CD1631E9C41032308226142C3
:107330009943053102AB89009B1858580AB010BD1B
:1073400005204042FAE7C04600F8FF0F0200004067
:1073500010B5134BD2021A400B071A43114B8AB0D7
:1073600013434C1E0493634263411B010833009393
:107370000422002104ABFFF71BFD00280CD1631E83
:107380009C410323082261429943053102AB8900E5
:107390009B1858580AB010BD05204042FAE7C04675
:1073A00000F8FF0F01000040F0B55BBADE4657461B
:1073B0004E464546E0B5734CD202224009071143C0
:1073C000714A85B00A430393704B02A9C458704BAD
:1073D0008A4652BA9C46216818206144090D06313C
:1073E000C9B20292F9F708F8694B21689C466144DA
:1073F000090D06311D20C9B2F8F7FEFF0122002158
:107400001D20F9F713F8D023802201271B069204D0
:107410009A613A00A16820688A40036865689343CE
:1074200003604B005B18DB00C618CC3632689C4604
:1074300090466A1C1303574A9B46914642464B4668
:107440001A4013005A46ED011A432A433260524A49
:10745000634694468022C318634412061A601A6079
:107460008022002352040092019302F031FB3A0083
:10747000A0682168031D9A40994680239B01CB1880
:107480001A6002003D00083295401D603F238200D3
:107490008A18136143001B18DB00404DCB18D8330A
:1074A0001D60002515613E4A1F351A6062688026FE
:1074B0002A401A600C23E3563A4A9F409C46A02378
:1074C000DB059F5063469A01A023DB05D718364B96
:1074D0007604D5182B683342FCD16546ED02AC46E4
:1074E000324D2B4BA84665464646CB181B0DDB009C
:1074F0001B183540DB032B432D4D2B4355463D6078
:107500004D46AE0002258E197E60BD60FB600123F2
:1075100083400D682B430B60264B80219C46490419
:10752000624413680B42FCD10122A368216818331E
:107530009A408A608B681342FCD00122A1682068BF
:107540008A400368934303600023182200930133A9
:1075500002F014FBA16823684A005218D2009B185D
:10756000154AD8331A60D02380221B0692045A6130
:10757000FFF744FB002005B0F0BCBB46B246A9466D
:10758000A046F0BD00F8FF0F040000C04C0800004A
:107590000000E0AF7F00FEFFD01000002060000080
:1075A00040600000440400000C000050FD7F00FF1C
:1075B000190040001000005003A00000F0B5DE46A6
:1075C00057464E464546E0B585B002ACA246724CE1
:1075D000D202224009070A43704901270A43029256
:1075E000524653606E4BC4586E4B21689C466144B2
:1075F000090D06311820C9B2F8F7FEFE694B216863
:107600009C466144090D06311D20C9B2F8F7F4FE0D
:10761000012200211D20F8F709FFD02380221B063C
:1076200092049A613A00A16820688A4003686568FC
:10763000934303604B005B18DB00C618CC363268FE
:107640009C4690466A1C1303574A9B469146424605
:107650004B461A4013005A46ED011A432A43326042
:10766000524A634694468022C318634412061A6045
:107670001A608022002352040092019302F028FA3B
:107680003A00A0682168031D9A40994680239B0117
:10769000CB181A6002003D00083295401D603F2360
:1076A00082008A18136143001B18DB00404DCB1881
:1076B000D8331D60002515613E4A1F351A60626887
:1076C00080262A401A600C23E3563B4A9F409C4682
:1076D000A023DB059F5063469A01A023DB05D71842
:1076E000364B7604D5182B683342FCD16546ED0243
:1076F000AC46334D2B4BA84665464646CB181B0D72
:10770000DB001B183540DB032B432E4D2B43554626
:107710003D604D46AE0002258E197E60BD60FB6067
:10772000012383400D682B430B60274B80219C462F
:107730004904624413680B42FCD10122A36821680A
:1077400018339A408A608B681342FCD00122A168EA
:1077500020688A4003689343036000231822009343
:10776000013302F00BFAA16823684A005218D200D4
:107770009B18164AD8331A60D02380221B06920425
:107780005A61FFF73BFA002005B0F0BCBB46B24699
:10779000A946A046F0BDC04600F8FF0F040000C097
:1077A0004C0800000000E0AF7F00FEFFD01000009A
:1077B0002060000040600000440400000C00005005
:1077C000FD7F00FF190040001000005003A00000E2
:1077D000F0B5DE4657464E464546E0B585B002ACAC
:1077E000A246724CD202224009070A43704901277F
:1077F0000A430292524653606E4BC4586E4B216846
:107800009C466144090D06311820C9B2F8F7F4FD11
:10781000694B21689C466144090D06311D20C9B29F
:10782000F8F7EAFD012200211D20F8F7FFFDD02323
:1078300080221B0692049A613A00A16820688A405F
:1078400003686568934303604B005B18DB00C61850
:10785000CC3632689C4690466A1C1303574A9B46B6
:10786000914642464B461A4013005A46ED011A43D0
:107870002A433260524A634694468022C3186344C6
:1078800012061A601A6080220023520400920193AB
:1078900002F01EF93A00A0682168031D9A4099463B
:1078A00080239B01CB181A6002003D0008329540EE
:1078B0001D603F2382008A18136143001B18DB0000
:1078C000404DCB18D8331D60002515613E4A1F3549
:1078D0001A60626880262A401A600C23E3563B4AED
:1078E0009F409C46A023DB059F5063469A01A0233E
:1078F000DB05D718364B7604D5182B683342FCD1FC
:107900006546ED02AC46334D2B4BA84665464646D0
:10791000CB181B0DDB001B183540DB032B432E4D12
:107920002B4355463D604D46AE0002258E197E60C4
:10793000BD60FB60012383400D682B430B60274B28
:1079400080219C464904624413680B42FCD1012209
:10795000A368216818339A408A608B681342FCD070
:107960000122A16820688A400368934303600023D2
:1079700018220093013302F001F9A16823684A003C
:107980005218D2009B18164AD8331A60D02380228E
:107990001B0692045A61FFF731F9002005B0F0BCD4
:1079A000BB46B246A946A046F0BDC04600F8FF0F50
:1079B000020000C04C0800000000E0AF7F00FEFFA6
:1079C000D01000002060000040600000440400006F
:1079D0000C000050FD7F00FF190040001000005017
:1079E00003A00000F0B5DE4657464E464546E0B5DA
:1079F00085B002ACA246724CD202224009070A436B
:107A0000704901270A430292524653606E4BC45894
:107A10006E4B21689C466144090D06311820C9B29D
:107A2000F8F7EAFC694B21689C466144090D063170
:107A30001D20C9B2F8F7E0FC012200211D20F8F753
:107A4000F5FCD02380221B0692049A613A00A168BB
:107A500020688A4003686568934303604B005B18A5
:107A6000DB00C618CC3632689C4690466A1C13036D
:107A7000574A9B46914642464B461A4013005A4687
:107A8000ED011A432A433260524A634694468022EB
:107A9000C318634412061A601A608022002352043D
:107AA0000092019302F014F83A00A0682168031DC7
:107AB0009A40994680239B01CB181A6002003D0032
:107AC000083295401D603F2382008A1813614300ED
:107AD0001B18DB00404DCB18D8331D600025156105
:107AE0003E4A1F351A60626880262A401A600C23BD
:107AF000E3563B4A9F409C46A023DB059F506346CC
:107B00009A01A023DB05D718364B7604D5182B68CD
:107B10003342FCD16546ED02AC46334D2B4BA846B3
:107B200065464646CB181B0DDB001B183540DB03B2
:107B30002B432E4D2B4355463D604D46AE0002254E
:107B40008E197E60BD60FB60012383400D682B436E
:107B50000B60274B80219C464904624413680B420A
:107B6000FCD10122A368216818339A408A608B688F
:107B70001342FCD00122A16820688A400368934325
:107B80000360002318220093013301F0F7FFA1687E
:107B900023684A005218D2009B18164AD8331A603C
:107BA000D02380221B0692045A61FFF727F8002099
:107BB00005B0F0BCBB46B246A946A046F0BDC046E3
:107BC00000F8FF0F010000C04C0800000000E0AF0B
:107BD0007F00FEFFD0100000206000004060000029
:107BE000440400000C000050FD7F00FF190040001D
:107BF0001000005003A00000F0B5DE1C1D000323A0
:107C0000040083B09E43012924D024230420164F6E
:107C1000D2023A4009072A430A4380210430C905A9
:107C200080000A4320180436426000210096042296
:107C30002000E318FFF7BCF8061E0FD12100089BB7
:107C40002831994203D02A001800FAF711FD3000BC
:107C500003B0F0BD002010361133D8E705210348EA
:107C60004942FCF79BFBF2E700F8FF0F14AC001051
:107C7000F0B557464E464546DE46E0B50F000321B7
:107C80008BB002921A0003338B4306009846022FF2
:107C900022D0029B27493F07DB020B4017431F43BB
:107CA000C023300044461B0614993B43283004345B
:107CB0007362884201D0FAF7DBFC31000023220016
:107CC000300024310093FFF773F80BB0F0BCBB46D3
:107CD000B246A946A046F0BD174B184C9A46082359
:107CE000994618339B46434604AD9046039305E0FE
:107CF0005A466B681A4218D1013C10D353462B6088
:107D00004B460422009300212B003000FFF750F86F
:107D10000028EDD0039B42469846002CB9D1084874
:107D2000FCF7B8FA06204042CFE7039B424698464C
:107D3000F3E7C04600F8FF0F04400040E7030000EF
:107D400048AE0010836870B5CC0B0500E403A34275
:107D50000DD0802263405204934219D2FF221204B4
:107D600013420CD1FF221202134201D1AC6070BD4C
:107D7000012128000A4A230AFFF734FEF6E7230C04
:107D800001212800074AFFF72DFEAB686340E9E7B1
:107D9000230E0121044AFFF725FEAB686340DDE7AF
:107DA0000A0001000B0001000C000100F0B5C646FE
:107DB000033083089C4600B58E1E002B1BD0013B70
:107DC000072B57D933000B435B0753D1C008C400BE
:107DD00032000B00A0460F1930CB30C2BB42FBD1A2
:107DE0004000844507D04346CA5ACB185B881B0421
:107DF00013434246B35073885BBA73808B1C1A6876
:107E000013BA73608B1D186803BAB3600B000A3392
:107E10001B681BBAF3608A23DB059A4203D030004B
:107E200080BCB846F0BD80231B059842F7D10B00FB
:107E30000A000D00B232AE3310681B882E352A6955
:107E40001C18944222D83A31C9180818814246D2E7
:107E50000027002404E0DD2A1CD0C91888422CD950
:107E60004B780233CA189042F7D30A78302AF2D1FD
:107E70000C00F2E76346320098003018938854886B
:107E80001B04234308C28242F8D1B4E701235B42BA
:107E9000B360C4E78A1C90468A78002ADDD1424646
:107EA0005278502AD9D142469278F22AD5D1424608
:107EB000D278012AD1D10F00CFE7631E9C41A400E4
:107EC000002F01D002221443AA8BD20601D5012231
:107ED00014438422B15CB1520432B4549FE70024AD
:107EE000F2E7C046F0B5C6460E0005000B0000B52F
:107EF00001211A4AFFF776FD330001212800174AB5
:107F0000FFF770FD002E25D0032303279846402459
:107F10000BE0012002F0ECF8013C330001212800C5
:107F20000E4AFFF75FFD002C0FD0012128000B4AFD
:107F3000FFF70EFA0028ECDB3A0002404245E8D198
:107F4000FF28E6D080BCB846F0BD31000448FCF7FD
:107F500025FAF7E7002301279846D8E71F0001001C
:107F600030AC0010F0B5D6464F464646C0B5C37C8F
:107F700005000F00924682B0002B05D1006801F089
:107F800041FC012800D097E0280001F041FCAB7CC7
:107F9000002B05D101212800FFF7A4FF0123AB74BA
:107FA000EB7C002B00D16EE0FA24A40003E0013C3E
:107FB000002C00D180E0082200212800FFF770F992
:107FC000431CF4D0C30500D4BFE0C02203035B0D03
:107FD000591ED200914200D3B1E0800700D5AEE037
:107FE0002C0028340022022128000094FFF704FE10
:107FF00000283BD1298D6A8D0B00134300D1A4E0EA
:108000000123EB74604B9C460B005340634500D04A
:10801000A1E0D24392B2914200D099E00B2900D85E
:10802000A0E0237AAB730F2362791340022B23D88D
:10803000627A944666466A7BB21AD2B2142A3ED954
:108040000C291DD0012B3CD0022B60D01B2900D85D
:1080500094E0E3792D8AE3185A89954200D08AE0AA
:10806000524610331C1B0C1B3C60136002B0E0BC7A
:10807000BA46B146A846F0BD0B2040420C29F5D1C6
:1080800004204042F2E7042200212800FFF734F9DF
:1080900083B298463D4B040099461B88434502D065
:1080A000862303422DD14346002B42D14B46424604
:1080B0001A80A40600D577E701204042D6E76E7308
:1080C000BEE710295DD9E379E318DA78920004322B
:1080D0009B181A7B1C1B091B882A46D15A7B6C2AC9
:1080E00043D1DA7C002A3AD11A7D102A37D15A7D41
:1080F000182A34D1524618391833396001201360D8
:10810000B4E70104090C2248FCF748F9CBE7102931
:108110002ED9E2790220A218D3789B000433D31819
:1081200092781C1BD2070C1B144352463C60136010
:108130009CE7042200212800FFF74AFBB6E7012351
:1081400001212800134AFFF74DFC0023EB74B3E72D
:10815000022040428AE71048FCF720F9ACE70A20E9
:10816000404283E70320404280E7092040427DE708
:10817000072040427AE70620404277E70520404248
:1081800074E70820404271E7FFFF0000642C0020E4
:1081900054AC00100D00010080AC0010F0B5DE46BC
:1081A000574645464E460400E0B585B09A46884697
:1081B000934601F02DFBA37C002B05D1012120006B
:1081C000FFF790FE0123A374A37B002B24D02F4F35
:1081D0002F4EBB6A99460EE0A17B002903D1237B79
:1081E000627B9A421CD14B46ED1AB54245D8FA2023
:1081F000800001F04FFF200003AA02A9BD6AFFF72B
:10820000B1FE0128E8D103990298FFF7CFFD0100E4
:10821000200001F003FBDFE7237B627B9A42D6D08C
:108220005A4651460C3292B20A80D2430B714A80B0
:10823000524641465171002251468A7141468E1E76
:10824000711E8E41012176428E43514601330E3616
:108250000A814A81CE7123735B4603320F33934305
:108260000091002202212000FFF702FD05B0F0BCC2
:10827000BB46B246A946A046F0BD637B227B0548BB
:10828000FCF78CF802204042F0E7C0460040054071
:1082900040420F00ACAC0010F0B557464E46454684
:1082A000DE46E0B5294E9246B76A9846284AB36A38
:1082B0000500894683B0DB1B93422ED8254B9B4695
:1082C00010E0022820D0002803DB01005846FCF70C
:1082D00065F8FA20800001F0DDFEB36A1C4ADB1B62
:1082E00093421AD86946280001AAFFF73BFE041EF4
:1082F00023D00128E5D101990098FFF757FD01002F
:10830000280001F08BFAE4E70099019B4A002868F5
:108310005208C90F01F01CFFDBE7434652464946AD
:1083200002240D48FCF73AF86442200003B0F0BC88
:10833000BB46B246A946A046F0BD009A424500D9C8
:10834000424601990C9802F043FAEEE700400540DE
:108350003F420F00D0AC0010FCAC0010F0B5CE4690
:10836000474680B5060083B0040008001700894620
:1083700002F0B2F9431C9846443605001A004946FB
:108380003000FAF775F94346F2183B0A177053703C
:108390003B0C3F0E9370D7702A00802321326F1D53
:1083A0001B019A4220D80822238AFF3201339BB254
:1083B00090466263063AFF3A23821B041343E36349
:1083C00000232A002364230000212000A763153224
:1083D0002833FFF7E3FE002806D13B004246022186
:1083E00020000096FFF758FF03B0C0BCB946B04666
:1083F000F0BDC046F0B5CE46474680B5060083B016
:108400000400080099468846170002F065F94436D2
:10841000451C3A004946701902F0DAF92A00414633
:108420003000ED19FAF724F92A0080231C321B01D1
:108430009A4220D8218A0A9B013189B21B032182EA
:108440000904194302231943002308272364230046
:10845000FF37E163200000216763A56328330C3AEE
:10846000FFF79CFE002806D12B003A0002212000D5
:108470000096FFF711FF03B0C0BCB946B046F0BD8F
:10848000836870B5CE0B04000D00F6039E420DD03C
:10849000802273405204934239D2FF2212041342C5
:1084A0002CD1FF221202134221D1A66080226D043A
:1084B0006D0C12022A4301212000FEF749FFC0255E
:1084C000A36806006D05AB420FD080226B405204BA
:1084D000934238D2FF221204134228D1FF22120203
:1084E00013421CD1C0235B05A360300070BD012185
:1084F0002000194A330AFFF775FAD6E7330C012139
:108500002000164AFFF76EFAA3687340C9E7330EDE
:108510000121134AFFF766FAA3687340BDE7C02341
:10852000012120000C4A5B03FFF75CFADAE7C02365
:108530000A4A5B0101212000FFF754FAC023A26818
:108540005B055340CAE7182301212000044AFFF7C6
:1085500049FAA3686B40BDE70A0001000B00010067
:108560000C000100F0B5C646CE0B0D00816804007A
:1085700090461F0000B5F6038E420DD08023714057
:108580005B04994266D2FF231B04194259D1FF2391
:108590001B02194225D1A660802243466D046D0C52
:1085A00012022A43012B23D03B0001212000FFF7B8
:1085B00005F8C025A3686D05AB420FD080226B4043
:1085C000520493421AD2FF221204134222D1FF22F4
:1085D000120213422DD1C0235B05A36080BCB846B4
:1085E000F0BD012120001F4A330AFFF7FBF9D2E753
:1085F0003B0001212000FFF7F5F9DAE718231A4ABA
:1086000001212000FFF7EEF9FF22A36812046B405E
:108610001342DCD0C023154A5B0101212000FFF783
:10862000E1F9C023A2685B055340FF221202134206
:10863000D1D0C023012120000A4A5B03FFF7D2F901
:10864000C9E701212000094A330CFFF7CBF9A168E3
:1086500071409CE70121044A330EFFF7C3F9A1687A
:10866000714090E70A0001000C0001000B000100BE
:10867000F8B5CE46474604000D0080B5012900D16B
:10868000E4E1D74BC82798463F02C0264146200068
:10869000FFF758FB3A0001212000FEF759FEA368BE
:1086A0007605B34212D0802273405204934200D325
:1086B000E7E0FF221204134200D0EFE0FF22120293
:1086C000134200D0FAE0C0235B05A36041462000BE
:1086D000FFF738FB3A0001212000FEF739FEC022E7
:1086E000A368520506009146934212D0534080225F
:1086F0005204934200D39EE1FF221204134200D0A1
:108700008DE1FF221202134200D080E1C0235B05FD
:10871000A360F60700D4A1E1012D00D19BE1B14D8A
:10872000B14E31002000FFF70DFB03232A00012189
:108730002000FFF757F9C022A368520591469342E3
:1087400012D0534080225204934200D354E1FF22BE
:108750001204134200D037E1FF221202134200D06C
:108760002AE1C0235B05A36031002000FFF7EAFA8D
:108770002A0001212000FEF7EBFDC022A36852056C
:108780009146934212D0534080225204934200D328
:1087900007E1FF221204134200D0F6E0FF2212028A
:1087A000134200D0E9E0C0235B05A36041462000EE
:1087B000FFF7C8FA3A00C027002301212000FFF785
:1087C00011F9A3687F05BB4212D080227B4052047E
:1087D000934200D3C8E0FF221204134200D0B7E056
:1087E000FF221202134200D0AAE0C0235B05A3605F
:1087F000C027012001F07CFC31002000FFF7A2FA25
:1088000001232A0001212000FFF7ECF8A3687F056F
:10881000BB4211D080227B405204934200D386E0B9
:10882000FF221204134200D075E0FF22120213420D
:1088300069D1C0235B05A36031002000FFF782FAF5
:108840002A00C02501212000FEF782FDA3686D05E6
:10885000AB420FD080226B40520493424AD2FF2297
:10886000120413423AD1FF22120213422ED1C02326
:108870005B05A360012001F03BFCC0BCB946B046DB
:10888000F8BD1823594A01212000FFF7ABF8FF2259
:10889000A36812047340134200D10FE7C023544A67
:1088A0005B0101212000FFF79DF8C023A2685B0552
:1088B0005340FF221202134200D104E7C0230121DA
:1088C00020004C4A5B03FFF78DF8FCE6C023012132
:1088D0002000484A5B03FFF785F8C8E7C023444AF5
:1088E0005B0101212000FFF77DF8C023A2685B0532
:1088F0005340B8E71823012120003C4AFFF772F8E3
:10890000A3686B40ABE7C02301212000394A5B0319
:10891000FFF768F88DE7C023354A5B01012120008D
:10892000FFF760F8C023A2685B0553407DE718237A
:10893000012120002D4AFFF755F8A3687B406FE71F
:10894000C023012120002B4A5B03FFF74BF84CE7C3
:10895000C023274A5B0101212000FFF743F8C02311
:10896000A2685B0553403BE71823012120001F4A02
:10897000FFF738F8A3687B402DE7C02301212000D2
:108980001C4A5B03FFF72EF80DE7C023184A5B0172
:1089900001212000FFF726F8C023A2685B055340A1
:1089A000FCE61823114A01212000FFF71BF84A4674
:1089B000A3685A401300ECE6C023012120000D4AB1
:1089C0005B03FFF70FF8CCE6C023094A5B010121E6
:1089D0002000FFF707F8C023A2685B055340BBE601
:1089E0000048101808C40000084410180C000100CA
:1089F0000B0001000A00010018231A4A012120007F
:108A0000FEF7F0FF4A46A3685A4013009FE6C023D2
:108A100001212000144A5B03FEF7E4FF76E6C02341
:108A2000124A5B0101212000FEF7DCFFC023A2688F
:108A30005B05534065E618230A4A01212000FEF732
:108A4000D1FF4A46A3685A40130055E6B827084BA1
:108A50003F02984619E6074D074E62E60748FBF7C6
:108A600019FC59E60C0001000A0001000B0001008E
:108A70000038101808B400000834101824AD001095
:108A80008022002352008281034A01608360837345
:108A9000036183507047C0464C08000010B5FEF7D4
:108AA000BDF810BD10B5040082B06946200001AACF
:108AB000FFF758FA431C14D0031DF6D0012812D03A
:108AC0000228F2D10099019B4A0020685208C90F80
:108AD00001F03EFB6946200001AAFFF743FA431C60
:108AE000EAD102B010BD01990098FFF75FF90100CB
:108AF000200000F093FED8E7F0B50227C64698465E
:108B00004B001F40802300B516001C32040082B0C9
:108B10004D081B019A422BD83304008A1B0CA36317
:108B2000089B013080B21B0320823B4300040343B7
:108B3000E363200000233200414623646563443030
:108B400001F046FE230032000021200028331032BD
:108B5000FFF724FB002807D143462A000093390081
:108B600033002000FFF798FB02B080BCB846F0BD90
:108B700005204042F8E7C04610B50400002909D09E
:108B8000837C002B00D110BD002300218374FFF7EC
:108B9000A9F9F8E700F03CFEA37C002BF3D10121FA
:108BA0002000FFF79FF90123A374ECE7F0B5C64658
:108BB0000700040000B54437142282B00E003800CC
:108BC0001749F9F755FD238A832201339BB223828B
:108BD0001B04E36300232364230052006263904676
:108BE000F23AA2630021200028331032FFF7D6FAB0
:108BF000051E0DD114234246002120000097FFF7E7
:108C00004BFB051E09D1062239003000F9F730FD73
:108C1000280002B080BCB846F0BD02256D42F7E7DF
:108C20006C270410F0B55746DE464E464546E0B583
:108C3000B14B89B09B6A040043600F00FEF724F833
:108C4000002812D1FEF7D8FA0A25FEF7F3FAAB4E48
:108C5000142200212000FEF701FBB04212D00120B7
:108C6000013D01F045FA002DF2D1A548FBF712FBBA
:108C700006256D42280009B0F0BCBB46B246A946A5
:108C8000A046F0BD0022002120009E4BFEF78CFB89
:108C90000028EAD1002200212000FEF701FB10236A
:108CA0001D2200212000FEF79DFE0028DDD1992322
:108CB000042200212000FEF795FE0028D5D1BE2316
:108CC000062200212000FEF783FD0028CDD10823D5
:108CD000012120008C4AFEF785FE0A25402601214D
:108CE0002000894AFEF734FB064209D10120013DEC
:108CF00001F0FEF9002DF2D18448FBF7CBFAB7E77B
:108D00000023814A01212000FEF76CFE20008049EB
:108D1000FFF718F8B822C025012120001202FEF743
:108D200017FBA3686D05AB4212D080226B40520442
:108D3000934200D3E4E2FF221204134200D0D3E2B4
:108D4000FF221202134200D0C6E2C0235B05A360DB
:108D500020006F49FEF7F6FFB82201212000120221
:108D6000FEF7F6FAC026A36805007605B34212D0D6
:108D7000802273405204934200D3A4E2FF221204E3
:108D8000134200D093E2FF221202134200D086E287
:108D9000C0235B05A360ED0700D497E320005D4985
:108DA000FEF7D0FFC822C025012120001202FEF7E5
:108DB000CFFAA3686D05AB4212D080226B405204FB
:108DC000934200D3EFE2FF221204134200D0DEE20E
:108DD000FF221202134200D0D1E2C0235B05A36040
:108DE00020004C49FEF7AEFFC822012120001202EC
:108DF000FEF7AEFAC026A36805007605B34212D08E
:108E0000802273405204934200D3AFE2FF22120447
:108E1000134200D0D8E2FF221202134200D0CBE26C
:108E2000C0235B05A360ED0700D453E302212000BB
:108E3000FFF71EFC0323042220003749FFF792FBB3
:108E40000023042220003549FFF78CFB344B354AC0
:108E50009A46354B53449A5A9146FA22520091450C
:108E600000DBC7E0314A9B5C002B00D0C2E04B46E0
:108E7000502B00DCBEE03A002D4B2E4E4F46A04654
:108E800050251C009146564403E00135AF4200DCFA
:108E9000B0E009222100701B01F060FC0028F4D131
:108EA00040235B4253449B4680231B024F46994616
:108EB000214B444600269846350020002900FEF745
:108EC00041FF4B466A04520C1A435B4640369B19DD
:108ED0000093012140232000FEF7CAFE002800D0A5
:108EE000D3E14645E8D1154BBB4699460023270000
:108EF00003901C0043E0C04600400540ADBEEDFEBF
:108F000094AD0010B30402000E000100E8AD0010A3
:108F1000003810180048101810400018444000187D
:108F200098B400100E0300009E6803000D030000BB
:108F3000B4AD0010AB6B0300C06B030070240410D1
:108F4000FF22120413423FD1FF221202134249D1E1
:108F5000F023DB02BB604B46802276041B19403BAA
:108F6000760C1202009301212B0038003243FEF7E9
:108F70007FFE002842D1C0239B009C423ED0BA25F0
:108F80002600AD0040341723A542AD419D43E14B7F
:108F9000F0229C46BB68D20290464035664493421C
:108FA000D9D05340802252049342C9D30023DA4AD5
:108FB00001213800FEF716FD4246BB685A401300F7
:108FC000FF2212041342BFD00723D44A01213800E4
:108FD000FEF708FDF023BA68DB025340FF221202BD
:108FE0001342B5D0F02301213800CD4ADB00FEF753
:108FF000F9FCADE7CB48FBF74DF939E63C00CA4B2D
:1090000004222000C949039DFFF7ACFA012120008A
:10901000FFF72EFB2000C649FFF732FA03235F4615
:109020000340012B00D032E12000C249FFF728FAAB
:10903000C00700D52FE1FA268023B600984606E047
:109040000120013E01F054F8002E00D134E201214C
:109050002000B94AFEF77CF943460342F0D0F023E2
:1090600004222000B549FFF77DFA202301212000CA
:10907000B34AFEF7B7FCFA262023B600984606E06E
:109080000120013E01F034F8002E00D119E208223F
:1090900000212000FEF704F943460342F0D00121ED
:1090A000A84A2000FEF754F90222C3B2134301215B
:1090B000A44A2000FEF796FC0823F022002120009D
:1090C000FEF790FC022301219B4A2000FEF78AFC58
:1090D000012120009C4AFEF73BF9C30700D483E13D
:1090E0000F230121994A2000FEF77CFC0023012177
:1090F000964A2000FEF776FC0121944A2000FEF7F4
:1091000027F9042200212000FEF7F6F8C30700D556
:1091100073E1C026A3687605B34212D08022734063
:109120005204934200D3BEE1FF221204134200D046
:10913000ADE1FF221202134200D0A0E1C0235B0583
:10914000A360C02601212000814AFEF7A9F8A36888
:109150007605B34212D0802273405204934200D36A
:109160007CE1FF221204134200D06BE1FF221202C5
:10917000134200D07BE1C0235B05A360200000F018
:1091800047FBA37C002B05D101212000FEF7AAFE9E
:109190000123A3746F4B26001900443608222C319A
:1091A00030009846F9F764FA6B4BF622DB21E36452
:1091B00020000023920089025144226563655830E3
:1091C0009946F9F755FA0822FF3292466263FC226B
:1091D00092009346A2630222238A002101339BB2AC
:1091E00023821B041343E3634B46236428339946CD
:1091F0008022A1444B462000D200FEF7CFFF00287A
:1092000006D15B465246022120000096FFF744F843
:109210004146132238313000F9F72AFA238A832293
:1092200001339BB223821B04E36300235200924666
:109230006263F33AA263236400214B46200010329C
:10924000FEF7ACFF002806D1132352460021200070
:109250000096FFF721F8636C002B00D0C0E00022DD
:1092600020003E49FFF77AF8012220003C49FFF731
:1092700075F8002F00D1C7E00023062200932000DC
:109280003B003849FFF7B6F8F4E40500F2E436484D
:10929000FBF700F8C8E63448FAF7FCFFCBE6C0233A
:1092A000012120001E4A5B03FEF79CFB70E5C023F2
:1092B0001A4A5B0101212000FEF794FBC023A2683B
:1092C0005B0553405FE5182301212000124AFEF799
:1092D00089FBA368734051E5C02301212000104A97
:1092E0005B03FEF77FFB30E5C0230C4A5B010121E5
:1092F0002000FEF777FBC023A2685B0553401FE503
:10930000182301212000044AFEF76CFBA3686B4080
:1093100011E5C04614FD07000C0001000B00010020
:109320000A000100C0AD0010BA0045FFFCFF0700B5
:1093300008341018003810180E00010024200018FE
:10934000080001001E0001001F0001000F000100C5
:1093500008850000582704100610020040AD0010D8
:109360004CAD001070AE001014AE00101823012197
:1093700020005A4AFEF736FBA368734046E5C02337
:1093800001212000564A5B03FEF72CFB25E5C02394
:10939000544A5B0101212000FEF724FBC023A26890
:1093A0005B05534014E51823012120004B4AFEF7CA
:1093B00019FBA3686B4006E5C02301212000484A41
:1093C0005B03FEF70FFB2BE5C023464A5B0101213F
:1093D0002000FEF707FBC023A2685B0553401AE597
:1093E0004148FAF757FF3AE70123C0B2034301218E
:1093F00020003E4AFEF7F6FA72E683B2042200210C
:109400002000FEF7E5F984E642464346D26C4C3331
:1094100006929B8806AE04AF39002000B380FFF7A8
:10942000C5FB002809D1049A069B9A4200D021E48A
:10943000BA88B3889A4200D01CE43900002000F0BA
:1094400001FE19E7C023274A5B0101212000FEF736
:10945000C9FAC023A2685B05534087E6182301219F
:1094600020001E4AFEF7BEFAA368734079E6C023C7
:10947000012120001A4A5B03FEF7B4FA7BE6C02301
:1094800001212000164A5B03FEF7ACFA56E6C02322
:10949000144A5B0101212000FEF7A4FAC023A26850
:1094A0005B05534045E61823012120000B4AFEF7D7
:1094B00099FAA368734037E60D48FAF7EBFEFFF719
:1094C000D7FB0C48FAF7E6FEFFF7D2FB0A48FAF79B
:1094D000E1FE63E40848FAF7DDFEA7E40C000100B2
:1094E0000A0001000B00010058AE00101F0001002F
:1094F00028AE001040AE001024AD0010042210B5BC
:10950000038A82B001339BB24264038282631B04EC
:10951000023A1343C3630023A5210364030041639C
:109520002833002112320400FEF738FE002808D14B
:10953000230044330093A522042302212000FEF7D8
:10954000ABFE02B010BDC0461A2230B5134B83B03B
:10955000C518038A426301339BB20A3203828263D5
:109560001B04223A1343C36300230400036429004D
:1095700022324430F9F77CF8230034220021200005
:109580002833FEF70BFE002806D124231A220221DD
:1095900020000095FEF780FE03B030BD28080000D3
:1095A000F0B5040083B002293FD80600531E9A414B
:1095B000012744368F4055421D4908223000F9F7F3
:1095C00057F84C2300221021FFB2E7540133E25434
:1095D0000133E2540133E2543D400133E554013399
:1095E000E2540133E2540133E254238AA16301338C
:1095F0009BB20E3923821B040B430825E36323002F
:10960000FF35226400212000656328332032FEF7F5
:10961000C5FD002806D110232A0002212000009653
:10962000FEF73AFE002003B0F0BD01204042FAE709
:1096300080AE001010B5006800F0E4F80138434235
:109640005841C0B210BDC04610B5284B82B01B684F
:10965000002B17D0264C2000FFF7ECFF00283CD150
:10966000244BE25C002A2BD1234BE25C002A1DD163
:10967000224BE25C002A0CD1214B1B68002B03D04B
:1096800000F08AFC02B010BD01212000FFF774FA3F
:10969000F6E700222000E254FFF756FF0122194BA3
:1096A000E250174B1B68002BEAD1EDE700222000A7
:1096B000E254FFF723FF114BE25C002ADCD0E8E71D
:1096C00000226921E254200000230092FFF714FADF
:1096D000094BE25C002ACBD0E8E72000FFF7E2F973
:1096E000044BE25C002ABFD0EAE7C046F41D00202C
:1096F000FC1D0020690800006B0800006A080000DB
:10970000F81D00205C08000070B58023D02580265D
:1097100004002D065B04AB623604002200211820F1
:10972000F6F784FE6E62002200211720F6F77EFE17
:10973000AE6121002000FFF7A3F985220023032159
:109740001201A354064AA350064AA3501432A15250
:10975000054AA354054A13600122054BE25070BD2F
:10976000580800005C08000072080000F41D00208A
:1097700068080000F8B5040000F078FC1C4E33685F
:10978000002B32D00021200000F0D4FC0121200069
:1097900000F0D0FC2000FFF781F9D025802380273E
:1097A0005B042D06AB620022002118203F04F6F76F
:1097B0003DFE0022002117206F62F6F737FE2100E0
:1097C0002000AF61FFF75CF985220023032112011D
:1097D000A354084A3360A350074AA3501432A1523D
:1097E000064AA3540122064BE25000F049FCF8BDA2
:1097F000F41D0020580800005C08000072080000FA
:1098000068080000D0231B065868C001C00F7047CD
:109810003222014B1A607047F81D0020754B70B55D
:10982000C35805000C00DB0712D46368452B05D034
:10983000312B07D8704A9B00D3589F466F4AAB58CC
:10984000012B38D06E4BEB586E4A934225D070BD39
:10985000F7F752FF002928D0FA2200239200F8F7E8
:10986000F1FA0100684B62881800FAF797FD616809
:10987000582900D98FE0654B8A00D358002B00D1BE
:1098800089E019006248FAF789FD2E23E268E35C5B
:10989000A1686048FAF782FDC7E70122584B002112
:1098A0002800EA5000F048FCD1E7FA218900F8F7D7
:1098B0008BFA0100D6E7A168082977D0504BEB5806
:1098C0000029C1D10231A950BEE70122524B5348B1
:1098D000EA5200F069FBB5E7A368062B71D0042BB0
:1098E00003D002229343082B5CD1E3680F2B59D19C
:1098F000494B2BE0A368002BA4D1E368082BA1D12E
:109900000222454BFF32E2E7A368002B9AD12E33A7
:10991000E15C6388DB0761D5002965D18023384A83
:10992000DB00A9580B43AB508EE70021280000F064
:1099300009FC0022324BEA5089E7A368002B00D0D3
:1099400080E7E368022B00D07CE7354B01223348E7
:10995000EA5400F029FB2A4BEB5875E7A368002B6B
:109960001DD1274BEA580F2319001140042902D1B9
:109970009A430E3B1A4380239B001343204AAB506B
:1099800062E7A368002B00D15CE7032B20D0022202
:109990001B4BEA505BE72348FAF700FD75E7062BFF
:1099A00000D14FE70422164BEA5050E786232100EE
:1099B0001B01E8581C4B3031EB589847104BEB58C3
:1099C00042E780230E4A1B01A9580B43AB503BE7EB
:1099D000E268002ADBD10A4AAB5038E7280000F0E1
:1099E000B1FB074BEB582FE7280000F0A5FB044B19
:1099F000EB5829E754080000CC2704105808000051
:109A00005C080000010E000088AE001094280410CD
:109A10009CAE0010A4AE00106A0800004996001029
:109A200069080000A0AE001064080000F8B54746C1
:109A3000CE46040080B50E00170000F017FB204B47
:109A400000211D6898462000002D0ED0FFF794F8E5
:109A50003A0031002000FFF7A3FD050000F010FBE5
:109A60002800C0BCB946B046F8BD00F063FB012138
:109A7000200000F05FFB85231B01E5548023D025E7
:109A80001B0499462D06AB61142000F031FB4B46B8
:109A900032206B6100F02CFB00212000FFF7C2F8A0
:109AA000051EDBD1074B2000E118FFF77FF83222BB
:109AB000054B06481A604346186000F075FAC7E780
:109AC000F41D0020D3080000F81D00204996001066
:109AD000F0B5DE4657464E464546E0B51600DC2258
:109AE000924685B04B0002935B18DB00C518AA4470
:109AF0005246834628001268CC30009202682B0040
:109B000001921C4A802094460E9C63448002186097
:109B1000002C1CD08023DB04994601239846330097
:109B2000D8352E0055469A46134F03912000F8F77A
:109B30001DF94A46430113432B6053464246C34036
:109B400013403B433360631E1C40EFD10399029BDB
:109B50005B18DB005B441A000099DC321160019A4B
:109B6000CC331A6005B0F0BCBB46B246A946A0464D
:109B7000F0BDC046CC30000080E00000F0B54E469D
:109B80004546DE465746E0B583B089460CA9844673
:109B90000D781F2A45D84946490088464944C900DE
:109BA000461837003400DC373868CC3483462068E8
:109BB000310001901C4880248246A40251440C606C
:109BC00069424D411E216D428D4318498A465544D4
:109BD000052B0CD9A0201F214005D8365401044381
:109BE0000532053B3C600A403560052BF6D8520132
:109BF0009B06134342464A44D20062441000DC32C2
:109C000013600300D8331D605B461360019BCC30AA
:109C10000360002003B0F0BCBB46B246A946A04694
:109C2000F0BD05204042F5E7CC3000009FE0000089
:109C3000F0B54E464546DE465746E0B59346564A91
:109C400089B09046554A029306000C000225022373
:109C50009146534A002194466344524A1B052360AF
:109C60009B0C9F18504A404694464A4663440092D3
:109C70003A00F6F7D7FCB84203DBC01B47B2000638
:109C80000ED50123012D09D100230020236009B046
:109C9000F0BCBB46B246A946A046F0BD0125D8E7B8
:109CA000F6F788FC236805229A46404B4049534406
:109CB0001B0D04909B00B25606910593CB580121D1
:109CC00030799C4681404B1E039320231B1A002AA7
:109CD0003ADB9A4251DC039B6146934019424CD1D6
:109CE00033680793B379002B47D1039963469140BA
:109CF0000B400393634619423FD18026039BB60174
:109D0000002812D0894601005046B846079F5C00E3
:109D10003D5BB54200D2AD189C181234A40001334B
:109D200025509942F3D84746494663460B431900EC
:109D30000598069B19505B461F60029B04981A60A9
:109D4000F6F744FC0120A2E7002B16DB52460792EF
:109D5000039A6146A2468446100001E0013B0BD302
:109D600002009A401142F9D11A00079B5446039011
:109D70009A4660468C46B3E754460498F6F726FCAC
:109D80000A4B21689C466144090D89004046C91967
:109D9000F6F78CFC75E7C046C41D002050AF0010DC
:109DA00001050000F8EBFFFFFBEBFFFF0000E0AF59
:109DB000B419002070B50125160002790C009540F9
:109DC000013D9D40F6F7F6FB074B084A9C4664446C
:109DD000240DA400A358AB43A350F6F7F7FBA11939
:109DE0000348F6F763FC70BD0000E0AFB419002033
:109DF000C41D002010B5034B01001800F6F756FCF7
:109E000010BDC046622C002010B5064B064C82B037
:109E10000100009300220B232000F6F703FC02B0A0
:109E200010BDC04674AF0010622C00200300114921
:109E3000820151180868D90241400F4810B501400D
:109E40000E48A02410180160012098400C4BE40536
:109E500018600C4B802118600B4B4904E0500B4BF1
:109E60009C46624413680B42FCD18023DB00E05027
:109E700010BDC046100000500178000010100050C6
:109E80000434005014340050440400000C0000500E
:109E900010B5036801495B6A984710BD381200206D
:109EA000802010B5402207494004F6F713FB012239
:109EB00002211820F6F7E2FA0D200121F6F750FCF6
:109EC000002010BDE99E001010B5002202211820CC
:109ED000F6F7D4FA802003494004F6F71DFB002072
:109EE00010BDC046E99E0010D0231B061B6810B5AC
:109EF0005A4253412F225B429343094A944663449A
:109F0000DB6A9B0700D410BD002202211820F6F75F
:109F1000B5FA044B0449186803685B6A9847F2E78E
:109F200030410140F01D002038120020154B70B563
:109F30001B680400002B0ED0134D2A68002A01D0A4
:109F4000013A2A6098472B68002B05D1236820002E
:109F50000E499B69984770BDF7F7CEFB00230C4A6A
:109F60000A4D8018594102000B1E02DA0122094BEA
:109F70005242EB602368290020005B69AA60984781
:109F8000E9E7C046F41D0020F81D0020481200201B
:109F900050C30000FFFFFF7F10B5012202211820EF
:109FA000F6F76CFA10BDC046034B10B518680349AC
:109FB00003685B6A984710BDF01D0020381200202E
:109FC00010B504000848FFF79FFB084B00221C60F7
:109FD0002368200006491B6998472368200005492B
:109FE000DB699847012010BDFC1D0020F01D0020FA
:109FF000A19E00103812002070B50D4D04002B6892
:10A00000002B13D003680B499B69984723680A49C2
:10A010001B6A20009847236800221B69074920001B
:10A0200098470748FFF7A6FB00232B6070BDC0468A
:10A03000F01D00204812002038120020C99E001098
:10A04000FC1D002010B582B068460C00FAF788FCB1
:10A050006B460622991C2000F8F70AFB01222378A0
:10A06000934302221343237002B010BD034B10B57B
:10A07000186803685B68984710BDC046F01D002053
:10A08000034B10B5186803689B68984710BDC0461D
:10A09000F01D002070B5EFF30583134A040000257E
:10A0A0001668002B10D1F7F727FB02000B001219DE
:10A0B0006B41002B04DB31683000096B884770BDB1
:10A0C00001220A4B5242F6E7F7F716FB02000B009B
:10A0D00012196B41002B02DA0122044B5242316803
:10A0E0003000C96A8847EAE7F01D0020FFFFFF7FC4
:10A0F000F8B50E4B06001F68F7F7FEFAFA220400C7
:10A100000D000023920030000021F8F7D7F902007B
:10A110000B0012196B41002B02DA0122044B524250
:10A1200039683800C96A8847F8BDC046F01D00206C
:10A13000FFFFFF7F7047C04610B50148F6F722FACF
:10A1400094AF001010B50148F6F71CFA94AF001058
:10A1500010B50148F6F716FA94AF001010B530307C
:10A1600000F01AFC10BDC0460022452310B50C00BB
:10A17000CA54013BC85CF6F711FB2000383000F0F0
:10A18000D3FB0020002110BD012310B504000B7289
:10A190004333C05CF6F702FB2000383000F0C4FB0C
:10A1A00010BDC046F0B5304BD6464F4646461A68FD
:10A1B0005B6804009A462D4B904645259946C0B5EC
:10A1C00084B0200000F0E8F906000F00F7F794FAD9
:10A1D00032003B00121A8B41002B29DD46452DD061
:10A1E000635D002B08D0A26AE36A30003900801A50
:10A1F0009941002927DC33D0236C002B03DD216C2F
:10A20000206AF7F7BFF80123A662E76263550023CF
:10A21000206A02934B463200009301943B00F6F70C
:10A22000F1FF2064236C002B0DDC00236355C8E78D
:10A23000002BC6D1002AC4D04645D1D15745CFD135
:10A24000236C002B05DC04B0E0BCBA46B146A8463E
:10A25000F0BD216C206AF7F795F800232364F2E73C
:10A260000028C9D0EFE7C046D8AF001069A10010A0
:10A27000F8B5060017003036040030000D0000F07D
:10A280008BFB3800A84773790500012B04D0300000
:10A2900000F0AAFB2800F8BD2000FFF783FFF6E7D7
:10A2A00070B544250400405D002814D1236C002BB8
:10A2B00003DD216C206AF7F765F8250030352800AA
:10A2C00000F06AFB280000F08FFB482200212000EC
:10A2D000F8F7C8F970BD0021F6F742FA0449605D4D
:10A2E000F6F79AFB605DF6F7EFFC00236355DDE7B8
:10A2F000F5A2001070B5EFF305830C4A2A3B9B00D2
:10A300009C58002C0DD0250030350021280000F08D
:10A3100033FB002805D06B79012B03D0280000F017
:10A3200063FB70BD2000FFF73DFFF7E78C1C0020AA
:10A3300010B5383000F078FB10BDC0461000190091
:10A3400010B5EFF30583002B02D0F7F7DFF910BD4E
:10A35000F7F754F8FBE7C04610B530304379002BCF
:10A3600008D0D02300221B069A560423C3569A42D3
:10A3700000D110BD0148F6F705F9C046B4AF001092
:10A3800010B5040030346379012B03D0200000F0B5
:10A390002BFB10BDFFF706FFF8E7C04670B50600BF
:10A3A0000D0004003036300000F0F6FA29002000DD
:10A3B00000F0E0F873790500012B04D0300000F0C4
:10A3C00013FB280070BD2000FFF7ECFEF6E7C04647
:10A3D00070B506000D0004003036300000F0DCFAE5
:10A3E0002900200000F0B4F873790500012B04D097
:10A3F000300000F0F9FA280070BD2000FFF7D2FE0F
:10A40000F6E7C04670B506000D0004003036300097
:10A4100000F0C2FA2900200000F088F873790500E6
:10A42000012B04D0300000F0DFFA280070BD2000BE
:10A43000FFF7B8FEF6E7C04670B506000D00040051
:10A440003036300000F0A8FA2900200000F05AF859
:10A4500073790500012B04D0300000F0C5FA280004
:10A4600070BD2000FFF79EFEF6E7C046FF23037095
:10A47000002343607047C04670B504000D004422BD
:10A4800000210430F8F7EEF81B4B236003232383ED
:10A49000D0231B061B68A3766868002828D020629A
:10A4A0002000012201213830F6F72EFC2000303048
:10A4B000F6F778FC00202E78F6F710FC0300002059
:10A4C000002B14DB190044250C4A1A398900FF308F
:10A4D0008C50184063550A49F6F77AF90121605DFE
:10A4E000F6F73EF9605D3100F6F780FB012070BDA4
:10A4F000F6F784FED3E7C046F82904108C1C002030
:10A50000F5A200108368002B04D107E01A68002A26
:10A5100006D013008B42F9D1002005E00300083378
:10A520001960002301200B607047C0460200836859
:10A530000832002B04D109E01A001B68002B05D05B
:10A540008B42F9D11B680120136000E000207047A6
:10A550004368002B04D107E01A68002A05D01300D5
:10A560008B42F9D1002004E0031D19600023012073
:10A570000B6070474368021D002B04D109E01A00EC
:10A580001B68002B05D08B42F9D11B68012013609A
:10A5900000E000207047C046F0B55746DE4646460C
:10A5A000C0B53E4B82B01A685B6800920193836825
:10A5B0008246002B2CD0082353449B46F7F79CF887
:10A5C00053469B6804000D005F46002B20D00022FC
:10A5D0001E0094469846B268F36820002900801A4D
:10A5E0009941002902DB14001D00BC463700366883
:10A5F000002EF0D162464346002A48D011685046EA
:10A600000B6813604B68984753469B68002BD5D165
:10A6100053465C68002C29D000255646237A002B2F
:10A6200031D0210063682572300098472468002CDF
:10A63000F4D1B168B246002918D0009C019D0E00EB
:10A6400003E004000D00002E0ED0330022009868B5
:10A65000D9682B00121A8B413668002BF1DCF2D13D
:10A66000002AEED1002EF0D100940195009B019CB0
:10A670005246180021001361546102B0E0BCBB4691
:10A68000B246A846F0BD2468002CC7D1D1E7190016
:10A6900053465C68002CBFD1CFE7C046D8AF00104E
:10A6A00001230121084A1360084A1360084A080080
:10A6B00013689843FBD1074A116080214900136851
:10A6C0000B42FCD07047C04600E0004000F0004064
:10A6D00008C0004000C0044010B583070AD0030042
:10A6E000032102E001330B4205D01A78002AF9D188
:10A6F000181A10BD030019680C4A0D4C8A188A43B9
:10A7000022420FD15968094A04338A188A432242E7
:10A7100008D15968054A04338A188A432242F1D085
:10A7200000E001331A78002AFBD1E1E7FFFEFEFECC
:10A730008080808070B5074C074D641BA41005D045
:10A74000013CA300EB589847002CF9D100F0E8F841
:10A7500070BDC04680AA001080AA001030B5002A43
:10A7600026D003000B439B0724D1032A22D9164D80
:10A770000BE0043A002A1BD0144C1C199C432C42B9
:10A7800016D104300431032A14D903680C68A3429B
:10A79000EFD004780D78A54213D1012306E0C45C04
:10A7A000CD5CAC420DD101339A4201D0002CF6D1E0
:10A7B000002030BD04780D78AC4202D1012AECD1E2
:10A7C000F6E7601BF5E7C04680808080FFFEFEFE56
:10A7D000F0B588420AD98B18984207D2531E002A36
:10A7E00003D0CA5CC254013BFBD2F0BD05000F2A66
:10A7F0000AD8561E002AF8D00023CC5C1A00EC546C
:10A8000001339642F9D1F0E703273E000D430C00D7
:10A8100003002E402F422DD11500103D2D09AC46CE
:10A820002F013F1825681D6065685D60A5689D6003
:10A83000E5681034DD601D001033BD42F2D165467D
:10A840000F230C2401352D014919134045191442D9
:10A8500013D0043B9B0801339B008C59AC51043648
:10A860009E42FAD103231A40AD198919561E002AB7
:10A87000C2D1BAE70500561EBEE71A00B9E7C046C6
:10A8800010B5010000230022002000F001F810BDE7
:10A89000F0B5C6461A4C00B52568002D2AD06C6864
:10A8A0001F2C2ADC002808D10020631C0234A400DD
:10A8B0006B60615180BCB846F0BD8827A600AE1918
:10A8C000F2510137FF37BC460122AC446746A24033
:10A8D0003F68904617436246176084277F00F35114
:10A8E0000228E1D1280042468D30FF30036813432F
:10A8F0000360D9E7034D2560D1E701204042D9E745
:10A90000E416002054150020034B10B5002B02D094
:10A910000248FFF7B5FF10BD0000000035A700108A
:10A92000F8B5C0460000000001B40248844601BCEE
:10A93000604700BF2901002001B40248844601BCE1
:10A94000604700BFD50D002001B40248844601BC19
:10A95000604700BF9504002001B40248844601BC52
:10A96000604700BF7503002001B40248844601BC63
:10A97000604700BFF110002001B40248844601BCCA
:10A98000604700BF9902002001B40248844601BC20
:10A99000604700BFF110002001B40248844601BCAA
:10A9A000604700BF7101002001B40248844601BC29
:10A9B000604700BFC101002001B40248844601BCC9
:10A9C000604700BFE902002001B40248844601BC90
:10A9D000604700BF0102002001B40248844601BC68
:10A9E000604700BF650E002001B40248844601BCE8
:10A9F000604700BF9D03002001B40248844601BCAB
:10AA0000604700BFD105002001B40248844601BC64
:10AA1000604700BF150E002001B40248844601BC07
:10AA2000604700BFAD0D002001B40248844601BC60
:10AA3000604700BFC10000204D1B0010791B0010B3
:10AA40005D1D001055260010F1230010F92500109F
:10AA5000851C0010951B0010B51B0010C91B0010B1
:10AA6000390D0010D11B001021110010151B001012
:10AA70003D07001009A9001051490010FD02001007
:10AA800054656D70203D20252E326620430A00005B
:10AA90000A2A2A2A2050414E4943202A2A2A0A00FB
:10AAA0004E6F207370696E6C6F636B73206172659B
:10AAB00020617661696C61626C6500004E6F207583
:10AAC000736572204952517320617265206176610D
:10AAD000696C61626C6500004861726477617265DF
:10AAE00020616C61726D20256420616C7265616407
:10AAF0007920636C61696D6564000000486172646F
:10AB000020617373657274006D697373696E672079
:10AB1000646F75626C652066756E6374696F6E0034
:10AB200052656C6561736500626F6F74325F773276
:10AB30003571303830000000322E322E30000000E7
:10AB40007069636F5F7700006C6162355F616D6291
:10AB5000657200004D617220313220323032360091
:10AB6000666E692B00000000666E69006E616E0003
:10AB7000666E692D000000005553422073746469AD
:10AB80006E202F207374646F7574000052617370AF
:10AB90006265727279205069000000005069636F2D
:10ABA00000000000426F61726420434443000000D3
:10ABB0005265736574000000556E68616E646C6563
:10ABC000642049525120307825780A00657020258C
:10ABD0003032582077617320616C7265616479202E
:10ABE000617661696C61626C6500000043616E278B
:10ABF0007420636F6E74696E756520786665722067
:10AC00006F6E20696E6163746976652065702025BA
:10AC10003032580063797734335F726561645F6204
:10AC200079746573206572726F722025640000006C
:10AC30005B43595734335D2063797734335F6B73EB
:10AC40006F5F736574282564293A206661696C65B5
:10AC5000640A00005B43595734335D20427573200A
:10AC60006572726F7220636F6E646974696F6E20B3
:10AC7000646574656374656420307825780A000023
:10AC80005B43595734335D206572726F723A2068A6
:10AC90006472206D69736D61746368202530347847
:10ACA000205E20253034780A000000005B435957AD
:10ACB00034335D205354414C4C2825753B25752D6C
:10ACC0002575293A2074696D656F75740A00000056
:10ACD0005B43595734335D20646F5F696F63746CF5
:10ACE0003A20676F7420756E65787065637465646B
:10ACF000207061636B65742025640A005B435957BB
:10AD000034335D20646F5F696F63746C2825752C24
:10AD10002025752C202575293A2074696D656F757D
:10AD2000740A00005B43595734335D20636F7265CA
:10AD3000206E6F7420696E20726573657400000068
:10AD40006275733A7478676C6F6D0000617073742C
:10AD500061000000616D7064755F62615F777369A7
:10AD60007A650000616D7064755F6D7064750000D8
:10AD7000616D7064755F72785F666163746F720095
:10AD80006273736366673A6576656E745F6D736749
:10AD9000730000005B43595734335D204661696C92
:10ADA000656420746F207374617274204359573442
:10ADB0003300000056657273696F6E3A2000000020
:10ADC0005B43595734335D20636F756C64206E6F3D
:10ADD000742066696E642076616C696420666972AD
:10ADE0006D776172650000005B43595734335D2015
:10ADF00074696D656F75742077616974696E672019
:10AE0000666F7220414C5020746F2062652073651C
:10AE1000740000005B43595734335D20636F7265E3
:10AE2000206E6F74207570005B43595734335D207A
:10AE30004854206E6F7420726561647900000000D0
:10AE40005B43595734335D204632206E6F74207255
:10AE500065616479000000005B43595734335D201D
:10AE6000434C4D206C6F6164206661696C656400C1
:10AE70006375725F65746865726164647200000076
:10AE80006770696F6F7574005B252038645D2041C1
:10AE900053594E4328253034782C00002573000088
:10AEA000257500002C25752C25752C2575290A0083
:10AEB0005345545F53534944000000004A4F494EE4
:10AEC0000000000041555448000000004445415531
:10AED00054485F494E4400004153534F4300000023
:10AEE0004449534153534F430000000044495341E8
:10AEF00053534F435F494E44000000004C494E4BB2
:10AF00000000000050534B5F5355500045534341E0
:10AF10004E5F524553554C54000000004353415F6F
:10AF2000434F4D504C4554455F494E44000000008E
:10AF30004153534F435F5245515F49450000000064
:10AF40004153534F435F524553505F494500000002
:10AF50004E6F2050494F207374617465206D61639A
:10AF600068696E65732061726520617661696C61E4
:10AF7000626C65004E6F20444D41206368616E6EC7
:10AF8000656C732061726520617661696C61626CC9
:10AF900065000000637977343320686173206E6F39
:10AFA0002065746865726E657420696E746572667A
:10AFB000616365006173796E635F636F6E7465785A
:10AFC00074206C6F636B5F636865636B2066616997
:10AFD0006C65640000000000FFFFFFFFFFFFFF7FC4
:10AFE00006005250D3F0754220AB001006005250BC
:10AFF000E182887F28AB001006005250ABB360534B
:10B0000038AB001006005250BBFF3CB640AB0010FE
:10B0100006005250861C030248AB00100600525036
:10B020005422A29D54AB001005005250DE65F46816
:10B03000F83B041014340010C4330010C433001063
:10B040000C340010C4330010C4330010C43300109B
:10B05000C4330010C4330010C4330010C4330010D4
:10B0600004340010C4330010FC330010C43300104B
:10B07000C4330010F4330010343600102A340010AA
:10B08000243600102A3400100E3600102A34001026
:10B090002A3400102A3400102A3400102A340010F8
:10B0A0002A3400102A3400101C3400102A340010F6
:10B0B0002A3400102A3400102A3400102A340010D8
:10B0C0001C340010D23600107E3300107E33001086
:10B0D0007E3300107E3300107E3300107E3300106C
:10B0E0007E3300107E3300107E3300107E3300105C
:10B0F0007E3300107E3300107E3300107E3300104C
:10B100007E3300107E3300107E3300107E3300103B
:10B110007E3300107E3300107E3300107E3300102B
:10B120007E3300107E3300107E3300107E3300101B
:10B130007E3300107E3300107E3300107E3300100B
:10B140007E33001048360010A0360010483600103C
:10B150007E3300107E3300107E3300107E330010EB
:10B160007E3300107E3300107E3300107E330010DB
:10B170007E3300107E3300107E3300107E330010CB
:10B180007E3300107E3300107E3300107E330010BB
:10B19000E23800107E3300107E3300107E33001042
:10B1A0007E3300107E3300107E3300107E3300109B
:10B1B0007E3300107E330010E2380010E4360010B9
:10B1C000E238001048360010A03600104836001053
:10B1D000000000000000F03F0000000000002440DC
:10B1E00000000000000059400000000000408F40B7
:10B1F000000000000088C34000000000006AF84022
:10B200000000000080842E4100000000D012634145
:10B210000000000084D797410000000065CDCD41BB
:10B220000D0A000000000000B543001000000000FF
:10B23000B9430010C5430010F1430010ED43001066
:10B24000000000000A00000000000306A60008003D
:10B25000020002009C001400030057494E5553425F
:10B260000000000000000000000080000400010059
:10B27000280044006500760069006300650049000D
:10B280006E00740065007200660061006300650076
:10B29000470055004900440000004E007B0062005A
:10B2A00063003700330039003800630031002D009F
:10B2B00037003300630064002D0034006300620037
:10B2C00037002D0039003800620038002D003900A9
:10B2D0003100330061003800660063006100370010
:10B2E0006200660036007D0000000000050F2100AE
:10B2F000011C100500DF60DDD88945C74C9CD26574
:10B300009D9E648A9F00000306A6000100000000C5
:10B310000600525053B4F4A178AB001000000000B6
:10B320008CAB00109CAB0010502C0020A4AB001084
:10B33000B0AB001009025400030100807D080B002F
:10B3400002020200000904000001020200040524B8
:10B350000020010524010001042402060524060042
:10B36000010705810308001009040100020A00001A
:10B3700000070502024000000705820240000009A4
:10B3800004020000FF00010512011002EF0201405B
:10B390008A2E0A000001010203010000C84F0010BC
:10B3A0003051001080510010085100101A51001047
:10B3B000F850001068500010145000100850001091
:10B3C000EA540010D0540010A05200100A5500108A
:10B3D000A0520010B8540010A4540010A052001045
:10B3E0009054001096530010A05200107657001091
:10B3F000685700105C570010A0520010A0520010B7
:10B400004657001068570010A0520010A0520010BC
:10B41000A0520010A0520010A0520010A052001024
:10B42000A0520010FC560010320F0020320F0020F6
:10B430007C0F00209C0F0020E00F0020F20F002066
:10B44000280F002000000000015D0010715D001059
:10B45000A15D0010ED5D0010915E0010795F00109D
:10B46000000000000000000079600010D5600010AE
:10B47000F1600010196100104D4400103962001095
:10B48000000000008CB4001006FF000001604010B6
:10B4900080E042B00140841000000000651400000C
:10B4A000911300009113000091130000911300000C
:10B4B00091130000911300009113000091130000FC
:10B4C00091130000911300009113000091130000EC
:10B4D00091130000911300009113000091130000DC
:10B4E00091130000911300009113000091130000CC
:10B4F00091130000911300009113000091130000BC
:10B5000091130000911300009113000091130000AB
:10B5100091130000911300000048004765140000DB
:10B52000000000000000000000000000000000001B
:10B53000000000000000000000000000000000000B
:10B5400000000000000000000000000000000000FB
:10B5500000000000000000000000000000000000EB
:10B5600000000000000000000000000000000000DB
:10B5700000000000000000000000000000000000CB
:10B58000000000000000000044425050186001001C
:10B590000000000000000000C51B0000C51B0000EB
:10B5A000C51B0000C51B0000C51B0000C51B00001B
:10B5B000C51B0000D9130000D513000015140000AE
:10B5C000DD3D0000793900003B330000D93D00002B
:10B5D000C9350000B13900001D3E00004FD5010003
:10B5E000D93A0000133400007F340000893E000087
:10B5F0008B3E0000FB380000AD3D00004DD5010042
:10B60000C51B0000C51B0000C51B0000C51B0000BA
:10B61000C51B0000C51B0000C51B0000C51B0000AA
:10B62000C51B0000C51B0000C51B0000C51B00009A
:10B63000C51B0000C51B00009FDC0000C51B0000EF
:10B64000C51B0000C51B0000C51B0000C51B00007A
:10B65000C51B0000C51B0000C51B0000C51B00006A
:10B66000C51B0000C51B0000C51B0000C51B00005A
:10B67000C51B000047FC0000C51B0000A3FD000027
:10B68000C51B0000C51B00009FFD00002BFC000037
:10B69000C51B0000C51B0000C51B0000772E010064
:10B6A0005B3301001B3501006F340100DF33010003
:10B6B0001F320100C51B0000C51B0000C51B000098
:10B6C000BD350100C51B0000C51B0000C51B0000E7
:10B6D000C51B0000C51B0000C51B0000C51B0000EA
:10B6E000C51B0000C51B0000C51B0000C51B0000DA
:10B6F000C51B0000C51B0000C51B0000C51B0000CA
:10B70000C51B0000C51B0000C51B0000C51B0000B9
:10B71000C51B0000C51B0000C51B0000C51B0000A9
:10B72000C51B0000C51B0000C51B0000C51B000099
:10B73000C51B0000C51B0000C51B0000C51B000089
:10B74000C51B0000C51B0000C51B0000C51B000079
:10B75000C51B00007916000081160000191F0000AB
:10B76000352E0000892E0000ED3F0000F93F00005B
:10B7700069510000D1B10000B9DC0000B1FB00004C
:10B78000C1350100691600008D1600009D170000EC
:10B790009D180000E51B0000851C0000F51C000042
:10B7A000791D0000251F0000A12E0000953F00001C
:10B7B0000540000005490000474C00009D4D000079
:10B7C000A54D0000A94D0000C51B0000C54D00009F
:10B7D000FD4D0000054E00005B4E00005F4E000076
:10B7E0006D4E0000956C0000C51B000085510000E7
:10B7F000C51B0000056D00003D94000081A2000003
:10B8000059A30000C9A30000C5CA0000E5CA000092
:10B81000E1CE0000C1DC0000D1DC00002FE200001E
:10B8200049E4000091E8000083FB000089FB000070
:10B830001D170100010000000000000820000000AA
:10B840000002000004000000FF03000050000000A0
:10B8500001000000010000000A07080100000000CC
:10B8600008000000010400000100000004000400C2
:10B8700008000100000000000000000000000000BF
:10B8800000000000000000000000000000000000B8
:10B8900000000000000000000000000000000000A8
:10B8A0000000000000000000000000000000000098
:10B8B0000000000000000000000000000000000088
:10B8C0000000000000000000000000000000000078
:10B8D0000000000000000000000000000000000068
:10B8E0000000000000000000000000000000000058
:10B8F0000000000000000000000000000000000048
:10B900000000000000000000000000000000000037
:10B910000000000000000000000000000000000027
:10B920000000000000000000000000000000000017
:10B930000000000000000000000000000000000007
:10B9400000000000000000000000000000000000F7
:10B9500000000000000000000000000000000000E7
:10B9600000000000000000000000000000000000D7
:10B9700000000000000000000000000000000000C7
:10B9800000000000000000000000000000000000B7
:10B9900000000000000000000000000000000000A7
:10B9A0000000000000000000000000000000000097
:10B9B0000000000000000000000000000000000087
:10B9C0000000000000000000000000000000000077
:10B9D0000000000000000000000000000000000067
:10B9E0000000000000000000000000000000000057
:10B9F0000000000000000000000000000000000047
:10BA00000000000000000000000000000000000036
:10BA10000000000000000000000000000000000026
:10BA20000000000000000000000000000000000016
:10BA30000000000000000000000000000000000006
:10BA400000000000000000000000000000000000F6
:10BA500000000000000000000000000000000000E6
:10BA600000000000000000000000000000000000D6
:10BA700000000000000000000000000000000000C6
:10BA800000000000000000000000000000000000B6
:10BA900000000000000000000000000000000000A6
:10BAA0000000000000000000000000000000000096
:10BAB0000000000000000000000000000000000086
:10BAC0000000000000000000000000000000000076
:10BAD0000000000000000000000000000000000066
:10BAE0000000000000000000000000000000000056
:10BAF0000000000000000000000000000000000046
:10BB00000000000000000000000000000000000035
:10BB10000000000000000000000000000000000025
:10BB20000000000000000000000000000000000015
:10BB30000000000000000000000000000000000005
:10BB400000000000000000000000000000000000F5
:10BB500000000000000000000000000000000000E5
:10BB600000000000000000000000000000000000D5
:10BB700000000000000000000000000000000000C5
:10BB800000000000000000000000000000000000B5
:10BB900000000000000000000000000000000000A5
:10BBA0000000000000000000000000000000000095
:10BBB0000000000000000000000000000000000085
:10BBC0000000000000000000000000000000000075
:10BBD0000000000000000000000000000000000065
:10BBE0000000000000000000000000000000000055
:10BBF0000000000000000000000000000000000045
:10BC00000000000000000000000000000000000034
:10BC10000000000000000000000000000000000024
:10BC20000000000000000000000000000000000014
:10BC30000000000000000000000000000000000004
:10BC400000000000000000000000000000000000F4
:10BC500000000000000000000000000000000000E4
:10BC600000000000000000000000000000000000D4
:10BC700000000000000000000000000000000000C4
:10BC800000000000000000000000000000000000B4
:10BC9000000000000000000000F459B200000000A5
:10BCA000FFF75E9F0000000000F463B10000000099
:10BCB000FFF7419D00000000FFF76D9C00000000B1
:10BCC000F3F7AE9800000000E9F7679E000000005F
:10BCD000E5F7989D00000000E4F7829F0000000057
:10BCE000D3F77C9B00000000CFF7EC990000000028
:10BCF000C9F7D89E00000000C8F75A9F0000000056
:10BD0000C8F7B49C00000000C2F7549F0000000078
:10BD1000C0F7449C00000000C0F7329A0000000009
:10BD2000BFF78C9D00000000BFF7569F0000000089
:10BD3000C2F71E9D00000000E1F7C29C0000000059
:10BD4000BFF7049800000000BEF7A69E00000000A8
:10BD5000BDF77C9F00000000BBF76D9C0000000059
:10BD6000A2F73E9D00000000B7F7E29A0000000035
:10BD7000DDF7329B00000000B9F7889E000000004C
:10BD8000B2F7669B00000000B2F7F69A00000000D0
:10BD9000B2F77C9900000000B1F7869A000000001D
:10BDA000DAF7669C00000000B0F76E9E000000000D
:10BDB000C1F7FE9A00000000AEF73B9B00000000B8
:10BDC000A0F7F69D00000000A0F7169C0000000000
:10BDD000ABF7F09E00000000A2F7E09C000000001E
:10BDE000A2F7DE9A00000000A0F7FB980000000018
:10BDF0009FF7AE9F000000009EF7B699000000007C
:10BE00009DF77C9D000000009BF7329D0000000024
:10BE10009AF7F89F00000000A0F7E09E00000000E5
:10BE2000A0F70F9F0000000099F7DE9A00000000C5
:10BE3000A0F7939C00000000D7F7289F00000000A7
:10BE4000D7F71C9A00000000D7F7169C00000000EE
:10BE5000D9F78A9C0000000093F7709A0000000058
:10BE600093F776990000000093F7CD9D0000000045
:10BE700093F77D9B0000000093F7B89A0000000044
:10BE800092F7649F0000000092F7029D00000000FE
:10BE900092F7D29A0000000092F70099000000008B
:10BEA00092F714980000000092F7129B0000000027
:10BEB0008FF7249900000000D7F7449B0000000092
:10BEC000D7F7129B00000000D6F7989E00000000F4
:10BED0008CF7539C000000008CF7939D000000003D
:10BEE0008BF74B9F000000008CF78E99000000003C
:10BEF00089F7749E000000000000000000000000B0
:10BF00000000000000000000000000000000000031
:10BF10000000000000000000000000000000000021
:10BF20000000000000000000000000000000000011
:10BF30000000000000000000000000000000000001
:10BF400000000000000000000000000000000000F1
:10BF500000000000000000000000000000000000E1
:10BF600000000000000000000000000000000000D1
:10BF700000000000000000000000000000000000C1
:10BF800000000000000000000000000000000000B1
:10BF900000000000000000000000000000000000A1
:10BFA0000000000000000000000000000000000091
:10BFB0000000000000000000000000000000000081
:10BFC0000000000000000000000000000000000071
:10BFD0000000000000000000000000000000000061
:10BFE0000000000000000000000000000000000051
:10BFF0000000000000000000000000000000000041
:10C000000000000000000000000000000000000030
:10C010000000000000000000000000000000000020
:10C020000000000000000000000000000000000010
:10C030000000000000000000000000000000000000
:10C0400000000000000000000000000000000000F0
:10C0500000000000000000000000000000000000E0
:10C0600000000000000000000000000000000000D0
:10C0700000000000000000000000000000000000C0
:10C0800000000000000000000000000000000000B0
:10C0900000000000000000000000000000000000A0
:10C0A0000000000000000000000000000000000090
:10C0B0000000000000000000000000000000000080
:10C0C0000000000000000000000000000000000070
:10C0D0000000000000000000000000000000000060
:10C0E0000000000000000000000000000000000050
:10C0F0000000000000000000000000000000000040
:10C10000000000000000000000000000000000002F
:10C11000000000000000000000000000000000001F
:10C12000000000000000000000000000000000000F
:10C1300000000000000000000000000000000000FF
:10C1400000000000000000000000000000000000EF
:10C1500000000000000000000000000000000000DF
:10C1600000000000000000000000000000000000CF
:10C1700000000000000000000000000000000000BF
:10C1800000000000000000000000000000000000AF
:10C19000000000000000000000000000000000009F
:10C1A000000000000000000000000000000000008F
:10C1B000000000000000000000000000000000007F
:10C1C000000000000000000000000000000000006F
:10C1D000000000000000000000000000000000005F
:10C1E000000000000000000000000000000000004F
:10C1F000000000000000000000000000000000003F
:10C20000000000000000000000000000000000002E
:10C21000000000000000000000000000000000001E
:10C22000000000000000000000000000000000000E
:10C2300000000000000000000000000000000000FE
:10C2400000000000000000000000000000000000EE
:10C2500000000000000000000000000000000000DE
:10C2600000000000000000000000000000000000CE
:10C2700000000000000000000000000000000000BE
:10C2800000000000000000000000000000000000AE
:10C29000000000000000000000000000000000009E
:10C2A000000000000000000000000000000000008E
:10C2B000000000000000000000000000000000007E
:10C2C000000000000000000000000000000000006E
:10C2D000000000000000000000000000000000005E
:10C2E000000000000000000000000000000000004E
:10C2F000000000000000000000000000000000003E
:10C30000000000000000000000000000000000002D
:10C31000000000000000000000000000000000001D
:10C32000000000000000000000000000000000000D
:10C3300000000000000000000000000000000000FD
:10C3400000000000000000000000000000000000ED
:10C3500000000000000000000000000000000000DD
:10C3600000000000000000000000000000000000CD
:10C3700000000000000000000000000000000000BD
:10C3800000000000000000000000000000000000AD
:10C39000000000000000000000000000000000009D
:10C3A000000000000000000000000000000000008D
:10C3B000000000000000000000000000000000007D
:10C3C000000000000000000000000000000000006D
:10C3D000000000000000000000000000000000005D
:10C3E000000000000000000000000000000000004D
:10C3F000000000000000000000000000000000003D
:10C40000000000000000000000000000000000002C
:10C41000000000000000000000000000000000001C
:10C42000000000000000000000000000000000000C
:10C4300000000000000000000000000000000000FC
:10C4400000000000000000000000000000000000EC
:10C4500000000000000000000000000000000000DC
:10C4600000000000000000000000000000000000CC
:10C4700000000000000000000000000000000000BC
:10C4800000000000000000000000000000000000AC
:10C490000000000000000000D41B80000400000029
:10C4A00000080000B422800004000000080800001A
:10C4B000782380000400000010080000C4278000DA
:10C4C000040000001808000030288000040000006C
:10C4D00020080000D8178100040000002808000090
:10C4E00000D0810004000000300800001C1482000D
:10C4F0000400000038080000283882000400000012
:10C50000400800006C66830004000000480800003A
:10C51000ACAD83000400000050080000080884004F
:10C5200004000000580800001C1A840004000000E9
:10C5300060080000982284000400000068080000E1
:10C540002C8A84000400000070080000D8BE84001B
:10C550000400000078080000C0BF84000400000050
:10C560008008000010C38400040000008808000058
:10C5700078C9840004000000900800002C91840019
:10C5800004000000980800000C4C82000400000029
:10C59000A0080000FCD9840004000000A8080000E6
:10C5A00084E3840004000000B008000018EC84005C
:10C5B00004000000B80800000C1985000400000009
:10C5C000C008000084C0860004000000C808000005
:10C5D0004466850004000000D008000010A282001C
:10C5E00004000000D8080000003B850004000000A3
:10C5F000E008000084B6850004000000E8080000A0
:10C60000E8B6850004000000F0080000CCBA850000
:10C6100004000000F8080000F8C8850004000000CD
:10C6200000090000B0BE82000400000008090000FC
:10C63000ACD485000400000010090000E09B8400D9
:10C640000400000018090000B8FB85000400000089
:10C650002009000038E386000400000028090000DB
:10C660006CEA8600040000003009000028258600DE
:10C670000400000038090000F0C08600040000003B
:10C68000400900003CC38600040000004809000087
:10C6900018F98600040000005009000064FA8600C2
:10C6A000040000005809000044098700040000004D
:10C6B00060090000101387000400000068090000F2
:10C6C0001033870004000000700900005C3B870005
:10C6D0000400000078090000A0D9860004000000D2
:10C6E0008009000058DA8600040000008809000074
:10C6F000B8608700040000009009000018E0860080
:10C700000400000098090000ACE48200040000006E
:10C71000A009000058EF820004000000A8090000F2
:10C72000E4F1820004000000B0090000C0F28200C1
:10C7300004000000B8090000D4D187000400000004
:10C74000C0090000D4D4870004000000C80900001C
:10C75000BCD6870004000000D0090000F4D987008F
:10C7600004000000D8090000C0DA870004000000BF
:10C77000E0090000DCDC870004000000E80900009C
:10C78000F8DC870004000000F009000088DD870065
:10C7900004000000F80900007CE2870004000000AB
:10C7A000000A0000CCE3870004000000080A000033
:10C7B000F4E5870004000000100A000090268800BD
:10C7C00004000000180A0000A40B8300040000000D
:10C7D000200A00007C0E830004000000280A0000EC
:10C7E0000819830004000000300A00005058880037
:10C7F00004000000380A00002059880004000000EE
:10C80000400A0000D462880004000000480A0000CA
:10C810008469880004000000500A0000DC98880049
:10C8200004000000580A00006846836941690BB59E
:10C8300003695A4651460EB44A46414606B4C36897
:10C8400082684168FEB40368C269EFF303810EB4E5
:10C850008269EFF3058106B4034801680029FED020
:10C860006846884714B000BD3C14000062B67047AB
:10C8700072B6704704490840002803D003490A688B
:10C8800002430A6070470000FFFF000000E100E083
:10C8900004490840002804D003490A68C043024004
:10C8A0000A607047FFFF000080E100E0024909686C
:10C8B000902288587047000044140000024909681B
:10C8C0009C2288507047000044140000DDBAADBBC4
:10C8D0000000000000000000000000000000000058
:10C8E000000000000000000000000000024A116883
:10C8F0001060081C704700003C140000564857495F
:10C9000000220A500168564A0A40564F0F403F42E3
:10C9100006D15046004202D04046004229D1FEE7EF
:10C92000FC2141580A680F2313400F2BF1D0012B33
:10C9300001D00431F6E708314B4B13404B4CA34276
:10C9400006D100F0C1F8804600F0CAF88146E9E758
:10C95000474CA342E6D10B1F1B68464C23401824CA
:10C96000E3409C4600F0B0F8824600F0B9F88346F8
:10C97000D8E7414921224250374A40498958FF238C
:10C98000194219D051683E4B194215D01168344BE9
:10C990001940D36A10E0A3420ED0C0460CE03949DA
:10C9A0008958194208D03849895819409942FAD112
:10C9B000364B11691942FCD049463F4204D19823B5
:10C9C000CB581024E34001E0314BCB581C242340CA
:10C9D000002B01D000F092F840462E4908604846EE
:10C9E0002D49086050462D49086060462C49086072
:10C9F0002C490F602C4D2D490D602D482D490022EA
:10CA000004C08142FCD8043DAD46009DEC43102398
:10CA1000DD41AC4210D1240CA400274D2C606B46A4
:10CA20001B1B2648264D2860002C05D01D6805607C
:10CA300004330430043CF9DC81B0224B1B490D68FF
:10CA4000ED1A0D606C46E41AA5466846000900011F
:10CA5000854600F0D7FCFEE7000000181406000031
:10CA6000FFFF0000000000F000FF0F00002A080098
:10CA7000000E0800000000FFE001000004060000B6
:10CA800000003800180600000C060000001000002E
:10CA90000804000044140000481400004C14000076
:10CAA000501400004014000000000800945C0100D5
:10CAB000BC5F01009C6601009C5C01008C7502005B
:10CAC000985C01000000010008680F220431024058
:10CAD000052AF9D1014A1040F746000000F0FFFF97
:10CAE00008680F2204310240052AF9D18022104241
:10CAF000F6D0014A1040F74600F0FFFFFEE70000C5
:10CB000000487047BC5F010000487047FC5F0100AF
:10CB100000487047606001000048704708600100ED
:10CB200003F04ABA01238B402DE9F74FB3F5001FFC
:10CB300028BF4FF40013042B38BF042303300193A4
:10CB400020F00304FFF7E0FF354B0022D3F800B0DC
:10CB500015469446134627E0D1F800A0A24522D3FB
:10CB600001F10807019E07EB0A08C6F10009C4EBB2
:10CB7000080609EA0606BE4215D3DDF8049009F15D
:10CB8000FF3919EA070FCDF8009002D0F71B072FE5
:10CB900009D9C4EB0A075F4505D2424635466FB155
:10CBA000BB4684460B46084641680029D4D13BB9B0
:10CBB0001C4A18461168013111602FE084460B466B
:10CBC000521B111B072909D918682A19401A08395C
:10CBD00018602951596851605A6022461968891AAB
:10CBE000072903D85A68CCF8042004E05A50A1F170
:10CBF00008021A605B180C48002219685A60026823
:10CC00008A18026009480168083101608918084AD9
:10CC10001068814288BF116003F10800BDE8FE8FF3
:10CC2000F4030000F00300001404000048040000B6
:10CC30000460010038B5194B50F8082C19680546F6
:10CC40008A1A1A60164BA0F108041A68083A1A608A
:10CC5000FFF75AFF02E0A34203D218464368002BB5
:10CC6000F9D155F8082CA9188B4205D119685B68D1
:10CC70005218083245F8082C6360036803F1080273
:10CC80008218A24207D155F8082C9B18083303607C
:10CC90006368436000E04460002038BD1404000075
:10CCA0004804000010B500214022044605F04ADC8B
:10CCB000104B2360104B6360104BA360104BE3607C
:10CCC000104B2361104B6361104BA361104BE36168
:10CCD000104B2362104B6362104BA362104BE36254
:10CCE000104B2363104B6363104BA363104BE36340
:10CCF00010BD00BF00000000F8370100F837010048
:10CD0000915C0100945C0100BC5F0100BC5F01000C
:10CD10009C6601009C660100FCB60200FCB60200A5
:10CD20008C6A0300FC00000000010000000000000D
:10CD300000000000F0B52D4D91B06846FFF7B2FF3E
:10CD40002978002937D10898099C241A06D0224650
:10CD500005F0F8DB0898214609F06EDD22462449EB
:10CD6000244805F015DC244B00241C7001232B7093
:10CD7000224D09F091DC2B68002B33D01A78002A61
:10CD800030D09F895E890CE02B681D4AD9891068D4
:10CD90000AF076DC0134014630B1184B186806F011
:10CDA000B1DBA319BB42EFDB164B296818680122DF
:10CDB00006F0ECDB16E0144E317899B90A980B9C1A
:10CDC000241A06D0224605F0BDDB0A98214609F058
:10CDD00033DD08480D49224605F0DADB00232B70CD
:10CDE0000123337009F058DC11B0F0BDFC030000E2
:10CDF0009AFB8800553901001460010044040000CA
:10CE0000900400002C0400006C600100521E890098
:10CE1000014B1868704700BF945C01000020704708
:10CE20002DE9F04F9DB00AA8FFF73CFFFFF7F0FF98
:10CE30000446FFF7F3FF0A9B0B9A0F99D21A0E9B39
:10CE40000D9DC3EB01091199109B6E4ECB1A0C99E5
:10CE5000DFF80082C1EB050B93443268D8F800106C
:10CE600002F50052521A4A44D2185A44141924188E
:10CE70000994DFF8E4A1644C644F2268DAF80050AA
:10CE80006348AD183A680893C5EB020CCDF81CC096
:10CE900005F07EDB089B09F57E71019303F57E7337
:10CEA00007339B0A07310BF57E72890A073202931A
:10CEB0000823920A0091039359464B46554805F0C2
:10CEC00067DB336820683968DDF81CC00190039384
:10CED00000F57E7003F57E730CF57E7601F57E72AB
:10CEE00007300733800A9B0A07320736B60A920AD0
:10CEF0000290049348486346009605F049DB09997F
:10CF000005F57E7201F57E7307339B0A0732920A9C
:10CF100000932946099B414805F03ADB404B414FBD
:10CF20001968414805F034DB3968404B0A684646C9
:10CF30009A4203D03E4805F02BDB25E01A910B46C0
:10CF400004E015683948131D854203D11A461BAB0E
:10CF50009A42F6D333681AAD009336482B461A929C
:10CF600005F016DB3B681A9AE91A3348D31A0A46C9
:10CF7000009305F00DDB33681A9A591B2F489B1A52
:10CF80000A46009305F004DB2D4B1B684BB31A785F
:10CF90003AB35989DD891A8901FB05F638354D43C5
:10CFA00006F57E7307339B128DE8280005F57E7326
:10CFB00007339B1202932348334605F0E9DA2368CE
:10CFC000DAF80020991B9B185B1B03F57E7001F5B6
:10CFD0007E720730800A07320090920A1A4805F0E4
:10CFE000D7DA1A4B1D6809F081DD044609F078DDB7
:10CFF000294603462246164805F0CADA1DB0BDE8A8
:10D00000F08F00BF0460010014040000F40300006E
:10D010008839010097390100D63901001B3A010017
:10D02000F003000068600100563A01004B41545380
:10D03000713A0100953A0100CC3A0100F13A010041
:10D0400044040000173B0100443B010004040000BD
:10D050006C3B0100106001004804000008B57146F7
:10D06000034805F095DA0120BDE8084009F0249E48
:10D070009A3B010000487047186001002DE9F34118
:10D0800007460C4609F032DD10B909F035DD3AE00B
:10D09000002620460DF106016A46ADF806600096AE
:10D0A00007F103080AF072D9009D28F003084544EF
:10D0B00040F638039D4226D82DB328463146FFF767
:10D0C00031FD0446F8B13146009A05F03BDA009B89
:10D0D000A781ED1AE218C8EB050802EB0803A3606C
:10D0E0006368013D62F3140363601B0C65F34F1327
:10D0F000E380204609F0DEDC01232080A370BDF828
:10D100000630E38104E0044B00241A6801321A60FF
:10D110002046BDE8FC8100BF4C04000038B5044641
:10D12000E389590621D4A278013AD2B2A270002A2A
:10D1300027D1E27862B1134B204653F82250E98997
:10D140000AF0D4D928462146BDE8384006F0509A66
:10D15000DA0516D40C4B2046A360218809F0D4DCF4
:10D160002046BDE83840FFF765BD074B2046A36069
:10D170002188A56B09F0C8DC2046FFF75BFD2C4633
:10D18000CEE738BD50610100EFBEADDEF8B51F4EF1
:10D1900001220D463068002102F0AAFF002108227A
:10D1A0000746306802F0A4FF022D014610D107EABD
:10D1B000000414F4806406D0306821F480610022F9
:10D1C00002F096FF2C46FA041ED544F004041BE03E
:10D1D000052D10D107F40064D4F1010438BF0024F8
:10D1E000BB0511D5306841F48061002202F080FF58
:10D1F00044F0200408E035B9306829460522BDE82E
:10D20000F84002F075BF00242046F8BD000400007D
:10D2100029B9034B11461868072202F069BF70470D
:10D22000000400002DE9FF470446FFF723FF2368B1
:10D23000C462032B03D1474B18680FF0EFD9236862
:10D24000A3F110020F2A04D804B0BDE8F04709F09A
:10D25000CF9B032B0FD1404AE36C22F00102934293
:10D2600009D1626C06339361636C4FF0FF321A6030
:10D2700004B0BDE8F087656CFFF7CAFD374E636CFC
:10D28000F169C3EB000A3268354805F081D9A36C17
:10D2900021680093636C22460193A368314802938E
:10D2A000E36800270393E36C05F072D9E36904F1A6
:10D2B00010010093236A2C480193636A4FEA9A0A8B
:10D2C0000293A36AB94603930EC905F061D9A36B13
:10D2D00004F12C010093E36B24480193236CB846BE
:10D2E00002930EC905F054D9EB682148009395E8E4
:10D2F0000E0005F04DD9EB6905F1100100931D48B2
:10D300000EC905F045D918E07A59D3070FD5FF2A81
:10D310000DD9194B9A4204D902F16243B3F5801F2B
:10D3200005D81648394605F033D909F10109043703
:10D33000B9F10F0F08F1010801D8D045E4D13368E5
:10D34000002043F4806386E8180004B0BDE8F0478D
:10D3500009F0B29C00040000D1C0800070600100A0
:10D36000C63B0100DC3B0100113C0100443C0100D4
:10D37000733C0100913C0100F8370100AF3C010013
:10D38000036810B5022B044603D0084B18680BF055
:10D39000BDDE2046FFF746FF2368022B05D0034B76
:10D3A0001868BDE810400BF0F19E10BD00040000AD
:10D3B000014B1868704700BFB46001002DE9F041CF
:10D3C00004464C200E46154698460AF0D1D807462A
:10D3D000A0B100214C2205F0B5D84FF4F0637B6377
:10D3E0004FF47A73FB631C233B640C237B6404239C
:10D3F000C7F80C803E607D60BC60BB643846BDE809
:10D40000F081704710B515F04BFF15F059FF15F07E
:10D41000B3F816F005F8044615F06CF820461BF03A
:10D42000D9FCFFF787FC2046BDE8104009F0AE9A12
:10D43000002301E0013340080028FBD1C3F12000A4
:10D440007047C0177047431E23EA0000FFF7F9BF7B
:10D450004840FFF7F8BF22EA000208401043704737
:10D4600008B5FFF7F8FFC0B208BD2DE9F843DDF8B5
:10D47000208006460D4614469946002707E0E95DE0
:10D48000E25D3046FFF7ECFF08F8070001374F4533
:10D49000F5D1BDE8F8830379013BDBB2A3EB51136F
:10D4A00000EB83008068D0F1010038BF0020704796
:10D4B00010F0010130B51AD002230122591E0124B7
:10D4C0009DB214FA01F1202D02D09C40013C01E0F4
:10D4D0004FF0FF3400FB02F52C40A14234BF891805
:10D4E00011460133212B0A46E8D1084630BD0846D3
:10D4F00030BD38B5054600F51770FEF3BDF70024C2
:10D500000AE004F1760005EB8000436813B10430B3
:10D51000FFF304F70134A4B2B5F85831A342F0D8B0
:10D5200038BD2DE9F041061D9AB00446043130465D
:10D5300004321D46FEF384F60746002D30D0204607
:10D5400001210AAA202305F10408FFF3FDF647B9DB
:10D5500020462946FFF368F60028D4BF00200120AA
:10D5600000E001200021FFF773FF314605464246E7
:10D570003046FFF3FBF4012112AA20232046FFF3DB
:10D58000E3F602AEE8B20AA912AA20230096FFF73A
:10D590006CFF63682046012132469B0000F0AEDA42
:10D5A0001AB0BDE8F081F0B5071D9BB00446043108
:10D5B000384604321D46FFF3D9F4064625B320232E
:10D5C0000AAA01212046FFF3BFF630460021FFF7EB
:10D5D0003FFF2A1D064639463846FEF331F6012143
:10D5E00012AA20232046FFF3AFF602ADF0B20AA93B
:10D5F00012AA20230095FFF738FF63682046012117
:10D600002A469B0000F07ADA1BB0F0BD2DE9F0410C
:10D61000B8B0154606468846FFF3C4F66A68044665
:10D6200002329300502B4FD8D8F8043003339B00BC
:10D63000902B49D824A9FFF379F50746002844D058
:10D640006A6805F10801920026A804F0F7DED8F810
:10D650000420204669460332FFF368F5044600289B
:10D6600033D02846FFF3A2F66D686D01451B00E03C
:10D67000203515F11F0FFBDB20464146FFF306F670
:10D680003DB13846294600F079DA2046294600F0B7
:10D6900075DA201D391DFFF39FF220463946FFF34E
:10D6A000C3F5002805DB204621463A460023FFF754
:10D6B0007AFF1DB12046694200F060DA304621460B
:10D6C000FFF3E4F5012000E0002038B0BDE8F08170
:10D6D00008B528B1FFF36AF6D0F1010038BF002089
:10D6E00008BD2DE9F0410446ACB00D461646FFF3E7
:10D6F00059F66B6862682B94B2EB430F01D3201D7F
:10D7000008E001210022DB00FFF3CAF42B9000287F
:10D710004ED00430291DFFF3DBF23046FFF7D8FF6F
:10D720000121FFF795FE20230BAA01218046204608
:10D73000FFF30AF62B981BAD201A18BF0120012118
:10D74000FFF786FE2B9907462046FFF39FF5012140
:10D7500013AA20232046FFF3F7F5F8B213A90BAA6A
:10D7600020230095FFF781FE01212A462023204631
:10D77000FFF3EAF5324620462B99FFF747FF0646AE
:10D78000B8B1012123AA20232046FFF3DDF503AE23
:10D790005FFA88F023A92A4620230096FFF765FE4A
:10D7A0003246204601212023FFF3CEF5012600E07A
:10D7B00006462B9B9C4202D02BA8FFF3AFF53046C8
:10D7C0002CB0BDE8F0812DE9F74FD2F804A007791D
:10D7D0005FFA8AF991F80480144600F1080609F10D
:10D7E000FF390D4630460021BA005FFA89F9083446
:10D7F00004F0A8DE013F08F1FF3104EB890B6FEA6A
:10D800000909C9B24FEA8909FFB208354FEA880809
:10D8100005EB8105CDF80490002306EB8706C8F1DF
:10D82000000900211DE05FFA8AF84FEA88085C468B
:10D83000C8EB0608304600270DE03A46076854F862
:10D8400004C90023D2196F5843F10003E7FB0C23EE
:10D8500040F804291F464045EFD101980439335060
:10D86000043E4945DFD10020BDE8FE8F2DE9F04F91
:10D87000BDB088464699D0F80C900C1D856803947D
:10D8800000684C6808F10401049109F10401059154
:10D890000790114628461A460023FFF794FF98F890
:10D8A000042099F804302E790892002109F108002B
:10D8B0009A000835069306F1FF3A04F043DE039818
:10D8C00005EB8A0AA50040194FEAC40B0A90CBEB7E
:10D8D0000A0B5146A4460020AE462BE00B68079A7F
:10D8E0000A9F53430E4609932546002002910EE0FD
:10D8F00057F8043931680B93002342180B980999A3
:10D9000043F10003E1FB002346F80429184615F112
:10D91000FF35EDD20299A5004D1B07E01E680023DC
:10D92000821943F1000345F804291846AB452B46FC
:10D93000F4D304391CF1FF3CD0D2059A069B7546FE
:10D9400002EB8306CBF80000CEEB0A0A2246002346
:10D9500003E05AF80310F150043B013A971CF8D148
:10D960000021D9F80800FFF773FD0599039A0746CF
:10D970000498FFF3FBF202212B4640460CAAFFF36A
:10D98000E3F40498089900EB810303E056F80429B6
:10D9900043F8042914F1FF34F8D202211CAA2B46C3
:10D9A0004046FFF3D1F42CACF8B21CA90CAA2B46CC
:10D9B0000094FFF75AFD4046022122462B4600F014
:10D9C0009DD800203DB0BDE8F08F2DE9F04F044612
:10D9D0008BB0184609921F460891FFF3E3F47B6869
:10D9E00004F5AC7206929B00002200250590A4F875
:10D9F000582107932E4668E004EB8609D9F80410F5
:10DA0000002960D00698FFF3D7F0804600285AD14D
:10DA100001214246079B0598FFF342F305F1200AD6
:10DA200004EB8A0ACAF85C01D9F8040004EB850308
:10DA3000C3F85C01FFF7FCFCC0F11F00C0B204900A
:10DA40000999DAF85C01FFF321F4C146DDF810A072
:10DA500032E04FF0010B05F1200884F860B204EBCE
:10DA60008808D8F85C1104F5177C60460A460B4616
:10DA7000CDF80CC00097FFF7F9FE049ADDF80CC052
:10DA800053B2C9EB03030BFA03FB04EB86035B6899
:10DA90001BEA030F0AD0002384F86032D8F85C1127
:10DAA0006046089A0B460097FFF7E0FE0AF1FF3A3E
:10DAB0005FFA8AFA09F101091AF0800FC9D001351D
:10DAC000EDB2A4F858510136F6B294F84431B3429D
:10DAD00092D801200BB0BDE8F08F2DE9F04F8346BE
:10DAE000ADF52F7D18461C4689469246FFF35AF441
:10DAF000676801258046BE0000212422A1A804F009
:10DB000021DD2946002233464046A195FFF3C8F2A5
:10DB1000294600223346AB904046FFF3C1F2294626
:10DB200000223346AC904046FFF3BAF202217B1943
:10DB30008B40AD90A1AA4046FFF3B2F2AA90AB98F9
:10DB400000F008D8267904F10805013EF6B255F830
:10DB5000260010F0010000F093804946AA9A23465F
:10DB6000AC98FFF32DF72346AB99AA9AAD98FFF333
:10DB700027F755F82600FFF79BFC002105464FF4D8
:10DB80001E7203A804F0DEDC05236A4221469AA82F
:10DB90008DF80C30FEF37CF4514603A8FEF3DEF35F
:10DBA000234603A8AC99AD9AFFF70FFF9DF850717B
:10DBB00007F1FF381FFA88F80FFA88F3002B4FDBC4
:10DBC00003A800EB8303596859A8FEF3BBF61F288E
:10DBD00046D803A901EB8003D3F8DC11AD98FFF31D
:10DBE00055F3C8F1000800252DE0AD9901238DF80B
:10DBF0006C329AA80A460B460094FFF737FEBB1E0C
:10DC00001BB203A8EA18C3185B1993F80431314614
:10DC100001369942E9DB00EB8203596891B1002398
:10DC200059A88DF86C32FEF38DF61F2818D803A979
:10DC300001EB8003AD990094D3F8DC219AA80B4640
:10DC4000FFF714FE013D45454FF00006D7D19AA8D5
:10DC50005946AD9AAB9B8DF86C620094FFF706FEB7
:10DC600003A8FFF746FCACA8FFF358F3ADA8FFF3F9
:10DC700055F3ABA8FFF352F3AAA8FFF34FF301202B
:10DC80000DF52F7DBDE8F08F2DE9F04FB3B0039077
:10DC900018461C468A469346FFF384F3D4F8049052
:10DCA000012509F10107BF0080464FEA89060021DE
:10DCB0003A4605A804F046DC294600223346404691
:10DCC0000595FFF3EDF12946002233462E9040469C
:10DCD000FFF3E6F12946002233462F904046FFF33A
:10DCE000DFF129460022334630904046FFF3D8F159
:10DCF00002213B46319005AA4046FFF3D1F12D9019
:10DD00002E98FFF327F7267904F10805013EF6B2B5
:10DD100055F82600DAF8047010F0010000F08B804E
:10DD200051462D9A23462F98FFF34AF62E992D9AA5
:10DD300023463098FFF344F655F82600FFF7B8FB6A
:10DD40007F014242214626A8FEF3A2F3013F01E0F3
:10DD5000A6F12007BEB258463146FFF79CFB0028CB
:10DD6000F6D109F1FF393FB20BF1080AA9EB6717A9
:10DD70005AF82700FFF75CFB361A3BE03099012583
:10DD80000A460B4626A88DF89C500094FFF76EFDBE
:10DD9000294616AA20233098FFF3D6F230994FF087
:10DDA00000080B462F9A26A88DF89C800094FFF758
:10DDB0005DFD1EAA294620233098FFF3C5F206F028
:10DDC0001F0015FA00F0A9EB67175AF827304146F3
:10DDD0001840FFF73DFB0EAFC0B216A91EAA2023C4
:10DDE0000097FFF742FB309829463A462023FFF37D
:10DDF00085F6013EB6B237B2002FBFDA0023039991
:10DE0000309A8DF89C3026A82E9B0094FFF72EFDAB
:10DE100026A8FEF331F32FA8FFF380F230A8FFF31A
:10DE20007DF22EA8FFF37AF22DA8FFF377F231A846
:10DE3000FFF374F2012033B0BDE8F08F2DE9F04F0D
:10DE4000BFB0039018461D4689469246FFF3AAF2DA
:10DE50006E6802230124B60000278DF8F7300A23EC
:10DE60003C9321463A463346804637973B978DF898
:10DE7000F640FFF315F121462D903A4633464046D1
:10DE8000FFF30EF121462E903A4633464046FFF30B
:10DE900007F102212F903A4633464046FFF300F146
:10DEA000214630903A4633464046FFF3F9F021468A
:10DEB00031903A4633464046FFF3F2F02146329025
:10DEC0003A4633464046FFF3EBF0214633903A465C
:10DED00033464046FFF3E4F0214634900DF1F6025C
:10DEE00023463398FFF30AF621460DF1F702234645
:10DEF0003498FFF303F621463A4633464046FFF393
:10DF0000CFF0214635903A4633464046FFF3C8F0FD
:10DF1000214636903A4633464046FFF3C1F021464B
:10DF200038903A4633464046FFF3BAF021463990DE
:10DF30003A4633464046FFF3B3F021463A903CAAB6
:10DF400023463098FFF3DAF530982B4602462946EF
:10DF5000FFF729FB03992A462D98FFF7C2FB2B46B2
:10DF600030992D9A2E98FFF32BF52E992A462F984B
:10DF7000FFF7B7FB2E982F9A01462B46FFF7D1FAF1
:10DF80002E98FFF7A5FB2146FFF762FA2946844643
:10DF9000349A2F982B46CDF808C0FFF704FB2E9932
:10DFA0002F9A2B463198FFF76FFE4A462B46309941
:10DFB0002E98FFF305F52E9829460246FFF374F2DA
:10DFC00051462E9A2B463598FFF3FAF452462B46CB
:10DFD0002E982946FFF7E7FA484629462F9AFFF37D
:10DFE00063F22E982F9A01462B46FFF3E9F42F98FF
:10DFF0003399319A2B46FFF794FA2E992F9A2B4694
:10E000003698FFF3DDF4202321461DAA3598FFF34F
:10E010009BF12023214625AA3698FFF395F1DDF8E0
:10E0200008C00DF1540B5FFA8CF01DA925AA3346E8
:10E03000CDF800B0FFF719FA334621465A4640465C
:10E04000FFF32EF02A46014637902E98FFF749FB42
:10E050002E98379A01462B46FFF3B2F44946379A79
:10E060002B462F98FFF3ACF42E982F9A01462B469F
:10E07000FFF757FA524639982E992B46FFF751FA77
:10E0800030992D9A2B462E98FFF39AF42B462E9911
:10E09000379A3898FFF394F438992A462E98FFF768
:10E0A00020FB2E98389A01462B46FFF389F4494607
:10E0B000389A2B462F98FFF383F42E982F9A014617
:10E0C0002B46FFF72EFA52463A982E992B46FFF729
:10E0D00028FA339A2B462E982946FFF764FA2E9891
:10E0E0002146FFF34BF52E982B4602463999FFF750
:10E0F000CBFD2E98FFF7ECFA214681462E98FFF3D0
:10E10000AFF2214640EA0900FFF7A2F92146814615
:10E110001DAA20233998FFF317F15FFA89F920230C
:10E12000214625AA3A98FFF30FF148461DA925AAD2
:10E130003346CDF800B0FFF798F921465A463346EA
:10E140004046FEF3ADF720233B9021461DAA3798A9
:10E15000FFF3FAF02023214625AA3898FFF3F4F0C4
:10E160000DF1140A48461DA925AA3346CDF800A092
:10E17000FFF77BF92023284621461DAAFFF3E4F090
:10E1800006F1FF393EAB994419F8843C03F00303D0
:10E19000032B03D0444804F0FBD954E03A464046F0
:10E1A00021463346FEF37CF73B4680462946339AA8
:10E1B0002E98FFF7B6F92E980221FFF3DFF42B46D5
:10E1C0003B992E9A4046FFF75FFD21461DAA20236A
:10E1D0000398FFF3B9F025AA202321464046FFF318
:10E1E000B3F019F8840C19F8641C00F0010001F078
:10E1F0000101FFF72DF929462B46074642462E9886
:10E20000FFF7D1F921461DAA20234046FFF39CF0D9
:10E21000214625AA20232E98FFF396F00AEB060547
:10E22000F8B21DA925AA33460095FFF71EF921462D
:10E23000524633464898FFF361F4499821462A46EE
:10E240003346FFF35BF42DA8FFF368F02EA8FFF32D
:10E2500065F02FA8FFF362F031A8FFF35FF030A85C
:10E26000FFF35CF032A8FFF359F033A8FFF356F048
:10E2700034A8FFF353F035A8FFF350F036A8FFF3AE
:10E280004DF037A8FFF34AF03BA8FFF347F038A85A
:10E29000FFF344F039A8FFF341F03AA8FFF33EF052
:10E2A00000203FB0BDE8F08FE93C01000048704716
:10E2B000883D010000487047103D0100004870474C
:10E2C0004C3D010000487047C43D0100012801D1C8
:10E2D000FFF7F0BF022801D1FFF7F0BF032801D1FB
:10E2E000FFF7F0BF042801D1FFF7E0BF002070471F
:10E2F00000487047DC60010000487047305D010055
:10E30000014B43F82010704750610100034B53F854
:10E310002000431A584240EB03007047506101004F
:10E3200042893C2928BF3C21034691422CBF084624
:10E33000104698817047000000F13402342A08B575
:10E34000034606D905482021054A04F061D903484F
:10E3500008BD044A434252F8230008BD3061010061
:10E360007F3E01000CA2880038B5049C1D467CB19C
:10E37000FF2B0DD002B95BB96B1C2070A1706370CC
:10E3800025B11146E01C2A4604F058D8033564191B
:10E39000204638BDC0F3804070470000044B00F4B5
:10E3A0004032134303420CBF00200120704700BFDE
:10E3B000D091540038B50546FFF7F0FF38B10B4B4C
:10E3C0002B4033B915F4900418BF182402E004461A
:10E3D00000E01024284605F0BDDF20B1034B2B40A0
:10E3E000002B18BF1024204638BD00BFC4D1040044
:10E3F00000487047685D010000487047785201008E
:10E400000020704708B5FFF7F3FF41780278012339
:10E4100013FA01F113FA02F20A4381788B4042EABF
:10E42000030008BD2DE9F7434FF0000804460F46EE
:10E43000164699464546012303FA08F313EA090FE5
:10E440002BD063692046222B0ADDE3695A0607D5E3
:10E4500040F6270100220EF0AFDA0146204600E028
:10E4600000214FF4C4620EF047D9C0F80080636900
:10E470002046222B0ADDE3695B0607D540F627011B
:10E4800000220EF099DA0146204600E0002140F219
:10E4900024620EF031D903681D4308F10108B8F178
:10E4A0001F0FC8D19DF828304BB145B1012300930F
:10E4B00020462B4639463246FFF7B4FF054328462F
:10E4C000BDE8FE83816838B540F63C0399420446B6
:10E4D00028D1C3680B2B03D84FF0A871994001D401
:10E4E0000C2B1FD949F218239A4205D049F6404314
:10E4F0009A4217D10C4D00E00C4D63692046222B47
:10E500000ADDE369590607D540F6270100220EF01F
:10E5100053DA0146204600E0002140F2DC620EF0B2
:10E52000EBD8056038BD00BF99010100B6010100BC
:10E5300038B543690446222B0ADDC3695D0607D559
:10E5400040F6270100220EF037DA0146204601E0AE
:10E55000204600214FF4C0620EF0CED80568204658
:10E5600005F07C05AD08FFF747FF03E08378AB4279
:10E5700007D00C3010B10388002BF7D12046FFF7ED
:10E580003FFF03884FF47A70584338BD70B5044696
:10E5900016460D460AF0B0DD94F86023094B0028BA
:10E5A00018BF0123012A94F8682308BFD4F85C330C
:10E5B000012A0CBFD4F864236FF000422B60326054
:10E5C00070BD00BF0100820E2DE9FF471D46436963
:10E5D00090460022222B044689460292039209DDCE
:10E5E000C3695F0606D540F627010EF0E5D901465E
:10E5F000204601E0204600214FF4C4620EF07CD892
:10E600000560236A20460C2B636916DD222B0ADD88
:10E61000E3695E0607D540F6270100220EF0CCD94B
:10E620000146204600E000214FF4C5620EF064D898
:10E6300007683F0CBF05BF0D14E0222B0ADDE3691C
:10E64000590607D540F6270100220EF0B5D901463C
:10E65000204600E000214FF4C5620EF04DD8076857
:10E660003F0AFFB20123AB400026204649464246FE
:10E670000096FFF7D7FE0546012212FA06F32B4259
:10E6800007D00092204649464246FFF7CBFE25EAD6
:10E69000000501361F2EEFD1204602A903AAFFF77D
:10E6A00075FF029B002625EA030A35460123AB408D
:10E6B00013EA0A0F08D0204649464246EBB2FFF75C
:10E6C00083FF864238BF064601351F2DEED1B81CA8
:10E6D000801904B0BDE8F0872DE9F041069E04469C
:10E6E00015461F46FFF78EFE002870D010EA060878
:10E6F00000EA07072CD063692046222B0ADDE36974
:10E700005A0607D540F6270100220EF055D90146DA
:10E71000204600E0002140F21C620DF0EDDF63694D
:10E720000646222B20460ADDE3695B0607D540F644
:10E73000270100220EF040D90146204600E00021CA
:10E7400040F21C620DF0D8DF036843EA080333602F
:10E75000002F2BD063692046222B0ADDE3695E0679
:10E7600007D540F6270100220EF026D901462046A3
:10E7700000E000214FF4C3620DF0BEDF636906467E
:10E78000222B20460ADDE369590607D540F627010A
:10E7900000220EF011D90146204600E000214FF47E
:10E7A000C3620DF0A9DF03681F433760079B9A031C
:10E7B00005D4BDE8F0810A2008F0C8DB01E040F292
:10E7C000DD54D5F8E0319B0301D4013CF3D1BDE821
:10E7D000F081F7B51E4643690446222B0F461546C5
:10E7E0000BDDC3695A0608D540F6270100220EF05A
:10E7F000E3D800970146204602E00097204600211A
:10E800004FF0FF334FF4CA620EF026DC6369222B0F
:10E810000CDDE3695B0609D540F62701204600229E
:10E820000EF0CAD800960146204602E00096204627
:10E83000002140F254622B460EF00EDCFEBDF7B50F
:10E840001E4643690446222B0F4615460BDDC3695D
:10E850005B0608D540F6270100220EF0ADD80097E0
:10E860000146204602E00097204600214FF0FF338A
:10E870004FF4CB620EF0F0DB6369222B0CDDE36911
:10E88000590609D540F62701204600220EF094D8FB
:10E8900000960146204602E000962046002140F204
:10E8A0005C622B460EF0D8DBFEBDF7B51E46436911
:10E8B0000446222B0F4615460BDDC369590608D5C1
:10E8C00040F6270100220EF077D800970146204637
:10E8D00002E00097204600214FF0FF334FF4CC6256
:10E8E0000EF0BADB6369222B0CDDE3695A0609D509
:10E8F00040F62701204600220EF05ED80096014621
:10E90000204602E000962046002140F264622B4639
:10E910000EF0A2DBFEBD436913B5222B04460DDDCC
:10E92000C3695B060AD540F6270100220EF044D8E1
:10E930004FF4806301460093204604E04FF4806367
:10E940000093204600214FF4C0620EF085DB1CBD11
:10E950002DE9F04F013AD2B2082A85B004469A4612
:10E9600015D8374B9E5C374B9F5C374B13F80290A2
:10E97000364B9B5C0393364B13F802B0354B9B5CD4
:10E980000293354B13F80280344B9D5C07E0002561
:10E99000A8460295AB460395A9462F462E466369C5
:10E9A000222B0DDDE3695B060AD540F627012046E0
:10E9B00000220EF001D8CDF800900146204603E079
:10E9C000CDF80090204600214FF0FF334FF4CB628A
:10E9D0000EF042DB6369222B0FDDE36958060CD58C
:10E9E00040F62701204600220DF0E6DF07EA0A0381
:10E9F000B34001460093204605E007EA0A03B3400E
:10EA000020460093002117FA06F340F25C620EF0F4
:10EA100023DB039B83B148FA0BF208EA0A0848FAA1
:10EA20000BFB2046029C2946A2400BFA04F305B0DA
:10EA3000BDE8F04FFFF703BF05B0BDE8F08F00BFA2
:10EA40005C510100655101006E51010077510100D8
:10EA500080510100EC530100F85101000152010006
:10EA60002DE9F843044689460DF040DE00210646B4
:10EA700020460EF0EBDB80462046FFF7B9FC074648
:10EA800020460EF055DA4946054642463B78204678
:10EA9000FFF79AFD0B2302305843074B3146EB1822
:10EAA000B3FBF5F5454320460EF0D0DB0A23B5FB5A
:10EAB000F3F5A8B2BDE8F8833F420F0038B54369CB
:10EAC0000446222B0ADDC3695D0607D540F62701FF
:10EAD00000220DF071DF0146204601E020460021B2
:10EAE00040F214620DF008DE63690568222B2046AF
:10EAF0000ADDE369590607D540F6270100220DF02B
:10EB00005BDF0146204600E0002140F214620DF078
:10EB1000F3DD03689D4214D063692046222B0ADD91
:10EB2000E3695A0607D540F6270100220DF044DFBD
:10EB30000146204600E0002140F214620DF0DCDDC9
:10EB40000568284638BD38B51C461D68FFF7B6FF76
:10EB500003462360401B38BD2DE9F74300250446DA
:10EB60000F46164698469DF828900195FFF7A6FF98
:10EB7000019063692046222B0ADDE3695B0607D515
:10EB800040F6270100220DF017DF0146204600E085
:10EB900000214FF4C2620DF0AFDDB9F1010F006842
:10EBA00001D108B90EE050B9B8EB451F09D920468C
:10EBB0003946324601ABFFF7C6FF2D18D9E70020D2
:10EBC00000E001200B9B6D011D60BDE8FE832DE977
:10EBD000F04F002685B0804689469246039601256F
:10EBE00003AF40464946524643F6982300950197A5
:10EBF000FFF7B2FF044688B98DE881004023404604
:10EC000049465246DDF80CB0FFF7A6FF039B38B922
:10EC10009B445E4443F697239E42E0D9284600E099
:10EC2000204605B0BDE8F08F2DE9F84399464369C9
:10EC30000446222B0E461546DDF82080099F0ADD8A
:10EC4000C3695A0607D540F6270100220DF0B4DE4D
:10EC50000146204601E0204600214FF4C3620DF03A
:10EC60004BDD03682046C9F800306369222B0ADDBA
:10EC7000E3695B0607D540F6270100220DF09CDE14
:10EC80000146204600E0002140F21C620DF034DD18
:10EC900003682046C8F80030D5F8E0313B60FFF744
:10ECA000B1FB0746002872D0D5F8E031990304D4AF
:10ECB000204631462A46FFF78AFF63692046222B09
:10ECC0000ADDE3695A0607D540F6270100220DF058
:10ECD00073DE0146204600E000214FF4C3620DF0D0
:10ECE0000BDD63690646222B20460ADDE3695B06DD
:10ECF00007D540F6270100220DF05EDE01462046D2
:10ED000000E000214FF4C3620DF0F6DC0368FF431E
:10ED10003B40336063692046222B0ADDE3695E06CF
:10ED200007D540F6270100220DF046DE01462046B9
:10ED300000E0002140F21C620DF0DEDC6369064653
:10ED4000222B20460ADDE369590607D540F6270144
:10ED500000220DF031DE0146204600E0002140F2A5
:10ED60001C620DF0C9DC036840F2DD541F403760BF
:10ED700002E00A2008F0EAD8D5F8E0319A0301D57C
:10ED8000013CF6D16420BDE8F84308F0DF98BDE807
:10ED9000F88337B5044601AB4FF400616A460EF0C4
:10EDA00063DA63692046222B0ADDE3695D0607D535
:10EDB00040F6270100220DF0FFDD0146204600E06D
:10EDC00000214FF4CE620DF097DC056815F000537A
:10EDD00016D063692046222B0ADDE369590607D560
:10EDE00040F6270100220DF0E7DD0146204600E055
:10EDF00000214FF4CE620DF07FDC0560012500E0BC
:10EE00001D4620469DE806000EF04CD928463EBD22
:10EE100070B504460E460DF069DC0021054620461B
:10EE20000EF014DA314602462046FFF781FB2946F0
:10EE3000064620460EF00ADA304670BD014B1860D7
:10EE4000704700BF94610100F8B5484F04463A6826
:10EE5000002A40F089804369222B09DDC3695B06E3
:10EE600006D540F627010DF0A7DD0146204601E05A
:10EE70002046002140F214620DF03EDC6369056813
:10EE8000222B20460ADDE3695E0607D540F62701FE
:10EE900000220DF091DD0146204600E0002140F205
:10EEA00014620DF029DC03689D4214D0636920468A
:10EEB000222B0ADDE369590607D540F62701002217
:10EEC0000DF07ADD0146204600E0002140F2146298
:10EED0000DF012DC056842F2107008F037D8636953
:10EEE0002046222B0ADDE3695A0607D540F62701A2
:10EEF00000220DF061DD0146204600E0002140F2D5
:10EF000014620DF0F9DB63690668222B20460ADDE6
:10EF1000E3695B0607D540F6270100220DF04CDDC2
:10EF20000146204600E0002140F214620DF0E4DBCF
:10EF300003689E4214D063692046222B0ADDE369F0
:10EF40005E0607D540F6270100220DF035DD0146AB
:10EF5000204600E0002140F214620DF0CDDB06688F
:10EF6000751B642675433D603868F8BD94610100E7
:10EF70002DE9F74F0446884691461F460DF0E8DF1D
:10EF80008346002840F0D98020460DF0AFDB59467B
:10EF9000824620460EF05AD9636905462D2B0CD1C6
:10EFA000D0F8F430B9F1000F02D023F0007301E083
:10EFB00043F00073C5F8F430B8E02046FFF718FAC4
:10EFC000C37801269E4000F0B180B9F1000F5ED0F9
:10EFD00063692046222B0ADDE369590607D540F60E
:10EFE00027015A460DF0E8DC0146204600E00021EA
:10EFF0004FF4C3620DF080DB036841463B6043EA97
:10F0000006070123009320463B462A46FFF70AFAEB
:10F0100063690743222B20460ADDE3695A0607D5B8
:10F0200040F6270100220DF0C7DC0146204600E033
:10F0300000214FF4C3620DF05FDB414607602A46B2
:10F040002046FFF7C4FD4FF47A7007F07FDF40F2EF
:10F05000DD5702E00A2007F079DF63692046222BA2
:10F060000ADDE3695B0607D540F6270100220DF0B3
:10F07000A3DC0146204600E0002140F20C620DF0C6
:10F080003BDB0368334242D1013FE3D13FE03A68C2
:10F090009AB963692046222B09DDE3695F0606D52C
:10F0A00040F627010DF088DC0146204600E00021F3
:10F0B0004FF4C3620DF020DB026822EA0607012349
:10F0C000009320463B4641462A46FFF7ABF9636969
:10F0D000074337420CBF00260126222B20460ADDBB
:10F0E000E369590607D540F6270100220DF064DCDC
:10F0F0000146204600E000214FF4C3620DF0FCDA27
:10F10000414607602A462046FFF761FD00E00126E0
:10F1100040F22D1702E00A2007F018DF2B6903F4F4
:10F120008053B3EB063F01D0013FF4D12046514656
:10F1300003B0BDE8F04F0EF0899803B0BDE8F08F42
:10F14000F0B589B004460D4606AA07AB4FF400613E
:10F150000EF08AD829462046FFF75AFE4FF47A76F9
:10F160000022B0FBF6F6134602212046FFF79DFB76
:10F1700000220746134600F00F0503212046FFF743
:10F1800094FB4FF680733B40DF094FF4000320F0FF
:10F190007F42009303A804A9334603F09DDE05A82F
:10F1A0000399049A1823774303F0DADE05B92D603A
:10F1B000059A4FF4006300934FF4805303A804A909
:10F1C000BA1893FBF5F303F087DE02A80399049ABB
:10F1D0000C2303F0C5DE20460699079A0DF062DF86
:10F1E000029809B0F0BD10B504460DF0E7DE014607
:10F1F0002046BDE81040FFF7A3BF70B50446164691
:10F20000FFF7F1FF63690546222B20460ADDE3691B
:10F210005B0607D540F6270100220DF0CDDB014645
:10F22000204600E000214FF4CC620DF065DA0423A3
:10F230000360D6F864364FF47A70DBB2B5FBF3F5B1
:10F24000684370BD70B504460E460DF04FDA0021DC
:10F25000054620460DF0FADF314602462046FFF70C
:10F26000CCFF2946064620460DF0F0DF304670BD43
:10F27000FFF7E8BF37B50446FFF7B5FF4FF400616D
:10F280006A4601AB054620460DF0EEDF002213462C
:10F2900020460421FFF709FB00F47F40030A00B970
:10F2A0001B60B5FBF3F520469DE806000DF0FADE85
:10F2B00028463EBD70B504460E460DF017DA002113
:10F2C000054620460DF0C2DF314602462046FFF7D4
:10F2D0007EFC2046FFF78CF863690646222B204609
:10F2E0000ADDE3695A0607D540F6270100220DF032
:10F2F00063DB0146204600E0002140F20C620DF085
:10F30000FBD9F378012111FA03F3026829461A4266
:10F310000CBF0026012620460DF098DF304670BD58
:10F3200070472DE9FF47836E002204460D46029286
:10F33000039263B1D0F8CC1000EB8101D1F8D40076
:10F34000216E884205D1606E9847814602E0994659
:10F3500000E0914620460DF0C9D9002182462046A2
:10F360000DF074DF02A9804603AA2046FFF70EF9CC
:10F37000029F00260396F7B13B46204629464246A7
:10F380000096FFF74FF863693843222B029020461E
:10F390000ADDE369590607D540F6270132460DF02C
:10F3A0000BDB0146204600E000214FF4C3620DF064
:10F3B000A3D9029B0360039EFEB10027334620467B
:10F3C000294642460097FFF72DF863693043222B08
:10F3D000039020460ADDE3695A0607D540F6270167
:10F3E0003A460DF0E9DA0146204600E0002140F2FD
:10F3F0001C620DF081D9039B0360294642462046DA
:10F40000FFF7E5FB204651460DF020DFE36E5BB1D0
:10F41000D4F8CC2004EB8202D2F8D410226E9142B0
:10F4200002D1606E49469847BDE8FF8710B50022BB
:10F430000C4608F0B1D8A0B90A4B1B688BB11A78FA
:10F440007AB1DA8994420CD8184604F0E1D820B198
:10F45000054B1A6801321A6010BD044B1A6801325C
:10F460001A6010BD44040000986101009C61010015
:10F47000037E2BB14069D0F1010038BF00207047F6
:10F4800001207047014B03EBC0007047A0610100F1
:10F49000014B03EBC0007047C061010070B50C4622
:10F4A000164609F0B3DD80B100252846FFF7F0FFCE
:10F4B00003681BB980E85000184670BD0135EDB2F5
:10F4C000042DF2D14FF0FF3070BD4FF0FF3070BD12
:10F4D0006FF01600704770477047000003682DE911
:10F4E000F041C0F8203143680022C0F8243183681D
:10F4F000C0F82831C368C0F82C310369C0F8303136
:10F500004369C0F834318369C0F83831C369C0F841
:10F510003C3100F59073534E1C69DF699559D3F85F
:10F5200014C07D194FEAB41787EAF42787EA746795
:10F53000ED199F6927EA040704EA0C047C402C19A2
:10F540008D1811F802C0EF78043247EA0C6795F87D
:10F5500001C0AD7847EA0C4747EA05256419DD612B
:10F56000DD68402A2544DD6093E8A01087EA0C0896
:10F5700008EA05080CEA070C88EA0C074FEAB50C04
:10F580008CEA753C8CEAB5553D442C4443F8044D57
:10F59000C1D100F1E00306F13C0500F120071A6932
:10F5A00055F8044FD9695E6961184FEAB21484EACC
:10F5B000F22484EA726409199C69D3F85CC024EAD5
:10F5C0000204324062409E6B5C6A66444FEA744CAF
:10F5D0008A188CEAF44C996D8CEA942434194FEA19
:10F5E000F11686EAB14686EAD10161185218D9614E
:10F5F000D9688918D96093E8520084EA060C0CEAAD
:10F60000010C26408CEA06044FEAB10686EA713600
:10F6100086EAB1516118891843F8041DBB42BED176
:10F62000036842685918436A0160D31843608268CE
:10F63000836AD3188360C268C36AD318C36002693F
:10F64000036BD31803614269436BD318436182692A
:10F65000836BD3188361C269C36BD318C361BDE8E0
:10F66000F08100BFC0540100F0B5034696100F466C
:10F67000002510E057F8044B01354FEA146C83F86D
:10F6800000C04FEA144C83F801C04FEA142C83F8F1
:10F6900002C0DC700433B542ECDB26EAE67312F0FC
:10F6A000030200EB83000AD051F823401821002305
:10F6B00034FA01F5C554013308399342F8DBF0BD43
:10F6C0000048704764540100D0F8B43170B5D318C5
:10F6D000934204460E461546C0F8B43104D2D0F821
:10F6E000B0310133C0F8B031D4F8AC21AB183F2BA6
:10F6F0000AD8A21802F5B67031462A4602F09EDEFC
:10F70000D4F8AC315D1925E0E2B1A0183146C2F160
:10F71000400200F5B67002F091DED4F8B831201D39
:10F7200004F5B6719847D4F8AC31C3F14002403BC0
:10F73000B6185D1906E03146D4F8B831201D984757
:10F740004036403D3F2DF6DC04F5B67031462A4682
:10F7500002F074DEC4F8AC5170BD0000012910B590
:10F76000044640F8041B05D10A4B0B49C4F8B831D4
:10F77000142204E0094B0A49C4F8B831202202F0EF
:10F780005DDE0020C4F8AC01C4F8B001C4F8B401D7
:10F7900010BD00BF0D430000C055010045400000F2
:10F7A000A0540100F8B5044600F5AA760D4600F510
:10F7B0008A7721463046142202F040DE30696649DD
:10F7C000726841183068331F01EBF061F06820EA7D
:10F7D000020CB06810408CEA0000091846F8041CBE
:10F7E000687895F800C0000440EA0C6095F803C002
:10F7F0004FEAB20240EA0C0095F802C0043540EA34
:10F800000C2041189F42306146F8041C72601E466D
:10F81000D4D304F5827530694F497268411853F8A2
:10F820000409F76801EBF061B06827EA02071040AD
:10F8300078400918376BF0694FEAB2027840B76C2C
:10F8400072607840376D78404FEAF0703061081888
:10F8500046F8040C043EAB42DDD804F1B4061A4667
:10F8600015693E495068691853F80459D76801EB87
:10F87000F561956845407D404919176BD5694FEA98
:10F88000B0007D40976C50607D40176D7D404FEA21
:10F89000F57515614D1942F8045C043AB342DFD89E
:10F8A00004F1640C1A4615692D49101D691853F8A6
:10F8B0000459C1C801EBF56186EA070505403740E8
:10F8C00085EA07068919D569166B4FEAB0007540BD
:10F8D000966C50607540166D75404FEAF575156170
:10F8E0004D1942F8045C043A6345DCD804F114066F
:10F8F0001D691C49586869181D68DF6801EBF561CE
:10F900009D681A4645407D4049191F6BDD694FEAE5
:10F91000B0007D409F6C58607D401F6D7D404FEA78
:10F92000F57549191D6143F8041C043B9E42DFD361
:10F9300023685918216013686168CB1863605368A5
:10F94000A168CB18A360E1689368CB18E3602169D4
:10F95000D368CB182361F8BD9979825AA1EBD96E8F
:10F96000DCBC1B8FD6C162CA30B5034685B00C46DD
:10F9700015466846194607F0B3DE20466946102D45
:10F98000B4BF2A46102202F059DD05B030BD07F0A1
:10F99000039F08B507F0ECDE002008BD38B504462B
:10F9A0000D46FFF78DFE0346E4B10022226062603F
:10F9B0000122AA4001680A420AD100F114014069FB
:10F9C000024204D103F128019B6A1A420DD00B4672
:10F9D00004F1100063602560A0609B682946984789
:10F9E000002038BD6FF0010038BD6FF0160038BD43
:10F9F00008B5436813B1DB688068984708BD08B54F
:10FA0000436813B11B698068984708BD0138062810
:10FA10009ABF024B18560020704700BFD455010012
:10FA2000F8B5044600680E461546FFF7EFFF0028BC
:10FA30004AD0D4F8AC218021A31883F86C11531C50
:10FA4000A842B8BF0546382BC4F8AC3111D9A0186C
:10FA500000F5B6700021C2F13F02013002F072DD04
:10FA6000D4F8B831201D04F5B67198470023C4F8C6
:10FA7000AC31D4F8AC210021A01800F5B670C2F169
:10FA8000380202F05FDDD4F8B021D4F8B431D200EE
:10FA900042EA5372DB00C4F8B021C4F8B431082242
:10FAA00004F5D27004F5D871271DFFF7DDFD384647
:10FAB00004F5B671D4F8B8319847304639462A462D
:10FAC000BDE8F840FFF7D0BDF8BD07280AD84FF0D1
:10FAD000C243834004D44FF0F053834004D401E088
:10FAE0004020704700207047802070472DE9F04784
:10FAF0000C46B0B090469A460746002846D00846C5
:10FB0000FFF784FF81462046FFF7DFFF504506469A
:10FB100007F1800513DA21462846FFF73FFF4146EB
:10FB200052462846FFF764FF284620A94A46FFF7B9
:10FB300066FF4E45B4BFB246CA460DF180080023A9
:10FB400009E018F8032082F0360182F05C020DF81B
:10FB50000310FA5401335345F3DB2AEAEA7A07E04B
:10FB600036230DF80A305C2307F80A300AF1010A3F
:10FB7000B245F5DB21462846FFF710FF044638B9A9
:10FB8000284669463246FFF733FF01E06FF0010473
:10FB9000204630B0BDE8F08710B18030FFF728BFB5
:10FBA00070472DE9F843DDF8208004461546994654
:10FBB00061B10E46002707E032881AB1204671680D
:10FBC000FFF7EAFF01370836AF42F5DBB9F1000F66
:10FBD00009D0B8F1000F06D0204649464246BDE89C
:10FBE000F843FFF7D9BFBDE8F8832DE9F0478A460F
:10FBF00090B09046064600282BD0D0F8807000F1D7
:10FC000080043846FFF761FF81463846FFF7FEFE65
:10FC100005462A4620466946FFF7F1FE394620464A
:10FC2000FFF7BCFE204631464A46FFF7E1FE20467C
:10FC300069462A46FFF7DCFE204669462A46FFF75A
:10FC4000DEFE504669464545B4BF2A46424602F0AC
:10FC5000F5DB10B0BDE8F087F0B51446ADF5337DA7
:10FC600007460E461D4602A8234639463246FFF790
:10FC70003DFF044660B9BA9B02A800932946B89A92
:10FC8000B99BFFF78EFF02A8BB99BC9AFFF7ADFFA7
:10FC900020460DF5337DF0BD2DE9F04F93B01E9F4A
:10FCA00081468B4692461C461F9D002F68D0002D32
:10FCB00068D02BB1184602F0F1DC00F1010800E039
:10FCC00098464846FFF7A2FE064600285CD0431E31
:10FCD000EB1893FBF0F3FF2B079355DC4FF6FF7304
:10FCE000984551DC1D9A9A424EDC2B4BADF83420DE
:10FCF000002C08BF1C461C9B01220E9312AB03F87C
:10FD0000012D1093032300930023ADF82400ADF8D8
:10FD10003C2001930293A842D4BF04900495594615
:10FD2000484652460BAB0C940A97ADF82C800397CB
:10FD3000FFF792FF044600282AD14FF0020819E08D
:10FD4000AD1B002D0A9723DD0423009300230193AC
:10FD50000293BF1948465946524609AB8DF8478071
:10FD60000397B542D4BF04950496FFF775FF08F1D9
:10FD7000010860B9079A08F1FF339342E0DD07E01C
:10FD80003C4605E02C4603E06FF0160400E0044614
:10FD9000204613B0BDE8F08F05EA89000B4B10B583
:10FDA0001A681C46904204D15A68914201D1184603
:10FDB00010BD6369054A984206D1906914328142A8
:10FDC0000CBF1046002010BD002010BD6C5D01006E
:10FDD00073B504460CF0F6DE14237422204640F678
:10FDE0000C410CF04FDE2046012104220DF030D8EA
:10FDF0002046022104220DF02BD8012500212046A7
:10FE000040F61C624FF0FF3300950CF0A7DE112383
:10FE100000930021204640F618624FF0FF330CF0AB
:10FE20009DDE41F2021300930021204640F6444239
:10FE30004FF0FF330CF092DEF32320464FF45E6167
:10FE40004FF0FF320CF01EDE0023204640F6F85142
:10FE50004FF0FF320CF016DE0023204640F6E4514E
:10FE60004FF0FF320CF00EDE0823204640F6EC5136
:10FE70004FF0FF320CF006DE0023204640F6E8513A
:10FE80004FF0FF320CF0FEDDDB2320464FF45D61C6
:10FE90004FF0FF320CF0F6DD0C220023204640F636
:10FEA00054410CF0EFDD284B00210093204640F632
:10FEB000BC524FF0FF330CF051DE244B2946009327
:10FEC000204640F6BC524FF0FF330CF047DE204B8B
:10FED00002210093204640F6BC524FF0FF330CF055
:10FEE0003DDE2A462B46204640F624610CF0CADD52
:10FEF00040F6FF7300930021164E204640F6B452A0
:10FF00004FF0FF330CF02ADE0021204640F6B852B5
:10FF10004FF0FF3300960CF021DE4BF69823009350
:10FF20002946204640F6B8524FF0FF330CF016DE5B
:10FF300020464FF45C614FF0FF32334602B0BDE81B
:10FF400070400CF09F9D00BF10111213141516176E
:10FF500018191A1B1032547613B50C4602B949B160
:10FF6000084913B10B681C4003E00B681C4324EAEA
:10FF70000304224000920021702223460CF0BADBD9
:10FF80001CBD00BFA404000013B5144642690A2A30
:10FF90000FDD29B1012905D002290AD1842202E00E
:10FFA000782200E07C220093002123460CF0A2DBA3
:10FFB00001E04FF0FF301CBD2DE9F04104460CF08C
:10FFC0007BDF00210A460B4607462046FFF7C4FFA9
:10FFD00000210A460B4606462046FFF7D5FF0022C1
:10FFE0000546022120461346FFF7CEFFD4F878805D
:10FFF00015E0D8F8083083B198F80420002AD8F822
:020000041001E9
:100000000C200CBF2846384600EA020012D03240CD
:10001000904202D0D8F800109847D8F81080B8F174
:10002000000FE6D1204641462A462B46BDE8F04166
:10003000FFF7AABF0028EDD1EFE74FF480307047FB
:1000400038B500251D70D1F8CC304FF40061136035
:100050002A4604460DF0ECD8054638B1D0F8E03118
:10006000DA0103D4204601210DF0BCDC284638BD5E
:1000700073B504460DF02AD818B920460DF0D2D831
:1000800060B3204621466A460DF10703FFF7D8FF0B
:100090000646C0B140F22D1502E00A2006F056DFF8
:1000A000D6F8D431180706D4013DF6D103E00A2072
:1000B00006F04CDF01E040F22D15D6F8D431590797
:1000C00001D5013DF3D1204600210DF08BDC9DF8D8
:1000D00007301BB9204600990DF0B8D87CBD10B58B
:1000E000044607F0CDD82046FFF7C2FF012010BD1F
:1000F000F0B585B004460D4617460DF093D800289C
:1001000000F09480A66E6EB1D4F8CC3004EB83037B
:10011000D3F8D420236E9A4203D1606EB0470646CE
:1001200000E000262046214602AA0DF10F03FFF74A
:1001300087FF002863D0082F61D8DFE807F0051497
:100140001C2735404A550D000095204600214FF4EC
:100150009C724FF0FF334EE00021009120464FF497
:100160009C720B4647E04FF0FF330093204600217E
:100170004FF49A723FE0002120464FF4EC720B4698
:1001800000910CF0B7DA00F0010539E025B1202329
:1001900000932046002103E00223009320462946D5
:1001A0004FF4E872222326E0002120464FF49A7291
:1001B0000B4600910CF09EDAC0F3C02520E0002130
:1001C00020464FF4E0720B4600910CF093DAC5B272
:1001D00016E0002120464FF49A720B4600910CF075
:1001E00089DAC0F340250BE0EDB2009520460021EE
:1001F0004FF4E072FF230CF07DDA054600E00125A4
:100200009DF80F301BB9204602990DF01FD8E36E00
:100210006BB1D4F8CC2004EB8202D2F8D410226E59
:10022000914204D1606E3146984700E00546284669
:1002300005B0F0BD00487047C05D01000020704768
:1002400010B50C4641B18B6823B9C06F09680EF038
:1002500029DBA060A06810BDC06F10BD1FB5084AA3
:1002600003460092074A08460192074A0749126866
:1002700002921A68064B02F0D5DB05B000BD00BF44
:10028000145601004039010090600100E55501005D
:100290000856010008B1D0F888007047642910DCC6
:1002A000632921DA4A291FD005DC07291FDB082929
:1002B0001ADD3C2912E0502916D018DB5C390329DD
:1002C00011E0C32904DCC2290EDAA83902290AE0A8
:1002D000B1F5847F08D003DCB1F5807F07D103E05E
:1002E000A1F58971012902D86FF01600704700202E
:1002F000704700207047C88810F0080018BF6FF0E2
:10030000160070474A6810B593424C8829DBE30613
:1003100003D503681B7E002B26D1210703D5036874
:100320001B7E002B23D0A20602D5437E002B21D0BA
:10033000630722D414F0030322D002994CF05EDE4E
:1003400000281FD0E10702D58379002B1DD114F0BE
:1003500002041DD08379002B0CBF6FF00500002034
:1003600010BD6FF0010010BD6FF0040010BD6FF004
:10037000030010BD6FF00A0010BD6FF0160010BD35
:10038000184610BD6FF01D0010BD6FF0060010BDC7
:10039000204610BD37B50546900723D58C6A0CB3AF
:1003A000A168226963680905C3F30043117A44BF59
:1003B00043F00203DBB211B1D2F8080101E0D2F838
:1003C00004017F228DE80C000022383004F13C014A
:1003D000134675F081DB2846214603B0BDE8304066
:1003E0007CF0E69F03B030BD2DE9F04F87B00023CD
:1003F0000F4610AC1599049305938046934694E8F4
:100400007002DDF850A04CF0F9DDB7F90630002B92
:100410001ADA1BF0010FB9883A890CD04900CDF8DF
:1004200000900196CDF80890CDF80CA0D8F81000F7
:100430000131334605E08DE86006D8F81000490028
:10044000234607F0B3FD0FE0032D0BD9042204A8C7
:10045000214601F0F3DF072D04D905A8211D042250
:1004600001F0ECDF6FF0160007B0BDE8F08F000080
:1004700038B50C4605460846484902F0D3DA4849E3
:10048000204602F0CFDA4749204602F0CBDA46494F
:10049000204602F0C7DA4549204602F0C3DA444953
:1004A000204602F0BFDA2046424902F0BBDAD5F816
:1004B000340137F043DA20B9D5F8380139F0DEDA03
:1004C00018B120463C4902F0ADDAD5F8340137F0D6
:1004D00035DA18B12046394902F0A4DAD5F83801E6
:1004E00039F0CCDA18B12046354902F09BDAD5F85C
:1004F00030013AF001DC18B12046324902F092DABC
:10050000D5F8300105F0ACF918B120462E4902F0BB
:1005100089DA20462D4902F085DAD5F84C0165F0DC
:100520004FDF18B120462A4902F07CDA2B6893F895
:100530003B301BB12046274902F074DA2649204699
:1005400002F070DA2549204602F06CDA2B6A18694D
:1005500009F020FC820707D52149204602F062DA23
:100560002046204902F05EDA20461F4902F05ADA9E
:1005700020461E4902F056DA20461D4902F052DAA2
:1005800020461C4902F04EDA20461B4902F04ADAA6
:100590001A492046BDE8384002F0449A1D56010031
:1005A00021560100265601002B5601003456010049
:1005B0003D56010041560100465601004D560100CE
:1005C00057560100615601006A560100735601003A
:1005D00082560100875601008E5601009556010093
:1005E000A1560100AA560100B7560100BC560100F1
:1005F000C6560100CB560100D0560100D856010066
:1006000030B585B0054668460C4602F0F5D9284657
:100610006946FFF72DFF204605B030BD2DE9F04FAC
:1006200003F00103A9B004461493D4F87C34106994
:100630001B680E46C358D0F858131B7891460F9389
:10064000D4F88034B2681B681991C35808901B789D
:1006500009921593138860680B9303F00C039B08B1
:10066000022B08BF0B9913930B9A0CBFC1F3C01355
:100670000023DBB21A9302F44073A3F540756B427A
:1006800043EB050331461C93379F03F08DDA369B0D
:1006900004300E9083B11B7A0B2B07D1236893F89B
:1006A000AD304BB136988379072B05D836990E9A21
:1006B00091F90F30D2180E92D4F8B031002B2DDA08
:1006C000369B03B31B7A022B1FD194F8B022F2B9E8
:1006D0000898036D13F008031CD136998A792168B4
:1006E000D1F8B8108A4217D2032A15D90B2A13D889
:1006F000B269900010D4339A012A0FD10E9B0120C9
:1007000008330E9304E0369A04E0002304E000204E
:100710000C9005E00C9203E00C9301E000210C9199
:10072000B568B389AA1F7633A5F176001D92B3810F
:1007300000217022B060189001F004DFB38BD9045F
:1007400002D4B269520502D51B051B0D20E0D9F871
:100750000420A04B1340BBB10B9901F0FC03882B84
:1007600012D1099A1379D8070ED43398F289411E11
:1007700002F007023298583209EB42028842D388CD
:1007800006D1591CD18003E01399012906D111E04B
:10079000139801280ED00021079102E01022079241
:1007A000002332981B019BB200F00F0209991343FA
:1007B000CB8201E000220792099BA068DA8AB38B02
:1007C00023F47E6323F01F0343EA1213B38314F070
:1007D00003DA010703D5B38B43F40053B383349892
:1007E000042808D12046089935F82A2C14F080DE18
:1007F000ADF8980019E03299339801F00F02B4F87F
:100800005A33411E329842EA0312884292B202D110
:100810000133A4F85A333499520147F6E073134078
:1008200001F007021343ADF8983099F8D7303BB97F
:100830000B9A02F0FC03802B02D0089883791BB935
:10084000079941F020010791634B3B40002B40F09A
:10085000828007F04072B2F1807F00F08180139AAD
:10086000012A30D9B369DA062DD4002B2BDB96F997
:100870001F30002B27DB226A574BD2F8488008EA4A
:10088000030323B908F04073B3F1807F03D10998C3
:100890000379DF0766D4D2F844804F4B08EA03039C
:1008A00023B908F04073B3F1807F04D109990B7923
:1008B00013F0010359D0099A1379D80703D4D9F852
:1008C0000830190705D599F8407007F07F07B8463A
:1008D00049E002238DF8863027AB0093D4F85C0101
:1008E0001FAB494626AA7CF053DD0B98DDF87C80CF
:1008F00000F0FC03482B209F01D0C82B0BD14146B0
:10090000089800222AF0F4DE99F84070804607F03B
:100910007F07002308E0B369329943F00063B361B5
:10092000D1F1010338BF0023BDF89C20D20703D5C5
:10093000B26942F40052B261226892F8E120BAB181
:10094000D4F8F8064946BDF8982005937CF0D4DA2F
:10095000059B12900DE00022B8461292134608E063
:10096000B84603E04746002300E04746129300E004
:1009700012922268D4F8840492F84F2090F80CB0B8
:1009800012F0030200F09C818278012A09D9216AC1
:1009900091F94D10A1F1010EDEF1000141EB0E01C4
:1009A00000E00021012A5FFA81FA17D9226A92F940
:1009B0004D20013212D1D9F8042012F080420ED01D
:1009C0000E300221059302F0E7DC021C18BF012261
:1009D000059B04E040000100FF0000C0002218F069
:1009E000407FD0B25FFA88F207D01F2A02D9202AAE
:1009F00007D0553A072A04D91CE0A0498A56002A94
:100A000018DAB8F1000F15DB28F4801828F44078C4
:100A100018F0407209D0BAF1000F03D1B2F1807F13
:100A200003D110B148F4801804E0BBF1010F08BFF6
:100A300048F4807817F0407FFAB207D01F2A02D915
:100A4000202A07D0553A072A04D91BE08B498A5639
:100A5000002A17DA002F15DB27F4801727F44077D8
:100A600017F0407209D0BAF1000F03D1B2F1807FC4
:100A700003D110B147F4801704E0BBF1010F08BFA8
:100A800047F48077B4F8582402F46052B2F5C05F9E
:100A90002CD118F4E0221FD118F0407F17D0D9F8DC
:100AA0000420120313D5226892F83B2092B10898D3
:100AB00082797AB1D0F80821528E02F46052B2F5F0
:100AC000C05F0CBF4FF400324FF4803204E04FF4AB
:100AD000803201E04FF4003218F0407F13D05FFA0B
:100AE00088F1202908BF4FF400320CE05FFA88F249
:100AF000F9B2202A08BF4FF08078202908BF4FF0B4
:100B000080774FF4803227F4E02A17F0407F28F4F2
:100B1000E02848EA020818BF4AEA020A226A08BF27
:100B20004AF4803A516C564A0A40002A53D101F0E7
:100B30004071B1F1807F4ED018F0407F94F81C22B4
:100B400004D0012A02D148F4000802E00AB928F4CE
:100B500000081AF0407F94F81C2205D0012A03D126
:100B60004AF4000A00F009BE002A40F006862AF482
:100B7000000A00F002BED9F80410C8032BD5D9F83A
:100B80000810090627D5013225D118F0407F0FD073
:100B90005FFA88F2A2F15701012909D9632A07D027
:100BA000642A05D0652A03D0662A18BF48F4800855
:100BB0001AF0407F0FD05FFA8AF2A2F157010129A3
:100BC00009D9632A07D0642A05D0652A03D0662A8A
:100BD00018BF4AF4800A2046494605931AF060DCA3
:100BE00018F04072059B45D01599022908D108F4E8
:100BF000E02BABF50032D2F1000B4BEB020B01E026
:100C00004FF0000B5FFA88F21F2A04D8072A94BF1E
:100C1000002101210AE0202A06D0A2F1550107296E
:100C200094BF0021012100E00021C9B239B199F837
:100C3000FE1021B199F8FF10003118BF012118F4FE
:100C4000000F11911ED01F2A04D8072A8CBF002242
:100C5000012209E0202A05D0553A072A8CBF00223C
:100C6000012200E00122D2B2002A0CBF0246042277
:100C70000D9208E00D929346119204E058168900F7
:100C8000FF0000C00D901AF0407226D01AF4000F39
:100C900025D05FFA8AF21F2A04D8072A8CBF0022C7
:100CA000012209E0202A05D0553A072A8CBF0022EC
:100CB000012200E00122D2B2002A18BF04200EE077
:100CC00028F4E02827F4E02A48F480384AF4803AEF
:100CD00010920D929346119202E0109200E0109053
:100CE00093B1089A3398D2F8301102EBC103C2B223
:100CF000C3F838210131089A01F03F01C3F834816B
:100D0000C2F83011C9F820A218F0407703D15FFA79
:100D100088F31B9303E0404674F058DE1B90139851
:100D2000022800D088B9B4F868340E99994202DCE0
:100D3000B3695B010CD5099A1198137903F001038B
:100D4000002B08BF0120179004E01199179101E0D2
:100D5000119A1792236A597D41B10F9B33B12FB974
:100D6000884A5FFA88F3D356002B07DB236893F891
:100D70004F30980727D037B3159820B3339A012AFC
:100D80000ED90F9B002B0CBF4FF0300A4FF0160A04
:100D9000B3694AF4803A23F00063B361D04612E0AD
:100DA00089B10F9878B167B908F07F03022B0AD098
:100DB000042B08D00B2B06D0162B18BF4FF0010BBD
:100DC00001E04FF0010B18F040710F911AD108F0BB
:100DD0007F03162B16D86C4A9A4013D5149A62B129
:100DE0005FFA88F3022B0BD0D9F8103093F92C312D
:100DF00013F1FF3318BF012300E0149B0D9301E0B2
:100E00000F980D901AF0407116911BD10AF07F03D4
:100E1000162B17D85C4A9A4014D5149A6AB15FFA17
:100E20008AF3022B0CD0D9F8103093F92C2112F14F
:100E3000FF3218BF0122109204E0169B109301E0CC
:100E4000169810901399D9F80430022908BFC9F8F0
:100E5000588113F480334AD094F80D32002B46D0D9
:100E600094F81132002B42D0159A032A30D00F9BF0
:100E70004BB908F07F03022B2CD0042B2CD00B2B6A
:100E80002DD0162B2ED00998037913F001032BD106
:100E90000B9901F0FC02882A29D1349A032A26D81A
:100EA000B3691C9843F48053B361079B09990028E8
:100EB0000CBF18221E2243F4A04307938B5A23F041
:100EC00060031B041B0C43F020038B52012207E03C
:100ED00000230CE00F9808E00F990A9108E00F9AA0
:100EE0000A9205E00F9B02E000200A9000E00A93BE
:100EF0001D99204600910E9A41460B9B20F08CD9FB
:100F000022AF204651460E9A0B9B009720F084D9C1
:100F10000622A5F14000394601F090DA169A62B92E
:100F20000AF07F03162B08D8174A9A4005D50E9B66
:100F300005F83C3C1B0A05F83B3CB3690F995A0580
:100F400012D591B1369A22B1127A042A01D00B2A15
:100F50001CD143F40063B361179894F8DA32002B84
:100F600018BF0120179011E081B9064A5FFA88F393
:100F7000D356002B0ADA15F8063C03F00F0314933E
:100F800007E000BF581689000002102815F8062C4B
:100F900014920B9BA42B14D009980379DB0710D46F
:100FA0000A9981B9B36920465F05414602D517F019
:100FB00021DD03E00D9A359B20F008D9099A508075
:100FC00014E00A9B53B1414620460D9A40F62A137D
:100FD0001FF0DCDE099980B2023048800B9AA42A07
:100FE00004D10998438825F83A3C19E009990B790E
:100FF000D90701D40A9A2AB1002305F83A3C05F82A
:10100000393C0DE0B36920465A05514602D517F028
:10101000F1DC03E0109A359B20F0D8D825F83A0C83
:10102000B269930509D5B38C25F8343CF38C25F8C7
:10103000323C079B43F400530793329818B9079941
:1010400041F00801079109980379DF0712D4D00411
:1010500010D494F810320BB151060BD4520505D4BC
:101060001A9919B1199A92F828301BB9079B43F0C5
:1010700001030793924B34981399185C0229159039
:101080001CD1349A032A19D894F80D32B3B11B9BA2
:10109000042B13D9D4F8340136F062DA70B91998F8
:1010A000159900EB41039B8B13B1B3695B0505D523
:1010B000119A1AB9079B43F480530793236A18695E
:1010C00066F018DC00F46050B0F5C05F03D10798FB
:1010D00040F4807007900C9919B1079A42F40042CD
:1010E0000792079B25F8763C369810B394F8B032F7
:1010F00013BB08990A6D12F0080221D1037A0B2B59
:1011000006D1236893F8AD30D3B18379072B14D877
:10111000369A93792268D2F8B82093420FD2B269F6
:1011200097000FD43698027B02F0070242EA0312BE
:1011300003E03699079107E00022079204E00023BC
:10114000079301E00020079010994B1EDBB2012BA2
:1011500004D8079A42F400539BB20793A5F172009A
:101160000999022201F06AD9002305F8703C05F8BC
:101170006F3C05F84A3C05F8493C369B002B2FD0C4
:1011800094F8B032002B2BD10898036D180727D4A0
:1011900036990B7A0B2B06D1236893F8AD30FBB14F
:1011A0008B79072B1CD8369B9A792368D3F8B830F3
:1011B0009A4215D2B369990012D41C9818B90999AA
:1011C00001F1180202E0099B03F11E021A9800B116
:1011D00002320023009320461899369B2EF078DCCB
:1011E000099906220431A5F15000139101F026D986
:1011F000BDF8983025F82A3CD4F84401089960F0ED
:10120000E7DC35F8303C80B243EA002325F8303C77
:10121000002305F8283C05F8273C05F8263C05F88E
:10122000253C05F8243C05F8233C05F8223C05F84C
:10123000213C05F8203C05F81F3C179A1AB9BBF170
:10124000000F01D1E1E09B460022414608982AF0B8
:101250004FDA00220690514608982AF049DA069B98
:10126000089013F04073189306D10699154BC8B235
:101270001B56002B03DA14E0069874F0A7DB023843
:1012800018BF012070B1D9F8103093F92C31012B1F
:101290000AD0079A42F480439BB2079301230C9330
:1012A00004E018980C9001E000210C91089B13F0C9
:1012B000407209D1D8B2034B1B56002B07DA1DE050
:1012C0006CE1880058168900089874F07FDB0238BA
:1012D00018BF012078B1D9F8103093F92C31012BC7
:1012E0000BD0079801216FEA40436FEA53439BB24A
:1012F0000793119103E0119001E00022119235F85B
:10130000763CBBF1000F02D043F4006301E043F0F0
:10131000060325F8763CBBF1000F0CBF4FF0140C10
:101320004FF00E0CA5F11E0362460093204606996D
:101330000B9BCDF814C01FF06FDFDDF814C024AF95
:1013400062460B9B2046089900971FF065DF3946DF
:101350000622A5F1480001F071D80C980D990E9A5B
:10136000A5F118030B9300900191029200275946B2
:10137000069A4346204603971FF06CDF25F8160CAB
:10138000119B10980E9900930190029120465946A6
:10139000089A534603971FF05DDF25F8420CA5F12C
:1013A0001400BBF1000F09D06FF03B0305F8183CA7
:1013B00005F8177C099A02F10A010EE06FF04B0361
:1013C00005F8183C05F817BC1399062201F036D829
:1013D000099BA5F10E0003F10A01062201F02ED8A7
:1013E0001498189A81B252B906989F4AC3B2D3563C
:1013F000002B04DA15F81E3C03F00F0301E015F88A
:101400001E3C1B02194314911FE059460622A5F108
:101410001E0001F097D859461022A5F1180001F0DE
:1014200091D8A5F148005946062201F08BD805F85D
:1014300042BC05F841BCCDF820B0CDF818B0CDF8CD
:101440002CB0CDF844B0CDF830B0B3695A050FD503
:101450000F9969B128AB002223F8022D0093D4F82C
:101460003401494642460E9B36F096D805F8430CA7
:10147000079B25F8743C149825F8640C1699B1F173
:10148000807F0BD031B90AF07F03162B02D8774A40
:101490009A4001D4012002E0169800E00220069A4A
:1014A00080B202F04073B3F1807F0BD033B902F009
:1014B0007F02162A02D86D49914000D401239B0077
:1014C0009BB200E008230899184301F04073B3F180
:1014D000807F0BD033B901F07F02162A02D863490E
:1014E000914000D401231B019FB200E02027236A12
:1014F0000743186966F0FED9C0B247EA002725F80D
:10150000627C0F9AB2F1807F0CD032B908F07F0371
:10151000162B02D8554A9A4001D4012300E00F9BB4
:101520009BB200E002230D98ADF89A30421ED2B271
:10153000012A09D843F01003ADF89A302368D3F894
:1015400088309A6901329A6141462046BDF89A7006
:101550007EF080DCB3690743B9B21B01ADF89A1085
:101560000ED5236893F8E13053B1236A186967F008
:1015700099DB236A0DF19A011869129A67F0ACDBC6
:10158000BDF89A30414625F86E3CB4F85824204600
:1015900027F09AD925F86C0C51462046B4F8582407
:1015A00027F092D925F86A0C179911B9BBF1000FF1
:1015B0000FD00699B4F85824204627F085D925F88D
:1015C000680C08992046B4F8582427F07DD925F8EE
:1015D000660C0F9A4AB10D9B042B06D1204641465A
:1015E0000E9A1FF077DC25F8380C169848B1109940
:1015F000042906D1204651460E9A1FF06BDC25F8CF
:10160000360CD9F80430580640F1AE801A9A002AF8
:1016100000F0AA801998159900EB41039B8B002BD1
:101620007BD0B369590500F19F80329A002A40F0BF
:101630009B800E9B204641460D9A1FF0A7DB0B9B1B
:101640000990ABB106990C9A204617F041D8089939
:101650000746119A204617F03BD80B99B1F802B013
:10166000BB4435F8427C1BE0581689000002102864
:101670000A9ABAB941460D9A0A9B20461FF0A6DD88
:10168000099B514600EB030B109A0E9B20461FF05E
:101690007DDB51460746109A20460A9B1FF096DDD7
:1016A000C71902E0DDF824B00B9F1FFA8BF225F872
:1016B000702C25F84A7C1998159900EB41039B8BF7
:1016C0000998C3189B1A9BB21A0419D420464146A4
:1016D0000D9A16F0FFDFFF2805D9B4F85A2490427E
:1016E00038BF024601E04FF48072349992B204EBA5
:1016F0004103B3F85C34934202D0204618F076D808
:10170000236893F84430002B2ED0349A032A2BD828
:10171000D4F8600115995A4623E0236893F84430C1
:1017200013B3349B032B1FD81A480B99C75C204670
:1017300039B10C9A069916F0CBDF0B9B5A888218A8
:101740000CE041460D9A0E9B1FF020DB0D9A0546DA
:10175000414620460B9B1FF039DD4219D4F8600149
:1017600039464B4650F0F0D8B369BDF8980043F0C5
:101770008403B36129B0BDE8F08FD4F8842428F441
:10178000800892F913202AF4800A012A7FF4F3A931
:10179000FFF7FBB96CE1880070B50B6912B15478A2
:1017A000032C01D8002212E04D6845F480744C608F
:1017B0005679012E8DBF24F4806445F4A0654D60F8
:1017C0004C605478052C2FD9062C03D1012283F8C4
:1017D000A42370BD147A14F0040F4C6814BF44F0B5
:1017E000806424F080644C60147A04F00804D4F11E
:1017F000010438BF002483F8A4438B6823F004035A
:101800008B605478062C0FD9127AD2060CD5026858
:1018100043F004038B6092F80C21D00704D59207A3
:101820005CBF23F004038B6070BD00002DE9F04F16
:10183000B5B09A463F9B05460B2B894616463E9F00
:10184000409C40F2E6800C3B04931AF07DDE0021C0
:10185000C8220590204600F075DE3146062220465B
:1018600000F0ECDDFA7ABB7A494643EA022303F042
:101870000302012AA4F86230E38808BF84F8342008
:10188000BAF1000F14BF4FF4807200221343E380BB
:1018900028465BF09BDF60857A7A3B7A07F10C0B78
:1018A00043EA022307AFE385002128220DF1440813
:1018B000384600F047DE2DAE00212822404600F0D9
:1018C00041DE4FF0FF3300210C223046ADF8CE3020
:1018D00000F038DE0DF1CE032F93049BBAF1000F18
:1018E0000CBF4FF0600A4FF0700A8DE848002846A0
:1018F000002152465B462D97CDF8B8801CF0D6DA11
:10190000002840F08680059B4246DEB2284604F15E
:10191000380339461FF0D0DBBDF8CE304FF6FF72EA
:10192000934217D05A1E92B2DE2A75D843F48052E1
:101930000E2B8CBF4FF440430023D5F8580143EAE7
:10194000020152F043D858B9D5F864319B889B0501
:1019500006D461E0731E9BB2DE2BADF8CE605BD87F
:10196000BDF8CE309E4203D1E28842F00202E2800E
:10197000EB1893F83C20494684F86120284652B27F
:101980005BF0C8DEBDF8CE30A08543F480520E2B4C
:101990008CBF4FF4404300231343638600210C2285
:1019A00030A800F0CFDD1F4B0DF16C0830931E4BBB
:1019B000002128224046319325AF329500F0C2DD48
:1019C000BDF8CE300021202238468DF872301B94AD
:1019D00000F0B8DD049BD5F894060293002152462E
:1019E00030ABCDF8B080CDF894908DF8A4608DE840
:1019F000800857F011D988B9608E431EDBB2DE2B08
:101A00000AD802F059DA00280CBF00206FF013004A
:101A100004E04FF0FF3001E06FF0130035B0BDE897
:101A2000F08F00BF112A8200812B82002DE9F04F38
:101A3000A5B00446D2F808A18B46154600212822FD
:101A400005A8984600F07EDD0FA80021282200F0AE
:101A500079DDD4F86C3313B104F55B7008E02368CA
:101A600093F82F3073B9236A5B7D052B04D1694845
:101A700005A973F0EFDF05E0042B03D1204605A98B
:101A80001FF066DD05AF3B460FAE204629460AF142
:101A900038020DF16409009628F090DA0021242222
:101AA000484600F04FDD0021082222A81A971B9615
:101AB00000F048DD94F84135CDF88C90DA0702D576
:101AC0002A6DD70708D49E0708D52B6D03F00603AF
:101AD000023B18BF012302E0002300E0012322683B
:101AE00092F84F2012F003020BD0D5F8EC2012F43C
:101AF000805205D19DF8BC10002908BF1A4600E0AD
:101B0000002224AB03F8082D1FFA8BF6009332460F
:101B10000023D4F89406294657F056D82E9A00F19F
:101B20000C0913680746994571D8404600210C22DC
:101B300000F008DDBAF82E30A8F80830AB7923B1F0
:101B4000012388F80A30002306E0D5F8EC2012F4CF
:101B5000803204D088F80A3088F80B3004E0022381
:101B600088F80A3088F80B202A6D40F237131340AA
:101B700043B195F858302BB1B8F80A3043F0100350
:101B8000A8F80A30236893F830306BB9236A1B68D1
:101B9000022B09D1BAF86230980605D5B8F80A3098
:101BA00043F02003A8F80A30236A5B7D43B194F820
:101BB00072342BB1B8F80A3043F48063A8F80A30C5
:101BC000236893F8A9305BB1D5F8EC30590407D4F9
:101BD000AB792BB1B8F80A3043F48073A8F80A3017
:101BE00022AB009308F10C030193D4F89406002370
:101BF00029463246029756F055DFBBF1800F03D1DC
:101C0000D5F890301C9A5A612E9BC3F8009025B0ED
:101C1000BDE8F08FD40D89002DE9F04F4E688FB0EC
:101C20001746C6F3C0420C46D1F808A002920546FA
:101C3000002104A82822994600F084DC2369C6F319
:101C4000004B26F08646039326F4EA162AF0830317
:101C50006660A360002F00F0BF803B7897F801809A
:101C600043EA0828A4F80081BB7884F8023146F4DE
:101C7000803363602B6893F84120B2B193F842300F
:101C80009BB146F4A026D4F82431666093F85D3009
:101C90007BB91AF4007F03D094F82430D90608D514
:101CA0002846214636F04EDC03E02846214636F031
:101CB0003BDC0622284621462DF05EDFA26812F0AA
:101CC000006222D108F00C039B10012B94F8FE0057
:101CD00094F8FF1006D0032B09D043B9012284F8F1
:101CE000FE2001E084F8FE3084F8FF3003E084F841
:101CF000FE2084F8FF2094F8FE30834207D194F848
:101D0000FF60761A18BF012602E0002600E00126D7
:101D100018F4407F03D0636843F08043636018F099
:101D2000010F03D0A36843F08003A36018F0200FD5
:101D300003D0A36843F00103A36018F0400F03D061
:101D4000A36843F00203A360A3680AF0030A03F048
:101D500003039A4518BF012618F0100F03D16368DA
:101D600043F48013636018F4804F03D0636843F03A
:101D700000736360C8F34008B9F1000F38D005F56F
:101D80003E7003304946162200F058DBB8F1000FD0
:101D900003D099F80180C8F3800899F801301A0738
:101DA00003D5636843F08073636099F8023013F0E1
:101DB00008030ED0039A41F61001D2F8083140F61C
:101DC00008425B8E03F44043B3F5404F14BF0B460B
:101DD0001346A5F8DC320BE02846214606222DF0FA
:101DE000CBDE2846214636F09FDB3E46B84619E05A
:101DF0001022F91C0DF1250000F020DBD5F8843409
:101E000004A8997873F0E4DED5F86812284624F027
:101E100095DEFF230190002204A80093014613469B
:101E200073F05ADEBBF1000F11D0636813F48033F6
:101E300010D009AA0023E11812F8010F91F85110EF
:101E4000884206D10133102BF5D1002302E05B4616
:101E500000E00123626802F48031C2F3004293453E
:101E600000D163B104F1510029B10DF12501102217
:101E700000F0E4DA02E0102200F064DB0126B8F1A1
:101E8000000F03D0636843F400236360029B434563
:101E900000D146B1D5F8843493F87B301BB928467D
:101EA00021467BF085DA0FB0BDE8F08F00F50661C2
:101EB0002DE9F041093104464AF0D6DF94F8723832
:101EC0000546002B74D0002872D06A21206948F0A2
:101ED000CFDC460006F114084146206948F0C8DC12
:101EE000002207464146206949F004DB380406D445
:101EF000304831493A46BDE8F04100F0499BD4F8FA
:101F00008484012388F86D3198F828313BB1A068AA
:101F1000D8F8301111F044DE002388F8283120462B
:101F200029460CF0C2F998F81D3153B1012388F805
:101F30002831A068D8F83011D8F82421002311F0F6
:101F400009DE206906F1160148F092DCB4F8703819
:101F500083422DD10022134679B22846D5F810616C
:101F60005BF094DC28465BF0D7DBAB798BB9D5F816
:101F70001421D5F80831128A5A852B7C4BB1D5F83B
:101F8000EC30990405D473791BB92846012144F03B
:101F9000E5DA0023B37194F80C22D6F8F0309A42B7
:101FA00006D0284684F80C32BDE8F04124F04A9A65
:101FB000BDE8F0811B5A8900F14D89002DE9FF41F0
:101FC00004460D4616461F460A994BF017D8204680
:101FD000294632463B46FEF761F9B0F10008C0F2EF
:101FE000A18023685B7E4BB9206956F02BDC28B1B9
:101FF000A06811F0DBDD4FF0FF3893E03EB1032F16
:1020000005D903A83146042200F018DA01E00023C4
:102010000393342D18D008DC022D11DB032D13DDC2
:10202000A5F11B03012B0BD80EE0D62D0CD001DC43
:10203000A32D04E0FB2D07D040F20B139D4203D0EB
:10204000002E65D0002F63DD3E2D02D0402D62D1E1
:1020500035E023681B7E002B60D0D4F884240399DC
:1020600092F81C318BB1CBB282F84631D4F884247B
:102070001172D4F88424206992F8AC1001220092E5
:102080000192002249F0C0DB3FE0204649B27DF0DA
:1020900095DEB0F1000845DBD4F88434039A20467D
:1020A0001A722CF095DF20467DF028DF2046D4F808
:1020B000B0141EF051DA204624F038DA32E0039BE7
:1020C0005A1C042A2CD8013301D103230393D4F8DA
:1020D0008434039993F81C2172B1C9B283F8AD100E
:1020E000D4F88434002293F845312069009201220B
:1020F000019249F089DB04E0236AC9B2186965F0EE
:102100007BDAD4F88434039ADA714FF0000809E0DE
:102110006FF0010806E06FF0160803E0984601E052
:102120006FF01C08404604B0BDE8F0812DE9F34192
:10213000089C07460E46154698460094FFF73EFF5A
:1021400010F12F0F0CD010F1170F0BD1384631467C
:102150002A464346089402B0BDE8F04118F0B09B0F
:102160006FF0160002B0BDE8F08113B504462CF004
:1021700011D820461CF0B8DBD4F88434012293F83F
:10218000AD10206993F846310092019249F03CDB92
:10219000206902B0BDE8104056F0669B37B5036871
:1021A00004465B7E002B40F01A81006956F04ADB42
:1021B000002840F01481236893F8203033B9206957
:1021C00047F072DE2368012283F82020206905F0A1
:1021D00012FE236893F8693113B120464BF042DCBC
:1021E000D4F88434032293F8513000928022002BDB
:1021F00014BF134600232046042126F04FDA23683B
:10220000DB6EE3B9206948F0CFDF093017D12268CF
:10221000D36E13F0020512D143F00203D366D4F853
:102220006432595941B18B7933B94B7923B10B7C65
:1022300013B120464AF05EDC0435202DEFD123682F
:10224000DB6E1BB1204619F087D9C6E0206948F043
:10225000F7DC206990F934114D1C03D1012148F0BD
:10226000EDDC01E048F042DC01236376204627F0F4
:10227000ABDD23682046596B0323009321B14FF453
:1022800080720021134602E04FF480720B4626F064
:1022900005DAA06811F006DD236801221A7694F8A9
:1022A000CF3173B120462CF093DED4F8543320465E
:1022B000598E2BF0BFD9002384F8CF31204624F06B
:1022C00035D9D4F844260321204624F033D92046BA
:1022D00016F0E8DBB4F83415204629F095D92069CA
:1022E00048F04EDF032320220093204613460121AD
:1022F00026F0D4D9236893F82F301BB1D4F81805F1
:102300003BF0AADF20461DF08BD820467AF0D0DDC6
:1023100001254FF47A72D4F8E8110123A06811F076
:1023200019DCD4F89C0184F82A5280F001DE2046A2
:102330007DF0E4DDD4F88434204693F9121017F0D0
:10234000F1DD20462DF034DD20462DF01DDD204648
:1023500029462DF0BFDDE36884F86056D3F82421C8
:10236000294642F04002C3F82421236A002218695A
:1023700065F048D9236884F88C5693F8693113B115
:1023800020464BF0AFDB6A21206948F071DA00305B
:1023900018BF012084F873087E21206948F068DAAC
:1023A000421E92B24FF6FD739A4206D843000130A6
:1023B0004000A4F85038A4F85208B4F8501821B1DD
:1023C0002046B4F870272DF065DFB4F8521849B1F3
:1023D0002046B4F854282DF05DDF002003E06FF0B4
:1023E000080000E008463EBD2DE9F04FB5B0DDF82D
:1023F000FC800D93B8F80A700D46ADF85870114680
:10240000BFB29146129704461AF09ED8B9F81670DA
:10241000C0B21A97B9F8047010900D9948461B97EE
:1024200073F056DC419F4FF0000A87F800A008F1D6
:102430000C071597409F0F900C3F1897109FDDF8E1
:1024400060B00C97159ECDF844A0CDF824A0CDF82F
:1024500064A0CDF828A0CDF838A0CDF82CA0CDF8F8
:1024600050A0CDF84CA0CDF820A0CDF81CA02F4650
:102470004FE03378951C2D2B21D007D8012B13D09A
:1024800043D3032B12D02A2B40D114E03D2B1DD077
:1024900005D80899322B08BF3146089136E04A2BFF
:1024A0001BD0DD2B32D11FE007962FE0B2784FF022
:1024B000010A0C922AE0B31C1393149226E02046E2
:1024C00031462A4658F03ADA0A901FE02046314653
:1024D0002A4658F009DA0E9018E0204631462A467E
:1024E00057F09CD9199011E0032A0FD9B01C04228F
:1024F0009149FFF38FF7119B002808BF2B461193DA
:10250000099B08BF3346099300E00B967619C5EB8B
:102510000B0BBBF1010F03DD7278531C5B45A8DB8D
:102520003D46099F3FB10A9F2FB920460999119A4C
:1025300058F0B8D90A90002D7AD1129FBE0740F109
:10254000DA830B9B002B00F0D6832046991C5A7827
:102550004AF00EDD3190002800F0CD83037C002B83
:1025600040F0C983037A002B00F0C583D0F808310E
:10257000588E01F06FDC0C9F874240F0BC83319F86
:102580002046394617F054DD002847D038464946E2
:102590000D9A43461DF09ADF00283FD040993E9B9C
:1025A000D7F8046103F11002019120464946012346
:1025B000CDF800800296FFF739F9002830D1B6F83F
:1025C00030B0BBF1000F2ED1216AD4F884345031E1
:1025D0005A469B7806F1380073F052D94099384634
:1025E00000910D9A4946434643F034D9CDF800B0E6
:1025F000CDF804B03B7C2046D3F1010338BF002363
:1026000002937D22394607F1DC03CDF80CB0CDF8FA
:1026100010B01EF08DD901220B9206E00B9504E05C
:1026200000230B9301E000210B914FB33D4601E0E5
:1026300000270B971A9F3E9917F4404F0CBF4FF09D
:10264000000B4FF0010B01F10A07204629463A46DC
:102650005B467AF04DDB064600BB2B7C002B40F03E
:102660004D83204629463A465B467AF043DC0646CF
:10267000002800F04383204631467AF0ABDA0DE0C3
:1026800094F88E32002B00F039833E9F204607F1EC
:102690000A0131AA7AF0D6DA064610B17368D80773
:1026A00020D4089F27B17878B91C27F07BDD58B972
:1026B000079F67B1B91C787827F074DD10F1000B23
:1026C00018BF4FF0010B04E04FF0010B01E0DDF803
:1026D0001CB066B1BBF1000F07D1736843F0010372
:1026E000736004E04FF0000B01E04FF0010BCDB13F
:1026F000AB79DBB92B7A0BB3D5F808315B8E079336
:1027000003F46053A3F5C052534243EB020307980E
:10271000089301F09FDB0C9FC11B484240EB010076
:1027200009900EE00895079509950AE0002708979B
:102730000797099705E000BFFE370100089307934C
:102740000993B4F88E32002B7FD0236A5B7DC3B12E
:102750000C9FD4F87C040E2F8CBF4FF44042002213
:1027600047F48051129F114307F02003D3F1010376
:1027700038BF00230193139A149BCDF800B071F079
:10278000CDDE236893F84F309B0712D00C9FD4F80E
:1027900080040E2F8CBF4FF44043002347F4805138
:1027A000089F19430E9A0A9BCDF800B0019772F06A
:1027B000D9DB94F88E32002B47D000210C222EA8B2
:1027C000FFF3C0F6944B1CAF2E93944B3846002178
:1027D00028222F933094FFF3B5F6BDF858100DF171
:1027E000980CDDF830E0ADF876106046002120222C
:1027F000CDF818C01C968DF874E08DF878B0FFF312
:10280000A1F62D970D9F236827973E9F93F84F3091
:102810002897109F03F003038DF8A8700F9FDDF831
:1028200018C02B97159F8DF8B0300197189FD4F8DA
:102830009406002190222EABCDF89890CDF8A4807C
:10284000CDF800C0029756F0E7D994F88C32002BEF
:1028500000F05682099F002F00F05282236893F8FF
:102860004F20970700F08A800E9F002F00F086808F
:102870000A9F002F00F0828093F8A93033B1D4F87A
:102880007801294653F0F2DC002877D10E9F2046CC
:102890007A78397824F0ACDC079F034617F4404F70
:1028A0000CBF002201220A3254F822201192D5F8DE
:1028B000082162B1D28812F0200208D00A9F3A782B
:1028C00012F0020203D00E9F7A78C2F380020992BE
:1028D000BAF1000F0BD1109FDAB2BA4207D01846F6
:1028E000069301F0B7DAB842069B40F00982D5F8AA
:1028F0000821002A2DD01846069301F0ABDA0746CE
:10290000079801F0A7DA8742069B22D1D5F8082163
:10291000528E9A4232D0002E30D02A7A002A2DD000
:10292000204611992A4625F055DEFF28074600F07B
:10293000E781DDF824E0204629463A465FFA8EF327
:1029400015F088DED0B1204629463A462DF0C6D98A
:1029500014E0BAF1000F11D01846069301F07ADAAC
:102960000C9F069BB84200F0CB8103F46053B3F593
:10297000805F03D0B3F5C05F40F0C281419F012367
:102980003B702368D5F818A193F84F30980716D0FC
:10299000AEB10A9F37B1199F2046009731460A9A77
:1029A0000E9B0AE02B7C53B97368D90307D50A9FA5
:1029B0002046009731463A463B4617F075D92B7CA6
:1029C000002B00F0BF803E9F0D9B204629464A46C3
:1029D0008DE8800115F02ADF236893F83B3043B17E
:1029E0000D9F2046294632464B468DE880015EF019
:1029F00013DA9AF809301BB1284600212BF028D9A8
:102A00009AF80D30DBB1D4F830371A680AB11F7A62
:102A100037B12846002110E0F1CF8100F5CF8100C9
:102A200004F020D9D4F830371A69821AB2F57A7FC7
:102A300005D901221A72284639462BF001DCD4F858
:102A400030371B68002B48D01B9F0123C7F3C012EF
:102A50000F9920461EF08EDB98F8023098F801108E
:102A60001B0443EA012398F80010B8F808700B43E0
:102A700098F80310024643EA0163329398F806304F
:102A800098F805101B0443EA012398F8041034A8B1
:102A90000B4398F80710002F08BF642743EA01632F
:102AA00040F8043D32A900F0E7D93846329A33990C
:102AB00080F05ADAD4F83037BF021A68BA1A904256
:102AC0000BD95A68BA1A904207D23F1A5F60D4F8FD
:102AD0004401294601225FF0CFDC236A5B7D2BB1E4
:102AE000129F2046C7F380212CF076DAD4F85801E3
:102AF000079950F0B7DD80B1D4F85801079950F02C
:102B0000A7D9236A186964F0F5DE079FB84204D19B
:102B1000002120460A4625F079DE4A460D9BD4F86E
:102B200044012946CDF800805FF06ED8D5F8EC302E
:102B30009A0458D5D4F84C0129464246409B63F08C
:102B4000F7DF50E0BBF1000F03D1129FC7F3401332
:102B500000E00123DBB23EB1726813B142F004021F
:102B600001E022F004027260226A527D4AB10193B0
:102B7000D4F87C042946139A149BCDF800B071F068
:102B800025DD236893F84F309B070AD0089FD4F8BF
:102B9000800429460E9A0A9BCDF800B0019772F086
:102BA00039DA0B9FFFB9D4F868329D420CD0284621
:102BB00049460D9A43461DF089DC28B1284649460E
:102BC0000D9A43462CF0BEDA94F88E325BB9D4F8F5
:102BD00068329D4207D1284615F090DE18B1204694
:102BE00041461BF02BD800210C222EA8FFF3AAF49B
:102BF000454B1CAF2E93454B0021282238462F937E
:102C00003094FFF39FF4BDF85810DDF830E01C96C7
:102C100026AE2022ADF87610304600218DF874E003
:102C20008DF878B0FFF38EF42D970D9F23682797CA
:102C30003E9F93F84F302897109F03F003038DF8C1
:102C4000A8700F9F8DF8B0302B97159F80220197A9
:102C5000189F2EABD4F894062946CDF89890CDF85D
:102C6000A4800096029755F0D7DF9AF80230013B16
:102C7000DBB2012B13D8AB798BB92A7C7AB1D5F8AA
:102C8000182192F86C20022A09D14FF0FF320192EC
:102C90002046294605F1DC02009329F07DDD0F9FD7
:102CA00017F0407F01D1384602E00F9872F08EDEB7
:102CB00000F07F0002280AD0042808D00B2806D094
:102CC000A0F1160CDCF1000040EB0C0000E001204C
:102CD0000190B9F80400B9F80610800B02900120A9
:102CE0000022039099F91C302046090A00920495AD
:102CF0000BF00DFB04E000270B97C1E40026D0E4A5
:102D000035B0BDE8F08F00BFF1CF8100F5CF810075
:102D10002DE9F04F91F91530A1B0002504468A46FF
:102D20001E951F9573B11BF0D7DD58B12368BAF813
:102D30001C20D3F88830D3F8C8118A18C3F8C821EA
:102D400000F0A3BCBAF80230606803F00703052B5B
:102D50000B900A9300F2A48463690A9953F8210046
:102D6000002800F09D849AF81820022A089200F0AA
:102D70008984714B0221DB6B9847814638B9204624
:102D80000A9914F0BDDE8146002800F089842046AF
:102D9000494611AA23F0FEDF236893F89C30012BEB
:102DA00006D0BAF80220BDF848309A4240F0738449
:102DB000B9F80E30614E03F007030993604DF35CE0
:102DC0004946EB5C11AA0C93189B0D9318881EAB17
:102DD0000E90009320461FAB18F094D9236893F807
:102DE0004F309B0717D011A81BF0A4DC38B1236823
:102DF000D3F88830D3F8A4220132C3F8A42211A852
:102E00001BF0AADC38B12368D3F88830D3F8AC22A1
:102E10000132C3F8AC22D9F818305D056CD511AD7C
:102E2000204629462CF040DE08BB5346D4F8340136
:102E30001E994A46009534F05DDB236893F8E13033
:102E4000002B59D01E99002956D0BDF85000BAF871
:102E500002200090BDF84E30D4F8F8067AF086D8FB
:102E6000D4F85C011E990C9A7AF0D2DB44E01F99E9
:102E7000A1B1089A072A11D1D1F8EC3098030DD4EA
:102E8000D4F84C0163F0C0DC28B9D4F84C011F9988
:102E900063F01CDD10B11F984AF0F2DA11AB009319
:102EA000D4F8340153461E994A4634F085DA236833
:102EB000054693F8E13093B11E9981B1BDF85000F9
:102EC000BAF802200090BDF84E30D4F8F8067AF037
:102ED0004DD8D4F85C011E990C9A7AF099DB1F98B2
:102EE000002800F0D2838379002B40F0CE830AF1D2
:102EF00008016FF0B9DBC8E3204611A9D9F8347096
:102F00001BF040DCBAF81C60FF0E07F001070F90C1
:102F1000BAF81A80E6B12368D3F88830DA68013A43
:102F20009219DA601E9B9BB167B1D3F82C22013A4B
:102F30009219C3F82C220BE010A78800BAD588009C
:102F40006CE18800D3F83822013A9219C3F838228C
:102F5000B8F1000F06D02368D3F88830DA68013A58
:102F60004244DA600E98494600F48063D3F10103CD
:102F700038BF00230B98079300F016DED9F81850DD
:102F80009AF91930C5F3C06B002B00F086802368D6
:102F90001E98D3F88830D3F8A8210132C3F8A821AD
:102FA000D3F8C821013A9219C3F8C82128B103699E
:102FB0001BB1DB68DA6B0132DA63012E05DDD4F870
:102FC0008C54013DAD19C4F88C54079900294DD09B
:102FD0002368D3F88830D3F8D8210132C3F8D82138
:102FE00028B103691BB1DB685A6B01325A630123B4
:102FF0000999002208F065F8D4F88C347BB1236875
:10300000D3F88830D3F8B4210132C3F8B4211E9B21
:103010002BB11B691BB1DB68DA6A0132DA62D4F8C2
:103020008C34012B14D923681E98D3F88830D3F838
:10303000B8210132C3F8B82128B103691BB1DB689C
:103040001A6B01321A6309990C22012308F039F82E
:103050001E9B5BB12FB1D3F828220132C3F828227E
:1030600004E0D3F834220132C3F834221E9B13B19A
:103070002268926A9A621F9B002B00F015829A794F
:10308000002A40F01482197C002900F01482D3F841
:10309000103101259A7190460FE215F4825543D004
:1030A00023681E98D3F88830D3F8A8210132C3F8DA
:1030B000A82128B103691BB1DB68DA6B0132DA633E
:1030C000079A0AB32368D3F88830D3F8D82101329D
:1030D000C3F8D82128B103691BB1DB685A6B0132F0
:1030E0005A6301230999002207F0EBFF1E9B5BB195
:1030F0002FB1D3F828220132C3F8282204E0D3F8F4
:1031000034220132C3F834221E9A002A00F0D881FA
:103110001F9B002B00F0DA819D79002D40F0DC81AF
:1031200023689B6A9362D8E1089B032B09D0042B88
:103130000CD12368D3F88830D3F810220132C3F8B9
:103140001022A8462F460126AB46DDE10898052847
:1031500029D123685A6BD3F88C103AB1B9F80E20F4
:10316000954802F00702825C9448825C143201EBBD
:10317000C2014A68D3F8883001324A60D3F8A022ED
:103180001E980132C3F8A02209990422012307F0F6
:1031900098FFB4F83455002D00F0A381204623F0A9
:1031A000DFDA00259DE10899012916D11F9B93B113
:1031B0009B7983B11E9B73B11A7DD20704D493F817
:1031C00024309B0740F16582204649465246079BC2
:1031D0003CF09ADC4BE0089E4DE0089A062AB0D0FD
:1031E000072A51D11F99002900F05382D1F8EC3001
:1031F0009F0040F14E829E030DD4D4F84C0163F041
:1032000003DB28B9D4F84C011F9963F05FDB10B1E0
:103210001F984AF035D91E99002900F03A821F9B69
:103220009B795BB191F824309D0707D58B685806D0
:1032300004D50122204613463CF0B4DBD9F81830FF
:10324000590544BF43F48073C9F81830D9F81830D1
:1032500023F40043C9F818301F9BD3F8EC309A03CD
:1032600040F1178220461E994A4625F0BBDB0646F0
:10327000002800F03A81002520460AF114011BF0D5
:1032800021DBA8462F465FE7BAF8063033B1236842
:10329000D3F888309A6B01329A6352E71B9B1B78F4
:1032A000DB0741D57EB12368D3F88830D3F8A82155
:1032B0000132C3F8A8211E9B2BB11B691BB1DB682F
:1032C000DA6B0132DA63079B002B00F0138123686D
:1032D0001E98D3F88830D3F8D8210132C3F8D8210A
:1032E00028B103691BB1DB685A6B01325A63099933
:1032F0000022012307F0E5FE002E00F0FD80236888
:103300001E9DD3F88830D3F8AC210132C3F8AC212C
:10331000002D00F0CD812D69002D00F0C981EB68F2
:103320009A6B01329A63C2E11F9B002B48D09A79B5
:10333000002A45D11B7C002B42D00D98037CDD0771
:103340003ED53EB12368D3F88830D3F8A8210132A6
:10335000C3F8A8210799002900F0CC8023681E98A3
:10336000D3F88830D3F8D8210132C3F8D82128B156
:1033700003691BB1DB685A6B01325A630999002259
:10338000012307F09EFE002E00F0B68023681E9DEC
:10339000D3F88830D3F8AC210132C3F8AC21002D2A
:1033A00000F086812B69002B00F07C81DB689A6B32
:1033B00001329A6376E100BFBAD588006CE18800DB
:1033C0000F9AB4F86A341AB1984503DAB4F86C3439
:1033D0009E4261DB22680798D2F88830D3F8C85142
:1033E000AD19C3F8C851002800F08980D3F8B01196
:1033F0000131C3F8B011D4F8843493F81D1109B326
:10340000D4F868128979E9B992F8642122B193F865
:103410006D210AB183F86D11D4F88414204601F5AA
:1034200082710BF048F9D4F88434012283F8282102
:10343000D4F88434A068D3F83011D3F824210023C1
:1034400010F088DB1E9860B12FB1D0F83032013314
:10345000C0F8303230E1D0F83C320133C0F83C32B1
:103460002AE101230999082207F02BFE1E9B2BB1AC
:103470001B691BB1DB689A6A01329A62002502233C
:103480008DE8280020461F9914221B9B0295039566
:1034900004951DF04DDA33E023680025D3F8883019
:1034A000DA690132DA614CE60125984605E001252A
:1034B0004FF0000801E0012588462F462E4623E004
:1034C0000127154690463E4693461DE001271D46BE
:1034D00098463E469B4617E000250127A8463E46F3
:1034E00032E6A8462F4601260EE0054680460746EE
:1034F000834609E0079DDBE03546B046D9E0079DED
:103500004FF001082F464646B4F8343543B1D4F89D
:1035100038352BB10899052902D0204623F00ED961
:10352000BBF1000F4ED01E9B002B4BD011A81BF0FF
:1035300001D99DF84E30834603F00303023BDBB212
:10354000012B04D8204611A92CF0B6DA00E0FF20A8
:103550000A9A032A0AD85B498B5C04EB4303B3F84D
:103560003622130903F00F03120B03E0B4F86E3494
:10357000B4F87024009200220392BDF84C20019010
:10358000C2F300320492D4F85C011E995246CDF881
:1035900008B07AF0BFD8236893F8E13093B11E9950
:1035A00081B1BDF85000BAF802200090BDF84E304D
:1035B000D4F8F80679F0DADCD4F85C011E990C9A9C
:1035C0007AF026D820460A9901222CF0E7D81E98D6
:1035D00060B15EB1E368D3F88021D9F830309A4207
:1035E00004D91DB10999D21A07F079FD1F9DB5B113
:1035F0000AF1140120462CF03DDB014628462CF050
:10360000EFDB0E9A02F0FC03082B01D0882B06D1C9
:10361000079B23B11F980AF108016FF025D81E9966
:10362000C9B10B7DD80716D41F9BA3B19A7992B963
:103630001A7C82B11A7A72B1D3F8EC2092040AD4BF
:10364000D3F810315B7933B9204652463B46CDF86A
:10365000008043F075D97EB10AF1140120462CF0A8
:1036600009DB49460246D4F8880463F01DDE0B9856
:103670004946012203F0B2DF079828B10025C4F8BB
:103680008C5402E0002500E0079D284621B0BDE8EB
:10369000F08F0126EFE50B984946012203F09EDFEB
:1036A0000125F2E7D5F868310133C5F86831002506
:1036B000A84601273E4627E7D0F84C310133C0F831
:1036C0004C31CEE66CE188002DE9F04F002BB5B00F
:1036D00007930CBF04230A230993079B15690DF177
:1036E0002C0918BF2023044615AF884693460021B5
:1036F000282248460693D5F80C610DF1B80AFEF36E
:1037000021F7002128223846FEF31CF700210C2265
:103710005046FEF317F7336B20468DE80804294620
:10372000069AF36ACDF8B8902F9714F0F3DD0028CD
:1037300040F0F880B8F80630D80715D5216A4B7DDF
:1037400093B10A6D0CA854310B92FEF377F6D5F8BD
:10375000EC30990405D5D4F84C0129464A4663F06B
:103760008BD90023159308E015AB0093204629461A
:1037700008F138020BAB26F021DCF36A83B128A8EC
:1037800000211822FEF3DEF6F36A2D942893336BA2
:103790002993674B2B93674B2A93674B2C9328AB4A
:1037A0001FAF0021242238460893FEF3CBF60BAB63
:1037B00000210822219331A815AB2293CDF87CB0CB
:1037C000CDF88080FEF3BEF62368294693F84F209B
:1037D00034AB12F0030218BFDBF80420D4F89406CF
:1037E00018BFC2F3004203F80C2D0093069A089B01
:1037F000329755F0E9D9099B069900EB030A33ABE0
:1038000002932046424605F1E2038DE8000523F0CD
:103810003FD8074630B920463946B5F82E2140F04A
:1038200015DB80E0204629464246DDF8CC901CF0AE
:103830005BDBA9F80000738CA9F80230339B0433DA
:103840003393079B13B9AAF1040A13E006F1240984
:103850004846FFF3E3F410B93398494602E0339841
:1038600005F1F8010622FEF3E9F5339BAAF10A0AF5
:103870000633339331AB0093339BD4F89406019312
:103880002946069A089BCDF808A055F00BD9814629
:1038900028B160683946012203F0A0DE42E0339B84
:1038A00000900190029003932046294657224B46F0
:1038B000CDF810A01DF03CD8706B18B103F06ADE93
:1038C000C6F83490079B23B1339B0AF1060A063BE6
:1038D0003393339B0AF1040A043B3393079B50460E
:1038E00086F83C3003F044DE706308B9B06305E04D
:1038F00033995246FEF3A2F5C6F838A0B8F8623004
:103900000095C3F3401301930023029303933946B8
:103910002046D4F8BC255B4626F09AD9002808BF7B
:10392000002700E00027384635B0BDE8F08F00BF23
:10393000CDCE8100DDCE8100FDCE81002DE9F04F9E
:1039400095B0064606910792209C219DD0F80090E4
:103950009B46002B00F0B380ECB91E9A012A1CD1C3
:103960001F9A931E012B18D8032A16D1002D40F060
:10397000AB80C36E5A1C05D01C3350F82350002D69
:1039800040F0A28048460021B6F82E2140F0D6DD56
:103990004FF0000894E0002500E025464FF0B00805
:1039A00006270DF1200A002124225046FEF3CAF515
:1039B0001E9B1F9A0893229B099211A8002108229E
:1039C000CDF828B00B930594ADF83040FEF3BAF56E
:1039D000CDF848A044B1089B032B0FD14C2C0DDB34
:1039E0004D2C01DD7E2C09D111AB0093D9F8940642
:1039F0003146B022002355F0E7D83F18079B4146D7
:103A00008DE8880013AB02934846069A06F1E2035C
:103A100022F03EDF8046002852D075B1002300938B
:103A200001932A46139B4846314658F00DDC95F920
:103A30000E30139AFF1AD21813921E9BDDF84CA079
:103A40009AB2AAF800201F9BAAF80230059BAAF898
:103A500004300AF1060313933CB1032A17D14C2C0E
:103A600015DB4D2C01DD7E2C11D111AA8DE80C0047
:103A7000063F0297D9F894063146B022002355F04C
:103A800011D824B9BDF830300BB1AAF80430B3799D
:103A900013B1F368DA6801E0D9F8BC259DF88C30E1
:103AA000414601930023039348465B4600960295E6
:103AB00026F0CED8002808BF4FF0000800E0984656
:103AC000404615B0BDE8F08F95F90E7044F2B0088D
:103AD000063766E72DE9F0470446A4B090469A46BB
:103AE0000D4600296DD0D1F86433002B69D004AFA6
:103AF0000EAE33463A460DF1600923F01BD9002182
:103B000024224846FEF31EF5236A0021653308226D
:103B100021A81893CDF864808DF868A01B971C9697
:103B2000FEF310F52368CDF8889093F84F3013F02A
:103B3000030307D0D5F8EC3003F48053D3F101032D
:103B400038BF002324AF07F80C3D2946402200234C
:103B5000D4F89406009755F037D82D9B0190009328
:103B600023AB02938046402120462C9A05F1E203C4
:103B700022F08EDE064620B3239BD4F894060193F0
:103B80002946402200230097CDF8088054F08ADFB0
:103B900028B160683146012203F020DD11E0D5F83C
:103BA000EC3013F4005306D0D4F84C0129463246C9
:103BB00063F0D8D905E020463146D4F8BC2528F07A
:103BC000DDDD24B0BDE8F0872DE9F04390F8A037A3
:103BD00087B004462BB1002380F8A0374FF00108CE
:103BE00000E0984623681A7E32B9B8F1000F00F061
:103BF0003B822046022135E2206954F023DE18B1D1
:103C0000A0680FF0D3DF27E220461BF05DDB236ABC
:103C100020461F69D4F86832D3F814219D79167CA8
:103C20001CF0FCD9031C18BF0123384671B22A4688
:103C300063F094DC94F88C36ABB12369D3F8883008
:103C4000D3F8245115F040050DD120462BF0C0D9F2
:103C5000236A84F88C56186929462A4663F0D2DC18
:103C6000204622F063DC236820469A6A01329A6279
:103C70001CF0D4D918B9D4F8843483F8290120462B
:103C80000AF0B7FD236A186965F05AD80146204644
:103C900059F028DD236A186965F00CD901462046E1
:103CA00059F0D8DC236893F93D307BB1D4F8240176
:103CB00003A9002278F098DB01E00023C361D4F867
:103CC000240103A978F0A6DB0028F6D194F8D431BA
:103CD0004BB1204616F03EDB28B194F8E43113B125
:103CE000013B84F8E431204626F082D8204617F0C4
:103CF0001DDC204626F0D6D894F8D43113B12046E6
:103D000024F068DA2368DA6E002A40F0A58193F87F
:103D1000693113B120464BF023D9204647F030DB00
:103D2000236893F82F20CAB193F83030B3B12046FE
:103D30001CF09CD890B1D4F864120023CA582AB160
:103D4000907918B1507908B112791AB10433202B47
:103D5000F4D103E0D4F818053AF07EDAD4F8283527
:103D60001B68A3B120462AF0CFDCD4F828355A6866
:103D70001B68B2FBF3F103FB112313B9204615F0C6
:103D800089D8D4F828355A6801325A600AE0236885
:103D90009A6A1E23B2FBF3F103FB112313B92046E9
:103DA0002AF0B2DC94F88C3243B194F8F034013B41
:103DB000DBB2022B02D8204615F048DE0025D4F8ED
:103DC00064325F591FB3BB790BBB3B7AFBB1D7F8A9
:103DD00018319B7ADBB1384625F090DEB8B13B7CD8
:103DE000ABB1D7F818319B7A8BB13B7A7BB107F135
:103DF000DC063046FFF312F2034640B94FF0FF32C3
:103E00000090019220463946324628F0C5DC043540
:103E1000202DD4D1204616F003DB236A5B7DB3B19D
:103E200023689A6A3C23B2FBF3F503FB152575B9A9
:103E3000D4F86432585938B183792BB9037A1BB15D
:103E4000037C0BB917F028DC0435202DF0D1204677
:103E50002AF038DC20B9D4F8180539F0A9DF38B1D8
:103E6000236A20211869002264F03ADD002604E06C
:103E7000236A202118690122F6E7D4F864329D599B
:103E8000FDB1D5F8A83013B1013BC5F8A830D5F87D
:103E9000AC701FB1013FC5F8AC7012E0AB7983B1D3
:103EA0002B6D99070DD595F8A43053B102F0DADEE9
:103EB000D5F8B01040F052DE18B1C5F8A87085F8FA
:103EC000A4700436202ED8D1B4F850371BB1013B72
:103ED000A4F8503702E0204622F076DD0026354671
:103EE0000BE0D4F8C4329B195B6A23B1D4F8C82222
:103EF00052F82500984701353836236893F8B420E6
:103F00009542EEDB93F83B5045B193F83C502DB110
:103F100094F8FC5515B1E368D3F880510026D4F825
:103F2000643253F80690B9F1000F40D099F806308A
:103F3000002B3CD199F80830002B38D099F8563333
:103F4000DA0704D52046494699F8542305E0980736
:103F500005D599F855232046494624F0A7DB94F867
:103F6000FC3523B399F804300BB3D9F818314A461D
:103F70001978204629F02CDE236893F83B20B2B153
:103F800093F83C309BB194F88E3283B9D9F808315C
:103F9000D4F85001DF8D93F86030BF0201335F43E6
:103FA00099F844102B463A465CF066DFED1904366A
:103FB000202EB4D1236893F83B206AB193F83C30AB
:103FC00053B194F88E223AB994F8FC3523B1D4F861
:103FD000500101215CF07ADF002384F8FC3522686F
:103FE000D4F88434926AB3F89E30B2FBF3F103FB49
:103FF000112313B9204609F095FAD4F8683223B199
:10400000D3F818210AB112781AB1D4F86402002248
:1040100002E01B7ACBB9F8E7835893B19D79D3F8C6
:10402000EC1015B1890405D40BE011F4005F08D041
:10403000C90306D4197A21B1D3F818310BB11B7812
:104040001BB10432202AE7D103E0A06802210FF05F
:1040500027DE204619F0ECDFB8F1000F04D020462F
:10406000022100222BF050DF07B0BDE8F0830000F2
:104070002DE9F04F92F82A301446B2F81CB08DB0FA
:1040800006460D46D0F804A00F6952692BB193681B
:1040900094F8228003F11A0903E09268984602F12D
:1040A0001809A368072B0DD93046494613F0E8DC00
:1040B00040B1B9F806304FEA132949EA03291FFA3B
:1040C00089F901E0B4F8089095F8243003F0120360
:1040D000022B0DD148F68E03994509D12068D7F8F7
:1040E000081110300622FEF395F1002840F0C88335
:1040F00094F82C30EBB9A38B1B051AD53368D3F891
:104100008830D3F84C230132C3F84C23D5F824224D
:104110000132C5F8242205EB4802B2F8A410B4F825
:104120007E20914205D1D3F8BC210132C3F8BC21D5
:10413000A6E3BB79CBF3802B002B32D1D7F8183113
:104140001A7B92B194F82C207AB9BBF1000F0CD1F4
:1041500095F8CA10626A51FA02F2D00705D43846BF
:10416000A18B029317F05CDB029B3268526BC2B1E9
:104170001B7FB3B194F82A309BB194F8283083B1F7
:104180000021384629F008DAD7F8EC30990408D530
:10419000A28B12F4005204D1D6F84C01394662F0D9
:1041A00003D9238C5A0700F16B83A38B03F480435C
:1041B00063633BB93A6D40F237131340EBB197F8A4
:1041C0005830D3B10023A3633046234651462A46D4
:1041D000CDF800807AF042DB636B40B9002B00F031
:1041E0004F83D5F864310133C5F8643148E323B116
:1041F000D5F860310133C5F8603194F82C3043B9FB
:1042000008F15003B4F87E0005EB43039A889880C8
:1042100000E0002294F82C3043B3636994F82A201C
:104220009B680AB11A3300E01833B9F5006F40F00B
:104230006E81A268072A40F26A811A7A1209042A5A
:1042400040F065819A6912BA002A00F060815B7CB7
:10425000012B40F05C8102F07043B3F1604F00F03D
:104260005681D2B2FF2A40F00B8350E1B4F87E00B1
:1042700008F1180910F00F0340F0A38005EB89093D
:10428000D9F8041079B11A465046029303F0A6D922
:10429000029B05EB8802C2F8843008F14A02C9F893
:1042A000043045F82230BBF1000F00F03081E368A4
:1042B0006269039305EB88035A66A16B31B105F57A
:1042C0001C70053014311022FEF3B8F063699A684F
:1042D0005868510DC0F3140E9889DB8849058E4447
:1042E000C3F34A133168013302EB000C7344C9690C
:1042F000CCEB0303CEEB020E896803EB0E02101821
:10430000884234DA5046FBF791F808F1180905EBBA
:104310008909C9F80400002800F0B2826269806847
:104320009168536821F07F4E2EF4600E9289C3F39A
:104330001403C3EB0E03C91A9A18FEF37FF06169E8
:104340008B684A6823F07F4323F46003C2F31402AE
:104350009A1AD9F804309868801898609889821A57
:104360009A81888900229881504603F037D9D6F87F
:10437000E015039B05EB880259186FF005035B1AE3
:104380003168A148C96989685B18C2F884306168DE
:104390000822FEF33FF06B6810B943F0080301E018
:1043A00023F008036B60994861680822FEF332F03D
:1043B000AB6810B943F0200301E023F02003AB60A9
:1043C000A5E005EB8901496800293ED0504020F066
:1043D0000F0020B902F00F02013293420FD00022E9
:1043E000504603F0FBD808F1180205EB82020023C7
:1043F000536008F1200205EB8202536021E0A16BBB
:1044000049B105F51C70053014311022FEF302F09D
:10441000002840F0358208F1200905EB8909A368DE
:10442000D9F8042008F1180C93421DD905EB8C072C
:1044300050467968002203F0D1D800237B60C9F888
:10444000043008F14A0845F828303368D3F888303A
:104450001A6E01321A662B69002B00F01182DB689C
:104460005A6D01325A650BE28DE8080405EB8C0C9D
:10447000DCF80410304609F104026368CDF808C086
:1044800013F036DF50466169002203F0A7D8DDF84B
:1044900008C0BBF1000F3AD1DCF8042008F14A0350
:1044A0006261CCF804B045F823B09368928903F1B7
:1044B0001801C9F804B06160A2F11801A16094F874
:1044C00029102360E26021B103F11E011E3A6160F0
:1044D000A26094F82A203AB1626884F822800232FD
:1044E0006260A268023AA2601A785B7842EA03230B
:1044F000A383636B5BB1A36B4BB193F90E2061682F
:104500008A18626093F90E30A268D31AA360A36B75
:1045100063B11B7A042B04D1304621467AF02ADAA3
:1045200004E00B2B02D120461AF0ACDBBBF1000FEC
:1045300040F0C481626993695B0613D5BB792BB9DE
:10454000D4F88010384618316EF08ED863699B69B4
:10455000180640F19581D6F830012946224601F02F
:10456000B5F9ABE123689888D988ADF81000ADF8AB
:10457000121018895989ADF81400ADF818109889EF
:10458000D989ADF81A00ADF81C10188A598AADF80F
:104590002000ADF82210988A94F82910ADF8240074
:1045A00041B1198B588B9B8BADF82810ADF82A00C0
:1045B000ADF82C30A38B13F4807F03F4007304D187
:1045C00004A9616723B108AB05E008A961670BB9CD
:1045D00006AB00E00AAB6168236793683046C3EB23
:1045E000010813F04DDA6369998988B1072940F20F
:1045F00047819A68A8F106084244C8EB01089A600E
:10460000A3F80C80E26615E02C1D89000338010038
:104610000D2940F235819A68A8F10E084244C8EB92
:1046200001089A60A3F80C802389E266190A41EA1E
:1046300003239381A36B6BB11B7A012B0AD0032B4D
:1046400008D0304651462A46234679F0C7DE002876
:1046500000F01681A36B33B11B7A022B03D13046D5
:1046600021467AF087D997F85C339BB1E36E9B893A
:104670001A0A42EA0323934A1BB293420AD13046F4
:1046800061690622002315F0BBDD18B130463946BA
:1046900049F006D9626FE36E1188198050885880FE
:1046A00091889980216F0888D880488818818988E6
:1046B0005981616994F822E0C8890EF0070E20F054
:1046C00007004EEA0000C8811178C9070BD5316890
:1046D000D1F88810D1F8D0010130C1F8D001F968C3
:1046E000886D0130886597F8591061B195F82410EC
:1046F000C80608D49989080A40EA0121714809B21C
:10470000814240F0BD80D6F89811795C79B195F876
:104710002410C9060BD49B89190A41EA03236A496C
:104720001BB28B4203D026398B4240F0A980BB7963
:10473000EBB992F8008018F0010818D1D7F81831B9
:10474000384693F87420013283F87420D4F880102E
:1047500018316DF089DF61695046FFF325F20121C0
:10476000034642463846CDF800806DF0FDDFD6F8AE
:10477000D0361B68FB58002B35D01B68002B32D07D
:10478000D4F86C80B8F80C301A0A42EA03234D4A78
:104790001BB2934227D197F8A73313B197F8F6339A
:1047A0000BB350466169424612232BF0C1DB00284F
:1047B0003BD0B8F8103050461A0A42EA0323616928
:1047C00008F112029BB22BF0B3DB00282DD0636BF3
:1047D000D6F8D006003318BF0123394642467DF093
:1047E00077D900284CD17B69002B2FD0D4F86C806E
:1047F000B8F80C301A0A42EA0323324A1BB2934239
:1048000024D150466169424612232BF091DB60B1FE
:10481000B8F8103050461A0A42EA0323616908F1D9
:1048200012029BB22BF084DB30B93368D3F88830A6
:104830005A6E01325A6623E0626B7869003218BF03
:10484000012241462B4643F0B3DAC8B9D5F894317A
:10485000DB070BD594F8293043B9E36E9B891A0A1C
:1048600042EA0323174A1BB2934209D1636994F8C1
:104870002920009330462946636F26F045DC1DE071
:1048800033685A6BAAB161691048CA89D3F88C3071
:1048900002F00702825C0E48855C50460C3503EB43
:1048A000C5056B68AE6801336B60FFF37DF180195D
:1048B000A86050466169002202F090DE0DB0BDE8AC
:1048C000F08F00BF8E88FFFFB488FFFFBAD5880045
:1048D0006CE188002DE9F04F4FF0000AAFB0CDF841
:1048E000B0A0CDF8B4A0D68A984610939B89044610
:1048F000212B0F461546CDF864A08DF84EA0CDF8BB
:1049000050A08DF857A08DF854A08DF88CA08DF88C
:1049100058A011922B92CDF888A001D803684AE0E4
:10492000D8F808901046494671F0D2D909F106032B
:104930000890C8F82C000B93B9F806301946ADF86A
:10494000483001F00C02184601F0F00301F4407108
:10495000A1F5407E92081B09DEF1000141EB0E013A
:10496000022A08BF4FEAD30AADF84A205FFA8AF25A
:10497000ADF84C308DF855108DF85620B5F804E0A0
:104980000EF0030EBEF1020F04D100B2002801DACE
:10499000DB0800E00023D8B28DF85700002914BFCF
:1049A0002823222302B1023300B1043310988089F6
:1049B000984206D22368D3F888305A6E01325A667C
:1049C0007EE399F80A3003F001038DF8583009F1BD
:1049D0001E030C9311B109F124030C9300238DF8ED
:1049E00059304AB10C9B5A781B7843EA0222DB0902
:1049F00007928DF8593000E0079241463846FFF3A0
:104A0000D3F0109909908B68384606338B608B89F8
:104A1000063B8B819DF859301BB1FEF365F50146CD
:104A20003846042202F084DD16F4404F9DF85520EC
:104A30000CBF4FF0000B4FF0010B00232D9302BB76
:104A4000BDF848300B9913F4407F09D101F11006ED
:104A500020460A315A462DAB78F00CDA2C9005E04E
:104A6000D80501D50E1D01E001F10A062D9B23B9E1
:104A70002046314648F0F8D92D902D9B003318BFC1
:104A800001238DF85C302D9B13F1000A9DF85830FE
:104A900018BF4FF0010A43B90B992046043148F082
:104AA00009DA061C18BF012600E00026D4F80432FB
:104AB0001BB9236893F82C306BB3236893F83E201E
:104AC000002A08BF4FF0000A7EBBBDF84820D2057F
:104AD00006D49DF858201AB1BAF1000F40F0F682C2
:104AE0009DF8552012B19DF858203ABB93F82C3010
:104AF000002B00F0C982BAF1000F04D120462946EC
:104B000058F064DEC0E22D9B9B79002B40F0BC8204
:104B10004FF0010A14E09DF858301BB9002E00F048
:104B2000B38202E0002E00F0D1829DF855302BB9FF
:104B3000BAF1000F00F0A8829A4601E04FF0000A97
:104B40009DF856300BB39DF859304BB194F80E32A6
:104B5000002B00F09982109B9A6942F040029A6102
:104B600007999E4A01F00703D25C9D498DF84E30AB
:104B70008A5C0799149201F0100212118DF85420EA
:104B80000C9A8DF88C3002320C92109BD98998893E
:104B900011F4005218BFB3F850200C999B6882188A
:104BA000CB1A0E924146D21A38460D920693FEF366
:104BB000FBF7069B0B9AC31A0F93937DD17D43EAB3
:104BC0000123ADF8AA30BAF1000F2FD12CAB00931E
:104BD0000E9B204601932DA92B4618F0ABDE002832
:104BE00040F0528274E22D99002900F04D820B9A18
:104BF00020460A325B4678F07BD82C90002840F0A3
:104C00006D820B9A2D9920460A325B4678F072D954
:104C100001462C9030B92368D3F88830DA6E01321F
:104C2000DA6631E2204677F0D5DF57E2BDF848304A
:104C300013F4407F04D12D9B1B7C002B3AD106E05E
:104C40009DF855301BB92D9B1B7C002B32D0204684
:104C50002D990A325B4678F04DD92C9018B913E2A1
:104C60002C9B1B692D931EB123689A6A2C9B9A6218
:104C70002D9BD3F810210792BAF1000F21D19DF896
:104C80005520F2B99DF858201AB1BDF84820D0053A
:104C900010D49979BDF8482011B1D1050AD510E09A
:104CA0001B7C02F44072002B14BF4FF400730023EE
:104CB0009A4206D02368D3F888309A6D01329A65FB
:104CC000E2E12046294658F081DD002388F82300E0
:104CD00083462D9888F822308379ABB9BBF1000F59
:104CE00012D0594695F91D20334658F0CFDD29469C
:104CF000D4F8C426204658F00DDD3246014688F827
:104D000022002D9858F010DE2C9B93F8922112B9B6
:104D1000D3F8F42052B3BBF1000F27D0D3F8F01032
:104D2000D3F8EC2042F821B0D4F88424517911F062
:104D30000100D3F8F01018BF95F91F0003EB8101B3
:104D4000C1F89C015279521012F00101D3F8F02001
:104D500018BF95F9201003EB8202C2F8BC11D3F8FA
:104D6000F020013202F00702C3F8F0209DF8552030
:104D70002D9B0AB1DB6D3CE09A792C99002A31D049
:104D80004B6B25934B685A061BD59DF85620C2B134
:104D9000BDF8AA20100714D191F8D7208AB10A7D56
:104DA000D2070ED4BDF84820D0040AD59A0308D5FE
:104DB000149A91F8C9301341DB0702D520463AF026
:104DC0000FD9BDF8483013F4805F2C9B5A6814BF8C
:104DD00042F4003222F400325A600BE0BAD5880067
:104DE0006CE188004A6B25921A7C1AB9DB6DD807F2
:104DF00000D525932D988379A3B9037C93B19DF8B1
:104E000058307BB9BAF1000F0CD1079B83F806A08C
:104E100094F80C22D3F8F0309A4203D084F80C3284
:104E200021F010DB9DF85830FBB12D998B79002BC8
:104E300040F02A810B7C43B10B98E23110300622FE
:104E4000FDF3E8F2002800F01F810B980430FEF318
:104E5000D9F150B92D9890F8453033B90B990431F8
:104E600048F076D9002840F00F81BDF8AA30089AA2
:104E7000A8F81C300B9BC8F82C201B7C2C9913F035
:104E8000010F099E4FF0000707D0D1F854310133CC
:104E9000C1F85431F1E9622306E0D1F85031013311
:104EA000C1F85031F1E96023921943EB0703C1E9DE
:104EB00000239DF858309BB999F8003099F80120EB
:104EC0001A4399F8023013430AD0D8F82C10D4F8BA
:104ED0005C016A8A78F0C6DB2C9B0899C3F85C11E8
:104EE00099F90330002B07DA2368D3F88830D3F818
:104EF000A8220132C3F8A82299F8033013F0300F2A
:104F000007D02368D3F88830D3F8B0220132C3F831
:104F1000B0229DF85830002B71D1D8F82C002368AE
:104F200010F0407FD3F8886001D1C0B201E070F08A
:104F30004DDD16283AD00CD80B2825D004D80228ED
:104F400016D004285BD119E00C2823D0122856D1A2
:104F500026E030283CD004D818282DD024284ED163
:104F600030E0602840D06C2844D0482847D135E054
:104F7000D6F838320133C6F8383240E0D6F83C3241
:104F80000133C6F83C323AE0D6F840320133C6F875
:104F9000403234E0D6F844320133C6F844322EE0D1
:104FA000D6F848320133C6F8483228E0D6F84C32F9
:104FB0000133C6F84C3222E0D6F850320133C6F83D
:104FC00050321CE0D6F854320133C6F8543216E0A1
:104FD000D6F858320133C6F8583210E0D6F85C32B1
:104FE0000133C6F85C320AE0D6F860320133C6F805
:104FF000603204E0D6F864320133C6F864329DF8BA
:1050000058301BB12D980BA91AF01ED99DF85830B5
:105010002BBBD8F82C0010F0407F01D070F0D6DC0C
:1050200000F07F00022809D0042807D00B2805D003
:10503000A0F11601484240EB010000E001200022EF
:10504000E98895F91C3000920190A888090A800B24
:1050500002902D9803920490204609F058F92C995B
:105060004B685A030BD59DF8583043B9BAF1000F7D
:1050700005D1D4F838010BAA33F038DE33E02046EE
:105080000BAAFEF7F5FF2EE023685A6BC2B19DF81C
:105090005820AAB910991548CA89D3F88C3002F063
:1050A0000702825C1248845C38460C3403EBC4046B
:1050B0006368A56801336360FEF376F54019A0606C
:1050C00038461099002202F089DA0CE0B24637E542
:1050D000BDF8483013F4407F3FF485AD2D9B002B85
:1050E0007FF4C1ADBCE52FB0BDE8F08FBAD5880024
:1050F0006CE188000B68C968DB691A6889B14B7874
:10510000012B0ED1B2F8BE3023F040031B041B0C60
:10511000A2F8BE308978890644BF43F04003A2F864
:10512000BE3000207047F8B591E88800DC6903685C
:105130000D461A6892F8626126B1D3F8600806F04D
:1051400073FF0646F86DF9F725F958B156B1E868CE
:1051500058B14378012B04D00C23A3804FF0FF30CB
:10516000F8BDA0610023A3800020F8BD38B5036816
:105170004C681A6892F8625125B1D3F8600806F0BD
:1051800053FF0546E06DF9F705F950B145B9D4F87C
:10519000A00300F02000002814BF0320002038BD29
:1051A000032038BD2DE9F84391E808020568DC6961
:1051B0002B680E4693F86271D4F8008027B1D5F8B9
:1051C000600806F031FF0746D9F85C00F9F7E2F80D
:1051D00088B187B1F06888B14278012A05D00C23E4
:1051E00023844FF0FF30BDE8F8836062D5F8600893
:1051F000414607F0D9FC002323840020BDE8F88352
:105200002DE9F04F1C4692F801909B68D1F85CC0E4
:1052100089B0002723F4C063B9F1010F80460E4620
:105220001546CDF810C005970697A36040F23C8163
:10523000D278AB7843EA0223012B40F03581A9F103
:105240000203DBB2032B0ED81CF0400F00F02C81C0
:1052500004222DF0F5DC002800F026814023636352
:105260000423A36329E12F1D384696490322FDF349
:10527000D1F08246002840F0178140463146EA7955
:105280002DF0DEDC002800F00F8104F1380B3846E9
:105290005946FFF31DF0A9F10603DBB2012B11D82B
:1052A000049B5F0640F100814046314604222DF008
:1052B000C7DC002800F0F880402363630423A36365
:1052C0005746FAE06A7A2B7A43EA0223012B40F030
:1052D000EB8005F10A0738467A490322FDF39AF07C
:1052E000002840F0E180404631466A7B2DF0A8DC82
:1052F000002800F0D98038465946FEF3E9F7A9F1B5
:105300000C03DBB2012B06D8049B580640F1CC807D
:1053100040236363CEE0EA7BAB7B43EA0223012BAD
:1053200040F0C08005F1100066490322FDF372F0E1
:10533000002840F0B780EB7C012B01D0052B02D177
:10534000049A510617D4062B02D1049A120612D4DD
:10535000D8F8002092F862212AB1082B03D1049AD0
:1053600012F4802F05E0022B40F09C80049A12F08A
:10537000800F00F097805A1FD2B2012A01D9082B62
:105380000BD1336D5B0504D4049B13F4922F00F012
:105390008F80A36843F48063A360336D5F0503D5FA
:1053A000A368580540F1848005F1100004A900228B
:1053B000FEF31AF7002877D0049BA9F11202D2B2AB
:1053C000012A63638CBF2A7D0022B3F5802F01D1AF
:1053D00051066BD5D8F87C06316D0DF11F0304F032
:1053E0005FFA002864D09DF81F301BB1A36843F416
:1053F0000073A360A9F11407FFB2002F4AD095F8FB
:1054000001A0A9F11609C7EB0A0A05EB0A0393F8F4
:1054100003C003F1020B9B785FFA89F943EA0C2C75
:105420004FEA1919002723E00BEB0713023305930A
:105430001023ADF81C3004F114030093636B304665
:10544000019306A905AA07ABCDF80CC057F09ED969
:1054500001372028DDF80CC00AD1059A62B1069BFD
:1054600053B1012100914046214638F033D903E081
:10547000674501D04F45D7D15544EA78AB7853EA18
:10548000022317D0059BBBB1069F002F0CBF352709
:10549000002712E0404621463A463B46009738F046
:1054A00019D90AE02B2708E00C2706E02D2704E095
:1054B0001F2702E0002700E03527384609B0BDE885
:1054C000F08F00BF22380100F8B591E82800076886
:1054D0005B681E683B6893F862415CB1D7F860086E
:1054E00006F0A2FD31460446D7F8600806F0A0FD9C
:1054F000064600E02646E86DF8F74CFF30B124B1CF
:10550000002E14BF03200020F8BD2046F8BD2DE971
:10551000F34191E8480007685B680C46D3F80080C7
:105520003B6893F862315BB1D7F8600806F07CFD08
:1055300041460546D7F8600806F07AFD074601E0C7
:105540001F461D46F06DF8F725FFA0B19DB197B13C
:105550000122002101A8FCF3F5F701A80521FEF3C3
:10556000C9F30122A369F42001A9FDF30FF5236813
:10557000A2695B681A620020BDE8FC8173B503680C
:105580000C461A684D6892F8626126B1D3F860083B
:1055900006F04AFD0646E86DF8F7FCFEB8B11EB904
:1055A000D5F8A033980612D50122002101A8FCF3FA
:1055B000C9F701A80521FEF39DF30122A369F42098
:1055C00001A9FDF3E3F42368A2695B685A61002036
:1055D0007CBD73B503680C461A684D6892F8626129
:1055E00026B1D3F8600806F01FFD0646E86DF8F70F
:1055F000D1FE98B11EB9D5F8A0339B060ED5012275
:10560000002101A8FCF39EF701A80521FEF372F327
:10561000F42001A90122A369FDF3B8F400207CBDA8
:105620002DE9F3471746027A04460E46D0F800905B
:10563000D1F800800AB1002B6AD0E3199D7A002DC1
:1056400067D098F8023194F8272003F01C039B08D8
:10565000934238BF13463371304630F093DD98F8EB
:1056600002314FF4005203F0030312FA03F3F36024
:1056700098F80231204603F003030D3386F83D31DC
:10568000414607F1360A2FF00BD856F82A5045B993
:105690004FF4417001F06CDF0546002839D046F820
:1056A0002A00284600214FF44172FCF34BF70223F5
:1056B0002B700023AF7085F8ED30D9F80030C5F8B5
:1056C000F48093F869318BB1484649F041DC38B138
:1056D000E37C984228BF184684F80434E07405E05F
:1056E00094F8043413B1E37484F80404A27CE37CDA
:1056F000009294F82F2048460192D5F8F4103A46CB
:1057000032F036DFD4F850321A6D01321A6500E0FB
:105710001D462846BDE8FC872DE9F041D0F8E82277
:10572000002507460E46A8462B46D2F8B010043294
:10573000002918BF98460133182B0D44F5D128F0E5
:1057400007083046184908F10708FDF36BF105BB5F
:1057500022E0D7F8E83204F12C0253F82220642327
:1057600053433046B3FBF5F31049FDF35BF1104BA7
:105770002340002B03DA013B63F007030133072BBF
:1057800005D1444503D030460A49FDF34BF10134BD
:1057900000E000244445DCDD30460749FDF342F1DA
:1057A0000020BDE8F08100BF225701002C57010006
:1057B00007000080375701001A2D890037B50023F4
:1057C0000193079B0546032B144604D901A80699AB
:1057D0000422FCF333F60E2C2B6806D11B68002044
:1057E00093F8D120089B1A6001E06FF016003EBDCF
:1057F000F8B5C269002307460D461E46D15804334A
:10580000602B0E44FAD128461149FDF30BF1C6B1C5
:105810000024FB69284653F82420642353430D4990
:10582000B3FBF6F3FDF3FEF004F00703072B05D1FD
:10583000172C03D028460849FDF3F4F00134182C46
:10584000E7D128460549FDF3EDF00020F8BD00BF83
:105850005C5701002C570100375701001A2D8900B1
:105860000020704710B51C4603699B794BB9880529
:1058700001D5101D03E0C90510D502F10A0021462B
:1058800008E0CB0502D502F10A0002E0880505D543
:10589000101DA11D0622FCF3BDF580B9204602991A
:1058A0000622FCF3B7F568B1204603990622FCF303
:1058B000B1F500280CBF4FF0FF30002010BD4FF0B5
:1058C000FF3010BD4FF0FF3010BD00002DE9F04F4C
:1058D0005D4B07461868EFB06A9015469A886C6968
:1058E000ADF8AC2153F8060FA2686C909B88049128
:1058F000ADF8B4317B68A98BD3F814B06B6805910F
:105900009B1A9BB2D218A260A289D5F81090D31A24
:10591000A3810026B84664E0642E64D0A368E289BF
:1059200003F10E0712F4005218BFB4F85020BF075D
:10593000A089998905D04746FB6E1A6C01321A641A
:105940005BE01218DFF808A10F0A92B247EA0127BC
:105950000392A18ADAF800200E3752F82120BFB254
:105960001AB13A4AF91C0A4000E03A4603999142BA
:1059700005D04746FB6EDA6B0132DA633DE06AAA76
:1059800000926CAA0192049805992A68FFF76AFFB1
:10599000002832D1E3899B0407D5B4F8503023B1F5
:1059A000A389FF1AA4F8507000E0A7812246D8F816
:1059B0000000594619F0BCDEE38995F8222023F057
:1059C000070302F007021343E38106AB43F82640C6
:1059D000A28ADAF80030013653F82240039BC3EB69
:1059E0000909002C98D14746B9F1000F01D105AB48
:1059F0000FE0FB6E5A6C01325A6458466969002206
:105A000001F0ECDD1DE053F8042F0021918209F133
:105A10000109B145F7D124B158462146002201F0D1
:105A2000DDDD00240BE006AB53F8243095F8292087
:105A30000093386804999B6825F066DB0134B44212
:105A4000F1D16FB0BDE8F08F2B380100FCFF0100F1
:105A5000E80300002DE9F04FB1B0DDF8F4800793C2
:105A600000230F922F9308F138023A9B0B92D1F842
:105A700008215B880C92079A0E931388814603F0E5
:105A8000FC03A3F120077B4243EB07030C463C9E3B
:105A9000856908932BB13A9B4FF0300B04330A937E
:105AA00003E0089A4FF0100B0A920021282210A858
:105AB000FCF348F51AA800212822FCF343F5D5F899
:105AC0006C332BB110A805F55B712822FCF3B6F4FA
:105AD0000C9B0DF1400A03F138070DF1680C3A46B2
:105AE000534628462146CDF800C0CDF818C024F012
:105AF00065DAD5F8843439469B7824AF00220B98B8
:105B00006FF0BEDE384600212422FCF31BF508F1BD
:105B10004D03DDF818C02593CDF898A0B8F868308B
:105B20000DF1B40A504600210822CDF89CC02893FC
:105B30002496FCF307F57368CDF800A0C3F3004387
:105B40008DF8B43021465A460023D5F894062E9796
:105B500053F03AD804F1DC0300F1060A079A0D93DA
:105B60008DE808042FAB0A320293074659462846AF
:105B700004F1E203099220F08BDE844618B9112269
:105B8000A8F86820E9E02F9B0022012119705A70C3
:105B90002A6A1268022A04D194F92C210AB9212216
:105BA0001A70216D40F237120A4032B194F8582031
:105BB0001AB11A8842F010021A8095F8722432B194
:105BC0002A6A527D1AB11A8842F480621A80B8F8A3
:105BD000682021465A80B8F820209A802F9B2DAA51
:105BE00006338DE88C002F93D5F894065A4600238F
:105BF000CDF818C052F056DFDDF818C0002840F08C
:105C00009980009498F81820E3680290039001921C
:105C1000DA6828463346614624F01AD8B8F8683066
:105C200023B13046022176F0A5DB83E02F9B063BB3
:105C30002F93B36898050CD596F8243003F003032E
:105C4000032B06D1D5F87C06214632465DF0C6DA34
:105C500083E0B8F820303146A6F8CC30284676F0FC
:105C6000B9DF0C9A022192F860300E9A30469342C6
:105C700038BF1346A6F8FA3076F004DED4F8EC30DC
:105C8000190309D5284621461AF038DD012803D129
:105C90002846214646F0F2DE2B689B6AF362089B99
:105CA00053B10D980A990622FCF3B4F320B148468B
:105CB0000999E26836F0A6DF0999E268484636F0AD
:105CC000C5DC2A68D4F8EC1092F84F2011F4005388
:105CD00018BF022312F0030205D0CA045ABF72682B
:105CE000C2F3004200227F218DE806000B9806F1E6
:105CF0003C0100226FF0F0DE2846314677F058DB99
:105D0000606920B106F11401012201F0D9FFD4F835
:105D1000EC309B0404D5D5F84C01214660F064DBDF
:105D20002B6893F8693133B128462146012202F0ED
:105D3000BDFF00E0BA463B9B3A9A01932F9B00922D
:105D40000293484621460F9A079BCDF80CA0049673
:105D5000CDF8148036F054D905E048462146079A1C
:105D6000434635F029D931B0BDE8F08F2DE9F04F29
:105D70008569E3B0924698469DF8B421D5F8643120
:105D80000C4607921BB19B79002B40F06A812B686F
:105D900093F82F30ABB1236D990712D594F8A43046
:105DA0007BB100F05FDFD4F8B0103EF0D7DE002802
:105DB00000F06C810023C4F8A830C4F8AC3084F83B
:105DC000A430A3791BB12379002B00F04A81BAF8E3
:105DD00000B01BF4804B65D00AF10A032846214627
:105DE0001A46069376F080DF0746002800F03981D6
:105DF000D0F8D030002B00F0348198F803909DF853
:105E0000B8314FEA99190BB3D5F89C3253F8296091
:105E1000E6B13369D3B1337AC3B1414603225BA8FB
:105E2000FCF30CF35BA806F1140132690330FCF3B8
:105E300005F331695BA8033108AA02F0AFDA6C9A66
:105E400008F10400111F08AA02F0CADA09F11C09BE
:105E500054F8293093B11A696C984146143308F00C
:105E6000F5DCC0B9012300900193029003900490E7
:105E7000214628461722069B1AF05ADDD7F8D00093
:105E800001F088DB0023C7F8D03003230F260693E8
:105E90004FF00109D2E06C9A08F10408083A6C92BC
:105EA0000F2601E05E465F46B8F80230B8F8009071
:105EB00006932B6893F8623173B1B9F1030F0BD1DC
:105EC0006C9A079B00920193D5F8600821465246D0
:105ED000434674F057D8C4E0069A032A00F2C18002
:105EE000BBF1000F67D1012A40F0CC80B5F8AA01C0
:105EF00022F014D90AF10A0B031C214618BF012312
:105F000028465A4676F0F4DE014610B1284676F06F
:105F1000F1DE284621465A4676F0E8DF074600289B
:105F200000F0B2804368DA0408D52A6892F830207D
:105F3000002A40F0A98023F4805343602846394664
:105F400025F0B2DDB9F1000F03D0B9F1010F2BD16B
:105F500012E0B4F9543094F94420384601211BB9B9
:105F600016B976F0B9DC01E076F01EDA97F8243045
:105F700013F001031DD118E0B4F95430012B18D0EF
:105F80003846494694F9442076F00EDA00238DE82D
:105F900008020293039304932846214617225B4686
:105FA0001AF0C6DC0D2649E000230122009301927D
:105FB000EFE7002E42D100210C225FA8FCF3C2F2D1
:105FC000344B0DF5927B5F93334B002128225846CA
:105FD00060936195FCF3B6F2069BADF8346153AE65
:105FE0003046002120224A93CDF824914B97FCF3B0
:105FF000A9F26C9A08F106030193931F009602938D
:10600000D5F894062146B0225FABCDF868B152F0C6
:1060100003DEBDF834618EB987B197F82430D80714
:106020000CD52846214604220AF10A03009601965F
:10603000CDF80890039604961AF07ADC069A20466A
:10604000531C0193002303930493079B0AF10A0155
:10605000059304F1DC023B46CDF800900296FDF773
:106060006DFC284621460AF10A0276F03DDE68B151
:10607000A3795BB190F82430D90707D52B689B6AC8
:10608000836203E00E26D9E70126D7E763B0BDE8B7
:10609000F08F00BF11148400151484002DE9F04F17
:1060A0009A46836EADF5077D81468669CB58D1F857
:1060B0000C01919C0D460D92DDF8408212930C90DC
:1060C000002C00F0AA82002131A86C22FCF33AF2E5
:1060D0009DF848320D998DF8DC30B4F8CC3033910E
:1060E000CDF8D0A0CDF8C4903295CDF8D4803694B8
:1060F00023B9206947F04AD8A4F8CC00B4F8CC20E2
:10610000D5F808310021ADF8E4204CA828221093DE
:10611000FCF318F20D98BAF800200388ADF82C2093
:1061200003F0FC03A3F12000434243EB0003D9B288
:106130008DF8473093B20A934B010E9394F82430B4
:106140000F9103F00303032B03D1A368990500F11A
:106150003F82D6F864311BB19B79002B40F0578207
:10616000336893F82F30ABB12B6D9A0712D595F8A1
:10617000A4307BB100F076DDD5F8B0103EF0EEDC57
:10618000002800F04A820023C5F8A830C5F8AC30DA
:1061900085F8A4300F9820B1B8F1090F40F237828A
:1061A00009E0B8F1030F40F23282A8F104010AF1CC
:1061B000040B099104E0A8F10A020AF10A0B099202
:1061C00000276763A763304621463A4676F0B4D984
:1061D000099BCDF8F4B0012B3E93CDF8ECB040F321
:1061E00016829BF80130099802339842C0F20F8260
:1061F00039460C2283A8FCF3A5F1704B39468393F2
:106200006F4B282284936AAB184608938596FCF35B
:1062100099F156AA0DF5E87C6B9260AA6C926046E3
:1062200039462022CDF81CC06A94ADF8C871FCF341
:1062300089F1089B09997B933368DDF81CC093F8BA
:106240004F30029103F00303CDF800C0CDF804B045
:106250008DF8E8310E9AD6F89406294683AB52F0B1
:10626000DBDCBDF8C8210E9208B11746BFE1BDF8CE
:106270002C30D4F8E000A4F8F83038B1417802317D
:10628000FDF322F7D0F1010038BF00200B900B98EE
:10629000EB6D8DF8E60023B12A6D40F23713134001
:1062A00013B92B6D5B060BD5D4F8E03043B9AB794D
:1062B000002B00F08F81D5F8EC30980440F18A81F2
:1062C000304656A960AA4CAB1AF0F6DE002840F022
:1062D000858196F81C259DF844319A4240F07E81D4
:1062E00094F8243099070BD594F8D73023B1304671
:1062F0002146012239F0C0D92046FE2176F03AD855
:1063000095F94430002BC0F2718194F82430DA07FB
:1063100040F16C81336893F8A9304BB1D6F8700125
:106320002AF04EDD022803D10A99CB0540F15481B1
:106330006D2215A80021FCF305F10023DDF830E102
:106340001A4612E086A8C11811F8E41C01F07F017A
:106350006C2909D81B48405C30B115AF40B2795464
:1063600032EA200228BF012201337345EAD1616875
:10637000336A21F007016160587D12F1000C18BFEB
:106380004FF0010C18B112B941F0010161605B7D61
:1063900033B10A99480503D4636843F0020363608C
:1063A0000A9A12F02002139203D0636843F00403A8
:1063B0006360109B986B002314E000BFB111840050
:1063C000CD138400581689001099CA1892F83C2001
:1063D000110606D502F07F0215A98A5C002A00F09A
:1063E000FD8001338342EFD1336893F84F309A0731
:1063F0002AD06D9941B34A7830460232CDF81CC09C
:1064000054F09CDA002207460092304621463A4674
:106410000023FBF701FCDDF81CC0AFB151A810222E
:106420000130F91CFCF30AF051AA0023F11891F88D
:10643000011312F8010F0840884240F0CF80013369
:10644000102BF3D14FF0020C129B9C45C0F0C6807C
:10645000EA6D22B1296D40F237130B4013B92B6D51
:106460005B060BD5636B23B1A16B40F237130B4076
:1064700023B92B6D13F0410F00F0B8800A98C006C5
:1064800018D5296D40F237130B409BB9490601D549
:106490000B9979B130460D9E0023012200930192A1
:1064A0000293039304932946172206F10A031AF074
:1064B0003FDA9BE0E2B12A6D40F237131340BBB1E3
:1064C000D30715D594F8D630012B11D1636B7BB16E
:1064D00005F1DC03009305F1E20301930227304646
:1064E0002946224604F11403029726F097D87EE04D
:1064F000336893F830304BB9336A1B68022B05D1EF
:1065000095F92C3113B91398002869D0336A1B68A8
:10651000022B05D199F8003013B10A99480561D5CD
:10652000304619F07BDDD9F8283098425CD23046ED
:1065300029461AF0E3D8D5F88430984254D2D5F8D9
:10654000EC30990408D5D6F84C0121465A46099BEF
:1065500060F016DA002849D10E9A4CA9ADF82C212A
:106560003FA82822FBF36AF70C99486B08B101F0A9
:1065700011D80F9A1AB1AAF1060A08F106089DF877
:1065800047000C9B83F83C00404600F0F1DF0C997B
:10659000486308B9886306E042465146FBF34EF76C
:1065A0000C9AC2F8388001238DF8F03104F11401FF
:1065B000002306227DA8ADF8F231FBF33FF731ABA3
:1065C0000093304629467CAA234635F051DD24E06D
:1065D0001E270CE00D270AE0162708E0122706E028
:1065E000132704E0192702E0112700E00C2731AB44
:1065F0000393484629467CAA0D9BADF82C71CDF833
:1066000000A0CDF804800294FFF724FA05E0484684
:1066100029460D9A31AB34F0CFDC0DF5077DBDE88E
:10662000F08F00BFD1F80C0130B5446B4CB1816BD9
:1066300039B190F83C50002D0CBF04250A25A94221
:1066400003D200211160196030BD251D156019604D
:1066500090F83C0018B106390A34196014601A68C1
:10666000043A1A6030BD0000024B00F00F0053F8EE
:1066700020007047746501002DE9F04FCB88D0F8F9
:1066800010218BB09B0605460E460468D0F80C71AD
:106690000892D0F804A11DD5036D9A0712D55807AA
:1066A0000BD501F16F0004217CF0BADC90B906F142
:1066B000830004217CF0B4DC60B994F8413513F018
:1066C000020F05E0DA0705D594F8413513F0010F04
:1066D00040F02B8320462946728E16233CF0D6D8F4
:1066E000002840F04083738E204613F4404F0CBFC7
:1066F000002201220A3254F822902A46494621F00B
:1067000069DFFF28804600F02E8394F8903243F032
:10671000040384F89032236893F83B303BB1204661
:10672000294642465AF000D9002840F01C83236ACB
:10673000186961F0DFD840454DD0236A186961F0CF
:10674000D9D8FDF387F383464046FDF383F38345B1
:1067500009D1236A186961F0CDD808F4605300F4B8
:106760006050984237DC7B68022B0AD1BAF8BE3001
:10677000DB0706D5BB68182B03D0089A536B042B94
:1067800029D1D4F8580141464CF062DB204628F06C
:106790001FDC7B68022B08D1B5F954302BB9D4F833
:1067A000D4062946324651F0B5DA2046414626F055
:1067B00041DF236893F83B304BB1D5F83C3359683F
:1067C000D4F8C035994202D0204623F0ABD82046F9
:1067D0001FF0ACDE0FE0D4F8580141464CF042DF28
:1067E00048B1D4F8580141464CF032DB0021204634
:1067F0000A4622F00BD8236893F83B3093B1D5F8C2
:106800003C335A68D4F8C0359A420BD0204628F061
:10681000DFDBD5F83C332046596823F083D8204687
:106820001FF084DE09F15003C82250463146099317
:10683000FBF304F6D9F80030AAF83280022B07D116
:1068400099F81580D8F1010838BF4FF0000801E031
:106850004FF00008F38813F020030DD0236893F85D
:106860004F3013F0030307D0D5F8EC3003F4805316
:10687000D3F1010338BF0023DBB20AF1380B0793D1
:10688000FF22B8F1000F18BF00238DE80C00584616
:106890005946002243466FF01FD9D4F88434584635
:1068A000099901229B786EF0EBDF00282ED1B9F810
:1068B0000820D9F80090B8F1000F05D120464146D4
:1068C000069220F03BD9069ABAF8323003F46053AE
:1068D000B3F5205F08D0B3F5C05F07D0B3F5805F94
:1068E00014BF0A23142302E0A02300E02823FF2181
:1068F00001910290CDF800800393D4F88434584677
:106900001B79099904934B466FF0AAD8D5F8EC305F
:1069100098040CD52946204620F010D9FF23009377
:10692000019059465846002202236FF0D5D82046E0
:10693000594623F0D9DA96F9342020460032294608
:1069400018BF012246F0F2DC96F93430E3B9D5F8ED
:106950000831012283F86020D4F8440129465BF015
:1069600097D9284631463BF023DA28460E213DF0E0
:106970005BD82946204646F051DE204629467A68F3
:10698000BB6845F007D8CCE1D5F8EC30990405D5C3
:10699000D4F84C01294652465FF0BADC204629461D
:1069A000324676F0A3DA804638B9204629463A4680
:1069B0000BB0BDE8F04F3BF09D9F079AF2B1DAF8BB
:1069C0006830BAF86C900C33A9F10C0919464A46A4
:1069D0002046069353F0CCDF069B844619464A4670
:1069E0002046CDF818C053F099DFDDF818C000221A
:1069F000034600922046414662460AE04368DA03B5
:106A000009D5F3889B0606D4079B20460093414690
:106A10001A46FBF701F9D8F80430D5F8EC2043F416
:106A20008053C8F8043012F400524FF07F0308F18D
:106A30003C01009305D0079A584601920223002298
:106A400003E0079B5846019313466FF045D8204654
:106A5000414676F0ADDC204629463AF0C1DD236898
:106A600093F862315BB1EB6D580308D5BAF8BE20DC
:106A7000D4F860084146C2F3801206F095F898F801
:106A8000243013F00C0F40F04681B5F954A0236870
:106A9000C5F800A193F86231002B7DD0EB6D19068B
:106AA00005D5D4F86008294673F054DB10B9EB6DB6
:106AB0005A033CD500232946C5F80031D4F86008B4
:106AC00073F032DA29468246D4F8600873F040DA6F
:106AD00088B14FF4802920462946324608238DE8A4
:106AE00000063DF019D830B10323C5F80031C5F8D0
:106AF0005C909A461BE0D4F86008294673F02ADBC4
:106B0000A0B14FF0800B4FF00009204629463246D5
:106B10000223CDF800B0CDF804903CF0FDDF28B1A1
:106B2000C5F80091C5F85CB0CA4600E08246D5F8C9
:106B30000031032B0BD1D4F8DC0629463246EB6D2D
:106B40006CF002D818B10023C5F800319A46D5F888
:106B50000031032B20D1D4F8600805F065FA50B15C
:106B6000D4F86008414605F063FA20B1D4F8600813
:106B7000294605F01FF9D4F86008294642463346F5
:106B800073F092DA30B1284608210BB0BDE8F04F1F
:106B90003CF04A9FC5F800A1D7F80490B9F1020F64
:106BA0001DD1BAF1000F1AD1D4F8D40629463246C5
:106BB00051F0C8D898B1D5F80801FCF32FF370B99B
:106BC000D4F8D00629463246C5F800917BF00EDA9B
:106BD000D4F8D4062946324651F016DBCA460C21B9
:106BE000404675F04FDE7B68022B23D1089A536B29
:106BF000093B012B1ED893464FF00009134616E0BF
:106C00000A2000FB0930D5F80811623006220693ED
:106C1000FBF300F4069B30B94FF49672ABF8682092
:106C2000012283F8502009F101090BF10A0BDA6CFB
:106C30009145E5D37B68022B33D12B7A002B30D0E2
:106C4000BAF1020F2DD1B6F8BE30DB0729D5089A6C
:106C5000536B042B25D0BB68182B22D0284622F07A
:106C60004DDF18B12846002127F058D828461821B2
:106C70003CF0DADED8F80C30D4F8D406D5F8082188
:106C80001BB11969002908BF00230093B6F86230D0
:106C90002946C3F340130193434651F013DA0646E5
:106CA00029E0284608213CF0BFDE4FF0010900230F
:106CB000CDF800A0CDF80490029303930493B6F8A6
:106CC00062303246C3F3401305932846434608F129
:106CD0001401FCF733FE2368064693F869311BB1B3
:106CE0002046494648F0D2D8A06839684FF49672D9
:106CF00000230CF02FDF46B1D4F888041B49B5F807
:106D00002E21334660F0F8DA0BE0A06839684FF4C2
:106D10009B72334603E00022A068396813460CF0EA
:106D200019DFBB7F0133BB771DE0F388708E23F43E
:106D30006663F380FDF38EF040F480501FFA80F814
:106D4000708EFDF387F0B6F8BE300E288CBF4FF47E
:106D50004040002048EA000823F00A03A6F83280E9
:106D6000A6F8BE30B6E40BB0BDE8F08FA590840065
:106D70002DE9F04F9A461388D0F80C61A3B003F0C8
:106D8000FC030993B36894460B3BBAF80220012B2D
:106D900004468B46DDF8B0900568D0F80471ADF874
:106DA00028201FFA82F80BD80CF110003946062271
:106DB000CDF818C0FBF32EF3DDF818C0034660B120
:106DC000099A2046B2F1100318BF01230093002353
:106DD000019306210CF10A0248E0306C20B10693C1
:106DE00000F0D8DB069B7364484600F0C1DB3064DA
:106DF00028B1C6F8449051464A46FBF31FF32B686E
:106E000093F844303BB1D5F86001BAF802104AF06B
:106E100037DCAAF80200B8F10B0F10D17368012B10
:106E200013D0B3680C2B10D00023009321462846C2
:106E30005A463B463BF0C6D820460C2177E0B8F1D5
:106E4000000F16D0B8F11E0F13D07368204613F14F
:106E5000FF3318BF0123009397F934303A46D3F13A
:106E6000010338BF002301930121434639F0AEDB13
:106E7000C1E02B684FF000089B6AA9F10602CBF82D
:106E80002C300AF1060307930892039304924346B9
:106E9000284621465822CDF80080CDF80480CDF850
:106EA000088019F045DD41460C221FA8FBF34AF388
:106EB000524B41461F93524B282220930DAB18464C
:106EC00006932195FBF33EF3BDF828200DF15C09F4
:106ED0004146ADF8382048462022CDF834B0FBF3C7
:106EE00031F3069B089A1E93079B02920193CDF8FB
:106EF0000090D5F894062146099A1FAB51F08CDE1C
:106F00008046002877D1BDF83890B9F11E0F11D115
:106F1000129B2846F36421463AF062DBF26CA868C3
:106F200031681E3243460CF015DE204619213CF034
:106F30007BDD60E0D4F8EC309B0406D5D5F84C013D
:106F40005946079A089B5FF07BDDBAF80420A4F845
:106F5000F62095F87338A5F8582383B19204286970
:106F6000C421920C44F0C6DA05F5066009303946B2
:106F70000622FBF363F297F83230A5F87038736895
:106F8000204613F1FF3318BF0123009397F93430E3
:106F90003A46D3F1010338BF0023019300214B4649
:106FA00039F014DB204659463AF026DAD5F8683233
:106FB0009C4220D0E36DF3B9236DD8071BD5E36E57
:106FC000591C18D01C3354F82320A2B1117A01297E
:106FD00001D003290FD15089D3798DE8030002F144
:106FE000140102910021049105910397284621463E
:106FF000126954F0C3DD23B0BDE8F08FD55484008E
:10700000616184002DE9F04FA5B092460C939DF884
:10701000B820D0F80C310D920993BAF80220D0F8BC
:10702000043101F10A07BAF8049004460B9105688F
:107030000892384619460622BAF800B01FFA89F8B5
:107040000A93FBF3E7F100282ED1284621463A4661
:1070500075F04ADE0646002826D0099A9368082B68
:1070600001D00A2B20D1726842F4805272602A68E3
:1070700092F8622172B1BBF1030F0BD10C9B0D9AF8
:1070800000930192D5F8600821460B9A534672F09E
:1070900079DF92E0082B02D1089B022B03E00A2B38
:1070A00007D1089A042A04D0002300932046062121
:1070B00080E0B8F1000F06D0CDF800B020460121E5
:1070C0003A46434677E041460C2221A8FBF33AF2C8
:1070D0003B4B414621933B4B282222930FAB184652
:1070E00007932395FBF32EF2089AADF84C900DF11F
:1070F00064091092414620224846CDF83CB01196D2
:10710000FBF320F2079B0C9A20930AF106030193EC
:10711000931F0293CDF80090D5F894062146B02233
:1071200021AB51F079DD002847D1BDF84C30002B60
:107130003AD1BBF1010F37D1089A022A34D10A2182
:1071400020463CF071DCF368129A06F114011BB181
:107150001869002808BF002303930D9B01204FF0FE
:10716000030C4FF0000E8DE8015004920593204669
:1071700033460A9AFCF7E2FB2146064628463AF0D7
:107180002FDA46B1D5F888040F49B4F82E213346DA
:1071900060F0B2D811E0099AA868116833464FF43C
:1071A0009B720CF0D7DC08E0191CCDF800B020462B
:1071B00018BF01213A463DF025D825B0BDE8F08F33
:1071C0006D61840071618400A59084002DE9F04117
:1071D000876806467D68B86851F805800C46FAF362
:1071E000D1F2C8F80400002830D063590021586853
:1071F000E422FBF3A7F1F86854F80580FAF3C2F231
:10720000C8F8080010B3635900219868E822FBF31E
:1072100099F163592949D3F8088033683246C8F890
:107220000030986800230CF03FDDC8F8680068B1B2
:1072300063592349D3F808803368224698680023AD
:107240000CF032DDC8F8C00000282FD163599B68CC
:10725000FBB1996E39B1336898680CF00DDD635954
:1072600000229B689A6663599B68D3F8C01041B1AD
:10727000336898680CF000DD635900229B68C3F8FE
:10728000C0206359F8689968FAF3A2F263590022A2
:107290009A606359596861B1B868FAF399F2635911
:1072A00000225A606FF01A00BDE8F0810020BDE8AE
:1072B000F0816FF01A00BDE8F08100BF55BE840078
:1072C0009DBC84002DE9F04F9FB006468B461446C6
:1072D000D0F800900493002B00F0DE828368049ABB
:1072E0005B681146D35848465D689B681CAA0593A5
:1072F0001BAB36F043D860B15CB9059C202204F189
:1073000048001B99FBF39AF02022E2804FF0870C93
:107310000DE0062C00F2C382DFE814F00700C10282
:107320006F00C1026C01C102E4014FF0710C049CBA
:1073300063464846716804F11402CDF80CC07DF034
:107340003DDBDDF80CC08046002800F0AC82BBF1CC
:10735000030F06D1D5F8D030B3F5802F08BF4FF01A
:10736000000BD8F80840ACF112039BB21B0204F1E9
:10737000120A238200215F225046CDF80CC0FBF395
:10738000E1F04BF088039BB21A0AE27423752B8B51
:1073900005F11C071A0AA375627548463946202272
:1073A0001FF048DD04F11F0039462022FBF346F0B0
:1073B000DDF80CC0ACF1710C1FFA8CF3BBB11A02F2
:1073C000A4F86F20023BDD2284F8712084F872302B
:1073D0008749032204F17300FBF330F0042384F89F
:1073E000763004F177001C991022FBF327F00B2371
:1073F0005F462B604FF0000B5AE2BBF1030F07D141
:10740000D5F8D070B7F5802F14BF0327002700E010
:107410005F46D5F8D000802802D0B0F5802F04D187
:1074200047F49E5747F0080703E0042802D147F4C9
:10743000E477BFB2D9F8003093F8624154B1F6F75F
:10744000A9FF40B1D9F8600804F0EEFD18B1B5F815
:10745000D40000E02046AC88D5F8D0300419A4B29E
:10746000802BADF8764002D0B3F5802F25D117F4EC
:10747000805323D0B6F8108018F0010808D13046A8
:107480003FF03EDD30463FF05FDD013000F00B8223
:1074900033687168D3F87C065BF062DDB6F87C3047
:1074A000BDF876202633C31812F007029BB205D030
:1074B000C2F108029B189BB200E0002371341B1933
:1074C000049C4846716804F114029BB27DF076DAA0
:1074D0008046002800F0E781846800215F2204F1E3
:1074E000120A227461745046FBF32CF03B0AE374D9
:1074F00027752B8B05F11C011A0AA375627504F11F
:107500001F002022FAF39AF7AA8804F17100A968F3
:10751000FAF394F7BDF876301A0A42EA0323A4F886
:107520006F30D9F8003093F86231B3B1D5F8D0009C
:10753000F6F730FF88B1D9F8600804F075FD60B146
:10754000AB68002B00F0B381A888D5F8D810504460
:107550005F30B5F8D420FAF371F7D5F8D030802B2E
:1075600002D0B3F5802F33D1F80431D521460DF187
:10757000760230463FF074DCBDF876301A0A42EAF3
:107580000323A4F86F30049A936899050FD53368E4
:107590002246D3F87C0671680DF176035BF02CDD92
:1075A000BDF876301A0A42EA0323A4F86F30A37BB1
:1075B00030460093294652465B463FF0ABDA013035
:1075C00006D1D9F804004146002200F007D866E150
:1075D00094F86F2094F8703043EA0223228AD3187B
:1075E0009BB21A0A42EA032323820C2316E100BF4E
:1075F0003738010096F87A704BF4607B3F0107F052
:1076000030074BEA0707B6F87CC0BFB20023BA07C1
:1076100054BF0CF1710C0CF1790C049C1FFA8CFC1A
:10762000ADF8763048466346716804F11402CDF82F
:107630000CC07DF0C3D9DDF80CC08046002800F0F6
:10764000328184685F234FF0000B04F1120AACF121
:1076500012022374594684F811B05046FAF372F7B7
:107660003B0AE3742775B6F87C3006F1BE011A0AAE
:10767000A375627504F11F002022FAF3DFF61022D1
:1076800006F18E0104F13F00FAF3D8F6082206F164
:10769000FE0104F14F00FAF3D1F6B6F87C2006F1B2
:1076A0005A0104F17100ADF87620FAF3C7F6BDF87F
:1076B000763030461A0A42EA0323A4F86F30A37BDF
:1076C00029460093524607F003033FF023DA0130C6
:1076D00040F096804146D9F804005A46FFF37EF701
:1076E000D846E0E0D5F8D030802B03D0B3F5802F1A
:1076F00040F0D5803368AC88D3F87C067168ADF86B
:1077000076405BF02DDCB6F87C30BDF87620263371
:107710007134C31812F00702A4B29BB203D0C2F1B5
:1077200008029B189BB2E318049C4846716804F158
:1077300014029BB27DF042D98046002800F0B3804D
:1077400084684FF0000C5F224BF49C5704F1120A3E
:1077500084F811C06146BFB222745046CDF80CC007
:10776000FAF3F0F63B0AE37427752B8B05F11C0145
:107770001A0AA375627504F11F002022FAF35EF65F
:107780000DF1780BA968AA8804F17100FAF356F696
:107790003BF8023D21461A0A42EA0323A4F86F305F
:1077A0005A4630463FF05CDBBDF876301A0A42EAB2
:1077B0000323A4F86F3033687168D3F87C0622463F
:1077C0005B465BF019DCBDF8763030461A0A42EAB7
:1077D0000323A4F86F30A37B2946009352463B460F
:1077E0003FF098D90130DDF80CC009D1414662461E
:1077F000D9F80400FFF3F2F6DDF80CC0E04652E0E1
:1078000094F86F2094F8703043EA0223228AD31848
:107810009BB21A0A42EA032323820D232B604FF006
:10782000010B45E0B3F5802F14BFFE23022300E0D7
:107830000223504605F15C01082200F8053BFAF3EB
:10784000FDF517F0030104D1D5F8D000FDF38EF15A
:107850000146BBF1000F0CD0204605F18C0207ABAE
:10786000FDF394F1F0B10AF14D0007A91022FAF3EB
:10787000E5F573684146DA68484624F093DF059CD5
:10788000D9F80800D4F8C0104FF47A7200230CF035
:1078900061D94FF0010806E0DDF8108003E04FF0F9
:1078A000000800E0804640461FB0BDE8F08F9B46D0
:1078B0000323E373D5F8D030802BB3D1B8E700BFF2
:1078C0002DE9F04F054689B00E46D0F800A01F46BE
:1078D000002B00F0878183685B68FB585C68D3F8F5
:1078E0000880D4F8D000F6F765FD002800F07C8110
:1078F000B8F1000F00F07A81BB68580507D4BB6B64
:1079000003F00203002B14BF0123022300E0032332
:10791000D4F8D0000793802805D0B0F5802F02D08E
:10792000042840F06581337D96F8139043EA0929D5
:1079300019F00303069302D1FDF318F1069004F148
:107940005C0B0120082306F117015A46FCF3F0F501
:10795000834500F04F8123680C2B00F0B7800D2B7E
:1079600000F018810B2B40F0458109F4DC73B3F56E
:10797000847F40F03F8104F13C032022184606F149
:107980001F010493FAF35AF5BA68049B12F4806F4E
:1079900009D12A68126892F86221C2B1D4F8D020C5
:1079A000B2F5802F13D108F148020092B8F80620F2
:1079B0006968019204F18C020292A28A07F1140014
:1079C0000392E23104F11C02FCF346F522E06968FF
:1079D00007F1140C6046E23106220493CDF814C07E
:1079E000FAF318F5049BDDF814C0002800F00281BA
:1079F00008F148020092B8F806206968019204F183
:107A00008C020292A28A60460392E23104F11C02C7
:107A1000FCF322F719F4807F10D0338A1A0A42EA65
:107A200003239BB25C2B40F2BF803046069904F1E1
:107A30008C02FCF377F7002800F0DC80338A1A0A06
:107A400042EA03239BB25E2B40F2AE8096F86F10A1
:107A500096F8702042EA012202F15F018B42C0F0E9
:107A6000A380C2B1E188B4F8DC30CB189A4212D1BD
:107A700006F17100E16806F11209FAF3CBF488B15E
:107A8000E388D4F8E010994409F15F00B4F8DC20F1
:107A9000FAF3C0F430B1686807F1140111227DF0E7
:107AA00025D9A7E0002384F8CD302B68D8F8C01082
:107AB00098680CF075D858460821FDF35DF028460B
:107AC000079902223B46FFF7FDFB93E009F4D873C8
:107AD000B3F5807F40F08E8019F4807F08D0304667
:107AE000069904F18C02FCF31DF7002800F0828057
:107AF000002384F8CD302B68D8F8C01098680CF0BB
:107B00004FD8228A07F11406238B50468DE8440093
:107B1000696804F1AC027DF089D8D4F8D030802BAC
:107B200002D0B3F5802F02D11023236018E0042B7C
:107B300016D10D2323602B8AD90707D428463FF09E
:107B4000DFD928463FF000DA013053D058460821EB
:107B5000FDF312F02846079904223B46FFF7B2FBDB
:107B6000D4F8D030802B04D0B3F5802F01D0042B73
:107B700008D16B685046DB687921009332460623B2
:107B8000FAF7D4FAD4F8D030802B27D0B3F5802F71
:107B900030D123E019F4807F15D0338A1A0A42EAE3
:107BA00003239BB25C2B07D8DAF80030D3F8883077
:107BB0005A6E01325A661DE03046069904F18C0275
:107BC000FCF3B0F6B0B1002384F8CD302B68D8F8C0
:107BD000C01098680BF0E4DF1023236028463EF0C5
:107BE000F3DF07E0184606E0E92004E0404602E043
:107BF000002000E0012009B0BDE8F08F2DE9FF472B
:107C00000D9C064617469A468946002952D0002CFC
:107C100052D0836800685B68E3585D68D3F80880D9
:107C2000294606F01DFF09232B60484639463022BD
:107C3000FBF382F0736848B1626BDB6DB2F5802FA5
:107C40000CBF03F4802303F0800302E0DB6D03F03C
:107C50000403C5F8D0300C9B3068029321462A46B5
:107C60004B468DE8800406F018FF30B37369012B92
:107C700002D1B8F8060000B3002385F8CD30336890
:107C8000D8F8C01098680BF08BDF0A232B60A3682C
:107C90005B0507D4A16B01F00201002914BF01218B
:107CA000022100E00321304600222346FFF70AFBB1
:107CB000012002E0084600E0204604B0BDE8F0875D
:107CC0002DE9F04390E86000D6F808318E465B8ECF
:107CD000174603F440437246A3F5404EDEF100031D
:107CE00089B004463146284643EB0E0375F000D8B0
:107CF000804600287CD047B1E368002B78D120462D
:107D00004146FFF763FA002872D1A3685B6858F810
:107D100003309F68238AD90702D420463FF04CD80D
:107D20002B68C4F80C8093F86231ABB198F8D63068
:107D3000032B0BD1D8F83430B3F5802F0CD1284663
:107D4000414607F1480270F01BDC0FE023B9D8F878
:107D50003430B3F5802F09D0238A9A0708D507F16C
:107D6000480004F11A012022FAF368F32023FB8073
:107D7000FB88202B35D12B684FF00009D3F8E800A1
:107D8000CDF81890CDF81C900590FFF3F1F307465D
:107D900000282DD005AB8DE8080228465021D8F8E0
:107DA00010203B46F9F742FED5F81805314606AAE1
:107DB00007ABFEF737FC07F10C030093059B204649
:107DC0000C3B0193E36801210293069A079B40F064
:107DD000D9D92B683846D3F8E8300593FFF3DAF3A6
:107DE00006E0706906F11901327E43463FF054DA2D
:107DF00009B0BDE8F0834FF0FF30704770B504461E
:107E0000D0F8880000220A21D4F8D8300D0A33F8BF
:107E10001230CEB2CB189BB2013B46EA032605F0E6
:107E2000030503F440731D436FEA42636FEA534353
:107E3000A0F84035A0F82065A0F82C55A0F84035F2
:107E4000D4F8D83033F8125001324919062A89B2D1
:107E5000DAD1204698215A8843F04CDBD4F8D83048
:107E600020469A219A8843F045DBD4F8D830204642
:107E7000DA881B889C2143EA022292B243F03ADB63
:107E8000D4F8D83020465A891B899E2143EA022221
:107E900092B243F02FDB2046BDE8704040F0EE9CEC
:107EA000F8B503688E210446D3F8845442F0E0DC30
:107EB000236840001B6886B293F8643106F15001D4
:107EC00006F1940789B2BFB213B1002385F86D3172
:107ED000D5F82031012B1CD002D3022B30D122E067
:107EE00095F8E820012010FA02F295F8583192B284
:107EF000FF2B03D010FA03F31A4392B2204643F04B
:107F0000F9DA95F8E83001229A402046394692B2D3
:107F100014E02046B5F82A2143F0ECDA2046394631
:107F2000B5F82C210AE095F8E83001229A40204665
:107F300092B243F0DFDA20463946002243F0DADA23
:107F400095F81C2142B94C364FF6FE71204631405F
:107F5000BDE8F84043F0CE9AF8BD0000D0F8941088
:107F600010B50831044641F0F3D803492046BDE876
:107F7000104041F0D59800BF6C4F010038B5437CEC
:107F800004468B420D4606D039B142F005DB38B9C4
:107F90004FF0FF3038BD002038BD4FF0FF3038BD06
:107FA000002084F87600657438BD00002DE9F043A8
:107FB0008BB0129F98460023032F04460D46139E54
:107FC000DDF85090089309930CD9042208A8414683
:107FD000FAF334F2072F05D909A808F104010422A5
:107FE000FAF32CF25A2D089900F0B38032D8212DE3
:107FF00000F0D08016D80E2D00F0A78008D8052DEF
:108000005BD00C2D00F09D80042D40F09B817CE026
:10801000142DC0F09781172D40F2A081202D40F043
:108020009181C5E03F2D00F0F88009D8272D00F0A0
:10803000CE803E2D00F0EC80262D40F08381D4E0F0
:10804000522D00F02A81542D00F02A81442D40F059
:108050007981E7E06A2D00F0618116D8642D00F087
:10806000408109D85D2D00F08680632D00F01B81D2
:108070005C2D40F067817BE0682D00F0398100F2D3
:108080003A81662D40F05E812FE1792D00F052811A
:1080900009D8712D00F04681782D00F04E81702DA9
:1080A00040F050815AE17C2DC0F04C817D2D40F292
:1080B00055818C2D40F0468163E0E06F98E8A00088
:1080C000C66916F004060ED0002335FA03F2D6076F
:1080D000D9B203D401330F2BF7D119462A463B46B8
:1080E00004F0DADC2CE129463246022304F0CADE31
:1080F00029462A460223E06F04F000DFE06F29469C
:108100003A46022304F0E0DE2DE1B9F10B0F40F313
:108110001C8100210A460223E06F04F0B3DE002137
:108120000A4607460223E06F04F0CEDE0021054632
:108130000A46E06F022304F0E1DE37607560B0604C
:10814000FEE0E06F04F0B8DE3FE0D4F8800088493C
:1081500002E0D4F880008749FBF390F020B10021C1
:108160000A46FAF327F630E04FF0FF333360E9E0D8
:1081700094F81C31E3E0003118BF012184F81C1190
:10818000DEE0099A4A4500F3E0802046334640F09D
:1081900069D845E0072F40F2D8800029C0F2D88086
:1081A00002230093E06F0122099B04F01DDFC7E06A
:1081B000032F40F2CA800029C0F2CA800223009334
:1081C0000022E06F134604F00FDF3060B8E00B2FA1
:1081D00040F2BB800029C0F2BB80099B002BACBFE2
:1081E0006FF016066FF00106BDE0072F40F2AD807C
:1081F0000029C0F2AD80099A002AC0F2A9800025AA
:108200000095E06F2B4604F0FBDE30602E46AAE0BE
:10821000E06F314604F034DE02E0E06F05F006D88E
:108220000646A0E0236898680BF046DD0746E06F3D
:1082300004F09ADE10B3E06F04F0B2DE054618B920
:10824000E06F012105F004D83368E06F0093736894
:10825000083601930023029603934168D4F88820DE
:10826000A368FAF3A1F0002814BF4FF0FF360026F0
:108270006DB9E06F294604F0EBDF08E0E06F04F031
:1082800067DE002814BF6FF01D066FF01606236826
:10829000394698680BF018DD65E0D4F860314EE09F
:1082A000D4F864314BE03146102204A8FAF3C6F04A
:1082B000059D0C352846FFF35BF1044600284AD0A3
:1082C00031462A46FAF3BAF0238820461B0B012BCD
:1082D00004D0FFF35FF14FF0FF3644E0FFF35AF1B3
:1082E0003CE0236893F8183629E04FF4B06326E0A9
:1082F000B4F81E3123E089B201292FD80323A4F852
:108300001E112046009319B120220221134602E0DB
:1083100002212022002342F083D811E0204640F0C1
:108320008BD952E74B1C022B1BD8204649B242F096
:10833000DDDB75E7C4F8381102E0D4F8383133607A
:10834000002610E06FF01D060DE06FF00D060AE04C
:108350006FF0010607E06FF01A0604E06FF01606F2
:1083600001E06FF01C0630460BB0BDE8F08300BFA3
:10837000FA6C8900026D8900F0B587B00446066882
:10838000D0F8885000210C2202A8FAF3DBF0002379
:1083900020464FF0FF31704A059342F031D82368F0
:1083A0001B6893F8693113B1204640F08BD8204602
:1083B00043F014D84FF40037204640F039DC0097E2
:1083C00004233069242105AA41F0AADA00210A46D3
:1083D000E06F04F081D96149204640F0A1DE2046DB
:1083E000FFF70CFD02A9204640F05EDB204680210D
:1083F000082243F07FD80A2220465C2143F07AD835
:108400002046D4F8201140F0EDD9554A2046554970
:1084100041F0F6DF4FF00043C5F888314FF00073AC
:10842000C5F88C314FF48043C5F828314FF48033C0
:108430006B620121204641F0D9DFE06F04F0F0D8F3
:10844000A4F81201A5F8A80616212046B4F8482081
:1084500043F050D82046C021B4F86C2043F04AD8ED
:108460002046C221B4F86E2043F044D8204618219B
:1084700004F1A4020223009741F09EDA0223204671
:108480001C2104F1A602009741F096DA96F85836BE
:108490001BB1002386F8583606E000973069242186
:1084A00005AA042341F088DA20464421B4F8A82024
:1084B00043F020D820464621B4F8AA2043F01AD829
:1084C000B5F888361B051B0DA5F888360123A5F8DD
:1084D0009C360025B5636319586910B1224B5B685F
:1084E00098470435182DF6D11F4D6069AB6D98473C
:1084F0006B6F606998472046002142F0BDDC23681D
:108500001B6893F8693113B1204640F00DD8A36F72
:108510002046598B4FF48072CC3142F0EBDF637C04
:10852000032200921022002B14BF13460023204682
:10853000042141F075DF2046AE2142F099D94FF475
:10854000D8634000C4F82401C4F82831304640F014
:1085500091DC07B0F0BD00BF04040004943E0100AC
:10856000000002400000064010A7880070B50368B4
:1085700004461B6893F86931002B00F08180836FFB
:10858000598B363142F074D9236D0646D80777D51A
:10859000636D190674D4E36F9A69920002D5DA69A3
:1085A000D00704D5DB69D90701D45A0768D5E36E33
:1085B0009B0065D5D4F888304FF49675B3F8B4268F
:1085C00092B242F00302A3F8B426D4F88820B2F89D
:1085D000B83623F0C0031B041B0CA2F8B836236D79
:1085E000D80719D5636D190616D4E36FDB695A07EE
:1085F00012D5E36E9B000FD5D4F888300121A3F883
:10860000F016D4F88830B3F8F22692B2130A03F0C9
:108610000F0302F03F0213E0D4F888300022A3F8E1
:10862000F026D4F888300121B3F8F226A3F8F0162A
:10863000D4F88830C2F30512B3F8F236C3F303134B
:10864000042A02D10BB1042E02D04FF4FB750AE0CC
:108650006420FEF37BF4013DC1D1F6E7013D08D073
:108660000A20FEF373F4D4F88830B3F8B626D007A6
:10867000F4D4B3F8B82692B242F0C002A3F8B826F8
:1086800070BD38B58B7905460C463BB190F88E220B
:10869000002A21D190F88F22002A20D10122627174
:1086A00093B12B6893F8623173B1E36D58030BD526
:1086B000D5F8600803F0B8FC30B1637923B1D5F880
:1086C0006008214603F076FBA07950B12846214688
:1086D000BDE8384044F0A29F4FF0FF3038BD4FF066
:1086E000FF3038BD43690BB90223436183690BB97D
:1086F00014238361C36913B94FF41673C36183688C
:1087000013B94FF47A73836003690BB9034B0361A8
:10871000C3680BB9024BC360704700BF00350C0043
:10872000804F12002DE9FF4703680446D3F80090FC
:10873000D9F810309B6FB3F81AA099F81930002BB4
:108740005AD040F2A47600253146D9F8100042F004
:108750008FD8B11C0746D9F8100042F089D86B08B1
:10876000023504AAEDB202EB830347EA0040043667
:10877000062D43F80C0CE7D10AF1A40A5146D9F8AA
:108780001000019F039E029D42F072D85146804620
:10879000D9F8100042F06CD84BF6FF7202405146F7
:1087A000D9F8100042F0A6DE236A9F4202D2DB43D2
:1087B000D81900E0F81A636A9E4202D2DB43991985
:1087C00000E0F11AA36A9D4202D2DB435A1900E08D
:1087D000EA1AA368276298426662A56203D303235C
:1087E00084F838300AE02369994207D2E3689A4254
:1087F00004D2C8F3803002E0F52000E0012004B08C
:10880000BDE8F087F7B5099D0023032D06461746FE
:10881000089C009301930BD9042268462146F9F382
:108820000DF6072D04D901A8211D0422F9F306F63F
:108830001C2F07D1D6F88030002093F838200A9BEF
:108840001A6001E06FF01600FEBD2DE9F04104460C
:1088500016461F460D46002900F09D8030F0C4D812
:10886000D4F8A031804693F8661093F86C20002964
:1088700040F08880002A40F08580998842F20E728C
:10888000013989B291422DD8206940F2EA3140F095
:10889000D3DD90B120694FF47B7140F0CDDDD4F889
:1088A000A0319A8841F64B539A4204D9206940F28C
:1088B000ED3140F0C1DDC5B200E00546206940F26F
:1088C000EB3140F0B9DD012330B13B70D4F8A03179
:1088D000002283F86E2033E03870D4F8A02182F8AB
:1088E0006E302DE05A8D910706D5206940F2EE31A9
:1088F00040F0A2DDC5B223E012F0010214D0B3F8BB
:108900007B10002973D0B3F87920002A6FD00A2099
:10891000414391FBF2F2062A69DDB3F87130012B75
:1089200067D0022B0DD166E032703A70D4F8A021E6
:10893000012382F86C30D4F8A02182F86E3000E078
:108940003DB900233370D4F8A031012283F86C20A4
:108950001BE0D4F8A03193F86D20022A07D9012238
:1089600083F86620D4F8A03183F8675002E0002332
:1089700033703B70D4F8A03193F86D20013283F846
:108980006D2002E00AB100233370D4F8A031C3F89F
:108990006880BDE8F081D0F8A03193F866202AB94C
:1089A000DB6E13F0FF1F13D1BDE8F08102221346E6
:1089B0002FF03EDC01232046294602222FF038DC2E
:1089C000D4F8A03183F86650D4F8A03183F867500A
:1089D000D4F8A021002382F86C30D4F8A02182F8CA
:1089E0006E30D4F8A02182F86D30BDE8F081062504
:1089F000AFE70225ADE70825ABE770B5036886B0A1
:108A00000C460546002103A80A221E68F9F39AF5D0
:108A1000BDF80C3043F01003ADF80C3094F8AC30D6
:108A2000A3B1D4F88830D3F82031D8070ED520462A
:108A300042F0B8D9022200922046BDF80C30002145
:108A4000102241F0EDDC204641F064D9012185F887
:108A50003910336A186901F0C4FA06B070BDF0B578
:108A6000036887B00C460746002103A80A221D6848
:108A7000F9F368F5BDF80C3023F01003ADF80C30B5
:108A80002B699B6F5E8B94F8AC30002B3CD0D4F8F4
:108A90008830D3F82031DB0736D5204642F082D922
:108AA0000222BDF80C30009220460021102241F035
:108AB000B7DC236DD80724D5636D190621D4E36F85
:108AC0009A69920002D5DA69D00704D5DB69D90723
:108AD00001D45A0715D5E36E9B0012D5D4F888301F
:108AE000B3F8B82692B242F04002A3F8B826D4F800
:108AF0008820B2F8B83623F080031B041B0CA2F8C0
:108B0000B836204641F006D9002487F8394006F1EE
:108B100036012869224642F0EDDC06F10801286999
:108B2000224642F0E7DC06F1F80122462869A43625
:108B300042F0E0DC3146286941F09ADE4BF6FF72E4
:108B400002403146286942F0D5DC2B6A97F839108B
:108B5000186901F046FA6B7E43B1286940F2A471AE
:108B600022460C2342F0DAD8204601E06FF00A00DA
:108B700007B0F0BD7FB551F8383B00221868D0F837
:108B800068320092019202920122039104921946E6
:108B90009822DC3317F0CCDE07B000BD38B50446B0
:108BA000FFF7A0FD94F83830032B04D02046FFF7E0
:108BB000B9FD054600E0002594F83830013B032B51
:108BC00073D8DFE803F00213304C01202146FFF791
:108BD000D1FF012D08D1E36A626901339342E36258
:108BE00063D3022384F83830002351E00220214669
:108BF000FFF7C0FF012D4FF000030BD1226BA169DD
:108C000001328A422263E3624FD3032284F8382080
:108C1000236338BDE26A616901328A42E2622363FA
:108C200043D3012232E003202146FFF7A3FF94F84B
:108C30003930012B07D120466168FFF710FF002370
:108C400023626362A362636BE269013393426363ED
:108C50002BD300236363042384F8383038BD042009
:108C60002146FFF787FF94F839301BB92046616829
:108C7000FFF7C3FE012D4FF000030BD1E26A6169DB
:108C800001328A422363E2620FD3032284F8382040
:108C9000E36238BD226BA16901328A42E36222633A
:108CA00003D3012284F83820236338BDF7B5036865
:108CB000044693F83C20002A40F0AC8093F86931D8
:108CC000002B00F0A78044F06BDF022840F3A28065
:108CD000204644F003DF002800F09C80206940F02B
:108CE00059DA23680646DA6ED4F86872002A40F032
:108CF00091801B7E002B00F08D8094F8D4312BB135
:108D000020461FF067DA002840F08480D4F8A031B4
:108D10005A6B5278D1070CD4DD795DB1D4F8683242
:108D2000D3F814311B695B42AB42CCBF0825002548
:108D300000E0002506F00403002B18BF0825BB79CE
:108D400016F0100618BF4FF4007623BBD7F8083191
:108D500093F93430FBB13B7AEBB13B7C23B107F1A3
:108D6000DC00FAF35BF2B0B994F88D32012B12D12A
:108D700094F88E3223B1D4F8180535F019D850B9CB
:108D8000FB6DA3B13A6D40F2371313407BB197F8F6
:108D90006030D3B10BE094F88D325BB1D4F88C2203
:108DA0001D4B1340B3F5807F10D13B7C73B135432D
:108DB000ADB20BE094F88E323BB1D4F8180534F024
:108DC000F7DF002808BF002500E01D4602212046ED
:108DD0004FF402722B4600911FF060DC354219D02F
:108DE0000023D4F86422D15889B18A797AB90A7AF1
:108DF0006AB10A7C5AB1D4F8440158F0E9DE014660
:108E0000D4F8440103B0BDE8F04059F0A999043307
:108E1000202BE6D103B0F0BD00FFFF002DE9F843A1
:108E200005680446D5F8A031D0F83480D3F8109006
:108E30002B699B6F5E8BFDF315F7A36CA064C31ABF
:108E4000B3F5617F01D2BDE8F883204645F0BAD979
:108E500084F83000204644F033DF84F831002046A7
:108E600045F088D894F8453084F85A005BB194F8FE
:108E7000403084F8303094F8413084F8313094F840
:108E8000423084F85A3098F801305B0721D5E76BFF
:108E9000284694F9311094F9302094F95A30B847A3
:108EA0005FFA89F94845074613D02846394645F008
:108EB000A7D82869026D12F480020AD14EB1012FA1
:108EC00006F1A40101D1602301E06022134642F0C3
:108ED00013DA28460122D5F86812FFF7E7FE98F862
:108EE0000130980715D5A66B94F95A30284694F9A5
:108EF000311094F93020B04794F83230064683425E
:108F000007D02846044932461FF0F8D808B984F83B
:108F10003260BDE8F88300BF6FB0890073B50468A4
:108F20000546204644F0DADDD4F8A031064693F831
:108F30005E20013283F85E20236893F86931002BAC
:108F40004AD0002848D0236A1B68022B44D101284C
:108F500003D12046294645F0B5DB6B6B5B78DB0718
:108F600003D52846FFF75AFF36E0204645F05CD887
:108F7000D4F8A031DA7A72B1D4F86812D1F81411A9
:108F800009694942914206DD721E012A1ED95E73AB
:108F9000204601210EE09A7A7AB1D4F86812D1F80D
:108FA000141109694942914207DA042E0ED05E730A
:108FB0002046042145F024D808E0597B31B12046F1
:108FC00045F01ED8D4F8A03100225A732046D4F8B8
:108FD00068120122FFF76AFE236893F86921002ACC
:108FE00051D0226A1268022A4DD101228DF8062042
:108FF0008DF807204EB3042E27D093F8412022B3DA
:1090000093F842200AB3D4F864210AB19279E2B904
:1090100093F83E30CBB1D4F8A03142F20E72998869
:10902000013989B2914203D9598D11F0030105D05C
:10903000013E012E09D82046012100E020460DF115
:1090400007020DF10603FFF700FC9DF807109DF8DD
:109050000630A1F101025142A3F1010041EB0201EE
:10906000434243EB000302228DF8063020461346AC
:109070008DF807102FF0DCD820469DF8061002224C
:1090800001232FF0D5D8236893F8693123B1236ADF
:109090002846196845F00CDFD5F88000FFF77EFD03
:1090A00000207CBD2DE9F04705689A462B680446F0
:1090B00093F844008EB00F461646002838D00DF1C4
:1090C0000C094FF00008002124224846F9F33AF237
:1090D000414608220CA8CDF81080CDF80C80F9F399
:1090E00031F242464346D5F8C0063946CDF83490B1
:1090F00051F0FADCD4F8444180460FE08DE840019D
:1091000001330493D5F8C00639464FF6FF720CAB15
:10911000059451F0C9DC50B924684644049B002CE6
:10912000ECD1039A01209B18CAF8003000E000201F
:109130000EB0BDE8F08702680146D2F86C31D2F873
:10914000D80603F5C67203F5CE7305F077B80000B4
:1091500000487047C4580100024B542202FB003003
:10916000704700BFBC65010000487047646601009D
:1091700038B58B781C1DA24230D30A78012A30D131
:10918000142B34BF1A4614224B78022B04D0032B25
:109190001ED0012B28D101E0002315E0002307E0B9
:1091A000CC18257990F8234001332C4380F82340D4
:1091B00001309342F4DB0FE0CC18257990F823407E
:1091C00001332C4080F8234001309342F4DB03E06C
:1091D00024300431F9F332F1002038BD6FF00D0076
:1091E00038BD6FF0240038BD002038BD38B50446C6
:1091F00010468A78151DAB420FD30B78012B0FD187
:10920000142A28BF142214238270C37004F124018D
:109210000430F9F313F1002038BD6FF00D0038BDB4
:109220006FF0240038BD982970B504460D461646E7
:1092300011D8243012B1FAF35DF501E0F9F3D6F755
:109240002C2D0BD10121321CA06818BF01221DF06A
:1092500071D9002070BD4FF0FF3070BD002070BD8F
:1092600070B505460C464EF067D8064680B190F8BA
:1092700061309BB9836923B9E420FEF37FF1B061CB
:1092800030B1F36953B9E820FEF378F1F06128B901
:1092900028462146BDE870404DF04E9E70BD00004E
:1092A0002DE9F04F9A469BB00D46D1F80C31D1F81C
:1092B0000461002800F0318189794468002940F078
:1092C0002C81297C002900F028819AF801100229BC
:1092D0001FD19B68182B1CD102F10A00D5F8081188
:1092E0000622F9F397F0A0B90AF1080031460622E8
:1092F000F9F390F068B920462946D5F8082173F0B3
:10930000F3DC30B120462946324673F0EDDC0746E7
:1093100020B9002300932846062138E0BAF80E3021
:109320008BBB00210C2217A8F9F30CF17C4B0DF13B
:10933000140917937B4B002128220DF13C08484665
:1093400018931994F9F3FEF00023002120224046DF
:10935000ADF82430F9F3F6F00AF110030193249BE1
:10936000CDF80080103B0293D4F8BC062946D022E9
:1093700017ABCDF8589051F0D3DB002840F0CD80EA
:10938000BDF824302BB1022200922846012132463A
:10939000C1E0D5F8103193F8F430F3B9D5F81831AD
:1093A0001B7AD3B994F890322846590744BF23F06A
:1093B000040384F89032012124F0B0DCD5F8103198
:1093C000012283F8F4204FF4FA70FDF3BFF594F80E
:1093D000903243F0040384F89032B6F83280236A66
:1093E000D3F804B008F44043A3F54042D2F1000A98
:1093F0004AEB020A003318BF01230A3354F82390C2
:1094000008F46053B3F5005F03D14046FAF3A2F5C8
:10941000804608F46053B3F5C05F27D1236893F802
:109420004F309B0714D0D4F85801D9F8041049F0F4
:109430000FDB00070CD499F8E530990708D5D9F867
:109440000030022B12D1D5F868339B789A070DD5DE
:109450004046FAF3FFF440F480539BB20E288CBFD1
:109460004FF440484FF0000848EA0308236A18699F
:109470005EF040DA40451CD04146D4F8580149F02E
:10948000E7DC204625F0A4DD2046414624F0D2D872
:10949000236893F83B304BB1D5F83C335968D4F886
:1094A000C035994202D0204620F03CDA20461DF01B
:1094B0003DD8204606F1380120F016DDD34524D0F2
:1094C000236A204639465A682B4673F03DDA2368F2
:1094D000206A93F84F30503013F0030307F13C013A
:1094E00008D03B69D3F8EC3003F48053D3F1010387
:1094F00038BF00237F228DE80C00002213466CF059
:10950000EBDA2046394673F053DF02230021009343
:10951000284632460B463AF075DE1BB0BDE8F08FA8
:10952000A9B885000DBA85000B89F0B5C48F03F08A
:10953000F0060419360934F81650428FB0F83CE0B2
:10954000013634F81670CC688218864487B05219F8
:109550000EEBC50E2CB14E69C4EB060C8E69664449
:1095600000E026467D1BADB2CDF800E00195C06855
:1095700002900868049403900596486819460023F1
:109580004FF084DF07B0F0BDF0B50C460989C58EF9
:1095900001F0F006878E4519360935F81630C719DF
:1095A0004FF00C0E0EFB037787B0428E013600970A
:1095B00035F816508218ED1AADB201958068D218B0
:1095C0000290206800230390A0690490E069059050
:1095D00060684FF041DE07B0F0BDF0B50C46098978
:1095E000C58E01F0F006878E4519360935F816301C
:1095F000C7194FF00C0E0EFB037785B0428E013673
:10960000009735F816508218ED1AADB201958068B2
:10961000D218029020680023039060684FF0F6DEB5
:1096200005B0F0BD2DE9F341B0F81280878AC68AF3
:1096300084798044C7198619F4B9254605F00F03CB
:1096400036F81310013336F813208A420ED00C4B33
:10965000521A181980884FF00C0E009092B208EB45
:109660000100E3580EFB01714FF0CEDF01350834E5
:109670000D2DE3D1002001E06FF01600BDE8FC8164
:10968000685901000378FF2B01D0184670474378D2
:1096900013B18078FF3070474FF6FF70704791E844
:1096A0000C0009895268B02902D11268032A08D037
:1096B00090F8420630B1D3F86433587810B10230D4
:1096C00070470020704706207047036873B5044652
:1096D000D0F82454D4F81C1498680AF061DA26E013
:1096E000EE690BBBD4F8243405F10E029D4208BF8D
:1096F000C4F824642068214673F0F6DA024640B1CB
:10970000012102238DE80A0020682146002372F01F
:1097100053DF23682946586851F088DC94F82034D8
:10972000013B84F8203401E0013BAB6135461DB1BB
:10973000AB695A1CD4D116E02368D4F82424986865
:10974000D4F81C143AB90AF097DAC4F81C5484F817
:10975000205402B070BD42F210722B4602B0BDE838
:1097600070400AF0F799FEE77FB5D0F824040E4662
:1097700015461C4698B104AB43F8040D0020009335
:10978000014632462B4651F09FDC40B94EF660232D
:109790005C4342F21073B4FBF3F4039B9C6104B08E
:1097A00070BD00002DE9F0410546D0F80080D0F8EA
:1097B0001441FDF357F2D8F82030064618695EF0E0
:1097C00099D8D5F808315B8E834259D113F4404FB4
:1097D00009D1D8F8003093F8693123B1404640F000
:1097E0000FD800284CD0A36C002B53D0E16C721A18
:1097F0009A424FDB94F850301BB122695BB293421E
:1098000048DB94F84430FBB12769EFB1FF1AD8F870
:10981000C4366FF0C7029742B8BF174613B19F42D4
:10982000B8BF1F46B4F90E30002B03DA1A4832468F
:10983000F8F3AEF6002213462846394654F026D8EF
:10984000D5F80831228A5A8594F8453013B36769F0
:1098500007B3FF1AB4F93A3027EAE777002B04DAA6
:109860000E48E16C3246F8F393F62846394600225A
:1098700054F05AD8D5F80831A48A9C85BDE8F08107
:10988000D5F80831DA8DE36CD318E3649B1B002B09
:10989000C8BFE664BDE8F081AEC58900DFC58900B8
:1098A00010B5002012F04004187002D012F0800FA2
:1098B00015D011F4007005D012F0800F02D00120F5
:1098C000187010BD490501D5130605D530B9D4F17E
:1098D000010038BF002010BD002010BD012010BDC8
:1098E0002DE9F04F836B0D46596C044640F2395018
:1098F00087B09246002281428DF8172003D040F2B3
:109900008B50814208D1B4F8522002F44042A2F5B3
:1099100040414A4242EB01021869039268F072D852
:1099200028B3D4F8E4235AB1D4F8F803012169F03C
:109930007FDE28B9A36BD4F8E413986869F0A8DC3B
:1099400094F8943083B9D4F8F803B4F85210012293
:1099500069F038DEC4F8E40330B1BAF1000F03D186
:1099600020465EF04FDD46E10023C4F8E433B4F84E
:109970005210A36B01F46051B1F5005F986805D0F7
:10998000A1F5C052514241EB020100E0022169F011
:1099900071DC0646002800F02E8135B120462946AC
:1099A000B4F8522033465EF007DDB4F852904846D2
:1099B000FAF350F209F46057A36BB7F5005F9868AB
:1099C00005D0A7F5C053594241EB030100E0022145
:1099D00069F050DCA36B054610B99868314617E072
:1099E000B7F5005F986806D0A7F5C058D8F1000118
:1099F00041EB080100E0022169F03CDC804650B9EF
:109A0000A36B3146986869F043DCA36B29469868DC
:109A100069F03EDCEFE0D4F8E403B8B169F044DC6F
:109A2000B7F5005F06D0A7F5C05CDCF1000343EB9F
:109A30000C0300E00223984208D0A36BD4F8E4138F
:109A4000986869F025DC0023C4F8E433D4F8E433E3
:109A5000FBB9A36BB7F5005F986806D0A7F5C05EA9
:109A6000DEF1000141EB0E0100E0022169F002DCB1
:109A7000C4F8E40368B9A36B3146986869F008DC60
:109A8000A36B2946986869F003DCA36B414698688C
:109A9000BEE7D4F8E40369F02DDB20465EF04CD835
:109AA000284694F97B1069F017DD00230DF11702A9
:109AB00000932046434649465FF09CDC40463146D1
:109AC00069F054DB404694F9651369F0ADDC41461A
:109AD000284669F04BDB94F85810632902D82846D1
:109AE00069F0B6DC284669F0DDDB284669F014DC55
:109AF00094F8673307469B0098426FF07F01284631
:109B0000B8BFDFB269F01EDCFFB25FFA80F9A36B69
:109B100084F87E7084F87F908346186967F072DF5E
:109B2000B8B1D4F8F803B4F8521069F02DDE01286A
:109B30000FD1B4F8521000224B46D4F8F80369F064
:109B4000D5DDD4F8F803B4F8521000223B4669F092
:109B5000BDDD002384F891B084F8963084F880301D
:109B6000BAF1000F03D02846514669F019DB94F88A
:109B7000823028460BB1039B23B194F97E1069F023
:109B8000C7DA03E094F97F1069F04EDCD4F8E403FF
:109B9000294669F0D1DAA36B186967F033DF98B111
:109BA000D4F8F803B4F8521069F0EEDD012803464A
:109BB0000AD1D4F8E403A16B00908868B4F852206D
:109BC000D4F8F81369F054DDA36B3146986869F056
:109BD0005FDBA36B2946986869F05ADBA36B4146AB
:109BE000986869F055DBBAF1000F04D1D4F8543A03
:109BF0000BB12046984707B0BDE8F08F10B590F83C
:109C00006330002B3CD0DB07C9B22CD5836E8B426E
:109C100023D190F8253A3BB10023846BE41801333B
:109C2000082B84F82021F8D1836BD3F828411B1925
:109C300083F82021836BD3F82841072C01D001340D
:109C400000E00024C3F8284190F8253A2BB190F8A1
:109C5000263A13B1002380F8253A90F8633023F0B8
:109C6000010380F8633090F8633013F0020F07D0DF
:109C700023F0020380F86330836B186967F0BADE63
:109C8000002010BDF8B590F863300446002B3AD19F
:109C9000012902D0022939D100E08266A36B80F845
:109CA00063101A6A94F8D900626618BB94F86C20A5
:109CB000002A2DD118698E2167F072DE400087B22C
:109CC000062502E00A20FDF341F1A36B07F17406BB
:109CD0001869314667F064DE08B1013DF2D1A36B2B
:109CE00001221869314667F067DE204601F012F85C
:109CF000024600E0A122B4F85210204652B2BDE85C
:109D0000F840FFF77BBF6FF01800F8BD6FF002005E
:109D1000F8BD10B504465DF0EDDD0221C2B220466B
:109D2000BDE81040FFF7AEBF30B5026CCB8892F8AB
:109D300029463CB9846B64690A2C03D94C8A14F413
:109D4000807F14D0846B6569272D03D10C8A14F4AD
:109D5000006F0CD18C88DBB214F0030F01D09D2B67
:109D600005D0232D07D14D8A15F0200F03D00123F4
:109D70008B7700230AE090F92C031B18E00444BF02
:109D800092F91E269B180022CB778A770B77002347
:109D90004B7730BDC369043B082B06D8DFE803F0DE
:109DA0001805090709050B050D000020704717204D
:109DB0007047042070470720704790F83E03012841
:109DC00008D0032814BF4FF483704FF48B70704792
:109DD000012070474FF48B707047836B13B51A6A7C
:109DE000044601321A6290F86020002A00F0AC802C
:109DF000B0F8C8222AB1D0F8F013A1F83622A1F8A1
:109E00003A22B4F8CC222AB1D4F8F013A1F82822CF
:109E1000A1F82422B4F8CA222AB1D4F8F013A1F888
:109E20002222A1F82622216F40F606220A402AB9F2
:109E300093F82C3113B120465DF0F8DDA36B1A6A5C
:109E40001B6EB2FBF3F103FB1123A3B920465FF0B5
:109E500085DC236F40F60202A16B1A4000320869CC
:109E600018BF0122B4F85210C3F3800367F0D2DDAB
:109E700020465FF081DC226F40F60E231340B3B919
:109E8000A36BD4F88C21196AD2F89020D3F818313A
:109E90008A1A9A420BD394F8522020460121FFF7E8
:109EA000F1FEA26BD4F88C31126AC3F8902094F8BA
:109EB000633043B1A36B1A6A636ED31A052B02D9C0
:109EC000002384F86330D4F8F4202AB1A36B196A14
:109ED0001B6E8A1A9A420CD3226F40F6020313407B
:109EE0003BB920465DF016DE18B1A36B1B6AC4F8BF
:109EF000F430226F40F60F2313402BBB20465EF058
:109F0000B5DA20465EF054DAD4F88C31D3F88820E4
:109F100012B1013AC3F88820D4F8B43A0BB1204604
:109F20009847A36B186967F023DD68B1A36B01A99B
:109F300018690DF1070267F01FDD20469DF8071034
:109F4000BDF804205DF0D4DD00201CBD03460021D7
:109F5000986B40180131082980F82021F8D19A6BBC
:109F60000021C2F82811D16E032907D1D3F8C410FB
:109F7000C90703D5126A0832C3F8B820002299181D
:109F800002324FF6A470202AA1F8040AF7D100206B
:109F9000012283F8240A83F8EC2A7047836B10B5FA
:109FA0009A69044692001BD590F8ED2A012A17D130
:109FB000B0F8522012F4404F12D1186967F004DD56
:109FC000636CB3F8B42692B242F00302A3F8B4264D
:109FD000636CB3F8B82692B242F0C002A3F8B82678
:109FE00010BD80F8ED1A704730B5056C044687B097
:109FF00028464FF4007141F21C1260F047DB002844
:10A0000000F09D8007230393202305938023029370
:10A0100000230190049340F8043B0133802BFAD1D4
:10A02000204601A965F0E8DE4FF43073204601A90F
:10A03000049365F0E1DE206C41F22F1160F04CDBFF
:10A040002046012164F086DC20463E4936225DF040
:10A05000F7D9D5F8C434204640F6F4114FF48042C5
:10A060006BB113465DF0B4D9B5F85824B5F8563441
:10A070002046D31840F20C5140F2FF129BB25DF023
:10A08000A7D91E22304920465DF0DAD9204661F07A
:10A0900011D8204663F014DA9921012200232046CA
:10A0A0005DF068D996210222002320465DF062D936
:10A0B000A2210122002320465DF05CD9A521402287
:10A0C000002320465DF056D9A62101220023204618
:10A0D0005DF050D9A1210122002320465DF04AD92C
:10A0E00030220023204602215DF044D96F21204612
:10A0F0004FF4005200235DF03DD94FF480521346D7
:10A1000020466F215DF036D904221346204640F2E6
:10A11000D7415DF05DD940F2D7414FF470624FF402
:10A12000807320465DF054D9204662F0DBDB204688
:10A1300040F275514FF4007200235DF049D907B029
:10A1400030BD00BFBE5A01002A5B0100F0B50723F5
:10A1500087B0066C029320230493012304460D4626
:10A160000193304605AB4FF4007141F27332009316
:10A1700060F08CDA002849D0D6F8B8650746014669
:10A180000023B3422CBF9E46B64605EBCE0292F8A2
:10A1900003C015F83EE001334EEA4C5E92F802C06F
:10A1A00052784EEA4C3E4EEA4212802B059241F81C
:10A1B000042BE6D18DE809006946C02320460393AD
:10A1C00065F01ADE0023B3422CBF1A46324605EB77
:10A1D000C20210795179400240EA4140D1790133FD
:10A1E00040EA0102802B059247F8042BEBD14FF493
:10A1F000107320466946039365F0FEDD236C41F23F
:10A200009F31C3F8BC55206C60F066DA07B0F0BD32
:10A21000F0B5076C89B0002304460D4638464FF46C
:10A2200000714FF4965205930693079360F02EDA6F
:10A230000646002834D04DB9204605A906AA07AB2A
:10A240005EF028DB03953746002510E097F833369B
:10A25000002BF8D0B4F9283A0693B4F92A3A0793B8
:10A26000B4F92C3A05934FF430730393EBE705A947
:10A2700028460EC964F0B0DE0135802D47F8040B86
:10A28000F5D10723029320462023694604930096C4
:10A29000019565F0B1DD206C41F2DF2160F01CDA40
:10A2A00009B0F0BD2DE9F047571A7E1C1FFA86F958
:10A2B0004FEA89034FF6FC7186B004461940006CE2
:10A2C00041F6DE3260F0E2D90546002871D0102355
:10A2D0004FF0600ADFF8E0808DE8080404AA02234A
:10A2E00020460021CDF808805EF0CCD8BDF81020C3
:10A2F000BDF8123092059B059B0D920D43EA822218
:10A30000C246002308E055F8231001F07F61114395
:10A3100045F8231001339BB2BB42F4DD20234FF4F8
:10A32000A0788DE80801DFF894802A46334620465D
:10A330000721CDF808805EF0B3D8206C41F6F231E9
:10A3400060F0CAD94FEA49094FF6FE71206C09EA5C
:10A35000010141F6F53260F099D9054648B3102362
:10A360004FF0620C8DE808102046012300210DF10A
:10A370001602CDF808A05EF085D8002305E0BDF8F0
:10A38000162025F8132001339BB2BB42F7DD1023C2
:10A390004FF4E07E8DE80840204607212A463346E8
:10A3A000CDF808805EF07CD8206C41F6024160F068
:10A3B00093D906B0BDE8F087CD21870061498700B9
:10A3C00010B5044660F098D92046012200234FF4CE
:10A3D00030615CF0FDDF2046042200234FF4306141
:10A3E0005CF0F6DF2046082200234FF430615CF079
:10A3F000EFDFF022204613464FF430615CF0E8DFD7
:10A400004FF47062204613464FF430615CF0E0DF99
:10A41000204600234FF430614FF480525CF0D8DFC7
:10A4200020460622042340F607315CF0D1DF2046A7
:10A430003822082340F607315CF0CADF20460023AB
:10A4400040F607314FF4E0725CF0C2DF2046302264
:10A45000102340F60B315CF0BBDF40222046134650
:10A4600040F60B315CF0B4DF204640F60B314FF480
:10A47000F0624FF480635CF0ABDF204640F60B31B6
:10A480004FF4F0424FF400535CF0A2DF94F8FC3933
:10A490002046012B14BF4FF480534FF4105340F665
:10A4A0000C314FF6FF725CF093DF204640F60C3122
:10A4B0004FF6FF724FF480535CF08ADF204640F67F
:10A4C0000D314FF6FF724FF450435CF081DF2046B0
:10A4D00040F60E314FF6FF724FF478435CF078DFB0
:10A4E0002046102340F60F314FF6FF725CF070DF0C
:10A4F00020464FF431614FF6FF724FF478435CF021
:10A5000067DF204640F611314FF6FF724FF47D436E
:10A510005CF05EDF20460F22002340F612315CF033
:10A5200057DF2046F022002340F612315CF050DF66
:10A530002046002340F612314FF470625CF048DF91
:10A5400020460F22002340F613315CF041DF204605
:10A55000F022002340F613315CF03ADF204600235E
:10A5600040F613314FF470625CF032DF20460F2268
:10A57000002340F614315CF02BDF2046F02200234C
:10A5800040F614315CF024DF204640F614314FF4DD
:10A59000706200235CF01CDF20460F2240F615316C
:10A5A00000235CF015DF2046F022002340F6153131
:10A5B0005CF00EDF2046002340F615314FF4706248
:10A5C0005CF006DF20460322012340F616315CF0E2
:10A5D000FFDE20460C22002340F616315CF0F8DE48
:10A5E00020463022102340F616315CF0F1DE204682
:10A5F000C022402340F616315CF0EADE20460023FC
:10A6000040F616314FF440725CF0E2DE204640F630
:10A6100016314FF440624FF480635CF0D9DE20467F
:10A620000322002340F617315CF0D2DE20460C22D4
:10A6300040F617314FF6FC735CF0CADE204630223C
:10A6400040F617314FF6F0735CF0C2DE2046C022B0
:10A65000002340F617315CF0BBDE204640F6173190
:10A660004FF440724FF47F435CF0B2DE204640F678
:10A6700017314FF440624FF47C435CF0A9DE204672
:10A680000122002340F606315CF0A2DE1F222046A4
:10A69000134640F605315CF09BDE4FF6FF72204614
:10A6A000134640F604315CF093DE4FF6FF7220460D
:10A6B000134640F608315CF08BDE204640F6093147
:10A6C0004FF6FF7247F6FF735CF082DE20460823E8
:10A6D00040F60A314FF6FF725CF07ADE20463F23E7
:10A6E00040F602314FF6FF725CF072DE2046FF2327
:10A6F00040F603314FF6FF725CF06ADE0F2220460F
:10A70000134640F601315CF063DEF022204613462A
:10A7100040F601315CF05CDE0122204613464FF426
:10A7200030615CF055DEA36B2046D96EBDE8104069
:10A730005FF0029A2DE9F043044689B00F46904637
:10A74000006C4FF4806141F2366299465FF09EDF03
:10A75000064600284ED001221346204640F29C4176
:10A76000C4F8D0705CF034DE20469DF840105FF0F5
:10A7700041DB28222046394661F09CDFB0F5807F1E
:10A78000054603D9206C41F2526131E0204640F287
:10A79000D661032200235CF01BDE0822134620460C
:10A7A00040F2DA615CF014DE282342468DE828008E
:10A7B00020463346394665F061D915230396059343
:10A7C00000262023204603A907930495069665F0EA
:10A7D00013DB9DF844302046019329464FF6FF7263
:10A7E0003346CDF8009062F0F1DF206C41F26661F3
:10A7F0005FF072DF09B0BDE8F08300002DE9F04F93
:10A8000000218FB0076C90F85250ADF83210ADF8BF
:10A8100034100446002109A80C22F7F393F6002314
:10A82000ADF8363097F8153613B197F8161601E0E3
:10A8300097F81416D4F8DC002A465FF0BDDC804699
:10A84000002800F06081204601215FF0D3DAB8F8DB
:10A85000005045B12DB24FF47A726A43204601216F
:10A8600063F098DE0125B8F8023063B10135EDB22E
:10A870001BB24FF47A725A432046294663F08ADEAF
:10A88000012D0AD100E0DDB1022300930121002354
:10A890000193029320460A4608E002230121009317
:10A8A00001930023029320460A460B4663F014DF0F
:10A8B000204605214FF486720DF1320361F01CDE53
:10A8C00000252E46A94638F8051029B304200B238D
:10A8D0008DE8090009B20DAA4FF4FA73204661F021
:10A8E0007BDBBDF83420BDF832301C3AD21AB7F900
:10A8F000181613B299420FDC0EA9062303FB0613A8
:10A9000038F80510013623F8141C23F8122C23F80C
:10A91000100CB6B24FF001090235042DD3D1022339
:10A920000693102308930DF13603049300250123A9
:10A93000204604A90593079562F094DE10238DE864
:10A940002800724B02210293204601230DF13602AA
:10A9500001355DF0A5DD402DF0D1002520462946CA
:10A960002A462B4600950195029563F0B5DEB9F1B4
:10A97000000F40F0B180C2E00EAB4FF0060909FBBA
:10A98000053939F8148C0135EDB20FFA88FA4FF415
:10A990007A7202FB0AF22046294663F0FBDDB7F922
:10A9A0001A2639F9123C9A4201DD002006E0B7F977
:10A9B0001C269A4201DD012000E002205FF0F4DB5A
:10A9C00029460246204663F039DEBAF1000FB8BFCF
:10A9D000CAF1000A4FEA8A0A4FF0000940F27123D7
:10A9E0009A450ADD09F101095FFA89F9AAF59C6A1D
:10A9F000B9F1200FAAF1020AF0D10FFA88F3002B67
:10AA0000D8BFC9F100095FFA89F94FFA89F34FEA13
:10AA100048086FF41C7202FB0388002BB8BF5B422E
:10AA2000022B59DD4FF0000A002150465FF058DC40
:10AA30000FFA88FB8BEAEB73A3EBEB73984244D1DC
:10AA4000012150465FF04CDC0221804650465FF009
:10AA500047DCBBF1000F82464FFA89F30ADA002B7C
:10AA6000DBBF5FFA89FB0BF1400909F1FF3B0BF1FA
:10AA70003F0B09E0002BDBBF5FFA89FB0BF14009BC
:10AA800009F1010B0BF1410B4FFA89F3204604A9A0
:10AA9000079362F0E7DDBDF836302046984404A9FC
:10AAA000ADF8368065F0A8D94FFA8BF3204604A99B
:10AAB000079362F0D7DDBDF8363020469A4404A9EA
:10AAC000ADF836A065F098D906E00AF1010A5FFA00
:10AAD0008AFABAF1060FA7D1B542FFF44DAF4FF095
:10AAE0000003012E00930193029320464FF00501CD
:10AAF00001D1324601E00122134663F0EDDD20462C
:10AB000000215FF077D90FB0BDE8F08F6149870071
:10AB10002DE9F743904608220F461E4640F60701EE
:10AB200013460446056CBDF828905CF051DC012208
:10AB30001346204640F607015CF04ADC4FF4005211
:10AB40001346204640F646015CF042DC204640F6C3
:10AB500039013A465CF06EDC94F86D33204640F6DD
:10AB600035010BB1802200E020225CF063DC20463E
:10AB70004FF4046100225CF05DDC204640F63401B5
:10AB80007F2233465CF024DC20464FF401614FF411
:10AB900080434FF440425CF01BDC94F86D33204658
:10ABA00040F6360113B14FF4807200E040225CF0B1
:10ABB00041DC204640F646010F2208235CF008DC09
:10ABC00094F86D63204640F64601F02256B190237A
:10ABD0005CF0FEDB204640F646014FF470624FF415
:10ABE000106308E033465CF0F3DB204640F6460194
:10ABF0004FF4706233465CF0EBDB204640F63301E5
:10AC00007F2243465CF0E4DB4FEA0923204640F60E
:10AC100033014FF4FE4203F47F435CF0D9DB01269D
:10AC200020463B496422002300960196FFF782FDEF
:10AC30004FF480521346204640F6A5115CF0C8DB65
:10AC40003246334640F6881120465CF0C1DB4FF4B3
:10AC50009670FCF37BF13246204640F637015CF0FB
:10AC6000E9DB44F6216602E00A20FCF36FF120469E
:10AC700040F637015CF0CCDB30B1013EF4D103E0AB
:10AC80000A20FCF363F101E044F62166204640F619
:10AC900037015CF0BDDB08B1013EF1D140F6370170
:10ACA00020465CF0B5DBC10705D594F8153343F0B9
:10ACB000010384F815330023204640F6A5114FF414
:10ACC00080525CF085DB20465FF09CD92046002353
:10ACD00040F2A66141F6FF725CF07ADBD4F88C3169
:10ACE0002046B3F98C20B5F9043C40F609019A429C
:10ACF000B4BFB5F8065CB5F848554FF68072ED0163
:10AD000005EA020303B0BDE8F0435CF0619B00BFBD
:10AD1000A0252600F0B54F4B91B0044602AA03F1DE
:10AD2000200618685968154603C50833B3422A46F9
:10AD3000F7D118689B882860AB80012384F8263AF5
:10AD4000A36B8E21186966F02BDE400086B2972532
:10AD500002E00A20FCF3FAF0A36B06F17401186913
:10AD600066F01EDE08B1013DF3D1A36B4FF44271D2
:10AD7000186966F015DEA36B074640F20A311869C0
:10AD800066F00EDEA36B05464FF44371186966F05A
:10AD900007DEA36B064640F20E31186966F000DE4E
:10ADA000BE1936042D1876190AD194F8253A4FF6B3
:10ADB0007862ADF83820002B31D084F8266A2EE076
:10ADC0004FF48673ADF83C3006F580760023760AA2
:10ADD00000930FAB360201930DAA0EAB20460CA9CF
:10ADE0000C965DF0BDDFBDF938201B4B9B1A002B84
:10ADF000B8BF5B42702B94F8EC2A02D85AB1282BCA
:10AE000009D94FF67863ADF8383094F8253A13B184
:10AE1000002384F8263A12B1002384F8EC3A236C1C
:10AE2000BDF9381093F83536891008467BB14AB21F
:10AE300012F1560F0BDA12F1690F08DB6FF05603AF
:10AE40009B1A10AA02EB430313F8380C401840B2C7
:10AE500011B0F0BD1839010078FEFFFF436C2DE9F9
:10AE6000F041D3F82031044603F001030D4683F08E
:10AE700001061BB9836B186966F0B4DD2046276CA8
:10AE80005EF0C2DF40F27F41A7F802042046276C43
:10AE90005CF0BEDAC005C00D4010A7F80404226FB4
:10AEA00041F6062313402BB944F62062102D08BF4B
:10AEB000FA2200E0FA22A36BB821186966F07CDD63
:10AEC000A36B41F60627186966F098DD2046FFF768
:10AED00065F8236F1F407FB9A36B20461B6A0121D1
:10AEE000C4F8D430D4F88C815FF00CD9D4F88C310C
:10AEF000A8F88C00C3F88870082D01D0E80606D5A4
:10AF000003210A22204660F0B1D9082D01D0A906FC
:10AF100004D5204664F0D0DC082D01D06A0604D5A3
:10AF2000204662F071DE082D01D0EB0506D5236CBA
:10AF300093F8173613B12046FFF760FC204660F007
:10AF4000BBDD2046FFF72AF8082D01D028060BD5D7
:10AF5000256C95F8643523B1204666F0F1DBC5F821
:10AF60005405204665F074D820465CF053DB1EB9CA
:10AF7000A36B186966F036DD20460021FFF748F91B
:10AF8000236C93F8333673B120460121FFF740F963
:10AF9000204640F237614FF440424FF40043BDE891
:10AFA000F0415CF0159ABDE8F081816BD0F8D430A7
:10AFB0000A6A10B59A42044601D3D31A01E0DB4372
:10AFC0009B18D4F82823934200D302BB8A6E934285
:10AFD0001FD3D4F88C31D3F88830D3B9012120465F
:10AFE0005FF090D8D4F88C21B2F88C3019B2884236
:10AFF000CCBFC3EB0000C0EB030094F8661300B2B3
:10B00000884208DAA36B9B6EC2F8883001E0012009
:10B0100010BD002010BD012010BD012070470000B0
:10B0200001290BD1012B09D8013B064902EB830210
:10B0300051F822305A1C03D0C018704700207047C6
:10B0400000207047745B0100142303FB010070476C
:10B050008369DA688A4218BFD960704738B50446F8
:10B060002569006835B105F5077115F031DC284612
:10B07000FCF390F2E06C0025256108B1FCF38AF244
:10B08000E56438BDF8B5846905460668E06A08B12C
:10B09000FCF380F2E969B068002708F081DD002147
:10B0A0002846FFF7D5FF284684F83D70FFF7D6FF06
:10B0B000304623F0F9D827826762A762E7622783C8
:10B0C000F8BD10B550B1D0F8400238B1072905D805
:10B0D0003C2404FB01018858C3188B5010BD2DE996
:10B0E000F0410C4616460546002831D0D0F84032D3
:10B0F000002B2DD03C2202FB013318221F6A33465D
:10B10000FFF7DFFF284621461C220123FFF7D9FF66
:10B11000BE422846214601D2242214E0B6EB470F56
:10B1200001D228220FE0B6EB870F01D22C220AE0D1
:10B13000B6EBC70F01D2302205E0B6EB071F01D2F4
:10B14000342200E038220123BDE8F041FFF7B9BF07
:10B15000BDE8F08173B504680325204601214FF452
:10B160008062002300951DF099DA002120460A46EE
:10B17000012300954DF084DB0026D4F864329D59FC
:10B180009DB1AB798BB9D5F818315A6C22F0010218
:10B190005A641A78012A01D15B7F33B12846002115
:10B1A00022F0BCDD284667F0B1DA0436202EE4D167
:10B1B000204602B0BDE8704023F07698F8B5D0F88C
:10B1C000B0550446AE69F368002B30D0012B30D067
:10B1D00028460121FFF73CFFA068E96908F0E0DCA0
:10B1E00028B128460021FFF733FF012700E007467A
:10B1F000338A83B1236A18695CF07CDB338A83422B
:10B2000009D0204623F0E4DE2046318A22F012DA0B
:10B2100020461BF08BD9D4F8B005FFF79BFF2046E2
:10B2200024F0CED92846FFF72DFF3846F8BD01207F
:10B23000F8BD0020F8BDFFF7C1BF002070472DE921
:10B24000F843DDF820800446D8F800700E46154615
:10B2500099460FB91FE01F463B68A3B1BCB1204619
:10B26000F9683246F7F3D6F028B9284679684A4695
:10B27000F7F3D0F018B17B69002BECD10BE0C8F8E4
:10B280000070BDE8F8836FF00100BDE8F8836FF04F
:10B290000100BDE8F883C8F800706FF01D00BDE83C
:10B2A000F8831FB50C46416B81B104A840F8041D1A
:10B2B000009019461046BDF81C30069AFFF7BFFFF4
:10B2C00030B92CB1039B1B68236001E04FF0FF30C5
:10B2D00080B204B010BD10B50C4699B10B6863B1D3
:10B2E0000846F5F3CFF7E068FCF354F16068FCF32F
:10B2F00051F100232360E36063602046BDE8104005
:10B30000FCF348B110BD2DE9F84F476B04460D46DC
:10B3100016469B46DDF828A0BDF82C90002F33D0B0
:10B32000B1B9AAB930E07DB976B1BAF1000F0BD04E
:10B330003046F9685A46F7F36DF028B950467968F7
:10B340004A46F7F367F050B17B691BB9BDE8F88F47
:10B35000B84601E0B8461F46AF42E4D1A7B1636BDF
:10B3600039469F427B6908BF6363C8F8143023687D
:10B370005868FFF7B0FF94F83030013B84F8303064
:10B38000636B0BB984F83030BDE8F88F10B5044614
:10B3900005E04B69636323685868FFF79CFF616BA6
:10B3A0000029F6D184F8301010BD2DE9FF471E4664
:10B3B0000023039390F830300446102B884617463C
:10B3C000DDF83090BDF8345009D9416B39B14A6885
:10B3D0000B7C00920A890192CA68FFF794FF636BA5
:10B3E0000393B8F1000F65D0002F63D0B9F1000FBF
:10B3F00060D003AB0093384631464A462B46FFF7F0
:10B400001EFF824628B9039B41461868F5F31EF7D4
:10B4100055E01E3053D11820FCF3B0F082460028CE
:10B420004BD02069F5F3C0F6CAF80000B0B1304641
:10B43000FCF3A4F0CAF80C0018B95046F5F322F753
:10B440000CE02846FCF39AF0CAF8040050B95046C4
:10B45000F5F318F7DAF80C00FCF39CF05046FCF317
:10B4600099F02AE0636B2BB9012384F83030C4F8DB
:10B4700034A007E094F83030013384F83030039B77
:10B48000C3F814A0DAF80C0039463246CDF80CA007
:10B49000F6F3D4F7039B49461E7458682A46F6F320
:10B4A000CDF7039B41461D811868F5F3C1F64FF0B7
:10B4B000000A04E06FF0010A01E06FF01A0A50463A
:10B4C00004B0BDE8F087F8B51E4614460D460CE002
:10B4D000FEF7D8F8B04215D07A78931C9C420ED96A
:10B4E000ED186FF001039B1AE41854B12846214669
:10B4F000FF22F7F321F407460028E9D102E00027F4
:10B5000000E027463846F8BD08B511461A464FF404
:10B51000AE73FFF7D8FF58B14378A3F12102D2B23E
:10B52000202A04D8029A013B1370033008BD002082
:10B5300008BD2DE9F0470468A0B0D0F804800646A5
:10B5400002200F688946F4F761FA002501212A4696
:10B5500020238246606A1F95F1F3A2F501212A4655
:10B5600020231D90606AF1F39BF501212A462023D8
:10B570001E90606AF1F394F501212A4620231A9067
:10B58000606AF1F38DF5202301212A461B90606A41
:10B59000F1F386F5143729461C9052460FA808F19E
:10B5A000E205F6F3CFF7062238462946F6F332F7DE
:10B5B000002817A807DD39460622F6F33FF70DF1FC
:10B5C0006200294606E029460622F6F337F70DF118
:10B5D000620039460622F6F331F717AA01920C22CF
:10B5E000002307AD0FA902922027524602200093A4
:10B5F00003950497F4F730FB1B98F2F3ABF22A465D
:10B6000001213B461A98F2F379F2A3691C9861690B
:10B610001B9AF1F7C8FF1A981C9A0146F1F7F6FF3A
:10B620001A981B9A0146A3690836F1F77AFF30464B
:10B6300098F81850F7F332F080B201901FA9204615
:10B6400008F119022B460096FFF72BFE08B91F9B45
:10B65000A3B11A99D9F8D4201F98F5F349F71DA979
:10B660001EAAD9F8D400F5F32BF61AA8F1F356F672
:10B670001BA8F1F353F61CA8F1F350F620B0BDE877
:10B68000F08770B5456892B004460026286801A985
:10B69000202211961BF0CEDB2023012101AAD4F831
:10B6A000C000F2F32BF2286809A920221BF0C2DBAC
:10B6B000686A012132462023F1F3F2F4119000B3BD
:10B6C000012109AA2023F2F319F26B69D4F8B8001A
:10B6D000D4F8C010119AF1F724FFD4F8DC201199A6
:10B6E000D4F8D400F5F304F7D4F8DC000146F5F300
:10B6F000B9F6D4F8DC0004F1C40104F1C802F5F392
:10B70000DFF511A8F1F30AF60021202209A8F6F3CB
:10B7100019F701A800212022F6F314F712B070BD2A
:10B72000F0B5C1B007AD0C461746114628460222B7
:10B73000F6F384F601210DF11E022023D4F8BC009B
:10B74000F1F302F601210DF13E022023D4F8CC00E2
:10B75000F1F3FAF501210DF15E022023D4F8D000B7
:10B76000F1F3F2F501210DF17E022023D4F8B800A7
:10B77000F1F3EAF501210DF19E022023D4F8C40073
:10B78000F1F3E2F501210DF1BE022023D4F8C80047
:10B79000F1F3DAF500238DE82800C2222025029279
:10B7A00038AE04F118012A46022003960495F4F7F6
:10B7B00053FAB81C31462A46F6F32CF6D0F10100B4
:10B7C00038BF002041B0F0BD30B590F88C318DB05D
:10B7D00004460D68002B3FD0D0F8D40008A909AA70
:10B7E000F5F36EF5202301216A460998F1F3ACF5D3
:10B7F000D4F87031E31893F893219DF81F3053402B
:10B80000D80724D501210022EB69686AF1F348F4D6
:10B81000EB690A9001210022686AF1F341F40121E9
:10B820000B900A9A2869F5F3A9F600230B980A9958
:10B83000099AF1F7B8FE08990B9AD4F8D400F5F3F9
:10B84000D9F50AA8F1F36AF50BA8F1F367F52046DC
:10B85000FFF717FF002501E04FF0FF35E43404F156
:10B86000A000F1F35BF504F19C00F1F357F504F14E
:10B87000A400F1F353F504F1AC00F5F303F504F182
:10B88000B00000212022F6F35DF628460DB030BD51
:10B890002DE9FF410546006832F8066F0C46D0F8E6
:10B8A0000080FFF73DFF002833D06968A4F864608A
:10B8B0008F7904F138068FB9D8F8D00632462023A4
:10B8C00076F0ACDC2368696814338DE88800324672
:10B8D000D8F8D006202376F0B5DB17E010230093CC
:10B8E00023684FF480271433019308462022314601
:10B8F00004F10803029750F095DE48B921686868A2
:10B9000014313A46D5F88C30FDF72EFF012000E0C7
:10B91000002004B0BDE8F0812DE9FF41D688B1F8E0
:10B92000643005460068B3420C46D0F800803BD82E
:10B930004FF6FF739E4237D00632FFF7F1FE002824
:10B9400033D06968A4F864608F7904F138068FB940
:10B95000D8F8D0063246202376F060DC2368696888
:10B9600014338DE888003246D8F8D006202376F0CC
:10B9700069DB17E01023009323684FF4802714330A
:10B98000019308462022314604F10803029750F043
:10B9900049DE48B92168686814313A46D5F88C30D8
:10B9A000FDF7E2FE012000E0002004B0BDE8F081D8
:10B9B00073B5002304460B99006801931646089D51
:10B9C00041F01CDB079B032B04D901A80699042234
:10B9D000F6F334F50C3E032E1CD8DFE806F00A0F10
:10B9E0000204A36A08E0019B5A1E272A15D8A36205
:10B9F0000EE0E36AC3F340032B6009E00198E36AB9
:10BA000018B923F00203E36209E043F00203E362A2
:10BA1000002004E06FF0160001E06FF001007CBD33
:10BA2000F8B5876805464FF4E0700E46FBF3A6F5BF
:10BA30000446002878D000214FF4E072F6F382F536
:10BA4000266065600023F451686AA4F8AC300121D7
:10BA500000222023F1F324F3C4F8BC00002866D0B0
:10BA6000686A012100222023F1F31AF3C4F8B80018
:10BA700000285CD0686A012100222023F1F310F332
:10BA8000C4F8CC00002852D0686A0121002220238B
:10BA9000F1F306F3C4F8D000002848D0686A012109
:10BAA00000222023F1F3FCF2C4F8C00000283ED0AD
:10BAB0002869F5F379F3C4F8D400002837D0286951
:10BAC000F5F372F3C4F8D800002830D02869F5F3F4
:10BAD0006BF3C4F8DC0050B31323A4F866302B6872
:10BAE000174998683246002308F0DED82B68A06614
:10BAF000144998683246002308F0D6D82B68C4F859
:10BB0000B000114998683246002308F0CDD82B6860
:10BB1000C4F8B4000D4998683246002308F0C4D830
:10BB2000C4F8E000002408E06FF01A0401E04FF0D0
:10BB3000FF34284631466DF0D5DC2046F8BD00BF05
:10BB400085D1870079D187000DD187005DDF87001F
:10BB5000F8B547680646CD590C46DDB1436B0BB1CD
:10BB6000FFF714FCD5F89C1049B13368986808F0C9
:10BB700017D83368D5F89C10986808F07DD8D4F8A9
:10BB8000243413B120464FF02FDA2846FBF302F598
:10BB90000023E351F8BD00002DE9F041D0F89830C2
:10BBA000D0F89010013344688B4225688EB002466D
:10BBB000C0F8983009D1D0F894307BB1D2F89C10FD
:10BBC0004FF47A72A8685A4304E007D2D2F89C1066
:10BBD000A868214A002307F0BDDF39E0D5F8D00678
:10BBE000214675F037DF237A002B31D0D4F80801D5
:10BBF000F7F314F3074658BB227E04F1DC080EAEBF
:10BC000004F1190106A846F8242DF6F317F421468D
:10BC10004246284671F068D804F1E20301930223FA
:10BC200002460293214643462846CDF8008020F084
:10BC3000F5DC3946204639F0C9D92146284640F07E
:10BC400059DF28461A21324624230097F6F76EFA68
:10BC50000EB0BDE8F08100BF80EE36002DE9F04F58
:10BC60000D68ADB004460121A86922AA2023D5F8A9
:10BC700000B0F1F369F34FF0080AD4F8683194F892
:10BC80006C11E21804F1E40682F8E31006F18C026C
:10BC90000C210DF16809019206F190003246CDF8B1
:10BCA0000090F9F343F2D4F8701140480591F6F38F
:10BCB000F5F422AA03464FF02008009206AF05993A
:10BCC0003A4A4846CDF804800297CDF80C80F9F343
:10BCD00007F201213A464346D4F88801F1F30EF702
:10BCE00058466EF017DAD4F88801A969F1F39CF28E
:10BCF000002836DAD4F88431CDF808B000932C4B04
:10BD0000D4F8881101932869D4F89021D4F88031AF
:10BD1000F5F3E8F228BB94F88C3113BB2869D4F80A
:10BD20009011F5F3C7F4E0B1012384F88C31494652
:10BD3000D4F8702106F1B000F6F380F3D4F8900146
:10BD40002AA92BAAF5F3BCF22A992B9AD4F8D4008D
:10BD5000F5F350F3D4F8682128683146013A1BF016
:10BD600069D894F86C310133DBB284F86C31AA6A7B
:10BD7000934207D80AF1FF3A5FFA8AFABAF1000F44
:10BD80007FF47BAF0021502206A8F6F3DBF30021FD
:10BD900020221AA8F6F3D6F394F86C01AB6A984205
:10BDA00034BF002001202DB0BDE8F08F62E689008D
:10BDB00075EA87002DE9F04F4368CFB0CB580446B1
:10BDC00003F1080948468846F6F368F4074602205E
:10BDD000F3F71CFE00234EA941F8043DBBB208F165
:10BDE000190207930692079A8346019298F8183031
:10BDF0002046069ACDF80090FFF753FA18B94D9BEC
:10BE0000002B40F00A81012100222023606AF1F317
:10BE100047F10121002220234290606AF1F340F1B2
:10BE20000121002220234390606AF1F339F10121BE
:10BE3000002220234490606AF1F332F101210022B4
:10BE400020234590606AF1F32BF101210022202389
:10BE50004690606AF1F324F101210022E3694790E2
:10BE6000606AF1F31DF10521024649902069F5F35E
:10BE700085F3E36901210022606AF1F311F10421E5
:10BE8000024648902069F5F379F32069F5F38CF1C7
:10BE90004A902069F5F388F14B902069F5F384F11D
:10BEA00008AD002180224C902846F6F34BF33A4629
:10BEB00028464946F6F3C2F2012100223023606A87
:10BEC000F1F3EEF00121002230234090606AF1F39B
:10BED000E7F0002633460DF1E00A419098F818206B
:10BEE0000195022028AD069902970096CDF80CA086
:10BEF000CDF810B0F3F7B0FE302231462846F6F305
:10BF000021F34748F6F3CAF3454B302700930190DD
:10BF1000514602205A46334602950397F3F7BCFE7A
:10BF200001213B462A464098F1F3E8F54098A26982
:10BF30000146F1F76BFB429B48990093439B499A5A
:10BF400001934098A369F1F779FF4299439A4B987E
:10BF5000F5F350F231463A462846F6F3F3F231480B
:10BF6000F6F39CF32F4B0190009351465A4633460B
:10BF7000022002950397F3F78FFE3B4601212A46E4
:10BF80004198F1F3BBF54198A2690146F1F73EFBF8
:10BF9000449B48990093459B499A01934198A36912
:10BFA000F1F74CFF4499459A4C98F5F323F24C99DC
:10BFB0004A9A4B98F5F3A2F0079A98F81830019234
:10BFC0004A99069A2046CDF80090FFF7EEF946A967
:10BFD00047AA4A98F5F374F142A8F1F39FF143A8F8
:10BFE000F1F39CF144A8F1F399F145A8F1F396F12E
:10BFF00048A8F1F393F149A8F1F390F140A8F1F3C7
:10C000008DF141A8F1F38AF14BA8F5F33BF14CA86F
:10C01000F5F338F14AA8F5F335F14FB0BDE8F08FEC
:10C02000B85B0100D25B0100C06A00F001007047FC
:10C0300021B18368CB5893F8BC017047084670471C
:10C040002DE9FF41476804460023D0F800803846B8
:10C050000E46A2F168050393FFF7E6FF90B138465C
:10C060004146FFF7E5FF68B103AB009321462B463D
:10C07000386806F16002FFF747FA039D014610B9E0
:10C080009DB100E03146A5F12003202B0DD8B4F876
:10C09000AC309D4209D104F16C002A46F6F3BAF1A6
:10C0A000002814BF0520002000E0052004B0BDE8F2
:10C0B000F08100002DE9F0419846B8B00023359397
:10C0C00036937F4B07460C4630AE03F1100E1868CE
:10C0D0005968354603C5083373452E46F7D13D6888
:10C0E0000121202302F10806686A0022F0F3D8F744
:10C0F00035902869F5F358F0B8F1680F369015D9E6
:10C100007B689B79002B00F0B9802846FFF78CFFF5
:10C1100020B128462168FFF78BFF48B9A8F16808CD
:10C120001FFA88F8A4F8AC80464401E040F0A880EB
:10C13000D4F8BC00012132462023F1F3DFF4D4F817
:10C14000BC00F1F3F9F2002840F09C80D4F8BC0068
:10C150006969F1F369F0002880F29480012106F109
:10C1600020022023D4F8CC00F1F3C8F40121D4F844
:10C17000D00006F140022023F1F3C0F4D4F8BC0053
:10C18000D4F8B810F1F350F070B9D4F8CC00D4F86A
:10C19000C410F1F349F038B9D4F8D000D4F8C8107D
:10C1A000F1F342F000286FD0D4F8D800D4F8CC10C6
:10C1B000D4F8D020F5F31EF1002867D0D4F8BC10D5
:10C1C000D4F8D400369AF5F393F13698D4F8D81011
:10C1D0000246F4F393F73698D4F8C010024620AE26
:10C1E000F5F386F1369834A90022F5F369F032466A
:10C1F000202301213498F1F3A7F00021202228A860
:10C20000F6F3A0F1202137AB324618AF019328A8EE
:10C210000B460097F8F38AF7D4F8B810D4F8BC208E
:10C220006B693598F1F77DF9202332460121359865
:10C23000F1F38AF03146102204F10800F6F3FEF023
:10C2400030A8F6F32BF220254022034600960392F5
:10C2500004AE294630AA384601950296F8F340F715
:10C2600004F1180031462A46F6F3E8F004F13800EC
:10C270000CA92A46F6F3E2F0002408E0FF2406E0C9
:10C28000042404E0032402E0012400E0022435A891
:10C29000F1F344F036A8F4F3F5F70021202218A8B2
:10C2A000F6F350F10021502204A8F6F34BF120A838
:10C2B00000212022F6F346F1204638B0BDE8F08197
:10C2C000FEE589002DE9F04F1D46836889B0EF58DF
:10C2D00043688046CB580E46079318469146394628
:10C2E000129A139BFFF7E6FE0328044601D1009043
:10C2F00005E0022801D0042816D10323009301236E
:10C3000001930293002303930493D6F80831304637
:10C31000B3F8623005F11401C3F3401305934A46A4
:10C320002B46F7F70BFB65E0012862D0002861D1AE
:10C33000B7F8623040460133A7F86230FFF774FE69
:10C3400040B140462946FFF773FE002814BF7E2007
:10C35000002000E0204601234FF0000A4FF0030BBD
:10C360000193D6F80831CDF800B00290CDF80CA0BA
:10C37000CDF810A0B3F8623005F1140CC3F34013EC
:10C38000614605934A462B463046CDF818C0F7F76C
:10C39000D5FACDF800B0D6F808314FF0020BCDF841
:10C3A00004B0CDF808A0CDF80CA0CDF810A0B3F8DB
:10C3B0006230DDF818C0C3F34013614605934A4666
:10C3C0002B463046F7F7BAFAD9F80030B96EC7F8FD
:10C3D0005930B9F80430A7F85D30D8F800309868C3
:10C3E000079BD3F88820534607F0B4DB87F858B092
:10C3F00000E0FF24204609B0BDE8F08F2DE9F04FA2
:10C40000D0F804A087B09AF8063005460C4693464B
:10C410000768D1F8009043B390F8A93013B1013BFD
:10C4200080F8A930D4F8B43138460093D4F8B83144
:10C43000514601935A464B46FFF744FF0646D4F84F
:10C44000B40168B10021D4F8B821F6F37BF0D4F838
:10C45000B401FBF39FF00023C4F8B431C4F8B83141
:10C46000002E14BF022000202DE03846FFF7DCFD2F
:10C4700038B138464946FFF7DBFD002814BF7E205F
:10C48000002003234FF001088DE8080100260290E8
:10C4900003960496DAF8083109F11401B3F8623012
:10C4A0005A46C3F34013059350464B46F7F746FAF6
:10C4B0003B68A16E9868D5F88820334607F04ADBC0
:10C4C00084F85880304607B0BDE8F08F052B10B5D2
:10C4D00003D1BDE81040FFF791BF43689B792BB1B2
:10C4E00090F8A93013B1013B80F8A930022010BDAB
:10C4F0002DE9F0419846436805469B790C4616465F
:10C50000069F8BB190F8A930013380F8A9303846E6
:10C51000FBF334F0C4F8B401002834D041463A4665
:10C52000F5F38CF7C4F8B8710023A4F86030A4F8D0
:10C530006230A4F864303368C4F85930B388A4F882
:10C540005D302868FFF770FD90B128682168FFF71B
:10C550006FFD68B121462846FEF7EBFF2046FFF746
:10C5600090F8284621463246BDE8F041FFF746BF25
:10C57000204629466CF04EDD20B9042384F858305B
:10C58000BDE8F0810220BDE8F0812DE9F04387B0DD
:10C5900015460F9A0646012A0C461F46DDF83880DC
:10C5A000D0F804C0D1F8009059D19B88072D8CBFDA
:10C5B000FA88FF220BB17E2B59D100217E2B84F803
:10C5C000BC1103D1012384F8BC3104E01BB96368BA
:10C5D000DB6A98074BD5132A16D0032101224D237D
:10C5E0008DE80E00002303930493DCF808316046C5
:10C5F000B3F8623009F11401C3F3401305934246C6
:10C600004B46F7F79BF932E096F8A80007F10801CE
:10C6100096F8A99040B9012386F8A830B9F1000F27
:10C6200028D1682D0AD904E0B9F1000F12D1682D84
:10C630000AD920462A466DF00FDAD8B90E95304651
:10C64000214642463B460DE0304621466DF042D839
:10C6500048460FE0304621466DF03CD809E042B92B
:10C660000E95424607B0BDE8F043FFF741BF0220F8
:10C6700000E0002007B0BDE8F0832DE9FF41056828
:10C680000C46A3F10807D1F80080A4F8AC70002193
:10C690002846039102F10806FFF7C6FCA0B1284620
:10C6A0004146FFF7C5FC78B103AB009332463B46E9
:10C6B00028682146FEF728FFBDF80C300646A4F88E
:10C6C000AC3018B913B90FE0A4F8AC70B4F8AC20D2
:10C6D000A2F120039BB2202B06D804F16C00314656
:10C6E000F5F3ACF6002001E04FF0FF3004B0BDE8F8
:10C6F000F0812DE9F04F90E8C00089B00792139ABD
:10C700008046012A0C469A46DDF848B00D6840F094
:10C71000AC803368896E986807F042DA04F16C03E4
:10C720000021402218460693F5F30CF70021A4F8E7
:10C73000AC100799BAF8042007298CBFBAF8061084
:10C74000FF214C2A069B3CD14FF000091846494670
:10C750004022A4F86090F5F3F5F6A4F8AC904046BA
:10C7600021465246079BFFF788FF3046FFF75CFCE7
:10C7700078B130462946FFF75BFC50B10322012314
:10C780004FF07E0C8DE80C10CDF80C90CDF8109089
:10C7900008E003234FF0010E8DE8084000230293C8
:10C7A00003930493D7F808313846B3F8623005F1A3
:10C7B0001401C3F3401305935A462B46F7F7BEF80E
:10C7C00049E04D2A04D1B4F866308B4218D042E0DB
:10C7D0000AB17E2A3FD113290ED1079A3046019221
:10C7E00039465A462B46CDF800A06CF0D5DF00281C
:10C7F00014BF0220002076E0B4F86030052B01D988
:10C8000000233BE0032201234FF04D098DE80C0289
:10C810004FF00009CDF80C90CDF81090D7F8083102
:10C8200005F11401B3F862305A46C3F3401305937F
:10C8300038462B46F7F782F8B4F86030A16E013322
:10C84000A4F860303368D8F8882098684B4607F021
:10C8500081D9484647E03368A16E9868D8F88820A7
:10C86000002307F077D900203DE0931E012B4FF005
:10C87000000337D8B1F86010052903D984F858307F
:10C88000022030E0032A09D132680131A4F8601097
:10C890009068A16ED8F8882007F05CD93046FFF781
:10C8A000C3FB38B130462946FFF7C2FB002814BF4E
:10C8B0007E200020032301248DE81800002402902C
:10C8C00003940494D7F808313846B3F8623005F180
:10C8D0001401C3F3401305935A462B46F7F72EF87D
:10C8E000204600E0184609B0BDE8F08F2DE9F34777
:10C8F0000B6882685B680646D3F808A0D3F80490FA
:10C90000B3F810801B680D46032B5AF80240DAF882
:10C9100010701DD1FFF788FBD0B130465146FFF7AC
:10C9200087FBA8B1B4F8AC3093B1B9F1010F0FD1C6
:10C93000B8F14C0F01D0BA7952B9AA69FF20009220
:10C940005D2104F16C02DBB2F1F70EFD002001E085
:10C950006FF01600BDE8FC872DE9F8430B6882688C
:10C960005B680446D3F808905F681E8A1B6859F814
:10C970000280032BD9F8105013D1FFF755FBA0B15B
:10C9800020464946FFF754FB78B1B8F8AC0060B1D7
:10C99000012F06D14C2E01D0AB792BB90330BDE865
:10C9A000F8830020BDE8F8830020BDE8F8832DE976
:10C9B000F04F0B6882685B68B9B0D3F808805E6896
:10C9C0001F8A1B688146032B58F80240D8F810A034
:10C9D0008D69D1F81CB040F09F80012E48D137B14D
:10C9E000A7F14C039BB2012B01D97E2F0FD1B4F8D4
:10C9F000663038A9284621F8043D0222F5F31EF5D9
:10CA000002350FB17E2F02D19AF806300BB14C2FB0
:10CA100013D14846FFF708FB20B148464146FFF7CF
:10CA200007FB50B9B4F8AC203AB1284604F16C01C8
:10CA3000F5F304F5B4F8AC30ED180FB17E2F6ED1DC
:10CA400001212A462023D4F8B800F0F37DF4012117
:10CA500005F120022023D4F8C400F0F375F4D4F8D3
:10CA6000C800012105F140022023F0F36DF456E0E7
:10CA7000022E54D1B4F8623038A921F8023D28467C
:10CA80003246F5F3DBF4BDF8DE3038AF27F8C83DA9
:10CA900001210DF11A022023D4F8B800F0F354F468
:10CAA00001210DF13A022023D4F8C400F0F34CF434
:10CAB00001210DF15A022023D4F8C800F0F344F408
:10CAC00001210DF17A022023D4F8BC00F0F33CF4EC
:10CAD00001210DF19A022023D4F8CC00F0F334F4B4
:10CAE00001210DF1BA022023D4F8D000F0F32CF488
:10CAF0004FF00008C22302930235304604F11801BA
:10CB000020224346CDF8008001970395CDF810B060
:10CB1000F3F7A2F8404603E06FF0160000E00020B3
:10CB200039B0BDE8F08FF8B50B6804465A688368E1
:10CB300096685168F558138A12683769032A2DD10F
:10CB4000012926D10BB17E2B12D1BB796BB92046BE
:10CB5000FFF76AFA20B120463146FFF769FA20B99B
:10CB6000B5F8AC0008B1023000E002206030F8BD3A
:10CB70004D2B15D04C2B11D1FFF756FA20B1204682
:10CB80003146FFF755FA58B9B5F8AC0050B102304C
:10CB9000F8BD02290CBF22200020F8BD0020F8BDFE
:10CBA0000220F8BD0220F8BD19B18368CB5883F884
:10CBB000BC21704770B50C680D4606461022084629
:10CBC0000021F5F3BFF42C6020460021F268F5F354
:10CBD000B9F404F52473C4F8EC3004F52C73256023
:10CBE000C4F8243170BD2DE9F0470D4698462B68F6
:10CBF000BDF82060099C0768896B95F82CC073B15B
:10CC000093F8009093F801A049EA0A29A5F81C902E
:10CC100093F81690DB7D49EA0323A5F87E303B6844
:10CC2000B5F81C9093F8D130002B5AD197F92735DD
:10CC3000B3F1FF3F03D190F8A43313B151E0012BBE
:10CC40004FD0C9F38027B5F87E9019F00F0901D1B4
:10CC500027B987E027B94FF0010904E0012702E076
:10CC60004FF000094F460123002204F5227004F51D
:10CC7000237176F017DAD4F88832984505D1D4F8C4
:10CC80008C32F31A18BF012300E001233FB933B1FE
:10CC9000C4F88872C4F88C72A4F886725CE0B9F1AA
:10CCA000000F08D00020C4F88802C4F88C02A4F851
:10CCB0008602BDE8F087B5F87E50C4F88882C4F8D3
:10CCC0008C62A4F886524846BDE8F08706D18F886A
:10CCD000B74294BF0027012700E00127F8B2BDE862
:10CCE000F087BCF1000F13D04B6B03EBC20153F87C
:10CCF0003230984506D307D18888B04294BF0026C9
:10CD0000012602E0012600E00026F0B2BDE8F0872F
:10CD1000D1F8E03052019A18136998451CD302D11A
:10CD2000938AB3421BD89369984506D307D1908B59
:10CD3000B04234BF0020012002E0012000E00020CA
:10CD400070B106F07F06F308D05C06F007063041AC
:10CD500000F00100BDE8F0870120BDE8F087012068
:10CD6000BDE8F0874B6B03EBC20153F832309845B6
:10CD7000ACD2B2E72DE9F04F1C4693F860B05F6883
:10CD8000D368ADF5117D064605919146156933B11D
:10CD90001B7A0B2B03D13B7803F0010301E0FB78F6
:10CDA0009B09E36394F82C304946009330462A46A9
:10CDB000E36B4FF023DB0146A06320B12A6D40F204
:10CDC000371313402BB9304621464A4671F002DA38
:10CDD000E2E090F90E2090F90F30D318A2689A4241
:10CDE000C0F0DA80A269138A13F0080F0DD0007A20
:10CDF0000B280AD196F8DC0538B18879032804D8C5
:10CE000023F008031B041B0C13820B7A042B59D04C
:10CE10000B2B00F0AE80022B40F0C080BB7897F85F
:10CE200000A097F8068043EA0A2A7B794FEA08486F
:10CE300048EA03283B7948EA0308FB79A76E48EAE9
:10CE4000036817F0010740F0AC80284621465A4697
:10CE50004346CDF800A0CDF80490FFF7C4FE0028AB
:10CE600000F09F80AB79002B40F067823368D3F8E5
:10CE70008830D3F8DC210132C3F8DC2194F82C206F
:10CE800022B1D3F8B4220132C3F8B422D3F8E82196
:10CE90000132C3F8E821D5F8183193F834301BB1CA
:10CEA0002846002165F0E0DB94F82C70002F00F09C
:10CEB00044823368D3F88830D3F8C0220132C3F8F3
:10CEC000C02269E03B7897F801A097F8068043EA12
:10CED0000A2AFB794FEA084848EA03683B7948EA9E
:10CEE00003087B7948EA03282B7C13B9EB6DDB0739
:10CEF00057D4A76E17F0010753D1284621465A464A
:10CF00004346CDF800A0CDF80490FFF76CFE002852
:10CF100047D0AB79002B40F010823368D3F88830CB
:10CF2000D3F8DC210132C3F8DC2194F82C2022B1A3
:10CF3000D3F8B4220132C3F8B422D3F8F02101327D
:10CF4000C3F8F021D5F8183193F834301BB12846D6
:10CF5000002165F089DB94F82C70002F00F0ED8142
:10CF60003368D3F88830D3F8C8220132C3F8C82216
:10CF700012E00237C83110223846F5F383F5002855
:10CF80000CDA8D4839461022F5F3ECF6A16B8B488C
:10CF9000C8311022F5F3E6F60027CEE14FF0000885
:10CFA000C24696F8B03293B92B6D1F070FD4A06B11
:10CFB000037A022B02D1F6F331F140B963699B6920
:10CFC000980004D4A3691B8A190700F1FB806369E8
:10CFD0009B695A06E0D4A3691A8A42F008021A82B1
:10CFE000A16B0B7A013B0A2B00F2CE80DFE813F035
:10CFF00035000B0035006C00CC00CC00CC00CC0020
:10D00000CC00CC00AE000846F6F308F108B12B7C4A
:10D010004BB1A36BD3F88820904504D80FD093F878
:10D020008C205A450BD0A16B226804F1400738468A
:10D0300014310A32434601F0C3D9E76501E0643395
:10D04000E365A16B04F14A0738461431E26D53469B
:10D0500001F080DA3846102110E06168032284A8CC
:10D06000F5F3ECF1A36B84A803F114011A69033002
:10D07000F5F3E4F1A36B84A81969033107AAFBF364
:10D080008DF1A36B606893F90E30A168C018C91ABE
:10D0900007AAFBF3A5F1A36B606893F90E30A168B2
:10D0A000C018C91A4FF0FF32F6F3F4F0444BA269EE
:10D0B0009842138A04D123F010031B041B0C01E0D7
:10D0C00043F0100313827DE06368DF7817F02007D8
:10D0D0001FD00A6948A81431D200FBF303F60023DD
:10D0E00021686269484670F0A5DC0027A36B0190B7
:10D0F0000097196948A82368E268EEF3C7F3831C18
:10D1000005D1A3691A8A42F010021A825AE001304E
:10D1100058D13368D3F88830D3F8DC210132C3F812
:10D12000DC21D3F8F4210132C3F8F42194F82C2047
:10D13000002A00F0FF80D3F8B4220132C3F8B422F1
:10D14000D3F8CC220132C3F8CC22F6E001F114006E
:10D15000E2682431236800F0F9DF00287FF41CAF77
:10D16000A26BD2F8D8300133C2F8D83033F07C4308
:10D1700028D1F2220192D6F89401294609F114022D
:10D18000009376F05DDE1DE0AF79002F7FF404AFF1
:10D190003368D3F88830D3F8DC210132C3F8DC21BE
:10D1A00094F82C20002A00F0C580D3F8B422013274
:10D1B000C3F8B422C1E000BFA2ED8900A8ED890048
:10D1C000E320BBDEA36B616893F90E208A186260CE
:10D1D00093F90E1093F90F208A18A1688A1AA26099
:10D1E00093F90E1093F90F208A1821698A1A226187
:10D1F000A269128A02F01802182A64D1AB79002BB6
:10D200007FF4CAAE95F9442000930193029330460F
:10D210003123D5F8081170F0A7DA3368D3F88830D5
:10D22000D3F8DC210132C3F8DC21D3F8EC21013240
:10D23000C3F8EC21D3F8F4210132C3F8F42194F8B7
:10D240002C2072B1D3F8B4220132C3F8B422D3F83F
:10D25000C4220132C3F8C422D3F8CC220132C3F86D
:10D26000CC22A26B127A022A05D0032A12D0012AFC
:10D270007FF492AE0EE0D3F808220132C3F8082200
:10D2800094F82C70002F58D0D3F8E0220132C3F864
:10D29000E02281E6D3F800220132C3F80022D3F85D
:10D2A000FC210132C3F8FC2194F82C70002F44D0EB
:10D2B000D3F8D8220132C3F8D822D3F8D4220132CD
:10D2C000C3F8D42268E661698A89E26094F82D2067
:10D2D0009AB993F90F20059892B2FAF329F163698C
:10D2E000DA89900402D5B3F850308BB9A36BE268A9
:10D2F00093F90F30D31AE3600AE00598F6F3F4F0DF
:10D30000A36B014693F90F20059892B2FAF310F13E
:10D31000A36BC4F86480A4F862A01B7A042B01D02C
:10D32000022B09D1A36ED90706D43046214670F0EE
:10D330009DDF01E0174600E0012738460DF5117D1D
:10D34000BDE8F08F2DE9F341099F00230D990446B4
:10D350009046089E0A9D009301933FF04FDE032FF5
:10D360000BD9042268463146F5F368F0072F04D93B
:10D3700001A8311D0422F5F361F0A8F14C08B8F1C1
:10D38000050F2AD8DFE808F00A03160F231BD4F88C
:10D390008434BDF80020A3F8922016E0D4F8843439
:10D3A000B3F8923017E0D4F88434BDF80020A3F825
:10D3B00096200AE0D4F88434B3F896300BE0D4F821
:10D3C0008434BDF80020A3F89E20002007E0D4F8A4
:10D3D0008434B3F89E302B60F7E76FF01600BDE899
:10D3E000FC81D0F884242DE9F843B2F892800446F9
:10D3F0004145D4BF00200120B2F84A50B2F89690BF
:10D40000B2F89460B2F898C010B1C8EB010701E01F
:10D41000C1EB0807B2F89030BFB2002B75D0BCF159
:10D42000010FADB2334607D1002851D02BB203FB18
:10D4300008F393FBF1F346E0BCF1020F2BD131B2BC
:10D44000B8B10FFA89F3994203D10423A2F89830B6
:10D4500062E0132F02D9A6F1140339E0092F02D993
:10D46000A6F10A0334E0042F01D9731F30E0B31E84
:10D470002EE00FFA85F841451DD0132F02D906F191
:10D48000140325E0092F02D906F10A0320E0052F35
:10D490001CD9731D1CE0BCF1040F39D133B238B173
:10D4A0000FFA89F18B4237D0052F38D9731F0AE064
:10D4B00029B28B4204D10123A2F89830BDE8F88349
:10D4C000052F2DD9731D4FF0020C01E04FF0040C15
:10D4D0001BB229B28B4204DC0FFA89F5AB42A8BF1C
:10D4E0001D462368A2F89450A2F898C02DB2294690
:10D4F000012220461B7E72F0B1DC236820462946BB
:10D5000000221B7E72F0AADC06E01846BDE8F88314
:10D510004FF0FF30BDE8F8830020BDE8F88300201D
:10D52000BDE8F883D0F8843413B5B3F890200446EE
:10D530006AB1036A0DF1060118695BF0BFD980B1C9
:10D540002046BDF906100122FFF74BFF09E06421D8
:10D55000012372F083DC012220466421134672F01D
:10D560007DDC1CBD08B5036AD3F8D80079B14378D7
:10D570004A789A4208D102300231F4F34BF7D0F1E5
:10D58000010038BF002000E00020C0B208BD0846FE
:10D5900008BD2DE9FF4799464369D0F820808246AF
:10D5A0001B680446174602695AF8180B0E46414696
:10D5B000D55801F055FA2169206852466FF096DC83
:10D5C0000123C8F800302B680146023B012B03D829
:10D5D0002369DB6DC8F8D0300C9B2068029342466B
:10D5E00033468DE8800201F058FA48B12B68022BCF
:10D5F00005D1636AD888003018BF012000E00120FF
:10D6000004B0BDE8F0872DE9F04FC368044600F18F
:10D61000180799B01646056A8A46006821693A4695
:10D6200003936FF063DC013E0290062E00F2388116
:10D63000DFE816F007003601BC003601DB003601DA
:10D64000FF00EE68002E00F02C81D5F8D03013F4E6
:10D65000804B0CD023682169D3F8D4060368CB58DB
:10D660001B781BB14AF04ADB834600E09B466368A7
:10D6700093F86231A3B1D5F8D000F0F78BFE88B1F2
:10D680002368D3F86008FEF7CFFC58B123680299ED
:10D69000D3F86008FEF7CCFC20B1B5F8DC8002E0DE
:10D6A000984600E08046B5F806C02068DC44C444D3
:10D6B0001FFA8CFC0CF1710321693A469BB2CDF83C
:10D6C00004C077F07BD9DDF804C00646002800F0DE
:10D6D000E8800CF15F0CD0F808901FFA8CFC4FEA40
:10D6E0001C2343EA0C2C09F11207A9F810C00021F1
:10D6F0005F223846F4F326F74AF484731A0A89F84D
:10D70000132089F814302B8B05F13C011A0A89F893
:10D71000152089F81630202209F11F00F4F38EF647
:10D72000EA8809F171009344D8441FFA88F84FEA57
:10D73000182343EA0828A9F86F80E968F4F37EF615
:10D74000636893F86231F3B1D5F8D000F0F722FEA8
:10D75000C8B12368D3F86008FEF766FC98B1236867
:10D760000299D3F86008FEF763FC60B1EB68002B08
:10D7700000F09B80E888D5F8E01038185F30B5F8E5
:10D78000DC20F4F35BF6D5F8D030580440F18D80FE
:10D7900023682169D3F8D4060368CB581B78002B83
:10D7A00000F083803A464AF0FFD97EE02068216984
:10D7B0003A46712377F002D90646002871D0D0F896
:10D7C00008905F22002109F1120789F8112089F8D9
:10D7D00010103846F4F3B6F64AF480731A0A89F842
:10D7E000132089F814302B8B1DE0206821693A46FC
:10D7F000712377F0E3D80646002852D0D0F808907D
:10D800005F22002109F1120789F8112089F8101010
:10D810003846F4F397F64AF440731A0A89F813204D
:10D8200089F81430EB8A1A0A89F8152089F816301D
:10D830003BE0206821693A46712377F0BFD806465D
:10D8400078B3D0F8089000215F2209F1120789F817
:10D85000101089F811203846F4F374F64FEA1A23B1
:10D8600089F8133089F814A01FE0D5F8D000F7F339
:10D870007DF10146484605F18C0204ABF7F386F1D1
:10D88000044630B9314603982246F9F3A7F62646F6
:10D8900007E007F14D0004A91022F4F3CFF500E0F2
:10D8A0000026304619B0BDE8F08F032389F80F3009
:10D8B000D5F8D000F6F354F505F15C0400280CBF50
:10D8C000FE2302233846082200F8053B2146F4F3E4
:10D8D000B5F508212046F7F34FF11AF00301C9D13D
:10D8E000C3E72DE9F04F91F813800B7D8BB043EA2D
:10D8F000082818F0030904460E4606924769056A8F
:10D90000CDF8208005D1D5F8D000F7F32FF184466B
:10D9100000E0CC4605F15C0A06F1170B0120082354
:10D9200059465246CDF810C0F6F302F68245DDF8AE
:10D9300010C000F0F78318F48071079110D0338A7B
:10D940001A0A42EA03239BB25C2B40F2EB83304677
:10D95000614605F18C02F6F3E5F7002800F0E2835A
:10D96000338A1A0A42EA03239BB25E2B40F2DA831F
:10D9700096F86F1096F8702042EA01225F329342C7
:10D98000C0F0D08306F1120209925946082250468F
:10D99000F4F354F505F1640059460822F4F34EF50A
:10D9A000D5F8D000F6F3DCF4002868D018F4805FD6
:10D9B00065D096F86F2096F8703043EA0223B3F5ED
:10D9C000807F0BDD38462169012274F065DC206917
:10D9D00004F11801012277F089D9E7E24FF4807051
:10D9E000F9F3C6F5824630B938462169012274F050
:10D9F00053DCD14698E32020F9F3BAF5834630B9D9
:10DA00005046F9F3C7F538462169012208E34FF47F
:10DA10008170F9F3ADF5059068B95046F9F3BAF5A0
:10DA20005846F9F3B7F538462169012274F034DC21
:10DA3000DDF8149078E3B9F1000F04D1D5F8D000E7
:10DA4000F7F394F08146059B494605F19C02029349
:10DA5000099800238DE8000CF6F394F781465046B0
:10DA6000F9F398F55846F9F395F50598F9F392F519
:10DA7000B9F1000F03D138462169012220E396F85D
:10DA800015A0B37DD5F8D00043EA0A2AF6F38AF44C
:10DA900010B918F0080326D0BAF10D0F0BD003D837
:10DAA000BAF1050F15D10DE0BAF1100F17D0BAF188
:10DAB000200F0ED111E018F0080F13D0384621695D
:10DAC000022271E218F0080F0FD0384621690322B4
:10DAD0006AE238462169042266E2022106E0042255
:10DAE000059204E00323059301E00121059118F05C
:10DAF000080900F026822B8A059A934203D0384603
:10DB00002169052250E2079B002B40F0C7800323C8
:10DB10002B60D5F8D0305A0606D4626892F862219C
:10DB2000002A37D0580335D513F4804932D196F8FE
:10DB30006F1096F87030042206F1710043EA01215B
:10DB4000F6F3F8F70246002833D04378132B03D8B6
:10DB5000384621690422B3E2636A2169483300939D
:10DB60004FF020092046063201F1DC03CDF8049085
:10DB700073F054D88246E0B9636AA3F8069094F82B
:10DB80000834B3B1A068D4F8041406F009D884F8B6
:10DB900008A40EE019060CD5616AB1F8E42042B180
:10DBA00001F14800C431F4F349F4636AB3F8E410B6
:10DBB000D980636ADB882BB920463146069A72F019
:10DBC000DFDFAFE205F11C0906F11F012022484604
:10DBD00005F13C06F4F332F420222068314619F0B6
:10DBE00029D9D5F8D0305A040AD522682169D2F84B
:10DBF000D40602688A58127812B149F0FFDF3BE080
:10DC000021690A6D100508D413F4922F05D1D1F8BB
:10DC1000083193F883309A0612D5636A04F118002C
:10DC200003F148020092DB88E231019305F18C0395
:10DC30000293AB8A4A4603933346F6F30DF41BE096
:10DC400004F1180A5046E2310622F4F3E3F3002807
:10DC500000F06882636A216903F148020092DB8860
:10DC60005046019305F18C030293AB8AE231039392
:10DC70004A463346F6F3F0F540F63B6238462169F2
:10DC800008EA0202012374F04BDB08B1042356E1D9
:10DC9000384621690D2274F0FFDA43E2069A4AB948
:10DCA00097F81690B9F1000F0CBF4FF400794FF0C0
:10DCB000000901E04FF00009D5F8D000F6F350F369
:10DCC00041F2C833002808BF4FF4E47303EA0802A6
:10DCD00018BF4FF000099A4240F0248219EA080F59
:10DCE00040F020822B68033B042B00F21B82294664
:10DCF000052341F81C3B06F11F002022F4F38AF3B0
:10DD0000002840F00F8296F86FA096F87030D5F892
:10DD1000D00043EA0A2AF6F323F300283FD006F1A5
:10DD2000710B584651463022F5F306F08146C8B1D2
:10DD3000D5F8D03042785B0440F1FA81236821693C
:10DD4000D3F8D4361B68CB581B78002B00F0F08139
:10DD5000123A92B2ECE1A86809F102010230F4F340
:10DD600059F318B138462169072215E00AEB0B0177
:10DD700099F80120C9EB010189B2901C81421CDD98
:10DD80006FF001039B1A4844C9183022F4F3D4F70A
:10DD900098B121693846062274F07EDA09E0AB8832
:10DDA000534506D1A86806F171015246F4F332F3E7
:10DDB00018B1206904F1180142E0D5F8D000F6F35B
:10DDC000CFF278B106F171005146F6F3A7F648B9E3
:10DDD00038462169092274F05FDA206904F11801DC
:10DDE00001222EE02068036893F8623163B304F1E6
:10DDF000180921694A466FF079D88346D5F8D000D2
:10DE0000F0F7C8FA00B32368D3F86008FEF70CF9FE
:10DE1000D0B1BBF1000F17D023685946D3F8600882
:10DE2000FEF706F980B1514606F17100F422F4F3D1
:10DE300083F701462046FFF795FB28B9206949463C
:10DE4000112276F053DF6DE140F20B223846216952
:10DE500008EA0202032374F063DA814628B106233C
:10DE600018F040092B6004D116E0384621690D22D4
:10DE700026E12A8A04F1180B2B8B20688DE8040810
:10DE8000216905F1AC0276F0D1DED5F8D000F6F3C9
:10DE900067F2002834D003E03846216908220FE1F8
:10DEA000514606F17100F6F339F642788046063A9B
:10DEB00092B2EA82837905F16C0903F0030385F8D5
:10DEC000CC3008F108014846F4F3B8F295F8CC20BC
:10DED0000599EB8A009206F14F020191029298F89F
:10DEE0000620216902F00402039220684A4676F077
:10DEF00021DE23682169D3F87C06324654F0ECDE3B
:10DF0000D5F8D000F6F32CF2C0B108232B603846C8
:10DF10002169002274F0C0D923695A46DB68206861
:10DF2000009379210623F4F701F923682269D3F8D5
:10DF3000D4361B68D35800221A70F3E006232B60F6
:10DF4000F0E02B68052B40F2ED80236A05995A8A90
:10DF50008A4208D0D3F8D000F6F324F218B138463C
:10DF600021690A22ACE008F46073B3F5607F40F0E9
:10DF7000D98007232B60D5F8D000F6F3F1F1814664
:10DF8000002841D018F4805F0BD096F86F1096F8F7
:10DF9000703006F1710043EA0121F6F3BFF58146C6
:10DFA00038B9216938460B2274F076D94FF0000950
:10DFB000BAE0427805F16C0A063A92B2EA828379B5
:10DFC00009F1080103F0030385F8CC305046F4F35F
:10DFD00035F295F8CC20EB8A00926A8A2169019289
:10DFE00006F14F02029299F80620206802F004021E
:10DFF0000392524676F09EDD23682169D3F87C06B1
:10E00000324654F069DE70E0BAF1200F55D84FF473
:10E010008070F9F3ADF2834630B9216938460C229D
:10E0200074F03AD9D9467FE02020F9F3A1F20690A6
:10E0300050B95846F9F3AEF2384621690C2274F013
:10E040002BD9DDF818906FE04FF48170F9F390F25E
:10E05000844680B95846CDF810C0F9F39BF2069873
:10E06000F9F398F2384621690C2274F015D9DDF8DD
:10E0700010C0E14658E0069B05F16C02079241464C
:10E0800005F19C0201930290079B0998CDF810C0FE
:10E09000CDF800B0F6F370F481465846F9F37AF201
:10E0A0000698F9F377F2DDF810C06046F9F372F2E2
:10E0B000A5F816A0B9F1000F05D1216938460C2248
:10E0C00074F0EAD830E0089A08F030031B11059983
:10E0D000009302F0400301914F36039320682169B9
:10E0E000079A5346029676F025DD3846216908F0F6
:10E0F0000B02052374F014D928B108232B6038468D
:10E100002169002202E0216938460D2274F0C4D84A
:10E1100023692068DB687921009304F11802062343
:10E12000F4F704F84FF0010948460BB0BDE8F08F52
:10E13000A988931C99427FF415AE0CE62DE9FF47A0
:10E1400090E810028E7905460F46002E63D140F20A
:10E150001440F9F30DF2804600285FD03851314663
:10E1600040F21442F4F3EEF1AB8AD9F8D02608EB72
:10E17000030448F803902B694FF0010AE360EB6851
:10E180006261A360AB6827616360E420C8F8006047
:10E1900088F804A0C4F8FC63F9F3EAF120620028CF
:10E1A00041D03146E422F4F3CDF1E820F9F3E0F177
:10E1B0006062002837D03146E822F4F3C3F1D4F886
:10E1C0002480E868C8F8009019492246334605F0D3
:10E1D0006BDDC8F86800002825D0E868154922469C
:10E1E000334605F061DD6063E8B1E8681249224614
:10E1F000334605F059DDC4F80404A0B1236A286A47
:10E200000193636A6946009702938DF80CA0F3F3BB
:10E2100013F4304604E06FF0060001E04FF0FF30E9
:10E2200004B0BDE8F0872846394672F099DBF5E77F
:10E23000E1578800E9588800C958880038B51D465C
:10E2400090B10368848ACB5873B11C19114604F14C
:10E2500030001022F4F3F2F004F1400029462022AD
:10E26000BDE83840F4F3EAB038BDD0F88404F0B526
:10E2700003F15605A83300EB430300EB8505B3F922
:10E280000A60AF6890F8E940BE1B7618AE60264180
:10E290005E81B0F95E31D0F86811CB1A9B18C0F8D6
:10E2A00068312341A0F85E31F0BD10B50A7AD0F88C
:10E2B00084342AB390F82922D1F808012AB190F8C1
:10E2C0006000904228BF024601E090F86020D1F83B
:10E2D0001801047864B1007AD1F8081118B1C98D19
:10E2E0004A43002101E0CA8D012183F8291105E08C
:10E2F000012283F82921D1F80821D28D0A3203E0C6
:10E3000083F829214FF49B72C3F8242110BD2DE915
:10E31000F04F8BB0D0F884449A469DF85C3090461C
:10E3200008939DF85420B4F8C63007920393189AC6
:10E3300094F8E9300F4609920593B4F8F020D4F828
:10E34000D81094F81C3106469DF950B09DF85850ED
:10E3500004920691002B00F0AB81036893F86931B9
:10E3600023B13BF04DDA002800F0A281336893F826
:10E3700064312BB194F86D3113B1002384F86D3101
:10E3800094F828313BB1B068D4F8301105F008DCBE
:10E39000002384F828318E2130693CF069DA43008B
:10E3A0004E334FF6FE71194030693CF061DA94F853
:10E3B00058318146FF2B08D094F8E830012212FA38
:10E3C00003F300EA03091FFA89F994F8AF30AB426E
:10E3D00013D0002305F1320204EB8202E91A9360A4
:10E3E0004A4242EB0102323204EB820284F8AF501F
:10E3F000C4F8CC30C4F8C8309360BAF1000F00F014
:10E400005781079AC2B9022F40F35281C7EB0A0124
:10E41000B4F9F22009B204EB45039142A8BF0A46C1
:10E42000A3F8EA20D6F884345B79012B2AD9C8EB0B
:10E430000B03A4F8EE3025E0049F04EB45023BB249
:10E44000B2F9EA70C7EB0A07FF1A022F03DD1C2F8F
:10E45000A8BF1C2700E00327D6F884245279012A9C
:10E4600010D9B4F9EE80C8EB0B08C3EB0808B8F17B
:10E47000020F05DDB8F11C0FA8BF4FF01C0801E02A
:10E480004FF00308D6F868329B792BB9089A1AB175
:10E4900030460999FFF709FF05F1320204EB8202C9
:10E4A0009368304601339360C4F8CC30D4F83831E7
:10E4B00051460133C4F8383105F14E0304EB8303B0
:10E4C0005A6801325A605A462B46FFF7CEFED4F8FE
:10E4D000E030D4F8E420934203D9039B1BB20493A9
:10E4E00007E0D4F8DC00013301210690C4F8E030E5
:10E4F00004910598012212FA00F3D4F8CC10994245
:10E500002DD3D5F1010B38BF4FF0000B0BF1A80C48
:10E5100004EB4C0C04EB4500B0F85A01BCF80AC0FF
:10E52000C0EB0C0C0FFA8CFC94F86C018CEAEC7AC2
:10E53000AAEBEC7A8245ACBF00210121844503910E
:10E540000EDB94F8E8000BFA00F1894509D005F1DB
:10E550003C0104EB810148688018486001E00392A7
:10E56000002205F1540B05F12C0004EB800004EBB4
:10E570004B01B1F90AC0D0F808A0CCEB0A0C6744F3
:10E580008760059807414F81D4F8C000B4F9B610F0
:10E59000059F411A4144C4F8C0103941A4F8B6108F
:10E5A00004EB8501D1F8D010B4F9C400994204EB12
:10E5B0004B01B1F90A1028BF84F8B150884244DBFE
:10E5C000D4F8CC00069FB8420CD9D5F1010194F8DB
:10E5D000E82038BF002111FA02F291452FD005F151
:10E5E0003C0225E0039F4FB394F844713DB1B4F968
:10E5F000B2C07FB2C1EB0C0107EBC10106E0B4F978
:10E60000B4C07FB2C1EB0C01C900C91B049FB1EBC0
:10E61000C70F13DB984211D3D5F1010194F8E8201C
:10E6200038BF002111FA02F2914508D005F13E02EF
:10E6300004EB820251680131516000E02AB10120EF
:10E64000002D14BF0321022106E0002D0CBF284637
:10E65000002014BF0221032194F8AF2084F849213F
:10E6600094F81D215AB1D6F8682292793AB938B196
:10E6700030690B46009201923DF0C6D804E018B90B
:10E68000D4F8CC209A4213D294F81D3183B1D6F835
:10E6900068329B7963B9012284F82821B068D4F8E4
:10E6A0003011D4F824210BB0BDE8F04F05F0529A98
:10E6B0000BB0BDE8F08F2DE9FF41D0F88454064639
:10E6C00095F81C310C4695F8E970002B00F081801C
:10E6D000036993F80A31002B7BD0036893F8693102
:10E6E00053B13BF08DD8034630B9B068D5F834113A
:10E6F000142205F02FDA6CE0336893F8643133B1FB
:10E7000095F86D311BB1002385F86D3161E0D6F8C5
:10E710003C33022B0AD0D5F8E020D5F8E4309A42F9
:10E7200094BF4FF000084FF0010801E04FF00008DF
:10E7300095F81D31002B4CD0D6F868329B79002B10
:10E7400047D1336A0DF10F0118695AF00BDD9DF8BE
:10E750000F3085F8AF30002B14BF03210221B8F130
:10E76000000F25D003F1020E05EB8E0E05EB4302E0
:10E77000DEF8B0C0B2F9B200C0EB0C00CEF8B000C9
:10E78000384103F12C0EA2F8B20003F1540205EB5C
:10E790008E0E05EB4202B2F9B200DEF8B0C0C0EB5B
:10E7A0000C00783850FA07F7CEF8B000A2F8B27033
:10E7B00085F84931002201238DE80C0030690B46B1
:10E7C0003DF022D89DF80F3054F82320013244F850
:10E7D0002320BDE8FF8110B5D0F8844494F81C31A3
:10E7E00023B104F58671FFF766FF002384F8283112
:10E7F00010BD70B5D0F88444054694F81C3103B3BD
:10E80000D4F8CC20D4F8C8309A4203D104F58A71E8
:10E81000FFF751FFD4F8CC30C4F8C83094F81D315C
:10E820007BB1D5F868329B795BB994F8292142B164
:10E83000A868D4F834114FF4FA72BDE8704005F0BE
:10E84000899970BD38B5D0F884440546D4F83411A0
:10E85000806805F0A5D9D4F8CC20D4F8C8309A4205
:10E8600004D1284604F58A71FFF725FFD4F8CC308F
:10E87000C4F8C83038BDD0F8843400224FF6A271F5
:10E88000C3F8B820C3F8BC20C3F8C020A3F8B22056
:10E89000A3F8B420A3F8B620C3F86021C3F864211C
:10E8A000C3F86821A3F85A21A3F85C21A3F85E21DC
:10E8B000A3F8EA10A3F8EC10A3F8EE10C3F8CC20EC
:10E8C000C3F8D020C3F8D420C3F83821C3F83C21C2
:10E8D000C3F84021C3F8E020C3F8F420C3F8F820BF
:10E8E000C3F8FC20C3F80021C3F80421C3F80821B1
:10E8F000C3F80C21C3F81021C3F81421C3F8182160
:10E9000083F829217047D0F88434D3F8CC208A606A
:10E91000D3F838218A6493F81D2112B193F8AF20FF
:10E9200001E093F8AC204A6093F81D210A6093F847
:10E9300048214A654A688A65D3F8D0200A64D3F82A
:10E94000D4204A64D3F83C21CA64D3F840210A6534
:10E95000B3F9B220CA60B3F9B4200A61B3F9B620A2
:10E960004A61D3F8F4208A61D3F8F820CA61D3F859
:10E97000FC200A62D3F800214A62D3F804218A629B
:10E98000D3F80821CA62D3F80C210A63D3F8102106
:10E990004A63D3F814218A63D3F81821CA63D3F8E1
:10E9A0004C21CA65D3F85021D3F854310A664B661E
:10E9B0007047F7B5D0F88444D4F84C518D4207D154
:10E9C000D4F85051954203D1D4F854219A423CD006
:10E9D00001F00F05042D3AD8022D38D003F00302C0
:10E9E000022A34D01F0907F00307022F2FD00A098B
:10E9F00002F00F02042A2AD8022A28D09E0806F024
:10EA00000306022E23D09E0906F00306022E1ED016
:10EA1000C4F85431036AC4F84C111B68C4F850118F
:10EA2000022B04BF3E462A46042A14BF1146314633
:10EA300084F8AD10D0F88434012283F84611009296
:10EA4000019200690B463CF0DFDE002001E06FF030
:10EA50001C00FEBD7047000000487047946601002E
:10EA600010B50C46C1B1886808B1F8F393F5E068B9
:10EA700008B1F8F38FF5D4F8D80008B1F8F38AF5A7
:10EA8000D4F8E00008B1F8F385F520460021E4222F
:10EA9000BDE81040F3F356B510BD2DE9F74F05461C
:10EAA000D2F8D000019114469846DDF830B0DDF878
:10EAB0003490DDF838A0F5F353F428B140465946B8
:10EAC0003022F4F339F103E040465946F5F3E0F221
:10EAD0000646002800F0D880D4F8D000F5F340F4C2
:10EAE00028B1484651463022F4F326F103E0484667
:10EAF0005146F5F3CDF20746002800F0C6802B689A
:10EB000093F86231002B4FD0D4F8D000EFF742FCDD
:10EB1000002849D0D5F86008FDF786FA10B3D5F87B
:10EB200068329B792BB9D5F860080199FDF780FA16
:10EB3000C0B148465146F422F4F3FEF08146002865
:10EB400000F0A28040780230A4F8D400F8F310F569
:10EB5000C4F8D800002800F097804946B4F8D420C3
:10EB6000F3F36CF4D5F86008FDF75EFAE0B1D5F880
:10EB700060080199FDF75CFAB0B140465946F422AD
:10EB8000F4F3DAF0054600287ED040780230A4F88D
:10EB9000DC00F8F3EDF4C4F8E000002874D0294656
:10EBA000B4F8DC20F3F34AF4022323826382D4F81E
:10EBB000D000F5F3D5F310B1042323826382D4F897
:10EBC000D000F5F3CDF350B106F10A0004F11001C5
:10EBD0000022F5F3A7F4002856D0002513E073783F
:10EBE0000A2B0FDDD4F8D05006F10E00A5F1080273
:10EBF000554245EB020504F110012A46F5F3B6F63D
:10EC000008B941E005462046218A2A4676F088D890
:10EC1000002839D0D4F8D000F5F3A2F330B1301D7C
:10EC200004F112010122F5F37DF413E07378092B4E
:10EC300011DD06F1080045B9F27A012A06D0A2F1E9
:10EC400005035A4242EB030200E0012204F11201E3
:10EC5000F5F38CF6C0B178780230A080F8F388F430
:10EC6000A06088B13946A288F3F3E8F370780230E7
:10EC7000E080F8F37DF40746E06030B13146E28889
:10EC8000F3F3DCF3012700E007463846BDE8FE8FCA
:10EC900001320103323D00904C3300AAAA03000068
:10ECA0000088B4000100000001010000010050F2E2
:10ECB00001000050F20000409600000FAC00000F71
:10ECC000AC0600AAAA03000000AAAA030000F800EC
:10ECD0000FAC00050400C9BF05F000CEBF00000066
:10ECE0000101000001011C7040002D02F0000A012A
:10ECF00028002801380148015801550150015003EE
:10ED00006666E2016666E3016666E4016666E50141
:10ED10006666E6016666E7016666E8016666E90121
:10ED20006666EA016666EB016666EC016666ED0101
:10ED30006666EE01CDCCF0010A0005000800400631
:10ED40000800050008000800770008008A00080095
:10ED50000100050001000A0001000500400610093D
:10ED60001E091F0924092509260920092109270947
:10ED70002809290922092309300931093209120910
:10ED80000F09000901090609070908090209030911
:10ED900009090A090B09040905090C090D090E09DD
:10EDA00011096502340284007400560065023402C1
:10EDB0000400040004000300030003000300020039
:10EDC0000100010000000000FFFFFFFFFFFFFFFF49
:10EDD000FFFFFFFFFFFF0000372E39352E343920AB
:10EDE0002832323731626236204359290072656316
:10EDF0006C61696D2073656374696F6E2025733A69
:10EE00002052657475726E65642025642062797481
:10EE1000657320746F2074686520686561700A00EE
:10EE20004D656D6F72792075736167653A0A0009E7
:10EE3000546578743A20256C6428256C644B292C21
:10EE400020446174613A20256C6428256C644B2948
:10EE50002C204273733A20256C6428256C644B295E
:10EE60002C20537461636B3A2025644B0A000941DE
:10EE700072656E6120746F74616C3A202564282578
:10EE8000644B292C20467265653A20256428256448
:10EE90004B292C20496E207573653A20256428255E
:10EEA000644B292C2048574D3A2025642825644B73
:10EEB000290A0009496E20757365202B206F76653D
:10EEC00072686561643A2025642825644B292C20EA
:10EED0004D6178206D656D6F727920696E20757354
:10EEE000653A20256C6428256C644B290A00094D7D
:10EEF000616C6C6F63206661696C75726520636F0D
:10EF0000756E743A2025640A0009537461636B209E
:10EF1000626F74746F6D20686173206265656E2026
:10EF20006F7665727772697474656E0A000953743E
:10EF300061636B20626F74746F6D3A203078257056
:10EF40002C206C776D3A20307825702C20637572F8
:10EF5000723A20307825702C20746F703A20307807
:10EF600025700A00094672656520737461636B3A07
:10EF7000203078257828256429206C776D3A203058
:10EF8000782578282564290A0009496E757365205B
:10EF9000737461636B3A20307825782825642920C2
:10EFA00068776D3A2030782578282564290A000989
:10EFB000496E2075736520706F6F6C20256428255D
:10EFC00064293A2025642825644B292C20772F6F4B
:10EFD000683A2025642825644B290A0009496E20D7
:10EFE000757365202D20706F6F6C3A20256428257D
:10EFF000644B292C20772F6F683A202564282564DC
:10F000004B290A0009506B74496420546F74616C79
:10F010003A2025642C20467265653A2025642C2010
:10F020004661696C65643A2025640A006D77006D5D
:10F030006400554E494D504C3A2072613D25700A8E
:10F04000005443414D3A20256420757365643A208D
:10F050002564206578636565643A25640A000A467C
:10F060005749442030312D25780A666C616773203A
:10F0700025780A000A5452415020257828257829FD
:10F080003A2070632025782C206C722025782C2063
:10F0900073702025782C20637073722025782C20C3
:10F0A000737073722025780A002020723020257832
:10F0B0002C2072312025782C2072322025782C20AB
:10F0C00072332025782C2072342025782C2072353C
:10F0D0002025782C2072362025780A0020207237CF
:10F0E0002025782C2072382025782C207239202574
:10F0F000782C207231302025782C20723131202557
:10F10000782C207231322025780A000A20202073C2
:10F11000702B302025303878202530387820253065
:10F12000387820253038780A00202073702B313051
:10F130002025303878202530387820253038782040
:10F14000253038780A0A0073702B2578202530384E
:10F15000780A00686E6461726D5F61726D72206121
:10F160006464723A20307825782C206372345F69A9
:10F1700064783A2025640A0062757373746174734D
:10F1800000535357553A207072696D6520646F655E
:10F1900073206E6F7420686176652070203D203387
:10F1A000206D6F64203400000100000000010000A9
:10F1B00020010000A1418000B9538000212C800073
:10F1C000795780006D3D8000609D8800A09E88007A
:10F1D000549F88008C9B8800409C8800FDFFFFFFA7
:10F1E000D89A880002000000800100003001000071
:10F1F000DD418000E5538000492C8000AD57800040
:10F20000993D8000749D8800C09E8800749F88008E
:10F21000AC9B8800609C8800FDFFFFFFF89A880087
:10F2200004000000FF00000020080000253E8000D0
:10F23000B1518000ED2B800035578000253D8000C6
:10F24000549D8800809E8800349F88006C9B8800B5
:10F25000209C8800066D0700B89A88000300000013
:10F260000902000044010000F941800001548000BF
:10F27000892C8000F5578000ED3D8000889D880036
:10F28000F09E8800A49F8800DC9B8800909C8800EA
:10F29000FDFFFFFF289B8800706125643D307825C5
:10F2A000257800706425643D3078252578007064E9
:10F2B0006825643D30782525780070646C25643DB0
:10F2C00030782525780067637225643D30782525E0
:10F2D00078002530325825303258253032582530C4
:10F2E00032582D25303258253032582D253032589D
:10F2F000253032582D25303258253032582D2530C2
:10F300003258253032582530325825303258253081
:10F3100032582530325800556E646566696E6564F2
:10F32000206572726F722025640000006001040085
:10F33000050001036401040000002700240104000B
:10F340000400000028010400000000002C0104005B
:10F35000000000003001040000000000340104003F
:10F360000A04700034010400EFBED400340104002C
:10F37000050000FF3401040001FF02FF300104001A
:10F3800018000000340104000A04E0003401040005
:10F39000EFBE480034010400050000FF3401040002
:10F3A00001FF02FF340104000010180134010400C1
:10F3B000020300103401040018F1F2F334010400D8
:10F3C000BBCC000030010400380000003401040010
:10F3D0000000000030010400580000003401040067
:10F3E0000000000030010400380000003401040077
:10F3F0000F200007340104000000940034010400D1
:10F400000000009034010400747576773401040024
:10F410000000000034010400000005003401040075
:10F42000FFFFFFFF30010400680300003401040007
:10F430006E84330034010400DCBA5000340104004F
:10F44000D40000AB34010400BADABADA34010400A3
:10F45000001018F134010400F2F30010340104002C
:10F4600018F1F2F33401040010000000340104002C
:10F47000000000003401040000000A003401040010
:10F480000100000E340104004252434D34010400D7
:10F490005F54455334010400545F53533401040056
:10F4A000494401043401040082848B963401040031
:10F4B00003010106340104000200000030010400D1
:10F4C00068000000340104000A042802340104002A
:10F4D000DCBA8000340104000000FFFF34010400A6
:10F4E000FFFFFFFF34010400001018F13401040095
:10F4F000F2F300103401040018F1F2F334010400B7
:10F50000D0AF00003401040000000000340104000A
:10F5100000000001340104000200000E3401040068
:10F520004252434D340104005F54455334010400FA
:10F53000545F53533401040049440104340104006E
:10F5400082848B9634010400030101063401040017
:10F5500002010000300104006806000034010400CC
:10F560000A04280234010400DCBA800034010400DB
:10F570000000FFFF34010400FFFFFFFF340104001F
:10F58000001018F134010400F2F3001034010400FB
:10F5900018F1F2F334010400D0AF0000340104008C
:10F5A00000000000340104000000000134010400E8
:10F5B0000200000E340104004252434D34010400A5
:10F5C0005F54455334010400545F53533401040025
:10F5D000494401043401040082848B963401040000
:10F5E00003010106340104000201000000010400CF
:10F5F000000000019004020000000000A0040200CE
:10F60000F1F30000B0040200EFFD0000A8040200C6
:10F61000FFFF0000A804020000000000A204020096
:10F6200001000000B2040200FBFF0000AA04020077
:10F63000FFFF0000AA04020000000000A404020072
:10F64000CF1A0000AC04020000000000BC0402005D
:10F6500000000000A6040200D7020000B604020069
:10F66000FFFD0000AE040200FFFF000006040200E0
:10F670000100000006040200000000000C0402006B
:10F680001800000006040200000000004804020008
:10F69000000C000002040200200600000205020027
:10F6A000000000000005020000400000020502000A
:10F6B00004000000000502000040000002050200F6
:10F6C00008000000000502000040000002050200E2
:10F6D0000C000000000502000040000002050200CE
:10F6E000C000000080050200FFFF0000820502004C
:10F6F000FFFF000084050200FFFF000086050200F6
:10F70000FFFF000088050200FFFF00008A050200DD
:10F71000FFFF00008C050200FFFF00008E050200C5
:10F72000FFFF000090050200FFFF000092050200AD
:10F73000FFFF000094050200FFFF00009605020095
:10F74000FFFF000098050200FFFF00009A0502007D
:10F75000FFFF00009E050200FFFF0000A005020061
:10F76000FFFF00009C050200F0FF000040050200C2
:10F770000080000020050200060F00004005020086
:10F78000008000004005020000810000200502000A
:10F7900000FF00002C0502000101000040050200EE
:10F7A00000810000400502000082000020050200E8
:10F7B0001E2800002C050200000000004005020089
:10F7C00000820000400502000083000020050200C6
:10F7D00029310000400502000083000040050200BE
:10F7E0000084000020050200323F000040050200B6
:10F7F0000084000040050200008500002005020092
:10F800004041000040050200008500001206020091
:10F81000010000002E060200CDCC000030060200E0
:10F820000C000000000602000480000096060200A2
:10F83000080000009A060200E400000088060200AA
:10F84000000000009C060200020000008806020082
:10F85000001000009C060200020000008806020062
:10F86000002000009C060200020000008806020042
:10F87000003000009C060200020000008806020022
:10F880000B0F00009E06020007000000100502009A
:10F890000B00000050040200014E00005204020060
:10F8A0005B010000E4040200900000000404020078
:10F8B000B400000054050200FFAF0000FE04020087
:10F8C000000000005E05020000100000600104005E
:10F8D000040001036401040000000000640104004E
:10F8E000B400000064010400470047006401040004
:10F8F000000064006401040030094000600104005D
:10F900000D00010364010400020002006401040010
:10F910000100C0006401040005000000640104004F
:10F920000000C0006401040064006400640104007D
:10F930000E0047006401040000050000600104009F
:10F94000150001036401040040003C086401040048
:10F9500000000700640104000A00000060010400C8
:10F960001A0001036401040000C0000060010400EB
:10F970001D00010364010400102700006001040061
:10F980001F0001036401040000001C0C640104005A
:10F990000600102760010400250001036401040033
:10F9A000000032006001040028000103640104002B
:10F9B00000004C0A6401040000003F0164010400DF
:10F9C000FFFF00046401040046041E0764010400F4
:10F9D0000200EC09600104002E0001036401040030
:10F9E0000000008060010400920101036401040032
:10F9F000640400006401040000004000640104008D
:10FA000096070000600104009701010364010400EF
:10FA10001A08000060010400BF0101036401040032
:10FA200000000500600104000804010364010400F3
:10FA300007020000600104001004010364010400D7
:10FA400000000100600104001C0C010064010200C0
:10FA5000FFFF0000600104001D0C010064010200B2
:10FA6000FFFF0000600104001A00010364010400AC
:10FA70000000200C60010400230001036401040065
:10FA80000000A607640104000000A20A600104004F
:10FA900026000103640104000A0E0B09640104003E
:10FAA0000E02000060010400320001036401040042
:10FAB0000000900B640104000000A0046401040035
:10FAC00000007C066001040058000103640104008A
:10FAD0004252434D640104005F54455364010400E5
:10FAE000545F535364010400494400006001040062
:10FAF0006000010364010400390000006401040097
:10FB00005000000064010400C00000006001040017
:10FB10007000010364010400BE03BE03640104001D
:10FB2000BE03BE0364010400BE03BE0364010400FF
:10FB3000BE03BE03640104000004EA036401040080
:10FB4000D403BE03640104000B04F5036401040044
:10FB5000DF03C90364010400BE03BE0364010400A3
:10FB6000BE03BE0364010400BE03BE0364010400BF
:10FB7000BE03BE03640104000004EA036401040040
:10FB8000D403BE03640104000B04F5036401040004
:10FB9000DF03C903640104001604160464010400B1
:10FBA000160416046401040022041604640104000F
:10FBB00016042E04640104001604160464010400F3
:10FBC00016041604640104001604160464010400FB
:10FBD0003A041604640104001604160464010400C7
:10FBE00016041604640104002204160464010400CF
:10FBF00016042E04640104001604160464010400B3
:10FC000016041604640104001604160464010400BA
:10FC10003A0416046401040000001F00640104009B
:10FC2000FF031F00640104000200000064010400DF
:10FC30000200000060010400980001036401040058
:10FC400000001F0064010400FF031F0064010400A2
:10FC500001000000640104000100000060010400D4
:10FC6000A00001036401040000001F0064010400FF
:10FC7000FF031F0064010400010000006401040090
:10FC80000100000060010400A800010364010400F9
:10FC900000001F0064010400FF031F006401040052
:10FCA0000100000064010400010000006001040084
:10FCB000C0000103640104003724372464010400F8
:10FCC0003724372460010400BA01010364010400F1
:10FCD0000100070264010400070207036401040035
:10FCE0000700000060010400DF010103640104005B
:10FCF0002000CB01640104000000540064010400F2
:10FD00000000AB086401040000001004640104005A
:10FD10008400020064010400000014006401040077
:10FD2000CF010200640104004400000064010400EB
:10FD3000AF080200640104001004640064010400C0
:10FD400002020000640104001000CA016401040002
:10FD500002003C00640104000000AA0864010400E1
:10FD6000020010046401040054000208640104004D
:10FD70000000080064010400CE01000064010400DA
:10FD80003400000064010400AE08000064010400B7
:10FD90001004440064010400020A0000640104002D
:10FDA0000800C9016401040002003000640104007D
:10FDB0000000A908640104000200100464010400AA
:10FDC0003C0002106401040000000400640104000F
:10FDD000CD010000640104002C0000006401040057
:10FDE000AD08000064010400100434006401040044
:10FDF00002120000640104000400C8016401040050
:10FE000000002C00640104000000A8086401040044
:10FE100000001004640104003000021964010400B1
:10FE20000000000064010400CC0102006401040031
:10FE30002C00000064010400AC080200640104000E
:10FE40001004300064010400021A00006401040080
:10FE5000C0000A0464010400700000006401040092
:10FE60003A010A046401040028022CC06401040061
:10FE7000F2020A04640104000000000164010400AD
:10FE800060001404640104003800000064010400F0
:10FE9000020114046401040014012CC06401040074
:10FEA000DE01140464010400000080006401040009
:10FEB00022003704640104001500000064010400FE
:10FEC000DF0037046401040065002CC064010400F5
:10FED0002E0137046401040000002F0064010400B7
:10FEE00011006E84640104000B0000006401040032
:10FEF000D4006E846401040033002CC0640104004B
:10FF0000FC006E8464010400000018006401040019
:10FF100002008A9D64010400FB00020864010400E1
:10FF2000C54EFA0064010400020A8334640104002F
:10FF3000FE000210640104006227F900640104005D
:10FF40000212421A64010400FD0002196401040057
:10FF5000B113F80064010400021A81116401040065
:10FF6000FC00021C64010400C10FFC0064010400D9
:10FF70000000C10F64010400FC00000064010400E3
:10FF8000C10FFC0060010400500201036401040081
:10FF90000000000064010400010071146401040009
:10FFA0000402000060010400540201036401040023
:10FFB00001000000640104000100711464010400E8
:10FFC00004020000600104005802010364010400FF
:10FFD00002000000640104000100711464010400C7
:10FFE00004020000600104005C02010364010400DB
:10FFF00003000000640104000100711464010400A6
:020000041002E8
:1000000004020000600104006002010364010400B6
:1000100000000100600104006C020103640104009F
:1000200020000000600104001204010364010400C8
:1000300000000C006001040050050103640104008D
:100040001800000064010400983A983A6401040022
:10005000A60E6400640104000000F40164010400C1
:100060000400000064010400C8AFA861640104003A
:10007000204E1E006401040000000300640104001F
:10008000030000006401040050C30000600104008C
:100090005B05010364010400000014056401040011
:1000A000E2040000600104005F0501036401040034
:1000B000204E00006401040000000F0064010400F1
:1000C000F4010300600104006505010364010400FC
:1000D0000000130064010400000003006401040038
:1000E0000100070064010400C8AF000064010400BF
:1000F00088130000640104002C17DF406001040035
:100100006C0501036401040000002C01640104007B
:100110000000A00F600104006F05010364010400EA
:10012000000002006401040000002C0164010400CE
:10013000C000000064010400C04400006401040029
:100140006400000064010400DC05401F6401040039
:1001500000004600640104005000500064010400E7
:100160000200000064010400F50A000060010400C0
:100170007A050103640104002010409C640104001E
:10018000204E000064010400B80B00006001040070
:100190007E050103640104000000204E6401040098
:1001A0000000050064010400DC053F006401040058
:1001B0007102000064010400307500006001040059
:1001C0008605010364010400C409A00F6001040056
:1001D00089050103640104000000D00760010400E8
:1001E0008B05010364010400204E204E60010400D1
:1001F0008E050103640104002000804064010400B6
:1002000000000A0064010400E803E81C6401040023
:10021000384A0000600104009305010364010400F2
:1002200000006400600104009F05010364010400F4
:100230000200940260010400A105010364010400AE
:10024000E100000060010400A40501036401040052
:100250003075000060010400A7050103640104007B
:10026000DC05000064010400581B0000600104006C
:10027000AF0501036401040000000F0064010400E5
:10028000C800000060010400B2050103640104001D
:10029000000002006401040000006400600104002A
:1002A000BB05010364010400A8617017600104002C
:1002B000C405010364010400BE00000060010400E5
:1002C000380C01006401020000000000600104001D
:1002D00003000200640104001F000000600104002C
:1002E0000400020064010400FF0300006001040038
:1002F00005000200640104001F000000600104000A
:100300000600020064010400070000006001040010
:100310000700020064010400040000006001040002
:100320000800020064010400FFFF000060010400F7
:1003300009000200640104000000000060010400E4
:100340000A000200640104000000000060010400D3
:100350000B000200640104000000000060010400C2
:100360000C000200640104000000000060010400B1
:100370000D000200640104000000000060010400A0
:100380000E0002006401040000000000600104008F
:100390000F0002006401040000000000600104007E
:1003A00010000200640104001F000000600104004E
:1003B000110002006401040000000000600104005C
:1003C000120002006401040000000000600104004B
:1003D000130002006401040000000000600104003A
:1003E0001500020064010400000000006001040028
:1003F000160002006401040000000000FFFF00007E
:100400000000000086060200D009000080060200FD
:100410003E3E0000820602003E020000000702008D
:100420003C0000008406020012020000600104008B
:100430000300010064010200C0000000600104002C
:1004400003000100660102000A00000060010400D0
:1004500004000100640102001400000060010400B7
:100460000700010064010200830100006001040034
:100470002500010064010200F40100006001040095
:10048000C5050100660102002B04000060010400A4
:10049000C6050100640102000001000060010400C3
:1004A000E1010100640102003C0000006001040061
:1004B000E601010066010200340000006001040052
:1004C000EC01010064010200300000006001040042
:1004D000F1010100660102002C000000600104002F
:1004E000F7010100640102002C000000600104001B
:1004F000FC01010066010200280000006001040008
:1005000002020100640102002800000060010400F2
:10051000070201006601020028000000FFFF000042
:1005200000000000ED9F8000C1AD8000DDAE8000C6
:10053000F9AB8000B5B0800065AF8000C9B0800025
:10054000DDB0800071AD800085AD800009AC800019
:1005500005B18000FDAA8000A1B0800065AE8000DA
:1005600035AA800081A18000C5A1800031A880004B
:100570008DA8800019A8800079AF8000B1A6800006
:10058000ADAB80008DAB8000E5AB80008DA380001B
:100590007DAB800079A28000F5A3800045A7800094
:1005A00045A0800039A1800065A3800039A08000AB
:1005B00055A080002D9F8000399F80000000000022
:1005C000000000000000000075A3800061A880000A
:1005D00039A8800071A2800095A78000219F80002B
:1005E000199F8000B9A0800085A08000E59E800052
:1005F000280000000F0000000401000008070000B0
:1006000000070700000704000000040400000400C5
:1006100000000001010000000000000003030000D2
:10062000000000000000000000000000B108000011
:10063000000000000404040404010400E2040008B3
:100640000A0000006A100000000000000000000026
:1006500031060000DDC88D00040404040401040018
:10066000E20400080A0000006A1000000000000018
:1006700000000000310400008C2EBA0004040404C1
:1006800004010400E20400080A0000006A100000EF
:10069000000000001818000000000000000606001E
:1006A0000000000000000000000000003119000000
:1006B0000000A0000C0C0C0C0A030400E20400086B
:1006C0000A0000006A1000000000000000000000A6
:1006D000B1120000277662000C0C0C0C0A03040017
:1006E000E20400080A0000006A1000000000000098
:1006F00000000000B10C00001443FD000C0C0C0CB9
:100700000A030400E20400080A0000006A10000066
:10071000E02E01010150000000000000C83202017B
:1007200001490000899DD8004038030101420000C2
:10073000AAAAAA00003C0401013E000000008000BB
:10074000483F0501013B0000D05E4200A041060188
:100750000139000049922400004B070101320000DA
:1007600000000000584D080101300000071F7C0008
:10077000204E09010130000000000000C05D0A01A8
:100780000128000000000000A8610B010126000004
:100790006666660090650C0101240000C44EEC0002
:1007A00030750D01012000000000000040830E01A3
:1007B000011C00002449920018920F02013300002E
:1007C000F93E5600009610020132000000000000C1
:1007D000409C1102013000000000000080BB1202AA
:1007E000012800000000000020CB130201240000BB
:1007F000C44EEC00000000000000000000000000FB
:10080000626F617264666C616773330073707572D6
:10081000636F6E6669670000000000000000000062
:10082000B1190000ABAA0A000B0C0C0C0A0304005F
:10083000E20400080A0000006A1000000000000046
:1008400000000000B1120000143BB1000B0C0C0CB6
:100850000A030400E20400080A0000006A10000015
:100860000000000000000000310D00007A05340097
:100870000B0C0C0C0A030400E20400080A00000040
:100880006A100000000000001210000000000000CC
:100890000000000000000000B1190000000040004E
:1008A0000C0C0C0C0A030400E20400080A0000000F
:1008B0006A1000000000000000000000B1120000FB
:1008C000FF88D8000C0C0C0C0A030400E20400089A
:1008D0000A0000006A100000000000000000000094
:1008E000B10D0000F0FF4E000C0C0C0C0A030400CC
:1008F000E20400080A0000006A1000000600000080
:10090000BC010000C54200003142000089450000E2
:100910007800000001000000394000003F40000066
:10092000414000008000000068000000FB4400001F
:10093000F7440000D144000067E6096A85AE67BB52
:1009400072F36E3C3AF54FA57F520E518C68059BB1
:10095000ABD9831F19CDE05B982F8A429144377140
:10096000CFFBC0B5A5DBB5E95BC25639F111F15932
:10097000A4823F92D55E1CAB98AA07D8015B831274
:10098000BE853124C37D0C55745DBE72FEB1DE8020
:10099000A706DC9B74F19BC1C1699BE48647BEEF4F
:1009A000C69DC10FCCA10C246F2CE92DAA84744ADA
:1009B000DCA9B05CDA88F97652513E986DC631A850
:1009C000C82703B0C77F59BFF30BE0C64791A7D52F
:1009D0005163CA0667292914850AB72738211B2EB7
:1009E000FC6D2C4D130D385354730A65BB0A6A769F
:1009F0002EC9C281852C7292A1E8BFA24B661AA8AB
:100A0000708B4BC2A3516CC719E892D1240699D6BA
:100A100085350EF470A06A1016C1A419086C371E33
:100A20004C774827B5BCB034B30C1C394AAAD84E11
:100A30004FCA9C5BF36F2E68EE828F746F63A5784C
:100A40001478C8840802C78CFAFFBE90EB6C50A4DF
:100A5000F7A3F9BEF27871C60123456789ABCDEFE4
:100A6000FEDCBA9876543210F0E1D2C31420304044
:100A70001C2010776C2564002530347800776C25B5
:100A8000643A2025732025732076657273696F6E32
:100A900020257320465749442030312D25780A00FF
:100AA0004E6F7620323920323032310032323A34D1
:100AB000393A303900617020007374612000776D1D
:100AC0006520003830322E31316420003830322E2B
:100AD0003131682000726D20006361632000616D18
:100AE0007064752000616D7064755F7478200061BA
:100AF0006D7064755F72782000616D7364757278D3
:100B00002000616D73647574782000726164696F90
:100B10005F70777273617665200070327020006DAF
:100B20006368616E2000646672747320007478706C
:100B3000777263616368652000737462632D7478F3
:100B40002000737462632D72782D317373200077E7
:100B50006E6D20006273737472616E7320006D6637
:100B600070200073616520006964617574682000FD
:100B7000746B6F2000776C63006770696F6F7574BA
:100B800000000000E15601000200008008000000A3
:100B90003D6F8900E200000001000000000000003D
:100BA00000000000000000000200000000003131E1
:100BB000640031316800313175005458204D435381
:100BC00020203A0020202564282564252529000AB4
:100BD00020202020202020203A000000A18789002A
:100BE000070080000100000000000000000000007D
:100BF000000000005258204D435320203A006170FD
:100C0000707300615F77706100615F777061690088
:100C100025733A20686F73745F656E616220256486
:100C20000A006273736366670062746300627463D0
:100C30005F646F735F73746174757300955701001F
:100C40000E0000000700000000000000000000008F
:100C500000000000636D005F5F004B520000000069
:100C6000BC580100E0ED880000000000000000001A
:100C7000B058010000000000AA580100A45801006B
:100C80000000000000000000805801002C59010005
:100C9000885801007FB20000000000000000000042
:100CA0000000000000000000000000000000000044
:100CB0000000000000000000000000000000000034
:100CC000905801000000000000000000000000003B
:100CD0000000000000000000000000000000000014
:100CE0000000000000000000000000000000000004
:100CF00000000000000000000000000000000000F4
:100D000000000000000000000000000000000000E3
:100D1000000000000000000001000000B1580100C8
:100D20000000000000000000323032312D31312D42
:100D300032392032323A34323A3434000000FF0083
:100D400000000000FF00000000236E000000FFFF15
:100D5000F00000000000000000000000434C4D20A7
:100D60004441544100000C000200392E31302E3332
:100D70003900000000000000000000000000312EDB
:100D800032392E3400000000C4580100C857010059
:100D9000436C6D496D706F72743A20312E33362E6C
:100DA000330000000000000000000000000042725C
:100DB0006F6164636F6D2D302E3000000000000005
:100DC000000000000000000000000000636E74726C
:100DD000790064756D705F696E666F0013858900B8
:100DE00000000040080000000000000000000000BB
:100DF000000000006576656E747100666274000024
:100E0000115A010016000000775A01001800000076
:100E10008F5A01001B000000275A01001C0000002F
:100E20009CEF88000E000000DA590100330000003A
:100E3000DA59010033000000435A01003400000079
:100E4000435A010034000000435A010034000000FE
:100E50009BEF880001000000D05901000A0000004B
:100E60009AEF88000100000003103036373839F45B
:100E7000FFDD0001020304060708092025282923B5
:100E80002A32300B0C424746333F4043363A3C3B14
:100E90002D3D484A7F596145626B6C6F70BFC0C37E
:100EA000C4C744F4DD69656D000001322124302E91
:100EB00046363B2D487F595E6BBFC74485F4DD0144
:100EC000320C354146303637393A382D3D484A7F65
:100ED0005A5F58646EBFC0C744F4DD0001020304CA
:100EE000060507080920252829232A32300B0C2E55
:100EF000333F4043424746363A3C3B2D3D484A7FCC
:100F00005659456B6C6F70BFC0C3C4C744F4DD0154
:100F1000320C35414636373A382D3D484A7F5A5FC4
:100F20006EBFC0C744F4DD0001322124302E4636A6
:100F300037393B2D487F595E57636BBFC744859C4B
:100F4000F4DD696572006C71004449524543542DCB
:100F5000007068790000A40400400000A404008030
:100F60000080D00420000000A404FF010000A404BD
:100F700000040004A504FF032C01A50400E000A068
:100F8000A504001C00000D04FF0340000D040070C8
:100F90000040A204FF034000A20400700040A80427
:100FA000FF000100D004C07F00000C05FF0100001D
:100FB000A60400800080A604FF01FF009A04FF0140
:100FC000FF00F40900800080F40900380020F409D3
:100FD000FF0337009904FF0378009F0400C000401E
:100FE0009F04FF039001D70408000800D704007095
:100FF0000020AC093C001400F80904000400706BE8
:10100000745F66696C746572000000000C0000007B
:10101000FFFFFFFFFFFFFFFFFFFFFFFF70726F7417
:101020005F670070726F745F6E000000EC5B010020
:101030000700000007000000FD5B01000600000043
:10104000010000000000000000000000000000009F
:10105000534145204861736820746F20456C656D6D
:10106000656E742075312050310053414520486130
:10107000736820746F20456C656D656E74207532E1
:10108000205032007361655F6D61785F7077655FD6
:101090006C6F6F70007361655F7077655F686E700D
:1010A0005F656E61626C6500405C010027000000B6
:1010B00007000000585C0100280000000700000045
:1010C0006E5C010026000000070000000000000028
:1010D00000000000000000007374665F74656D70AE
:1010E0005F6D696E5F647574795F6379636C6500C9
:1010F0007374665F74656D705F6D6F6E69746F7227
:101100005F74696D65007374665F74656D705F749C
:101110006872657368006964737570007470630049
:1011200074786300776170690000000000000000BF
:101130000000000000000000600A0000803801008C
:10114000736470636D646576000000000000000049
:10115000005D010000000000000000000000000031
:10116000000000000000000000000000C5DF80005B
:1011700045F6800059F68000C9DF8000BDDF8000A1
:1011800089DF800051DD80000000000055F68000FE
:101190000000000000000000C57C0100A17C0100EF
:1011A0008B7C0100E1F6800000000000A5F68000C5
:1011B000F9F68000C1F68000EDF680000000000026
:1011C000000000000000000015880100698801008F
:1011D0000000000011880100258C0100F589010044
:1011E000598901000000000000000000000000001C
:1011F0000000000000000000C589010000000000A0
:101200001D1E1C0B80BA8C0100C20100F200000000
:101210008100000010000000C0AD3A0200C20100D1
:10122000EC0000008100000022000000776C00004C
:10123000000000000000000000000000C05D010090
:10124000000000000000000000000000000000009E
:10125000000000000000000035E201001D8E81004A
:10126000E9898100298F810000000000B58C810090
:1012700000000000FD8D8100000000000000000063
:101280000000000000000000010003000300060051
:1012900000000300030003000E000D000E000E000E
:1012A0000E00020009000C000A0008000D000100F9
:1012B00009000C000A0008000D00010009000C00E4
:1012C0000A0008000D00010009000C000A000800D7
:1012D0000D0001000A000D000B0009000E000200C5
:1012E0000A000D000B0009000E0002000900390081
:1012F00016000E000E0005000900390016000E0051
:101300000E0005000A000D000B0009000E0004008D
:101310000A000D000B0009000E0002000A000D007B
:101320000B0009000E0002001400BF00C0001500F1
:10133000110005001400BF00C000150011000500D9
:101340001400BF00C0001500110005001400BF000C
:10135000C0001500110005001400BF00C0001500FA
:10136000110005000900390016000E000E000500EE
:101370000900390016000E000E0005001400BF0021
:10138000C0001500110005000900390016000E000C
:101390000E0005000900390016000E000E000500C1
:1013A0009600DE00DF001500110005001400BF00EC
:1013B000C0001500110005000900390016000E00DC
:1013C0000E0005000900390016000E000E00050091
:1013D0000900610016000E000E000500090039002A
:1013E00016000E000E0005000C00B60019001100DA
:1013F000110008000900390016000E000E0005005B
:101400000900B60019001100110008000900B6001B
:1014100019001100110008000900B60019001100A0
:10142000110008000900390016000E000E0005002A
:101430000900B6001900110011000800080037006B
:1014400016000E000E0005000900B600190011007C
:101450001100080000000000000000000000000073
:10146000000000000000000000000000000000007C
:10147000000000000000000000000000000000006C
:10148000000000000000000000000000000000005C
:10149000000000000000000000000000000000004C
:1014A000000000000000000000000000000000003C
:1014B000000000000000000000000000000000002C
:1014C000000000000000000000000000000000001C
:1014D000000000000000000000000000000000000C
:1014E00000000000000000000000000000000000FC
:1014F00000000000000000000000000000000000EC
:1015000000000000000000000000000000000000DB
:1015100000000000000000000000000000000000CB
:1015200000000000000000000000000000000000BB
:1015300000000000000000000000000000000000AB
:10154000000000000000000000000000000000009B
:10155000000000000000000000000000000000008B
:10156000000000000000000000000000000000007B
:10157000000000000000000000000000000000006B
:10158000000000000000000000000000000000005B
:10159000000000000000000000000000000000004B
:1015A000000000000000000000000000000000003B
:1015B000000000000000000000000000000000002B
:1015C000000000000000000000000000000000001B
:1015D000000000000000000000000000000000000B
:1015E00000000000000000000000000000000000FB
:1015F00000000000000000000000000000000000EB
:1016000000000000000000000000000000000000DA
:1016100000000000000000000000000000000000CA
:1016200000000000000000000000000000000000BA
:1016300000000000000000000000000000000000AA
:10164000000000000000000000000000000000009A
:10165000000000000000000000000000000000008A
:10166000000000000000000000000000000000007A
:10167000000000000000000000000000000000006A
:10168000000000000000000000000000000000005A
:10169000000000000000000000000000000000004A
:1016A000000000000000000000000000000000003A
:1016B000000000000000000000000000000000002A
:1016C000000000000000000000000000000000001A
:1016D000000000000000000000000000000000000A
:1016E00000000000000000000000000000000000FA
:1016F00000000000000000000000000000000000EA
:1017000000000000000000000000000000000000D9
:1017100000000000000000000000000000000000C9
:1017200000000000000000000000000000000000B9
:1017300000000000000000000000000000000000A9
:101740000000000000000000000000000000000099
:101750000000000000000000000000000000000089
:101760000000000000000000000000000000000079
:101770000000000000000000000000000000000069
:101780000000000000000000000000000000000059
:101790000000000000000000000000000000000049
:1017A0000000000000000000000000000000000039
:1017B0000000000000000000000000000000000029
:1017C0000000000000000000000000000000000019
:1017D0000000000000000000000000000000000009
:1017E00000000000000000000000000000000000F9
:1017F00000000000000000000000000000000000E9
:1018000000000000000000000000000000000000D8
:1018100000000000000000000000000000000000C8
:1018200000000000000000000000000000000000B8
:1018300000000000000000000000000000000000A8
:101840000000000000000000000000000000000098
:101850000000000000000000000000000000000088
:101860000000000000000000000000000000000078
:101870000000000000000000000000000000000068
:101880000000000000000000000000000000000058
:101890000000000000000000000000000000000048
:1018A0000000000000000000000000000000000038
:1018B0000000000000000000000000000000000028
:1018C0000000000000000000000000000000000018
:1018D0000000000000000000000000000000000008
:1018E00000000000000000000000000000000000F8
:1018F00000000000000000000000000000000000E8
:1019000000000000000000000000000000000000D7
:1019100000000000000000000000000000000000C7
:1019200000000000000000000000000000000000B7
:1019300000000000000000000000000000000000A7
:101940000000000000000000000000000000000097
:101950000000000000000000000000000000000087
:101960000000000000000000000000000000000077
:101970000000000000000000000000000000000067
:101980000000000000000000000000000000000057
:101990000000000000000000000000000000000047
:1019A0000000000000000000000000000000000037
:1019B0000000000000000000000000000000000027
:1019C0000000000000000000000000000000000017
:1019D0000000000000000000000000000000000007
:1019E00000000000000000000000000000000000F7
:1019F00000000000000000000000000000000000E7
:101A000000000000000000000000000000000000D6
:101A100000000000000000000000000000000000C6
:101A200000000000000000000000000000000000B6
:101A300000000000000000000000000000000000A6
:101A40000000000000000000000000000000000096
:101A50000000000000000000000000000000000086
:101A60000000000000000000000000000000000076
:101A70000000000000000000000000000000000066
:101A80000000000000000000000000000000000056
:101A90000000000000000000000000000000000046
:101AA0000000000000000000000000000000000036
:101AB0000000000000000000000000000000000026
:101AC0000000000000000000000000000000000016
:101AD0000000000000000000000000000000000006
:101AE00000000000000000000000000000000000F6
:101AF00000000000000000000000000000000000E6
:101B000000000000000000000000000000000000D5
:101B100000000000000000000000000000000000C5
:101B200000000000000000000000000000000000B5
:101B3000000000002DE9F84305468846FBF33EF21D
:101B400000212846FBF382F3044628466E69AF69FC
:101B5000F3F3F0F30A2E814616D90F2E16D028463D
:101B6000FAF31EF5142E054603D9A36823F00803E3
:101B7000A360A368142E43F00103A36014D9A368E3
:101B800043F00803A3600FE0022E0FD92846FAF3B2
:101B900075F5D4F8A430054623F0FF0343F00203A3
:101BA000C4F8A430022303E0012301E0104D3023E8
:101BB000A268D20707D407F01802082A0CBFB5FBA9
:101BC000F3F54FF4E11507F0030700260BE004F5E9
:101BD0004073B8F1000F05D03002181849462A4664
:101BE0000023C0470136BE42F1DBBDE8F88300BFE9
:101BF00000C63E052DE9F8431646984604460D46B4
:101C0000FAF374F5002107462046FBF31FF3002288
:101C100081461346134988184068B0B90C225343D3
:101C2000CA18CE505560C2F808802046FBF3C6F1B2
:101C3000D9F824300C4D1E432E602046FBF3BEF134
:101C40002B680125C9F8243004E001330C32052B40
:101C5000E0D1002520463946FBF3F8F22846BDE8DE
:101C6000F88300BFBC5F0100E403000038B5124CEC
:101C7000002148222046F0F365F4104A012384E84D
:101C80000C0000250E491F2204F10C00F0F332F580
:101C900084F82B50F5F31CF34FF40023A3634FF4A7
:101CA0000003E363074B20632364074B6563DB6931
:101CB0006564A36038BD00BF186001004445424719
:101CC000403901001C2B0900706001004369142B8E
:101CD00001DDFAF317B57047436910B50A2B0446C6
:101CE0000ADD064901220346FFF784FF2046012151
:101CF000BDE8104007F096BA10BD00BF891600007D
:101D0000C36910B5590704460CD5074B0022196862
:101D1000FBF3B4F00549204610222346BDE81040ED
:101D2000FFF768BF10BD00BF2C040000FDB18000AC
:101D3000134B13B51360134601E0114C1C600433C0
:101D4000ADF17C04A342F8D3C41C24F003040D4B72
:101D5000091B0D481960002303600C480839036013
:101D60000B4884E80A0003600A4802600A4802F54A
:101D700000520260094A1360EAF7C6FE44601CBDC7
:101D80004B415453F40300001404000048040000C5
:101D9000046001006860010010600100F0030000B1
:101DA00008B500211420EAF7BDFE054B002118609C
:101DB0001422F0F3C7F3BDE80840F5F301B100BF0A
:101DC000300400002DE9F0474D1C2946824605F0FD
:101DD000A1FB134C206000B34FEA8509484600215F
:101DE000EAF7A0FE0F4F804638600F4E68B14A46B2
:101DF0000021F0F3A7F320680021F0F33FF73B68E0
:101E000000221A603560BDE8F0875046216805F071
:101E1000D5FBC6F80080C4F80080BDE8F08700BF9D
:101E2000F8030000E803000004040000F0B5184FB8
:101E300085B00F21386805F0C3FA0F2803903E469D
:101E400024D184200021EAF76DFE124C2060D0B12D
:101E500000218422F0F376F30025012304AA42F83E
:101E6000043D00950195386821684FF4F06305F052
:101E7000D5FA0130206803D03221ECF751FA05E0A1
:101E8000EAF7D8FE2560306805F0B8FA05B0F0BD75
:101E90002C04000044040000B1F5E06F73B5044663
:101EA0000E46154606D103690091002101911E6876
:101EB0000A460CE00D4B00221868FBF3B9F101460D
:101EC00080B123690022009601921E6820462B46AD
:101ED000B04738B1064BA0611A68656122621C6088
:101EE000002001E04FF0FF307CBD00BF0004000087
:101EF000F85F01002DE9F84310200C4600219146BF
:101F00009846EAF70FFE054620B3144E3068FAF300
:101F1000EDF3099B074623B9306821464A46FBF397
:101F200087F13068FAF35CF501238340089AEB608F
:101F3000AA600B4AC5F8048011681560094A296037
:101F4000116830680B4313603946FBF37FF10020C2
:101F5000BDE8F8836FF01A00BDE8F88300040000C4
:101F60003C0400001004000013B500210446FBF3FC
:101F70006DF1174B1860174B00F5706018606369BE
:101F8000222B12DDE36958060FD540F62701002207
:101F90002046FAF311F501462046FBF357F10E4BAC
:101FA000002118602046FBF351F100204FF400613E
:101FB00002460A4B00900190FFF79CFF28B10120D8
:101FC00002B0BDE81040F4F377B602B010BD00BF18
:101FD000240400009460010034040000E9B1800092
:101FE00073B5374B374C0193374B002120222046E5
:101FF0001D682669F0F3A6F201232360334B2661A6
:102000001B68E36145F8044C00F048FCADF5FE5157
:102010003C390A462E48FFF78BFEF4F33DF3F4F308
:10202000A5F700F073F8FFF721FE002006F0D4FDBD
:10203000284D294C286007F00FFA2060FFF794FF25
:10204000FFF7AEFE206800F029FB206806F0E8FDEF
:10205000224B20681A6802F580321A60204B1A68F9
:1020600002F580321A601F4B1A6802F580321A603E
:1020700000F0C0F800221C481C49F5F3E7F00222EA
:102080001B481C49F5F3E2F000221B481B49F5F3FD
:10209000DDF000221A491B48F5F3D8F02068FFF75D
:1020A00015FE2068FFF718FE2068FFF729FE286854
:1020B00040F28F11FFF786FEFFF7B8FE20687CBD67
:1020C000ADDEADDE70600100945C01009060010047
:1020D0008C6A03002C04000000040000F4030000DC
:1020E00014040000046001008DDA890089190000E1
:1020F0001385890041B48000943B010091B68000B3
:102100001DB28000973B01007047000070B5174D6D
:102110002C682CBBB0202146EAF704FD286010B3E0
:102120002146B022F0F30EF24FF4806021462E6873
:10213000EAF7F8FCB060286886681EB9EAF77AFD0D
:102140002E600DE04FF48062C26021463046F0F30D
:10215000F9F12B68064A20461360064A536170BDA8
:102160004FF0FF3070BD4FF0FF3070BDA860010030
:10217000500400007060010070B5184C05462368DB
:1021800033B9174E33680BB9FFF7C0FF33682360CC
:10219000206808B300230360C0F89C30436001232B
:1021A00080F8A4306B6C0E3B012B03D928460D49F7
:1021B000FFF7C0FC0C4B9A6812B12268C2F89C3041
:1021C00020680123C0F89C30F5F31EF00748084949
:1021D0002268F5F33BF0206870BD00BF500400009A
:1021E000A8600100716C010098600100242B870039
:1021F00011BE800010B50023044610220A49FFF7E3
:10220000F9FC00212046FAF365F7002220464FF43E
:10221000A051EDF76DFF054B002220469A60BDE806
:102220001040FFF7A9BF00BFE5BC80009860010027
:1022300038B504460D4651B11020F5F39FF1044B1B
:10224000186020B180E830004FF4F063836038BD3F
:10225000AC600100134B02461B68006810B500F427
:102260007041DC1E090B042C08D800F47060000AD1
:102270000E30012313FA00F0484310BD072B0CD891
:10228000002010BD43F480741461146C013304F019
:102290007F0401346403001901E0002318468B42D7
:1022A000F0D110BD5014000003684068181823F0E6
:1022B0000703083398428CBF0020012070470000BC
:1022C000044B054A186890421ABF00F108021A60D0
:1022D00000207047A05C0100001000002DE9F341D0
:1022E00090E8480023F00704083413F0070202D1F5
:1022F0009D19AC424AD035468068002203E0875CD5
:102300000DF802700132B242F9D19E18A64204D9EA
:1023100000293DD0361B951B00E0002623F007075F
:10232000C7EB030C002204E012F8078000F80280DB
:1023300001326245F8D18218002003E01DF80070D8
:1023400017540130A842F9D15B195219E71A00203D
:1023500004E013F800C002F800C00130B842F8D120
:10236000002E18DD00AB5D190023EA5CCA5401336E
:10237000B342FAD1C918E4180022C3F1080302E0FD
:10238000A05C885401329A42FAD104E0104603E07E
:102390004FF0FF3000E00020BDE8FC812DE9F04760
:1023A0001C4B1D4C0026C4EB03081C4B4FEAA8082D
:1023B00003FB08F8474629E02368D4F808A023F077
:1023C000070900251AF8052015F809309A4202D0AD
:1023D0000120F4F371F40135082DF3D12046FFF705
:1023E00063FF88B90E4B054603EBC70A013705EBBF
:1023F00009031AF805201B7A9A4202D00120F4F34F
:102400005BF40135082DF2D101360C344645D3DB9F
:10241000BDE8F0879013000000100000ABAAAAAA44
:1024200000080000144B2DE9F0471B68134D9B6812
:10243000134F03F00F097F1B0123124A03FA09F916
:10244000BB1002FB03F80026444606E02846FFF7CF
:102450002BFF00B9013401360C354645F6DB224628
:10246000BB104FF0553404FB032307484946BDE831
:10247000F047F0F38DB000BF4C14000000100000D6
:1024800090130000ABAAAAAAA93B010041F40031B5
:1024900038B5426304460163652502E00A20F4F37F
:1024A00055F5236B002B01DB013DF7D138BD836A65
:1024B00043F0004383627047836A23F000438362E2
:1024C0007047F8B58668054601240F4606F00F06EA
:1024D000FFF7F2FF14FA06F6AC62EF62002405E0A3
:1024E000A1B228460022FFF7D1FF0134B442F7DB46
:1024F000F8BD00002DE9F041FFF7E2FE194E1A4B3E
:10250000DFF87080194FF61A194BC8EB070700283F
:1025100014BF05461D4604465D1BFFF783FF47B108
:10252000002140463A46F0F30DF040463946F4F3B8
:1025300083F146B100210C483246F0F303F00A481B
:102540003146F4F379F155B1002120462A46EFF3E4
:10255000F9F720462946BDE8F041F4F36DB1BDE836
:10256000F08100BF90130000001000000008000080
:1025700000100000C5040000424B2DE9F74F1D6814
:1025800041492846FFF79DFF404A414BA968D31AAD
:10259000404A9B105A43019271D0012001F00F0173
:1025A00010FA01F18A4201DDF4F386F32846FFF7C1
:1025B00051FE394BA0F1040B1A6899460E2A01D836
:1025C000861000E001264FF00008314C4CE06368B3
:1025D000013B072B01D8A36813B90120F4F36CF376
:1025E0002046FFF761FE38B9FFF76AFE074620B9BB
:1025F0000120F4F361F300E0002720463946FFF79D
:102600006DFE10B10120F4F357F3DFF87CA0A16850
:102610002268D9F80030CAEB010122F00702C91084
:102620000E2B96BF02EA0B02324346EA920289B2AF
:102630002846FFF72BFFA7B12268D9F8003022F017
:102640000702CAEB07010832C9100E2B98BF02EA35
:102650000B0289B28CBF324346EA92022846FFF74A
:1026600015FF08F101080C34019B9845AFDB2846A3
:10267000FFF71DFF03B0BDE8F04FFFF78FBE03B0BB
:10268000BDE8F08F4C14000000080000901300001B
:1026900000100000ABAAAAAA501400002DE9F743CD
:1026A0000446FAF38BF4204600F008FA6B48EAF788
:1026B0001DF92046F2F334F600F578704FF47A7382
:1026C0000730674FB0FBF3F038602046F2F328F68E
:1026D000644B654AC3186169B3FBF2F3634A22296C
:1026E0001360634E634D04DDE369580601D533681A
:1026F00000E02B6803F5C2630433D3F800E03068D0
:102700002B68222905DDE269520602D500F5C26276
:1027100001E003F5C262043212689645F1D0222925
:1027200005DDE269520602D500F5C26301E003F55A
:10273000C2630433D3F80080EAF7B8F83168814601
:1027400060692A681025222805DDE3695B0602D549
:1027500001F5C26301E002F5C26304331B689845CA
:10276000F1D0222805DDE3695E0602D501F5C263DA
:1027700001E002F5C2630433013DD3F80080E2D1E9
:10278000EAF794F83A68C9EB0006B2FA82F39A4085
:10279000191FB2FBF6F2384B01321A604FF47A730C
:1027A000A2FB03233548CA400160C1F1200113FA9E
:1027B00001F08018ECF742FB396804230FE0B5FA0A
:1027C00085F2B6FA86F0013A8242A8BF02469640E8
:1027D00095409B18B6FBF1F201FB1266551915F0F6
:1027E000404FECD0264A1360264B40F2FF321D606A
:1027F000236A002B244BC8BF6FF07F421A606369C5
:10280000222B0CDDE369580609D5002040F627018C
:1028100002461E4B00900190FFF76CFB05E020463E
:102820001A4920220023FFF7E5F900201849F0F3A8
:1028300001F5184D286078B10120F4F36DF22046BF
:102840002D68F2F36DF5B5FBF0F04FF47A75454362
:10285000114BA5F5FA651D60BDE8FE83E91E000079
:10286000A45C01003F420F0040420F00B40300008F
:102870003404000024040000A8030000AC0300009E
:10288000A4030000A0030000B003000019B98000F9
:102890008C85020084040000800400000D4B0021A0
:1028A0001A6842F010021A601A6822F400721A6064
:1028B000094A136843F0807343F480331360074B75
:1028C00007221A6043F8041C59685A60044B2022FE
:1028D0001A60704714ED00E0FCED00E0241000E009
:1028E00000E400E070B504460E46FAF367F32046B4
:1028F000F9F3FCF60546EAF75BFD40F62A010246CD
:102900002046FAF395F48269436926B142F0004209
:1029100043F0004303E022F0004223F000438261D1
:10292000294643612046BDE87040FAF38FB42DE993
:10293000F84304461E4690460D46FAF33FF3204600
:10294000F9F3D4F64146324607462046FAF370F4CE
:102950002046FAF345F00646EAF72AFD40F62A013A
:1029600002462046FAF364F44FF00108814685B12F
:1029700008FA06F5836933EA050502D14046E9F70E
:1029800087FF01360120B040E9F774FFC9F81850FD
:102990000EE0701C08FA06F608FA00F0E9F778FF76
:1029A0004046E9F767FFD9F818301E43C9F81860A8
:1029B00020463946BDE8F843FAF348B4034630B13F
:1029C000002000E01046421C5B08FBD170477047B6
:1029D0000346032B10B510460C461DD8FAB1022B46
:1029E0000BD0032B14D0012B03D0FFF7E7FF0D4BC7
:1029F00006E0FFF7E3FF0C4B02E0FFF7DFFF0B4BB6
:102A0000186043F8044C5A6804225A60002010BD34
:102A1000FFF7D4FF064BF3E76FF0010010BD6FF036
:102A2000010010BD241000E0341000E0441000E06C
:102A3000541000E050B1431E034207D0002300E0D1
:102A400013465A1C4008FBD10120984070470000F3
:102A500070B5EAF7E3F90446EAF7DAF9164E2418F6
:102A600026F4FE4626F0FF0606F50046A41B1ED0FF
:102A70000125B4F5004F0FD3284631464FF40042EC
:102A8000FFF7A6FFB0B90135EDB2042DA4F500445F
:102A900006F50046EDD170BD20465CB1FFF7CAFFD8
:102AA000314602462846BDE87040FFF791BF4FF01F
:102AB000FF3070BD70BD00BF8C6A03002DE9F84384
:102AC0000446FAF37BF2204640F60E010022FAF3A8
:102AD000AFF30546002838D02046FAF36BF20146E2
:102AE00018B920460A46F9F3F5F520462F68D5F8BF
:102AF0000080F9F303F60428064605D825D108F42A
:102B0000E028B8F5403F20D100205049F0F392F37F
:102B1000D8B907F0F0073F090FE0013F072E2F61FA
:102B200008D90C2E06D02B6C03F44063B3F5406F2C
:102B300000D010B1464B01206B61002FEDD1D5F8CC
:102B4000E83123F01003C5F8E831EAF731FC40F62C
:102B50002A0102462046FAF36BF33E4D06462860F2
:102B6000EAF726FC314602463B48EFF311F52046D2
:102B7000F9F3C4F5394B18602B681A6842F080727B
:102B80001A601A6842F002021A600022C3F8E021BB
:102B90006269272A05DDD3F8E02142F04002C3F83C
:102BA000E02140F2DD5602E00A20F4F3CFF12B6879
:102BB000D3F8E0319B0301D4013EF5D100210B464F
:102BC00020464FF40062FFF7B2FE00210B4620467C
:102BD00040F61202FFF7ABFE00210B46204640F6FE
:102BE0002902FFF7A4FE20460121FFF77BFE00200B
:102BF0001B49F0F31FF300B32046F9F377F50646BF
:102C0000EAF7D6FB40F62A0102462046FAF310F313
:102C1000D0F814900746D0F898802046F9F366F56E
:102C20000123834043EA09037B6148F00103C7F8AD
:102C3000983020463146FAF309F32B681A6A42F0BD
:102C400003021A62BDE8F843FFF702BF978502004E
:102C5000FF7F0121B0600100BB3C0100B8600100B2
:102C6000A28502000721C0F8A4114021C0F8A811D4
:102C70004FF4F061C0F8C8111821C0F8CC11082138
:102C80000122C0F8D01106210A23C0F89C21C0F807
:102C9000B021C0F8DC11C8221C21C0F89831C0F85E
:102CA000B42120231022C0F8E0110C21C0F8A0317B
:102CB000C0F8BC31C0F8C031C0F8C421C0F8D4316C
:102CC000C0F8E4110323C0F8E8210421C0F8F02182
:102CD0000022C0F8D831C0F8EC11C0F8F421C0F8D7
:102CE000FC21C0F80032704741F2E443984206D11B
:102CF00044F2F4300B1A584240EB030070470020B6
:102D00007047D0F81C1238B5044659B1806804F0F9
:102D1000D0FB0546D4F81C02F4F33CF40023C4F8BD
:102D20001C3200E00D46284638BD7FB50446062318
:102D300084200393F4F31CF4C4F81C02B8B10021FE
:102D40008422EFF3FFF300251C23A068D4F81C12A3
:102D500003AA0095019504F061FB0646013008D1F5
:102D6000D4F81C02F4F316F4C4F81C5201E04FF03E
:102D7000FF36304604B070BD2DE9F04104460D46E3
:102D80001646984640F2E93702E00A20F4F3DEF0F6
:102D900063691A6D002A04DA013FF6D13846BDE8AE
:102DA000F081069A46443602B2F1807F46F0004632
:102DB00003D12A7842F08072B6181E6540F2E936D7
:102DC00002E00A20F4F3C2F063691B6D002B03DB01
:102DD0002B700120BDE8F081013EF2D13046BDE804
:102DE000F08100002DE9F0438BB01D46DDF84890DE
:102DF0009F4B0846C3F8009011461746FFF774FF33
:102E0000002800F030814FF40B70F4F3B1F3044666
:102E1000002800F0298100214FF40B72EFF392F3A8
:102E2000A560C4F814902046FFF71CFF914B1E6864
:102E3000C4F818621EB13678003618BF012604F1B6
:102E40002808404602214122F0F382F40023009337
:102E500001930293384629464A46139B06F024FB09
:102E6000E060002800F0FA80F9F338F42060E068B0
:102E7000F9F344F46769804A7B68804903F00103F1
:102E800083F00103D4F800C0002B18BF114684F86A
:102E90007A3140F629039C456060D4F808E0E26886
:102EA00007F5007303D110B107F5087701E007F5C6
:102EB00004770097D4F8BC010190D4F8C0010290C7
:102EC000D4F8C80103904FF0FF300490D4F8C40147
:102ED00005900820069000200790704604F04EFCF4
:102EE0006062002800F0BA80D4F81812644FB9B1BB
:102EF0000B78ABB1D7F8B030984762492246D4F886
:102F00001802F0F32DF3D4F818025F49224604F0BA
:102F1000F1FA2EB12046FFF708FF002840F09E800E
:102F200002210A46D7F8B830606A98472046002147
:102F3000E2682B4600F06EF92061002800F08E80D8
:102F400000210B462046514AF3F336F50023C4F81E
:102F5000940184F87D314E48F5F304F010B3EFF39B
:102F600047F5012383404B48C4F88431F4F3FAF762
:102F700010B1EFF33DF508B1D4F88401C4F888012D
:102F800045490020F0F356F1030CA4F88C31A4F865
:102F90008E013BB100212046404A0B46F3F30CF56D
:102FA000C4F8900100203E49F0F344F1012808BF25
:102FB00084F822022046F6F391F4002835D0002050
:102FC0000125C4F8A40184F82A523649F0F332F1FD
:102FD00020B184F805523448EFF3DAF20020334987
:102FE000F0F328F1C0B28DF8260068B100F00F00B0
:102FF0004FF080730AA901F8020D4FF4407200935C
:1030000020460F23FFF7B8FE0AA9082301F8013D67
:10301000636900221D6F1A674FF08073009320468A
:10302000F023FFF7A9FE63691D6721492246214865
:10303000F4F30CF12048F3F3ABF7204B04F5847262
:10304000511C1A600332DA60D4F8F020596004F59C
:1030500085719960C3F810805A6105E02046F4F349
:1030600099F2002400E0044620460BB0BDE8F0834E
:103070008804000044040000B9850200CB850200EA
:1030800010A7880051E78000CDE7800091F0800014
:10309000E08502000A86020002860200EDE680005A
:1030A000D5850200C1850200E9850200AD850200D8
:1030B00095E68000E03C0100F9E28000BC60010080
:1030C00038B50025044680F87951006900F0DEF833
:1030D0002046F6F3F5F5E0682946F9F3F9F2D4F85D
:1030E000940128B1F3F3ECF3D4F89401F3F312F460
:1030F000D4F8900128B1F3F3E3F3D4F89001F3F39B
:1031000009F4E06805F078FFD4F81C3223B11B788D
:1031100013B12046FFF7F5FD2046BDE83840F4F333
:1031200039B210B58469A068FFF7CAFFE06805F0FE
:1031300061FD002010BD000010B58469002134221B
:1031400004F11C00EFF3FEF1034BA06863622462FC
:10315000F6F32AF3002010BD91F680002DE9F34725
:10316000274D99462B680646072B0F46924640DCB2
:1031700005F032FD80465020F4F3FAF104460028B1
:103180003AD000215022EFF3DDF12B68A4F814901F
:1031900084E848002761C4F80C80204641F2E441ED
:1031A0004A4643468DE88004FFF71CFEA06010B33A
:1031B00000200A990B9A134B8DE84004FEF79AFE03
:1031C000074618B1A068FFF77BFF12E0A068F6F38E
:1031D00067F12B68A0610F210B4A3046EFF318F21C
:1031E000F7730A483146EFF3D3F12B6801332B60B4
:1031F00002E0002400E004462046BDE8FC8700BF52
:10320000D4600100C1F680003386020013860200FC
:10321000F4F3C0B12DE9F0411B4F98463B780546C9
:10322000072B144626D85420F4F3A2F1064610B317
:1032300000215422EFF386F13B78002286F84430D7
:1032400001333B700123B46086E82001A6F84C20CE
:10325000A6F85020A6F84E20A6F85220B364042009
:10326000F4F386F10446306440B100210422EFF308
:1032700069F100E000263046BDE8F0813046F4F305
:1032800089F12646F7E700BFD8600100C26B1AB18A
:1032900000235362826B5362C068FFF7B9BF00001E
:1032A000054A064BD17E1970117F5970517F997074
:1032B000927FDA70704700BF8C6A03009060010053
:1032C0002DE9F04F8FB0E9F7A9FD474E474D336820
:1032D000049005932B68B3F5805F00F28180444F22
:1032E00044493868EFF3A6F701287AD02B68DFF855
:1032F0001C910393D9F8003000240693DFF8108165
:103300002368DFF810A10793D8F80030DFF808B180
:103310000893DAF80030384A0993DBF80030D7F820
:1033200000C00A93354B126819680C920B9134490E
:10333000301D0968039A0D916146CDF808C00193CC
:10334000EFF37CF021462A683868EFF3FBF02D4A52
:10335000019BCAF800202849294A04981C6014607F
:103360000C604FF0FF32311A3C60C9F800402C600D
:10337000C8F80040CBF80040EFF38CF70599019BAB
:10338000CA439042DDF808C029D1039A06992A6001
:10339000C9F8001021681C4AC7F800C01160079ADC
:1033A00008992260099AC8F80010CAF800200A9902
:1033B0000B9ACBF800101A600F490C9B039A0B6014
:1033C0000D9B0F4960460B60311DEFF337F02A6803
:1033D000301D21460FB0BDE8F04FEFF3B3B0FEE76C
:1033E000FEE70FB0BDE8F08F8C6A03009C5C010023
:1033F000985C0100828602004C1400004814000012
:1034000050140000DDBAADBB38140000945C01001C
:103410004414000034140000401400007047000001
:10342000774B2DE9F04F1B6891B0043B012B03D87B
:10343000744B1868FFF7F2FFFEF7D2FD0021044637
:10344000F9F334F720460021F9F300F7054658B1A7
:103450002046F9F3B3F52B6A002B05DA2046F9F381
:10346000ADF54FF000432B62E9F7CBFF2046F9F3AF
:10347000CBF00EA90822EFF3F1F202462046D4F871
:1034800040B00B92F9F38CF082462046F9F388F0B5
:1034900081462046F9F384F080462046F9F3EEF0A9
:1034A00007462046F9F3EAF006462046F9F3E6F02F
:1034B00005462046F1F334F7014620460C91F1F31E
:1034C0002FF784462046CDF834C0F1F329F70B9A44
:1034D0000C99DDF834C0029208F542484A4A05F5D5
:1034E000424500F542400AF5424A09F5424908F5CD
:1034F000A87807F5424706F5424605F5A87501F597
:1035000042410CF5424C00F5A870B8FBF2F8B5FB4F
:10351000F2F50CF5A87CB0FBF2F00AF5A87A09F5F3
:10352000A87907F5A87706F5A87601F5A871B1FB8B
:10353000F2F1DFF8F8E0BAFBF2FA02FB1899B7FBF8
:10354000F2F702FB156602FB10C2CDF804E0DFF8CB
:10355000E0E02E4BB2FBFEF2B9FBFEF9B6FBFEF645
:10356000089109922A492B4A2B480093CDF80CB0B8
:10357000CDF810A0CDF8149006970796EFF308F059
:10358000264840F60D0144F2F432FEF785FC38B1CE
:10359000224840F6290144F2F432FEF77DFC20B9BE
:1035A0001F4A204B1D4D1A6000E00025204605F003
:1035B0001BFE44F218334FF6FF72904214BF0246CE
:1035C0001A4640F612011848FEF766FC1649002814
:1035D00018BF00214DB141B1124B28461B685B68F2
:1035E00098472B6928465B6898472046F9F3E6F42C
:1035F0002946FEF71DFE204611B0BDE8F08F00BF42
:10360000501400004C14000040420F007D86020060
:103610003F8602007E86020044860200A85C01000C
:10362000D45C01008C040000945D0100403901006D
:10363000A0860100084670472DE9F04FD1F8FC3014
:1036400091B00B9303F560630446099371E10E2278
:10365000002320460BA9E8F3DBF50F280746204698
:1036600002D1E8F373F56CE100220BA91346E8F3ED
:10367000CFF510F00E0F40F061818B4E3A0D3E40B9
:1036800040F23B43360A00F4F8789A4208924FEA37
:10369000181804D140F6FF739E4200F04A8100F4EE
:1036A00078534FEA532B002B00F0438100F4F82AA3
:1036B00000F47803DB0C4FEA9A3A13EB0A02079303
:1036C00025D140F267339E4214D10CAB01930DAB70
:1036D00002930EAB03930FAB049320460BA9134642
:1036E0000092E8F335F5002800F023810C9BC4F824
:1036F00058331EE140F2DC539E4208D040F20B5397
:103700009E4204D040F627039E4240F01281D4F836
:10371000D050314605F1B60344F8237005F1C603D5
:1037200044F823002046FFF785FF04EB8503C3F828
:10373000D40000270BE0012220460BA91346E8F332
:1037400067F500F00E00022840F0F8800137474589
:10375000F1D10CAB01930DAB02930EAB0027039399
:103760000FAB049320460BA93A463B460097E8F37B
:10377000EFF420B1B94627E04FF0010900E081469F
:10378000402300930CAB01930DAB02930EAB03935C
:1037900000220FAB049320460BA91346E8F3D8F49C
:1037A0000028E9D1B9F1010F0ED00D9B002B40F09C
:1037B000C5800F9B002B40F0C1800E9AB2F5805F50
:1037C00040F0BC809946DBE70C9A04EB8503C3F814
:1037D00014210E9A0127C3F8D4210CAB01930DAB31
:1037E00002930EAB03930FAB0022049320460BA968
:1037F0003B460092E8F3ACF460B1012F0AD10E9B76
:10380000B3F5805F06D10C9904EB8502C2F89411E0
:10381000C2F8143201370028DFD137464FF00108D3
:103820002E4617E00025002300930CAB01930DAB4F
:1038300002930EAB03930FAB049320460BA94246B1
:103840002B46E8F385F408B10135ECE7002D75D07F
:1038500008F10108D845E5D135463E4600271FE06E
:10386000C02300930CAB01930DAB02930EAB0393FB
:103870000FAB049320460BA93A460023E8F368F403
:1038800000285BD00F9B002B58D10E9BB3F5805FB7
:1038900054D127B90C9A05F1A60344F82320013727
:1038A0005745DDD1002739E000FF0F00802300934A
:1038B0000CAB01930DAB02930EAB03930FABBBF1BB
:1038C000010F0CBF3A467A1C0493204600230BA933
:1038D000E8F33EF4089A40F23B439A420DD140F29D
:1038E00035139E4209D1D4F870330C9904EB83024E
:1038F0000133C2F87413C4F87033F8B10F9BEBB9FD
:103900000E9BB3F5805F19D1BAF1000F05D127B92D
:103910000C9A05F1A60344F823200137079B9F4228
:10392000C4D1B9F1000F04D1D4F8D0300133C4F8B8
:10393000D0300B9B099A9342FFF489AE0023C4F860
:10394000D03011B0BDE8F08F10B5D0F8702300234F
:1039500006E0D0F870134FF44C74C1F800490133FD
:1039600004309342F5D110BD2DE9F84300270446F9
:10397000154699460E46B84609E030460021042215
:10398000EEF3E0F50137C6F80080B04676194F45F2
:10399000F3DBC4F80080BDE8F88370B50D4604463B
:1039A000D8B1D1B10E68C6B1B389CBB9738A03F06F
:1039B0000303012B03D1F06908B1F3F3EBF5738A2C
:1039C000201D23F0040373823146EDF361F7238950
:1039D0000020013B2381286070BD6FF0010070BDA5
:1039E0006FF00F0070BD2DE9F74F0C9F0191164647
:1039F0009A46DDF834B0BDF838900546002857D017
:103A00000F9B002B54D0002952D0002A50D0BBF17C
:103A1000000F4DD09BF80030002B49D000F1040876
:103A20004046EDF341F70446002844D0B9F1010FB8
:103A30000BD157B906FB0AF0F3F39AF5074638B9EC
:103A400040462146EDF324F735E04FF0000800E052
:103A50008046002124222046EEF374F5019B0822C3
:103A6000A360638A204623F0030349EA030343F07B
:103A7000040363825946EEF33DF60023B9F1010FCA
:103A8000E3710CD1A4F814A0C4F81C80A66104F161
:103A90002000394632465346FFF766FF01E0EB68E7
:103AA00063612B89002001332B810F9B1C6004E094
:103AB0006FF0010001E06FF01A00BDE8FE8F2DE904
:103AC000F84307460E461546002A2DD000282BD075
:103AD000002929DD1020F3F34BF5044640B3002103
:103AE0001022EEF32FF5E760242707FB06F9668125
:103AF0004846F3F33DF5804630B92046F3F34AF5E6
:103B00006FF01A00BDE8F88300214A46EEF31AF57B
:103B1000204640F8048B41463A463346FFF724FFDF
:103B20002C600020BDE8F8836FF00100BDE8F88349
:103B30006FF01A00BDE8F88370B5064660B10468FE
:103B400054B125895DB92068F3F324F52046F3F3D9
:103B500021F53560284670BD6FF0010070BD6FF033
:103B60000F0070BDFFF719BF1FB50024019203932A
:103B70000A46234600940294FFF735FF04B010BDB7
:103B8000FFF70BBF51B1032902D80423136003E0F0
:103B9000033121F003011160002070476FF0010034
:103BA00070472DE9F04186B005460C461E46DDF80B
:103BB0003080174612B31BB1B8F1000F03D11DE0DE
:103BC000B8F1000F1AD12846214605AAFFF7DAFFFF
:103BD000B0B92EB1059B7B4398450FD3B3070DD1E8
:103BE0000D9B28460193012302930E9B21460393CC
:103BF000059A3B460096FFF7F6FE01E06FF00100E4
:103C000006B0BDE8F08110B5044690B1C36823B199
:103C1000406804F10C01FFF7A5FFA36823B16068B9
:103C200004F10801FFF79EFF2046BDE81040F3F3C2
:103C3000B1B410BD2DE9FF41074610200D461646D0
:103C40009846F3F395F40446F8B100211022EEF300
:103C500079F4124A27606560019204F1080200239A
:103C6000029228460C2132460093FFF79AFF034642
:103C700058B90B4A0090019204F10C0202922846B6
:103C80000C214246FFF78DFF18B12046FFF7BBFF1E
:103C90000024204604B0BDE8F08100BF90860200F9
:103CA00088860200FFF7AFBF80697047008A400036
:103CB00070470000808ACB69B2FBF0F300FB13224F
:103CC000D2B242F000421B0642EA13438B6100234A
:103CD00000E001338869094A002802DA9342F8D1EA
:103CE00006E0934204D0C30005D4C0F3407070478F
:103CF0004FF6FF7070474FF6FF7070478096980040
:103D000010B58468002364694B61302CC4BFD1F8BE
:103D1000F43003F47E03C1F8F430BDE81040FFF73F
:103D2000C9BF2DE9F041002480460F461601254603
:103D300040463946AA19FFF7E3FF4FF6FF73984252
:103D400006D0A84001350443102DA4B2F0D100E004
:103D500004462046BDE8F081BF230B80FF2313807B
:103D60007047013906291DD8DFE801F0040A1C1C40
:103D7000101C17002023438240238382802310E0FD
:103D80004023438283824FF480730AE0602343829E
:103D9000402383824FF4C07303E010234382402307
:103DA000838203820020704701390A2919D8DFE88D
:103DB00001F006080A0C0E181018181813004023FA
:103DC0000CE060230AE0802308E0A02306E0C02383
:103DD00004E04FF4807301E04FF4C073438220236A
:103DE0008382838A428A53431B11038200207047D7
:103DF0006FF01600704770B50446058A8068F8F3C6
:103E000075F400210646A068F9F320F2A268536910
:103E1000222B05DDC36C9B059B0D0733DB08A385B7
:103E200010463146F9F312F2A38D6D00E81A0238FC
:103E300070BD70B5044680680D461646F9F394F0DF
:103E400030B1204629463246BDE87040FFF769BFD1
:103E500006F5806635F8160080B270BDF8B50446E8
:103E6000806816460F46F8F341F400210546A06825
:103E7000F9F3ECF13A4601462046FFF7DAFF29460E
:103E80003080A068F9F3E2F10020F8BD01392DE996
:103E9000F84F044691461E460E2971D8DFE801F01E
:103EA00008187028707070347070707070703B00FB
:103EB00090F82E20838B0AB1C58C00E0C58BED1ADB
:103EC000A369D9052ED53368AB4233D3A78B36E02F
:103ED00090F82E20038C0AB1C58C00E0458CED1AB9
:103EE000A3699A051ED53368AB4223D3278C26E0FD
:103EF00083694FF0020513F4806F13D03368012BF0
:103F000018D9876A02371AE0878CC58C8369ED1B44
:103F100013F4006F05E0878BC58C8369ED1B13F4E8
:103F2000407F04D135606FF01D00BDE8F88F336825
:103F3000AB4204D235606FF00D00BDE8F88FA06889
:103F4000F8F3D4F300218346A068F9F37FF14FF032
:103F50000008824609E008EB070220465146FFF7B9
:103F600068FF08F1010829F8020BA845F3D1A06801
:103F70005946F9F36BF1C6F800800020BDE8F88FD0
:103F80006FF00100BDE8F88F73B50023ADF8043081
:103F9000ADF80630836804465B690D46272B05DDC6
:103FA000CB691B051B0D1B11043B06E01B2B06D820
:103FB0004FF492629A4002D50C2383620EE0242BC8
:103FC00001D0272B04D1238A7F2B05D80C2304E0B2
:103FD000172B01D0182B01DD1423A362EB6903F426
:103FE000E023B3F5803F0ED04FF00443AB610023D4
:103FF00000E00133AA69002A2E4A02DA9342F8D17E
:1040000057E0934255D02B69A26AA3610332204640
:104010002946FFF70EFF284BA2690009034013430E
:10402000A36103F440730022B3F5407F84F82E208F
:1040300002D1012384F82E30A36A0DF10602043365
:10404000A383238A2046E383E38401A9FFF784FE48
:10405000BDF80620BDF80430D61AB6B216B1E38317
:104060006384A284A369DB050AD520462946A26A97
:10407000FFF7DFFE000980B200B1E083E38B00E0D0
:10408000A38B2384AEB92046FFF7B5FEA36900EBEE
:10409000D07040106084980509D5A26A2046294650
:1040A0000132FFF7C6FE00096084A08401E0238C82
:1040B000A3847CBD8096980000FFFF00F8B543699B
:1040C0000546152B01D0162B3CDD2846F8F340F7AA
:1040D0000646002836D12846F8F33CF7002833D0AE
:1040E0002846F8F303F3314607462846F9F3AEF0C5
:1040F0000646EAF7FDF86B690446302B04DDF169EA
:1041000001F47041090B03E0A96901F46011C90CC5
:1041100091B1F36903F4E0231B0C012B03D120467A
:10412000FFF742FE03E013B92046FFF71AFE2046D0
:104130003146FFF729FF00E00C4628463946F9F3DF
:1041400085F002E0002400E004462046F8BD08B5F2
:104150004368DB68984708BD08B543681B68984703
:1041600008BD73B5002604460196EAF7C1F84C2253
:1041700031460546EEF3E6F16369152B2B6001D05D
:10418000162B02D9EAF7B8F868606B68D3B1AC6057
:104190002046F8F313F7E8602046F8F3DBF606460E
:1041A00020B92046012101AAF8F30AF76B682046DE
:1041B0001B699847054636B92046314601AAF8F3EF
:1041C000FFF600E01D4628467CBD2DE9F7439946E1
:1041D000002304460F4690460193F8F3BBF60546CC
:1041E00020B92046012101AAF8F3EAF62046F8F3A7
:1041F000B1F678B12046F8F3ABF658B92046FFF790
:10420000B0FF50B1436839465E6942464B46B047FD
:10421000064604E06FF0180601E04FF0FF3625B9BE
:104220002046294601AAF8F3CBF63046BDE8FE83C6
:1042300082604160016070472DE9F041541A012C01
:104240000F461E46069D0EDD2046F3F391F1804693
:1042500070B139462246EEF3F1F0C6F80080002036
:104260002C60BDE8F081002018602860BDE8F08176
:104270006FF01A00BDE8F0810EB4F3B58168044612
:10428000012945D908AB4068079A0193EEF3A8F2DB
:10429000431C064603D0A368023B984202DD00207F
:1042A000A06036E060683D21EEF3CAF140B3676874
:1042B0002568C71B21E028463A46EEF3ABF0B0B9BB
:1042C000EB5D3D2B13D12846EEF3E8F16268471C05
:1042D000731CDB1B521BE919D2182846EEF30EF1B2
:1042E0006368DB1B6360A368DF19A76008E02B46E7
:1042F00013F8012B1D46002AFAD161688D42DAD3EA
:10430000A368701C1B1AA36063681B18636000E03D
:104310000020BDE8FC4003B0704700002DE9F04FDD
:10432000BBB01A9019911B921893002B02F01C87B6
:104330004FF48050F3F31CF11290002802F0148720
:1043400037A812994FF48052FFF772FF00214FF403
:1043500080521298EEF3F6F0189A1168D9B10B78E2
:10436000CBB1449A1368022B03D814E0013A0260DF
:1043700000E0449802688B1813F8014C1CB913F83C
:10438000023C002BF2D01298EEF358F04499389A80
:104390000B68D318389300238DF89C304FF0FF3210
:1043A0001593139301231192169302F0A8BE199945
:1043B000012251F8046B0023199117921493179955
:1043C00049B1F25C5F1C1092013AD2B2FD2A0FD8BB
:1043D000F55D9F1C0DE0F15C4A1ED2B2FD2A1091E2
:1043E00003D880220D46109200E0179D5F1C00E06C
:1043F00000257B19B3F5607F82F27E86109B202B0F
:1044000028D005D8152B0BD01B2B42F0708664E00A
:104410001099222935D030D3802942F0688667E090
:10442000F3195A78F35D1202D318072B12DDBC1C66
:1044300034192246E14937A8FFF71EFF2046EEF364
:104440002DF1FA1C1218DE4937A8B218FFF714FF35
:1044500002F04DBEF4196278F35D1202D21837A84B
:10446000D849FFF709FFE378A2781B0237A8D6499D
:104470009A18FFF701FF02F03ABEF25D149202F0C3
:1044800036BE149B0C2B02F02D869DF89C30002B21
:1044900042F02D86F35D042B42F0298607F10208D5
:1044A00006EB08042046EEF3B9F6002842F01F861A
:1044B00016F80830DB0702F11A8627A92046EEF32A
:1044C00025F31199013142F01286F3199A79DB79BB
:1044D0001202D318119302F00ABEF319DA799B790C
:1044E00037A8BA4943EA0222FFF7C6FE02F0FFBD31
:1044F000F35DF4198F2B02F2FA8501A252F823F032
:10450000399301006B930100559401001599010046
:10451000F19A0100D59801005398010071980100AB
:104520007B940100199B01008D9B0100B59B01004C
:10453000C99B010057BC01003B9A0100BB980100D8
:10454000F7970100619C0100A19C01004B930100C1
:10455000E19C0100EF9C0100119D01001F9D0100E5
:1045600017930100D992010057BC0100FD9401008E
:104570002D9D01001195010057BC010057BC0100A1
:1045800057BC0100439D0100879D01009B9D0100D8
:10459000BD9E010081A0010057BC010057BC010075
:1045A00025A20100C9920100B9920100A99201005F
:1045B0009FA30100B3A30100C7A30100DBA3010077
:1045C00057BC0100E99B0100EF94010057BC0100BA
:1045D00057BC0100ED930100A7A60100EFA3010065
:1045E0006B9D0100799D0100B5A601001DB401007D
:1045F00057BC010057BC010057BC010057BC01006B
:104600001D95010047A4010071A40100B3A401009D
:10461000F1A401002FA501006DA50100ABA50100CB
:10462000E9A50100FDA5010057BC0100C5950100E9
:1046300057BC010057BC010057BC0100D7970100CF
:104640003195010057BC010057BC010057BC010067
:1046500057BC010071B4010057BC01000B98010068
:104660002BA70100FBA7010051A901003BAA0100F3
:1046700025AB01005FAB0100E7AB010035AC0100E9
:1046800043AD0100CDAE010079AF010025B00100BE
:104690008FB401007B9601003B97010071B00100CF
:1046A000ADB10100B9B20100C5B30100D5B401003C
:1046B000AFB60100E7B4010005B5010023B5010064
:1046C00041B5010053B5010065B5010077B50100A2
:1046D00089B50100F3B50100FFB501000BB601007B
:1046E0002FBC010057BC010057BC010057BC0100A2
:1046F00057BC010057BC010057BC010057BC01006A
:1047000057BC010057BC010011A6010085A601009D
:1047100057BC010057BC010001B7010069B7010097
:10472000EFB7010075B80100A1B90100B3B90100EC
:10473000BFB90100E9B90100E1BA0100D9BB01002C
:104740004FEA950A5FFA8AFA4FF0000801F03CB888
:104750004FEA55095FFA89F94FF0000801F005B8F2
:104760004FEA55095FFA89F94FF0000800F0EBBFF6
:1047700007F1010806EB08042046EEF34FF5002888
:1047800042F0B58416F80830D80702F1B08420460C
:1047900027A9EEF3BBF1119B013342F0A884F31972
:1047A0005A799B791202D318119302F0A0BCA37816
:1047B00062781B029A18119202F099BCDE930200F3
:1047C00005890200378F0200748A020043920200BA
:1047D000647837A8A54922461694FFF74DFD02F0EC
:1047E00086BCE37822791B0443EA0263627837A827
:1047F0001343A2789E4943EA0222FFF73DFD02F0EF
:1048000076BCA27863781202D2189A4937A8FFF7CB
:1048100033FD2279E378120237A89749D218FFF7BF
:104820002BFD062D42F26384A2796379120237A828
:104830009249D218FFF720FD082D42F25884237ABE
:10484000E2791B0237A88E499A18FFF715FD0A2D49
:1048500042F24D8407F10A0807F1090416F808200E
:10486000335D1202D21837A88649FFF705FD16F806
:104870000830325D1B0237A883499A18FFF7FCFC09
:1048800002F035BC814B0622B5FBF2F21A704FF0F4
:104890000008994624E0434610217D4A1DA8EDF307
:1048A000B7F6434610217B4A2FA8EDF3B1F66378A3
:1048B000A2781DA943EA022237A8FFF7DDFC63793D
:1048C000A2791B0443EA0263E27837A813432279F2
:1048D0002FA943EA0222FFF7CFFC08F101080634B2
:1048E00099F800309845D6DB02F001BC022D06D1C4
:1048F00037A869496278FFF7BFFC02F0F8BBA378DC
:1049000062781B0237A864499A18FFF7B5FC02F0D9
:10491000EEBBA27863781202042D1A4405D92379DC
:10492000E1781B0609045B181A4337A85B49FFF7B7
:10493000A3FC062D42F2DB83F3199A79597912020E
:10494000082D0A4405D9197ADB7909061B04C91810
:104950000A4337A85249FFF78FFC0A2D42F2C7835A
:10496000F3199A7A597A12020C2D0A4405D9197B47
:10497000DB7A09061B04C9180A4337A84949FFF71F
:104980007BFC02F0B4BB37A847496278FFF774FCA0
:1049900002F0ADBBA37862781B0237A83A499A1897
:1049A000FFF76AFC02F0A3BB01350021EDB21791BD
:1049B00002F09DBBA378627837A83C4942EA032203
:1049C000FFF75AFC02F093BB94F803A023794FEA57
:1049D0000A4A4AEA036A6378B5F1050B4AEA030A10
:1049E00048BFA5F1020BA3784FEAAB0B4AEA032AB2
:1049F0005FFA8BFB4FF0000824E043441021244A67
:104A00002FA8EDF305F699F8003010214344214A10
:104A10001DA8EDF3FDF552462FA937A8FFF72CFC92
:104A2000E37822791B0443EA0263627837A81343D0
:104A3000A2781DA943EA0222FFF71EFC0AF1040A2C
:104A400008F10108DFF844900434D84599F80030A3
:104A5000D3DB9B4489F800B002F049BB0B4BEA085A
:104A60001A704FF0000899464DE000BF2C940200E8
:104A700034900200628D02005A9402008E8A020075
:104A80008D87020088900200FF8F020028610100DC
:104A9000003E01000B3E01001F930200D98D020071
:104AA000238A0200348A0200298B0200AF8D0200A3
:104AB00043461021B14A1DA8EDF3AAF54346102143
:104AC000AF4A2FA8EDF3A4F5E37822791B0443EA5B
:104AD000026362781DA91343A27837A843EA022231
:104AE000FFF7CAFBE379227A1B0443EA0263627987
:104AF00037A81343A2792FA943EA0222FFF7BCFB90
:104B000008F10108083499F800309845D0DB02F02C
:104B1000EEBA94F803A023794FEA0A4A4AEA036AF4
:104B20006378B5F1050B4AEA030A48BF05F1020BA9
:104B3000A3784FEAEB0B4AEA032A5FFA8BFB4FF0AC
:104B400000083BE0434410218C4A2FA8EDF360F5A8
:104B500099F80030102143448A4A1DA8EDF358F516
:104B600099F8003010214344874A33A8EDF350F5FB
:104B700052462FA937A8FFF77FFBE379227A1B045F
:104B800043EA0263627933A91343A27937A843EA5F
:104B90000222FFF771FBE37A227B1B0443EA0263E4
:104BA000627A37A81343A27A1DA943EA0222FFF7CB
:104BB00063FB0AF1080A08F101080834DFF8CC9118
:104BC000D84599F80030BDDB9B4489F800B002F06D
:104BD0008EBA6E4B0C22B5FBF2F21A704FF0000841
:104BE00099463EE043461021644A33A8EDF310F5A0
:104BF00043461021634A1DA8EDF30AF543461021F0
:104C0000614A2FA8EDF304F5E37822791B0443EA07
:104C10000263627833A91343A27837A843EA0222D9
:104C2000FFF72AFBE379227A1B0443EA02636279E5
:104C30002FA91343A27937A843EA0222FFF71CFBEE
:104C4000E37A227B1B0443EA0263627A37A81343A8
:104C5000A27A1DA943EA0222FFF70EFB08F1010820
:104C60000C3499F800309845BCDB02F040BAE37888
:104C700022791B0443EA0263627837A81343A278BF
:104C8000434943EA0222FFF7F7FA02F030BAA37869
:104C9000627837A83F4942EA0322FFF7EDFA02F0B3
:104CA00026BA4FF00509B5FBF9F95FFA89F94FF01B
:104CB000000816E063781021374A2FA8EDF3A8F416
:104CC000237962791B0443EA0263A27837A813436D
:104CD000E2782FA943EA0222FFF7CEFA08F1010891
:104CE0000534C845E6DB02F002BA37A82B496278E2
:104CF000FFF7C2FA022D42F2FA8137A82849A278BA
:104D0000FFF7BAFA02F0F3B9002237A82549637811
:104D1000FFF7B2FA022D42F22D82012237A8214973
:104D2000A378FFF7A9FA032D02F02482022237A804
:104D30001C49E378FFF7A0FA042D02F0D681032284
:104D400037A818492379FFF797FA0122139202F046
:104D5000CEB9627837A81249FFF78EFA37A8114901
:104D60000122A378FFF788FA02F0C1B937A80E49EB
:104D70006278FFF781FA02F0BAB900BF003E010085
:104D80000B3E0100163E0100223E01002861010099
:104D900045870200299002002E3E01006A8A020027
:104DA000319102009C8702005A8B0200AB1E0E2B31
:104DB00002F29D8101A151F823F000BF6199010029
:104DC00057BC010057BC010057BC010057BC010093
:104DD000D9990100A7990100879901006F990100F5
:104DE00057BC010057BC0100D9990100A7990100E7
:104DF000879901006F99010037A8A9496278FFF7E8
:104E00003BFA02F074B937A8A649627AFFF734FA80
:104E10000C2D8CBF4FF009084FF0000801E04FF057
:104E20000008F31937A89E491A7AFFF725FA0C2DC6
:104E300007D9B8F1000F08BF4FF0080801E04FF0A4
:104E4000000807F10709984916F8092037A8FFF765
:104E500013FA002237A8954916F80930FFF70CFA23
:104E60000C2D07D9B8F1000F08BF4FF0070801E07B
:104E70004FF000084FF00009A27863788C491202C5
:104E8000494437A8D21809F10909FFF7F5F90234A6
:104E9000B9F11B0FF0D10C2D42F22981B8F1000FAE
:104EA00008BF4FF00608834CB844B04404F124090D
:104EB00098F8022098F801301202214637A8D2183B
:104EC0000C34FFF7D9F94C4508F10208F0D102F093
:104ED0000EB9142D19D0172D03D0132D42F00781D0
:104EE00019E006EB0708744998F8162037A8FFF771
:104EF000C3F9724998F8152037A8FFF7BDF937A80C
:104F00006F4998F81420FFF7B7F9F31937A86D49DE
:104F1000DA7CFFF7B1F9A946A2464FF00008254612
:104F2000AA786B7868491202414437A8D21808F170
:104F30000908FFF7A1F90235B8F11B0FF0D14D4672
:104F40004FF00008227AE37960491202414437A801
:104F5000D21808F10B08FFF78FF90234B8F1210FCE
:104F6000F0D100249AF80E209AF80D305849120218
:104F7000091937A8D2180B34FFF77EF9212C0AF152
:104F8000020AEFD102F0B3B8E1786278A378009119
:104F9000217937A8019161790291A1790391E17991
:104FA0000491217A05914B49FFF766F902F09FB809
:104FB000A9464FF00008254615F8013FFF2B04D005
:104FC00037A845494246FFF757F908F10108B8F1FB
:104FD000040FF1D1B9F10C0F4D4642F2888004EB79
:104FE00008035B78FF2B04D037A83B494246FFF704
:104FF00043F908F10108B8F10C0FF0D1102D42F27D
:10500000768004EB08035B78FF2B04D037A8324985
:105010004246FFF731F908F10108B8F1100FF0D15D
:1050200002F065B8627837A80AB1A3781BB92B499A
:10503000FFF722F902E02A49FFF71EF9F31937A812
:105040002849DA78FFF718F902F051B8A3786278A6
:1050500037A8254942EA0322FFF70EF902F047B8C4
:10506000E37822791B0443EA0263627837A813438A
:10507000A2781E4943EA0222FFF7FEF802F037B891
:1050800037A81B496278FFF7F7F8022D42F22F800C
:1050900037A81849A278FFF7EFF802F028B800BF48
:1050A000368E0200D38E02009B9302004A890200D2
:1050B000D38B0200B38F0200BD8D0200E690020088
:1050C000E7860200C68B0200E98D0200969002007E
:1050D000B7860200A6870200458A020039920200C4
:1050E00084950200A78C02003C8D0200CB87020051
:1050F000A7940200E89402007C1C325D37A8764930
:1051000002F00F02FFF7B8F8325D37A81209BC1C95
:105110007249FFF7B1F8325D37A8714902F0070212
:10512000FFF7AAF8325D37A8D2086E4902F00302F1
:10513000FFF7A2F801F0DBBF7C1C325D37A86A499B
:1051400002F00F02FFF798F8325D37A81209BC1C75
:105150006649FFF791F8325D37A8654902F007020A
:10516000FFF78AF8325D37A8D208624902F00302DD
:10517000FFF782F801F0BBBF37A85F496278FFF7FD
:105180007BF801F0B4BF627837A85C49FFF774F888
:10519000A27837A85A49FFF76FF837A85949E2783B
:1051A000FFF76AF801F0A3BF37A857496278FFF705
:1051B00063F801F09CBF37A854496278FFF75CF8A8
:1051C00001F095BFA2786378120637A8504942EAE9
:1051D0000322FFF751F801F08ABF627837A84D49E2
:1051E000FFF74AF8A27837A84B49FFF745F823792B
:1051F000E2781B0237A849499A18FFF73DF801F0F9
:1052000076BF37A846496278FFF736F801F06FBFDE
:1052100037A844496278FFF72FF801F068BFA378F8
:1052200062781B0237A840499A18FFF725F801F069
:105230005EBF94F8028063784FEA082898441FFA0A
:1052400088F83A494FEAD82237A8FFF715F808F44A
:10525000E062120A364937A8FFF70EF808F0F802A4
:10526000D208344937A8FFF707F808F006025208B9
:10527000314937A8FFF700F837A8304908F0010294
:10528000FEF7FAFF042D41F232872379E4781B02FE
:105290001C19A4B2E20A37A82949FEF7EDFF04F46D
:1052A000E062120A37A82749FEF7E6FF04F0F80289
:1052B000D20837A82449FEF7DFFF04F0060252089F
:1052C00037A82249FEF7D8FF37A8214904F0010288
:1052D000FEF7D2FF01F00BBFF48702004288020004
:1052E000C68E020039880200BF940200388702008F
:1052F000558C0200438E020093920200E693020056
:10530000478D0200D4930200B7930200E78E02009B
:10531000AC8E0200048E0200CC8D02000E900200C2
:10532000438F0200F29402009B8C0200F588020079
:10533000CC9402006D870200E4880200D994020038
:1053400076920200888B0200E3890200F18E02004F
:10535000A893020000226378674937A8FEF78CFF04
:105360004FF000086549A27837A8FEF785FFCDF811
:1053700000802279E3781202D31801930222604957
:10538000434637A8FEF778FFCDF80080A27963790D
:105390001202D318019302220123594937A8FEF7BC
:1053A0006BFFCDF80080227AE3791202D318022233
:1053B000019337A852491346FEF75EFF1E2D41F2B6
:1053C0009686627A37A84F49FEF756FFA27A37A829
:1053D0004D49FEF751FFE27A37A84C49FEF74CFFE2
:1053E000227B37A84A49FEF747FFCDF80080A27B11
:1053F000637B1202D31801930522434637A8404924
:10540000FEF73AFFCDF80080227CE37B1202D3182E
:1054100001930522012337A83949FEF72DFFCDF866
:105420000080A27C637C1202D31801930522022320
:1054300037A83349FEF720FFCDF80080CDF804806F
:10544000227DE37C1202D318029305226C234FF0D5
:10545000010937A82F49FEF70FFFCDF80090CDF8CE
:105460000480A27D637D1202D318029305226C236F
:105470004FF0020A37A82749FEF7FEFECDF800A03C
:10548000CDF80480227EE37D1202D3180293052218
:105490006C2337A81F49FEF7EFFECDF80080CDF84A
:1054A0000480A27E637E1202D31802930522682331
:1054B00037A81849FEF7E0FECDF80090CDF804803B
:1054C000227FE37E1202D3180293052237A86823B5
:1054D0001049FEF7D1FECDF800A0CDF80480A37FDF
:1054E000627F1B029B18029337A80A490522682392
:1054F000FEF7C2FE01F0FBBD4A8902002C880200C3
:10550000A6860200E4910200C292020040900200CE
:105510007B94020026920200012263789C4937A8FE
:10552000FEF7AAFE4FF001089A49A27837A8FEF7C5
:10553000A3FECDF800802279E3781202D3180193FC
:1055400002220023944937A8FEF796FECDF800808A
:10555000A27963791202D318019302228E4943463D
:1055600037A8FEF789FECDF80080227AE37912028F
:10557000D3180222019337A887491346FEF77CFE11
:105580001E2D41F2B485627A37A88449FEF774FE75
:10559000A27A37A88249FEF76FFEE27A37A88149DE
:1055A000FEF76AFE227B37A87F49FEF765FECDF83D
:1055B0000080A27B637B1202D31801930522002393
:1055C00037A87549FEF758FECDF80080227CE37BB2
:1055D0001202D31801930522434637A86E49FEF7FD
:1055E0004BFECDF80080A27C637C1202D31801939D
:1055F000052202234FF0000937A86749FEF73CFE59
:10560000CDF80090CDF80480227DE37C1202D318FF
:10561000029305226C2337A86449FEF72DFECDF8CE
:105620000080CDF80480A27D637D1202D31802931E
:1056300005226C234FF0020A37A85C49FEF71CFED6
:10564000CDF800A0CDF80480227EE37D1202D318AD
:10565000029305226C2337A85449FEF70DFECDF8BE
:105660000090CDF80480A27E637E1202D3180293CC
:105670000522682337A84D49FEF7FEFDCDF80080CE
:10568000CDF80480227FE37E1202D3180293052214
:1056900037A868234549FEF7EFFDCDF800A0CDF807
:1056A0000480A37F627F1B029B18029337A83F49A7
:1056B00005226823FEF7E0FD01F019BDA2786378AA
:1056C0001202D2183A4937A8FEF7D6FDA2796379BB
:1056D00012061B04D218237937A81B02D218E378CC
:1056E0003449D218FEF7C8FD122D41F20085A27A86
:1056F000637A12061B04D218237A37A81B02D21829
:10570000E3792D49D218FEF7B7FDA27B637B120621
:105710001B04D218237B37A81B02D218E37A27492F
:10572000D218FEF7A9FDA27C637C12061B04D318D5
:10573000227C37A812029B18E27B21499A18FEF7B7
:105740009BFD01F0D4BCA27863781202D3180093B9
:105750000222434637A81B4908F10108FEF78CFDD9
:105760000234C845EFDD01F0C2BCA27863781202B2
:10577000D31800930522434637A8124908F10108BF
:10578000FEF77AFD0234C845EFDD01F0B0BC00BF82
:105790004A890200DA8E0200A6860200F291020017
:1057A000CF9202004B9402008A94020026920200DB
:1057B0008692020098860200169102008C930200E5
:1057C000028F0200138A0200CDF80080A27863786D
:1057D0001202D318019305226C2337A8BB4908F1A4
:1057E0000108FEF749FD0234D045EDDD4FEA5509C9
:1057F0005FFA89F909F1010B09F10209B944BB44C7
:1058000006EB09044FF00008CDF800802278C9EBC0
:10581000040313F80B301202D318019305226823F6
:1058200037A8AA4908F10108FEF726FD0234D04541
:10583000EADD01F05CBCA37862781B0237A8A449BA
:105840009A18FEF719FD01F052BCA37862781B028A
:1058500037A8A0499A18FEF70FFD01F048BCA378BD
:1058600062781B0237A89C499A18FEF705FD01F0E3
:105870003EBCA37862781B0237A898499A18FEF7B5
:10588000FBFC01F034BC2279E37812061B04D21829
:10589000A37837A81B02D21863789149D218FEF773
:1058A000EBFC227AE37912061B04D218A37937A8FD
:1058B0001B02D21863798B49D218FEF7DDFC227BDC
:1058C000E37A12061B04D318A27A37A812029B1897
:1058D000627A85499A18FEF7CFFC01F008BCA278DD
:1058E0006378120237A88149D218FEF7C5FC042D4F
:1058F00041F2FD832379E2781B0237A87C499A188C
:10590000FEF7BAFC01F0F3BB2279E37812061B0420
:10591000D218A37837A81B02D21863787549D21819
:10592000FEF7AAFC062D41F2E283227AE379120601
:105930001B04D318A27937A812029B1862796E490A
:105940009A18FEF799FC01F0D2BBDFF8BC914FF03A
:105950000108A84581F2CB832279E37812061B0463
:10596000D218A37849461B02D218637837A8D218F8
:1059700008F10408FEF780FC0434B8F1190F09F1AE
:105980001809E6D101F0B3BBDFF880914FF00108B0
:10599000A84581F2AC832279E37812061B04D21861
:1059A000A37849461B02D218637837A8D21808F1A9
:1059B0000408FEF761FC0434B8F10D0F09F1130976
:1059C000E6D101F094BBDFF848914FF00108A845FB
:1059D00081F28D832279E37812061B04D218A37812
:1059E00049461B02D218637837A8D21808F1040878
:1059F000FEF742FC0434B8F10D0F09F11409E6D1A9
:105A000001F075BBDFF80C914FF00108A84581F259
:105A10006E832279E37812061B04D218A3784946D4
:105A20001B02D218637837A8D21808F10408FEF7D1
:105A300023FC0434B8F10D0F09F11409E6D101F08B
:105A400056BBDFF8D4904FF00108A84581F24F8390
:105A50002279E37812061B04D218A37849461B0268
:105A6000D218637837A8D21808F10408FEF704FCAE
:105A70000434B8F10D0F09F11409E6D101F037BB78
:105A8000A37862781B0237A81C499A18FEF7F4FB2A
:105A900001F02DBBA37862781B0237A818499A1829
:105AA000FEF7EAFB01F023BB2279E37812061B0420
:105AB000D318A278647812029B1837A811490122E2
:105AC0001B19FEF7D9FB01F012BB00BF00920200C8
:105AD000F48F0200B7900200808902005989020009
:105AE000169102008C930200028F02009C92020029
:105AF000AF920200A9910200C0910200B98E02008B
:105B0000379402003B910200998A0200628C0200E5
:105B10009788020048950200F09302002279E3780A
:105B200012061B04D318A278647812029B1837A8B7
:105B3000974902221B19FEF79FFB01F0D8BA37A83C
:105B400094496278FEF798FB01F0D1BA92496278E5
:105B500007F1020837A8FEF78FFB16F808208F49D7
:105B6000120937A8FEF788FB16F8082037A88C49D9
:105B700002F00F02FEF780FB032D41F2B882E278BB
:105B800037A88849FEF778FB07F10508227937A87E
:105B90008549FEF771FB16F8082037A8920883495B
:105BA000FEF76AFB16F8082037A8814902F00302C5
:105BB000FEF762FB37A87F49A279FEF75DFB01F093
:105BC00096BA94F8028063784FEA082898441FFA3E
:105BD00088F84FEAD82237A87749FEF74DFB08F43A
:105BE000806302229B0A37A87449FEF745FB08F43C
:105BF000007302225B0A37A87149FEF73DFB08F4E7
:105C0000F87302221B0937A86E49FEF735FB08F02E
:105C10000E0302225B0837A86B49FEF72DFB022218
:105C200008F0010337A86949FEF726FB2379E478D9
:105C30001B021C19A4B2E20A37A86549FEF71CFB37
:105C400004F4806305229B0A37A85C49FEF714FB25
:105C500004F4007305225B0A37A85949FEF70CFBD0
:105C600004F4F87305221B0937A85649FEF704FB14
:105C700004F00E0305225B0837A85349FEF7FCFA2F
:105C800037A85249052204F00103FEF7F5FA01F0A6
:105C90002EBAA27863781202D21837A84D49FEF7BF
:105CA000EBFA94F804E0E3784FEA0E2E00227344F6
:105CB00037A84949FEF7E0FA217AE27909028A1801
:105CC00094F806E063790092A17A627A09024FEAB9
:105CD0000E2E8A187344019237A800223F49FEF71E
:105CE000CBFA227BE37A0092627B37A80192A27BF7
:105CF0003B4902920022FEF7BFFAA17C627C0902B6
:105D00008A1894F810E0E37B0092217DE27C09027E
:105D10008A180192A17D627D09028A180292217E71
:105D2000E27D09028A180392A17E627E09028A1826
:105D30000492217FE27E09028A180592A17F627F88
:105D400009028A18069294F82010E27F09028A1844
:105D5000079294F8221094F8212009028A180892D8
:105D600094F8241094F8232009028A18099294F8D0
:105D7000262094F82510120252184FEA0E2E0A928D
:105D800037A8184900227344FEF776FA01F0AFB93C
:105D90003B910200508D0200808A0200328B02008B
:105DA000FF890200D7870200958B0200099102004B
:105DB00087910200129202006E8D02009B910200F8
:105DC000118F0200D791020099940200C193020042
:105DD000D8860200458C02004A8902002187020011
:105DE000A88B0200EE8B020094F802E063784FEA81
:105DF0000E2E0122734437A8AA49FEF73DFAA17975
:105E0000627909028A1894F804E0E3780092217A12
:105E1000E27909024FEA0E2E8A187344019237A8DC
:105E20000122A149FEF728FAA27A637A0092E27A67
:105E300037A80192227B9D4902920122FEF71CFAAB
:105E4000217CE27B09028A1894F80EE0637B0092C1
:105E5000A17C627C09028A180192217DE27C090200
:105E60008A180292A17D627D09028A180392217E1E
:105E7000E27D09028A180492A17E627E09028A18D4
:105E80000592217FE27E09028A180692A17F627F35
:105E900009028A18079294F82010E27F09028A18F2
:105EA000089294F8221094F8212009028A18099285
:105EB00094F8242094F82310120252184FEA0E2E60
:105EC0000A9237A87A4901227344FEF7D5F901F006
:105ED0000EB994F802E063784FEA0E2E0222734462
:105EE00037A87049FEF7C8F9A179627909028A18C2
:105EF00094F804E0E3780092217AE27909024FEA0B
:105F00000E2E8A187344019237A802226649FEF7C2
:105F1000B3F9A27A637A0092E27A37A80192227BDF
:105F2000624902920222FEF7A7F9217CE27B090274
:105F30008A1894F80EE0637B0092A17C627C0902CF
:105F40008A180192217DE27C09028A180292A17DC1
:105F5000627D09028A180392217EE27D09028A1875
:105F60000492A17E627E09028A180592217FE27E58
:105F700009028A180692A17F627F09028A18079295
:105F800094F82010E27F09028A18089294F82210EF
:105F900094F8212009028A18099294F8242094F890
:105FA0002310120252184FEA0E2E0A9237A84049C7
:105FB00002227344FEF760F901F099B8627837A8BD
:105FC0003C49FEF759F90122A37837A83A49FEF770
:105FD00053F90222E37837A83749FEF74DF9637980
:105FE000227903F001031B0237A834499A18FEF7FF
:105FF00043F901F07CB8A27863781202D3180093B9
:106000002822002337A82E49FEF736F92279E378B3
:106010001202D31800932822012337A82849FEF73B
:106020002BF9A27963791202D31800932822022354
:1060300037A82349FEF720F9227AE3791202D31810
:1060400000935022002337A81D49FEF715F9A27AC4
:10605000637A1202D31800935022012337A81849FB
:10606000FEF70AF9237BE27A1B029B18009337A8FC
:10607000134950220223FEF7FFF801F038B8A27846
:1060800063781202D21837A80E49FEF7F5F8237983
:10609000E2781B0237A80C499A18FEF7EDF801F0D8
:1060A00026B800BF4A89020021870200A88B02009F
:1060B000EE8B0200E5870200F48602002D930200B9
:1060C000F5900200118802005292020094F804E058
:1060D000E3784FEA0E6E1B049E44A3786C221B02E9
:1060E0009E44637837A873449749FEF7C5F894F83F
:1060F00008E0E3794FEA0E6E1B049E44A3796C22FC
:106100001B029E44637937A873449049FEF7B4F8A4
:1061100094F80CE0E37A4FEA0E6E1B049E44A37AD7
:106120006D221B029E44637A37A873448649FEF7AA
:10613000A3F894F810E0E37B4FEA0E6E1B049E4434
:10614000A37B6D221B029E44637B37A873447F4967
:10615000FEF792F894F814E0E37C4FEA0E6E1B040D
:106160009E44A37C68221B029E44637C37A8734430
:106170007549FEF781F894F818E0E37D4FEA0E6E5A
:106180001B049E44A37D68221B029E44637D37A8A6
:1061900073446E49FEF770F894F81AE0637E4FEA94
:1061A0000E2E6C22734437A86949FEF765F894F8FF
:1061B0001CE0E37E4FEA0E2E6D22734437A864493B
:1061C000FEF75AF8A37F647F1B0237A86049682254
:1061D0001B19FEF751F800F08ABF94F802E06378CB
:1061E0004FEA0E2E7344682237A85A49FEF744F846
:1061F0002279E3781202D318009368226C2337A81F
:106200005549FEF739F8A27963791202D318009341
:1062100068226C2337A85149FEF72EF8227AE379D9
:106220001202D318009368226D2337A84A49FEF75B
:1062300023F8A27A637A1202D318009368226D239E
:1062400037A84649FEF718F8227BE37A1202D318E2
:106250006822009337A813463F49FEF70DF8A27B4A
:10626000637B1202D3186822009337A813463B4978
:10627000FEF702F894F810E0E37B4FEA0E2E734429
:106280006C2237A83349FDF7F7FFA27C637C12022A
:10629000D3186C22009337A813462F49FDF7ECFF63
:1062A000227DE37C1202D3186C22009337A8134698
:1062B0002A49FDF7E1FFA27D637D1202D318009306
:1062C0006C2207F118086D2337A82349FDF7D4FF86
:1062D00016F80820E37D1202D31800936C226D2378
:1062E00007F11A0937A81D49FDF7C6FF16F809205E
:1062F000637E1202D31800936C22682337A81649D4
:10630000FDF7BAFF227FE37E1202D31800936C22BE
:10631000682337A81149FDF7AFFFA37F16F808E0FF
:106320001B026822734437A80D49FDF7A5FF94F8B6
:10633000203016F809401B0237A809496C221B19A6
:10634000FDF79AFF00F0D3BE328C02008F95020059
:10635000DC920200248F0200D78F0200428B0200E1
:10636000688B02006378002237A8AA4903F01F0354
:10637000FDF782FFA378012237A8A64903F01F0387
:10638000FDF77AFFE378022237A8A24903F01F0342
:10639000FDF772FF6279237902F01F020092A27961
:1063A00037A802F01F020192E2799B4902F01F0216
:1063B000029203F01F030022FDF75EFF627A237A48
:1063C00002F01F020092A27A37A802F01F02019287
:1063D000E27A914902F01F02029203F01F030122A8
:1063E000FDF74AFF627B237B02F01F020092A27B33
:1063F00037A802F01F020192E27B874902F01F02D8
:10640000029203F01F030222FDF736FF00F06FBE79
:106410006378002237A8814903F03F03FDF72CFF82
:10642000A378012237A87D4903F01F03FDF724FF5D
:10643000E378022237A8794903F01F03FDF71CFF18
:106440006279237902F03F020092A27937A802F024
:106450003F020192E279724902F03F02029203F098
:106460003F030022FDF708FF627A237A02F01F0241
:106470000092A27A37A802F01F020192E27A6849DC
:1064800002F01F02029203F01F030122FDF7F4FE47
:10649000627B237B02F01F020092A27B37A802F0EE
:1064A0001F020192E27B5E4902F01F02029203F09A
:1064B0001F030222FDF7E0FE00F019BE0022637800
:1064C00037A85849FDF7D8FE0122A37837A85549C7
:1064D000FDF7D2FE0222E37837A85249FDF7CCFE41
:1064E0000022237937A85049FDF7C6FE01226379BF
:1064F00037A84D49FDF7C0FE37A84B490222A379C2
:10650000FDF7BAFE00F0F3BD94F8028063784FEA1D
:10651000082898441FFA88F84FEAD83300930522D8
:10652000002337A84149FDF7A7FE08F4F043DB122A
:1065300000930522002337A83D49FDF79DFE08F48E
:10654000E0631B1200930522002337A83949FDF7A9
:1065500093FE08F08003DB1100930222002337A88A
:106560003249FDF789FE08F07803DB100093022220
:10657000002337A82E49FDF77FFE08F0070300939C
:106580000222002337A82B49FDF776FE2379E47811
:106590001B021C19A4B24FF000084FEAD43905229F
:1065A000682337A8244904F4F04A4FEAEA2A8DE820
:1065B000000304F4E064FDF75FFE0522682337A8BA
:1065C0001E4924128DE80005FDF756FE682337A802
:1065D0001B490522CDF800800194FDF74DFE0522F0
:1065E00037A86D2314498DE80003FDF745FE052209
:1065F0006D2337A811498DE80005FDF73DFE37A84A
:106600000F4905226D23CDF800800194FDF734FE7B
:1066100000F06DBDB18C0200668902003289020073
:10662000C39002004C8E02007D8B02000593020095
:10663000659402004F90020005870200528A020012
:10664000118E020094F8028063784FEA082898447B
:106650001FFA88F84FEAD83300930522012337A8A0
:10666000B549FDF709FE08F4F043DB12009305225B
:10667000012337A8B149FDF7FFFD08F4E0631B12C1
:1066800000930522012337A8AD49FDF7F5FD08F079
:106690008003DB1100930222012337A8A649FDF7EE
:1066A000EBFD08F07803DB1000930222012337A8EA
:1066B000A249FDF7E1FD08F0070300930222012340
:1066C00037A89F49FDF7D8FD2379E4781B021C19F0
:1066D000A4B24FF001084FEAD4390522682337A845
:1066E000984904F4F04A4FEAEA2A8DE8000304F4DA
:1066F000E064FDF7C1FD0522682337A89249241202
:106700008DE80005FDF7B8FD682337A88F490522FD
:10671000CDF800800194FDF7AFFD052237A86D2369
:1067200088498DE80003FDF7A7FD05226D2337A8F2
:1067300085498DE80005FDF79FFD37A883490522AF
:106740006D23CDF800800194FDF796FD00F0CFBCDD
:1067500094F8028063784FEA082898441FFA88F872
:106760004FEAD83300930522022337A87249FDF778
:1067700083FD08F4F043DB1200930522022337A8BF
:106780006E49FDF779FD08F4E0631B1200930522C2
:10679000022337A86A49FDF76FFD08F08003022243
:1067A000DB11009337A813466349FDF765FD08F038
:1067B00078030222DB10009337A813465F49FDF7E8
:1067C0005BFD022208F00703009337A813465C49DB
:1067D000FDF752FD2379E4781B021C19A4B24FF097
:1067E00002084FEAD4390522682337A8554904F432
:1067F000F04A4FEAEA2A8DE8000304F4E064FDF76A
:106800003BFD0522682337A84F4924128DE8000577
:10681000FDF732FD0522682337A84C49CDF80080EA
:106820000194FDF729FD6D2337A8464905228DE81F
:106830000003FDF721FD052237A86D2342498DE8AD
:106840000005FDF719FD37A8404905226D23CDF855
:1068500000800194FDF710FD00F049BC94F802E0BF
:1068600063784FEA0E2E2822734437A83849FDF783
:1068700003FD94F804E0E3784FEA0E2E28227344D7
:1068800037A83449FDF7F8FC94F806E063794FEA3D
:106890000E2E5022734437A82D49FDF7EDFC237AC4
:1068A000E4791B0237A82B4950221B19FDF7E4FCA1
:1068B00000F01DBCA27863780092E2782521019255
:1068C00022791DA8029262790392A2790492E27958
:1068D0000592227A0692627A0792A27A0892E27A66
:1068E0000992227B0A92627B0B92A27B0C92E27B42
:1068F0000D92227C0E92184AEBF38AF637A81749BC
:106900001DAAFDF7B9FCF2E37C1C325D37A81449DF
:1069100002F07F02FDF7B0FC325D37A81149D209C1
:10692000FDF7AAFCE3E3A378627837A80E4942EAB0
:106930000322FDF7A1FCDAE305930200659402004F
:106940004F90020005870200528A0200118E020059
:106950004C910200148902003A3E01006891020045
:10696000B29402006692020070910200A3786278ED
:1069700037A8944942EA0322FDF77EFCB7E3E378A7
:1069800022791B0443EA0263627837A81343A27892
:106990008D4943EA0222FDF76FFCA8E3E3782279F0
:1069A0001B0443EA0263627837A81343A27887493D
:1069B00043EA0222FDF760FC99E3E37822791B04A5
:1069C00043EA0263627837A81343A278804943EA16
:1069D0000222FDF751FC8AE3A378627837A87D494B
:1069E00042EA0322FDF748FC81E3A378627837A8E6
:1069F000794942EA0322FDF73FFC78E3A378627805
:106A000037A8764942EA0322FDF736FC6FE3A37804
:106A1000627837A8724942EA0322FDF72DFC66E34B
:106A200094F801905FEA990900F061834FF0000843
:106A3000A179E279090294F803E041EA024162791E
:106A400023790A434FEA0E2E4EEA034EA3780092B2
:106A5000617AA27A090241EA0241227A37A80A43FE
:106A60000192217B627B090241EA0241E27A4EEA0D
:106A700003030A4302925B49424608F10108FDF70D
:106A8000FBFB0C34C845D3DB31E337A856496278A9
:106A9000FDF7F2FB2BE337A854496278FDF7ECFBD6
:106AA00025E3227AE17923791143A27994F803E06E
:106AB000114362794EEA030EA3780A434EEA030EAD
:106AC00063780092227BE17A4EEA03031143A27AB3
:106AD00037A81143627A0A430192227CE17B114379
:106AE000A27B1143627B0A43029241490022FDF7D7
:106AF000C3FB227EE17D237D1143A27D94F813E048
:106B00001143627D4EEA030EA37C0A434EEA030E54
:106B1000637C0092227FE17E37A81143A27E4EEA79
:106B200003031143627E0A43019294F82020E17F1F
:106B30001143A27F0A43617F0A4302922C4901223A
:106B4000FDF79AFBD3E2A37864781B021C19A4B268
:106B500004F00F0300932822002337A82549FDF7EE
:106B60008BFB04F0F0031B1100932822012337A8AC
:106B70002049FDF781FB04F470631B120093282267
:106B8000022337A81B49FDF777FB37A81A492822AB
:106B9000E30BFDF771FBAAE22179E27809028A187A
:106BA00094F802E063780092A27961791202521897
:106BB0004FEA0E2E019237A8104900227344FDF7C8
:106BC0005BFB94E2D38802003F93020057930200DC
:106BD0006F930200588E02006D8E0200828E0200BA
:106BE000978E02006890020024910200D48902006E
:106BF000798D0200998D0200ED9202005387020008
:106C00002179E27809028A1894F802E06378009208
:106C1000A179627909028A180192217AE27909023E
:106C20008A180292A17A627A09028A180392217B59
:106C3000E27A09028A180492A17B627B09028A180F
:106C40000592217CE27B09028A180692A17C627C73
:106C500009028A180792217DE27C09028A180892AB
:106C6000A17D627D09028A180992227EE17D1202CD
:106C700052184FEA0E2E0A9237A87B49002273441D
:106C8000FDF7FAFA33E22179E27809028A1894F8DA
:106C900002E063780092A179627909028A18019270
:106CA000217AE27909028A180292A17A627A0902AB
:106CB0008A180392217BE27A09028A180492A17B46
:106CC000627B09028A180592217CE27B09028A18FC
:106CD0000692A17C627C09028A180792217DE27CDF
:106CE00009028A180892A17D627D09028A18099218
:106CF000227EE17D120252184FEA0E2E0A9237A828
:106D00005A4900227344FDF7B7FAF0E12179E2789D
:106D100009028A1894F802E063780092A1796279F6
:106D200009028A180192217AE27909028A180292EC
:106D3000A17A627A09028A180392217BE27A090217
:106D40008A180492A17B627B09028A180592217C31
:106D5000E27B09028A180692A17C627C09028A18E9
:106D60000792217DE27C09028A180892A17D627D4A
:106D700009028A180992217EE27D09024FEA0E2E4D
:106D80008A180A927344002237A83949FDF774FA29
:106D9000217FE27E09028A1894F81AE0637E00924D
:106DA000A17F627F09028A18019294F82010E27F85
:106DB00009028A18029294F8221094F821200902FC
:106DC0008A18039294F8241094F8232009028A1850
:106DD000049294F8261094F8252009028A18059246
:106DE00094F8281094F8272009028A18069294F83B
:106DF0002A1094F8292009028A18079294F82C1076
:106E000094F82B2009028A18089294F82E1094F80E
:106E10002D2009028A18099294F8302094F82F1036
:106E2000120252184FEA0E2E0A9237A81049012278
:106E30007344FDF721FA5AE1A37862781B0237A860
:106E40000C499A18FDF718FA51E137A80A496278F7
:106E5000FDF712FA4BE1A378627837A8074942EAB6
:106E60000322FDF709FA42E14F8802008C890200F3
:106E7000FE940200458C0200018802007E87020019
:106E8000E2782379120442EA03626378217A1A4392
:106E9000E379207B1B0443EA0163617994F802C023
:106EA0000B43E17A94F806E0090441EA0061607A54
:106EB00042EA0C220143A07A43EA0E2341EA002170
:106EC0000091E17B207C090441EA0061607B014381
:106ED000A07B41EA00210191E17C207D090441EA87
:106EE0000061607C0143A07C41EA00210291E17DC8
:106EF000207E090441EA0061607D0143A07D41EAF2
:106F000000210391E17E207F090441EA0061607E57
:106F10000143A07E41EA00210491E17F94F8200022
:106F2000090441EA0061607F0143A07F41EA00213A
:106F3000059194F8231094F82400090441EA0061B3
:106F400094F82100014394F8220041EA00210691BF
:106F500094F8270094F82810000440EA016094F89F
:106F60002510014394F8260041EA0021079137A833
:106F70008249FDF781F9BAE0E2782379120442EA06
:106F800003626378217A1A43E379207B1B0443EA86
:106F90000163617994F802C00B43E17A94F806E04A
:106FA000090441EA0061607A42EA0C220143A07AB6
:106FB00043EA0E2341EA00210091E17B207C090491
:106FC00041EA0061607B0143A07B41EA002101911D
:106FD000E17C207D090441EA0061607C0143A07CE2
:106FE00041EA00210291E17D207E090441EA00612D
:106FF000607D0143A07D41EA00210391E17E207F75
:10700000090441EA0061607E0143A07E41EA00215B
:107010000491E17F94F82000090441EA0061607F57
:107020000143A07F41EA0021059194F8231094F8D0
:107030002400090441EA006194F82100014394F816
:10704000220041EA0021069194F8270094F82810C4
:10705000000440EA016094F82510014394F82600EA
:1070600041EA0021079137A84549FDF705F93EE0BF
:107070000B2D3CD1A37862781B02D21837A8414966
:10708000FDF7FAF82379E2781B02D21837A83E49B7
:10709000FDF7F2F8A37962791B02D21837A83B49B1
:1070A000FDF7EAF8237AE2791B02D21837A83849AB
:1070B000FDF7E2F8A27A637A120237A835499A18E6
:1070C000FDF7DAF813E0E37822791B0443EA026360
:1070D000627837A81343A2782F4943EA0222FDF7CA
:1070E000CBF804E00022149201E0012313931099DD
:1070F0007B19FF297DF463A9159A01321592159B1E
:107100001B998B427DF453A9119A511C03D037A8C7
:107110002249FDF7B1F89DF89C3023B137A82049EA
:1071200027AAFDF7A9F8169B0A2B0CD800201D49A9
:10713000ECF3A4F038B9139929B937A81A49139A6E
:10714000FF23FDF799F8389A002302F8013B449B8E
:107150001A9800931299189B3892FDF76DF804461F
:107160001298F0F317F201E06FF0010420463BB0F3
:10717000BDE8F08F01211391B9E700BFC28C020076
:10718000FF8C02004F8F0200638F0200778F020096
:107190008B8F02009F8F02002C8E02001D90020038
:1071A000F4890200468902009C8702002DE9F04F15
:1071B0008DB0059205468A4606A8002114229846FD
:1071C0000B91EBF3BFF1594B1C78002C40F0A380DE
:1071D0006B69232B0CDD1C22284621462346009494
:1071E000F5F388F2002806DA01260227B14605E009
:1071F0000427012601E00C270326A1462846F5F3C3
:107200000BF20128834602D0022813D105E028465C
:107210005146EBF3CBF040000BE02846FCF7A1FF12
:10722000044638B1FCF793FFC20503D52046FCF7AE
:1072300093FF0B900B9800284ED0F0F399F1044681
:1072400000286ED0BBF1010F03D0BBF1020F1BD1A0
:107250000BE00B9B002101930290059A28465346B0
:1072600000910391EBF3A0F00CE00B9A0CAB5208E9
:1072700043F8042D284601212246FCF7A6FF0B9B6C
:107280005B000B93002840D122884FF6FD73013A32
:1072900092B29A4203D92046F0F37CF11CE0B9F196
:1072A000000F03D004EB4707069719E0E319628843
:1072B0000693A388A7F5805707EB12221B0602EB63
:1072C0001343E3180793E388DB19E3180893238932
:1072D000DF19E719099703E0154B002406930126EF
:1072E000169A5046009206A932464346FDF716F814
:1072F00050B9169B28461A68D8F8001001F038FDDE
:10730000D8F800200B4B1A6014B12046F0F342F17C
:10731000064A01231370169B0020C8F8000018606D
:1073200001E06FF01A000DB0BDE8F08F2961010097
:10733000608B02008893020030B51946039B049CC1
:1073400043B14CB100251D6025600394BDE8304079
:10735000FFF72CBF184630BD204630BD014B002240
:107360001A70704729610100F8B50C4F06463C6859
:107370008CB101250BE0284600212C46E6F7C6FF1C
:1073800020B128463146E6F7BBFF04E001353B68F3
:107390009D42F0D900242046F8BD00BF2C610100B9
:1073A00010B5847801462046E6F7B0FF28B12046A4
:1073B0000021E6F7A5FF002010BD4FF0FF3010BD03
:1073C00070B50C4E0D46306880B90B49E6F798FF52
:1073D000012404E020460021E6F792FF01343368DF
:1073E0009C42F7D9034B28461D6070BD4FF0FF301B
:1073F00070BD00BF2C610100ADDEADDE064B1A682A
:10740000194632B1012300E001339342FCD9002335
:107410000B600020704700BF2C6101002DE9F04790
:107420000C46166882461546084684220021984676
:107430009DF82470EBF386F02046FFF795FFC0B26D
:10744000002832D0012323709DF82030A070003333
:1074500018BF0123E3703C233C2EB4BFB1464FF06C
:107460003C09A4F80E806770A381002615E0504601
:1074700041463A46F0F390F030B96368002B0CBFF8
:107480006FF01A0000200BE0A3780136C370636828
:10749000436123896060013323814E45E7DB00208F
:1074A000238963812B60BDE8F0874FF0FF30BDE892
:1074B000F087F8B506460C4600250BE07B693046A0
:1074C000636000237B61FB703946E278F0F386F05D
:1074D0000135ADB26768002FF0D1238920465B1BD0
:1074E000238163895D1B6581FFF75AFFA7702770B1
:1074F0003846F8BD10B5C37C032B08D09C1D00EBAB
:10750000C40401336160A260C374002010BD4FF059
:10751000FF3010BD2DE9F84311F01F0618BF0126FA
:1075200006EB511707F107094FEA890948460D464E
:1075300001F01F08F0F31CF0044600283BD00021A6
:107540004A46BFB2EAF3FEF76780A580E580A460F3
:1075500021462246002303E04FF0FF3090610133C3
:107560000432BB42F8D356B14FF0FF3202FA08F8AA
:107570007B1D04EB83035A6882EA08025A6017F005
:107580001F0318BF012307F01F0003EB57172780C5
:10759000002203E04FF0FF358D6001320431BA4222
:1075A000F8D343B14FF0FF338340013704EB870733
:1075B0007A6853407B602046BDE8F8830846EFF3C5
:1075C000E9B7436B23B14FF47F629A60436B05E0E8
:1075D000836B4BB14FF47F629A60836B9868D0F1F4
:1075E000010038BF0020704701207047034600208B
:1075F00001E00130C0B25B08FBD170470B6843F477
:1076000040330B6008680B6800F4403023F44033CB
:107610000B60A0F54031484240EB0100704708B5CF
:10762000416B09B9816B21B1806AFFF7E7FF012047
:1076300008BD084608BD2DE9F047DDF820801F8809
:10764000099D1046894614461E46394642462B4639
:10765000EFF38EF48246E8B1012313FA07F72B68A3
:10766000013BDB19B3FBF7F35F43631EDB195F409C
:1076700017EA090F0ED02046FFF7B8FF30805046BA
:10768000EFF380F43188204642462B46BDE8F047B0
:10769000EFF36EB45046BDE8F08770B500230129C2
:1076A0000CBFB0F84620B0F86C2086B00493B0F858
:1076B0004430120101290446ADF816300D46806AA7
:1076C00041F6FF7329D104AED4F8C410009604F13A
:1076D0005C060196994214BF4FF480314FF400517B
:1076E00004F150060DF116030296FFF7A4FF0028DF
:1076F00040D0BDF81630E26D15FA03F3511EC918DB
:10770000B1FBF3F14B43A3659B1A9BB2C018A4F8DD
:107710006030049BE06363662BE004ADD4F8CC10CA
:10772000009504F184050195994214BF4FF480310E
:107730004FF4005104F178050DF116030295FFF79F
:107740007AFFB8B1BDF81630012515FA03F3D4F865
:107750008420511EC918B1FBF3F14B43C4F88030AB
:107760009B1A9BB2C018A4F88830049B2064C4F80C
:107770008C30284606B070BDFFF78FBF2DE9F74F5C
:107780008DE803000EAEE02014469A460D9F96E861
:10779000400ADDF84C80EFF3EBF60546002800F0D8
:1077A00079810021E022EAF3CDF69A4B0021B8F16D
:1077B000000F08BF98460A46C5F81C802046F4F31F
:1077C0008BF70C9BC0F30030AB63934B03212B6012
:1077D000002285F83000C5F834A02846EDF3F8F50E
:1077E000082205F120000199EAF384F7002385F8C7
:1077F0002730009BEC62AB62BBF1FF3F14BF5B46DE
:10780000CC23B9F1CC0F88BFC3EB0909C5F8983078
:10781000BDF84430A5F84670C5F89C309DF8483056
:10782000A5F86C60C5F8A0300C9BA5F89490002BCF
:1078300045D0AA6B1368D80704D523F00103136061
:10784000AA6B1360AB6B4FF0FF329A602046F4F3E3
:1078500045F740F63C03984212D1E86AF4F34EF73C
:10786000052809D0E86AF4F349F7082804D0E86A43
:10787000F4F344F70C2803D1AB6B4FF0FF329A605E
:10788000AB6B9A681205120D1AB15A6842F00F02DA
:1078900001E041F6FF72C5F8CC201A6802F4E0124C
:1078A000920C85F8B5201A6802F46002520D85F832
:1078B000BA201B6803F040731B0E85F8BB30BAF189
:1078C000000F4DD06A6B1368D90704D523F001036C
:1078D00013606A6B13606B6B4FF0FF329A60E86A5B
:1078E000F4F3FCF640F63C03984212D1E86AF4F354
:1078F00005F7052809D0E86AF4F300F7082804D052
:10790000E86AF4F3FBF60C2803D16B6B4FF0FF32FF
:107910009A606B6B9A681205120D1AB15A6842F0A0
:107920000F0201E041F6FF72C5F8C420C5F8C82077
:107930001A6802F4E012920C85F8B6201A6802F474
:10794000E072920985F8B7201A6802F46002520DBD
:1079500085F8B8201B6803F040731B0E85F8B9301A
:1079600062680023012AC5F8A430C5F8AC3018D1EC
:10797000A268B2F5026F03D040F63C018A4202D100
:107980004FF0004303E04FF08042C5F8A420C5F853
:10799000A830D5F8A430C5F8AC30D5F8A830C5F873
:1079A000B0302046F4F39AF640F62903984208D105
:1079B0002046F4F3A3F620B12046F4F39FF6022804
:1079C0000FD92046F4F38AF640F6340398420CD1DE
:1079D0002046F4F393F620B12046F4F38FF6012805
:1079E00003D1002385F8313004E02846FFF717FE65
:1079F00085F831002846FFF7E4FD85F8B40068B14A
:107A00000D23FF2FA5F844300CD8FF2E09D80C23E6
:107A100005E000BF906101008C5001000423A5F82F
:107A200044304FB1BC002046EFF3A2F5E86468B3E0
:107A300000212246EAF386F54EB1B4002046EFF36A
:107A400097F5686710B300212246EAF37BF527B16A
:107A500028460121FFF790FEC0B126B12846022139
:107A6000FFF78AFE90B1D5F8A4305BB195F83130BC
:107A700043B9AB6DB3F1804F08D8D5F88030B3F17E
:107A8000804F03D8012385F8DD3003E02846EDF36D
:107A9000F9F400252846BDE8FE8F00BF10B5044666
:107AA000F5F38CF2002120460A46F4F315F6C304E0
:107AB00007D5204601F0DBFA00280CBF202040202B
:107AC00010BD202010BD2DE9F0470446266A09A903
:107AD000042E666A9DF82000CCBF06F4781606F4E2
:107AE000F01691E82202760C4FF000084BE031F8D6
:107AF00028A01FFA83FCE24501EB880703D197F821
:107B000002C0844504D008F101085FFA88F83AE021
:107B1000002A35D006FB08F800252EE063692046D0
:107B2000222B0ADDE3695A0607D540F62701002219
:107B3000F4F342F70146204600E000214FF4CC6206
:107B4000F4F3DAF5056063692046222B0ADDE36968
:107B50005B0607D540F627010022F4F32DF7014616
:107B6000204600E0002140F26462F4F3C5F509EB21
:107B7000880353F8253001350360EBB2B342CDD30F
:107B8000F878BDE8F087A845B1D30020BDE8F087BC
:107B90002DE9F84304461E46002B00F0B480436AEA
:107BA00002EB061503F4F8594FEA192955F8043C7D
:107BB000013E0BB900279FE020469847002800F0BF
:107BC0009E80F7E70122BA4055F8103C1A4200F0B7
:107BD000928063692046222B0ADDE3695A0607D5A5
:107BE00040F627010022F4F3E7F60146204600E0C4
:107BF00000214FF4C462F4F37FF5076015F90C2CF3
:107C000022B1012A19D0013275D144E063692046BE
:107C1000222B09DDE3695B0606D540F62701F4F364
:107C2000CBF60146204600E0002140F22462F4F346
:107C300063F555F8083C03605DE063692046222B3C
:107C40000ADDE369590607D540F627010022F4F35F
:107C5000B3F60146204600E0002140F22462F4F32E
:107C60004BF563698046222B20460ADDE3695A06FC
:107C700007D540F627010022F4F39EF60146204680
:107C800000E0002140F22462F4F336F555F8083C98
:107C9000026813432DE063692046222B0ADDE36965
:107CA0005B0607D540F627010022F4F385F601466E
:107CB000204600E0002140F22462F4F31DF56369E0
:107CC0008046222B20460ADDE369590607D540F697
:107CD00027010022F4F370F60146204600E000215F
:107CE00040F22462F4F308F555F8082C036823EAFF
:107CF0000203C8F8003001374F457FF463AF103DF1
:107D0000002E7FF453AFBDE8F883000070B59D49A5
:107D100004460020EBF38EF2002800F031810020B1
:107D20009849EBF387F2974905460020EBF382F27E
:107D3000944906460020EBF37DF215F0006500F053
:107D4000AC804FF40012002113462046E6F741FDB7
:107D50000222062113462046F4F344F663692046C6
:107D6000222B0ADDE3695A0607D540F627010022D7
:107D7000F4F322F60146204600E000214FF4C162F0
:107D8000F4F3BAF40668002506F480761BE04FF49D
:107D90007A70EFF3DBF063692046222B0ADDE3699A
:107DA0005B0607D540F627013246F4F305F6014697
:107DB000204600E000214FF4C162F4F39DF4066810
:107DC000013506F480761EB9B5F57A7FDFD170BD36
:107DD000B5F57A7F00F0D4804FF47A70EFF3B6F007
:107DE0000822062113462046F4F3FCF50023062161
:107DF00004222046F4F3F6F54FF47A70EFF3A6F080
:107E000063692046222B0ADDE369590607D540F64F
:107E100027010022F4F3D0F50146204600E00021BE
:107E20004FF4C062F4F368F40568002605F001051C
:107E30001BE04FF47A70EFF389F063692046222B40
:107E40000ADDE3695A0607D540F627010022F4F35C
:107E5000B3F50146204600E000214FF4C062F4F380
:107E60004BF40568013605F001051DB1B6F57A7FC2
:107E7000DFD102E0B6F57A7F03D120460621082241
:107E800079E029464FF480122B462046E6F7A1FC04
:107E90002046062101222B466EE0730170D54FF477
:107EA0008012134629462046E6F793FC012206215C
:107EB00013462046F4F396F54FF47A70EFF346F04C
:107EC0000422062113462046F4F38CF506210822ED
:107ED0002B462046F4F386F54FF47A70EFF336F034
:107EE00063692046222B0ADDE3695E0607D540F66A
:107EF00027012A46F4F360F50146204600E0002100
:107F00004FF4C062F4F3F8F30668002506F00106AA
:107F10001BE04FF47A70EFF319F063692046222BCF
:107F20000ADDE369590607D540F627013246F4F326
:107F300043F50146204600E000214FF4C062F4F30F
:107F4000DBF30668013506F001061EB9B5F57A7F48
:107F5000DFD102E0B5F57A7F03D120460621042265
:107F600009E000214FF400120B462046E6F731FCF1
:107F70002046062102220023BDE87040F4F332B50A
:107F800070BD00BF6853010046F29053994210B58E
:107F9000044609D049F21823994207D0B1F5964F0B
:107FA0000CBF1F23002302E02A2300E03C2305210D
:107FB000FF222046E6F779FC4FF400020621134623
:107FC0002046E6F73CFC1E20EEF3C0F720460621D3
:107FD0004FF400020023BDE81040E6F730BC00007B
:107FE000F0B5036A466A042BCCBF06F4781606F493
:107FF000F01685B00446760C00253BE0102168465B
:108000001F4A2B46EAF304F300206946EBF336F1EE
:1080100000282ED000210A46EAF3CCF66369074611
:10802000222B20460ADDE369590607D540F62701D1
:108030000022F4F3C1F40146204600E000214FF491
:10804000CC62F4F359F3056063692046222B0ADD04
:10805000E3695A0607D540F627010022F4F3ACF491
:108060000146204600E0002140F26462F4F344F34C
:1080700007600135EBB2B342C0D305B0F0BD00BF1D
:10808000D5950200F0B5036A85B0042B0446466A14
:1080900003DD06F0F866B60D02E006F0F076760D28
:1080A00000253BE0102168461F4A2B46EAF3B0F258
:1080B00000206946EBF3E2F000282ED000210A46AA
:1080C000EAF378F663690746222B20460ADDE36966
:1080D0005A0607D540F627010022F4F36DF4014655
:1080E000204600E000214FF4CB62F4F305F3056075
:1080F00063692046222B0ADDE3695B0607D540F65B
:1081000027010022F4F358F40146204600E0002144
:1081100040F25C62F4F3F0F207600135EBB2B34277
:10812000C0D305B0F0BD00BF0C990200F0B5036AE2
:1081300085B0042B0446466A01DDF60E02E006F027
:10814000F056760E00253BE0102168461E4A2B466D
:10815000EAF35EF200206946EBF390F000282ED09F
:1081600000210A46EAF326F663690746222B2046D9
:108170000ADDE3695B0607D540F627010022F4F328
:108180001BF40146204600E000214FF4CA62F4F3DC
:10819000B3F2056063692046222B0ADDE3695906C4
:1081A00007D540F627010022F4F306F401462046E5
:1081B00000E0002140F25462F4F39EF207600135C2
:1081C000B542C1D105B0F0BD1B990200004870470F
:1081D000C0AD3A022DE9F04304460F4685B00020B9
:1081E000904915461E46EBF325F060B92046394606
:1081F00015B1FFF7EBFF07E0FFF7E8FF4FF47A75E3
:10820000B0FBF5F500E0054600208749EBF312F0DE
:1082100000F00F00012808D0022809D0834B844ABF
:10822000032814BF9146994604E0DFF8149201E058
:10823000DFF8109229462046FFF7A6FE2046F4F309
:1082400055F2002180462046F5F300F0794B0246B6
:10825000002E4BD101930323029339462046324628
:108260002B460096CDF80C90FFF72DFC0746002812
:1082700037D063692046222B0ADDE3695B0607D508
:1082800040F627013246F4F397F30146204600E01A
:1082900000214FF4C062F4F32FF20268BF004FF6E2
:1082A0008373134007F07C0205F17F07FF09013F4C
:1082B00042EA07471F4363692046222B0ADDE36930
:1082C000590607D540F627010022F4F375F301465D
:1082D000204600E000214FF4C062F4F30DF2076085
:1082E00096E029465448EAF353F192E000218DE8E4
:1082F0000A0003230293204639462B46CDF80C9002
:10830000FFF7E1FB002D00F083802046E6F774F8CC
:10831000064606E0AB4203D16369222B07DC12E07C
:108320000C36002E74D03388002BF3D170E0E36953
:108330005A0608D540F6270120460022F4F33CF304
:108340000146204601E0204600214FF4C062F4F3CC
:10835000D3F10268B37802F07C02B3EB920F57D0EE
:108360003579F3782D061B0505F0706503F470036D
:1083700000214FF07F622B432046E6F796FA73798F
:1083800002211B052D4A43F400332046E6F78DFAFF
:10839000B3686FF07F42032113402046E6F785FA69
:1083A00063692046222B0ADDE3695B0607D540F6A8
:1083B00027010022F4F300F30146204600E00021EB
:1083C0004FF4C062F4F398F102684FF68373358876
:1083D0001340B2787F35ED119200013D02F07C022E
:1083E00042EA05451D4363692046222B0ADDE36905
:1083F0005E0607D540F627010022F4F3DDF20146C0
:10840000204600E000214FF4C062F4F375F10560EE
:10841000012620464146F4F319F7304605B0BDE881
:10842000F08300BFEC950200745301008C510100F1
:108430000C52010006970200A39502000000FE1FE7
:1084400080530100F85301002DE9F04399468BB0A9
:108450000023079308930993036A476A042BCCBF50
:1084600007F4781707F4F01704460D4690467F0C82
:1084700000260CE0102103A8334A3346EAF3C8F083
:10848000002003A9EAF3FAF620B90136F6B2BE429B
:10849000F0D34EE008AB009309AB01932046294688
:1084A000424607ABE6F7C0FB012329464A46204671
:1084B000FFF790FE20462946FFF792FD236A012B25
:1084C0002CDD63692046222B0ADDE3695E0607D5B1
:1084D00040F627010022F4F36FF20146204600E047
:1084E00000214FF4C062F4F307F163690646222BC2
:1084F00020460ADDE369590607D540F62701002228
:10850000F4F35AF20146204600E000214FF4C06225
:10851000F4F3F2F0036843F480633360089B204671
:108520000093099B294601934246079BE6F7D4F83E
:1085300007E0204629464A460023FFF74BFE002865
:10854000A8D10BB0BDE8F083D59502002DE9F04F1E
:10855000002587B004460E4604950595F4F3C6F051
:10856000294683462046F4F371F6A14982462846FF
:10857000EAF384F648B1012384F8603329462A4699
:10858000EAF318F4C4F85C0301E084F86003002007
:108590009849EAF373F648B10123002184F868335F
:1085A0000A46EAF307F4C4F8640301E084F86803B8
:1085B0002046F3F3F5F7904B676A98428F4B94BFD0
:1085C00020252125A3F1080898BF984607F4F857FD
:1085D0003F0A08EBC50863692046222B0ADDE369E0
:1085E0005A0607D540F627010022F4F3E5F10146CB
:1085F000204600E000214FF4C462F4F37DF018F847
:10860000083C013D036063692046222B0ADDE369D3
:108610005B0607D540F627010022F4F3CDF10146B1
:10862000204600E000214FF4C562F4F365F058F8ED
:10863000043CA8F108080360002DCCD147E00821D4
:1086400002A86F4A2B46E9F3E3F7002002A9EAF3F8
:1086500015F600283AD000210A46EAF3ABF3236A64
:1086600080460C2B07DDB0F5803F04D2C3B24FEA41
:10867000102843EA084863692046222B0ADDE36993
:10868000590607D540F627010022F4F395F101467B
:10869000204600E000214FF4C462F4F32DF00560A1
:1086A00063692046222B0ADDE3695A0607D540F6A6
:1086B00027010022F4F380F10146204600E000216A
:1086C0004FF4C562F4F318F0C0F800800135BD42E4
:1086D000B5D1204631464B4A1F23FFF759FA0025F2
:1086E0003EE00821484A2B4602A8E9F391F7002012
:1086F00002A9EAF3C3F58146002830D06369204619
:10870000222B0ADDE3695B0607D540F6270100222C
:10871000F4F352F10146204600E000214FF4C46218
:10872000F3F3EAF7056063692046222B0ADDE3696B
:10873000590607D540F627010022F4F33DF1014622
:10874000204600E0002140F22462F3F3D5F7002137
:1087500080460A464846EAF32DF3C8F80000013582
:10876000BD42BED1204604A905AAE5F70FFF049F2C
:1087700052463B463146002520460095E5F752FE1D
:10878000384304902046F4F347F4059A049B002AEA
:108790003CD01A4363690592222B20460ADDE36927
:1087A0005A0607D540F627012A46F4F305F101469B
:1087B000204600E0002140F21C62F3F39DF763695C
:1087C0000546222B20460ADDE3695B0607D540F605
:1087D00027010022F4F3F0F00146204600E00021DA
:1087E00040F21C62F3F388F7059B02683AE000BF91
:1087F000C595020000970200BFAD3A020096020044
:10880000E79502001C970200E2950200002B2BD096
:1088100063692046222B09DDE369590606D540F637
:108820002701F4F3C9F00146204600E0002140F2A0
:108830001C62F3F361F763690546222B20460ADDCB
:10884000E3695A0607D540F627010022F4F3B4F095
:108850000146204600E0002140F21C62F3F34CF791
:10886000049B026813432B60049BABB163692046F1
:10887000222B0ADDE3695B0607D540F627010022BB
:10888000F4F39AF00146204600E000214FF4C36261
:10889000F3F332F7049B0360059BABB16369204699
:1088A000222B0ADDE369590607D540F6270100228D
:1088B000F4F382F00146204600E0002140F21C6201
:1088C000F3F31AF7059B0360314652462046E6F75C
:1088D0007EF94FF4FA60EEF339F320465946F4F38B
:1088E000B5F407B0BDE8F08FF8B5044615460E465E
:1088F000F3F3FCF6002107462046F4F3A7F43146D3
:1089000002462B462046FFF79FFD204631462A4669
:10891000E5F7D8FD20463946BDE8F840F4F396B4B3
:1089200038B5036A0446012B2DD14369222B0ADD99
:10893000C3695A0607D540F627010022F4F33CF03C
:108940000146204601E0204600214FF4C062F3F3C7
:10895000D3F663690546222B20460ADDE3695B06F0
:1089600007D540F627010022F4F326F00146204601
:1089700000E000214FF4C062F3F3BEF6036823F475
:1089800000732B6038BD2CDD4369222B0ADDC369DF
:10899000590607D540F627010022F4F30DF00146F1
:1089A000204601E0204600214FF4C062F3F3A4F614
:1089B00063690546222B20460ADDE3695A0607D57E
:1089C00040F627010022F3F3F7F70146204600E0C6
:1089D00000214FF4C062F3F38FF6036843F4007391
:1089E0002B6038BD70470120704738B505460C46EE
:1089F000FFF79CFB284621460022FFF7F3FF28469D
:108A00002146BDE83840FFF781B9000038B504467B
:108A10000D4600203149EAF331F440B100210A4605
:108A2000EAF3C8F12946C3B20122204603E02046FA
:108A3000294601220523E5F78BFF00202849EAF3A8
:108A40001DF448B100210A46EAF3B4F12946C3B245
:108A500009222046E5F77CFF00202249EAF30EF4C4
:108A600048B100210A46EAF3A5F12946C3B205221E
:108A70002046E5F76DFF00201B49EAF3FFF348B1FC
:108A800000210A46EAF396F12946C3B2062220469F
:108A9000E5F75EFF002120464FF478624FF438631B
:108AA000E5F7CDFE002120464FF460424FF420430D
:108AB000E5F7C5FE4FF4C022002113462046E5F736
:108AC000BEFE0122002120461346E5F7B8FE2046EF
:108AD0002946BDE83840FFF7D5BA00BF129702001B
:108AE000DB95020012990200CA95020038B5036AAC
:108AF0000446092B69DD4369222B0ADDC3695B0645
:108B000007D540F627010022F3F356F70146204629
:108B100001E0204600214FF4C062F3F3EDF5026856
:108B200012F0010253D163692046222B09DDE3696B
:108B30005D0606D540F62701F3F33EF701462046D1
:108B400000E0002140F26C62F3F3D6F54FF00043F1
:108B500003604FF47A70EEF3F9F163692046222B3B
:108B60000ADDE369590607D540F627010022F3F331
:108B700023F70146204600E0002140F26C62F3F347
:108B8000BBF505686369ED04ED0C222B20460ADD78
:108B9000E3695A0607D540F627010022F3F30CF7E4
:108BA0000146204600E0002140F26C62F3F3A4F598
:108BB0006D030023036005F54245064805F5A875D9
:108BC000B5FBF0F56420684338BD002038BD0020B7
:108BD00038BD00BFA086010038B500210546102031
:108BE000E3F7A0FF002104461022E9F3ABF465602F
:108BF000204638BD08B1E4F71DB8704710B50446EB
:108C0000E4F706F96060E0602068E7F716FA636849
:108C1000A0F50060206118180123A060237610BD24
:108C200038B50546F4F3CAF11C20EEF3A1F4084C64
:108C300000211C222060E9F385F420680560FFF71D
:108C4000DDFF044922682846BDE83840E6F726BC27
:108C500090040000D93F00002DE9F84F0C46F4F3D2
:108C6000ADF141F20100E568EEF382F400287CD01A
:108C700000F1010C064620E001321970D2B24346E1
:108C800039783D460137C1B13D2903F10108F3D1DF
:108C9000327029464646002203E001323770D2B2D4
:108CA000664611F8017FC3EB0508B04406F1010CDC
:108CB000002FF2D11A7008F10105E768A368FB18CC
:108CC0009D4205D22B781BB12F4663460022D7E781
:108CD00025460123E2688346BA1A2A823BE05946B8
:108CE00011F8012B9A4202D14FF0000C0AE0102B30
:108CF0002AD10F2AF8DC27E01BF8018F07F80C8037
:108D00000CF1010C6245F7D101EB0208895C07EB1D
:108D1000020C4FF03D0907F8029008F1010B0CF12D
:108D2000010701F10109002203E018F802A00CF884
:108D300002A001324A45F8D17A184FF0000C07F82A
:108D400001C08B44571C06E011F802B001EB020C85
:108D50000BF1010BE344B345C1D301330235112BB1
:108D6000B8D1BDE8F84FEEF315B4BDE8F88F0000B8
:108D7000F8B50E4617460446F4F320F13020EEF322
:108D8000F7F3054668B1C660074E30234360336889
:108D90008760036029462046FFF75EFF35600020AC
:108DA000F8BD6FF01A00F8BD9404000008B5064B3A
:108DB0001B683BB9054B196821B1054B1A680AB10C
:108DC000FFF7D6FF002008BD94040000985C010066
:108DD0009C5C0100F8B5104B07461C681E46BCB1F0
:108DE000E3689BB10D4D2A689A420FD1F4F3E6F087
:108DF000E068EEF3CFF300232B6007E038462568E8
:108E0000F4F3DCF02046EEF3C5F32C46002CF5D14C
:108E100000233360F8BD00BF940400008893020073
:108E200073B5856E04466DB1D0F8CC3000EB83038A
:108E3000D3F8D420036E9A4203D1406EA84705466A
:108E400000E000252046F3F351F4002302A941F885
:108E5000083D06466946204601AA0DF0C1FE9DE880
:108E600006004FF4FF20E9F3E9F220463146F4F31F
:108E7000EDF1E36E5BB1D4F8CC2004EB8202D2F8C2
:108E8000D410226E914202D1606E294698477CBD73
:108E9000F8B50446F0F3BAF000284FD0A56E6DB1D6
:108EA000D4F8CC3004EB8303D3F8D420236E9A4259
:108EB00003D1606EA847054600E000252046F3F385
:108EC00015F4002107462046F4F3C0F101210646BF
:108ED00000222046F0F3BAF04FF480110A462046F3
:108EE000F0F396F040210A462046F0F3A5F04FF04B
:108EF00080710A462046F0F38BF02046FFF790FF82
:108F00000F4B0121C6F804354FF4FC73C6F8083541
:108F10000A462046F0F39AF020463946F4F396F1DB
:108F2000E36E5BB1D4F8CC2004EB8202D2F8D4100B
:108F3000226E914202D1606E29469847F8BD00BF6B
:108F4000F200394001207047C36B44F2583293421B
:108F50000DD004D844F25632934218D112E04AF6AA
:108F60002E22934208D04AF62F2293420FD1C0F806
:108F700084334AF6322303E0C0F884334AF63123BF
:108F8000C3637047C0F8843344F25433C3637047FB
:108F900038B541F2E443044603630D4629B108465F
:108FA0000F49EAF347F1A06240B928460D49EAF3B8
:108FB00041F1A06210B94FF6FF73A3620A49284637
:108FC000EAF338F10949E0622846EAF333F1084947
:108FD00060632846EAF32EF184F8550038BD00BFDF
:108FE0002D9902002399020064990200439902001E
:108FF0004E9902007047000030B585B00190002402
:1090000004A840F8044D01A90422E9F317F2019DD8
:10901000B5B12B46D3F88C2012B10022C3F88C20B6
:1090200001340433102CF5D10398FEF797F9039817
:10903000FFF7D0FE034B9D4202D02846EEF3AAF282
:1090400005B030BDE46101000367D0F8CC3010B545
:1090500000EB8303029CD3F8D43044668166C26679
:10906000036610BD00238366C3660367704780698B
:10907000C0F3C06070472DE9F84304461E46089DC2
:10908000099FFAF761FC00212046F4F3DFF08046E7
:109090002046F3F333F30A28C8BFD8F82C306061B8
:1090A000C8BFA3642228D8F80430C8BFD8F8AC20C1
:1090B000A361C8BFE261DA001CD5222814DDE36990
:1090C0005B0611D50022204640F62701F3F374F425
:1090D00001462046F4F3BAF0D0F80436002163626A
:1090E0002046F4F3B3F002E0D8F80436636294F853
:1090F000243023624FF4E063A3604FF0FF33E3605A
:1091000011232361A1464FF0000817E04146F4F314
:109110009DF02046F3F3E2F22046F3F3EFF21EB1A6
:10912000D9F814319E4203D0D9F88C309F4201D136
:10913000C5F8008008F1010809F10409D4F8D0301D
:1091400020469845E2D32968F4F380F00120BDE879
:10915000F883F7B5002213460D4601210446E5F7D2
:1091600038FB0021282207460B4620460091F3F3E6
:10917000C1F20646280709D0204601210622F3F352
:1091800067F6204602210622F3F362F615F0F00F8F
:1091900004D0204600210222F3F35AF615F4706F32
:1091A0000ED0204600210122F3F352F601210A4697
:1091B0002046F3F34DF6204602210122F3F348F650
:1091C00001213B4620464FF0FF32E5F702FB2046E7
:1091D000002128224FF0FF330096F3F38BF2FEBDFF
:1091E0000020EAF327B0000010B50C490446FFF751
:1091F000F7FF80B288B9D4F880000849EAF31AF082
:1092000080B250B9D4F880000549EAF313F04FF664
:10921000FF7380B2002808BF184610BD6D99020088
:109220007B990200436907B50A2B09DD003118BF9D
:1092300001210091242200210123F3F35BF201E0DC
:109240004FF0FF300EBD07B50021F8220B4600910C
:10925000F3F350F200F00F000EBD00002DE9FF47C0
:10926000DDF830809246DDF834900F464FF463729B
:10927000002104461E460E9DB8F1010F08BF4FF0B5
:109280000008E9F35FF111232361C4F88860C4F892
:109290005C90C4F858A0C4F80480B8F1000F40F006
:1092A000C580204641463A464B46FFF74BFE002814
:1092B00000F0C0804FF0C0531A68130F02F4702101
:1092C000236093B202F47002120D626444F25832C9
:1092D000090C9342E36321640AD004D844F2563265
:1092E000934208D104E0A3F52A432E3B012B02D878
:1092F0002046FFF729FE636C20460E3B012B8CBFF6
:109300000023012384F84C304FF0C0513A46FAF75D
:1093100093F9D4F8D030002B00F08A80002704ABFA
:1093200043F8047D8DE8480020464FF0C0513A468E
:109330003B46FFF7A0FE00287CD02046FFF736FD15
:109340000F9B00950193204639463246A36DFDF7E9
:10935000F3FF002870D105B12D683A4E204629460A
:10936000FFF716FE3278002A42D16369132B19DD0C
:109370004FF400612046F3F35BF733490746284674
:10938000E9F37CF738B128462F49E9F353F7B0F1F8
:10939000FF3F08BF00200023BB650399F865204606
:1093A000F3F354F72046A16DFFF7BAFA2046A16DFA
:1093B000FFF71BFB28462549E9F33CF7024620B995
:1093C0002046A16DFFF792FB0246C4F88823A16DE9
:1093D0002046FFF789FA2046FFF75AFD2046A16D87
:1093E000FFF7B4F82046A16DFFF710FB012333709F
:1093F0002046F3F3E1F528461549E9F33FF738B184
:1094000013492846E9F316F701462046FFF7A1FE67
:1094100028461049E9F332F778B128460D49E9F3B7
:1094200009F701462046FFF7E5FD06E0002404E0C9
:109430001C4602E0044600E03C46204604B0BDE87D
:10944000F08700BFE06101003E9902005B990200D5
:1094500073990200349902001FB50F4C024623781D
:10946000BBB910B90346014601E00C4B191D0020A1
:109470000090019002930391094844F210714FF05B
:10948000C053FFF7EBFE28B1064B20221A600123E0
:109490002370034804B010BD7065010064620100D0
:1094A000E4610100A00400002DE9FF4707464FF4E6
:1094B0006370884691469A460D9E0E9DEEF358F0D5
:1094C0000446C8B10C9B3946019342464B46CDF841
:1094D00000A002960395FFF7C1FE074620B920467B
:1094E000EEF358F03C4607E006B13668C4F88060F9
:1094F00005B12D68C4F88450204604B0BDE8F0875B
:1095000070B5064686B04FF4BC70EEF331F00446F9
:10951000E8B100214FF4BC72E9F314F00D4B266062
:1095200000930D4B0025019330680C490C4A2346EB
:10953000029503950495059500F0D8FE30B94FF4D7
:109540009663C4F8603184F8640100E02C4620463C
:1095500006B070BDA53881005D3D8100D8D288007D
:109560003CC5890010B5044650B103680549186828
:10957000224600F060FE2046BDE81040EEF30AB03F
:1095800010BD00BF3CC589002DE9F041054686B0FD
:109590008020EDF3EDF70446002844D0002180221E
:1095A000E8F3D0F704236360B4232560A381A046C9
:1095B000C5F85847274600260EE01C2202FB06424B
:1095C0003C61A8681B4910320023FAF36DF338623E
:1095D0001C3700282BD0013663689E42EDDB164B0A
:1095E0001649009300230193029303930493059378
:1095F0002868134A234600F079FEC0B913E0D8F872
:10960000201031B123689868FAF336F30023C8F8C4
:109610002030013508F11C0863689D42EFDB2046CD
:10962000EDF3B8F70024204606B0BDE8F081002530
:10963000F2E700BF49488100A94681007CD3880039
:109640007F3F890070B5044600281ED003680F498B
:109650001868224600F0EFFD254600260DE0296A35
:1096600029B123689868FAF307F300232B62E869AD
:1096700008B1EDF38FF701361C3563689E42EEDBCF
:109680002046BDE87040EDF385B770BD7F3F89008F
:1096900010B50446C06F08B1FFF764FFD4F884002A
:1096A00008B107F0C1FED4F8800008B1FFF7CAFF87
:1096B000D4F8B00008B100F013F9A06808B101F0C7
:1096C000E3F92046BDE81040EDF364B72DE9F04F13
:1096D00007468DB0B8208A4690461D46179EEDF38A
:1096E00047F70446002800F0A0804FF0000B00214F
:1096F000B822E8F327F7266084F88CB03846FFF7E5
:109700006BFA0BABC4F8A8B02A46019006938146C9
:1097100041F2E44120463346CDF800B0CDF808A030
:10972000CDF80C800494CDF814B001F05DFA054634
:10973000002875D0A06010F06FDA2B691021E3606B
:109740003C4B6060A3643C4A3346276164643846FE
:10975000E8F35EF72B69D86FF2F356F749F69813E2
:1097600098422B69D86F06D8F2F34EF708210346CA
:10977000324A09A805E0F2F347F7314A03460821C7
:1097800009A8E8F345F7314609AA2E4B2E48E8F31D
:10979000FFF63246002016992C4B8DE88001F8F731
:1097A000A9FB064600283BD16368012783F878703F
:1097B00008210A46286930F0D5DA36213A46D5F82C
:1097C0009802EFF730FD2846FFF7DEFEC4F8800070
:1097D00030B3284607F0F6FDC4F8840000B32846ED
:1097E000FFF78EFEE067D8B16368194983F8E0702F
:1097F000184B02968DE84800039604960596286853
:10980000154A234600F072FD50B9284600F032F8A0
:10981000C4F8B00020B111482146EDF3A9F120B100
:1098200020464946FFF734FF002420460DB0BDE82E
:10983000F08F00BFBD888100DB550100E0550100BD
:109840004D4989004039010081990200FD8D810058
:109850002CD58800198A810058FB8900F589810080
:1098600001207047024B01221A70E3F763BA00BF70
:10987000FC03000070B5064686B02020EDF37EF6AE
:109880000446F0B100212022E8F35CF64FF4E153E6
:10989000E3804B2323810A2363810E4B266000253E
:1098A000009330680C490D4A2346019502950395B3
:1098B0000495059500F01AFD30B93368012283F84C
:1098C0006321204606B070BD2046EDF363F62C46BA
:1098D000F7E700BF7D9A81008CD58800C04B8900D6
:1098E00010B5044678B1FBF309F3236822461868E3
:1098F000054900F0A0FC2046EDF34CF62368002259
:109900001B6883F8632110BDC04B89000368D3F83E
:10991000D42041F26B03116B99420BD1936AEF2B68
:1099200028D001D8D62B04E0F52B23D040F20F111C
:109930008B421FD0936A40F2C65293421AD040F233
:109940007452934216D0036A7F2210E0482283F8B3
:10995000FD2006E002F0C002921102EB810183F8C3
:10996000FD10036A93F9FD20142A0BDC482283F8CA
:10997000FD207047036A93F8FD104AB2B2F1FF3F31
:10998000E8D1E3E77047D0F8E81110B5044629B1F3
:109990008068FAF371F10023C4F8E831D4F80012BA
:1099A00029B1A068FAF368F10023C4F80032D4F8B2
:1099B0008434D3F8301139B1A068FAF35DF1D4F8EA
:1099C00084340022C3F83021D4F8501329B1A068A0
:1099D000FAF352F10023C4F85033D4F8541529B1E6
:1099E000A068FAF349F10023C4F85435D4F8F4150B
:1099F00029B1A068FAF340F10023C4F8F435D4F893
:109A0000C41729B1A068FAF337F10023C4F8C437AA
:109A100010BD10B50446006807F0D8F8D4F88006E9
:109A200020B106F021F80023C4F88036D4F87C0673
:109A300020B106F049FA0023C4F87C36D4F89C0122
:109A400020B108F089FE0023C4F89C31D4F88C01C1
:109A500020B101F025FE0023C4F88C31D4F8400178
:109A600020B102F069FF0023C4F84031D4F854015A
:109A700020B1FEF3FFF30023C4F85431D4F83001D1
:109A800020B102F019FC0023C4F83031D4F83401BD
:109A900020B102F0C1F90023C4F83431D4F8380100
:109AA00020B102F01BFB0023C4F83831204602F03D
:109AB000D5FAD4F84C0120B106F0BAFA0023C4F864
:109AC0004C31D4F8480120B108F078FD0023C4F8E7
:109AD0004831D4F8440120B106F032F90023C4F82B
:109AE0004431D4F85C0120B108F016FA0023C4F820
:109AF0005C31D4F82C3113B10023C4F82C31D4F8E4
:109B0000600120B104F0B4F90023C4F860312046AC
:109B100008F0AAFA204605F09FFFD4F8500120B1C2
:109B200005F0FAFF0023C4F85031D4F8700120B1D9
:109B300001F09EFC0023C4F87031D4F8780120B104
:109B400004F0A8FC0023C4F87831D4F87C0120B1DB
:109B500007F06CFE0023C4F87C31D4F8740120B106
:109B600008F072FD0023C4F87431D4F8840120B1E8
:109B700001F01CFC0023C4F88431D4F8880120B122
:109B800004F0E2FB0023C4F88831D4F8780420B153
:109B900007F0F4FC0023C4F87834D4F87C0420B136
:109BA00007F02EFD0023C4F87C34D4F8800420B1E3
:109BB00007F0C0FD0023C4F88034D4F8940120B12C
:109BC00008F0A2FE0023C4F89431D4F8640820B150
:109BD00008F0F6FE0023C4F86438D4F8F80620B183
:109BE00008F040F90023C4F8F836D4F89C0620B1F8
:109BF00004F0E2FE0023C4F89C36D4F8A00620B19D
:109C000001F060FD0023C4F8A036D4F8CC0620B1E2
:109C100004F0BAFE0023C4F8CC36D4F8D40620B140
:109C200004F0F4FC0023C4F8D436D4F8D00620B1F4
:109C300008F084FA0023C4F8D036D4F8600820B1C4
:109C400007F0D6FE0023C4F86038D4F8DC0620B153
:109C500007F0FEFB0023C4F8DC36D4F8BC0608B1DC
:109C600005F081FDD4F8C00608B105F07CFDD4F8FC
:109C7000A00120B103F0F8FE0023C4F8A031D4F80D
:109C8000F00620B106F0C2F90023C4F8F036D4F88B
:109C9000300720B1EDF37EF40023C4F83037D4F858
:109CA000A40620B105F03AFD0023C4F8A436D4F888
:109CB000940620B104F070FF0023C4F89436D4F861
:109CC000240120B108F06CF80023C4F82431D4F842
:109CD000280120B103F0A6FD0023C4F82831D4F8F0
:109CE000880420B106F0A8FA0023C4F88834D4F818
:109CF000E80520B104F0D2FD0023C4F8E835D4F81B
:109D0000380620B1F9F7CEFF0023C4F838362046D4
:109D1000BDE8104004F0D4BB70B5D0F884340568B9
:109D200001220446A3F89020D5F8D8003C49E9F375
:109D3000A5F240B1D5F8D8003949D4F88464E9F3E4
:109D400079F2A6F89000D4F884346422A3F84A206B
:109D5000D5F8D8003349E9F391F240B1D5F8D800ED
:109D60003049D4F88464E9F365F2A6F84A00D4F8DF
:109D700084346422A3F84C20D5F8D8002A49E9F3AA
:109D80007DF240B1D5F8D8002749D4F88464E9F3CE
:109D900051F2A6F84C00D4F884346422A3F892203F
:109DA000D5F8D8002149E9F369F240B1D5F8D800D7
:109DB0001E49D4F88464E9F33DF2A6F89200D4F881
:109DC00084340122A3F89620D5F8D8001849E9F385
:109DD00055F240B1D5F8D8001549D4F88464E9F3B8
:109DE00029F2A6F89600D4F884340422A3F89E2021
:109DF000D5F8D8000F49E9F341F240B1D5F8D800C1
:109E00000C49D4F88464E9F315F2A6F89E00D4F85E
:109E100084346422A3F894200122A3F8982070BD12
:109E2000079A0200239A0200E3990200749B020041
:109E3000CD990200B5990200F7B5036A044693F97B
:109E4000FC00421C2CD0236893F87C200A2A02D8FC
:109E5000FEF308F225E0D3F8D85014492846E9F378
:109E6000E9F113498DF804002846E9F3E3F11149BB
:109E70008DF805002846E9F3DDF100258DF8060090
:109E80002E4601AF7857FEF3EDF176B2E855013575
:109E9000B042A8BF0646032DF6B2F2D1304600E02C
:109EA0000820236A83F8FC00FEBD00BFF59902007C
:109EB000FB990200019A02000368D0F8842470B56F
:109EC000D3F8D8500323D371D0F8842404461372F6
:109ED000D0F88424444982F8AD30D0F88424284650
:109EE00082F8AE30E9F3A6F140B220B928463F49E6
:109EF000E9F3A0F140B2431E0E2B0CD80128D4F890
:109F0000842401D1002302E0022804D10123D3716B
:109F1000D4F884241372D4F8843493F81C210AB141
:109F20000322DA7132492846266AE9F383F186F87A
:109F3000FC002046FFF780FF2E492846266AE9F3F9
:109F400079F186F8FD002046FFF7E0FC236A93F8DC
:109F5000FD2083F8FE20216841F26B02D1F8D43055
:109F6000186B904229D1226A92F9FC00082824DC5F
:109F70009B6AD12B12D0E92B10D0902B0ED08B2BBB
:109F80000CD08D2B01D10D2315E0932B0AD1B1F804
:109F90007A301B051B0DB3F5826F01DC18230AE034
:109FA0001B2308E08E2B01D1102304E0D62B01D017
:109FB000E42B02D1172382F8FC30236840F274525C
:109FC000D3F8D4309B6A934203D040F2C6529342F6
:109FD00007D1236A93F9FC20082A02DC172283F8B0
:109FE000FC20012070BD00BF579A02001F9A02009A
:109FF000959B0200519A020010B504461C498068E6
:10A0000022460023F9F350F6C4F8E80170B3A068C3
:10A01000184922460023F9F347F6C4F8000228B392
:10A02000A068154922460023F9F33EF6C4F8500310
:10A03000E0B1A068114922460023F9F335F6C4F8CF
:10A04000540598B1A0680E4922460023F9F32CF676
:10A05000C4F8F40550B10023A0680A492246F9F378
:10A0600023F6C4F8C407003018BF012010BD00BF9C
:10A07000713D82005D01820075EF81001DFD810050
:10A08000CD378200A5CF810070B5FF2204460123A1
:10A0900084F8732484F8DB2241F20101D4F884248B
:10A0A00000260376A4F858146420032184F84005A0
:10A0B00084F8763484F87264D171D4F8842440F63C
:10A0C0002A151172A4F85A54A4F85C54A4F85E54EA
:10A0D000A4F86054A4F86254A4F86454A4F8665434
:10A0E000A4F86E1440F62B150221A4F86854A4F8C5
:10A0F000701407250421A4F86A54A4F86C14A4F879
:10A100002E06A4F8686384F82062A4F82C6684F80C
:10A11000346284F8236284F8216284F8F26484F85B
:10A12000B06284F8276521684FF0FF3081F8533022
:10A1300048632168204681F84130216881F8423027
:10A14000216881F8D160216881F84360216884F832
:10A150000E6284F80F62C4F8506681F8943021686A
:10A1600081F8F530216881F8F430216881F89D305C
:10A17000216881F83431216881F86931216881F8DA
:10A180002861216881F86161216881F86A6122682B
:10A19000966684F8643384F8653392F84F10890723
:10A1A00018BF82F8523003230125002284F8DC31E5
:10A1B00084F8E4314FF44873A4F8343584F85065DA
:10A1C000A4F84E2584F8DC5505F096DD052384F8C7
:10A1D0002036236884F8206184F8585683F811519A
:10A1E00023684FF0FF31A4F87017A4F8541884F8CE
:10A1F000736784F8A15784F8B05783F842512368F5
:10A2000083F84351236883F85C61236883F86451C1
:10A21000236883F86651236883F86B51236883F8B9
:10A220006751236883F86851236883F83B6123688A
:10A23000C3F83C6170BD2DE9F0470F4692460028F7
:10A2400034D00468002C35D04FF00008C14628E017
:10A25000D4F8C40239464044E8F300F2E8B9D4F82F
:10A26000C8324FEA890653F82930534515D1D4F83E
:10A27000C43243445D6B013D5D63EDB91846294628
:10A280003822E8F35FF1D4F8C80229468019042285
:10A29000E8F358F12846BDE8F08709F1010908F113
:10A2A0003808236893F8B4309945D1DB6FF01D006E
:10A2B000BDE8F0876FF01D00BDE8F087F8B5002518
:10A2C0000F4606682C4608E0D6F8C4023946401905
:10A2D000E8F3C4F1383538B10134336893F8B43059
:10A2E0009C42F1DB6FF01D042046F8BD2DE9F047DC
:10A2F0008A461146984691460468FFF7DFFF031E21
:10A3000005DA2368002693F8B42035463BE0D4F8FC
:10A31000C822382042F82380D4F8C42200FB03204E
:10A32000436B013343630020BDE8F087D4F8C432A7
:10A3300006F138019F5D98191FBB49461F22E8F3BB
:10A34000D9F1D4F8C4320C999E19089BC6F820A004
:10A35000B362099B384673620A9BF3620B9B3363BB
:10A36000D4F8183743F8351003EBC5020D9B536042
:10A37000736B01337363D4F8C83243F82580BDE8AA
:10A38000F08701350E469542D0DB6FF01500BDE831
:10A39000F0872DE9F04107680C4615469846D7F836
:10A3A000CC02002604E003689C420BD006460069FC
:10A3B0000028F8D111E0002303610EB1306101E003
:10A3C000C7F8CC02069B80E83001C3600020BDE8DE
:10A3D000F0816FF01500BDE8F0811420EDF3C8F0B6
:10A3E0000028E8D1F5E7000013B5002304460093E8
:10A3F00021460068194AFFF7CCFF014658BBD4F844
:10A4000088040322164B05F07FFF014618BBD4F8E1
:10A4100088040222134B05F077FF0146D8B9D4F81F
:10A4200088040522104B05F06FFF014698B9D4F857
:10A43000880406220D4B05F067FF014658B9D4F891
:10A44000880408220A4B05F05FFF002814BF4FF074
:10A45000FF30002001E04FF0FF301CBDC9A3810098
:10A460002DCC8100B12C8200F92E8200FD4E00001F
:10A4700029FD8100026810B5D2F8CC0200230EE05D
:10A480000468A14209D101690BB1196101E0C2F868
:10A49000CC12EDF37FF0002010BD034600690028C8
:10A4A000EED16FF01D0010BD41F2E443984208D197
:10A4B0000023064A9A5A8A4205D00233B3F58C7FAC
:10A4C000F7D1002070470120704700BF5C9A02005E
:10A4D0002DE9F043D0F854530021C82287B0044638
:10A4E0002846E8F32FF06423EB85032385F86030DA
:10A4F00000220123D4F858014FF4805139F042D89A
:10A50000FF28074605D1236A186919684DF094D9C8
:10A510000746236A6F860021A4F85674204607F484
:10A520006057B3F808801E680CF008DBB7F5205FB1
:10A5300005F1380908D0B7F5C05F07D0B7F5805FDF
:10A5400014BF0A27142702E0A02700E028270021D3
:10A55000FF238DE80A00D4F88434029003971B7916
:10A5600042460493484633465BF07ADA236893F810
:10A570004F309A0703D0EB8843F02003EB8007B0FD
:10A58000BDE8F08382B010B514246143D0F8D44202
:10A5900003936350059B60184360069B02618360D0
:10A5A000049BC360BDE8104002B0704730B503683B
:10A5B0000446DB6985B09A6D4068D4F83C16DB6DC3
:10A5C000F9F738FBC4F83806002800F0DE81204691
:10A5D00004F068F9C4F8E805002800F0D9812046A5
:10A5E00005F04AFEC4F88804002800F0D481204613
:10A5F00003F048F9C4F82801002800F0CF81204674
:10A6000007F098FBC4F82401002800F0CA81204616
:10A6100004F0D6FCC4F89406002800F0D18120464E
:10A6200005F08EF8C4F8A406002800F0CC8120467E
:10A6300004F0F2FE002840F0C981204604F04EFFED
:10A64000002840F0C381204604F076FF002840F047
:10A65000BD81204604F0D4FF002840F0B781204699
:10A6600005F00AF8002840F0B181204605F020F8F6
:10A670000546002840F0AA810321D4F8A4060A4622
:10A6800005F054F9C4F8BC06002800F0A281D4F803
:10A69000A40602212A4605F049F9C4F8C00600289C
:10A6A00000F09A812946C04AC04B2046009501948B
:10A6B00007F084FBBE4B1A1D07CA1B688DE8070014
:10A6C000082122462046FFF75DFF206806F062FA67
:10A6D000204606F065FFC4F87804002800F07F816A
:10A6E000204606F0A7FFC4F87C04002800F079811A
:10A6F000204607F035F8C4F88004002800F0738184
:10A70000204601F063FEC4F81805002800F06D81B2
:10A71000A84B2046C4F8543101F0E8FDC4F83001DC
:10A72000002800F06481204601F0A0FBC4F8340149
:10A73000002800F05E81204601F000FDC4F83801D9
:10A74000002800F05881204601F092FC002840F0DB
:10A750005581204607F092FBC4F85C01002800F008
:10A760005081204607F06CF9C4F86008002800F01A
:10A770004A8120682146A2688F4B03F0CBFEC4F8C3
:10A780009802002800F04181204603F0BBFBC4F88A
:10A790006001002800F03B81884B2046C4F82C3132
:10A7A00005F000FBC4F84401002800F03281204687
:10A7B00007F01EFFC4F84801002800F02C81204655
:10A7C00005F074FCC4F84C01002800F027812046F5
:10A7D00002F0D6F8C4F84001002800F02181236877
:10A7E000012283F8A120204604F0EAF8C4F89C0670
:10A7F000002800F01781204607F09EFB002840F05B
:10A800001381204605F0E4F9C4F85001002800F057
:10A810000D81204605F004F9002840F0098120460A
:10A8200000F03CFEC4F87001002800F003812046CF
:10A8300003F09AFDC4F87801002800F0FD8020465E
:10A8400007F010F8C4F87C01002800F0F8802046DA
:10A8500007F010FFC4F87401002800F0F3802046D0
:10A8600000F0BAFDC4F88401002800F0ED80204615
:10A8700003F034FDC4F88801002800F0E78020468A
:10A8800007F0BEFFC4F89401002800F0E1802046E4
:10A8900000F06AFEC4F88C01002800F0DB8020463E
:10A8A00007F070FFC4F89C01002800F0D580204616
:10A8B00069F094DE60B1204608F036F8C4F8640808
:10A8C000002800F0C9802368012283F8322102E0C9
:10A8D000236883F83201204607F08EFAC4F8F806A0
:10A8E000002800F0BB80204605F002FBC4F87C067F
:10A8F000002800F0B580204605F0C4F8C4F88006B2
:10A90000002800F0AF80204607F03EFCC4F8D006D7
:10A91000002800F0A9802368012283F8A3202046A4
:10A9200000F0E2FEC4F8A006002800F09F80204658
:10A9300003F0D4FFC4F8CC06002800F0998020462C
:10A9400003F08AFEC4F8D406002800F09380204665
:10A9500006F08EFDC4F8DC06002800F08D80236828
:10A9600093F869313BB1204603F09CF8C4F8A0018C
:10A97000002800F08380204605F022FBC4F8F00692
:10A9800000280CBF7620002079E04FF4967076E026
:10A9900040F22D1073E04FF4977070E040F22F10EA
:10A9A0006DE04FF498706AE019348200E53382005C
:10A9B000389A0200EFBEADDE41FF8100EFBEAD0D63
:10A9C00040F231105BE04FF4997058E040F24110D2
:10A9D00055E040F2471052E04FF4A4704FE02420BD
:10A9E0004DE025204BE0262049E02A2047E0312099
:10A9F00045E0322043E040F2F51040E04FF4FB70B8
:10AA00003DE035203BE0BD2039E0392037E03C20F7
:10AA100035E03E2033E040F26D2030E03F202EE074
:10AA200043202CE06A202AE0472028E0492026E045
:10AA3000482024E04A2022E040F2E5201FE040F2D6
:10AA4000E6201CE04B201AE05A2018E05B2016E0BC
:10AA50005E2014E05F2012E0632010E065200EE02D
:10AA600008480CE067200AE06C2008E06E2006E051
:10AA70006F2004E0702002E0722000E0732005B037
:10AA800030BD00BF50464D00F8B50446002800F028
:10AA9000A6800FF099D9D4F8F415D0F1010638BF8B
:10AAA000002621B1A068F9F37BF000B901362046F9
:10AAB000D4F82C1305F00CDF2046D4F8DC1405F094
:10AAC00007DF2046D4F8341305F002DFD4F8400342
:10AAD00008B1ECF35FF5D4F8980220B103F070FDF3
:10AAE0000023C4F89832276AB96911B1204661F091
:10AAF0009BD80025BD61D4F86432595911B1204664
:10AB000032F098DA0435202DF5D1D4F8580103F04D
:10AB1000B3FA2046FEF737FFD4F8180520B101F04C
:10AB200031FC0023C4F818352046FEF772FF20469A
:10AB300002F042FA23688619D3F8D41031B1606864
:10AB400002F035FA23680022C3F8D4202368D3F832
:10AB5000D80028B1ECF31EF523680022C3F8D820F2
:10AB6000D4F8D05204E02846EF68ECF313F53D46E4
:10AB7000002DF8D12146C4F8D0522068FFF77AFCA6
:10AB8000206818492246FFF756FBD4F8640118B133
:10AB900007F09EF8C4F86451D4F89C0220B1ECF39D
:10ABA000F9F40023C4F89C32D4F8F80448B1ECF36B
:10ABB000F1F40023C4F8F83403E02046616815F08E
:10ABC00037D8D4F89422002AF7D104F5C6600C30A7
:10ABD000F8F7B2FF2046616801F08AF800E0064607
:10ABE0003046F8BDDD5601002DE9F04F91B000244C
:10ABF00091461B9E9DF868200790DDF878B02046AE
:10AC0000099198460892DDF880A00C940D940E945A
:10AC1000E3F792FB484631461C9A1D9BCDF800B0E5
:10AC20000CF031F8054608B1012376E3FEF71AFE71
:10AC30000DAB01930EAB0293484631461C9A1D9B07
:10AC4000CDF800B002F0AEF9074618B901230C9315
:10AC5000044688E30D9848B1AA49E8F30FF328B1F8
:10AC600029462A46E8F3A6F01FFA80F91F9B3046D2
:10AC7000009341460CAA4B4601F06CF804460028AC
:10AC800000F0898305680E9A46600D9BC5F8DC20AC
:10AC9000D0F88424FF21C5F8D470C5F8D83082F8E4
:10ACA0006010426A0023C261079A0D938260964A3F
:10ACB000C5F80C80C5F8A4206E610E93012280F8BF
:10ACC0004226D0F8E022C0F8A4B163F31722C0F8FE
:10ACD000E022089A414685F8212080F8CF310323ED
:10ACE00080F84135FFF7D0F9236804F5C662DB69C7
:10ACF0006068196E0C32F8F7E2FE0746002840F053
:10AD000032832046394605F007D820460799324657
:10AD1000434606F045FFC4F8640108B90F23FCE27E
:10AD20007A4B28468DE88800794B7A4904937A4B10
:10AD30007A4A0593234602970397FFF7D7FA08B19B
:10AD40001023EAE2089B1C9A8DE848001D9B0292A2
:10AD50000393204609994A464346CDF810B002F0C5
:10AD60001DFA0C90002840F0FE822369D86FFEF790
:10AD70006AFAA4F84006B4F8AA010DF0CFD9003061
:10AD800018BF01200A3054F820300AA92362206934
:10AD90002FF0FCDF00283DD10A9B0746C4F8B031F4
:10ADA00039460FAA204604F0ADDC39462046BDF8EE
:10ADB0003C20013704F0AADC062FF1D14FF4407398
:10ADC000C5F8E8302A23C5F8B8303223C5F8BC30BE
:10ADD00036234FF47D62C5F8C43040F2D453A5F851
:10ADE000CA20A5F8C0304FF45D72002385F8B67014
:10ADF000A5F8C82084F89437D5F8B830842B02D948
:10AE00008423C5F8B8304FF40470ECF3B1F3C4F800
:10AE10009C0208B9142380E24FF404720021E7F386
:10AE200091F322460023D2F8A002D4F89C120432F7
:10AE300041F82300D4F89C1251F823108B71013390
:10AE4000042BF0D1012385F89330236A1869EEF7BB
:10AE5000A1FF00F0010085F85400236A1869EEF79D
:10AE600099FFC0F3C00085F855002946204607F039
:10AE7000EDF92B49D5F8D800E8F3DCF1D5F8D4206A
:10AE800040F26E51936A07468B4208D0126B41F232
:10AE90006B018A425AD1D12B01D0E92B12D1D4F8BF
:10AEA0008434192283F84920D4F884344FF0FF32D7
:10AEB0005A64642283F87A20D4F88434012283F817
:10AEC000302059E0B3F5897F11D8B3F5887F32D8A7
:10AED000F52B07D8F42B2ED2E42B2CD0EF2B2AD035
:10AEE000D62B27E0A3F58773012B45D823E0B3F5D4
:10AEF0009A7F17D2B3F5987F1DD840F2171293426C
:10AF000018E000BF839B020000315F0701638200ED
:10AF1000EC56010008D68800514F0000DD560100B4
:10AF2000899B0200B3F59A7F26D9B3F59B7F02D99E
:10AF3000B3F5A57F20D1D4F88434322283F87A2067
:10AF4000D4F88434642283F8492010E041F2E441CB
:10AF50008A4211D140F2DA5293420DD1D4F88424BE
:10AF6000642382F87A30D4F8842482F84930D4F803
:10AF700084344FF0FF325A642046FEF7CDFED4F8F9
:10AF800084341922A3F8AA20204607F07FF8D4F8C9
:10AF90008434226A19781069DA784EF0D1D8D4F85E
:10AFA00078364FF0010983F83490E1692069043163
:10AFB00003F0D7FD236AD4F884B418694EF0D8D9C9
:10AFC000CBF8400004F5E47B206959462EF064DF9D
:10AFD0000622281D5946E7F331F2B4F8AA010DF014
:10AFE0009DD8003018BF01200A3054F82030204688
:10AFF0002362FEF761FF08B918238EE1216A0F234F
:10B0000040F2FF32A1F80031A1F8022101F1F8036A
:10B0100001F1F402204601F01BFC236AD3F8F4206E
:10B02000C3F8F020C3F8E820D3F8F820C3F8EC20E8
:10B030001A68022A08BF83F8159007F00103002B55
:10B040000CBF0323002385F84F30236A1869EEF7FD
:10B05000A1FE10F40060236806D093F84F2002B1DF
:10B06000012283F8512001E083F85100216A204633
:10B070001C3106F06DDA00212046D4F820900BF048
:10B080005DDD00227F2309F15001009301901346FA
:10B0900009F11C005AF020DD204664F02FDF40F259
:10B0A000CC63C4F828362046FFF780FA0C900028BD
:10B0B00040F05981D4F8800402219DF92C2059F0E8
:10B0C000F9DD20464146FEF797FF10B94FF47A7339
:10B0D00023E1204602F0F4FFC4F8580110B940F211
:10B0E000E9331AE12046FFF7F3F92046314614F020
:10B0F0007FDD10B940F2EB330FE1C4F8BC05C4F8B2
:10B10000C0053146204614F073DD10B94FF47B734F
:10B1100003E10123C4F8C40585F8A830204602F0F5
:10B1200045FC10B140F2ED33F7E00623A5F860309E
:10B13000A5F8623095F89C30012B04D14022A5F887
:10B140006020A5F86220D5F888300A221A804FF4D2
:10B1500054725A80D5F88C300126C4221E805A8041
:10B16000D4F830011FF0C8DD08B184F80E62B4F8DD
:10B17000E13243F4C05343F01E03A4F8E132236AE2
:10B180001869EEF707FEC10607D5D4F8843401220A
:10B190009A74D4F88434FF22DA74B4F8E1224FF2BE
:10B1A000FF731340D4F88424A4F8E132D278012A42
:10B1B00007D123F4006323F00C031B041B0CA4F839
:10B1C000E132FF260221012284F8E06284F8DF6286
:10B1D00084F8DE62204603F0BDDB012132462046C2
:10B1E00003F0B8DB236A4FF0FF38C4F81482186903
:10B1F000EEF7D0FD10F00406204605D00321FEF343
:10B20000C3F684F81C8204E03146FEF3BDF684F8F0
:10B210001C62236A1869EEF7BDFD3A0702D50023C8
:10B2200084F81C32FB0603D520460021FEF3ACF661
:10B23000BE070ED5A26A002382F84D30E26A82F87A
:10B240004D30B4F8E13223F080031B041B0CA4F84A
:10B25000E132780703D52046002164F0D5DF3906B6
:10B2600007D5B4F8E13223F010031B041B0CA4F83B
:10B27000E13295F84130A3B195F842308BB117F027
:10B28000600F0ED007F02001D1F1010107F040025C
:10B2900038BF0021D2F10102204638BF002200F061
:10B2A0000FFFB4F8AA010CF039DF003018BF0120FD
:10B2B00000F10A0654F82670D4F868122046384A7D
:10B2C0003B4660F06FDCB86154F82610886910B90D
:10B2D00040F24C4321E0503128223C30E7F3AEF0FD
:10B2E0001420ECF34BF1C4F8300710B940F24D4391
:10B2F00013E0AB6D204643F00403AB650EF078DD40
:10B300002046FFF771F810B14FF4FA6305E02046CC
:10B3100003F0DEF818B140F2D1730C9323E02368F8
:10B320002049D3F8D800E7F3A9F770B103461846CF
:10B3300013F8012B1AB11C498A5C5207F7D500217A
:10B340000A22E7F337F5C4F88406A0680021F8F371
:10B35000A7F4012384F8A837BAF1000F17D000230F
:10B36000CAF8003013E00D9820B1ECF313F100237C
:10B370000D930E9314B12046FFF786FBBAF1000F30
:10B3800004D00C9B0024CAF8003000E0544620464C
:10B3900011B0BDE8F08F3046394601F008FEE2E713
:10B3A00010570100489A02000AA0880038B50446E8
:10B3B00070B1056821462868FFF75CF828680549E0
:10B3C0002246FEF738FF2046BDE83840ECF3E2B0F5
:10B3D00038BD00BF1657010070B5066A8EB005462D
:10B3E0003820ECF3CBF0044600282FD01B4B05602F
:10B3F0000093002301930293039304930593286819
:10B400001749184A2346FEF771FFF8B9164B214633
:10B4100000932868154A0223FEF7BBFF0546A8B92A
:10B4200029461C2204F10B00E7F38CF030693168E7
:10B4300007AA4CF025DA234607AAD97AAA5C013577
:10B440000A43DA7201331C2DF6D103E02046FFF7E0
:10B45000ADFF002420460EB070BD00BFC54F830075
:10B4600084E188001657010074E188007D4F830055
:10B4700038B5044670B1056821462868FEF7FAFF22
:10B48000286805492246FEF7D6FE2046BDE838402A
:10B49000ECF380B038BD00BF1A57010030B5054647
:10B4A00087B00C20ECF36AF0044600283FD000235C
:10B4B0000560012100930190204A2846204B02F0AC
:10B4C00037FA0028606032DB1E4BD5F894068DE811
:10B4D0001800052121221C4B03F0F2FB38BB1B4B4B
:10B4E000D5F894068DE8180005212422184B03F0A6
:10B4F000E7FBE0B9174B0190009302900390049092
:10B50000059015492868154A2346FEF7EFFE70B9E5
:10B51000134B286800932146124A0323FEF739FF94
:10B5200028B92A680123A36082F8A93003E02046E5
:10B53000FFF79EFF0024204607B030BD79548300FA
:10B5400075548300C15583007D5483009156830058
:10B550009D5483004D558300C0E188001A570100B7
:10B56000A8E18800D154830030B5054687B0002893
:10B570006DD00820ECF302F00446002868D00023C8
:10B580000560142100930190354A2846354B02F09E
:10B59000CFF9002860605EDB334B4FF498718DE883
:10B5A00018006B22D5F89406304B03F089FB002875
:10B5B00051D12F4B05218DE818006B22D5F8940648
:10B5C0002C4B03F07DFB002845D12B4B4FF49071A1
:10B5D0008DE818006C22D5F89406284B03F070FB18
:10B5E000002838D1264B4FF490718DE818006F2257
:10B5F000D5F89406234B03F063FB00282BD1224B94
:10B600000A218DE818006E22D5F894061F4B03F02E
:10B6100057FB00281FD10095D5F894060A216E2209
:10B620001B4B03F003FEB0B91A4B0190009302903C
:10B6300003900490059028681749184A2346FEF79E
:10B6400055FE40B92B68012283F8AC2000E0044687
:10B65000204607B030BD2046EBF39CF70024F7E707
:10B66000215C8300015C8300395E8300555C8300AC
:10B67000195E8300355C8300595E8300815C830022
:10B68000C55E8300C15C8300F15E8300ED5C8300D6
:10B69000E15B8300195D8300D8E188001E5701003B
:10B6A00010B5044650B10368054918682246FEF7F4
:10B6B000C2FD2046BDE81040EBF36CB710BD00BFE3
:10B6C0001E57010010B5044650B1036805491868BB
:10B6D0002246FEF7B0FD2046BDE81040EBF35AB716
:10B6E00010BD00BF999B020070B5054686B00820CA
:10B6F000EBF33EF70446002800F0B9805F4B05608D
:10B700004FF49071009301903022D5F894065C4B71
:10B7100003F0D6FA002840F0AA805A4BD5F89406D8
:10B720008DE818004FF49071F422574B03F0C8FADB
:10B73000002840F09C80554BD5F894068DE8180001
:10B740000A21F422504B03F0BBFA002840F08F800E
:10B750004F4BD5F894068DE818004FF49071A02255
:10B760004C4B03F039FB002840F081804A4BD5F860
:10B7700094068DE8180005213022484B03F0A0FA0A
:10B78000002874D1464BD5F894068DE818000521A1
:10B79000F422444B03F094FA002868D1424BD5F8C8
:10B7A00094068DE818000521A022404B03F014FBFD
:10B7B00000285CD1D5F89406052130223C4B00943A
:10B7C00003F034FD002852D1D5F894060521F42267
:10B7D000384B009403F02AFD002848D1D5F8940690
:10B7E0000521A022344B009403F0A6FD00283ED191
:10B7F000D5F89406C0213022304B009403F016FD9A
:10B80000002834D1D5F89406C021A0222C4B0094F6
:10B8100003F092FD58BBD5F89406C021F422294BC1
:10B82000009403F003FD10BBD5F894060A21F4221E
:10B83000254B009403F0FAFC0646C0B98DE81100D0
:10B8400001212846214A224B02F072F8002860604C
:10B850000DDB204B28688DE848001F491F4A23460E
:10B860000296039604960596FEF740FD18B1204611
:10B87000FFF728FF0024204606B070BD59638300FF
:10B88000216383003BA10000D59C0000E5A00000DF
:10B890006D6383003D6383009962830021618300AF
:10B8A00077A0000031A00000E9628300716183008D
:10B8B000A96183000D9D00001D6283003D66830029
:10B8C000556683005D9C00008F9C000085638300AB
:10B8D00081638300B964830038E28800999B020089
:10B8E0002023402180E80A00C0F8B010C16218216E
:10B8F0004FF4F0628163016401651D212DE9F0417F
:10B9000082600B251022C16505210A24C2604561B1
:10B91000856142620425C0F8B820016680224FF498
:10B92000F0714FF480660461C461856201240925C9
:10B930004FF0140C42631127082281664FF027084C
:10B940000321C0F8B43004624466C464436585676B
:10B95000C0F830C0C2638765C66606674167C0F835
:10B960007C80C0F8A440B024C0F8C0404824C0F88F
:10B97000C4406024C0F88450C0F88850C0F8C84063
:10B9800002253024C0F8E030C0F8F030D3234FF067
:10B990001208C0F88C50C0F89050C0F89C50C0F805
:10B9A000A050C0F8CC404FF4FA650624C0F8F4303B
:10B9B0000023C0F88080C0F894C0C0F89810C0F888
:10B9C000A810C0F8AC20C0F80021C0F80421C0F8CD
:10B9D000D040C0F8D470C0F8D850C0F8DC20C0F80F
:10B9E000E840C0F8E460C0F8FC30C0F8F810BDE8EA
:10B9F000F08101207047704738B50446D0F82C0319
:10BA000020B1EBF3C7F50023C4F82C33D4F834038A
:10BA100020B1EBF3BFF50023C4F83433D4F8180792
:10BA200030B1236823B1EBF3B5F50023C4F8183720
:10BA3000D4F8C40218B123680BB1EBF3ABF5D4F81A
:10BA4000C8020025C4F8C45228B123681BB1EBF327
:10BA5000A1F5C4F8C852D4F8640208B1EBF39AF522
:10BA6000D4F854030025C4F8645218B1EBF392F5EE
:10BA7000C4F85453D4F8140320B1EBF38BF500232E
:10BA8000C4F81433D4F8D40208B1EBF383F50025DD
:10BA90006319D3F8A032D3F8E00008B1EBF37AF5DC
:10BAA0000435102DF4D1D4F8A00208B1EBF372F5EF
:10BAB000D4F8840420B1EBF36DF50023C4F884348A
:10BAC000D4F8DC0420B1EBF365F50023C4F8DC34D2
:10BAD000D4F8280520B1EBF35DF50023C4F8283530
:10BAE00038BD10B50C46D1B1C86918B1EBF352F5A9
:10BAF0000023E361D4F8880020B1EBF34BF5002379
:10BB0000C4F88830D4F88C0020B1EBF343F500235F
:10BB1000C4F88C302046BDE81040EBF33BB510BDB7
:10BB200070B504464FF4B8701646EBF327F505469A
:10BB3000A8B14FF48470EBF321F5E86178B1314698
:10BB4000FFF7CEFE4FF45470EBF318F5C5F88800FC
:10BB500028B1C420EBF312F5C5F88C0020B92946B2
:10BB60002046FFF7BEFF0025284670BD2DE9F041B5
:10BB70001D4600260368C0F8C46293F8B43004463A
:10BB800038205843EBF3FAF4C4F8C402002855D027
:10BB9000236893F8B4008000EBF3F0F4C4F8C80213
:10BBA00010B940F2F53394E04FF40070EBF3E6F493
:10BBB000C4F81807002800F09580C4F864622020BB
:10BBC000EBF3DCF4C4F8640210B94FF47E7380E048
:10BBD000C820EBF3D3F4C4F8540310B940F2F233A5
:10BBE00077E04FF4B870EBF3C9F4C4F8840410B9EB
:10BBF00040F2F9336DE08020666AEBF3BFF4B06287
:10BC000010B940F2034364E04FF48470EBF3B6F4F0
:10BC1000C4F82C0310B940F2EF335AE04FF48470AB
:10BC2000EBF3ACF4C4F8340310B94FF47C7350E078
:10BC30001220EBF3A3F4C4F8140310B94FF47D738E
:10BC400047E0B420EBF39AF4C4F8D40210B940F200
:10BC5000F6333EE04FF46470EBF390F4C4F8A002C6
:10BC6000F0B100F1E403C4F8A43200F5E47300F588
:10BC70002B70C4F8A832C4F8AC02264604F11007B1
:10BC80002368D6F8A082DB69D3F8D4004001EBF337
:10BC900075F4C8F8E000D6F8A032D3F8E00010B987
:10BCA00040F2F73315E00436BE42E9D14FF4847018
:10BCB000EBF364F4C4F8DC0410B940F2FB3308E0A1
:10BCC0004FF48670EBF35AF4C4F8280520B940F21B
:10BCD000FF332B60BDE8F0813820EBF34FF4C4F85C
:10BCE000780610B94FF48163F3E70120BDE8F081D5
:10BCF00038B50D46044600282BD0FFF77CFE2046C1
:10BD00002946FFF779FEA06A08B1EBF343F4636AB2
:10BD10005BB1986A20B1EBF33DF4636A00229A624A
:10BD2000606AEBF337F400236362D4F8780620B13D
:10BD3000EBF330F40023C4F87836216821B12846AB
:10BD4000FFF7CFFE002323602046BDE83840EBF329
:10BD500021B438BD2DE9F341064640F6740088460B
:10BD600015461F46EBF30AF4044610B940F2EA33D5
:10BD700010E02623C0F8E035C0F8E435089B4146C2
:10BD8000C0F81C373A463046FFF7CAFE206018B9A3
:10BD900040F2EB332B602DE040231A4A80F8B43098
:10BDA000236812680460C3F898204FF40870EBF31E
:10BDB000E5F3A06240B100F58870E0622C20EBF35F
:10BDC000DDF3606230B902E040F2F233E2E740F2C4
:10BDD000F333DFE72046314642462B460097FFF714
:10BDE000C5FE38B12046314642462B460097FFF744
:10BDF00000FE20B920463146FFF77AFF0024204696
:10BE0000BDE8FC814404000003680B22DB69C3F831
:10BE1000BC205A619A61704710B50446F8B1D0F859
:10BE2000500208B1EBF3B6F3D4F8E80220B1EBF31B
:10BE3000B1F30023C4F8E832D4F8FC0320B1EBF3EB
:10BE4000A9F30023C4F8FC33236805491868224687
:10BE5000FEF7F1F92046BDE81040EBF39BB310BDAF
:10BE60006E7D890080F8C01370470000F0B587B080
:10BE70000546FFF7C9FF4FF48160EBF379F3044601
:10BE8000002800F0D48000214FF481624026E6F3C0
:10BE900059F3256084F8E163BC20EBF369F3C4F83F
:10BEA0005002002800F0BA800021BC22E6F34AF3D9
:10BEB0000123A3726373A373E373A37494F8E13350
:10BEC00000223F2BE67498BFE374FF2384F82830E8
:10BED0000B23227462742273E2720521022284F819
:10BEE000DE33002384F8271084F82D2041F22850F7
:10BEF00084F82C306085286890F89C002175012812
:10BF00000CBF0120104684F82E00012084F8C003E5
:10BF10004FF40060A2756063224621460520D0756B
:10BF20000220D07723B94FF48070A4F8E40302E034
:10BF30002020A1F8E403013301320231082BEDD1B6
:10BF400000260127204641F2285184F82F6084F80A
:10BF5000307018F0D1DA0221204685F8DA721AF032
:10BF600011DE84F8D86304212846324A324B009609
:10BF7000019401F0DDFCB042C4F800044EDB042162
:10BF800028462E4A2E4B0096019405F017FFB0422A
:10BF9000606043DB4FF43E70EBF3EAF2C4F8E80272
:10BFA00000283BD031464FF43E72E6F3CBF210202E
:10BFB000EBF3E4F2C4F8FC0300282FD0214B2868EF
:10BFC0000093214B21490193214B224A039323469D
:10BFD000029604960596FEF789F9F8B91E4B84F887
:10BFE00054721A1D07CA8DE8070022461B682846AE
:10BFF0000721FEF7C7FAFF2384F8DD332B682046BC
:10C0000093F841101BF03CDDC823C4F8EC32204605
:10C010001BF04AD8202384F8E23308E0D4F8500219
:10C0200008B1EBF3B7F22046EBF3B4F2002420465C
:10C0300007B0F0BD01918300E5908300A1918300DA
:10C04000819183006199830099B783005CE2880045
:10C0500015AA83006E7D8900A09B0200024618B1DC
:10C0600000680249FEF7E7B8704700BF5D898900A4
:10C0700010B5044686B00E490E4A234600680AF001
:10C08000F1D90D4B20680093002301930293039391
:10C09000049305930949064A2346FEF727F920B180
:10C0A0002046FFF7DBFF4FF0FF3006B010BD00BFAA
:10C0B0005D89890021CF830015CE83004CE3880081
:10C0C00038B50446D0F834011546FFF7CBFED4F856
:10C0D00038012946BDE8384000F02CB810B50446B8
:10C0E000002824D0416969B190F829301BB1036858
:10C0F0009868F7F355F5236861699868F7F3BCF51C
:10C1000000236361A06908B1EBF344F2E06918B160
:10C11000EBF340F20023E3612368054918682246E7
:10C12000FEF789F82046BDE81040EBF333B210BDAE
:10C130007686890080F828107047000070B50546A3
:10C1400086B03420EBF314F20446002800F092800D
:10C1500000213422E6F3F6F14023256084F82A30EA
:10C160005020EBF305F2A06100287BD00021502283
:10C17000E6F3E8F1012384F8203084F8213084F8D4
:10C18000223084F8233084F8243084F8253084F871
:10C19000263084F8273023721023637294F82A30F3
:10C1A0000F2B98BF63722B6A00261869EDF7F2FD1A
:10C1B0004FF47A73E381C823238200F01000012337
:10C1C00000280CBF0520072084F8283003232073A3
:10C1D000E3722046A6721DF0FDDC04212846274AA2
:10C1E000274B0096019401F0A3FBB042206339DB9A
:10C1F00004212846234A244B0096019405F0DEFDD5
:10C20000B04260602EDBA868204922463346F7F32F
:10C210004BF5606130B34FF4BA70EBF3A9F1E06114
:10C2200000B331464FF4BA72E6F38CF1184B28682C
:10C230000093184B18490193184B194A0393194B53
:10C2400002960493184B05932346FEF74FF80646D3
:10C2500040B92B68204693F842101DF06DDC84F83D
:10C26000296007E0A06908B1EBF394F12046EBF3F5
:10C2700091F10024204606B070BD00BF05DF8300A9
:10C28000EDDE830061DF830041DF830071E2830024
:10C29000DDDF830045E5830088E3880029E1830032
:10C2A000768689004457010025A30000002303740B
:10C2B00040F6FB63C381704710B5044690B11EF091
:10C2C00025D9606808492246FDF7B5FFE06E08B140
:10C2D000EBF360F1206EEBF35DF12046BDE810401A
:10C2E000EBF358B110BD00BF6E88890030B505462C
:10C2F00087B07020EBF33CF10446002834D00021D5
:10C300007022E6F31FF12B68256063601820EBF3C1
:10C310002FF1206620B300211822E6F313F16420E8
:10C32000EBF326F1E066D8B100216422E6F30AF1CE
:10C330000F4A104B0292104A00930023019303927C
:10C340000493059360680D490D4A2346FDF7CEFF1F
:10C3500030B901236382A3822046FFF7A7FF03E0E1
:10C360002046FFF7A9FF0024204607B030BD00BFDC
:10C37000DDF1830095EE830075F08300DCE3880037
:10C380006E88890070B50446E8B18569C66928469B
:10C3900000F016F9616C41B1A868F7F301F4A868E0
:10C3A000616CF7F369F40023636422463046064962
:10C3B000FDF741FF28682146FEF75CF82046BDE8FE
:10C3C0007040EBF3E7B070BD826A89002DE9F0435D
:10C3D0003C234FF005090A27D0F80080C0F8043547
:10C3E000C0F80895C0F8107587B00446A020EBF39C
:10C3F000BFF00546002800F0B1800021A0220026F1
:10C40000E6F3A0F02E70AC61C5F81C80284620F041
:10C41000AFDF0421A862554A2046334600960195B5
:10C4200001F086FAB042A866C0F29880204600F07B
:10C43000E1F80646002840F09180A0684C492A4661
:10C440003346F7F331F46864002800F08780494BE5
:10C4500040460093484B49490193494B494A02934E
:10C460002B46039604960596FDF740FF03460028E9
:10C4700074D1009029462068434AFDF78AFF01469F
:10C4800000286BD1D4F888040122404B03F03CFF14
:10C49000002863D13E4BD4F894068DE81800394645
:10C4A00001223C4B02F00CFC002857D13A4B3222BF
:10C4B0008DE81800D4F894063946384B02F000FC99
:10C4C000024600284AD1D4F894064946344B0094D9
:10C4D00002F0ACFE002841D1D4F89406494601226E
:10C4E000304B009402F0A2FE002837D1D4F8940615
:10C4F000494632222C4B009402F098FE70BBD4F8CF
:10C5000094064946A422294B009402F015FF28BB4B
:10C51000D4F8940649463022254B009402F086FE5A
:10C52000E0B9D4F89406C0212D22224B009402F0E9
:10C530007DFE98B9D4F8940690212D221E4B0094CC
:10C5400002F0D6FC50B9D8F8D8001C49E6F372F6D0
:10C550004FF47A7390FBF3F36B8103E02846FFF707
:10C5600011FF0025284607B0BDE8F08301FD8300D8
:10C57000DD16840009FD8300AD0F8400A8E4880067
:10C5800089118400826A890065068400F9078400A5
:10C59000F5138400A5118400D9138400951184003B
:10C5A00091128400C912840055128400791384000A
:10C5B0000D138400A9148400A514840068858900E3
:10C5C00038B5D0F81455044675B10849024660F0F4
:10C5D000B5D9074922462068FDF72DFE2846EAF323
:10C5E000D9F70023C4F8143538BD00BF11398400D1
:10C5F00066570100F0B5044687B04FF40A60EAF3CD
:10C60000B7F7054620B9C4F814054FF0FF3005E12F
:10C6100000214FF40A62E5F395F7226805F1200343
:10C620002B60002608236B612E61F821D36520461C
:10C630007B4A7C4B0096019405F0C0FBB042A86198
:10C6400005DA2046FFF7BCFF6FF00100E6E0764B0D
:10C65000002243F8042BF2071FD5744901270A78FA
:10C660000D2A07FA02FE03DCD21917FA02F001E0E4
:10C670004FF40040CA78012111FA02F70D2A47EA67
:10C680000E0747EA000003DC521811FA02F201E03B
:10C690004FF40042024343F8042CB00723D563490A
:10C6A00001274A7853F804EC0D2A07FA02FC03DC50
:10C6B000D21917FA02F001E04FF400408A78012104
:10C6C00011FA02F70D2A47EA0C0747EA000003DCDB
:10C6D000521811FA02F201E04FF40042024342EA1A
:10C6E0000E0243F8042C710723D5504901270A791B
:10C6F00053F804EC0D2A07FA02FC03DCD21917FAEE
:10C7000002F001E04FF400404A79012111FA02F7EA
:10C710000D2A47EA0C0747EA000003DC521811FA19
:10C7200002F201E04FF40042024342EA0E0243F8F3
:10C73000042C320723D53D4901278A7953F804ECAC
:10C740000D2A07FA02FC03DCD21917FA02F001E005
:10C750004FF40040CA79012111FA02F70D2A47EA85
:10C760000C0747EA000003DC521811FA02F201E05C
:10C770004FF40042024342EA0E0243F8042C013611
:10C78000102E7FF465AF2A4B002103932068294ABD
:10C79000234600910191029104910591FDF7A6FDB8
:10C7A00070BB0121D4F888040A46234B03F0ACFD8A
:10C7B00048BBD4F8880401210222204B03F0A4FDD9
:10C7C00020BB1F4BD4F894068DE818008021052269
:10C7D0001C4B02F0F3F9E0B91B4B1A1D07CA8DE898
:10C7E00007002046032122461B68FDF7CBFE2046AA
:10C7F0001649224660F09CD870B9C4F814550DE073
:10C800006FF003000AE06FF0040007E06FF005002E
:10C8100004E06FF0060001E06FF0080007B0F0BD23
:10C82000C5388400453884007465010060E18800E3
:10C830000D32840066570100CD2F84000936840034
:10C84000F9398400FD318400B09B02001139840065
:10C8500070B51E468B89154642F2560293420C462D
:10C8600008D842F2550293422DD242F2500293422E
:10C8700029D108E042F2600293421AD04EF2F5420A
:10C88000934220D11AE0CB89012B04D16FF03B03F6
:10C890002B600F2303E06FF045032B6014233360FC
:10C8A0000368D3F88030D90412D52B68023B2B6083
:10C8B0000EE06FF04A032B600F2308E06FF0950342
:10C8C0002B60962303E06FF04A032B601423336040
:10C8D000D4F8080130B300214022E5F333F6D4F850
:10C8E000082180231370D4F8082129685170D4F8E6
:10C8F00008219370D4F808313268DA70D4F808311E
:10C90000BF221A71D4F8083100225A71D4F80831C4
:10C910000322DA8046221A810A225A8101229A8150
:10C920000A22DA81D4F80C0128B100211022BDE8D6
:10C930007040E5F307B670BD10B50446E0B103687A
:10C940000E4918682246FDF776FCE36833B12146AC
:10C9500051F80C3BD3F83C06F7F712F9A36833B152
:10C96000214651F8083BD3F83C06F7F709F9204671
:10C97000BDE81040EAF30EB610BD00BF969F8900D7
:10C9800070B5054686B01020EAF3F2F5044600289B
:10C9900037D000211022E5F3D5F5D5F83C06E42187
:10C9A000194A04F10803F7F7DFF830BBD5F83C0665
:10C9B000E821164A04F10C03F7F7D6F80646E0B969
:10C9C0008DE8110004212846114A124B05F0F6F9B2
:10C9D0000028606011DB104B286800930F4B104952
:10C9E0000193104B104A0393234602960496059632
:10C9F000FDF77CFC08B9256003E02046FFF79CFFAB
:10CA00000024204606B070BD6B570100715701002D
:10CA1000DDBD84009DBD840075B6840051BE8400D8
:10CA200050E6880079B68400969F890001207047FF
:10CA3000012970B50E46144607D1174B0321104645
:10CA4000D3F8B8300A46984770BD19BB124BD3F8DB
:10CA5000C050FFF7EBFF314602462046A84720466C
:10CA600001213246A847204602213246A8472046E7
:10CA700003210122A84720464FF481710122A847D3
:10CA800020464FF480713246A847204640F20111FB
:10CA90003246A84770BD00BF10A78800806C2038C0
:10CAA0001F2805D8802333FA00F000F001007047FA
:10CAB00000207047C16FB0F84E3010B58A6AB3B12C
:10CAC000FF2B16D9180B0138012814D803F4706015
:10CAD000000A09280FD878B103F0F00090280AD88E
:10CAE00003F00F0009288CBF0020012004E0184645
:10CAF00002E0012000E000200C6B41F2E4418C4296
:10CB000015D1A2F582610739012903D83F2B98BFBF
:10CB1000002010BD40F20C418A4207D040F2214172
:10CB20008A4204D1502B98BF002010BD002010BDB8
:10CB300090F8763010B504463BB9044B04491A68A6
:10CB40002CF03CDA012384F8763010BD78B802006E
:10CB50007CB8020070B50C460546164608460A2207
:10CB60000021E5F3EFF463881E432B6D6680980681
:10CB700003D5238843F480632380D5F8943042F2B0
:10CB80005002198C914205D15B8C052B9CBF46F05D
:10CB90000406668070BD0000D0F880000149E6F30D
:10CBA0006DB300BF119C020010B504460C20EAF3DF
:10CBB000DFF4C4F80C0138B10C220021E5F3C2F413
:10CBC000D4F80C3110229A7210BD10B50446D0F87A
:10CBD0000C0120B1EAF3DEF40023C4F80C3110BDDF
:10CBE00070B5064605460024686938B1064B1B68D7
:10CBF00098473046214600223BF03ADE01340435A6
:10CC0000062CF1D170BD00BF10A788002DE9F043BC
:10CC1000046985B00546EC20A66FEAF3A9F43062FA
:10CC2000002875D01020A66FEAF3A2F470620028E5
:10CC30006ED0002637460F216846384A3346E5F362
:10CC4000E7F4D4F880006946E6F318F308B1013739
:10CC5000BFB2013640F2F1339E42ECD137B9D4F87D
:10CC600080002F49E6F30AF3002843D0B8000630CD
:10CC7000EAF37EF4C5F85C06002849D000238380DF
:10CC800000260F216846254A3346E5F3C1F4D4F85F
:10CC900080006946E6F3F2F298B1D5F85C86694601
:10CCA000D4F88000B8F80490E6F3C4F208EB8903E6
:10CCB0001881D5F85C369A8803EB82010132CE8068
:10CCC0009A80013640F2F1339E42DAD1D4F88000E6
:10CCD0001349E6F3D3F2D5F85C6650B1D4F880007E
:10CCE0000F49E6F3A7F2D5F85C36012270801A707E
:10CCF00000E03070A36F586A60B101230380838025
:10CD0000C38003810223438104238381002001E047
:10CD10006FF01A0005B0BDE8F08300BF629C02000E
:10CD20006F9C02002DE9F04F0568C6682B688FB034
:10CD3000DF6900230446009388460BA80921944A22
:10CD40003346E5F365F4D4F81490B9F1000F40F0E0
:10CD50001081D4F888103A6801F50071E06FD4F8BA
:10CD600008A00992D7F804B0FAF798FE0146A8681F
:10CD7000FCF776FD002800F005810921844A0BA804
:10CD80003346CDF80090E5F343F4E26FD4F8881011
:10CD9000B8F1000F02D001F5007300E04346099896
:10CDA00001F50871B8F1000F08BF00200190009153
:10CDB000CDF808B0B9684FF0FF390391CDF8109065
:10CDC000F968DFF8DC810591D5F8E0155046069149
:10CDD0000BA9CDF81C80FAF7D1FC0546002800F01D
:10CDE000D1802A466B4B20460021FFF721FE2A46C0
:10CDF000204600213BF03CDD00250921644A3346F2
:10CE00004FF0010B0BA8CDF800B0E5F301F400954D
:10CE10003A68D4F88830019250460BA9E26F03F5C6
:10CE2000107302950395CDF8109005950695CDF8F1
:10CE30001C80FAF7A3FC0746002800F0A4803A46BD
:10CE4000544B20462946FFF7F3FD59463A46204603
:10CE50003BF00EDD4FF0020B09214D4A33460BA883
:10CE6000CDF800B0E5F3D4F3099AD4F888300192F4
:10CE700050460BA9E26F03F52073009502950395C8
:10CE8000CDF8109005950695CDF81C80FAF776FC44
:10CE90000746002877D03A463E4B20462946FFF702
:10CEA000C7FD59463A4620463BF0E2DC4FF0030B03
:10CEB0000921374A33460BA8CDF800B0E5F3A8F3B3
:10CEC000099AD4F88830019250460BA9E26F03F515
:10CED0003073009502950395CDF810900595069551
:10CEE000CDF81C80FAF74AFC074600284BD03A469A
:10CEF000284B20462946FFF79BFD3A4620465946D7
:10CF00003BF0B6DC042733460921214A0BA80097E1
:10CF1000E5F37EF3099AD4F88830019250460BA9C4
:10CF2000E26F03F54073009502950395CDF81090DC
:10CF300005950695CDF81C80FAF720FC064608B347
:10CF4000324620462946134BFFF772FD32462046F3
:10CF500039463BF08DDC2646706930B10E4B0F49E7
:10CF6000D3F88C309847C6F8C00001350436062D3A
:10CF7000F2D1D4F89410204608310022FFF7EAFDE0
:10CF8000012700E0074638460FB0BDE8F08F00BF2C
:10CF9000E29B0200F05D010010A78800D4318900F7
:10CFA000C403000010B5BDE81040FCF77DBA11B114
:10CFB0000846FCF721B87047F8B504690546002C0F
:10CFC00042D0E06F08B1FCF74DF82046FFF708FEAD
:10CFD000D4F89460B4F846000BF0A0D8706A28B179
:10CFE00003F04BFC00230746736200E00746D4F8C9
:10CFF000900003F021FC00263F18D4F88C0004F0C8
:10D00000D9F92046C4F88060E667FFF7DEFDD5F861
:10D010005C0618B1EAF3BEF2C5F85C66A36F186A45
:10D0200020B1EAF3B7F2A36F00221A62A36F586A25
:10D0300020B1EAF3AFF2A36F00225A62204601F05A
:10D040003BFD00232B6100E027463846F8BD000079
:10D05000F0B587B04FF480350021042303AA0446BD
:10D06000D0F8887000952CF05BDC234B06AE46F8B8
:10D07000083D002104232046324600952CF09CDC1C
:10D080000423002105AA204600952CF049DC049BCE
:10D09000059A9A422AD1194B002104932046042371
:10D0A000324600952CF088DC0423002105AA204696
:10D0B00000952CF035DC049B059A9A4216D1042386
:10D0C0000021204603AA00952CF076DC0023C7F847
:10D0D0008C31D7F82031B3F1042F09D00848C0EBC8
:10D0E000030CDCF1000040EB0C0002E0002000E04B
:10D0F000012007B0F0BD00BFAA5555AA55AAAA55F0
:10D1000000040084224B70B54FF0006100260366D6
:10D110000A464666044605682DF0C6DD4FF080736A
:10D12000C4F820310323A4F8A8300223A4F8AA30BD
:10D130000723A4F8A4300423A4F8A63041F2010385
:10D1400084F8A260A4F8BC304FF41673A5F810362A
:10D150002B6893F89C20012A0CBF0C220622A5F80C
:10D160000E2693F864211AB1226E42F08072226674
:10D1700093F89C20074812F1FF3218BF012206499C
:10D18000E5F306F2FF2384F834310123637470BDA4
:10D1900060A8E7B878570100787502002DE9F04FD4
:10D1A00097B09B464FF0000916AB8A46174643F8E6
:10D1B000049D21995A46054601F097FC0446002833
:10D1C00000F01D839DF88030286103742B6840F6C1
:10D1D0001201D3F8D400D3F8D860D3F8DC304A4633
:10D1E000C4F88430E067C4F88060F0F321F0C4F83C
:10D1F00088008046E860E06FEFF380F2A06420468C
:10D20000FFF780FF30469749E6F338F028B14946EA
:10D210004A46E5F3CFF51FFA80FA30469249E6F325
:10D220002DF048B100210A46E5F3C4F54FF6FF732F
:10D2300080B2984218BF074650463946FDF734F988
:10D2400008B90C23DAE28949A4F844A0A4F846708E
:10D250003046E5F3EFF78649C4F860013046E5F360
:10D26000E9F7C4F86401B4F846000AF057DF00306B
:10D2700018BF0120263054F82030B4F84600C4F816
:10D2800094300AF04BDF003018BF01200A3055F807
:10D29000203020462B62FFF701FC08B90D23ADE2D8
:10D2A000E06FEFF3E5F1E06FEFF39CF6204600212D
:10D2B0002BF0B0DB20464FF0FF312CF021DC204674
:10D2C000FFF7C6FE08B90E2398E230466949E5F338
:10D2D000B1F7FF2808BF0120A4F84E002046FFF751
:10D2E000E9FB08B90F2389E263493046E5F3A2F769
:10D2F000624984F84C003046E5F39CF760492065AC
:10D300003046E5F397F794F84C3060650B2B05D960
:10D3100030465C49E5F38EF7C4F850015A4930466F
:10D32000E5F388F7594984F835013046E5F382F78B
:10D3300084F836012B6893F86A312BB13046544992
:10D34000E5F378F7C4F8540152493046E5F372F733
:10D35000514984F858013046E5F36CF7E36F41F228
:10D360006B02196BA4F86801914220D19B6A4E2B85
:10D3700008D1B4F84E30402B19D9236D43F0020385
:10D38000236514E0E42B04D1B4F84E30B3F5A85F64
:10D3900006E0EF2B0BD1B4F84E2041F201239A4264
:10D3A00005D8236D43F480032365002363653B495F
:10D3B0003046D4F85C71E5F33DF7394938603046C2
:10D3C000D4F85C71E5F336F7364978603046D4F826
:10D3D0005C71E5F32FF73449B8603046A76FE5F389
:10D3E00029F73876A36F1A7E012A01D003221A7614
:10D3F000236D990604D5012120460A462DF0F6D862
:10D40000D4F880002949E5F339F720B1D4F8800039
:10D410002649E5F30FF781462549D4F88000E5F366
:10D420002DF720B1D4F880002149E5F303F7074632
:10D430002049D4F88000E5F321F720B1D4F880002A
:10D440001C49E5F3F7F62B6893F82821BAB3226D4F
:10D45000920504D5B9F1000F01D007B160BB0022DD
:10D460002BE000BF259C0200B49C02004C9C0200F3
:10D47000579C0200AB9C0200BA9C0200069C020072
:10D48000869C02009F9C0200CC9B0200D79B02005E
:10D49000799C0200369C0200C29C0200419C020062
:10D4A0002C9C0200C09B0200ED9B0200199C020014
:10D4B000F29B0200929C0200012283F828212B6833
:10D4C00093F8692132B1226D12F0010218BF0122D6
:10D4D00083F86921B4F846200123C4F8B830B4F8C1
:10D4E00044002B68A5F8AA21E26FA5F8A801C3F8AB
:10D4F000D420A26C1A6194F84C2083F87C202B680D
:10D50000226DB4F84E00C3F88020626DA3F87A0053
:10D51000C3F8842094F84C2020460B2A84BFD4F80A
:10D520005021C3F84821D4F8B820012783F83D7072
:10D530005A62A9682A4603F02BFFC4F88C0008B988
:10D5400019235BE1219AE36F0292A26C0490069288
:10D55000B4F84620B4F84400ADF82A20DA6B0393FF
:10D560000B921A6CADF828000C925A6C02A80D921E
:10D5700094F84C20CDF814B00E929A6A09960F9246
:10D58000B4F84E2010921A6B1192226D1292626DB5
:10D5900013925A68DB680792089303F0AFFAC4F855
:10D5A000900008B9102329E12623C5F8E035C5F815
:10D5B000E4354FF4FF73C4F83831B4F846000AF08C
:10D5C000ADDD10F1000918BF4FF0010949462046B2
:10D5D0002EF0FCD8B9F1000FD4F894300CBF022221
:10D5E0000122C3F804901A602B6A14BF01220222A0
:10D5F000C3F804901A60E06FD5F81C90EFF376F052
:10D60000D8F85C31C9F8000023F000437E4AE36695
:10D610002367A36C0C2101FB0323303BC4F8D830F3
:10D62000204639462BF0ACDDD4F89490D4F8900025
:10D630004146D9F80020334603F066F9C9F82400C2
:10D6400008B91123DAE04FF0FF3120462DF04EDA11
:10D65000D4F89430E16E586A03F00CF9D4F89430A1
:10D6600003F12202009203F11C0103F11E02586A29
:10D67000203303F0ECF8D4F89480D8F8240003F0B9
:10D68000F4F888F82800D4F89430D5F82080586A47
:10D6900003F0EBF888F81400D4F89480D8F824004C
:10D6A00003F0E6F8D4F89430C8F81800DA8B37FAAB
:10D6B00002F1C90701D41223A0E0296A586A08615F
:10D6C000988B4A8108811A8C588C8A81C8810F22D4
:10D6D00040F2FF30D8829A8220463946FFF722FB7B
:10D6E00008B913238AE02B6893F86931002B32D0F4
:10D6F000002120462BF0F6DF30464449A76FE5F3C2
:10D7000099F5236DC0B2DA07386020D5636D1B062A
:10D710001DD4E36F9A69900002D5DA69D10704D568
:10D72000DB69DA0701D4580711D5E36E99000ED5ED
:10D7300030463649E5F3A2F530B134493046E5F3D9
:10D7400079F5C1B2204604E02046082101E02046D8
:10D7500000212BF073DDE06FEBF358F420462DF041
:10D7600017DF0094E06F2A492A4A0023FBF76CFC7C
:10D77000204600212DF0EEDE2046FFF70DFA08B915
:10D7800015233BE004F1FC063146E5F3A9F13046F0
:10D79000E5F338F518B93046E5F340F508B116233E
:10D7A0002CE02046FFF700FA2846A16C01F0E2F9D0
:10D7B0002B68DA69526AC5F84425013A85F8422592
:10D7C000D3F89800A8B103789BB113492246E5F33A
:10D7D000C7F62B681149D3F898002246F9F78AFE5C
:10D7E000606930B12B68D3F898100D4BD3F8B03086
:10D7F00098472846FFF70AFA10B11B23159315988E
:10D8000017B0BDE8F08F00BF005E0100FD9B020075
:10D8100001DC840015DC84005DD98400BDD984005E
:10D8200010A7880010B50446002828D003681449C2
:10D8300018682246FCF7FFFC236A1BB104F12000A4
:10D84000E4F396F0E3691BB104F11C00E4F390F0FB
:10D85000A3691BB104F11800E4F38AF063691BB1FA
:10D8600004F11400E4F384F023691BB104F1100007
:10D87000E4F37EF02046BDE81040E9F38BB610BD1E
:10D880008A570100036830B5DB690546586D87B0DB
:10D8900000012430E9F372F60446002838D003462C
:10D8A00043F8245BC36004F11001D5F83806E4F3B3
:10D8B00049F068BBD5F8380604F11401E4F342F0EE
:10D8C00030BBD5F8380604F11801E4F33BF0F8B9A1
:10D8D000D5F8380604F11C01E4F334F0C0B9D5F8EA
:10D8E000380604F12001E4F32DF088B94FF4856384
:10D8F00063600B4B019000930A4B039002930490DA
:10D90000059009492868094A2346FCF7EFFC18B13D
:10D910002046FFF787FF0024204607B030BD00BF38
:10D92000C10B85007513850080E688008A570100C9
:10D93000F0B5D0F828410068A568C069406D8542FF
:10D9400011D2E7682E01B8194360059B0135836049
:10D95000069BBA51C3606068A560C31C591821F0CA
:10D9600003016160F0BD6FF01500F0BDD0F8283103
:10D970001869E3F3C3B7D0F8280110B10069E4F3E4
:10D980001FB07047D0F82831D869E3F3B7B7D0F8A3
:10D990002831D869E4F314B0D0F82831186AE3F3D9
:10D9A000ADB7D0F82831186AE4F30AB073B505466C
:10D9B0002EF058DC0446B8B12B684FF00052C5F881
:10D9C0006802009293F82F202846019221460022F7
:10D9D00004332EF0D3D9064650B9284621462FF0FD
:10D9E000B1DB064620B901E06FF01A0630467CBD77
:10D9F000284621462FF01EDBF8E7F8B51F460368DE
:10DA00000D461E691146D6F880001446E5F32AF447
:10DA100040B3B84224D121460022D6F88000E5F375
:10DA200015F4287021460122D6F88000E5F30EF4A3
:10DA3000687021460222D6F88000E5F307F4A8704A
:10DA400021460322D6F88000E5F300F4E870D6F80A
:10DA5000800021460422E5F3F9F328710120F8BD86
:10DA60004FF0FF30F8BD000038B50446B8B1036888
:10DA70000B4918682246FCF7DEFB606B08B1E9F33E
:10DA800089F5D4F880000025656318B1E9F382F5C3
:10DA9000C4F880502046BDE83840E9F37BB538BD76
:10DAA000915701002DE9F04105698CB007468420AB
:10DAB000E9F364F50446002800F0D28107603C20B9
:10DAC000E9F35CF58046002800F0CA813B69012635
:10DAD00080F8386080F8396043603B6A0460314602
:10DAE0001869ECF77EFAD8F80430B649D3F880000C
:10DAF000E5F3A0F3D8F80430C8F81400B249D3F81D
:10DB00008000E5F397F3D8F80430C8F81800AF495F
:10DB1000D3F88000E5F38EF3D8F80430C8F81C0081
:10DB2000AB49D3F88000E5F385F3D8F80430C8F8A2
:10DB30000800A849D3F88000E5F37CF3D8F8043056
:10DB4000C8F81000A449D3F88000E5F373F3A34BA1
:10DB5000C8F80C00C4F880800093A14BA149019340
:10DB6000A14BA24A0293A24B0393A24B0493A24B54
:10DB7000059338682346FCF7B9FB8046002840F03F
:10DB80006F8184F82C003B699C49D3F88000E5F351
:10DB900051F384F86F003220E9F3F0F40746606334
:10DBA000002800F05D8141460A2206A8E4F3CAF489
:10DBB0000C238DF8193099238DF81A30A6238DF88F
:10DBC0001B3008238DF81E30B7238DF81F30E22359
:10DBD0008DF820308A4AC4238DF821308DF81860E2
:10DBE0008DF81D601068516809AB03C3128985491F
:10DBF0001A80854B3E70A363844B84F85A80E3639C
:10DC0000636B9E71D5F88000E5F338F3002800F0CF
:10DC100093807C49D5F88000666BE5F30BF3707058
:10DC20007B49D5F88000666BE5F304F3B070794961
:10DC3000D5F88000666BE5F3FDF2F0707649D5F813
:10DC40008000666BE5F3F6F230717449D5F8800018
:10DC5000666BE5F3EFF270717149D5F88000666B81
:10DC6000E5F3E8F2F0716F49D5F88000666BE5F3F3
:10DC7000E1F2B0716C49D5F88000E5F3DBF284F88D
:10DC800044006A49D5F88000666BE5F3D3F2307240
:10DC90006749D5F88000666BE5F3CCF27072616B72
:10DCA00005230A31634A2046FFF7A7FE616B05236F
:10DCB0000F3186B2604A2046FFF79FFE616B052355
:10DCC000143136185D4A2046FFF797FE616BB6B2F5
:10DCD0001931052336185A4A2046FFF78EFE616B2C
:10DCE000B6B236180B7AB6B2B34225D11E3105232F
:10DCF000544A2046FFF781FE616B0523233186B22B
:10DD0000514A2046FFF779FE616B0523283136180A
:10DD10004E4A2046FFF771FE616BB6B205233618F6
:10DD20002D3120464A4AFFF768FE636BB6B23618BB
:10DD30005B7AB6B2B34225D0626B00235370626B3C
:10DD40000C219370626BD370626B1171616B022254
:10DD50004A71A86F616B0068C871616B0A72616B70
:10DD60004A72606B812284F8402006A90A2284F856
:10DD700041300A30E4F362F3606B09A91E300A22D5
:10DD8000E4F35CF3626BAB6FD27900211A6004F1AB
:10DD90004D000822E4F3D6F3002384F8583084F8C9
:10DDA0005930A4F85630D5F880002A49E5F366F2D8
:10DDB000002851D0D5F880002649E5F33BF284F8DD
:10DDC0005F0051E0E49D0200D19C0200FA9C020039
:10DDD0000A9E0200629D0200D09D0200512885002B
:10DDE00085DA0000A4E68800E12B85009157010048
:10DDF000D52B8500A45701006DD30000989E02002A
:10DE00003B380100479E02001127850089278500C5
:10DE1000919D0200319E02001B9E0200F39D0200B4
:10DE2000E29C0200A89D02004E9D0200819D02001E
:10DE30003D9D02000D9D02001D9D02002D9D0200D2
:10DE4000719D0200549E0200659E0200769E0200B3
:10DE5000879E0200BD9D0200BA2384F85F3003E074
:10DE60002046FFF701FE002420460CB0BDE8F081FB
:10DE700030B5044685B0002840D0D0F8201131B12B
:10DE800003689868F5F3F8F60023C4F82031236896
:10DE90001A6892F82F2022B3D3F8240101A9002296
:10DEA0005EF0A2DA0FE043685A060CD5D4F8305180
:10DEB000451904E00368C5F81031E9F36BF3D5F8B0
:10DEC00010010028F6D1236801A9D3F824015EF0DF
:10DED000A1DA0028E7D104E00368C4F84431E9F38B
:10DEE00059F3D4F844010028F6D12368044918688E
:10DEF0002246FCF7A0F92046E9F34CF305B030BD0B
:10DF00005DB3890030B5054687B04FF4A670E9F3DC
:10DF10002FF30446002875D000214FF4A672E4F3D5
:10DF200011F33C4B256000933B4B3C4A019300238B
:10DF3000029303920493059328683949394A23468A
:10DF4000FCF7D4F900285DD12B6A1A68022A05D1A2
:10DF50005B7D002B0CBF1623302300E030232218FA
:10DF60004430B0F5887F1374EED1A8682E492A4654
:10DF70000023F5F399F6C4F82001002842D04FF4AD
:10DF80007A7345F27352C4F81C31A4F83C21002383
:10DF90004622C4F84431A4F83E2128468DE82800E2
:10DFA0004FF48A71214A224B03F008FF0028C4F87D
:10DFB000300127DB1F4BD5F894068DE818000521AA
:10DFC000B0221D4B00F008FFE0B91C4BD5F89406B9
:10DFD0008DE818000521B222194B00F0FDFE88B92A
:10DFE000D5F894060A21B022164B009401F0A4F94A
:10DFF00040B9D5F8C006B021134A144B009401F083
:10E0000005FC18B12046FFF733FF0024204607B077
:10E0100030BD00BF9150850011658500654E8500BB
:10E0200018E888005DB389005549850011568500C0
:10E03000ED558500955D8500E94A8500D15C850038
:10E04000514A850095538500854E8500994E85007F
:10E0500010B5044630B133F091DE2046BDE81040E3
:10E06000E9F398B210BD10B504462420E9F386F216
:10E0700000B1046010BD000010B50446E0B1436873
:10E080000E4918682246FCF7D6F8D4F83C01FFF791
:10E09000DFFFD4F83401FFF7DBFFD4F89C0008B1B0
:10E0A000E9F378F2D4F8940008B1E9F373F220466A
:10E0B000BDE81040E9F36EB210BD00BFBC570100CF
:10E0C0002DE9F041754B00271F60754B056888B03E
:10E0D00006461F604FF4A070E9F34AF20446002898
:10E0E00000F0D78039464FF4A072E4F32BF284E8B5
:10E0F00060003046C6F85841FFF7B5FF8046C4F8C7
:10E10000340130B13046FFF7AEFF8046C4F83C0121
:10E1100020B92046E9F33EF24446BAE07F210422CA
:10E1200004F14400E4F30EF27F21042204F17000B4
:10E13000E4F308F2042207A83946E4F303F2336853
:10E1400093F87C20D3F8D800012A13D95549E5F378
:10E1500095F0014658B107A80322E4F3CBF207A8D3
:10E16000042137F0B7D990B107A84F490CE007A8B0
:10E170004E4909E04E49E5F35DF00928034606D80B
:10E180004C4907A801EB83010322E4F3B3F2032215
:10E1900007A904F10800E4F3ADF233684649D3F867
:10E1A000D800E5F347F0D5F8D43041F26B02196B93
:10E1B000E06091420ED19B6A8B2B01D0902B09D14C
:10E1C000022807D107A83D490422E4F36FF208B9F9
:10E1D0000323E360D5F8D43041F26B02196B91420E
:10E1E0000DD19B6A932B0AD107A835490422E4F389
:10E1F0005DF220B9E368042B01D10623E360D5F872
:10E20000D43041F26B02196B914218D19A6A40F2F4
:10E2100035139A4213D107A82A490422E4F346F29F
:10E2200058B107A828490422E4F340F228B107A80E
:10E2300026490422E4F33AF208B91323E3600025E7
:10E24000EAF786FF35F058DF07A90422C4F8945096
:10E25000C4F89850C4F89C50C4F8A050C4F8A45016
:10E2600084F8F450204633F0C3DE194B30688DE853
:10E2700028001849184A23460295039504950595E8
:10E28000FCF734F828B12046C6F85851FFF7F4FEE1
:10E290002C46204608B0BDE8F08100BFB4650100FF
:10E2A000B8650100A89E0200BF57010041B5890072
:10E2B000AE9E020094E98800B19E0200C2570100A0
:10E2C00068EB880078E9880080E9880084E98800A4
:10E2D000F16D85003CE98800BC57010030B505466A
:10E2E00087B00C20E9F34AF10446D0B1114B056028
:10E2F0004FF49071009301900722D5F894060E4BCD
:10E3000000F0DEFC80B90D4B019000930290039069
:10E31000049005900A4928680A4A2346FBF7E6FF5D
:10E3200010B9204607B030BD2046E9F333F1002490
:10E33000F7E700BFC19D8500299B8500659B85008F
:10E34000ECED880034590100036810B50446054916
:10E3500018682246FBF76FFF2046BDE81040E9F33E
:10E3600019B100BF3459010070B5054686B00C20C4
:10E37000E9F304F10446002863D00560002601900B
:10E3800004212846334A344B0096FFF7D1FAB042B5
:10E39000606059DB04212846304A314B00960194D5
:10E3A00003F00CFDB042A0604EDB28462D4922460A
:10E3B000FFF7DCFA002847D12B4BD5F894068DE8FF
:10E3C00018004FF490712522284B00F079FC0028AA
:10E3D0003AD1274BD5F894068DE818004FF4907188
:10E3E0003C22244B00F06CFC00282DD1D5F894067B
:10E3F00005219C22204B009500F036FF002823D1F8
:10E40000D5F89406802125221C4B009400F070FD65
:10E41000D0B9D5F8940680213C22194B009400F025
:10E4200067FD88B9174B01900093174B0390029337
:10E430000490059015492868154A2346FBF756FFB6
:10E4400010B9204606B070BD2046E9F3A3F00024C1
:10E45000F7E700BF51A3850011A3850059A78500E8
:10E4600045A78500CDA38500E5A98500F1A385001A
:10E4700015AA850019A4850031A28500D1A28500C6
:10E48000F1A2850009A58500E1A9850028EE880094
:10E4900050B9890038B505680446224628680649FF
:10E4A000FBF7C9FE284605492246FFF764FA2046D5
:10E4B000BDE83840E9F36EB050B98900CDA38500BE
:10E4C000024602490068FBF7B6BE00BF3A59010098
:10E4D00030B50D4B87B0009300230446019302939F
:10E4E0000393049305930949094A23460068FBF7FF
:10E4F000FDFE002814BF4FF0FF350025204638F000
:10E5000071D8284607B030BDA1B08500445901003C
:10E510003A5901002DE9F043064687B038200F46EE
:10E5200091469846E9F324F00446002838D00021AB
:10E530003822E4F307F0D7F83C0640211A4A04F1E8
:10E540002003F5F711FB054620B12046E9F322F040
:10E55000002425E0154BC4F81C80A760C4F80C907B
:10E560002661134900930190029003900490059056
:10E57000234630460F4AFBF7B9FE034660B9E06810
:10E580000D492246F5F390F30546A06140B9206994
:10E590000A492246FBF74FFE2046E8F3FBF72C46DC
:10E5A000204607B0BDE8F08314C68900EDB48500AD
:10E5B00058EE8800B89E02004DB585005C590100F8
:10E5C00010B5044638F042DA0F4920692246FBF7BD
:10E5D00032FEA16961B1237D23B1E068F5F3E0F279
:10E5E00000232375E068A169F5F346F30023A361D6
:10E5F000A36804F12001D3F83C06F5F7C1FA2046E0
:10E60000E8F3C8F7002010BDB89E020010B504461C
:10E61000C0B122460C494068FFF7C3F92246606842
:10E620000A4903F00EFE224660680949FFF7A3F984
:10E63000A06808492246FBF7FEFD2046BDE81040D1
:10E64000E8F3A8B710BD00BF21BF850081C58500D4
:10E6500029BB85006359010070B5054686B01820B6
:10E66000E8F386F70446002800F0E980002118222C
:10E67000E3F368F72B680022A360AB686560E36092
:10E680006B68042123610423A38228466D4B8DE827
:10E690001400FFF74DF900282060C0F2CC80284616
:10E6A00069492246FFF778F9002840F0C4802846DF
:10E6B00066492246FFF75AF9002840F0BC802846F8
:10E6C0006349224603F0B8FD002840F0B480614B56
:10E6D0000190009302900390049005905E49286891
:10E6E0005E4A2346FBF702FE002840F0A4805C4906
:10E6F0000322D5F8BC063CF039DA5A4E5A490222B8
:10E70000D5F8C0063CF032DAD5F89406B0213022B4
:10E71000564B0096019400F051FA002840F08B808F
:10E72000534BD5F894068DE8180040F605013622C3
:10E73000504B00F0C5FA00287DD14F4BD5F8940618
:10E740008DE8180040F6040137224C4B00F0B8FA6F
:10E75000002870D1D5F8BC063021444A33460094D5
:10E7600001F009F8002866D1D5F8BC063621414AE7
:10E770003F4B009400F0FFFF00285CD1D5F8BC06A9
:10E7800037213E4A3C4B009400F0F5FF002852D15F
:10E79000D5F8C00639213A4A3A4B009400F0EBFF15
:10E7A000002848D1D5F89406C0213622364B009473
:10E7B00000F03CFD00283ED13021D5F894060A46F1
:10E7C000324B009400F094FB002834D1D5F8940625
:10E7D00040F60A0136222E4B009400F027FD50BB74
:10E7E000D5F8940640F60A0137222A4B009400F02F
:10E7F0001DFD00BBD5F8940630213922264B00942C
:10E8000000F014FDB8B9D5F8BC0630211F4A2346E4
:10E8100001F044F878B9D5F8BC0636211C4A2346E5
:10E8200001F03CF838B9D5F8BC063721194A23461F
:10E8300001F034F818B12046FFF7E8FE0024204626
:10E8400006B070BDA1BA850021BF850029BB850037
:10E8500081C5850035BC850080EE880063590100C4
:10E860007CEE880019BA8500A4EE880071B8850096
:10E8700085C68500A5BB8500C1C5850035BB850063
:10E8800021BC8500DDC68500C9C4850005C28500A0
:10E89000C9C0850011C0850035C1850008B1E8F305
:10E8A00079B6704737B505463820E8F367F6044671
:10E8B00050B14FF0FF33056005490193054A064BFF
:10E8C000009539F0ABDD01E0FFF7E8FF20463EBDE3
:10E8D000E9CD8500F1CD8500E1CD850070B5054617
:10E8E00086B01020E8F344F60446002838D0002112
:10E8F0001022E3F327F6002625600121C5F8CC4657
:10E900002846194A194B00960194FFF711F8B042B6
:10E91000E06021DB164B28688DE848001549164A4F
:10E9200023460296039604960596FBF7DFFC98B9FA
:10E93000124BD5F894068DE828000521BE22104B15
:10E9400000F04AFA40B9D5F89406C021BE220D4B1A
:10E95000009500F0F1FC18B12046E8F31BF6002406
:10E96000204606B070BD00BF8DD0850089D08500DF
:10E97000E1CF8500A8EE8800BF9E02005DD0850033
:10E980003DD0850091D0850010B5044688B103794B
:10E9900023B18068E8F3FEF500232371236805495D
:10E9A00018682246FBF747FC2046BDE81040E8F314
:10E9B000F1B510BDBF9E020008B1E8F3EBB570479A
:10E9C00037B505460420E8F3D3F50446002855D0B2
:10E9D0002D4B056040F23F11009301902D22D5F898
:10E9E00094062A4B00F06CF9002847D1284BD5F843
:10E9F00094068DE818004FF495713D22254B00F0E8
:10EA00005FF900283AD1244BD5F894068DE8180018
:10EA10004FF495714A22214B00F052F970BB204B04
:10EA2000D5F894068DE81800152150221D4B00F0F2
:10EA3000D3F918BBD5F8940605212D221A4B009462
:10EA400000F0F4FBD0B9D5F89406C0212D22174B65
:10EA5000009400F0EBFB88B9D5F89406C0213D2264
:10EA6000134B009400F0E2FB40B9D5F89406C021A6
:10EA70005022104B009400F05FFC18B12046FFF7C5
:10EA80009BFF002420463EBDC5D28500CDD0850029
:10EA900011D38500E1D085000DD38500DDD0850040
:10EAA00071D28500B5D0850041D1850001D28500A5
:10EAB00021D285007DD1850010B50446A0B1036840
:10EAC000806F00225A6108B1E8F364F5D4F8980029
:10EAD00008B1E8F35FF5606808B1E8F35BF520463C
:10EAE000BDE81040E8F356B510BD2DE9F0410446ED
:10EAF0004FF4B6700D4616469846E8F33FF50746C4
:10EB000010B940F2F2331EE004608560C660282030
:10EB1000E8F334F5B86710B940F2F33313E0582046
:10EB2000E8F32CF5C7F8980040B12C30C7F89C00EA
:10EB30003020E8F323F5786060B902E04FF47D738C
:10EB400001E040F2F5333846C8F80030FFF7B4FF73
:10EB5000002703E00023C8F8003060613846BDE8B4
:10EB6000F0810023C218D2F8C020CA500433182BF9
:10EB7000F8D170474FF4C863C0F864366823C0F812
:10EB800068364FF48073C0F86C360223C0F87036D4
:10EB9000C0F874367047000010B5044650B10368E1
:10EBA000054918682246FBF746FB2046BDE81040A1
:10EBB000E8F3F0B410BD00BF0D5A010001F0F00100
:10EBC0002DE9F04F0E110168B0F81080096889B086
:10EBD000C9699446D1F8C010079388450446B0F837
:10EBE00012A0838AC78AB2B25CDA817900295CD12B
:10EBF000324D05EBC200808806E055F8329019F8D6
:10EC00000190E14502D001318142F6D381424FD0DB
:10EC1000E71937F812B0013237F81250A2444545CF
:10EC200023441AD2C5EB080805F101090AEB0501D6
:10EC300042460AEB0900CDF814C00693E3F35EF4F4
:10EC4000069B0C2202FB093002FB053102FB08F295
:10EC5000E3F354F4DDF814C0069B3146002207E0CC
:10EC600007EB460030F802E00EF1010E20F802E05A
:10EC7000013102320D29F3D91299CBEB0502009133
:10EC800013990AEB0B0001910C2101FB0B3192B29D
:10EC9000079BCDF808C000F0A1FB238A00200133B8
:10ECA000238207E06FF0150004E06FF0160001E02A
:10ECB0006FF01D0009B0BDE8F08F00BF685901007A
:10ECC0002DE9F347DDF82890DDF82CA007460E4625
:10ECD00015469846002456FA04F3DB070AD52101AD
:10ECE000384601F0F0012A4643468DE80006FFF75A
:10ECF00065FF18B901340D2CEDD10020BDE8FC876B
:10ED00002DE9F04F89B007920268B0F818801268B8
:10ED10009C46D2690446D2F8C420B0F81AA09045A7
:10ED2000838BC78B50DA8279002A50D101F0F0062C
:10ED30003611C719B2B237F812B0013237F8125093
:10ED40008244454503441AD2C5EB080805F1010980
:10ED50000AEB050142460AEB0900CDF814C0069300
:10ED6000E3F3CCF3069B0C2202FB093002FB0531D6
:10ED700002FB08F2E3F3C2F3DDF814C0069B314650
:10ED8000002207E007EB460030F802E00EF1010E2A
:10ED900020F802E0013102320D29F3D91299CBEBB0
:10EDA0000502009113990AEB0B000191079992B2A9
:10EDB00002910C2101FB0B31634600F00FFB238B0A
:10EDC00000200133238304E06FF0150001E06FF0B1
:10EDD000160009B0BDE8F08F2DE9F347DDF8289063
:10EDE000DDF82CA007460E4615469846002456FA34
:10EDF00004F3DA070AD52101384601F0F0012A466A
:10EE000043468DE80006FFF77BFF18B901340D2C4F
:10EE1000EDD10020BDE8FC872DE9F04F89B00792C5
:10EE20000268B0F8308012689C46D2690446D2F875
:10EE30000021B0F832A09045838EC78E50DA8279D7
:10EE4000002A50D101F0F0063611C719B2B237F8D6
:10EE500012B0013237F812508244454503441AD2A9
:10EE6000C5EB080805F101090AEB050142460AEB6A
:10EE70000900CDF814C00693E3F340F3069B0C227F
:10EE800002FB093002FB053102FB08F2E3F336F323
:10EE9000DDF814C0069B3146002207E007EB460070
:10EEA00030F802E00EF1010E20F802E001310232EA
:10EEB0000D29F3D91299CBEB0502009113990AEBB6
:10EEC0000B000191079992B202910C2101FB0B31C9
:10EED000634600F083FA238E00200133238604E08A
:10EEE0006FF0150001E06FF0160009B0BDE8F08F7B
:10EEF0002DE9F04F87B005920268B0F820801268C3
:10EF00009C46D2690446D2F8C820B0F822A09045A9
:10EF1000838CC78C4CDA8279002A4CD101F0F00640
:10EF20003611C719B2B237F812B0013237F81250A1
:10EF300082444545034419D2C5EB080805F101098F
:10EF40000AEB050142460AEB0900CDF80CC0049318
:10EF5000E3F3D4F2049B4FEAC80203EBC90003EBCE
:10EF6000C501E3F3CBF2DDF80CC0049B314600226F
:10EF700007E007EB460030F802E00EF1010E20F842
:10EF800002E0013102320D29F3D91099CBEB0502D1
:10EF9000009105990AEB0B00019192B203EBCB01B2
:10EFA000634600F02BFA238C00200133238404E015
:10EFB0006FF0150001E06FF0160007B0BDE8F08FAC
:10EFC0000368F0B5DB690C25B3F8C020064605FBE5
:10EFD00002F4433222F003020134A418B3F8C4202F
:10EFE0004FF6FE7102F11F006A4321404118501C88
:10EFF0004FF6FC720A408218B3F800014FF6FE711A
:10F0000000F11F046843114061184FF6FC72013093
:10F010000A408218B3F8C8004FF6FE7100F11F04D1
:10F0200011406118C0004FF6FC7201300A4082188E
:10F03000B3F8CC004FF6FE7100F11F0411406118C7
:10F04000C0004FF6FC720A40B3F80431013080185A
:10F050004FF6FE7203F11F010240DB008A18591CB3
:10F060004FF6FC731340CB184FF6FE771F401C374A
:10F07000BFB287B03846E8F37BF20446002800F0C0
:10F08000BC8000213A46E3F35DF24023638233689B
:10F090004FF6FC72DB692660B3F8C010A78001F15F
:10F0A0004300024005FB0121A28201314FF6FE72AE
:10F0B0000A40B3F8C410E2821C3292B2C81C101885
:10F0C00062834FF6FC72024005FB0121A2830131ED
:10F0D0004FF6FE720A40B3F80011E2831C3292B27E
:10F0E000C81C101862864FF6FC72024005FB012115
:10F0F000A28601314FF6FE720A40B3F8C810E286CC
:10F100001C3292B2C81C101862844FF6FC72024086
:10F1100002EBC1010131A2844FF6FE720A40B3F83E
:10F12000CC10E2841C3292B2C81C101862854FF6D3
:10F13000FC72024002EBC1010131A2854FF6FE7262
:10F140000A40B3F80411E2851C3292B2CB1C6287EC
:10F15000D2184FF6FC731340A38703EBC1030133AE
:10F160004FF6FE721A40E2870025274F57F83530D8
:10F1700063B1264B29018DE81800DD22204601F0FD
:10F18000F001234BFFF71AFD002836DB01350D2D6A
:10F19000EBD1002557F8353053B12901DD22204647
:10F1A00001F0F0011B4B0094FFF7A2FE002824DBC6
:10F1B00001350D2DEED1184BB0218DE81800FF223E
:10F1C0002046164BFFF7FAFC002816DBB021FF2281
:10F1D0002046134B0094FFF78BFE00280DDB114BEC
:10F1E000002102933068104A234600910191039157
:10F1F00004910591FBF77AF818B12046FFF7CCFC93
:10F200000024204607B0F0BD685901000DD58500E7
:10F2100061D58500ADD58500F1E0000043E1000037
:10F2200091E0000099D485000D5A01002DE9F743C3
:10F23000DDF8289007460E4615469846002456FAF3
:10F2400004F3D8070AD52101384601F0F0012A4617
:10F250004346CDF80090FFF74BFE18B901340D2C52
:10F26000EDD10020BDE8FE832DE9F04F87B0059277
:10F270000268B0F8288012689C46D2690446D2F829
:10F28000CC20B0F82AA09045838DC78D4CDA8279C6
:10F29000002A4CD101F0F0063611C719B2B237F886
:10F2A00012B0013237F8125082444545034419D256
:10F2B000C5EB080805F101090AEB050142460AEB16
:10F2C0000900CDF80CC00493E3F318F1049B4FEA56
:10F2D000C80203EBC90003EBC501E3F30FF1DDF84E
:10F2E0000CC0049B3146002207E007EB460030F8D3
:10F2F00002E00EF1010E20F802E0013102320D2988
:10F30000F3D91099CBEB0502009105990AEB0B009C
:10F31000019192B203EBCB01634600F06FF8238DAD
:10F3200000200133238504E06FF0150001E06FF049
:10F33000160007B0BDE8F08F2DE9F743DDF82890FF
:10F3400007460E4615469846002456FA04F3DB0796
:10F350000AD52101384601F0F0012A464346CDF88E
:10F360000090FFF781FF18B901340D2CEDD100207A
:10F37000BDE8FE832DE9F047089F9A4604469DF8B4
:10F380002460034600250CE013F8010B86420AD0E6
:10F390001DB113F802ECB64501D2864203D90135FE
:10F3A000ADB29542F0D1AA4207FB05180ED9C5EBC4
:10F3B0000209414607FB09F208EB0700E3F39EF060
:10F3C000681C201861194A46E3F398F040465146FC
:10F3D0003A46E3F333F06655BDE8F0877FB5039313
:10F3E000089B0493099B05930C2300939DF82830F8
:10F3F000019303ABFFF7BEFF07B000BD1FB502933B
:10F40000069B0393082300939DF81C30019302ABE5
:10F41000FFF7B0FF05B000BD37B5254BD0F89456C7
:10F4200004460093019040F23F1128467F22214B71
:10F43000FFF746FC00283AD11F4B28468DE81800FC
:10F4400041F63F5140221D4BFFF7C6FC78BB1C4BD9
:10F4500028468DE8180040F63F119822194BFFF717
:10F46000BBFC20BB184B28468DE8180040F22F113A
:10F47000A822164BFFF7B0FCC8B9284640F20F117E
:10F480007F22134B0094FFF7D1FE80B9284640F24B
:10F490000F1198220F4B0094FFF74EFF38B9284602
:10F4A00040F20F11A8220C4B0094FFF745FF3EBD20
:10F4B00055F0850081EC8500A1F08500A1EC850068
:10F4C00009F0850007E2000019F1850015ED8500BF
:10F4D000C5ED850085ED850001EE850037B5104B43
:10F4E000D0F8945604460093019005212846002246
:10F4F0000C4BFFF7E5FB90B90B4B28468DE8180045
:10F5000005210122094BFFF7DBFB40B9084B2846D8
:10F510008DE8180005213222064BFFF7D1FB3EBDD6
:10F5200049E7850011E7850065E785001DE785004F
:10F530002DE7850001E7850037B5254BD0F89456B7
:10F540000446009301904FF4907128460022214B0D
:10F55000FFF7B6FB00283AD11F4B28468DE818006C
:10F560004FF4907101221D4BFFF7AAFB78BB1C4B97
:10F5700028468DE818004FF490713222194BFFF79E
:10F580009FFB20BB184B28468DE818004FF4907164
:10F590000322164BFFF794FBC8B9154B28468DE89C
:10F5A00018004FF490710622124BFFF789FB70B9D7
:10F5B000284680210522104B0094FFF799FC30B9B2
:10F5C0002846802105220D4B0094FFF791FC3EBD9B
:10F5D00001EC850089E985003DEC850091E9850015
:10F5E000A5EB850045E9850079EB850031E98500CB
:10F5F000CDEB850061E985009DE9850019EB85006B
:10F6000037B5154BD0F8945604460093019040212D
:10F6100028460022114BFFF7D1FAE0B9104B2846DB
:10F620008DE81800402101220E4BFFF7C7FA90B970
:10F630000D4B28468DE81800402132220B4BFFF776
:10F64000BDFA40B90A4B28468DE818004021032234
:10F65000084BFFF7B3FA3EBD8DF2850031F285000D
:10F66000A5F285003DF2850071F2850021F285004A
:10F6700049F2850011F2850037B50A4BD0F894564F
:10F68000044600930190B02128461022064BFFF754
:10F6900095FA30B92846B0211022044B0094FFF7A8
:10F6A00027FC3EBD65E8850081E78500ADE7850064
:10F6B00037B5D0F8945604460090C0212846002261
:10F6C000114BFFF7B3FDF0B92846C02101220F4BC3
:10F6D0000094FFF7ABFDB0B92846C02106220C4BC1
:10F6E0000094FFF7A3FD70B92846C021A822094B5A
:10F6F0000094FFF721FE30B92846C0219822064B1E
:10F700000094FFF719FE3EBDF9F2850021F3850054
:10F71000D9F285003DF38500C1F2850010B504469D
:10F7200050B10368054918682246FAF784FD20465F
:10F73000BDE81040E7F32EB710BD00BFAA5A010084
:10F7400038B505460C20E7F313F7044638B100211D
:10F750000C22E2F3F7F60C232560A38001E0FFF70B
:10F76000DDFF204638BD28B18368DA88013ADA80A7
:10F77000E7F310B770472DE9F04F9B46038B87B036
:10F78000C518C65AB5F80480438AC6EB08089845E0
:10F7900005919446878AB0F816A032DA6C88C719AA
:10F7A0004445824416DAC4EB080804F1010939190A
:10F7B000424607EB0900CDF810C0E2F39FF60C2299
:10F7C00002FB09A002FB04A102FB08F2E2F396F699
:10F7D000DDF810C06B88A21B01336B80AB880C2155
:10F7E0000133AB80109BB8190193059B01FB06A167
:10F7F000029392B26346CDF800B0FFF7EFFD002010
:10F8000001E06FF0150007B0BDE8F08F2DE9F04F73
:10F810009B46038B9446C518AC8830F80380428A17
:10F82000C8EB040387B093420591878AB0F816A00D
:10F830002FDA9C42074482446E8816DAC8F1000829
:10F8400004F101093919424607EB0900CDF810C04F
:10F85000E2F354F60C2202FB09A002FB04A102FB16
:10F8600008F2E2F34BF6DDF810C0AB88A21B0133BF
:10F87000AB80109B0C210193059BB819029301FBEF
:10F8800006A192B26346CDF800B0FFF7A7FD0020B5
:10F8900001E06FF0150007B0BDE8F08F2DE9F04FE3
:10F8A0009B46038C85B0C518C65AB5F80480438BB7
:10F8B000C6EB0808984503919446878BB0F81EA0C4
:10F8C0002EDA6C88C7194445824415DAC4EB08085F
:10F8D00004F101093919424607EB0900CDF808C0C7
:10F8E000E2F30CF60AEBC9000AEBC4014FEAC802C6
:10F8F000E2F304F6DDF808C06B88A21B01336B80CD
:10F90000AB88B8190133AB80039B0AEBC6010193A6
:10F9100092B26346CDF800B0FFF770FD002001E021
:10F920006FF0150005B0BDE8F08F00002DE9F04F35
:10F93000036885B003931B681546DB69C288D3F85A
:10F94000D03007469A420E465BDA09B14E1CB6B279
:10F950000DB10135ADB206F127034FF6FC7A03EA8B
:10F960000A0A0C2303FB06A34FF6FE78013303EAD1
:10F97000080808F10903EB184FF6FC7B03EA0B0BB0
:10F980000BEBC50201324FF6FE73134003F106097B
:10F990001FFA89F948460293E7F3EAF5044600287E
:10F9A00030D000214A46E2F3CDF5029B039923842F
:10F9B000FB88A4F81880242208F10608013321608E
:10F9C000A760A4F81090A282A4F816A0A4F81C8046
:10F9D000A4F81EB066826583FB8046B1DD21204617
:10F9E0000C4A0D4B0094FFF7C6FE00280ADB6DB1F0
:10F9F000DD212046094A2346FFF750FF002805DA9B
:10FA000000E000242046FFF7AEFE0024204605B0AB
:10FA1000BDE8F08F85F5850041F58500BDF58500D1
:10FA20007FB50A4A03460092002201920292039295
:10FA3000049205920649074A0068FAF757FC002825
:10FA400014BF4FF0FF30002007B000BD991E8600A4
:10FA500078F08800AE5A0100024602490068FAF7C1
:10FA6000EABB00BFAE5A010010B5044648B10368B6
:10FA700021461868FAF7FEFC2046BDE81040E7F37F
:10FA800089B510BD37B505460820E7F377F504467C
:10FA9000A0B10560002201900C2128460A4B00927B
:10FAA000FDF746FF0028606008DB084B28680093DC
:10FAB0002146074A0423FAF76CFC18B12046FFF7E9
:10FAC000D3FF002420463EBD1D2686002CF1880071
:10FAD0003126860010B50446C06818B1E7F35AF520
:10FAE0000023E36010BD10B50446A020E7F340F505
:10FAF00070B1E060A06000F19002034610339342C1
:10FB000043F8103CFAD10023C0F89030184610BDDD
:10FB10006FF01A0010BD000038B50446002852D01E
:10FB2000002105683FF04EDA20463FF02BD863698C
:10FB300033B12046002141F015DA606938F044DC29
:10FB4000A36933B12046012141F00CDAA06938F0F5
:10FB50003BDC236933B12046022141F003DA2069FE
:10FB600038F032DCE36F33B12046032141F0FAD99B
:10FB7000E06F38F029DC204641F09AD9D4F898009B
:10FB8000E7F308F501E03EF027DEE16920460029B1
:10FB9000F9D1FFF79FFFD5F8440118B10A492A4669
:10FBA00000F08FF9286809492246FAF744FBD4F897
:10FBB000A8301BB104F1A800E1F3DAF62046BDE855
:10FBC0003840E7F3E7B438BD11428600F4C8890035
:10FBD00030B5054687B0B020E7F3CAF404460028E4
:10FBE00000F099800021B022E2F3ACF40A2384F8FB
:10FBF0004330012384F84830FF2384F8203084F810
:10FC0000213084F8223084F823302560C420E7F3C3
:10FC1000AFF4C4F8980000287DD020463FF0C4D946
:10FC200020463FF047DD2B6841F26B02D3F8D43019
:10FC300020F07F00196BA0879142204608D19B6A73
:10FC4000932B05D13FF036DDC0F58440683001E0EC
:10FC50003FF034DDE087E38F204623F07F03E38726
:10FC60003FF02CDD41F2883222652E4A002320F03D
:10FC70007F00A4F84000E36400922B4A04930192B1
:10FC80002A4A059302922A4A2868039229492A4A55
:10FC90002346FAF72BFB00283DD1D5F8E80538F0CC
:10FCA00069DB6061002836D0D5F8E80538F062DB02
:10FCB000A06180B3D5F8E80538F05CDB206150B373
:10FCC0002046FFF710FF30BBD5F8E80538F052DBCF
:10FCD000E06700B3012384F87830D5F8440141F29D
:10FCE0007073A4F87A3020B114492A4600F0E6F87F
:10FCF00088B9204601213FF065D94FF44843A365F8
:10FD00000023E36532232366D5F8380604F1A80101
:10FD1000E1F318F618B12046FFF7FEFE0024204656
:10FD200007B030BD59348600B15286003952860082
:10FD3000ED3686004CF18800F4C889001142860037
:10FD400038B50446002827D005681449286822469B
:10FD5000FAF771FA236A1BB104F12000E1F308F607
:10FD6000E3691BB104F11C00E1F302F6A3691BB1C6
:10FD700004F11800E1F3FCF563691BB104F1140010
:10FD8000E1F3F6F5284606492246FDF7F4FD204644
:10FD9000BDE83840E7F3FEB338BD00BFB0CB890003
:10FDA0002D62860070B5054686B03020E7F3E6F395
:10FDB0000446002859D04FF0FF3303610422FF218D
:10FDC00005600A30E2F3BEF30B2104F10E00E3F309
:10FDD00091F700238DE8180004212846264A274B76
:10FDE000FDF7A6FD002860603FDB28462449224637
:10FDF000FDF7BCFD002838D1D5F8386604F11401B0
:10FE00003046E1F39FF500282FD1304604F1180168
:10FE1000E1F398F548BB304604F11C01E1F392F59B
:10FE200018BB304604F12001E1F38CF5E8B9154B1D
:10FE300001900093144B04900293144B059003938C
:10FE400028681349134A2346FAF750FA68B920463E
:10FE500041F09ADF20B12046012141F0C9DF20B9ED
:10FE60003223A3622623636203E02046FFF768FF84
:10FE70000024204606B070BD45638600FD62860002
:10FE80002D628600A962860051658600F9628600AF
:10FE90003CF28800B0CB89004069E1F32FB540699E
:10FEA000E1F38EB58069E1F329B58069E1F388B5A6
:10FEB000C069E1F323B5C069E1F382B5006AE1F3FB
:10FEC0001DB5006AE1F37CB538B5044660B105683C
:10FED000224606492868FAF7AEF92046E7F35AF3B6
:10FEE0002B68002283F84E2038BD00BF54CC890017
:10FEF00070B50368002686B0054683F84E600C2076
:10FF0000E7F33CF30446002843D0234B0560234924
:10FF10008DE848002868224A2346029603960496F4
:10FF20000596FAF7E3F9064600282ED18DE8110070
:10FF30001C2128461B4A1C4BFDF7FAFC0028606078
:10FF400023DB0C212846194A194B0096019401F035
:10FF500035FF0028A06018DB164BD5F894068DE815
:10FF600018000A213822144BFEF7AAFE68B9D5F80A
:10FF700094060A213822114B0095FFF757F920B952
:10FF80002B68012283F84E2003E02046FFF79CFFF8
:10FF90000024204606B070BDD971860054F2880056
:10FFA00054CC8900A97186007D7186009176860007
:10FFB0005D7686007D778600197786004977860012
:10FFC00070B5064686B00820E7F3D2F20446A0B129
:10FFD0000B4B0025066045600A498DE82800306813
:10FFE000094A23460295039504950595FAF77EF98B
:10FFF00018B12046E7F3CEF22C46204606B070BD7D
:020000041003E7
:100000004D7E860098F28800B0C6890010B504467F
:1000100050B10368054918682246FAF70CF92046E2
:10002000BDE81040E7F3B6B210BD00BFB0C689000E
:1000300070B5044600282AD0066822463068144964
:10004000D6F84451FAF7F7F8224630461149FDF741
:1000500092FC224630461049FDF799FC224628467C
:100060000E49FFF71CFF224628460D49FFF71DFFEA
:10007000224628460B49FFF71EFF28460A4922461A
:10008000FFF71FFF2046BDE87040E7F383B270BD65
:1000900035D289005D8786006D978600FD848600D5
:1000A000E9868600CDAA8600A5928600F0B5D0F834
:1000B000446187B005465820E7F35AF20446002809
:1000C00000F0938000215822E2F33CF220462021E8
:1000D000494A40F8205BE2F39BF201274FF0FF33DF
:1000E000E06184F84070A4F84C3030464349224621
:1000F000FFF7D2FE002878D1304641492246FFF76B
:10010000D1FE002871D130463E492246FFF7D0FE8D
:1001100000286AD130463C492246FFF7CFFE00282E
:1001200063D1284639492246FDF72CFC06460028B3
:100130005BD18DE8110004212846354A354BFDF787
:10014000F7FB0028206150DB28463946324633460B
:1001500000960194FDF7ECFB0028606145DB04216B
:1001600028462D4A2D4B0096019401F027FE0028C9
:10017000A0613ADB28462A492246FDF7F7FB002812
:1001800033D1284B03EBC60253F8363063B15268C3
:1001900052B131018DE81400D5F8940601F0F00158
:1001A000C022FEF7ADFD00BB01360D2EE9D11E4B7E
:1001B0001E4A009300230193029203930493059334
:1001C00028681B491B4A2346FAF790F868B920466D
:1001D00046F0F6D820B12046012144F0C3D820B91A
:1001E000636C43F00403636403E02046FFF720FFE1
:1001F0000024204607B0F0BDB15A0100FD848600FE
:10020000E9868600CDAA8600A59286006D978600B5
:100210000192860089918600059E8600F19D8600E8
:100220005D878600C49E0200198A860055AB860051
:10023000ECF2880035D2890038B50446D0B1806828
:1002400008B1E7F3A7F1236943B90EE0236953F836
:10025000350008B1E7F39EF1013500E00025E368C1
:100260009D42F3DB2069E7F395F12046BDE8384075
:10027000E7F390B138BD00002DE9F04105461820A4
:10028000E7F37CF10446002833D02B680560DB6976
:100290000C20DB6901335843E7F370F1A06040B3F1
:1002A0002B681820DB69DA695B6F6260E360E7F353
:1002B0005FF12061E8B1124918220026E2F3BEF096
:1002C00037460EE00E4BD4F810809B191879800049
:1002D000E7F354F1236948F806009B59083643B107
:1002E0000137E3689F42EDDB6B68064ADC609A6089
:1002F00003E02046FFF7A0FF00242046BDE8F08180
:100300002C9F0200B9BC860010B5C468A1420BDA6C
:10031000006900EBC1042479A24208DA50F83110D8
:10032000002041F8223010BD6FF0150010BD6FF0B5
:10033000150010BD47F06C9B10B50446FFF7FAFF9F
:10034000E084000C84F82800002010BDD0F8F033C1
:1003500010B5044683B1D3F8280830B1E7F31AF199
:10036000D4F8F0330022C3F82828D4F8F003E7F3D8
:1003700011F10023C4F8F03310BDC36B10B504466F
:1003800083B1836B5B6B0B2B07D1D0F8E00320B1FB
:10039000E7F300F10023C4F8E033E06BE7F3FAF091
:1003A0000023E36310BD10B504460120E7F3E0F03D
:1003B0000346E063A8B100210122E2F3C3F0A36B7E
:1003C0005B6B0B2B0CD14FF49470E7F3D1F0034629
:1003D000C4F8E00328B100214FF49472E2F3B2F0C4
:1003E0000123184610BD70B5044640F678100D463E
:1003F000E7F3BEF0C4F8F003002831D0002140F646
:100400007812E2F39FF0B4F85220D4F8F0330026CB
:100410001A70D4F8F033204683F8B660C3F8B060A1
:10042000D4F8F03383F8B460A36B83F88460A36BD3
:100430001E679E673C23C4F8BC301023C4F8C0304C
:10044000C4F8C46000F09AFFA36B022D0CBF1A6FB2
:100450009A6F0020DA6684F8C36284F8C26270BDC5
:100460006FF01A0070BD0000B0F8C632F7B5044650
:100470000E46FBB10846E2F311F107461348E2F3DA
:100480000DF13F181037BFB23846E7F371F005465B
:10049000B8B1B4F8C632394600930D4A3346E2F398
:1004A000B7F0E06C2946E2F3E9F607462846E7F3A1
:1004B00071F03FB9E06C314603B0BDE8F040E2F3C3
:1004C000DDB60746384603B0F0BD00BF8F9F02007F
:1004D0007A9F0200044B1B78012B02D10020007090
:1004E0007047FFF7C1BF00BFFC0300002DE9F347D1
:1004F0001C46B0F8C632074688469146C66C002BAB
:1005000032D00846E2F3CAF082462248E2F3C6F04F
:1005100082440AF1100A1FFA8AFA5046E7F328F0DB
:10052000054600282FD0B7F8C632514600931A4A24
:100530004346E2F36DF038462946FFF7CBFF074606
:1005400068B130462946E2F38DF640B1484506DDF4
:10055000304629464A46E2F379F6824600E0A24652
:100560002846E7F317F08FB930464146E2F37AF6B2
:1005700058B1484509DD304641464A4602B0BDE81B
:10058000F047E2F363B6824600E0A246504602B06E
:10059000BDE8F0878F9F02007A9F020010B51446D5
:1005A000FFF798FF28B100210A46BDE81040E2F3AA
:1005B00001B4204610BD000038B500220D460849A0
:1005C0000446FFF7EBFFC0B22823A84284F8660375
:1005D00084F8D531CCBF84F8663384F8D50138BDB2
:1005E000D69F0200012238B580F860200A23826B72
:1005F000002580F89E31032380F89F3180F86F53E7
:1006000080F8715380F8735380F8755380F87753EE
:1006100080F8BA5182F88A304FF6CE73A0F878325B
:1006200014491422C0F874520446FFF7B7FF124968
:1006300084F866032A462046FFF7B0FF7F2384F83C
:100640007B304FF0FF33A4F8983004F5F673C4F80C
:100650008C31642384F858300423C4F8280384F8C8
:100660006C50C4F8E453C4F8745284F8D43184F85C
:10067000D63138BDD69F02005E9F02000022FFF7F0
:100680008DBF000010B517490446FFF7F7FFC0B251
:1006900084F8E8030138C0B2FD2802D9732384F836
:1006A000E83394F8E833204684F8E9330E49FFF73D
:1006B000E5FFC0B284F8EA0308B10F2802D1052390
:1006C00084F8EA3394F8E82394F8EA33D31A84F8E8
:1006D000EB33002384F8EC3384F8EE33112384F8F1
:1006E000ED3310BD849F0200E79F02002DE9F04129
:1006F00005460C4617461E46FFF7ECFE38B1284665
:1007000021463A463346BDE8F041FFF7EFBE30469A
:10071000BDE8F0810023FFF7E9BF000070B50122BA
:100720000D463C490446FFF739FF3B4984F868030E
:1007300000222046FFF732FF384984F82C030722B5
:100740002046FFF72BFF364984F82D032046FFF79C
:10075000C1FE88B132492046A66BFFF78FFF3049B2
:1007600030672046A66BFFF789FFA36BB067022DA9
:100770000CBF1A6F9A6FDA662A4900226FF0950350
:100780002046FFF7B3FF274984F8340301222046AF
:100790006FF09503FFF7AAFF022584F835030023C5
:1007A0002A4620461F49FFF7A1FF63190135052D91
:1007B00083F83403F3D100252A4620461A49FFF76F
:1007C000A9FF631901350E2D83F85703F4D10123D6
:1007D00084F86733062220461449FFF7DFFE002223
:1007E00084F8650312492046A56BFFF7D7FE11492F
:1007F00085F82C0100222046FFF7D0FE002384F864
:100800003E034021204684F82433BDE87040FFF7C2
:10081000D3BE00BF6E9F0200449F0200C89F02002B
:10082000A09F0200F89F0200C19F0200959F020056
:10083000AD9F0200699F020010B5044628B104680C
:10084000003418BF0124E6F3A5F6204610BD10B50C
:10085000848B0C80018C118040F2DA321A8090F87F
:100860003520029B01201A8010BD90F8340070479B
:10087000C06A7047836B9961704738B50446002899
:100880003ED0C56D013DC565002D39D1FFF75EFD38
:100890002046FFF772FDD4F8801229B1A36B1869C6
:1008A00000F08CFDC4F88052002584F89551204654
:1008B00046F0E4DEA26B1368A34202D1A36C13607E
:1008C00003E09A6CA2421DD19D64D4F8943A0BB116
:1008D00020469847A36B186951F094D8D4F8E413D4
:1008E00020B141B1204647F08FD804E019B1A36B85
:1008F000986852F0CDDC2046E6F34CF6002038BD77
:10090000012038BD012038BD2DE9F0478A4600217D
:1009100004461546C0680A4676469946EBF3DCF66F
:10092000804600070CD5276857B1BB6BC7F84C90C1
:100930001869F96A51F02CD8FB6D0133FB65CEE0E4
:100940004FF42F60E6F314F6074628B96FF01A004B
:10095000314648F0A3DDC5E000214FF42F62E1F3FA
:10096000F1F5FB6DC7F844A00133FB652368BC6358
:10097000BB640123C7F84C90276087F85930E26CBC
:1009800041F26B039A4205D1636C932B0CBF012398
:10099000182300E01823022DA7F88A3005D118F09B
:1009A000010F1CBF4FF40053FB62BB6BF96A18695F
:1009B00050F0EEDF7B6CB3F8E0831FFA88F808F4A0
:1009C00070631B0AFB615FFA88F33B62BB6BD868FC
:1009D000F8F739FCFB69A7F8C602092B04D10423F8
:1009E000FB613B6A10333B62012387F824304FEAF6
:1009F00018333B633846FFF79FFC002875D14FF44E
:100A00008053A7F856304DF2240241F20103022D23
:100A100018BF1346A7F8523038463749FFF75AFD3A
:100A200038B138463449D7F83880FFF727FEC8F880
:100A300068003846FFF7B7FC002856D038462946EC
:100A4000FFF76CFE3846FFF7CDFD384600F0D2FBCD
:100A500000284AD029463846FFF7C5FC054600283D
:100A600043D13846FFF70EFE384647F001DD3846E1
:100A7000012146F0AFDD3846294648F083DB4FF0D0
:100A8000FF33C7F8D432C7F8D832C7F8DC32C7F81A
:100A9000E032C7F8E432C7F8E832C7F8EC32C7F8FA
:100AA000F032384607F11C011C22E1F3C7F420693B
:100AB00050F0A8DF60B1BB6B986852F035DEC7F824
:100AC000F80328B96FF01A00314648F0E7DC0CE073
:100AD0003846002148F04CDA002387F8FC3907F14A
:100AE0004C03FB643846BDE8F0873846FFF7C5FE87
:100AF0000020BDE8F08700BF519F020070B5054699
:100B00004FF498707646E6F333F5044628B96FF053
:100B10001A00314648F0C2DC39E000214FF49872E7
:100B2000E1F310F52B68A3606B68E360AB682361A9
:100B3000EB6863602B6963612B8CA3846B8CE3840B
:100B40006B6AA362AB6AE362EB6A23632B6B63633A
:100B50006B6B6364AB6BA364EB6BE3642B6C23651F
:100B60006B6C6365AB6CC4F81C316B69A365AB69D6
:100B7000E3650F2323663D2363667923A366012380
:100B8000C4F818310323E366002384F88B30204631
:100B900070BD00007FB50A4B0A4900930023019302
:100BA0000293039304930593074A0368F9F79EFBA6
:100BB000002814BF4FF0FF30002007B000BD00BF79
:100BC00005E3860068F48800B95A0100014902680B
:100BD000F9F731BBB95A01000023F0B51C4607E014
:100BE000CE183568C718C550756801347D60083364
:100BF0009442F5D1F0BD000038B5046C0023C4F870
:100C0000243690F86D53094B094A4FF48060002D4B
:100C10000CBF15461D46E6F3ABF4C4F8240620B11C
:100C200029468022FFF7D8FF012038BD66AD0200BB
:100C300066B1020070B517494FF0FF32046C0546EB
:100C4000FFF7ACFC1449C4F8500517222846FFF7FB
:100C5000A5FC0026C4F8540510496FF0250284F85D
:100C600058652846FFF79AFC0D49A4F84805324616
:100C70002846FFF793FC0B49A4F8040C6FF003021D
:100C80002846FFF78BFCB4F84835C318A4F8063C97
:100C900070BD00BF1DA0020046A802002FA80200E0
:100CA0009CAC020007AD020038B527490446FFF7A7
:100CB000E5FCC0B228288CBF0023012384F8690317
:100CC00084F8CA0384F86D3320462049FFF7D6FC28
:100CD000082820461CD81E490022FFF71BFD80B2C1
:100CE0000022C4F8FC001B492046FFF713FD1A49F7
:100CF000C4F800012046FFF7C1FC1849054620460C
:100D0000FFF7BCFC80B240EA0545C4F8045113E08B
:100D100013490022FFF7FEFC80B2C4F8FC00114921
:100D200000222046FFF7F6FC0F49C4F800012046D8
:100D3000FFF7A4FCC4F8040120460C49FFF79EFC11
:100D400084F8080138BD00BF1EA40200EFAC020009
:100D500014A802003DA802004CA0020038A0020026
:100D600090AC020035AD0200A1A80200C4A70200A9
:100D7000F8B5A4490022056C0446FFF7CBFCA14955
:100D800085F8BC0401222046FFF7C4FC9E4985F883
:100D9000BD04002207232046FFF7A8FC922385F814
:100DA000BE04994901222046FFF7A0FC974985F827
:100DB000BF0400222046FFF7F1FB9549C5F8C404A3
:100DC00000222046FFF7EAFB0026A5F858049149C7
:100DD00085F8336420463246FFF7E0FB8E49A5F8DC
:100DE0000A042046FFF74AFCB8B1012385F83334E2
:100DF0002F464223324620468749FFF777FCAB193E
:100E0000C0B283F82604B5F80A340136C018A7F832
:100E10000C0402370D2EECD10DE080494222204611
:100E2000FFF7BCFBC2B285F8082420467C49FFF7D7
:100E3000B5FBA5F806047B4900222046FFF7AEFB70
:100E4000794985F838044FF0FF322046FFF7A6FBBA
:100E50007649A5F868054FF0FF322046FFF79EFB64
:100E60007349A5F86A054FF0FF322046FFF796FB5D
:100E70007049A5F86E054FF0FF322046FFF78EFB54
:100E80006D4985F8700500222046FFF787FB002694
:100E900084F87400324620466849FFF73BFCAB19E2
:100EA00001360E2E83F80606F4D1A12264492046AD
:100EB000FFF774FB6349C5F8C00546F20F62204690
:100EC000FFF76CFB0822C5F8C4055F492046FFF711
:100ED00065FB5E49C5F8C8056FF008022046FFF7BC
:100EE0005DFB5B49C5F8CC0540F6BB722046FFF7B9
:100EF00055FB0A22C5F8D00556492046FFF74EFBA0
:100F00005549C5F8D4056FF044022046FFF746FB6B
:100F10005249A5F802066FF04A022046FFF73EFB51
:100F20000122A5F804064E492046FFF737FB80B2A0
:100F3000031C18BF012300F0020085F84A353F2248
:100F400085F84B0547492046FFF728FB642285F8C2
:100F50004C0545492046FFF721FB4449C5F85C058F
:100F60004FF0FF322046FFF719FBC5F8600501304E
:100F700018BF012085F864053D4900222046FFF78F
:100F80000DFBC0B200F00F03000900F0010085F86E
:100F9000143685F817063749002226232046FFF726
:100FA000A5FB3449A5F81806012242232046FFF785
:100FB0009DFB5023A5F81A062E4902222046FFF772
:100FC00095FB0622A5F81C062B492046FFF7E6FAFA
:100FD00085F81E062046FFF767FE94F86D2320462D
:100FE000002A4DD12549FFF795FB2449A4F8820337
:100FF00001222046FFF78EFB2049A4F87E032046FD
:101000004DE000BFC8AC020073A8020087AC02002C
:1010100054AC02007FA8020074AC0200B1AC020024
:10102000E3AC020008A0020055A00200F7AC0200E9
:1010300061A802001CA80200BAAC02004CAD02007C
:1010400025A802008DA80200D2AC0200D9AC020093
:1010500014A002005FAD02002AAD020067AC0200DE
:10106000DFA70200ADA80200FAA70200E8A702006D
:1010700041A0020080AC0200D1A7020045AD0200F1
:1010800025490022FFF746FB2349A4F882030122E9
:101090002046FFF73FFB2049A4F87E0320460222AA
:1010A000FFF738FB0023A4F880031C4985F833368A
:1010B00020460222FFF71AFB10B1012385F83336D0
:1010C00095F833362BB3154900222046FFF722FB53
:1010D0001249A4F82C0A01222046FFF71BFB0F49F6
:1010E000A4F8280A02222046FFF714FB0C49A4F8B2
:1010F0002A0A00222046FFF751FA0A4985F83106EC
:1011000028222046FFF74AFA002385F8320684F8A1
:1011100067330120F8BD00BF0AA80200A5AC020099
:10112000DAA702005AAD020038B50E49046C054634
:10113000FFF7A4FA0C4984F829062846FFF79EFA1F
:10114000FF2284F82A0609492846FFF727FA0849AA
:1011500084F830062846FFF791FAC4F82C060120DF
:1011600038BD00BF5EAC020096A802002BA00200B2
:1011700051A8020038B50446056C4FF46770E6F3D9
:10118000F7F1C5F82006236CD3F82006B0B1D4F8E7
:10119000DC300B4A934207D00A4A934206D00A4AEF
:1011A00093420AD1094902E0094900E009494FF494
:1011B0006772E1F343F1012038BD002038BD00BF64
:1011C000C0AD3A0280BA8C0100F82401B8A8020030
:1011D00082A0020028A4020010B504464EF00AD8EE
:1011E000236CD3F82006E6F3D5F1206CBDE810405F
:1011F000E6F3D0B170B5044640F60840E6F3B8F126
:1012000005462064002800F08380002140F6084253
:10121000E1F398F10125A36B84F8825084F8F05033
:10122000D868EBF3BDF13B4BC4F8DC00C4F8483A96
:10123000394B2046C4F84C3A384BC4F8503A384B36
:10124000C4F8543A374BC4F8A03A374BC4F85C3A68
:10125000364BC4F8643A364BC4F86C3A354BC4F894
:10126000703A354BC4F87C3A344BC4F8B43A344B3A
:10127000C4F8B03A334BC4F8C03A334BC4F8BC3A64
:10128000324BC4F8C43A324BC4F8C83A314BC4F8B4
:10129000CC3A314BC4F8943A304BC4F8D03A304B86
:1012A000C4F8D43A2F4BC4F8D83A2F4BC4F8DC3AE0
:1012B0002E4BC4F8E03AFFF75BFD40B32046FFF742
:1012C00059FF20B32046FFF797FC00B32046FFF7F5
:1012D000B1FC236C204683F8C054FFF725FF244956
:1012E00000222046266CFFF759F9224986F8340679
:1012F00000222046FFF752F91F4984F890022A463F
:101300002046266CFFF74AF986F8350600E00546C8
:10131000284670BD554B8700114A8700154A870043
:10132000B95E87008D358700214B8700915E87006D
:10133000CDEC8600296487001D4B8700895F8700FC
:1013400015F98600D5F8860049388700614987007D
:10135000CD218700C5F90000415D0200F50A870034
:10136000F90A8700F10A8700FD0A87000D0B870044
:1013700072A0020064A0020014AD0200836B93F817
:101380002C210AB1042200E003221A67DA667047B2
:10139000F8B507460C200D461646E6F3E9F004467C
:1013A00030B100210C22E1F3CDF027606660A5602A
:1013B0002046F8BD08B1E6F3EDB070478068F2F35F
:1013C0005BB4000070B5064686B06C20E6F3D0F042
:1013D0000446D0B100216C22E1F3B4F00823A361EC
:1013E0000E4B26600025009330680D490D4A2346B8
:1013F00001950295039504950595F8F777FF38B99F
:101400003268012382F892302371204606B070BD05
:101410002046E6F3BFF02C46F7E700BF0D698700D2
:10142000B00A8900665B010010B5044668B1036824
:10143000064918682246F8F7FEFE204651F048D8C3
:101440002046BDE81040E6F3A5B010BD665B010084
:1014500010B5044648B1054922464068F8F7EBFE4E
:101460002046BDE81040E6F395B010BD5CF489005D
:1014700070B5064686B01020E6F37AF0044630B325
:1014800000211022E1F35EF0336826606360736828
:101490000025A360042130460E4A0F4B00950194AD
:1014A000FCF746FAA842E0600DDB0C4B30688DE893
:1014B00028000B490B4A2346029503950495059590
:1014C000F8F714FF18B12046FFF7C2FF00242046AA
:1014D00006B070BD29748700117487007D74870081
:1014E0007C0B89005CF4890030B5054687B0142078
:1014F000E6F33EF0044638B300211422E1F322F073
:101500006B682868A360124B25606060002500931B
:101510001049114A234601950295039504950595B6
:10152000F8F7E4FE60B90A2323730F23637364237F
:10153000A3730223E373062323740123637403E07C
:101540002046E6F327F02C46204607B030BD00BF0A
:10155000217B8700940B89000CE3890010B50446B9
:1015600048B1054922464068F8F765FE2046BDE8C7
:101570001040E6F30FB010BD0CE3890010B504462F
:1015800058B1064B21461B88C3581868F8F772FFFC
:101590002046BDE81040E5F3FDB710BDD4030000C0
:1015A00073B505460C20E5F3E9F70446C8B1104BC6
:1015B00004221A8002214560002301900D4A28462A
:1015C0000093FCF7B5F9002820600ADB0123238192
:1015D000094B286800932146084A0223F8F7D9FEF0
:1015E00018B12046FFF7CAFF002420467CBD00BF8B
:1015F000D40300007D858700FC0B8900A985870046
:1016000038B5044680B1094B21461B88C558286867
:10161000F8F730FF286806492246F8F70CFE204606
:10162000BDE83840E5F3B6B738BD00BFD6030000CB
:10163000845B0100F0B5054687B01420E5F39EF702
:101640000446002856D02F4B04221A8045600026FD
:101650000190042128462C4A2C4B0096FCF768F98F
:10166000B042206046DB0123A3810C232382284B58
:101670000722E2810093274B286801932649274AD5
:1016800023460296039604960596F8F72FFE002847
:1016900030D1234B286800932146224A0523F8F7CE
:1016A00078FE38BB204BD5F894068DE818004FF42F
:1016B00090712A221D4BFDF703FBD8B9D5F894068B
:1016C00080212A221A4B0094FDF712FC90B9B5F83C
:1016D000AA0106F023DD801B18BF01200A3055F84F
:1016E00020301B68022B09D1012120460A4652F006
:1016F000ABDD03E02046FFF783FF0024204607B060
:10170000F0BD00BFD60300005D89870049898700CE
:10171000DD8B8700F58B8700340C8900845B01002A
:101720000C0C8900098B8700F98C8700E9898700F8
:10173000F9888700084B10B51B88044650B1C35880
:10174000064918682246F8F776FD2046BDE81040A5
:10175000E5F320B710BD00BFD80300008B5B01008C
:1017600070B5054686B01420E5F308F70446002856
:1017700044D0264B08221A80002385600421009360
:101780000190234A2846234BFCF7D2F8002820601A
:1017900034DB0223A38105220C23E2812382D5F8C6
:1017A000940680213D221C4B0094FDF7A1FB28BB31
:1017B0001A4B029000931A4B0390019304900590EA
:1017C00018492868184A2346F8F790FDB0B9B5F8CB
:1017D000AA0106F0A3DC2B6893F84F201AB1032A64
:1017E00014BF032201222046012153F063DA204670
:1017F00002214FF0FF3253F05DDA03E02046FFF79D
:1018000099FF0024204606B070BD00BFD803000039
:10181000319287001D928700E99187009993870094
:1018200001958700400C89008B5B010038B50446A8
:1018300098B10568224628460849FCF79CF82146DD
:101840002868F8F717FE286805492246F8F7F3FCE0
:101850002046BDE83840E5F39DB638BD1D9E8700A3
:10186000C9E3890030B5054687B00820E5F386F660
:10187000044600283ED00023056004210093019017
:10188000204A2846204BFCF753F80028606031DBE3
:1018900028461E492246FCF769F858BB1C4B0190AC
:1018A000009302900390049005901A4928681A4A00
:1018B0002346F8F71BFDE8B9184B2868009321462A
:1018C000174A0123F8F765FDA0B9164BD5F8940621
:1018D0008DE818004FF490712822134BFDF7F0F9B2
:1018E00040B9D5F8940680212822104B0094FDF7CA
:1018F000FFFA18B12046FFF799FF0024204607B0F1
:1019000030BD00BFA19D8700619D87001D9E87009F
:10191000A59E87009C0C8900C9E38900940C89006E
:10192000799E87009D9F8700459E8700459D870083
:1019300070B5064686B09C20E5F320F604460028E4
:1019400034D006601B4B3068002560601A49009354
:101950001A4A234601950295039504950595F8F7D3
:10196000C5FCF8B9D6F884341E229B782261042283
:10197000E27202222377227301230A22E376237282
:1019800063616273A3764FF6AF72A37784F89930E0
:101990001023A0736072A072228384F89A3084F8B6
:1019A000983003E02046E5F3F5F52C46204606B0D6
:1019B00070BD00BF19AE8700001C890066B502002B
:1019C000C0F88410C0F88820C0F88C307047000040
:1019D00010B5044648B1054922464068F8F72BFC8B
:1019E0002046BDE81040E5F3D5B510BD66B5020050
:1019F00038B5044600B3436B05680BB1E9F7C6FC84
:101A000004F11400DBF38AF404F11800DBF386F42C
:101A100004F11000DFF382F504F12400DBF372F42B
:101A2000224606492868F8F706FC2046E5F3B2F599
:101A30002B68002283F8622138BD00BF7AE6890056
:101A40002DE9F041054686B03820E5F397F50446C8
:101A500000287FD005600026019004212846414AD5
:101A6000414B0096FBF764FFB042606072DB0421DB
:101A700028463E4A3E4B0096019400F09FF9B04242
:101A8000A06067DB0127E76038463A493A4A6B684D
:101A9000DFF32EF1206100285CD006213246D5F814
:101AA0000480DFF36BF53449034642463148DBF3EB
:101AB00017F4606200284DD0072132462069DFF319
:101AC0005DF539460346E0613246606ADBF3E8F2D1
:101AD00039460246A0612069DFF350F5E3693946D3
:101AE0003246606ADBF3DCF2022102466061206963
:101AF000DFF344F5214B4FF00308C4F82C808DE848
:101B000048001F4B286804931E4B1F4905931F4A2A
:101B1000234602960396F8F7E9FBD8B91C4BD5F893
:101B200094068DE81800B02142461A4BFDF746F89E
:101B300080B9194BD5F894068DE81800B0215D22C4
:101B4000164BFDF769F928B91423A3622B6883F8B3
:101B5000627103E02046FFF74BFF0024204606B0E9
:101B6000BDE8F08115D28700B906010089050100A2
:101B70004DE08700FDD0870005D1870099D387000D
:101B8000945B010019050100181C89007AE68900A0
:101B9000171501008F16010055140100C114010032
:101BA0002DE9F043074687B04FF441700E461546C5
:101BB0009846E5F3DDF40446002878D000214FF480
:101BC0004172E0F3BFF42820E5F3D2F481462060AF
:101BD00020B92046E5F3DEF4484668E000212822DB
:101BE000E0F3B0F423684FF441721C606261E56079
:101BF0004FF0FF320025A261A760C4F804809D71F8
:101C00001423A4F808322823A4F806322D23A4F8BC
:101C100004326E23A4F80A32022384F80C326423BF
:101C2000A4F8383284F80D523046224922462B4619
:101C3000F2F33AF0C4F8F80130B304F51473C4F8C1
:101C40001832C4F814321C4B0526C4F81C620093E9
:101C50001A4B029501931A4B04950393059523465D
:101C600038681849184AF8F741FB034660B90090F4
:101C700038682168154AF8F78CFB28B984F8406267
:101C800084F84162206812E0D4F8F81119B1A36811
:101C90009868F1F3F1F7206908B100F03FF8206887
:101CA00008B1E5F377F42046E5F374F4002007B0BB
:101CB000BDE8F08365F68700C5EF870049F6870029
:101CC00039FF87006C1C890000E8890065008800E6
:101CD00038B50546F0B10468E4B1D4F8F81131B173
:101CE000A3689868F1F3C8F70023C4F8F831A36833
:101CF000224618680849F8F79EFAA3682168186810
:101D0000F8F7B8FB2846E5F345F42046BDE838402F
:101D1000E5F340B438BD00BF00E8890010B50446C3
:101D200030B159F0B9DE2046BDE81040E5F332B4D9
:101D300010BD0000F7B506680546F3691F6D023750
:101D40003F013846E5F314F4044610B300213A4647
:101D5000E0F3F8F384E860001021002628460E4ADC
:101D60000E4B00960194FBF7E3FDB042A0610CDB43
:101D700004F1200363614FF44773E360D5F838063C
:101D800004F11C01DFF3DEF518B12046E5F302F49F
:101D900034462046FEBD00BFB90888009D08880073
:101DA00010B5044648B1C36913B11C30DFF3E0F548
:101DB0002046BDE81040E5F3EDB310BDF0B5D0F816
:101DC000244100682569C069006D854211D26769A8
:101DD0002E01B819013525614360059BBA51836016
:101DE000069BC360E068C31C591821F00301E16041
:101DF000F0BD4FF0FF30F0BD37B505461820E5F3D4
:101E0000B7F3044638B300211822E0F39BF32B68A4
:101E1000256063606B682846A360FFF765FBE060A0
:101E200088B15BF0AFD8002301468DE81800284642
:101E30000A4A0B4BFFF7C2FF0028206103DB51F079
:101E40004DD8606107E0E06808B1FFF787FB2046E6
:101E5000E5F3A0F3002420463EBD00BF1D1B880013
:101E6000F91A880010B5044638B1C068FFF776FB50
:101E70002046BDE81040E5F38DB310BD73B50546AF
:101E80001820E5F375F30446002838D00021182205
:101E9000E0F358F30C20E5F36BF3064600282DD051
:101EA00000210C22E0F34EF32B686661256063602D
:101EB0002846FFF73DFDA060B8B15BF09DD8002338
:101EC00001468DE8280028460E4A0F4BFFF776FFA3
:101ED0000028E06009DB56F013DA0C4920610C4A57
:101EE000A0680C4BFFF76CFD09E0A06808B1FFF794
:101EF0006FFD2046E5F34EF3002400E00446204643
:101F00007CBD00BFCD1B8800A91B8800C1218800B3
:101F1000B5218800A91E880010B5044650B180681C
:101F2000FFF756FD6069E5F335F32046BDE8104044
:101F3000E5F330B310BD000070B5444B86B000939C
:101F40000023019302930393414B04460493414BB6
:101F5000414905930068414A2346F8F7C7F9054609
:101F600000286FD1D4F884341421A3F86410A36A34
:101F7000012683F84C00E36A204683F84C60A16A8E
:101F80005EF0E8D8E16A20465EF0E4D820462946B3
:101F90005DF0EADBA36A83F84D50E36A83F84D50A5
:101FA000236A1869E7F7F6FE830707D5D4F8843467
:101FB0004FF0FF325E73D4F88434DA812368D4F8AA
:101FC00084545E6951F0BCD90146304651F052D973
:101FD000E862002836D0D4F884341F2283F87820B1
:101FE000D4F88404052257304FF0FF31E0F3AAF211
:101FF0002368D4F88424B3F8C810D3F8D8005185E6
:102000000A2151631649E1F315F1431E0D2BD4F853
:102010008454236898BF68631249D3F8D800E1F369
:1020200009F185F88A00D4F88434012283F851201C
:10203000D4F8843400201A7883F84E20D4F88434FD
:10204000586701E04FF0FF3006B070BDE9398800F5
:10205000105C0100AD1E0100341D89006EB5020048
:1020600081B5020072B50200D0F8843410B5D96A87
:10207000044611B1406851F00BD92068024922464C
:10208000BDE81040F8F7D7B86EB5020038B5036860
:102090000446D0F884542749D3F8D800E1F3CAF0B5
:1020A000287023682449D3F8D800D4F88454E1F385
:1020B000C1F0E870D4F884341A78013AD2B2FD2A1B
:1020C00001D901221A70D4F884341A785A70002386
:1020D000D4F88424D11812780133052B81F85220CA
:1020E000F6D1D4F8845401212846E0F38BF4A8708B
:1020F000D4F88434DA78013AD2B2FD2A01D9012227
:10210000DA70D4F884340121DA785A71D4F884541E
:10211000E81CE0F377F42871D4F8843420461A7967
:102120009A715DF053DAB4F858142046BDE838408F
:102130005DF0A49A8EB5020096B5020010B5044673
:10214000D8B140680D492246FBF72BFC236A1BB12E
:1021500004F12000DFF30CF4237F23B16068084909
:102160002246FBF708FCA06806492246F8F763F808
:102170002046BDE81040E5F30DB210BDD1568800F1
:10218000515488007E5C010030B5054687B024209C
:10219000E5F3EEF1044600283ED000212422E0F3CE
:1021A000D1F12B680022A360AB686560E3606B68C7
:1021B000042123610823A3822846194B8DE81400CB
:1021C000FBF7B6FB0028206022DB28461549224693
:1021D000FBF7CCFBE0B901232377284612492246BE
:1021E000FBF7DAFBA0B9D5F8380604F12001DFF3DC
:1021F000A9F368B90D4B01900093029003900490ED
:1022000005900B4928680B4A2346F8F76FF818B178
:102210002046FFF793FF0024204607B030BD00BFE3
:10222000C954880051548800D156880055558800FB
:102230001C1F89007E5C0100D0F8D036186ADFF3DD
:102240005DB3D0F8D036186ADFF3BAB3F8B5D0F87A
:10225000846404460D46D1F8D800C149E0F3EAF79A
:1022600086F81C01D5F8D800BE49E1F307F0D4F890
:10227000846438B1D5F8D800BA49E0F3DBF786F8C2
:10228000E80002E0022386F8E830D5F8D800B64925
:10229000E0F3F4F7D4F8846438B1D5F8D800B24943
:1022A000E0F3C8F786F8580102E0FF2386F85831BA
:1022B000AE49D5F8D800D4F88464E0F3BBF7AC4954
:1022C000C6F82001D5F8D800D4F88464E0F3B2F75A
:1022D000A849A6F82A01D5F8D800D4F88464E0F318
:1022E000A9F7A549A6F82C01D5F8D800D4F884643C
:1022F000E0F3A0F7A149A6F82E01D5F8D800D4F84C
:102300008464E0F397F786F8E900D4F8843493F80E
:10231000E92012B9022283F8E920D5F8D8009849BB
:10232000D4F88464E0F386F7A6F8C600D4F8846491
:10233000B6F9C63013B90123A6F8C630D5F8D800CF
:102340009049E0F377F7C6F8D800D4F88464D6F85B
:10235000D8301BB94CF25033C6F8D83096F8E93073
:1023600001229A40D6F8D810D5F8D8008A4288BF02
:10237000C6F8D820022212FA03F38349C6F8DC30EB
:10238000E0F358F7C6F8E400D4F88464D6F8E430F3
:102390001BB94FF49673C6F8E430D5F8D8007B49E2
:1023A000E0F348F7A6F8C400D4F88464B6F9C43062
:1023B00013B91923A6F8C430D5F8D8007449E0F34E
:1023C00039F786F86C01D4F8843493F86C2112B98B
:1023D000052283F86C216F49D5F8D800D4F88464BD
:1023E000E0F328F7D4F88434A6F8F00093F81C2121
:1023F000694983F81D21D4F8843493F81D2183F8AA
:102400004821D4F88434DA7983F8AC20D4F88434C1
:102410001A7A83F84521D4F884644FF6A273A6F89B
:10242000EA30A6F8EC30A6F8EE30D5F8D800E0F3A4
:1024300001F7A6F8F200D4F88464B6F9F2301BB9BB
:102440004FF6A273A6F8F23096F8E930012212FA9C
:1024500003F3D6F8D8205149934288BFC6F8D83044
:102460000023A6F8B230A6F8B430A6F8B630C6F805
:10247000B830C6F8BC30C6F8C030D5F8D8001F4612
:10248000E0F3D8F686F844014549D5F8D800D4F8E9
:102490008464E0F3CFF686F84B01D5F8D8004149C3
:1024A000D4F88464E0F3C6F6D4F88434C6F8240182
:1024B00083F82971D4F88434D3F824211AB94FF45D
:1024C0009B72C3F8242193F81D2102B10322C3F8A3
:1024D0004C21C3F850210022C3F85421D5F8D8006C
:1024E0003149E0F3CBF640B1D5F8D8002E49D4F805
:1024F0008464E0F39FF6C6F85401D5F8D8002B4960
:10250000E0F3BCF640B1D5F8D8002849D4F884648B
:10251000E0F390F6C6F84C01D5F8D8002449E0F372
:10252000ADF640B1D5F8D8002149D4F88464E0F381
:1025300081F6C6F850011F4922460023A068D4F84E
:102540008454F1F3B1F31C49C5F830012246A06868
:102550000023D4F88454F1F3A7F3C5F83401F8BD8F
:102560002CB60200A4B6020074B6020057B60200F0
:10257000CBB50200EEB5020000B6020096B602002E
:102580009EB5020067B602001FB60200BEB502008B
:10259000CDB60200DDB5020081B6020012B602001F
:1025A000AEB50200BFB6020045B6020035B6020065
:1025B000AFB602003F330100AD33010038B5044629
:1025C00080B105682246D5F844010749FDF779FC3A
:1025D000284606492246FBF7CEF92046BDE838409A
:1025E000E4F3D8B738BD00BF1D708800B16E880015
:1025F00037B505460820E4F3C1F70446C0B10560CD
:1026000000220190042128460C4B0092FBF790F920
:10261000002860600CDB284609492246FBF7A6F932
:1026200030B9D5F8440107492246FDF747FC18B1F7
:102630002046FFF7C3FF002420463EBD596F8800A7
:10264000B16E88001D70880038B5044670B1056809
:1026500021462868F7F70EFF286805492246F7F754
:10266000EAFD2046BDE83840E4F394B738BD00BF2A
:10267000845C010030B5054687B00C20E4F37EF79A
:102680000446002846D0274B05604FF49071009314
:1026900001902022D5F89406234BFCF711FB00286B
:1026A00038D1224BD5F894068DE818004FF490717C
:1026B00023221F4BFCF704FB00282BD11D4BD5F820
:1026C00094068DE81800402188221B4BFCF718FB6C
:1026D00000BBD5F8940680212022184B0094FCF70B
:1026E00007FCB8B9164B02900093164B0390019368
:1026F0000490059014492868144A2346F7F7F6FD1C
:1027000040B9134B286800932146124A0123F7F77A
:1027100040FE18B12046FFF797FF0024204607B07F
:1027200030BD00BF21768800E973880055768800A7
:102730000D748800C1758800D5738800BD7388004A
:102740005D748800BD758800781F8900845C010075
:10275000701F89003174880010B5044660B1074BC2
:1027600007491B882246C3581868F7F764FD2046BE
:10277000BDE81040E4F30EB710BD00BFDA0300005F
:10278000885C0100F0B5074687B01420E4F3F6F644
:10279000054620B3154B06460024042206F8044BD8
:1027A0001A80012347603372F4607472042101902F
:1027B0000F4A38460F4B0094FFF700FBA0427060B1
:1027C0000DDB0D4B00940193029403940494059443
:1027D00038682146094A2B46F7F788FD18B1284684
:1027E000FFF7BAFF0025284607B0F0BDDA03000066
:1027F000D9778800B977880029788800885C01003B
:1028000070B5054686B01820E4F3B8F604460028F3
:102810005AD02B680026012243600560082183F806
:10282000AD2001903246284633460096FFF7C6FA9F
:10283000B04220614BDB10212846274A274B0096E7
:102840000194FBF775F8B042C5F898013FDB04230B
:10285000E360234BA06005218DE81800D5F89406AD
:102860004422204BFCF72CFA002830D11E4BD5F81F
:1028700094068DE818004FF4907144221B4BFCF72E
:102880001FFA002823D1D5F8940605214422184BBD
:102890000094FCF7CBFCD0B9D5F89406C0214422B3
:1028A000144B0094FCF7C2FC88B9134B01900093C1
:1028B000124B039002930490059011492868114A25
:1028C0002346F7F713FD10B9204606B070BD204629
:1028D000E4F360F60024F7E7798188005D818800E1
:1028E000DD8088003580880035818800058188007A
:1028F000558088003D858800C5828800CD85880088
:10290000E01F89008C5C010010B5044648B1054900
:1029100022464068F7F78FFC2046BDE81040E4F3FC
:1029200039B610BD8C5C010070B5054686B030200C
:10293000E4F31EF60446002831D000213022DFF3F4
:1029400001F61A4B25600093002301930293039331
:102950000493059328681649164A2346F7F7C6FCE0
:102960000646E0B9FF23A3750123E3752B681249DE
:10297000D3F8D800E0F382F420B131463246E0F3D8
:1029800019F2A0752B680D49D3F8D800E0F376F45E
:1029900048B100210A46E0F30DF2E07503E0284655
:1029A00061F094DD0024204606B070BDA98C88003B
:1029B0001C20890056FB8900E3B60200EDB6020038
:1029C00038B50446002820D061F0D4DDA36A73B185
:1029D000204661F099DA0AE02B6868686360E4F3E6
:1029E000D9F52846E4F3D6F5237D013B23756568C8
:1029F000002DF1D12368054918682246F7F71BFC22
:102A00002068BDE8384061F0619D38BD56FB890003
:102A1000776C635F626D61635F696E666F5F696E3D
:102A200069740000000000000000000000000000C9
:102A30000000000000000000000000000000000096
:102A40000000000000000000000000000000000086
:102A50000000000000000000000000000000000076
:102A60000000000000000000000000000000000066
:102A70000000000000000000000000000000000056
:102A80000000000000000000000000000000000046
:102A90000000000000000000000000000000000036
:102AA0000000000000000000000000000000000026
:102AB0000000000000000000000000000000000016
:102AC0000000000000000000000000000000000006
:102AD00000000000000000000000000000000000F6
:102AE00000000000000000000000000000000000E6
:102AF00000000000000000000000000000000000D6
:102B000000000000000000000000000000000000C5
:102B100000000000000000000000000000000000B5
:102B200000000000000000000000000000000000A5
:102B30000000000000000000000000000000000095
:102B40000000000000000000000000000000000085
:102B50000000000000000000000000000000000075
:102B60000000000000000000000000000000000065
:102B70000000000000000000000000000000000055
:102B80000000000000000000000000000000000045
:102B90000000000000000000000000000000000035
:102BA0000000000000000000000000000000000025
:102BB0000000000000000000000000000000000015
:102BC0000000000000000000000000000000000005
:102BD00000000000000000000000000000000000F5
:102BE00000000000000000000000000000000000E5
:102BF00000000000000000000000000000000000D5
:102C000000000000000000000000000000000000C4
:102C100000000000000000000000000000000000B4
:102C200000000000000000000000000000000000A4
:102C30000000000000000000000000000000000094
:102C40000000000000000000000000000000000084
:102C50000000000000000000000000000000000074
:102C60000000000000000000000000000000000064
:102C70000000000000000000000000000000000054
:102C80000000000000000000000000000000000044
:102C90000000000000000000000000000000000034
:102CA0000000000000000000000000000000000024
:102CB0000000000000000000000000000000000014
:102CC0000000000000000000000000000000000004
:102CD00000000000000000000000000000000000F4
:102CE00000000000000000000000000000000000E4
:102CF00000000000000000000000000000000000D4
:102D000000000000000000000000000000000000C3
:102D100000000000000000000000000000000000B3
:102D200000000000000000000000000000000000A3
:102D30000000000000000000000000000000000093
:102D40000000000000000000000000000000000083
:102D50000000000000000000000000000000000073
:102D60000000000000000000000000000000000063
:102D70000000000000000000000000000000000053
:102D80000000000000000000000000000000000043
:102D90000000000000000000000000000000000033
:102DA0000000000000000000000000000000000023
:102DB0000000000000000000000000000000000013
:102DC0000000000000000000000000000000000003
:102DD00000000000000000000000000000000000F3
:102DE00000000000000000000000000000000000E3
:102DF00000000000000000000000000000000000D3
:102E000000000000000000000000000000000000C2
:102E100000000000000000000000000000000000B2
:102E200000000000000000000000000000000000A2
:102E30000000000000000000000000000000000092
:102E40000000000000000000000000000000000082
:102E50000000000000000000000000000000000072
:102E60000000000000000000000000000000000062
:102E70000000000000000000000000000000000052
:102E80000000000000000000000000000000000042
:102E90000000000000000000000000000000000032
:102EA0000000000000000000000000000000000022
:102EB0000000000000000000000000000000000012
:102EC0000000000000000000000000000000000002
:102ED00000000000000000000000000000000000F2
:102EE00000000000000000000000000000000000E2
:102EF00000000000000000000000000000000000D2
:102F000000000000000000000000000000000000C1
:102F100000000000000000000000000000000000B1
:102F200000000000000000000000000000000000A1
:102F30000000000000000000000000000000000091
:102F40000000000000000000000000000000000081
:102F50000000000000000000000000000000000071
:102F60000000000000000000000000000000000061
:102F70000000000000000000000000000000000051
:102F80000000000000000000000000000000000041
:102F90000000000000000000000000000000000031
:102FA0000000000000000000000000000000000021
:102FB0000000000000000000000000000000000011
:102FC0000000000000000000000000000000000001
:102FD00000000000000000000000000000000000F1
:102FE00000000000000000000000000000000000E1
:102FF00000000000000000000000000000000000D1
:1030000000000000000000000000000000000000C0
:1030100000000000000000000000000000000000B0
:1030200000000000000000000000000000000000A0
:103030000000000000000000000000000000000090
:103040000000000000000000000000000000000080
:103050000000000000000000000000000000000070
:103060000000000000000000000000000000000060
:103070000000000000000000000000000000000050
:103080000000000000000000000000000000000040
:103090000000000000000000000000000000000030
:1030A0000000000000000000000000000000000020
:1030B0000000000000000000000000000000000010
:1030C0000000000000000000000000000000000000
:1030D00000000000000000000000000000000000F0
:1030E00000000000000000000000000000000000E0
:1030F00000000000000000000000000000000000D0
:1031000000000000000000000000000000000000BF
:1031100000000000000000000000000000000000AF
:10312000000000000000000000000000000000009F
:10313000000000000000000000000000000000008F
:10314000000000000000000000000000000000007F
:10315000000000000000000000000000000000006F
:10316000000000000000000000000000000000005F
:10317000000000000000000000000000000000004F
:10318000000000000000000000000000000000003F
:10319000000000000000000000000000000000002F
:1031A000000000000000000000000000000000001F
:1031B000000000000000000000000000000000000F
:1031C00000000000000000000000000000000000FF
:1031D00000000000000000000000000000000000EF
:1031E00000000000000000000000000000000000DF
:1031F00000000000000000000000000000000000CF
:1032000000000000000000000000000000000000BE
:1032100000000000000000000000000000000000AE
:10322000000000000000000000000000000000009E
:10323000000000000000000000000000000000008E
:10324000000000000000000000000000000000007E
:10325000000000000000000000000000000000006E
:10326000000000000000000000000000000000005E
:10327000000000000000000000000000000000004E
:10328000000000000000000000000000000000003E
:10329000000000000000000000000000000000002E
:1032A000000000000000000000000000000000001E
:1032B000000000000000000000000000000000000E
:1032C00000000000000000000000000000000000FE
:1032D00000000000000000000000000000000000EE
:1032E00000000000000000000000000000000000DE
:1032F00000000000000000000000000000000000CE
:1033000000000000000000000000000000000000BD
:1033100000000000000000000000000000000000AD
:10332000000000000000000000000000000000009D
:10333000000000000000000000000000000000008D
:10334000000000000000000000000000000000007D
:10335000000000000000000000000000000000006D
:10336000000000000000000000000000000000005D
:10337000000000000000000000000000000000004D
:10338000000000000000000000000000000000003D
:10339000000000000000000000000000000000002D
:1033A000000000000000000000000000000000001D
:1033B000000000000000000000000000000000000D
:1033C00000000000000000000000000000000000FD
:1033D00000000000000000000000000000000000ED
:1033E00000000000000000000000000000000000DD
:1033F00000000000000000000000000000000000CD
:1034000000000000000000000000000000000000BC
:1034100000000000000000000000000000000000AC
:10342000000000000000000000000000000000009C
:10343000000000000000000000000000000000008C
:10344000000000000000000000000000000000007C
:10345000000000000000000000000000000000006C
:10346000000000000000000000000000000000005C
:10347000000000000000000000000000000000004C
:10348000000000000000000000000000000000003C
:10349000000000000000000000000000000000002C
:1034A000000000000000000000000000000000001C
:1034B000000000000000000000000000000000000C
:1034C00000000000000000000000000000000000FC
:1034D00000000000000000000000000000000000EC
:1034E00000000000000000000000000000000000DC
:1034F00000000000000000000000000000000000CC
:1035000000000000000000000000000000000000BB
:1035100000000000000000000000000000000000AB
:10352000000000000000000000000000000000009B
:10353000000000000000000000000000000000008B
:10354000000000000000000000000000000000007B
:10355000000000000000000000000000000000006B
:10356000000000000000000000000000000000005B
:10357000000000000000000000000000000000004B
:10358000000000000000000000000000000000003B
:10359000000000000000000000000000000000002B
:1035A000000000000000000000000000000000001B
:1035B000000000000000000000000000000000000B
:1035C00000000000000000000000000000000000FB
:1035D00000000000000000000000000000000000EB
:1035E00000000000000000000000000000000000DB
:1035F00000000000000000000000000000000000CB
:1036000000000000000000000000000000000000BA
:1036100000000000000000000000000000000000AA
:10362000000000000000000000000000000000009A
:10363000000000000000000000000000000000008A
:10364000000000000000000000000000000000007A
:10365000000000000000000000000000000000006A
:10366000000000000000000000000000000000005A
:10367000000000000000000000000000000000004A
:10368000000000000000000000000000000000003A
:10369000000000000000000000000000000000002A
:1036A000000000000000000000000000000000001A
:1036B000000000000000000000000000000000000A
:1036C00000000000000000000000000000000000FA
:1036D00000000000000000000000000000000000EA
:1036E00000000000000000000000000000000000DA
:1036F00000000000000000000000000000000000CA
:1037000000000000000000000000000000000000B9
:1037100000000000000000000000000000000000A9
:103720000000000000000000000000000000000099
:103730000000000000000000000000000000000089
:103740000000000000000000000000000000000079
:103750000000000000000000000000000000000069
:103760000000000000000000000000000000000059
:103770000000000000000000000000000000000049
:103780000000000000000000000000000000000039
:103790000000000000000000000000000000000029
:1037A0000000000000000000000000000000000019
:1037B0000000000000000000000000000000000009
:1037C00000000000000000000000000000000000F9
:1037D00000000000000000000000000000000000E9
:1037E00000000000000000000000000000000000D9
:1037F00000000000000000000000000000000000C9
:1038000000000000000000000000000000000000B8
:1038100000000000000000000000000000000000A8
:103820000000000000000000000000000000000098
:103830000000000000000000000000000000000088
:103840000000000000000000000000000000000078
:103850000000000000000000000000000000000068
:103860000000000000000000000000000000000058
:103870000000000000000000000000000000000048
:103880000000000000000000000000000000000038
:103890000000000000000000000000000000000028
:1038A0000000000000000000000000000000000018
:1038B0000000000000000000000000000000000008
:1038C00000000000000000000000000000000000F8
:1038D00000000000000000000000000000000000E8
:1038E00000000000000000000000000000000000D8
:1038F00000000000000000000000000000000000C8
:1039000000000000000000000000000000000000B7
:1039100000000000000000000000000000000000A7
:103920000000000000000000000000000000000097
:103930000000000000000000000000000000000087
:103940000000000000000000000000000000000077
:103950000000000000000000000000000000000067
:103960000000000000000000000000000000000057
:103970000000000000000000000000000000000047
:103980000000000000000000000000000000000037
:103990000000000000000000000000000000000027
:1039A0000000000000000000000000000000000017
:1039B0000000000000000000000000000000000007
:1039C00000000000000000000000000000000000F7
:1039D00000000000000000000000000000000000E7
:1039E00000000000000000000000000000000000D7
:1039F00000000000000000000000000000000000C7
:103A000000000000000000000000000000000000B6
:103A100000000000000000000000000000000000A6
:103A200000000000646561646D616E5F746F007218
:103A3000616D7374627964697300646561646D615A
:103A40006E5F746F007370695F70755F656E616241
:103A5000005344494F444556006773706964776F5B
:103A600072640050434D4349414445560073645FBE
:103A70006F6F626F6E6C790073645F67706F7574DF
:103A800000475350492044776F7264204D6F64653E
:103A900020656E61626C65640A0073645F677064C0
:103AA000630073645F677076616C0025733A20422F
:103AB000726F6164636F6D20534450434D442043E3
:103AC0004443206472697665720A00736470636DA2
:103AD000646364632564005344494F000A525445AB
:103AE000202825732D257325732573292025732000
:103AF0006F6E2042434D257320722564204020259F
:103B0000642E25642F25642E25642F25642E2564BC
:103B10004D487A0A0000434443006E6F63726300AD
:103B20006E6F7469665F63006E6F7469665F7300C1
:103B30006F66646D3267706F3D3078257800706114
:103B40002564677725646125643D307825780070A9
:103B50006131686962303D25640070613168696275
:103B6000313D256400706131686962323D25640031
:103B70006761696E6374726C7370683D2564007070
:103B800061316D61787077723D2564006D65617398
:103B9000706F77657225643D30782578007278679C
:103BA00061696E7325646725637472656C6E61620A
:103BB00079706125643D2564007061326761256418
:103BC0003D307825782C307825782C307825780091
:103BD00072737369736D6335673D25640075736235
:103BE000666C6167733D3078257800706132676379
:103BF000636B6125643D307825782C307825782CEE
:103C000030782578007064657472616E676532671C
:103C10003D30782578007573623330753175323DEB
:103C2000307825780073756276656E6469643D301E
:103C300078257800616725643D30782578006F65C8
:103C40006D3D253032782530327825303278253078
:103C50003278253032782530327825303278253068
:103C60003278006F66646D706F3D3078257800742F
:103C7000656D706F66667365743D2564006D656182
:103C800073706F7765723D30782578007273736951
:103C9000736D6632673D2564007061706172616D9D
:103CA00062777665723D256400646F7431316167B7
:103CB0006F66646D6872627732303267706F3D3064
:103CC00078257800697474326761303D30782578E2
:103CD0000062786132673D25640072737369736DA9
:103CE0006332673D25640070613567627734306107
:103CF00025643D307825782C307825782C3078254F
:103D0000782C307825782C307825782C30782578E8
:103D10002C307825782C307825782C307825782C24
:103D2000307825782C307825782C30782578006DFF
:103D300063736277323035676C706F3D3078257809
:103D40000000006D637362773230756C35676C709C
:103D50006F3D30782578006D637362773430356756
:103D60006C706F3D30782578000000757362757453
:103D70006D695F63746C3D30782578006578747088
:103D8000616761696E32673D3078257800616E74D5
:103D9000737763746C32673D307825780070726F8A
:103DA000647563746E616D653D25730074785F643E
:103DB0007574795F6379636C655F74687265736845
:103DC0005F25645F35673D25640072786761696EC1
:103DD00065727232676125643D30782578006167CD
:103DE00030006D61787032676125643D30782578E8
:103DF000006277647570706F3D30782578006E6F63
:103E00006973656C766C35676125643D25642C2586
:103E1000642C25642C25640062773430706F3D304B
:103E20007825780070613567627738306125643DA8
:103E3000307825782C307825782C307825782C30FF
:103E40007825782C307825782C307825782C3078A7
:103E500025782C307825782C307825782C307825EA
:103E6000782C307825782C3078257800757362337B
:103E700030753175323D3078257800706465747224
:103E8000616E676535673D30782578006D616361E7
:103E90006464723D25730074656D70735F68797337
:103EA000746572657369733D2564006D6373256481
:103EB00067706F25643D3078257800626F617264A9
:103EC000666C616773323D3078257800626F61728D
:103ED00064666C616773333D30782578006C656487
:103EE000626825643D307825780072786761696E74
:103EF000732564672563747269736F6125643D255A
:103F00006400616132673D307825780070726F64BB
:103F100069643D307825780074656D7074687265E9
:103F200073683D256400636869707265763D256439
:103F3000006C65676F66646D6277323035676C70F0
:103F40006F3D307825780000006C65676F66646DA2
:103F500062773230756C35676C706F3D30782578DC
:103F6000006C65676F66646D6277323035676D70BF
:103F70006F3D307825780000006C65676F66646D72
:103F800062773230756C35676D706F3D30782578AB
:103F9000006C65676F66646D627732303567687094
:103FA0006F3D307825780000006C65676F66646D42
:103FB00062773230756C356768706F3D3078257880
:103FC0000075736266733D25640074656D70735F80
:103FD000706572696F643D25640073623430616E90
:103FE00064383025637235672563706F3D307825FE
:103FF000780063633D2564002004D002A6A9FFFF7A
:10400000646F7431316167647570256372706F3DE0
:10401000307825780061676125643D307825780027
:10402000747269736F35673D307825780074656DFB
:104030007073656E73655F736C6F70653D256400AA
:104040006D61787035676125643D307825782C3056
:104050007825782C307825782C3078257800706198
:10406000316974737369743D256400706130623026
:104070003D25640070613062313D2564007061301F
:1040800062323D256400706135676125643D30789A
:1040900025782C307825782C307825782C307825A8
:1040A000782C307825782C307825782C3078257845
:1040B0002C307825782C307825782C307825782C81
:1040C000307825782C30782578006D6373627738E6
:1040D0003035672563706F3D3078257800737562E1
:1040E00062616E6435677665723D25640072737334
:1040F0006973617635673D2564006D63736277325D
:10410000303267706F3D307825780000006D637342
:1041100062773230756C3267706F3D307825780089
:104120006D6373627734303267706F3D3078257815
:104130000000007265677265763D3078257800630F
:1041400063746C3D30782578006E6F6973656C76AA
:104150006C32676125643D2564007573623330728B
:10416000656773303D307825782C307825782C3091
:104170007825782C307825782C307825782C307874
:1041800025782C307825782C307825782C307825B7
:10419000782C3078257800757362333072656773D8
:1041A000313D307825782C307825782C307825787A
:1041B0002C307825782C307825782C307825782C80
:1041C000307825782C307825782C307825782C306C
:1041D0007825780063636B706F3D307825780074C4
:1041E000726935673D25640063636B64696766695E
:1041F0006C74747970653D25640076656E646964DD
:104200003D307825780066656D6374726C3D256479
:104210000075736233307265677325643D307825AD
:10422000782C307825782C307825782C30782578C3
:104230000070646F6666736574326725646D61250E
:10424000643D307825780075736265706E756D3DDC
:10425000307825780070613168696D6178707772A7
:104260003D2564007278636861696E3D3078257819
:1042700000626F617264666C6167733D30782578A7
:104280000070613162303D25640070613162313D02
:1042900025640070613162323D2564007478636882
:1042A00061696E3D307825780072786761696E7358
:1042B0002564672563656C6E616761696E6125645D
:1042C0003D2564006770646E3D307825780070612C
:1042D000306D61787077723D256400627861356772
:1042E0003D2564006167626725643D30782578006C
:1042F00075736273737068795F736C656570303D58
:10430000307825780075736273737068795F736CA9
:10431000656570313D307825780075736273737010
:1043200068795F736C656570323D3078257800750B
:10433000736273737068795F736C656570333D3059
:10434000782578006C656464633D30782530347876
:10435000006D63733332706F3D307825780072736F
:10436000736973617632673D2564006F706F3D2518
:104370006400697474326761313D30782578007269
:1043800078706F35673D256400657874706167618A
:10439000696E35673D30782578006F66646D3567E6
:1043A00068706F3D307825780074776F72616E6742
:1043B00065747373692564673D25640073623230E8
:1043C000696E3430256372706F3D30782578006DEA
:1043D000616E6669643D3078257800656C6E613287
:1043E000673D3078257800727063616C32673D30CC
:1043F0007825780000000000000000727063616C96
:10440000356762303D30782578000000000000728A
:104410007063616C356762313D307825780000004B
:10442000000000727063616C356762323D30782540
:1044300078000000000000727063616C35676233C1
:104440003D30782578000000000000706130623057
:104450005F6C6F3D25640070613062315F6C6F3D51
:1044600025640070613062325F6C6F3D25640073BB
:10447000623230696E3830616E6431363025637275
:1044800035672563706F3D3078257800636464700C
:104490006F3D3078257800626F6172647479706561
:1044A0003D3078257800616E747377697463683D78
:1044B0003078257800626F6172646E756D3D256499
:1044C0000072646C69643D30782578007874616CA2
:1044D000667265713D2564006D617870356768614D
:1044E000303D307825780072786761696E73256495
:1044F00067656C6E616761696E6125643D25640066
:1045000075736273736D64696F25643D30782578C7
:104510002C307825782C307825782C307825780048
:1045200073756264657669643D30782578007061E2
:10453000316C6F62303D2564007061316C6F6231A7
:104540003D2564007061316C6F62323D25640073FB
:10455000746263706F3D30782578007278676169A6
:104560006E65727235676125643D307825782C3030
:104570007825782C307825782C3078257800706173
:10458000316C6F6D61787077723D25640070646F77
:10459000666673657425646D6125643D30782578A1
:1045A0000074656D70636F7272783D2564006F668C
:1045B000646D3567706F3D30782578007573626E75
:1045C0006F73733D3078257800616135673D3078D1
:1045D000257800637573746F6D76617225643D3064
:1045E0007825780074785F647574795F6379636C9B
:1045F000655F6F66646D5F25645F35673D256400A8
:10460000757569643D257300757362646573635FD6
:10461000636F6D706F736974653D307825780074D1
:10462000656D7073656E73655F6F7074696F6E3DF5
:10463000256400706170646361702564673D256462
:10464000006C65676F66646D627732303267706FD9
:104650003D307825780000006C65676F66646D6298
:10466000773230756C3267706F3D30782578007026
:10467000646761696E2564673D2564006D617870CB
:10468000356761303D30782578006D617870356729
:1046900061313D30782578006D637325646725634B
:1046A000706F25643D307825780070687963616C9F
:1046B0005F74656D7064656C74613D256400706144
:1046C00025646725637725646125643D3078257806
:1046D0000063636F64653D307830007265677769A9
:1046E0006E646F77737A3D2564006F66646D6C72DB
:1046F000627732303267706F3D3078257800776F9F
:10470000776C5F6770696F706F6C3D256400616ED8
:1047100074737763746C35673D3078257800636314
:104720006B3267706F3D307825780074726932673C
:104730003D25640063636B627732303267706F3D92
:104740003078257800000063636B62773230756CD7
:104750003267706F3D307825780069747435676111
:10476000303D3078257800697474356761313D30AB
:10477000782578006D63736C7235672563706F3DC3
:10478000307825780070646F6666736574326725CB
:10479000646D76616C69643D307825780072786765
:1047A00061696E732564677472656C6E616279709D
:1047B0006125643D256400626F6172647265763DB7
:1047C000307825780072617774656D7073656E73EB
:1047D000653D307825780075736273737068795F12
:1047E00075746D695F63746C303D30782578007541
:1047F000736273737068795F75746D695F63746CED
:10480000313D307825780075736273737068795F15
:1048100075746D695F63746C323D30782578000083
:10482000000000006F66646D35676C706F3D307816
:104830002578007061306974737369743D25640074
:1048400074737369706F7335673D307825780072C3
:1048500078706F32673D25640074737369706F738D
:10486000736C6F70652564673D25640074726935EB
:1048700067683D2564006D616E663D257300747246
:104880006935676C3D2564006D637362773230353E
:104890006768706F3D307825780000006D63736243
:1048A000773230756C356768706F3D3078257800E9
:1048B0006D637362773430356768706F3D3078258B
:1048C0007800000073726F6D7265763D2564006C30
:1048D00065676F66646D3430647570706F3D3078F5
:1048E0002578006D61787035676861313D307825D5
:1048F000780064657669643D307825780072786761
:1049000061696E73256467747269736F6125643DB4
:104910002564006D61787035676C61303D307825B5
:1049200078006D61787035676C61313D307825783D
:10493000006570616761696E2564673D2564007775
:1049400070736770696F3D256400776F776C5F6780
:1049500070696F3D25640072737369736D663567A6
:104960003D256400747269736F32673D3078257835
:104970000074737369706F7332673D307825780007
:104980007770736C65643D256400656C6E61356796
:104990003D30782578007061356762773430383083
:1049A0006125643D307825782C307825782C307856
:1049B00025782C307825782C307825782C3078257F
:1049C000782C307825782C307825782C307825781C
:1049D0002C307825782C307825782C307825780084
:1049E0006D63736277323035676D706F3D30782557
:1049F000780000006D637362773230756C35676DD7
:104A0000706F3D30782578006D6373627734303590
:104A1000676D706F3D3078257800000063636F64C8
:104A2000653D25632563006D6373627731363035EC
:104A3000672563706F3D3078257800496E76616C2C
:104A400069642F556E737570706F72746564207829
:104A500074616C2076616C756520256400726D69E7
:104A60006E00636C646F5F627572737400706C6C5F
:104A70002564006C6E6C646F310072256464007292
:104A8000256474007874616C6672657100000000C2
:104A90000C000000020016000200000004000D00DF
:104AA0000700000001000A000800000004000D00DB
:104AB0000A00000004000D000D00000001000700C6
:104AC00017000000040004001B00000004000100A7
:104AD0001C000000010007000000000002000200AE
:104AE00001000000010001000300000002000200BC
:104AF00004000000010001000500000001000100A9
:104B0000060000000100010009000000010005008E
:104B10000B000000010001000C000000020030004A
:104B20000E000000010001000F0000000100010064
:104B30001000000001000100110000000100010050
:104B40001200000003000300130000000100010038
:104B50001400000001000100150000000100010028
:104B60001600000001000100180000000200130000
:104B700019000000020013001A00000002001300D8
:104B80001D000000010001001E00000001000100E6
:104B90000C00000002003000726D61780000004BD4
:104BA00000079065000C1892000F6C706C646F31F8
:104BB00000000000010000000000000000000000F4
:104BC00000000000020000000000000001000000E2
:104BD00000000000040000000000000003000000CE
:104BE00000000000080000000000000000000000BD
:104BF000000000001000000000000000070000009E
:104C0000000000002000000000000000571100001C
:104C1000000000004000000000000000170100003C
:104C200000000000800000000000000057010000AC
:104C30000000000000010000000000000300000070
:104C40000000000000020000000000000000000062
:104C5000000000000004000000000000030000004D
:104C60000000000000080000000000000704000031
:104C700000000000001000000000000057010000CC
:104C8000000000000020000000000000D715000018
:104C9000000000000040000000000000F7BDC20E50
:104CA000000000000080000000000000F73DC20E80
:104CB00000000000000001000000000000000000F3
:104CC000000000000000020000000000F73DC00EE0
:104CD000000000000000040000000000F73DC20ECC
:104CE000000000000000080000000000F73DC20EB8
:104CF000000000000000100000000000F73DC006AA
:104D0000000000000000200000000000F73DDA0E67
:104D1000000000000000400000000000F73D000619
:104D2000000000000000800000000000F73D400689
:104D30000000000000000001000000000000000072
:104D4000000000000000000200000000D701000089
:104D5000000000000000000400000000D70D00006B
:104D6000000000000000000800000000F73DC00641
:104D7000000000000000001000000000F73DCA0E17
:104D8000000000000000002000000000F73DCA1EE7
:104D9000000000000000004000000000F73DFA3E67
:104DA00000000000726567256400636C646F5F70CB
:104DB000776D006368697063256400626F61726477
:104DC000747970650070726F6469640073776465EC
:104DD0006E61626C65006770646E00626F61726420
:104DE000666C6167730062746378776172666C6188
:104DF0006773007874616C6672657100626F6172CE
:104E000064726576006465766964006D7578656EB8
:104E1000616200776C30696400776C25643A2042E7
:104E2000726F6164636F6D2042434D25732038308B
:104E3000322E313120576972656C65737320436F70
:104E40006E74726F6C6C65722025730A0074656DE8
:104E5000705F74686F72745F6D6F6E69746F725F8C
:104E600074696D650074785F6D696E696D756D5FED
:104E7000647574795F6379636C650074785F6475D9
:104E800074795F6379636C655F63636B006167620C
:104E90006730006167626731006167626732007482
:104EA000656D7062617365645F647574795F637961
:104EB000636C655F656E006161300074785F647576
:104EC00074795F6379636C655F6F66646D00000081
:104ED0001133820025348200000000000000000031
:104EE0004E5652414D5265760073617232670061D1
:104EF0006132670020432543034321432443184381
:104F000019431A43114313431243144315431643E1
:104F10001B431C431D43284329432A432B432C4353
:104F20002D4341434043504351435243534357431E
:104F30009DA9760554435F433F434F432F4334437A
:104F400035433643374338433943164748472747A5
:104F5000434360434643474348433143324333432B
:104F6000AA43584359435A43A943554356436343BD
:104F7000804381438243644365436643744367438C
:104F8000A043A143A243AE43AF43B043AB43AC43C2
:104F9000AD43E343E443E543E243D043D143D2434B
:104FA000BA43BB43BC43B143B243B343A343A4435B
:104FB000A543B743B843B943C043C143C243D343F6
:104FC000D443D543D643D743D843D943DA43DB430D
:104FD000DF43E043E143EC43ED43EE43E943EA437F
:104FE000EB432243D6A867A868A89CA9D8A89DA986
:104FF0001343144386A83143A7A9DBA8D1A8DCA892
:10500000A4A952AAC6A902AA31AA32AA74785F74C6
:10501000656D705F74687265736800646576696455
:105020000031316E5F64697361626C650061673085
:1050300000616B6D00000000299483005DB7830060
:10504000059283000000000045338400DD398400B0
:1050500000000000000000007A62637867636967FF
:1050600070696F00616E74737763746C326700618E
:105070006E74737763746C356700776C25643A647B
:105080006D6125640061613267006C7465637866E8
:105090006E73656C006274635F6D6F646500626F50
:1050A000617264666C616773006D616361646472F0
:1050B000006C746563787061646E756D0076656E02
:1050C000646964007A626378666E73656C0062740A
:1050D00063786C657363616E007A62637870616493
:1050E0006E756D00637573746F6D766172310063F8
:1050F0007573746F6D76617232006274635F706194
:1051000072616D732564006274635F666C616773BE
:105110000062746378776172666C61677300626FB6
:10512000617264666C61677332006C746563786782
:1051300063696770696F00626F617264666C616752
:10514000733400626F6172647265760064657669BB
:10515000640073726F6D7265760062745F64656679
:1051600061756C745F616E74006D6F6E69746F72DF
:105170005F74696D655F6F75740062746364796EE6
:105180005F64656661756C745F6274635F6D6F64A4
:10519000650070726F7465637465645F74696D65D2
:1051A0005F6F75740062746364796E5F6D73775FAF
:1051B000726F77300062746364796E5F6D73775FCE
:1051C000726F77310062746364796E5F6D73775FBD
:1051D000726F77320062746364796E5F64736E73AA
:1051E0005F726F77730062746364796E5F636F657B
:1051F000785F74776F5F616E74007478635F647555
:10520000725F7468726573680062746364796E5F5C
:105210006D73775F726F77330062746364796E5F6A
:105220006D73775F726F77730062746364796E5F1A
:1052300064666C745F64736E735F6C6576656C0036
:1052400062746364796E5F6274727373695F6879A4
:10525000737465720070726F745F627472737369D5
:105260005F746872657368006374733273656C662B
:105270005F6475725F74687265736800616C6572F3
:10528000745F74696D655F6F7574006274636479CF
:105290006E5F686967685F64736E735F6C6576657F
:1052A0006C007266615F636F756E745F74687265BF
:1052B00073680062746364796E5F6D69645F6473C0
:1052C0006E735F6C6576656C0062746364796E5FA3
:1052D0006C6F775F64736E735F6C6576656C00628C
:1052E000746364796E5F666C616773006274636493
:1052F000796E5F64736E735F726F77300062746390
:1053000064796E5F64736E735F726F77310062747D
:105310006364796E5F64736E735F726F773200627D
:10532000746364796E5F64736E735F726F7733005A
:1053300073636F5F727373695F746872657368001B
:1053400063636F646500636300726567726576000E
:105350006576656E7471006873323000B1968600B0
:10536000F196860061848600B1848600B19686003D
:10537000F196860061848600B1848600B19686002D
:10538000F19686002D858600998686000000000033
:105390000000000000000000000000002D858600D5
:1053A000998686000000000000000000B19686008B
:1053B000F1968600B1968600F1968600B196860039
:1053C000F1968600000000000D060F0000000000AE
:1053D0000406300400000000020640067273736980
:1053E000636F72726E6F726D00676C616369616C7E
:1053F00074696D65720063616C5F706572696F647A
:10540000006C64706300747373696C696D75636FAD
:10541000640025732E6661622E25640074656D70CC
:10542000746872657368002E6661622E007478700D
:10543000777262636B6F6600696E7465726665721F
:10544000656E636500676C697463685F626173654C
:10545000645F6372736D696E0032675F63676100DA
:1054600072737369636F7272617474656E007068D1
:105470007963616C5F74656D7064656C74610074F0
:10548000656D70735F6879737465726573697300B5
:1054900072737369636F72727065727267326700DC
:1054A00074737369666C6F6F7232670076626174D1
:1054B0005F616464007061706476616C69647465D6
:1054C00073740073776469765F6770696F5F31002A
:1054D0006D63733267706F300073707572636F6ED7
:1054E000666967006D63733267706F310063636B69
:1054F00064696766696C74747970650065755F6569
:10550000647468726573683267007265645F72788C
:10551000626C6F636B696E67000001006C094B0081
:1055200076011300323016000300417E0006000AA7
:10553000D903270025000000910900006C09000034
:10554000000005035BE708003F5812122F141F1FCD
:105550001F1F20512761000009603F700200710980
:105560004B0076011300323016000300417E000626
:10557000000AD903270025000000910900007109E5
:105580000000000007030D8208003F5812122F147C
:105590001F1F1F1F20512761000009603F7003007B
:1055A00076094B0076011300323016000300417E6D
:1055B0000006000AD9032700250000009109000019
:1055C0007609000000000903BF1C08003F581212B2
:1055D0002F141F1F1F1F20512761000009603F70FB
:1055E00004007B094B0076011300323016000300E3
:1055F000417E0006000AD90327002500000091091A
:1056000000007B09000000000A0371B708003F5842
:1056100012122F141F1F1F1F205127610000096045
:105620003F70050080094B007601130032301600F0
:105630000300417E0006000AD90327002500000070
:10564000910900008009000000000C0323520800AB
:105650003F5812122F141F1F1F1F215127610000D6
:1056600009603F70060085094B0076011300323057
:1056700016000300417E0006000AD903270025001A
:105680000000910900008509000000000D03D5EC21
:1056900008003F5812122F141F1F1F1F215127618E
:1056A000000009603F7007008A094B007601130073
:1056B000323016000300417E0006000AD90327009D
:1056C00025000000910900008A09000000000F0376
:1056D000878708003F5812122F141F1F1F1F2151C8
:1056E0002761000008603F7008008F094B007601B9
:1056F0001300323016000300417E0006000AD90371
:10570000270025000000910900008F09000000001B
:105710001103392208003F5812122F141F1F1F1F98
:1057200021512761000008603F70090094094B0077
:1057300076011300323016000300417E0006000A95
:10574000D9032700250000009109000094090000FA
:1057500000001203EBBC08003F5812122F141F1F49
:105760001F1F21512761000008603F600A0099094E
:105770004B0076011300323016000300417E000614
:10578000000AD903270025000000910900009909AB
:105790000000000014039D5708003F5812122F14F8
:1057A0001F1F1F1F21512761000008603F600B0071
:1057B0009E094B0076011300323016000300417E33
:1057C0000006000AD9032700250000009109000007
:1057D0009E090000000015034FF208003F58121206
:1057E0002F141F1F1F1F21512761000007603F60FA
:1057F0000C00A3094B0076011300323016000300A1
:10580000417E0006000AD903270025000000910907
:105810000000A309000000001703018D08003F5895
:1058200012122F141F1F1F1F215127610000076034
:105830003F600D00A8094B007601130032301600BE
:105840000300417E0006000AD9032700250000005E
:1058500091090000A809000000001903B3270800FF
:105860003F5812122F141F1F1F1F215128610000C3
:1058700007603F600E00B4094B0076011300323020
:1058800016000300417E0006000AD9032700250008
:10589000000091090000B409000000001D035E0132
:1058A00008003F5812122F141F1F1F1F215128617B
:1058B000000007603F606D61787032676130000002
:1058C00001006C09340004010D0023304F00030077
:1058D000417E0006000AD90327001A000000A20931
:1058E00000006C0900000000B208277608003F584D
:1058F00017173C191F1F1F1F3B511961000009603A
:105900003F7002007109340004010D0023304F0084
:105910000300417E0006000AD90327001A00000098
:10592000A2090000710900000000B708B1130800C7
:105930003F5817173C191F1F1F1F3B5119610000CB
:1059400009603F7003007609340004010D00233024
:105950004F000300417E0006000AD90327001A0009
:105960000000A2090000760900000000BB083BB15E
:1059700008003F5817173C191F1F1F1F3C51196182
:10598000000009603F7004007B09340004010D0031
:1059900023304F000300417E0006000AD903270090
:1059A0001A000000A20900007B0900000000C008E6
:1059B000C44E08003F5817173C191F1F1F1F3C51AA
:1059C0001961000009603F7005008009340004017E
:1059D0000D0023304F000300417E0006000AD9036A
:1059E00027001A000000A209000080090000000042
:1059F000C4084EEC08003F5817173C191F1F1F1F03
:105A00003C511961000009603F70060085093400AF
:105A100004010D0023304F000300417E0006000A00
:105A2000D90327001A000000A20900008509000020
:105A30000000C908D88908003F5817173C191F1FD4
:105A40001F1F3C511961000009603F7007008A095F
:105A5000340004010D0023304F000300417E000696
:105A6000000AD90327001A000000A20900008A09D1
:105A700000000000CE08622708003F5817173C19A5
:105A80001F1F1F1F3C511961000008603F70080074
:105A90008F09340004010D0023304F000300417EC4
:105AA0000006000AD90327001A000000A20900001E
:105AB0008F0900000000D208ECC408003F581717F7
:105AC0003C191F1F1F1F3C511961000008603F70E7
:105AD00009009409340004010D0023304F00030035
:105AE000417E0006000AD90327001A000000A2091F
:105AF0000000940900000000D708766208003F58B3
:105B000017173C191F1F1F1F3C5119610000086027
:105B10003F600A009909340004010D0023304F0052
:105B20000300417E0006000AD90327001A00000086
:105B3000A2090000990900000000DC08000008002C
:105B40003F5817173C191F1F1F1F3C5119610000B8
:105B500008603F600B009E09340004010D002330F3
:105B60004F000300417E0006000AD90327001A00F7
:105B70000000A20900009E0900000000E008899DC5
:105B800008003F5817173C191F1F1F1F3D5119616F
:105B9000000007603F600C00A309340004010D0001
:105BA00023304F000300417E0006000AD90327007E
:105BB0001A000000A2090000A30900000000E50887
:105BC000133B08003F5817173C191F1F1F1F3D515B
:105BD0001961000007603F600D00A809340004014E
:105BE0000D0023304F000300417E0006000AD90358
:105BF00027001A000000A2090000A8090000000008
:105C0000E9089DD808003F5817173C191F1F1F1F90
:105C10003D511961000007603F600E00B409340077
:105C200004010D0023304F000300417E0006000AEE
:105C3000D90327001A000000A2090000B4090000DF
:105C40000000F4084EEC08003F5817173C191F1FBE
:105C50001F1F3D511961000007603F6070726F7037
:105C6000627732303267706F0072636F725F6163A8
:105C70006900706D696E00706170646D6F646500BD
:105C800063616C696478657374746172676574329A
:105C9000670063616C69647865737462617365320F
:105CA00067007061326761305F6C6F0063636B32F5
:105CB00067706F0063636B7363616C650074656D1F
:105CC000705F6D756C7400706170646570736F6681
:105CD00066736574006F66646D3267706F00706123
:105CE00063616C69647832670073776469765F73A7
:105CF000776374726C5F656E006F66646D6469676C
:105D000066696C74747970656265004176566D6978
:105D100064495163616C0063636B696478706368A4
:105D20006F6666730074656D705F6164640073779D
:105D30006469765F6770696F006D63736277323094
:105D40003267706F0070617064656E6469647800BA
:105D500001006C092600C0000A001A308000030010
:105D6000417E0006000AD903270013000000B00995
:105D700000006C0900000000C70B000008003F583D
:105D800017173C191F1F1F1F505119610000096090
:105D90003F70020071092600C0000A001A3080001E
:105DA0000300417E0006000AD9032700130000000B
:105DB000B0090000710900000000CD0B0040080090
:105DC0003F5817173C191F1F1F1F51511961000021
:105DD00009603F70030076092600C0000A001A30EF
:105DE00080000300417E0006000AD903270013004B
:105DF0000000B0090000760900000000D30B00800D
:105E000008003F5817173C191F1F1F1F51511961D8
:105E1000000009603F7004007B092600C0000A00F2
:105E20001A3080000300417E0006000AD9032700D3
:105E300013000000B00900007B0900000000D90B2E
:105E400000C008003F5817173C191F1F1F1F515152
:105E50001961000009603F70050080092600C0003C
:105E60000A001A3080000300417E0006000AD903B0
:105E7000270013000000B0090000800900000000A6
:105E8000E00B000008003F5817173C191F1F1F1F89
:105E900051511961000009603F7006008509260014
:105EA000C0000A001A3080000300417E0006000A8C
:105EB000D903270013000000B00900008509000085
:105EC0000000E60B004008003F5817173C191F1F41
:105ED0001F1F51511961000009603F7007008A09B6
:105EE0002600C0000A001A3080000300417E000630
:105EF000000AD903270013000000B00900008A0936
:105F000000000000EC0B008008003F5817173C19F8
:105F10001F1F1F1F51511961000008603F700800CA
:105F20008F092600C0000A001A3080000300417E5D
:105F30000006000AD903270013000000B009000082
:105F40008F0900000000F20B00C008003F5817172F
:105F50003C191F1F1F1F52511961000008603F703C
:105F6000090094092600C0000A001A3080000300CE
:105F7000417E0006000AD903270013000000B00983
:105F80000000940900000000F90B000008003F58D1
:105F900017173C191F1F1F1F52511961000008607D
:105FA0003F600A0099092600C0000A001A308000EC
:105FB0000300417E0006000AD903270013000000F9
:105FC000B0090000990900000000FF0B0040080024
:105FD0003F5817173C191F1F1F1F5251196100000E
:105FE00008603F600B009E092600C0000A001A30BE
:105FF00080000300417E0006000AD9032700130039
:106000000000B00900009E0900000000050C00809F
:1060100008003F5817173C191F1F1F1F52511961C5
:10602000000007603F600C00A3092600C0000A00C2
:106030001A3080000300417E0006000AD9032700C1
:1060400013000000B0090000A309000000000B0CC1
:1060500000C008003F5817173C191F1F1F1F52513F
:106060001961000007603F600D00A8092600C0000C
:106070000A001A3080000300417E0006000AD9039E
:10608000270013000000B0090000A809000000006C
:10609000120C000008003F5817173C191F1F1F1F44
:1060A00052511961000007603F600E00B4092600DC
:1060B000C0000A001A3080000300417E0006000A7A
:1060C000D903270013000000B0090000B409000044
:1060D0000000210C000008003F5817173C191F1F33
:1060E0001F1F53511961000007603F60697473738B
:1060F00069636F72720073776469765F656E0065BD
:10610000646F66667468643230756C00696E6974B9
:106110007869647870636800647373667468007487
:1061200073736974696D650063636B6277323032D3
:1061300067706F007061706474656D7000706132BB
:106140006761305F3270777200696E697478696474
:10615000780063636B7077726F6666736574300086
:106160004176566D69645F63300074656D705F7170
:1061700000766261745F6D756C740063636B696E49
:106180006974786964780073726F6D726576006FF8
:1061900066646D64696766696C74747970650070B3
:1061A00061706474656D7062696173006C636E32F6
:1061B000305F6E6F69736563616C5F74626C5F659D
:1061C0006E0065646F6E74686432306C006C656775
:1061D0006F66646D627732303267706F0070613263
:1061E0006761300074787077726F666673657432B9
:1061F0006700706D617800766261745F71000607F8
:106200003F038A00000006073F03840000000607E2
:106210003F038000000006073F037B0000000607E5
:106220003F037700000006073F03720000000607E7
:106230003F036E00000006073F036A0000000607E8
:106240003F036700000006073F03630000000607E6
:106250003F036100000006073F035C0000000607E3
:106260003F035A00000006073F03570000000607DF
:106270003F035400000006073F03510000000607DB
:106280003F034F00000006073F034D0000000607D4
:106290003F034B00000006073F03480000000607CD
:1062A0003F034600000006073F03440000000607C6
:1062B0003F034200000006073F03400000000607BE
:1062C0003F033F00000006073F033D0000000607B4
:1062D0003F033B00000006073F033A0000000607AB
:1062E0003F033800000006073F03360000000607A2
:1062F0003F033500000006073F0334000000060797
:106300003F033200000006073F033100000006078C
:106310003F033000000006073E032F000000060781
:106320003C032F00000006073B032F000000060778
:106330003B032D00000006073A032D00000006076E
:106340003A032C00000006073A032B000000060762
:106350003A03290000000607390329000000060758
:10636000380328000000060738032700000006074E
:106370003803260000000607380325000000060742
:106380003803240000000607370324000000060736
:10639000370323000000060737032200000006072A
:1063A000370321000000060735032100000006071F
:1063B0003503200000000607340320000000060714
:1063C00034031F000000060732031F000000060709
:1063D00033031E000000060733031D0000000607FC
:1063E00031031D000000060732031C0000000607F1
:1063F00030031C00000006072F031C0000000607E6
:106400002D031C00000006072B031C0000000607DC
:106410002A031C000000060729031C0000000607D1
:1064200028031C000000060728031B0000000607C5
:1064300027031B000000060727031A0000000607B9
:1064400026031A000000060724031A0000000607AE
:1064500023031A000000060722031A0000000607A3
:1064600021031A0000000607210319000000060797
:1064700020031900000006071F031900000006078B
:106480001E031900000006071E031900000006077E
:106490001E031900000006071E031900000006076E
:1064A0001E031900000006071E031900000006075E
:1064B0001E031900000006071E031900000006074E
:1064C0001E031900000006071E031900000006073E
:1064D0001E031900000006071E031900000006072E
:1064E0001E031900000006071E031900000006071E
:1064F0001E031900000006071E031900000006070E
:106500001E031900000006071E03190000000607FD
:106510001E031900000006071E03190000000607ED
:106520001E031900000006071E03190000000607DD
:106530001E031900000006071E03190000000607CD
:106540001E031900000006071E03190000000607BD
:106550001E031900000006071E03190000000607AD
:106560001E031900000006071E031900000006079D
:106570001E031900000006071E031900000006078D
:106580001E031900000006071E031900000006077D
:106590001E031900000006071E031900000006076D
:1065A0001E031900000006071E031900000006075D
:1065B0001E031900000006071E031900000006074D
:1065C0001E031900000006071E031900000006073D
:1065D0001E031900000006071E031900000006072D
:1065E0001E031900000006071E031900000006071D
:1065F0001E031900000006071E0319000000060F05
:106600003FFF62000000060F3FFF5E000000060F24
:106610003FFF59000000060F3FFF55000000060F26
:106620003FFF51000000060F3FFF4D000000060F26
:106630003FFF4A000000060F3FFF47000000060F23
:106640003FFF44000000060F3FFF41000000060F1F
:106650003FFF3E000000060F3FFF3C000000060F1A
:106660003FFF3A000000060F3FFF37000000060F13
:106670003FFF35000000060F3FFF33000000060F0C
:106680003FFF32000000060F3FFF30000000060F02
:106690003FFF2E000000060F3DFF2E000000060FFA
:1066A00039FF2F000000060F3AFF2D000000060FF3
:1066B00039FF2C000000060F37FF2C000000060FEA
:1066C00036FF2B000000060F36FF2A000000060FE1
:1066D00035FF29000000060F35FF28000000060FD7
:1066E00033FF28000000060F31FF28000000060FCE
:1066F00030FF27000000060F2FFF27000000060FC5
:106700002DFF27000000060F2EFF25000000060FBA
:106710002CFF25000000060F2BFF25000000060FB0
:1067200029FF25000000060F28FF24000000060FA7
:1067300026FF25000000060F24FF26000000060F9C
:1067400022FF26000000060F21FF26000000060F92
:1067500021FF25000000060F22FF23000000060F86
:1067600020FF23000000060F1FFF23000000060F7C
:106770001FFF22000000060F1FFF21000000060F70
:106780001CFF22000000060F1CFF21000000060F66
:106790001CFF20000000060F1CFF1F000000060F5A
:1067A0001CFF1E000000060F1AFF1F000000060F4E
:1067B0001AFF1E000000060F19FF1E000000060F42
:1067C00019FF1D000000060F18FF1D000000060F36
:1067D00018FF1C000000060F16FF1D000000060F2A
:1067E00016FF1C000000060F17FF1B000000060F1D
:1067F00017FF1A000000060F17FF19000000060F10
:1068000016FF19000000060F15FF19000000060F03
:1068100014FF19000000060F16FF17000000060FF6
:1068200015FF17000000060F17FF15000000060FE8
:1068300016FF15000000060F15FF15000000060FDB
:1068400014FF15000000060F15FF14000000060FCE
:1068500014FF14000000060F14FF13000000060FC1
:1068600015FF12000000060F12FF13000000060FB4
:1068700013FF12000000060F12FF12000000060FA7
:1068800011FF12000000060F10FF12000000060F9B
:106890000DFF14000000060F0FFF12000000060F8E
:1068A0000EFF12000000060F0CFF13000000060F81
:1068B0000DFF12000000060F0CFF12000000060F73
:1068C0000BFF13000000060F0CFF11000000060F65
:1068D00008FF14000000060F09FF13000000060F58
:1068E00008FF13000000060F0AFF11000000060F4A
:1068F00008FF12000000060F07FF13000000060F3C
:1069000008FF11000000060F07FF12000000060F2D
:1069100007FF11000000060F05FF13000000060F1F
:1069200008FF0F000000060F09FF0E000000060F11
:1069300008FF0E000000060F07FF0F000000060F03
:1069400004FF11000000060F05FF10000000060FF5
:1069500003FF12000000060F04FF10000000060FE6
:1069600001FF14000000060F02FF12000000060FD6
:1069700001FF13000000060F02FF11000000060FC8
:1069800001FF12000000060F02FF10000000060FBA
:1069900001FF11000000060F01FF10000000060FAC
:1069A00001FF10000000060F01FF10000000060F9D
:1069B00001FF10000000060F01FF10000000060F8D
:1069C00001FF10000000060F01FF10000000060F7D
:1069D00001FF10000000060F01FF10000000060F6D
:1069E00001FF10000000060F01FF10000000060F5D
:1069F00001FF10000000060F01FF1000000072618F
:106A0000746573656C007374660063636B5F6F6EAF
:106A100065636F72655F74780074656D70735F7025
:106A20006572696F64007478636861696E0072787A
:106A3000636861696E0073776469765F736E727400
:106A400068726573680073776469765F74785F77DE
:106A500065696768740073776469765F736E726CDA
:106A6000696D0073776469765F73776374726C5FC6
:106A70006D61736B0073776469765F63636B736ECC
:106A800072636F72720073776469765F7377637491
:106A9000726C5F616E74300073776469765F7377D0
:106AA0006374726C5F616E74310073776469765FD2
:106AB0007765696768740073776469765F73657476
:106AC000746C650073776469765F656E00737764D4
:106AD00069765F72785F706F6C6963790073776451
:106AE00069765F63656C6C5F706F6C696379007366
:106AF000776469765F73776374726C5F656E007339
:106B0000776469765F746872657368007377646927
:106B1000765F6770696F5F310073776469765F6372
:106B2000636B6E6F6973656573746C696D00737701
:106B30006469765F6C6F673261766700737764694A
:106B4000765F6770696F0073776469765F74785FEA
:106B5000706F6C6963790073776469765F74696DCF
:106B6000656F757400616E746469765F72737369C2
:106B70006469666674687265736800776F776C5FC6
:106B80006770696F00776F776C5F6770696F706FA0
:106B90006C00000073B54369164600222F2B044693
:106BA0000D46019208DD332B06D013460121E2F396
:106BB000D9F183059B0D07E0002120460A46E2F348
:106BC00031F2064B03401B0C1B022046336001A927
:106BD0002A4600F005F801987CBD00BF0000FF03C5
:106BE000F8B504460E461546E5F380F540F6120169
:106BF000002207462046E6F31BF32046E5F37EF528
:106C000020463946E6F322F3024B33604FF4C86363
:106C10002B60F8BD4C6403000B46C06F11461A464A
:106C2000FFF7B8BF10B501210446C06FE2F35CF274
:106C3000E06FE6F337F3002010BD37B50024694656
:106C400001AA054600940194FFF7E6FF9DE80600BF
:106C50000346284624F052DC20463EBD38B50446A3
:106C6000C06FE2F3D3F148B12046FFF7E6FF0546D7
:106C700038B92046FFF7D6FF284638BD4FF0FF3021
:106C800038BD002038BD2DE9FF4107464FF4B670EE
:106C90000E4615469846E0F36BF40446002832D0C1
:106CA00000214FF4B672DBF34DF40A9B3846009393
:106CB00004F18003019304F18403029331462A46D0
:106CC0004346F2F7F1FBE067C0B10123637440F67D
:106CD00012010022E6F3ACF20C210022C4F8880075
:106CE000E06FE5F3F7F42046F5F722FF2046FFF7C3
:106CF000B5FFE06FF2F780F9002500E00B25204694
:106D0000E0F348F400E01E25284604B0BDE8F08119
:106D1000CDAB000001BC600300104E03BFDE02F0EB
:106D20000E5C0280C12700000403BFDE02F0105990
:106D300003A85E02F0001203A65E02F000120282B7
:106D40005E5300001202855EAF000012020200BF17
:106D500000000F03A85E02F000120282DEBB0000FA
:106D6000120282DEB300001202845EB7000012023B
:106D7000845EB3000012028600C700001202848005
:106D8000C300001201BC63FF1FF040000080000040
:106D90000000035B5E02F0001401BC6013001043AE
:106DA00000015E02F0000000025E02F0182C0202F8
:106DB00000BF0000B402045EFF00001B006B4465CE
:106DC00056801B01846002F7F7BF01BC6003000A14
:106DD000A600025E02F012370202DEFF0000200071
:106DE0006B44655520200182E002F7F7BF03BFDE48
:106DF00002F006C30201AC7B00002500E844656197
:106E000077A101BC607F0817A2006D5E86F4402563
:106E100000A82C7B010B1E00682B4F00002A02806B
:106E2000DEFF0000B4006B44655A60B40184E006E4
:106E3000F577AB00025E02F0159B020480C70000EC
:106E40002C028180C700002E01806002F7F7BF018D
:106E5000BC6003000ADA00902BE300D7A200E02B0D
:106E6000DEF457A3006D446AF4603200B02BD70003
:106E70000AF001876002F7F7BF00682BBF00003AF5
:106E800000E944655DF7A300E8C4695E77A2006885
:106E9000DE8B00003A006DDE8D5E003A0286ABD3D9
:106EA00000003A01876006F7F7BF0207DEFF000027
:106EB0003F00E844655A37A2006D5E895A003F01E1
:106EC00087E002F7F7BF01BC6003000AD100682C1D
:106ED0006F00004501BC61F70017A100E84465633D
:106EE00077A2006D5E8AF4204501BC6003000B1B95
:106EF00000A82C7B002B1E00682AE700005100E848
:106F000044655737A1006DDE8556404C00682B2341
:106F100000005100E844655917A1006DDE85564018
:106F20004E03BFDE02F0005101BC6003000ABA014B
:106F3000BC6003000AB901BC6003000AC801BC6060
:106F400003000AC000A82C7B004B1E0202DEB30027
:106F500000540200420300005400025E02F00D2FB4
:106F60000203C57300005702845EB30000B40068DA
:106F7000AAEF0000B40284DEB7000059020180C706
:106F800000007900B02AAB0017A202802BD30000CA
:106F90006000B02B030017A1006DDE855BE0AB0045
:106FA000685E8700006000682BE700006000B02B7F
:106FB000E70017A200682AEB00006600E844655766
:106FC00057A101856006F5D7AE006DDE86F440ABB3
:106FD00000E05E8554F7A1006DDE86F440AB0185CC
:106FE0006002F5D7AE0202DEBB00007900682A9B82
:106FF00000007900E8446555D7A100E02A9B0157BD
:10700000A2006EDE86F440720182E002F5D7AE0186
:1070100081600163CB1E01BC6003000AEA01BC6011
:1070200003000AA601BC6003000AE503BFDE02F00C
:107030000079006EAA9AF4207800E82A9AF437A121
:1070400000902A9B0037A2006E2A9EF4407700B081
:107050002A9F0017A20069DE86F4407903BFDE0292
:10706000F000AB0284DEB700009E028881AB000016
:107070009C02045EB70000B4020480C700008500D3
:10708000682AF700208500682AF700808500682AB2
:10709000DF00008400682AF702E0820068AAF7088F
:1070A000608400E844655637A1006D5E8556E0B403
:1070B00002005EFF00009C028080BF00009C006810
:1070C0002B2300008B02802BD300008B00B02B2BD6
:1070D0000017BB006E2B02F760B403BFDE02F000A6
:1070E0009C0205DEB700008E00682AF70860B40332
:1070F000BFDE02F0009C028400C700009002860000
:10710000C700009200682AEB00009C02812C270037
:10711000009C00E844655637A10206ABD3000096F8
:1071200000E845C95AF7A203BFDE02F0009700E865
:1071300045895AF7A20286ABD300009A00E85E8622
:10714000F457A10069DE8557009C006CC465566049
:10715000B402855EB70000B400025E02F015BE0303
:10716000BFDE02F000B40285ABD30000A50206AB7F
:10717000D30000A301BC63FF1FF7A1006845C6F45C
:10718000209C03BFDE02F000A501BC63FF1FF7A136
:1071900000684586F4209C0203C5730000AB02859D
:1071A0005EB70000AB020100C70000B4006B44658D
:1071B0005680B40020E3FE1460B40282DEBB0000FF
:1071C000B402022C270000AE0282DEBB0000AE0338
:1071D000BFDE02F0009C028881AB0000B40282DEB8
:1071E000B30000B4028080BF0000B40284DEAF00B0
:1071F00000B402825EBB0000B400025E02F015EE35
:10720000018060020D906C03595E02F000B603D855
:107210005E02F000B703D8DE02F000B801BC618363
:1072200000112900B0007B00112B01BC6303001189
:107230002303125E02F00CB003975E02F00D4303CD
:10724000D05E02F0039403D0DE02F0063D03D5DEEB
:1072500002F00C6203915E02F006980396DE02F0E3
:107260000C5D0288C17300012303C45E02F00810A4
:1072700003C75E02F0083403DCDE02F0163503AA11
:107280005E02F008A40386DE02F00CA10287C0377C
:10729000000CA103835E02F00A50020680C70000C2
:1072A000D00202B0E70000D0006C30EE2320D00105
:1072B00082E001872C3901BC607F1FF7A201E05EEC
:1072C0008A1070830391DE02F00720020680C70057
:1072D0000107020601AB0000E3020030E70000E313
:1072E0000068DE4B0620E3020042030000E3028454
:1072F00045230000E30280B0E70000E3006E45177D
:107300000020E301BC600300108000A8412300F0CE
:107310004803D0DE02F000DC03D05E02F000DD03A3
:10732000D5DE02F000DE00E001DF0020770180E022
:1073300005872C3901BC6003000C3A00025E02F0A4
:10734000180700025E02F0181B020E01AB0000F0ED
:10735000028445230000F0020130E70000F000E065
:1073600001E300207801816001872C390180E00170
:10737000872C39010C81430017A60068DE9B006052
:10738000ED01BC6003004C3A03BFDE02F000EF00E9
:1073900068DE9B0040EF01BC6003002C3A00025EF7
:1073A00002F01807020681AB000107020230E70075
:1073B00000FB028042030000FB028445230000FB27
:1073C00003915E02F0069800E001EB00207A018054
:1073D000E005872C3901826001872C3901BC6003EC
:1073E000000C3A00025E02F0180700025E02F0187C
:1073F0001B0201B0E70000FE006C30F22320FE010A
:1074000081E001872C39020330E7000107006C306E
:10741000F623210701836001872C39020042030013
:10742000010700685E4B04410500685E4B004105A2
:1074300003BFDE02F001070182600609104801BCAB
:10744000600300114503C2DE02F00D0A00025E0275
:10745000F0123603D4DE02F007B903A3DE02F00017
:107460000203C85E02F005FB0204DEB30001100255
:107470000145230001100184E002F597AC00025E93
:1074800002F006370201C5230001120187E002F570
:1074900077AB00025E02F00EAF00025E02F01177E1
:1074A00002182E2700011600025E02F0118A03A2C4
:1074B0005E02F0012003565E02F0011D01866006A7
:1074C000091048031F5E02F0011D006A5E230001DF
:1074D0001C00B0002700178800E85E2300378803EF
:1074E000A65E02F0018E00025E02F011F800286034
:1074F0000E08E1B403C4DE02F00D7A0020C20300DE
:1075000021BC03BFDE02F0020D03815E02F0012503
:107510000300DE02F000C30188E0020B905C03BFB1
:10752000DE02F0039102874063000127018EE00E26
:10753000F43018028740630001290002DE02F000E7
:10754000000287406300012B00B05E8B0010190120
:107550008EE00AF430180002DE02F0000001BC6088
:107560006300107B01BC601B00107A01AC607EF4EC
:107570007075028741D70001320002DE02F0000080
:1075800001BC606300107B01BC601B00107A01AC81
:1075900060BEF47075028741D70001370002DE0239
:1075A000F0000001BC606300107B00B05E8B001037
:1075B0007A01AC607EF43075028741D700013C004F
:1075C00002DE02F0000001BC606300107B00B05ED0
:1075D0008B00107A01AC60BEF43075028741D70091
:1075E00001410002DE02F0000001BC6003028006DF
:1075F0000280DE0700014D01DA6002F01780020808
:107600005E0700016101BC60031E17A100E05E027D
:10761000F4306501BC60031C17A100E05E02F43089
:107620006401BC600300281103BFDE02F0016701A2
:10763000105E030017A101035E030017A200E05EC5
:1076400086F457A100885E870037A200E05E86F4CA
:1076500057A100E0015AF43063028600C3000158CC
:1076600000B0560B00106200B0540300106201BC61
:10767000600300281103BFDE02F0016900B0418FF2
:107680000010620109DE030017A10068DE870041D7
:107690005C00E05E870037A100885E870057A1008C
:1076A000E05E8504B7A100E05E8703C00601BC6010
:1076B0000300481103BFDE02F0016901BC6007024C
:1076C00017A100E05E02F4306501BC60070017A15D
:1076D00000E05E02F4306401BC600318000601BCE7
:1076E000600300081100B05A0300106200B0580394
:1076F0000010630002DE02F0000001BC60030637E8
:107700009201BC63FF1FF0C301BC60031890E3014A
:10771000BC60FB1C10E501BC600300501000B040D1
:107720004300180000B040470010E70002DE02F0FE
:10773000000000E840330097A100B0400B0017A301
:10774000006D5E86F4617700905E8F0037A303BF03
:10775000DE02F0017800905E870037A301BC601B59
:107760000437A100E05E8EF437A301F041970017C3
:10777000A1006DDE86F4618C0287C1970001800153
:10778000385A030017A1013C5A030017A203BFDEB9
:1077900002F00182013C5A030017A101385A070088
:1077A00017A200685E86F4818700D85E8B0037A23E
:1077B00000E14196F4506500E1C19700306503BFD8
:1077C000DE02F0017A00D85E8B0037A200E141961C
:1077D000F457A100E1DE870037A101F05E870017B2
:1077E000A1006EDE86F4618D01BC63FF1FF7A4006B
:1077F00002DE02F00000020681AB0001900182600F
:1078000001872C390020E38E090002031EDE02F0FE
:107810000196039F5E02F0019601BC60430117A12F
:1078200000A84122F4304803BFDE02F00002020843
:10783000411F00019301816005610B0800025E0297
:10784000F00D2F00B000AB00108600B001630010F7
:107850008A00025E02F0107301BC600304179200FC
:10786000B0003B00111D0190600609104803A1DE25
:1078700002F001AE0181E00609104801BC6003007E
:10788000904201BC600300112D039EDE02F001B1A5
:1078900001846002F2979400B0451700178F00B082
:1078A0005E170017900200441F0001AA01856002C4
:1078B0000910480181600700104701F0DE0F003712
:1078C000A1020400BF0001AD01F084C70037A10090
:1078D000A044B6F43145039EDE02F001B101BC6163
:1078E0003712B08003BFDE02F0000200A044B42AC9
:1078F000314501BC612712708003BFDE02F0000237
:107900000020E082090002010CDE530017A101886B
:107910005E8700104701BC60030050420108411F10
:107920000017A1018CDE86F2979403BFDE02F000FF
:10793000020002DE02F000000020E07E09000200EA
:10794000025E02F012020283C21F000002020280E5
:10795000F30001C600B044670017A1017C5E8623D6
:1079600057A302835EFF0001C500E000FAF4682916
:1079700001836006F7F7BF006BDE8D0521CA0206A2
:10798000D0030001CE00E950862337A100E8D08A59
:107990002357A20069DE8B0001CE00025E02F00DCB
:1079A0002F0191601684F42700E020A700882903A6
:1079B000BFDE02F0036E00025E02F00371020400FB
:1079C000BF0001D603945E02F000020020C28F06C1
:1079D000000200A0428F01F78000685E002DC00207
:1079E00000025E02F00D2F03BFDE02F00012020162
:1079F000C28F000002011400630017A100685E87B7
:107A000000600200025E02F00D2F0194600F000082
:107A10001800025E02F001DD03BFDE02F000120179
:107A20001400630017A100B05E870010A501BC60C0
:107A3000131B906000685E870001E400E04183064C
:107A4000D06000E85E870037A103BFDE02F001E0EE
:107A5000028050C30001F2018760040310A000B04F
:107A600000630010B400B042D300180000884183C6
:107A70000030B601BC60030B10B500B0006300B06D
:107A8000B40317DE02F001EB0397DE02F001EC0114
:107A90008060068614300068D0D30001F20068D000
:107AA000D70001F200B0446700143400B0446B000A
:107AB00014350002DE02F000000020E01280420CCB
:107AC000018760040310A000B000630010B401BC83
:107AD00060030E10B500B0006300F0B401BC605745
:107AE0000310B600B000630010B401BC600302D004
:107AF000B50207500B00020901BC600303D0B501B9
:107B00008E6002F297940204500B0002020204D02D
:107B10000B00020201866006F2979400E042D70053
:107B2000D0B500A0500B1117A10068DE8711020824
:107B30000186E006F2979400E042D70050B50207B4
:107B4000D00B00020800E042D70090B500B042D749
:107B50000011E100B0006300B0B40317DE02F002D0
:107B60000A0397DE02F0020B0002DE02F0000000C2
:107B70006820C3000210006CC46506001201BC60DE
:107B800003000830006820BB00021600B044670004
:107B900017A2006C446988A215006B446988A01282
:107BA000006EDE8905E01201BC600300082E002093
:107BB000E0BE090002020681AB00021A0281B0E7B2
:107BC0000000020280B0E700000203905E02F000B5
:107BD0001203A25E02F0022C00025E02F0116302A8
:107BE0000200BF00022B0284DEAF00022302045E0B
:107BF000B700022B00025E02F0156902045EB700B6
:107C0000022B03BFDE02F0000202045EB700022670
:107C1000020480C700022B02805EFF00022B0002DC
:107C20005E02F0150D0206ABD300022A02052C23DA
:107C300000022A03BFDE02F0022B03BFDE02F000C7
:107C40000200025E02F012020200421F0002430024
:107C50006842F300022F006D42F3006243011400FA
:107C6000630017A100B05E870017A203A25E02F0B6
:107C7000023703145E02F00245006EC4568062456E
:107C800002814523000245006E5E8700624301BC0D
:107C900060030077A200886006F457A300885E8B1B
:107CA00001001800E85E8B0037A20020C28EF4624B
:107CB0003D006ADE86F4423703BFDE02F002430273
:107CC0000400BF00026F0090006301016500808521
:107CD000970217A100E064820DA16600025E02F027
:107CE00011DF03BFDE02F0026F018260020910485B
:107CF00003BFDE02F0000201BC600300111500B0FA
:107D0000017F0017A6031F5E02F00254020300C3A6
:107D100000024A0020C28F02024E03255E02F002DA
:107D2000540020C28F02024E00688153FFE012030C
:107D3000BFDE02F002500194601300001803BFDEA2
:107D400002F0026F039EDE02F002530068DE980B21
:107D5000C2530201411F000F25018560020910482E
:107D600000685E980BC25800695E9F0062720298BC
:107D7000428F00025803BFDE02F002720201411F6F
:107D8000000F25020400BF00025F0218428F000F9F
:107D90002500025E02F011C100025E02F011DF0157
:107DA00094058700001803BFDE02F0026F02001581
:107DB0000B000268020016BB00026B00B0149700B3
:107DC00017A10068DE84B2226800B0149B0017A1DE
:107DD0000068DE84B2426800B0149F0017A10068FA
:107DE000DE84B26268029E14E700026B0201C28F59
:107DF00000026D0194600F00001803BFDE02F00264
:107E00006F0201C28F00026D018060060D906C024E
:107E100000C28F000F250194600700001800025E69
:107E200002F001DD020400BF0002A103BFDE02F088
:107E300002A101BC60031810600129500B001792C9
:107E400000B0017B001065006800EB00027A00883A
:107E50005A130117A100E84466F437A1006EDE84CE
:107E600007427A03BFDE02F007B2019060120910E8
:107E7000480194601F00001801085A0F0017810183
:107E8000885E0681540A01345A0F00178000025E92
:107E900002F0014300B0017B00106500B0562300E2
:107EA00017A100E05E86A097A100E85E8400F403BD
:107EB00000E85E8400F41600B05A0300141300B00A
:107EC0005A0700141400B05A0B0014150068DE079E
:107ED00000429200E800970057A101BC5E86F014B2
:107EE0001B017C5E8700F41C00B020470017810056
:107EF000025E02F0108400B0017B00106501085A98
:107F00000F00178100B05E8700141E03BFDE02F071
:107F1000029500B0561700141B00B0561B00141C2D
:107F200000B0541300141E00B05013001086006DF2
:107F300000A700829B0190016300108A00B0418F6E
:107F400000106200025E02F0160200B0422B001424
:107F50000601BC60031817A1006DC18C20029E01B0
:107F6000BC60030297A100E05E840377A100E05E9D
:107F700086B0111D03BFDE02F00337020300C70005
:107F800002B1020CD0030002B1011400630017A17A
:107F9000028500630002B10080DE8701F7A201BC08
:107FA000601B1857A200E05E8A0DB06500B04197D3
:107FB0000014320080DE8700B7A201BC601B15D719
:107FC000A200E05E8A0DB06400B04193001433005B
:107FD00068D8130002BF02005A1B0002B301806080
:107FE0000684F42703BFDE02F006C30201D00300BB
:107FF00002B300B0509B00142F0281D0C700036B66
:1080000000025E02F00371010BD0030017A1013CD6
:10801000502B0017A2018C5E86F457A10148014342
:108020000017A2010C81430017A300685E8F002295
:10803000BC018CE0000A17A200685E86F442BF0112
:1080400091601284F42703BFDE02F0036E00025E2B
:1080500002F001F300B0501300108600B05017007A
:10806000108A03A25E02F0030B020CD0030002DEB2
:10807000020300C70002DD00B050CB001065000213
:108080005E02F01698020350C70002CB01BC6023C9
:108090000097A100A85002F4340003BFDE02F002F2
:1080A000E2020481AB0002CD006D4246C0801200A6
:1080B000B05A1300178000025E02F0014D00B05468
:1080C0000F00141E00B05A070017A100B05A130089
:1080D000178001875A16F0178000B0418F00106595
:1080E00000025E02F0160B00E05E86A074030287B9
:1080F0005E030002DC0109DE030017A300E05E8BD3
:108100000077A200E05E8AF477A200885E8B0037D9
:10811000A100E05E86F4508903BFDE02F002E200B7
:108120006D424A848012010650070017A1028CD0CC
:10813000030002E100685E870002E20182DE8686BB
:108140003431018260028634310020D0030402E819
:1081500000B0504F0011F200B050530011F300B0C6
:1081600050570011F401BC60030091F0020601AB0E
:1081700000030402015003000304020601AB0003E4
:108180000403A25E02F00304028030E7000304014E
:10819000806005872C3900E001E700207901BC6090
:1081A000430890E600025E02F0016A01BC60031918
:1081B00010E401BC600300000601BC600301D7822B
:1081C00001D2DE0877F0E000B00F030010E100B04C
:1081D000004700108600B00F1F00108A01BC60032A
:1081E00000378100025E02F0107000B0059B0010A5
:1081F0006400E8581A28F14500B0058B00106400AF
:108200006A4516C082FF00025E02F01095006E45BE
:108210001700430101BC600300514501BC6003002D
:1082200010BB01BC610303B08003BFDE02F000128B
:1082300003945E02F0030B0206500300030702875B
:10824000DEAF00030B028150030005DC0202D0C741
:1082500000030A0208502B00030B0285D00300051F
:10826000F301906012863431011050070017A60008
:1082700068DE9B004317013A500700178000885EB4
:108280000300778000E000AEF0106400B05E0700ED
:10829000081301BC602306D78100E04183017063AD
:1082A00000E0418F00B06500025E02F010AB00B04C
:1082B000204F00178103A25E02F0032300B0500F8D
:1082C0000011160202D0C700031B00B0505B001162
:1082D000160282D003000323028147C300031C025D
:1082E00080504F000321002047C73F83230020C751
:1082F000DB00C36D03BFDE02F0032303A55E02F0C3
:1083000003230280C7DF00036D028850C700033FCC
:108310000129500B001792020300C7000330020C22
:10832000D003000330028350C700033000B050CBAD
:1083300000106501385A1300178001825A17005740
:1083400081010E5A130017A1018E5E86F03781025B
:1083500002D0C700033F00B0501B00108A03BFDEED
:1083600002F0033F0282D0C70003370138502700D4
:10837000178001085013001781010250130017A144
:1083800001825E86F0378100B0507F00108903BF04
:10839000DE02F0033F0138506F0017800108502BB8
:1083A0000017810106D0070017A101825E86F03711
:1083B0008100B0501B00108A00B05083001089016A
:1083C0000E50730017A1018E5E86F0378100025EA9
:1083D00002F0014300025E02F010700102421B0035
:1083E000178101825E0502378100025E02F010846F
:1083F000020680C700034B010C81430017A60068EA
:10840000DE9B00634900885E870057A103BFDE0240
:10841000F0034B0068DE9B00434B00885E8700370B
:10842000A100E05E840117A101D9DE87001083015D
:10843000BC613703B79100685E4B02837F02040082
:10844000BF0003520287500300035203945E02F000
:10845000035303225E02F00360020681AB00035E59
:1084600000685E4B04435700685E4B00435703BFF0
:10847000DE02F0035E00E001EF00207B01BC600340
:1084800002914501836005872C3900E044670A0C9E
:108490003D018C600E1770BB01BC6103023080038C
:1084A000BFDE02F0000201BC610300308003BFDECA
:1084B00002F0000201BC613303B791028500630042
:1084C0000366009000630097A100E06482F43065C9
:1084D000006E5A130023660188E006F23791020607
:1084E00001AB00036A0068DE4B05A36A01BC6103AF
:1084F00000308003BFDE02F0000203BFDE02F003A3
:108500007F0191600E84F42703BFDE02F0036E0149
:1085100091600684F42701BC60030010B40181E07F
:108520000686343103BFDE02F006C3011C508F0003
:1085300017A10080DE870197A200E0015E0DB06503
:1085400002805A7F00037E02815A7F00037A020371
:10855000DA7F00037E00685A8700037E0088600689
:10856000F437A100201CBAF4237E00025E02F00D55
:108570002F0191601E84F42700015E02F0000003C9
:10858000BFDE02F0036E0002DE02F0000003C4DE74
:1085900002F00D7A020650030003870207DEAF00E7
:1085A000038701BC61030037910207500300038574
:1085B00001BC620300F79100E0010B00204203BF01
:1085C000DE02F0038801BC600300204200B05E4779
:1085D000001080020400BF00039000B0058B001063
:1085E00064006E45170000020068DE4B02838F00B6
:1085F000A044B42A314503BFDE02F0000200025E4F
:1086000002F010950068C51700000203D05E02F06A
:10861000039400025E02F0109503BFDE02F0000238
:10862000020601AB0003970068DE4B05A3970180AB
:108630006001872C39020E01AB00039A0200B0E7FB
:1086400000039A01816005872C3900E10DB228E30F
:108650006C00E08DB700036D01836002F7F7BF0186
:10866000BC600300900400A8412330104801BC62A4
:108670000F0011E001816002F5D7AE020200BF00D9
:1086800003B80068DE4B0203A400025E02F017BAD2
:108690000068DE4B0623B802045EB30003B802068E
:1086A000ABD30003A90204C5AF0003B803BFDE02C9
:1086B000F003AA0200456F0003B800E8446556378E
:1086C000A100E82A96F437A100695E870823B80262
:1086D00006ABD30003B2006BAC422323B100E044ED
:1086E00067014B100183E0022B915C03BFDE02F0B7
:1086F00003B80183E0022B915C01BC600318517840
:1087000000B045E3001800018360022F317900A812
:108710004138F9D7A100B05E84FE704E0187E002B7
:10872000F577AB0068810B0023BB00B04467000005
:10873000430182E00609104800A841B310906C0183
:108740008260062891440188E0020B905C00025E82
:1087500002F012360185E002F7F7BF0288421B00E3
:1087600003C30185E006F7F7BF035B5E02F003C5B4
:1087700001BC601300104301BC600300108501BC04
:1087800060030010B8008850770090B90208502BA1
:108790000003CC013850730017A1017C506EF437F0
:1087A000A100885E870090B9020047A30003D001B2
:1087B000BC60030011EA009042E70091EB00B04773
:1087C000A300D1E8020047B30003D201B0E08E3D20
:1087D00091EC01D2E00210908403A95E02F004FD46
:1087E00001BC600300108400E001C300207000B0F1
:1087F0004467000C0D00B0446B000C0E0320DE0239
:10880000F0044B00685E4B18A3E30068DE4B07835F
:10881000EC01BC63FF1F708401BC600300F08501A4
:108820003813630010B500E042D700D0B501BC603A
:10883000030010A601BC602314D0B400E01357005D
:1088400024D503BFDE02F004930184E006F597AC63
:1088500001BC60FF1FF08400025E02F0042801BC2E
:1088600060030010B401BC60030010A601BC6003EB
:1088700002D0B501BC602304D0B400E0135B002437
:10888000D603BFDE02F0049301816006F5B7AD00A8
:1088900068DE4B04A3FF0203DEBB0003F100E02E01
:1088A0000B00106503BFDE02F003F201BC60230180
:1088B000106500A05E7FFE10EC00B05A030010EDC2
:1088C00000B05A070010EE00B05A0B0010EF00B0D5
:1088D0005A0F0010F001BC63FF1EF08401BC60035E
:1088E00000308501BC60030010B401BC600301D0FE
:1088F000A601BC60030450B501BC602304D0B400E1
:10890000E002AF0020AB03BFDE02F0049301BC61C4
:10891000FF1FF08401BC60030010850068DE4B057A
:10892000240701BC60030010B401BC600B0B50A60F
:1089300001BC600302D0B501BC602304D0B403BF06
:10894000DE02F004130068DE4B02441E00B0306704
:108950000010840285C38F00040B00E05E270037FF
:108960008901DA5E270010EE01BC63FF1FF0CE0123
:10897000BC60030010B40080E02183180000E069AF
:10898000820DB0A601BC600303D0B501BC60230416
:10899000D0B400E001D3002074018460070011E02E
:1089A0000282DEB30005BC02045EB30005BC018197
:1089B000E006F5D7AE0183E00609104800B0412378
:1089C00000180001BC600306B78E0188204610D74E
:1089D0008100025E02F0108400885E8700708303CD
:1089E000BFDE02F005BC01BC60031FF0840103DEA2
:1089F000530017A200680ECF00042300B00ECF0072
:108A000017A200901CBAF457A202005EFF000425D2
:108A100001BC60030037A200682B4F00042701BC93
:108A200060030037A201865E8A1C70E3006AC3936C
:108A300000043100E8439000D0E40202421B00042D
:108A40002F0090001B0037A10020421B00442E0085
:108A5000B020970017A100E04392F430E40069C30E
:108A60009300043101BC60030010E400682B4F0048
:108A7000043300E043915B30E401BC60030010B4B8
:108A800001BC60030010A601BC60030210B501BC6C
:108A9000602304D0B400685E4B06A44900E001CB1B
:108AA000002072020681AB0004930280B0E700044C
:108AB000930203B0E700049301BC600704F7A60229
:108AC00088421B00044101BC600F0017A6028242CD
:108AD0001B00044101BC60170017A6010C81430074
:108AE00017A50068DE9700644400885E9B0037A6E7
:108AF00000E04466F4CC3C0181E005872C3901821A
:108B00006005872C390183E001872C3903BFDE0221
:108B1000F0049300E001CF00207303BFDE02F004F5
:108B20009303205E02F0049A0181E00209104800DC
:108B3000E001D7002075031EDE02F0047A01BC605C
:108B4000030017A2006A5E230004530102428F0053
:108B500017A201855E8A0910480180E00610308165
:108B60000284DE5300045A00B000770017A100E031
:108B70005E840437A100885E870057A100E05E870D
:108B80000D57A103BFDE02F0045B01BC60030D576B
:108B9000A10068002700047A00E05E8401F7A101CB
:108BA000BC6023009065008841970030B601BC602E
:108BB000030010B400905E870050A601BC60030162
:108BC00010B501BC602300B0B40317DE02F00463EB
:108BD0000397DE02F004640020DE8700446D00206D
:108BE000DE8700246A01B85E22D0168001805E8A8A
:108BF000D0368103BFDE02F0047301BC5E22D016C2
:108C00008001845E8AD0368103BFDE02F0047300E7
:108C100020DE8700247101B85E22D0368101805E9B
:108C20008AD0568203BFDE02F0047301BC5E22D0FC
:108C3000368101845E8AD0568201886002F430A8B1
:108C400000B05A030010B000B05A070010B1028003
:108C500042A300047600E042A30090A800B05A0BA3
:108C60000010B000B05A0F0010B1018760061090DC
:108C70008400E05E2700378901DA5E270010EE01EC
:108C8000BC60030010B401BC60030350A600B00038
:108C9000330010B50284DE5300048400E0606803F2
:108CA000B0A600E042980430A600B000370010B52E
:108CB00001BC602304D0B401846006F2979401865D
:108CC0006002091048039EDE02F0048E0280441FF9
:108CD00000049100B05E3F00114501BC6003001725
:108CE0008F00B05E4300178500B05E0F0017900341
:108CF000BFDE02F0049100B05E0F001785028044D1
:108D00001F00049100A044B6F0B14501BC6003010E
:108D1000104201836006F29794018460070011E01D
:108D200003A05E02F005BA02065EAF0005BC018634
:108D3000E006F577AB01BC600300108000025E0224
:108D4000F00D3703BFDE02F0072003A15E02F0053D
:108D500027011400630017A10068DE8700E49F016B
:108D600081600609104803BFDE02F0052702850076
:108D7000630004A10183E0060D906C01816006F59B
:108D8000D7AE011C508F0003BD0206508F0004A90E
:108D900000B044670010F300B0446B0010F401BC55
:108DA00063FF1FF0D301BC63FF1FF0D400B0421774
:108DB0000310850020600E8624D001876004031014
:108DC000A000B000630010B401BC60030B10B5003C
:108DD000B0006300F0B4020300C70004BB020CD073
:108DE000030004BB028050C70004B300B05413005A
:108DF00017A100E05E8680741A00B0506B0010E48A
:108E000000B042130210840209502B0004BB00B0D2
:108E1000421300308401D2E03AA030E0028050C713
:108E20000004C101D2E052A030E003BFDE02F00432
:108E3000C10202D0C70004C100B0505F0010E000C2
:108E4000B050630010E100B050670010E200B05075
:108E50006B0010E400B0421302F084020050C7001F
:108E600004CB018AE00E10908401BC60FB1C10E56D
:108E700001BC60030890E600B000630010B401BCC0
:108E800060030210B500B0006304D0B40184600731
:108E90000011E001BC600300178E03BFDE02F00585
:108EA000C700E001C700207100B000630010B401EA
:108EB000BC600302D0B500B0006304D0B403BFDED1
:108EC00002F0055403225E02F004D200E002A70083
:108ED00020A9010350030017A100B85E870037A145
:108EE00001875E86101080020400BF0004E0032B9F
:108EF000DE02F004E0020000F30004DA00E80023E0
:108F000000514201BC600A28514203945E02F00401
:108F1000E000B0058B00106400E058230036080024
:108F20006858030004E000B0446700111200B05814
:108F300003001115020CD003000526020300C70030
:108F400004F300B050CB00106501BC60030016852F
:108F500000E05A3300368C020350C70004E800E0FA
:108F60005A2700368903BFDE02F0052701BC6003E3
:108F70000017B200B05A0B000B8301385A130017C8
:108F8000A101BC5A06F430E0013C5A130017A101BC
:108F90007C5A06F430E10181E0061090840185E0FE
:108FA000070010E30185E0070010C30282D0C7006C
:108FB00004F803BFDE02F004FB0202D0C70004FD88
:108FC00000B02A330017A101B8506EF430E000B0B1
:108FD00050730017A101B82A36F430E1028242131F
:108FE0000004FB00B0507B0010E400B042130210FC
:108FF000840185E0061C30E100B04213007084015A
:109000008760040310A0020300C700051300B050DE
:10901000CB001065006D5ECAD1C5030185E0021862
:1090200070C300E05ECB00368E01BC601B1FD065B4
:1090300000E04196F6506500B05097001680006839
:10904000DECB00050B01BC60230150B800E001F34A
:1090500000207C00682E0F00251103BFDE02F00502
:109060001E00B05ECB0010B500B000630870B40203
:109070008342D300050D01BC60030170B80068AEE7
:109080000F00251E01BC60030170B802BC506700D0
:10909000051D03BFDE02F0051C010CD0030017A163
:1090A00003A95E02F0051901BC60230150B800E07D
:1090B00001F300207C00685E8700651C03BFDE02B0
:1090C000F0051E01BC60030170B800685E870045B2
:1090D0001E01BC60030170B80181E0021710B801E5
:1090E000BC600300F0A501BC60030E10B500E001F8
:1090F000F700207D00B000630010B400B0006300F2
:10910000F0B400B042D3001800018860080310B426
:10911000018160060D906C03BFDE02F0055402026F
:10912000D0C700052D00B0506F0010E000B05073A4
:109130000010E100B050770010E2028242130005F7
:109140002C00B0507B0010E400B0421302F0840009
:10915000E05E9F0037A703A15E02F0053601BC6008
:10916000030017A7018760040310A000B00063008C
:1091700010B401BC60030E10B500B0006300F0B481
:10918000018860080310B403BFDE02F0054900B097
:10919000017B00106500B05A030010E500B05A07CB
:1091A0000010E600B05A0B0010E70068A04B000565
:1091B0003C00E05E270037890068204B0005400135
:1091C00085E0070010E30185E0070010C300B0420E
:1091D0001301108401DA5E270010EE01876006108B
:1091E000908400B042131C108401BC60030010B4D2
:1091F00000E0606803B0A600B000970010B501BCA5
:10920000602304D0B4018460070011E003BFDE02D4
:10921000F005A901085E4B0017A100685E870025D4
:109220005402025003000553029E509F0005500255
:1092300001D00300055000E05E2700378901585E29
:109240002700142D01DA50B70010EE0187600610D8
:10925000908403BFDE02F0055401BC600300142DAE
:109260000104C1070017A100680EF700055900B0FE
:109270000EF70017A100901CBAF437A103BFDE025D
:10928000F0055B03225E02F0055B0103DE5300176D
:10929000A100B05E870017A202005EFF00055E011C
:1092A000BC60030037A200682B4F00056001BC6062
:1092B000030037A202885E4B00056300685E4B0620
:1092C000856301BC60030017A200688EF700056586
:1092D0000183DE86F297940183DE8684F42702817F
:1092E000C21300056B01865E8B0010E301866007E8
:1092F0000010C30181E00610908403BFDE02F00578
:109300006D01865E8A1C70E3018660061870C302D8
:10931000B847A70005A502A047B70005A703A95EA7
:1093200002F0057501085E4B0017A100685E87001A
:1093300025A6021E509F0005750185E0061C70E3FE
:109340000185E0061870C3011400630017A10068CE
:10935000DE8700857E00B001530017A20068DE8B17
:10936000FFE57A0068424700257B0068DE8A84C5F5
:109370007E018560020910480186E0021C70E3014D
:1093800086E0061870C3011050070017A600685E3B
:109390009B0005A601BC60030011E4013A500700E0
:1093A000178000885E0300778000E000AEF0106454
:1093B0000068DE9B00458B0207D00300058901BCD5
:1093C000602B11F7A200E05E000B37A300025E02E3
:1093D000F010D601BC602306906401BC6047001702
:1093E000A200025E02F010FE00685E9B0045A7012D
:1093F000A46046F471E00068DE9B00C59901BC6181
:109400001300B7A1020600F300059201BC6013002F
:10941000B7A10192C21AF437A203295E02F00597A0
:1094200001BC60030011EE009042E70091EF019251
:10943000E00EF437A200B05E8B0011EC03BFDE0239
:10944000F005A700685E9B00659E00685E9B00A516
:109450009E00B0502F0011E200B050330011E20323
:10946000BFDE02F005A7018760023D11E80068DE5B
:109470009B00A5A1018760063D11E801BC600300C7
:1094800011EA009042E70091EB0192C21B00B7A2E3
:1094900001B85E8A3D11E803BFDE02F005A7018432
:1094A00060070011E001BC600300112D00B044838F
:1094B00000142C03A3DE02F005BD01BC60030017FD
:1094C0008E00685E4B05A5AD020050030005B70194
:1094D00083E00609104800B0412300180001BC6079
:1094E0000306378E00685E4B05A5BC00E002A300B2
:1094F00020A801BC600304B78E03A95E02F005BC7E
:1095000000685E4B0425BC01BC600306B78E03BF38
:10951000DE02F005BC01816006F577AB00B05E0F9E
:1095200000178500025E02F0109501BC6003001771
:109530008C01BC600300178D0323DE02F005C70217
:109540000680C70005C6010C81430017A10068DE34
:10955000870065C60108421B0017A10068DE87006E
:1095600005C601BC607F1FF7A101E05E8610708315
:109570000182E005872C3900E04467258C3B018798
:10958000E006107083006D00A70085D903295E02F4
:10959000F005D9020300C70005D600B050CB00107B
:1095A000650282D0C70005CE00E05A23003688034A
:1095B000BFDE02F005CF00E05A2700368900682E92
:1095C0000F0025D600E05ECB0037B2010A5ECB006B
:1095D00017A100E050CAF4306500D06006F657A22B
:1095E00000205A1AF445D603BFDE02F005D000026F
:1095F0005E02F012360350DE02F005D603BFDE0233
:10960000F0063D02055EAF0005DB0187E00626712E
:109610003303BFDE02F000020190600A863431029B
:1096200082D0C70005E5013C502700178001095092
:109630002B001781010750070017A101825E86F0F9
:10964000378100B0501F00108A00B0500F00111673
:1096500003BFDE02F005EB0138505F001780010AFE
:10966000502B0017810107D0070017A101825E86E9
:10967000F0378100B0502300108A00B0505B001119
:1096800016020300C70005F0020CD0030005F0022B
:10969000085E070005F0013854070017800190426A
:1096A0002AA1308A028050C70005F901BC60030579
:1096B000B79203BFDE02F0031B01906006863431CF
:1096C000020300C70005DD020CD0030005DD00B079
:1096D000001F0017A100E05E8680741A03BFDE023F
:1096E000F005DD01BC600306379203BFDE02F00324
:1096F0001B00E0135F0024D70204DEB30000020069
:10970000B0130B001065011998870017A101095AC1
:10971000130017A201895E86D0968400B01307005B
:1097200017A3006DDE8498260400B05E870017A39F
:1097300001885E8ED096840068DE8AF4210E01BC1A
:1097400063FF1FF0D000B05A130010F001BC60039B
:109750000017A501825E961E10F001BC63FF1FF08A
:10976000CF01BC601B00F0EF01BC63FF1FF0D10014
:10977000B044670010F101BC63FF1FF0D200B04499
:109780006B0010F201BC60030404D801BC63FF1F2E
:10979000F0C301BC60031C10E301BC63FF1FF0C4F5
:1097A00000B052130010E401BC63FF1FF0C500B00D
:1097B000522F0010E501BC63FF1FF0C600B052330A
:1097C0000010E601BC63FF1FF0C700B05237001065
:1097D000E701BC63FF1FF0C800B052170010E8019A
:1097E000BC63FF1FF0C900B0521B0010E901BC634D
:1097F000FF1FF0CA00B0521F0010EA01BC63FF1F38
:10980000F0CB00B013470010EB01BC63FF1FF0CC9E
:1098100000B0134B0010EC01BC63FF1FF0CD00B093
:10982000134F0010ED00B0136700106201BC60031D
:1098300000281100025E02F0107400025E02F00DBA
:109840002F01BC602B1877A100025E02F0012701F6
:109850006040670011C000E040649B17A100E05E1B
:10986000870097A101BC63FF1FF0C001BC6003012A
:10987000550101D2DE86A030E000905E870177A11D
:1098800001BC60030797920190600A09104803BF6A
:10989000DE02F0035301BC60070011C101BC602B64
:1098A0001817A101BC60030017A200025E02F001BC
:1098B0002B01BC60030011C10002DE02F0000002B7
:1098C00001C2E3000665020300C700064200682EDD
:1098D0000F002652006E4246F6465203BFDE02F0EB
:1098E0000644006E4247002652020300C700064F9E
:1098F0000355DE02F0064401806002861430013810
:1099000050830017A100B050CB001065006DDA3213
:10991000F42C6200A84123141048011400630010C5
:109920006500E041970ED06500E05A0300368001E3
:10993000BC621F0011E003BFDE02F000120181E0F3
:10994000068634310191600E84F42703BFDE02F0F5
:109950000665013C50670017A101AC5E861750BA3E
:1099600001BC60030190B8020300C700065F0068F5
:10997000AE0F00265A0181E0021710B80350DE0234
:10998000F0065803BFDE02F0066500E82E0F002B3C
:109990008300B05ECB0010B500B000630870B40265
:1099A0008342D300065D03BFDE02F006600186E05D
:1099B000040310A000025E02F001E603D5DE02F00F
:1099C0000C6203D6DE02F00C7A0350DE02F0066170
:1099D00003BFDE02F003C301BC600300F0A50182F7
:1099E000E00209104801BC621F0011E001BC6003E5
:1099F0000011EC01BC600F0011E80285500B00065D
:109A00006C0182600209104803A0DE02F0067003B8
:109A1000D5DE02F00C6203D6DE02F00C7A03205E83
:109A200002F006760188600209104801BC6003005C
:109A3000083100685E4B18A0020068DE4B0786758F
:109A400000025E02F0063703BFDE02F0001201BC26
:109A500060030037A100025E02F00E9603A3DE024F
:109A6000F00012020050C700068201BC6003001023
:109A7000800182600609104801806002863431004E
:109A8000688EF70006800104C1070017A10183DE7C
:109A900086F2979400E001CB00207203BFDE02F053
:109AA000020D00B0010B0017A1006DDE840806C393
:109AB00000E844640877A1006E5E840826C301872D
:109AC000E006F577AB020200BF000697028881AB83
:109AD000000697028400C70006970129500B001763
:109AE000A10068DE870206970282DEBB00069702AD
:109AF00003C5730006960283DEB30006960286ABAA
:109B0000D30006920282DEBB00069200682AE700BC
:109B10000697006DDE2F01E6970182E006F7F7BF9A
:109B200001BC613B0417A100E04466F42AA903BF0D
:109B3000DE02F0001203BFDE02F006C301BC6003C8
:109B400000114902825EAF0006B201826006F5771D
:109B5000AB00B0446700081C020400BF0006A3006D
:109B600068451F0006A30185E002F577AB032BDEF5
:109B700002F006A10185E006F577AB00B0058B0089
:109B8000106400025E02F0119700B0014B0017A2B2
:109B90000208421B0006A600B0016B0017A2006875
:109BA0005E8B0006AE0090452B0097A10080DE86FC
:109BB000F457A1006E20BA0DA6AE00B041B7000860
:109BC0002E00E120BA23282F00E0DE86234C45003A
:109BD000B041B6F4282E02055EAF0006B001BC61AC
:109BE0000300113300E10D8229436000E08D8700FE
:109BF000036100E844650397A5006D5E970100C10D
:109C0000020200BF0006C00068DE4B06A6B7018452
:109C1000E002F7F7BF0068DE4B0406BA0282DEB34B
:109C20000006BA01BC6003000B0A02045EB3000622
:109C3000BD0068DE4B0626BD00025E02F0158F00F7
:109C4000025E02F0123703A3DE02F006C00183E0D9
:109C500002F597AC00025E02F017C001826002F5C7
:109C600077AB03D15E02F00002020050C300071977
:109C70000325DE02F006C70183600684F42703BFD4
:109C8000DE02F006F9020CD0030006F7020300C75B
:109C90000006E6011400630017A1006DDE87008650
:109CA000F701BC600300178000B050CB00106500C6
:109CB000B050CF001064018160060D906C0182608D
:109CC0000686343100B05A230017A101BC6003009E
:109CD000168801BC5A2AF437A101BC600300168A19
:109CE00000B05E8700148F00B05A270017A101BC96
:109CF000600300168901BC5A2EF437A101BC600331
:109D000000168B00B05E8700149000B05A1B001440
:109D10008D00B05A1F00148E01BC600300160400B1
:109D200068DE030006E3020350C70006E2010050AC
:109D30009F00178001805E0291B48D01BC5E02928B
:109D4000149001BC600300378000025E02F016E44C
:109D500000B05E0300148C03BFDE02F006F2006860
:109D6000C2470006EB0181E0068634310191600EA6
:109D700084F42701BC600300143003BFDE02F0004E
:109D80000200B0509F0017A100025E02F001E50042
:109D9000B05E870014270186E0040310A000B042E3
:109DA00083001800010CD0030017A10068DE8700B3
:109DB00066E6010250C70017A101805E8684F42781
:109DC000018AE00E84F42700B050BF00142603BFC0
:109DD000DE02F006F90186E0040310A00200509FA5
:109DE0000006F90286C10700071403295E02F00687
:109DF000FE00B0523300142D00B052370017A101FD
:109E00009E5E8684F42700B0509F0017A10180DE7B
:109E100086F437A1020580C300070500B0303B007F
:109E2000108F00B0303700108E00B050D700108D6A
:109E300000B050D300308C00B050BB00108F00B089
:109E400050B700108E00B0509B00108D018060064E
:109E5000F4308C020250C700071100B052430010CA
:109E60008F00B0523F00108E00B0523B00108D01A9
:109E70001A52370017A10198DE870437A101B85E96
:109E80008691B08C01826002863431018160020DBE
:109E9000906C01BC600300143401BC6003001435F5
:109EA0000325DE02F00717019C600284F42703BF3C
:109EB000DE02F0071B0285500B00071900A850C7EF
:109EC0000D143101BC600300143001816002F5D72C
:109ED000AE0183600284F4270185E0020910480185
:109EE000BC600300142E03A25E02F0020D03BFDE6D
:109EF00002F000120323DE02F0079103A35E02F0DA
:109F0000079103A2DE02F0079101816006F577ABAD
:109F100003AA5E02F007910183E002091048035191
:109F2000DE02F0072C020680C70007290182E0014B
:109F3000872C3900E0026B00209A0180E006F5775B
:109F4000AB03BFDE02F007310301DE02F0072F0092
:109F5000685E4F06272F01BC60030017A803A45EAC
:109F600002F0073103C1DE02F0079402045EB30081
:109F7000073A01846002F597AC0183E002091048BA
:109F800000B02B3F0017A1006D2AEEF4200200E084
:109F9000027B00209E01BC6003000ABB00025E023F
:109FA000F0159203BFDE02F000020203DEB30007E9
:109FB0004A0183E002F597AC00E020CF002833028D
:109FC000015EBB00074A00B02A830017A1006D2084
:109FD000CEF4274501BC600300083300E0027F0097
:109FE000209F03A95E02F007480191601A84F427BC
:109FF00003BFDE02F0036E01BC63FF1FF7A1000286
:10A000005E02F00E9603295E02F0074A0191601A83
:10A0100084F42703BFDE02F0074A018460020910BE
:10A020004800E10DC229437000E08DC700037102B2
:10A030000400BF00075101BC6003001115011400AA
:10A04000630017A100E06602F4306500025E02F0D2
:10A05000109A0182600209104800685E3B18A755FB
:10A060000068DE3B07075603BFDE02F0000203294B
:10A070005E02F007590201500300075900685E3B79
:10A0800004A76001F0DE1700378500A05E16F09788
:10A090008500685E3B0627600201500300075F02EF
:10A0A0008780BF00075F0185E0060910480280D065
:10A0B0000300077000B05E1B0017A300B0008B0008
:10A0C00017A4020400BF000766006E419730676660
:10A0D00001185A030017A3011A5A030017A40068B5
:10A0E000C18318076900E002930020A403BFDE02C9
:10A0F000F0076B006D5E2EF4876B0182E0068634FC
:10A100003100E05E3300378C0068DE32F4676E00A9
:10A11000B05E0F001785006DDE2EF4677C03BFDE96
:10A1200002F0078C00B05E1F0017A300B0008F0084
:10A1300017A4020400BF000776006E4197306776CF
:10A14000011C5A030017A3011E5A030017A4006D37
:10A150005E2EF487780182E00686343100E05E37B7
:10A1600000378D0068DE36F4677B00B05E0F0017A5
:10A1700085006D5E2EF4678C0185E00209104803AE
:10A18000D1DE02F0077E03295E02F00780020300A1
:10A19000C700078100B05E0F00178500025E02F065
:10A1A0001095006841831807B2020300C7000788B2
:10A1B000020CD003000788028350C700078800689C
:10A1C000DE4B05A78803BFDE02F016640181E006BE
:10A1D0008634310068DE3B06278B00E0029F0020BA
:10A1E000A703BFDE02F006C300025E02F010950175
:10A1F00081600209104803295E02F0079102830082
:10A20000C700166403BFDE02F006C303D1DE02F00E
:10A21000079203A5DE02F006C303BFDE02F00012C0
:10A2200000E10DBA29436E00E08DBF00036F020606
:10A23000500300079C00B001030017A1006D810AC4
:10A24000F4279C00E844640877A1006E5E84082728
:10A250009C0187E006F577AB01085E4B0017A10073
:10A26000685E4B05279F00685E870027A000B05EF0
:10A270000F00178500025E02F0109500685E3B0635
:10A2800027A601BC600300178C0200D0030007ABB7
:10A2900001BC600300178D03BFDE02F007AB01BCF9
:10A2A000600300178C020300C700020D020CD003EC
:10A2B00000020D019C600284F42703BFDE02F0025D
:10A2C0000D006841831807B10180600684F42703FC
:10A2D000295E02F006C301826006863431028300E3
:10A2E000C700166403BFDE02F006C300E002970059
:10A2F00020A50181600209104801BC60030008121A
:10A3000000E0017B00A05E01BC60131417A1006D8A
:10A31000017AF4201201BC60130C805E03BFDE02E0
:10A32000F0001200025E02F00D2F0338DE02F00092
:10A3300012039EDE02F0001200E8444C00F7A10078
:10A34000E85E840117A1006ADE840107C200E85EAE
:10A350008401118701BC600300118801A5E022304F
:10A36000118001BC600300111301BC6003001114D3
:10A3700000B044670017A100B0446B0017A200B002
:10A380005E8700110400B05E8B00110503B8DE0289
:10A39000F007C403BFDE02F0001201BC600304B783
:10A3A0009201BC60030417A101BC63FF1FF0CE0043
:10A3B000B052170010E800B0521B0010E900B05274
:10A3C0001F0010EA01BC60030010E4028600C30015
:10A3D00007E200B0540F0017A20069DE8A9087D50B
:10A3E00000E85212F450E40068A0470007E201BC04
:10A3F00060030010E400B054270010E000B0542FB8
:10A400000010E103BFDE02F007EB01BC600302971E
:10A41000A101BC60031890E801BC60030010E901D1
:10A42000BC60030010EA03BFDE02F007E203A4DE13
:10A4300002F00A5003A9DE02F00A5001BC600301D9
:10A44000D7A1020600C30007E40280DE5F0007E92F
:10A4500000B054070010E0006820470007E701D271
:10A46000DE86A030E000B0540B0010E103BFDE0236
:10A47000F007EB01BC5E869010E001BC601F00108D
:10A48000E101BC60030010E200B052230010E500BF
:10A49000B052270010E600B0522B0010E700025E19
:10A4A00002F0107403A9DE02F00AB100685E4F04E6
:10A4B000280701BC63FF1FF0C300685E4F16A7F9B1
:10A4C00000685E4F05A7FC01BC60031A90E301BC65
:10A4D000600306B79200685E4F05280703BFDE02DF
:10A4E000F0080101BC600318B79201BC60030E9034
:10A4F000E303BFDE02F007FE01BC600306379201F2
:10A50000BC60031890E3028E01AB0008010298447E
:10A5100007000BB502804607000BB500B0204700CE
:10A52000178100025E02F0108400E85E8400D7A16B
:10A53000006A5E8690880700E85212F430E403BF98
:10A54000DE02F0080A01BC60030010E40338DE02FA
:10A55000F0080A0187E0061C90E40190600A0910E7
:10A560004801BC610304379100685E4F16AC40009F
:10A57000685E4F05ABB503835E02F00A5003BFDE91
:10A5800002F000020204416300081D01876002F529
:10A5900077AB01BC600300114901BC6003010B896A
:10A5A00000E10DB228E36C00E08DB700036D01847B
:10A5B00060020B105802055EAF0008190187E00623
:10A5C000267133020400BF00081C0185E002F57704
:10A5D000AB00025E02F0119703BFDE02F00002033F
:10A5E000A35E02F0081F00025E02F017C00285C5DC
:10A5F00023000002018460060B10580200DEFF00F9
:10A6000008250180E002F7F7BF00682B4F000825FE
:10A6100000E044655A4AD302055EAF00082701BC3A
:10A620006103001133020580BF00082D01BC6013D7
:10A630001157A100025E02F001270196600E03305F
:10A640001900B040670017A200025E02F0012B0261
:10A6500003C03700082F03BFDE02F0001202875E3E
:10A66000AF00083100E0021F002087018260062849
:10A67000914401BC6003010B8903BFDE02F00012AC
:10A68000020601AB00083601806001872C39020602
:10A6900081AB0008380183E001872C390183E00297
:10A6A0000F107802814013000002020042030008EC
:10A6B0003D01846002F597AC01BC6003000ABB0158
:10A6C000BC600300108003A3DE02F008400190602C
:10A6D0000209104800B0446700179E00B0446B00A8
:10A6E000179D00B0446F00179C00B0447300179B87
:10A6F0000068DE7A23284000E0022300208801154C
:10A70000403B001797006D80A700884B00A05E5F5C
:10A71000003797006880A700084B01BC6003003732
:10A720009700B001430017A1010C81430017A3005B
:10A73000685E8F00284F018CE0000A17A101C9DE76
:10A74000840527FF01BC60031077950191E0020D9D
:10A75000906C0286403700085500E002BB0020AE36
:10A7600003BFDE02F00CA401BC600300148001BC36
:10A77000600300148101B8600A04902401BC6003E6
:10A7800004082401BC600300482301BC600300D01E
:10A790002A01B3600700100401BC6003000808012F
:10A7A000BC600300080901BC600300080A01BC602A
:10A7B0000300080B0183E002F5D7AE00E044671FF9
:10A7C0004C1F0287C037000C9E00025E02F012365A
:10A7D0000286403700086703C35E02F0087903BFB2
:10A7E000DE02F00C9F0068C033004877006B4465C0
:10A7F00083E87700B041270017A100B0412701D0BE
:10A800004900B05E870017A100B05E870017A10065
:10A81000B05E870017A100B05E870017A100B05E90
:10A82000870017A100B05E870017A100B05E870007
:10A8300017A100B05E870017A100B05E870017A1C6
:10A8400000B05E870017A100B05E8700104903BF0B
:10A85000DE02F00D1303435E02F008620286403709
:10A8600000088500685E5F000C9F00685E5F004C1A
:10A870009F0152D2030017A10185D206F437A2032B
:10A88000BFDE02F00880013C52030017A101BC5258
:10A8900006F437A20323DE02F008830068DE8B0192
:10A8A000CC9F03BFDE02F0088500685E8B028885BE
:10A8B0000068DE8B038C9F006D403300CCA40068E1
:10A8C0005E5F00489800685E5F002895006800A7FA
:10A8D00000C88A006880A700A88B00E04466902822
:10A8E0003001BC62C30017A10280520300088E0130
:10A8F0009652030017A10080DE8690379A02035219
:10A900000300089300E05E6A90379A0207D20300C2
:10A91000089300E85E6B00379A029E5E6B000CA401
:10A9200003BFDE02F0089C0152D2030017A101858B
:10A93000D206F4379A03BFDE02F0089C013C5203B2
:10A940000017A101BC5206F4379A006E5E680BAC8A
:10A95000A400685E6B000D130204C03B0008AE014A
:10A9600081E0060D906C0207C0AF0008A40207400A
:10A97000370008A200E0027300209C03BFDE02F053
:10A980000CA400025E02F0123603BFDE02F0089E45
:10A9900000B02023000C1100B02027000C1200B0E2
:10A9A000202B000C1300B0202F000C1400B05E7F91
:10A9B000000C150287C0AF000C9E0282403B000CC9
:10A9C0009E015840AF00179A01BC603F1E17A100BE
:10A9D0006DDE6AF42C9E035B5E02F008B001BC6081
:10A9E0001300104301BC60FF1E17A1006E5E6AF4E5
:10A9F0002C9E00B0412328104801806002F29794F9
:10AA00000184E002091048015840AF00102A006894
:10AA100040AB002C9E01BB5E5600900402035E57C3
:10AA20000008C1020047A30008BE01BC621E3C1121
:10AA3000E001BC60030011EA00B05E6B0011EB01A5
:10AA400098601E3D11E8020047B30008C100B05EE7
:10AA50006B0011EF01B0E0CE3D91EC03835E02F09C
:10AA600008C400025E02F01236006D403304C8C113
:10AA700003AADE02F008E001BC63FF1FE3B301BCE0
:10AA8000601F10D06401BC600300B7A101BC63FF6C
:10AA90001FE79300E04186F4306501BC63FF1FF6B9
:10AAA0000000E05E870077A100025E02F00F1F0247
:10AAB00000C0770008D6012940770017A2006D5E1C
:10AAC0008B04C8D400E85E8B04D60001BC601F056F
:10AAD000F06300E0418EC01063010C56030003B325
:10AAE0000068DE870168D600B05E8B000793006DBA
:10AAF000DE8701C8D900E0419300306403BFDE0265
:10AB0000F008C903B05E02F008DF018360020D9017
:10AB10006C00681E1BFFE8E001BC601F05F06500CB
:10AB2000E04194F0D06502005A030008E001836020
:10AB3000060D906C0020402F08A8E201BC600300C5
:10AB400003B301BC60030007FC0188E00F0007FDB0
:10AB5000006D4033020A4A0129520F001793010980
:10AB6000520F0017AA0068DE4F03A8EA01295223FA
:10AB700000179301A95E4F00379301966002F29788
:10AB80009400E0418701F06501BC600F0017A1004F
:10AB900028DE869068F101866006F2979400E04115
:10ABA0009700706500E0209300C82401065E530002
:10ABB00017A200A05E4F0477A10068DE870448FF5B
:10ABC0000186E006F2979400B85E8B0037A200B0D1
:10ABD0005A030017A0020ADA030008F90187600689
:10ABE000F297940284C03B0008FF0203DA030008D6
:10ABF000FF03AB5E02F008FD020441070008FF01FD
:10AC0000806004FFA7FD01065E530017A20182DEEB
:10AC10008A00900403AADE02F0094503AB5E02F04D
:10AC20000917018460020D906C01BC63FF1FF79946
:10AC300000B01E230017A20068DEAB00290900A0A7
:10AC40005E4FFF77A10068DE8707291503BFDE028C
:10AC5000F0090B0284520F0009150204D20F0009FB
:10AC60000E03B15E02F0091400B01E1F0017A2030C
:10AC7000BFDE02F0090F03B35E02F00914020052B6
:10AC80001700091500685E8BFFE91500E0015EF40E
:10AC9000506502015A4700091500B01E4F00179970
:10ACA000018460060D906C020052170009430331C5
:10ACB0005E02F00943020200BF0009430180E00187
:10ACC000610B080200521700091E0068DE4F0409DC
:10ACD0001D00B02AD70017A2006DDE895509310288
:10ACE00002AB2F00093E02832B2F00092000685E73
:10ACF0005F00092B01BC60030017A3013852030059
:10AD000017A30283AB2F0009270068DE5F00292705
:10AD100001085E8F0017A300695E8F00693E03BFC4
:10AD2000DE02F0092B006DDE5F00492903BFDE0261
:10AD3000F0093E02842B2F00093E0068DE8F0009D7
:10AD40003E00682A9B00093E00B02B930017A2002A
:10AD50006DAA9AF4493E00685EAB00493100685E16
:10AD60004F06893103BFDE02F0093A00B02B9B0089
:10AD700017A200B02A9B0017A10283AC2700093656
:10AD800000682C87000937006D5E8564293700B0A4
:10AD90002C7F0017A2006D5E895CA93900B02C4B96
:10ADA000000B110184E006F7F7BF0068DE4F02894F
:10ADB0003E00025E02F017BA0206DEFF00093E0006
:10ADC000E02BC7002AF10068DE5F0009410068DE61
:10ADD000AB0049410180E005610B0800682B4F0082
:10ADE00009430180E006F7F7BF01BC63FF1FF7A529
:10ADF000032B5E02F0094600B01E4F0017A50207A4
:10AE0000520F0009C2028047A30009BF028047B366
:10AE10000009BF00E0209300882400E8208F00880C
:10AE20002301BC60030011E401BC600303D1E10213
:10AE3000065E5300094F01BC60030491E10206DE87
:10AE40005300095300E047870051E10207D20F0089
:10AE5000095300E047870091E1006D403302CA4A80
:10AE600000685E4F0589560068DEAB0049C203AB3F
:10AE70005E02F00959020052170009C2020580F370
:10AE800000095E00685E97FFE95B00E05E9700974F
:10AE9000A50068DE97FFE95E028052170009C20232
:10AEA0000700BF0009C201BC601B0437A200904725
:10AEB0008700306500E04196F4506500E047870167
:10AEC000081A03835E02F0096500025E02F0123682
:10AED000006D4031034962006D4031034A4A01BCB4
:10AEE000600B1D57A10068DE97FFE975010F5A0737
:10AEF0000017A5031EDE02F00975020052170009B3
:10AF000075032C5E02F009C200685E67FFE97500F8
:10AF1000E05E6700979900E05E66F43064012A58AD
:10AF2000030017990100DE970017A500E05E66F4A4
:10AF3000B79900E05E67003799011558030017A61E
:10AF400003BFDE02F0098500E05E96F43064012A5A
:10AF50005803001799020580F30009840182E0027A
:10AF6000F33799020052170009840116D80300171D
:10AF7000A6010F5A070017A4010CD8030017A1005F
:10AF800068DE92F4298000E05E6702179903BFDE55
:10AF900002F00989010DD8030017A10068DE92F4C0
:10AFA00029C200E05E6704179903BFDE02F0098939
:10AFB000011058030017A60068DE9B00C9890181B3
:10AFC000DA030017A100B85E86C017A10281DE87F0
:10AFD0000009C200885E6700778000E000AEF010D4
:10AFE0006401AADE64FF87FC0068DE9B0049A302BF
:10AFF000078187000996006DDE030C0996028552D1
:10B000000F0009960298523B0009960181E004FF67
:10B01000A7FD00E05E000B37A300E05E8F0097A362
:10B0200000E041870077A200025E02F010D600E83F
:10B03000208F01082301BC602306D78100885E971A
:10B040000077A100E85E86F4B06301BC60070E17CC
:10B05000A100E0418EF4306300B056170017A10044
:10B06000B0561B0017A20068DE86D049C20068DE19
:10B070008AD069C200025E02F010AB01BC602306F8
:10B08000906401BC624F0017A200025E02F010FE45
:10B0900000E047870217A103835E02F009A7006E54
:10B0A000C032F429A5006EC032F42C9E00685E9B6D
:10B0B0000049BF01BC621EF471E00068DE9B00C95C
:10B0C000B201BC611300B7A1020600F30009AE0192
:10B0D000BC601300B7A101BC60030011EE00B05EBC
:10B0E0006B0011EF0192E00EF431EC03BFDE02F0D1
:10B0F00009BF00685E9B0069B40068DE9B00A9BFC1
:10B10000019860063D11E800E0209300882400E8E3
:10B11000208F00882301BC60030011EA0068DE5F15
:10B120000049BA00B05E6B0011EB0192DE5E3D118A
:10B13000E8018760023D11E80068DE9B00A9BE01BE
:10B140008760063D11E8019860163D11E80181E035
:10B1500004FF87FC01AADE64FF87FC03BFDE02F068
:10B1600009C701BC620F0011E001BC60030011E4DB
:10B170000181E000FFA7FD01BC600F0011E801BCE8
:10B1800060030011EC02001FF70009CE00E0208EE2
:10B19000F3482300B0209300102500E8208E04A877
:10B1A00023006AA08F01C9CE01B860060490240173
:10B1B00082E006F297940188600A00900401BC6066
:10B1C0000318779503A0DE02F009DB00685E4F06E6
:10B1D000A9E00138520300178000B05E5F001781BC
:10B1E0000204DEB70009DA00685E070009D901BC75
:10B1F000600301778001BC600300378103BFDE027A
:10B20000F009DA01BC600301578000025E02F00120
:10B21000430068DEAB0049E000A05E4F0477A10068
:10B22000685E87004C2D00685E87044C2D03BFDEEE
:10B2300002F00E350180600186EC37006EB08300AD
:10B240002A1C0068DE4F040A1C03335E02F00A1C4D
:10B250000180600184AC2500E030B3002C2C039207
:10B26000DE02F00A1C00E03093002C2400B0308392
:10B270000017A1006D3092F429EB03BFDE02F00A43
:10B280001A0180600584AC2501BC60270897A100E5
:10B29000025E02F001270187E006032C2A00B001BC
:10B2A00043000C2B03835E02F00A18006DC03305C7
:10B2B000C9FB00E860BA0197A60080DE9B0117A5D4
:10B2C00000685E5F0009F60080DE9B0057A500B0B5
:10B2D00041B7000C360080B0DB0C8C3600B041B7B3
:10B2E000000C3600B030DB00104000008000000091
:10B2F0000001BC601B06D06501BC600300B7A40060
:10B30000025E02F0017200685E9300AA0303835E8E
:10B3100002F00A18006DC031842A1801BC600306CF
:10B320004C3603BFDE02F009F70207C197000A0698
:10B3300001385A070017BB03BFDE02F00A07013CC1
:10B340005A030017BB01BC601B0437A600E84196F6
:10B35000F4D7A300885E8F0037A300E05E8EF777F6
:10B36000A500E05E970057A503835E02F00A18006F
:10B370006DC031842A18006DC032F4AA1800E85E4E
:10B38000960197A60080DE9B0117A400685E5F000F
:10B390000A130080DE9B0057A400B041B70017A439
:10B3A0000080DE930C97A400B041B700104000006D
:10B3B000800000000003BFDE02F00A0C0386DE02FC
:10B3C000F00CA103BFDE02F00D8B0180600184ACA4
:10B3D0002501BC6003000C240386DE02F00CA102F0
:10B3E00087C037000C9E00025E02F0123603035E37
:10B3F00002F00A1C03A9DE02F00A2600025E02F037
:10B40000123602074037000A210386DE02F00CA143
:10B410000287C037000C9E00025E02F00EA3006E91
:10B420004030020A500301DE02F00A500068DEAB31
:10B43000000A37032B5E02F00A2C00E0022B0020EA
:10B440008A03BFDE02F00A3002805217000A2F0082
:10B45000E0024300209003BFDE02F00A3000E00269
:10B460005700209500685E4F040D8500685E4F020E
:10B470008D8500685E4F020BC100685E4F050E258A
:10B4800000685E4F060E2500685E4F068E2F03BFD4
:10B49000DE02F00E350068DEAB002A49032B5E02A7
:10B4A000F00A3B00E0022F00208B03BFDE02F00A0F
:10B4B0003F02805217000A3E00E00247002091033D
:10B4C000BFDE02F00A3F00E0025B00209600685EEB
:10B4D0004F06AB8E00685E4F042E4D00685E4F0431
:10B4E000AE4D00685E4F05AC3200685E4F062B8E95
:10B4F00000685E4F052E2300A05E4FFF77A1006815
:10B500005E87072E4000685E4F16AC3D03BFDE022B
:10B51000F00BB503BFDE02F00BB900E0020F002014
:10B520008301BC60030011EC01BC600F0011E80254
:10B5300084C03B0009C20184E00609104803BFDE55
:10B5400002F009C20200C09300000203A35E02F0F1
:10B550000A5403C35E02F00A5303BFDE02F00D116A
:10B5600000025E02F012360207C0AF000A5702075F
:10B570004037000A540107C0AF0017A100B85E872A
:10B580000037A101825E860D906C00B0447F0007F9
:10B59000FE018360020910480287C037000C9E0339
:10B5A00086DE02F00CA100025E02F0123603435E5A
:10B5B00002F00A5C0287C037000C9E0301DE02F035
:10B5C0000A7B03305E02F00A7B01BC601F155065E8
:10B5D00000E04194F530650138402B001680012DC4
:10B5E000406B0017A200885E8B0137A202884027BB
:10B5F000000A6A01846006D0168000B05A02F45630
:10B60000800205C027000A6D0187E006D016800180
:10B61000BC601B0DD7A100025E02F0012700B04004
:10B620006700168101BC601B0DF7A100025E02F0ED
:10B63000012700B0406700168200B05A0B0017A126
:10B6400000E85A06F437A200E15E8AF457A100E050
:10B65000DE86F457A100985E8700B7A100E01EA720
:10B660000067A900691EA7018A7B01BC600300076F
:10B67000A902801FF7000A7D006E4030020B89038B
:10B6800081DE02F00A8A00E002170020850329DE2D
:10B6900002F00A8102902E27000A8201BC6003009A
:10B6A0002B8903A9DE02F00A860184E0060910480E
:10B6B0000180E0020910480184E002F7F7BF038629
:10B6C000DE02F00CA101806004FF87FC01806006AF
:10B6D000F2979403BFDE02F00B370068DE4F040AD6
:10B6E0008D03335E02F00A8D01BC6003000C24015F
:10B6F000836002F7F7BF0329DE02F00A910288AEE9
:10B7000027000AA301BC6003000B8903AB5E02F0B3
:10B710000A9E00685EAB002AA200685EAB000A9C2D
:10B72000010C520F0017A100685E87002A9800687C
:10B730005E87004A9A03BFDE02F00AA203B0DE026F
:10B74000F00A9E03BFDE02F00AA003B15E02F00A17
:10B750009E03BFDE02F00AA003B35E02F00A9E035E
:10B76000BFDE02F00AA001BC6003004B8903BFDE0C
:10B7700002F00AA301BC6003008B8903BFDE02F064
:10B780000AA301BC6003002B890386DE02F00CA132
:10B7900003AB5E02F00AA801F0521300118601A566
:10B7A000E00A30118003BFDE02F00ACA03A9DE02FC
:10B7B000F00AAE0068DEAB004ACA00B0523B001788
:10B7C0009F00B0523B0017BE01BC60030028080375
:10B7D000BFDE02F00ACA02875E53000AD703A0DE6A
:10B7E00002F00AB903BFDE02F007CA0190600A093D
:10B7F000104800B0523B00179F00B0523B0017BEEC
:10B80000019E5E8300B0EB0106520F0017A100B845
:10B810005E870037A10182DE86F577AB01BC61034C
:10B8200000308000E8523AF3F7A2006BD23AF3EA14
:10B83000BC00E85E7E91D7A200905E8B0097A101CC
:10B84000BC6023011064006B523AF3EAC701185E32
:10B85000870017A2010A5E870017A300886006F41C
:10B8600057A200E04192F4706400B05802F4560010
:10B87000006BDEFA91CACA00B0523B0017BE03BF8C
:10B88000DE02F00ACA00025E02F0164F00B020236A
:10B8900000280800B0523B00179F0320DE02F00A88
:10B8A000D702075E53000ACE0180E0020910480368
:10B8B000BFDE02F00AD70068DE5F000AD4021A5425
:10B8C00007000AD20103C0270017A101825E86107B
:10B8D000D0860102C0270017A100E0422AF4308A76
:10B8E0000180E004FF87FC03A9DE02F00AD700B064
:10B8F0005E4700108001085E4F0017A100685E8758
:10B90000002B0503AB5E02F00B0902005217000A80
:10B91000EF0068DEAB004ADD00E002530020940235
:10B92000865E53000B370284520F000D130284D23F
:10B930000F000AE203AC5E02F00AED03BFDE02F084
:10B940000AF8032C5E02F00AF800685E4F040AED64
:10B950000106D20F0017A100808ECF0197A200E050
:10B96000015E0DB0640181DE86C3F61F0187DE86AD
:10B9700024912400683077FFEAED00B04467000CA2
:10B980001E02005E87000AED00E0446583AC1E00E5
:10B99000685E4F020B3703BFDE02F00B24031EDE8E
:10B9A00002F00AF503315E02F00AF50068DEAB0032
:10B9B0004AF500808ECF0197A200E0015E0DB064D1
:10B9C0000181E002C3F61F0068DEAB004AFA00E026
:10B9D000023F00208F03BFDE02F00AFD00685EAB6D
:10B9E000004AFD0280522F000B3702024107000A75
:10B9F000FD00685E4F040B3700685E4F028B370214
:10BA000006DE53000B020028E01EF40B0200A044E7
:10BA1000B703E14500B005130017A100E05E8428DC
:10BA2000A14602844107000B3701806006F297941B
:10BA300003BFDE02F00B37032B5E02F00B3700680A
:10BA40005E4F05AB2400685E4F052B2403BFDE026A
:10BA5000F00B370068DEAB004B12006D8ECF002B71
:10BA60001201BC6003000AB501826002F5D7AE0284
:10BA7000805EFF000B1000682B4F000B1200E044AB
:10BA8000655A4AD300682B6BFFCB1200E02B6B008A
:10BA90002ADA02065E53000B1500E00263002098CC
:10BAA00003BFDE02F00B370323DE02F00B1F012978
:10BAB000500B0017A30068DE8F052B1F020680C7FE
:10BAC000000B1A0182E001872C390187E002107017
:10BAD000830184600209104800B05E870017A1004E
:10BAE0006EE003002B1E03D1DE02F00B1F0068DEA8
:10BAF000AB004B2100E0022700208900685E4F0068
:10BB00000B3700685E4F010B3700685E4F058B37BF
:10BB100000808ECF0197A200E0015E0DB06500208D
:10BB2000DA7F140B37028047C7000B870329DE0238
:10BB3000F00B2D0102DEAF0017A10106520F001716
:10BB4000A200385E86F44B370182DE8AF577AB00BF
:10BB5000B052230011F200B052270011F300B0528E
:10BB60002B0011F40106520F0017A100E05E8700C0
:10BB700031F500B0005B0011F000B047C3001800C1
:10BB80000134C7C70017A1006EDE8402AB3701BCC9
:10BB900060030810420283C107000B3B0301DE0271
:10BBA000F00B3A03B55E02F00B3B02805E53000DD2
:10BBB0001300B040330017A101089FF70017A2003F
:10BBC000685E8B006B4300E840310497A102811F3F
:10BBD000F7000B4300B020930017A102809FF700ED
:10BBE0000B4300B05E630017A1006E5E84020B89F8
:10BBF00000B05E870007F401816000FF87FC02024D
:10BC0000C013000B4900E05E840347F40181600427
:10BC1000FF87FC02011FF7000B8201035E53001730
:10BC2000A10187DE84FF87FC0386DE02F00CA10001
:10BC3000025E02F0123603855E02F00B4C018E604C
:10BC4000023D11E80107C7830017A101825E84FF4E
:10BC500087FC02019FF7000B550103C7970017A14E
:10BC600001825E84FFA7FD00B020330017A1018E82
:10BC70005E84FFA7FD032A5E02F00B5D00025E02F8
:10BC8000F00E870329DE02F00B5C0301DE02F00BED
:10BC90005C0182E0060D906C03BFDE02F008A40197
:10BCA000BC60030011EC01BC600F0011E80184606E
:10BCB00004FFA7FD01075EAF0017A10185DE84FF29
:10BCC00087FC00B040270007F600B0406B0007F883
:10BCD00000B0406F0007F900B0402B0007F701BC2F
:10BCE000601B0DD7A100025E02F0012700B0406783
:10BCF0000017A201BC601B0DF7A100025E02F0015B
:10BD00002700B040670017A100E85E8AF437A20060
:10BD1000E15E8AF457A100E0DE86F457A100985E48
:10BD20008700B7A101BC5E860147F700681F33009A
:10BD30000B7C018F60060127F600681F33002B790A
:10BD400000B01FC70017A100025E02F0012700A08B
:10BD50004064F9D7A200B85E88FE17A103BFDE02D7
:10BD6000F00B7A00A04138FE17A10068DE87000BB7
:10BD70007C018F60020127F601846004FFA7FD01AA
:10BD8000075EAF0017A10185DE84FF87FC00025E1D
:10BD900002F00EA301BC63FF1FD7A800025E02F0F1
:10BDA000109A00025E02F00E8701A8600A0090045B
:10BDB00002011FF700163B00A8401300500403BF08
:10BDC000DE02F0072000E002870020A103BFDE02B0
:10BDD000F00B8A00E0020B00208203A9DE02F00DC6
:10BDE00013018460060910480184E0060910480325
:10BDF000BFDE02F00D13032B5E02F00BB10068DE14
:10BE00004F06AB9200E0023B00208E03BFDE02F043
:10BE10000B9300E0023700208D0323DE02F00BB508
:10BE20000068DE4EF1CBB5020680C7000B97018299
:10BE3000E001872C390187E00210708301846002E1
:10BE400009104800B05E870017A1006EE003002BC8
:10BE50009B03D1DE02F00B9C00685E4F062BAF0106
:10BE6000BC600300083303295E02F00BA10203DE6D
:10BE7000B3000BA20191601A84F4270183E002F55C
:10BE800097AC020200BF000BAE0206ABD3000BA7BB
:10BE9000020345AF000BA90185E0062D716B03BFBE
:10BEA000DE02F00BA90203456F000BA90185E00635
:10BEB0002B715B02045EB3000BAE0187E0021070D1
:10BEC000830183E00209104800025E02F01593032B
:10BED000BFDE02F00BB50205500B000BB50182600E
:10BEE0000609104803BFDE02F00BB500025E02F047
:10BEF0000BBC0068DE4F062BB500E0024F0020931C
:10BF000003BFDE02F00BB503AB5E02F00BB7020419
:10BF10004107000BBA02834107000A5003BFDE024B
:10BF2000F00BBA02844107000A5001806006F297C4
:10BF30009403BFDE02F00A50028700C3000BC0006A
:10BF400068D213000BC001BC600300118301BC6008
:10BF5000030011820002DE02F00000039F5E02F087
:10BF60000BC4039EDE02F00E3502035E53000E3555
:10BF7000010C81430017A10068DE87002BC9010076
:10BF800001630017A10102C0270017A20038DE8656
:10BF9000F44BB903AB5E02F00BCB02005217000B5F
:10BFA000B90280522F000BCD03335E02F00E350232
:10BFB000181DF3000BF101BC601B06106501BC608D
:10BFC000031BB7A400025E02F0017200B05E8F0096
:10BFD00017A60068DE931BABED0207C197000BDAD2
:10BFE00001385A070017A1013C5A070017A201BCEB
:10BFF0005A0AF457A2013C5A0B0017A301BC5A0E6F
:10C00000F477A303BFDE02F00BDD013C5A030017F7
:10C01000A100B05A070017A200B05A0B0017A300E6
:10C020006D5E87008BE701BC61BF0A17A50068DE63
:10C030008AF4ABE201BC60271357A500685E8EF45A
:10C04000ABE601BC605F0017A50068DE8AF4ABE7D1
:10C0500001BC60171E57A50068DE8EF4ABE703BF76
:10C06000DE02F00C2900D85E870037A100E141967E
:10C07000F4306500E1C19700306501F04197001789
:10C08000A200E05E8B0077A2006D5E8AF4CBD00048
:10C09000E840330097A5006E5E96004C2900B01D65
:10C0A000EF0017A10068DE840A0E35023C523F0003
:10C0B0000C02013C523F0017A10068DE84048C276B
:10C0C00001BC600316106401BC601B06306500688B
:10C0D0005E87002BFE00B05A030017A20068DE8ABC
:10C0E000C00C2700E0419700306500E0419300302C
:10C0F0006400E85E870057A1006A5E87002BF700A6
:10C10000685E87000C0301385A030017A1013858F4
:10C11000030017A20068DE86F44C2703BFDE02F09E
:10C120000C030285C107000E3501BC601B061065BB
:10C1300001BC600305B7A400025E02F00172028038
:10C1400000C3000C2701BC60131417A600E0017F98
:10C1500000B7A5006D5E96F4CC0B01BC60130C9784
:10C16000A500685E940BCC2B00B0017B001065002D
:10C17000B052270017A200B0522B0017A30068414D
:10C18000940BEC160068DE8ED04C1200685E8AD0EC
:10C190002C2700E0419700B065006D4196F4CC0F6C
:10C1A00001BC60130C906503BFDE02F00C0F00E0D1
:10C1B000028B0020A200B0017F00106500B0522366
:10C1C00000168000B0522700168100B0522B0016D6
:10C1D0008200808ECF0197A200E0015E0DB0640264
:10C1E00003587F000C2001BC602F0037A103BFDE85
:10C1F00002F00C2101BC5202F2F7A101A95E02F487
:10C20000368300904467011684020281AB000C253E
:10C210000068DE9305AC2601846006D0968400B0E9
:10C220005E9700005F020781AB000C290180600669
:10C23000F2979403AB5E02F007DF03BFDE02F00A61
:10C240005000E0028F0020A303BFDE02F00BB90311
:10C25000835E02F00C2F006D4033038C2D006D4087
:10C2600033038BB9032B5E02F00E3903BFDE02F0FD
:10C2700007DF032B5E02F00C3700E0023300208C56
:10C28000020681AB000C360183E005872C3903BF21
:10C29000DE02F007E100E0024B002092008800235C
:10C2A0000037A200E05E8800F7A200E0001AF45117
:10C2B000890186E00630118003BFDE02F00BB50372
:10C2C0002B5E02F00C3800E013530024D403BFDED1
:10C2D00002F007DA02045247000BB501BC601F10E0
:10C2E000F06401BC60030177A101BC63FF1FE79309
:10C2F00000E04186F4306501BC63FF1FF60000E0FA
:10C300005E870077A100025E02F00F1F0200C07777
:10C31000000BB5012940770017A2006D5E8B04CB9E
:10C32000B500E85E8B04D60001BC601F05F0630019
:10C33000E0418EC010630200D603000BB502065622
:10C3400003000BB50184E006F597AC0116D6030097
:10C3500017A200885E8B0077A200E0019EF4506572
:10C3600000B041970004C201BC602B1817A100B0B7
:10C370005A0F0017A200025E02F0012B01BC602BD5
:10C380001837A100B05A130017A200025E02F00194
:10C390002B00B0418B0004D903BFDE02F00BB503C4
:10C3A000A2DE02F000C203A3DE02F00C7A00E0017C
:10C3B000FF00207F01BC60030017A303BFDE02F073
:10C3C0000C7C018760040310A001BC60030051E4F1
:10C3D00000B0479300180001BC600302900401BC48
:10C3E000620F0011E001BC600F0131E800B047A30B
:10C3F00000180001BC600F0011E801BC60030131AE
:10C40000EC00B047B300180001BC60030011EC0160
:10C410008460060910480020601E090C7100E001CC
:10C42000FB00207E03BFDE02F00C8501BC60030E22
:10C43000D7A1011400630017A200E05E86F45065E6
:10C4400000E05A03003680020300C7000C7703A9FE
:10C450005E02F00C7C0291509F000C7B0191601AEF
:10C4600084F42703BFDE02F00C7B00E001FF002014
:10C470007F01BC60030037A30323DE02F00C8501BB
:10C4800083E00209104801846002F597AC01BC60AA
:10C4900003000ABB01BC600300178E020680C700C0
:10C4A0000C830182E001872C390187E00210708340
:10C4B0000182600209104803D0DE02F00C8603D02E
:10C4C0005E02F00C870182E00209104803D5DE020B
:10C4D000F00C8901BC60030010B401BC600300F7DC
:10C4E000A1006800A7000C8D0185421AF437A10055
:10C4F000025E02F0012700B040670017A501BC638F
:10C50000FF1FF7A200025E02F0012B008860070106
:10C5100057A400B85E86F497A100025E02F0012BDA
:10C520000283C21F000C9400025E02F0114C0284D0
:10C530004523000C9603D0DE02F00C9800685E8F55
:10C540000000020020E01E090C9C00B05E97001461
:10C550002E03BFDE02F0036E00A8412300F0480363
:10C56000BFDE02F000020183600209104800E00211
:10C570001300208403BFDE02F00CA401BC6007009E
:10C580001042006E4030020CA400E0027700209DB3
:10C5900000025E02F0170A03A35E02F00A5003C60F
:10C5A000DE02F00CA7032ADE02F00CAE00B030472A
:10C5B00000080800B0304B00080900B0304F0008F8
:10C5C0000A00B0305300080B00B0305700179F032B
:10C5D000BFDE02F00D130184E00609104803BFDE40
:10C5E00002F00D13020681AB000CB30281B0E7002C
:10C5F00000BD028330E70000BD028445230000BD7A
:10C600000320DE02F00CBB0068A0C7000CB801BC20
:10C61000609F0217A100E04466F42831006B446576
:10C62000062CBC0020E1020900BD00025E02F00DF4
:10C630002F01BC60030008310020E38A0900BD021D
:10C640008445230000BD00B05E870017A103915E02
:10C6500002F000BD0396DE02F000BD03965E02F01C
:10C6600000BD00025E02F00D2F00E10DB228E36C68
:10C6700000E08DB700036D01BC600300114701BCF1
:10C68000600300602000680173000CD701BC6013D8
:10C690000890E600025E02F0016A00B0017300102B
:10C6A000E401BC600300000601BC600300005C0103
:10C6B000BC600301D78201D2DE0877F0E000B00F42
:10C6C000030010E100B0004700108600B00F1F000B
:10C6D000108A01BC600300378100025E02F0107016
:10C6E0000190600A09104801BC610300308003BF5B
:10C6F000DE02F0000201BC60030030420187E0026C
:10C7000024712300025E02F014DB03975E02F00D39
:10C710004303125E02F00CDA01BC6003004020010A
:10C72000BC6003000B8901BC600300114901BC61BE
:10C730008300112500B0007B00112701BC60130CA1
:10C74000805E01BC60130C805F0180E006F5D7AE0F
:10C750000107C1070017A101805E86F577AB01BC18
:10C76000600F0011E801BC620F0011E000025E02E0
:10C77000F00CF701BC61CF0C105C01BC6003001031
:10C780005D01BC61CF01F05E01BC603B0AF05F015E
:10C79000866005610B0800025E02F0145C01866091
:10C7A00001610B0801BC600300082E020300C700F2
:10C7B000001201BC60030006B201BC60030006B7B2
:10C7C00001BC60030006BC01BC60030006C103BFDE
:10C7D000DE02F0001201BC60430017BB00A0412242
:10C7E000F7704801BC63FF1FF05401BC63FF1FF0EA
:10C7F0005501BC63BF1FF05601BC63FF0FF057002B
:10C80000025E02F0170A0187E00624712301BC6072
:10C810000300105401BC600300105501BC6003000C
:10C82000105601BC600300105701BC600F002017B8
:10C830000106C1070017A101825E8402E01701070B
:10C8400041070017A100B85E870037A10180DE878D
:10C850000000160002DE02F000000285C037000072
:10C860000200025E02F0123602864037000D0A0016
:10C87000E0021B00208601BC6003010B890386DEF9
:10C8800002F00CA10287C037000CA100025E02F08A
:10C8900017D003BFDE02F0001201B8600A04902432
:10C8A00003AA5E02F00D160158600300102A01BCB5
:10C8B000600302900400B04013001800018360027E
:10C8C00009104801806000FFA7FD00025E02F0121F
:10C8D0003603855E02F00D1A01BC620F0011E00103
:10C8E000BC600F0131E800B047A300180001BC6034
:10C8F0000F0011E801BC60030157A100E85E87004A
:10C9000037A10068DE87000D2101BC60030290049E
:10C9100000B0401300180001BC60030131EC00B00E
:10C9200047B300180001BC60030011EC0324DE02D1
:10C93000F0072001866006F577AB00025E02F00D7D
:10C940002F0180600610308100B05E870017A101C2
:10C9500080600210308103BFDE02F0072002060172
:10C96000AB000D3101806001872C3901BC610300EF
:10C97000108000B04203001800006EE003002D3468
:10C9800003505E02F00D3700015E02F0000003BFAD
:10C99000DE02F0039401846002F597AC01BC6003F1
:10C9A000000ABB00A8412304F0480182600209107C
:10C9B000480206DEAF000D3E03D5DE02F00D3E0359
:10C9C00050DE02F00D3C01BC60030010B40284C7CD
:10C9D00083000D4101BC600B0011E0018E6002F587
:10C9E00077AB0002DE02F0000003A2DE02F000BD21
:10C9F00002BC4287000D4A01BC60030037A401BCA1
:10CA000060031FF7A3011400630017A200886006EB
:10CA1000F457A203BFDE02F00D4F00886007011734
:10CA2000A401BC63FF0017A3011400630017A20058
:10CA3000E05E8B0117A200886006F457A201BC607B
:10CA4000131B906501BC601B18506401BC6003009F
:10CA500017A50020C286F48D5900E0419706D065E5
:10CA600000E0419301F06400E05E970037A5008884
:10CA70005E930037A400205E92F46D7803BFDE025F
:10CA8000F00D520068DE92F44D5E00680083006D88
:10CA90005E03A0DE02F00D5E0020C123160D5300E0
:10CAA000025E02F00D2F006DDE93200D7402030074
:10CAB000C7000D68006DDE97008D6801BC60030043
:10CAC000160801BC600300160901BC600300160AC9
:10CAD00001BC600300160B01BC600300160C01BC16
:10CAE000600300160D01BC600300160E02005AC35D
:10CAF000000D73023C5A9F000D7300680083006DA7
:10CB0000730385DE02F000BD03855E02F000BD0305
:10CB1000A2DE02F000BD03A3DE02F000BD0397DE3B
:10CB200002F000BD00B041970010600191600A84DE
:10CB3000F42703BFDE02F0036E01806002D616B058
:10CB400000B05E930010A101836002F7F7BF01BC43
:10CB5000600300304303BFDE02F00D5300688083A2
:10CB60000060BD03BFDE02F00CDB0283C21F0000C9
:10CB70000200B05E870017A103D0DE02F0063D017F
:10CB8000BC6003041042039EDE02F0001200B05E9F
:10CB90003F00114501BC600300178F00B05E4300E9
:10CBA000178500B05E0F00179000025E02F00D2F97
:10CBB00003BFDE02F00012006D4033058BBA03ACF8
:10CBC0005E02F00D8A00685E4F028DEB00E00267A6
:10CBD00000209903BFDE02F00DEB00685E4F028D6E
:10CBE000EB028030DF000D8E00E0025F0020970135
:10CBF00080600586EC3700025E02F00EAF018660B1
:10CC000002F5B7AD01826002F5D7AE01BC6003004A
:10CC10000AB5039EDE02F00DA00321DE02F00DA096
:10CC200000E0026F00209B00025E02F00D2F0186E3
:10CC3000600209104800A8412301304801BC60038C
:10CC40000210420280441F000D9F00B05E3F0011A1
:10CC50004501BC600300178F00B05E4300178500DC
:10CC6000B05E0F00179003BFDE02F00DA000A044DD
:10CC7000B6F07145028200C3000DEB00B0007300F6
:10CC800017A100E05E86B017A100E15E7AF4379E3E
:10CC900000E1DE7700179D00E1DE7300179C00E0E5
:10CCA000DE6F00179B039EDE02F00DAF006E5E6E1E
:10CCB000924E21006D5E6E924DAF006E5E72922EAE
:10CCC00021006D5E72922DAF006E5E76920E210095
:10CCD0006D5E76920DAF006DDE7A91EE210200302E
:10CCE00097000DB400B05E7B000C3200B05E7700A0
:10CCF0000C3300B05E73000C3400B05E6F000C3576
:10CD0000028201AB000DC500B0446700082D00B0E1
:10CD1000446B00082C00B0446F00082B00B0447333
:10CD200000082A0068A0B6232DAF00E920B6F3D78B
:10CD30009E00E9A0B2F3B79D00E9A0AEF3979C0076
:10CD4000E8A0AAF3779B00E15E7A91F7A100B05EBC
:10CD50008700111900E1DE7692111A00E1DE72926D
:10CD6000311B00E0DE6E92511C0068DE86232DBE72
:10CD700003BFDE02F00DEB00E9523EF3D7A100E95C
:10CD8000D242F3B7A200E9D246F397A300E8D24A11
:10CD9000F377A400880ECF0057A500E0015EF4B041
:10CDA0006400E95E86C9A78100E9DE8AC9C78200FE
:10CDB000E9DE8EC9E78300E8DE92CA078400808E30
:10CDC000CF0197A501BC601F07778000E05E020DD0
:10CDD000B06500885A0F00F7A500B05E970817A548
:10CDE0000134DA0F0017A600E95E94F037A500E8D9
:10CDF000DE98F057A6017BDE96F4D7A500685E9614
:10CE0000D06DEB00E85E96D077A600B05E97001676
:10CE10008300685A13000DDD00E05A16F4D6850031
:10CE2000685A1B000DDF00E05A1EF4D68700885EAA
:10CE30009B00F7A10134DE9B0017A201BC60030038
:10CE400017A301BC60030017A40069DE9B000DE777
:10CE500001BC63FF1FF7A301BC63FF1FF7A401C35D
:10CE6000DE8EF457A200E95936F4364D00E9D93A7E
:10CE7000F4564E00E9D93EF4764F00E8D942F496D4
:10CE800050031EDE02F00E21039F5E02F00E210011
:10CE9000685E4F028E21032C5E02F00E2101BC6001
:10CEA0001B06D06501BC600300B7A400025E02F05F
:10CEB000017202003097000DF600685E9300ADF637
:10CEC00000E030C7002C3103BFDE02F01884006898
:10CED000DE9300AE210207C197000DFC013C5A070A
:10CEE0000017BB013C5A0B0017A101385A07000C70
:10CEF0002603BFDE02F00DFF01385A070017BB0101
:10CF0000385A0B0017A1013C5A03000C2600B05EF2
:10CF100087000C2700808ECF0197A200E0015E0DF4
:10CF2000B06400B05EEF0016280181DE86C3F61FF4
:10CF300000683073FFEE0802005E87000E0800886C
:10CF400030730071260090307301B128006830778B
:10CF5000FFEE0C00B04467000C1E02005E87000E5E
:10CF60000C00E0446583AC1E0187DE862491240218
:10CF70000680F3000E100181E002C3F61F0187E076
:10CF80000224912402003097000E2100E030B70007
:10CF90002C2D028680F3000E140281D87F000E1F14
:10CFA00000B0309F0017A100025E02F00F0802805F
:10CFB0005E8B000E1F00E85E6984D7A100685E8565
:10CFC000846E1B00E030BF002C2F03BFDE02F00E8A
:10CFD0001F00E030BB002C2E01BC6003000C2501BB
:10CFE000BC600700104303BFDE02F00D1300E85ED3
:10CFF0006984CC2303BFDE02F0188403AB5E02F029
:10D0000007DF03BFDE02F00A50032B5E02F00BB90C
:10D0100003BFDE02F007DF03AB5E02F00E28032C35
:10D020005E02F00BB903BFDE02F00E3900B05223EE
:10D030000011F200B052270011F300B0522B001182
:10D04000F401BC60030091F501BC600308104200CC
:10D05000B0005B0011F003BFDE02F007DF013852C1
:10D060003F0017A102065E53000E320138524B00FA
:10D0700017A10068DE87008E3503AB5E02F007DF84
:10D0800003BFDE02F00A500068DE4F020E380207CE
:10D0900081AB000E3801806006F2979403AB5E020C
:10D0A000F007DF020000F3000E3E0206DE53000E22
:10D0B0003E01185E830017A10068DE8700AE3E01C6
:10D0C000BC600B02514202005217000BB903BFDED5
:10D0D00002F00A5001BC600300118301BC60030030
:10D0E0001182032C5E02F00E450199E0062011002A
:10D0F00003BFDE02F00E490119402F0017A100689E
:10D100005E87000BB50199DE8620110003315E02B7
:10D11000F00BB500A05E3B0097A200205E4EF44BE2
:10D12000B50184600209104803BFDE02F00BB503AD
:10D13000AB5E02F00E5000025E02F00BBC03BFDEDD
:10D1400002F00BB50068DE4F042E5400B0523300DD
:10D15000179F00B0522F0010EB0281522F0007CA18
:10D1600000E002AB0020AA0281522F000B9303299A
:10D170005E02F00E5A0203DEB3000E5A0191601AED
:10D1800084F4270183E002F597AC0208522F0007D0
:10D19000DF03BFDE02F00A5001BC6003001067012C
:10D1A000BC60030010460180E0060930490282C1DC
:10D1B0001F000E6401BC603F1FF06501BC600300EE
:10D1C000168000E841970030650069C197000E6144
:10D1D00001BC600B00179401BC60030017AB01BCDD
:10D1E00060030017AC01BC60030017AD01BC600315
:10D1F0000017AE01BC60030017BF01BC63FF1FF73F
:10D20000B501BC600300202001BC60030017A10031
:10D21000025E02F0012701384067000028011C402F
:10D220006700002901BC600300504901BC60030095
:10D2300017A701BC60030017A801BC60030017A971
:10D2400001BC60030017AC01BC60030017AD018294
:10D25000E0060F10780206C1E3000E77006880A791
:10D26000000E7A03BFDE02F00E7B006880A7008EFE
:10D270007B01BC601302600001BC60230E40010111
:10D28000BC63F318600201BC614B15600301BC6014
:10D290000300000401BC604305200501BC601B04C1
:10D2A000306101BC601702506001BC6003000822BD
:10D2B00000B05E0F00178500A044B6F0714503BFB3
:10D2C000DE02F00CC30183E0060F107801885E5C7B
:10D2D000FEC7F601BC601F1E900701BC60030190F1
:10D2E00008018860060090040386DE02F00CA103AA
:10D2F00005DE02F00E8C0386DE02F00CA10385DE53
:10D3000002F00E8E00B05E870017A1006EE00300F1
:10D310002E920386DE02F00CA1006EC0146FEE9513
:10D3200001BC60070010420002DE02F00000032191
:10D330005E02F00E9A00E0204AF4281200B0204B62
:10D3400000178B03BFDE02F00EA2028150C7000E51
:10D350009F011C509F00178B00E05E2EF4378B015D
:10D360009C5E2E84F42703BFDE02F00EA2011E5045
:10D370009F00178B00E05E2EF4378B019E5E2E849B
:10D38000F4270002DE02F00000006800A7008EA86B
:10D390000102C027000821006880A700AEAE00E0AF
:10D3A00020870028210002DE02F0000001BC60039B
:10D3B00000282101BC402B0017A100985E870117AF
:10D3C000A10098402B0117A2006ADE8AF42EAE015C
:10D3D000BC60030088210002DE02F00000028280AF
:10D3E000BF000F0700B0418F00081300B0418B0051
:10D3F000081400B044670017A2017BDE8A2357A1FE
:10D4000001BC601F07706501BC60030017A201BC6E
:10D41000601F03D06401BC601F11506300685A0391
:10D42000000EFE01BC601F0FB06200E0418AF450A4
:10D43000620090540300F7A6006B5E86D06ED400A5
:10D44000B05A030017A300E05A0EF4D58000E05A4A
:10D450000EF4768300E85A2F00368B0069DA2F002D
:10D460000EC300E85A0700368B006CDA0EF42EBEAD
:10D4700000E85A0EF437A400905A030077A5006E16
:10D48000DE92F4AECA01BC600300360001BC600B42
:10D4900000104301BC600300278900205A0B080ECE
:10D4A000CD01BC600300279203BFDE02F00ED40062
:10D4B000205A0B140ED400202C27080ED000205A1E
:10D4C0000B040ED401866006F5B7AD0088009B0002
:10D4D000D1260090009B01512801BC630300112458
:10D4E000006B5E86B00EDC00685A13000ED901880E
:10D4F0006006D0568200B056030017A400E05E928A
:10D50000D0968500E05A0EF4D58000205A0B080E04
:10D51000DC01BC600300079200685A13000EE400AF
:10D520006B5E86D0AEE40188600AD0568200B056A9
:10D53000030017A400E05E92D0968501BC60030052
:10D54000360101BC600B00104301BC600300278959
:10D5500000685A1B000EFE006B5E86D0EEFE0201D4
:10D560005A0B000EF300E85A1B00368600B05A270B
:10D570000017A300E05A1EF4768701BC601F11D08B
:10D580006200E0418AF4506200B05A2B0017A300F9
:10D59000E05402F475000203D403000EF100E05AD7
:10D5A0001F0036870130540300150001816002D04E
:10D5B000568203BFDE02F00EF600B05A230017A316
:10D5C00000E05A1EF4768701816006D0568200681A
:10D5D0005A1B000EF8006CDA1EF42EE602015A0BFC
:10D5E000000EFB01BC600300360203BFDE02F00E3A
:10D5F000FC01BC600300360301BC600B001043015A
:10D60000BC600300278900E0419701906500E05E5F
:10D610008B0037A200E0419300906400E0418F004E
:10D620003063006D5E8B008EB802981DF3000F050D
:10D6300001BC600300079200B0204F00106300B0EF
:10D6400020530010620002DE02F0000001BC600303
:10D650000017A20068018B000F1E0090018B00775D
:10D66000A201806002F437A1006E5E86F44F1E02B4
:10D6700007C197000F1001385A070017A303BFDE38
:10D6800002F00F11013C5A030017A300E85E8F005F
:10D6900097A300E85E8AF437A2006A5E8AF46F1EE0
:10D6A00000D0419700306400E05E8B00B7A300E03B
:10D6B0004192F4706400D841930030640207C19332
:10D6C000000F1B013C58030017A103BFDE02F00F3F
:10D6D0001C013858030017A100A0018B00F7A2001D
:10D6E000905E86F457A20002DE02F0000000B05AFD
:10D6F0000300101F00B05A0700102000B05A0B00A2
:10D7000010210180600700101D02804077000F2368
:10D710000002DE02F000000187E002F577AB039122
:10D720005E02F000020020E3FE0900020200421F38
:10D730000000020068C2F3000002028445230000DA
:10D74000020068C0170000020068AB9700000200EA
:10D75000025E02F00EAF00683073FFEF310207C4C3
:10D7600093000F3C00683077FFE00200683077FFDD
:10D77000EF350068307B000F3B006BC46583CF3C06
:10D7800003BFDE02F0000201BC601F07706400E00E
:10D7900041930617A20068D82F000F390281D80BD9
:10D7A00000000200E04193019064006D4192F44F4B
:10D7B000370287C49300000200689E4B00000202FB
:10D7C000815E53000F4A0283411F000F400281DE39
:10D7D00053000F5B01BC600300115101BC600300EA
:10D7E000115201BC620300115301BC60030051508F
:10D7F00001896006F2979401BC60E700107701BCD4
:10D80000600300107601BC60031117A300025E02E2
:10D81000F0013403BFDE02F000020280C5430000C5
:10D820000201F0C5470011560107C5470017A101C5
:10D83000F0C54AF4315500B0455700107700B045A7
:10D840005B00107601BC60030E97A300025E02F03D
:10D85000013400B04557000C1000B0455B000C0FC0
:10D8600001BC600300115501BC600300115600901B
:10D87000303F00CC0F00B030430017A101AD5E85F2
:10D8800081EC0F0189600AF2979401BC60030810D3
:10D89000470392DE02F00FAF020480BF000F600169
:10D8A000BC63FF1FE7F301BC61FF1FE80E03BFDE8F
:10D8B00002F00FB101866002F597AC01BC601F0752
:10D8C000706501BC601F0FB06401BC60030037A12C
:10D8D00001BC60030017A300685A03000F9D01BC40
:10D8E00060030017A502035A0B000F6E02805A0B4B
:10D8F000000FAF00E9440AC017BB00E8C40F0017CF
:10D90000A4017BDEEEF497A400685A13000F7C0399
:10D91000BFDE02F00F790068DE87002F700203DEA1
:10D9200053000FAF0203DA0B000F8400B05A0F0050
:10D9300017A400685A07002F7500685A2F002F752A
:10D9400001BC60030037A500685A13000F79006C12
:10D95000DE92D0AF7900B05A170017A401BC600363
:10D960000037A500201CBAF42F7C00685A1B000F5A
:10D970009703BFDE02F00F7F00885E870097BB0031
:10D98000201CBAF76FAF02015A0B000FAF006CDE1C
:10D9900092D0EF9700B05A1F0017A400201CBAF4D1
:10D9A0002F8301BC60030037A503BFDE02F00F9791
:10D9B0000202DA0B000F9D0204C107000FAF00B096
:10D9C0005A0F0017A400E85A2F0037BB0069DEEF9A
:10D9D000000F8A00E85A070037BB013C016F0017AF
:10D9E000800068DE03000F900138016F001780008F
:10D9F000685E03000F9300E85E030037BB03BFDEE1
:10DA000002F00F9300E85E030037800080DE02D052
:10DA1000378000E05EEE0DB7BB00685EEF000F9749
:10DA200000E05E92D017A400E85EEF0037BB03BFB2
:10DA3000DE02F00F9300685E8F000F9A006B5E921B
:10DA4000F44F9B03BFDE02F00F9D01BC6003003763
:10DA5000A300B05E930017A200B05E970017A60067
:10DA6000885E870037A100E0419701906500E041A2
:10DA700093003064006D5E87020F6500685E8F0062
:10DA80000FAF00B044670017A5017BDE962357A5B2
:10DA900000E85E8AF4B7A400885E9300E4DB00909F
:10DAA0005E9301271D00B0012B0017A300689C772F
:10DAB000000FAA006E936EF46FAF03A65E02F00F24
:10DAC000AF00B05E9B00078500E9136EF467F300BA
:10DAD000E89C7700080E03BFDE02F00FB100681E5D
:10DAE0001700000203BFDE02F0105901BC61030001
:10DAF00011230069203B000FB50180E006F29794E6
:10DB000003BFDE02F00FB70180E002F2979403BF7B
:10DB1000DE02F0000200684127000FC602844523A0
:10DB2000000FB8006800A700AFBC006800A700CFD6
:10DB3000BC006880A7010FBF00B044670017A100B8
:10DB4000E84466F437A2006D5E8B004FBD0280C1D1
:10DB500027000FC10392DE02F010590392DE02F09B
:10DB60000CE700025E02F014E700025E02F0113DD5
:10DB700000025E02F0113800025E02F0114801BCA2
:10DB8000600F0011E8031EDE02F00FCD01BC600340
:10DB900000105C01BC600300905D01BC6053041088
:10DBA0005E01BC600300105F03BFDE02F00FD10115
:10DBB000BC600B00105C01BC600300905D01BC60A8
:10DBC0004304105E01BC600300105F01BC600300F1
:10DBD0000C1E01BC6003008020028500BF001060A5
:10DBE00000B01FCF00115100B0203B001152006E59
:10DBF0001FCE2A8FDA0068A03B000FDA00E01FCEAC
:10DC000023280F03BFDE02F00FFB00B044670008BB
:10DC10000F00E91FCE2A915100E8A03B00115201EC
:10DC2000BC61FF1F707701BC63FF1FF07601BC6011
:10DC3000031197A300025E02F0013400B0454B00CF
:10DC4000107700B0454700107601BC60030F17A3A2
:10DC500000025E02F0013401BC602F1AB06500B012
:10DC6000455700169100B0455B00169200B0440B7A
:10DC700000169300B0440F00169401BC63FF1FF11F
:10DC80005201BC63FF1FF15101BC6003001155013B
:10DC9000BC600300115601AC607F029075028741A1
:10DCA000D7000FEF00B041DB0003B100B041DF004F
:10DCB00003B200B0446700082D00B0446B00082C8C
:10DCC00000B0446F00082B00B0447300082A00E144
:10DCD0004464FE6C1A00E0C46901CC1B01BC600303
:10DCE00002315000B0454300180000686003000F87
:10DCF000FB01BC6003001040000080000000000237
:10DD00000480BF000FFF0312DE02F00FFB0068C5A6
:10DD10005700100701BC602F1AB06500B05A4700C9
:10DD2000115500B05A4B00115600B05A4F00110265
:10DD300000B05A5300110301BC60030017A701BCD7
:10DD400060030017A801BC600300006601AC607F9F
:10DD50000F1075028741D700100900B041DB001198
:10DD60005100B041DF00115200684547001010001B
:10DD7000E91FCE2A87F300E8A03B00080E01866069
:10DD800006F597AC01BC600300107701BC6003008E
:10DD9000107601BC60030F17A300025E02F001348D
:10DDA00001BC6003001150028445430010150207B6
:10DDB000C1E300101600B044670017A100685E863A
:10DDC0002330180182E0060F10780206C1E300102C
:10DDD0001A01BC600300402001BC60030000660122
:10DDE00086600620110001BC606300107B01BC60EE
:10DDF0001B00107A01AC607F029075028741D7004A
:10DE0000102100E941D876379C00E8C1DC76579BA9
:10DE100000B0303F0017A10080DE72F4379D00B0E3
:10DE200041B700179E0080DE6EF4379C00E15E76FD
:10DE30000DB79D00E0DE7300179C017D5E7AF3B79D
:10DE4000A1017D5E76F397A200905E730157A30057
:10DE5000E120B6F4311900E1A0B2F4511A00E1A0BA
:10DE6000AEF4711B00E0A0AB00111C00E10DAAF4A0
:10DE7000236A00E08DAEF4436B00B0441F0018002D
:10DE8000008844230157A30090442300D7A400B086
:10DE9000440B0017A100B0440F0017A200E95E86F2
:10DEA0002337A100E8DE8A2357A20069DE8B001029
:10DEB0004100E1440AF4710200E0C40EF491030051
:10DEC000E85E230037880069DE2300103600E80092
:10DED0002700378803BFDE02F0103601866002207B
:10DEE000110001BC600300402000E9306A2337A123
:10DEF00000E8B06E2357A20068DE8B00105001BC12
:10DF0000604F1117A3006DDE86F4705001BC6003F2
:10DF100000104001BC600300105D018260060BF040
:10DF20005F00D05E8700713401E1DE8A2691350101
:10DF3000BC63030011330000800000000001826018
:10DF4000020BF05F02865EB300105900681E1700D6
:10DF5000105901BC60430017A100E04466F437800B
:10DF600001BC600300078900025E02F00EAF006C86
:10DF70004466F0105900681E2700105503BFDE02EA
:10DF8000F00F5B0200DE530010630180E002F297A5
:10DF90009400025E02F0113B01BC600300104003DC
:10DFA000BFDE02F0105E00E044640957A103BFDE4B
:10DFB00002F0106301BC600300104000B0012F00AC
:10DFC00017A100E0012AF4310900B0012F00110966
:10DFD00001BC61CF0C105C01BC600300105D01BC92
:10DFE00061CF01F05E01BC603B0AF05F00025E029F
:10DFF000F0114400025E02F0114B00025E02F011CB
:10E000004101BC6003000785006D80A7008CE7001C
:10E01000E044670477A10068DE8623306E03BFDE2C
:10E0200002F00CE701885E0610D08601025E070050
:10E0300017A101825E8610D0860002DE02F0000089
:10E0400000B0004700108601082047001781013802
:10E0500052030017800102C0270017A600025E02CB
:10E06000F015F80068204700507B00B054070017F7
:10E070008000025E02F010700068204700308300CC
:10E0800068A04700107F021A54070010830103C0E4
:10E09000270017A103BFDE02F010820106C03B007B
:10E0A00017A101825E8610D0860002DE02F0000019
:10E0B00000B054130017A10068DE4F16B08700B0FF
:10E0C00054130017A10200DE0700108F00B0418B2F
:10E0D00000106501BC600301D7A10068DE4F16B0D7
:10E0E0008C01BC60030297A100025E02F0160B00D7
:10E0F000E05E8400F7A103BFDE02F010940204800A
:10E10000F300109402025E0700109402805E070084
:10E1100010940090001B0037A200E85412F457A19D
:10E120000002DE02F00000020400BF0010980002AE
:10E130005E02F011E903BFDE02F0109900A044B6C0
:10E14000F0B1450002DE02F00000020000BF001046
:10E15000AA0068ABEF0010AA00E05EA30037A80099
:10E160006D5EA005D0AA00B02E2F0017A100025EA0
:10E1700002F0012700B040670017A20068DEA3FF8D
:10E18000F0A700B05E897197A2006D00A70090A66D
:10E19000006DA0870050A803BFDE02F010A7006842
:10E1A000A0870010A800B85E897197A200025E02E5
:10E1B000F0012B01BC60030017A80002DE02F00092
:10E1C0000000D85A030117A201B85A06F457A2005A
:10E1D000B0560300083600B0560700083700B056A6
:10E1E0000B00083800B0560F00083900B056130075
:10E1F000083A00E05612F4483B00B05A03000834D5
:10E2000001385E8B00083500B020EF0017A401BC78
:10E2100060030017A200B0419300106500B85E9241
:10E22000D017A400E05E06F4506300F05E93001780
:10E23000A300F05E930077A400E05E8B0037A2009D
:10E24000B85E92F477A400E04192F4506500E05685
:10E2500002F4958000B056030017A4006EDE8B0018
:10E26000B0B800B85E92C0D7A200D85E8B0037A2CB
:10E2700000E020DAF4483600B020DB0017A400B834
:10E280005E92C0F7A200D85E8B0037A200E020DECD
:10E29000F4483700D820DF0037A200E020E2F4483D
:10E2A0003800D820E30037A200E020E6F448390027
:10E2B000D820E70037A200E020EAF4483A00D8204E
:10E2C000EB0037A200E020EEF4483B00B020EF0066
:10E2D00017A200B85E8AC017A200905E8B0037A21A
:10E2E00001BC5E8906A8350002DE02F00000018054
:10E2F00060063C91E4018760063CD1E601A860021B
:10E300003CD1E6018B60023CD1E600B05E8F00108C
:10E310006300B056030011E700B056070011E70094
:10E32000B0560B0011E700B0560F0011E701A960CD
:10E33000423C91E401A860023CD1E6018B60063CBE
:10E34000D1E600B05E8B00106301BC60030057A1F2
:10E35000020456030010E601BC60030117A100E0AF
:10E36000418EF4306300B056030011E700B0560749
:10E370000011E700B0560B0011E700B05E8B0010F3
:10E380006301BC600300B7A10204D6030010F001D2
:10E39000BC60030117A102065E530010F001BC60CF
:10E3A000030197A100E0418EF4306300B0560300F2
:10E3B00011E700B056070011E700B0560B0011E757
:10E3C00001BC60030017A10206DE530010FB00B081
:10E3D0005E8B00106302065E530010FA00A0563FE9
:10E3E00001F7A103BFDE02F010FB00A0563301F7D6
:10E3F000A100B05E870011E701BC60030011E700D7
:10E4000002DE02F0000000685E9B00D11801BC60D3
:10E41000070211E30068DE9B00510B00E84787010B
:10E4200011E101BC60030011E201BC60030011E2D4
:10E4300001BC60030011E201BC60030011E201BCF9
:10E4400060030011E201BC60030011E201BC600343
:10E450000011E201BC60030011E200B06142F4511E
:10E46000E000B058030011E200B058070011E200CC
:10E47000B0580B0011E200B0580F0011E200B05884
:10E48000130011E200B058170011E200B0581B0051
:10E4900011E200B0581F0011E200B05E9B0017A40B
:10E4A0000068DE9B00B11601BC60030077A40192F6
:10E4B000DE930217A30002DE02F0000001BC600739
:10E4C0000011E300B058030011E200B0580700113A
:10E4D000E200B0580B0011E200B0580F0011E2004A
:10E4E000B058130011E200B058170011E200B05804
:10E4F0001B0011E200B0581F0011E200E00146F0DD
:10E50000106401BC60070031E300B058030011E261
:10E5100000B058070011E200B0580B0011E200B043
:10E52000580F0011E200B058130011E200B0581764
:10E530000011E200B0581B0011E200B0581F00119A
:10E54000E20192E01B0017A30002DE02F0000002CD
:10E550008740C300112D01866006F010300286400E
:10E56000C300112F00B040C70017810002DE02F087
:10E570000000028740C300113200B05E0700103176
:10E580000186E006F010300002DE02F000000068B4
:10E5900000A701978C03BFDE02F0114A00025E0261
:10E5A000F0113B00025E02F0114B0002DE02F000AF
:10E5B00000006800A701970F0002DE02F0000001D2
:10E5C000816006093049006800A700914000025EA2
:10E5D00002F0114C0002DE02F0000000025E02F0C8
:10E5E000114C018160020930490002DE02F0000096
:10E5F0000188E00E09304900B0412700180000B042
:10E60000002B0010020002DE02F0000001BC6003DB
:10E610000010020182E0020F10780002DE02F0001A
:10E6200000006800A701978B00B041270017A100E8
:10E63000B0412701D04900B05E870017A100B05E4D
:10E64000870017A100B05E870017A100B05E8700A9
:10E6500017A100B05E870017A100B05E870017A168
:10E6600000B05E870017A100B05E870017A100B060
:10E670005E870017A100B05E870017A100B05E871B
:10E680000010490002DE02F000000100DE53001716
:10E69000A601BC60030037A103BFDE02F0115D00DC
:10E6A000025E02F00127018760060337A20068DEE0
:10E6B0009B001161018760020337A200025E02F035
:10E6C000012B0002DE02F000000202411F00117661
:10E6D00002825E5300116801826006F2979400B0D6
:10E6E000446700180000B0446B00081B00B044678A
:10E6F00000180000E844690377A4006800A70091AF
:10E700006B006DDE9300517000E044670317A303B4
:10E71000905E02F011730285C5230011730068DE5C
:10E720008E23316D01BC600302104701BC60030001
:10E73000904301826002F2979401826002F5B7ADC6
:10E74000006800A7009176006800A700B17600027B
:10E75000DE02F000000201C11F00118902855EAFD8
:10E7600000117C01856006F577AB00B044670008B6
:10E770001E00B0446B00081F00E9446503D7A100E8
:10E78000E8C46903F7A200D05E870077A101E1DE4B
:10E790008AF437A200E95E862697A100E8DE8A2681
:10E7A000B7A200695E8B00118901BC6103001133BF
:10E7B00000E144DAF4313600E144DEF451370185FA
:10E7C0006002F577AB01BC600301104701BC600338
:10E7D0000050430002DE02F000000201AE270011EB
:10E7E0008C0284C52300119601BC600F0C106500DB
:10E7F000E0419571306502002E2700119000E04144
:10E800009700B06501BC600F0D17A1006E4196F432
:10E81000319400E15A0229368000E0DA07001681BF
:10E8200001BC6003000B8901BC60030011490002B8
:10E83000DE02F0000000B0451F00178100B005B7F0
:10E840000017A601BC600704106401BC60131B9094
:10E850006501BC60030017A10205DEAF0011B10025
:10E86000B0580F0017800068DE842C31A100E058FA
:10E870002300360803BFDE02F011B902005E9B00E0
:10E8800011B10280DA030011A70118581F00178286
:10E8900000E05E0B00378201985E0AC0F60703BFF6
:10E8A000DE02F011AA011A581F00178200E05E0B69
:10E8B000003782019A5E0AC0F60701F0DE030037D6
:10E8C0008000A05E02C0578000B05E030016030007
:10E8D000A044B6F0178200B05E0B00160500E05EA3
:10E8E0000AC0960603BFDE02F011B900B05813004B
:10E8F000178200E85E06F057A5006ADE970011B7A0
:10E9000000E85816F4B6050069D8170011B701BC25
:10E91000600300160500B058170017A500E0581254
:10E92000F4B60600E0419302106400E0419706D07F
:10E930006500E05E870037A100905E9B0037A6006F
:10E9400068DE8700919C01BC600300114701BC6038
:10E950000300016D0002DE02F0000001BC60030054
:10E96000016C01BC600300016D01BC60070A10640A
:10E9700001BC60030077A100B0428F00178000A0A7
:10E980005E0301F78000B05E0300016E01BC63FF0F
:10E990001FF7A20068DE030011CB01BC6003001763
:10E9A000A200886006F43781002005BAF031D0005B
:10E9B00068DE8AC0D1D000E005B300216C00B0054C
:10E9C000B6F0216D00685E030011D400205E06F0F1
:10E9D00011DA006EDE8AC0D1DA03BFDE02F011D593
:10E9E000006DDE8AC0D1DA00B05E870017A300B0E8
:10E9F000419300016600B0581B0017A201BC6003E0
:10EA000000016C01BC600300016D00E8419302103D
:10EA10006400E85E870037A10069DE870011CB0043
:10EA2000B05E8F0001650002DE02F0000000B0055C
:10EA30009B00106400B0581B00114500B0059B00FE
:10EA4000016200B0059700016100B0580F00178502
:10EA500000B0580700178300B0580B001784011846
:10EA6000581F00178C011A581F00178D0002DE0274
:10EA7000F0000000B0058B001064006E41932A1175
:10EA8000F600A044B6F0B7A100B05E8700160500FE
:10EA9000E05812F4360600B0581B00114502000081
:10EAA000F30011F3006D41932811F30200DEAF0073
:10EAB00011F301BC600B02514200B05E8700016F90
:10EAC00002015EAF0011F600B05E1700160301816F
:10EAD0006002F577AB0002DE02F000000201452380
:10EAE0000012010287C49300120101826002F5D76F
:10EAF000AE02012C230011FE00E02C2B002B0A019A
:10EB0000816001610B0802065EB700120100E02A75
:10EB1000D7002AB501866002F5B7AD0002DE02F02B
:10EB20000000020200BF00120F00025E02F0123766
:10EB30000202DEB30012070068428F000F2503BFF8
:10EB4000DE02F00002028881AB00120F02845EFF39
:10EB500000120502845EB30012050282DEFF00127D
:10EB60000502822B2F00120D00682A9B00120F0253
:10EB700084DEAF00120502845EB700120500B05EAD
:10EB8000870017A10002DE02F000000182E002F51A
:10EB900097AC0203DEFF001219028445230012190C
:10EBA00002012B2F0012190180E006F29794000257
:10EBB0005E02F0114C0180E002F2979400025E02C6
:10EBC000F0114C0180E002F297940201AC23001195
:10EBD000360181E001610B0803BFDE02F01138024B
:10EBE0000400C70012270206ABD30012210284C51D
:10EBF000AF00123503BFDE02F012220284C56F009F
:10EC0000123502844523001224020042030012350B
:10EC100000685E4B04B23500685E4B06B235006892
:10EC20005E4B0632350182E006F597AC028445233F
:10EC300000122A0323DE02F0122B0183E006F5976F
:10EC4000AC0180E006F29794028400C70011360000
:10EC5000B02AD70017A2006DDE8955113602872B26
:10EC60002F00123202005EFF0011360207AB2F00A8
:10EC700011360181E005610B0803BFDE02F0113897
:10EC800003BFDE02F011360002DE02F000000202D5
:10EC900000BF00144D0206ABD30012440104C107AB
:10ECA0000017A101855E85610B0802042C23001268
:10ECB0004401846001610B0801BC60370017A201A8
:10ECC000BC60031417A100B045E300180000B04574
:10ECD000E300180000B045E300180001BC62030027
:10ECE000107701BC60031B507600025E02F0013E0B
:10ECF00000682AEB00124900E844655757A101BC9F
:10ED000063F71D17A2006D5E86F4524900E8446661
:10ED1000F44ABA006CC46556724B00E84467002A96
:10ED2000B30206ABD3001250006DC46701524E010E
:10ED3000BC6003000B100284C5AF0012BD03BFDE30
:10ED400002F012510280456F0012BD020701AB00B4
:10ED500012530180600209D04E01BC63FF1FF7A16E
:10ED60000068C586F4325601BC6003000ABD020487
:10ED7000DEB700144D0184E002F5B7AD0184E00177
:10ED8000610B080202DEB30012740206ABD300125C
:10ED9000650068AAF700925D00682B0300125E030D
:10EDA000BFDE02F01263018B600E2B915C0287AB19
:10EDB000D30012620182600209D04E03BFDE02F06E
:10EDC00012630182600609D04E00025E02F0121149
:10EDD00003BFDE02F01267018360062B915C000224
:10EDE0005E02F012110204DEAF0012740282DEBB7A
:10EDF0000012740068AAF700926C0106AB170017A6
:10EE0000BB0068DEEF001270028480C7001274003D
:10EE100068AAF700326F006CC4655672730068AA66
:10EE2000F700927400682B0300127400E845895AB9
:10EE3000F7A1006D5E856052740186E005610B08E4
:10EE400002835EBB00127A0206ABD300127800E8A0
:10EE500045C95AF7A103BFDE02F0127900E84589DF
:10EE60005AF7A1006E5E8554B2970205DEB7001214
:10EE70009300E02B97002AE501BC6003000AE7003D
:10EE8000682C4700127F00E82C47002B1101866098
:10EE900002F5B7AD0204DEFF00128900B02B9B0023
:10EEA00017A200B02A9B0017A10283AC270012868C
:10EEB00000682C87001287006D5E8564328700B081
:10EEC0002C7F0017A2006D2B96F452890184E0027A
:10EED000F7F7BF0206DEFF00129300E02BC7020A1D
:10EEE000F100B04467000AFC01182BC70017A1010C
:10EEF0001A2BC70017A2006E5E87001291006DDE0C
:10EF0000895E529103BFDE02F0129301BC600300E0
:10EF10000AF10186E002F7F7BF02025EFF00144D1E
:10EF20000068AAEB00144D00B02AC7000ABA03BF5C
:10EF3000DE02F0144D0182E002F7F7BF02862C23B7
:10EF400000129F0068B05B00129B0068305F0012E7
:10EF50009F00E9446582D7A600E8C46982F7BB0038
:10EF6000E10EE2F4C3B800E08EE6F763B902025E98
:10EF7000FF0012A7020600C70012A402802BD300D4
:10EF800012A400B02B2B0017BB006E2B02F7744DA0
:10EF900002025EFF0012A700B04467000ABA03BF76
:10EFA000DE02F0144D0205DEB70012B500682AF744
:10EFB0000872AA00E8446555CAB600682C470012DA
:10EFC000AC00E82C47002B1100E02B9F002AE70043
:10EFD000B02BA30017A100B02A9B0017A20283AC9C
:10EFE000270012B200682C870012B3006D5E89649E
:10EFF00032B300B02C830017A1006D2B9EF432B504
:10F0000001BC6003000AE50068AAF700B2B800B0CE
:10F010004467000AEF00B0446B000AF30068AAF7E7
:10F020000132BC00B04467000B0B02062BD3001268
:10F03000BC00B02C7B010B1E03BFDE02F0144D029E
:10F040000701AB0012BF0180600609D04E0204DE4A
:10F05000B70012C80283C5730012C201876006F5AB
:10F0600077AB0282DEB300144D0203C57300141C9B
:10F0700000E844655637A1006D5E8555B44D0183A7
:10F080006006F5D7AE03BFDE02F0144D00E10ED3EB
:10F090000023B400E08ED70003B502862C230012B3
:10F0A000CD00B04467000C1600B0446B000C170292
:10F0B00006AC230012D001846002F5B7AD0186E0F2
:10F0C00001610B080206ABD30012D701BC6003003C
:10F0D0000AD7006D45C71F52D400B045C7000AD7F4
:10F0E00000E044655AF7BB00E85EEE2E2AB103BF8C
:10F0F000DE02F012DC01BC6003000AD7006D458718
:10F100001F52DA00B04587000AD700E044655AF77D
:10F11000BB00E85EEE2C2AB101836002F5D7AE0198
:10F1200084E006F5B7AD0185E002F5B7AD01826078
:10F1300002F7F7BF01856002F5B7AD01BC600300BF
:10F140000B0500E844655637A1006D5E855DD2E28F
:10F15000006D5E8555B2E600E02B63002AD800B052
:10F160002A930017B30206ABD30012F501BC60036B
:10F1700001917800B045E300180000B045E7000AAF
:10F18000C401BC600301B17800B045E30018000081
:10F19000B045E7000AC501BC600301D17800B04565
:10F1A000E300180000B045E7000AC601BC60030197
:10F1B000F17800B045E300180000B045E7000AC749
:10F1C00003BFDE02F0130101BC600300117800B040
:10F1D00045E300180000B045E7000AC401BC600325
:10F1E00000317800B045E300180000B045E7000AA0
:10F1F000C501BC600300517800B045E30018000071
:10F20000B045E7000AC601BC600300717800B04554
:10F21000E300180000B045E7000AC70182E0016181
:10F220000B080207AB1B0013040182E005610B0809
:10F2300000B02B170017BB01285EEF000ABD01BC10
:10F2400060131C57BB02182B1B00130B01182B1B40
:10F250000017A60080DE9AF777BB00B041B7001711
:10F26000B301342B1B0017A201182B1B0017A3009E
:10F27000682AF70033180068AAF700931100685E47
:10F280008F00731A03BFDE02F0131800682AF7011B
:10F2900033170068AAF70053150068DE8B00731956
:10F2A00003BFDE02F013170068AAF700731A0068A4
:10F2B000DE8B00D31900685E8F00331A00685E8F02
:10F2C00000131A018760055E8AF402032BD3001332
:10F2D0002200682AF702D31D0068AAF702B32201B0
:10F2E000BC60131C57BB0234AB170013220134ABB4
:10F2F000170017A60080DE9AF777BB00B041B70071
:10F3000017B302022C270013240186600560AB05A9
:10F31000006E2AF701F3280088600557B7BB00206C
:10F32000DEED5C532B03BFDE02F0132E00E82AF75C
:10F330000217BB00886006F777BB00205EED5C73A8
:10F340002E01856006F5B7AD020480C300132E01BF
:10F3500084E00560AB05006E2AF701F33500886094
:10F360000557B7BB00205EEF019333018660016053
:10F37000AB050068AC470013390020DEED5A933826
:10F3800003BFDE02F0133900E82AF70217BB00883A
:10F390006006F777BB00205EED5AB3390184600543
:10F3A00060AB050068AAF702F342010DAB17001726
:10F3B000A1010EAB170017A200685E870013420080
:10F3C000E05E86F457A100E05E87080ABD01866012
:10F3D0000160AB0500682C470013420184600160A6
:10F3E000AB0502032BD300134E018360015AAAD54B
:10F3F00000682AF702D3490068AAF702B35E0068E2
:10F40000AAE700134C0068AB2300134C0282DEBB5A
:10F4100000134C02072B1B00134C0184600560ABEA
:10F420000503BFDE02F0135E0283C57300135E00A6
:10F43000025E02F015BE0068AAF702B35E018360A7
:10F44000055AAAD500E02C8F002B2301856002F518
:10F45000B7AD0068AAE700135E0068AB2300135E37
:10F460000282DEBB00135E00B02AC30017A2013483
:10F470002B1B0017A1006EDE8706135900B02ABFB0
:10F480000017A2006E5E8964735E01BC6003000B0E
:10F490002301BC6003000ADA01856006F5B7AD01FF
:10F4A00084E005610B080068AAF700B36802075EF4
:10F4B000FF00136801342B1B0017A3006DDE8D6065
:10F4C000336800685E8F0013680283AB1700136611
:10F4D0000183600560AB0503BFDE02F0136800B076
:10F4E0002BDB000AF000B0446B000AF70068AAF7B3
:10F4F0000133770202AC2700136B0186E00560AB95
:10F50000050281ABD300137701BC6003000ADA0067
:10F51000682C2F00137700E844656177A1006D5EC9
:10F520008561937400B02C330017A200E05E8961FE
:10F53000B7A2006DDE86F453760200AC2300137789
:10F540000185600560AB0503BFDE02F01377018023
:10F55000E001610B080068AAF701137A00B02AC71E
:10F56000000AD10187E006F7F7BF0207DEFF0013AC
:10F570007C0181E00560AB0500682AF7003381005B
:10F58000682AF701F38102852BD300138000682AD3
:10F59000F70313810068AAF700939201826006F7CF
:10F5A000F7BF00B02AC7000AB90068AAF70313889A
:10F5B00000682B2300138800B00013000ABD00B0C0
:10F5C0002B7F000AC003BFDE02F013910068AAF788
:10F5D000009392011C2B17000AC00106AB170017FD
:10F5E000BB00685EEF00138F01BC6003006AC300BC
:10F5F000B02C7B004B1E03BFDE02F0139100A82C41
:10F600007B004B1E01BC6003008AC300B02AC70008
:10F610000AC80202DEBB00139F0284DEFF001395BE
:10F620000206DEFF00139F00B02AD70017A2006D6C
:10F63000DE8955139E00B02B9B0017A200B02A9BB9
:10F640000017A10283AC2700139C00682C870013CD
:10F650009D006D5E8564339D00B02C7F0017A20075
:10F660006DAB96F4539F0182E00560AB050286AB5B
:10F67000D30013AD0088600557B7A10020DE856375
:10F6800093A500E82AF70217A100886006F437A1C5
:10F6900000205E8563B3AB00682C6F0013AB0134B0
:10F6A0002B1B0017A2006E5E8B0293AA00B02C7B6E
:10F6B000002B1E03BFDE02F013AB00A82C7B002B37
:10F6C0001E0068AAF702F3AD00B04467000B1B00F0
:10F6D000E05ECD54B7B301826002F5D7AE00B02C26
:10F6E0002B0017A100B02AD70017A2006D5E895524
:10F6F00013B402865EB70013C503BFDE02F013B673
:10F70000006D5E855FF3CA02812C230013C501BC26
:10F71000601F07706501BC601F11506401BC601F51
:10F7200011D7A400685A030013C10088580300F7DA
:10F73000A30134D8030017A200E95E8E2337A3018A
:10F74000C3E0022357A500E8DE8AF4B7A20068DE12
:10F750008B0013C1006EDE8EF673C500E04193008E
:10F76000306400E04197019065006D4192F493B9D7
:10F7700003BFDE02F013CA00682AF70093CA0068CC
:10F780002AF70053CA00682AF70073CA018260068C
:10F79000F5D7AE00025E02F015BE01BC60131C5727
:10F7A000BB01342B1B0017A20080DE8AF777BB0059
:10F7B000B041B70017A200682AF70053D700682AA3
:10F7C000F70253D700682AF70273D700682AF700B8
:10F7D00073D700682AF70853D700682AF70873D749
:10F7E00000682AF70893D700682AF703D3D703BF26
:10F7F000DE02F013E60185E006F5B7AD00685E8B2A
:10F800000013E100B05E8B000AA60182E006F5D786
:10F81000AE00682C8B0013DE006E5E896453DE013F
:10F8200081600563CB1E00E02BAB002AEA006E5E10
:10F83000896013E10182600560AB0500E84465560C
:10F8400037A100B044670017A300682AF70893E5C2
:10F8500000E85E8EF42AAE01846002F7F7BF0282F0
:10F86000DEB300144D0203C57300141C00B02AABB4
:10F870000017A200B02AB30017A30068AAF70093EC
:10F88000F602802BD30013F600B02B030017A10063
:10F890006D5E855873F20180E00560AB0500682B52
:10F8A0004F0013F201BC6003000ABC00025E02F0CC
:10F8B000159B00685E870013F600682BE70013F6BF
:10F8C00000B02BE70017A200B02BEB0017A30068D5
:10F8D0005E8F0013FF00682AEB0013FF00E8446509
:10F8E0005757A100E05E8EF457A2006D5E86F45378
:10F8F000FF0181600560AB0500682B4F0013FF011D
:10F90000BC6003000ABC00025E02F0159B0281ABE2
:10F910002F00140402005EFF0014040204452300BB
:10F92000140403A0DE02F014040183E00560AB05BB
:10F930000281AC2700141C02862C1700144D02868D
:10F94000AC1700144D028080BF00144D02825EBBD4
:10F9500000144D02822BD300141C0281AC1700143A
:10F960001C0280AC1700141C02812C1700141C020E
:10F97000822C1700141C028881AB00141C0282AC7C
:10F980001700141502832B1700141C02832C170078
:10F99000141502852C1700141502842C1700141C52
:10F9A0000284AC1700141C0283AC1700141C0284E0
:10F9B0005EB700141B0204DEAF00141B0281DEBB25
:10F9C00000141B0184E002F577AB00025E02F01523
:10F9D0009F03BFDE02F0144D00E844655637A100D6
:10F9E0006DDE8554B4280206ABD30014210183E0F8
:10F9F000022B915C03BFDE02F0144D0183E0022B69
:10FA0000915C01BC600318517800B045E300180018
:10FA1000018360022F317900A84138F9D7A100B0E5
:10FA20005E84FE704E03BFDE02F0144D028101AB16
:10FA300000142C020081AB00143702842C17001430
:10FA4000370280AC170014370206ABD30014350020
:10FA50006BAC4223343000E04467014B10018B60F3
:10FA6000022B915C0287ABD300143301826006093C
:10FA7000D04E03BFDE02F014340182600209D04E82
:10FA800003BFDE02F01436018360022B915C03BFDA
:10FA9000DE02F0144D0206ABD3001440006BAC4202
:10FAA00023343B00E04467014B10018B60022B9133
:10FAB0005C0287ABD300143E0182600609D04E037E
:10FAC000BFDE02F0143F0182600209D04E03BFDEA8
:10FAD00002F01446018B60022B915C01BC6003189C
:10FAE000517800B045E3001800018360022F31799E
:10FAF00000A84138F9D7A100B05E84FE704E000224
:10FB00005E02F0121D02845EB700144D02832BD3F7
:10FB100000144A00682AF702B44D0184E006F57724
:10FB2000AB00E02B27002AC903BFDE02F0158700D7
:10FB300002DE02F000000185E002F5B7AD0183604E
:10FB400002F5D7AE0182E002F5D7AE0182E002F7FE
:10FB5000F7BF0184E002F7F7BF01BC6003000AD3DE
:10FB600001BC6003000AC801BC6003000AC001BCFC
:10FB70006003000AEA018760015F6AFB01BC600361
:10FB8000000C1601BC6003000C170181600163CBFF
:10FB90001E0002DE02F00000020200BF0014B202EA
:10FBA00083DEFF0014DA0183E006F7F7BF0185600A
:10FBB000060B705B018560060BF05F0206ABD3009D
:10FBC000146601BC600302116D00B02A9700116E2B
:10FBD000028045AB00147A03BFDE02F0146901BC59
:10FBE000600302115D00B02A9700115E0280456B30
:10FBF00000147A0206ABD3001473006BAC422334BA
:10FC00006D00E04467014B10018B60022B915C0298
:10FC100087ABD30014700182600609D04E03BFDEAB
:10FC200002F014710182600209D04E0188600E2D2D
:10FC3000516A03BFDE02F0147A018B60022B915CE3
:10FC400001BC600318517800B045E300180001833F
:10FC500060022F317900A84138F9D7A100B05E8445
:10FC6000FE704E0188600E2B515A00B0413F1FF0CC
:10FC70004F00682ABB00148001846006F7F7BF01BB
:10FC8000BC602F1717A300E04466F46AB401BC609F
:10FC900003000AAE00025E02F0144E00E844695F01
:10FCA000D7A1006EDE8700348A00B02BD7000AF09F
:10FCB00001BC6003000AEF00682AEB00148A00B060
:10FCC0004467000AB900E84465554ABA00B02AB34F
:10FCD0000017A100E82AEAF42ABA028080BF0014C3
:10FCE000970281DEBB0014A80206ABD300148F027A
:10FCF00004C5AF00149703BFDE02F0149002004564
:10FD00006F0014970283C5730014970206ABD300EB
:10FD1000149501BC63FF1FF7A10068C5C6F434A8A1
:10FD200003BFDE02F0149701BC63FF1FF7A1006858
:10FD3000C586F434A80206ABD300149E018B600E76
:10FD40002B915C0287ABD300149C0182600209D026
:10FD50004E03BFDE02F0149D0182600609D04E03FF
:10FD6000BFDE02F014A4018B600E2B915C01BC601D
:10FD70000318517800B045E3001800018B2B2E2F9B
:10FD8000317900A84138F9D7A100B05E84F9B04EAE
:10FD90000184E002F5B7AD0184E002F577AB01859F
:10FDA000E001610B0803BFDE02F015920206ABD33F
:10FDB0000014AB00025E02F0121D03BFDE02F0145D
:10FDC000AD018360022B915C00025E02F0121D0106
:10FDD00084E006F5B7AD0184E006F577AB0206AB2B
:10FDE000D30014B101846005610B0803BFDE02F08B
:10FDF0001592018D60020BF05F0206ABD30014B6C2
:10FE00000188600E2D516A03BFDE02F014B701882D
:10FE1000600E2B515A028181AB0014C80206ABD38D
:10FE20000014C1006BAC422334BC00E04467014BBA
:10FE300010018B60062B915C0287ABD30014BF01CD
:10FE400082600209D04E03BFDE02F014C00182605E
:10FE50000609D04E03BFDE02F014D7018B60062BDB
:10FE6000915C01BC600318517800B045E3001800B4
:10FE7000018360022F317900A84138F9D7A100B081
:10FE80005E84FE704E03BFDE02F014D70206ABD3D1
:10FE90000014D1006BAC422334CC00E04467014B2A
:10FEA00010018B60022B915C0287ABD30014CF0151
:10FEB00082600609D04E03BFDE02F014D0018260DA
:10FEC0000209D04E03BFDE02F014D7018B60022B73
:10FED000915C01BC600318517800B045E300180044
:10FEE000018360022F317900A84138F9D7A100B011
:10FEF0005E84FE704E0184E002F5B7AD0184E0023D
:10FF0000F577AB00025E02F0144E0002DE02F00054
:10FF10000000B0446B000AFE0202DEB30014E702E8
:10FF200006ABD30014E5018360062B915C0287AB1E
:10FF3000D30014E20182600209D04E03BFDE02F05A
:10FF400014E30182600609D04E00025E02F0121135
:10FF500003BFDE02F014E7018360062B915C000210
:10FF60005E02F0121101866005610B08020200BFFB
:10FF700000150C0183E002F7F7BF0203C5730014FC
:10FF8000FC020080BF0014FC0206ABD30014F50095
:10FF90006BAC422334F000E04467014B10018B60EE
:10FFA0000E2B915C0287ABD30014F301826002092F
:10FFB000D04E03BFDE02F014F40182600609D04E79
:10FFC00003BFDE02F0150B018B600E2B915C01BCB0
:10FFD000600318517800B045E3001800018B2B2E08
:10FFE0002F317900A84138F9D7A100B05E84F9B06B
:10FFF0004E03BFDE02F0150B0206ABD30015050061
:020000041004E6
:10000000E0446700B7BB006CC466F774FE018B6008
:10001000022B915C0287ABD30015030182600609B5
:10002000D04E03BFDE02F015040182600209D04EFB
:1000300003BFDE02F0150B018B60022B915C01BC4B
:10004000600318517800B045E30018000183600296
:100050002F317900A84138F9D7A100B05E84FE7035
:100060004E0182E002F597AC0002DE02F0000001D2
:10007000BC60030037A20020E3FE0915680020E001
:10008000420D956802845EB3001568028042030049
:1000900015680284452300156803915E02F0156817
:1000A0000068AB4F0015680282DEFF00156800682B
:1000B0002ABB00151900E8446555D7B900E82A9A0B
:1000C000F737B902805EFF00159B020180C700155B
:1000D0009200B02AD70017A1006DDE855515920257
:1000E00082DEB30015680203C5730015490204805F
:1000F000C700154900685E8B00152E0284AC2300F2
:10010000152E0203C5730015490202ABD300152555
:1001100002855EBB0015260282DEBB00154900B0D9
:100120002B830017A1006EAB6AF4352E0203C57352
:1001300000154900682A9B00152D00682ABB001590
:100140002E006ADEE554F549006ADEE55A5549009D
:10015000682AE700154902941DF30015310203DEF9
:100160005300153603BFDE02F0153401141DF300F1
:1001700017A600901CBAF4D7A602005E9B001536A5
:1001800000B02B87000AA703BFDE02F0159201BC66
:10019000600302579201BC63FF1FF0C301BC600300
:1001A0000910E301865E8A1C70E3018460061C70FE
:1001B000E300682AEF00153D0185E0061C70E301AD
:1001C000BC600303978200025E02F0157200B05417
:1001D000130010E400E043915B30E401BC600300D5
:1001E00010EE01BC63FF1FF0CE00E02AEF002ABB37
:1001F00001BC61030077A601141DF30017A200B033
:100200005E8B000C1801BC610303EC1903BFDE0216
:10021000F0156202845EB700156801BC6023089087
:10022000E600025E02F0016A00B05ECF0010E4005A
:1002300068AAF70035520205AC2300155200E82ADF
:10024000CE2337A3006DDE8E1C955200B05E8F006A
:1002500010E400682A9B00155A00B02ADB0010E465
:100260000206ABD30015570284C5AF00155A03BF71
:10027000DE02F015580280456F00155A00695EE7EE
:1002800000155A00E05EE556D0E40282DEBB0015A0
:100290005E00682AF700155E00E10EDA1C83B600E6
:1002A000E08EDF0003B701BC600301D78200025E6D
:1002B00002F0157201BC61030077A603BFDE02F0F5
:1002C000156200B0004700108600025E02F015F8CB
:1002D00000025E02F010700190600A09104801846B
:1002E0006006F597AC00B05E9B0010800002DE0255
:1002F000F0000002805EFF00156D0281DEBB00157C
:100300006D020180C7001592020480C7001592019A
:10031000806002F7F7BF0280C28F0015930201DEF2
:10032000BB00159301BC60030017A203BFDE02F0FF
:10033000150E00685E4B0635790285DEFF001580DC
:1003400000B02B370017A1006DAAEEF4358001BC78
:10035000600301378000B02B3B0017A1006D2AEE2F
:10036000F4357B02812BD300157B01BC6003017740
:100370008001BC600300378100025E02F00143018E
:10038000D2DE0AA030E000B0540B0010E103BFDE63
:1003900002F015860280ABD300157901BC60030121
:1003A000578001BC600300178100025E02F0014328
:1003B00000B054070010E000885E0B0070E10002FE
:1003C000DE02F0000000682AF30015920204DEAF9E
:1003D00000159200E844655797A4006E5E9154F5AD
:1003E0009200885E930037A4006D5E9154F59200F0
:1003F000025E02F015E303BFDE02F0159F00E84441
:10040000655797A400885E930037A400025E02F04F
:1004100015E303BFDE02F0159F0284DEAF001596E0
:100420000181E002F5D7AE03BFDE02F0159F006840
:100430002B6700159B00E044655B2AD300682B6B9B
:1004400000159A00E044655A4AD30002DE02F0002B
:100450000001806006F7F7BF00682AF300159F00CF
:10046000E844655797A400025E02F015E30184603A
:1004700002F597AC01BC6003000ABC01BC6003003C
:100480000AD301BC6003000ABB0104DEAF0017A160
:1004900001845E86F5B7AD0284DEAF0015A8018049
:1004A00060060D906C0002DE02F000000285AC23B5
:1004B0000015BD0203C5730015BD00B02A8F0017DB
:1004C000A30202AC230015AD00B02AAF0017A302AF
:1004D00002DEBB0015AF00B02A8B0017A300E0447A
:1004E00066F46AB30185E005610B0800B04467005B
:1004F0000B030206ABD30015B7006BAC422335B635
:1005000000E04467014B100183E0022B915C03BFC4
:10051000DE02F015BD0183E0022B915C01BC60039B
:1005200018517800B045E3001800018360022F31B4
:100530007900A84138F9D7A100B05E84FE704E0062
:1005400002DE02F000000202DEB30015C90206ABB3
:10055000D30015C7018B600E2B915C0287ABD300D3
:1005600015C40182600209D04E03BFDE02F015C53A
:100570000182600609D04E00025E02F0121103BF34
:10058000DE02F015DB018360062B915C00025E0247
:10059000F012110203C5730015CE0284DEAF001500
:1005A000CE0281DEBB0015CE02805EFF0015CE02BA
:1005B000045EB70015E20206ABD30015D5018B60CF
:1005C0000E2B915C0287ABD30015D3018260020928
:1005D000D04E03BFDE02F015D40182600609D04E72
:1005E00003BFDE02F015DB018B600E2B915C01BCBA
:1005F000600318517800B045E3001800018B2B2EE2
:100600002F317900A84138F9D7A100B05E84F9B044
:100610004E0183E001610B0801846006F5B7AD016E
:1006200084E002F577AB01BC6003000ABB01846083
:1006300002F597AC0185E001610B080186E00161DC
:100640000B080002DE02F0000000682B5B0015E5DD
:1006500000B02B5B0017A4006D5E915555E700B00C
:100660002AAB0017A400882B070037A500E82B0A47
:10067000F4AAC200885E930037A400E02B0AF48A33
:10068000C200902B0B00AAC100B02B07000AA700E4
:1006900002DE02F0000003A0DE02F015F1020042CB
:1006A000030015F100025E02F00D2F0183E00561E9
:1006B0000B0801846002F5B7AD0184E006F577AB65
:1006C00001BC6003000ABB01846002F597AC00B076
:1006D0004467000ABC0002DE02F00000010C814306
:1006E0000017A101BC600300508A00685E07001675
:1006F000020068DE8700360201BC600300B08A0099
:10070000685E070036020282DE0300160201BC604A
:100710000300908A0283DE0300160200E0600AF400
:10072000D08A00685E0700160A0190422AA1308A2A
:1007300000685E0700360A0190422AA0108A01096B
:10074000DE030017A2018F5E8A11508A00685E8B5B
:1007500000160A0191E00E11508A0002DE02F0003C
:10076000000109DE030017A400E05A06F497A50073
:10077000905E96F497A50203DE030016120282DE55
:100780000300161201BC61EF0857A60080DE96F444
:10079000D7A50116DE870017A300885E870077A122
:1007A00000E15E8702D7A100E0DE8F0017A301BC45
:1007B00060030017A2020E5E0300161901BC60035D
:1007C0000037A200905E96F457A50080DE96F437BD
:1007D000A100E141B7FFF7A600E1DE8701F7A10024
:1007E00080DE96F477A300E1DE860DB7A100E0DE9F
:1007F0008F0017A3017A5E86F477A100885E86F4E5
:1008000057A100B05E870017A20287DE03001626FC
:1008100000885E870057A103BFDE02F0163302870F
:100820005E0300162D01BC639B0CD7A50080DE86FD
:10083000F4B7A100E141B7FFF7A500E0DE8700179C
:10084000A100885E870057A103BFDE02F0163300C7
:10085000885E870057A101BC639B0CF7A50080DE72
:1008600086F4B7A101BC62030017A500E141B6F40C
:10087000B7A500E0DE870017A100E05E8400D7A1E5
:100880000002DE02F0000002001FF70000120282E8
:10089000DE5300163B0188600204902400E02092A1
:1008A000F3082400E8208EF3082303BFDE02F00BD8
:1008B0003701B8601604902401BC600301D0250301
:1008C000055E02F0164C0287C037000C9E0386DEE0
:1008D00002F00CA100025E02F01236035CDE02F0B0
:1008E000163D00D8409B0117A100E05E87023798B3
:1008F00000A85E630077980102DE530017A1018211
:10090000E002F297940188DE84FFA7FD006EA08EBE
:10091000F3164C00E85E6301D02501B86006049030
:100920002403BFDE02F0000201816004FFA7FD0185
:10093000B8600A04902403BFDE02F0000202285EC1
:100940008700166200B041930017A400E0419300B5
:100950007064010A5E870017A200E84192F45063B8
:1009600001185E870017A100E86042F437A20088F2
:100970005602F436000068418EF4965E00E8418F1E
:1009800000306300E8419300306400685E8B02161B
:100990005600905602F457A300B05806F4760103AF
:1009A000BFDE02F0165600684192F4966200E841FC
:1009B0009300306401BC600300160003BFDE02F048
:1009C000165E00B05E870017A10002DE02F0000094
:1009D0000180600286143000B050CB0010650138F1
:1009E00050830017A10068DE3B06366A00E05A33E8
:1009F00000368C006EDA32F4201200B05A0B001769
:100A0000A201BC63FF1FF7A300B050CF0010640029
:100A10006EDA32F4366F00B05A370017A300B058C0
:100A20001300178201BC600300160401BC601B1F89
:100A3000D7B60102D0C70017A100E04196F4306597
:100A400000E050CB00D06401BC60030017B401BCCF
:100A5000600300178001BC600300378101876004D8
:100A60000310A0009052330097A400E0418701B723
:100A7000B500685ED2F0569600E05EDAF69063004C
:100A800020D802F0368A020250C700169000905615
:100A9000030097A100E85E86F497A1019E6002F42E
:100AA00037A1006DDE87081690010A5E870017A245
:100AB00001DA6002F437A100E05ED6F450630088EA
:100AC0006006F437A100205602F4369000B05802B8
:100AD000F0360000E05A2B00368A006ADED2F47647
:100AE0008C0068DED2F0169100E05E0300378000D3
:100AF000685E030036910186E0040310A003BFDEA8
:100B000002F01691006ADED2F4768C00E05ED3002B
:100B100037B400D05E0700378102985ED300167BA1
:100B200000E0419300306403BFDE02F0167B0068F2
:100B30005E0300001203BFDE02F006CC0282D0C7C3
:100B40000016A000B02A370017A101B82A32F436E7
:100B50008401025013001685013C50830017A10048
:100B6000B050A70017A4006D5A32F436A90182E0F4
:100B7000068634310288502B0016A500B05A330087
:100B800017A1019E5E8684F42701836006863431B6
:100B90000002DE02F0000000B050730017A101B89F
:100BA000506EF436840106D00700168500B050ABB5
:100BB0000017A400D06006C0978000E0419700D7DE
:100BC000B5010A58130017A100E05ED6F437B5004E
:100BD000B0580F001063011656030017810068D843
:100BE000130016BE011400630017A10068DE870021
:100BF00016B40088013B01168003BFDE02F016B96F
:100C00000068DE870076B700A0013BE0168003BFD6
:100C1000DE02F016B900E05E8709706200885403B6
:100C200001168000E85A0330168001BC60030016EC
:100C30008101BC600300168201BC600300168303BF
:100C4000BFDE02F016C300E0418EC09063006EC1AB
:100C50008EC036C300E8418EC0306300E858030000
:100C600037A100E0418EF43063013850A30017A58E
:100C70000068581303F6DE0068418EC056DE006D32
:100C8000DA0AF4B6DE011656030017A10068DE8604
:100C9000F036DE015856030017A100E05E870DD73D
:100CA000A200B05ED70010620020DE02A016D500C0
:100CB000E05E86D037A300E05E8ED077A3006D5A49
:100CC00002F456DE006E5E8EF496DE00E86002F4FA
:100CD000368300B05E8F00168100A05A0F00768325
:100CE00000E05A0B00368200E85A02F4568000D029
:100CF0005E0300378000E0581300360400E0418FA7
:100D0000003063029858130016DB00E05ED700370E
:100D1000B5006EC18EC036C400B058030010630326
:100D2000BFDE02F016C400B058130017A10068DA45
:100D3000370016E100B05E8700168D006DDE86D1AB
:100D4000B6E300B05E8700168D0002DE02F0000000
:100D500001BC60030017A1018760040310A001BC5F
:100D600060030990B500B0006300F0B401BC6057A7
:100D70000310B601BC60030090B500B0006300B082
:100D8000B400B042D30018000317DE02F016EC03E3
:100D900097DE02F016ED00B02A3300142F018EE02A
:100DA0000C0310A0006DDE02D1B6F300E85A36F055
:100DB000168D03BFDE02F016F501BC600300168C31
:100DC00001BC600300168D006E5A3AF016F801BCA3
:100DD000600300168E03BFDE02F016F900E85A3AEF
:100DE000F0168E00B058070017A100E0580EF0165C
:100DF00003006ED80EF436FF00E85E86C017A1002F
:100E0000E8580EF4360300E8580F00360301185E68
:100E1000030017A1006DDE0302170700E86042F42B
:100E200037A200905A1AF4368600885A1EF457A248
:100E300000905A1EF4368700B05A1AF4568603BF43
:100E4000DE02F0170900905A1EF4368601BC6003DA
:100E50000016870002DE02F0000001586003001057
:100E60002A01B8600A04902401BC600302900401C6
:100E700089E0020D906C0002DE02F000000200DE4C
:100E80005300171901BC60170777A100025E02F03A
:100E9000012700B040670017A200B05E8B0057A288
:100EA00000025E02F0012B01BC600303378001BC2D
:100EB000600300178100025E02F011320002DE02C0
:100EC000F0000001BC600303378000025E02F011F5
:100ED0002D0183E006F037810181E006F0378100C3
:100EE000025E02F0113200B05E070017A200E0447B
:100EF000670B57A1006B4466F4372001BC600311F7
:100F0000378000025E02F0112D01806006F037810B
:100F100000025E02F0113201BC6003009780000203
:100F20005E02F0112D01806006F0378100025E0242
:100F3000F0113200E044670157A1006B4466F437BA
:100F40002A01BC600303378001A0607EF457810052
:100F5000025E02F0113200E044670797A1006B4483
:100F600066F4372F01BC600311578000025E02F067
:100F7000112D01846006F0378100025E02F011320B
:100F800000B05E070017A201BC60030A37800002B0
:100F90005E02F0112D01806002F0378100025E02D6
:100FA000F0113200E044670037A1006B4466F4376B
:100FB0003A01806006F0378100025E02F0113201D2
:100FC000BC600308578000025E02F0112D018A60A8
:100FD00002F0378100025E02F0113200E044670047
:100FE00037A1006B4466F43742018A600EF0378106
:100FF00000025E02F0113200E044670657A1006B68
:101000004466F4374601BC60030CB78000025E0200
:10101000F0112D0280DE0700173001BC600311576C
:101020008001846002F4578100025E02F0113201F7
:10103000BC60030037A30206ABD30017510284C57E
:10104000AF00175903BFDE02F017520280456F0050
:10105000175901BC60030017A3018B600E2B915C34
:1010600001BC600318517800B045E3001800018B03
:101070002B2E2F317900A84138F9D7A100B05E841A
:10108000F9B04E01BC60170777A100025E02F001C3
:101090002700B040670017A200A85E8B0057A2008F
:1010A000025E02F0012B00E044670157A1006B448F
:1010B00066F4375F01BC600301B7A101BC600304A3
:1010C00077A200025E02F0012B01BC60130AF7A1B7
:1010D00001BC60030017A200025E02F0012B01BCFC
:1010E00060030117A400E85E930037A401BC60030D
:1010F00001D7A100B05E930017A200025E02F001CA
:101100002B01BC60130AD7A101BC60030017A20029
:10111000025E02F0012B0068DE9300176700685E34
:101120008F0017710002DE02F0000001BC60270C86
:10113000B7A101BC60030197A200025E02F0012B7F
:1011400001BC60270EB7A101BC60030137A20002F9
:101150005E02F0012B01BC60030657A401BC6003D2
:101160000077A301BC60130957A100025E02F001E1
:1011700027018060060337A200025E02F0012B0106
:10118000806002F457A200025E02F0012B00E044EE
:1011900066F497A1006B4466F4378000E85E8F0028
:1011A00037A300685E8F00178701BC60030317A494
:1011B00001BC60270F17A100025E02F00127006842
:1011C000C0671FF77901BC60270EB7A101BC60039F
:1011D00001F7A200025E02F0012B0002DE02F00025
:1011E000000002DE02F000000200DE5300179D0145
:1011F000BC60130E77A100025E02F0012700A04040
:10120000673FEC4401BC60131497A100025E02F03A
:1012100001270196E0020337A200025E02F0012BD3
:1012200001BC601309B7A100025E02F0012701872B
:1012300060020337A200025E02F0012B01BC6013C2
:101240000997A100025E02F00127018760060337BB
:10125000A200025E02F0012B0002DE02F00000019B
:10126000BC60730017A301BC60131497A100025E59
:1012700002F0012700A04066F477A40196E01EF476
:1012800097A300B05E8D8897A200025E02F0012B4A
:1012900001BC601309B7A100025E02F001270187BB
:1012A00060060337A200025E02F0012B01BC60134E
:1012B0000997A100025E02F001270187600603374B
:1012C000A200025E02F0012B0002DE02F00000002C
:1012D00068DE930017B100E05E030057A201095ECB
:1012E0008B0017A103BFDE02F017B90068DE930080
:1012F00037B501105E030017A200E05E8B0097A1D6
:1013000003BFDE02F017B901305E030017A200E050
:101310005E8B0197A1006D5E870597B901BC6003E4
:101320000597A10002DE02F0000000682BCB001739
:10133000BF00B02BF30017A100E05E855FB7A100EE
:101340006BDE862337BF0186E006F7F7BF0002DEBB
:1013500002F0000000681F330017CD020200BF003A
:1013600017C3020345730017CD0285C5230017CDAF
:1013700000681F330037CB00B01FC70017A1000261
:101380005E02F0012700A84064F9D7A200B05E8891
:10139000F9B7A200025E02F0012B03BFDE02F017D4
:1013A000CD00A84138F9D7A100B05E84F9B04E0055
:1013B00002DE02F00000020200BF0017C302034574
:1013C000730017CD0158600300102A0189E0020D57
:1013D000906C01BC600300900400B040130017A1A2
:1013E0000002DE02F00000018260060F10780207A2
:1013F000C1E30017D601BC60030C17A301BC600356
:1014000000907601BC600300107700025E02F001DC
:101410003401BC60030C97A300025E02F0012F00B0
:101420008860118757A101BC5E860EF07700025ECE
:1014300002F0013401BC60030C17A301BC6003007F
:10144000B07601BC600300107700025E02F0013448
:1014500001BC60030C97A300025E02F0012F00881C
:1014600060058757A101BC5E860ED07600025E0241
:10147000F0013401BC60030017A300025E02F0011A
:101480002F018560060ED07600025E02F001340165
:10149000BC60030C17A301BC600300307601BC6084
:1014A0000300107700025E02F0013401BC60030CFF
:1014B00097A300025E02F0012F01AC60A20EF0774C
:1014C00000025E02F0013401BC60030017A30002B9
:1014D0005E02F0012F018560060ED07600025E02EA
:1014E000F0013401BC60030C17A301BC60030030A1
:1014F0007601BC600300107700025E02F001340147
:10150000BC60030C97A300025E02F0012F01AC60E7
:10151000020EF07700025E02F0013401BC600300AD
:1015200017A300025E02F0012F018560060ED0763F
:1015300000025E02F00134018260020F10780002A6
:10154000DE02F0000001BC60130817A100025E0279
:10155000F00127018060020337A200025E02F00161
:101560002B01BC60030037A100025E02F0012701DD
:1015700088600E0337A20068B0EB00181001886085
:101580000A0337A200025E02F0012B01BC601B06B9
:1015900057A100025E02F00127018830EA0337A25A
:1015A00000025E02F0012B00025E02F017D501BCC2
:1015B00060130817A100025E02F001270180600697
:1015C0000337A200025E02F0012B0002DE02F000EF
:1015D0000001BC60430890E600025E02F0016A016F
:1015E000BC604F1110E40190600A09104801BC6012
:1015F0000300000601BC600301D78201D2DE087738
:10160000F0E000B00F030010E100B00047001086CA
:1016100000B00F1F00108A01BC6003003781000278
:101620005E02F0107001BC60030010BB01BC6103DE
:101630000010800182600610308103D05E02F0034A
:10164000940002DE02F0000000681F83001882028E
:101650008042030018820285C52300188200681F9B
:101660008F00388200681F8B00385F01BC60130850
:1016700017A100025E02F00127018060020337A279
:1016800000025E02F0012B01BC601B1B57A100028F
:101690005E02F0012700B04067000C3E0182E006C8
:1016A0000337A200025E02F0012B01846006F457AA
:1016B000A200025E02F0012B01BC60270F37A100DF
:1016C000025E02F0012700B04067000C3F01886015
:1016D000060337A200025E02F0012B01BC60271551
:1016E00097A100025E02F0012700B04067000C40A5
:1016F000019B60160337A201806006F457A2000226
:101700005E02F0012B01BC60131077A101BC600BDD
:101710000017A200025E02F0012B01BC60131057FB
:10172000A100025E02F0012701B860820337A20027
:10173000025E02F0012B01BC60131037A100025EB3
:1017400002F001270180E0020337A200025E02F0EE
:10175000012B01BC60030007E201BC60030007E34A
:101760000068310F00185700E044658867E103BF47
:10177000DE02F0185800E044670807E101BC60137E
:101780001037A100025E02F00127018060060337D6
:10179000A200025E02F0012B01BC60030027E20000
:1017A000025E02F0012702004067001873028042C7
:1017B000030018730285C52300187301BC60131061
:1017C00037A100025E02F0012702004067001866A0
:1017D000006CC464FC385F00E03107002C4100E07D
:1017E000310B002C4201BC601310F7A100025E0215
:1017F000F0012700B0406700018401BC601310D7DE
:10180000A100025E02F0012700B0406700018501DF
:10181000BC602B1357A100025E02F0012700B0400C
:101820006700018601BC60131117A100025E02F07F
:10183000012700B0406700018701BC60271597A110
:1018400000B031030017A200025E02F0012B01BCC0
:1018500060270F37A100B030FF0017A200025E0220
:10186000F0012B01BC601B1B57A100B030FB00171F
:10187000A200025E02F0012B01BC60130817A10058
:10188000025E02F00127018060060337A200025EBB
:1018900002F0012B01BC60030007E201BC60030001
:1018A00007E000B05E870017A10002DE02F0000032
:1018B00001BC6003000C2500B030CB00179E00B0C7
:1018C00030CF00179D00B030D300179C00B030D748
:1018D00000179B03BFDE02F00A1A000000000000A0
:1018E00000000000000000000000000000000000F8
:1018F00000000000000000000000000000000000E8
:1019000000207EC000000000000000000000000079
:1019100000000000000000000000000000000000C7
:1019200000000000000000000000000000000000B7
:1019300000000000000000000000000000000000A7
:1019400000207EC000000000000000000000000039
:101950000000000000000000000000000000000087
:101960000000000000002000000040110100000005
:101970000000801601008000000080160100800336
:1019800000008016000000400000801A2100E003E3
:1019900000008016000200400000801A1002004083
:1019A0000000801A100202400000801A6100E0036B
:1019B00000008016100200400000801A6101E01350
:1019C00000008016300200400000801A1002004023
:1019D0000000801A1C0200400000801A0002000073
:1019E0000000801A1C0A00400000801A1C0A2040D7
:1019F0000000801A1FCA20400000801A1FCA204021
:101A00000000801A010000000000801E0900000094
:101A10000000801E000000000000800200000000A6
:101A200000008002000000000000800208000000AA
:101A30000000801E000000000000801E0100000069
:101A40000000801E110000000000801E1FCA20C080
:101A50000000801A1FCA20C00000801A5FCA20C080
:101A60000000801AB06400000000800E0000280012
:101A700000008012110000000000801E0000000025
:101A8000C825428500000000000040010000000061
:101A90000000400100000000000040015FCA20403B
:101AA000000040191FCA204000004019010000003A
:101AB0000000401D010000000000401D010000006A
:101AC0000000401D090000000000401D1FC2204012
:101AD000000040190F0000000000401D1FC220C080
:101AE000000040191BC220C000004019207D0000EA
:101AF0000000400D00002000000040110000000028
:101B00003304428900000000000040010000000092
:101B10000000400100000000000040011BC2204006
:101B200000004019090000000000401D1BC22040B9
:101B300000004019010000000000401D00000000EE
:101B40000000401D1FC2204000004019010000009D
:101B50000000401D090000000000401D1FC2204081
:101B6000000040190B0100000000401D1FC220C0F2
:101B7000000040191BC220C000004019C0770000BF
:101B80000000400D0000280000004011000000008F
:101B9000331C4289000000000000400100000000EA
:101BA0000000400100000000000040011FC220C0F2
:101BB000000040191FC220C0000040196100E0135E
:101BC000000040150000000000004001000000007F
:101BD0000000400100000000000040016101E0132E
:101BE0000000401513C220C000004019610180139D
:101BF000000040150A0100000000401D13C220C073
:101C00000000401908040000000000F80000000077
:101C10000000400100000000000040010000000042
:101C20000000400100000000000040010000000032
:101C30000000400113C22040000040190B010000C9
:101C40000000401D13C220C0000040190000000029
:101C500000004001000000000000400103010000FE
:101C60000000401D13C22040000040190000080081
:101C700000004011610180130000401561018013D4
:101C80000000401561018013000040151FC2204074
:101C9000000040191FC22040000040191FC2204010
:101CA000000040190B0100000000401D0B01000066
:101CB0000000401D1FC220C0000040191BC220C0F0
:101CC00000004019C37700000000400D000008002C
:101CD0000000401100000000131C428800000000BA
:101CE0000000400100000000000040010000000072
:101CF000000040011BC22040000040190900000004
:101D00000000401D1BCA2040000040191FCA20408F
:101D100000004019090000000000401D1FC22040C3
:101D2000000040190F0000000000401D1FC220C02D
:101D3000000040191BC220C000004019237D000094
:101D40000000400D000000000000401100000000F5
:101D50001304428800000000000040010000000061
:101D60000000400100000000000040011BC22040B4
:101D700000004019090000000000401D1BCA20405F
:101D800000004019010000000000401D1FCA204053
:101D900000004019110000000000401D1FCA204033
:101DA000000040191FCA20C0000040191FCA20C0EF
:101DB000000040191FCA20C0000040195FCA20C09F
:101DC00000004019B06400000000400D0000080051
:101DD00000004011110000000000401D0000000044
:101DE000B82542840000000000004001000000000F
:101DF0000000400100000000000040015FCA2040D8
:101E000000004019010000000000401D1FCA2040D2
:101E1000000040191FCA20400000401900000000C7
:101E20000000401D1C0A2040000000181C0A204031
:101E3000000000180000000000000010000000007A
:101E40000000001C61018013000000141C0A2040E7
:101E5000000000186101800300000014100A2040F7
:101E600000000018000A204000000018000A00408E
:101E70000000001841018003000000140008004029
:101E800000000018000010000000001000080240D0
:101E9000000000180008034000000018000802407D
:101EA00000000018000800400000001800000000BA
:101EB000000000100008004000000018000800406A
:101EC00000000018410180000000001441010000E2
:101ED000000000144001000000000014000802404F
:101EE000000000180001000000000014000800407D
:101EF00000000018000800C000000018080C0000D6
:101F00000000000408080000000000FC00000000C1
:101F100000000000000000000000000000000000C1
:101F2000000000000C715D48075F3100B3C9A56176
:101F3000005B234B452524472808000000000000D3
:101F4000941DC51301BD32080100343334333961A7
:101F5000302D726F6D6C2F7364696F2D672D706FEC
:101F60006F6C2D7032702D69647375702D696461AA
:101F70007574682D706B7466696C7465722D6B6511
:101F80006570616C6976652D616F652D6C70632D70
:101F900073776469762D7372666173742D667561EB
:101FA00072742D627463782D6E6F636C6D696E63ED
:101FB0002D636C6D5F6D696E2D6662742D6D66703C
:101FC0002D7361652D776F776C70662D746B6F2044
:101FD00056657273696F6E3A20372E39352E343953
:101FE0002028323237316262362043592920435249
:101FF000433A206237613238656633204461746544
:102000003A204D6F6E20323032312D31312D323940
:102010002032323A35303A3237205053542055630B
:102020006F6465205665723A20313034332E323178
:10203000363220465749442030312D6335316439DA
:1020400034303000FA00445649442030312D62309B
:1020500062343532306600000000000000000000ED
:102060000000000000000000000000000000000070
:102070000000000000000000000000000000000060
:102080000000000000000000000000000000000050
:102090000000000000000000424C4F423C000000E5
:1020A000FA69E0BB0100000002000000000000002F
:1020B0003C000000980300000A6F2B520000000053
:1020C00000000000D403000004000000A0B0E5E21E
:1020D00000000000434C4D204441544100000C00DE
:1020E000020052617370626572727950692E506994
:1020F000636F57000000312E32392E34000000008B
:102100000000000070000000436C6D496D706F723C
:10211000743A20312E34372E3100000000000000C8
:1021200000000000000076352032322F30362F328A
:10213000340000000000000000000000010B010D51
:102140000C0D00006803000074010000680000002E
:10215000300100007C010000000000004C01000084
:1021600046010000580300000000000028010000A4
:1021700090030000880300007FB200000000000010
:10218000000000000000000000000000000000004F
:1021900000000000000000000000000070030000CC
:1021A00000000000320100000000000000000000FC
:1021B000000000000000000000000000000000001F
:1021C000000000000000000000000000000000000F
:1021D00000000000000000000000000000000000FF
:1021E00000000000000000000000000000000000EF
:1021F00000000000000000000000000034000000AB
:10220000810100000102323032322D30362D32345D
:102210002030363A35353A3038000000FF000000F3
:102220000100FF011E0000014800010100FF011430
:102230000000014800010000FF0000000200000152
:102240001E01000148010100000000000000000024
:102250000001000101236E000200FFFFF000415465
:1022600000010001FFC000415500010001FFC00056
:10227000424500010001FFC000425200010001FF81
:10228000C00043410000FF00FFCC004348000100B4
:1022900001FFC000434C00010001FFC000434E009D
:1022A000010001FFC000434F00010001FFC00043D7
:1022B0005A00010001FFC00044450001FF01FFCCAE
:1022C00000444B00010001FFC00045450001000132
:1022D000FFC000455300010001FFC000465200014D
:1022E0000001FFC000474200010001FFC00047524B
:1022F00000010001FFC000484B00010001FFC000C9
:10230000485500010001FFC000494C00010001FFD9
:10231000C000494E00010001FFC000495300010008
:1023200001FFC000495400010001FFC0004A5000F5
:10233000010001FFC0004B4500010001FFC0004B40
:102340005200010001FFC0004C4900010001FFC024
:10235000004C5400010001FFC0004C550001000179
:10236000FFC0004C5600010001FFC0004D540001A9
:102370000001FFC0004D5800010001FFC0004D5991
:1023800000010001FFC0004E4700010001FFC00036
:102390004E4C00010001FFC0004E4F00010001FF44
:1023A000C0004E5A00010001FFC00050450001006E
:1023B00001FFC000504800010001FFC000504C0068
:1023C000010001FFC000505400010001FFC0005394
:1023D0004500010001FFC000534700010001FFC09C
:1023E00000534900010001FFC000534B00010001F0
:1023F000FFC000544800010001FFC000545200011A
:102400000001FFC000545700010001FFC0005553F8
:1024100000000000FFC00058580003FF02FFCC007E
:102420005A4100010001FFC000010D0100014800F8
:102430000000014800000001480100000100000008
:10244000550300000A0C0D0E0F1011121314150C79
:10245000000102030405060708090A0B000000003A
:10246000000000000000000000000000AFA9000014
:102470004E5652414D5265763D2452657624006D8C
:10248000616E6669643D30783264300070726F64EA
:1024900069643D3078303732370076656E64696440
:1024A0003D3078313465340064657669643D307858
:1024B0003433653200626F617264747970653D30E7
:1024C000783038383700626F6172647265763D30FB
:1024D000783131303000626F6172646E756D3D32FB
:1024E00032006D6163616464723D30303A41303A6C
:1024F00035303A62353A35393A35650073726F6D69
:102500007265763D313100626F617264666C61673D
:10251000733D3078303034303430303100626F61A8
:102520007264666C616773333D30783034303030BC
:10253000303030007874616C667265713D333734C9
:102540003030006E6F6372633D31006167303D3241
:10255000353500616132673D310063636F64653D0D
:10256000414C4C007061306974737369743D30780C
:1025700032300065787470616761696E32673D3032
:10258000007061326761303D2D3136382C3731367D
:10259000312C2D383230004176566D69645F6330DE
:1025A0003D3078302C307863380063636B7077721D
:1025B0006F6666736574303D35006D6178703267A3
:1025C00061303D383400747870777262636B6F6687
:1025D0003D360063636B627732303267706F3D3037
:1025E000006C65676F66646D627732303267706F5A
:1025F0003D30783636313131313131006D637362BF
:102600007732303267706F3D30783737373131315C
:1026100031310070726F70627732303267706F3DA7
:1026200030786464006F66646D64696766696C74B1
:10263000747970653D3138006F66646D64696766F2
:10264000696C747479706562653D313800706170D1
:10265000646D6F64653D31007061706476616C69B2
:1026600064746573743D3100706163616C69647892
:1026700032673D343500706170646570736F6666F3
:102680007365743D2D33300070617064656E6469EC
:1026900064783D3538006C746563786D75783D30CD
:1026A000006C746563787061646E756D3D30783070
:1026B000313032006C74656378666E73656C3D30E2
:1026C000783434006C746563786763696770696F28
:1026D0003D3078303100696C306D616361646472E3
:1026E0003D30303A39303A34633A63353A31323A30
:1026F000333800776C3069643D30783433316200B0
:10270000646561646D616E5F746F3D3078666666A6
:102710006666666666006D7578656E61623D3078E6
:102720003130300073707572636F6E6669673D306B
:10273000783300676C697463685F62617365645FB6
:102740006372736D696E3D31006274635F6D6F64B7
:10275000653D3100000000000050F2010000000063
:10276000636F756E74727900000000006375725FAC
:1027700065746865726164647200000000000000A6
:1027800000000000636C6D6C6F616400000000006D
:10279000636C6D6C6F61645F73746174757300005A
:1027A0000000000000A050B5595E00006273730085
:1027B000000000006D61786173736F6300000000BA
:1027C00063636770696F696E000000008299001092
:1027D00044980010449800105C9900104498001030
:1027E000449800103A990010449800104498001042
:1027F00044980010449800102A9900104498001042
:102800004498001044980010449800100899001053
:102810004498001044980010449800104498001008
:102820004498001044980010F49800104498001048
:1028300044980010449800104498001044980010E8
:1028400044980010449800104498001044980010D8
:1028500044980010449800104498001044980010C8
:1028600044980010449800104498001044980010B8
:1028700044980010449800104498001044980010A8
:1028800044980010D8980010449800104498001004
:10289000CA980010B0AE0010BCAE001000000000DE
:1028A000C4AE00100000000000000000CCAE00101C
:1028B000D8AE001000000000000000000000000082
:1028C000E0AE0010ECAE00100000000000000000C0
:1028D00000000000FCAE001000000000000000003E
:1028E00000000000000000000000000000000000E8
:1028F00000000000000000000000000000000000D8
:1029000000000000000000000000000000000000C7
:1029100000000000000000000000000000000000B7
:1029200000000000000000000000000000000000A7
:102930000000000000000000000000000000000097
:1029400000000000000000000000000004AF0010C4
:102950000000000000000000000000000000000077
:102960000000000000000000000000000000000067
:102970000000000000000000000000000000000057
:102980000000000000000000000000000000000047
:102990000000000000000000000000000000000037
:1029A00000000000000000000CAF0010000000005C
:1029B0000000000000000000000000000000000017
:1029C0000000000000000000000000000000000007
:1029D000000000001CAF001000000000000000001C
:1029E00000000000000000000000000000000000E7
:1029F00030AF001040AF0010020000005DA10010D9
:102A000081A3001059A3001071A2001039A4001076
:102A100005A40010D1A300109DA3001089A10010EF
:102A2000000000003DA3001031A30010A1A200107F
:102A3000E0AF0010ECAF0010F8AF001004B00010D1
:102A400010B000101CB0001028B0001010B300101F
:102A5000F8B54746CE4680B51F00002304009046D7
:102A600099460BE0BFF35F8F4A461A608CF31088DB
:102A70004046390001F018F800281AD12668EFF313
:102A8000108C72B63568002DFCD0BFF35F8F042325
:102A9000E55E2368002DE5DD013DA580BFF35F8F76
:102AA00000221A608CF310880120C0BCB946B046E1
:102AB000F8BD0020F9E7C04630B50268EFF3108199
:102AC00072B61368002BFCD0BFF35F8F0422835EC5
:102AD0000625445F02689C420ADD01338380BFF310
:102AE0005F8F0023136081F3108840BF012030BD49
:102AF000BFF35F8F0023136081F310880020F6E797
:102B0000D02330B500241B0600251C5707E0002BFE
:102B100013DBBFF35F8F156081F3108820BF02685D
:102B2000EFF3108172B61368002BFCD0BFF35F8FF8
:102B30000423C3560268A342E9D1437904710133E7
:102B40004371BFF35F8F0023136081F3108830BDA2
:102B500003000068EFF3108C72B60268002AFCD004
:102B6000BFF35F8F04229A56002A0BDB002900D0A6
:102B70000A6000201B68BFF35F8F00221A608CF38D
:102B800010887047D0221206126801201A71F1E7EE
:102B9000F0B5C646150000B504001E000268EFF34C
:102BA000108172B61368002BFCD0BFF35F8F042333
:102BB000E3562268002B2BDBBFF35F8F00201060F1
:102BC00081F31088D02212061278002752B2904664
:102BD0009A420ED1002080BCB846F0BDBFF35F8F93
:102BE000176081F310882800310000F05DFF002895
:102BF000F0D12268EFF3108172B61368002BFCD07D
:102C0000BFF35F8F237922687F2BE7D9434602E029
:102C1000D0231B061B682371BFF35F8F0023136053
:102C200081F310880120D6E7D0220300002012068D
:102C300010B510561C68EFF3108C72B62268002A8B
:102C4000FCD0BFF35F8F04229A56002A06DB824233
:102C500004D0002900D00A60002004E0187101208F
:102C60005A7901325A711B68BFF35F8F00221A60D4
:102C70008CF3108810BDC046F0B5C64600B50D00F7
:102C8000040000F029FFFA2206000F0000232800AC
:102C90000021920000F000FF36184F41002F02DAA9
:102CA0000126174F7642D0231B061B680025984645
:102CB0000AE0BFF35F8F156081F3108830003900A0
:102CC00000F0F2FE002818D12268EFF3108172B6EE
:102CD0001368002BFCD0BFF35F8F237922687F2B12
:102CE000E7D943462371BFF35F8F0023136081F35D
:102CF0001088012080BCB846F0BD0020FAE7C0462D
:102D0000FFFFFF7F0268EFF3108172B61368002B9C
:102D1000FCD0BFF35F8FFF2303710368BFF35F8FA6
:102D200000221A6081F3108840BF704710B5026816
:102D3000EFF3108172B61368002BFCD0BFF35F8FE6
:102D400043790268013BDBB24371002B08D1FF24B9
:102D50000471BFF35F8F136081F3108840BF10BD13
:102D6000BFF35F8F0023136081F31088F7E7C0463D
:102D700010B5084C2378002B0AD180230648074958
:102D80005B051A68C25004338B42FAD101232370C9
:102D900010BDC046692C0020A41C001000010010CA
:102DA00010B5014B984710BDA51C0020064B5A6872
:102DB00002609A684260DA6882601A69C2605A6981
:102DC00002619B6943617047000002400268064B44
:102DD0005A6042689A608268DA60C2681A61026961
:102DE0005A6142699A61704700000240034B1A68B9
:102DF000C0239B009343024A136070470C8001403C
:102E00000C900140054B1A6880239B005340C02260
:102E100092001340024A13607047C0460C80014084
:102E20000C9001400023F0B5DE4657464E4645461D
:102E30009A46E0B589B001900E00988A45491B8BEF
:102E400014009847534681464349988A1B8B9847FC
:102E5000534642490500988A1B8B98478046FFF7E6
:102E600087FF02A8FFF7A2FFC847A847FFF7CAFFDE
:102E7000251E22D00823C0219C4602204905624617
:102E80008B6A1A4018423FD0631B002D2FD1002AB5
:102E900011D1002C11D0C0235B059B4602239A461A
:102EA000063399465B464A4657469B6A1A401F427C
:102EB00042D0002AF6D0002C30D1FFF797FFC04750
:102EC000FFF76EFF02A8FFF781FF09B0F0BCBB4619
:102ED000B246A946A046F0BD002C2FD1C022520513
:102EE000926A914608224F463A40BF072DD50D2BD6
:102EF0001BD9002AF0D1C0225205926A91460822BD
:102F00004F463A40BF07F2D4002A04D12B00234396
:102F1000002BB4D1D1E72B00002CF9D00B6E013C73
:102F20003370230001362B43F2E7019F013D3B78CC
:102F300001370B660197E7E70025E5E7C0235B054E
:102F40001B6E013C3370013699E72B00002ADFD15C
:102F5000DCE7C046494600004558000046430000F3
:102F60000022154B10B59A60DA601A615A619A61B5
:102F7000DA611A625A629A62DA621A635A639A636F
:102F8000DA631A645A649A64DA641A655A659A654F
:102F9000DA651A665A669A66DA661A675A679A672F
:102FA000DA67F03292000021044800F08DFD044BF6
:102FB000044A1A6010BDC046000010504C27002083
:102FC000142B002080011050F0B54E464546DE46D9
:102FD0005746E0B5214B00249E6D012585B0002E9B
:102FE00022D01F4B9A46012399461E4B984601E07A
:102FF000202C19D02A00230001342F003240E4B2E3
:103000006D00002AF4D0524697654A465B085B0083
:1030100022409B185B01434418009B4600F01EFCB5
:10302000002808D1BE43E3D105B0F0BCBB46B24690
:10303000A946A046F0BD5B46E0219A78DB8A01A84C
:1030400083600023C900018001210271437100F0F7
:1030500025FC584600F0A0FBE4E7C04600001150F4
:10306000003011500C2700209823F0B5C646C84AFE
:1030700000B5D55880232E009B02102484B01E403A
:103080001D4274D0C34BC44C9A6AC44B00261A60CC
:103090003B23E35C022B00D14FE17B23E35C022B5B
:1030A00000D1F3E0BB23E35C022B00D1FAE0FB2369
:1030B000E35C022B00D101E13C23FF33E35C022BF4
:1030C00000D12DE17C23FF33E35C022B00D10EE124
:1030D000BC23FF33E35C022B00D13FE1FC23FF3331
:1030E000E35C022B00D1F5E0AD4BE35C022B00D199
:1030F00074E1AC4BE35C022B00D105E1AA4BE35C2D
:10310000022B00D175E1A94BE35C022B00D132E127
:10311000A74BE35C022B00D1A0E1A64BE35C022BA2
:1031200000D171E1A44BE35C022B00D1A1E1A34BE0
:10313000E35C022B00D17FE1002E08D1A04B1B786D
:10314000002B04D180219F4A90338902D150C022A4
:1031500069468F4B92009B6C80265B058A805B0DD5
:10316000012101A8029300F099FB974CB602EB06EF
:1031700000D57FE080235B021D4231D01E43012336
:1031800002249846844FBB7E002B14D000F094FCA0
:10319000012800D972E0C02200213800920100F01D
:1031A00001FB380000F0F8FA00F086FC012802D993
:1031B000844B5C661C664346FB702037012C22D191
:1031C000C0236A46DB009380804A02AB03CA03C374
:1031D000012101A800F062FB80227A4B92021A655D
:1031E00080235B011D4210D18023DB011D4223D1CE
:1031F00080231B021D422FD1AE4200D0C0E104B09B
:1032000080BCB846F0BD0124BDE700241E43604BDE
:103210001C60FFF7A5FE80236A465B009380147252
:10322000012101A800F03AFB8022664B12031A65C7
:103230008023DB011D42DBD01E4380236A46DB0076
:103240009380012101A800F029FB10225D4B1A6533
:1032500080231B021D42CFD01E43A0236A46DB0001
:103260009380012101A800F019FB8022554B120127
:103270001A65C1E7FFF7A8FE26007BE7544B444AD6
:103280001C66536E2340A342FBD184E77833E75C8E
:10329000002F00D106E70233E25C002A00D00DE1E6
:1032A0003E00FFE6B833E75C002F00D1FFE60233B3
:1032B000E25C002A00D0F9E03E00F8E6F833E75C73
:1032C000002F00D1F8E60233E25C002A00D041E191
:1032D0003E00F1E6F933FF33E75C002F00D103E74E
:1032E0000233E25C002A00D02BE13E00FCE6793399
:1032F000FF33E75C002F00D1EAE60233E25C002AEC
:1033000000D015E13E00E3E6324BE75C002F00D130
:10331000F4E60233E25C002A00D001E13E00EDE673
:103320003933FF33E75C002F00D1CBE60233E25C98
:10333000002A00D0EBE03E00C4E63833E65C002E05
:1033400000D1AAE60233E25C002A00D1A5E6200003
:1033500000222030E25400F04DFA9EE6B933FF33EC
:10336000E75C002F00D1B9E60233E25C002A00D00E
:10337000C4E03E00B2E6184BE75C002F00D1C7E680
:103380000233E25C002A00D0B0E03E00C0E6C04656
:1033900000001150004005400C27002004270020A9
:1033A0003B0200007B020000BB020000FB020000A9
:1033B0003B0300007B030000BB030000FB03000095
:1033C000672C002000301150100002000000105047
:1033D000002011507A020000FA0200006B4BE75CFB
:1033E000002F00D185E60233E25C002A76D13E0050
:1033F0007FE6674BE75C002F00D184E60233E25C96
:10340000002A63D13E007EE6624BE75C002F00D1CC
:1034100088E60233E25C002A00D0A3E05E4BE35C66
:10342000022B30D15D4BE35C002B27D15C4BE35C7E
:10343000022B00D08BE63E005A4BE35C002B00D100
:103440007AE6FF239B00E25C002A00D17FE600229F
:10345000E2541C3BE01800F0CDF978E6524BE75CF3
:10346000002F00D159E60233E25C002A16D13E005B
:1034700053E64A4BE35C002B00D158E6EF239B0058
:10348000E25C002A75D1464BE35C022B00D05EE67D
:10349000444BE35C002B00D159E6D2E70022E25412
:1034A0001C3BE01800F0A6F93E0036E620000022A2
:1034B000A030E2543E0000F09DF9F8E52000002223
:1034C0006030E2543E0000F095F9EBE50022E25452
:1034D0001C3BE01800F08EF93E0014E60022E25496
:1034E0001C3BE01800F086F93E0002E60022E254A0
:1034F0001C3BE01800F07EF93E0009E620000022A7
:10350000A130FF30E2543E0000F074F9E6E52000FF
:1035100000222130FF30E2543E0000F06BF9D1E58B
:103520000022E2541C3BE01800F064F93E00E5E59F
:10353000200000226130FF30E2543E0000F05AF9D2
:10354000C6E520000022E130FF30E2543E0000F0EA
:1035500051F9C9E520000022E030E2543E0000F0BD
:1035600049F9A9E50022E2541C3BE01800F042F9B9
:1035700054E70022E2541C3BE01800F03BF982E7DC
:1035800031000A48694000F07FFAC0463A02000064
:10359000BA0200007A030000BB030000BA03000077
:1035A000FB030000FA0300003A030000B8AB001070
:1035B000F0B5C64600B50200838A008B8C46011C1C
:1035C000984200D9191CD47880252000461EB041AD
:1035D00089B2ED000D434003284301256C405B1A7E
:1035E000D47054789BB29382002C31D16446D56854
:1035F000A4014E1E2D19B0461469002923D0062EB1
:1036000032D92B0023439B072ED1631CEB1A022BCC
:103610002AD900238F08BF00E658EE5004339F429A
:10362000FAD14346ED19DB1BE419B94209D02678DB
:103630002E70002B05D066786E70012B01D0A37818
:10364000AB701469938A64181461802212021043CB
:10365000002B02D18023DB0118436346002B00D0EE
:10366000000480BCB846F0BD0023E65CEE54013394
:103670009942FAD1E5E7C0468368F0B51A680400BC
:10368000002900D0120C63789205900D002B08D110
:10369000E38AC318E382238B834201D90023A382E8
:1036A000F0BDE368890125695E18471E002822D015
:1036B000062F26D901315B18EB1A022B21D92B00DA
:1036C00033439B071DD10023120E9200F158E9509D
:1036D00004339A42FAD1BF1AAD18B618904209D0F5
:1036E00032782A70002F05D072786A70012F01D0CD
:1036F000B278AA702569E38A2D18C318E382256180
:10370000C9E70022B35CAB5401329042FAD125697B
:10371000F1E7C04610B50400836800211B68FFF77D
:10372000ABFF63681B685B0002D5238B834200D02C
:1037300010BD01212000FFF79FFFF9E7084A0300B1
:10374000126C0020920703D49A78D209012A00D083
:103750007047D87E023843425841C0B2F8E7C046AD
:103760000000115010B5FFF7E9FF00280CD0074901
:10377000074B8C46074A9B6A126863449B1A0020D9
:10378000C6229A424041C0B210BDC046E0FCFFFFD5
:103790000040054004270020002383764361036135
:1037A0007047C04610B58368002901D01C682140CD
:1037B000002A12D08024E400114322420DD01A685E
:1037C00022420CD1084A0A401A60084A126C920739
:1037D00003D40C23033BFDD28368196010BD8178AC
:1037E000034800F051F9C046FFFBFFFF00001150F5
:1037F000CCAB0010436870B50021802504001E6822
:10380000FFF7D6FE124B6D011A6C0543A3789207A1
:103810000ED55B060ED00F4B1E4080239B05334315
:1038200062680021136020002A00FFF7BBFF70BD13
:10383000DB09F0D0A38A002BEDD001212000FFF797
:10384000B7FEA023044ADB05324005431343E7E7F4
:1038500000001150FFFFFFAFFFFFFFDF70B5857E57
:103860000400002D14D0FFF755FFA38A002B01D1CF
:10387000280070BD2000FFF775FF002803D001234A
:1038800000252377F4E72000FFF7B4FF0025EFE7DA
:103890008178014800F0F8F8ECAB0010F0B5CE46A6
:1038A000474680B5437805000E0085B0062B08D842
:1038B0006C4A9B00D3589F466B4A13780133DBB2A6
:1038C00013706A4B1C686269EFF3108172B613685B
:1038D000002BFCD0BFF35F8FA1612000290000F016
:1038E0000BF96269A369BFF35F8F0021116083F355
:1038F0001088002804D105B0C0BCB946B046F0BD60
:1039000032006978287800F0EFF8F4E70121584B8D
:103910001A788A431A701A7801318A431A70002281
:103920005A701A7802318A431A70CAE75149524FC5
:10393000894652490024002388463A7812E04346DB
:103940001B6861015B18002B06D0DB69002B03D0DC
:103950006968287898473A780134E4B2511C23000A
:10396000A14217DBA242EAD89B1A5B014B44ECE769
:103970003F4B1A78D207BED504211A780A431A7031
:103980009FE73B4B1A78D207B5D504211A788A43B2
:103990001A7096E7364F3B785B072BD504223B78AD
:1039A000002193433B706B460632981D00F08CF863
:1039B0002B7801AC2370052363702C4B1B68984651
:1039C0005A69EFF3108172B61368002BFCD0BFF375
:1039D0005F8F434640469961210000F08DF84346D1
:1039E0005A699B69BFF35F8F0021116083F31088D0
:1039F000002831D1FB78DB0700D47CE76B460A2234
:103A00000021981D00F060F82B7801AC237003238F
:103A100063706B686360154B1D686A69EFF3108112
:103A200072B61368002BFCD0BFF35F8FA96128002A
:103A3000210000F061F86A69AB69BFF35F8F002174
:103A4000116083F31088002800D154E732006178B8
:103A5000207800F049F84EE732006178207800F0D5
:103A600043F8C7E728B40010682C0020F0180020A5
:103A70009818002044B40010662C0020E81600209E
:103A80007047C0460000000001B40248844601BCF3
:103A9000604700BF8505001001B40248844601BCA0
:103AA000604700BFBD24001001B40248844601BC39
:103AB000604700BFC915001001B40248844601BC2C
:103AC000604700BF7905001001B40248844601BC7C
:103AD000604700BF6526001001B40248844601BC5F
:103AE000604700BFF916001001B40248844601BCCB
:103AF000604700BF694E001001B40248844601BC13
:103B0000604700BFC96800101000000000000000FE
:103B100000000100000000000000000000000200A2
:103B20000000000000000000000003000000000092
:103B3000000000000000FF000000000001B5486820
:103B400001318E460047704609380149884701BD5A
:103B5000150C001000000000000000000000000034
:103B60000000000000000000B01200200000000073
:103B7000503300004C330000543300005233000037
:103B80004D5300004D430000533400004334000007
:103B900019460010CD45001041450010B9440010F1
:103BA0000000000000010000F418002010000C00CC
:103BB0000000000000000000000000000000000005
:103BC00000000000FF000000000000002D9F00101A
:103BD000000000000000000000000000919E0010A6
:103BE00000000000000000000000000000000000D5
:083BF0000000000000000000CD
:04000005100001E9FD
:00000001FF
